ปี,แถว,ชื่อโรงเรียน,อำเภอที่ตั้งรร.,ขนาดโรงเรียน,ที่ตั้งโรงเรียน,สังกัด,เขตพื้นที่ฯ,จำนวนผู้เข้าสอบ,ว 1.1 (Mean),ว 1.1 (S.D.),ว 1.2 (Mean),ว 1.2 (S.D.),ว 1.3 (Mean),ว 1.3 (S.D.),ว 2.1 (Mean),ว 2.1 (S.D.),ว 2.2 (Mean),ว 2.2 (S.D.),ว 2.3 (Mean),ว 2.3 (S.D.),ว 3.1 (Mean),ว 3.1 (S.D.),ว 3.2 (Mean),ว 3.2 (S.D.),ว 4.1 (Mean),ว 4.1 (S.D.),ว 4.2 (Mean),ว 4.2 (S.D.)
2568,1,บ้านขุนแม่รวม,กัลยาณิวัฒนา,เล็ก,นอกเมือง,สำนักงานคณะกรรมการการศึกษาขั้นพื้นฐาน,สพป.เชียงใหม่ เขต 6,14,0.00,0.00,25.71,19.17,39.66,31.77,24.29,15.45,38.57,24.45,29.64,20.64,14.29,29.45,20.83,17.29,35.71,39.77,53.57,35.17
2568,2,บ้านจันทร์,กัลยาณิวัฒนา,เล็ก,นอกเมือง,สำนักงานคณะกรรมการการศึกษาขั้นพื้นฐาน,สพป.เชียงใหม่ เขต 6,15,6.67,24.94,26.67,18.86,27.02,18.74,22.67,20.48,38.67,21.25,23.89,18.30,26.67,30.91,23.67,16.70,46.67,42.69,20.00,30.55
2568,3,บ้านแจ่มหลวง,กัลยาณิวัฒนา,เล็ก,นอกเมือง,สำนักงานคณะกรรมการการศึกษาขั้นพื้นฐาน,สพป.เชียงใหม่ เขต 6,19,0.00,0.00,31.58,14.96,20.22,16.25,22.11,20.41,47.37,24.46,33.51,23.26,26.32,24.97,26.58,16.52,44.74,35.89,26.32,33.91
2568,4,บ้านแม่แดดน้อย,กัลยาณิวัฒนา,เล็ก,นอกเมือง,สำนักงานคณะกรรมการการศึกษาขั้นพื้นฐาน,สพป.เชียงใหม่ เขต 6,15,0.00,0.00,28.00,20.40,29.30,18.35,21.33,18.57,44.00,26.53,36.56,22.48,23.33,30.91,21.56,14.88,16.67,29.81,36.67,33.99
2568,5,บ้านแม่ตะละ,กัลยาณิวัฒนา,เล็ก,นอกเมือง,สำนักงานคณะกรรมการการศึกษาขั้นพื้นฐาน,สพป.เชียงใหม่ เขต 6,3,0.00,0.00,26.67,9.43,50.00,35.50,13.33,9.43,26.67,9.43,22.78,10.03,33.33,23.57,54.44,34.00,16.67,23.57,50.00,0.00
2568,6,บ้านห้วยยา,กัลยาณิวัฒนา,เล็ก,นอกเมือง,สำนักงานคณะกรรมการการศึกษาขั้นพื้นฐาน,สพป.เชียงใหม่ เขต 6,18,0.00,0.00,28.89,16.63,25.29,30.11,18.89,18.22,43.33,19.15,26.20,17.73,13.89,27.92,26.85,16.28,55.56,40.45,44.44,32.87
2568,7,มัธยมกัลยาณิวัฒนาเฉลิมพระเกียรติ,กัลยาณิวัฒนา,กลาง,นอกเมือง,สำนักงานคณะกรรมการการศึกษาขั้นพื้นฐาน,สำนักงานเขตพื้นที่การศึกษามัธยมศึกษาเชียงใหม่,31,25.81,43.76,26.45,18.59,37.01,24.30,34.19,24.99,34.84,22.12,23.06,16.11,43.55,30.43,40.00,21.08,43.55,30.43,27.42,35.56
2568,8,สหมิตรวิทยา,กัลยาณิวัฒนา,กลาง,นอกเมือง,สำนักงานคณะกรรมการส่งเสริมการศึกษาเอกชน,-,20,10.00,30.00,23.00,19.26,33.95,28.55,28.00,20.40,28.00,20.40,41.08,23.55,42.50,32.69,23.25,16.96,30.00,33.17,37.50,31.12
2568,9,สามัคคีสันม่วง,กัลยาณิวัฒนา,เล็ก,นอกเมือง,สำนักงานคณะกรรมการการศึกษาขั้นพื้นฐาน,สพป.เชียงใหม่ เขต 6,28,3.57,18.56,26.43,21.42,37.59,29.59,10.71,9.97,43.57,23.33,20.95,15.86,26.79,28.29,25.89,16.99,44.64,38.59,33.93,40.21
2568,10,จอมทอง,จอมทอง,ใหญ่พิเศษ,นอกเมือง,สำนักงานคณะกรรมการการศึกษาขั้นพื้นฐาน,สำนักงานเขตพื้นที่การศึกษามัธยมศึกษาเชียงใหม่,367,16.08,36.73,30.35,21.18,37.53,23.69,27.90,20.40,36.29,22.08,32.74,21.16,47.55,35.13,31.49,19.97,50.27,31.54,32.43,32.14
2568,11,ไทยรัฐวิทยา 79 (บ้านหนองอาบช้าง),จอมทอง,เล็ก,นอกเมือง,สำนักงานคณะกรรมการการศึกษาขั้นพื้นฐาน,สพป.เชียงใหม่ เขต 6,17,11.76,32.22,23.53,20.85,45.82,18.30,24.71,20.03,30.59,13.92,35.59,23.53,44.12,41.59,30.69,18.24,41.18,19.06,20.59,24.61
2568,12,บ้านขุนกลาง,จอมทอง,กลาง,นอกเมือง,สำนักงานคณะกรรมการการศึกษาขั้นพื้นฐาน,สพป.เชียงใหม่ เขต 6,35,2.86,16.66,26.29,17.09,41.05,16.21,29.14,16.80,42.29,18.37,31.76,20.29,41.43,38.70,31.48,16.80,42.86,17.50,35.71,30.64
2568,13,บ้านขุนแปะ,จอมทอง,เล็ก,นอกเมือง,สำนักงานคณะกรรมการการศึกษาขั้นพื้นฐาน,สพป.เชียงใหม่ เขต 6,18,5.56,22.91,21.11,26.22,28.51,16.81,23.33,12.02,37.78,17.50,21.02,16.37,52.78,31.06,24.07,8.06,41.67,18.63,11.11,20.79
2568,14,บ้านปากทางท่าลี่,จอมทอง,เล็ก,นอกเมือง,สำนักงานคณะกรรมการการศึกษาขั้นพื้นฐาน,สพป.เชียงใหม่ เขต 6,7,0.00,0.00,25.71,17.61,40.23,20.37,20.00,10.69,42.86,22.50,22.62,21.15,42.86,41.65,21.90,17.05,42.86,17.50,35.71,34.99
2568,15,บ้านสบเตี๊ยะ,จอมทอง,กลาง,นอกเมือง,สำนักงานคณะกรรมการการศึกษาขั้นพื้นฐาน,สพป.เชียงใหม่ เขต 6,25,4.00,19.60,32.00,21.91,34.32,20.25,26.40,18.52,40.80,19.17,29.93,16.02,44.00,35.55,21.53,19.44,36.00,26.53,18.00,27.86
2568,16,บ้านห้วยทราย,จอมทอง,เล็ก,นอกเมือง,สำนักงานคณะกรรมการการศึกษาขั้นพื้นฐาน,สพป.เชียงใหม่ เขต 6,17,0.00,0.00,29.41,19.54,40.25,21.56,18.82,16.04,40.00,16.80,32.84,18.39,20.59,29.99,26.86,11.33,35.29,37.44,38.24,36.50
2568,17,บ้านห้วยส้มป่อย,จอมทอง,เล็ก,นอกเมือง,สำนักงานคณะกรรมการการศึกษาขั้นพื้นฐาน,สพป.เชียงใหม่ เขต 6,7,42.86,49.49,31.43,21.00,30.45,21.88,17.14,12.78,51.43,18.07,28.57,14.51,14.29,22.59,20.24,12.00,50.00,37.80,28.57,36.42
2568,18,บ้านใหม่สารภี,จอมทอง,เล็ก,นอกเมือง,สำนักงานคณะกรรมการการศึกษาขั้นพื้นฐาน,สพป.เชียงใหม่ เขต 6,7,0.00,0.00,34.29,23.21,57.14,26.27,20.00,15.12,60.00,26.19,47.38,18.30,28.57,24.74,39.05,22.66,71.43,24.74,35.71,34.99
2568,19,วัดพุทธนิมิตรวิทยา,จอมทอง,เล็ก,นอกเมือง,สำนักงานการศึกษาพระปริยัติธรรม แผนกสามัญศึกษา,สำนักเขตการศึกษาพระปริยัติธรรมฯ เขต  5,22,4.55,20.83,28.18,18.74,37.44,21.04,28.18,20.59,30.91,22.34,24.17,14.90,31.82,32.14,30.15,23.02,18.18,24.05,27.27,29.11
2568,20,สุทธิวงศ์ดำรงวิทย์,จอมทอง,เล็ก,นอกเมือง,สำนักงานคณะกรรมการส่งเสริมการศึกษาเอกชน,-,3,0.00,0.00,26.67,9.43,35.96,25.63,20.00,16.33,33.33,9.43,37.78,8.64,33.33,23.57,27.22,6.29,33.33,23.57,66.67,23.57
2568,21,แกน้อยศึกษา,เชียงดาว,กลาง,นอกเมือง,สำนักงานคณะกรรมการการศึกษาขั้นพื้นฐาน,สพป.เชียงใหม่ เขต 3,19,15.79,36.46,42.11,20.41,23.82,21.30,30.53,15.03,30.53,22.82,31.75,12.52,47.37,30.23,49.21,25.61,47.37,41.27,52.63,37.95
2568,22,เจ้าฟ้าอุบลรัตน์,เชียงดาว,เล็ก,นอกเมือง,สำนักงานคณะกรรมการส่งเสริมการศึกษาเอกชน,-,21,4.76,21.30,36.19,20.11,47.62,21.38,19.05,15.71,26.67,15.53,38.02,18.04,23.81,29.35,22.86,13.94,45.24,30.49,33.33,35.63
2568,23,ชุมชนบ้านเมืองงาย,เชียงดาว,กลาง,นอกเมือง,สำนักงานคณะกรรมการการศึกษาขั้นพื้นฐาน,สพป.เชียงใหม่ เขต 3,47,14.89,35.60,23.40,21.17,37.79,20.34,33.19,23.44,32.77,20.80,33.58,21.00,50.00,34.21,39.08,23.02,43.62,26.53,27.66,30.61
2568,24,ชุมชนบ้านวังจ๊อม,เชียงดาว,กลาง,นอกเมือง,สำนักงานคณะกรรมการการศึกษาขั้นพื้นฐาน,สพป.เชียงใหม่ เขต 3,20,10.00,30.00,60.00,20.00,36.18,20.90,40.00,21.91,18.00,15.36,23.58,15.18,60.00,37.42,33.58,16.59,47.50,29.47,47.50,33.45
2568,25,เชียงดาววิทยาคม,เชียงดาว,ใหญ่,นอกเมือง,สำนักงานคณะกรรมการการศึกษาขั้นพื้นฐาน,สำนักงานเขตพื้นที่การศึกษามัธยมศึกษาเชียงใหม่,37,43.24,49.54,27.57,22.47,44.38,22.10,42.16,24.06,33.51,18.63,33.87,20.49,51.35,33.86,39.10,22.24,50.00,34.87,31.08,31.52
2568,26,ดอยสามหมื่น,เชียงดาว,เล็ก,นอกเมือง,สำนักงานคณะกรรมการการศึกษาขั้นพื้นฐาน,สพป.เชียงใหม่ เขต 3,3,0.00,0.00,26.67,24.94,28.95,0.00,20.00,0.00,33.33,9.43,25.56,18.87,16.67,23.57,25.56,5.50,33.33,23.57,16.67,23.57
2568,27,บ้านเชียงดาว,เชียงดาว,กลาง,นอกเมือง,สำนักงานคณะกรรมการการศึกษาขั้นพื้นฐาน,สพป.เชียงใหม่ เขต 3,59,6.78,25.14,29.83,19.27,41.03,20.30,27.80,16.06,41.69,19.58,42.66,23.10,53.39,36.67,31.30,19.65,57.63,30.27,33.05,31.37
2568,28,บ้านทุ่งข้าวพวง,เชียงดาว,กลาง,นอกเมือง,สำนักงานคณะกรรมการการศึกษาขั้นพื้นฐาน,สพป.เชียงใหม่ เขต 3,35,17.14,37.69,25.14,20.48,42.41,21.46,32.57,20.33,34.86,19.91,33.48,22.39,34.29,35.40,32.00,20.52,54.29,32.45,21.43,29.97
2568,29,บ้านนาหวาย,เชียงดาว,กลาง,นอกเมือง,สำนักงานคณะกรรมการการศึกษาขั้นพื้นฐาน,สพป.เชียงใหม่ เขต 3,44,15.91,36.58,25.91,16.83,42.34,21.81,30.45,21.10,32.73,20.49,29.77,18.40,45.45,35.06,27.61,21.27,51.14,31.06,31.82,28.39
2568,30,บ้านปางเฟือง,เชียงดาว,เล็ก,นอกเมือง,สำนักงานคณะกรรมการการศึกษาขั้นพื้นฐาน,สพป.เชียงใหม่ เขต 3,11,0.00,0.00,34.55,21.05,48.56,16.24,30.91,26.10,43.64,18.72,20.61,14.34,50.00,30.15,32.12,16.44,54.55,25.71,45.45,14.37
2568,31,บ้านปางมะเยา,เชียงดาว,กลาง,นอกเมือง,สำนักงานคณะกรรมการการศึกษาขั้นพื้นฐาน,สพป.เชียงใหม่ เขต 3,19,5.26,22.33,22.11,23.30,23.96,23.22,32.63,17.42,25.26,20.36,27.46,17.52,34.21,32.66,23.07,20.33,31.58,29.07,28.95,29.54
2568,32,บ้านเมืองคอง,เชียงดาว,เล็ก,นอกเมือง,สำนักงานคณะกรรมการการศึกษาขั้นพื้นฐาน,สพป.เชียงใหม่ เขต 3,8,37.50,48.41,25.00,19.36,35.53,16.70,35.00,13.23,22.50,21.07,28.33,18.62,62.50,41.46,32.50,24.92,62.50,41.46,6.25,16.54
2568,33,บ้านเมืองนะ,เชียงดาว,กลาง,นอกเมือง,สำนักงานคณะกรรมการการศึกษาขั้นพื้นฐาน,สพป.เชียงใหม่ เขต 3,34,100.00,0.00,78.82,6.76,75.31,16.72,77.65,13.52,70.00,16.98,60.93,17.35,72.06,24.83,47.16,15.87,91.18,22.59,88.24,21.21
2568,34,บ้านแม่กอนใน,เชียงดาว,เล็ก,นอกเมือง,สำนักงานคณะกรรมการการศึกษาขั้นพื้นฐาน,สพป.เชียงใหม่ เขต 3,7,0.00,0.00,25.71,14.00,51.88,25.89,25.71,23.21,31.43,9.90,25.95,8.35,35.71,44.03,27.14,14.79,28.57,24.74,42.86,31.94
2568,35,บ้านแม่นะ,เชียงดาว,กลาง,นอกเมือง,สำนักงานคณะกรรมการการศึกษาขั้นพื้นฐาน,สพป.เชียงใหม่ เขต 3,25,32.00,46.65,35.20,17.23,48.84,26.29,31.20,17.96,37.60,19.03,31.60,16.50,56.00,29.39,36.20,19.39,42.00,33.70,20.00,31.62
2568,36,บ้านหนองเขียว,เชียงดาว,กลาง,นอกเมือง,สำนักงานคณะกรรมการการศึกษาขั้นพื้นฐาน,สพป.เชียงใหม่ เขต 3,26,76.92,42.13,64.62,23.08,65.18,27.56,79.23,23.85,30.00,20.19,30.19,19.68,30.77,24.33,25.90,17.48,32.69,39.08,42.31,38.46
2568,37,บ้านห้วยจะค่าน ตชด.อนุสรณ์,เชียงดาว,กลาง,นอกเมือง,สำนักงานคณะกรรมการการศึกษาขั้นพื้นฐาน,สพป.เชียงใหม่ เขต 3,16,0.00,0.00,31.25,23.42,31.25,19.84,37.50,21.07,12.50,13.92,23.75,14.34,40.63,26.33,26.35,16.82,31.25,29.97,50.00,35.36
2568,38,พัฒนาต้นน้ำขุนคอง,เชียงดาว,เล็ก,นอกเมือง,สำนักงานคณะกรรมการการศึกษาขั้นพื้นฐาน,สพป.เชียงใหม่ เขต 3,8,50.00,50.00,32.50,22.22,50.66,19.77,37.50,18.54,22.50,18.54,22.08,20.93,43.75,29.97,38.33,25.41,68.75,34.80,31.25,42.85
2568,39,มิตรมวลชนเชียงใหม่,เชียงดาว,กลาง,นอกเมือง,สำนักงานคณะกรรมการการศึกษาขั้นพื้นฐาน,สพป.เชียงใหม่ เขต 3,19,0.00,0.00,23.16,18.65,36.70,16.91,21.05,17.74,34.74,16.97,35.00,22.94,26.32,37.59,32.02,21.57,50.00,28.10,26.32,33.91
2568,40,ราชประชานุเคราะห์ 61 จังหวัดเชียงใหม่,เชียงดาว,กลาง,นอกเมือง,สำนักบริหารงานการศึกษาพิเศษ,-,40,2.50,15.61,26.00,18.00,36.12,27.57,28.00,16.61,26.00,20.10,37.75,20.82,32.50,38.00,22.08,16.19,38.75,30.59,30.00,35.00
2568,41,ศีลรวี,เชียงดาว,กลาง,นอกเมือง,สำนักงานคณะกรรมการส่งเสริมการศึกษาเอกชน,-,55,7.27,25.97,21.09,23.02,31.96,19.83,23.64,19.48,40.73,20.88,38.33,18.83,53.64,32.83,27.94,19.04,49.09,29.37,43.64,31.70
2568,42,อรุโณทัยวิทยาคม,เชียงดาว,ใหญ่,นอกเมือง,สำนักงานคณะกรรมการการศึกษาขั้นพื้นฐาน,สำนักงานเขตพื้นที่การศึกษามัธยมศึกษาเชียงใหม่,152,5.92,23.60,32.89,24.75,31.28,25.66,26.58,20.23,29.87,20.13,32.15,20.38,28.95,31.17,27.61,18.02,33.55,31.82,31.58,32.79
2568,43,อินทารามวิทยา,เชียงดาว,เล็ก,นอกเมือง,สำนักงานการศึกษาพระปริยัติธรรม แผนกสามัญศึกษา,สำนักเขตการศึกษาพระปริยัติธรรมฯ เขต  5,22,13.64,34.32,36.36,14.32,51.08,24.97,50.91,23.14,30.00,22.36,35.68,16.19,29.55,28.84,35.68,18.94,43.18,34.69,20.45,28.84
2568,44,ฉัตรพฤกษ์วิทยา,ไชยปราการ,เล็ก,นอกเมือง,สำนักงานคณะกรรมการส่งเสริมการศึกษาเอกชน,-,9,11.11,31.43,17.78,25.72,23.68,24.84,28.89,13.70,24.44,18.32,35.37,16.59,38.89,31.43,37.41,19.21,50.00,47.14,55.56,28.33
2568,45,ชุมชนวัดศรีดงเย็น,ไชยปราการ,กลาง,นอกเมือง,สำนักงานคณะกรรมการการศึกษาขั้นพื้นฐาน,สพป.เชียงใหม่ เขต 3,29,48.28,49.97,28.97,18.63,45.74,27.61,37.24,20.83,35.86,22.52,33.56,17.19,48.28,33.43,34.77,19.98,55.17,27.37,22.41,24.87
2568,46,ไชยปราการ,ไชยปราการ,กลาง,นอกเมือง,สำนักงานคณะกรรมการการศึกษาขั้นพื้นฐาน,สำนักงานเขตพื้นที่การศึกษามัธยมศึกษาเชียงใหม่,115,5.22,22.24,35.65,23.41,34.10,26.56,35.13,23.53,31.48,21.60,32.43,19.73,40.00,36.83,27.43,16.70,44.35,33.47,36.09,36.44
2568,47,เทศบาล 1 ไชยปราการ,ไชยปราการ,กลาง,นอกเมือง,กรมส่งเสริมการปกครองท้องถิ่น,ท้องถิ่นจังหวัดเชียงใหม่,23,30.43,46.01,31.30,18.49,33.75,26.53,24.35,16.64,33.91,16.08,27.97,19.70,28.26,24.79,27.61,21.19,47.83,37.53,28.26,32.39
2568,48,บ้านปง,ไชยปราการ,เล็ก,นอกเมือง,สำนักงานคณะกรรมการการศึกษาขั้นพื้นฐาน,สพป.เชียงใหม่ เขต 3,8,12.50,33.07,52.50,22.22,39.47,27.13,35.00,13.23,30.00,22.36,23.13,13.45,81.25,34.80,43.54,20.23,50.00,0.00,68.75,24.21
2568,49,บ้านปงตำ,ไชยปราการ,เล็ก,นอกเมือง,สำนักงานคณะกรรมการการศึกษาขั้นพื้นฐาน,สพป.เชียงใหม่ เขต 3,18,0.00,0.00,26.67,20.00,38.74,30.56,21.11,16.96,31.11,20.25,37.59,16.97,33.33,33.33,28.89,18.04,38.89,20.79,25.00,30.05
2568,50,บ้านหัวฝาย,ไชยปราการ,เล็ก,นอกเมือง,สำนักงานคณะกรรมการการศึกษาขั้นพื้นฐาน,สพป.เชียงใหม่ เขต 3,6,16.67,37.27,53.33,14.91,30.70,18.27,33.33,9.43,23.33,17.95,25.56,14.20,75.00,25.00,30.28,14.25,66.67,23.57,41.67,44.88
2568,51,บ้านใหม่หนองบัว,ไชยปราการ,กลาง,นอกเมือง,สำนักงานคณะกรรมการการศึกษาขั้นพื้นฐาน,สพป.เชียงใหม่ เขต 3,47,6.38,24.44,26.38,18.95,36.23,22.46,29.36,18.38,29.79,21.78,30.32,19.01,48.94,34.96,27.80,18.45,38.30,31.31,19.15,30.16
2568,52,บ้านอ่าย,ไชยปราการ,เล็ก,นอกเมือง,สำนักงานคณะกรรมการการศึกษาขั้นพื้นฐาน,สพป.เชียงใหม่ เขต 3,12,0.00,0.00,35.00,18.48,27.41,18.37,30.00,19.15,26.67,17.00,41.39,25.91,25.00,25.00,21.67,15.71,58.33,27.64,41.67,18.63
2568,53,วัดป่าแดง,ไชยปราการ,เล็ก,นอกเมือง,สำนักงานคณะกรรมการการศึกษาขั้นพื้นฐาน,สพป.เชียงใหม่ เขต 3,13,0.00,0.00,15.38,11.51,30.16,24.66,23.08,15.38,26.15,22.72,31.03,16.64,23.08,24.93,30.90,17.37,46.15,36.49,30.77,36.89
2568,54,วัดป่าไม้แดง,ไชยปราการ,เล็ก,นอกเมือง,สำนักงานการศึกษาพระปริยัติธรรม แผนกสามัญศึกษา,สำนักเขตการศึกษาพระปริยัติธรรมฯ เขต  5,10,0.00,0.00,26.00,18.00,51.32,28.54,50.00,20.49,44.00,23.32,40.67,24.71,40.00,30.00,27.83,13.42,30.00,33.17,20.00,33.17
2568,55,สันติวนา,ไชยปราการ,เล็ก,นอกเมือง,สำนักงานคณะกรรมการการศึกษาขั้นพื้นฐาน,สพป.เชียงใหม่ เขต 3,21,9.52,29.35,32.38,19.00,38.35,24.91,38.10,32.60,22.86,20.73,25.87,16.68,30.95,28.77,19.92,15.36,26.19,29.35,30.95,39.27
2568,56,ดอยเต่าวิทยาคม,ดอยเต่า,กลาง,นอกเมือง,สำนักงานคณะกรรมการการศึกษาขั้นพื้นฐาน,สำนักงานเขตพื้นที่การศึกษามัธยมศึกษาเชียงใหม่,105,18.10,38.50,29.14,25.90,38.47,17.73,25.33,18.57,36.38,21.16,37.94,20.67,43.33,35.23,29.54,19.00,48.10,26.66,30.00,31.32
2568,57,บ้านน้อยห้วยรินวิทยา,ดอยเต่า,เล็ก,นอกเมือง,สำนักงานคณะกรรมการการศึกษาขั้นพื้นฐาน,สพป.เชียงใหม่ เขต 5,10,0.00,0.00,24.00,14.97,47.37,21.28,50.00,24.08,38.00,18.87,15.83,22.06,15.00,22.91,23.83,11.74,50.00,22.36,15.00,22.91
2568,58,บ้านบงตัน,ดอยเต่า,เล็ก,นอกเมือง,สำนักงานคณะกรรมการการศึกษาขั้นพื้นฐาน,สพป.เชียงใหม่ เขต 5,17,17.65,38.12,31.76,20.65,36.07,19.46,38.82,29.48,30.59,22.87,32.94,16.56,26.47,24.96,26.08,14.38,20.59,24.61,20.59,29.99
2568,59,บ้านโปง,ดอยเต่า,เล็ก,นอกเมือง,สำนักงานคณะกรรมการการศึกษาขั้นพื้นฐาน,สพป.เชียงใหม่ เขต 5,27,0.00,0.00,29.63,13.74,53.61,23.91,54.81,25.29,37.78,19.88,33.40,19.38,22.22,28.33,35.00,19.96,38.89,31.43,20.37,34.05
2568,60,บ้านแม่ตูบ,ดอยเต่า,เล็ก,นอกเมือง,สำนักงานคณะกรรมการการศึกษาขั้นพื้นฐาน,สพป.เชียงใหม่ เขต 5,7,0.00,0.00,42.86,19.79,54.89,26.44,48.57,23.56,40.00,15.12,46.67,34.74,35.71,22.59,37.14,14.93,50.00,26.73,14.29,22.59
2568,61,บ้านแอ่นจัดสรร,ดอยเต่า,เล็ก,นอกเมือง,สำนักงานคณะกรรมการการศึกษาขั้นพื้นฐาน,สพป.เชียงใหม่ เขต 5,5,0.00,0.00,28.00,20.40,61.05,15.74,28.00,9.80,40.00,12.65,26.33,12.27,0.00,0.00,33.00,13.72,20.00,24.49,0.00,0.00
2568,62,วัดฉิมพลีวิทยา,ดอยเต่า,เล็ก,นอกเมือง,สำนักงานการศึกษาพระปริยัติธรรม แผนกสามัญศึกษา,สำนักเขตการศึกษาพระปริยัติธรรมฯ เขต  5,6,0.00,0.00,26.67,14.91,41.67,17.68,43.33,35.43,26.67,14.91,18.89,15.20,50.00,40.82,22.78,8.37,0.00,0.00,16.67,23.57
2568,63,ชลประทานผาแตก,ดอยสะเก็ด,กลาง,นอกเมือง,สำนักงานคณะกรรมการการศึกษาขั้นพื้นฐาน,สพป.เชียงใหม่ เขต 1,57,19.30,39.46,35.09,20.27,47.88,24.59,28.07,22.43,29.47,20.56,29.71,18.52,51.75,32.40,35.76,20.67,38.60,32.47,35.09,31.01
2568,64,ดอยสะเก็ดวิทยาคม,ดอยสะเก็ด,กลาง,นอกเมือง,สำนักงานคณะกรรมการการศึกษาขั้นพื้นฐาน,สำนักงานเขตพื้นที่การศึกษามัธยมศึกษาเชียงใหม่,91,13.19,33.83,30.99,19.28,33.37,24.85,30.99,19.73,24.40,19.17,33.52,18.97,31.32,35.28,35.26,18.65,52.75,36.59,46.70,34.61
2568,65,บ้านเชิงดอย(ดอยสะเก็ดศึกษา),ดอยสะเก็ด,ใหญ่,นอกเมือง,สำนักงานคณะกรรมการการศึกษาขั้นพื้นฐาน,สพป.เชียงใหม่ เขต 1,72,40.28,49.05,39.44,18.85,39.07,28.23,41.94,28.32,35.00,22.55,30.76,18.24,40.28,36.93,49.33,20.67,65.97,36.16,61.11,40.16
2568,66,บ้านป่าไม้แดง,ดอยสะเก็ด,กลาง,นอกเมือง,สำนักงานคณะกรรมการการศึกษาขั้นพื้นฐาน,สพป.เชียงใหม่ เขต 1,17,23.53,42.42,22.35,19.26,34.37,23.49,30.59,22.87,27.06,27.39,37.75,15.73,29.41,34.55,46.37,18.94,58.82,39.24,52.94,36.26
2568,67,บ้านป่าเสร้า,ดอยสะเก็ด,กลาง,นอกเมือง,สำนักงานคณะกรรมการการศึกษาขั้นพื้นฐาน,สพป.เชียงใหม่ เขต 1,27,33.33,47.14,29.63,19.14,29.92,21.39,36.30,22.47,34.81,18.53,36.05,16.62,44.44,31.43,37.90,19.89,72.22,31.43,68.52,27.72
2568,68,บ้านแม่หวาน,ดอยสะเก็ด,เล็ก,นอกเมือง,สำนักงานคณะกรรมการการศึกษาขั้นพื้นฐาน,สพป.เชียงใหม่ เขต 1,8,0.00,0.00,60.00,17.32,43.75,27.31,80.00,14.14,27.50,13.92,30.21,20.64,43.75,29.97,40.00,21.26,50.00,25.00,37.50,21.65
2568,69,เพื่อชีวิตเชียงใหม่,ดอยสะเก็ด,เล็ก,นอกเมือง,สำนักงานคณะกรรมการส่งเสริมการศึกษาเอกชน,-,8,0.00,0.00,50.00,17.32,27.63,23.61,30.00,17.32,25.00,19.36,14.17,12.50,50.00,35.36,37.50,27.64,50.00,35.36,37.50,33.07
2568,70,แม่คือวิทยา,ดอยสะเก็ด,กลาง,นอกเมือง,สำนักงานคณะกรรมการการศึกษาขั้นพื้นฐาน,สพป.เชียงใหม่ เขต 1,35,22.86,41.99,29.14,18.11,32.71,25.89,30.86,19.33,28.00,21.49,35.10,21.29,35.71,32.89,38.57,18.73,64.29,32.89,61.43,36.03
2568,71,แม่โป่งประชาสามัคคี,ดอยสะเก็ด,เล็ก,นอกเมือง,สำนักงานคณะกรรมการการศึกษาขั้นพื้นฐาน,สพป.เชียงใหม่ เขต 1,19,31.58,46.48,32.63,17.42,33.80,19.64,33.68,25.18,26.32,17.23,28.51,19.47,42.11,33.49,34.30,20.98,42.11,33.49,44.74,35.89
2568,72,ไมตรีจิตคริสเตียนเชียงใหม่,ดอยสะเก็ด,กลาง,นอกเมือง,สำนักงานคณะกรรมการส่งเสริมการศึกษาเอกชน,-,21,9.52,29.35,41.90,23.02,43.48,27.44,16.19,14.63,30.48,17.04,38.97,18.35,30.95,32.65,23.65,17.08,50.00,30.86,42.86,35.48
2568,73,กรป.กลางอุปถัมภ์,ดอยหล่อ,เล็ก,นอกเมือง,สำนักงานคณะกรรมการการศึกษาขั้นพื้นฐาน,สพป.เชียงใหม่ เขต 4,11,63.64,48.10,45.45,24.26,39.47,24.86,36.36,14.32,40.00,14.77,31.67,17.71,72.73,32.78,33.79,22.68,40.91,35.79,59.09,28.75
2568,74,บ้านสามหลัง,ดอยหล่อ,เล็ก,นอกเมือง,สำนักงานคณะกรรมการการศึกษาขั้นพื้นฐาน,สพป.เชียงใหม่ เขต 4,18,55.56,49.69,37.78,20.96,31.29,26.58,24.44,19.50,46.67,21.08,42.59,21.13,16.67,28.87,32.96,14.51,41.67,34.36,27.78,24.85
2568,75,บ้านห้วยน้ำขาว,ดอยหล่อ,เล็ก,นอกเมือง,สำนักงานคณะกรรมการการศึกษาขั้นพื้นฐาน,สพป.เชียงใหม่ เขต 4,2,0.00,0.00,40.00,0.00,14.47,14.47,30.00,10.00,30.00,10.00,38.33,6.67,50.00,50.00,61.67,6.67,0.00,0.00,0.00,0.00
2568,76,บ้านเหล่าเป้า,ดอยหล่อ,เล็ก,นอกเมือง,สำนักงานคณะกรรมการการศึกษาขั้นพื้นฐาน,สพป.เชียงใหม่ เขต 4,6,0.00,0.00,30.00,19.15,28.51,24.57,13.33,9.43,36.67,24.27,26.67,10.14,25.00,25.00,19.72,12.00,41.67,44.88,25.00,25.00
2568,77,วัดโขงขาววิทยา,ดอยหล่อ,เล็ก,นอกเมือง,สำนักงานการศึกษาพระปริยัติธรรม แผนกสามัญศึกษา,สำนักเขตการศึกษาพระปริยัติธรรมฯ เขต  5,17,0.00,0.00,25.88,14.97,26.01,19.08,16.47,14.12,44.71,20.03,23.73,16.41,14.71,28.52,25.49,18.71,41.18,30.85,23.53,34.80
2568,78,สองแคววิทยาคม,ดอยหล่อ,กลาง,นอกเมือง,สำนักงานคณะกรรมการการศึกษาขั้นพื้นฐาน,สำนักงานเขตพื้นที่การศึกษามัธยมศึกษาเชียงใหม่,87,10.34,30.45,43.91,24.79,37.27,27.36,34.02,20.37,27.82,19.97,28.72,20.06,51.15,33.88,27.49,18.92,37.36,32.36,32.76,38.53
2568,79,สันติสุข,ดอยหล่อ,กลาง,นอกเมือง,สำนักงานคณะกรรมการการศึกษาขั้นพื้นฐาน,สำนักงานเขตพื้นที่การศึกษามัธยมศึกษาเชียงใหม่,32,3.13,17.40,44.38,19.83,32.73,23.53,33.13,17.04,30.63,19.35,24.27,16.66,39.06,36.94,24.84,17.37,31.25,32.48,28.13,32.92
2568,80,เจ้าแม่หลวงอุปถัมภ์ 1,ฝาง,กลาง,นอกเมือง,สำนักงานคณะกรรมการการศึกษาขั้นพื้นฐาน,สพป.เชียงใหม่ เขต 3,20,5.00,21.79,32.00,22.27,45.39,24.46,39.00,20.47,29.00,18.41,38.67,17.29,37.50,31.12,39.83,22.51,37.50,34.91,32.50,32.69
2568,81,ฉือจี้เชียงใหม่,ฝาง,กลาง,นอกเมือง,สำนักงานคณะกรรมการส่งเสริมการศึกษาเอกชน,-,95,14.74,35.45,32.84,22.46,40.69,23.21,31.16,20.05,44.21,21.70,40.14,19.65,60.00,32.12,37.02,21.77,42.11,24.40,42.11,35.03
2568,82,ชุมชนบ้านแม่สูนหลวง,ฝาง,เล็ก,นอกเมือง,สำนักงานคณะกรรมการการศึกษาขั้นพื้นฐาน,สพป.เชียงใหม่ เขต 3,4,25.00,43.30,25.00,16.58,40.79,25.82,40.00,31.62,30.00,22.36,25.00,9.50,62.50,41.46,21.67,14.19,75.00,25.00,25.00,25.00
2568,83,เทพศิรินทร์๙โครงการหลวงในพระบรมราชูปถัมภ์,ฝาง,เล็ก,นอกเมือง,สำนักงานคณะกรรมการการศึกษาขั้นพื้นฐาน,สพป.เชียงใหม่ เขต 3,16,0.00,0.00,33.75,22.04,40.95,24.30,38.75,16.54,22.50,17.14,40.63,20.44,75.00,25.00,45.21,21.71,62.50,37.50,28.13,24.80
2568,84,บ้านต้นผึ้ง,ฝาง,เล็ก,นอกเมือง,สำนักงานคณะกรรมการการศึกษาขั้นพื้นฐาน,สพป.เชียงใหม่ เขต 3,24,25.00,43.30,27.50,18.98,31.47,22.01,28.33,16.24,36.67,24.27,33.19,18.86,41.67,34.36,34.37,25.68,41.67,34.36,20.83,24.65
2568,85,บ้านทุ่งหลุก,ฝาง,เล็ก,นอกเมือง,สำนักงานคณะกรรมการการศึกษาขั้นพื้นฐาน,สพป.เชียงใหม่ เขต 3,17,0.00,0.00,22.35,13.52,48.76,16.00,23.53,15.70,40.00,23.76,29.51,19.75,55.88,37.89,26.47,13.11,44.12,23.53,17.65,23.89
2568,86,บ้านปางปอย,ฝาง,กลาง,นอกเมือง,สำนักงานคณะกรรมการการศึกษาขั้นพื้นฐาน,สพป.เชียงใหม่ เขต 3,14,0.00,0.00,22.86,18.29,31.95,19.51,27.14,14.36,35.71,18.79,39.29,15.48,32.14,35.89,30.12,23.26,50.00,32.73,21.43,31.13
2568,87,บ้านปางสัก,ฝาง,เล็ก,นอกเมือง,สำนักงานคณะกรรมการการศึกษาขั้นพื้นฐาน,สพป.เชียงใหม่ เขต 3,8,25.00,43.30,60.00,36.06,54.61,27.34,25.00,13.23,52.50,24.37,50.00,10.14,62.50,21.65,53.96,29.51,62.50,41.46,25.00,35.36
2568,88,บ้านโป่งนก,ฝาง,กลาง,นอกเมือง,สำนักงานคณะกรรมการการศึกษาขั้นพื้นฐาน,สพป.เชียงใหม่ เขต 3,31,0.00,0.00,28.39,20.81,34.89,21.99,24.52,18.81,38.71,23.24,21.99,15.22,40.32,36.85,34.95,21.38,35.48,34.06,22.58,30.69
2568,89,บ้านม่วงชุม,ฝาง,กลาง,นอกเมือง,สำนักงานคณะกรรมการการศึกษาขั้นพื้นฐาน,สพป.เชียงใหม่ เขต 3,33,24.24,42.85,27.88,15.52,37.48,15.83,30.30,20.96,36.97,21.53,29.95,20.16,59.09,31.27,34.14,23.70,50.00,21.32,15.15,22.98
2568,90,บ้านม่อนปิ่น,ฝาง,กลาง,นอกเมือง,สำนักงานคณะกรรมการการศึกษาขั้นพื้นฐาน,สพป.เชียงใหม่ เขต 3,15,53.33,49.89,40.00,24.22,46.84,21.40,38.67,18.57,48.00,24.00,33.67,17.16,63.33,28.67,48.78,18.05,50.00,25.82,33.33,34.96
2568,91,บ้านแม่ข่า,ฝาง,กลาง,นอกเมือง,สำนักงานคณะกรรมการการศึกษาขั้นพื้นฐาน,สพป.เชียงใหม่ เขต 3,36,41.67,49.30,38.33,18.48,44.30,24.43,27.78,17.18,37.22,25.45,36.11,17.97,40.28,36.93,33.66,22.47,44.44,32.87,29.17,37.96
2568,92,บ้านแม่คะ,ฝาง,กลาง,นอกเมือง,สำนักงานคณะกรรมการการศึกษาขั้นพื้นฐาน,สพป.เชียงใหม่ เขต 3,10,0.00,0.00,34.00,15.62,45.53,23.30,30.00,16.12,26.00,12.81,53.50,16.76,40.00,20.00,38.83,20.17,40.00,20.00,40.00,37.42
2568,93,บ้านแม่งอนขี้เหล็ก,ฝาง,กลาง,นอกเมือง,กรมส่งเสริมการปกครองท้องถิ่น,ท้องถิ่นจังหวัดเชียงใหม่,45,13.33,33.99,28.00,17.59,27.66,23.59,27.56,22.82,22.22,19.42,28.44,15.58,25.56,30.95,37.81,15.21,62.22,36.75,54.44,36.24
2568,94,บ้านล้องอ้อ,ฝาง,เล็ก,นอกเมือง,กรมส่งเสริมการปกครองท้องถิ่น,ท้องถิ่นจังหวัดเชียงใหม่,12,41.67,49.30,30.00,22.36,34.65,19.15,20.00,14.14,28.33,26.40,31.81,19.54,25.00,25.00,28.33,12.80,45.83,37.96,29.17,37.96
2568,95,บ้านเวียงฝาง,ฝาง,ใหญ่,นอกเมือง,สำนักงานคณะกรรมการการศึกษาขั้นพื้นฐาน,สพป.เชียงใหม่ เขต 3,77,15.58,36.27,21.56,15.04,36.81,21.92,26.75,17.83,31.95,20.95,34.68,21.76,42.86,34.86,26.62,18.46,50.65,31.72,26.62,27.43
2568,96,บ้านสันทรายคองน้อย,ฝาง,กลาง,นอกเมือง,สำนักงานคณะกรรมการการศึกษาขั้นพื้นฐาน,สพป.เชียงใหม่ เขต 3,5,20.00,40.00,28.00,29.93,50.00,16.39,28.00,16.00,40.00,12.65,53.67,18.18,50.00,0.00,56.00,18.70,100.00,0.00,20.00,24.49
2568,97,บ้านสันป่าแดง,ฝาง,เล็ก,นอกเมือง,สำนักงานคณะกรรมการการศึกษาขั้นพื้นฐาน,สพป.เชียงใหม่ เขต 3,6,50.00,50.00,43.33,29.25,35.53,26.61,40.00,16.33,33.33,14.91,28.06,7.10,58.33,34.36,49.44,20.31,58.33,44.88,33.33,23.57
2568,98,บ้านหลวง,ฝาง,กลาง,นอกเมือง,สำนักงานคณะกรรมการการศึกษาขั้นพื้นฐาน,สพป.เชียงใหม่ เขต 3,23,47.83,49.95,41.74,23.53,60.87,24.81,39.13,22.44,40.87,16.13,43.99,16.60,54.35,20.39,50.07,16.94,50.00,32.97,23.91,24.98
2568,99,บ้านห้วยงูกลาง,ฝาง,เล็ก,นอกเมือง,สำนักงานคณะกรรมการการศึกษาขั้นพื้นฐาน,สพป.เชียงใหม่ เขต 3,11,45.45,49.79,27.27,23.00,52.39,23.44,25.45,21.05,32.73,17.63,19.85,16.67,54.55,33.40,40.45,23.15,50.00,36.93,13.64,22.27
2568,100,บ้านห้วยหมากเลี่ยม,ฝาง,กลาง,นอกเมือง,สำนักงานคณะกรรมการการศึกษาขั้นพื้นฐาน,สพป.เชียงใหม่ เขต 3,20,0.00,0.00,25.00,19.87,23.55,23.19,21.00,18.41,18.00,15.36,34.08,23.01,35.00,27.84,23.67,15.80,22.50,24.87,40.00,30.00
2568,101,บ้านห้วยเฮี่ยน,ฝาง,เล็ก,นอกเมือง,สำนักงานคณะกรรมการการศึกษาขั้นพื้นฐาน,สพป.เชียงใหม่ เขต 3,13,7.69,26.65,18.46,12.31,21.05,11.86,26.15,16.43,29.23,21.65,36.03,20.73,19.23,24.33,30.90,17.87,57.69,38.46,34.62,30.28
2568,102,บ้านเหมืองแร่,ฝาง,กลาง,นอกเมือง,สำนักงานคณะกรรมการการศึกษาขั้นพื้นฐาน,สพป.เชียงใหม่ เขต 3,11,9.09,28.75,38.18,15.85,39.00,23.13,25.45,17.25,25.45,8.91,47.12,18.19,18.18,24.05,23.18,16.91,63.64,22.27,36.36,22.27
2568,103,ฝางชนูปถัมภ์,ฝาง,ใหญ่,นอกเมือง,สำนักงานคณะกรรมการการศึกษาขั้นพื้นฐาน,สำนักงานเขตพื้นที่การศึกษามัธยมศึกษาเชียงใหม่,235,6.38,24.44,42.72,21.26,41.84,26.60,40.51,24.40,28.26,20.91,27.94,18.49,43.19,36.85,25.60,16.56,38.51,33.83,29.79,34.92
2568,104,ฝางธรรมศึกษา,ฝาง,เล็ก,นอกเมือง,สำนักงานการศึกษาพระปริยัติธรรม แผนกสามัญศึกษา,สำนักเขตการศึกษาพระปริยัติธรรมฯ เขต  5,14,0.00,0.00,32.86,16.23,39.66,26.90,24.29,22.90,31.43,18.07,28.81,17.29,39.29,33.69,25.00,17.95,32.14,35.89,21.43,31.13
2568,105,รังษีวิทยา,ฝาง,ใหญ่พิเศษ,นอกเมือง,สำนักงานคณะกรรมการส่งเสริมการศึกษาเอกชน,-,190,23.68,42.51,33.79,17.45,59.76,24.96,58.11,23.59,31.37,20.03,34.26,21.71,33.68,31.57,33.37,20.36,42.11,32.29,32.89,33.00
2568,106,รัตนาเอื้อวิทยา,ฝาง,ใหญ่,นอกเมือง,สำนักงานคณะกรรมการส่งเสริมการศึกษาเอกชน,-,93,20.43,40.32,36.77,18.15,46.80,25.21,49.46,21.07,35.70,20.29,34.07,19.28,33.87,30.38,34.07,21.43,40.32,32.18,31.18,36.60
2568,107,วัดเจดีย์งามปริยัติวิทยา,ฝาง,เล็ก,นอกเมือง,สำนักงานการศึกษาพระปริยัติธรรม แผนกสามัญศึกษา,สำนักเขตการศึกษาพระปริยัติธรรมฯ เขต  5,16,0.00,0.00,33.75,15.36,23.19,20.45,30.00,22.36,30.00,15.81,14.17,14.19,21.88,24.80,30.42,21.39,9.38,19.52,21.88,24.80
2568,108,วัดนันทาราม,ฝาง,กลาง,นอกเมือง,สำนักงานคณะกรรมการการศึกษาขั้นพื้นฐาน,สพป.เชียงใหม่ เขต 3,7,14.29,34.99,28.57,14.57,37.59,27.55,22.86,16.66,25.71,17.61,22.62,14.55,50.00,37.80,35.00,12.97,35.71,34.99,35.71,44.03
2568,109,วัดพระบาทอุดม,ฝาง,เล็ก,นอกเมือง,สำนักงานการศึกษาพระปริยัติธรรม แผนกสามัญศึกษา,สำนักเขตการศึกษาพระปริยัติธรรมฯ เขต  5,14,7.14,25.75,52.86,23.43,32.52,25.23,44.29,26.38,30.00,14.64,24.76,16.21,46.43,29.67,21.43,22.30,32.14,40.56,28.57,24.74
2568,110,สายอักษร,ฝาง,กลาง,นอกเมือง,สำนักงานคณะกรรมการส่งเสริมการศึกษาเอกชน,-,30,53.33,49.89,36.67,20.71,34.74,26.98,42.00,20.23,34.00,18.00,39.72,17.89,25.00,28.14,34.72,26.11,50.00,31.62,31.67,32.87
2568,111,เขื่อนผากวิทยา,พร้าว,เล็ก,นอกเมือง,สำนักงานการศึกษาพระปริยัติธรรม แผนกสามัญศึกษา,สำนักเขตการศึกษาพระปริยัติธรรมฯ เขต  5,10,0.00,0.00,32.00,20.40,23.68,22.05,26.00,18.00,24.00,14.97,36.00,18.58,55.00,35.00,26.67,13.60,40.00,43.59,35.00,22.91
2568,112,ชุมชนบ้านโป่ง,พร้าว,เล็ก,นอกเมือง,สำนักงานคณะกรรมการการศึกษาขั้นพื้นฐาน,สพป.เชียงใหม่ เขต 2,5,0.00,0.00,32.00,16.00,40.53,23.16,12.00,9.80,48.00,20.40,26.33,13.31,60.00,37.42,38.00,21.54,40.00,37.42,10.00,20.00
2568,113,บ้านนาบุญโหล่งขอด,พร้าว,เล็ก,นอกเมือง,สำนักงานคณะกรรมการการศึกษาขั้นพื้นฐาน,สพป.เชียงใหม่ เขต 2,15,0.00,0.00,25.33,17.07,44.04,18.72,29.33,16.11,33.33,25.99,31.22,16.03,43.33,35.90,22.89,12.76,46.67,12.47,20.00,24.49
2568,114,บ้านแม่ปั๋ง,พร้าว,เล็ก,นอกเมือง,สำนักงานคณะกรรมการการศึกษาขั้นพื้นฐาน,สพป.เชียงใหม่ เขต 2,17,5.88,23.53,28.24,16.89,35.60,23.99,23.53,20.85,37.65,16.64,27.65,17.05,70.59,29.99,33.82,27.53,58.82,25.64,32.35,34.05
2568,115,บ้านแม่ปาคี,พร้าว,เล็ก,นอกเมือง,สำนักงานคณะกรรมการการศึกษาขั้นพื้นฐาน,สพป.เชียงใหม่ เขต 2,8,25.00,43.30,20.00,20.00,37.50,27.34,22.50,21.07,20.00,14.14,40.21,16.28,37.50,33.07,32.08,17.98,62.50,33.07,25.00,25.00
2568,116,บ้านแม่เหียะ,พร้าว,เล็ก,นอกเมือง,สำนักงานคณะกรรมการการศึกษาขั้นพื้นฐาน,สพป.เชียงใหม่ เขต 2,14,0.00,0.00,24.29,15.45,43.80,19.51,30.00,18.13,31.43,22.31,37.62,21.44,57.14,31.94,27.14,18.87,46.43,22.87,21.43,31.13
2568,117,บ้านสันกลาง,พร้าว,เล็ก,นอกเมือง,สำนักงานคณะกรรมการการศึกษาขั้นพื้นฐาน,สพป.เชียงใหม่ เขต 2,5,0.00,0.00,60.00,12.65,35.79,17.89,24.00,8.00,16.00,19.60,50.00,16.63,30.00,24.49,28.00,14.92,70.00,24.49,40.00,20.00
2568,118,บ้านสันปง,พร้าว,เล็ก,นอกเมือง,สำนักงานคณะกรรมการการศึกษาขั้นพื้นฐาน,สพป.เชียงใหม่ เขต 2,7,0.00,0.00,20.00,18.52,26.69,20.65,20.00,18.52,34.29,17.61,30.00,23.18,50.00,37.80,28.33,22.75,50.00,37.80,7.14,17.50
2568,119,บ้านหนองปิด,พร้าว,เล็ก,นอกเมือง,สำนักงานคณะกรรมการการศึกษาขั้นพื้นฐาน,สพป.เชียงใหม่ เขต 2,8,25.00,43.30,30.00,17.32,33.88,18.25,20.00,14.14,40.00,24.49,61.88,27.56,18.75,34.80,26.46,13.11,75.00,25.00,37.50,33.07
2568,120,พร้าวบูรพา,พร้าว,เล็ก,นอกเมือง,สำนักงานคณะกรรมการการศึกษาขั้นพื้นฐาน,สพป.เชียงใหม่ เขต 2,5,0.00,0.00,12.00,16.00,34.74,11.58,32.00,16.00,40.00,12.65,20.00,16.43,50.00,44.72,19.00,10.78,70.00,24.49,20.00,24.49
2568,121,พร้าววิทยาคม,พร้าว,ใหญ่,นอกเมือง,สำนักงานคณะกรรมการการศึกษาขั้นพื้นฐาน,สำนักงานเขตพื้นที่การศึกษามัธยมศึกษาเชียงใหม่,156,10.90,31.16,33.59,20.75,43.25,23.96,35.38,19.19,32.31,23.48,27.70,17.75,49.68,34.20,38.68,21.70,43.59,30.34,31.41,33.12
2568,122,สหกรณ์ดำริ,พร้าว,เล็ก,นอกเมือง,สำนักงานคณะกรรมการการศึกษาขั้นพื้นฐาน,สพป.เชียงใหม่ เขต 2,4,0.00,0.00,15.00,16.58,43.42,14.47,10.00,10.00,35.00,16.58,15.83,11.33,62.50,21.65,3.33,5.77,25.00,25.00,0.00,0.00
2568,123,กสิณธร เซนต์เจมส์ เชียงใหม่,เมืองเชียงใหม่,เล็ก,ในเมือง,สำนักงานคณะกรรมการส่งเสริมการศึกษาเอกชน,-,9,22.22,41.57,68.89,16.63,32.46,20.27,40.00,16.33,26.67,16.33,28.70,14.55,61.11,31.43,28.33,13.52,33.33,33.33,55.56,36.85
2568,124,กาวิละวิทยาลัย,เมืองเชียงใหม่,ใหญ่,ในเมือง,สำนักงานคณะกรรมการการศึกษาขั้นพื้นฐาน,สำนักงานเขตพื้นที่การศึกษามัธยมศึกษาเชียงใหม่,211,4.74,21.25,37.91,22.36,36.47,25.98,29.00,22.30,26.82,19.25,31.35,21.29,35.78,36.90,25.34,16.91,43.84,33.16,39.57,34.56
2568,125,โกวิทธำรงเชียงใหม่,เมืองเชียงใหม่,ใหญ่,ในเมือง,สำนักงานคณะกรรมการส่งเสริมการศึกษาเอกชน,-,133,10.53,30.69,28.27,19.33,36.98,23.64,26.17,18.22,40.75,22.40,37.47,20.99,40.23,34.93,28.28,18.83,47.37,28.31,32.71,31.29
2568,126,จิตราวิทยา,เมืองเชียงใหม่,ใหญ่,ในเมือง,สำนักงานคณะกรรมการส่งเสริมการศึกษาเอกชน,-,70,27.14,44.47,36.57,23.41,39.85,21.02,28.29,22.55,34.00,17.02,33.12,24.23,55.71,35.40,30.05,19.21,49.29,33.27,42.86,37.12
2568,127,ชุมชนบ้านบวกครกน้อย,เมืองเชียงใหม่,กลาง,ในเมือง,สำนักงานคณะกรรมการการศึกษาขั้นพื้นฐาน,สพป.เชียงใหม่ เขต 1,32,21.88,41.34,55.63,26.80,31.09,22.84,47.50,24.37,45.63,33.63,39.95,16.42,46.88,35.22,41.30,23.06,84.38,23.18,68.75,36.98
2568,128,ชุมชนวัดท่าเดื่อ,เมืองเชียงใหม่,เล็ก,ในเมือง,สำนักงานคณะกรรมการการศึกษาขั้นพื้นฐาน,สพป.เชียงใหม่ เขต 1,43,6.98,25.48,30.23,18.98,35.86,26.69,36.74,23.60,33.02,21.08,27.87,17.02,32.56,28.29,35.85,16.47,47.67,35.69,38.37,32.06
2568,129,เชตุพนศึกษา,เมืองเชียงใหม่,เล็ก,ในเมือง,สำนักงานการศึกษาพระปริยัติธรรม แผนกสามัญศึกษา,สำนักเขตการศึกษาพระปริยัติธรรมฯ เขต  5,44,2.27,14.90,28.18,19.69,33.49,20.47,17.27,19.81,36.82,19.04,26.29,16.69,19.32,26.58,26.59,15.13,30.68,32.36,39.77,34.67
2568,130,เชียงใหม่คริสเตียน,เมืองเชียงใหม่,ใหญ่,ในเมือง,สำนักงานคณะกรรมการส่งเสริมการศึกษาเอกชน,-,75,17.33,37.85,30.13,19.97,31.79,24.19,42.13,23.90,30.40,16.45,33.24,17.31,51.33,34.62,39.09,21.72,74.00,34.02,67.33,36.05
2568,131,ดาราวิทยาลัย,เมืองเชียงใหม่,ใหญ่พิเศษ,ในเมือง,สำนักงานคณะกรรมการส่งเสริมการศึกษาเอกชน,-,329,11.55,31.96,44.86,24.37,45.35,28.53,39.09,27.11,29.18,21.65,36.95,22.84,50.76,36.25,31.58,19.78,55.93,33.58,43.01,36.32
2568,132,เทพบดินทร์วิทยาเชียงใหม่,เมืองเชียงใหม่,ใหญ่,ในเมือง,สำนักงานคณะกรรมการส่งเสริมการศึกษาเอกชน,-,163,3.07,17.24,25.77,20.39,31.72,20.59,26.50,18.78,34.72,21.11,35.46,19.49,38.96,35.04,26.12,17.98,45.71,28.99,30.67,28.42
2568,133,เทศบาลวัดท่าสะต๋อย,เมืองเชียงใหม่,กลาง,ในเมือง,กรมส่งเสริมการปกครองท้องถิ่น,ท้องถิ่นจังหวัดเชียงใหม่,51,7.84,26.88,27.06,23.03,36.64,18.61,29.41,19.94,43.14,19.95,25.36,16.75,59.80,28.04,28.59,18.80,51.96,29.64,40.20,34.33
2568,134,เทศบาลวัดศรีปิงเมือง,เมืองเชียงใหม่,กลาง,ในเมือง,กรมส่งเสริมการปกครองท้องถิ่น,ท้องถิ่นจังหวัดเชียงใหม่,31,6.45,24.57,33.55,22.94,35.06,24.33,22.58,18.13,27.10,20.67,39.09,19.90,35.48,34.06,27.90,18.10,51.61,23.70,40.32,32.18
2568,135,ธรรมเมธีศึกษา,เมืองเชียงใหม่,เล็ก,ในเมือง,สำนักงานการศึกษาพระปริยัติธรรม แผนกสามัญศึกษา,สำนักเขตการศึกษาพระปริยัติธรรมฯ เขต  5,9,0.00,0.00,26.67,21.08,23.68,16.87,26.67,24.94,20.00,21.08,26.30,16.02,50.00,40.82,35.93,15.30,33.33,33.33,27.78,34.25
2568,136,ธรรมราชศึกษา,เมืองเชียงใหม่,กลาง,ในเมือง,สำนักงานคณะกรรมการส่งเสริมการศึกษาเอกชน,-,137,3.65,18.75,32.12,21.53,32.46,20.98,25.55,18.52,31.24,19.91,34.72,21.12,43.07,35.32,27.10,18.59,43.07,32.64,33.94,34.14
2568,137,บ้านดอนปิน,เมืองเชียงใหม่,กลาง,ในเมือง,สำนักงานคณะกรรมการการศึกษาขั้นพื้นฐาน,สพป.เชียงใหม่ เขต 1,32,31.25,46.35,33.13,19.11,28.95,23.57,28.13,23.38,37.50,23.32,30.62,16.60,34.38,34.09,37.45,18.06,60.94,34.76,43.75,34.80
2568,138,บ้านโป่งน้อย,เมืองเชียงใหม่,กลาง,ในเมือง,สำนักงานคณะกรรมการการศึกษาขั้นพื้นฐาน,สพป.เชียงใหม่ เขต 1,18,61.11,48.75,46.67,25.82,77.63,24.31,52.22,29.92,50.00,27.69,49.26,18.57,83.33,28.87,46.85,22.05,91.67,18.63,83.33,33.33
2568,139,ปรินส์รอยแยลส์วิทยาลัย,เมืองเชียงใหม่,ใหญ่พิเศษ,ในเมือง,สำนักงานคณะกรรมการส่งเสริมการศึกษาเอกชน,-,544,33.64,47.25,48.38,23.86,60.10,27.27,52.21,27.38,41.58,22.45,42.78,22.05,56.80,36.63,43.41,23.80,59.28,31.67,52.02,36.07
2568,140,พระหฤทัยเชียงใหม่,เมืองเชียงใหม่,ใหญ่,ในเมือง,สำนักงานคณะกรรมการส่งเสริมการศึกษาเอกชน,-,88,15.91,36.58,32.05,21.01,24.01,22.71,38.64,23.32,32.73,21.99,34.30,17.61,46.59,34.37,38.96,19.08,68.75,33.97,68.75,39.39
2568,141,พิงครัตน์,เมืองเชียงใหม่,เล็ก,ในเมือง,สำนักงานคณะกรรมการส่งเสริมการศึกษาเอกชน,-,2,0.00,0.00,50.00,10.00,53.95,25.00,30.00,10.00,40.00,0.00,27.50,27.50,50.00,0.00,40.83,9.17,25.00,25.00,0.00,0.00
2568,142,มงฟอร์ตวิทยาลัย แผนกมัธยม,เมืองเชียงใหม่,ใหญ่พิเศษ,ในเมือง,สำนักงานคณะกรรมการส่งเสริมการศึกษาเอกชน,-,125,88.80,31.54,56.96,26.66,35.73,22.50,53.92,28.42,57.44,21.16,34.27,21.48,58.80,34.68,40.12,21.15,65.60,33.12,83.60,28.13
2568,143,เมตตาศึกษา,เมืองเชียงใหม่,กลาง,ในเมือง,สำนักงานคณะกรรมการส่งเสริมการศึกษาเอกชน,-,59,13.56,34.24,42.71,23.99,32.96,23.73,39.66,26.17,30.51,19.95,30.00,18.20,42.37,36.61,30.76,17.56,33.90,29.75,29.66,33.34
2568,144,ยุพราชวิทยาลัย,เมืองเชียงใหม่,ใหญ่พิเศษ,ในเมือง,สำนักงานคณะกรรมการการศึกษาขั้นพื้นฐาน,สำนักงานเขตพื้นที่การศึกษามัธยมศึกษาเชียงใหม่,550,31.09,46.29,42.58,21.91,42.63,26.26,46.22,25.84,47.31,24.89,37.89,20.94,41.36,35.33,40.33,20.40,68.18,33.12,59.91,36.27
2568,145,ยุวฑูตศึกษาพัฒนาราชพฤกษ์,เมืองเชียงใหม่,กลาง,ในเมือง,สำนักงานคณะกรรมการส่งเสริมการศึกษาเอกชน,-,21,4.76,21.30,50.48,25.16,39.72,29.38,34.29,17.61,25.71,21.51,26.98,14.18,76.19,29.35,27.86,18.98,47.62,32.65,42.86,44.42
2568,146,เรยีนาเชลีวิทยาลัย,เมืองเชียงใหม่,ใหญ่,ในเมือง,สำนักงานคณะกรรมการส่งเสริมการศึกษาเอกชน,-,125,14.40,35.11,35.68,21.25,47.96,24.78,28.48,22.95,35.52,23.71,43.36,20.74,46.00,33.82,29.08,19.69,55.20,24.35,28.00,28.57
2568,147,วชิรวิทย์ เชียงใหม่,เมืองเชียงใหม่,กลาง,ในเมือง,สำนักงานคณะกรรมการส่งเสริมการศึกษาเอกชน,-,54,24.07,42.75,31.48,21.29,36.89,29.45,24.44,18.32,28.89,18.32,55.19,22.06,27.78,28.33,32.31,18.45,66.67,28.87,38.89,31.43
2568,148,วัฒโนทัยพายัพ,เมืองเชียงใหม่,ใหญ่พิเศษ,ในเมือง,สำนักงานคณะกรรมการการศึกษาขั้นพื้นฐาน,สำนักงานเขตพื้นที่การศึกษามัธยมศึกษาเชียงใหม่,469,46.48,49.88,40.21,24.62,33.09,24.26,35.52,21.81,38.42,22.09,32.40,18.40,37.85,33.16,39.87,20.31,65.14,34.79,63.01,35.94
2568,149,วัดช่างเคี่ยน,เมืองเชียงใหม่,กลาง,ในเมือง,สำนักงานคณะกรรมการการศึกษาขั้นพื้นฐาน,สพป.เชียงใหม่ เขต 1,16,6.25,24.21,25.00,20.62,23.03,21.00,32.50,25.37,31.25,21.18,32.92,18.11,46.88,27.78,44.48,16.10,56.25,34.80,65.63,38.40
2568,150,วัดดอนจั่น,เมืองเชียงใหม่,กลาง,ในเมือง,สำนักงานคณะกรรมการการศึกษาขั้นพื้นฐาน,สพป.เชียงใหม่ เขต 1,30,6.67,24.94,37.33,18.43,22.11,23.28,26.00,15.62,17.33,13.40,33.28,14.90,26.67,30.91,34.72,20.80,48.33,32.87,26.67,30.91
2568,151,วัดวังสิงห์คำ,เมืองเชียงใหม่,กลาง,ในเมือง,สำนักงานคณะกรรมการการศึกษาขั้นพื้นฐาน,สพป.เชียงใหม่ เขต 1,19,21.05,40.77,25.26,19.30,27.42,21.97,32.63,16.17,34.74,27.41,40.35,14.38,36.84,35.70,43.60,18.69,68.42,37.03,63.16,35.70
2568,152,วารีเชียงใหม่,เมืองเชียงใหม่,ใหญ่พิเศษ,ในเมือง,สำนักงานคณะกรรมการส่งเสริมการศึกษาเอกชน,-,171,16.96,37.53,37.43,24.91,41.37,25.06,29.24,19.97,43.39,23.80,45.02,21.32,50.29,34.41,31.29,20.13,61.70,28.26,34.21,33.10
2568,153,วิชัยวิทยา,เมืองเชียงใหม่,กลาง,ในเมือง,สำนักงานคณะกรรมการส่งเสริมการศึกษาเอกชน,-,9,33.33,47.14,35.56,20.61,27.49,20.98,26.67,16.33,60.00,26.67,37.78,21.84,16.67,23.57,37.04,10.97,50.00,33.33,27.78,34.25
2568,154,วิทยาลัยนาฎศิลปเชียงใหม่,เมืองเชียงใหม่,กลาง,ในเมือง,สถาบันบัณฑิตพัฒนศิลป์ (ปวช.),-,37,18.92,39.17,25.95,17.31,28.81,23.11,32.43,18.22,29.73,22.12,29.10,17.63,25.68,27.56,32.30,15.11,41.89,33.92,56.76,38.84
2568,155,สมเด็จพระพุทธชินวงศ์,เมืองเชียงใหม่,กลาง,ในเมือง,สำนักงานการศึกษาพระปริยัติธรรม แผนกสามัญศึกษา,สำนักเขตการศึกษาพระปริยัติธรรมฯ เขต  5,21,4.76,21.30,32.38,17.97,23.31,18.31,32.38,23.48,26.67,19.84,27.14,23.39,38.10,30.49,32.78,22.39,40.48,39.70,28.57,29.16
2568,156,สอนคนตาบอดภาคเหนือ,เมืองเชียงใหม่,เล็ก,ในเมือง,สำนักบริหารงานการศึกษาพิเศษ,-,0,-,-,-,-,-,-,-,-,-,-,-,-,-,-,-,-,-,-,-,-
2568,157,สังวาลย์วิทยา,เมืองเชียงใหม่,เล็ก,ในเมือง,สำนักงานคณะกรรมการการศึกษาขั้นพื้นฐาน,สพป.เชียงใหม่ เขต 1,17,35.29,47.79,41.18,19.97,20.59,21.67,32.94,16.72,24.71,18.82,29.90,18.41,44.12,33.79,42.16,20.09,44.12,37.89,29.41,24.61
2568,158,สาธิตมหาวิทยาลัยเชียงใหม่,เมืองเชียงใหม่,ใหญ่,ในเมือง,สำนักงานปลัดกระทรวงการอุดมศึกษาฯ,-,205,39.02,48.78,49.46,23.67,55.37,29.37,67.22,25.27,42.93,23.52,37.07,19.05,45.61,36.70,49.64,23.44,65.61,34.22,72.44,34.34
2568,159,สามัคคีวิทยาทาน,เมืองเชียงใหม่,เล็ก,ในเมือง,สำนักงานการศึกษาพระปริยัติธรรม แผนกสามัญศึกษา,สำนักเขตการศึกษาพระปริยัติธรรมฯ เขต  5,30,0.00,0.00,30.67,21.75,28.51,22.12,24.00,15.83,39.33,26.07,31.94,16.51,21.67,27.94,26.50,18.60,25.00,28.14,36.67,33.99
2568,160,สารสาสน์วิเทศเชียงใหม่,เมืองเชียงใหม่,ใหญ่,ในเมือง,สำนักงานคณะกรรมการส่งเสริมการศึกษาเอกชน,-,59,13.56,34.24,31.19,21.56,39.12,22.08,25.42,18.71,41.02,21.60,42.77,17.52,52.54,33.73,33.70,22.67,50.00,26.04,33.90,36.17
2568,161,สารสาสน์วิเทศล้านนา,เมืองเชียงใหม่,ใหญ่,ในเมือง,สำนักงานคณะกรรมการส่งเสริมการศึกษาเอกชน,-,33,18.18,38.57,46.67,20.69,32.38,23.68,35.76,18.91,23.64,17.38,30.81,20.59,53.03,38.81,31.82,15.20,57.58,27.86,54.55,31.05
2568,162,โสตศึกษาอนุสารสุนทร,เมืองเชียงใหม่,เล็ก,ในเมือง,สำนักบริหารงานการศึกษาพิเศษ,-,0,-,-,-,-,-,-,-,-,-,-,-,-,-,-,-,-,-,-,-,-
2568,163,หอพระ,เมืองเชียงใหม่,กลาง,ในเมือง,สำนักงานคณะกรรมการการศึกษาขั้นพื้นฐาน,สำนักงานเขตพื้นที่การศึกษามัธยมศึกษาเชียงใหม่,81,14.81,35.52,32.35,19.52,37.98,25.23,29.63,18.62,33.33,20.85,27.12,16.66,49.38,33.79,36.15,22.92,35.80,35.34,30.86,35.63
2568,164,อนุบาลหนองป่าครั่ง,เมืองเชียงใหม่,เล็ก,ในเมือง,กรมส่งเสริมการปกครองท้องถิ่น,ท้องถิ่นจังหวัดเชียงใหม่,10,0.00,0.00,50.00,27.20,31.32,24.76,40.00,28.28,10.00,13.42,20.33,13.39,40.00,20.00,15.50,9.89,65.00,22.91,45.00,35.00
2568,165,อภัยอริยศึกษา,เมืองเชียงใหม่,เล็ก,ในเมือง,สำนักงานการศึกษาพระปริยัติธรรม แผนกสามัญศึกษา,สำนักเขตการศึกษาพระปริยัติธรรมฯ เขต  5,5,20.00,40.00,32.00,16.00,30.00,18.87,44.00,29.39,20.00,17.89,23.67,14.62,40.00,37.42,50.67,6.72,50.00,44.72,30.00,24.49
2568,166,เซนต์โยเซฟแม่แจ่ม,แม่แจ่ม,กลาง,นอกเมือง,สำนักงานคณะกรรมการส่งเสริมการศึกษาเอกชน,-,31,22.58,41.81,43.87,21.80,44.82,27.34,22.58,18.13,21.94,19.25,42.31,24.21,37.10,35.85,35.70,15.54,51.61,29.74,45.16,40.87
2568,167,บ้านกองแขก,แม่แจ่ม,เล็ก,นอกเมือง,สำนักงานคณะกรรมการการศึกษาขั้นพื้นฐาน,สพป.เชียงใหม่ เขต 6,13,30.77,46.15,26.15,12.11,28.34,11.55,24.62,15.99,44.62,15.99,22.05,18.41,42.31,38.46,32.44,21.61,46.15,23.71,26.92,24.93
2568,168,บ้านขุนแม่หยอด,แม่แจ่ม,เล็ก,นอกเมือง,สำนักงานคณะกรรมการการศึกษาขั้นพื้นฐาน,สพป.เชียงใหม่ เขต 6,8,12.50,33.07,27.50,13.92,42.43,13.70,5.00,8.66,47.50,13.92,29.58,10.37,62.50,33.07,34.17,20.46,50.00,0.00,25.00,25.00
2568,169,บ้านทุ่งแก,แม่แจ่ม,เล็ก,นอกเมือง,สำนักงานคณะกรรมการการศึกษาขั้นพื้นฐาน,สพป.เชียงใหม่ เขต 6,11,54.55,49.79,45.45,25.71,38.28,27.90,27.27,15.43,41.82,18.00,23.94,13.19,22.73,24.90,20.30,13.02,31.82,32.14,45.45,33.40
2568,170,บ้านปางหินฝน,แม่แจ่ม,เล็ก,นอกเมือง,สำนักงานคณะกรรมการการศึกษาขั้นพื้นฐาน,สพป.เชียงใหม่ เขต 6,13,0.00,0.00,29.23,16.85,47.17,12.53,21.54,14.60,56.92,18.97,30.90,23.05,46.15,36.49,29.49,17.40,42.31,26.65,30.77,31.25
2568,171,บ้านปางอุ๋ง,แม่แจ่ม,กลาง,นอกเมือง,สำนักงานคณะกรรมการการศึกษาขั้นพื้นฐาน,สพป.เชียงใหม่ เขต 6,9,0.00,0.00,31.11,25.14,30.41,23.70,33.33,21.08,37.78,17.50,23.15,14.52,44.44,28.33,36.30,16.29,11.11,20.79,38.89,31.43
2568,172,บ้านแม่ซา,แม่แจ่ม,เล็ก,นอกเมือง,สำนักงานคณะกรรมการการศึกษาขั้นพื้นฐาน,สพป.เชียงใหม่ เขต 6,7,14.29,34.99,48.57,14.57,47.37,12.10,20.00,18.52,31.43,14.57,22.14,19.85,50.00,37.80,38.81,14.08,50.00,0.00,28.57,24.74
2568,173,บ้านแม่นาจร,แม่แจ่ม,กลาง,นอกเมือง,สำนักงานคณะกรรมการการศึกษาขั้นพื้นฐาน,สพป.เชียงใหม่ เขต 6,21,0.00,0.00,27.62,20.91,38.72,19.83,32.38,19.00,37.14,20.73,36.35,21.04,33.33,28.17,25.95,18.31,33.33,23.57,23.81,24.97
2568,174,บ้านแม่ศึก (มูลนิธิธรรมมาภิรักษ์อุปถัมภ์ที่ 2),แม่แจ่ม,เล็ก,นอกเมือง,สำนักงานคณะกรรมการการศึกษาขั้นพื้นฐาน,สพป.เชียงใหม่ เขต 6,4,100.00,0.00,35.00,25.98,69.74,21.09,20.00,14.14,15.00,25.98,42.92,12.98,37.50,41.46,32.50,13.36,75.00,25.00,25.00,25.00
2568,175,บ้านแม่หงานหลวง,แม่แจ่ม,เล็ก,นอกเมือง,สำนักงานคณะกรรมการการศึกษาขั้นพื้นฐาน,สพป.เชียงใหม่ เขต 6,4,0.00,0.00,10.00,10.00,34.21,9.12,15.00,16.58,45.00,16.58,36.25,5.45,62.50,41.46,25.00,9.50,50.00,35.36,50.00,35.36
2568,176,บ้านแม่เอาะ,แม่แจ่ม,เล็ก,นอกเมือง,สำนักงานคณะกรรมการการศึกษาขั้นพื้นฐาน,สพป.เชียงใหม่ เขต 6,7,0.00,0.00,54.29,20.60,50.38,19.76,20.00,10.69,42.86,19.79,23.33,14.85,50.00,37.80,40.00,14.85,35.71,22.59,28.57,36.42
2568,177,บ้านแม่แฮเหนือ,แม่แจ่ม,กลาง,นอกเมือง,สำนักงานคณะกรรมการการศึกษาขั้นพื้นฐาน,สพป.เชียงใหม่ เขต 6,37,8.11,27.30,27.03,19.29,37.62,18.61,27.03,16.25,36.76,20.54,32.75,20.13,47.30,32.77,32.97,20.30,37.84,27.03,37.84,33.70
2568,178,บ้านโม่งหลวง,แม่แจ่ม,เล็ก,นอกเมือง,สำนักงานคณะกรรมการการศึกษาขั้นพื้นฐาน,สพป.เชียงใหม่ เขต 6,17,0.00,0.00,18.82,14.50,52.63,19.98,28.24,16.89,42.35,16.64,45.00,15.72,38.24,27.28,19.31,10.95,47.06,36.26,5.88,16.11
2568,179,แม่แจ่ม,แม่แจ่ม,ใหญ่,นอกเมือง,สำนักงานคณะกรรมการการศึกษาขั้นพื้นฐาน,สำนักงานเขตพื้นที่การศึกษามัธยมศึกษาเชียงใหม่,167,18.56,38.88,32.10,21.10,40.15,23.49,35.81,20.40,33.41,20.81,36.02,19.31,51.20,33.26,34.54,21.85,49.40,32.37,29.94,32.40
2568,180,แม่แจ่มปริยัติศึกษา,แม่แจ่ม,เล็ก,นอกเมือง,สำนักงานการศึกษาพระปริยัติธรรม แผนกสามัญศึกษา,สำนักเขตการศึกษาพระปริยัติธรรมฯ เขต  5,18,27.78,44.79,32.22,17.81,22.95,17.45,21.11,16.96,42.22,25.72,28.70,14.68,30.56,29.53,31.30,14.18,55.56,43.74,27.78,29.92
2568,181,ราชประชานุเคราะห์ 31,แม่แจ่ม,กลาง,นอกเมือง,สำนักบริหารงานการศึกษาพิเศษ,-,134,0.75,8.61,23.88,18.52,33.17,20.25,23.73,18.95,34.33,20.96,35.76,21.37,36.19,35.30,25.42,18.49,41.79,30.05,27.61,34.32
2568,182,สาธิตชุมชนการเรียนรู้สมเด็จย่า วิทยาลัยโพธิวิชชาลัย มหาวิทยาลัยศรีนครินทรวิโรฒ แม่แจ่ม,แม่แจ่ม,เล็ก,นอกเมือง,สำนักงานปลัดกระทรวงการอุดมศึกษาฯ,-,23,4.35,20.39,26.96,16.27,39.24,26.23,20.87,17.17,25.22,15.84,54.20,19.95,45.65,41.48,29.06,19.03,34.78,27.33,30.43,24.40
2568,183,อินทนนท์วิทยา,แม่แจ่ม,เล็ก,นอกเมือง,สำนักงานคณะกรรมการการศึกษาขั้นพื้นฐาน,สพป.เชียงใหม่ เขต 6,12,0.00,0.00,26.67,12.47,45.61,19.76,26.67,17.00,26.67,14.91,25.69,12.79,50.00,20.41,29.58,17.61,41.67,18.63,16.67,31.18
2568,184,ชุมชนวัดช่อแล,แม่แตง,เล็ก,นอกเมือง,สำนักงานคณะกรรมการการศึกษาขั้นพื้นฐาน,สพป.เชียงใหม่ เขต 2,22,0.00,0.00,27.27,21.36,40.67,32.56,13.64,11.10,26.36,17.46,36.21,23.16,22.73,24.90,18.33,14.15,56.82,34.69,47.73,38.37
2568,185,เชียงใหม่มัธยม,แม่แตง,ใหญ่,นอกเมือง,สำนักงานคณะกรรมการส่งเสริมการศึกษาเอกชน,-,41,24.39,42.94,32.68,18.08,36.97,23.81,32.20,18.15,30.73,21.23,30.77,21.85,28.05,31.33,42.03,19.91,60.98,32.22,51.22,30.22
2568,186,บ้านปง,แม่แตง,เล็ก,นอกเมือง,สำนักงานคณะกรรมการการศึกษาขั้นพื้นฐาน,สพป.เชียงใหม่ เขต 2,8,12.50,33.07,57.50,15.61,20.39,14.93,37.50,25.37,20.00,10.00,31.88,20.71,43.75,29.97,22.08,15.02,50.00,35.36,50.00,35.36
2568,187,บ้านปางไม้แดง,แม่แตง,เล็ก,นอกเมือง,สำนักงานคณะกรรมการการศึกษาขั้นพื้นฐาน,สพป.เชียงใหม่ เขต 2,11,18.18,38.57,32.73,19.58,33.73,25.58,21.82,13.36,32.73,19.58,39.55,18.79,22.73,32.78,26.52,10.97,54.55,39.63,45.45,39.63
2568,188,บ้านปางห้วยตาด,แม่แตง,เล็ก,นอกเมือง,สำนักงานคณะกรรมการการศึกษาขั้นพื้นฐาน,สพป.เชียงใหม่ เขต 2,3,0.00,0.00,33.33,24.94,16.67,12.22,40.00,16.33,26.67,9.43,53.33,2.36,50.00,0.00,19.44,8.64,50.00,0.00,66.67,23.57
2568,189,บ้านเป้าวิทยาคาร,แม่แตง,เล็ก,นอกเมือง,สำนักงานคณะกรรมการการศึกษาขั้นพื้นฐาน,สพป.เชียงใหม่ เขต 2,5,0.00,0.00,32.00,27.13,30.00,6.78,28.00,9.80,28.00,9.80,49.00,15.37,30.00,40.00,26.00,10.78,50.00,31.62,30.00,24.49
2568,190,บ้านเมืองกื้ด,แม่แตง,เล็ก,นอกเมือง,สำนักงานคณะกรรมการการศึกษาขั้นพื้นฐาน,สพป.เชียงใหม่ เขต 2,19,0.00,0.00,25.26,15.68,34.21,19.28,21.05,13.72,36.84,26.96,34.91,18.29,60.53,41.61,30.18,21.88,47.37,25.51,21.05,24.69
2568,191,บ้านแม่ไคร้,แม่แตง,เล็ก,นอกเมือง,สำนักงานคณะกรรมการการศึกษาขั้นพื้นฐาน,สพป.เชียงใหม่ เขต 2,7,0.00,0.00,25.71,14.00,27.44,23.91,31.43,18.07,25.71,9.04,32.38,20.25,28.57,24.74,23.81,11.84,21.43,24.74,42.86,31.94
2568,192,บ้านแม่ตะมาน,แม่แตง,เล็ก,นอกเมือง,สำนักงานคณะกรรมการการศึกษาขั้นพื้นฐาน,สพป.เชียงใหม่ เขต 2,10,10.00,30.00,48.00,20.40,27.63,25.30,18.00,18.87,26.00,18.00,37.50,16.60,70.00,33.17,20.67,15.37,45.00,26.93,35.00,39.05
2568,193,ป่าจี้วังแดงวิทยา,แม่แตง,เล็ก,นอกเมือง,สำนักงานคณะกรรมการการศึกษาขั้นพื้นฐาน,สพป.เชียงใหม่ เขต 2,15,6.67,24.94,17.33,14.36,19.47,15.73,16.00,10.83,20.00,16.33,33.33,21.46,13.33,22.11,16.78,15.47,40.00,37.42,40.00,32.66
2568,194,ป่าแป๋วิทยา,แม่แตง,เล็ก,นอกเมือง,สำนักงานคณะกรรมการการศึกษาขั้นพื้นฐาน,สพป.เชียงใหม่ เขต 2,20,5.00,21.79,32.00,23.15,37.50,18.21,37.00,22.16,48.00,17.20,28.17,14.40,70.00,24.49,28.67,10.90,52.50,19.20,52.50,29.47
2568,195,พระปริยัติธรรมแม่แตงวิทยา,แม่แตง,เล็ก,นอกเมือง,สำนักงานการศึกษาพระปริยัติธรรม แผนกสามัญศึกษา,สำนักเขตการศึกษาพระปริยัติธรรมฯ เขต  5,7,0.00,0.00,25.71,9.04,42.86,9.19,28.57,21.00,31.43,21.00,20.24,10.85,14.29,22.59,27.62,24.62,21.43,24.74,50.00,26.73
2568,196,แม่แตง,แม่แตง,กลาง,นอกเมือง,สำนักงานคณะกรรมการการศึกษาขั้นพื้นฐาน,สำนักงานเขตพื้นที่การศึกษามัธยมศึกษาเชียงใหม่,98,28.57,45.18,37.96,21.47,28.28,21.80,27.76,17.53,29.80,19.22,33.16,18.35,34.18,32.42,34.81,18.37,60.71,35.17,62.24,36.46
2568,197,แม่หอพระวิทยาคม,แม่แตง,เล็ก,นอกเมือง,สำนักงานคณะกรรมการการศึกษาขั้นพื้นฐาน,สำนักงานเขตพื้นที่การศึกษามัธยมศึกษาเชียงใหม่,28,7.14,25.75,47.86,21.61,28.20,25.24,46.43,25.66,19.29,19.63,25.71,14.42,50.00,29.88,36.90,15.98,37.50,36.90,46.43,42.11
2568,198,ร่ำเปิงวิทยา,แม่แตง,กลาง,นอกเมือง,สำนักงานคณะกรรมการการศึกษาขั้นพื้นฐาน,สพป.เชียงใหม่ เขต 2,15,20.00,40.00,33.33,11.93,42.46,25.40,28.00,19.04,20.00,17.89,55.00,22.52,30.00,30.55,20.89,7.69,50.00,18.26,36.67,28.67
2568,199,วัดท่าข้าม,แม่แตง,เล็ก,นอกเมือง,สำนักงานคณะกรรมการการศึกษาขั้นพื้นฐาน,สพป.เชียงใหม่ เขต 2,8,12.50,33.07,27.50,24.37,54.93,20.74,25.00,16.58,45.00,25.98,29.58,20.51,62.50,33.07,40.83,10.57,43.75,16.54,25.00,25.00
2568,200,วัดบ้านเหล่า,แม่แตง,เล็ก,นอกเมือง,สำนักงานคณะกรรมการการศึกษาขั้นพื้นฐาน,สพป.เชียงใหม่ เขต 2,7,0.00,0.00,17.14,22.50,36.09,23.36,22.86,27.11,48.57,21.00,29.29,24.00,50.00,37.80,30.48,11.12,28.57,36.42,7.14,17.50
2568,201,วัดปางมะกล้วย,แม่แตง,เล็ก,นอกเมือง,สำนักงานคณะกรรมการการศึกษาขั้นพื้นฐาน,สพป.เชียงใหม่ เขต 2,8,0.00,0.00,35.00,25.98,45.07,19.36,35.00,29.58,45.00,23.98,41.04,20.39,56.25,29.97,64.58,24.19,62.50,33.07,31.25,24.21
2568,202,สบเปิงวิทยา,แม่แตง,กลาง,นอกเมือง,สำนักงานคณะกรรมการการศึกษาขั้นพื้นฐาน,สพป.เชียงใหม่ เขต 2,25,12.00,32.50,33.60,20.95,43.79,24.23,32.80,20.30,36.80,16.67,34.40,23.35,50.00,42.43,36.53,23.04,50.00,37.42,30.00,31.62
2568,203,สันป่ายางวิทยาคม,แม่แตง,เล็ก,นอกเมือง,สำนักงานคณะกรรมการการศึกษาขั้นพื้นฐาน,สำนักงานเขตพื้นที่การศึกษามัธยมศึกษาเชียงใหม่,16,6.25,24.21,41.25,23.95,35.20,18.77,21.25,20.58,22.50,18.54,40.94,22.05,21.88,30.46,29.90,15.36,71.88,35.22,28.13,35.22
2568,204,สันมหาพนวิทยา,แม่แตง,เล็ก,นอกเมือง,สำนักงานคณะกรรมการการศึกษาขั้นพื้นฐาน,สพป.เชียงใหม่ เขต 2,19,0.00,0.00,22.11,21.42,37.12,17.14,24.21,16.64,45.26,19.30,33.25,17.35,34.21,32.66,31.84,19.96,44.74,22.33,34.21,36.46
2568,205,อนุบาลสานสายใยรักเทศบาลเมืองเมืองแกนพัฒนา,แม่แตง,กลาง,นอกเมือง,กรมส่งเสริมการปกครองท้องถิ่น,ท้องถิ่นจังหวัดเชียงใหม่,11,0.00,0.00,21.82,18.00,39.95,23.83,27.27,15.43,38.18,10.29,30.00,14.77,59.09,35.79,29.24,26.16,31.82,32.14,4.55,14.37
2568,206,เจ้าพ่อหลวงอุปถัมภ์ 7,แม่ริม,เล็ก,นอกเมือง,สำนักงานคณะกรรมการการศึกษาขั้นพื้นฐาน,สพป.เชียงใหม่ เขต 2,5,0.00,0.00,28.00,16.00,22.63,15.93,12.00,9.80,12.00,9.80,65.67,18.21,40.00,20.00,28.00,9.91,70.00,24.49,30.00,40.00
2568,207,นวมินทราชูทิศ พายัพ,แม่ริม,ใหญ่,นอกเมือง,สำนักงานคณะกรรมการการศึกษาขั้นพื้นฐาน,สำนักงานเขตพื้นที่การศึกษามัธยมศึกษาเชียงใหม่,331,15.11,35.81,29.67,19.81,31.90,24.35,28.76,20.55,36.80,23.49,31.94,18.83,35.35,34.61,34.90,20.06,60.27,34.98,49.24,37.17
2568,208,บ้านทุ่งโป่ง,แม่ริม,กลาง,นอกเมือง,สำนักงานคณะกรรมการการศึกษาขั้นพื้นฐาน,สพป.เชียงใหม่ เขต 2,16,12.50,33.07,35.00,19.36,35.36,18.77,33.75,20.88,32.50,18.54,50.94,20.89,37.50,27.95,41.25,13.69,56.25,29.97,46.88,32.92
2568,209,บ้านป่าติ้ว,แม่ริม,เล็ก,นอกเมือง,สำนักงานคณะกรรมการการศึกษาขั้นพื้นฐาน,สพป.เชียงใหม่ เขต 2,11,9.09,28.75,18.18,13.36,31.34,14.04,23.64,25.32,23.64,11.50,40.61,10.71,22.73,24.90,26.67,20.47,50.00,30.15,36.36,22.27
2568,210,บ้านแม่สา,แม่ริม,กลาง,นอกเมือง,สำนักงานคณะกรรมการการศึกษาขั้นพื้นฐาน,สพป.เชียงใหม่ เขต 2,6,16.67,37.27,30.00,15.28,48.68,26.65,30.00,19.15,20.00,11.55,54.44,10.35,33.33,23.57,36.67,19.44,83.33,23.57,58.33,18.63
2568,211,บ้านศาลา,แม่ริม,กลาง,นอกเมือง,กรมส่งเสริมการปกครองท้องถิ่น,ท้องถิ่นจังหวัดเชียงใหม่,55,12.73,33.33,30.18,26.11,40.24,26.80,25.45,20.34,28.00,17.31,43.36,21.46,26.36,31.41,28.21,18.17,45.45,33.40,36.36,34.97
2568,212,บ้านสะลวงนอก,แม่ริม,เล็ก,นอกเมือง,สำนักงานคณะกรรมการการศึกษาขั้นพื้นฐาน,สพป.เชียงใหม่ เขต 2,17,0.00,0.00,12.94,13.62,33.13,19.49,30.59,16.97,34.12,20.31,27.55,19.83,38.24,27.28,15.49,12.65,47.06,36.26,29.41,29.99
2568,213,บ้านสันคะยอม,แม่ริม,เล็ก,นอกเมือง,สำนักงานคณะกรรมการการศึกษาขั้นพื้นฐาน,สพป.เชียงใหม่ เขต 2,6,16.67,37.27,33.33,18.86,42.11,21.43,20.00,11.55,40.00,11.55,35.00,9.33,50.00,28.87,36.39,14.61,50.00,40.82,25.00,25.00
2568,214,บ้านหนองปลามัน,แม่ริม,เล็ก,นอกเมือง,สำนักงานคณะกรรมการการศึกษาขั้นพื้นฐาน,สพป.เชียงใหม่ เขต 2,11,0.00,0.00,32.73,12.86,21.29,20.98,16.36,14.32,40.00,20.89,42.88,24.94,22.73,24.90,33.79,8.59,68.18,24.05,36.36,30.83
2568,215,แม่ริมวิทยา,แม่ริม,เล็ก,นอกเมือง,สำนักงานการศึกษาพระปริยัติธรรม แผนกสามัญศึกษา,สำนักเขตการศึกษาพระปริยัติธรรมฯ เขต  5,18,0.00,0.00,24.44,18.32,27.63,19.83,13.33,9.43,32.22,15.11,27.96,22.03,30.56,29.53,31.30,14.96,30.56,29.53,30.56,24.37
2568,216,แม่ริมวิทยาคม,แม่ริม,ใหญ่,นอกเมือง,สำนักงานคณะกรรมการการศึกษาขั้นพื้นฐาน,สำนักงานเขตพื้นที่การศึกษามัธยมศึกษาเชียงใหม่,312,14.10,34.80,31.09,20.97,33.34,25.55,25.58,20.40,34.55,22.92,31.71,19.40,31.57,33.09,35.59,20.43,49.84,35.47,45.99,37.87
2568,217,ราชประชานุเคราะห์ 60 จังหวัดเชียงใหม่,แม่ริม,กลาง,นอกเมือง,สำนักบริหารงานการศึกษาพิเศษ,-,103,3.88,19.32,26.99,20.80,32.24,16.27,22.52,18.42,36.31,20.99,32.65,21.00,47.09,38.68,30.89,18.46,39.81,29.03,28.64,30.85
2568,218,บ้านห้วยตอง,แม่วาง,กลาง,นอกเมือง,สำนักงานคณะกรรมการการศึกษาขั้นพื้นฐาน,สพป.เชียงใหม่ เขต 4,24,12.50,33.07,27.50,18.98,26.64,23.27,16.67,15.99,39.17,17.78,23.47,18.19,8.33,18.63,27.57,18.96,43.75,33.27,45.83,35.11
2568,219,แม่วางวิทยาคม,แม่วาง,กลาง,นอกเมือง,สำนักงานคณะกรรมการการศึกษาขั้นพื้นฐาน,สำนักงานเขตพื้นที่การศึกษามัธยมศึกษาเชียงใหม่,105,23.81,42.59,32.38,19.79,35.51,27.49,31.05,24.37,31.81,23.37,34.00,18.06,31.90,35.27,35.73,21.15,40.48,33.87,40.00,39.28
2568,220,แม่วินสามัคคี,แม่วาง,กลาง,นอกเมือง,สำนักงานคณะกรรมการการศึกษาขั้นพื้นฐาน,สพป.เชียงใหม่ เขต 4,65,38.46,48.65,31.08,21.06,39.47,25.40,23.69,17.50,32.92,18.71,30.18,19.09,36.15,33.41,32.85,22.96,50.00,35.08,25.38,29.25
2568,221,วัดมะกับตองหลวง,แม่วาง,เล็ก,นอกเมือง,สำนักงานคณะกรรมการการศึกษาขั้นพื้นฐาน,สพป.เชียงใหม่ เขต 4,7,28.57,45.18,25.71,25.56,48.12,21.96,22.86,16.66,28.57,9.90,37.62,15.96,21.43,36.42,30.48,16.44,28.57,24.74,21.43,36.42
2568,222,วัดห้วยแก้ว,แม่วาง,เล็ก,นอกเมือง,สำนักงานคณะกรรมการการศึกษาขั้นพื้นฐาน,สพป.เชียงใหม่ เขต 4,7,0.00,0.00,37.14,22.50,37.59,18.70,22.86,22.50,40.00,33.81,41.67,26.44,14.29,22.59,28.10,13.05,50.00,46.29,35.71,34.99
2568,223,สัพพัญญูวิทยา,แม่วาง,เล็ก,นอกเมือง,สำนักงานการศึกษาพระปริยัติธรรม แผนกสามัญศึกษา,สำนักเขตการศึกษาพระปริยัติธรรมฯ เขต  5,2,0.00,0.00,10.00,10.00,10.53,10.53,10.00,10.00,50.00,10.00,22.50,22.50,25.00,25.00,45.83,9.17,25.00,25.00,25.00,25.00
2568,224,ทาเหนือวิทยา,แม่ออน,เล็ก,นอกเมือง,สำนักงานคณะกรรมการการศึกษาขั้นพื้นฐาน,สพป.เชียงใหม่ เขต 1,16,18.75,39.03,38.75,25.95,34.38,24.38,28.75,18.67,35.00,19.36,35.10,15.98,28.13,24.80,30.21,16.60,34.38,29.15,12.50,21.65
2568,225,แม่ออนวิทยาลัย,แม่ออน,กลาง,นอกเมือง,สำนักงานคณะกรรมการการศึกษาขั้นพื้นฐาน,สำนักงานเขตพื้นที่การศึกษามัธยมศึกษาเชียงใหม่,44,9.09,28.75,30.45,22.76,34.51,22.64,23.18,15.34,28.18,17.74,38.52,22.39,25.00,27.18,29.70,16.08,59.09,32.46,32.95,35.26
2568,226,วัดห้วยแก้ว,แม่ออน,เล็ก,นอกเมือง,สำนักงานคณะกรรมการการศึกษาขั้นพื้นฐาน,สพป.เชียงใหม่ เขต 1,14,35.71,47.92,27.14,16.23,33.65,27.44,34.29,17.61,31.43,19.59,25.00,16.48,28.57,36.42,25.83,16.84,42.86,37.12,46.43,35.17
2568,227,วัดห้วยทราย,แม่ออน,เล็ก,นอกเมือง,สำนักงานคณะกรรมการการศึกษาขั้นพื้นฐาน,สพป.เชียงใหม่ เขต 1,13,61.54,48.65,60.00,26.02,44.13,14.49,41.54,9.48,72.31,12.50,51.28,15.88,65.38,36.08,49.10,23.90,69.23,41.78,65.38,36.08
2568,228,เจ้าพ่อหลวงอุปถัมภ์ 9,แม่อาย,กลาง,นอกเมือง,สำนักงานคณะกรรมการการศึกษาขั้นพื้นฐาน,สพป.เชียงใหม่ เขต 3,31,19.35,39.51,39.35,17.95,43.46,23.43,38.06,25.07,32.26,18.79,33.33,15.03,56.45,32.98,31.51,19.52,40.32,32.18,19.35,30.26
2568,229,ชุมชนบ้านคาย,แม่อาย,กลาง,นอกเมือง,สำนักงานคณะกรรมการการศึกษาขั้นพื้นฐาน,สพป.เชียงใหม่ เขต 3,28,21.43,41.03,27.86,18.78,34.87,28.04,31.43,18.84,34.29,22.59,23.87,15.99,46.43,29.67,27.02,15.52,39.29,33.69,37.50,31.69
2568,230,ชุมชนบ้านแม่ฮ่าง,แม่อาย,กลาง,นอกเมือง,สำนักงานคณะกรรมการการศึกษาขั้นพื้นฐาน,สพป.เชียงใหม่ เขต 3,26,23.08,42.13,35.38,16.92,44.53,22.02,40.00,20.00,33.85,23.38,33.01,18.66,42.31,35.87,38.27,17.97,42.31,35.87,23.08,31.72
2568,231,โชติคุณเกษมบ้านเมืองงาม,แม่อาย,กลาง,นอกเมือง,สำนักงานคณะกรรมการการศึกษาขั้นพื้นฐาน,สพป.เชียงใหม่ เขต 3,30,3.33,17.95,42.67,24.07,33.16,24.41,34.00,20.10,24.00,20.91,31.17,20.17,35.00,32.02,20.28,14.90,31.67,30.23,40.00,32.66
2568,232,ไทยรัฐวิทยา 12 (บ้านเอก),แม่อาย,กลาง,นอกเมือง,สำนักงานคณะกรรมการการศึกษาขั้นพื้นฐาน,สพป.เชียงใหม่ เขต 3,29,58.62,49.25,30.34,18.66,52.00,28.85,48.97,23.83,34.48,19.58,32.30,18.42,56.90,31.42,40.06,18.11,55.17,30.36,34.48,37.38
2568,233,บ้านท่ามะแกง,แม่อาย,เล็ก,นอกเมือง,สำนักงานคณะกรรมการการศึกษาขั้นพื้นฐาน,สพป.เชียงใหม่ เขต 3,24,4.17,19.98,30.00,21.60,38.49,25.02,25.00,16.58,30.83,23.79,38.40,17.84,45.83,35.11,33.13,19.60,43.75,29.97,27.08,28.79
2568,234,บ้านป่าก๊อ,แม่อาย,กลาง,นอกเมือง,สำนักงานคณะกรรมการการศึกษาขั้นพื้นฐาน,สพป.เชียงใหม่ เขต 3,25,8.00,27.13,32.00,14.97,38.11,20.98,20.00,18.76,32.80,21.08,35.87,17.78,38.00,38.16,23.33,15.16,40.00,31.62,34.00,36.66
2568,235,บ้านปางต้นเดื่อ,แม่อาย,กลาง,นอกเมือง,สำนักงานคณะกรรมการการศึกษาขั้นพื้นฐาน,สพป.เชียงใหม่ เขต 3,16,0.00,0.00,26.25,18.33,35.20,15.95,28.75,19.96,42.50,26.34,27.81,18.90,68.75,29.97,38.44,20.25,34.38,29.15,31.25,24.21
2568,236,บ้านป่าแดง,แม่อาย,กลาง,นอกเมือง,สำนักงานคณะกรรมการการศึกษาขั้นพื้นฐาน,สพป.เชียงใหม่ เขต 3,14,7.14,25.75,34.29,26.65,25.94,24.90,24.29,17.20,32.86,22.18,29.52,12.09,35.71,29.45,26.19,19.83,46.43,29.67,35.71,39.77
2568,237,บ้านสันต้นหมื้อ,แม่อาย,กลาง,นอกเมือง,สำนักงานคณะกรรมการการศึกษาขั้นพื้นฐาน,สพป.เชียงใหม่ เขต 3,40,2.50,15.61,30.50,19.99,33.09,27.07,28.00,20.40,34.50,17.88,30.08,19.01,47.50,33.45,38.00,24.82,25.00,29.58,13.75,29.55
2568,238,บ้านสุขฤทัย,แม่อาย,กลาง,นอกเมือง,สำนักงานคณะกรรมการการศึกษาขั้นพื้นฐาน,สพป.เชียงใหม่ เขต 3,42,14.29,34.99,24.29,17.20,38.28,21.10,25.24,19.55,36.67,24.27,27.82,18.07,50.00,37.80,27.50,15.32,16.67,25.97,32.14,34.19
2568,239,บ้านห้วยคอกหมู,แม่อาย,เล็ก,นอกเมือง,สำนักงานคณะกรรมการการศึกษาขั้นพื้นฐาน,สพป.เชียงใหม่ เขต 3,14,42.86,49.49,38.57,23.26,40.60,24.90,15.71,15.45,25.71,14.00,18.81,13.28,28.57,24.74,34.17,20.79,7.14,17.50,28.57,24.74
2568,240,พระปริยัติธรรมวัดท่าตอน,แม่อาย,เล็ก,นอกเมือง,สำนักงานการศึกษาพระปริยัติธรรม แผนกสามัญศึกษา,สำนักเขตการศึกษาพระปริยัติธรรมฯ เขต  5,23,13.04,33.68,26.96,18.28,34.55,19.25,39.13,27.33,33.04,23.30,26.38,15.92,36.96,36.76,30.58,21.84,34.78,34.37,10.87,20.62
2568,241,เพียงหลวง 1 (บ้านท่าตอน),แม่อาย,กลาง,นอกเมือง,สำนักงานคณะกรรมการการศึกษาขั้นพื้นฐาน,สพป.เชียงใหม่ เขต 3,59,74.58,43.54,62.37,28.78,71.63,27.03,74.92,24.31,79.32,23.57,51.44,22.16,59.32,35.02,63.28,23.66,47.46,33.73,66.10,36.17
2568,242,แม่อายวิทยาคม,แม่อาย,ใหญ่,นอกเมือง,กรมส่งเสริมการปกครองท้องถิ่น,ท้องถิ่นจังหวัดเชียงใหม่,74,1.35,11.55,24.32,17.79,37.38,23.76,24.05,18.59,35.95,22.05,39.21,21.58,44.59,33.46,27.03,19.59,45.95,31.58,34.46,32.80
2568,243,ราชประชานุเคราะห์ 30,แม่อาย,กลาง,นอกเมือง,สำนักบริหารงานการศึกษาพิเศษ,-,39,28.21,45.00,21.54,18.33,36.84,24.01,26.67,19.91,20.51,18.94,26.20,18.14,37.18,31.46,35.90,20.43,25.64,35.58,32.05,32.99
2568,244,บ้านนามน,เวียงแหง,เล็ก,นอกเมือง,สำนักงานคณะกรรมการการศึกษาขั้นพื้นฐาน,สพป.เชียงใหม่ เขต 3,16,6.25,24.21,48.75,25.46,49.84,24.41,45.00,20.62,42.50,23.32,27.60,17.04,43.75,34.80,34.58,22.66,50.00,30.62,43.75,34.80
2568,245,บ้านปางป๋อ,เวียงแหง,เล็ก,นอกเมือง,สำนักงานคณะกรรมการการศึกษาขั้นพื้นฐาน,สพป.เชียงใหม่ เขต 3,15,6.67,24.94,34.67,21.25,54.39,23.78,37.33,20.48,32.00,19.04,29.78,22.33,30.00,30.55,34.33,17.82,23.33,24.94,23.33,30.91
2568,246,บ้านเปียงหลวง,เวียงแหง,กลาง,นอกเมือง,สำนักงานคณะกรรมการการศึกษาขั้นพื้นฐาน,สพป.เชียงใหม่ เขต 3,68,11.76,32.22,36.47,23.25,38.39,25.00,27.06,17.74,27.35,18.44,23.11,19.03,38.97,28.24,33.04,19.57,30.88,35.39,30.15,32.24
2568,247,เวียงแหงปริยัติศึกษา,เวียงแหง,เล็ก,นอกเมือง,สำนักงานการศึกษาพระปริยัติธรรม แผนกสามัญศึกษา,สำนักเขตการศึกษาพระปริยัติธรรมฯ เขต  5,12,8.33,27.64,33.33,14.91,37.94,21.53,45.00,21.79,31.67,23.75,37.92,19.53,50.00,35.36,27.64,22.83,37.50,41.46,25.00,32.27
2568,248,เวียงแหงวิทยาคม,เวียงแหง,ใหญ่,นอกเมือง,สำนักงานคณะกรรมการการศึกษาขั้นพื้นฐาน,สำนักงานเขตพื้นที่การศึกษามัธยมศึกษาเชียงใหม่,158,13.92,34.62,35.44,18.40,37.21,26.62,45.32,23.75,30.76,21.30,32.99,20.89,36.08,33.22,35.42,18.99,48.10,38.52,40.82,40.50
2568,249,บ้านบ่อแก้ว,สะเมิง,กลาง,นอกเมือง,สำนักงานคณะกรรมการการศึกษาขั้นพื้นฐาน,สพป.เชียงใหม่ เขต 2,19,10.53,30.69,25.26,21.37,34.76,24.47,21.05,10.21,29.47,25.44,33.42,16.06,36.84,42.43,23.25,15.63,28.95,24.69,50.00,36.27
2568,250,บ้านปางขุม,สะเมิง,เล็ก,นอกเมือง,สำนักงานคณะกรรมการการศึกษาขั้นพื้นฐาน,สพป.เชียงใหม่ เขต 2,2,0.00,0.00,10.00,10.00,43.42,14.47,50.00,10.00,30.00,10.00,22.50,4.17,75.00,25.00,6.67,6.67,50.00,0.00,25.00,25.00
2568,251,บ้านป่าลาน,สะเมิง,เล็ก,นอกเมือง,สำนักงานคณะกรรมการการศึกษาขั้นพื้นฐาน,สพป.เชียงใหม่ เขต 2,8,0.00,0.00,20.00,14.14,38.16,24.44,30.00,22.36,15.00,13.23,42.50,23.12,31.25,34.80,32.71,14.84,50.00,0.00,43.75,39.03
2568,252,บ้านแม่ขะปู,สะเมิง,เล็ก,นอกเมือง,สำนักงานคณะกรรมการการศึกษาขั้นพื้นฐาน,สพป.เชียงใหม่ เขต 2,9,11.11,31.43,37.78,14.74,47.08,28.19,26.67,13.33,26.67,16.33,43.52,10.70,16.67,23.57,23.70,26.27,44.44,36.85,27.78,24.85
2568,253,บ้านแม่โต๋,สะเมิง,เล็ก,นอกเมือง,สำนักงานคณะกรรมการการศึกษาขั้นพื้นฐาน,สพป.เชียงใหม่ เขต 2,31,0.00,0.00,25.16,18.29,44.14,22.02,21.94,20.54,39.35,24.09,39.46,17.54,30.65,35.19,27.31,17.66,43.55,32.98,33.87,32.10
2568,254,บ้านแม่ยางห้า,สะเมิง,เล็ก,นอกเมือง,สำนักงานคณะกรรมการการศึกษาขั้นพื้นฐาน,สพป.เชียงใหม่ เขต 2,17,5.88,23.53,29.41,19.54,44.58,19.85,22.35,13.52,43.53,18.45,29.22,14.00,38.24,36.50,21.76,19.47,38.24,27.28,29.41,38.57
2568,255,บ้านแม่ลานคำ,สะเมิง,เล็ก,นอกเมือง,สำนักงานคณะกรรมการการศึกษาขั้นพื้นฐาน,สพป.เชียงใหม่ เขต 2,14,21.43,41.03,30.00,10.00,34.40,29.70,18.57,17.67,22.86,19.79,34.05,13.90,39.29,27.89,34.17,18.81,53.57,39.93,28.57,31.13
2568,256,บ้านแม่แว,สะเมิง,เล็ก,นอกเมือง,สำนักงานคณะกรรมการการศึกษาขั้นพื้นฐาน,สพป.เชียงใหม่ เขต 2,18,16.67,37.27,22.22,20.96,32.46,16.53,23.33,16.67,33.33,22.11,22.69,13.54,50.00,33.33,20.65,10.03,36.11,32.51,25.00,25.00
2568,257,วัดงิ้วเฒ่า,สะเมิง,เล็ก,นอกเมือง,สำนักงานคณะกรรมการการศึกษาขั้นพื้นฐาน,สพป.เชียงใหม่ เขต 2,16,6.25,24.21,26.25,23.15,48.19,32.93,21.25,16.54,32.50,22.22,40.52,15.37,15.63,23.18,20.94,10.26,53.13,37.37,43.75,34.80
2568,258,วัดยั้งเมิน,สะเมิง,เล็ก,นอกเมือง,สำนักงานคณะกรรมการการศึกษาขั้นพื้นฐาน,สพป.เชียงใหม่ เขต 2,11,0.00,0.00,34.55,22.71,31.82,25.08,16.36,11.50,27.27,17.63,25.30,23.33,27.27,24.90,28.64,14.09,68.18,24.05,40.91,35.79
2568,259,วัดสะเมิงวิทยา,สะเมิง,เล็ก,นอกเมือง,สำนักงานการศึกษาพระปริยัติธรรม แผนกสามัญศึกษา,สำนักเขตการศึกษาพระปริยัติธรรมฯ เขต  5,3,0.00,0.00,20.00,16.33,57.02,11.83,33.33,24.94,20.00,16.33,33.33,11.14,50.00,40.82,27.22,26.61,16.67,23.57,16.67,23.57
2568,260,สะเมิงพิทยาคม,สะเมิง,กลาง,นอกเมือง,สำนักงานคณะกรรมการการศึกษาขั้นพื้นฐาน,สำนักงานเขตพื้นที่การศึกษามัธยมศึกษาเชียงใหม่,75,5.33,22.47,27.73,22.60,42.67,20.05,29.87,16.45,42.40,23.54,33.11,18.10,50.00,32.66,27.33,19.73,48.67,29.41,30.00,30.55
2568,261,บ้านบวกค้าง,สันกำแพง,เล็ก,นอกเมือง,สำนักงานคณะกรรมการการศึกษาขั้นพื้นฐาน,สพป.เชียงใหม่ เขต 1,6,33.33,47.14,33.33,14.91,36.84,23.04,33.33,9.43,23.33,21.34,25.00,20.97,16.67,23.57,50.83,15.36,50.00,28.87,66.67,37.27
2568,262,บ้านแม่ปูคา,สันกำแพง,เล็ก,นอกเมือง,สำนักงานคณะกรรมการการศึกษาขั้นพื้นฐาน,สพป.เชียงใหม่ เขต 1,12,8.33,27.64,38.33,23.75,42.54,28.44,36.67,17.95,43.33,21.34,30.42,18.54,25.00,25.00,36.39,21.77,8.33,18.63,20.83,24.65
2568,263,บ้านหนองโค้ง,สันกำแพง,กลาง,นอกเมือง,สำนักงานคณะกรรมการการศึกษาขั้นพื้นฐาน,สพป.เชียงใหม่ เขต 1,45,51.11,49.99,29.33,20.04,33.57,25.71,38.67,19.96,34.67,18.09,31.67,16.37,36.67,33.99,38.63,23.30,65.56,33.04,62.22,31.89
2568,264,วัดล้านตอง,สันกำแพง,เล็ก,นอกเมือง,สำนักงานคณะกรรมการการศึกษาขั้นพื้นฐาน,สพป.เชียงใหม่ เขต 1,3,0.00,0.00,26.67,9.43,33.33,12.22,20.00,16.33,26.67,24.94,35.00,2.36,50.00,40.82,46.67,23.57,33.33,47.14,33.33,47.14
2568,265,สันกำแพง,สันกำแพง,ใหญ่พิเศษ,นอกเมือง,สำนักงานคณะกรรมการการศึกษาขั้นพื้นฐาน,สำนักงานเขตพื้นที่การศึกษามัธยมศึกษาเชียงใหม่,457,33.04,47.04,32.56,21.02,36.83,25.91,31.86,22.61,35.84,22.52,32.71,19.44,33.92,34.83,37.18,19.40,56.13,36.92,50.98,35.84
2568,266,สันกำแพงคันธาอนุสรณ์,สันกำแพง,เล็ก,นอกเมือง,สำนักงานคณะกรรมการการศึกษาขั้นพื้นฐาน,สพป.เชียงใหม่ เขต 1,12,0.00,0.00,36.67,21.34,11.18,14.26,35.00,23.27,18.33,19.08,37.64,14.91,33.33,23.57,44.31,17.04,75.00,38.19,50.00,35.36
2568,267,ชลประทานเขื่อนแม่กวงจิราธิวัฒน์อุปถัมภ์,สันทราย,กลาง,นอกเมือง,สำนักงานคณะกรรมการการศึกษาขั้นพื้นฐาน,สพป.เชียงใหม่ เขต 2,26,0.00,0.00,28.46,22.31,33.91,24.22,23.85,20.01,33.08,19.96,37.63,20.47,53.85,39.03,23.01,17.74,36.54,26.16,19.23,28.00
2568,268,บ้านเจดีย์แม่ครัว,สันทราย,กลาง,นอกเมือง,สำนักงานคณะกรรมการการศึกษาขั้นพื้นฐาน,สพป.เชียงใหม่ เขต 2,43,0.00,0.00,23.26,17.22,36.84,20.42,23.26,18.77,40.47,18.55,29.38,17.12,45.35,33.78,27.05,17.11,39.53,31.55,30.23,34.34
2568,269,บ้านบวกเปา,สันทราย,เล็ก,นอกเมือง,สำนักงานคณะกรรมการการศึกษาขั้นพื้นฐาน,สพป.เชียงใหม่ เขต 2,17,0.00,0.00,57.65,29.01,25.85,16.80,34.12,21.44,23.53,17.13,20.78,13.90,50.00,38.35,31.76,26.01,55.88,33.79,58.82,39.24
2568,270,บ้านแม่โจ้,สันทราย,กลาง,นอกเมือง,สำนักงานคณะกรรมการการศึกษาขั้นพื้นฐาน,สพป.เชียงใหม่ เขต 2,12,0.00,0.00,25.00,25.98,21.49,21.16,30.00,19.15,31.67,22.30,39.03,15.83,20.83,24.65,32.22,15.67,58.33,18.63,16.67,23.57
2568,271,บ้านร่มหลวง,สันทราย,เล็ก,นอกเมือง,สำนักงานคณะกรรมการการศึกษาขั้นพื้นฐาน,สพป.เชียงใหม่ เขต 2,21,14.29,34.99,12.38,14.44,31.08,23.46,22.86,15.47,40.95,19.98,27.70,20.30,61.90,34.17,32.46,18.73,50.00,34.50,35.71,34.99
2568,272,บ้านศรีบุญเรือง,สันทราย,กลาง,นอกเมือง,สำนักงานคณะกรรมการการศึกษาขั้นพื้นฐาน,สพป.เชียงใหม่ เขต 2,19,0.00,0.00,21.05,19.97,36.84,16.62,30.53,20.89,37.89,18.23,30.79,18.78,34.21,36.46,27.72,22.42,39.47,30.69,23.68,29.77
2568,273,บ้านหนองไคร้,สันทราย,กลาง,นอกเมือง,สำนักงานคณะกรรมการการศึกษาขั้นพื้นฐาน,สพป.เชียงใหม่ เขต 2,44,6.82,25.21,34.09,26.48,35.89,21.11,27.73,19.17,37.27,25.79,43.07,21.96,46.59,35.99,32.35,16.16,56.82,22.84,39.77,31.22
2568,274,บ้านหลักปัน,สันทราย,กลาง,นอกเมือง,สำนักงานคณะกรรมการการศึกษาขั้นพื้นฐาน,สพป.เชียงใหม่ เขต 2,19,15.79,36.46,25.26,16.97,42.80,24.93,28.42,19.81,33.68,18.41,48.77,24.08,34.21,28.34,43.07,20.61,55.26,27.60,34.21,28.34
2568,275,พงษ์พิกุลเชียงใหม่,สันทราย,กลาง,นอกเมือง,สำนักงานคณะกรรมการส่งเสริมการศึกษาเอกชน,-,12,8.33,27.64,36.67,19.72,35.09,23.59,16.67,22.85,16.67,22.85,37.64,16.53,33.33,37.27,25.42,12.98,33.33,31.18,41.67,27.64
2568,276,วัดแม่แก้ดน้อย,สันทราย,ใหญ่,นอกเมือง,สำนักงานคณะกรรมการการศึกษาขั้นพื้นฐาน,สพป.เชียงใหม่ เขต 2,63,7.94,27.03,28.89,23.03,36.63,23.05,26.03,19.07,36.19,24.91,32.88,22.76,25.40,31.96,23.25,14.12,48.41,29.50,25.40,29.38
2568,277,วัดวิเวกวนาราม,สันทราย,เล็ก,นอกเมือง,สำนักงานการศึกษาพระปริยัติธรรม แผนกสามัญศึกษา,สำนักเขตการศึกษาพระปริยัติธรรมฯ เขต  5,19,10.53,30.69,24.21,20.08,28.67,24.70,26.32,19.52,31.58,20.84,31.58,15.93,44.74,35.89,30.79,14.92,34.21,36.46,18.42,29.07
2568,278,ศรีสังวาลย์เชียงใหม่,สันทราย,กลาง,นอกเมือง,สำนักบริหารงานการศึกษาพิเศษ,-,0,-,-,-,-,-,-,-,-,-,-,-,-,-,-,-,-,-,-,-,-
2568,279,สันทรายวิทยาคม,สันทราย,ใหญ่,นอกเมือง,สำนักงานคณะกรรมการการศึกษาขั้นพื้นฐาน,สำนักงานเขตพื้นที่การศึกษามัธยมศึกษาเชียงใหม่,288,19.44,39.58,29.38,19.85,30.05,24.07,29.10,21.39,34.03,23.46,31.47,19.21,33.68,31.64,34.40,20.08,56.60,36.20,49.13,35.47
2568,280,สันทรายหลวง,สันทราย,กลาง,นอกเมือง,สำนักงานคณะกรรมการการศึกษาขั้นพื้นฐาน,สพป.เชียงใหม่ เขต 2,85,2.35,15.16,24.00,18.61,36.19,20.93,26.82,20.01,37.18,21.51,32.80,20.67,37.06,35.27,27.08,16.35,47.65,26.46,35.88,31.26
2568,281,ทุ่งฟ้าบดราษฎร์บำรุง,สันป่าตอง,กลาง,นอกเมือง,กรมส่งเสริมการปกครองท้องถิ่น,ท้องถิ่นจังหวัดเชียงใหม่,51,1.96,13.86,37.65,25.56,29.36,23.38,26.27,21.87,30.20,19.55,33.46,20.86,38.24,32.22,18.63,15.04,48.04,35.65,40.20,35.73
2568,282,เทพศิรินทร์ เชียงใหม่,สันป่าตอง,กลาง,นอกเมือง,สำนักงานคณะกรรมการการศึกษาขั้นพื้นฐาน,สำนักงานเขตพื้นที่การศึกษามัธยมศึกษาเชียงใหม่,85,4.71,21.18,33.41,21.12,30.31,21.95,20.00,17.35,45.41,23.64,30.10,18.98,28.24,31.10,29.20,18.56,46.47,36.61,47.65,37.50
2568,283,บ้านทุ่งเสี้ยว (นวรัฐ),สันป่าตอง,เล็ก,นอกเมือง,สำนักงานคณะกรรมการการศึกษาขั้นพื้นฐาน,สพป.เชียงใหม่ เขต 4,8,37.50,48.41,30.00,20.00,61.84,24.44,27.50,9.68,45.00,21.79,36.46,20.15,18.75,24.21,30.63,19.27,37.50,33.07,31.25,34.80
2568,284,บ้านร่องน้ำ,สันป่าตอง,เล็ก,นอกเมือง,สำนักงานคณะกรรมการการศึกษาขั้นพื้นฐาน,สพป.เชียงใหม่ เขต 4,4,25.00,43.30,20.00,14.14,44.74,9.12,45.00,16.58,35.00,8.66,30.83,19.81,37.50,21.65,49.17,22.68,75.00,25.00,37.50,21.65
2568,285,บ้านหัวริน,สันป่าตอง,เล็ก,นอกเมือง,สำนักงานคณะกรรมการการศึกษาขั้นพื้นฐาน,สพป.เชียงใหม่ เขต 4,12,8.33,27.64,36.67,22.85,38.16,13.90,16.67,13.74,46.67,20.55,39.72,21.93,33.33,23.57,20.14,19.07,50.00,35.36,20.83,32.00
2568,286,พัฒนวิทย์ศึกษา,สันป่าตอง,ใหญ่,นอกเมือง,สำนักงานคณะกรรมการส่งเสริมการศึกษาเอกชน,-,33,12.12,32.64,43.64,23.33,42.26,26.18,42.42,18.91,25.45,14.16,26.57,18.85,36.36,30.83,25.61,17.07,40.91,35.79,18.18,27.02
2568,287,วัดกู่คำ,สันป่าตอง,เล็ก,นอกเมือง,สำนักงานคณะกรรมการการศึกษาขั้นพื้นฐาน,สพป.เชียงใหม่ เขต 4,20,30.00,45.83,36.00,20.59,39.08,22.40,26.00,16.85,30.00,21.45,33.92,17.01,30.00,29.15,40.25,14.52,45.00,38.41,40.00,33.91
2568,288,วัดโรงวัว,สันป่าตอง,เล็ก,นอกเมือง,สำนักงานคณะกรรมการการศึกษาขั้นพื้นฐาน,สพป.เชียงใหม่ เขต 4,11,72.73,44.54,25.45,8.91,24.16,30.48,38.18,15.85,29.09,15.64,47.12,18.22,50.00,21.32,34.24,22.33,45.45,14.37,50.00,42.64
2568,289,สันป่าตองวิทยาคม,สันป่าตอง,ใหญ่พิเศษ,นอกเมือง,สำนักงานคณะกรรมการการศึกษาขั้นพื้นฐาน,สำนักงานเขตพื้นที่การศึกษามัธยมศึกษาเชียงใหม่,340,19.12,39.32,31.94,20.69,33.13,25.42,30.12,21.45,36.53,21.98,32.43,18.77,32.65,34.20,37.01,19.24,60.00,34.98,56.32,36.94
2568,290,ช่องฟ้าซินเซิงวาณิชบำรุง,สารภี,ใหญ่พิเศษ,นอกเมือง,สำนักงานคณะกรรมการส่งเสริมการศึกษาเอกชน,-,169,13.02,33.65,46.98,21.56,45.66,27.24,51.95,25.12,26.98,19.61,27.43,17.81,50.30,37.88,29.32,19.87,46.75,36.55,44.97,39.09
2568,291,ชุมชนวัดศรีคำชมภู,สารภี,กลาง,นอกเมือง,สำนักงานคณะกรรมการการศึกษาขั้นพื้นฐาน,สพป.เชียงใหม่ เขต 4,25,40.00,48.99,32.00,16.00,48.00,21.30,41.60,27.67,49.60,26.61,42.60,15.59,22.00,28.57,60.47,22.26,48.00,29.93,54.00,34.41
2568,292,บ้านปากเหมือง,สารภี,กลาง,นอกเมือง,สำนักงานคณะกรรมการการศึกษาขั้นพื้นฐาน,สพป.เชียงใหม่ เขต 4,16,0.00,0.00,30.00,24.49,38.49,21.56,20.00,15.81,48.75,21.18,35.94,21.11,18.75,24.21,32.29,19.02,50.00,30.62,59.38,31.72
2568,293,วชิราลัย,สารภี,กลาง,นอกเมือง,สำนักงานคณะกรรมการส่งเสริมการศึกษาเอกชน,-,35,31.43,46.42,26.29,16.40,65.49,22.68,29.14,16.10,49.14,15.38,48.76,17.69,50.00,23.90,57.90,19.91,50.00,20.70,68.57,37.96
2568,294,วัดท่าต้นกวาว,สารภี,เล็ก,นอกเมือง,สำนักงานคณะกรรมการการศึกษาขั้นพื้นฐาน,สพป.เชียงใหม่ เขต 4,25,28.00,44.90,30.40,18.86,24.63,23.18,37.60,21.41,28.00,19.60,29.40,16.23,54.00,31.37,36.53,22.05,66.00,27.28,46.00,34.41
2568,295,วัดบวกครกเหนือ,สารภี,เล็ก,นอกเมือง,สำนักงานคณะกรรมการการศึกษาขั้นพื้นฐาน,สพป.เชียงใหม่ เขต 4,21,19.05,39.27,37.14,21.63,37.09,27.84,28.57,16.98,28.57,23.56,30.56,20.49,26.19,24.97,35.08,14.92,38.10,34.17,40.48,36.58
2568,296,วัดเวฬุวัน,สารภี,ใหญ่,นอกเมือง,สำนักงานคณะกรรมการการศึกษาขั้นพื้นฐาน,สพป.เชียงใหม่ เขต 4,117,12.82,33.43,28.03,19.75,30.00,22.92,30.77,22.27,33.50,23.07,32.28,18.13,36.32,34.97,40.74,21.75,64.53,34.63,50.85,36.39
2568,297,วัดศรีดอนชัย,สารภี,เล็ก,นอกเมือง,สำนักงานคณะกรรมการการศึกษาขั้นพื้นฐาน,สพป.เชียงใหม่ เขต 4,10,40.00,48.99,26.00,12.81,32.89,17.43,20.00,15.49,42.00,18.87,50.00,20.92,40.00,30.00,26.00,14.82,55.00,35.00,55.00,35.00
2568,298,สารภีปริยัติศึกษา,สารภี,เล็ก,นอกเมือง,สำนักงานการศึกษาพระปริยัติธรรม แผนกสามัญศึกษา,สำนักเขตการศึกษาพระปริยัติธรรมฯ เขต  5,20,0.00,0.00,27.00,23.04,17.63,16.65,18.00,17.78,32.00,20.40,36.08,20.15,25.00,33.54,32.50,23.73,30.00,33.17,15.00,22.91
2568,299,สารภีพิทยาคม,สารภี,กลาง,นอกเมือง,สำนักงานคณะกรรมการการศึกษาขั้นพื้นฐาน,สำนักงานเขตพื้นที่การศึกษามัธยมศึกษาเชียงใหม่,132,33.33,47.14,35.61,21.36,34.77,23.29,33.79,19.72,32.12,21.14,35.76,19.50,33.71,34.54,36.59,19.25,51.14,40.11,46.21,36.73
2568,300,สืบนทีธรรม,สารภี,กลาง,นอกเมือง,สำนักงานคณะกรรมการส่งเสริมการศึกษาเอกชน,-,35,11.43,31.82,27.43,19.76,31.73,20.67,29.71,22.10,35.43,18.57,26.62,20.03,37.14,34.52,27.81,16.75,35.71,25.56,37.14,30.10
2568,301,ต้นแก้วผดุงพิทยาลัย,หางดง,ใหญ่,นอกเมือง,กรมส่งเสริมการปกครองท้องถิ่น,ท้องถิ่นจังหวัดเชียงใหม่,59,13.56,34.24,32.20,18.42,29.39,25.25,37.97,21.37,24.75,17.40,33.11,17.19,30.51,36.84,39.86,19.18,72.88,36.03,59.32,36.21
2568,302,เทศบาลหนองตองวิทยา,หางดง,เล็ก,นอกเมือง,กรมส่งเสริมการปกครองท้องถิ่น,ท้องถิ่นจังหวัดเชียงใหม่,10,10.00,30.00,28.00,9.80,24.21,23.62,32.00,16.00,22.00,18.87,34.50,12.11,30.00,33.17,29.83,12.30,50.00,38.73,40.00,43.59
2568,303,บ้านน้ำแพร่,หางดง,เล็ก,นอกเมือง,สำนักงานคณะกรรมการการศึกษาขั้นพื้นฐาน,สพป.เชียงใหม่ เขต 4,21,42.86,49.49,49.52,21.93,40.48,27.04,32.38,17.97,38.10,22.17,31.98,20.23,57.14,31.94,40.24,17.01,54.76,34.17,45.24,34.17
2568,304,บ้านปง,หางดง,เล็ก,นอกเมือง,สำนักงานคณะกรรมการการศึกษาขั้นพื้นฐาน,สพป.เชียงใหม่ เขต 4,29,24.14,42.79,34.48,14.76,36.93,26.33,22.76,18.74,35.17,20.11,30.00,20.07,43.10,38.78,36.67,22.44,53.45,34.57,44.83,30.36
2568,305,บ้านสันป่าสัก,หางดง,กลาง,นอกเมือง,สำนักงานคณะกรรมการการศึกษาขั้นพื้นฐาน,สพป.เชียงใหม่ เขต 4,77,14.29,34.99,37.66,20.38,38.35,26.20,42.08,23.37,35.06,24.37,34.37,18.97,37.66,37.06,42.51,18.91,53.25,37.22,47.40,39.39
2568,306,พันธสัญญา,หางดง,เล็ก,นอกเมือง,สำนักงานคณะกรรมการส่งเสริมการศึกษาเอกชน,-,3,0.00,0.00,26.67,9.43,9.65,13.65,40.00,32.66,13.33,18.86,33.33,4.71,83.33,23.57,37.78,8.64,50.00,40.82,100.00,0.00
2568,307,วัดศรีสว่าง,หางดง,เล็ก,นอกเมือง,สำนักงานคณะกรรมการการศึกษาขั้นพื้นฐาน,สพป.เชียงใหม่ เขต 4,8,37.50,48.41,15.00,13.23,41.12,21.38,30.00,17.32,27.50,19.84,28.96,18.35,25.00,25.00,23.96,7.81,68.75,34.80,12.50,21.65
2568,308,สาธิตนานาชาติทวิภาษาแห่งมหาวิทยาลัยรังสิต เชียงใหม่,หางดง,กลาง,นอกเมือง,สำนักงานคณะกรรมการส่งเสริมการศึกษาเอกชน,-,7,0.00,0.00,42.86,16.66,46.99,21.63,48.57,9.90,48.57,14.57,65.48,13.35,7.14,17.50,38.57,20.15,85.71,34.99,64.29,34.99
2568,309,หางดงรัฐราษฎร์อุปถัมภ์,หางดง,ใหญ่,นอกเมือง,สำนักงานคณะกรรมการการศึกษาขั้นพื้นฐาน,สำนักงานเขตพื้นที่การศึกษามัธยมศึกษาเชียงใหม่,277,5.78,23.33,36.53,21.75,37.95,25.87,33.72,22.41,27.73,18.60,34.04,22.05,36.28,33.88,28.47,17.45,45.85,34.66,36.46,36.14
2568,310,หางดงสังฆราษฎร์อุปถัมภ์,หางดง,เล็ก,นอกเมือง,สำนักงานการศึกษาพระปริยัติธรรม แผนกสามัญศึกษา,สำนักเขตการศึกษาพระปริยัติธรรมฯ เขต  5,11,27.27,44.54,29.09,23.14,33.73,23.56,18.18,19.92,32.73,23.00,32.12,19.18,22.73,24.90,21.52,18.12,40.91,28.75,36.36,37.48
2568,311,บ้านซิแบร,อมก๋อย,เล็ก,นอกเมือง,สำนักงานคณะกรรมการการศึกษาขั้นพื้นฐาน,สพป.เชียงใหม่ เขต 5,13,0.00,0.00,55.38,27.35,27.94,15.40,23.08,21.97,23.08,18.97,19.36,13.74,38.46,28.78,23.85,14.33,15.38,23.08,30.77,24.33
2568,312,บ้านตุงลอย,อมก๋อย,กลาง,นอกเมือง,สำนักงานคณะกรรมการการศึกษาขั้นพื้นฐาน,สพป.เชียงใหม่ เขต 5,25,28.00,44.90,49.60,22.00,32.11,25.34,26.40,15.72,21.60,16.89,27.00,16.81,44.00,29.39,25.07,16.42,52.00,33.11,58.00,36.55
2568,313,บ้านนาเกียน,อมก๋อย,เล็ก,นอกเมือง,สำนักงานคณะกรรมการการศึกษาขั้นพื้นฐาน,สพป.เชียงใหม่ เขต 5,24,12.50,33.07,45.83,27.98,26.43,23.45,23.33,18.86,24.17,19.13,25.83,18.23,45.83,40.61,28.26,14.53,25.00,32.27,43.75,36.26
2568,314,บ้านมูเซอ,อมก๋อย,กลาง,นอกเมือง,สำนักงานคณะกรรมการการศึกษาขั้นพื้นฐาน,สพป.เชียงใหม่ เขต 5,27,0.00,0.00,46.67,24.34,31.48,30.35,17.78,16.63,25.93,20.23,21.60,12.83,31.48,27.72,26.85,18.25,24.07,24.98,35.19,38.04
2568,315,บ้านแม่ต๋อม,อมก๋อย,กลาง,นอกเมือง,สำนักงานคณะกรรมการการศึกษาขั้นพื้นฐาน,สพป.เชียงใหม่ เขต 5,23,8.70,28.18,53.91,24.63,29.06,21.43,36.52,18.32,26.96,17.30,24.13,12.77,36.96,33.68,24.78,13.74,36.96,30.28,50.00,36.12
2568,316,บ้านแม่อ่างขาง,อมก๋อย,เล็ก,นอกเมือง,สำนักงานคณะกรรมการการศึกษาขั้นพื้นฐาน,สพป.เชียงใหม่ เขต 5,13,0.00,0.00,53.85,29.75,34.62,20.56,13.85,14.43,27.69,16.71,27.82,19.07,50.00,33.97,25.26,15.85,53.85,36.49,57.69,43.17
2568,317,บ้านยางครก,อมก๋อย,เล็ก,นอกเมือง,สำนักงานคณะกรรมการการศึกษาขั้นพื้นฐาน,สพป.เชียงใหม่ เขต 5,22,0.00,0.00,43.64,21.44,24.04,25.46,25.45,21.05,23.64,18.72,23.18,14.91,31.82,32.14,23.41,12.09,31.82,35.50,43.18,37.83
2568,318,บ้านยางเปา,อมก๋อย,กลาง,นอกเมือง,สำนักงานคณะกรรมการการศึกษาขั้นพื้นฐาน,สพป.เชียงใหม่ เขต 5,38,7.89,26.97,45.26,21.37,34.83,30.37,30.53,21.88,31.05,18.18,34.87,20.17,34.21,36.46,25.18,14.77,27.63,33.83,26.32,29.77
2568,319,บ้านยางเปียง,อมก๋อย,เล็ก,นอกเมือง,สำนักงานคณะกรรมการการศึกษาขั้นพื้นฐาน,สพป.เชียงใหม่ เขต 5,14,7.14,25.75,32.86,17.90,44.92,22.65,28.57,18.07,25.71,17.61,20.36,17.45,39.29,27.89,26.31,19.12,25.00,31.34,14.29,22.59
2568,320,บ้านสบลาน,อมก๋อย,กลาง,นอกเมือง,สำนักงานคณะกรรมการการศึกษาขั้นพื้นฐาน,สพป.เชียงใหม่ เขต 5,4,0.00,0.00,45.00,21.79,5.26,9.12,30.00,22.36,20.00,24.49,32.92,11.27,37.50,21.65,21.25,13.71,25.00,25.00,25.00,25.00
2568,321,บ้านห้วยโค้ง,อมก๋อย,กลาง,นอกเมือง,สำนักงานคณะกรรมการการศึกษาขั้นพื้นฐาน,สพป.เชียงใหม่ เขต 5,16,0.00,0.00,36.25,23.68,25.49,19.38,18.75,17.98,26.25,15.36,34.27,18.09,25.00,30.62,28.12,12.80,56.25,29.97,25.00,35.36
2568,322,บ้านห้วยน้ำขาว,อมก๋อย,กลาง,นอกเมือง,สำนักงานคณะกรรมการการศึกษาขั้นพื้นฐาน,สพป.เชียงใหม่ เขต 5,42,9.52,29.35,40.48,22.46,37.84,26.46,31.90,24.71,26.67,18.86,30.44,19.12,38.10,32.38,28.25,18.04,33.33,25.97,22.62,29.28
2568,323,บ้านห้วยไม้หก,อมก๋อย,เล็ก,นอกเมือง,สำนักงานคณะกรรมการการศึกษาขั้นพื้นฐาน,สพป.เชียงใหม่ เขต 5,25,8.00,27.13,53.60,20.95,33.26,21.27,32.80,17.78,16.00,16.97,22.47,14.70,54.00,37.20,27.67,17.68,24.00,28.71,40.00,28.28
2568,324,บ้านอูตูม,อมก๋อย,กลาง,นอกเมือง,สำนักงานคณะกรรมการการศึกษาขั้นพื้นฐาน,สพป.เชียงใหม่ เขต 5,49,4.08,19.79,49.39,20.24,23.31,26.55,20.82,16.64,21.63,18.00,23.47,15.21,36.73,33.16,26.43,20.05,25.51,30.51,36.73,34.66
2568,325,แม่ตื่นวิทยาคม,อมก๋อย,กลาง,นอกเมือง,สำนักงานคณะกรรมการการศึกษาขั้นพื้นฐาน,สำนักงานเขตพื้นที่การศึกษามัธยมศึกษาเชียงใหม่,107,26.17,43.96,28.60,20.48,28.58,21.99,24.67,19.64,25.23,17.58,32.20,18.59,26.17,33.03,34.80,21.10,55.14,37.40,41.59,35.18
2568,326,อมก๋อยวิทยาคม,อมก๋อย,ใหญ่,นอกเมือง,สำนักงานคณะกรรมการการศึกษาขั้นพื้นฐาน,สำนักงานเขตพื้นที่การศึกษามัธยมศึกษาเชียงใหม่,147,8.16,27.38,29.66,19.84,35.21,23.90,29.52,20.25,29.52,21.17,30.80,17.51,36.73,38.39,28.98,19.15,42.18,33.86,34.69,33.31
2568,327,ชุมชนบ้านท่าข้าม,ฮอด,กลาง,นอกเมือง,สำนักงานคณะกรรมการการศึกษาขั้นพื้นฐาน,สพป.เชียงใหม่ เขต 5,29,24.14,42.79,41.38,22.24,39.93,28.53,33.79,24.69,26.21,17.50,23.39,15.56,44.83,33.07,29.37,16.85,29.31,27.91,48.28,38.24
2568,328,บ้านกองลอย,ฮอด,กลาง,นอกเมือง,สำนักงานคณะกรรมการการศึกษาขั้นพื้นฐาน,สพป.เชียงใหม่ เขต 5,15,0.00,0.00,37.33,21.75,54.04,24.29,46.67,30.70,41.33,15.43,31.11,15.09,43.33,35.90,32.56,22.99,26.67,24.94,16.67,29.81
2568,329,บ้านแควมะกอก,ฮอด,กลาง,นอกเมือง,สำนักงานคณะกรรมการการศึกษาขั้นพื้นฐาน,สพป.เชียงใหม่ เขต 5,16,6.25,24.21,35.00,16.58,51.48,23.94,45.00,20.62,30.00,18.71,30.63,19.03,28.13,30.46,19.06,15.46,25.00,25.00,12.50,21.65
2568,330,บ้านตาลเหนือ,ฮอด,เล็ก,นอกเมือง,สำนักงานคณะกรรมการการศึกษาขั้นพื้นฐาน,สพป.เชียงใหม่ เขต 5,8,25.00,43.30,60.00,20.00,22.37,23.28,32.50,24.37,32.50,26.34,28.33,24.90,62.50,21.65,26.04,19.74,50.00,35.36,56.25,39.03
2568,331,บ้านเตียนอาง,ฮอด,เล็ก,นอกเมือง,สำนักงานคณะกรรมการการศึกษาขั้นพื้นฐาน,สพป.เชียงใหม่ เขต 5,14,21.43,41.03,54.29,23.21,26.88,17.69,35.71,17.20,22.86,18.29,22.86,17.12,50.00,18.90,30.48,16.15,46.43,44.18,35.71,34.99
2568,332,บ้านทุ่งโป่ง,ฮอด,เล็ก,นอกเมือง,สำนักงานคณะกรรมการการศึกษาขั้นพื้นฐาน,สพป.เชียงใหม่ เขต 5,9,0.00,0.00,48.89,26.85,25.15,15.60,31.11,21.31,20.00,18.86,24.44,11.19,16.67,23.57,33.70,10.21,50.00,40.82,50.00,33.33
2568,333,บ้านนาฟ่อน,ฮอด,เล็ก,นอกเมือง,สำนักงานคณะกรรมการการศึกษาขั้นพื้นฐาน,สพป.เชียงใหม่ เขต 5,14,0.00,0.00,37.14,21.19,46.62,25.95,41.43,19.22,40.00,30.24,23.33,15.80,25.00,25.00,46.31,25.26,35.71,34.99,10.71,20.52
2568,334,บ้านบ่อหลวง,ฮอด,กลาง,นอกเมือง,สำนักงานคณะกรรมการการศึกษาขั้นพื้นฐาน,สพป.เชียงใหม่ เขต 5,18,11.11,31.43,44.44,27.93,20.91,21.48,41.11,23.54,23.33,16.67,22.87,14.88,52.78,38.99,29.91,20.87,41.67,38.19,58.33,25.00
2568,335,บ้านพุย,ฮอด,เล็ก,นอกเมือง,สำนักงานคณะกรรมการการศึกษาขั้นพื้นฐาน,สพป.เชียงใหม่ เขต 5,9,0.00,0.00,46.67,21.08,28.65,10.99,33.33,24.94,35.56,20.61,31.67,12.98,33.33,23.57,26.85,15.16,55.56,36.85,50.00,40.82
2568,336,บ้านแม่งูด,ฮอด,เล็ก,นอกเมือง,สำนักงานคณะกรรมการการศึกษาขั้นพื้นฐาน,สพป.เชียงใหม่ เขต 5,17,5.88,23.53,28.24,13.82,45.82,22.91,50.59,25.78,36.47,21.95,39.61,17.68,41.18,25.64,27.94,16.38,29.41,29.99,17.65,23.89
2568,337,บ้านแม่ลาย,ฮอด,เล็ก,นอกเมือง,สำนักงานคณะกรรมการการศึกษาขั้นพื้นฐาน,สพป.เชียงใหม่ เขต 5,16,6.25,24.21,35.00,18.03,52.30,25.48,40.00,18.71,41.25,19.32,35.00,23.46,37.50,41.46,41.15,25.14,21.88,24.80,15.63,23.18
2568,338,บ้านวังลุง,ฮอด,เล็ก,นอกเมือง,สำนักงานคณะกรรมการการศึกษาขั้นพื้นฐาน,สพป.เชียงใหม่ เขต 5,15,0.00,0.00,30.67,17.69,36.84,30.11,32.00,22.86,38.67,18.57,27.33,17.11,23.33,30.91,34.33,19.67,20.00,24.49,23.33,35.90
2568,339,แม่โถวิทยาคม,ฮอด,กลาง,นอกเมือง,สำนักงานคณะกรรมการการศึกษาขั้นพื้นฐาน,สพป.เชียงใหม่ เขต 5,30,10.00,30.00,34.00,19.43,36.75,24.77,28.00,16.00,22.00,18.87,32.67,15.16,25.00,30.96,30.06,19.86,36.67,28.67,21.67,30.78
2568,340,วัดบ้านขุนเตรียมพุทธศาสตร์,ฮอด,เล็ก,นอกเมือง,สำนักงานการศึกษาพระปริยัติธรรม แผนกสามัญศึกษา,สำนักเขตการศึกษาพระปริยัติธรรมฯ เขต  5,34,11.76,32.22,41.18,22.72,34.60,29.05,34.12,21.98,27.06,16.00,25.25,20.54,27.94,34.71,29.85,20.30,35.29,30.99,29.41,32.35
2568,341,ฮอดพิทยาคม,ฮอด,ใหญ่,นอกเมือง,สำนักงานคณะกรรมการการศึกษาขั้นพื้นฐาน,สำนักงานเขตพื้นที่การศึกษามัธยมศึกษาเชียงใหม่,146,8.90,28.48,35.21,24.36,33.17,26.90,26.30,18.69,28.22,19.82,37.57,23.70,35.62,34.60,28.13,16.71,51.03,33.35,46.92,35.70
2567,1,บ้านขุนแม่รวม,กัลยาณิวัฒนา,เล็ก,นอกเมือง,สำนักงานคณะกรรมการการศึกษาขั้นพื้นฐาน,สพป.เชียงใหม่ เขต 6,18,66.67,47.14,21.11,16.96,41.37,28.62,25.56,17.39,23.33,16.67,25.74,20.29,36.11,27.92,33.98,17.46,41.67,38.19,38.89,35.57
2567,2,บ้านจันทร์,กัลยาณิวัฒนา,เล็ก,นอกเมือง,สำนักงานคณะกรรมการการศึกษาขั้นพื้นฐาน,สพป.เชียงใหม่ เขต 6,13,76.92,42.13,20.00,22.19,58.10,19.24,32.31,26.65,32.31,20.06,22.95,16.37,42.31,33.09,26.28,17.74,46.15,36.49,38.46,34.83
2567,3,บ้านแจ่มหลวง,กัลยาณิวัฒนา,เล็ก,นอกเมือง,สำนักงานคณะกรรมการการศึกษาขั้นพื้นฐาน,สพป.เชียงใหม่ เขต 6,17,52.94,49.91,21.18,14.50,48.14,26.05,22.35,22.63,25.88,17.84,28.53,18.99,11.76,21.21,25.69,18.90,32.35,29.41,41.18,35.29
2567,4,บ้านแม่แดดน้อย,กัลยาณิวัฒนา,เล็ก,นอกเมือง,สำนักงานคณะกรรมการการศึกษาขั้นพื้นฐาน,สพป.เชียงใหม่ เขต 6,2,50.00,50.00,20.00,20.00,64.47,14.47,30.00,10.00,40.00,0.00,29.17,2.50,25.00,25.00,27.50,9.17,75.00,25.00,75.00,25.00
2567,5,บ้านแม่ตะละ,กัลยาณิวัฒนา,เล็ก,นอกเมือง,สำนักงานคณะกรรมการการศึกษาขั้นพื้นฐาน,สพป.เชียงใหม่ เขต 6,7,71.43,45.18,31.43,14.57,57.89,30.27,25.71,17.61,37.14,22.50,16.90,14.04,35.71,34.99,31.43,18.89,50.00,37.80,64.29,22.59
2567,6,บ้านห้วยยา,กัลยาณิวัฒนา,เล็ก,นอกเมือง,สำนักงานคณะกรรมการการศึกษาขั้นพื้นฐาน,สพป.เชียงใหม่ เขต 6,19,31.58,46.48,18.95,17.74,36.84,21.92,22.11,19.35,28.42,17.55,34.82,20.12,31.58,24.12,30.00,17.80,36.84,31.80,36.84,31.80
2567,7,มัธยมกัลยาณิวัฒนาเฉลิมพระเกียรติ,กัลยาณิวัฒนา,กลาง,นอกเมือง,สำนักงานคณะกรรมการการศึกษาขั้นพื้นฐาน,สำนักงานเขตพื้นที่การศึกษามัธยมศึกษาเชียงใหม่,18,83.33,37.27,27.78,19.02,38.60,29.84,26.67,17.64,30.00,22.36,21.02,15.01,44.44,32.87,26.39,17.29,55.56,32.87,61.11,39.28
2567,8,สามัคคีสันม่วง,กัลยาณิวัฒนา,เล็ก,นอกเมือง,สำนักงานคณะกรรมการการศึกษาขั้นพื้นฐาน,สพป.เชียงใหม่ เขต 6,22,50.00,50.00,25.45,18.27,38.40,27.07,24.55,18.02,21.82,22.49,25.08,16.81,43.18,34.69,21.74,15.66,36.36,40.40,36.36,30.83
2567,9,จอมทอง,จอมทอง,ใหญ่พิเศษ,นอกเมือง,สำนักงานคณะกรรมการการศึกษาขั้นพื้นฐาน,สำนักงานเขตพื้นที่การศึกษามัธยมศึกษาเชียงใหม่,384,58.07,49.34,23.02,17.83,39.47,26.37,33.49,21.66,32.92,20.46,29.42,18.50,38.80,32.95,31.98,19.89,57.03,38.90,54.69,37.03
2567,10,ไทยรัฐวิทยา 79 (บ้านหนองอาบช้าง),จอมทอง,เล็ก,นอกเมือง,สำนักงานคณะกรรมการการศึกษาขั้นพื้นฐาน,สพป.เชียงใหม่ เขต 6,22,54.55,49.79,24.55,18.02,51.67,23.42,33.64,21.22,26.36,21.22,31.52,18.54,34.09,34.99,24.39,19.99,45.45,39.63,36.36,37.48
2567,11,บ้านขุนกลาง,จอมทอง,กลาง,นอกเมือง,สำนักงานคณะกรรมการการศึกษาขั้นพื้นฐาน,สพป.เชียงใหม่ เขต 6,17,47.06,49.91,25.88,19.12,45.51,25.38,34.12,13.31,32.94,16.72,30.00,18.85,23.53,24.96,28.43,17.23,32.35,34.05,38.24,40.33
2567,12,บ้านขุนแปะ,จอมทอง,เล็ก,นอกเมือง,สำนักงานคณะกรรมการการศึกษาขั้นพื้นฐาน,สพป.เชียงใหม่ เขต 6,22,27.27,44.54,23.64,20.57,36.96,24.95,30.91,20.65,29.09,21.51,29.02,19.03,36.36,30.83,26.29,19.77,36.36,40.40,25.00,36.15
2567,13,บ้านปากทางท่าลี่,จอมทอง,เล็ก,นอกเมือง,สำนักงานคณะกรรมการการศึกษาขั้นพื้นฐาน,สพป.เชียงใหม่ เขต 6,12,58.33,49.30,15.00,16.58,29.82,24.95,40.00,20.00,30.00,22.36,34.03,14.77,29.17,24.65,20.97,10.35,37.50,36.08,33.33,37.27
2567,14,บ้านสบเตี๊ยะ,จอมทอง,กลาง,นอกเมือง,สำนักงานคณะกรรมการการศึกษาขั้นพื้นฐาน,สพป.เชียงใหม่ เขต 6,14,85.71,34.99,28.57,19.59,50.00,31.14,24.29,21.62,34.29,19.17,19.64,11.74,46.43,35.17,37.14,22.33,53.57,39.93,53.57,35.17
2567,15,บ้านห้วยทราย,จอมทอง,เล็ก,นอกเมือง,สำนักงานคณะกรรมการการศึกษาขั้นพื้นฐาน,สพป.เชียงใหม่ เขต 6,11,45.45,49.79,21.82,13.36,43.54,16.96,29.09,19.75,34.55,12.33,26.36,17.29,27.27,24.90,37.27,17.70,50.00,42.64,45.45,45.00
2567,16,บ้านห้วยส้มป่อย,จอมทอง,เล็ก,นอกเมือง,สำนักงานคณะกรรมการการศึกษาขั้นพื้นฐาน,สพป.เชียงใหม่ เขต 6,7,42.86,49.49,14.29,20.60,50.75,21.13,34.29,20.60,40.00,23.90,23.81,14.25,42.86,17.50,25.24,17.33,50.00,37.80,42.86,49.49
2567,17,บ้านใหม่สารภี,จอมทอง,เล็ก,นอกเมือง,สำนักงานคณะกรรมการการศึกษาขั้นพื้นฐาน,สพป.เชียงใหม่ เขต 6,5,60.00,48.99,24.00,19.60,55.79,27.06,20.00,17.89,48.00,20.40,30.00,18.47,30.00,24.49,35.67,21.64,60.00,37.42,30.00,24.49
2567,18,วัดพุทธนิมิตรวิทยา,จอมทอง,เล็ก,นอกเมือง,สำนักงานการศึกษาพระปริยัติธรรม แผนกสามัญศึกษา,สำนักเขตการศึกษาพระปริยัติธรรมฯ เขต  5,17,47.06,49.91,17.65,13.52,22.91,17.07,32.94,16.72,30.59,9.98,24.71,18.97,8.82,19.06,26.86,15.62,20.59,29.99,17.65,34.05
2567,19,สุทธิวงศ์ดำรงวิทย์,จอมทอง,เล็ก,นอกเมือง,สำนักงานคณะกรรมการส่งเสริมการศึกษาเอกชน,-,4,50.00,50.00,20.00,14.14,35.53,29.16,35.00,8.66,25.00,16.58,45.42,24.70,25.00,25.00,14.58,11.27,25.00,25.00,25.00,25.00
2567,20,แกน้อยศึกษา,เชียงดาว,กลาง,นอกเมือง,สำนักงานคณะกรรมการการศึกษาขั้นพื้นฐาน,สพป.เชียงใหม่ เขต 3,5,40.00,48.99,32.00,16.00,64.21,20.29,24.00,23.32,32.00,9.80,26.33,23.53,40.00,37.42,29.00,12.76,70.00,24.49,50.00,44.72
2567,21,เจ้าฟ้าอุบลรัตน์,เชียงดาว,เล็ก,นอกเมือง,สำนักงานคณะกรรมการส่งเสริมการศึกษาเอกชน,-,26,57.69,49.40,30.77,17.74,42.41,24.31,35.38,20.24,29.23,18.59,28.97,16.26,50.00,27.74,31.03,16.54,61.54,37.49,25.00,25.00
2567,22,ชุมชนบ้านเมืองงาย,เชียงดาว,กลาง,นอกเมือง,สำนักงานคณะกรรมการการศึกษาขั้นพื้นฐาน,สพป.เชียงใหม่ เขต 3,14,71.43,45.18,31.43,12.45,48.50,30.20,40.00,20.00,48.57,25.87,20.00,16.31,42.86,17.50,38.69,19.08,82.14,23.96,67.86,30.51
2567,23,ชุมชนบ้านวังจ๊อม,เชียงดาว,กลาง,นอกเมือง,สำนักงานคณะกรรมการการศึกษาขั้นพื้นฐาน,สพป.เชียงใหม่ เขต 3,20,30.00,45.83,28.00,14.70,53.68,27.03,23.00,15.84,31.00,21.42,25.67,17.17,35.00,27.84,29.83,18.97,57.50,32.69,35.00,35.71
2567,24,เชียงดาววิทยาคม,เชียงดาว,ใหญ่,นอกเมือง,สำนักงานคณะกรรมการการศึกษาขั้นพื้นฐาน,สำนักงานเขตพื้นที่การศึกษามัธยมศึกษาเชียงใหม่,78,73.08,44.36,22.31,19.21,39.47,25.30,32.05,22.03,36.67,22.51,30.49,20.23,34.62,32.33,25.68,17.72,53.21,40.30,52.56,35.71
2567,25,ดอยสามหมื่น,เชียงดาว,เล็ก,นอกเมือง,สำนักงานคณะกรรมการการศึกษาขั้นพื้นฐาน,สพป.เชียงใหม่ เขต 3,4,25.00,43.30,40.00,14.14,10.53,10.53,25.00,16.58,40.00,0.00,39.58,24.76,37.50,41.46,18.33,22.45,50.00,35.36,37.50,21.65
2567,26,บ้านเชียงดาว,เชียงดาว,กลาง,นอกเมือง,สำนักงานคณะกรรมการการศึกษาขั้นพื้นฐาน,สพป.เชียงใหม่ เขต 3,51,43.14,49.53,22.35,18.43,49.90,22.94,32.94,19.73,38.04,24.81,29.35,18.66,42.16,31.89,32.61,17.52,61.76,39.09,54.90,34.66
2567,27,บ้านทุ่งข้าวพวง,เชียงดาว,กลาง,นอกเมือง,สำนักงานคณะกรรมการการศึกษาขั้นพื้นฐาน,สพป.เชียงใหม่ เขต 3,41,56.10,49.63,27.32,19.13,41.91,25.95,30.24,20.78,31.22,17.70,29.11,19.98,35.37,35.34,35.57,17.62,53.66,40.41,45.12,34.58
2567,28,บ้านนาหวาย,เชียงดาว,กลาง,นอกเมือง,สำนักงานคณะกรรมการการศึกษาขั้นพื้นฐาน,สพป.เชียงใหม่ เขต 3,44,50.00,50.00,31.82,20.14,45.39,27.51,29.09,23.91,36.82,22.54,25.72,18.40,34.09,31.57,32.46,19.00,59.09,34.17,53.41,37.53
2567,29,บ้านปางเฟือง,เชียงดาว,เล็ก,นอกเมือง,สำนักงานคณะกรรมการการศึกษาขั้นพื้นฐาน,สพป.เชียงใหม่ เขต 3,13,53.85,49.85,26.15,14.43,48.38,28.01,44.62,20.98,47.69,22.92,23.33,22.41,42.31,38.46,41.03,15.68,69.23,36.89,61.54,34.83
2567,30,บ้านปางมะเยา,เชียงดาว,กลาง,นอกเมือง,สำนักงานคณะกรรมการการศึกษาขั้นพื้นฐาน,สพป.เชียงใหม่ เขต 3,16,50.00,50.00,20.00,18.71,44.74,19.56,26.25,20.88,28.75,27.36,35.63,21.87,31.25,34.80,30.21,11.29,18.75,24.21,50.00,25.00
2567,31,บ้านเมืองคอง,เชียงดาว,เล็ก,นอกเมือง,สำนักงานคณะกรรมการการศึกษาขั้นพื้นฐาน,สพป.เชียงใหม่ เขต 3,10,80.00,40.00,28.00,25.61,48.68,30.45,34.00,15.62,22.00,18.87,29.50,19.79,25.00,33.54,29.17,20.07,35.00,39.05,10.00,20.00
2567,32,บ้านเมืองนะ,เชียงดาว,กลาง,นอกเมือง,สำนักงานคณะกรรมการการศึกษาขั้นพื้นฐาน,สพป.เชียงใหม่ เขต 3,40,95.00,21.79,82.50,20.59,65.72,22.77,37.00,17.64,50.50,28.98,36.83,18.52,43.75,27.81,27.21,14.06,53.75,40.91,52.50,40.23
2567,33,บ้านแม่กอนใน,เชียงดาว,เล็ก,นอกเมือง,สำนักงานคณะกรรมการการศึกษาขั้นพื้นฐาน,สพป.เชียงใหม่ เขต 3,9,44.44,49.69,28.89,16.63,46.20,20.31,28.89,19.12,46.67,26.67,25.74,12.62,55.56,36.85,27.41,14.74,16.67,33.33,33.33,33.33
2567,34,บ้านแม่นะ,เชียงดาว,กลาง,นอกเมือง,สำนักงานคณะกรรมการการศึกษาขั้นพื้นฐาน,สพป.เชียงใหม่ เขต 3,16,68.75,46.35,26.25,20.88,42.76,20.88,23.75,19.00,30.00,15.81,34.48,13.01,40.63,31.72,29.90,20.15,50.00,39.53,46.88,27.78
2567,35,บ้านหนองเขียว,เชียงดาว,กลาง,นอกเมือง,สำนักงานคณะกรรมการการศึกษาขั้นพื้นฐาน,สพป.เชียงใหม่ เขต 3,10,70.00,45.83,68.00,32.50,68.16,19.74,22.00,22.72,32.00,24.00,21.67,19.79,15.00,22.91,28.17,15.62,40.00,37.42,20.00,24.49
2567,36,บ้านห้วยจะค่าน ตชด.อนุสรณ์,เชียงดาว,กลาง,นอกเมือง,สำนักงานคณะกรรมการการศึกษาขั้นพื้นฐาน,สพป.เชียงใหม่ เขต 3,2,0.00,0.00,10.00,10.00,35.53,6.58,60.00,0.00,40.00,0.00,29.17,15.83,25.00,25.00,43.33,6.67,100.00,0.00,50.00,0.00
2567,37,พัฒนาต้นน้ำขุนคอง,เชียงดาว,เล็ก,นอกเมือง,สำนักงานคณะกรรมการการศึกษาขั้นพื้นฐาน,สพป.เชียงใหม่ เขต 3,11,45.45,49.79,34.55,24.26,41.63,31.09,21.82,15.85,40.00,25.58,28.48,19.40,40.91,19.28,22.27,13.88,40.91,35.79,45.45,39.63
2567,38,มิตรมวลชนเชียงใหม่,เชียงดาว,กลาง,นอกเมือง,สำนักงานคณะกรรมการการศึกษาขั้นพื้นฐาน,สพป.เชียงใหม่ เขต 3,20,55.00,49.75,27.00,19.26,42.50,16.59,29.00,18.41,27.00,27.77,23.92,17.80,35.00,27.84,41.00,18.67,55.00,35.00,35.00,27.84
2567,39,ราชประชานุเคราะห์ 61 จังหวัดเชียงใหม่,เชียงดาว,กลาง,นอกเมือง,สำนักบริหารงานการศึกษาพิเศษ,-,20,55.00,49.75,19.00,14.80,46.84,30.05,23.00,17.06,28.00,19.39,30.08,22.44,47.50,37.00,35.08,20.64,70.00,36.74,57.50,32.69
2567,40,ศีลรวี,เชียงดาว,กลาง,นอกเมือง,สำนักงานคณะกรรมการส่งเสริมการศึกษาเอกชน,-,34,29.41,45.56,25.88,24.51,48.07,33.08,37.65,21.01,33.53,24.12,34.07,18.29,39.71,31.57,31.42,15.15,50.00,34.30,55.88,33.79
2567,41,อรุโณทัยวิทยาคม,เชียงดาว,ใหญ่,นอกเมือง,สำนักงานคณะกรรมการการศึกษาขั้นพื้นฐาน,สำนักงานเขตพื้นที่การศึกษามัธยมศึกษาเชียงใหม่,114,54.39,49.81,18.60,17.52,32.55,26.02,24.39,18.69,28.25,19.79,28.83,19.40,28.07,33.14,24.05,15.75,34.65,38.69,28.95,32.37
2567,42,อินทารามวิทยา,เชียงดาว,เล็ก,นอกเมือง,สำนักงานการศึกษาพระปริยัติธรรม แผนกสามัญศึกษา,สำนักเขตการศึกษาพระปริยัติธรรมฯ เขต  5,16,25.00,43.30,15.00,13.23,45.23,26.27,27.50,15.61,41.25,22.88,21.46,21.03,40.63,26.33,32.60,25.56,37.50,33.07,46.88,27.78
2567,43,ฉัตรพฤกษ์วิทยา,ไชยปราการ,เล็ก,นอกเมือง,สำนักงานคณะกรรมการส่งเสริมการศึกษาเอกชน,-,8,75.00,43.30,27.50,9.68,34.54,7.94,37.50,21.07,42.50,15.61,21.46,24.64,43.75,16.54,30.21,20.64,50.00,43.30,37.50,33.07
2567,44,ชุมชนวัดศรีดงเย็น,ไชยปราการ,กลาง,นอกเมือง,สำนักงานคณะกรรมการการศึกษาขั้นพื้นฐาน,สพป.เชียงใหม่ เขต 3,24,70.83,45.45,25.83,21.20,40.68,24.53,20.83,15.79,31.67,18.18,22.57,16.99,47.92,30.55,34.03,19.23,52.08,36.74,50.00,35.36
2567,45,ไชยปราการ,ไชยปราการ,กลาง,นอกเมือง,สำนักงานคณะกรรมการการศึกษาขั้นพื้นฐาน,สำนักงานเขตพื้นที่การศึกษามัธยมศึกษาเชียงใหม่,100,52.00,49.96,22.80,16.25,39.32,25.69,29.80,20.88,34.80,20.32,32.38,18.29,26.50,31.98,28.52,18.79,43.50,39.15,37.00,35.09
2567,46,เทศบาล 1 ไชยปราการ,ไชยปราการ,กลาง,นอกเมือง,กรมส่งเสริมการปกครองท้องถิ่น,ท้องถิ่นจังหวัดเชียงใหม่,20,40.00,48.99,22.00,19.90,47.76,22.33,28.00,19.39,45.00,25.98,31.00,15.52,37.50,21.65,29.33,23.32,37.50,47.10,45.00,35.00
2567,47,บ้านปง,ไชยปราการ,เล็ก,นอกเมือง,สำนักงานคณะกรรมการการศึกษาขั้นพื้นฐาน,สพป.เชียงใหม่ เขต 3,11,54.55,49.79,32.73,15.43,54.07,21.57,30.91,21.51,30.91,15.64,32.42,15.79,50.00,0.00,28.94,15.10,72.73,32.78,72.73,39.10
2567,48,บ้านปงตำ,ไชยปราการ,เล็ก,นอกเมือง,สำนักงานคณะกรรมการการศึกษาขั้นพื้นฐาน,สพป.เชียงใหม่ เขต 3,12,66.67,47.14,16.67,15.99,51.75,30.88,35.00,21.79,38.33,19.08,29.31,20.14,29.17,32.00,29.86,18.48,54.17,37.96,62.50,41.46
2567,49,บ้านหัวฝาย,ไชยปราการ,เล็ก,นอกเมือง,สำนักงานคณะกรรมการการศึกษาขั้นพื้นฐาน,สพป.เชียงใหม่ เขต 3,7,57.14,49.49,25.71,17.61,39.85,18.31,20.00,21.38,37.14,16.66,16.90,18.35,50.00,37.80,29.29,21.47,42.86,41.65,50.00,37.80
2567,50,บ้านใหม่หนองบัว,ไชยปราการ,กลาง,นอกเมือง,สำนักงานคณะกรรมการการศึกษาขั้นพื้นฐาน,สพป.เชียงใหม่ เขต 3,55,47.27,49.93,25.82,20.06,30.10,22.65,18.91,15.92,22.91,19.97,28.21,21.31,30.91,30.88,24.12,16.34,30.91,36.30,35.45,32.58
2567,51,บ้านอ่าย,ไชยปราการ,เล็ก,นอกเมือง,สำนักงานคณะกรรมการการศึกษาขั้นพื้นฐาน,สพป.เชียงใหม่ เขต 3,15,46.67,49.89,20.00,19.32,35.96,23.98,20.00,16.33,25.33,23.63,28.78,18.27,30.00,30.55,25.89,13.01,36.67,33.99,53.33,33.99
2567,52,วัดป่าแดง,ไชยปราการ,เล็ก,นอกเมือง,สำนักงานคณะกรรมการการศึกษาขั้นพื้นฐาน,สพป.เชียงใหม่ เขต 3,19,42.11,49.37,26.32,21.57,32.96,24.90,27.37,22.67,21.05,15.18,28.07,16.09,26.32,29.77,26.84,15.85,26.32,24.97,31.58,40.43
2567,53,วัดป่าไม้แดง,ไชยปราการ,เล็ก,นอกเมือง,สำนักงานการศึกษาพระปริยัติธรรม แผนกสามัญศึกษา,สำนักเขตการศึกษาพระปริยัติธรรมฯ เขต  5,12,58.33,49.30,18.33,17.24,36.18,30.12,26.67,17.00,41.67,26.40,28.61,17.22,25.00,25.00,33.89,15.83,33.33,37.27,37.50,36.08
2567,54,สันติวนา,ไชยปราการ,เล็ก,นอกเมือง,สำนักงานคณะกรรมการการศึกษาขั้นพื้นฐาน,สพป.เชียงใหม่ เขต 3,13,61.54,48.65,18.46,16.57,31.38,28.13,26.15,19.82,18.46,19.94,31.03,22.06,34.62,36.08,21.41,11.21,34.62,30.28,38.46,28.78
2567,55,ดอยเต่าวิทยาคม,ดอยเต่า,กลาง,นอกเมือง,สำนักงานคณะกรรมการการศึกษาขั้นพื้นฐาน,สำนักงานเขตพื้นที่การศึกษามัธยมศึกษาเชียงใหม่,115,52.17,49.95,22.96,18.88,46.38,30.14,28.87,19.42,31.13,19.05,27.52,16.86,36.09,33.97,26.55,17.45,43.91,40.19,46.52,36.55
2567,56,บ้านน้อยห้วยรินวิทยา,ดอยเต่า,เล็ก,นอกเมือง,สำนักงานคณะกรรมการการศึกษาขั้นพื้นฐาน,สพป.เชียงใหม่ เขต 5,7,42.86,49.49,20.00,21.38,43.98,24.15,34.29,23.21,34.29,17.61,22.62,13.68,21.43,36.42,29.29,24.89,78.57,36.42,42.86,49.49
2567,57,บ้านบงตัน,ดอยเต่า,เล็ก,นอกเมือง,สำนักงานคณะกรรมการการศึกษาขั้นพื้นฐาน,สพป.เชียงใหม่ เขต 5,15,46.67,49.89,30.67,16.11,45.79,28.01,28.00,16.00,30.67,21.75,33.22,25.01,50.00,31.62,34.00,23.97,53.33,38.59,60.00,20.00
2567,58,บ้านโปง,ดอยเต่า,เล็ก,นอกเมือง,สำนักงานคณะกรรมการการศึกษาขั้นพื้นฐาน,สพป.เชียงใหม่ เขต 5,28,39.29,48.84,22.14,13.46,46.62,20.72,29.29,21.03,29.29,21.03,31.55,21.94,23.21,31.29,27.32,15.37,44.64,45.00,32.14,33.31
2567,59,บ้านแม่ตูบ,ดอยเต่า,เล็ก,นอกเมือง,สำนักงานคณะกรรมการการศึกษาขั้นพื้นฐาน,สพป.เชียงใหม่ เขต 5,14,64.29,47.92,30.00,24.78,34.40,21.41,31.43,19.59,35.71,20.25,30.00,17.87,46.43,35.17,40.36,20.00,50.00,37.80,35.71,29.45
2567,60,บ้านแอ่นจัดสรร,ดอยเต่า,เล็ก,นอกเมือง,สำนักงานคณะกรรมการการศึกษาขั้นพื้นฐาน,สพป.เชียงใหม่ เขต 5,13,76.92,42.13,18.46,19.94,36.84,15.31,27.69,16.71,26.15,18.20,31.15,20.57,15.38,23.08,30.51,18.20,42.31,38.46,46.15,30.77
2567,61,วัดฉิมพลีวิทยา,ดอยเต่า,เล็ก,นอกเมือง,สำนักงานการศึกษาพระปริยัติธรรม แผนกสามัญศึกษา,สำนักเขตการศึกษาพระปริยัติธรรมฯ เขต  5,8,62.50,48.41,22.50,18.54,16.12,17.82,27.50,17.14,27.50,22.22,38.33,20.05,18.75,24.21,22.29,14.72,43.75,39.03,12.50,21.65
2567,62,ชลประทานผาแตก,ดอยสะเก็ด,กลาง,นอกเมือง,สำนักงานคณะกรรมการการศึกษาขั้นพื้นฐาน,สพป.เชียงใหม่ เขต 1,46,39.13,48.80,23.48,20.13,42.62,26.63,23.48,19.25,35.65,26.35,31.59,19.89,25.00,30.84,30.25,19.18,46.74,39.57,44.57,34.94
2567,63,ดอยสะเก็ดผดุงศาสน์,ดอยสะเก็ด,เล็ก,นอกเมือง,สำนักงานการศึกษาพระปริยัติธรรม แผนกสามัญศึกษา,สำนักเขตการศึกษาพระปริยัติธรรมฯ เขต  5,0,-,-,-,-,-,-,-,-,-,-,-,-,-,-,-,-,-,-,-,-
2567,64,ดอยสะเก็ดวิทยาคม,ดอยสะเก็ด,กลาง,นอกเมือง,สำนักงานคณะกรรมการการศึกษาขั้นพื้นฐาน,สำนักงานเขตพื้นที่การศึกษามัธยมศึกษาเชียงใหม่,73,50.68,50.00,22.19,17.38,35.62,23.07,26.30,19.27,31.78,19.26,30.09,18.26,38.36,29.28,29.32,20.25,52.74,41.29,45.21,33.27
2567,65,บ้านเชิงดอย(ดอยสะเก็ดศึกษา),ดอยสะเก็ด,ใหญ่,นอกเมือง,สำนักงานคณะกรรมการการศึกษาขั้นพื้นฐาน,สพป.เชียงใหม่ เขต 1,70,80.00,40.00,24.57,18.26,64.70,21.88,36.29,17.98,35.71,20.53,32.71,19.77,35.00,28.47,30.62,19.06,60.00,38.36,60.71,34.74
2567,66,บ้านป่าไม้แดง,ดอยสะเก็ด,กลาง,นอกเมือง,สำนักงานคณะกรรมการการศึกษาขั้นพื้นฐาน,สพป.เชียงใหม่ เขต 1,21,66.67,47.14,25.71,14.00,35.21,21.09,26.67,15.53,27.62,19.00,21.03,10.42,26.19,29.35,29.76,20.50,47.62,36.11,38.10,26.30
2567,67,บ้านป่าเสร้า,ดอยสะเก็ด,กลาง,นอกเมือง,สำนักงานคณะกรรมการการศึกษาขั้นพื้นฐาน,สพป.เชียงใหม่ เขต 1,13,38.46,48.65,33.85,22.72,47.98,28.59,41.54,19.94,47.69,22.92,28.85,23.51,50.00,27.74,29.10,12.62,84.62,23.08,65.38,41.07
2567,68,บ้านแม่หวาน,ดอยสะเก็ด,เล็ก,นอกเมือง,สำนักงานคณะกรรมการการศึกษาขั้นพื้นฐาน,สพป.เชียงใหม่ เขต 1,4,25.00,43.30,30.00,30.00,44.74,22.41,35.00,25.98,45.00,8.66,21.25,16.64,62.50,21.65,25.00,15.00,25.00,25.00,50.00,35.36
2567,69,เพื่อชีวิตเชียงใหม่,ดอยสะเก็ด,เล็ก,นอกเมือง,สำนักงานคณะกรรมการส่งเสริมการศึกษาเอกชน,-,10,40.00,48.99,32.00,20.40,35.53,18.80,24.00,17.44,18.00,16.61,29.83,14.46,40.00,30.00,28.67,17.81,25.00,33.54,35.00,22.91
2567,70,แม่คือวิทยา,ดอยสะเก็ด,กลาง,นอกเมือง,สำนักงานคณะกรรมการการศึกษาขั้นพื้นฐาน,สพป.เชียงใหม่ เขต 1,42,28.57,45.18,20.95,18.49,44.05,25.80,30.00,21.04,34.76,19.05,24.33,22.17,35.71,31.41,24.44,18.23,47.62,40.76,36.90,39.43
2567,71,แม่โป่งประชาสามัคคี,ดอยสะเก็ด,เล็ก,นอกเมือง,สำนักงานคณะกรรมการการศึกษาขั้นพื้นฐาน,สพป.เชียงใหม่ เขต 1,20,85.00,35.71,33.00,20.27,45.00,23.03,33.00,20.27,42.00,18.87,33.50,15.42,32.50,28.61,26.17,17.90,45.00,35.00,40.00,37.42
2567,72,ไมตรีจิตคริสเตียนเชียงใหม่,ดอยสะเก็ด,กลาง,นอกเมือง,สำนักงานคณะกรรมการส่งเสริมการศึกษาเอกชน,-,20,25.00,43.30,18.00,15.36,47.50,31.14,38.00,19.90,39.00,21.42,24.17,14.09,32.50,28.61,34.25,22.46,37.50,34.91,32.50,36.31
2567,73,กรป.กลางอุปถัมภ์,ดอยหล่อ,เล็ก,นอกเมือง,สำนักงานคณะกรรมการการศึกษาขั้นพื้นฐาน,สพป.เชียงใหม่ เขต 4,11,81.82,38.57,21.82,10.29,46.89,23.93,40.00,20.89,45.45,24.26,43.18,24.79,31.82,32.14,36.36,15.22,54.55,39.63,45.45,33.40
2567,74,บ้านสามหลัง,ดอยหล่อ,เล็ก,นอกเมือง,สำนักงานคณะกรรมการการศึกษาขั้นพื้นฐาน,สพป.เชียงใหม่ เขต 4,5,60.00,48.99,16.00,14.97,54.21,35.33,28.00,20.40,36.00,14.97,43.67,22.37,40.00,20.00,35.67,15.37,50.00,44.72,60.00,20.00
2567,75,บ้านเหล่าเป้า,ดอยหล่อ,เล็ก,นอกเมือง,สำนักงานคณะกรรมการการศึกษาขั้นพื้นฐาน,สพป.เชียงใหม่ เขต 4,6,33.33,47.14,36.67,21.34,45.18,14.45,40.00,23.09,43.33,17.95,25.56,12.83,16.67,23.57,37.22,23.17,58.33,44.88,16.67,23.57
2567,76,วัดโขงขาววิทยา,ดอยหล่อ,เล็ก,นอกเมือง,สำนักงานการศึกษาพระปริยัติธรรม แผนกสามัญศึกษา,สำนักเขตการศึกษาพระปริยัติธรรมฯ เขต  5,4,75.00,43.30,10.00,10.00,32.24,25.34,35.00,21.79,20.00,14.14,15.83,13.20,50.00,0.00,40.83,13.15,37.50,41.46,0.00,0.00
2567,77,สองแคววิทยาคม,ดอยหล่อ,กลาง,นอกเมือง,สำนักงานคณะกรรมการการศึกษาขั้นพื้นฐาน,สำนักงานเขตพื้นที่การศึกษามัธยมศึกษาเชียงใหม่,70,70.00,45.83,24.00,17.10,42.71,29.66,29.71,22.36,32.86,20.85,29.21,16.07,33.57,32.43,29.45,19.45,40.71,39.00,38.57,37.96
2567,78,สันติสุข,ดอยหล่อ,กลาง,นอกเมือง,สำนักงานคณะกรรมการการศึกษาขั้นพื้นฐาน,สำนักงานเขตพื้นที่การศึกษามัธยมศึกษาเชียงใหม่,34,41.18,49.22,18.24,18.39,28.41,23.87,27.06,17.41,32.94,17.41,29.56,18.53,30.88,32.12,29.46,18.66,47.06,36.26,44.12,35.90
2567,79,เจ้าแม่หลวงอุปถัมภ์ 1,ฝาง,กลาง,นอกเมือง,สำนักงานคณะกรรมการการศึกษาขั้นพื้นฐาน,สพป.เชียงใหม่ เขต 3,33,36.36,48.10,26.06,16.69,56.06,22.29,35.15,23.63,40.61,21.73,28.54,16.11,42.42,32.85,33.54,21.33,48.48,35.86,53.03,34.68
2567,80,ฉือจี้เชียงใหม่,ฝาง,กลาง,นอกเมือง,สำนักงานคณะกรรมการส่งเสริมการศึกษาเอกชน,-,113,85.84,34.86,32.92,22.25,45.32,24.17,40.35,23.50,43.89,23.33,32.36,17.79,41.59,31.83,35.88,19.92,65.04,38.15,56.19,35.28
2567,81,ชุมชนบ้านแม่สูนหลวง,ฝาง,เล็ก,นอกเมือง,สำนักงานคณะกรรมการการศึกษาขั้นพื้นฐาน,สพป.เชียงใหม่ เขต 3,2,100.00,0.00,0.00,0.00,39.47,39.47,10.00,10.00,70.00,10.00,40.83,9.17,25.00,25.00,15.83,2.50,50.00,50.00,25.00,25.00
2567,82,เทพศิรินทร์๙โครงการหลวงในพระบรมราชูปถัมภ์,ฝาง,เล็ก,นอกเมือง,สำนักงานคณะกรรมการการศึกษาขั้นพื้นฐาน,สพป.เชียงใหม่ เขต 3,15,66.67,47.14,28.00,16.00,41.23,26.92,25.33,11.47,34.67,25.79,35.89,22.63,30.00,24.49,34.33,23.65,40.00,32.66,46.67,38.59
2567,83,บ้านต้นผึ้ง,ฝาง,เล็ก,นอกเมือง,สำนักงานคณะกรรมการการศึกษาขั้นพื้นฐาน,สพป.เชียงใหม่ เขต 3,10,70.00,45.83,24.00,17.44,37.37,21.01,36.00,14.97,34.00,18.00,22.17,12.38,55.00,35.00,46.33,14.72,75.00,25.00,45.00,41.53
2567,84,บ้านทุ่งหลุก,ฝาง,เล็ก,นอกเมือง,สำนักงานคณะกรรมการการศึกษาขั้นพื้นฐาน,สพป.เชียงใหม่ เขต 3,6,66.67,47.14,33.33,22.11,53.95,20.54,43.33,7.45,43.33,13.74,24.17,7.68,58.33,18.63,31.11,13.36,91.67,18.63,75.00,25.00
2567,85,บ้านปางปอย,ฝาง,กลาง,นอกเมือง,สำนักงานคณะกรรมการการศึกษาขั้นพื้นฐาน,สพป.เชียงใหม่ เขต 3,25,88.00,32.50,20.00,16.97,37.89,26.88,24.00,17.89,34.40,20.80,30.53,21.47,36.00,36.11,30.67,22.50,50.00,37.42,40.00,34.64
2567,86,บ้านปางสัก,ฝาง,เล็ก,นอกเมือง,สำนักงานคณะกรรมการการศึกษาขั้นพื้นฐาน,สพป.เชียงใหม่ เขต 3,7,42.86,49.49,31.43,27.99,58.27,36.23,40.00,30.24,28.57,9.90,25.24,12.39,28.57,24.74,31.19,13.11,50.00,37.80,42.86,41.65
2567,87,บ้านโป่งนก,ฝาง,กลาง,นอกเมือง,สำนักงานคณะกรรมการการศึกษาขั้นพื้นฐาน,สพป.เชียงใหม่ เขต 3,8,87.50,33.07,42.50,18.54,42.76,26.44,42.50,18.54,27.50,13.92,31.67,25.87,43.75,29.97,43.13,25.77,50.00,35.36,43.75,39.03
2567,88,บ้านม่วงชุม,ฝาง,กลาง,นอกเมือง,สำนักงานคณะกรรมการการศึกษาขั้นพื้นฐาน,สพป.เชียงใหม่ เขต 3,45,31.11,46.29,26.22,16.77,35.38,23.19,28.00,18.57,35.56,23.05,25.33,17.97,34.44,34.68,35.96,20.44,41.11,38.43,37.78,35.21
2567,89,บ้านม่อนปิ่น,ฝาง,กลาง,นอกเมือง,สำนักงานคณะกรรมการการศึกษาขั้นพื้นฐาน,สพป.เชียงใหม่ เขต 3,15,40.00,48.99,30.67,17.69,32.98,16.22,40.00,19.32,40.00,23.09,32.56,19.44,43.33,30.91,28.78,18.52,76.67,30.91,63.33,38.59
2567,90,บ้านแม่ข่า,ฝาง,กลาง,นอกเมือง,สำนักงานคณะกรรมการการศึกษาขั้นพื้นฐาน,สพป.เชียงใหม่ เขต 3,23,30.43,46.01,22.61,17.00,31.35,21.95,29.57,21.16,27.83,18.41,24.57,11.42,28.26,32.39,27.75,16.92,50.00,32.97,36.96,36.76
2567,91,บ้านแม่คะ,ฝาง,กลาง,นอกเมือง,สำนักงานคณะกรรมการการศึกษาขั้นพื้นฐาน,สพป.เชียงใหม่ เขต 3,6,33.33,47.14,43.33,21.34,34.65,18.70,40.00,20.00,40.00,32.66,31.11,15.20,25.00,38.19,40.28,14.89,58.33,34.36,50.00,40.82
2567,92,บ้านแม่งอนขี้เหล็ก,ฝาง,กลาง,นอกเมือง,กรมส่งเสริมการปกครองท้องถิ่น,ท้องถิ่นจังหวัดเชียงใหม่,34,50.00,50.00,23.53,17.80,33.67,23.17,28.82,18.27,30.00,19.55,27.25,18.06,29.41,24.61,29.41,16.57,45.59,42.65,48.53,41.10
2567,93,บ้านล้องอ้อ,ฝาง,เล็ก,นอกเมือง,กรมส่งเสริมการปกครองท้องถิ่น,ท้องถิ่นจังหวัดเชียงใหม่,23,65.22,47.63,17.39,17.00,37.53,29.61,28.70,21.12,33.04,20.94,26.45,20.46,39.13,32.83,27.32,18.03,34.78,37.40,50.00,32.97
2567,94,บ้านเวียงฝาง,ฝาง,ใหญ่,นอกเมือง,สำนักงานคณะกรรมการการศึกษาขั้นพื้นฐาน,สพป.เชียงใหม่ เขต 3,100,39.00,48.77,22.80,18.33,45.11,26.19,34.40,19.61,36.20,20.14,31.27,20.25,34.00,33.82,34.37,17.31,40.50,38.53,44.00,38.26
2567,95,บ้านสันทรายคองน้อย,ฝาง,กลาง,นอกเมือง,สำนักงานคณะกรรมการการศึกษาขั้นพื้นฐาน,สพป.เชียงใหม่ เขต 3,7,100.00,0.00,34.29,20.60,49.25,23.57,51.43,23.56,34.29,20.60,30.48,24.15,42.86,31.94,29.29,21.30,85.71,22.59,78.57,36.42
2567,96,บ้านสันป่าแดง,ฝาง,เล็ก,นอกเมือง,สำนักงานคณะกรรมการการศึกษาขั้นพื้นฐาน,สพป.เชียงใหม่ เขต 3,8,87.50,33.07,22.50,21.07,34.54,23.70,20.00,17.32,35.00,25.98,27.08,14.60,50.00,43.30,26.88,14.85,37.50,33.07,37.50,41.46
2567,97,บ้านหลวง,ฝาง,กลาง,นอกเมือง,สำนักงานคณะกรรมการการศึกษาขั้นพื้นฐาน,สพป.เชียงใหม่ เขต 3,16,62.50,48.41,18.75,17.98,34.87,30.87,32.50,19.84,48.75,23.42,31.25,13.98,28.13,35.22,37.71,17.72,21.88,30.46,37.50,27.95
2567,98,บ้านห้วยงูกลาง,ฝาง,เล็ก,นอกเมือง,สำนักงานคณะกรรมการการศึกษาขั้นพื้นฐาน,สพป.เชียงใหม่ เขต 3,20,80.00,40.00,21.00,17.29,46.05,24.18,32.00,22.27,29.00,19.47,30.08,19.04,35.00,32.02,26.67,18.12,40.00,40.62,27.50,33.45
2567,99,บ้านห้วยหมากเลี่ยม,ฝาง,กลาง,นอกเมือง,สำนักงานคณะกรรมการการศึกษาขั้นพื้นฐาน,สพป.เชียงใหม่ เขต 3,15,53.33,49.89,21.33,18.57,33.33,27.11,22.67,19.14,30.67,20.48,22.11,23.50,36.67,33.99,23.44,14.17,40.00,37.42,36.67,38.59
2567,100,บ้านห้วยเฮี่ยน,ฝาง,เล็ก,นอกเมือง,สำนักงานคณะกรรมการการศึกษาขั้นพื้นฐาน,สพป.เชียงใหม่ เขต 3,11,45.45,49.79,27.27,21.36,55.02,23.82,18.18,18.00,40.00,14.77,24.24,15.46,36.36,30.83,34.55,20.56,13.64,22.27,27.27,32.78
2567,101,บ้านเหมืองแร่,ฝาง,กลาง,นอกเมือง,สำนักงานคณะกรรมการการศึกษาขั้นพื้นฐาน,สพป.เชียงใหม่ เขต 3,12,66.67,47.14,26.67,22.11,26.75,20.35,20.00,23.09,38.33,19.08,39.58,20.38,29.17,32.00,20.97,12.77,45.83,43.10,33.33,23.57
2567,102,ฝางชนูปถัมภ์,ฝาง,ใหญ่,นอกเมือง,สำนักงานคณะกรรมการการศึกษาขั้นพื้นฐาน,สำนักงานเขตพื้นที่การศึกษามัธยมศึกษาเชียงใหม่,172,57.56,49.43,23.72,18.18,39.64,28.52,27.56,21.26,33.60,21.75,31.76,18.90,41.57,36.19,27.51,19.19,52.03,38.64,45.93,36.34
2567,103,ฝางธรรมศึกษา,ฝาง,เล็ก,นอกเมือง,สำนักงานการศึกษาพระปริยัติธรรม แผนกสามัญศึกษา,สำนักเขตการศึกษาพระปริยัติธรรมฯ เขต  5,2,50.00,50.00,20.00,0.00,46.05,3.95,20.00,0.00,30.00,10.00,15.83,15.83,75.00,25.00,27.50,9.17,25.00,25.00,50.00,0.00
2567,104,รังษีวิทยา,ฝาง,ใหญ่พิเศษ,นอกเมือง,สำนักงานคณะกรรมการส่งเสริมการศึกษาเอกชน,-,117,82.05,38.38,31.79,19.94,46.02,24.51,49.06,24.60,43.59,23.91,37.19,20.31,42.74,26.36,43.01,21.02,76.07,33.71,76.07,31.08
2567,105,รัตนาเอื้อวิทยา,ฝาง,ใหญ่,นอกเมือง,สำนักงานคณะกรรมการส่งเสริมการศึกษาเอกชน,-,50,74.00,43.86,24.00,19.60,41.68,27.39,36.00,22.63,39.20,23.31,29.40,22.06,45.00,33.54,36.03,17.19,59.00,40.85,57.00,36.07
2567,106,วัดเจดีย์งามปริยัติวิทยา,ฝาง,เล็ก,นอกเมือง,สำนักงานการศึกษาพระปริยัติธรรม แผนกสามัญศึกษา,สำนักเขตการศึกษาพระปริยัติธรรมฯ เขต  5,5,80.00,40.00,16.00,8.00,10.00,20.00,8.00,9.80,20.00,21.91,20.00,13.12,40.00,37.42,28.33,8.37,50.00,0.00,20.00,24.49
2567,107,วัดนันทาราม,ฝาง,กลาง,นอกเมือง,สำนักงานคณะกรรมการการศึกษาขั้นพื้นฐาน,สพป.เชียงใหม่ เขต 3,9,55.56,49.69,15.56,8.31,42.11,23.44,44.44,22.66,31.11,23.31,28.70,17.32,50.00,23.57,19.26,15.01,44.44,36.85,33.33,33.33
2567,108,วัดพระบาทอุดม,ฝาง,เล็ก,นอกเมือง,สำนักงานการศึกษาพระปริยัติธรรม แผนกสามัญศึกษา,สำนักเขตการศึกษาพระปริยัติธรรมฯ เขต  5,13,38.46,48.65,20.00,19.22,41.30,34.43,32.31,20.06,32.31,16.71,27.18,20.86,34.62,30.28,20.00,18.61,34.62,45.51,30.77,31.25
2567,109,สายอักษร,ฝาง,กลาง,นอกเมือง,สำนักงานคณะกรรมการส่งเสริมการศึกษาเอกชน,-,26,69.23,46.15,26.92,24.14,50.71,22.16,39.23,21.83,40.77,23.19,27.76,18.11,50.00,33.97,36.35,19.72,59.62,39.27,48.08,40.38
2567,110,เขื่อนผากวิทยา,พร้าว,เล็ก,นอกเมือง,สำนักงานการศึกษาพระปริยัติธรรม แผนกสามัญศึกษา,สำนักเขตการศึกษาพระปริยัติธรรมฯ เขต  5,11,72.73,44.54,25.45,17.25,26.08,28.31,34.55,24.26,30.91,21.51,37.42,17.69,40.91,35.79,25.61,18.22,27.27,24.90,36.36,22.27
2567,111,ชุมชนบ้านโป่ง,พร้าว,เล็ก,นอกเมือง,สำนักงานคณะกรรมการการศึกษาขั้นพื้นฐาน,สพป.เชียงใหม่ เขต 2,7,85.71,34.99,28.57,21.00,52.26,24.50,34.29,20.60,34.29,9.04,26.43,15.72,50.00,26.73,40.95,16.78,35.71,34.99,42.86,41.65
2567,112,บ้านนาบุญโหล่งขอด,พร้าว,เล็ก,นอกเมือง,สำนักงานคณะกรรมการการศึกษาขั้นพื้นฐาน,สพป.เชียงใหม่ เขต 2,10,90.00,30.00,38.00,27.50,51.58,18.84,52.00,13.27,52.00,25.61,26.67,14.72,55.00,26.93,31.83,11.89,75.00,33.54,70.00,33.17
2567,113,บ้านแม่ปั๋ง,พร้าว,เล็ก,นอกเมือง,สำนักงานคณะกรรมการการศึกษาขั้นพื้นฐาน,สพป.เชียงใหม่ เขต 2,13,30.77,46.15,23.08,15.38,34.01,29.22,24.62,19.46,36.92,25.84,31.54,17.57,38.46,39.97,27.31,18.31,65.38,36.08,53.85,36.49
2567,114,บ้านแม่ปาคี,พร้าว,เล็ก,นอกเมือง,สำนักงานคณะกรรมการการศึกษาขั้นพื้นฐาน,สพป.เชียงใหม่ เขต 2,4,100.00,0.00,15.00,8.66,26.97,17.79,15.00,8.66,20.00,14.14,45.42,23.76,25.00,25.00,30.83,13.36,37.50,41.46,37.50,21.65
2567,115,บ้านแม่เหียะ,พร้าว,เล็ก,นอกเมือง,สำนักงานคณะกรรมการการศึกษาขั้นพื้นฐาน,สพป.เชียงใหม่ เขต 2,16,50.00,50.00,28.75,14.09,52.96,23.11,27.50,23.32,42.50,17.14,21.25,17.69,46.88,27.78,36.67,21.45,56.25,34.80,43.75,39.03
2567,116,บ้านสันกลาง,พร้าว,เล็ก,นอกเมือง,สำนักงานคณะกรรมการการศึกษาขั้นพื้นฐาน,สพป.เชียงใหม่ เขต 2,4,25.00,43.30,35.00,16.58,34.21,9.12,40.00,0.00,65.00,16.58,38.33,6.67,50.00,35.36,45.42,21.39,37.50,41.46,25.00,25.00
2567,117,บ้านสันปง,พร้าว,เล็ก,นอกเมือง,สำนักงานคณะกรรมการการศึกษาขั้นพื้นฐาน,สพป.เชียงใหม่ เขต 2,3,33.33,47.14,13.33,18.86,66.67,12.22,40.00,16.33,40.00,16.33,16.67,15.15,66.67,23.57,35.00,12.98,33.33,23.57,33.33,47.14
2567,118,บ้านหนองปิด,พร้าว,เล็ก,นอกเมือง,สำนักงานคณะกรรมการการศึกษาขั้นพื้นฐาน,สพป.เชียงใหม่ เขต 2,6,83.33,37.27,20.00,23.09,58.33,17.08,36.67,13.74,26.67,14.91,31.67,16.22,58.33,34.36,20.28,11.28,58.33,44.88,41.67,34.36
2567,119,พร้าวบูรพา,พร้าว,เล็ก,นอกเมือง,สำนักงานคณะกรรมการการศึกษาขั้นพื้นฐาน,สพป.เชียงใหม่ เขต 2,9,66.67,47.14,13.33,18.86,61.11,21.37,33.33,18.86,33.33,23.09,20.56,22.61,33.33,23.57,21.85,20.94,38.89,31.43,44.44,28.33
2567,120,โรงเรียนพร้าววิทยาคม,พร้าว,ใหญ่,นอกเมือง,สำนักงานคณะกรรมการการศึกษาขั้นพื้นฐาน,สำนักงานเขตพื้นที่การศึกษามัธยมศึกษาเชียงใหม่,145,55.17,49.73,23.59,17.21,35.93,24.38,33.38,22.04,33.79,20.68,31.32,17.68,35.17,30.58,31.57,19.63,55.52,38.56,55.86,35.96
2567,121,สหกรณ์ดำริ,พร้าว,เล็ก,นอกเมือง,สำนักงานคณะกรรมการการศึกษาขั้นพื้นฐาน,สพป.เชียงใหม่ เขต 2,15,60.00,48.99,18.67,13.60,37.02,29.11,17.33,12.36,26.67,23.85,31.44,18.83,30.00,24.49,20.67,11.02,36.67,38.59,33.33,29.81
2567,122,กสิณธร เซนต์เจมส์ เชียงใหม่,เมืองเชียงใหม่,เล็ก,ในเมือง,สำนักงานคณะกรรมการส่งเสริมการศึกษาเอกชน,-,7,28.57,45.18,17.14,12.78,32.71,31.92,28.57,21.00,40.00,23.90,43.33,9.22,42.86,41.65,29.29,16.97,28.57,45.18,21.43,24.74
2567,123,กาวิละวิทยาลัย,เมืองเชียงใหม่,ใหญ่,ในเมือง,สำนักงานคณะกรรมการการศึกษาขั้นพื้นฐาน,สำนักงานเขตพื้นที่การศึกษามัธยมศึกษาเชียงใหม่,139,55.40,49.71,22.16,18.38,34.40,24.99,33.81,21.97,35.97,20.80,30.80,20.18,38.49,32.47,34.59,20.61,54.32,40.89,58.63,35.95
2567,124,โกวิทธำรงเชียงใหม่,เมืองเชียงใหม่,ใหญ่,ในเมือง,สำนักงานคณะกรรมการส่งเสริมการศึกษาเอกชน,-,53,77.36,41.85,24.15,19.17,52.68,27.84,42.64,23.96,46.04,19.65,28.87,18.53,47.17,31.35,39.18,18.99,70.75,35.60,79.25,29.83
2567,125,จิตราวิทยา,เมืองเชียงใหม่,ใหญ่,ในเมือง,สำนักงานคณะกรรมการส่งเสริมการศึกษาเอกชน,-,74,71.62,45.08,22.70,18.40,54.41,25.32,34.86,22.31,32.16,20.49,28.92,17.15,35.14,31.55,27.95,19.76,55.41,39.90,48.65,39.40
2567,126,ชุมชนเทศบาลวัดศรีดอนไชย,เมืองเชียงใหม่,กลาง,ในเมือง,กรมส่งเสริมการปกครองท้องถิ่น,ท้องถิ่นจังหวัดเชียงใหม่,26,69.23,46.15,29.23,16.85,41.90,24.71,35.38,18.65,36.92,23.33,33.27,18.61,38.46,31.95,21.60,14.81,44.23,40.02,50.00,36.69
2567,127,ชุมชนบ้านบวกครกน้อย,เมืองเชียงใหม่,กลาง,ในเมือง,สำนักงานคณะกรรมการการศึกษาขั้นพื้นฐาน,สพป.เชียงใหม่ เขต 1,17,100.00,0.00,22.35,16.64,67.65,20.14,45.88,20.31,54.12,24.51,38.63,17.83,41.18,30.85,35.49,16.56,55.88,37.89,50.00,38.35
2567,128,ชุมชนวัดท่าเดื่อ,เมืองเชียงใหม่,เล็ก,ในเมือง,สำนักงานคณะกรรมการการศึกษาขั้นพื้นฐาน,สพป.เชียงใหม่ เขต 1,32,43.75,49.61,28.75,19.96,48.03,19.65,35.62,22.21,30.62,21.20,28.02,17.08,39.06,34.76,20.36,15.72,53.13,41.34,46.88,32.92
2567,129,เชตุพนศึกษา,เมืองเชียงใหม่,เล็ก,ในเมือง,สำนักงานการศึกษาพระปริยัติธรรม แผนกสามัญศึกษา,สำนักเขตการศึกษาพระปริยัติธรรมฯ เขต  5,16,62.50,48.41,18.75,14.95,34.54,26.33,28.75,15.76,18.75,13.17,25.52,17.77,31.25,29.97,19.06,13.10,18.75,24.21,28.13,35.22
2567,130,เชียงใหม่คริสเตียน,เมืองเชียงใหม่,ใหญ่,ในเมือง,สำนักงานคณะกรรมการส่งเสริมการศึกษาเอกชน,-,127,52.76,49.92,18.43,14.76,42.11,24.49,30.55,18.92,31.34,19.86,27.41,20.45,36.61,31.65,28.92,18.42,52.36,40.11,51.57,37.61
2567,131,ดาราวิทยาลัย,เมืองเชียงใหม่,ใหญ่พิเศษ,ในเมือง,สำนักงานคณะกรรมการส่งเสริมการศึกษาเอกชน,-,235,59.57,49.07,24.94,20.53,46.10,25.88,43.40,23.89,39.91,22.26,31.97,18.92,51.28,34.49,41.72,21.28,67.02,37.58,64.89,36.20
2567,132,เทพบดินทร์วิทยาเชียงใหม่,เมืองเชียงใหม่,ใหญ่,ในเมือง,สำนักงานคณะกรรมการส่งเสริมการศึกษาเอกชน,-,106,61.32,48.70,21.70,17.62,35.75,26.23,34.91,24.89,36.98,23.28,30.30,17.78,40.57,34.42,33.57,20.01,68.87,37.90,64.62,35.00
2567,133,เทศบาลวัดท่าสะต๋อย,เมืองเชียงใหม่,กลาง,ในเมือง,กรมส่งเสริมการปกครองท้องถิ่น,ท้องถิ่นจังหวัดเชียงใหม่,28,67.86,46.70,24.29,16.35,33.83,23.95,32.14,24.69,35.00,20.44,29.82,18.23,48.21,31.29,24.35,20.96,41.07,37.92,48.21,36.55
2567,134,เทศบาลวัดศรีปิงเมือง,เมืองเชียงใหม่,กลาง,ในเมือง,กรมส่งเสริมการปกครองท้องถิ่น,ท้องถิ่นจังหวัดเชียงใหม่,20,45.00,49.75,22.00,15.36,43.29,30.51,24.00,20.59,30.00,24.08,33.17,21.05,45.00,31.22,33.25,18.06,42.50,36.31,57.50,39.61
2567,135,ธรรมเมธีศึกษา,เมืองเชียงใหม่,เล็ก,ในเมือง,สำนักงานการศึกษาพระปริยัติธรรม แผนกสามัญศึกษา,สำนักเขตการศึกษาพระปริยัติธรรมฯ เขต  5,6,33.33,47.14,33.33,14.91,13.16,19.58,26.67,9.43,30.00,10.00,30.28,26.46,58.33,34.36,36.39,10.07,8.33,18.63,41.67,18.63
2567,136,ธรรมราชศึกษา,เมืองเชียงใหม่,กลาง,ในเมือง,สำนักงานคณะกรรมการส่งเสริมการศึกษาเอกชน,-,97,48.45,49.98,22.68,17.14,35.95,24.71,29.90,18.19,35.26,22.39,31.29,19.28,31.44,30.73,27.75,18.99,41.75,37.77,41.75,37.77
2567,137,บ้านดอนปิน,เมืองเชียงใหม่,กลาง,ในเมือง,สำนักงานคณะกรรมการการศึกษาขั้นพื้นฐาน,สพป.เชียงใหม่ เขต 1,24,62.50,48.41,30.83,17.30,41.01,27.88,30.83,18.24,37.50,17.62,29.86,16.85,27.08,28.79,23.13,16.63,43.75,41.61,39.58,40.77
2567,138,บ้านโป่งน้อย,เมืองเชียงใหม่,กลาง,ในเมือง,สำนักงานคณะกรรมการการศึกษาขั้นพื้นฐาน,สพป.เชียงใหม่ เขต 1,18,50.00,50.00,16.67,15.28,27.78,25.95,30.00,13.74,30.00,19.15,35.46,18.36,19.44,24.37,24.07,16.15,30.56,24.37,27.78,34.25
2567,139,ปรินส์รอยแยลส์วิทยาลัย,เมืองเชียงใหม่,ใหญ่พิเศษ,ในเมือง,สำนักงานคณะกรรมการส่งเสริมการศึกษาเอกชน,-,506,54.94,49.76,37.71,24.63,58.35,23.93,52.41,26.24,54.62,27.28,33.97,21.98,54.45,34.79,42.06,21.37,75.40,34.04,71.34,34.13
2567,140,พระหฤทัยเชียงใหม่,เมืองเชียงใหม่,ใหญ่,ในเมือง,สำนักงานคณะกรรมการส่งเสริมการศึกษาเอกชน,-,83,57.83,49.38,21.69,19.93,53.04,28.60,35.42,21.80,37.83,19.64,29.94,20.08,37.35,33.69,34.48,18.59,58.43,37.08,63.25,35.64
2567,141,พิงครัตน์,เมืองเชียงใหม่,เล็ก,ในเมือง,สำนักงานคณะกรรมการส่งเสริมการศึกษาเอกชน,-,9,88.89,31.43,26.67,16.33,38.89,30.83,40.00,24.94,40.00,16.33,31.11,19.85,33.33,33.33,43.52,27.21,44.44,43.74,61.11,31.43
2567,142,มงฟอร์ตวิทยาลัย แผนกมัธยม,เมืองเชียงใหม่,ใหญ่พิเศษ,ในเมือง,สำนักงานคณะกรรมการส่งเสริมการศึกษาเอกชน,-,98,83.67,36.96,39.18,26.17,57.17,24.35,56.33,26.70,59.59,23.73,38.50,25.80,47.96,31.88,39.64,20.83,77.04,36.54,80.10,29.22
2567,143,เมตตาศึกษา,เมืองเชียงใหม่,กลาง,ในเมือง,สำนักงานคณะกรรมการส่งเสริมการศึกษาเอกชน,-,121,57.02,49.50,23.47,18.12,41.84,25.47,28.76,19.22,33.72,22.12,30.30,17.79,36.36,32.14,29.27,16.77,41.32,38.93,42.98,35.97
2567,144,ยุพราชวิทยาลัย,เมืองเชียงใหม่,ใหญ่พิเศษ,ในเมือง,สำนักงานคณะกรรมการการศึกษาขั้นพื้นฐาน,สำนักงานเขตพื้นที่การศึกษามัธยมศึกษาเชียงใหม่,545,54.86,49.76,28.18,20.70,52.96,25.98,47.27,24.77,43.89,21.56,30.82,18.94,47.06,32.21,38.98,20.21,70.28,37.55,73.12,33.83
2567,145,ยุวฑูตศึกษาพัฒนาราชพฤกษ์,เมืองเชียงใหม่,กลาง,ในเมือง,สำนักงานคณะกรรมการส่งเสริมการศึกษาเอกชน,-,19,52.63,49.93,27.37,21.73,58.73,26.56,43.16,19.75,46.32,22.53,32.37,19.14,57.89,33.49,40.96,21.25,65.79,36.46,73.68,29.77
2567,146,เรยีนาเชลีวิทยาลัย,เมืองเชียงใหม่,ใหญ่,ในเมือง,สำนักงานคณะกรรมการส่งเสริมการศึกษาเอกชน,-,128,36.72,48.20,30.31,22.36,50.72,25.38,39.06,25.23,37.03,20.78,27.99,17.51,48.83,33.93,32.30,18.69,70.70,36.19,64.84,35.00
2567,147,วชิรวิทย์ เชียงใหม่,เมืองเชียงใหม่,กลาง,ในเมือง,สำนักงานคณะกรรมการส่งเสริมการศึกษาเอกชน,-,52,80.77,39.41,21.54,18.33,47.17,25.28,40.77,20.74,42.69,20.77,30.61,21.35,47.12,33.13,32.08,17.76,62.50,40.28,50.96,36.02
2567,148,วัฒโนทัยพายัพ,เมืองเชียงใหม่,ใหญ่พิเศษ,ในเมือง,สำนักงานคณะกรรมการการศึกษาขั้นพื้นฐาน,สำนักงานเขตพื้นที่การศึกษามัธยมศึกษาเชียงใหม่,445,69.44,46.07,25.21,19.19,45.82,26.49,40.63,21.53,37.26,22.45,30.22,18.29,41.46,32.41,32.94,19.46,65.51,35.88,65.62,36.53
2567,149,วัดช่างเคี่ยน,เมืองเชียงใหม่,กลาง,ในเมือง,สำนักงานคณะกรรมการการศึกษาขั้นพื้นฐาน,สพป.เชียงใหม่ เขต 1,18,44.44,49.69,25.56,17.39,44.01,21.23,28.89,21.31,35.56,18.32,22.59,16.89,50.00,33.33,30.00,19.36,63.89,40.16,63.89,43.48
2567,150,วัดดอนจั่น,เมืองเชียงใหม่,กลาง,ในเมือง,สำนักงานคณะกรรมการการศึกษาขั้นพื้นฐาน,สพป.เชียงใหม่ เขต 1,25,56.00,49.64,22.40,15.30,31.68,24.40,27.20,24.58,25.60,21.56,30.73,16.55,32.00,34.29,21.53,19.67,30.00,37.42,34.00,41.76
2567,151,วัดวังสิงห์คำ,เมืองเชียงใหม่,กลาง,ในเมือง,สำนักงานคณะกรรมการการศึกษาขั้นพื้นฐาน,สพป.เชียงใหม่ เขต 1,12,41.67,49.30,33.33,17.00,81.58,24.59,58.33,20.75,46.67,26.25,20.00,14.39,54.17,24.65,36.94,19.65,91.67,18.63,75.00,25.00
2567,152,วารีเชียงใหม่,เมืองเชียงใหม่,ใหญ่พิเศษ,ในเมือง,สำนักงานคณะกรรมการส่งเสริมการศึกษาเอกชน,-,175,53.14,49.90,25.94,20.20,46.75,26.57,42.29,22.51,42.74,21.53,31.40,18.37,42.29,32.26,33.86,18.86,63.14,39.26,63.43,36.72
2567,153,วิชัยวิทยา,เมืองเชียงใหม่,กลาง,ในเมือง,สำนักงานคณะกรรมการส่งเสริมการศึกษาเอกชน,-,21,71.43,45.18,40.95,17.97,61.40,28.56,51.43,28.67,43.81,21.93,31.27,14.10,45.24,34.17,39.44,16.59,66.67,38.83,71.43,32.99
2567,154,วิทยาลัยนาฎศิลปเชียงใหม่,เมืองเชียงใหม่,กลาง,ในเมือง,สถาบันบัณฑิตพัฒนศิลป์ (ปวช.),-,29,51.72,49.97,25.52,15.67,47.46,31.42,29.66,19.38,33.10,19.84,21.72,14.81,34.48,29.66,25.92,18.57,51.72,44.49,34.48,32.44
2567,155,สมเด็จพระพุทธชินวงศ์,เมืองเชียงใหม่,กลาง,ในเมือง,สำนักงานการศึกษาพระปริยัติธรรม แผนกสามัญศึกษา,สำนักเขตการศึกษาพระปริยัติธรรมฯ เขต  5,37,54.05,49.84,23.78,15.31,28.81,22.92,24.86,20.48,31.35,18.33,30.77,19.92,29.73,33.81,24.37,20.14,39.19,35.14,35.14,30.46
2567,156,สังวาลย์วิทยา,เมืองเชียงใหม่,เล็ก,ในเมือง,สำนักงานคณะกรรมการการศึกษาขั้นพื้นฐาน,สพป.เชียงใหม่ เขต 1,6,83.33,37.27,13.33,14.91,50.00,31.32,26.67,9.43,43.33,24.27,21.67,14.59,25.00,38.19,44.72,16.98,50.00,40.82,41.67,34.36
2567,157,สาธิตมหาวิทยาลัยเชียงใหม่,เมืองเชียงใหม่,ใหญ่,ในเมือง,สำนักงานปลัดกระทรวงการอุดมศึกษาฯ,-,217,80.65,39.51,32.26,23.34,54.05,25.78,55.94,26.15,47.28,23.37,33.56,20.29,53.92,32.14,47.83,19.38,78.11,32.45,79.03,30.52
2567,158,สามัคคีวิทยาทาน,เมืองเชียงใหม่,เล็ก,ในเมือง,สำนักงานการศึกษาพระปริยัติธรรม แผนกสามัญศึกษา,สำนักเขตการศึกษาพระปริยัติธรรมฯ เขต  5,20,80.00,40.00,24.00,13.56,31.32,16.77,22.00,16.61,34.00,12.81,21.67,15.63,12.50,21.65,18.92,13.07,42.50,39.61,40.00,33.91
2567,159,สารสาสน์วิเทศเชียงใหม่,เมืองเชียงใหม่,ใหญ่,ในเมือง,สำนักงานคณะกรรมการส่งเสริมการศึกษาเอกชน,-,49,55.10,49.74,33.06,18.32,59.67,25.13,38.78,18.70,40.82,25.86,27.93,17.96,43.88,34.45,33.98,21.91,62.24,38.51,56.12,37.30
2567,160,สารสาสน์วิเทศล้านนา,เมืองเชียงใหม่,ใหญ่,ในเมือง,สำนักงานคณะกรรมการส่งเสริมการศึกษาเอกชน,-,33,48.48,49.98,23.64,21.72,43.62,29.37,33.94,23.86,36.97,23.16,24.24,16.82,31.82,32.14,30.45,18.60,43.94,36.43,60.61,36.43
2567,161,โสตศึกษาอนุสารสุนทร,เมืองเชียงใหม่,เล็ก,ในเมือง,สำนักบริหารงานการศึกษาพิเศษ,-,0,-,-,-,-,-,-,-,-,-,-,-,-,-,-,-,-,-,-,-,-
2567,162,หอพระ,เมืองเชียงใหม่,กลาง,ในเมือง,สำนักงานคณะกรรมการการศึกษาขั้นพื้นฐาน,สำนักงานเขตพื้นที่การศึกษามัธยมศึกษาเชียงใหม่,56,60.71,48.84,17.14,15.78,44.13,28.55,25.00,19.73,25.36,17.92,28.18,17.47,33.93,34.21,28.27,16.95,37.50,41.46,41.07,36.73
2567,163,อนุบาลหนองป่าครั่ง,เมืองเชียงใหม่,เล็ก,ในเมือง,กรมส่งเสริมการปกครองท้องถิ่น,ท้องถิ่นจังหวัดเชียงใหม่,7,14.29,34.99,11.43,14.57,26.69,26.96,28.57,21.00,45.71,9.04,26.43,14.87,50.00,37.80,27.86,15.11,64.29,34.99,57.14,41.65
2567,164,อภัยอริยศึกษา,เมืองเชียงใหม่,เล็ก,ในเมือง,สำนักงานการศึกษาพระปริยัติธรรม แผนกสามัญศึกษา,สำนักเขตการศึกษาพระปริยัติธรรมฯ เขต  5,10,50.00,50.00,26.00,23.75,36.05,17.02,24.00,17.44,28.00,22.27,36.33,26.84,15.00,22.91,30.50,19.41,20.00,24.49,20.00,24.49
2567,165,เซนต์โยเซฟแม่แจ่ม,แม่แจ่ม,กลาง,นอกเมือง,สำนักงานคณะกรรมการส่งเสริมการศึกษาเอกชน,-,43,90.70,29.05,18.14,17.15,47.49,28.24,26.98,19.71,33.49,21.45,28.26,17.51,48.84,27.47,41.43,21.01,62.79,34.26,34.88,33.30
2567,166,บ้านกองแขก,แม่แจ่ม,เล็ก,นอกเมือง,สำนักงานคณะกรรมการการศึกษาขั้นพื้นฐาน,สพป.เชียงใหม่ เขต 6,10,70.00,45.83,24.00,14.97,40.53,23.57,24.00,17.44,34.00,22.00,30.00,19.44,45.00,41.53,35.50,10.70,45.00,41.53,70.00,40.00
2567,167,บ้านขุนแม่หยอด,แม่แจ่ม,เล็ก,นอกเมือง,สำนักงานคณะกรรมการการศึกษาขั้นพื้นฐาน,สพป.เชียงใหม่ เขต 6,15,60.00,48.99,28.00,19.04,48.60,22.94,33.33,15.78,22.67,17.69,23.22,17.80,36.67,38.59,29.11,12.15,50.00,36.51,36.67,38.59
2567,168,บ้านทุ่งแก,แม่แจ่ม,เล็ก,นอกเมือง,สำนักงานคณะกรรมการการศึกษาขั้นพื้นฐาน,สพป.เชียงใหม่ เขต 6,7,71.43,45.18,34.29,14.00,45.86,17.56,25.71,9.04,31.43,23.56,20.71,16.97,28.57,24.74,24.05,13.80,64.29,22.59,28.57,24.74
2567,169,บ้านปางหินฝน,แม่แจ่ม,เล็ก,นอกเมือง,สำนักงานคณะกรรมการการศึกษาขั้นพื้นฐาน,สพป.เชียงใหม่ เขต 6,10,60.00,48.99,28.00,18.33,34.21,23.51,32.00,20.40,36.00,21.54,27.67,15.02,40.00,20.00,41.33,19.97,55.00,41.53,30.00,24.49
2567,170,บ้านปางอุ๋ง,แม่แจ่ม,กลาง,นอกเมือง,สำนักงานคณะกรรมการการศึกษาขั้นพื้นฐาน,สพป.เชียงใหม่ เขต 6,14,42.86,49.49,22.86,19.79,40.79,25.97,32.86,17.90,40.00,23.90,27.26,20.82,21.43,36.42,23.81,19.13,39.29,43.01,32.14,23.96
2567,171,บ้านแม่ซา,แม่แจ่ม,เล็ก,นอกเมือง,สำนักงานคณะกรรมการการศึกษาขั้นพื้นฐาน,สพป.เชียงใหม่ เขต 6,11,54.55,49.79,7.27,9.62,44.74,28.65,32.73,24.53,23.64,16.66,19.70,17.14,27.27,32.78,16.97,13.10,27.27,32.78,13.64,22.27
2567,172,บ้านแม่นาจร,แม่แจ่ม,กลาง,นอกเมือง,สำนักงานคณะกรรมการการศึกษาขั้นพื้นฐาน,สพป.เชียงใหม่ เขต 6,22,59.09,49.17,22.73,13.88,29.19,18.86,32.73,19.58,37.27,21.99,22.65,18.77,29.55,24.58,27.80,19.48,43.18,40.72,38.64,33.48
2567,173,บ้านแม่ศึก (มูลนิธิธรรมมาภิรักษ์อุปถัมภ์ที่ 2),แม่แจ่ม,เล็ก,นอกเมือง,สำนักงานคณะกรรมการการศึกษาขั้นพื้นฐาน,สพป.เชียงใหม่ เขต 6,5,60.00,48.99,40.00,12.65,45.79,25.49,24.00,14.97,36.00,32.00,55.33,20.23,40.00,37.42,39.00,14.09,10.00,20.00,40.00,20.00
2567,174,บ้านแม่หงานหลวง,แม่แจ่ม,เล็ก,นอกเมือง,สำนักงานคณะกรรมการการศึกษาขั้นพื้นฐาน,สพป.เชียงใหม่ เขต 6,19,63.16,48.24,27.37,18.59,33.10,25.04,18.95,19.97,29.47,20.89,26.14,17.37,31.58,24.12,30.00,22.34,57.89,43.72,34.21,32.66
2567,175,บ้านแม่เอาะ,แม่แจ่ม,เล็ก,นอกเมือง,สำนักงานคณะกรรมการการศึกษาขั้นพื้นฐาน,สพป.เชียงใหม่ เขต 6,3,0.00,0.00,33.33,9.43,69.30,21.95,40.00,32.66,33.33,24.94,19.44,18.87,16.67,23.57,41.11,20.65,33.33,23.57,0.00,0.00
2567,176,บ้านแม่แฮเหนือ,แม่แจ่ม,กลาง,นอกเมือง,สำนักงานคณะกรรมการการศึกษาขั้นพื้นฐาน,สพป.เชียงใหม่ เขต 6,45,55.56,49.69,24.00,18.18,42.11,27.30,29.78,23.33,32.89,20.29,26.63,20.11,38.89,36.35,30.22,18.11,40.00,37.42,38.89,36.35
2567,177,บ้านโม่งหลวง,แม่แจ่ม,เล็ก,นอกเมือง,สำนักงานคณะกรรมการการศึกษาขั้นพื้นฐาน,สพป.เชียงใหม่ เขต 6,16,68.75,46.35,31.25,19.96,52.30,27.19,31.25,14.09,33.75,24.21,30.31,16.97,40.63,36.31,26.98,18.12,28.13,39.40,25.00,30.62
2567,178,แม่แจ่ม,แม่แจ่ม,ใหญ่,นอกเมือง,สำนักงานคณะกรรมการการศึกษาขั้นพื้นฐาน,สำนักงานเขตพื้นที่การศึกษามัธยมศึกษาเชียงใหม่,145,60.00,48.99,25.66,20.03,38.04,25.97,29.38,20.88,33.93,21.57,28.56,16.65,35.86,29.19,28.36,17.57,48.28,41.69,49.66,39.17
2567,179,แม่แจ่มปริยัติศึกษา,แม่แจ่ม,เล็ก,นอกเมือง,สำนักงานการศึกษาพระปริยัติธรรม แผนกสามัญศึกษา,สำนักเขตการศึกษาพระปริยัติธรรมฯ เขต  5,13,53.85,49.85,26.15,16.43,36.84,21.33,29.23,26.74,24.62,15.99,31.67,14.59,42.31,43.17,34.36,21.26,34.62,30.28,38.46,28.78
2567,180,ราชประชานุเคราะห์ 31,แม่แจ่ม,กลาง,นอกเมือง,สำนักบริหารงานการศึกษาพิเศษ,-,147,65.31,47.60,22.31,17.85,39.90,27.77,30.75,19.97,29.93,21.68,26.61,17.86,33.33,33.16,27.82,17.90,41.50,37.51,29.93,31.76
2567,181,สาธิตชุมชนการเรียนรู้สมเด็จย่า วิทยาลัยโพธิวิชชาลัย มหาวิทยาลัยศรีนครินทรวิโรฒ แม่แจ่ม,แม่แจ่ม,เล็ก,นอกเมือง,สำนักงานปลัดกระทรวงการอุดมศึกษาฯ,-,12,50.00,50.00,21.67,17.24,37.50,26.12,16.67,15.99,23.33,22.85,27.92,20.21,37.50,29.76,29.58,15.97,58.33,34.36,33.33,23.57
2567,182,อินทนนท์วิทยา,แม่แจ่ม,เล็ก,นอกเมือง,สำนักงานคณะกรรมการการศึกษาขั้นพื้นฐาน,สพป.เชียงใหม่ เขต 6,18,38.89,48.75,23.33,17.95,41.23,30.18,31.11,17.92,35.56,19.50,37.41,23.47,47.22,38.99,36.48,19.51,50.00,37.27,41.67,34.36
2567,183,ชุมชนวัดช่อแล,แม่แตง,เล็ก,นอกเมือง,สำนักงานคณะกรรมการการศึกษาขั้นพื้นฐาน,สพป.เชียงใหม่ เขต 2,11,45.45,49.79,20.00,14.77,50.72,26.75,14.55,12.33,29.09,23.14,28.33,19.78,13.64,22.27,37.73,17.61,40.91,41.66,36.36,30.83
2567,184,เชียงใหม่มัธยม,แม่แตง,ใหญ่,นอกเมือง,สำนักงานคณะกรรมการส่งเสริมการศึกษาเอกชน,-,7,14.29,34.99,20.00,10.69,37.97,26.72,45.71,17.61,48.57,23.56,19.52,11.12,28.57,24.74,33.10,13.08,85.71,22.59,50.00,26.73
2567,185,บ้านปง,แม่แตง,เล็ก,นอกเมือง,สำนักงานคณะกรรมการการศึกษาขั้นพื้นฐาน,สพป.เชียงใหม่ เขต 2,11,100.00,0.00,30.91,21.51,51.44,15.84,36.36,16.66,43.64,18.72,21.67,14.99,31.82,32.14,37.73,17.13,81.82,32.14,68.18,32.14
2567,186,บ้านปางไม้แดง,แม่แตง,เล็ก,นอกเมือง,สำนักงานคณะกรรมการการศึกษาขั้นพื้นฐาน,สพป.เชียงใหม่ เขต 2,11,81.82,38.57,27.27,19.58,44.26,32.40,32.73,19.58,41.82,18.00,23.48,20.98,27.27,32.78,31.52,11.51,54.55,39.63,45.45,33.40
2567,187,บ้านปางห้วยตาด,แม่แตง,เล็ก,นอกเมือง,สำนักงานคณะกรรมการการศึกษาขั้นพื้นฐาน,สพป.เชียงใหม่ เขต 2,5,60.00,48.99,16.00,8.00,38.42,17.66,28.00,16.00,36.00,23.32,22.67,17.02,30.00,24.49,39.33,25.05,30.00,40.00,50.00,31.62
2567,188,บ้านเป้าวิทยาคาร,แม่แตง,เล็ก,นอกเมือง,สำนักงานคณะกรรมการการศึกษาขั้นพื้นฐาน,สพป.เชียงใหม่ เขต 2,8,87.50,33.07,37.50,11.99,47.37,19.52,35.00,21.79,42.50,21.07,35.63,14.36,56.25,29.97,32.29,18.54,37.50,41.46,62.50,21.65
2567,189,บ้านเมืองกื้ด,แม่แตง,เล็ก,นอกเมือง,สำนักงานคณะกรรมการการศึกษาขั้นพื้นฐาน,สพป.เชียงใหม่ เขต 2,26,34.62,47.57,30.00,23.04,38.36,28.51,24.62,12.78,33.08,22.15,29.94,21.57,32.69,36.54,29.29,20.26,55.77,37.54,46.15,39.03
2567,190,บ้านแม่ไคร้,แม่แตง,เล็ก,นอกเมือง,สำนักงานคณะกรรมการการศึกษาขั้นพื้นฐาน,สพป.เชียงใหม่ เขต 2,3,33.33,47.14,20.00,0.00,23.68,17.59,26.67,9.43,20.00,16.33,22.78,10.03,16.67,23.57,6.11,8.64,0.00,0.00,16.67,23.57
2567,191,บ้านแม่ตะมาน,แม่แตง,เล็ก,นอกเมือง,สำนักงานคณะกรรมการการศึกษาขั้นพื้นฐาน,สพป.เชียงใหม่ เขต 2,10,60.00,48.99,20.00,8.94,49.21,23.95,30.00,20.49,32.00,24.00,29.50,22.01,50.00,31.62,19.67,14.75,70.00,40.00,50.00,38.73
2567,192,ป่าจี้วังแดงวิทยา,แม่แตง,เล็ก,นอกเมือง,สำนักงานคณะกรรมการการศึกษาขั้นพื้นฐาน,สพป.เชียงใหม่ เขต 2,11,45.45,49.79,29.09,21.51,26.56,16.12,27.27,23.00,27.27,17.63,34.55,22.92,18.18,32.14,19.09,17.03,50.00,36.93,18.18,24.05
2567,193,ป่าแป๋วิทยา,แม่แตง,เล็ก,นอกเมือง,สำนักงานคณะกรรมการการศึกษาขั้นพื้นฐาน,สพป.เชียงใหม่ เขต 2,23,86.96,33.68,24.35,16.64,52.86,26.28,34.78,19.75,44.35,24.29,36.01,19.12,45.65,25.16,28.55,15.51,63.04,42.27,45.65,38.77
2567,194,พระปริยัติธรรมแม่แตงวิทยา,แม่แตง,เล็ก,นอกเมือง,สำนักงานการศึกษาพระปริยัติธรรม แผนกสามัญศึกษา,สำนักเขตการศึกษาพระปริยัติธรรมฯ เขต  5,10,30.00,45.83,32.00,18.33,34.21,29.02,18.00,18.87,28.00,25.61,33.33,18.00,30.00,24.49,27.33,17.16,40.00,20.00,25.00,33.54
2567,195,แม่แตง,แม่แตง,กลาง,นอกเมือง,สำนักงานคณะกรรมการการศึกษาขั้นพื้นฐาน,สำนักงานเขตพื้นที่การศึกษามัธยมศึกษาเชียงใหม่,136,58.82,49.22,21.91,17.80,36.07,26.88,30.29,19.70,34.12,20.60,30.51,20.06,33.82,30.25,29.87,19.26,46.69,38.92,46.69,40.31
2567,196,แม่หอพระวิทยาคม,แม่แตง,เล็ก,นอกเมือง,สำนักงานคณะกรรมการการศึกษาขั้นพื้นฐาน,สำนักงานเขตพื้นที่การศึกษามัธยมศึกษาเชียงใหม่,31,54.84,49.77,23.87,18.61,39.64,25.78,28.39,22.01,30.32,20.24,25.54,18.47,35.48,31.61,26.29,20.17,41.94,38.30,50.00,38.10
2567,197,ร่ำเปิงวิทยา,แม่แตง,กลาง,นอกเมือง,สำนักงานคณะกรรมการการศึกษาขั้นพื้นฐาน,สพป.เชียงใหม่ เขต 2,20,25.00,43.30,20.00,14.14,49.74,19.32,31.00,20.47,31.00,18.41,29.25,17.62,27.50,24.87,19.75,17.74,25.00,33.54,40.00,40.62
2567,198,วัดท่าข้าม,แม่แตง,เล็ก,นอกเมือง,สำนักงานคณะกรรมการการศึกษาขั้นพื้นฐาน,สพป.เชียงใหม่ เขต 2,6,50.00,50.00,13.33,18.86,50.00,27.89,43.33,17.95,40.00,16.33,29.44,12.04,33.33,23.57,35.56,17.89,58.33,34.36,41.67,34.36
2567,199,วัดบ้านเหล่า,แม่แตง,เล็ก,นอกเมือง,สำนักงานคณะกรรมการการศึกษาขั้นพื้นฐาน,สพป.เชียงใหม่ เขต 2,8,50.00,50.00,27.50,19.84,47.37,31.52,30.00,26.46,37.50,21.07,22.50,16.03,25.00,25.00,30.63,13.25,31.25,34.80,56.25,39.03
2567,200,วัดปางมะกล้วย,แม่แตง,เล็ก,นอกเมือง,สำนักงานคณะกรรมการการศึกษาขั้นพื้นฐาน,สพป.เชียงใหม่ เขต 2,2,100.00,0.00,30.00,10.00,64.47,14.47,20.00,20.00,40.00,20.00,47.50,20.83,0.00,0.00,15.83,15.83,50.00,0.00,75.00,25.00
2567,201,สบเปิงวิทยา,แม่แตง,กลาง,นอกเมือง,สำนักงานคณะกรรมการการศึกษาขั้นพื้นฐาน,สพป.เชียงใหม่ เขต 2,26,69.23,46.15,29.23,23.03,53.44,23.16,33.08,17.49,48.46,25.52,29.10,17.55,38.46,31.95,34.81,20.95,57.69,38.46,40.38,31.07
2567,202,สันป่ายางวิทยาคม,แม่แตง,เล็ก,นอกเมือง,สำนักงานคณะกรรมการการศึกษาขั้นพื้นฐาน,สำนักงานเขตพื้นที่การศึกษามัธยมศึกษาเชียงใหม่,25,52.00,49.96,24.80,19.82,29.37,22.96,22.40,17.27,37.60,18.17,22.67,13.59,36.00,36.11,26.80,17.29,50.00,42.43,52.00,36.00
2567,203,สันมหาพนวิทยา,แม่แตง,เล็ก,นอกเมือง,สำนักงานคณะกรรมการการศึกษาขั้นพื้นฐาน,สพป.เชียงใหม่ เขต 2,15,53.33,49.89,18.67,17.07,43.86,29.00,20.00,26.33,42.67,24.07,24.56,14.65,23.33,24.94,30.33,18.25,43.33,35.90,40.00,27.08
2567,204,อนุบาลสานสายใยรักเทศบาลเมืองเมืองแกนพัฒนา,แม่แตง,กลาง,นอกเมือง,กรมส่งเสริมการปกครองท้องถิ่น,ท้องถิ่นจังหวัดเชียงใหม่,17,52.94,49.91,16.47,14.12,17.65,16.27,29.41,19.54,28.24,20.65,33.24,14.61,41.18,35.29,27.94,17.98,38.24,43.82,50.00,38.35
2567,205,เจ้าพ่อหลวงอุปถัมภ์ 7,แม่ริม,เล็ก,นอกเมือง,สำนักงานคณะกรรมการการศึกษาขั้นพื้นฐาน,สพป.เชียงใหม่ เขต 2,1,0.00,0.00,40.00,0.00,28.95,0.00,60.00,0.00,80.00,0.00,63.33,0.00,50.00,0.00,18.33,0.00,100.00,0.00,0.00,0.00
2567,206,นวมินทราชูทิศ พายัพ,แม่ริม,ใหญ่,นอกเมือง,สำนักงานคณะกรรมการการศึกษาขั้นพื้นฐาน,สำนักงานเขตพื้นที่การศึกษามัธยมศึกษาเชียงใหม่,256,46.87,49.90,22.42,18.84,41.11,27.24,34.45,22.27,32.11,22.33,28.76,19.41,36.52,33.13,31.71,20.08,45.51,37.62,52.15,37.05
2567,207,บ้านทุ่งโป่ง,แม่ริม,กลาง,นอกเมือง,สำนักงานคณะกรรมการการศึกษาขั้นพื้นฐาน,สพป.เชียงใหม่ เขต 2,18,50.00,50.00,21.11,16.96,56.58,25.91,37.78,14.74,42.22,22.00,19.26,12.31,61.11,31.43,35.46,22.06,58.33,38.19,55.56,32.87
2567,208,บ้านป่าติ้ว,แม่ริม,เล็ก,นอกเมือง,สำนักงานคณะกรรมการการศึกษาขั้นพื้นฐาน,สพป.เชียงใหม่ เขต 2,20,45.00,49.75,21.00,14.80,37.89,27.69,33.00,17.06,32.00,19.39,22.42,17.94,32.50,28.61,28.00,15.26,52.50,40.23,32.50,32.69
2567,209,บ้านแม่สา,แม่ริม,กลาง,นอกเมือง,สำนักงานคณะกรรมการการศึกษาขั้นพื้นฐาน,สพป.เชียงใหม่ เขต 2,10,30.00,45.83,28.00,22.27,36.32,23.18,26.00,22.00,32.00,16.00,30.33,18.38,20.00,24.49,20.50,12.95,45.00,35.00,45.00,35.00
2567,210,บ้านศาลา,แม่ริม,กลาง,นอกเมือง,กรมส่งเสริมการปกครองท้องถิ่น,ท้องถิ่นจังหวัดเชียงใหม่,80,62.50,48.41,23.50,18.10,40.00,28.12,31.50,19.94,30.75,20.48,27.83,17.60,34.38,32.20,26.92,18.25,36.88,37.70,38.13,35.57
2567,211,บ้านสะลวงนอก,แม่ริม,เล็ก,นอกเมือง,สำนักงานคณะกรรมการการศึกษาขั้นพื้นฐาน,สพป.เชียงใหม่ เขต 2,12,75.00,43.30,18.33,19.08,46.27,27.25,26.67,12.47,36.67,17.95,23.75,15.06,25.00,25.00,34.44,22.42,20.83,37.96,25.00,25.00
2567,212,บ้านสันคะยอม,แม่ริม,เล็ก,นอกเมือง,สำนักงานคณะกรรมการการศึกษาขั้นพื้นฐาน,สพป.เชียงใหม่ เขต 2,11,36.36,48.10,23.64,16.66,44.98,23.82,30.91,19.75,34.55,17.25,34.55,22.58,40.91,41.66,35.61,12.34,40.91,28.75,50.00,30.15
2567,213,บ้านหนองปลามัน,แม่ริม,เล็ก,นอกเมือง,สำนักงานคณะกรรมการการศึกษาขั้นพื้นฐาน,สพป.เชียงใหม่ เขต 2,17,41.18,49.22,28.24,21.76,42.88,29.96,31.76,21.76,42.35,23.65,20.69,14.86,44.12,33.79,33.14,19.74,52.94,43.62,55.88,37.89
2567,214,แม่ริมวิทยา,แม่ริม,เล็ก,นอกเมือง,สำนักงานการศึกษาพระปริยัติธรรม แผนกสามัญศึกษา,สำนักเขตการศึกษาพระปริยัติธรรมฯ เขต  5,19,47.37,49.93,22.11,15.75,32.27,24.98,27.37,14.81,38.95,22.92,35.26,18.92,39.47,38.32,27.54,19.01,44.74,32.01,47.37,34.31
2567,215,แม่ริมวิทยาคม,แม่ริม,ใหญ่,นอกเมือง,สำนักงานคณะกรรมการการศึกษาขั้นพื้นฐาน,สำนักงานเขตพื้นที่การศึกษามัธยมศึกษาเชียงใหม่,294,57.48,49.44,21.29,17.60,36.78,26.96,32.93,21.48,34.90,20.80,30.35,16.92,35.88,31.62,28.93,19.95,48.98,40.39,45.41,37.63
2567,216,ราชประชานุเคราะห์ 60 จังหวัดเชียงใหม่,แม่ริม,กลาง,นอกเมือง,สำนักบริหารงานการศึกษาพิเศษ,-,85,51.76,49.97,24.71,19.07,35.08,23.28,29.88,18.82,36.47,18.96,30.75,19.03,31.76,30.53,29.20,19.57,48.24,39.44,42.35,34.73
2567,217,บ้านกาดวิทยาคม,แม่วาง,กลาง,นอกเมือง,สำนักงานคณะกรรมการการศึกษาขั้นพื้นฐาน,สำนักงานเขตพื้นที่การศึกษามัธยมศึกษาเชียงใหม่,116,62.07,48.52,24.31,17.77,41.72,24.29,30.34,18.84,33.45,19.08,24.97,16.84,33.62,31.33,34.83,19.99,45.69,39.16,46.12,34.21
2567,218,บ้านห้วยตอง,แม่วาง,กลาง,นอกเมือง,สำนักงานคณะกรรมการการศึกษาขั้นพื้นฐาน,สพป.เชียงใหม่ เขต 4,17,82.35,38.12,24.71,20.03,42.11,19.69,24.71,20.03,17.65,13.52,17.06,15.30,20.59,24.61,17.16,10.60,23.53,24.96,23.53,24.96
2567,219,แม่วินสามัคคี,แม่วาง,กลาง,นอกเมือง,สำนักงานคณะกรรมการการศึกษาขั้นพื้นฐาน,สพป.เชียงใหม่ เขต 4,63,85.71,34.99,22.86,18.47,56.85,27.01,31.11,22.47,27.94,20.01,27.38,15.30,30.95,28.77,26.67,19.56,42.06,38.01,34.13,35.44
2567,220,วัดมะกับตองหลวง,แม่วาง,เล็ก,นอกเมือง,สำนักงานคณะกรรมการการศึกษาขั้นพื้นฐาน,สพป.เชียงใหม่ เขต 4,2,50.00,50.00,30.00,10.00,39.47,10.53,60.00,20.00,30.00,10.00,22.50,9.17,25.00,25.00,52.50,2.50,0.00,0.00,50.00,50.00
2567,221,วัดห้วยแก้ว,แม่วาง,เล็ก,นอกเมือง,สำนักงานคณะกรรมการการศึกษาขั้นพื้นฐาน,สพป.เชียงใหม่ เขต 4,5,20.00,40.00,24.00,19.60,23.16,21.66,28.00,9.80,40.00,12.65,27.00,16.00,40.00,37.42,13.67,16.81,50.00,31.62,60.00,20.00
2567,222,สัพพัญญูวิทยา,แม่วาง,เล็ก,นอกเมือง,สำนักงานการศึกษาพระปริยัติธรรม แผนกสามัญศึกษา,สำนักเขตการศึกษาพระปริยัติธรรมฯ เขต  5,5,60.00,48.99,24.00,19.60,48.42,26.45,28.00,9.80,24.00,19.60,16.33,20.23,30.00,40.00,15.33,10.19,30.00,40.00,40.00,20.00
2567,223,ทาเหนือวิทยา,แม่ออน,เล็ก,นอกเมือง,สำนักงานคณะกรรมการการศึกษาขั้นพื้นฐาน,สพป.เชียงใหม่ เขต 1,25,36.00,48.00,22.40,14.22,34.95,22.30,27.20,23.92,28.00,21.91,30.33,16.91,22.00,31.87,21.33,16.69,28.00,34.87,38.00,35.44
2567,224,แม่ออนวิทยาลัย,แม่ออน,กลาง,นอกเมือง,สำนักงานคณะกรรมการการศึกษาขั้นพื้นฐาน,สำนักงานเขตพื้นที่การศึกษามัธยมศึกษาเชียงใหม่,55,63.64,48.10,21.82,16.74,42.15,23.86,33.09,20.62,35.27,18.28,32.58,22.19,28.18,31.28,32.64,16.40,44.55,37.75,49.09,37.53
2567,225,วัดห้วยแก้ว,แม่ออน,เล็ก,นอกเมือง,สำนักงานคณะกรรมการการศึกษาขั้นพื้นฐาน,สพป.เชียงใหม่ เขต 1,11,72.73,44.54,25.45,19.24,46.17,24.75,38.18,15.85,32.73,15.43,25.76,11.94,40.91,28.75,28.18,14.47,72.73,32.78,40.91,35.79
2567,226,วัดห้วยทราย,แม่ออน,เล็ก,นอกเมือง,สำนักงานคณะกรรมการการศึกษาขั้นพื้นฐาน,สพป.เชียงใหม่ เขต 1,13,38.46,48.65,20.00,15.69,36.23,32.81,38.46,16.57,33.85,21.32,29.62,20.36,34.62,23.08,18.59,17.31,46.15,41.42,50.00,33.97
2567,227,เจ้าพ่อหลวงอุปถัมภ์ 9,แม่อาย,กลาง,นอกเมือง,สำนักงานคณะกรรมการการศึกษาขั้นพื้นฐาน,สพป.เชียงใหม่ เขต 3,31,67.74,46.75,30.32,18.92,32.68,31.81,29.03,20.85,29.03,21.46,25.81,16.22,37.10,33.52,32.10,19.29,38.71,39.57,46.77,35.78
2567,228,ชุมชนบ้านคาย,แม่อาย,กลาง,นอกเมือง,สำนักงานคณะกรรมการการศึกษาขั้นพื้นฐาน,สพป.เชียงใหม่ เขต 3,12,91.67,27.64,33.33,12.47,32.24,25.92,38.33,17.24,38.33,20.75,21.94,11.66,45.83,24.65,26.67,16.30,58.33,44.88,41.67,39.97
2567,229,ชุมชนบ้านแม่ฮ่าง,แม่อาย,กลาง,นอกเมือง,สำนักงานคณะกรรมการการศึกษาขั้นพื้นฐาน,สพป.เชียงใหม่ เขต 3,17,82.35,38.12,27.06,18.07,39.63,17.37,35.29,16.13,42.35,21.57,30.78,20.20,44.12,29.12,34.22,19.83,79.41,34.55,58.82,39.24
2567,230,โชติคุณเกษมบ้านเมืองงาม,แม่อาย,กลาง,นอกเมือง,สำนักงานคณะกรรมการการศึกษาขั้นพื้นฐาน,สพป.เชียงใหม่ เขต 3,37,48.65,49.98,21.62,19.38,33.36,28.48,25.95,17.93,25.41,20.61,34.28,21.81,18.92,24.25,25.23,15.75,24.32,34.13,27.03,27.50
2567,231,ไทยรัฐวิทยา 12 (บ้านเอก),แม่อาย,กลาง,นอกเมือง,สำนักงานคณะกรรมการการศึกษาขั้นพื้นฐาน,สพป.เชียงใหม่ เขต 3,15,86.67,33.99,44.00,19.60,68.07,18.46,53.33,20.22,42.67,26.20,32.89,22.69,40.00,27.08,40.00,11.39,70.00,35.59,73.33,35.90
2567,232,บ้านท่ามะแกง,แม่อาย,เล็ก,นอกเมือง,สำนักงานคณะกรรมการการศึกษาขั้นพื้นฐาน,สพป.เชียงใหม่ เขต 3,16,43.75,49.61,26.25,18.33,33.88,25.93,28.75,23.42,41.25,16.54,27.40,12.83,34.38,38.40,24.79,17.31,59.38,40.38,56.25,34.80
2567,233,บ้านป่าก๊อ,แม่อาย,กลาง,นอกเมือง,สำนักงานคณะกรรมการการศึกษาขั้นพื้นฐาน,สพป.เชียงใหม่ เขต 3,20,65.00,47.70,28.00,20.40,35.26,19.87,27.00,15.84,37.00,23.04,30.83,21.85,42.50,36.31,28.67,16.65,25.00,29.58,25.00,25.00
2567,234,บ้านปางต้นเดื่อ,แม่อาย,กลาง,นอกเมือง,สำนักงานคณะกรรมการการศึกษาขั้นพื้นฐาน,สพป.เชียงใหม่ เขต 3,19,78.95,40.77,22.11,18.23,47.92,25.48,35.79,25.61,34.74,25.83,35.26,21.32,47.37,11.16,30.26,16.36,60.53,41.61,36.84,35.70
2567,235,บ้านป่าแดง,แม่อาย,กลาง,นอกเมือง,สำนักงานคณะกรรมการการศึกษาขั้นพื้นฐาน,สพป.เชียงใหม่ เขต 3,16,43.75,49.61,12.50,13.92,24.01,20.93,18.75,16.54,23.75,20.27,31.67,14.51,21.88,30.46,26.77,20.60,37.50,37.50,37.50,37.50
2567,236,บ้านสันต้นหมื้อ,แม่อาย,กลาง,นอกเมือง,สำนักงานคณะกรรมการการศึกษาขั้นพื้นฐาน,สพป.เชียงใหม่ เขต 3,42,54.76,49.77,24.29,13.48,34.46,25.54,29.05,19.62,33.81,22.03,24.56,18.30,29.76,30.98,25.99,18.41,36.90,36.29,42.86,37.12
2567,237,บ้านสุขฤทัย,แม่อาย,กลาง,นอกเมือง,สำนักงานคณะกรรมการการศึกษาขั้นพื้นฐาน,สพป.เชียงใหม่ เขต 3,38,81.58,38.77,27.37,18.59,36.29,26.09,26.84,18.51,27.37,18.59,24.39,16.72,44.74,29.89,21.97,13.17,44.74,41.02,31.58,33.29
2567,238,บ้านห้วยคอกหมู,แม่อาย,เล็ก,นอกเมือง,สำนักงานคณะกรรมการการศึกษาขั้นพื้นฐาน,สพป.เชียงใหม่ เขต 3,18,38.89,48.75,25.56,20.88,30.56,20.71,25.56,19.78,32.22,23.23,23.43,15.03,33.33,33.33,26.11,16.66,27.78,29.92,36.11,32.51
2567,239,พระปริยัติธรรมวัดท่าตอน,แม่อาย,เล็ก,นอกเมือง,สำนักงานการศึกษาพระปริยัติธรรม แผนกสามัญศึกษา,สำนักเขตการศึกษาพระปริยัติธรรมฯ เขต  5,14,35.71,47.92,17.14,14.85,33.65,27.01,31.43,19.59,32.86,14.36,31.55,17.82,25.00,31.34,32.86,18.55,53.57,44.18,32.14,35.89
2567,240,เพียงหลวง 1 (บ้านท่าตอน),แม่อาย,กลาง,นอกเมือง,สำนักงานคณะกรรมการการศึกษาขั้นพื้นฐาน,สพป.เชียงใหม่ เขต 3,54,40.74,49.14,22.59,16.80,51.56,24.27,31.48,19.85,35.93,22.24,27.53,20.80,41.67,31.55,34.38,20.95,63.89,36.54,50.00,39.67
2567,241,แม่อายวิทยาคม,แม่อาย,ใหญ่,นอกเมือง,กรมส่งเสริมการปกครองท้องถิ่น,ท้องถิ่นจังหวัดเชียงใหม่,37,81.08,39.17,22.16,19.61,40.97,26.10,41.08,18.57,34.05,21.24,28.20,20.01,39.19,31.05,30.99,22.46,59.46,36.46,59.46,38.27
2567,242,ราชประชานุเคราะห์ 30,แม่อาย,กลาง,นอกเมือง,สำนักบริหารงานการศึกษาพิเศษ,-,45,55.56,49.69,18.22,15.10,47.60,23.77,29.33,22.55,32.44,21.20,25.41,17.05,33.33,31.62,27.93,17.04,61.11,40.67,33.33,31.62
2567,243,บ้านนามน,เวียงแหง,เล็ก,นอกเมือง,สำนักงานคณะกรรมการการศึกษาขั้นพื้นฐาน,สพป.เชียงใหม่ เขต 3,14,57.14,49.49,18.57,19.22,30.08,25.70,32.86,16.23,48.57,27.99,31.07,14.55,35.71,29.45,39.05,23.73,25.00,36.60,32.14,30.51
2567,244,บ้านปางป๋อ,เวียงแหง,เล็ก,นอกเมือง,สำนักงานคณะกรรมการการศึกษาขั้นพื้นฐาน,สพป.เชียงใหม่ เขต 3,12,66.67,47.14,31.67,22.30,44.08,25.45,40.00,18.26,33.33,22.11,26.11,17.95,45.83,24.65,26.11,17.11,50.00,35.36,41.67,39.97
2567,245,บ้านเปียงหลวง,เวียงแหง,กลาง,นอกเมือง,สำนักงานคณะกรรมการการศึกษาขั้นพื้นฐาน,สพป.เชียงใหม่ เขต 3,56,50.00,50.00,23.93,18.68,39.90,24.79,31.79,20.28,27.50,17.14,27.44,18.50,33.04,34.43,25.98,16.58,34.82,37.70,40.18,38.29
2567,246,เวียงแหงปริยัติศึกษา,เวียงแหง,เล็ก,นอกเมือง,สำนักงานการศึกษาพระปริยัติธรรม แผนกสามัญศึกษา,สำนักเขตการศึกษาพระปริยัติธรรมฯ เขต  5,32,53.12,49.90,18.75,15.76,28.13,25.66,16.25,17.63,33.75,18.33,29.32,18.78,28.13,27.78,22.34,13.39,42.19,39.74,31.25,32.48
2567,247,เวียงแหงวิทยาคม,เวียงแหง,ใหญ่,นอกเมือง,สำนักงานคณะกรรมการการศึกษาขั้นพื้นฐาน,สำนักงานเขตพื้นที่การศึกษามัธยมศึกษาเชียงใหม่,165,55.15,49.73,23.76,18.50,39.09,27.74,33.21,20.24,36.12,21.11,29.25,17.18,35.15,33.13,33.14,18.87,44.55,40.08,40.00,34.02
2567,248,บ้านบ่อแก้ว,สะเมิง,กลาง,นอกเมือง,สำนักงานคณะกรรมการการศึกษาขั้นพื้นฐาน,สพป.เชียงใหม่ เขต 2,30,43.33,49.55,26.00,16.45,37.46,23.27,30.67,24.62,32.00,19.73,30.33,14.57,36.67,28.67,23.11,18.10,36.67,40.69,35.00,36.86
2567,249,บ้านปางขุม,สะเมิง,เล็ก,นอกเมือง,สำนักงานคณะกรรมการการศึกษาขั้นพื้นฐาน,สพป.เชียงใหม่ เขต 2,5,40.00,48.99,8.00,9.80,42.63,28.12,28.00,24.00,36.00,8.00,39.00,21.95,50.00,31.62,24.67,18.21,40.00,20.00,60.00,20.00
2567,250,บ้านป่าลาน,สะเมิง,เล็ก,นอกเมือง,สำนักงานคณะกรรมการการศึกษาขั้นพื้นฐาน,สพป.เชียงใหม่ เขต 2,12,83.33,37.27,35.00,21.79,48.25,23.13,43.33,21.34,33.33,18.86,30.14,16.71,45.83,24.65,42.50,16.62,66.67,31.18,50.00,35.36
2567,251,บ้านแม่ขะปู,สะเมิง,เล็ก,นอกเมือง,สำนักงานคณะกรรมการการศึกษาขั้นพื้นฐาน,สพป.เชียงใหม่ เขต 2,6,100.00,0.00,10.00,15.28,22.37,14.55,20.00,11.55,23.33,7.45,30.28,14.25,41.67,18.63,32.78,12.53,33.33,37.27,41.67,34.36
2567,252,บ้านแม่โต๋,สะเมิง,เล็ก,นอกเมือง,สำนักงานคณะกรรมการการศึกษาขั้นพื้นฐาน,สพป.เชียงใหม่ เขต 2,26,53.85,49.85,19.23,17.08,41.60,25.01,23.08,21.26,26.92,17.49,31.35,23.09,15.38,23.08,21.41,20.76,30.77,36.89,25.00,25.00
2567,253,บ้านแม่ยางห้า,สะเมิง,เล็ก,นอกเมือง,สำนักงานคณะกรรมการการศึกษาขั้นพื้นฐาน,สพป.เชียงใหม่ เขต 2,17,58.82,49.22,30.59,15.52,62.38,32.32,36.47,18.45,28.24,18.23,21.86,15.66,35.29,28.52,19.80,12.77,47.06,40.11,44.12,33.79
2567,254,บ้านแม่ลานคำ,สะเมิง,เล็ก,นอกเมือง,สำนักงานคณะกรรมการการศึกษาขั้นพื้นฐาน,สพป.เชียงใหม่ เขต 2,17,88.24,32.22,23.53,14.12,41.49,22.84,30.59,19.54,40.00,26.57,37.84,20.00,47.06,36.26,25.20,16.78,38.24,40.33,50.00,34.30
2567,255,บ้านแม่แว,สะเมิง,เล็ก,นอกเมือง,สำนักงานคณะกรรมการการศึกษาขั้นพื้นฐาน,สพป.เชียงใหม่ เขต 2,9,77.78,41.57,20.00,9.43,43.57,25.03,20.00,16.33,35.56,26.29,23.70,13.69,22.22,24.85,17.78,11.47,33.33,23.57,38.89,31.43
2567,256,วัดงิ้วเฒ่า,สะเมิง,เล็ก,นอกเมือง,สำนักงานคณะกรรมการการศึกษาขั้นพื้นฐาน,สพป.เชียงใหม่ เขต 2,12,25.00,43.30,20.00,23.09,49.56,18.29,30.00,15.28,36.67,21.34,27.78,18.40,20.83,24.65,22.78,16.67,37.50,36.08,33.33,23.57
2567,257,วัดยั้งเมิน,สะเมิง,เล็ก,นอกเมือง,สำนักงานคณะกรรมการการศึกษาขั้นพื้นฐาน,สพป.เชียงใหม่ เขต 2,10,60.00,48.99,22.00,22.72,50.79,22.76,32.00,20.40,46.00,15.62,24.83,16.10,45.00,35.00,26.00,15.66,50.00,38.73,40.00,43.59
2567,258,วัดสะเมิงวิทยา,สะเมิง,เล็ก,นอกเมือง,สำนักงานการศึกษาพระปริยัติธรรม แผนกสามัญศึกษา,สำนักเขตการศึกษาพระปริยัติธรรมฯ เขต  5,9,44.44,49.69,26.67,13.33,28.65,20.96,37.78,17.50,26.67,23.09,19.63,20.45,55.56,36.85,27.41,18.09,27.78,34.25,33.33,23.57
2567,259,สะเมิงพิทยาคม,สะเมิง,กลาง,นอกเมือง,สำนักงานคณะกรรมการการศึกษาขั้นพื้นฐาน,สำนักงานเขตพื้นที่การศึกษามัธยมศึกษาเชียงใหม่,74,47.30,49.93,25.14,20.28,42.85,23.71,28.38,21.31,32.16,19.68,28.40,18.08,37.16,31.90,31.78,18.26,42.57,39.15,46.62,36.14
2567,260,บ้านบวกค้าง,สันกำแพง,เล็ก,นอกเมือง,สำนักงานคณะกรรมการการศึกษาขั้นพื้นฐาน,สพป.เชียงใหม่ เขต 1,5,80.00,40.00,28.00,9.80,50.00,16.39,40.00,17.89,36.00,14.97,39.00,16.11,30.00,24.49,41.67,28.30,70.00,24.49,80.00,24.49
2567,261,บ้านแม่ปูคา,สันกำแพง,เล็ก,นอกเมือง,สำนักงานคณะกรรมการการศึกษาขั้นพื้นฐาน,สพป.เชียงใหม่ เขต 1,9,22.22,41.57,20.00,18.86,26.32,21.70,37.78,14.74,35.56,22.66,16.11,18.92,44.44,15.71,25.37,15.31,61.11,39.28,33.33,33.33
2567,262,บ้านหนองโค้ง,สันกำแพง,กลาง,นอกเมือง,สำนักงานคณะกรรมการการศึกษาขั้นพื้นฐาน,สพป.เชียงใหม่ เขต 1,46,69.57,46.01,27.39,17.37,48.74,24.02,29.13,18.04,39.13,23.94,22.79,16.78,34.78,29.25,35.11,23.38,54.35,37.34,63.04,32.02
2567,263,วัดล้านตอง,สันกำแพง,เล็ก,นอกเมือง,สำนักงานคณะกรรมการการศึกษาขั้นพื้นฐาน,สพป.เชียงใหม่ เขต 1,8,87.50,33.07,12.50,9.68,61.84,20.08,40.00,20.00,22.50,18.54,36.46,17.47,25.00,25.00,32.50,21.63,37.50,41.46,37.50,41.46
2567,264,สันกำแพง,สันกำแพง,ใหญ่พิเศษ,นอกเมือง,สำนักงานคณะกรรมการการศึกษาขั้นพื้นฐาน,สำนักงานเขตพื้นที่การศึกษามัธยมศึกษาเชียงใหม่,446,72.87,44.46,21.21,17.70,44.50,25.82,35.38,21.33,36.28,21.34,28.77,18.61,42.15,33.40,31.60,20.16,59.19,40.80,56.61,37.67
2567,265,สันกำแพงคันธาอนุสรณ์,สันกำแพง,เล็ก,นอกเมือง,สำนักงานคณะกรรมการการศึกษาขั้นพื้นฐาน,สพป.เชียงใหม่ เขต 1,16,37.50,48.41,13.75,13.64,52.30,26.77,23.75,20.27,31.25,15.76,34.79,16.01,25.00,25.00,34.48,22.56,18.75,24.21,40.63,31.72
2567,266,ชลประทานเขื่อนแม่กวงจิราธิวัฒน์อุปถัมภ์,สันทราย,กลาง,นอกเมือง,สำนักงานคณะกรรมการการศึกษาขั้นพื้นฐาน,สพป.เชียงใหม่ เขต 2,30,66.67,47.14,24.67,16.07,37.63,28.57,26.00,15.62,28.67,19.10,31.33,19.09,35.00,34.52,33.50,17.94,33.33,34.96,43.33,30.91
2567,267,บ้านเจดีย์แม่ครัว,สันทราย,กลาง,นอกเมือง,สำนักงานคณะกรรมการการศึกษาขั้นพื้นฐาน,สพป.เชียงใหม่ เขต 2,48,41.67,49.30,24.17,21.97,35.91,22.84,32.50,20.67,33.75,21.66,29.44,16.20,30.21,28.39,30.45,17.99,51.04,42.68,46.88,38.74
2567,268,บ้านบวกเปา,สันทราย,เล็ก,นอกเมือง,สำนักงานคณะกรรมการการศึกษาขั้นพื้นฐาน,สพป.เชียงใหม่ เขต 2,14,57.14,49.49,27.14,22.18,36.65,22.76,44.29,21.62,32.86,27.88,28.45,18.50,32.14,23.96,30.95,17.98,78.57,31.13,71.43,31.13
2567,269,บ้านแม่โจ้,สันทราย,กลาง,นอกเมือง,สำนักงานคณะกรรมการการศึกษาขั้นพื้นฐาน,สพป.เชียงใหม่ เขต 2,29,48.28,49.97,18.62,16.55,29.40,24.21,33.10,23.65,36.55,27.33,31.67,18.51,29.31,30.84,19.48,12.37,39.66,38.01,48.28,35.92
2567,270,บ้านร่มหลวง,สันทราย,เล็ก,นอกเมือง,สำนักงานคณะกรรมการการศึกษาขั้นพื้นฐาน,สพป.เชียงใหม่ เขต 2,18,22.22,41.57,21.11,8.09,37.87,27.77,31.11,11.97,37.78,20.96,36.76,16.90,50.00,37.27,32.87,22.19,61.11,42.67,52.78,31.06
2567,271,บ้านศรีบุญเรือง,สันทราย,กลาง,นอกเมือง,สำนักงานคณะกรรมการการศึกษาขั้นพื้นฐาน,สพป.เชียงใหม่ เขต 2,14,50.00,50.00,24.29,20.25,49.62,31.12,35.71,21.62,34.29,24.41,28.10,20.60,42.86,31.94,28.93,17.35,78.57,31.13,75.00,25.00
2567,272,บ้านหนองไคร้,สันทราย,กลาง,นอกเมือง,สำนักงานคณะกรรมการการศึกษาขั้นพื้นฐาน,สพป.เชียงใหม่ เขต 2,51,49.02,49.99,27.06,18.07,40.97,23.88,37.65,21.20,43.92,23.77,29.31,17.24,50.98,34.99,32.25,20.33,65.69,33.56,62.75,36.84
2567,273,บ้านหลักปัน,สันทราย,กลาง,นอกเมือง,สำนักงานคณะกรรมการการศึกษาขั้นพื้นฐาน,สพป.เชียงใหม่ เขต 2,24,41.67,49.30,25.00,15.55,42.65,23.56,34.17,21.97,38.33,23.75,27.15,20.81,41.67,23.57,32.78,13.40,68.75,34.80,58.33,37.27
2567,274,พงษ์พิกุลเชียงใหม่,สันทราย,กลาง,นอกเมือง,สำนักงานคณะกรรมการส่งเสริมการศึกษาเอกชน,-,13,61.54,48.65,13.85,14.43,42.91,26.61,35.38,22.40,24.62,11.51,30.77,22.29,30.77,36.89,25.26,18.20,42.31,38.46,46.15,41.42
2567,275,วัดแม่แก้ดน้อย,สันทราย,ใหญ่,นอกเมือง,สำนักงานคณะกรรมการการศึกษาขั้นพื้นฐาน,สพป.เชียงใหม่ เขต 2,72,38.89,48.75,20.28,17.48,36.66,26.10,28.06,16.21,29.44,21.85,27.59,19.64,34.72,31.88,30.12,19.52,43.06,39.36,43.06,40.23
2567,276,วัดวิเวกวนาราม,สันทราย,เล็ก,นอกเมือง,สำนักงานการศึกษาพระปริยัติธรรม แผนกสามัญศึกษา,สำนักเขตการศึกษาพระปริยัติธรรมฯ เขต  5,17,47.06,49.91,17.65,13.52,32.35,29.20,22.35,18.00,27.06,16.72,29.22,19.87,29.41,29.99,25.69,16.68,38.24,43.82,35.29,41.18
2567,277,สันทรายวิทยาคม,สันทราย,ใหญ่,นอกเมือง,สำนักงานคณะกรรมการการศึกษาขั้นพื้นฐาน,สำนักงานเขตพื้นที่การศึกษามัธยมศึกษาเชียงใหม่,267,49.06,49.99,22.25,17.76,43.10,26.80,32.58,21.00,35.28,21.42,30.36,19.69,41.39,32.68,31.50,19.60,54.49,39.41,57.49,35.95
2567,278,สันทรายหลวง,สันทราย,กลาง,นอกเมือง,สำนักงานคณะกรรมการการศึกษาขั้นพื้นฐาน,สพป.เชียงใหม่ เขต 2,87,45.98,49.84,25.06,18.75,40.26,27.33,31.26,19.58,35.86,22.52,32.39,21.25,35.63,30.24,29.04,18.65,46.55,39.97,44.25,35.90
2567,279,ทุ่งฟ้าบดราษฎร์บำรุง,สันป่าตอง,กลาง,นอกเมือง,กรมส่งเสริมการปกครองท้องถิ่น,ท้องถิ่นจังหวัดเชียงใหม่,55,50.91,49.99,21.82,21.33,44.93,29.04,33.09,21.98,34.18,22.13,36.91,19.76,33.64,34.45,29.94,20.30,35.45,36.52,50.00,38.14
2567,280,เทพศิรินทร์ เชียงใหม่,สันป่าตอง,กลาง,นอกเมือง,สำนักงานคณะกรรมการการศึกษาขั้นพื้นฐาน,สำนักงานเขตพื้นที่การศึกษามัธยมศึกษาเชียงใหม่,107,50.47,50.00,19.44,17.39,35.15,26.52,28.60,19.55,28.04,20.25,29.16,20.26,27.57,32.23,29.00,19.23,32.24,36.33,33.18,34.14
2567,281,บ้านทุ่งเสี้ยว (นวรัฐ),สันป่าตอง,เล็ก,นอกเมือง,สำนักงานคณะกรรมการการศึกษาขั้นพื้นฐาน,สพป.เชียงใหม่ เขต 4,11,54.55,49.79,14.55,17.25,46.17,26.11,43.64,14.32,30.91,15.64,22.88,20.36,36.36,22.27,21.21,15.44,40.91,35.79,31.82,38.57
2567,282,บ้านร่องน้ำ,สันป่าตอง,เล็ก,นอกเมือง,สำนักงานคณะกรรมการการศึกษาขั้นพื้นฐาน,สพป.เชียงใหม่ เขต 4,13,38.46,48.65,30.77,16.85,39.47,30.53,26.15,9.23,30.77,21.65,32.82,23.91,26.92,24.93,28.72,16.37,50.00,27.74,38.46,28.78
2567,283,บ้านหัวริน,สันป่าตอง,เล็ก,นอกเมือง,สำนักงานคณะกรรมการการศึกษาขั้นพื้นฐาน,สพป.เชียงใหม่ เขต 4,9,88.89,31.43,15.56,15.71,43.86,28.67,35.56,20.61,26.67,16.33,31.67,25.88,38.89,31.43,35.00,19.81,44.44,28.33,55.56,36.85
2567,284,พัฒนวิทย์ศึกษา,สันป่าตอง,ใหญ่,นอกเมือง,สำนักงานคณะกรรมการส่งเสริมการศึกษาเอกชน,-,2,0.00,0.00,20.00,0.00,46.05,3.95,30.00,10.00,60.00,0.00,9.17,9.17,50.00,0.00,40.83,9.17,50.00,50.00,0.00,0.00
2567,285,วัดกู่คำ,สันป่าตอง,เล็ก,นอกเมือง,สำนักงานคณะกรรมการการศึกษาขั้นพื้นฐาน,สพป.เชียงใหม่ เขต 4,27,77.78,41.57,31.11,17.50,36.94,25.50,28.89,26.29,40.00,21.77,24.26,12.66,40.74,30.54,24.81,17.23,50.00,36.00,38.89,31.43
2567,286,วัดโรงวัว,สันป่าตอง,เล็ก,นอกเมือง,สำนักงานคณะกรรมการการศึกษาขั้นพื้นฐาน,สพป.เชียงใหม่ เขต 4,10,50.00,50.00,22.00,20.88,40.79,15.27,24.00,17.44,34.00,22.00,39.83,24.10,35.00,32.02,38.67,26.09,40.00,43.59,40.00,37.42
2567,287,สันป่าตองวิทยาคม,สันป่าตอง,ใหญ่พิเศษ,นอกเมือง,สำนักงานคณะกรรมการการศึกษาขั้นพื้นฐาน,สำนักงานเขตพื้นที่การศึกษามัธยมศึกษาเชียงใหม่,312,65.71,47.47,22.44,17.52,40.83,27.69,36.92,24.04,33.97,21.11,30.20,18.19,38.14,33.55,30.62,19.18,54.97,39.22,59.78,37.24
2567,288,ช่องฟ้าซินเซิงวาณิชบำรุง,สารภี,ใหญ่พิเศษ,นอกเมือง,สำนักงานคณะกรรมการส่งเสริมการศึกษาเอกชน,-,122,73.77,43.99,24.92,17.24,46.57,23.67,44.10,23.88,38.36,21.05,30.18,18.82,46.72,30.53,39.58,18.51,66.80,39.26,67.21,35.51
2567,289,ชุมชนวัดศรีคำชมภู,สารภี,กลาง,นอกเมือง,สำนักงานคณะกรรมการการศึกษาขั้นพื้นฐาน,สพป.เชียงใหม่ เขต 4,29,41.38,49.25,24.83,17.93,40.83,25.52,34.48,23.43,26.21,21.08,26.84,19.39,25.86,28.23,30.11,18.17,41.38,41.67,43.10,36.49
2567,290,บ้านปากเหมือง,สารภี,กลาง,นอกเมือง,สำนักงานคณะกรรมการการศึกษาขั้นพื้นฐาน,สพป.เชียงใหม่ เขต 4,9,33.33,47.14,33.33,16.33,47.37,17.63,40.00,21.08,48.89,16.63,23.52,12.73,44.44,28.33,57.04,18.67,83.33,33.33,55.56,36.85
2567,291,วชิราลัย,สารภี,กลาง,นอกเมือง,สำนักงานคณะกรรมการส่งเสริมการศึกษาเอกชน,-,38,73.68,44.03,26.32,20.57,40.44,27.79,34.21,18.87,30.53,20.89,30.13,16.68,27.63,29.69,33.20,17.29,50.00,39.74,59.21,37.79
2567,292,วัดท่าต้นกวาว,สารภี,เล็ก,นอกเมือง,สำนักงานคณะกรรมการการศึกษาขั้นพื้นฐาน,สพป.เชียงใหม่ เขต 4,23,43.48,49.57,20.00,16.68,30.43,29.68,25.22,23.01,30.43,24.22,30.87,18.21,32.61,37.90,26.96,15.62,34.78,34.37,43.48,30.59
2567,293,วัดบวกครกเหนือ,สารภี,เล็ก,นอกเมือง,สำนักงานคณะกรรมการการศึกษาขั้นพื้นฐาน,สพป.เชียงใหม่ เขต 4,26,42.31,49.40,20.00,18.40,45.45,24.99,26.92,19.17,31.54,22.99,23.65,14.20,26.92,28.52,28.85,19.03,32.69,39.08,32.69,30.83
2567,294,วัดเวฬุวัน,สารภี,ใหญ่,นอกเมือง,สำนักงานคณะกรรมการการศึกษาขั้นพื้นฐาน,สพป.เชียงใหม่ เขต 4,144,47.92,49.96,25.28,17.16,43.07,25.67,31.94,21.39,36.39,23.29,28.28,19.16,35.76,32.09,31.32,20.98,52.08,38.13,53.13,36.90
2567,295,วัดศรีดอนชัย,สารภี,เล็ก,นอกเมือง,สำนักงานคณะกรรมการการศึกษาขั้นพื้นฐาน,สพป.เชียงใหม่ เขต 4,9,33.33,47.14,33.33,18.86,59.06,18.94,40.00,13.33,33.33,16.33,30.19,18.83,38.89,31.43,48.52,14.87,50.00,33.33,66.67,23.57
2567,296,สารภีปริยัติศึกษา,สารภี,เล็ก,นอกเมือง,สำนักงานการศึกษาพระปริยัติธรรม แผนกสามัญศึกษา,สำนักเขตการศึกษาพระปริยัติธรรมฯ เขต  5,12,50.00,50.00,13.33,12.47,36.84,18.39,23.33,22.85,30.00,22.36,20.42,16.88,12.50,21.65,25.69,18.30,33.33,37.27,33.33,31.18
2567,297,สารภีพิทยาคม,สารภี,กลาง,นอกเมือง,สำนักงานคณะกรรมการการศึกษาขั้นพื้นฐาน,สำนักงานเขตพื้นที่การศึกษามัธยมศึกษาเชียงใหม่,168,58.93,49.20,27.98,19.41,47.54,25.47,36.19,24.59,40.71,23.79,27.11,17.55,42.26,34.50,33.34,18.99,57.14,40.20,60.71,36.65
2567,298,สืบนทีธรรม,สารภี,กลาง,นอกเมือง,สำนักงานคณะกรรมการส่งเสริมการศึกษาเอกชน,-,23,73.91,43.91,24.35,19.52,40.05,19.10,24.35,15.56,37.39,19.83,34.28,19.44,28.26,35.59,29.13,22.56,47.83,42.93,41.30,38.03
2567,299,ต้นแก้วผดุงพิทยาลัย,หางดง,ใหญ่,นอกเมือง,กรมส่งเสริมการปกครองท้องถิ่น,ท้องถิ่นจังหวัดเชียงใหม่,39,56.41,49.59,23.08,21.02,40.96,27.74,35.38,19.98,35.90,25.29,21.75,16.65,32.05,30.98,28.08,18.37,37.18,35.30,51.28,40.01
2567,300,เทศบาลหนองตองวิทยา,หางดง,เล็ก,นอกเมือง,กรมส่งเสริมการปกครองท้องถิ่น,ท้องถิ่นจังหวัดเชียงใหม่,15,26.67,44.22,22.67,26.20,51.75,31.94,29.33,17.69,34.67,17.07,27.78,16.88,33.33,29.81,34.89,17.37,43.33,40.28,50.00,36.51
2567,301,บ้านน้ำแพร่,หางดง,เล็ก,นอกเมือง,สำนักงานคณะกรรมการการศึกษาขั้นพื้นฐาน,สพป.เชียงใหม่ เขต 4,23,47.83,49.95,22.61,13.58,51.26,28.10,32.17,20.21,29.57,23.49,29.13,19.08,30.43,32.10,29.49,15.20,34.78,42.82,45.65,46.42
2567,302,บ้านปง,หางดง,เล็ก,นอกเมือง,สำนักงานคณะกรรมการการศึกษาขั้นพื้นฐาน,สพป.เชียงใหม่ เขต 4,18,55.56,49.69,30.00,16.67,51.02,21.88,33.33,17.64,35.56,21.66,28.24,17.46,22.22,24.85,25.56,21.72,50.00,37.27,47.22,38.99
2567,303,บ้านสันป่าสัก,หางดง,กลาง,นอกเมือง,สำนักงานคณะกรรมการการศึกษาขั้นพื้นฐาน,สพป.เชียงใหม่ เขต 4,67,49.25,49.99,24.48,20.10,37.16,27.10,28.66,22.19,39.40,21.01,26.07,17.79,29.10,28.85,29.78,21.12,46.27,37.96,49.25,38.14
2567,304,พันธสัญญา,หางดง,เล็ก,นอกเมือง,สำนักงานคณะกรรมการส่งเสริมการศึกษาเอกชน,-,12,41.67,49.30,23.33,15.99,40.35,23.62,26.67,12.47,36.67,19.72,27.92,15.31,45.83,32.00,43.75,15.31,62.50,36.08,54.17,32.00
2567,305,วัดศรีสว่าง,หางดง,เล็ก,นอกเมือง,สำนักงานคณะกรรมการการศึกษาขั้นพื้นฐาน,สพป.เชียงใหม่ เขต 4,7,28.57,45.18,25.71,17.61,48.12,24.67,20.00,21.38,37.14,12.78,27.38,22.78,35.71,22.59,29.29,21.30,14.29,22.59,21.43,24.74
2567,306,หางดงรัฐราษฎร์อุปถัมภ์,หางดง,ใหญ่,นอกเมือง,สำนักงานคณะกรรมการการศึกษาขั้นพื้นฐาน,สำนักงานเขตพื้นที่การศึกษามัธยมศึกษาเชียงใหม่,227,72.69,44.56,20.79,18.33,38.87,28.10,31.72,21.53,36.48,21.03,29.33,19.40,38.77,32.10,31.57,21.81,52.20,38.92,51.32,38.11
2567,307,หางดงสังฆราษฎร์อุปถัมภ์,หางดง,เล็ก,นอกเมือง,สำนักงานการศึกษาพระปริยัติธรรม แผนกสามัญศึกษา,สำนักเขตการศึกษาพระปริยัติธรรมฯ เขต  5,15,40.00,48.99,22.67,19.14,49.47,20.32,28.00,21.66,30.67,20.48,17.56,16.23,43.33,30.91,20.67,16.98,26.67,24.94,43.33,35.90
2567,308,บ้านซิแบร,อมก๋อย,เล็ก,นอกเมือง,สำนักงานคณะกรรมการการศึกษาขั้นพื้นฐาน,สพป.เชียงใหม่ เขต 5,10,70.00,45.83,28.00,13.27,36.05,24.06,20.00,15.49,32.00,20.40,34.83,16.03,25.00,25.00,23.67,11.32,45.00,41.53,20.00,24.49
2567,309,บ้านตุงลอย,อมก๋อย,กลาง,นอกเมือง,สำนักงานคณะกรรมการการศึกษาขั้นพื้นฐาน,สพป.เชียงใหม่ เขต 5,31,41.94,49.35,21.29,16.80,40.32,27.00,24.52,16.62,20.65,18.65,23.33,17.37,22.58,33.21,23.06,18.54,24.19,30.77,37.10,31.02
2567,310,บ้านนาเกียน,อมก๋อย,เล็ก,นอกเมือง,สำนักงานคณะกรรมการการศึกษาขั้นพื้นฐาน,สำนักงานเขตพื้นที่การศึกษามัธยมศึกษาเชียงใหม่,15,66.67,47.14,20.00,19.32,44.74,26.33,32.00,16.00,18.67,18.57,27.89,20.93,26.67,30.91,24.00,18.16,26.67,30.91,26.67,24.94
2567,311,บ้านมูเซอ,อมก๋อย,กลาง,นอกเมือง,สำนักงานคณะกรรมการการศึกษาขั้นพื้นฐาน,สพป.เชียงใหม่ เขต 5,12,50.00,50.00,15.00,11.90,37.50,26.27,26.67,20.55,23.33,11.06,16.25,17.63,41.67,27.64,26.25,11.04,29.17,37.96,25.00,38.19
2567,312,บ้านแม่ต๋อม,อมก๋อย,กลาง,นอกเมือง,สำนักงานคณะกรรมการการศึกษาขั้นพื้นฐาน,สพป.เชียงใหม่ เขต 5,24,79.17,40.61,21.67,17.24,47.15,25.52,38.33,19.93,26.67,18.86,27.92,23.45,22.92,24.91,39.72,20.10,56.25,44.05,29.17,37.96
2567,313,บ้านแม่อ่างขาง,อมก๋อย,เล็ก,นอกเมือง,สำนักงานคณะกรรมการการศึกษาขั้นพื้นฐาน,สพป.เชียงใหม่ เขต 5,18,61.11,48.75,23.33,19.15,33.63,18.89,31.11,17.92,31.11,22.33,29.91,16.62,44.44,32.87,29.63,15.48,58.33,38.19,27.78,29.92
2567,314,บ้านยางครก,อมก๋อย,เล็ก,นอกเมือง,สำนักงานคณะกรรมการการศึกษาขั้นพื้นฐาน,สพป.เชียงใหม่ เขต 5,20,60.00,48.99,20.00,18.97,38.68,24.18,19.00,16.09,23.00,20.27,22.67,16.44,15.00,22.91,16.75,17.07,20.00,29.15,37.50,31.12
2567,315,บ้านยางเปา,อมก๋อย,กลาง,นอกเมือง,สำนักงานคณะกรรมการการศึกษาขั้นพื้นฐาน,สพป.เชียงใหม่ เขต 5,36,75.00,43.30,21.67,17.87,42.25,24.79,30.00,19.15,29.44,19.71,26.02,19.05,40.28,36.93,23.06,19.71,51.39,34.33,33.33,33.33
2567,316,บ้านยางเปียง,อมก๋อย,เล็ก,นอกเมือง,สำนักงานคณะกรรมการการศึกษาขั้นพื้นฐาน,สพป.เชียงใหม่ เขต 5,21,42.86,49.49,18.10,19.42,29.20,23.63,23.81,22.78,20.00,20.47,32.38,20.86,30.95,28.77,20.87,15.93,23.81,29.35,28.57,32.99
2567,317,บ้านสบลาน,อมก๋อย,กลาง,นอกเมือง,สำนักงานคณะกรรมการการศึกษาขั้นพื้นฐาน,สพป.เชียงใหม่ เขต 5,7,42.86,49.49,22.86,12.78,19.17,17.94,20.00,18.52,25.71,25.56,15.00,14.36,14.29,22.59,27.38,21.15,21.43,36.42,35.71,22.59
2567,318,บ้านห้วยโค้ง,อมก๋อย,กลาง,นอกเมือง,สำนักงานคณะกรรมการการศึกษาขั้นพื้นฐาน,สพป.เชียงใหม่ เขต 5,11,27.27,44.54,18.18,13.36,61.24,27.53,23.64,22.27,25.45,21.05,26.21,15.42,27.27,32.78,24.39,11.04,22.73,32.78,31.82,32.14
2567,319,บ้านห้วยน้ำขาว,อมก๋อย,กลาง,นอกเมือง,สำนักงานคณะกรรมการการศึกษาขั้นพื้นฐาน,สพป.เชียงใหม่ เขต 5,49,55.10,49.74,18.78,17.80,42.96,29.35,30.61,21.04,24.49,17.74,30.44,18.83,30.61,33.22,26.46,17.80,31.63,34.54,35.71,39.12
2567,320,บ้านห้วยไม้หก,อมก๋อย,เล็ก,นอกเมือง,สำนักงานคณะกรรมการการศึกษาขั้นพื้นฐาน,สพป.เชียงใหม่ เขต 5,37,70.27,45.71,21.08,21.28,40.75,21.66,18.92,19.14,28.11,17.68,26.67,19.53,37.84,31.63,25.86,17.97,41.89,35.86,29.73,35.75
2567,321,บ้านอูตูม,อมก๋อย,กลาง,นอกเมือง,สำนักงานคณะกรรมการการศึกษาขั้นพื้นฐาน,สพป.เชียงใหม่ เขต 5,26,42.31,49.40,23.85,19.23,37.04,21.08,19.23,18.80,29.23,15.91,23.21,16.39,19.23,28.00,20.83,19.13,19.23,31.25,36.54,26.16
2567,322,แม่ตื่นวิทยาคม,อมก๋อย,กลาง,นอกเมือง,สำนักงานคณะกรรมการการศึกษาขั้นพื้นฐาน,สำนักงานเขตพื้นที่การศึกษามัธยมศึกษาเชียงใหม่,77,46.75,49.89,24.94,17.10,44.02,25.87,31.69,23.54,31.69,22.18,29.70,17.07,38.31,31.10,30.15,18.96,55.84,41.07,37.01,37.28
2567,323,อมก๋อยวิทยาคม,อมก๋อย,ใหญ่,นอกเมือง,สำนักงานคณะกรรมการการศึกษาขั้นพื้นฐาน,สำนักงานเขตพื้นที่การศึกษามัธยมศึกษาเชียงใหม่,135,53.33,49.89,24.30,19.83,35.17,28.54,25.93,19.18,25.78,20.05,26.64,18.90,30.37,29.87,28.37,19.08,33.70,34.87,34.07,34.78
2567,324,ชุมชนบ้านท่าข้าม,ฮอด,กลาง,นอกเมือง,สำนักงานคณะกรรมการการศึกษาขั้นพื้นฐาน,สพป.เชียงใหม่ เขต 5,12,41.67,49.30,21.67,15.18,44.08,25.45,23.33,15.99,28.33,15.18,29.72,16.71,41.67,34.36,35.97,23.37,54.17,37.96,41.67,39.97
2567,325,บ้านกองลอย,ฮอด,กลาง,นอกเมือง,สำนักงานคณะกรรมการการศึกษาขั้นพื้นฐาน,สพป.เชียงใหม่ เขต 5,26,57.69,49.40,29.23,19.40,54.66,27.46,22.31,19.48,26.15,22.03,29.68,20.25,28.85,24.70,34.17,17.63,44.23,37.54,32.69,30.83
2567,326,บ้านแควมะกอก,ฮอด,กลาง,นอกเมือง,สำนักงานคณะกรรมการการศึกษาขั้นพื้นฐาน,สพป.เชียงใหม่ เขต 5,21,52.38,49.94,19.05,14.44,30.33,19.18,27.62,21.80,35.24,23.83,24.76,17.08,26.19,29.35,27.38,19.17,33.33,32.12,21.43,29.16
2567,327,บ้านตาลเหนือ,ฮอด,เล็ก,นอกเมือง,สำนักงานคณะกรรมการการศึกษาขั้นพื้นฐาน,สพป.เชียงใหม่ เขต 5,2,50.00,50.00,20.00,20.00,75.00,3.95,20.00,0.00,50.00,10.00,34.17,2.50,25.00,25.00,34.17,15.83,0.00,0.00,50.00,50.00
2567,328,บ้านเตียนอาง,ฮอด,เล็ก,นอกเมือง,สำนักงานคณะกรรมการการศึกษาขั้นพื้นฐาน,สพป.เชียงใหม่ เขต 5,20,50.00,50.00,12.00,16.00,38.95,25.83,30.00,16.12,28.00,20.40,26.92,15.37,30.00,33.17,34.08,18.96,40.00,33.91,30.00,29.15
2567,329,บ้านทุ่งโป่ง,ฮอด,เล็ก,นอกเมือง,สำนักงานคณะกรรมการการศึกษาขั้นพื้นฐาน,สพป.เชียงใหม่ เขต 5,3,33.33,47.14,33.33,9.43,19.30,13.65,20.00,16.33,26.67,18.86,15.00,11.14,33.33,23.57,37.78,17.28,33.33,23.57,50.00,40.82
2567,330,บ้านนาฟ่อน,ฮอด,เล็ก,นอกเมือง,สำนักงานคณะกรรมการการศึกษาขั้นพื้นฐาน,สพป.เชียงใหม่ เขต 5,7,42.86,49.49,25.71,20.60,53.01,30.99,14.29,14.00,40.00,21.38,24.52,15.55,28.57,24.74,28.57,18.91,50.00,37.80,42.86,31.94
2567,331,บ้านบ่อหลวง,ฮอด,กลาง,นอกเมือง,สำนักงานคณะกรรมการการศึกษาขั้นพื้นฐาน,สพป.เชียงใหม่ เขต 5,24,45.83,49.83,16.67,17.00,30.48,29.43,34.17,21.97,27.50,20.67,26.67,21.34,22.92,28.79,28.13,18.62,37.50,38.86,27.08,24.91
2567,332,บ้านพุย,ฮอด,เล็ก,นอกเมือง,สำนักงานคณะกรรมการการศึกษาขั้นพื้นฐาน,สพป.เชียงใหม่ เขต 5,13,46.15,49.85,27.69,22.92,45.75,22.56,27.69,12.50,21.54,19.94,35.00,18.16,50.00,33.97,18.46,13.45,46.15,41.42,34.62,30.28
2567,333,บ้านแม่งูด,ฮอด,เล็ก,นอกเมือง,สำนักงานคณะกรรมการการศึกษาขั้นพื้นฐาน,สพป.เชียงใหม่ เขต 5,19,36.84,48.24,24.21,19.01,37.12,22.21,24.21,17.86,27.37,17.42,30.53,20.64,42.11,33.49,37.37,20.00,57.89,37.22,39.47,34.71
2567,334,บ้านแม่ลาย,ฮอด,เล็ก,นอกเมือง,สำนักงานคณะกรรมการการศึกษาขั้นพื้นฐาน,สพป.เชียงใหม่ เขต 5,14,64.29,47.92,35.71,20.25,36.28,26.26,25.71,20.60,35.71,18.79,39.40,22.51,32.14,30.51,33.45,18.19,42.86,41.65,28.57,31.13
2567,335,บ้านวังลุง,ฮอด,เล็ก,นอกเมือง,สำนักงานคณะกรรมการการศึกษาขั้นพื้นฐาน,สพป.เชียงใหม่ เขต 5,10,80.00,40.00,20.00,15.49,47.63,29.29,14.00,18.00,14.00,15.62,34.00,15.53,35.00,32.02,33.67,10.19,40.00,30.00,45.00,35.00
2567,336,แม่โถวิทยาคม,ฮอด,กลาง,นอกเมือง,สำนักงานคณะกรรมการการศึกษาขั้นพื้นฐาน,สพป.เชียงใหม่ เขต 5,35,48.57,49.98,18.86,18.48,39.40,27.10,28.57,17.43,29.14,18.11,25.00,19.70,30.00,29.76,30.86,19.60,34.29,35.40,40.00,35.46
2567,337,วัดบ้านขุนเตรียมพุทธศาสตร์,ฮอด,เล็ก,นอกเมือง,สำนักงานการศึกษาพระปริยัติธรรม แผนกสามัญศึกษา,สำนักเขตการศึกษาพระปริยัติธรรมฯ เขต  5,27,77.78,41.57,15.56,13.70,37.52,24.56,26.67,18.86,40.00,18.05,33.27,21.28,18.52,27.72,26.60,16.42,29.63,31.21,27.78,31.43
2567,338,ฮอดพิทยาคม,ฮอด,ใหญ่,นอกเมือง,สำนักงานคณะกรรมการการศึกษาขั้นพื้นฐาน,สำนักงานเขตพื้นที่การศึกษามัธยมศึกษาเชียงใหม่,119,48.74,49.98,24.03,17.31,44.36,28.43,29.58,23.02,30.59,20.22,32.52,22.13,34.45,30.92,32.84,19.73,50.84,40.47,42.86,38.50
2566,1,บ้านขุนแม่รวม,กัลยาณิวัฒนา,เล็ก,นอกเมือง,สำนักงานคณะกรรมการการศึกษาขั้นพื้นฐาน,สพป.เชียงใหม่ เขต 6,3,100.00,0.00,20.00,16.33,30.70,8.68,13.33,9.43,33.33,33.99,10.56,14.93,16.67,23.57,33.33,21.21,0.00,0.00,33.33,23.57
2566,2,บ้านจันทร์,กัลยาณิวัฒนา,เล็ก,นอกเมือง,สำนักงานคณะกรรมการการศึกษาขั้นพื้นฐาน,สพป.เชียงใหม่ เขต 6,11,63.64,48.10,21.82,26.22,30.38,19.86,29.09,15.64,34.55,17.25,15.76,16.85,18.18,24.05,36.06,29.75,22.73,24.90,77.27,39.10
2566,3,บ้านแจ่มหลวง,กัลยาณิวัฒนา,เล็ก,นอกเมือง,สำนักงานคณะกรรมการการศึกษาขั้นพื้นฐาน,สพป.เชียงใหม่ เขต 6,15,33.33,47.14,26.67,20.22,32.81,24.68,25.33,17.07,28.00,16.00,14.56,14.99,23.33,35.90,30.33,15.97,20.00,30.55,50.00,36.51
2566,4,บ้านแม่แดดน้อย,กัลยาณิวัฒนา,เล็ก,นอกเมือง,สำนักงานคณะกรรมการการศึกษาขั้นพื้นฐาน,สพป.เชียงใหม่ เขต 6,19,31.58,46.48,15.79,15.33,27.01,20.79,28.42,23.68,28.42,14.96,11.67,11.42,28.95,29.54,32.37,16.88,28.95,24.69,52.63,34.31
2566,5,บ้านแม่ตะละ,กัลยาณิวัฒนา,เล็ก,นอกเมือง,สำนักงานคณะกรรมการการศึกษาขั้นพื้นฐาน,สพป.เชียงใหม่ เขต 6,2,50.00,50.00,40.00,20.00,35.53,14.47,30.00,10.00,20.00,0.00,27.50,9.17,0.00,0.00,40.83,40.83,50.00,0.00,0.00,0.00
2566,6,บ้านห้วยยา,กัลยาณิวัฒนา,เล็ก,นอกเมือง,สำนักงานคณะกรรมการการศึกษาขั้นพื้นฐาน,สพป.เชียงใหม่ เขต 6,17,29.41,45.56,20.00,16.80,42.26,22.45,16.47,15.70,29.41,20.71,26.47,18.58,20.59,24.61,34.41,20.49,14.71,28.52,44.12,37.89
2566,7,มัธยมกัลยาณิวัฒนาเฉลิมพระเกียรติ,กัลยาณิวัฒนา,กลาง,นอกเมือง,สำนักงานคณะกรรมการการศึกษาขั้นพื้นฐาน,สำนักงานเขตพื้นที่การศึกษามัธยมศึกษาเชียงใหม่,18,22.22,41.57,22.22,20.96,22.51,22.49,26.67,18.86,32.22,17.81,11.02,11.51,16.67,23.57,35.65,18.85,25.00,30.05,50.00,37.27
2566,8,สามัคคีสันม่วง,กัลยาณิวัฒนา,เล็ก,นอกเมือง,สำนักงานคณะกรรมการการศึกษาขั้นพื้นฐาน,สพป.เชียงใหม่ เขต 6,8,25.00,43.30,17.50,15.61,32.89,25.82,20.00,14.14,27.50,13.92,14.17,9.75,43.75,16.54,37.50,21.79,18.75,24.21,43.75,39.03
2566,9,จอมทอง,จอมทอง,ใหญ่พิเศษ,นอกเมือง,สำนักงานคณะกรรมการการศึกษาขั้นพื้นฐาน,สำนักงานเขตพื้นที่การศึกษามัธยมศึกษาเชียงใหม่,335,52.24,49.95,23.76,19.52,30.93,23.94,27.58,20.35,32.90,20.93,18.85,16.10,29.10,30.36,38.48,19.97,26.42,31.08,57.61,37.78
2566,10,ไทยรัฐวิทยา 79 (บ้านหนองอาบช้าง),จอมทอง,เล็ก,นอกเมือง,สำนักงานคณะกรรมการการศึกษาขั้นพื้นฐาน,สพป.เชียงใหม่ เขต 6,17,41.18,49.22,22.35,18.00,36.07,17.29,27.06,15.25,22.35,18.00,21.57,15.45,23.53,30.28,36.67,19.02,8.82,19.06,52.94,36.26
2566,11,บ้านขุนกลาง,จอมทอง,กลาง,นอกเมือง,สำนักงานคณะกรรมการการศึกษาขั้นพื้นฐาน,สพป.เชียงใหม่ เขต 6,19,15.79,36.46,20.00,20.52,32.69,26.99,20.00,17.17,29.47,15.03,19.91,14.54,18.42,33.29,27.54,16.25,28.95,29.54,50.00,32.44
2566,12,บ้านขุนแปะ,จอมทอง,เล็ก,นอกเมือง,สำนักงานคณะกรรมการการศึกษาขั้นพื้นฐาน,สพป.เชียงใหม่ เขต 6,20,25.00,43.30,25.00,15.33,20.26,19.46,33.00,20.27,30.00,18.44,24.58,14.90,25.00,25.00,46.50,18.83,17.50,23.85,65.00,27.84
2566,13,บ้านปากทางท่าลี่,จอมทอง,เล็ก,นอกเมือง,สำนักงานคณะกรรมการการศึกษาขั้นพื้นฐาน,สพป.เชียงใหม่ เขต 6,7,28.57,45.18,25.71,17.61,31.58,23.95,20.00,15.12,31.43,14.57,20.71,14.77,21.43,24.74,32.38,18.49,14.29,22.59,50.00,37.80
2566,14,บ้านสบเตี๊ยะ,จอมทอง,กลาง,นอกเมือง,สำนักงานคณะกรรมการการศึกษาขั้นพื้นฐาน,สพป.เชียงใหม่ เขต 6,18,50.00,50.00,24.44,17.07,27.78,21.13,28.89,22.33,28.89,17.92,22.22,16.67,33.33,37.27,33.61,22.13,19.44,24.37,30.56,33.91
2566,15,บ้านห้วยทราย,จอมทอง,เล็ก,นอกเมือง,สำนักงานคณะกรรมการการศึกษาขั้นพื้นฐาน,สพป.เชียงใหม่ เขต 6,10,40.00,48.99,24.00,19.60,26.84,22.84,34.00,26.91,30.00,18.44,16.83,15.41,25.00,25.00,39.17,22.46,15.00,22.91,45.00,26.93
2566,16,บ้านห้วยส้มป่อย,จอมทอง,เล็ก,นอกเมือง,สำนักงานคณะกรรมการการศึกษาขั้นพื้นฐาน,สพป.เชียงใหม่ เขต 6,11,90.91,28.75,12.73,24.53,37.56,15.87,27.27,23.00,29.09,19.75,23.03,17.13,18.18,24.05,29.85,11.69,13.64,22.27,54.55,39.63
2566,17,บ้านใหม่สารภี,จอมทอง,เล็ก,นอกเมือง,สำนักงานคณะกรรมการการศึกษาขั้นพื้นฐาน,สพป.เชียงใหม่ เขต 6,11,27.27,44.54,23.64,16.66,33.01,23.57,27.27,23.00,20.00,14.77,15.45,12.23,40.91,28.75,33.94,15.80,18.18,24.05,59.09,28.75
2566,18,วัดพุทธนิมิตรวิทยา,จอมทอง,เล็ก,นอกเมือง,สำนักงานพระพุทธศาสนาแห่งชาติ,กลุ่มโรงเรียนพระปริยัติธรรมฯ กลุ่ม  5,23,34.78,47.63,20.00,18.65,42.68,29.27,23.48,21.79,32.17,20.21,21.09,16.28,17.39,23.81,35.29,18.22,19.57,28.51,50.00,36.12
2566,19,สุทธิวงศ์ดำรงวิทย์,จอมทอง,เล็ก,นอกเมือง,สำนักงานคณะกรรมการส่งเสริมการศึกษาเอกชน,-,5,60.00,48.99,16.00,8.00,32.63,23.57,24.00,14.97,24.00,19.60,20.00,11.64,0.00,0.00,25.33,15.22,0.00,0.00,40.00,48.99
2566,20,แกน้อยศึกษา,เชียงดาว,กลาง,นอกเมือง,สำนักงานคณะกรรมการการศึกษาขั้นพื้นฐาน,สพป.เชียงใหม่ เขต 3,8,50.00,50.00,12.50,19.84,25.99,33.12,27.50,19.84,22.50,15.61,18.75,13.17,18.75,24.21,27.29,12.55,18.75,34.80,56.25,29.97
2566,21,เจ้าฟ้าอุบลรัตน์,เชียงดาว,เล็ก,นอกเมือง,สำนักงานคณะกรรมการส่งเสริมการศึกษาเอกชน,-,32,43.75,49.61,26.25,23.68,31.33,25.59,26.87,18.45,26.25,19.65,17.60,15.55,31.25,32.48,44.01,18.61,9.38,19.52,39.06,36.94
2566,22,ชุมชนบ้านเมืองงาย,เชียงดาว,กลาง,นอกเมือง,สำนักงานคณะกรรมการการศึกษาขั้นพื้นฐาน,สพป.เชียงใหม่ เขต 3,36,33.33,47.14,20.56,17.31,30.63,24.11,29.44,19.14,33.89,18.15,17.64,13.46,27.78,32.16,36.71,15.17,23.61,32.24,48.61,32.24
2566,23,ชุมชนบ้านวังจ๊อม,เชียงดาว,กลาง,นอกเมือง,สำนักงานคณะกรรมการการศึกษาขั้นพื้นฐาน,สพป.เชียงใหม่ เขต 3,18,61.11,48.75,24.44,20.61,27.34,19.00,26.67,18.86,32.22,9.75,22.69,17.19,22.22,29.92,31.67,16.87,27.78,29.92,61.11,42.67
2566,24,เชียงดาววิทยาคม,เชียงดาว,ใหญ่,นอกเมือง,สำนักงานคณะกรรมการการศึกษาขั้นพื้นฐาน,สำนักงานเขตพื้นที่การศึกษามัธยมศึกษาเชียงใหม่,114,45.61,49.81,23.33,18.72,34.83,23.42,29.12,21.54,28.77,19.65,20.03,14.54,27.63,29.69,33.19,17.06,27.63,35.72,49.12,36.26
2566,25,ดอยสามหมื่น,เชียงดาว,เล็ก,นอกเมือง,สำนักงานคณะกรรมการการศึกษาขั้นพื้นฐาน,สพป.เชียงใหม่ เขต 3,7,28.57,45.18,20.00,15.12,24.44,24.83,42.86,22.50,37.14,16.66,16.90,15.52,28.57,36.42,24.05,16.92,28.57,36.42,35.71,34.99
2566,26,บ้านเชียงดาว,เชียงดาว,กลาง,นอกเมือง,สำนักงานคณะกรรมการการศึกษาขั้นพื้นฐาน,สพป.เชียงใหม่ เขต 3,41,56.10,49.63,25.37,17.68,34.92,24.77,31.22,19.28,32.68,18.61,18.41,14.78,39.02,35.80,38.70,21.09,30.49,36.42,58.54,38.10
2566,27,บ้านทุ่งข้าวพวง,เชียงดาว,กลาง,นอกเมือง,สำนักงานคณะกรรมการการศึกษาขั้นพื้นฐาน,สพป.เชียงใหม่ เขต 3,20,50.00,50.00,25.00,19.87,31.71,23.52,27.00,21.24,22.00,16.61,24.25,14.70,22.50,24.87,38.67,17.64,37.50,31.12,45.00,38.41
2566,28,บ้านนาหวาย,เชียงดาว,กลาง,นอกเมือง,สำนักงานคณะกรรมการการศึกษาขั้นพื้นฐาน,สพป.เชียงใหม่ เขต 3,34,44.12,49.65,21.18,16.04,33.82,22.21,24.12,20.45,30.00,18.94,17.94,12.88,25.00,27.79,42.40,17.08,26.47,30.28,67.65,34.05
2566,29,บ้านปางเฟือง,เชียงดาว,เล็ก,นอกเมือง,สำนักงานคณะกรรมการการศึกษาขั้นพื้นฐาน,สพป.เชียงใหม่ เขต 3,10,70.00,45.83,24.00,14.97,44.74,22.05,28.00,20.40,28.00,9.80,19.50,13.27,10.00,20.00,34.17,21.70,15.00,22.91,60.00,37.42
2566,30,บ้านปางมะเยา,เชียงดาว,กลาง,นอกเมือง,สำนักงานคณะกรรมการการศึกษาขั้นพื้นฐาน,สพป.เชียงใหม่ เขต 3,14,64.29,47.92,24.29,18.79,24.81,19.99,31.43,14.57,28.57,12.45,12.62,9.12,25.00,25.00,38.33,14.34,14.29,22.59,42.86,37.12
2566,31,บ้านเมืองคอง,เชียงดาว,เล็ก,นอกเมือง,สำนักงานคณะกรรมการการศึกษาขั้นพื้นฐาน,สพป.เชียงใหม่ เขต 3,6,50.00,50.00,20.00,11.55,23.68,20.50,33.33,24.94,40.00,16.33,13.61,14.32,25.00,38.19,38.61,12.23,25.00,25.00,66.67,23.57
2566,32,บ้านเมืองนะ,เชียงดาว,กลาง,นอกเมือง,สำนักงานคณะกรรมการการศึกษาขั้นพื้นฐาน,สพป.เชียงใหม่ เขต 3,40,72.50,44.65,47.00,32.11,54.14,29.55,30.50,18.97,27.50,22.67,25.29,15.94,23.75,27.36,38.79,19.35,33.75,32.38,56.25,39.03
2566,33,บ้านแม่กอนใน,เชียงดาว,เล็ก,นอกเมือง,สำนักงานคณะกรรมการการศึกษาขั้นพื้นฐาน,สพป.เชียงใหม่ เขต 3,12,75.00,43.30,20.00,18.26,27.85,20.79,20.00,14.14,20.00,11.55,20.28,16.17,37.50,29.76,34.86,11.09,0.00,0.00,33.33,23.57
2566,34,บ้านแม่นะ,เชียงดาว,กลาง,นอกเมือง,สำนักงานคณะกรรมการการศึกษาขั้นพื้นฐาน,สพป.เชียงใหม่ เขต 3,22,40.91,49.17,17.27,13.88,23.56,19.91,26.36,15.24,23.64,19.67,17.05,11.75,25.00,25.00,35.08,24.84,20.45,24.58,61.36,36.72
2566,35,บ้านหนองเขียว,เชียงดาว,กลาง,นอกเมือง,สำนักงานคณะกรรมการการศึกษาขั้นพื้นฐาน,สพป.เชียงใหม่ เขต 3,40,17.50,38.00,30.50,21.44,31.18,26.72,22.00,18.87,24.00,22.89,21.58,16.53,26.25,31.60,29.92,19.24,16.25,28.26,32.50,32.69
2566,36,บ้านห้วยจะค่าน ตชด.อนุสรณ์,เชียงดาว,กลาง,นอกเมือง,สำนักงานคณะกรรมการการศึกษาขั้นพื้นฐาน,สพป.เชียงใหม่ เขต 3,15,33.33,47.14,10.67,12.36,30.35,23.89,32.00,24.00,20.00,16.33,17.00,12.64,33.33,43.46,29.33,20.49,20.00,30.55,30.00,30.55
2566,37,พัฒนาต้นน้ำขุนคอง,เชียงดาว,เล็ก,นอกเมือง,สำนักงานคณะกรรมการการศึกษาขั้นพื้นฐาน,สพป.เชียงใหม่ เขต 3,10,30.00,45.83,38.00,27.50,50.53,29.25,30.00,16.12,24.00,17.44,30.50,20.66,25.00,25.00,20.83,15.42,10.00,20.00,65.00,45.00
2566,38,มิตรมวลชนเชียงใหม่,เชียงดาว,กลาง,นอกเมือง,สำนักงานคณะกรรมการการศึกษาขั้นพื้นฐาน,สพป.เชียงใหม่ เขต 3,6,33.33,47.14,20.00,11.55,42.98,9.92,20.00,23.09,30.00,10.00,14.44,12.53,66.67,23.57,33.33,9.33,50.00,40.82,75.00,25.00
2566,39,ราชประชานุเคราะห์ 61 จังหวัดเชียงใหม่,เชียงดาว,กลาง,นอกเมือง,สำนักบริหารงานการศึกษาพิเศษ,-,13,15.38,36.08,20.00,19.22,39.88,24.14,26.15,14.43,40.00,20.75,16.03,15.68,38.46,21.07,44.87,23.11,19.23,24.33,69.23,36.89
2566,40,ศีลรวี,เชียงดาว,กลาง,นอกเมือง,สำนักงานคณะกรรมการส่งเสริมการศึกษาเอกชน,-,41,58.54,49.27,23.90,24.68,32.35,19.23,28.29,23.36,36.59,20.67,20.12,15.82,24.39,29.47,35.73,24.79,23.17,36.79,51.22,34.02
2566,41,อรุโณทัยวิทยาคม,เชียงดาว,ใหญ่,นอกเมือง,สำนักงานคณะกรรมการการศึกษาขั้นพื้นฐาน,สำนักงานเขตพื้นที่การศึกษามัธยมศึกษาเชียงใหม่,101,25.74,43.72,20.79,17.56,31.29,21.31,27.72,19.49,27.33,19.64,22.56,19.48,33.17,33.21,31.49,17.83,30.20,32.30,40.59,39.62
2566,42,อินทารามวิทยา,เชียงดาว,เล็ก,นอกเมือง,สำนักงานพระพุทธศาสนาแห่งชาติ,กลุ่มโรงเรียนพระปริยัติธรรมฯ กลุ่ม  5,16,56.25,49.61,22.50,23.32,33.72,26.17,33.75,19.65,43.75,19.00,20.31,12.87,53.13,32.92,37.81,24.94,34.38,38.40,62.50,37.50
2566,43,ฉัตรพฤกษ์วิทยา,ไชยปราการ,เล็ก,นอกเมือง,สำนักงานคณะกรรมการส่งเสริมการศึกษาเอกชน,-,4,25.00,43.30,10.00,10.00,25.00,3.95,15.00,16.58,30.00,17.32,17.08,29.59,37.50,41.46,21.67,17.99,25.00,43.30,62.50,41.46
2566,44,ชุมชนวัดศรีดงเย็น,ไชยปราการ,กลาง,นอกเมือง,สำนักงานคณะกรรมการการศึกษาขั้นพื้นฐาน,สพป.เชียงใหม่ เขต 3,26,57.69,49.40,18.46,19.15,27.13,23.74,28.46,19.35,36.15,20.01,15.32,15.83,30.77,31.25,35.06,21.73,28.85,31.54,48.08,35.30
2566,45,ไชยปราการ,ไชยปราการ,กลาง,นอกเมือง,สำนักงานคณะกรรมการการศึกษาขั้นพื้นฐาน,สำนักงานเขตพื้นที่การศึกษามัธยมศึกษาเชียงใหม่,118,54.24,49.82,24.24,18.20,32.11,27.60,24.92,19.30,30.00,19.44,18.16,14.61,22.03,29.50,37.15,23.15,24.58,30.36,50.00,35.05
2566,46,เทศบาล 1 ไชยปราการ,ไชยปราการ,กลาง,นอกเมือง,กรมส่งเสริมการปกครองท้องถิ่น,ท้องถิ่นจังหวัดเชียงใหม่,20,45.00,49.75,21.00,17.29,26.71,24.73,27.00,20.27,22.00,17.78,33.08,15.73,17.50,23.85,35.75,18.59,15.00,22.91,55.00,35.00
2566,47,บ้านปง,ไชยปราการ,เล็ก,นอกเมือง,สำนักงานคณะกรรมการการศึกษาขั้นพื้นฐาน,สพป.เชียงใหม่ เขต 3,17,41.18,49.22,25.88,17.84,31.11,23.65,24.71,17.53,25.88,17.84,21.08,13.01,20.59,24.61,40.39,17.83,23.53,24.96,52.94,36.26
2566,48,บ้านปงตำ,ไชยปราการ,เล็ก,นอกเมือง,สำนักงานคณะกรรมการการศึกษาขั้นพื้นฐาน,สพป.เชียงใหม่ เขต 3,9,11.11,31.43,26.67,23.09,34.80,18.43,24.44,18.32,42.22,19.88,21.11,14.47,33.33,33.33,36.30,19.48,33.33,23.57,44.44,28.33
2566,49,บ้านหัวฝาย,ไชยปราการ,เล็ก,นอกเมือง,สำนักงานคณะกรรมการการศึกษาขั้นพื้นฐาน,สพป.เชียงใหม่ เขต 3,9,33.33,47.14,22.22,22.00,27.49,20.98,22.22,19.88,24.44,18.32,25.19,12.23,38.89,39.28,47.04,15.67,16.67,23.57,61.11,31.43
2566,50,บ้านใหม่หนองบัว,ไชยปราการ,กลาง,นอกเมือง,สำนักงานคณะกรรมการการศึกษาขั้นพื้นฐาน,สพป.เชียงใหม่ เขต 3,58,29.31,45.52,24.48,18.59,31.17,21.35,26.90,17.64,26.21,18.65,21.49,15.91,31.90,33.09,29.08,18.74,20.69,30.84,41.38,39.54
2566,51,บ้านอ่าย,ไชยปราการ,เล็ก,นอกเมือง,สำนักงานคณะกรรมการการศึกษาขั้นพื้นฐาน,สพป.เชียงใหม่ เขต 3,12,8.33,27.64,25.00,18.48,42.11,30.50,33.33,17.00,28.33,23.75,18.61,11.44,16.67,37.27,24.58,16.74,29.17,24.65,41.67,34.36
2566,52,วัดป่าแดง,ไชยปราการ,เล็ก,นอกเมือง,สำนักงานคณะกรรมการการศึกษาขั้นพื้นฐาน,สพป.เชียงใหม่ เขต 3,8,25.00,43.30,20.00,20.00,39.14,26.88,27.50,22.22,27.50,19.84,23.75,12.24,37.50,33.07,48.96,22.11,12.50,21.65,31.25,34.80
2566,53,วัดป่าไม้แดง,ไชยปราการ,เล็ก,นอกเมือง,สำนักงานพระพุทธศาสนาแห่งชาติ,กลุ่มโรงเรียนพระปริยัติธรรมฯ กลุ่ม  5,14,14.29,34.99,31.43,21.00,28.01,21.39,28.57,18.07,27.14,14.36,18.69,7.10,10.71,20.52,37.26,16.93,28.57,31.13,46.43,35.17
2566,54,สันติวนา,ไชยปราการ,เล็ก,นอกเมือง,สำนักงานคณะกรรมการการศึกษาขั้นพื้นฐาน,สพป.เชียงใหม่ เขต 3,25,24.00,42.71,28.00,23.32,35.79,23.61,30.40,16.12,22.40,14.22,18.87,13.43,22.00,31.87,32.07,15.96,26.00,32.00,28.00,31.87
2566,55,ดอยเต่าวิทยาคม,ดอยเต่า,กลาง,นอกเมือง,สำนักงานคณะกรรมการการศึกษาขั้นพื้นฐาน,สำนักงานเขตพื้นที่การศึกษามัธยมศึกษาเชียงใหม่,122,36.07,48.02,22.30,19.70,31.43,24.67,29.51,21.30,30.49,18.50,22.09,16.99,27.87,32.67,33.28,19.27,25.00,30.87,39.34,36.90
2566,56,บ้านน้อยห้วยรินวิทยา,ดอยเต่า,เล็ก,นอกเมือง,สำนักงานคณะกรรมการการศึกษาขั้นพื้นฐาน,สพป.เชียงใหม่ เขต 5,3,66.67,47.14,20.00,16.33,37.72,12.22,33.33,24.94,26.67,24.94,8.89,6.29,50.00,0.00,51.67,25.96,0.00,0.00,83.33,23.57
2566,57,บ้านบงตัน,ดอยเต่า,เล็ก,นอกเมือง,สำนักงานคณะกรรมการการศึกษาขั้นพื้นฐาน,สพป.เชียงใหม่ เขต 5,15,53.33,49.89,16.00,14.97,37.02,25.01,26.67,20.22,22.67,20.48,15.11,12.01,20.00,24.49,39.33,13.58,23.33,24.94,40.00,37.42
2566,58,บ้านโปง,ดอยเต่า,เล็ก,นอกเมือง,สำนักงานคณะกรรมการการศึกษาขั้นพื้นฐาน,สพป.เชียงใหม่ เขต 5,28,42.86,49.49,16.43,16.95,32.05,24.36,23.57,20.74,25.71,20.60,20.48,14.09,42.86,37.12,41.19,18.15,17.86,23.96,44.64,36.20
2566,59,บ้านแม่ตูบ,ดอยเต่า,เล็ก,นอกเมือง,สำนักงานคณะกรรมการการศึกษาขั้นพื้นฐาน,สพป.เชียงใหม่ เขต 5,6,33.33,47.14,16.67,17.95,15.35,11.21,10.00,10.00,33.33,18.86,10.56,11.89,25.00,25.00,49.44,6.14,25.00,38.19,75.00,25.00
2566,60,บ้านแอ่นจัดสรร,ดอยเต่า,เล็ก,นอกเมือง,สำนักงานคณะกรรมการการศึกษาขั้นพื้นฐาน,สพป.เชียงใหม่ เขต 5,17,35.29,47.79,25.88,21.44,37.31,27.62,22.35,20.44,43.53,24.00,18.92,17.67,23.53,24.96,28.82,19.08,23.53,30.28,44.12,33.79
2566,61,วัดฉิมพลีวิทยา,ดอยเต่า,เล็ก,นอกเมือง,สำนักงานพระพุทธศาสนาแห่งชาติ,กลุ่มโรงเรียนพระปริยัติธรรมฯ กลุ่ม  5,3,33.33,47.14,20.00,16.33,33.33,12.22,20.00,16.33,46.67,24.94,15.00,12.98,16.67,23.57,35.00,12.98,16.67,23.57,16.67,23.57
2566,62,ชลประทานผาแตก,ดอยสะเก็ด,กลาง,นอกเมือง,สำนักงานคณะกรรมการการศึกษาขั้นพื้นฐาน,สพป.เชียงใหม่ เขต 1,32,46.87,49.90,21.25,18.67,29.03,23.61,23.12,18.78,25.62,21.35,19.58,16.04,35.94,33.62,33.28,21.86,42.19,25.34,46.88,39.40
2566,63,ดอยสะเก็ดผดุงศาสน์,ดอยสะเก็ด,เล็ก,นอกเมือง,สำนักงานพระพุทธศาสนาแห่งชาติ,กลุ่มโรงเรียนพระปริยัติธรรมฯ กลุ่ม  5,10,40.00,48.99,12.00,9.80,32.89,16.06,24.00,14.97,36.00,19.60,30.17,20.30,20.00,24.49,30.83,13.28,10.00,20.00,20.00,33.17
2566,64,ดอยสะเก็ดวิทยาคม,ดอยสะเก็ด,กลาง,นอกเมือง,สำนักงานคณะกรรมการการศึกษาขั้นพื้นฐาน,สำนักงานเขตพื้นที่การศึกษามัธยมศึกษาเชียงใหม่,71,33.80,47.30,21.13,18.35,27.21,22.61,21.69,19.50,32.11,18.83,23.31,16.13,20.42,27.29,38.10,16.58,26.76,30.06,50.00,35.60
2566,65,บ้านเชิงดอย(ดอยสะเก็ดศึกษา),ดอยสะเก็ด,ใหญ่,นอกเมือง,สำนักงานคณะกรรมการการศึกษาขั้นพื้นฐาน,สพป.เชียงใหม่ เขต 1,65,35.38,47.82,24.00,18.30,34.49,24.43,21.23,16.03,25.54,18.40,25.15,18.18,30.00,35.95,43.82,24.68,30.77,32.45,64.62,32.49
2566,66,บ้านป่าไม้แดง,ดอยสะเก็ด,กลาง,นอกเมือง,สำนักงานคณะกรรมการการศึกษาขั้นพื้นฐาน,สพป.เชียงใหม่ เขต 1,13,53.85,49.85,23.08,15.38,32.79,23.62,21.54,18.33,27.69,18.46,14.62,12.27,15.38,23.08,31.54,25.53,7.69,18.04,30.77,36.89
2566,67,บ้านป่าเสร้า,ดอยสะเก็ด,กลาง,นอกเมือง,สำนักงานคณะกรรมการการศึกษาขั้นพื้นฐาน,สพป.เชียงใหม่ เขต 1,11,63.64,48.10,12.73,9.62,46.41,18.95,20.00,12.06,32.73,17.63,17.27,10.74,50.00,36.93,33.48,22.22,22.73,24.90,77.27,32.78
2566,68,บ้านแม่หวาน,ดอยสะเก็ด,เล็ก,นอกเมือง,สำนักงานคณะกรรมการการศึกษาขั้นพื้นฐาน,สพป.เชียงใหม่ เขต 1,3,33.33,47.14,33.33,9.43,37.72,6.20,13.33,9.43,46.67,18.86,21.11,14.93,33.33,23.57,24.44,8.64,16.67,23.57,100.00,0.00
2566,69,เพื่อชีวิตเชียงใหม่,ดอยสะเก็ด,เล็ก,นอกเมือง,สำนักงานคณะกรรมการส่งเสริมการศึกษาเอกชน,-,10,70.00,45.83,22.00,14.00,32.11,32.70,14.00,15.62,30.00,18.44,20.83,20.07,15.00,22.91,31.83,16.57,25.00,40.31,40.00,37.42
2566,70,แม่โป่งประชาสามัคคี,ดอยสะเก็ด,เล็ก,นอกเมือง,สำนักงานคณะกรรมการการศึกษาขั้นพื้นฐาน,สพป.เชียงใหม่ เขต 1,11,45.45,49.79,21.82,21.67,30.86,17.42,32.73,9.62,12.73,12.86,20.15,18.07,13.64,22.27,38.18,14.76,31.82,24.05,40.91,41.66
2566,71,ไมตรีจิตคริสเตียนเชียงใหม่,ดอยสะเก็ด,กลาง,นอกเมือง,สำนักงานคณะกรรมการส่งเสริมการศึกษาเอกชน,-,27,70.37,45.66,26.67,20.37,37.43,23.19,27.41,18.97,34.81,20.79,18.58,17.43,37.04,29.16,33.40,18.20,37.04,37.50,57.41,32.50
2566,72,กรป.กลางอุปถัมภ์,ดอยหล่อ,เล็ก,นอกเมือง,สำนักงานคณะกรรมการการศึกษาขั้นพื้นฐาน,สพป.เชียงใหม่ เขต 4,6,33.33,47.14,23.33,21.34,27.19,17.76,30.00,25.17,30.00,22.36,19.44,8.64,33.33,23.57,37.78,21.68,16.67,23.57,50.00,40.82
2566,73,บ้านสามหลัง,ดอยหล่อ,เล็ก,นอกเมือง,สำนักงานคณะกรรมการการศึกษาขั้นพื้นฐาน,สพป.เชียงใหม่ เขต 4,13,69.23,46.15,27.69,24.23,25.91,20.61,38.46,12.31,30.77,18.59,27.31,24.56,46.15,36.49,32.56,18.19,30.77,24.33,57.69,26.65
2566,74,บ้านเหล่าเป้า,ดอยหล่อ,เล็ก,นอกเมือง,สำนักงานคณะกรรมการการศึกษาขั้นพื้นฐาน,สพป.เชียงใหม่ เขต 4,5,60.00,48.99,28.00,9.80,44.21,15.65,32.00,9.80,24.00,8.00,11.67,11.64,30.00,40.00,44.67,24.09,30.00,24.49,70.00,40.00
2566,75,วัดโขงขาววิทยา,ดอยหล่อ,เล็ก,นอกเมือง,สำนักงานพระพุทธศาสนาแห่งชาติ,กลุ่มโรงเรียนพระปริยัติธรรมฯ กลุ่ม  5,8,25.00,43.30,22.50,21.07,27.63,29.36,32.50,19.84,27.50,13.92,32.29,15.63,37.50,21.65,22.92,21.98,6.25,16.54,12.50,21.65
2566,76,สองแคววิทยาคม,ดอยหล่อ,กลาง,นอกเมือง,สำนักงานคณะกรรมการการศึกษาขั้นพื้นฐาน,สำนักงานเขตพื้นที่การศึกษามัธยมศึกษาเชียงใหม่,70,50.00,50.00,19.14,18.95,33.08,26.59,26.29,20.44,26.57,19.63,19.31,14.69,27.86,31.21,36.95,22.04,24.29,32.45,50.71,38.26
2566,77,สันติสุข,ดอยหล่อ,กลาง,นอกเมือง,สำนักงานคณะกรรมการการศึกษาขั้นพื้นฐาน,สำนักงานเขตพื้นที่การศึกษามัธยมศึกษาเชียงใหม่,33,39.39,48.86,16.36,16.66,31.98,26.54,18.79,19.03,26.67,21.84,23.79,17.54,16.67,26.59,34.29,19.73,15.15,26.07,53.03,38.81
2566,78,เจ้าแม่หลวงอุปถัมภ์ 1,ฝาง,กลาง,นอกเมือง,สำนักงานคณะกรรมการการศึกษาขั้นพื้นฐาน,สพป.เชียงใหม่ เขต 3,30,16.67,37.27,32.67,22.20,37.72,27.39,32.67,19.65,30.00,18.44,25.89,13.42,36.67,36.36,36.00,15.10,20.00,27.69,60.00,37.42
2566,79,ฉือจี้เชียงใหม่,ฝาง,กลาง,นอกเมือง,สำนักงานคณะกรรมการส่งเสริมการศึกษาเอกชน,-,104,37.50,48.41,25.58,18.49,35.27,23.10,25.58,19.31,33.27,19.34,23.54,13.52,24.04,29.40,41.88,20.98,28.37,33.80,51.92,37.29
2566,80,ชุมชนบ้านแม่สูนหลวง,ฝาง,เล็ก,นอกเมือง,สำนักงานคณะกรรมการการศึกษาขั้นพื้นฐาน,สพป.เชียงใหม่ เขต 3,2,50.00,50.00,40.00,20.00,64.47,6.58,40.00,0.00,10.00,10.00,59.17,9.17,25.00,25.00,15.83,15.83,25.00,25.00,75.00,25.00
2566,81,เทพศิรินทร์๙โครงการหลวงในพระบรมราชูปถัมภ์,ฝาง,เล็ก,นอกเมือง,สำนักงานคณะกรรมการการศึกษาขั้นพื้นฐาน,สพป.เชียงใหม่ เขต 3,18,22.22,41.57,17.78,18.72,30.41,22.09,24.44,15.71,33.33,16.33,23.52,16.63,36.11,32.51,39.17,22.23,25.00,34.36,52.78,38.99
2566,82,บ้านต้นผึ้ง,ฝาง,เล็ก,นอกเมือง,สำนักงานคณะกรรมการการศึกษาขั้นพื้นฐาน,สพป.เชียงใหม่ เขต 3,11,27.27,44.54,25.45,22.71,34.93,15.63,23.64,16.66,38.18,19.92,33.79,18.01,45.45,33.40,42.58,19.32,18.18,32.14,59.09,35.79
2566,83,บ้านทุ่งหลุก,ฝาง,เล็ก,นอกเมือง,สำนักงานคณะกรรมการการศึกษาขั้นพื้นฐาน,สพป.เชียงใหม่ เขต 3,4,75.00,43.30,30.00,22.36,48.03,15.27,40.00,14.14,30.00,10.00,17.92,7.94,50.00,0.00,44.17,23.61,25.00,25.00,75.00,25.00
2566,84,บ้านปางปอย,ฝาง,กลาง,นอกเมือง,สำนักงานคณะกรรมการการศึกษาขั้นพื้นฐาน,สพป.เชียงใหม่ เขต 3,18,16.67,37.27,15.56,12.57,21.05,20.53,17.78,16.18,28.89,17.92,18.89,14.87,36.11,27.92,37.87,17.58,27.78,34.25,36.11,36.54
2566,85,บ้านปางสัก,ฝาง,เล็ก,นอกเมือง,สำนักงานคณะกรรมการการศึกษาขั้นพื้นฐาน,สพป.เชียงใหม่ เขต 3,17,29.41,45.56,32.94,20.51,30.03,20.27,15.29,12.89,25.88,16.47,21.37,12.02,14.71,22.78,43.24,14.29,32.35,29.41,73.53,30.28
2566,86,บ้านโป่งนก,ฝาง,กลาง,นอกเมือง,สำนักงานคณะกรรมการการศึกษาขั้นพื้นฐาน,สพป.เชียงใหม่ เขต 3,18,44.44,49.69,27.78,19.02,24.85,21.20,24.44,15.71,30.00,17.95,18.89,13.92,47.22,38.99,37.69,17.37,25.00,25.00,38.89,31.43
2566,87,บ้านม่วงชุม,ฝาง,กลาง,นอกเมือง,สำนักงานคณะกรรมการการศึกษาขั้นพื้นฐาน,สพป.เชียงใหม่ เขต 3,53,28.30,45.05,24.53,17.22,32.08,25.46,24.53,15.85,26.04,17.63,19.06,15.16,25.47,33.11,36.13,20.51,20.75,26.48,55.66,38.44
2566,88,บ้านม่อนปิ่น,ฝาง,กลาง,นอกเมือง,สำนักงานคณะกรรมการการศึกษาขั้นพื้นฐาน,สพป.เชียงใหม่ เขต 3,13,46.15,49.85,18.46,21.43,39.47,21.90,33.85,16.43,30.77,14.92,20.13,10.71,46.15,36.49,41.28,20.38,15.38,23.08,69.23,31.25
2566,89,บ้านแม่ข่า,ฝาง,กลาง,นอกเมือง,สำนักงานคณะกรรมการการศึกษาขั้นพื้นฐาน,สพป.เชียงใหม่ เขต 3,31,35.48,47.85,25.16,19.65,33.11,22.90,24.52,18.81,33.55,17.88,22.69,16.56,19.35,27.47,26.94,15.35,32.26,37.13,38.71,35.26
2566,90,บ้านแม่คะ,ฝาง,กลาง,นอกเมือง,สำนักงานคณะกรรมการการศึกษาขั้นพื้นฐาน,สพป.เชียงใหม่ เขต 3,19,36.84,48.24,23.16,18.65,23.55,21.37,27.37,21.73,27.37,20.73,13.95,10.12,26.32,24.97,43.68,20.06,18.42,29.07,60.53,30.69
2566,91,บ้านแม่งอนขี้เหล็ก,ฝาง,กลาง,นอกเมือง,กรมส่งเสริมการปกครองท้องถิ่น,ท้องถิ่นจังหวัดเชียงใหม่,32,31.25,46.35,29.37,18.02,36.10,23.80,23.75,20.88,30.62,19.99,18.18,17.88,20.31,27.55,35.31,17.85,21.88,27.78,31.25,34.80
2566,92,บ้านล้องอ้อ,ฝาง,เล็ก,นอกเมือง,กรมส่งเสริมการปกครองท้องถิ่น,ท้องถิ่นจังหวัดเชียงใหม่,15,26.67,44.22,29.33,17.69,33.16,28.01,22.67,17.69,22.67,16.11,18.44,15.88,40.00,32.66,31.11,14.49,23.33,30.91,40.00,37.42
2566,93,บ้านเวียงฝาง,ฝาง,ใหญ่,นอกเมือง,สำนักงานคณะกรรมการการศึกษาขั้นพื้นฐาน,สพป.เชียงใหม่ เขต 3,51,39.22,48.82,26.27,24.57,33.38,19.47,29.02,19.93,27.84,20.61,21.18,15.06,27.45,31.80,33.92,16.65,34.31,36.37,45.10,39.92
2566,94,บ้านสันทรายคองน้อย,ฝาง,กลาง,นอกเมือง,สำนักงานคณะกรรมการการศึกษาขั้นพื้นฐาน,สพป.เชียงใหม่ เขต 3,17,23.53,42.42,28.24,23.82,41.64,20.57,32.94,16.72,23.53,17.13,13.24,11.97,32.35,23.89,39.61,14.41,26.47,30.28,64.71,33.28
2566,95,บ้านสันป่าแดง,ฝาง,เล็ก,นอกเมือง,สำนักงานคณะกรรมการการศึกษาขั้นพื้นฐาน,สพป.เชียงใหม่ เขต 3,12,41.67,49.30,20.00,21.60,20.83,25.57,26.67,23.57,25.00,14.43,18.47,14.77,16.67,23.57,20.00,19.88,37.50,36.08,54.17,32.00
2566,96,บ้านหลวง,ฝาง,กลาง,นอกเมือง,สำนักงานคณะกรรมการการศึกษาขั้นพื้นฐาน,สพป.เชียงใหม่ เขต 3,17,35.29,47.79,14.12,13.31,19.97,18.34,21.18,14.50,32.94,21.63,30.39,12.97,41.18,25.64,48.82,21.83,20.59,24.61,47.06,36.26
2566,97,บ้านห้วยงูกลาง,ฝาง,เล็ก,นอกเมือง,สำนักงานคณะกรรมการการศึกษาขั้นพื้นฐาน,สพป.เชียงใหม่ เขต 3,9,44.44,49.69,22.22,14.74,22.22,21.09,33.33,21.08,31.11,16.63,20.56,11.84,44.44,36.85,46.11,15.36,27.78,34.25,38.89,39.28
2566,98,บ้านห้วยหมากเลี่ยม,ฝาง,กลาง,นอกเมือง,สำนักงานคณะกรรมการการศึกษาขั้นพื้นฐาน,สพป.เชียงใหม่ เขต 3,16,50.00,50.00,21.25,17.98,29.28,21.96,26.25,11.66,25.00,16.58,23.54,16.69,12.50,33.07,41.77,19.93,21.88,30.46,43.75,34.80
2566,99,บ้านห้วยเฮี่ยน,ฝาง,เล็ก,นอกเมือง,สำนักงานคณะกรรมการการศึกษาขั้นพื้นฐาน,สพป.เชียงใหม่ เขต 3,13,38.46,48.65,16.92,13.23,30.77,16.88,26.15,14.43,18.46,14.60,19.23,16.21,26.92,31.72,33.21,25.63,19.23,24.33,30.77,31.25
2566,100,บ้านเหมืองแร่,ฝาง,กลาง,นอกเมือง,สำนักงานคณะกรรมการการศึกษาขั้นพื้นฐาน,สพป.เชียงใหม่ เขต 3,11,9.09,28.75,21.82,18.00,25.12,18.52,20.00,19.07,40.00,12.06,14.85,14.90,9.09,19.28,36.36,17.11,31.82,24.05,31.82,38.57
2566,101,ฝางชนูปถัมภ์,ฝาง,ใหญ่,นอกเมือง,สำนักงานคณะกรรมการการศึกษาขั้นพื้นฐาน,สำนักงานเขตพื้นที่การศึกษามัธยมศึกษาเชียงใหม่,215,27.44,44.62,22.60,18.92,32.66,25.54,22.70,17.53,31.53,19.50,21.16,17.00,24.65,30.07,35.73,19.97,23.02,29.22,47.91,38.37
2566,102,ฝางธรรมศึกษา,ฝาง,เล็ก,นอกเมือง,สำนักงานพระพุทธศาสนาแห่งชาติ,กลุ่มโรงเรียนพระปริยัติธรรมฯ กลุ่ม  5,11,54.55,49.79,10.91,13.11,25.84,18.50,23.64,18.72,30.91,19.75,20.30,14.05,22.73,24.90,31.82,17.44,27.27,39.10,45.45,39.63
2566,103,รังษีวิทยา,ฝาง,ใหญ่พิเศษ,นอกเมือง,สำนักงานคณะกรรมการส่งเสริมการศึกษาเอกชน,-,143,72.03,44.89,24.06,20.96,36.27,28.51,32.45,20.46,35.10,22.09,20.86,14.72,44.76,34.84,44.43,18.82,33.92,32.17,62.59,35.71
2566,104,รัตนาเอื้อวิทยา,ฝาง,ใหญ่,นอกเมือง,สำนักงานคณะกรรมการส่งเสริมการศึกษาเอกชน,-,51,50.98,49.99,20.39,17.93,33.95,23.18,32.55,16.79,30.20,18.73,20.82,11.85,43.14,35.73,45.59,18.35,28.43,31.71,63.73,31.43
2566,105,วัดเจดีย์งามปริยัติวิทยา,ฝาง,เล็ก,นอกเมือง,สำนักงานพระพุทธศาสนาแห่งชาติ,กลุ่มโรงเรียนพระปริยัติธรรมฯ กลุ่ม  5,14,14.29,34.99,22.86,16.66,25.00,32.83,20.00,15.12,30.00,18.13,22.50,17.88,14.29,29.45,26.79,15.20,25.00,31.34,35.71,39.77
2566,106,วัดนันทาราม,ฝาง,กลาง,นอกเมือง,สำนักงานคณะกรรมการการศึกษาขั้นพื้นฐาน,สพป.เชียงใหม่ เขต 3,17,35.29,47.79,17.65,15.16,23.53,23.06,29.41,19.54,24.71,16.13,19.90,12.28,29.41,29.99,31.57,18.23,20.59,34.55,41.18,35.29
2566,107,วัดพระบาทอุดม,ฝาง,เล็ก,นอกเมือง,สำนักงานพระพุทธศาสนาแห่งชาติ,กลุ่มโรงเรียนพระปริยัติธรรมฯ กลุ่ม  5,18,33.33,47.14,20.00,6.67,27.78,20.52,21.11,16.96,30.00,12.02,20.74,19.04,30.56,29.53,36.85,23.03,27.78,29.92,47.22,42.40
2566,108,สายอักษร,ฝาง,กลาง,นอกเมือง,สำนักงานคณะกรรมการส่งเสริมการศึกษาเอกชน,-,26,73.08,44.36,22.31,16.01,27.83,21.79,30.77,22.35,32.31,22.92,21.41,14.17,21.15,24.70,32.76,19.67,11.54,25.22,48.08,40.38
2566,109,เขื่อนผากวิทยา,พร้าว,เล็ก,นอกเมือง,สำนักงานพระพุทธศาสนาแห่งชาติ,กลุ่มโรงเรียนพระปริยัติธรรมฯ กลุ่ม  5,8,25.00,43.30,25.00,23.98,27.63,25.55,27.50,24.37,30.00,17.32,22.71,13.99,31.25,24.21,26.25,23.84,18.75,24.21,37.50,33.07
2566,110,ชุมชนบ้านโป่ง,พร้าว,เล็ก,นอกเมือง,สำนักงานคณะกรรมการการศึกษาขั้นพื้นฐาน,สพป.เชียงใหม่ เขต 2,4,25.00,43.30,40.00,24.49,32.24,15.16,50.00,22.36,25.00,21.79,23.75,10.57,37.50,21.65,35.00,11.06,0.00,0.00,62.50,41.46
2566,111,บ้านนาบุญโหล่งขอด,พร้าว,เล็ก,นอกเมือง,สำนักงานคณะกรรมการการศึกษาขั้นพื้นฐาน,สพป.เชียงใหม่ เขต 2,26,53.85,49.85,25.38,21.16,40.59,20.94,34.62,24.53,36.92,23.33,11.35,13.29,32.69,30.83,41.54,18.40,36.54,35.51,53.85,33.75
2566,112,บ้านแม่ปั๋ง,พร้าว,เล็ก,นอกเมือง,สำนักงานคณะกรรมการการศึกษาขั้นพื้นฐาน,สพป.เชียงใหม่ เขต 2,7,28.57,45.18,14.29,14.00,22.18,11.59,20.00,15.12,34.29,9.04,10.95,13.85,42.86,31.94,37.86,7.33,28.57,24.74,42.86,31.94
2566,113,บ้านแม่ปาคี,พร้าว,เล็ก,นอกเมือง,สำนักงานคณะกรรมการการศึกษาขั้นพื้นฐาน,สพป.เชียงใหม่ เขต 2,9,44.44,49.69,28.89,9.94,31.58,29.62,20.00,21.08,26.67,18.86,12.59,11.17,22.22,24.85,42.41,22.04,5.56,15.71,50.00,40.82
2566,114,บ้านแม่เหียะ,พร้าว,เล็ก,นอกเมือง,สำนักงานคณะกรรมการการศึกษาขั้นพื้นฐาน,สพป.เชียงใหม่ เขต 2,6,33.33,47.14,30.00,30.00,25.00,30.07,36.67,21.34,26.67,24.94,26.39,14.16,16.67,23.57,47.78,15.05,50.00,0.00,33.33,23.57
2566,115,บ้านสันกลาง,พร้าว,เล็ก,นอกเมือง,สำนักงานคณะกรรมการการศึกษาขั้นพื้นฐาน,สพป.เชียงใหม่ เขต 2,4,100.00,0.00,0.00,0.00,32.24,10.75,30.00,10.00,20.00,14.14,27.08,15.20,25.00,25.00,26.25,21.16,0.00,0.00,50.00,35.36
2566,116,บ้านสันปง,พร้าว,เล็ก,นอกเมือง,สำนักงานคณะกรรมการการศึกษาขั้นพื้นฐาน,สพป.เชียงใหม่ เขต 2,4,25.00,43.30,20.00,0.00,19.74,11.84,25.00,8.66,15.00,8.66,17.08,2.17,12.50,21.65,32.92,24.19,12.50,21.65,62.50,21.65
2566,117,บ้านหนองปิด,พร้าว,เล็ก,นอกเมือง,สำนักงานคณะกรรมการการศึกษาขั้นพื้นฐาน,สพป.เชียงใหม่ เขต 2,2,100.00,0.00,30.00,10.00,46.05,25.00,20.00,20.00,20.00,0.00,34.17,15.83,25.00,25.00,55.00,0.00,25.00,25.00,25.00,25.00
2566,118,พร้าวบูรพา,พร้าว,เล็ก,นอกเมือง,สำนักงานคณะกรรมการการศึกษาขั้นพื้นฐาน,สพป.เชียงใหม่ เขต 2,3,100.00,0.00,6.67,9.43,7.02,9.92,33.33,9.43,26.67,18.86,10.56,14.93,0.00,0.00,43.89,5.50,0.00,0.00,66.67,23.57
2566,119,โรงเรียนพร้าววิทยาคม,พร้าว,ใหญ่,นอกเมือง,สำนักงานคณะกรรมการการศึกษาขั้นพื้นฐาน,สำนักงานเขตพื้นที่การศึกษามัธยมศึกษาเชียงใหม่,166,40.36,49.06,24.46,17.48,34.34,24.70,27.95,21.83,32.77,18.78,21.86,15.55,24.70,28.91,35.72,18.54,32.23,32.94,51.20,39.94
2566,120,สหกรณ์ดำริ,พร้าว,เล็ก,นอกเมือง,สำนักงานคณะกรรมการการศึกษาขั้นพื้นฐาน,สพป.เชียงใหม่ เขต 2,3,33.33,47.14,13.33,9.43,33.33,47.14,13.33,9.43,20.00,16.33,15.00,12.98,0.00,0.00,27.22,12.57,33.33,23.57,16.67,23.57
2566,121,กสิณธร เซนต์เจมส์ เชียงใหม่,เมืองเชียงใหม่,เล็ก,ในเมือง,สำนักงานคณะกรรมการส่งเสริมการศึกษาเอกชน,-,5,60.00,48.99,20.00,30.98,22.63,25.98,36.00,14.97,36.00,23.32,38.00,15.29,20.00,24.49,37.33,13.40,20.00,24.49,50.00,31.62
2566,122,กาวิละวิทยาลัย,เมืองเชียงใหม่,ใหญ่,ในเมือง,สำนักงานคณะกรรมการการศึกษาขั้นพื้นฐาน,สำนักงานเขตพื้นที่การศึกษามัธยมศึกษาเชียงใหม่,187,37.43,48.39,22.78,18.41,32.47,22.80,25.03,18.22,32.73,20.01,18.85,14.87,26.74,30.27,39.33,19.60,19.52,28.44,56.42,38.51
2566,123,โกวิทธำรงเชียงใหม่,เมืองเชียงใหม่,ใหญ่,ในเมือง,สำนักงานคณะกรรมการส่งเสริมการศึกษาเอกชน,-,97,68.04,46.63,26.80,24.35,34.51,25.08,33.40,22.38,31.55,19.44,21.31,15.60,25.26,31.40,38.52,22.73,25.26,29.71,54.12,36.38
2566,124,ขาลสุวรรณอนุสรณ์,เมืองเชียงใหม่,เล็ก,ในเมือง,สำนักงานคณะกรรมการส่งเสริมการศึกษาเอกชน,-,12,41.67,49.30,13.33,18.86,41.45,22.31,36.67,17.95,28.33,12.80,26.11,16.35,12.50,21.65,42.08,23.85,25.00,32.27,50.00,35.36
2566,125,จิตราวิทยา,เมืองเชียงใหม่,ใหญ่,ในเมือง,สำนักงานคณะกรรมการส่งเสริมการศึกษาเอกชน,-,86,53.49,49.88,20.47,19.28,29.83,21.07,25.58,20.15,29.53,19.46,21.43,15.03,22.67,28.18,34.57,19.83,29.07,31.87,46.51,40.20
2566,126,ชุมชนเทศบาลวัดศรีดอนไชย,เมืองเชียงใหม่,กลาง,ในเมือง,กรมส่งเสริมการปกครองท้องถิ่น,ท้องถิ่นจังหวัดเชียงใหม่,31,48.39,49.97,19.35,19.33,26.91,25.92,31.61,17.43,34.19,22.83,18.71,14.86,27.42,27.94,43.98,22.42,24.19,28.03,56.45,37.55
2566,127,ชุมชนบ้านบวกครกน้อย,เมืองเชียงใหม่,กลาง,ในเมือง,สำนักงานคณะกรรมการการศึกษาขั้นพื้นฐาน,สพป.เชียงใหม่ เขต 1,28,85.71,34.99,37.86,19.52,45.86,17.72,33.57,22.07,57.86,24.69,34.35,13.33,42.86,39.45,39.35,19.39,19.64,27.84,58.93,32.88
2566,128,ชุมชนวัดท่าเดื่อ,เมืองเชียงใหม่,เล็ก,ในเมือง,สำนักงานคณะกรรมการการศึกษาขั้นพื้นฐาน,สพป.เชียงใหม่ เขต 1,39,33.33,47.14,20.00,17.54,34.55,21.98,26.15,16.43,29.74,18.60,20.60,16.09,29.49,29.35,39.36,19.03,23.08,29.63,52.56,33.87
2566,129,เชตุพนศึกษา,เมืองเชียงใหม่,เล็ก,ในเมือง,สำนักงานพระพุทธศาสนาแห่งชาติ,กลุ่มโรงเรียนพระปริยัติธรรมฯ กลุ่ม  5,22,36.36,48.10,20.91,17.56,37.80,27.16,20.91,17.56,25.45,14.99,18.56,12.65,20.45,24.58,39.85,22.07,22.73,29.11,31.82,35.50
2566,130,เชียงใหม่คริสเตียน,เมืองเชียงใหม่,ใหญ่,ในเมือง,สำนักงานคณะกรรมการส่งเสริมการศึกษาเอกชน,-,136,35.29,47.79,28.82,20.26,32.99,21.59,25.74,19.84,32.79,20.39,18.82,15.24,25.37,30.92,36.02,18.66,30.51,31.61,54.41,37.12
2566,131,ดาราวิทยาลัย,เมืองเชียงใหม่,ใหญ่พิเศษ,ในเมือง,สำนักงานคณะกรรมการส่งเสริมการศึกษาเอกชน,-,254,61.81,48.58,27.64,19.92,40.77,25.12,29.29,20.74,33.31,21.76,23.22,16.80,29.33,32.24,41.70,19.87,33.27,32.69,62.01,35.82
2566,132,เทพบดินทร์วิทยาเชียงใหม่,เมืองเชียงใหม่,ใหญ่,ในเมือง,สำนักงานคณะกรรมการส่งเสริมการศึกษาเอกชน,-,139,53.24,49.90,23.74,19.28,32.96,25.39,27.19,19.19,29.50,18.32,21.56,16.53,26.26,29.58,36.10,21.19,23.74,32.48,51.08,38.62
2566,133,เทศบาลวัดท่าสะต๋อย,เมืองเชียงใหม่,กลาง,ในเมือง,กรมส่งเสริมการปกครองท้องถิ่น,ท้องถิ่นจังหวัดเชียงใหม่,22,59.09,49.17,24.55,19.00,39.35,32.60,30.00,19.77,26.36,19.43,21.06,18.89,29.55,32.54,40.68,17.75,20.45,28.84,50.00,30.15
2566,134,เทศบาลวัดศรีปิงเมือง,เมืองเชียงใหม่,กลาง,ในเมือง,กรมส่งเสริมการปกครองท้องถิ่น,ท้องถิ่นจังหวัดเชียงใหม่,24,33.33,47.14,23.33,19.72,29.50,24.91,37.50,18.54,26.67,14.91,15.07,13.93,37.50,36.08,45.49,21.10,25.00,35.36,64.58,36.74
2566,135,ธรรมเมธีศึกษา,เมืองเชียงใหม่,เล็ก,ในเมือง,สำนักงานพระพุทธศาสนาแห่งชาติ,กลุ่มโรงเรียนพระปริยัติธรรมฯ กลุ่ม  5,7,42.86,49.49,20.00,10.69,26.32,13.42,20.00,10.69,17.14,19.79,20.71,12.18,21.43,36.42,34.29,13.06,21.43,24.74,35.71,34.99
2566,136,ธรรมราชศึกษา,เมืองเชียงใหม่,กลาง,ในเมือง,สำนักงานคณะกรรมการส่งเสริมการศึกษาเอกชน,-,106,41.51,49.27,24.72,17.49,35.05,23.60,20.75,16.24,29.06,18.86,21.59,17.59,26.42,30.10,30.83,19.43,20.28,28.96,42.45,36.85
2566,137,บ้านดอนปิน,เมืองเชียงใหม่,กลาง,ในเมือง,สำนักงานคณะกรรมการการศึกษาขั้นพื้นฐาน,สพป.เชียงใหม่ เขต 1,27,48.15,49.97,21.48,16.26,26.80,25.55,29.63,15.75,27.41,18.17,22.16,19.39,35.19,35.52,40.68,21.00,25.93,28.45,53.70,35.81
2566,138,บ้านโป่งน้อย,เมืองเชียงใหม่,กลาง,ในเมือง,สำนักงานคณะกรรมการการศึกษาขั้นพื้นฐาน,สพป.เชียงใหม่ เขต 1,14,42.86,49.49,17.14,14.85,28.01,18.84,27.14,17.90,27.14,16.23,21.43,13.26,32.14,35.89,41.55,14.56,21.43,24.74,64.29,29.45
2566,139,บาลีสาธิตศึกษา มจร.,เมืองเชียงใหม่,กลาง,ในเมือง,สำนักงานพระพุทธศาสนาแห่งชาติ,กลุ่มโรงเรียนพระปริยัติธรรมฯ กลุ่ม  5,37,37.84,48.50,28.65,24.40,29.16,25.13,22.16,20.68,29.73,20.07,22.07,18.39,20.27,24.55,32.93,20.37,20.27,27.16,44.59,39.90
2566,140,ปรินส์รอยแยลส์วิทยาลัย,เมืองเชียงใหม่,ใหญ่พิเศษ,ในเมือง,สำนักงานคณะกรรมการส่งเสริมการศึกษาเอกชน,-,538,59.85,49.02,32.86,22.01,42.60,25.55,37.29,22.27,38.74,22.18,25.99,16.63,31.41,32.09,47.12,21.80,52.79,36.98,70.07,33.76
2566,141,พระหฤทัยเชียงใหม่,เมืองเชียงใหม่,ใหญ่,ในเมือง,สำนักงานคณะกรรมการส่งเสริมการศึกษาเอกชน,-,97,32.99,47.02,23.51,17.23,35.76,24.91,29.07,16.99,32.58,20.97,23.56,15.34,27.84,27.78,38.78,18.88,33.51,37.80,58.76,38.00
2566,142,พิงครัตน์,เมืองเชียงใหม่,เล็ก,ในเมือง,สำนักงานคณะกรรมการส่งเสริมการศึกษาเอกชน,-,5,80.00,40.00,44.00,8.00,41.05,10.60,12.00,9.80,44.00,19.60,28.00,7.99,30.00,24.49,34.67,10.19,60.00,37.42,70.00,40.00
2566,143,มงฟอร์ตวิทยาลัย แผนกมัธยม,เมืองเชียงใหม่,ใหญ่พิเศษ,ในเมือง,สำนักงานคณะกรรมการส่งเสริมการศึกษาเอกชน,-,140,88.57,31.82,42.29,25.53,56.30,29.24,49.71,26.56,48.29,22.68,27.52,18.68,34.64,36.30,54.01,20.82,59.29,34.11,67.86,33.31
2566,144,เมตตาศึกษา,เมืองเชียงใหม่,กลาง,ในเมือง,สำนักงานคณะกรรมการส่งเสริมการศึกษาเอกชน,-,53,49.06,49.99,26.42,24.19,30.29,23.52,29.06,21.83,36.60,18.53,18.93,14.71,16.04,27.08,38.36,22.74,28.30,29.95,66.04,36.05
2566,145,ยุพราชวิทยาลัย,เมืองเชียงใหม่,ใหญ่พิเศษ,ในเมือง,สำนักงานคณะกรรมการการศึกษาขั้นพื้นฐาน,สำนักงานเขตพื้นที่การศึกษามัธยมศึกษาเชียงใหม่,547,39.85,48.96,27.17,20.20,42.42,26.59,33.38,21.79,38.21,22.18,22.69,16.70,31.26,31.87,43.46,20.26,42.69,34.76,68.46,34.56
2566,146,ยุวฑูตศึกษาพัฒนาราชพฤกษ์,เมืองเชียงใหม่,กลาง,ในเมือง,สำนักงานคณะกรรมการส่งเสริมการศึกษาเอกชน,-,18,38.89,48.75,22.22,18.72,22.08,18.19,27.78,20.15,31.11,17.92,20.09,14.57,30.56,29.53,41.76,15.39,33.33,28.87,55.56,36.85
2566,147,เรยีนาเชลีวิทยาลัย,เมืองเชียงใหม่,ใหญ่,ในเมือง,สำนักงานคณะกรรมการส่งเสริมการศึกษาเอกชน,-,118,37.29,48.36,26.27,20.12,44.71,28.91,32.37,18.76,34.58,19.94,22.19,15.86,26.69,31.00,40.10,20.36,40.25,32.06,63.14,37.64
2566,148,วชิรวิทย์ เชียงใหม่,เมืองเชียงใหม่,กลาง,ในเมือง,สำนักงานคณะกรรมการส่งเสริมการศึกษาเอกชน,-,52,28.85,45.30,22.69,20.01,31.07,21.94,31.92,19.32,29.62,18.18,18.94,15.22,28.85,34.45,36.25,18.42,26.92,31.72,50.00,39.22
2566,149,วัฒโนทัยพายัพ,เมืองเชียงใหม่,ใหญ่พิเศษ,ในเมือง,สำนักงานคณะกรรมการการศึกษาขั้นพื้นฐาน,สำนักงานเขตพื้นที่การศึกษามัธยมศึกษาเชียงใหม่,421,55.58,49.69,24.23,19.98,34.00,22.96,28.65,18.93,31.07,20.07,21.05,15.38,28.74,30.72,38.09,19.71,33.73,33.09,62.47,37.18
2566,150,วัดช่างเคี่ยน,เมืองเชียงใหม่,กลาง,ในเมือง,สำนักงานคณะกรรมการการศึกษาขั้นพื้นฐาน,สพป.เชียงใหม่ เขต 1,13,38.46,48.65,24.62,23.73,11.94,13.95,20.00,17.54,23.08,18.97,16.41,11.53,0.00,0.00,30.38,16.21,23.08,24.93,30.77,31.25
2566,151,วัดดอนจั่น,เมืองเชียงใหม่,กลาง,ในเมือง,สำนักงานคณะกรรมการการศึกษาขั้นพื้นฐาน,สพป.เชียงใหม่ เขต 1,26,61.54,48.65,25.38,16.23,31.28,18.70,26.92,19.96,25.38,18.86,24.17,18.02,30.77,34.19,28.85,14.63,30.77,34.19,34.62,36.08
2566,152,วัดวังสิงห์คำ,เมืองเชียงใหม่,กลาง,ในเมือง,สำนักงานคณะกรรมการการศึกษาขั้นพื้นฐาน,สพป.เชียงใหม่ เขต 1,17,52.94,49.91,20.00,19.40,35.45,25.31,30.59,19.54,28.24,16.89,18.33,13.00,20.59,24.61,38.82,21.24,26.47,30.28,55.88,33.79
2566,153,วารีเชียงใหม่,เมืองเชียงใหม่,ใหญ่พิเศษ,ในเมือง,สำนักงานคณะกรรมการส่งเสริมการศึกษาเอกชน,-,137,40.88,49.16,26.72,19.52,31.66,25.07,28.03,20.57,35.33,19.97,21.62,15.50,25.55,29.05,42.27,21.62,31.02,32.04,58.76,36.70
2566,154,วิชัยวิทยา,เมืองเชียงใหม่,กลาง,ในเมือง,สำนักงานคณะกรรมการส่งเสริมการศึกษาเอกชน,-,25,80.00,40.00,34.40,21.56,40.63,26.11,29.60,18.86,34.40,19.20,24.67,13.46,28.00,31.87,42.67,21.48,38.00,40.69,58.00,36.55
2566,155,วิทยาลัยนาฎศิลปเชียงใหม่,เมืองเชียงใหม่,กลาง,ในเมือง,สถาบันบัณฑิตพัฒนศิลป์ (ปวช.),-,36,33.33,47.14,25.00,19.65,26.68,22.42,25.00,17.87,35.56,24.09,19.40,17.97,18.06,26.75,40.56,16.58,20.83,32.00,38.89,41.01
2566,156,สมเด็จพระพุทธชินวงศ์,เมืองเชียงใหม่,กลาง,ในเมือง,สำนักงานพระพุทธศาสนาแห่งชาติ,กลุ่มโรงเรียนพระปริยัติธรรมฯ กลุ่ม  5,36,30.56,46.06,19.44,18.55,26.75,24.10,27.22,18.35,26.11,16.21,19.77,14.24,16.67,26.35,31.99,16.27,23.61,27.60,30.56,31.79
2566,157,สังวาลย์วิทยา,เมืองเชียงใหม่,เล็ก,ในเมือง,สำนักงานคณะกรรมการการศึกษาขั้นพื้นฐาน,สพป.เชียงใหม่ เขต 1,7,14.29,34.99,34.29,14.00,34.59,9.48,25.71,14.00,25.71,14.00,27.86,12.59,35.71,34.99,43.57,19.73,14.29,22.59,42.86,31.94
2566,158,สาธิตมหาวิทยาลัยเชียงใหม่,เมืองเชียงใหม่,ใหญ่,ในเมือง,สำนักงานปลัดกระทรวงการอุดมศึกษาฯ,-,215,77.67,41.64,34.23,24.40,44.82,26.77,45.12,22.53,46.70,22.57,28.45,18.76,34.88,32.95,53.19,20.03,52.79,37.25,76.98,28.82
2566,159,สามัคคีวิทยาทาน,เมืองเชียงใหม่,เล็ก,ในเมือง,สำนักงานพระพุทธศาสนาแห่งชาติ,กลุ่มโรงเรียนพระปริยัติธรรมฯ กลุ่ม  5,38,31.58,46.48,18.42,18.00,25.00,23.90,31.58,14.24,28.42,21.34,16.93,15.11,23.68,27.47,41.54,22.14,22.37,27.38,53.95,40.36
2566,160,สารสาสน์วิเทศเชียงใหม่,เมืองเชียงใหม่,ใหญ่,ในเมือง,สำนักงานคณะกรรมการส่งเสริมการศึกษาเอกชน,-,41,68.29,46.53,22.44,17.78,33.44,19.38,35.12,20.62,32.68,20.12,23.05,16.69,21.95,29.32,40.41,17.43,41.46,39.67,71.95,33.22
2566,161,สารสาสน์วิเทศล้านนา,เมืองเชียงใหม่,ใหญ่,ในเมือง,สำนักงานคณะกรรมการส่งเสริมการศึกษาเอกชน,-,39,48.72,49.98,22.56,18.22,24.16,21.67,31.79,18.52,31.28,19.11,18.33,18.38,34.62,32.33,37.22,18.12,24.36,31.77,61.54,34.83
2566,162,โสตศึกษาอนุสารสุนทร,เมืองเชียงใหม่,เล็ก,ในเมือง,สำนักบริหารงานการศึกษาพิเศษ,-,0,-,-,-,-,-,-,-,-,-,-,-,-,-,-,-,-,-,-,-,-
2566,163,หอพระ,เมืองเชียงใหม่,กลาง,ในเมือง,สำนักงานคณะกรรมการการศึกษาขั้นพื้นฐาน,สำนักงานเขตพื้นที่การศึกษามัธยมศึกษาเชียงใหม่,32,65.62,47.50,25.62,17.49,34.46,23.98,28.12,19.27,32.50,21.07,19.79,14.81,25.00,25.00,39.01,18.88,32.81,34.48,59.38,34.09
2566,164,อนุบาลหนองป่าครั่ง,เมืองเชียงใหม่,เล็ก,ในเมือง,กรมส่งเสริมการปกครองท้องถิ่น,ท้องถิ่นจังหวัดเชียงใหม่,5,0.00,0.00,16.00,19.60,18.42,9.70,20.00,25.30,24.00,19.60,15.33,18.33,10.00,20.00,48.00,23.32,20.00,24.49,60.00,37.42
2566,165,อภัยอริยศึกษา,เมืองเชียงใหม่,เล็ก,ในเมือง,สำนักงานพระพุทธศาสนาแห่งชาติ,กลุ่มโรงเรียนพระปริยัติธรรมฯ กลุ่ม  5,11,27.27,44.54,25.45,17.25,27.75,22.40,27.27,17.63,20.00,14.77,16.52,23.46,18.18,24.05,31.36,16.25,13.64,22.27,50.00,36.93
2566,166,เซนต์โยเซฟแม่แจ่ม,แม่แจ่ม,กลาง,นอกเมือง,สำนักงานคณะกรรมการส่งเสริมการศึกษาเอกชน,-,24,45.83,49.83,19.17,15.79,42.00,22.97,25.83,20.40,17.50,15.61,23.40,12.64,35.42,26.92,42.85,20.37,20.83,24.65,58.33,34.36
2566,167,บ้านกองแขก,แม่แจ่ม,เล็ก,นอกเมือง,สำนักงานคณะกรรมการการศึกษาขั้นพื้นฐาน,สพป.เชียงใหม่ เขต 6,13,84.62,36.08,26.15,22.72,31.78,24.70,29.23,18.59,30.77,20.18,22.95,16.99,15.38,30.28,38.08,26.35,15.38,23.08,46.15,45.83
2566,168,บ้านขุนแม่หยอด,แม่แจ่ม,เล็ก,นอกเมือง,สำนักงานคณะกรรมการการศึกษาขั้นพื้นฐาน,สพป.เชียงใหม่ เขต 6,7,57.14,49.49,17.14,12.78,54.14,34.39,28.57,18.07,20.00,15.12,26.43,10.93,57.14,17.50,48.10,17.80,7.14,17.50,92.86,17.50
2566,169,บ้านทุ่งแก,แม่แจ่ม,เล็ก,นอกเมือง,สำนักงานคณะกรรมการการศึกษาขั้นพื้นฐาน,สพป.เชียงใหม่ เขต 6,10,30.00,45.83,16.00,19.60,32.11,18.93,26.00,15.62,24.00,14.97,23.17,18.20,35.00,32.02,30.00,12.61,35.00,39.05,35.00,39.05
2566,170,บ้านปางหินฝน,แม่แจ่ม,เล็ก,นอกเมือง,สำนักงานคณะกรรมการการศึกษาขั้นพื้นฐาน,สพป.เชียงใหม่ เขต 6,13,30.77,46.15,21.54,16.57,8.70,14.79,24.62,17.81,26.15,19.82,16.03,13.07,19.23,24.33,32.56,8.23,30.77,31.25,61.54,39.97
2566,171,บ้านปางอุ๋ง,แม่แจ่ม,กลาง,นอกเมือง,สำนักงานคณะกรรมการการศึกษาขั้นพื้นฐาน,สพป.เชียงใหม่ เขต 6,23,34.78,47.63,21.74,17.61,23.34,19.40,26.96,20.94,27.83,18.41,23.19,17.39,26.09,32.54,39.71,19.21,19.57,32.10,47.83,34.51
2566,172,บ้านแม่ซา,แม่แจ่ม,เล็ก,นอกเมือง,สำนักงานคณะกรรมการการศึกษาขั้นพื้นฐาน,สพป.เชียงใหม่ เขต 6,12,16.67,37.27,13.33,12.47,26.75,22.09,26.67,20.55,31.67,20.75,26.11,14.53,37.50,29.76,37.08,18.91,4.17,13.82,45.83,24.65
2566,173,บ้านแม่นาจร,แม่แจ่ม,กลาง,นอกเมือง,สำนักงานคณะกรรมการการศึกษาขั้นพื้นฐาน,สพป.เชียงใหม่ เขต 6,25,36.00,48.00,23.20,19.33,26.63,22.47,24.00,21.17,32.00,22.63,16.47,12.01,32.00,27.86,29.60,19.42,30.00,34.64,46.00,34.41
2566,174,บ้านแม่ศึก (มูลนิธิธรรมมาภิรักษ์อุปถัมภ์ที่ 2),แม่แจ่ม,เล็ก,นอกเมือง,สำนักงานคณะกรรมการการศึกษาขั้นพื้นฐาน,สพป.เชียงใหม่ เขต 6,10,20.00,40.00,20.00,12.65,40.00,23.38,28.00,18.33,30.00,16.12,20.00,19.18,25.00,25.00,36.50,21.43,10.00,20.00,40.00,30.00
2566,175,บ้านแม่หงานหลวง,แม่แจ่ม,เล็ก,นอกเมือง,สำนักงานคณะกรรมการการศึกษาขั้นพื้นฐาน,สพป.เชียงใหม่ เขต 6,12,33.33,47.14,18.33,19.08,23.03,14.66,16.67,13.74,33.33,18.86,23.75,10.57,16.67,23.57,37.50,18.01,20.83,24.65,37.50,29.76
2566,176,บ้านแม่เอาะ,แม่แจ่ม,เล็ก,นอกเมือง,สำนักงานคณะกรรมการการศึกษาขั้นพื้นฐาน,สพป.เชียงใหม่ เขต 6,8,37.50,48.41,17.50,21.07,36.51,19.93,32.50,13.92,27.50,9.68,16.46,8.18,31.25,24.21,37.50,16.20,6.25,16.54,56.25,29.97
2566,177,บ้านแม่แฮเหนือ,แม่แจ่ม,กลาง,นอกเมือง,สำนักงานคณะกรรมการการศึกษาขั้นพื้นฐาน,สพป.เชียงใหม่ เขต 6,29,37.93,48.52,23.45,19.70,34.21,24.88,25.52,18.86,26.90,24.23,13.91,12.92,50.00,34.74,42.82,16.67,27.59,31.03,55.17,40.14
2566,178,บ้านโม่งหลวง,แม่แจ่ม,เล็ก,นอกเมือง,สำนักงานคณะกรรมการการศึกษาขั้นพื้นฐาน,สพป.เชียงใหม่ เขต 6,15,60.00,48.99,14.67,17.07,20.35,24.03,24.00,20.91,28.00,14.24,15.44,22.52,33.33,29.81,36.89,16.25,26.67,30.91,43.33,40.28
2566,179,แม่แจ่ม,แม่แจ่ม,ใหญ่,นอกเมือง,สำนักงานคณะกรรมการการศึกษาขั้นพื้นฐาน,สำนักงานเขตพื้นที่การศึกษามัธยมศึกษาเชียงใหม่,167,40.72,49.13,22.63,19.64,31.80,24.53,27.19,20.32,30.90,19.42,19.52,14.94,32.63,35.01,40.67,20.88,18.56,27.63,56.29,37.58
2566,180,แม่แจ่มปริยัติศึกษา,แม่แจ่ม,เล็ก,นอกเมือง,สำนักงานพระพุทธศาสนาแห่งชาติ,กลุ่มโรงเรียนพระปริยัติธรรมฯ กลุ่ม  5,18,27.78,44.79,28.89,25.14,34.36,24.62,23.33,19.15,32.22,17.81,19.17,13.59,25.00,34.36,29.07,18.87,19.44,29.53,36.11,40.16
2566,181,ราชประชานุเคราะห์ 31,แม่แจ่ม,กลาง,นอกเมือง,สำนักบริหารงานการศึกษาพิเศษ,-,119,42.86,49.49,21.68,17.88,31.34,23.68,28.24,17.66,27.39,18.12,20.11,17.02,22.27,27.27,35.35,18.93,17.65,25.59,45.80,37.00
2566,182,สาธิตชุมชนการเรียนรู้สมเด็จย่า วิทยาลัยโพธิวิชชาลัย มหาวิทยาลัยศรีนครินทรวิโรฒ แม่แจ่ม,แม่แจ่ม,เล็ก,นอกเมือง,สำนักงานปลัดกระทรวงการอุดมศึกษาฯ,-,8,37.50,48.41,25.00,13.23,39.14,20.82,27.50,24.37,22.50,21.07,24.17,8.54,31.25,34.80,43.33,18.91,6.25,16.54,56.25,29.97
2566,183,อินทนนท์วิทยา,แม่แจ่ม,เล็ก,นอกเมือง,สำนักงานคณะกรรมการการศึกษาขั้นพื้นฐาน,สพป.เชียงใหม่ เขต 6,17,23.53,42.42,29.41,18.30,29.26,23.76,23.53,17.13,27.06,20.51,17.16,14.47,20.59,29.99,30.98,18.30,29.41,24.61,47.06,43.62
2566,184,ชุมชนวัดช่อแล,แม่แตง,เล็ก,นอกเมือง,สำนักงานคณะกรรมการการศึกษาขั้นพื้นฐาน,สพป.เชียงใหม่ เขต 2,14,57.14,49.49,22.86,21.19,26.88,20.22,18.57,17.67,31.43,22.31,13.93,16.53,46.43,29.67,37.14,20.39,7.14,17.50,46.43,35.17
2566,185,เชียงใหม่มัธยม,แม่แตง,ใหญ่,นอกเมือง,สำนักงานคณะกรรมการส่งเสริมการศึกษาเอกชน,-,0,-,-,-,-,-,-,-,-,-,-,-,-,-,-,-,-,-,-,-,-
2566,186,บ้านปง,แม่แตง,เล็ก,นอกเมือง,สำนักงานคณะกรรมการการศึกษาขั้นพื้นฐาน,สพป.เชียงใหม่ เขต 2,6,50.00,50.00,20.00,20.00,30.70,26.17,23.33,29.25,40.00,23.09,13.61,17.81,33.33,23.57,45.00,16.30,16.67,23.57,41.67,34.36
2566,187,บ้านปางไม้แดง,แม่แตง,เล็ก,นอกเมือง,สำนักงานคณะกรรมการการศึกษาขั้นพื้นฐาน,สพป.เชียงใหม่ เขต 2,10,60.00,48.99,20.00,21.91,35.00,15.75,30.00,16.12,40.00,12.65,14.00,13.19,20.00,24.49,43.17,16.51,35.00,39.05,75.00,33.54
2566,188,บ้านปางห้วยตาด,แม่แตง,เล็ก,นอกเมือง,สำนักงานคณะกรรมการการศึกษาขั้นพื้นฐาน,สพป.เชียงใหม่ เขต 2,9,33.33,47.14,8.89,13.70,32.46,31.46,17.78,17.50,24.44,18.32,20.56,15.77,38.89,31.43,33.89,15.79,16.67,23.57,55.56,43.74
2566,189,บ้านเป้าวิทยาคาร,แม่แตง,เล็ก,นอกเมือง,สำนักงานคณะกรรมการการศึกษาขั้นพื้นฐาน,สพป.เชียงใหม่ เขต 2,0,-,-,-,-,-,-,-,-,-,-,-,-,-,-,-,-,-,-,-,-
2566,190,บ้านเมืองกื้ด,แม่แตง,เล็ก,นอกเมือง,สำนักงานคณะกรรมการการศึกษาขั้นพื้นฐาน,สพป.เชียงใหม่ เขต 2,22,4.55,20.83,20.91,19.52,24.64,19.96,28.18,16.69,24.55,19.94,21.36,15.48,34.09,31.57,31.59,18.88,15.91,23.29,47.73,41.22
2566,191,บ้านแม่ไคร้,แม่แตง,เล็ก,นอกเมือง,สำนักงานคณะกรรมการการศึกษาขั้นพื้นฐาน,สพป.เชียงใหม่ เขต 2,5,20.00,40.00,28.00,29.93,30.00,25.00,24.00,8.00,24.00,8.00,24.67,14.04,20.00,24.49,48.33,11.64,20.00,24.49,60.00,20.00
2566,192,บ้านแม่ตะมาน,แม่แตง,เล็ก,นอกเมือง,สำนักงานคณะกรรมการการศึกษาขั้นพื้นฐาน,สพป.เชียงใหม่ เขต 2,11,36.36,48.10,18.18,15.85,42.11,21.20,23.64,18.72,30.91,17.81,15.61,15.66,40.91,19.28,36.67,13.87,22.73,24.90,68.18,32.14
2566,193,ป่าจี้วังแดงวิทยา,แม่แตง,เล็ก,นอกเมือง,สำนักงานคณะกรรมการการศึกษาขั้นพื้นฐาน,สพป.เชียงใหม่ เขต 2,14,57.14,49.49,21.43,11.87,13.35,16.48,20.00,18.52,38.57,19.22,22.38,17.31,28.57,24.74,34.17,21.64,25.00,31.34,50.00,32.73
2566,194,ป่าแป๋วิทยา,แม่แตง,เล็ก,นอกเมือง,สำนักงานคณะกรรมการการศึกษาขั้นพื้นฐาน,สพป.เชียงใหม่ เขต 2,24,37.50,48.41,12.50,12.67,24.23,25.85,30.83,15.25,19.17,15.79,20.28,13.40,33.33,31.18,40.56,20.60,45.83,28.57,50.00,32.27
2566,195,พระปริยัติธรรมแม่แตงวิทยา,แม่แตง,เล็ก,นอกเมือง,สำนักงานพระพุทธศาสนาแห่งชาติ,กลุ่มโรงเรียนพระปริยัติธรรมฯ กลุ่ม  5,5,20.00,40.00,12.00,9.80,32.63,23.57,20.00,12.65,32.00,20.40,23.67,8.91,20.00,24.49,34.67,14.20,10.00,20.00,10.00,20.00
2566,196,แม่แตง,แม่แตง,กลาง,นอกเมือง,สำนักงานคณะกรรมการการศึกษาขั้นพื้นฐาน,สำนักงานเขตพื้นที่การศึกษามัธยมศึกษาเชียงใหม่,115,39.13,48.80,23.83,18.82,30.39,25.88,26.43,21.03,30.43,18.34,17.42,14.00,23.48,28.98,33.77,19.28,23.48,30.45,43.48,37.60
2566,197,แม่หอพระวิทยาคม,แม่แตง,เล็ก,นอกเมือง,สำนักงานคณะกรรมการการศึกษาขั้นพื้นฐาน,สำนักงานเขตพื้นที่การศึกษามัธยมศึกษาเชียงใหม่,30,26.67,44.22,23.33,16.40,32.37,22.22,29.33,19.82,27.33,15.04,24.00,16.73,36.67,28.67,38.00,20.98,18.33,30.23,53.33,38.59
2566,198,ร่ำเปิงวิทยา,แม่แตง,กลาง,นอกเมือง,สำนักงานคณะกรรมการการศึกษาขั้นพื้นฐาน,สพป.เชียงใหม่ เขต 2,9,22.22,41.57,31.11,16.63,33.92,23.22,28.89,13.70,33.33,18.86,14.07,9.20,38.89,31.43,40.00,21.57,22.22,24.85,72.22,24.85
2566,199,วัดท่าข้าม,แม่แตง,เล็ก,นอกเมือง,สำนักงานคณะกรรมการการศึกษาขั้นพื้นฐาน,สพป.เชียงใหม่ เขต 2,7,85.71,34.99,17.14,16.66,31.58,32.17,17.14,12.78,28.57,25.87,21.43,23.29,28.57,24.74,41.67,23.50,35.71,34.99,71.43,24.74
2566,200,วัดบ้านเหล่า,แม่แตง,เล็ก,นอกเมือง,สำนักงานคณะกรรมการการศึกษาขั้นพื้นฐาน,สพป.เชียงใหม่ เขต 2,8,37.50,48.41,32.50,26.34,42.43,25.43,20.00,17.32,20.00,20.00,21.04,18.18,6.25,16.54,31.25,20.03,25.00,35.36,25.00,25.00
2566,201,วัดปางมะกล้วย,แม่แตง,เล็ก,นอกเมือง,สำนักงานคณะกรรมการการศึกษาขั้นพื้นฐาน,สพป.เชียงใหม่ เขต 2,5,0.00,0.00,24.00,19.60,26.84,23.56,20.00,17.89,32.00,20.40,19.00,9.04,40.00,20.00,36.33,12.17,20.00,24.49,50.00,31.62
2566,202,สบเปิงวิทยา,แม่แตง,กลาง,นอกเมือง,สำนักงานคณะกรรมการการศึกษาขั้นพื้นฐาน,สพป.เชียงใหม่ เขต 2,40,60.00,48.99,19.50,18.16,33.16,17.05,26.50,16.36,28.00,17.78,19.29,17.26,20.00,26.93,37.54,19.16,22.50,29.47,52.50,37.00
2566,203,สันป่ายางวิทยาคม,แม่แตง,เล็ก,นอกเมือง,สำนักงานคณะกรรมการการศึกษาขั้นพื้นฐาน,สำนักงานเขตพื้นที่การศึกษามัธยมศึกษาเชียงใหม่,23,56.52,49.57,26.09,16.08,31.12,20.88,27.83,17.43,41.74,19.48,24.49,15.65,34.78,31.05,35.72,13.57,28.26,38.52,41.30,40.79
2566,204,สันมหาพนวิทยา,แม่แตง,เล็ก,นอกเมือง,สำนักงานคณะกรรมการการศึกษาขั้นพื้นฐาน,สพป.เชียงใหม่ เขต 2,15,53.33,49.89,22.67,21.75,34.56,25.26,30.67,22.94,22.67,16.11,20.22,12.38,23.33,24.94,41.67,19.19,20.00,24.49,43.33,35.90
2566,205,อนุบาลสานสายใยรักเทศบาลเมืองเมืองแกนพัฒนา,แม่แตง,กลาง,นอกเมือง,กรมส่งเสริมการปกครองท้องถิ่น,ท้องถิ่นจังหวัดเชียงใหม่,15,33.33,47.14,24.00,19.60,23.68,25.62,24.00,19.60,29.33,17.69,22.44,14.53,20.00,24.49,30.00,19.60,56.67,35.90,40.00,32.66
2566,206,นวมินทราชูทิศ พายัพ,แม่ริม,ใหญ่,นอกเมือง,สำนักงานคณะกรรมการการศึกษาขั้นพื้นฐาน,สำนักงานเขตพื้นที่การศึกษามัธยมศึกษาเชียงใหม่,91,39.56,48.90,23.30,19.73,30.02,24.15,28.35,18.29,29.23,20.82,22.55,16.84,30.22,30.45,38.90,18.50,31.32,36.05,58.79,35.23
2566,207,บ้านทุ่งโป่ง,แม่ริม,กลาง,นอกเมือง,สำนักงานคณะกรรมการการศึกษาขั้นพื้นฐาน,สพป.เชียงใหม่ เขต 2,4,75.00,43.30,30.00,10.00,46.05,25.00,30.00,22.36,50.00,10.00,13.33,0.00,50.00,35.36,69.17,25.24,12.50,21.65,87.50,21.65
2566,208,บ้านป่าติ้ว,แม่ริม,เล็ก,นอกเมือง,สำนักงานคณะกรรมการการศึกษาขั้นพื้นฐาน,สพป.เชียงใหม่ เขต 2,7,57.14,49.49,14.29,14.00,26.32,15.08,34.29,17.61,34.29,14.00,22.62,11.61,57.14,41.65,28.57,14.51,35.71,44.03,78.57,36.42
2566,209,บ้านแม่สา,แม่ริม,กลาง,นอกเมือง,สำนักงานคณะกรรมการการศึกษาขั้นพื้นฐาน,สพป.เชียงใหม่ เขต 2,17,23.53,42.42,28.24,24.79,41.95,25.33,12.94,13.62,31.76,18.23,20.10,17.24,32.35,34.05,45.98,24.29,26.47,34.80,35.29,33.28
2566,210,บ้านศาลา,แม่ริม,กลาง,นอกเมือง,กรมส่งเสริมการปกครองท้องถิ่น,ท้องถิ่นจังหวัดเชียงใหม่,11,45.45,49.79,14.55,12.33,29.19,25.38,18.18,19.92,29.09,15.64,18.03,9.50,27.27,32.78,45.15,20.58,18.18,24.05,68.18,32.14
2566,211,บ้านสะลวงนอก,แม่ริม,เล็ก,นอกเมือง,สำนักงานคณะกรรมการการศึกษาขั้นพื้นฐาน,สพป.เชียงใหม่ เขต 2,11,54.55,49.79,30.91,21.51,25.36,20.70,25.45,14.99,36.36,23.85,17.58,16.57,45.45,33.40,36.82,14.08,22.73,39.10,50.00,36.93
2566,212,บ้านสันคะยอม,แม่ริม,เล็ก,นอกเมือง,สำนักงานคณะกรรมการการศึกษาขั้นพื้นฐาน,สพป.เชียงใหม่ เขต 2,11,36.36,48.10,12.73,12.86,29.19,29.42,32.73,19.58,32.73,12.86,18.03,15.50,22.73,24.90,38.33,21.27,36.36,37.48,72.73,32.78
2566,213,บ้านหนองปลามัน,แม่ริม,เล็ก,นอกเมือง,สำนักงานคณะกรรมการการศึกษาขั้นพื้นฐาน,สพป.เชียงใหม่ เขต 2,15,20.00,40.00,24.00,14.97,32.63,22.28,22.67,19.14,26.67,18.86,14.78,12.81,20.00,30.55,41.44,19.53,26.67,35.90,53.33,33.99
2566,214,แม่ริมวิทยา,แม่ริม,เล็ก,นอกเมือง,สำนักงานพระพุทธศาสนาแห่งชาติ,กลุ่มโรงเรียนพระปริยัติธรรมฯ กลุ่ม  5,17,35.29,47.79,28.24,18.23,31.73,22.75,29.41,19.54,29.41,20.71,21.08,19.14,23.53,24.96,35.59,19.22,20.59,34.55,41.18,35.29
2566,215,แม่ริมวิทยาคม,แม่ริม,ใหญ่,นอกเมือง,สำนักงานคณะกรรมการการศึกษาขั้นพื้นฐาน,สำนักงานเขตพื้นที่การศึกษามัธยมศึกษาเชียงใหม่,138,33.33,47.14,21.88,17.34,30.82,25.18,28.55,21.11,31.74,19.22,20.97,14.38,26.81,31.37,40.45,19.54,25.00,29.64,58.33,36.90
2566,216,ราชประชานุเคราะห์ 60 จังหวัดเชียงใหม่,แม่ริม,กลาง,นอกเมือง,สำนักบริหารงานการศึกษาพิเศษ,-,69,39.13,48.80,22.32,20.86,28.03,20.83,25.51,19.82,27.83,18.41,20.80,17.15,31.88,32.94,31.81,20.08,23.91,27.73,41.30,35.05
2566,217,บ้านกาดวิทยาคม,แม่วาง,กลาง,นอกเมือง,สำนักงานคณะกรรมการการศึกษาขั้นพื้นฐาน,สำนักงานเขตพื้นที่การศึกษามัธยมศึกษาเชียงใหม่,108,47.22,49.92,21.48,18.60,30.19,24.20,25.56,19.40,27.41,20.29,22.27,15.86,31.48,31.62,37.85,20.71,21.76,32.11,49.54,40.54
2566,218,บ้านห้วยตอง,แม่วาง,กลาง,นอกเมือง,สำนักงานคณะกรรมการการศึกษาขั้นพื้นฐาน,สพป.เชียงใหม่ เขต 4,12,33.33,47.14,15.00,14.43,27.41,26.08,21.67,19.08,35.00,28.43,13.19,11.02,29.17,24.65,34.03,15.45,8.33,18.63,50.00,40.82
2566,219,แม่วินสามัคคี,แม่วาง,กลาง,นอกเมือง,สำนักงานคณะกรรมการการศึกษาขั้นพื้นฐาน,สพป.เชียงใหม่ เขต 4,61,32.79,46.94,25.90,17.12,27.96,20.36,28.20,23.57,25.57,18.15,18.69,13.47,21.31,26.33,31.94,19.02,29.51,30.54,42.62,34.87
2566,220,วัดห้วยแก้ว,แม่วาง,เล็ก,นอกเมือง,สำนักงานคณะกรรมการการศึกษาขั้นพื้นฐาน,สพป.เชียงใหม่ เขต 4,14,35.71,47.92,18.57,19.22,22.93,19.48,27.14,20.85,37.14,24.91,18.57,14.43,21.43,31.13,44.52,15.23,21.43,24.74,35.71,29.45
2566,221,สัพพัญญูวิทยา,แม่วาง,เล็ก,นอกเมือง,สำนักงานพระพุทธศาสนาแห่งชาติ,กลุ่มโรงเรียนพระปริยัติธรรมฯ กลุ่ม  5,4,50.00,50.00,15.00,8.66,37.50,26.27,25.00,16.58,50.00,22.36,20.42,9.60,37.50,21.65,38.75,29.00,0.00,0.00,25.00,43.30
2566,222,ทาเหนือวิทยา,แม่ออน,เล็ก,นอกเมือง,สำนักงานคณะกรรมการการศึกษาขั้นพื้นฐาน,สพป.เชียงใหม่ เขต 1,18,50.00,50.00,20.00,23.09,22.81,19.02,21.11,19.40,27.78,17.81,18.43,16.05,19.44,24.37,26.57,23.65,30.56,24.37,41.67,38.19
2566,223,แม่ออนวิทยาลัย,แม่ออน,กลาง,นอกเมือง,สำนักงานคณะกรรมการการศึกษาขั้นพื้นฐาน,สำนักงานเขตพื้นที่การศึกษามัธยมศึกษาเชียงใหม่,53,41.51,49.27,21.51,20.87,22.10,21.30,25.28,19.87,33.21,19.40,22.70,14.18,26.42,30.10,39.34,22.99,29.25,32.84,54.72,39.17
2566,224,วัดห้วยแก้ว,แม่ออน,เล็ก,นอกเมือง,สำนักงานคณะกรรมการการศึกษาขั้นพื้นฐาน,สพป.เชียงใหม่ เขต 1,11,72.73,44.54,20.00,14.77,23.21,22.49,27.27,19.58,25.45,17.25,23.48,12.82,31.82,32.14,33.48,13.30,18.18,24.05,54.55,39.63
2566,225,วัดห้วยทราย,แม่ออน,เล็ก,นอกเมือง,สำนักงานคณะกรรมการการศึกษาขั้นพื้นฐาน,สพป.เชียงใหม่ เขต 1,19,10.53,30.69,28.42,20.84,19.11,16.86,20.00,18.35,30.53,20.89,23.95,16.07,21.05,24.69,41.32,17.29,31.58,29.07,31.58,29.07
2566,226,เจ้าพ่อหลวงอุปถัมภ์ 9,แม่อาย,กลาง,นอกเมือง,สำนักงานคณะกรรมการการศึกษาขั้นพื้นฐาน,สพป.เชียงใหม่ เขต 3,19,47.37,49.93,21.05,17.74,32.27,24.60,22.11,20.41,29.47,13.56,19.65,16.96,18.42,33.29,31.84,17.84,13.16,22.02,47.37,34.31
2566,227,ชุมชนบ้านคาย,แม่อาย,กลาง,นอกเมือง,สำนักงานคณะกรรมการการศึกษาขั้นพื้นฐาน,สพป.เชียงใหม่ เขต 3,24,16.67,37.27,24.17,18.24,32.79,21.83,30.00,18.26,24.17,16.31,27.01,23.95,20.83,28.57,33.96,17.00,14.58,26.92,45.83,32.00
2566,228,ชุมชนบ้านแม่ฮ่าง,แม่อาย,กลาง,นอกเมือง,สำนักงานคณะกรรมการการศึกษาขั้นพื้นฐาน,สพป.เชียงใหม่ เขต 3,31,32.26,46.75,25.16,22.12,26.91,20.65,32.90,18.70,22.58,15.86,20.00,15.52,33.87,29.48,45.43,15.68,19.35,30.26,51.61,34.74
2566,229,โชติคุณเกษมบ้านเมืองงาม,แม่อาย,กลาง,นอกเมือง,สำนักงานคณะกรรมการการศึกษาขั้นพื้นฐาน,สพป.เชียงใหม่ เขต 3,24,37.50,48.41,20.00,18.26,27.85,26.56,29.17,20.80,23.33,18.86,16.67,14.55,18.75,31.66,31.25,20.66,20.83,28.57,50.00,38.19
2566,230,ไทยรัฐวิทยา 12 (บ้านเอก),แม่อาย,กลาง,นอกเมือง,สำนักงานคณะกรรมการการศึกษาขั้นพื้นฐาน,สพป.เชียงใหม่ เขต 3,12,58.33,49.30,31.67,20.75,34.43,29.74,31.67,19.08,36.67,17.95,16.81,9.32,54.17,24.65,42.08,16.36,37.50,36.08,70.83,32.00
2566,231,บ้านท่ามะแกง,แม่อาย,เล็ก,นอกเมือง,สำนักงานคณะกรรมการการศึกษาขั้นพื้นฐาน,สพป.เชียงใหม่ เขต 3,8,50.00,50.00,30.00,22.36,32.89,23.65,20.00,17.32,35.00,16.58,23.75,12.24,6.25,16.54,42.08,18.00,18.75,34.80,56.25,39.03
2566,232,บ้านป่าก๊อ,แม่อาย,กลาง,นอกเมือง,สำนักงานคณะกรรมการการศึกษาขั้นพื้นฐาน,สพป.เชียงใหม่ เขต 3,8,25.00,43.30,17.50,21.07,31.91,22.07,27.50,13.92,35.00,19.36,21.04,11.15,31.25,24.21,38.13,21.30,12.50,21.65,56.25,39.03
2566,233,บ้านปางต้นเดื่อ,แม่อาย,กลาง,นอกเมือง,สำนักงานคณะกรรมการการศึกษาขั้นพื้นฐาน,สพป.เชียงใหม่ เขต 3,21,38.10,48.56,20.95,15.71,29.70,20.90,29.52,20.11,30.48,14.63,19.29,12.54,21.43,29.16,37.54,19.09,16.67,28.17,47.62,36.11
2566,234,บ้านป่าแดง,แม่อาย,กลาง,นอกเมือง,สำนักงานคณะกรรมการการศึกษาขั้นพื้นฐาน,สพป.เชียงใหม่ เขต 3,18,33.33,47.14,31.11,23.31,29.09,20.80,14.44,13.01,28.89,13.70,14.63,17.81,13.89,27.92,27.31,16.22,22.22,34.25,33.33,37.27
2566,235,บ้านสันต้นหมื้อ,แม่อาย,กลาง,นอกเมือง,สำนักงานคณะกรรมการการศึกษาขั้นพื้นฐาน,สพป.เชียงใหม่ เขต 3,43,39.53,48.89,25.12,21.17,19.09,21.72,20.47,17.51,37.21,15.90,23.10,17.27,24.42,27.22,32.83,20.64,23.26,29.23,46.51,36.40
2566,236,บ้านสุขฤทัย,แม่อาย,กลาง,นอกเมือง,สำนักงานคณะกรรมการการศึกษาขั้นพื้นฐาน,สพป.เชียงใหม่ เขต 3,38,18.42,38.77,18.42,15.48,25.21,22.43,26.84,21.16,31.58,22.30,20.53,16.64,18.42,31.25,35.31,21.35,25.00,31.93,50.00,34.41
2566,237,บ้านห้วยคอกหมู,แม่อาย,เล็ก,นอกเมือง,สำนักงานคณะกรรมการการศึกษาขั้นพื้นฐาน,สพป.เชียงใหม่ เขต 3,10,60.00,48.99,28.00,22.27,28.68,24.42,18.00,14.00,28.00,16.00,16.00,14.63,45.00,26.93,37.33,12.36,35.00,45.00,35.00,32.02
2566,238,พระปริยัติธรรมวัดท่าตอน,แม่อาย,เล็ก,นอกเมือง,สำนักงานพระพุทธศาสนาแห่งชาติ,กลุ่มโรงเรียนพระปริยัติธรรมฯ กลุ่ม  5,17,52.94,49.91,16.47,19.69,25.08,21.67,17.65,15.16,23.53,21.95,21.67,16.99,23.53,30.28,32.35,26.56,26.47,34.80,41.18,39.24
2566,239,เพียงหลวง 1 (บ้านท่าตอน),แม่อาย,กลาง,นอกเมือง,สำนักงานคณะกรรมการการศึกษาขั้นพื้นฐาน,สพป.เชียงใหม่ เขต 3,30,50.00,50.00,24.67,17.65,31.05,24.00,30.00,21.13,29.33,17.69,21.89,17.25,33.33,32.49,42.06,19.51,36.67,28.67,63.33,33.99
2566,240,แม่อายวิทยาคม,แม่อาย,ใหญ่,นอกเมือง,กรมส่งเสริมการปกครองท้องถิ่น,ท้องถิ่นจังหวัดเชียงใหม่,37,54.05,49.84,25.41,18.39,31.93,19.82,26.49,18.63,29.19,21.61,17.88,14.55,27.03,27.50,37.75,16.47,29.73,29.54,52.70,38.46
2566,241,ราชประชานุเคราะห์ 30,แม่อาย,กลาง,นอกเมือง,สำนักบริหารงานการศึกษาพิเศษ,-,39,43.59,49.59,21.54,13.87,31.44,23.59,27.18,20.99,31.79,22.06,21.32,17.65,20.51,29.35,30.21,15.94,16.67,28.50,41.03,31.77
2566,242,บ้านนามน,เวียงแหง,เล็ก,นอกเมือง,สำนักงานคณะกรรมการการศึกษาขั้นพื้นฐาน,สพป.เชียงใหม่ เขต 3,19,42.11,49.37,20.00,14.51,25.07,24.53,17.89,15.75,27.37,18.59,17.37,15.96,31.58,40.43,28.68,17.70,31.58,37.03,57.89,40.60
2566,243,บ้านปางป๋อ,เวียงแหง,เล็ก,นอกเมือง,สำนักงานคณะกรรมการการศึกษาขั้นพื้นฐาน,สพป.เชียงใหม่ เขต 3,16,31.25,46.35,30.00,21.21,33.39,28.87,25.00,18.03,30.00,17.32,21.56,17.59,12.50,21.65,35.83,21.97,34.38,38.40,46.88,32.92
2566,244,บ้านเปียงหลวง,เวียงแหง,กลาง,นอกเมือง,สำนักงานคณะกรรมการการศึกษาขั้นพื้นฐาน,สพป.เชียงใหม่ เขต 3,79,46.84,49.90,24.05,18.66,31.11,24.62,29.11,21.06,30.63,20.08,16.41,14.76,19.62,28.03,33.52,18.35,31.01,36.72,49.37,39.37
2566,245,เวียงแหงปริยัติศึกษา,เวียงแหง,เล็ก,นอกเมือง,สำนักงานพระพุทธศาสนาแห่งชาติ,กลุ่มโรงเรียนพระปริยัติธรรมฯ กลุ่ม  5,23,39.13,48.80,27.83,16.41,33.98,28.09,20.00,16.68,25.22,15.84,19.13,9.82,15.22,23.01,28.04,24.91,30.43,32.10,47.83,37.53
2566,246,เวียงแหงวิทยาคม,เวียงแหง,ใหญ่,นอกเมือง,สำนักงานคณะกรรมการการศึกษาขั้นพื้นฐาน,สำนักงานเขตพื้นที่การศึกษามัธยมศึกษาเชียงใหม่,140,26.43,44.10,23.43,18.35,30.81,24.26,24.43,20.01,32.00,20.95,21.14,15.07,26.07,30.75,37.65,19.56,31.43,32.92,57.14,36.14
2566,247,บ้านบ่อแก้ว,สะเมิง,กลาง,นอกเมือง,สำนักงานคณะกรรมการการศึกษาขั้นพื้นฐาน,สพป.เชียงใหม่ เขต 2,26,38.46,48.65,20.77,15.17,32.69,23.07,29.23,20.93,26.92,16.59,17.82,15.25,26.92,31.72,34.04,12.35,21.15,24.70,50.00,36.69
2566,248,บ้านปางขุม,สะเมิง,เล็ก,นอกเมือง,สำนักงานคณะกรรมการการศึกษาขั้นพื้นฐาน,สพป.เชียงใหม่ เขต 2,7,42.86,49.49,28.57,25.87,27.44,22.89,31.43,14.57,25.71,17.61,16.90,14.04,50.00,26.73,40.24,14.87,7.14,17.50,28.57,36.42
2566,249,บ้านป่าลาน,สะเมิง,เล็ก,นอกเมือง,สำนักงานคณะกรรมการการศึกษาขั้นพื้นฐาน,สพป.เชียงใหม่ เขต 2,9,44.44,49.69,22.22,17.50,30.12,28.56,13.33,13.33,28.89,16.63,21.67,14.25,27.78,24.85,40.74,19.15,16.67,23.57,77.78,24.85
2566,250,บ้านแม่ขะปู,สะเมิง,เล็ก,นอกเมือง,สำนักงานคณะกรรมการการศึกษาขั้นพื้นฐาน,สพป.เชียงใหม่ เขต 2,11,45.45,49.79,20.00,14.77,34.45,23.09,18.18,13.36,40.00,26.97,14.24,8.97,18.18,24.05,28.18,10.41,36.36,30.83,54.55,33.40
2566,251,บ้านแม่โต๋,สะเมิง,เล็ก,นอกเมือง,สำนักงานคณะกรรมการการศึกษาขั้นพื้นฐาน,สพป.เชียงใหม่ เขต 2,19,36.84,48.24,24.21,15.33,25.48,21.48,24.21,17.86,29.47,20.89,13.25,8.76,26.32,29.77,39.56,24.49,10.53,20.38,52.63,25.51
2566,252,บ้านแม่ยางห้า,สะเมิง,เล็ก,นอกเมือง,สำนักงานคณะกรรมการการศึกษาขั้นพื้นฐาน,สพป.เชียงใหม่ เขต 2,14,28.57,45.18,17.14,16.66,24.44,24.69,27.14,23.43,21.43,20.65,16.55,12.59,39.29,27.89,40.95,21.01,32.14,40.56,50.00,32.73
2566,253,บ้านแม่ลานคำ,สะเมิง,เล็ก,นอกเมือง,สำนักงานคณะกรรมการการศึกษาขั้นพื้นฐาน,สพป.เชียงใหม่ เขต 2,10,40.00,48.99,16.00,14.97,30.53,24.27,28.00,16.00,16.00,14.97,28.00,11.00,30.00,33.17,42.67,20.21,10.00,20.00,55.00,35.00
2566,254,บ้านแม่แว,สะเมิง,เล็ก,นอกเมือง,สำนักงานคณะกรรมการการศึกษาขั้นพื้นฐาน,สพป.เชียงใหม่ เขต 2,10,30.00,45.83,20.00,17.89,40.00,17.05,34.00,15.62,22.00,18.87,18.17,15.46,5.00,15.00,35.50,12.93,15.00,22.91,35.00,39.05
2566,255,วัดงิ้วเฒ่า,สะเมิง,เล็ก,นอกเมือง,สำนักงานคณะกรรมการการศึกษาขั้นพื้นฐาน,สพป.เชียงใหม่ เขต 2,6,33.33,47.14,23.33,13.74,23.68,21.00,20.00,16.33,20.00,20.00,12.78,10.91,25.00,25.00,40.28,12.74,16.67,23.57,83.33,23.57
2566,256,วัดยั้งเมิน,สะเมิง,เล็ก,นอกเมือง,สำนักงานคณะกรรมการการศึกษาขั้นพื้นฐาน,สพป.เชียงใหม่ เขต 2,8,25.00,43.30,20.00,17.32,30.26,26.90,27.50,17.14,37.50,6.61,23.13,14.85,25.00,25.00,37.71,18.37,31.25,34.80,31.25,34.80
2566,257,วัดสะเมิงวิทยา,สะเมิง,เล็ก,นอกเมือง,สำนักงานพระพุทธศาสนาแห่งชาติ,กลุ่มโรงเรียนพระปริยัติธรรมฯ กลุ่ม  5,6,16.67,37.27,36.67,24.27,32.89,18.72,40.00,16.33,30.00,19.15,35.56,21.51,8.33,18.63,40.83,22.54,41.67,44.88,41.67,44.88
2566,258,สะเมิงพิทยาคม,สะเมิง,กลาง,นอกเมือง,สำนักงานคณะกรรมการการศึกษาขั้นพื้นฐาน,สำนักงานเขตพื้นที่การศึกษามัธยมศึกษาเชียงใหม่,58,60.34,48.92,22.76,19.81,29.17,23.97,22.07,15.62,30.69,19.02,22.84,15.47,25.00,31.14,35.20,20.15,32.76,32.89,42.24,39.17
2566,259,บ้านบวกค้าง,สันกำแพง,เล็ก,นอกเมือง,สำนักงานคณะกรรมการการศึกษาขั้นพื้นฐาน,สพป.เชียงใหม่ เขต 1,4,0.00,0.00,35.00,25.98,19.74,21.09,25.00,16.58,40.00,28.28,27.08,12.33,37.50,41.46,46.67,17.04,25.00,25.00,50.00,35.36
2566,260,บ้านแม่ปูคา,สันกำแพง,เล็ก,นอกเมือง,สำนักงานคณะกรรมการการศึกษาขั้นพื้นฐาน,สพป.เชียงใหม่ เขต 1,11,81.82,38.57,30.91,24.66,39.95,25.26,21.82,19.92,45.45,25.71,14.39,16.29,13.64,22.27,41.82,18.74,22.73,32.78,36.36,37.48
2566,261,บ้านหนองโค้ง,สันกำแพง,กลาง,นอกเมือง,สำนักงานคณะกรรมการการศึกษาขั้นพื้นฐาน,สพป.เชียงใหม่ เขต 1,64,59.37,49.11,21.87,18.28,31.13,22.57,24.69,17.23,31.56,17.25,22.45,15.02,32.81,36.68,39.27,21.02,22.66,30.53,60.16,37.69
2566,262,วัดล้านตอง,สันกำแพง,เล็ก,นอกเมือง,สำนักงานคณะกรรมการการศึกษาขั้นพื้นฐาน,สพป.เชียงใหม่ เขต 1,7,85.71,34.99,22.86,19.79,14.29,16.99,31.43,14.57,31.43,18.07,11.43,4.67,21.43,24.74,48.81,19.77,7.14,17.50,71.43,36.42
2566,263,สันกำแพง,สันกำแพง,ใหญ่พิเศษ,นอกเมือง,สำนักงานคณะกรรมการการศึกษาขั้นพื้นฐาน,สำนักงานเขตพื้นที่การศึกษามัธยมศึกษาเชียงใหม่,124,35.48,47.85,21.94,18.21,36.35,23.17,30.81,20.22,30.16,20.87,19.56,14.68,26.61,30.74,38.44,19.46,27.42,33.81,59.68,35.74
2566,264,สันกำแพงคันธาอนุสรณ์,สันกำแพง,เล็ก,นอกเมือง,สำนักงานคณะกรรมการการศึกษาขั้นพื้นฐาน,สพป.เชียงใหม่ เขต 1,19,36.84,48.24,15.79,15.33,31.02,27.38,21.05,15.18,40.00,15.89,23.16,14.38,26.32,29.77,44.65,18.87,23.68,33.91,57.89,37.22
2566,265,ชลประทานเขื่อนแม่กวงจิราธิวัฒน์อุปถัมภ์,สันทราย,กลาง,นอกเมือง,สำนักงานคณะกรรมการการศึกษาขั้นพื้นฐาน,สพป.เชียงใหม่ เขต 2,21,57.14,49.49,20.95,17.97,36.34,19.99,20.00,16.33,24.76,16.22,10.32,11.28,26.19,24.97,36.83,21.06,14.29,27.36,52.38,39.27
2566,266,บ้านเจดีย์แม่ครัว,สันทราย,กลาง,นอกเมือง,สำนักงานคณะกรรมการการศึกษาขั้นพื้นฐาน,สพป.เชียงใหม่ เขต 2,40,60.00,48.99,24.50,20.73,29.34,20.14,25.00,20.37,30.00,18.97,19.42,15.22,32.50,30.72,30.92,19.90,23.75,33.52,53.75,37.73
2566,267,บ้านบวกเปา,สันทราย,เล็ก,นอกเมือง,สำนักงานคณะกรรมการการศึกษาขั้นพื้นฐาน,สพป.เชียงใหม่ เขต 2,11,27.27,44.54,12.73,15.43,44.74,26.65,30.91,19.75,30.91,17.81,18.64,11.23,36.36,30.83,44.24,19.53,31.82,24.05,63.64,37.48
2566,268,บ้านแม่โจ้,สันทราย,กลาง,นอกเมือง,สำนักงานคณะกรรมการการศึกษาขั้นพื้นฐาน,สพป.เชียงใหม่ เขต 2,10,10.00,30.00,28.00,16.00,40.53,28.32,34.00,20.10,22.00,18.87,26.83,17.86,20.00,33.17,23.67,12.11,5.00,15.00,50.00,31.62
2566,269,บ้านร่มหลวง,สันทราย,เล็ก,นอกเมือง,สำนักงานคณะกรรมการการศึกษาขั้นพื้นฐาน,สพป.เชียงใหม่ เขต 2,16,31.25,46.35,21.25,19.32,13.82,19.10,25.00,13.23,41.25,19.32,27.71,15.08,53.13,41.34,33.85,16.28,15.63,23.18,50.00,35.36
2566,270,บ้านศรีบุญเรือง,สันทราย,กลาง,นอกเมือง,สำนักงานคณะกรรมการการศึกษาขั้นพื้นฐาน,สพป.เชียงใหม่ เขต 2,13,61.54,48.65,27.69,16.71,34.62,25.22,24.62,15.99,23.08,13.23,17.44,13.68,19.23,24.33,19.87,14.30,15.38,30.28,26.92,31.72
2566,271,บ้านหนองไคร้,สันทราย,กลาง,นอกเมือง,สำนักงานคณะกรรมการการศึกษาขั้นพื้นฐาน,สพป.เชียงใหม่ เขต 2,62,30.65,46.10,20.00,18.67,36.93,25.11,26.13,18.17,35.48,19.15,17.63,15.31,33.06,33.53,44.41,18.52,31.45,32.67,60.48,36.07
2566,272,บ้านหลักปัน,สันทราย,กลาง,นอกเมือง,สำนักงานคณะกรรมการการศึกษาขั้นพื้นฐาน,สพป.เชียงใหม่ เขต 2,23,56.52,49.57,25.22,16.91,33.30,23.96,33.91,20.80,34.78,16.91,18.12,14.34,21.74,35.59,45.43,14.62,17.39,23.81,63.04,36.76
2566,273,พงษ์พิกุลเชียงใหม่,สันทราย,กลาง,นอกเมือง,สำนักงานคณะกรรมการส่งเสริมการศึกษาเอกชน,-,15,46.67,49.89,22.67,20.48,24.74,24.06,25.33,11.47,33.33,18.86,15.67,13.47,20.00,24.49,25.67,16.08,16.67,29.81,60.00,32.66
2566,274,วัดแม่แก้ดน้อย,สันทราย,ใหญ่,นอกเมือง,สำนักงานคณะกรรมการการศึกษาขั้นพื้นฐาน,สพป.เชียงใหม่ เขต 2,31,38.71,48.71,21.29,15.19,30.65,18.08,21.94,17.86,37.42,21.40,13.71,13.68,27.42,33.21,36.34,16.89,16.13,23.37,58.06,33.83
2566,275,วัดวิเวกวนาราม,สันทราย,เล็ก,นอกเมือง,สำนักงานพระพุทธศาสนาแห่งชาติ,กลุ่มโรงเรียนพระปริยัติธรรมฯ กลุ่ม  5,14,35.71,47.92,17.14,14.85,38.16,28.46,21.43,15.97,20.00,16.90,15.60,18.60,25.00,25.00,33.45,22.79,14.29,22.59,57.14,41.65
2566,276,สันทรายวิทยาคม,สันทราย,ใหญ่,นอกเมือง,สำนักงานคณะกรรมการการศึกษาขั้นพื้นฐาน,สำนักงานเขตพื้นที่การศึกษามัธยมศึกษาเชียงใหม่,169,30.77,46.15,23.08,19.46,30.54,23.16,26.27,16.74,29.59,18.21,20.56,14.32,25.15,28.33,35.28,18.79,28.40,32.97,57.69,34.40
2566,277,สันทรายหลวง,สันทราย,กลาง,นอกเมือง,สำนักงานคณะกรรมการการศึกษาขั้นพื้นฐาน,สพป.เชียงใหม่ เขต 2,86,36.05,48.01,25.58,20.38,32.71,24.45,27.44,20.70,35.12,20.22,22.81,14.21,26.16,31.18,33.06,18.75,29.65,34.42,56.40,38.73
2566,278,ทุ่งฟ้าบดราษฎร์บำรุง,สันป่าตอง,กลาง,นอกเมือง,กรมส่งเสริมการปกครองท้องถิ่น,ท้องถิ่นจังหวัดเชียงใหม่,53,33.96,47.36,25.66,19.95,22.24,17.70,25.28,17.00,29.43,18.88,23.08,16.76,33.02,30.63,41.48,20.70,21.70,28.33,53.77,37.43
2566,279,เทพศิรินทร์ เชียงใหม่,สันป่าตอง,กลาง,นอกเมือง,สำนักงานคณะกรรมการการศึกษาขั้นพื้นฐาน,สำนักงานเขตพื้นที่การศึกษามัธยมศึกษาเชียงใหม่,111,31.53,46.46,23.96,18.37,31.72,23.65,24.68,18.00,31.35,20.38,21.83,16.14,28.38,31.21,34.74,22.17,22.52,31.29,44.14,35.98
2566,280,บ้านทุ่งเสี้ยว (นวรัฐ),สันป่าตอง,เล็ก,นอกเมือง,สำนักงานคณะกรรมการการศึกษาขั้นพื้นฐาน,สพป.เชียงใหม่ เขต 4,14,42.86,49.49,22.86,12.78,38.53,14.71,25.71,14.00,41.43,17.67,23.21,15.18,21.43,31.13,36.67,21.17,10.71,27.89,39.29,38.63
2566,281,บ้านร่องน้ำ,สันป่าตอง,เล็ก,นอกเมือง,สำนักงานคณะกรรมการการศึกษาขั้นพื้นฐาน,สพป.เชียงใหม่ เขต 4,12,50.00,50.00,13.33,12.47,26.10,20.40,23.33,19.72,25.00,18.48,10.97,12.07,20.83,24.65,40.14,22.46,20.83,24.65,33.33,31.18
2566,282,บ้านหัวริน,สันป่าตอง,เล็ก,นอกเมือง,สำนักงานคณะกรรมการการศึกษาขั้นพื้นฐาน,สพป.เชียงใหม่ เขต 4,3,66.67,47.14,6.67,9.43,19.30,13.65,33.33,9.43,33.33,9.43,10.56,7.74,33.33,23.57,28.89,21.14,16.67,23.57,33.33,23.57
2566,283,พัฒนวิทย์ศึกษา,สันป่าตอง,ใหญ่,นอกเมือง,สำนักงานคณะกรรมการส่งเสริมการศึกษาเอกชน,-,13,30.77,46.15,27.69,22.92,21.86,19.40,27.69,16.71,33.85,18.20,20.90,17.99,26.92,31.72,35.26,15.10,19.23,24.33,65.38,41.07
2566,284,วัดกู่คำ,สันป่าตอง,เล็ก,นอกเมือง,สำนักงานคณะกรรมการการศึกษาขั้นพื้นฐาน,สพป.เชียงใหม่ เขต 4,1,100.00,0.00,20.00,0.00,50.00,0.00,40.00,0.00,60.00,0.00,0.00,0.00,0.00,0.00,50.00,0.00,0.00,0.00,100.00,0.00
2566,285,วัดโรงวัว,สันป่าตอง,เล็ก,นอกเมือง,สำนักงานคณะกรรมการการศึกษาขั้นพื้นฐาน,สพป.เชียงใหม่ เขต 4,8,37.50,48.41,25.00,19.36,15.13,20.25,35.00,19.36,32.50,19.84,27.71,17.99,37.50,33.07,45.42,16.09,12.50,21.65,37.50,33.07
2566,286,สันป่าตองวิทยาคม,สันป่าตอง,ใหญ่พิเศษ,นอกเมือง,สำนักงานคณะกรรมการการศึกษาขั้นพื้นฐาน,สำนักงานเขตพื้นที่การศึกษามัธยมศึกษาเชียงใหม่,316,38.61,48.68,22.15,19.76,30.59,23.05,28.23,19.44,31.77,19.95,20.03,15.53,26.90,31.14,37.01,20.00,20.89,30.14,54.91,37.94
2566,287,สันป่าตองศึกษา,สันป่าตอง,เล็ก,นอกเมือง,สำนักงานพระพุทธศาสนาแห่งชาติ,กลุ่มโรงเรียนพระปริยัติธรรมฯ กลุ่ม  5,2,0.00,0.00,30.00,10.00,46.05,3.95,0.00,0.00,30.00,10.00,43.33,6.67,0.00,0.00,34.17,34.17,0.00,0.00,75.00,25.00
2566,288,ช่องฟ้าซินเซิงวาณิชบำรุง,สารภี,ใหญ่พิเศษ,นอกเมือง,สำนักงานคณะกรรมการส่งเสริมการศึกษาเอกชน,-,100,54.00,49.84,26.20,16.90,35.68,23.67,29.40,20.09,35.60,20.90,21.33,13.40,25.50,27.83,40.30,19.21,32.50,34.19,62.00,36.82
2566,289,ชุมชนวัดศรีคำชมภู,สารภี,กลาง,นอกเมือง,สำนักงานคณะกรรมการการศึกษาขั้นพื้นฐาน,สพป.เชียงใหม่ เขต 4,31,38.71,48.71,21.94,22.35,33.79,30.96,27.74,16.60,35.48,18.81,17.42,12.39,27.42,30.69,42.96,18.25,29.03,35.41,59.68,34.59
2566,290,บ้านปากเหมือง,สารภี,กลาง,นอกเมือง,สำนักงานคณะกรรมการการศึกษาขั้นพื้นฐาน,สพป.เชียงใหม่ เขต 4,7,28.57,45.18,34.29,20.60,44.74,36.82,31.43,33.56,22.86,31.04,20.00,12.44,35.71,22.59,46.19,14.47,14.29,22.59,71.43,24.74
2566,291,วชิราลัย,สารภี,กลาง,นอกเมือง,สำนักงานคณะกรรมการส่งเสริมการศึกษาเอกชน,-,68,35.29,47.79,20.00,16.80,26.12,21.34,20.00,16.09,25.00,18.27,24.61,13.96,22.06,27.63,36.86,19.65,19.85,28.62,50.00,38.35
2566,292,วัดท่าต้นกวาว,สารภี,เล็ก,นอกเมือง,สำนักงานคณะกรรมการการศึกษาขั้นพื้นฐาน,สพป.เชียงใหม่ เขต 4,13,69.23,46.15,27.69,21.54,35.02,34.21,35.38,22.40,30.77,21.65,15.00,12.86,30.77,31.25,37.69,17.00,19.23,31.25,65.38,36.08
2566,293,วัดบวกครกเหนือ,สารภี,เล็ก,นอกเมือง,สำนักงานคณะกรรมการการศึกษาขั้นพื้นฐาน,สพป.เชียงใหม่ เขต 4,24,45.83,49.83,22.50,16.65,28.51,21.02,29.17,19.98,29.17,14.12,27.29,18.12,20.83,24.65,39.17,21.70,18.75,28.18,50.00,32.27
2566,294,วัดเวฬุวัน,สารภี,ใหญ่,นอกเมือง,สำนักงานคณะกรรมการการศึกษาขั้นพื้นฐาน,สพป.เชียงใหม่ เขต 4,68,51.47,49.98,18.53,17.26,32.31,23.83,27.35,17.79,26.76,21.31,18.73,12.59,36.03,33.04,35.91,19.78,31.62,39.21,55.88,37.89
2566,295,วัดศรีดอนชัย,สารภี,เล็ก,นอกเมือง,สำนักงานคณะกรรมการการศึกษาขั้นพื้นฐาน,สพป.เชียงใหม่ เขต 4,6,33.33,47.14,26.67,27.49,53.51,33.45,26.67,22.11,40.00,20.00,18.06,17.81,66.67,23.57,27.22,6.92,8.33,18.63,75.00,38.19
2566,296,สารภีปริยัติศึกษา,สารภี,เล็ก,นอกเมือง,สำนักงานพระพุทธศาสนาแห่งชาติ,กลุ่มโรงเรียนพระปริยัติธรรมฯ กลุ่ม  5,25,36.00,48.00,20.80,21.53,19.89,23.80,28.80,13.95,27.20,20.30,18.33,17.75,14.00,22.45,31.27,19.74,16.00,27.28,36.00,41.28
2566,297,สารภีพิทยาคม,สารภี,กลาง,นอกเมือง,สำนักงานคณะกรรมการการศึกษาขั้นพื้นฐาน,สำนักงานเขตพื้นที่การศึกษามัธยมศึกษาเชียงใหม่,182,36.81,48.23,21.32,17.74,33.17,24.89,24.84,18.83,28.35,20.45,20.97,14.69,31.04,35.32,38.39,19.80,23.90,30.43,52.20,36.62
2566,298,สืบนทีธรรม,สารภี,กลาง,นอกเมือง,สำนักงานคณะกรรมการส่งเสริมการศึกษาเอกชน,-,8,25.00,43.30,37.50,11.99,34.54,23.70,30.00,22.36,25.00,19.36,23.13,14.85,31.25,24.21,34.79,21.51,18.75,24.21,68.75,34.80
2566,299,ต้นแก้วผดุงพิทยาลัย,หางดง,ใหญ่,นอกเมือง,กรมส่งเสริมการปกครองท้องถิ่น,ท้องถิ่นจังหวัดเชียงใหม่,47,27.66,44.73,23.83,21.29,35.16,24.18,28.94,18.82,25.53,18.77,21.63,14.94,27.66,30.61,35.11,20.78,36.17,30.43,45.74,42.31
2566,300,เทศบาลหนองตองวิทยา,หางดง,เล็ก,นอกเมือง,กรมส่งเสริมการปกครองท้องถิ่น,ท้องถิ่นจังหวัดเชียงใหม่,6,66.67,47.14,30.00,19.15,40.35,16.69,16.67,13.74,30.00,19.15,15.00,16.75,58.33,34.36,41.67,25.11,33.33,37.27,41.67,18.63
2566,301,บ้านน้ำแพร่,หางดง,เล็ก,นอกเมือง,สำนักงานคณะกรรมการการศึกษาขั้นพื้นฐาน,สพป.เชียงใหม่ เขต 4,8,37.50,48.41,15.00,19.36,28.29,26.14,35.00,8.66,25.00,13.23,29.38,15.79,56.25,39.03,33.54,21.15,12.50,21.65,62.50,33.07
2566,302,บ้านปง,หางดง,เล็ก,นอกเมือง,สำนักงานคณะกรรมการการศึกษาขั้นพื้นฐาน,สพป.เชียงใหม่ เขต 4,13,46.15,49.85,20.00,13.59,43.32,19.05,24.62,11.51,30.77,16.85,17.69,10.75,42.31,33.09,44.10,16.36,19.23,24.33,42.31,38.46
2566,303,บ้านสันป่าสัก,หางดง,กลาง,นอกเมือง,สำนักงานคณะกรรมการการศึกษาขั้นพื้นฐาน,สพป.เชียงใหม่ เขต 4,77,32.47,46.83,19.48,16.74,31.34,24.14,24.94,15.17,32.21,19.38,16.84,14.05,22.73,26.17,37.71,18.74,19.48,31.37,59.74,36.96
2566,304,พันธสัญญา,หางดง,เล็ก,นอกเมือง,สำนักงานคณะกรรมการส่งเสริมการศึกษาเอกชน,-,7,42.86,49.49,25.71,17.61,26.32,18.82,25.71,14.00,48.57,18.07,19.29,8.01,21.43,24.74,55.24,17.65,28.57,24.74,71.43,24.74
2566,305,วัดศรีสว่าง,หางดง,เล็ก,นอกเมือง,สำนักงานคณะกรรมการการศึกษาขั้นพื้นฐาน,สพป.เชียงใหม่ เขต 4,8,50.00,50.00,15.00,13.23,36.51,10.23,35.00,16.58,25.00,16.58,21.46,15.31,62.50,33.07,28.33,21.79,12.50,21.65,56.25,29.97
2566,306,สาธิตนานาชาติทวิภาษาแห่งมหาวิทยาลัยรังสิต เชียงใหม่,หางดง,กลาง,นอกเมือง,สำนักงานคณะกรรมการส่งเสริมการศึกษาเอกชน,-,1,0.00,0.00,20.00,0.00,0.00,0.00,0.00,0.00,20.00,0.00,18.33,0.00,50.00,0.00,50.00,0.00,50.00,0.00,50.00,0.00
2566,307,หางดงรัฐราษฎร์อุปถัมภ์,หางดง,ใหญ่,นอกเมือง,สำนักงานคณะกรรมการการศึกษาขั้นพื้นฐาน,สำนักงานเขตพื้นที่การศึกษามัธยมศึกษาเชียงใหม่,195,48.21,49.97,24.72,18.85,32.51,27.05,25.64,19.51,29.95,19.15,19.92,16.36,22.82,28.73,35.25,20.39,31.54,34.98,51.03,37.20
2566,308,หางดงสังฆราษฎร์อุปถัมภ์,หางดง,เล็ก,นอกเมือง,สำนักงานพระพุทธศาสนาแห่งชาติ,กลุ่มโรงเรียนพระปริยัติธรรมฯ กลุ่ม  5,15,13.33,33.99,17.33,16.11,32.11,24.82,29.33,16.11,34.67,15.43,18.44,11.92,30.00,24.49,32.89,20.94,16.67,23.57,60.00,37.42
2566,309,บ้านซิแบร,อมก๋อย,เล็ก,นอกเมือง,สำนักงานคณะกรรมการการศึกษาขั้นพื้นฐาน,สพป.เชียงใหม่ เขต 5,11,54.55,49.79,14.55,14.99,19.38,19.92,34.55,24.26,25.45,19.24,28.79,14.89,36.36,37.48,31.67,23.84,13.64,22.27,45.45,45.00
2566,310,บ้านตุงลอย,อมก๋อย,กลาง,นอกเมือง,สำนักงานคณะกรรมการการศึกษาขั้นพื้นฐาน,สพป.เชียงใหม่ เขต 5,34,47.06,49.91,23.53,18.45,32.20,15.74,22.94,18.24,28.82,21.80,19.75,16.74,23.53,24.96,30.98,14.68,19.12,29.74,48.53,41.10
2566,311,บ้านนาเกียน,อมก๋อย,เล็ก,นอกเมือง,สำนักงานคณะกรรมการการศึกษาขั้นพื้นฐาน,สำนักงานเขตพื้นที่การศึกษามัธยมศึกษาเชียงใหม่,8,37.50,48.41,22.50,11.99,32.89,24.76,17.50,15.61,25.00,8.66,16.46,16.06,25.00,43.30,21.04,15.70,25.00,25.00,31.25,34.80
2566,312,บ้านมูเซอ,อมก๋อย,กลาง,นอกเมือง,สำนักงานคณะกรรมการการศึกษาขั้นพื้นฐาน,สพป.เชียงใหม่ เขต 5,23,30.43,46.01,26.96,17.30,35.01,20.77,29.57,17.56,35.65,21.23,14.20,11.77,23.91,24.98,31.30,16.86,32.61,34.92,32.61,37.90
2566,313,บ้านแม่ต๋อม,อมก๋อย,กลาง,นอกเมือง,สำนักงานคณะกรรมการการศึกษาขั้นพื้นฐาน,สพป.เชียงใหม่ เขต 5,38,36.84,48.24,21.05,18.89,32.69,23.26,19.47,19.19,30.00,19.87,22.50,18.65,30.26,33.52,29.87,21.82,26.32,31.91,34.21,32.66
2566,314,บ้านแม่อ่างขาง,อมก๋อย,เล็ก,นอกเมือง,สำนักงานคณะกรรมการการศึกษาขั้นพื้นฐาน,สพป.เชียงใหม่ เขต 5,17,52.94,49.91,27.06,24.68,34.67,24.90,21.18,14.50,25.88,19.12,15.98,14.15,23.53,30.28,37.94,14.79,20.59,29.99,8.82,19.06
2566,315,บ้านยางครก,อมก๋อย,เล็ก,นอกเมือง,สำนักงานคณะกรรมการการศึกษาขั้นพื้นฐาน,สพป.เชียงใหม่ เขต 5,35,37.14,48.32,15.43,16.62,35.86,25.72,28.00,20.95,25.14,21.56,16.62,16.45,31.43,29.49,31.62,16.98,24.29,27.70,58.57,36.81
2566,316,บ้านยางเปา,อมก๋อย,กลาง,นอกเมือง,สำนักงานคณะกรรมการการศึกษาขั้นพื้นฐาน,สพป.เชียงใหม่ เขต 5,40,40.00,48.99,19.50,17.02,27.57,27.32,23.50,15.42,27.00,19.26,23.25,18.17,35.00,32.02,33.83,18.14,22.50,29.47,51.25,39.51
2566,317,บ้านยางเปียง,อมก๋อย,เล็ก,นอกเมือง,สำนักงานคณะกรรมการการศึกษาขั้นพื้นฐาน,สพป.เชียงใหม่ เขต 5,10,30.00,45.83,42.00,22.72,26.84,20.00,20.00,20.00,20.00,15.49,19.17,11.65,5.00,15.00,38.67,16.12,15.00,22.91,20.00,24.49
2566,318,บ้านสบลาน,อมก๋อย,กลาง,นอกเมือง,สำนักงานคณะกรรมการการศึกษาขั้นพื้นฐาน,สพป.เชียงใหม่ เขต 5,11,45.45,49.79,18.18,13.36,20.33,20.57,25.45,21.05,32.73,17.63,19.39,18.39,27.27,32.78,28.48,16.85,9.09,19.28,36.36,37.48
2566,319,บ้านห้วยโค้ง,อมก๋อย,กลาง,นอกเมือง,สำนักงานคณะกรรมการการศึกษาขั้นพื้นฐาน,สพป.เชียงใหม่ เขต 5,30,6.67,24.94,21.33,19.28,32.72,26.75,16.67,17.19,22.67,16.92,18.72,14.13,18.33,30.23,30.22,18.00,20.00,27.69,50.00,36.51
2566,320,บ้านห้วยน้ำขาว,อมก๋อย,กลาง,นอกเมือง,สำนักงานคณะกรรมการการศึกษาขั้นพื้นฐาน,สพป.เชียงใหม่ เขต 5,51,54.90,49.76,19.22,18.13,31.11,24.08,26.27,19.20,23.53,20.08,18.04,16.58,21.57,28.45,39.67,20.92,11.76,25.41,44.12,37.89
2566,321,บ้านห้วยไม้หก,อมก๋อย,เล็ก,นอกเมือง,สำนักงานคณะกรรมการการศึกษาขั้นพื้นฐาน,สพป.เชียงใหม่ เขต 5,28,32.14,46.70,15.71,18.01,35.53,21.26,22.86,18.29,30.71,16.46,15.83,16.64,30.36,33.65,31.19,13.50,23.21,31.29,42.86,34.63
2566,322,บ้านอูตูม,อมก๋อย,กลาง,นอกเมือง,สำนักงานคณะกรรมการการศึกษาขั้นพื้นฐาน,สพป.เชียงใหม่ เขต 5,36,30.56,46.06,26.67,21.60,32.53,21.25,25.00,17.87,21.11,17.60,13.80,11.91,16.67,23.57,35.05,20.92,20.83,27.32,33.33,33.33
2566,323,แม่ตื่นวิทยาคม,อมก๋อย,กลาง,นอกเมือง,สำนักงานคณะกรรมการการศึกษาขั้นพื้นฐาน,สำนักงานเขตพื้นที่การศึกษามัธยมศึกษาเชียงใหม่,69,34.78,47.63,28.41,21.10,27.23,20.56,24.06,21.42,26.09,17.79,19.13,16.13,19.57,25.84,36.86,20.66,19.57,28.51,40.58,37.37
2566,324,อมก๋อยวิทยาคม,อมก๋อย,ใหญ่,นอกเมือง,สำนักงานคณะกรรมการการศึกษาขั้นพื้นฐาน,สำนักงานเขตพื้นที่การศึกษามัธยมศึกษาเชียงใหม่,133,29.32,45.52,20.00,17.51,23.98,22.82,23.16,17.83,27.37,19.23,21.15,15.18,22.93,28.44,30.04,19.27,25.56,31.63,40.60,39.33
2566,325,ชุมชนบ้านท่าข้าม,ฮอด,กลาง,นอกเมือง,สำนักงานคณะกรรมการการศึกษาขั้นพื้นฐาน,สพป.เชียงใหม่ เขต 5,12,16.67,37.27,20.00,11.55,26.54,20.26,21.67,22.30,31.67,17.24,19.17,13.51,25.00,32.27,26.11,10.70,20.83,32.00,54.17,32.00
2566,326,บ้านกองลอย,ฮอด,กลาง,นอกเมือง,สำนักงานคณะกรรมการการศึกษาขั้นพื้นฐาน,สพป.เชียงใหม่ เขต 5,24,45.83,49.83,22.50,19.42,36.29,20.44,25.83,19.56,27.50,20.67,19.79,14.12,22.92,28.79,37.36,19.92,18.75,28.18,50.00,35.36
2566,327,บ้านแควมะกอก,ฮอด,กลาง,นอกเมือง,สำนักงานคณะกรรมการการศึกษาขั้นพื้นฐาน,สพป.เชียงใหม่ เขต 5,19,36.84,48.24,33.68,19.52,29.22,23.86,23.16,18.65,18.95,17.74,19.39,16.92,13.16,27.35,30.00,17.80,28.95,29.54,36.84,39.21
2566,328,บ้านตาลเหนือ,ฮอด,เล็ก,นอกเมือง,สำนักงานคณะกรรมการการศึกษาขั้นพื้นฐาน,สพป.เชียงใหม่ เขต 5,1,0.00,0.00,20.00,0.00,28.95,0.00,40.00,0.00,0.00,0.00,36.67,0.00,0.00,0.00,45.00,0.00,0.00,0.00,100.00,0.00
2566,329,บ้านเตียนอาง,ฮอด,เล็ก,นอกเมือง,สำนักงานคณะกรรมการการศึกษาขั้นพื้นฐาน,สพป.เชียงใหม่ เขต 5,13,46.15,49.85,26.15,18.20,24.09,25.59,20.00,15.69,32.31,21.54,20.90,9.17,11.54,21.07,37.69,17.12,26.92,31.72,69.23,36.89
2566,330,บ้านนาฟ่อน,ฮอด,เล็ก,นอกเมือง,สำนักงานคณะกรรมการการศึกษาขั้นพื้นฐาน,สพป.เชียงใหม่ เขต 5,13,46.15,49.85,27.69,25.47,39.47,21.53,24.62,15.99,29.23,23.03,20.64,11.96,15.38,23.08,35.00,18.52,26.92,37.29,53.85,30.77
2566,331,บ้านบ่อหลวง,ฮอด,กลาง,นอกเมือง,สำนักงานคณะกรรมการการศึกษาขั้นพื้นฐาน,สพป.เชียงใหม่ เขต 5,34,38.24,48.60,25.88,19.72,26.78,19.86,27.06,19.33,31.76,22.81,19.26,19.56,16.18,29.00,30.93,16.09,27.94,32.52,42.65,42.24
2566,332,บ้านพุย,ฮอด,เล็ก,นอกเมือง,สำนักงานคณะกรรมการการศึกษาขั้นพื้นฐาน,สพป.เชียงใหม่ เขต 5,16,31.25,46.35,31.25,15.76,28.95,19.82,23.75,14.52,20.00,14.14,24.48,18.55,25.00,30.62,36.77,16.78,12.50,21.65,62.50,27.95
2566,333,บ้านแม่งูด,ฮอด,เล็ก,นอกเมือง,สำนักงานคณะกรรมการการศึกษาขั้นพื้นฐาน,สพป.เชียงใหม่ เขต 5,20,20.00,40.00,17.00,15.84,23.16,26.10,22.00,20.88,21.00,17.29,17.92,16.72,17.50,28.61,42.58,19.27,25.00,25.00,57.50,36.31
2566,334,บ้านแม่ลาย,ฮอด,เล็ก,นอกเมือง,สำนักงานคณะกรรมการการศึกษาขั้นพื้นฐาน,สพป.เชียงใหม่ เขต 5,14,42.86,49.49,24.29,18.79,43.42,27.51,31.43,21.00,30.00,19.64,25.83,14.53,35.71,29.45,37.38,28.46,32.14,35.89,60.71,33.69
2566,335,บ้านวังลุง,ฮอด,เล็ก,นอกเมือง,สำนักงานคณะกรรมการการศึกษาขั้นพื้นฐาน,สพป.เชียงใหม่ เขต 5,8,62.50,48.41,22.50,15.61,21.38,18.49,35.00,13.23,17.50,15.61,25.63,22.30,37.50,41.46,30.21,16.06,12.50,21.65,43.75,39.03
2566,336,แม่โถวิทยาคม,ฮอด,กลาง,นอกเมือง,สำนักงานคณะกรรมการการศึกษาขั้นพื้นฐาน,สพป.เชียงใหม่ เขต 5,36,38.89,48.75,22.22,15.48,32.89,22.21,30.00,19.15,26.11,19.90,18.15,18.59,23.61,27.60,37.27,18.17,16.67,26.35,41.67,39.97
2566,337,วัดบ้านขุนเตรียมพุทธศาสตร์,ฮอด,เล็ก,นอกเมือง,สำนักงานพระพุทธศาสนาแห่งชาติ,กลุ่มโรงเรียนพระปริยัติธรรมฯ กลุ่ม  5,31,41.94,49.35,24.52,20.13,25.98,22.16,24.52,20.77,30.97,17.48,20.00,16.81,43.55,39.64,29.46,15.25,25.81,28.03,54.84,34.44
2566,338,ฮอดพิทยาคม,ฮอด,ใหญ่,นอกเมือง,สำนักงานคณะกรรมการการศึกษาขั้นพื้นฐาน,สำนักงานเขตพื้นที่การศึกษามัธยมศึกษาเชียงใหม่,135,34.07,47.40,23.11,20.64,33.41,24.48,26.96,20.27,27.11,17.97,23.31,13.83,21.11,27.53,33.64,19.22,18.52,29.02,48.89,37.25
2565,1,บ้านขุนแม่รวม,กัลยาณิวัฒนา,เล็ก,นอกเมือง,สำนักงานคณะกรรมการการศึกษาขั้นพื้นฐาน,สพป.เชียงใหม่ เขต 6,14,64.29,47.92,24.29,15.45,27.82,20.52,34.29,14.00,31.43,24.74,21.43,20.82,38.35,22.54,40.83,23.67,25.00,31.34,28.57,31.13
2565,2,บ้านจันทร์,กัลยาณิวัฒนา,เล็ก,นอกเมือง,สำนักงานคณะกรรมการการศึกษาขั้นพื้นฐาน,สพป.เชียงใหม่ เขต 6,19,89.47,30.69,15.79,16.64,26.87,16.39,37.89,19.35,31.58,16.31,19.74,22.33,30.19,17.92,46.93,23.75,36.84,35.70,26.32,24.97
2565,3,บ้านแม่แดดน้อย,กัลยาณิวัฒนา,เล็ก,นอกเมือง,สำนักงานคณะกรรมการการศึกษาขั้นพื้นฐาน,สพป.เชียงใหม่ เขต 6,10,90.00,30.00,30.00,16.12,29.47,25.21,28.00,22.27,38.00,18.87,35.00,20.00,52.11,22.78,44.33,21.57,30.00,24.49,30.00,33.17
2565,4,บ้านแม่ตะละ,กัลยาณิวัฒนา,เล็ก,นอกเมือง,สำนักงานคณะกรรมการการศึกษาขั้นพื้นฐาน,สพป.เชียงใหม่ เขต 6,3,66.67,47.14,6.67,9.43,28.95,0.00,26.67,9.43,46.67,9.43,33.33,23.57,44.74,3.72,50.00,10.89,33.33,23.57,16.67,23.57
2565,5,บ้านห้วยยา,กัลยาณิวัฒนา,เล็ก,นอกเมือง,สำนักงานคณะกรรมการการศึกษาขั้นพื้นฐาน,สพป.เชียงใหม่ เขต 6,16,37.50,48.41,18.75,20.58,28.29,19.59,31.25,18.67,31.25,21.18,26.56,20.67,37.34,21.36,45.52,27.94,34.38,29.15,15.63,23.18
2565,6,มัธยมกัลยาณิวัฒนาเฉลิมพระเกียรติ,กัลยาณิวัฒนา,เล็ก,นอกเมือง,สำนักงานคณะกรรมการการศึกษาขั้นพื้นฐาน,สำนักงานเขตพื้นที่การศึกษามัธยมศึกษาเชียงใหม่,9,66.67,47.14,15.56,12.57,19.88,22.23,24.44,20.61,37.78,19.88,25.00,26.35,43.57,18.49,40.93,24.00,22.22,34.25,11.11,20.79
2565,7,สามัคคีสันม่วง,กัลยาณิวัฒนา,เล็ก,นอกเมือง,สำนักงานคณะกรรมการการศึกษาขั้นพื้นฐาน,สพป.เชียงใหม่ เขต 6,9,55.56,49.69,20.00,16.33,24.85,16.42,40.00,16.33,33.33,24.94,16.67,11.79,34.80,23.66,47.59,18.43,33.33,33.33,38.89,31.43
2565,8,จอมทอง,จอมทอง,ใหญ่,นอกเมือง,สำนักงานคณะกรรมการการศึกษาขั้นพื้นฐาน,สำนักงานเขตพื้นที่การศึกษามัธยมศึกษาเชียงใหม่,366,63.93,48.02,20.22,17.62,32.30,22.55,38.85,23.46,37.54,20.95,20.49,16.94,37.99,22.83,47.55,22.52,35.38,33.85,26.50,29.01
2565,9,ไทยรัฐวิทยา 79 (บ้านหนองอาบช้าง),จอมทอง,เล็ก,นอกเมือง,สำนักงานคณะกรรมการการศึกษาขั้นพื้นฐาน,สพป.เชียงใหม่ เขต 6,18,72.22,44.79,16.67,15.28,23.10,21.23,32.22,21.23,35.56,23.62,26.39,19.49,42.84,19.92,33.52,18.61,27.78,38.09,27.78,29.92
2565,10,บ้านขุนกลาง,จอมทอง,กลาง,นอกเมือง,สำนักงานคณะกรรมการการศึกษาขั้นพื้นฐาน,สพป.เชียงใหม่ เขต 6,20,75.00,43.30,20.00,18.97,32.24,22.97,34.00,18.00,35.00,22.69,25.00,15.81,40.79,21.58,39.83,24.79,40.00,37.42,25.00,25.00
2565,11,บ้านปากทางท่าลี่,จอมทอง,เล็ก,นอกเมือง,สำนักงานคณะกรรมการการศึกษาขั้นพื้นฐาน,สพป.เชียงใหม่ เขต 6,5,60.00,48.99,8.00,9.80,25.79,28.94,24.00,14.97,24.00,14.97,20.00,10.00,44.21,20.07,38.00,21.54,30.00,40.00,10.00,20.00
2565,12,บ้านสบเตี๊ยะ,จอมทอง,กลาง,นอกเมือง,สำนักงานคณะกรรมการการศึกษาขั้นพื้นฐาน,สพป.เชียงใหม่ เขต 6,26,46.15,49.85,16.92,15.38,22.98,16.73,36.15,22.88,29.23,21.65,20.19,17.01,33.30,20.34,31.99,22.38,21.15,28.33,21.15,28.33
2565,13,บ้านห้วยทราย,จอมทอง,เล็ก,นอกเมือง,สำนักงานคณะกรรมการการศึกษาขั้นพื้นฐาน,สพป.เชียงใหม่ เขต 6,5,20.00,40.00,4.00,8.00,31.58,25.94,48.00,16.00,40.00,25.30,25.00,15.81,44.21,23.56,44.67,25.53,30.00,24.49,40.00,20.00
2565,14,บ้านห้วยส้มป่อย,จอมทอง,เล็ก,นอกเมือง,สำนักงานคณะกรรมการการศึกษาขั้นพื้นฐาน,สพป.เชียงใหม่ เขต 6,10,60.00,48.99,22.00,20.88,13.68,13.87,38.00,16.61,44.00,19.60,10.00,12.25,51.84,29.89,52.17,18.35,50.00,22.36,50.00,38.73
2565,15,บ้านใหม่สารภี,จอมทอง,เล็ก,นอกเมือง,สำนักงานคณะกรรมการการศึกษาขั้นพื้นฐาน,สพป.เชียงใหม่ เขต 6,16,62.50,48.41,13.75,15.36,22.37,23.45,33.75,22.04,36.25,22.60,20.31,22.04,45.56,18.83,47.50,17.17,28.13,30.46,18.75,24.21
2565,16,สุทธิวงศ์ดำรงวิทย์,จอมทอง,เล็ก,นอกเมือง,สำนักงานคณะกรรมการส่งเสริมการศึกษาเอกชน,-,10,60.00,48.99,18.00,14.00,24.21,19.83,36.00,23.32,32.00,24.00,30.00,29.15,47.63,21.91,39.50,14.63,15.00,22.91,15.00,32.02
2565,17,แกน้อยศึกษา,เชียงดาว,กลาง,นอกเมือง,สำนักงานคณะกรรมการการศึกษาขั้นพื้นฐาน,สพป.เชียงใหม่ เขต 3,19,21.05,40.77,22.11,18.23,24.10,22.95,23.16,21.78,27.37,21.73,27.63,16.01,26.32,26.80,34.47,17.62,21.05,33.70,15.79,28.34
2565,18,เจ้าฟ้าอุบลรัตน์,เชียงดาว,กลาง,นอกเมือง,สำนักงานคณะกรรมการส่งเสริมการศึกษาเอกชน,-,42,64.29,47.92,19.52,14.13,28.26,19.24,36.19,19.63,33.33,20.78,15.48,17.21,38.41,24.80,50.00,23.06,29.76,30.98,23.81,27.25
2565,19,ชุมชนบ้านเมืองงาย,เชียงดาว,กลาง,นอกเมือง,สำนักงานคณะกรรมการการศึกษาขั้นพื้นฐาน,สพป.เชียงใหม่ เขต 3,25,68.00,46.65,25.60,18.35,35.37,14.96,39.20,20.77,39.20,22.26,16.00,17.15,47.16,27.11,58.93,25.62,30.00,37.42,28.00,24.82
2565,20,ชุมชนบ้านวังจ๊อม,เชียงดาว,กลาง,นอกเมือง,สำนักงานคณะกรรมการการศึกษาขั้นพื้นฐาน,สพป.เชียงใหม่ เขต 3,20,60.00,48.99,17.00,14.53,23.29,13.98,37.00,21.24,35.00,22.69,20.00,16.96,30.53,22.87,39.83,18.05,35.00,39.05,25.00,33.54
2565,21,เชียงดาววิทยาคม,เชียงดาว,ใหญ่,นอกเมือง,สำนักงานคณะกรรมการการศึกษาขั้นพื้นฐาน,สำนักงานเขตพื้นที่การศึกษามัธยมศึกษาเชียงใหม่,15,66.67,47.14,18.67,15.43,31.93,21.53,36.00,24.44,38.67,18.57,23.33,21.34,38.42,29.71,52.22,24.19,40.00,32.66,20.00,24.49
2565,22,บ้านเชียงดาว,เชียงดาว,กลาง,นอกเมือง,สำนักงานคณะกรรมการการศึกษาขั้นพื้นฐาน,สพป.เชียงใหม่ เขต 3,46,73.91,43.91,16.96,16.13,35.87,21.03,40.43,21.86,37.39,19.83,27.17,19.38,43.88,20.43,47.61,25.16,35.87,26.91,29.35,32.26
2565,23,บ้านทุ่งข้าวพวง,เชียงดาว,กลาง,นอกเมือง,สำนักงานคณะกรรมการการศึกษาขั้นพื้นฐาน,สพป.เชียงใหม่ เขต 3,24,58.33,49.30,16.67,13.74,35.20,20.42,32.50,25.70,36.67,20.55,29.17,15.59,39.36,21.36,62.01,20.51,35.42,33.79,14.58,22.73
2565,24,บ้านนาหวาย,เชียงดาว,กลาง,นอกเมือง,สำนักงานคณะกรรมการการศึกษาขั้นพื้นฐาน,สพป.เชียงใหม่ เขต 3,39,71.79,45.00,27.69,20.06,30.43,24.40,40.00,30.38,38.97,19.19,21.15,18.38,36.17,24.23,43.97,25.03,33.33,36.40,25.64,31.77
2565,25,บ้านปางเฟือง,เชียงดาว,เล็ก,นอกเมือง,สำนักงานคณะกรรมการการศึกษาขั้นพื้นฐาน,สพป.เชียงใหม่ เขต 3,8,75.00,43.30,7.50,13.92,32.24,24.25,32.50,17.14,40.00,20.00,18.75,16.54,36.18,20.25,31.25,14.45,12.50,21.65,18.75,24.21
2565,26,บ้านปางมะเยา,เชียงดาว,กลาง,นอกเมือง,สำนักงานคณะกรรมการการศึกษาขั้นพื้นฐาน,สพป.เชียงใหม่ เขต 3,10,60.00,48.99,16.00,8.00,19.21,22.70,24.00,24.98,32.00,13.27,37.50,16.77,29.21,18.17,39.17,21.35,25.00,25.00,25.00,25.00
2565,27,บ้านเมืองคอง,เชียงดาว,เล็ก,นอกเมือง,สำนักงานคณะกรรมการการศึกษาขั้นพื้นฐาน,สพป.เชียงใหม่ เขต 3,15,80.00,40.00,17.33,12.36,23.86,25.14,29.33,20.48,32.00,12.22,21.67,17.95,35.96,21.57,49.33,19.67,30.00,40.00,20.00,24.49
2565,28,บ้านเมืองนะ,เชียงดาว,กลาง,นอกเมือง,สำนักงานคณะกรรมการการศึกษาขั้นพื้นฐาน,สพป.เชียงใหม่ เขต 3,32,87.50,33.07,18.75,17.98,33.39,23.31,40.62,23.18,40.62,19.03,28.13,20.49,53.37,19.88,48.96,20.27,39.06,36.94,26.56,27.91
2565,29,บ้านแม่กอนใน,เชียงดาว,เล็ก,นอกเมือง,สำนักงานคณะกรรมการการศึกษาขั้นพื้นฐาน,สพป.เชียงใหม่ เขต 3,4,75.00,43.30,10.00,10.00,32.24,25.34,55.00,25.98,20.00,20.00,50.00,30.62,46.05,17.90,61.67,17.36,37.50,41.46,12.50,21.65
2565,30,บ้านแม่นะ,เชียงดาว,กลาง,นอกเมือง,สำนักงานคณะกรรมการการศึกษาขั้นพื้นฐาน,สพป.เชียงใหม่ เขต 3,8,50.00,50.00,12.50,9.68,24.34,15.61,35.00,21.79,30.00,17.32,12.50,17.68,40.13,16.68,63.33,13.28,37.50,33.07,31.25,24.21
2565,31,บ้านหนองเขียว,เชียงดาว,กลาง,นอกเมือง,สำนักงานคณะกรรมการการศึกษาขั้นพื้นฐาน,สพป.เชียงใหม่ เขต 3,30,40.00,48.99,25.33,21.87,31.58,27.53,27.33,21.59,25.33,18.57,26.67,17.00,30.53,21.70,31.28,18.91,28.33,30.78,11.67,21.15
2565,32,บ้านห้วยจะค่าน ตชด.อนุสรณ์,เชียงดาว,กลาง,นอกเมือง,สำนักงานคณะกรรมการการศึกษาขั้นพื้นฐาน,สพป.เชียงใหม่ เขต 3,5,20.00,40.00,28.00,9.80,20.00,27.88,28.00,16.00,48.00,27.13,25.00,22.36,42.63,28.12,36.33,19.07,10.00,20.00,10.00,20.00
2565,33,พัฒนาต้นน้ำขุนคอง,เชียงดาว,เล็ก,นอกเมือง,สำนักงานคณะกรรมการการศึกษาขั้นพื้นฐาน,สพป.เชียงใหม่ เขต 3,8,50.00,50.00,22.50,18.54,35.86,27.41,32.50,17.14,22.50,18.54,25.00,25.00,35.86,18.74,34.79,17.21,50.00,35.36,18.75,34.80
2565,34,มิตรมวลชนเชียงใหม่,เชียงดาว,กลาง,นอกเมือง,สำนักงานคณะกรรมการการศึกษาขั้นพื้นฐาน,สพป.เชียงใหม่ เขต 3,3,66.67,47.14,20.00,16.33,35.96,9.92,20.00,16.33,26.67,18.86,25.00,20.41,37.72,23.57,43.89,18.87,16.67,23.57,33.33,23.57
2565,35,ศีลรวี,เชียงดาว,กลาง,นอกเมือง,สำนักงานคณะกรรมการส่งเสริมการศึกษาเอกชน,-,60,70.00,45.83,21.00,18.77,31.23,21.60,31.33,18.75,29.67,17.32,24.17,20.90,43.95,21.34,39.50,21.66,29.17,34.51,23.33,29.53
2565,36,ศึกษาสงเคราะห์เชียงดาว,เชียงดาว,กลาง,นอกเมือง,สำนักบริหารงานการศึกษาพิเศษ,-,63,39.68,48.92,18.41,17.20,30.58,25.71,30.79,21.33,30.48,18.81,21.03,19.52,35.84,22.25,37.12,21.39,19.84,28.92,28.57,27.77
2565,37,อรุโณทัยวิทยาคม,เชียงดาว,ใหญ่,นอกเมือง,สำนักงานคณะกรรมการการศึกษาขั้นพื้นฐาน,สำนักงานเขตพื้นที่การศึกษามัธยมศึกษาเชียงใหม่,141,41.84,49.33,19.72,19.05,30.50,21.09,30.64,23.53,29.08,19.27,21.63,20.89,30.48,22.22,35.79,19.77,28.37,30.54,24.11,31.29
2565,38,อินทารามวิทยา,เชียงดาว,เล็ก,นอกเมือง,สำนักงานพระพุทธศาสนาแห่งชาติ,กลุ่มโรงเรียนพระปริยัติธรรมฯ กลุ่ม  5,25,64.00,48.00,28.00,25.92,27.89,25.07,30.40,24.74,28.80,20.46,17.00,18.33,50.00,25.94,36.53,21.91,30.00,31.62,26.00,28.71
2565,39,ฉัตรพฤกษ์วิทยา,ไชยปราการ,เล็ก,นอกเมือง,สำนักงานคณะกรรมการส่งเสริมการศึกษาเอกชน,-,8,87.50,33.07,15.00,16.58,25.00,18.33,37.50,29.05,22.50,21.07,15.63,21.42,44.41,15.54,36.88,22.51,37.50,21.65,37.50,33.07
2565,40,ชุมชนวัดศรีดงเย็น,ไชยปราการ,กลาง,นอกเมือง,สำนักงานคณะกรรมการการศึกษาขั้นพื้นฐาน,สพป.เชียงใหม่ เขต 3,23,43.48,49.57,20.00,19.56,26.89,19.71,26.96,20.09,35.65,22.81,22.83,14.58,46.34,28.13,54.86,18.34,34.78,40.20,28.26,28.84
2565,41,ไชยปราการ,ไชยปราการ,กลาง,นอกเมือง,สำนักงานคณะกรรมการการศึกษาขั้นพื้นฐาน,สำนักงานเขตพื้นที่การศึกษามัธยมศึกษาเชียงใหม่,109,56.88,49.52,18.90,17.31,32.38,22.61,33.21,21.37,37.06,23.12,20.18,17.09,33.10,22.61,44.05,22.80,29.36,33.33,27.98,32.08
2565,42,เทศบาล 1 ไชยปราการ,ไชยปราการ,กลาง,นอกเมือง,กรมส่งเสริมการปกครองท้องถิ่น,ท้องถิ่นจังหวัดเชียงใหม่,22,36.36,48.10,21.82,15.85,28.23,22.64,34.55,20.16,32.73,20.49,26.14,20.61,34.69,23.56,35.83,24.26,27.27,24.90,15.91,23.29
2565,43,บ้านปง,ไชยปราการ,เล็ก,นอกเมือง,สำนักงานคณะกรรมการการศึกษาขั้นพื้นฐาน,สพป.เชียงใหม่ เขต 3,7,71.43,45.18,22.86,12.78,25.56,13.76,54.29,25.56,34.29,20.60,25.00,23.15,37.59,27.30,53.57,18.35,50.00,37.80,35.71,34.99
2565,44,บ้านปงตำ,ไชยปราการ,เล็ก,นอกเมือง,สำนักงานคณะกรรมการการศึกษาขั้นพื้นฐาน,สพป.เชียงใหม่ เขต 3,6,66.67,47.14,26.67,18.86,27.63,26.35,36.67,21.34,33.33,14.91,16.67,18.63,16.67,18.77,38.06,22.55,0.00,0.00,41.67,34.36
2565,45,บ้านหัวฝาย,ไชยปราการ,เล็ก,นอกเมือง,สำนักงานคณะกรรมการการศึกษาขั้นพื้นฐาน,สพป.เชียงใหม่ เขต 3,8,87.50,33.07,32.50,22.22,11.51,11.76,32.50,9.68,47.50,31.52,34.38,21.42,39.14,20.15,48.96,27.61,37.50,21.65,25.00,25.00
2565,46,บ้านใหม่หนองบัว,ไชยปราการ,กลาง,นอกเมือง,สำนักงานคณะกรรมการการศึกษาขั้นพื้นฐาน,สพป.เชียงใหม่ เขต 3,68,50.00,50.00,25.59,19.36,25.35,20.14,29.41,20.71,27.65,21.15,24.26,17.66,32.66,24.57,33.85,20.52,23.53,29.04,21.32,30.09
2565,47,บ้านอ่าย,ไชยปราการ,เล็ก,นอกเมือง,สำนักงานคณะกรรมการการศึกษาขั้นพื้นฐาน,สพป.เชียงใหม่ เขต 3,17,76.47,42.42,16.47,15.70,29.57,24.94,35.29,18.82,30.59,18.30,23.53,20.06,16.56,17.77,33.43,16.31,29.41,29.99,26.47,30.28
2565,48,วัดป่าแดง,ไชยปราการ,เล็ก,นอกเมือง,สำนักงานคณะกรรมการการศึกษาขั้นพื้นฐาน,สพป.เชียงใหม่ เขต 3,15,73.33,44.22,17.33,19.14,40.18,25.40,22.67,20.48,33.33,21.50,21.67,17.95,21.40,19.67,39.89,17.65,30.00,30.55,30.00,30.55
2565,49,วัดป่าไม้แดง,ไชยปราการ,เล็ก,นอกเมือง,สำนักงานพระพุทธศาสนาแห่งชาติ,กลุ่มโรงเรียนพระปริยัติธรรมฯ กลุ่ม  5,5,80.00,40.00,12.00,9.80,31.58,19.05,28.00,20.40,36.00,8.00,25.00,15.81,36.84,28.97,30.00,26.60,20.00,24.49,20.00,24.49
2565,50,ดอยเต่าวิทยาคม,ดอยเต่า,กลาง,นอกเมือง,สำนักงานคณะกรรมการการศึกษาขั้นพื้นฐาน,สำนักงานเขตพื้นที่การศึกษามัธยมศึกษาเชียงใหม่,114,59.65,49.06,20.18,17.87,27.29,19.00,34.39,20.94,33.16,21.49,22.37,19.41,37.58,22.80,40.67,23.13,30.26,33.52,25.44,26.69
2565,51,บ้านน้อยห้วยรินวิทยา,ดอยเต่า,เล็ก,นอกเมือง,สำนักงานคณะกรรมการการศึกษาขั้นพื้นฐาน,สพป.เชียงใหม่ เขต 5,8,62.50,48.41,30.00,22.36,28.95,20.47,27.50,28.17,32.50,24.37,28.13,19.52,48.03,11.07,35.83,18.76,6.25,16.54,31.25,24.21
2565,52,บ้านบงตัน,ดอยเต่า,เล็ก,นอกเมือง,สำนักงานคณะกรรมการการศึกษาขั้นพื้นฐาน,สพป.เชียงใหม่ เขต 5,8,62.50,48.41,17.50,18.54,24.34,17.34,52.50,17.14,40.00,10.00,18.75,16.54,49.01,18.09,42.08,27.84,25.00,25.00,18.75,34.80
2565,53,บ้านโปง,ดอยเต่า,เล็ก,นอกเมือง,สำนักงานคณะกรรมการการศึกษาขั้นพื้นฐาน,สพป.เชียงใหม่ เขต 5,18,44.44,49.69,26.67,20.00,15.50,18.63,34.44,23.86,33.33,22.11,23.61,19.49,37.72,25.56,40.93,23.30,36.11,32.51,25.00,34.36
2565,54,บ้านแอ่นจัดสรร,ดอยเต่า,เล็ก,นอกเมือง,สำนักงานคณะกรรมการการศึกษาขั้นพื้นฐาน,สพป.เชียงใหม่ เขต 5,34,52.94,49.91,20.59,17.14,25.08,21.99,29.41,21.27,27.65,22.24,22.79,17.54,34.67,22.78,35.69,18.31,32.35,36.14,22.06,30.17
2565,55,วัดฉิมพลีวิทยา,ดอยเต่า,เล็ก,นอกเมือง,สำนักงานพระพุทธศาสนาแห่งชาติ,กลุ่มโรงเรียนพระปริยัติธรรมฯ กลุ่ม  5,8,62.50,48.41,25.00,19.36,26.97,22.93,40.00,14.14,55.00,13.23,28.13,23.18,15.13,17.29,42.08,19.03,31.25,42.85,25.00,25.00
2565,56,ชลประทานผาแตก,ดอยสะเก็ด,กลาง,นอกเมือง,สำนักงานคณะกรรมการการศึกษาขั้นพื้นฐาน,สพป.เชียงใหม่ เขต 1,36,83.33,37.27,18.33,19.08,29.31,21.39,28.33,21.79,28.33,15.90,27.78,18.43,32.16,21.14,42.31,18.20,40.28,40.52,23.61,27.60
2565,57,ดอยสะเก็ดผดุงศาสน์,ดอยสะเก็ด,เล็ก,นอกเมือง,สำนักงานพระพุทธศาสนาแห่งชาติ,กลุ่มโรงเรียนพระปริยัติธรรมฯ กลุ่ม  5,18,77.78,41.57,18.89,16.96,30.99,18.68,40.00,17.64,22.22,17.50,15.28,18.89,28.07,17.83,40.93,23.57,30.56,33.91,27.78,24.85
2565,58,ดอยสะเก็ดวิทยาคม,ดอยสะเก็ด,กลาง,นอกเมือง,สำนักงานคณะกรรมการการศึกษาขั้นพื้นฐาน,สำนักงานเขตพื้นที่การศึกษามัธยมศึกษาเชียงใหม่,103,65.05,47.68,17.09,17.05,29.18,22.30,29.71,23.95,35.15,22.38,26.46,19.96,31.66,21.85,41.72,22.86,32.52,37.33,26.21,30.25
2565,59,บ้านเชิงดอย(ดอยสะเก็ดศึกษา),ดอยสะเก็ด,กลาง,นอกเมือง,สำนักงานคณะกรรมการการศึกษาขั้นพื้นฐาน,สพป.เชียงใหม่ เขต 1,59,67.80,46.73,17.63,16.50,35.10,23.78,36.61,26.34,36.61,21.83,23.73,18.65,44.78,21.29,45.34,23.44,33.05,35.19,27.12,28.11
2565,60,บ้านตลาดขี้เหล็ก,ดอยสะเก็ด,เล็ก,นอกเมือง,สำนักงานคณะกรรมการการศึกษาขั้นพื้นฐาน,สพป.เชียงใหม่ เขต 1,6,83.33,37.27,16.67,21.34,33.77,19.89,23.33,13.74,50.00,27.69,29.17,17.18,32.89,22.32,42.50,24.85,25.00,25.00,16.67,37.27
2565,61,บ้านป่าไม้แดง,ดอยสะเก็ด,กลาง,นอกเมือง,สำนักงานคณะกรรมการการศึกษาขั้นพื้นฐาน,สพป.เชียงใหม่ เขต 1,15,73.33,44.22,25.33,17.07,38.25,29.57,36.00,19.60,28.00,14.24,23.33,23.21,44.04,23.33,44.67,20.09,33.33,34.96,6.67,17.00
2565,62,บ้านป่าเสร้า,ดอยสะเก็ด,กลาง,นอกเมือง,สำนักงานคณะกรรมการการศึกษาขั้นพื้นฐาน,สพป.เชียงใหม่ เขต 1,20,55.00,49.75,19.00,14.80,15.39,19.86,35.00,24.39,35.00,21.79,27.50,20.77,31.18,14.20,44.17,25.28,45.00,35.00,35.00,27.84
2565,63,บ้านแม่หวาน,ดอยสะเก็ด,เล็ก,นอกเมือง,สำนักงานคณะกรรมการการศึกษาขั้นพื้นฐาน,สพป.เชียงใหม่ เขต 1,4,50.00,50.00,5.00,8.66,42.76,19.46,45.00,16.58,55.00,16.58,31.25,10.83,25.00,17.90,30.83,13.36,12.50,21.65,25.00,25.00
2565,64,เพื่อชีวิตเชียงใหม่,ดอยสะเก็ด,เล็ก,นอกเมือง,สำนักงานคณะกรรมการส่งเสริมการศึกษาเอกชน,-,8,100.00,0.00,12.50,13.92,38.16,17.11,40.00,17.32,37.50,25.37,28.13,23.18,31.25,27.46,50.21,23.96,37.50,41.46,50.00,35.36
2565,65,แม่โป่งประชาสามัคคี,ดอยสะเก็ด,เล็ก,นอกเมือง,สำนักงานคณะกรรมการการศึกษาขั้นพื้นฐาน,สพป.เชียงใหม่ เขต 1,16,75.00,43.30,22.50,18.54,33.06,20.62,35.00,25.00,35.00,20.62,20.31,15.86,53.45,22.07,53.23,20.18,28.13,35.22,21.88,30.46
2565,66,ไมตรีจิตคริสเตียนเชียงใหม่,ดอยสะเก็ด,กลาง,นอกเมือง,สำนักงานคณะกรรมการส่งเสริมการศึกษาเอกชน,-,42,50.00,50.00,20.95,19.00,31.64,20.14,38.57,21.56,30.48,21.93,19.05,21.69,23.93,19.32,41.67,18.94,35.71,34.99,28.57,27.04
2565,67,กรป.กลางอุปถัมภ์,ดอยหล่อ,เล็ก,นอกเมือง,สำนักงานคณะกรรมการการศึกษาขั้นพื้นฐาน,สพป.เชียงใหม่ เขต 4,10,80.00,40.00,18.00,22.72,40.00,20.55,30.00,18.44,32.00,16.00,22.50,17.50,50.53,30.57,31.33,19.83,40.00,43.59,40.00,30.00
2565,68,บ้านสามหลัง,ดอยหล่อ,เล็ก,นอกเมือง,สำนักงานคณะกรรมการการศึกษาขั้นพื้นฐาน,สพป.เชียงใหม่ เขต 4,24,83.33,37.27,18.33,15.18,34.65,17.25,37.50,24.02,32.50,18.09,29.17,21.25,40.35,27.84,40.21,23.80,35.42,26.92,27.08,32.21
2565,69,บ้านเหล่าเป้า,ดอยหล่อ,เล็ก,นอกเมือง,สำนักงานคณะกรรมการการศึกษาขั้นพื้นฐาน,สพป.เชียงใหม่ เขต 4,5,60.00,48.99,16.00,14.97,43.16,11.96,44.00,14.97,24.00,23.32,35.00,20.00,52.63,25.94,51.00,25.96,40.00,37.42,30.00,24.49
2565,70,วัดโขงขาววิทยา,ดอยหล่อ,เล็ก,นอกเมือง,สำนักงานพระพุทธศาสนาแห่งชาติ,กลุ่มโรงเรียนพระปริยัติธรรมฯ กลุ่ม  5,4,75.00,43.30,25.00,21.79,42.76,33.20,35.00,21.79,15.00,25.98,31.25,10.83,19.74,11.84,31.67,24.30,37.50,41.46,12.50,21.65
2565,71,สองแคววิทยาคม,ดอยหล่อ,กลาง,นอกเมือง,สำนักงานคณะกรรมการการศึกษาขั้นพื้นฐาน,สำนักงานเขตพื้นที่การศึกษามัธยมศึกษาเชียงใหม่,81,61.73,48.61,20.74,17.05,31.71,22.62,32.35,21.68,33.83,22.80,21.60,21.78,33.33,23.06,42.45,22.23,29.63,36.66,27.78,30.43
2565,72,สันติสุข,ดอยหล่อ,กลาง,นอกเมือง,สำนักงานคณะกรรมการการศึกษาขั้นพื้นฐาน,สำนักงานเขตพื้นที่การศึกษามัธยมศึกษาเชียงใหม่,47,72.34,44.73,17.87,16.10,30.18,24.88,34.89,22.01,36.17,20.48,21.81,17.58,38.69,23.90,47.70,22.07,23.40,30.69,17.02,23.69
2565,73,เจ้าแม่หลวงอุปถัมภ์ 1,ฝาง,กลาง,นอกเมือง,สำนักงานคณะกรรมการการศึกษาขั้นพื้นฐาน,สพป.เชียงใหม่ เขต 3,31,58.06,49.35,20.65,12.94,31.92,20.33,38.71,23.79,37.42,24.75,20.97,21.15,46.01,24.25,45.38,25.12,43.55,35.34,22.58,27.94
2565,74,ฉือจี้เชียงใหม่,ฝาง,กลาง,นอกเมือง,สำนักงานคณะกรรมการส่งเสริมการศึกษาเอกชน,-,118,65.25,47.62,21.53,18.26,33.83,22.01,43.39,23.62,40.68,21.62,27.12,17.70,41.82,21.20,44.92,22.04,38.56,34.70,22.03,28.78
2565,75,ชุมชนบ้านแม่สูนหลวง,ฝาง,เล็ก,นอกเมือง,สำนักงานคณะกรรมการการศึกษาขั้นพื้นฐาน,สพป.เชียงใหม่ เขต 3,4,25.00,43.30,10.00,17.32,42.76,12.53,50.00,22.36,45.00,16.58,12.50,12.50,37.50,19.64,30.83,18.62,62.50,41.46,37.50,41.46
2565,76,เทพศิรินทร์๙โครงการหลวงในพระบรมราชูปถัมภ์,ฝาง,เล็ก,นอกเมือง,สำนักงานคณะกรรมการการศึกษาขั้นพื้นฐาน,สพป.เชียงใหม่ เขต 3,10,50.00,50.00,26.00,12.81,33.16,20.15,30.00,24.08,28.00,16.00,35.00,22.91,23.42,17.39,44.67,21.52,20.00,24.49,15.00,22.91
2565,77,บ้านต้นผึ้ง,ฝาง,เล็ก,นอกเมือง,สำนักงานคณะกรรมการการศึกษาขั้นพื้นฐาน,สพป.เชียงใหม่ เขต 3,11,72.73,44.54,25.45,21.05,27.27,19.48,50.91,23.14,32.73,23.00,27.27,16.70,42.58,27.57,38.18,9.78,36.36,37.48,36.36,30.83
2565,78,บ้านทุ่งหลุก,ฝาง,เล็ก,นอกเมือง,สำนักงานคณะกรรมการการศึกษาขั้นพื้นฐาน,สพป.เชียงใหม่ เขต 3,8,87.50,33.07,12.50,13.92,32.57,9.57,37.50,18.54,47.50,19.84,21.88,14.99,34.54,14.26,52.50,25.87,50.00,35.36,43.75,29.97
2565,79,บ้านปางปอย,ฝาง,กลาง,นอกเมือง,สำนักงานคณะกรรมการการศึกษาขั้นพื้นฐาน,สพป.เชียงใหม่ เขต 3,28,60.71,48.84,20.71,16.46,21.52,19.02,31.43,22.95,38.57,19.22,28.57,19.72,34.59,23.20,43.63,21.41,26.79,38.92,25.00,31.34
2565,80,บ้านปางสัก,ฝาง,เล็ก,นอกเมือง,สำนักงานคณะกรรมการการศึกษาขั้นพื้นฐาน,สพป.เชียงใหม่ เขต 3,11,63.64,48.10,25.45,21.05,18.90,22.77,38.18,23.28,30.91,23.14,15.91,12.03,19.38,16.92,31.82,17.18,50.00,30.15,18.18,24.05
2565,81,บ้านโป่งนก,ฝาง,กลาง,นอกเมือง,สำนักงานคณะกรรมการการศึกษาขั้นพื้นฐาน,สพป.เชียงใหม่ เขต 3,12,33.33,47.14,16.67,13.74,19.74,18.53,36.67,19.72,35.00,14.43,14.58,18.98,44.08,17.16,48.47,18.92,33.33,23.57,33.33,37.27
2565,82,บ้านม่วงชุม,ฝาง,กลาง,นอกเมือง,สำนักงานคณะกรรมการการศึกษาขั้นพื้นฐาน,สพป.เชียงใหม่ เขต 3,41,82.93,37.63,20.00,17.67,25.99,21.57,32.68,20.60,36.10,18.85,27.44,22.64,31.96,26.49,43.82,20.96,24.39,29.47,19.51,26.77
2565,83,บ้านม่อนปิ่น,ฝาง,กลาง,นอกเมือง,สำนักงานคณะกรรมการการศึกษาขั้นพื้นฐาน,สพป.เชียงใหม่ เขต 3,12,58.33,49.30,13.33,12.47,31.58,25.36,38.33,20.75,35.00,16.58,12.50,19.09,36.62,18.12,50.28,17.94,33.33,31.18,25.00,25.00
2565,84,บ้านแม่ข่า,ฝาง,กลาง,นอกเมือง,สำนักงานคณะกรรมการการศึกษาขั้นพื้นฐาน,สพป.เชียงใหม่ เขต 3,24,70.83,45.45,22.50,16.65,31.91,21.73,28.33,23.03,24.17,20.80,16.67,13.82,36.51,20.16,37.71,19.65,18.75,24.21,33.33,31.18
2565,85,บ้านแม่คะ,ฝาง,กลาง,นอกเมือง,สำนักงานคณะกรรมการการศึกษาขั้นพื้นฐาน,สพป.เชียงใหม่ เขต 3,22,50.00,50.00,18.18,14.66,24.40,18.98,33.64,16.39,33.64,25.86,25.00,18.46,33.49,24.75,35.98,20.71,29.55,32.54,20.45,28.84
2565,86,บ้านแม่งอนขี้เหล็ก,ฝาง,กลาง,นอกเมือง,กรมส่งเสริมการปกครองท้องถิ่น,ท้องถิ่นจังหวัดเชียงใหม่,32,71.87,44.96,20.00,16.58,25.16,20.65,28.75,25.46,33.12,18.45,20.31,14.57,28.04,24.37,37.40,22.51,35.94,35.87,26.56,30.58
2565,87,บ้านล้องอ้อ,ฝาง,เล็ก,นอกเมือง,กรมส่งเสริมการปกครองท้องถิ่น,ท้องถิ่นจังหวัดเชียงใหม่,20,65.00,47.70,21.00,16.09,24.74,20.44,29.00,17.29,31.00,22.34,21.25,18.16,29.74,15.21,40.08,22.52,17.50,28.61,22.50,24.87
2565,88,บ้านเวียงฝาง,ฝาง,ใหญ่,นอกเมือง,สำนักงานคณะกรรมการการศึกษาขั้นพื้นฐาน,สพป.เชียงใหม่ เขต 3,35,77.14,41.99,12.00,12.83,30.30,23.44,37.71,25.19,32.00,23.03,24.29,19.35,40.53,24.40,53.00,24.34,31.43,37.96,24.29,24.99
2565,89,บ้านสันทรายคองน้อย,ฝาง,กลาง,นอกเมือง,สำนักงานคณะกรรมการการศึกษาขั้นพื้นฐาน,สพป.เชียงใหม่ เขต 3,26,80.77,39.41,25.38,18.86,28.64,25.04,33.08,17.49,25.38,15.25,20.19,19.64,51.52,22.01,52.56,19.56,40.38,34.02,25.00,28.59
2565,90,บ้านสันป่าแดง,ฝาง,เล็ก,นอกเมือง,สำนักงานคณะกรรมการการศึกษาขั้นพื้นฐาน,สพป.เชียงใหม่ เขต 3,11,90.91,28.75,21.82,18.00,27.51,15.19,45.45,21.05,45.45,17.25,18.18,15.41,49.76,20.02,45.61,24.76,40.91,35.79,27.27,24.90
2565,91,บ้านหลวง,ฝาง,กลาง,นอกเมือง,สำนักงานคณะกรรมการการศึกษาขั้นพื้นฐาน,สพป.เชียงใหม่ เขต 3,32,53.12,49.90,21.25,15.76,25.58,21.14,27.50,19.84,33.75,20.88,25.78,21.18,37.66,23.84,38.80,23.07,26.56,35.32,29.69,32.74
2565,92,บ้านห้วยงูกลาง,ฝาง,เล็ก,นอกเมือง,สำนักงานคณะกรรมการการศึกษาขั้นพื้นฐาน,สพป.เชียงใหม่ เขต 3,13,84.62,36.08,7.69,9.73,37.04,16.40,49.23,25.56,38.46,19.94,25.00,16.98,52.43,24.37,38.59,17.88,50.00,33.97,38.46,28.78
2565,93,บ้านห้วยหมากเลี่ยม,ฝาง,กลาง,นอกเมือง,สำนักงานคณะกรรมการการศึกษาขั้นพื้นฐาน,สพป.เชียงใหม่ เขต 3,24,41.67,49.30,23.33,18.86,31.80,15.77,25.83,21.20,31.67,17.24,23.96,19.74,30.37,24.86,43.68,18.84,25.00,32.27,16.67,23.57
2565,94,บ้านห้วยเฮี่ยน,ฝาง,เล็ก,นอกเมือง,สำนักงานคณะกรรมการการศึกษาขั้นพื้นฐาน,สพป.เชียงใหม่ เขต 3,8,62.50,48.41,25.00,13.23,30.59,21.90,32.50,33.07,35.00,27.84,25.00,12.50,25.00,16.70,54.58,15.56,25.00,25.00,31.25,24.21
2565,95,บ้านเหมืองแร่,ฝาง,กลาง,นอกเมือง,สำนักงานคณะกรรมการการศึกษาขั้นพื้นฐาน,สพป.เชียงใหม่ เขต 3,28,39.29,48.84,16.43,17.77,25.38,21.84,22.86,15.78,32.86,25.19,19.64,15.46,31.02,23.13,38.99,21.36,37.50,34.40,23.21,31.29
2565,96,ฝางชนูปถัมภ์,ฝาง,ใหญ่,นอกเมือง,สำนักงานคณะกรรมการการศึกษาขั้นพื้นฐาน,สำนักงานเขตพื้นที่การศึกษามัธยมศึกษาเชียงใหม่,192,61.46,48.67,19.37,18.36,33.94,20.40,33.54,21.89,35.00,21.79,21.48,18.85,36.47,23.57,38.75,23.70,29.69,33.91,24.22,27.47
2565,97,ฝางธรรมศึกษา,ฝาง,เล็ก,นอกเมือง,สำนักงานพระพุทธศาสนาแห่งชาติ,กลุ่มโรงเรียนพระปริยัติธรรมฯ กลุ่ม  5,21,52.38,49.94,22.86,18.81,21.43,23.33,38.10,25.38,28.57,20.07,17.86,17.50,30.83,25.23,35.24,17.75,21.43,29.16,11.90,21.30
2565,98,รังษีวิทยา,ฝาง,ใหญ่พิเศษ,นอกเมือง,สำนักงานคณะกรรมการส่งเสริมการศึกษาเอกชน,-,162,74.07,43.82,21.98,19.14,38.65,25.20,46.67,24.24,39.14,21.81,24.54,19.73,51.85,22.90,51.32,24.19,37.65,33.36,28.70,30.33
2565,99,รัตนาเอื้อวิทยา,ฝาง,ใหญ่,นอกเมือง,สำนักงานคณะกรรมการส่งเสริมการศึกษาเอกชน,-,85,72.94,44.43,17.41,19.11,33.87,20.23,43.06,23.67,36.71,20.54,21.76,20.93,43.16,21.05,47.41,23.37,35.88,35.66,24.71,28.31
2565,100,วัดเจดีย์งามปริยัติวิทยา,ฝาง,เล็ก,นอกเมือง,สำนักงานพระพุทธศาสนาแห่งชาติ,กลุ่มโรงเรียนพระปริยัติธรรมฯ กลุ่ม  5,7,71.43,45.18,20.00,15.12,22.56,18.33,34.29,17.61,25.71,20.60,14.29,12.37,26.69,22.08,20.71,15.81,28.57,36.42,42.86,17.50
2565,101,วัดนันทาราม,ฝาง,กลาง,นอกเมือง,สำนักงานคณะกรรมการการศึกษาขั้นพื้นฐาน,สพป.เชียงใหม่ เขต 3,13,38.46,48.65,20.00,26.02,27.94,20.61,32.31,21.54,43.08,20.53,38.46,18.64,22.27,20.63,49.62,23.20,30.77,24.33,30.77,31.25
2565,102,วัดพระบาทอุดม,ฝาง,เล็ก,นอกเมือง,สำนักงานพระพุทธศาสนาแห่งชาติ,กลุ่มโรงเรียนพระปริยัติธรรมฯ กลุ่ม  5,25,72.00,44.90,15.20,19.00,25.79,25.33,34.40,22.29,29.60,19.69,19.00,17.72,31.89,29.93,39.87,20.03,28.00,34.87,30.00,34.64
2565,103,สายอักษร,ฝาง,กลาง,นอกเมือง,สำนักงานคณะกรรมการส่งเสริมการศึกษาเอกชน,-,39,74.36,43.67,20.00,18.67,35.49,25.63,36.41,21.66,35.38,20.98,22.44,16.79,35.83,20.28,42.48,22.55,26.92,31.72,17.95,23.98
2565,104,เขื่อนผากวิทยา,พร้าว,เล็ก,นอกเมือง,สำนักงานพระพุทธศาสนาแห่งชาติ,กลุ่มโรงเรียนพระปริยัติธรรมฯ กลุ่ม  5,5,80.00,40.00,36.00,23.32,25.79,22.97,20.00,17.89,32.00,27.13,30.00,18.71,52.63,20.72,32.67,22.43,30.00,24.49,50.00,0.00
2565,105,ชุมชนบ้านโป่ง,พร้าว,เล็ก,นอกเมือง,สำนักงานคณะกรรมการการศึกษาขั้นพื้นฐาน,สพป.เชียงใหม่ เขต 2,10,70.00,45.83,18.00,14.00,23.68,19.09,24.00,17.44,44.00,19.60,22.50,20.77,36.05,24.09,31.33,22.30,35.00,32.02,15.00,22.91
2565,106,บ้านนาบุญโหล่งขอด,พร้าว,เล็ก,นอกเมือง,สำนักงานคณะกรรมการการศึกษาขั้นพื้นฐาน,สพป.เชียงใหม่ เขต 2,9,88.89,31.43,15.56,20.61,52.34,23.71,42.22,14.74,42.22,14.74,22.22,18.43,56.73,18.94,56.85,15.18,55.56,28.33,33.33,23.57
2565,107,บ้านแม่ปั๋ง,พร้าว,เล็ก,นอกเมือง,สำนักงานคณะกรรมการการศึกษาขั้นพื้นฐาน,สพป.เชียงใหม่ เขต 2,4,25.00,43.30,30.00,17.32,25.00,25.00,40.00,14.14,50.00,10.00,12.50,12.50,25.00,32.31,46.67,11.73,50.00,35.36,25.00,25.00
2565,108,บ้านแม่ปาคี,พร้าว,เล็ก,นอกเมือง,สำนักงานคณะกรรมการการศึกษาขั้นพื้นฐาน,สพป.เชียงใหม่ เขต 2,15,60.00,48.99,17.33,14.36,26.32,24.48,36.00,22.15,36.00,24.44,18.33,19.29,33.68,22.40,40.67,22.96,26.67,30.91,16.67,23.57
2565,109,บ้านแม่เหียะ,พร้าว,เล็ก,นอกเมือง,สำนักงานคณะกรรมการการศึกษาขั้นพื้นฐาน,สพป.เชียงใหม่ เขต 2,13,61.54,48.65,16.92,17.27,34.21,19.34,41.54,22.82,40.00,24.81,19.23,22.26,44.74,23.92,42.69,15.20,26.92,24.93,30.77,24.33
2565,110,บ้านสันกลาง,พร้าว,เล็ก,นอกเมือง,สำนักงานคณะกรรมการการศึกษาขั้นพื้นฐาน,สพป.เชียงใหม่ เขต 2,8,62.50,48.41,30.00,17.32,34.87,24.89,27.50,24.37,32.50,22.22,15.63,21.42,52.30,28.20,55.63,21.34,37.50,41.46,25.00,35.36
2565,111,บ้านสันปง,พร้าว,เล็ก,นอกเมือง,สำนักงานคณะกรรมการการศึกษาขั้นพื้นฐาน,สพป.เชียงใหม่ เขต 2,4,100.00,0.00,15.00,16.58,19.74,21.09,35.00,8.66,50.00,17.32,25.00,17.68,33.55,12.81,35.42,13.14,25.00,25.00,12.50,21.65
2565,112,บ้านหนองปิด,พร้าว,เล็ก,นอกเมือง,สำนักงานคณะกรรมการการศึกษาขั้นพื้นฐาน,สพป.เชียงใหม่ เขต 2,7,100.00,0.00,14.29,20.60,49.25,12.08,37.14,22.50,17.14,19.79,28.57,24.74,30.45,12.65,47.38,20.29,21.43,24.74,21.43,24.74
2565,113,พร้าวบูรพา,พร้าว,เล็ก,นอกเมือง,สำนักงานคณะกรรมการการศึกษาขั้นพื้นฐาน,สพป.เชียงใหม่ เขต 2,9,77.78,41.57,17.78,17.50,25.44,31.26,26.67,23.09,26.67,21.08,13.89,12.42,37.43,20.41,42.78,14.80,16.67,23.57,16.67,33.33
2565,114,โรงเรียนพร้าววิทยาคม,พร้าว,ใหญ่,นอกเมือง,สำนักงานคณะกรรมการการศึกษาขั้นพื้นฐาน,สำนักงานเขตพื้นที่การศึกษามัธยมศึกษาเชียงใหม่,148,65.54,47.52,20.81,18.44,27.99,22.27,37.57,23.35,40.00,23.37,22.13,19.17,31.31,21.40,41.40,23.14,40.54,35.04,26.35,29.32
2565,115,สหกรณ์ดำริ,พร้าว,เล็ก,นอกเมือง,สำนักงานคณะกรรมการการศึกษาขั้นพื้นฐาน,สพป.เชียงใหม่ เขต 2,13,69.23,46.15,12.31,9.73,40.28,15.77,35.38,17.81,46.15,21.32,28.85,21.59,33.40,23.20,34.10,21.28,34.62,30.28,50.00,39.22
2565,116,กสิณธร เซนต์เจมส์ เชียงใหม่,เมืองเชียงใหม่,เล็ก,ในเมือง,สำนักงานคณะกรรมการส่งเสริมการศึกษาเอกชน,-,6,33.33,47.14,30.00,19.15,29.82,25.45,30.00,22.36,36.67,7.45,29.17,9.32,21.05,12.15,46.11,18.95,33.33,37.27,8.33,18.63
2565,117,กาวิละวิทยาลัย,เมืองเชียงใหม่,ใหญ่,ในเมือง,สำนักงานคณะกรรมการการศึกษาขั้นพื้นฐาน,สำนักงานเขตพื้นที่การศึกษามัธยมศึกษาเชียงใหม่,54,66.67,47.14,15.56,16.63,28.85,20.08,41.85,22.86,37.41,21.79,21.76,18.03,44.88,25.57,50.96,22.58,31.48,37.63,30.56,31.06
2565,118,โกวิทธำรงเชียงใหม่,เมืองเชียงใหม่,ใหญ่,ในเมือง,สำนักงานคณะกรรมการส่งเสริมการศึกษาเอกชน,-,85,75.29,43.13,22.59,19.83,33.28,23.27,36.71,22.93,38.12,22.25,22.65,17.42,38.08,19.95,50.00,23.50,37.65,35.90,26.47,30.28
2565,119,ขาลสุวรรณอนุสรณ์,เมืองเชียงใหม่,กลาง,ในเมือง,สำนักงานคณะกรรมการส่งเสริมการศึกษาเอกชน,-,10,70.00,45.83,30.00,22.36,34.47,10.42,20.00,12.65,28.00,18.33,12.50,12.50,26.32,24.85,27.33,15.51,30.00,24.49,20.00,24.49
2565,120,จิตราวิทยา,เมืองเชียงใหม่,ใหญ่,ในเมือง,สำนักงานคณะกรรมการส่งเสริมการศึกษาเอกชน,-,96,67.71,46.76,18.96,16.92,27.96,20.98,38.33,23.39,35.42,22.82,23.18,19.51,45.83,22.95,46.37,23.48,29.69,32.74,20.83,28.57
2565,121,ชุมชนเทศบาลวัดศรีดอนไชย,เมืองเชียงใหม่,กลาง,ในเมือง,กรมส่งเสริมการปกครองท้องถิ่น,ท้องถิ่นจังหวัดเชียงใหม่,32,81.25,39.03,21.87,14.46,34.29,23.98,43.12,24.55,33.75,19.65,21.88,20.49,42.52,20.36,46.98,19.81,26.56,27.91,32.81,29.61
2565,122,ชุมชนบ้านบวกครกน้อย,เมืองเชียงใหม่,กลาง,ในเมือง,สำนักงานคณะกรรมการการศึกษาขั้นพื้นฐาน,สพป.เชียงใหม่ เขต 1,33,78.79,40.88,25.45,20.46,46.01,16.04,43.03,18.50,39.39,19.99,21.21,20.52,49.76,22.94,47.98,26.82,40.91,31.27,24.24,32.85
2565,123,ชุมชนวัดท่าเดื่อ,เมืองเชียงใหม่,เล็ก,ในเมือง,สำนักงานคณะกรรมการการศึกษาขั้นพื้นฐาน,สพป.เชียงใหม่ เขต 1,22,68.18,46.58,24.55,19.94,35.77,27.47,38.18,25.52,23.64,17.72,21.59,17.35,33.85,23.81,44.32,26.27,31.82,32.14,18.18,32.14
2565,124,เชตุพนศึกษา,เมืองเชียงใหม่,เล็ก,ในเมือง,สำนักงานพระพุทธศาสนาแห่งชาติ,กลุ่มโรงเรียนพระปริยัติธรรมฯ กลุ่ม  5,46,63.04,48.27,21.30,19.74,35.13,23.00,33.04,23.30,33.91,20.37,22.28,20.34,37.59,23.64,40.80,23.97,30.43,32.10,27.17,28.94
2565,125,เชียงใหม่คริสเตียน,เมืองเชียงใหม่,ใหญ่,ในเมือง,สำนักงานคณะกรรมการส่งเสริมการศึกษาเอกชน,-,131,76.34,42.50,22.90,19.32,30.86,22.86,34.66,22.76,35.57,19.81,23.66,18.61,40.06,24.41,40.64,25.51,37.79,38.13,25.19,26.48
2565,126,ดาราวิทยาลัย,เมืองเชียงใหม่,ใหญ่พิเศษ,ในเมือง,สำนักงานคณะกรรมการส่งเสริมการศึกษาเอกชน,-,143,68.53,46.44,22.52,19.05,41.30,22.60,48.53,26.50,39.72,24.00,21.33,18.22,46.98,24.67,51.81,21.95,41.61,34.98,29.72,29.11
2565,127,เทพบดินทร์วิทยาเชียงใหม่,เมืองเชียงใหม่,ใหญ่,ในเมือง,สำนักงานคณะกรรมการส่งเสริมการศึกษาเอกชน,-,184,68.48,46.46,20.00,18.42,32.67,22.81,36.20,24.24,35.98,21.95,23.91,19.30,34.78,24.90,41.30,20.79,29.89,34.63,22.28,26.95
2565,128,เทศบาลวัดท่าสะต๋อย,เมืองเชียงใหม่,กลาง,ในเมือง,กรมส่งเสริมการปกครองท้องถิ่น,ท้องถิ่นจังหวัดเชียงใหม่,38,63.16,48.24,24.21,17.86,30.89,21.24,38.42,20.20,33.16,21.16,24.34,15.69,38.02,24.74,36.71,18.16,32.89,36.77,23.68,27.47
2565,129,เทศบาลวัดศรีปิงเมือง,เมืองเชียงใหม่,กลาง,ในเมือง,กรมส่งเสริมการปกครองท้องถิ่น,ท้องถิ่นจังหวัดเชียงใหม่,24,54.17,49.83,24.17,17.30,38.82,19.97,35.83,22.35,39.17,22.72,22.92,20.31,39.91,21.47,46.74,25.16,31.25,28.18,27.08,32.21
2565,130,ธรรมเมธีศึกษา,เมืองเชียงใหม่,เล็ก,ในเมือง,สำนักงานพระพุทธศาสนาแห่งชาติ,กลุ่มโรงเรียนพระปริยัติธรรมฯ กลุ่ม  5,11,63.64,48.10,21.82,19.92,35.65,27.49,30.91,13.11,27.27,24.53,15.91,16.07,22.01,25.05,37.12,24.81,31.82,38.57,22.73,24.90
2565,131,ธรรมราชศึกษา,เมืองเชียงใหม่,กลาง,ในเมือง,สำนักงานคณะกรรมการส่งเสริมการศึกษาเอกชน,-,52,61.54,48.65,15.77,15.85,27.43,19.21,46.15,22.37,36.92,20.53,22.12,16.74,38.97,25.02,45.06,21.45,28.85,33.03,21.15,24.70
2565,132,บ้านดอนปิน,เมืองเชียงใหม่,เล็ก,ในเมือง,สำนักงานคณะกรรมการการศึกษาขั้นพื้นฐาน,สพป.เชียงใหม่ เขต 1,36,47.22,49.92,25.00,18.48,24.85,21.11,36.11,19.90,33.89,22.02,31.25,25.26,44.88,24.48,32.96,21.26,16.67,26.35,25.00,30.05
2565,133,บ้านโป่งน้อย,เมืองเชียงใหม่,กลาง,ในเมือง,สำนักงานคณะกรรมการการศึกษาขั้นพื้นฐาน,สพป.เชียงใหม่ เขต 1,31,54.84,49.77,20.00,20.95,27.42,24.69,37.42,21.99,36.13,18.61,22.58,19.42,24.36,18.64,49.46,22.60,24.19,33.29,29.03,33.05
2565,134,บาลีสาธิตศึกษา มจร.,เมืองเชียงใหม่,กลาง,ในเมือง,สำนักงานพระพุทธศาสนาแห่งชาติ,กลุ่มโรงเรียนพระปริยัติธรรมฯ กลุ่ม  5,43,55.81,49.66,18.60,16.37,25.15,21.58,26.05,20.02,31.16,22.12,25.58,22.55,27.05,23.70,36.86,21.04,20.93,29.00,25.58,29.28
2565,135,ปรินส์รอยแยลส์วิทยาลัย,เมืองเชียงใหม่,ใหญ่พิเศษ,ในเมือง,สำนักงานคณะกรรมการส่งเสริมการศึกษาเอกชน,-,529,86.01,34.69,31.57,21.18,49.67,20.10,53.61,24.89,48.92,22.62,27.27,21.62,49.45,22.76,57.34,23.68,53.50,36.66,33.46,30.37
2565,136,พระหฤทัยเชียงใหม่,เมืองเชียงใหม่,ใหญ่,ในเมือง,สำนักงานคณะกรรมการส่งเสริมการศึกษาเอกชน,-,117,64.10,47.97,18.29,17.65,38.98,21.39,45.64,22.47,34.70,19.46,26.50,19.14,51.44,21.45,46.03,23.43,32.48,34.17,25.21,26.65
2565,137,พิงครัตน์,เมืองเชียงใหม่,เล็ก,ในเมือง,สำนักงานคณะกรรมการส่งเสริมการศึกษาเอกชน,-,18,77.78,41.57,25.56,14.61,34.21,18.55,44.44,21.66,37.78,22.99,27.78,16.43,47.08,15.59,60.74,23.14,44.44,43.74,22.22,34.25
2565,138,มงฟอร์ตวิทยาลัย แผนกมัธยม,เมืองเชียงใหม่,ใหญ่พิเศษ,ในเมือง,สำนักงานคณะกรรมการส่งเสริมการศึกษาเอกชน,-,172,77.91,41.49,30.93,24.05,50.98,23.11,56.86,24.91,52.67,23.12,30.67,21.75,56.30,26.22,56.82,23.63,52.03,35.50,37.50,28.59
2565,139,เมตตาศึกษา,เมืองเชียงใหม่,กลาง,ในเมือง,สำนักงานคณะกรรมการส่งเสริมการศึกษาเอกชน,-,42,80.95,39.27,20.48,14.13,37.34,27.84,45.71,27.00,35.24,21.30,27.38,17.94,27.26,19.84,45.52,24.11,39.29,33.69,30.95,30.77
2565,140,ยุพราชวิทยาลัย,เมืองเชียงใหม่,ใหญ่พิเศษ,ในเมือง,สำนักงานคณะกรรมการการศึกษาขั้นพื้นฐาน,สำนักงานเขตพื้นที่การศึกษามัธยมศึกษาเชียงใหม่,538,83.83,36.82,23.68,18.99,44.32,21.22,50.78,24.75,42.42,21.87,26.07,20.22,45.46,22.30,53.60,22.07,47.77,36.39,31.13,28.63
2565,141,เรยีนาเชลีวิทยาลัย,เมืองเชียงใหม่,ใหญ่,ในเมือง,สำนักงานคณะกรรมการส่งเสริมการศึกษาเอกชน,-,133,74.44,43.62,25.71,20.46,41.20,23.61,45.41,22.63,43.61,22.32,25.19,20.45,50.85,22.44,50.45,22.29,42.86,36.86,25.56,27.84
2565,142,วชิรวิทย์ เชียงใหม่,เมืองเชียงใหม่,กลาง,ในเมือง,สำนักงานคณะกรรมการส่งเสริมการศึกษาเอกชน,-,3,100.00,0.00,33.33,9.43,45.61,12.22,60.00,28.28,33.33,9.43,16.67,23.57,57.02,15.84,56.11,22.87,33.33,23.57,16.67,23.57
2565,143,วัฒโนทัยพายัพ,เมืองเชียงใหม่,ใหญ่พิเศษ,ในเมือง,สำนักงานคณะกรรมการการศึกษาขั้นพื้นฐาน,สำนักงานเขตพื้นที่การศึกษามัธยมศึกษาเชียงใหม่,460,73.70,44.03,20.13,18.25,36.39,22.44,43.96,22.01,38.04,21.15,23.64,20.71,37.34,23.22,47.08,22.30,38.15,35.45,24.67,27.68
2565,144,วัดช่างเคี่ยน,เมืองเชียงใหม่,กลาง,ในเมือง,สำนักงานคณะกรรมการการศึกษาขั้นพื้นฐาน,สพป.เชียงใหม่ เขต 1,24,54.17,49.83,17.50,15.61,33.00,20.36,31.67,19.08,44.17,19.13,20.83,17.18,24.45,22.02,35.83,18.63,20.83,24.65,22.92,28.79
2565,145,วัดดอนจั่น,เมืองเชียงใหม่,กลาง,ในเมือง,สำนักงานคณะกรรมการการศึกษาขั้นพื้นฐาน,สพป.เชียงใหม่ เขต 1,25,48.00,49.96,22.40,17.27,16.63,19.88,32.80,25.22,24.80,15.26,24.00,16.55,21.89,20.12,23.27,16.07,26.00,32.00,24.00,32.00
2565,146,วัดวังสิงห์คำ,เมืองเชียงใหม่,เล็ก,ในเมือง,สำนักงานคณะกรรมการการศึกษาขั้นพื้นฐาน,สพป.เชียงใหม่ เขต 1,13,61.54,48.65,24.62,20.98,38.06,19.84,30.77,26.74,20.00,17.54,21.15,21.59,40.28,23.99,38.21,21.52,53.85,36.49,3.85,13.32
2565,147,วารีเชียงใหม่,เมืองเชียงใหม่,ใหญ่พิเศษ,ในเมือง,สำนักงานคณะกรรมการส่งเสริมการศึกษาเอกชน,-,62,83.87,36.78,26.77,17.94,41.38,19.91,44.84,26.32,37.10,21.20,23.39,19.51,39.77,19.11,50.89,22.94,47.58,34.11,29.03,30.52
2565,148,วิชัยวิทยา,เมืองเชียงใหม่,กลาง,ในเมือง,สำนักงานคณะกรรมการส่งเสริมการศึกษาเอกชน,-,19,89.47,30.69,28.42,19.81,41.27,23.89,62.11,15.75,52.63,23.58,21.05,16.75,51.94,19.30,58.86,17.81,68.42,29.07,28.95,29.54
2565,149,วิทยาลัยนาฎศิลปเชียงใหม่,เมืองเชียงใหม่,กลาง,ในเมือง,สถาบันบัณฑิตพัฒนศิลป์ (ปวช.),-,41,56.10,49.63,17.07,15.02,26.25,20.64,33.17,20.53,37.56,21.73,25.00,18.31,32.99,20.84,41.10,22.90,28.05,33.22,24.39,31.47
2565,150,สมเด็จพระพุทธชินวงศ์,เมืองเชียงใหม่,กลาง,ในเมือง,สำนักงานพระพุทธศาสนาแห่งชาติ,กลุ่มโรงเรียนพระปริยัติธรรมฯ กลุ่ม  5,40,40.00,48.99,19.00,16.09,20.53,20.04,25.50,23.23,26.00,21.54,20.63,16.67,23.82,25.04,34.83,19.39,25.00,27.39,22.50,31.52
2565,151,สังวาลย์วิทยา,เมืองเชียงใหม่,เล็ก,ในเมือง,สำนักงานคณะกรรมการการศึกษาขั้นพื้นฐาน,สพป.เชียงใหม่ เขต 1,4,50.00,50.00,10.00,10.00,26.97,17.79,50.00,22.36,30.00,22.36,31.25,20.73,56.58,14.47,59.17,18.80,50.00,35.36,25.00,25.00
2565,152,สันติศึกษา,เมืองเชียงใหม่,เล็ก,ในเมือง,สำนักงานคณะกรรมการส่งเสริมการศึกษาเอกชน,-,7,85.71,34.99,20.00,10.69,51.13,21.97,34.29,23.21,25.71,25.56,25.00,13.36,35.34,16.99,42.86,30.09,21.43,24.74,28.57,24.74
2565,153,สาธิตมหาวิทยาลัยเชียงใหม่,เมืองเชียงใหม่,ใหญ่,ในเมือง,สำนักงานปลัดกระทรวงการอุดมศึกษาฯ,-,214,84.11,36.56,30.84,21.14,53.46,21.21,58.32,23.62,51.31,22.15,27.69,22.32,44.59,22.83,59.57,22.21,55.84,35.20,35.51,32.07
2565,154,สามัคคีวิทยาทาน,เมืองเชียงใหม่,เล็ก,ในเมือง,สำนักงานพระพุทธศาสนาแห่งชาติ,กลุ่มโรงเรียนพระปริยัติธรรมฯ กลุ่ม  5,33,63.64,48.10,17.58,15.38,26.24,18.67,37.58,22.97,27.27,24.53,18.94,18.49,26.40,26.53,41.31,19.44,28.79,30.23,25.76,27.86
2565,155,สารสาสน์วิเทศเชียงใหม่,เมืองเชียงใหม่,ใหญ่,ในเมือง,สำนักงานคณะกรรมการส่งเสริมการศึกษาเอกชน,-,31,70.97,45.39,20.65,16.45,42.70,21.09,49.03,23.19,41.29,26.36,28.23,20.81,52.38,22.81,47.90,21.95,35.48,28.94,24.19,28.03
2565,156,สารสาสน์วิเทศล้านนา,เมืองเชียงใหม่,ใหญ่,ในเมือง,สำนักงานคณะกรรมการส่งเสริมการศึกษาเอกชน,-,35,68.57,46.42,12.57,13.59,33.38,24.16,31.43,21.53,28.00,22.01,22.14,20.50,35.71,22.64,49.57,24.10,37.14,41.99,27.14,32.39
2565,157,โสตศึกษาอนุสารสุนทร,เมืองเชียงใหม่,เล็ก,ในเมือง,สำนักบริหารงานการศึกษาพิเศษ,-,0,-,-,-,-,-,-,-,-,-,-,-,-,-,-,-,-,-,-,-,-
2565,158,หอพระ,เมืองเชียงใหม่,กลาง,ในเมือง,สำนักงานคณะกรรมการการศึกษาขั้นพื้นฐาน,สำนักงานเขตพื้นที่การศึกษามัธยมศึกษาเชียงใหม่,81,69.14,46.19,19.75,16.78,34.28,23.49,34.32,23.36,32.84,23.79,25.62,21.86,39.64,24.67,41.79,23.21,24.69,30.55,26.54,30.52
2565,159,อนุบาลหนองป่าครั่ง,เมืองเชียงใหม่,เล็ก,ในเมือง,กรมส่งเสริมการปกครองท้องถิ่น,ท้องถิ่นจังหวัดเชียงใหม่,9,88.89,31.43,22.22,6.29,50.29,17.43,35.56,24.55,24.44,22.66,13.89,12.42,45.91,17.81,47.59,22.87,27.78,34.25,38.89,39.28
2565,160,อภัยอริยศึกษา,เมืองเชียงใหม่,เล็ก,ในเมือง,สำนักงานพระพุทธศาสนาแห่งชาติ,กลุ่มโรงเรียนพระปริยัติธรรมฯ กลุ่ม  5,10,50.00,50.00,28.00,18.33,28.68,28.40,24.00,14.97,16.00,12.00,32.50,11.46,36.32,25.67,27.67,23.78,15.00,22.91,30.00,40.00
2565,161,เซนต์โยเซฟแม่แจ่ม,แม่แจ่ม,กลาง,นอกเมือง,สำนักงานคณะกรรมการส่งเสริมการศึกษาเอกชน,-,42,71.43,45.18,16.19,15.88,29.26,19.59,30.48,24.39,32.38,21.36,21.43,21.53,50.81,22.51,55.20,22.50,27.38,31.25,22.62,33.10
2565,162,บ้านกองแขก,แม่แจ่ม,เล็ก,นอกเมือง,สำนักงานคณะกรรมการการศึกษาขั้นพื้นฐาน,สพป.เชียงใหม่ เขต 6,9,100.00,0.00,24.44,8.31,11.99,17.90,31.11,21.31,40.00,21.08,22.22,18.43,36.55,28.22,40.37,19.97,38.89,31.43,27.78,24.85
2565,163,บ้านขุนแม่หยอด,แม่แจ่ม,เล็ก,นอกเมือง,สำนักงานคณะกรรมการการศึกษาขั้นพื้นฐาน,สพป.เชียงใหม่ เขต 6,5,80.00,40.00,20.00,21.91,21.58,19.22,40.00,12.65,44.00,8.00,15.00,12.25,54.21,22.30,45.67,13.85,20.00,24.49,20.00,24.49
2565,164,บ้านทุ่งแก,แม่แจ่ม,เล็ก,นอกเมือง,สำนักงานคณะกรรมการการศึกษาขั้นพื้นฐาน,สพป.เชียงใหม่ เขต 6,6,66.67,47.14,23.33,21.34,39.47,10.53,23.33,13.74,16.67,7.45,25.00,0.00,39.04,22.81,66.11,16.03,16.67,23.57,33.33,37.27
2565,165,บ้านปางหินฝน,แม่แจ่ม,เล็ก,นอกเมือง,สำนักงานคณะกรรมการการศึกษาขั้นพื้นฐาน,สพป.เชียงใหม่ เขต 6,13,53.85,49.85,15.38,20.98,34.21,23.90,40.00,24.81,35.38,26.20,17.31,15.14,40.28,18.59,47.69,19.40,23.08,31.72,23.08,24.93
2565,166,บ้านปางอุ๋ง,แม่แจ่ม,กลาง,นอกเมือง,สำนักงานคณะกรรมการการศึกษาขั้นพื้นฐาน,สพป.เชียงใหม่ เขต 6,17,58.82,49.22,17.65,18.00,18.89,20.39,28.24,19.47,27.06,18.07,22.06,20.80,37.93,28.81,34.80,23.84,35.29,33.28,8.82,19.06
2565,167,บ้านแม่ซา,แม่แจ่ม,เล็ก,นอกเมือง,สำนักงานคณะกรรมการการศึกษาขั้นพื้นฐาน,สพป.เชียงใหม่ เขต 6,15,60.00,48.99,22.67,21.75,20.53,25.37,32.00,24.00,33.33,30.70,28.33,17.95,31.40,16.90,49.89,25.58,26.67,35.90,40.00,32.66
2565,168,บ้านแม่นาจร,แม่แจ่ม,กลาง,นอกเมือง,สำนักงานคณะกรรมการการศึกษาขั้นพื้นฐาน,สพป.เชียงใหม่ เขต 6,29,48.28,49.97,22.76,20.15,25.50,14.45,31.72,20.69,35.17,18.68,21.55,15.71,40.38,23.20,46.55,21.93,32.76,35.42,29.31,27.91
2565,169,บ้านแม่ศึก (มูลนิธิธรรมมาภิรักษ์อุปถัมภ์ที่ 2),แม่แจ่ม,เล็ก,นอกเมือง,สำนักงานคณะกรรมการการศึกษาขั้นพื้นฐาน,สพป.เชียงใหม่ เขต 6,11,63.64,48.10,16.36,11.50,24.88,17.10,32.73,21.36,27.27,12.86,34.09,22.03,39.47,18.02,38.33,27.15,13.64,22.27,13.64,22.27
2565,170,บ้านแม่หงานหลวง,แม่แจ่ม,เล็ก,นอกเมือง,สำนักงานคณะกรรมการการศึกษาขั้นพื้นฐาน,สพป.เชียงใหม่ เขต 6,11,72.73,44.54,21.82,15.85,18.18,23.42,16.36,18.72,38.18,19.92,22.73,19.81,41.39,19.82,40.91,21.11,40.91,35.79,36.36,30.83
2565,171,บ้านแม่เอาะ,แม่แจ่ม,เล็ก,นอกเมือง,สำนักงานคณะกรรมการการศึกษาขั้นพื้นฐาน,สพป.เชียงใหม่ เขต 6,10,80.00,40.00,12.00,16.00,25.00,16.10,26.00,23.75,28.00,20.40,20.00,29.15,21.32,17.87,53.33,16.50,35.00,45.00,30.00,40.00
2565,172,บ้านแม่แฮเหนือ,แม่แจ่ม,กลาง,นอกเมือง,สำนักงานคณะกรรมการการศึกษาขั้นพื้นฐาน,สพป.เชียงใหม่ เขต 6,10,100.00,0.00,24.00,19.60,47.89,19.62,44.00,24.98,38.00,16.61,25.00,19.36,39.21,17.71,63.33,16.96,35.00,22.91,35.00,22.91
2565,173,บ้านโม่งหลวง,แม่แจ่ม,เล็ก,นอกเมือง,สำนักงานคณะกรรมการการศึกษาขั้นพื้นฐาน,สพป.เชียงใหม่ เขต 6,22,63.64,48.10,14.55,17.25,23.21,16.81,30.91,18.81,23.64,18.72,26.14,19.18,26.91,19.76,39.85,32.39,29.55,38.90,25.00,29.19
2565,174,แม่แจ่ม,แม่แจ่ม,ใหญ่,นอกเมือง,สำนักงานคณะกรรมการการศึกษาขั้นพื้นฐาน,สำนักงานเขตพื้นที่การศึกษามัธยมศึกษาเชียงใหม่,199,68.84,46.31,19.10,17.63,32.19,21.08,37.49,23.20,34.97,20.71,23.62,19.45,37.37,24.33,45.54,21.92,35.93,33.67,24.37,28.29
2565,175,แม่แจ่มปริยัติศึกษา,แม่แจ่ม,เล็ก,นอกเมือง,สำนักงานพระพุทธศาสนาแห่งชาติ,กลุ่มโรงเรียนพระปริยัติธรรมฯ กลุ่ม  5,23,82.61,37.90,20.00,20.43,20.82,21.59,33.04,23.30,35.65,21.23,19.57,16.41,31.69,27.63,42.68,22.62,19.57,32.10,19.57,28.51
2565,176,ราชประชานุเคราะห์ 31,แม่แจ่ม,กลาง,นอกเมือง,สำนักบริหารงานการศึกษาพิเศษ,-,117,59.83,49.02,21.37,18.25,26.14,22.40,30.94,21.80,32.82,19.65,19.87,17.46,30.99,22.59,45.63,22.25,26.50,34.94,29.49,33.43
2565,177,สาธิตชุมชนการเรียนรู้สมเด็จย่า วิทยาลัยโพธิวิชชาลัย มหาวิทยาลัยศรีนครินทรวิโรฒ แม่แจ่ม,แม่แจ่ม,เล็ก,นอกเมือง,สำนักงานปลัดกระทรวงการอุดมศึกษาฯ,-,20,70.00,45.83,18.00,17.78,31.32,21.92,31.00,20.47,41.00,20.47,20.00,21.79,31.71,19.40,52.25,19.97,25.00,33.54,35.00,35.71
2565,178,อินทนนท์วิทยา,แม่แจ่ม,เล็ก,นอกเมือง,สำนักงานคณะกรรมการการศึกษาขั้นพื้นฐาน,สพป.เชียงใหม่ เขต 6,4,75.00,43.30,20.00,24.49,37.50,28.37,25.00,8.66,40.00,20.00,25.00,25.00,30.26,11.84,55.42,8.11,37.50,21.65,12.50,21.65
2565,179,ชุมชนวัดช่อแล,แม่แตง,เล็ก,นอกเมือง,สำนักงานคณะกรรมการการศึกษาขั้นพื้นฐาน,สพป.เชียงใหม่ เขต 2,15,60.00,48.99,28.00,16.00,30.18,18.78,45.33,21.25,41.33,15.43,21.67,22.11,41.93,18.99,45.56,21.66,23.33,24.94,26.67,30.91
2565,180,เชียงใหม่มัธยม,แม่แตง,ใหญ่,นอกเมือง,สำนักงานคณะกรรมการส่งเสริมการศึกษาเอกชน,-,4,75.00,43.30,35.00,25.98,26.97,17.79,40.00,14.14,50.00,17.32,18.75,10.83,46.05,17.90,58.33,8.90,37.50,21.65,37.50,21.65
2565,181,บ้านปง,แม่แตง,เล็ก,นอกเมือง,สำนักงานคณะกรรมการการศึกษาขั้นพื้นฐาน,สพป.เชียงใหม่ เขต 2,8,62.50,48.41,17.50,18.54,34.87,21.61,27.50,24.37,35.00,16.58,18.75,16.54,40.79,20.08,38.75,18.35,18.75,24.21,12.50,21.65
2565,182,บ้านปางไม้แดง,แม่แตง,เล็ก,นอกเมือง,สำนักงานคณะกรรมการการศึกษาขั้นพื้นฐาน,สพป.เชียงใหม่ เขต 2,11,90.91,28.75,14.55,19.24,29.19,20.27,41.82,21.67,49.09,19.75,27.27,19.81,44.50,21.24,47.73,16.94,40.91,41.66,36.36,30.83
2565,183,บ้านปางห้วยตาด,แม่แตง,เล็ก,นอกเมือง,สำนักงานคณะกรรมการการศึกษาขั้นพื้นฐาน,สพป.เชียงใหม่ เขต 2,6,50.00,50.00,10.00,10.00,29.82,21.09,30.00,27.69,23.33,21.34,33.33,18.63,27.19,25.81,27.22,18.80,58.33,44.88,16.67,23.57
2565,184,บ้านเป้าวิทยาคาร,แม่แตง,เล็ก,นอกเมือง,สำนักงานคณะกรรมการการศึกษาขั้นพื้นฐาน,สพป.เชียงใหม่ เขต 2,4,75.00,43.30,25.00,16.58,14.47,14.47,50.00,22.36,45.00,16.58,18.75,10.83,23.03,23.19,44.58,20.05,25.00,43.30,37.50,41.46
2565,185,บ้านเมืองกื้ด,แม่แตง,เล็ก,นอกเมือง,สำนักงานคณะกรรมการการศึกษาขั้นพื้นฐาน,สพป.เชียงใหม่ เขต 2,22,68.18,46.58,24.55,15.88,33.61,19.79,25.45,21.05,27.27,19.58,25.00,19.94,33.97,19.79,40.53,23.97,20.45,24.58,31.82,32.14
2565,186,บ้านแม่ไคร้,แม่แตง,เล็ก,นอกเมือง,สำนักงานคณะกรรมการการศึกษาขั้นพื้นฐาน,สพป.เชียงใหม่ เขต 2,8,37.50,48.41,15.00,16.58,27.96,12.62,30.00,22.36,15.00,16.58,25.00,25.00,21.38,19.58,34.17,14.58,31.25,42.85,25.00,25.00
2565,187,บ้านแม่ตะมาน,แม่แตง,เล็ก,นอกเมือง,สำนักงานคณะกรรมการการศึกษาขั้นพื้นฐาน,สพป.เชียงใหม่ เขต 2,14,50.00,50.00,24.29,17.20,36.47,18.47,27.14,24.62,54.29,21.95,14.29,15.57,35.15,15.68,44.29,22.09,32.14,35.89,25.00,25.00
2565,188,ป่าจี้วังแดงวิทยา,แม่แตง,เล็ก,นอกเมือง,สำนักงานคณะกรรมการการศึกษาขั้นพื้นฐาน,สพป.เชียงใหม่ เขต 2,13,61.54,48.65,21.54,14.60,32.59,27.69,32.31,21.54,33.85,19.82,21.15,19.23,28.95,23.08,39.62,14.97,11.54,21.07,34.62,41.07
2565,189,ป่าแป๋วิทยา,แม่แตง,เล็ก,นอกเมือง,สำนักงานคณะกรรมการการศึกษาขั้นพื้นฐาน,สพป.เชียงใหม่ เขต 2,18,50.00,50.00,17.78,17.50,29.53,20.21,31.11,23.31,46.67,24.94,26.39,13.10,29.97,19.38,44.17,24.32,41.67,34.36,33.33,23.57
2565,190,พระปริยัติธรรมแม่แตงวิทยา,แม่แตง,เล็ก,นอกเมือง,สำนักงานพระพุทธศาสนาแห่งชาติ,กลุ่มโรงเรียนพระปริยัติธรรมฯ กลุ่ม  5,11,81.82,38.57,16.36,11.50,23.92,22.54,41.82,30.10,30.91,13.11,15.91,16.07,30.38,23.79,33.48,19.67,22.73,24.90,31.82,32.14
2565,191,แม่แตง,แม่แตง,กลาง,นอกเมือง,สำนักงานคณะกรรมการการศึกษาขั้นพื้นฐาน,สำนักงานเขตพื้นที่การศึกษามัธยมศึกษาเชียงใหม่,110,62.73,48.35,17.09,17.02,25.00,19.50,32.91,23.13,33.27,21.45,25.45,19.06,41.53,20.77,42.29,21.95,39.09,35.92,17.73,24.85
2565,192,แม่หอพระวิทยาคม,แม่แตง,เล็ก,นอกเมือง,สำนักงานคณะกรรมการการศึกษาขั้นพื้นฐาน,สำนักงานเขตพื้นที่การศึกษามัธยมศึกษาเชียงใหม่,30,73.33,44.22,18.67,16.28,29.56,20.44,34.67,24.73,38.00,25.48,20.83,19.45,40.70,27.17,41.56,20.28,28.33,35.78,31.67,30.23
2565,193,ร่ำเปิงวิทยา,แม่แตง,กลาง,นอกเมือง,สำนักงานคณะกรรมการการศึกษาขั้นพื้นฐาน,สพป.เชียงใหม่ เขต 2,9,77.78,41.57,24.44,18.32,51.75,26.49,51.11,25.14,35.56,15.71,16.67,16.67,40.35,24.84,51.85,14.90,50.00,23.57,33.33,33.33
2565,194,วัดท่าข้าม,แม่แตง,เล็ก,นอกเมือง,สำนักงานคณะกรรมการการศึกษาขั้นพื้นฐาน,สพป.เชียงใหม่ เขต 2,10,70.00,45.83,18.00,18.87,27.37,11.48,40.00,20.00,44.00,23.32,22.50,20.77,42.63,19.54,54.17,14.59,20.00,33.17,25.00,25.00
2565,195,วัดบ้านเหล่า,แม่แตง,เล็ก,นอกเมือง,สำนักงานคณะกรรมการการศึกษาขั้นพื้นฐาน,สพป.เชียงใหม่ เขต 2,11,63.64,48.10,23.64,22.27,33.25,15.36,40.00,12.06,32.73,19.58,27.27,16.70,47.61,24.13,36.06,21.25,22.73,32.78,22.73,32.78
2565,196,วัดปางมะกล้วย,แม่แตง,เล็ก,นอกเมือง,สำนักงานคณะกรรมการการศึกษาขั้นพื้นฐาน,สพป.เชียงใหม่ เขต 2,5,80.00,40.00,16.00,14.97,25.79,22.42,24.00,8.00,32.00,27.13,15.00,12.25,55.26,20.45,58.00,16.58,20.00,24.49,40.00,37.42
2565,197,สบเปิงวิทยา,แม่แตง,กลาง,นอกเมือง,สำนักงานคณะกรรมการการศึกษาขั้นพื้นฐาน,สพป.เชียงใหม่ เขต 2,25,76.00,42.71,22.40,21.41,30.11,16.39,35.20,18.14,44.80,22.11,18.00,18.06,46.21,24.14,44.40,18.81,34.00,33.82,20.00,24.49
2565,198,สันป่ายางวิทยาคม,แม่แตง,เล็ก,นอกเมือง,สำนักงานคณะกรรมการการศึกษาขั้นพื้นฐาน,สำนักงานเขตพื้นที่การศึกษามัธยมศึกษาเชียงใหม่,23,78.26,41.25,11.30,11.54,35.01,13.91,41.74,24.25,36.52,15.21,17.39,15.52,39.82,20.23,33.84,19.40,26.09,32.54,28.26,35.59
2565,199,สันมหาพนวิทยา,แม่แตง,เล็ก,นอกเมือง,สำนักงานคณะกรรมการการศึกษาขั้นพื้นฐาน,สพป.เชียงใหม่ เขต 2,21,76.19,42.59,20.95,11.51,32.83,14.17,36.19,27.34,25.71,16.50,22.62,18.75,44.99,21.42,55.16,18.98,28.57,29.16,30.95,28.77
2565,200,อนุบาลสานสายใยรักเทศบาลเมืองเมืองแกนพัฒนา,แม่แตง,กลาง,นอกเมือง,กรมส่งเสริมการปกครองท้องถิ่น,ท้องถิ่นจังหวัดเชียงใหม่,12,83.33,37.27,23.33,13.74,30.48,18.12,38.33,19.08,43.33,17.95,25.00,17.68,44.96,21.71,50.42,24.35,8.33,18.63,25.00,25.00
2565,201,เจ้าพ่อหลวงอุปถัมภ์ 7,แม่ริม,เล็ก,นอกเมือง,สำนักงานคณะกรรมการการศึกษาขั้นพื้นฐาน,สพป.เชียงใหม่ เขต 2,3,33.33,47.14,26.67,24.94,16.67,23.57,26.67,24.94,46.67,18.86,0.00,0.00,23.68,20.50,28.89,22.54,50.00,40.82,33.33,23.57
2565,202,นวมินทราชูทิศ พายัพ,แม่ริม,ใหญ่,นอกเมือง,สำนักงานคณะกรรมการการศึกษาขั้นพื้นฐาน,สำนักงานเขตพื้นที่การศึกษามัธยมศึกษาเชียงใหม่,87,71.26,45.25,20.23,18.57,36.30,22.51,44.60,23.82,42.53,21.61,22.70,18.43,40.44,21.15,52.70,25.21,41.38,32.35,21.84,25.93
2565,203,บ้านทุ่งโป่ง,แม่ริม,กลาง,นอกเมือง,สำนักงานคณะกรรมการการศึกษาขั้นพื้นฐาน,สพป.เชียงใหม่ เขต 2,3,100.00,0.00,6.67,9.43,42.98,9.92,73.33,9.43,40.00,16.33,8.33,11.79,47.37,3.72,59.44,20.65,50.00,0.00,33.33,23.57
2565,204,บ้านแม่สา,แม่ริม,กลาง,นอกเมือง,สำนักงานคณะกรรมการการศึกษาขั้นพื้นฐาน,สพป.เชียงใหม่ เขต 2,7,28.57,45.18,17.14,7.00,43.23,16.99,34.29,9.04,37.14,22.50,25.00,23.15,25.19,18.86,45.48,15.27,21.43,36.42,28.57,36.42
2565,205,บ้านศาลา,แม่ริม,กลาง,นอกเมือง,กรมส่งเสริมการปกครองท้องถิ่น,ท้องถิ่นจังหวัดเชียงใหม่,5,80.00,40.00,16.00,8.00,41.58,16.84,44.00,19.60,52.00,16.00,15.00,12.25,41.05,17.02,39.33,12.76,50.00,44.72,30.00,24.49
2565,206,บ้านสะลวงนอก,แม่ริม,เล็ก,นอกเมือง,สำนักงานคณะกรรมการการศึกษาขั้นพื้นฐาน,สพป.เชียงใหม่ เขต 2,8,50.00,50.00,20.00,17.32,22.37,25.55,25.00,25.98,32.50,24.37,21.88,8.27,39.80,25.36,45.42,24.36,43.75,39.03,12.50,21.65
2565,207,บ้านสันคะยอม,แม่ริม,เล็ก,นอกเมือง,สำนักงานคณะกรรมการการศึกษาขั้นพื้นฐาน,สพป.เชียงใหม่ เขต 2,8,75.00,43.30,20.00,17.32,24.34,21.29,45.00,19.36,47.50,17.14,18.75,20.73,39.80,22.42,40.21,18.23,31.25,34.80,25.00,25.00
2565,208,บ้านหนองปลามัน,แม่ริม,เล็ก,นอกเมือง,สำนักงานคณะกรรมการการศึกษาขั้นพื้นฐาน,สพป.เชียงใหม่ เขต 2,15,93.33,24.94,16.00,18.18,28.25,22.65,25.33,15.43,37.33,22.94,18.33,17.00,27.02,14.30,30.33,15.97,16.67,23.57,23.33,30.91
2565,209,แม่ริมวิทยาคม,แม่ริม,ใหญ่,นอกเมือง,สำนักงานคณะกรรมการการศึกษาขั้นพื้นฐาน,สำนักงานเขตพื้นที่การศึกษามัธยมศึกษาเชียงใหม่,324,62.96,48.29,18.27,16.61,27.23,21.76,37.78,24.29,36.42,21.13,23.23,18.60,40.78,21.92,47.05,22.16,34.10,36.03,24.85,28.46
2565,210,ศึกษาสงเคราะห์เชียงใหม่,แม่ริม,กลาง,นอกเมือง,สำนักบริหารงานการศึกษาพิเศษ,-,93,63.44,48.16,19.14,16.31,23.34,20.02,31.40,19.98,34.62,21.98,21.51,18.91,37.72,21.92,43.91,24.35,25.81,33.29,23.12,27.98
2565,211,บ้านกาดวิทยาคม,แม่วาง,กลาง,นอกเมือง,สำนักงานคณะกรรมการการศึกษาขั้นพื้นฐาน,สำนักงานเขตพื้นที่การศึกษามัธยมศึกษาเชียงใหม่,121,70.25,45.72,18.18,15.85,29.14,23.35,33.88,22.24,32.56,19.60,20.66,19.20,44.82,23.70,40.37,24.35,30.17,34.31,26.86,28.78
2565,212,บ้านห้วยตอง,แม่วาง,กลาง,นอกเมือง,สำนักงานคณะกรรมการการศึกษาขั้นพื้นฐาน,สพป.เชียงใหม่ เขต 4,16,56.25,49.61,18.75,20.58,36.84,21.28,28.75,22.33,27.50,17.14,12.50,12.50,31.09,21.46,43.23,18.68,50.00,35.36,34.38,34.09
2565,213,แม่วินสามัคคี,แม่วาง,กลาง,นอกเมือง,สำนักงานคณะกรรมการการศึกษาขั้นพื้นฐาน,สพป.เชียงใหม่ เขต 4,53,54.72,49.78,21.89,17.05,22.29,18.68,32.45,23.06,35.47,21.51,26.42,17.79,36.74,21.70,42.48,25.34,29.25,32.84,23.58,28.49
2565,214,วัดมะกับตองหลวง,แม่วาง,เล็ก,นอกเมือง,สำนักงานคณะกรรมการการศึกษาขั้นพื้นฐาน,สพป.เชียงใหม่ เขต 4,8,100.00,0.00,20.00,20.00,19.74,21.09,25.00,13.23,22.50,15.61,18.75,20.73,29.28,19.27,43.96,15.90,56.25,39.03,31.25,34.80
2565,215,วัดห้วยแก้ว,แม่วาง,เล็ก,นอกเมือง,สำนักงานคณะกรรมการการศึกษาขั้นพื้นฐาน,สพป.เชียงใหม่ เขต 4,6,50.00,50.00,30.00,19.15,27.63,14.55,53.33,35.90,33.33,22.11,12.50,12.50,43.86,16.13,28.61,18.94,33.33,37.27,41.67,34.36
2565,216,สัพพัญญูวิทยา,แม่วาง,เล็ก,นอกเมือง,สำนักงานพระพุทธศาสนาแห่งชาติ,กลุ่มโรงเรียนพระปริยัติธรรมฯ กลุ่ม  5,7,71.43,45.18,14.29,14.00,25.56,35.38,37.14,27.11,40.00,26.19,28.57,20.82,24.44,25.77,36.43,19.36,28.57,24.74,14.29,22.59
2565,217,ทาเหนือวิทยา,แม่ออน,เล็ก,นอกเมือง,สำนักงานคณะกรรมการการศึกษาขั้นพื้นฐาน,สพป.เชียงใหม่ เขต 1,20,45.00,49.75,25.00,24.39,25.39,16.94,29.00,21.42,31.00,23.22,22.50,15.61,39.21,22.53,42.67,18.74,25.00,29.58,22.50,24.87
2565,218,แม่ออนวิทยาลัย,แม่ออน,กลาง,นอกเมือง,สำนักงานคณะกรรมการการศึกษาขั้นพื้นฐาน,สำนักงานเขตพื้นที่การศึกษามัธยมศึกษาเชียงใหม่,42,61.90,48.56,17.14,18.29,33.90,24.43,34.76,23.12,33.33,16.71,21.43,16.88,31.33,24.12,42.98,21.40,32.14,30.51,30.95,30.77
2565,219,วัดห้วยแก้ว,แม่ออน,เล็ก,นอกเมือง,สำนักงานคณะกรรมการการศึกษาขั้นพื้นฐาน,สพป.เชียงใหม่ เขต 1,10,70.00,45.83,18.00,10.77,39.47,22.11,54.00,23.75,32.00,16.00,22.50,17.50,50.26,23.96,43.33,15.85,20.00,24.49,25.00,25.00
2565,220,วัดห้วยทราย,แม่ออน,เล็ก,นอกเมือง,สำนักงานคณะกรรมการการศึกษาขั้นพื้นฐาน,สพป.เชียงใหม่ เขต 1,9,22.22,41.57,20.00,9.43,24.85,21.35,24.44,18.32,40.00,13.33,36.11,20.79,26.02,17.78,37.41,16.69,38.89,20.79,33.33,40.82
2565,221,เจ้าพ่อหลวงอุปถัมภ์ 9,แม่อาย,กลาง,นอกเมือง,สำนักงานคณะกรรมการการศึกษาขั้นพื้นฐาน,สพป.เชียงใหม่ เขต 3,23,56.52,49.57,13.04,15.16,26.54,20.23,34.78,25.17,35.65,21.23,26.09,17.25,53.32,20.00,44.71,27.01,30.43,32.10,23.91,24.98
2565,222,ชุมชนบ้านคาย,แม่อาย,กลาง,นอกเมือง,สำนักงานคณะกรรมการการศึกษาขั้นพื้นฐาน,สพป.เชียงใหม่ เขต 3,8,50.00,50.00,30.00,17.32,33.22,17.60,35.00,16.58,35.00,13.23,34.38,17.40,25.66,24.85,43.75,12.74,37.50,21.65,12.50,21.65
2565,223,ชุมชนบ้านแม่ฮ่าง,แม่อาย,กลาง,นอกเมือง,สำนักงานคณะกรรมการการศึกษาขั้นพื้นฐาน,สพป.เชียงใหม่ เขต 3,39,69.23,46.15,18.97,19.19,32.93,25.55,36.41,23.48,36.41,18.60,27.56,19.44,31.38,23.99,52.05,20.93,37.18,33.43,15.38,25.71
2565,224,โชติคุณเกษมบ้านเมืองงาม,แม่อาย,กลาง,นอกเมือง,สำนักงานคณะกรรมการการศึกษาขั้นพื้นฐาน,สพป.เชียงใหม่ เขต 3,36,75.00,43.30,18.89,14.10,26.68,20.45,35.00,19.65,33.89,20.99,25.00,23.57,34.14,24.43,41.76,21.43,19.44,29.53,31.94,33.65
2565,225,ไทยรัฐวิทยา 12 (บ้านเอก),แม่อาย,กลาง,นอกเมือง,สำนักงานคณะกรรมการการศึกษาขั้นพื้นฐาน,สพป.เชียงใหม่ เขต 3,20,60.00,48.99,22.00,16.61,37.63,10.66,47.00,23.04,38.00,19.90,28.75,19.80,39.08,20.49,59.25,18.50,47.50,24.87,30.00,24.49
2565,226,บ้านท่ามะแกง,แม่อาย,เล็ก,นอกเมือง,สำนักงานคณะกรรมการการศึกษาขั้นพื้นฐาน,สพป.เชียงใหม่ เขต 3,15,66.67,47.14,14.67,13.60,31.58,23.69,32.00,20.40,33.33,13.98,21.67,12.47,42.98,17.81,37.89,24.02,20.00,35.59,30.00,24.49
2565,227,บ้านป่าก๊อ,แม่อาย,กลาง,นอกเมือง,สำนักงานคณะกรรมการการศึกษาขั้นพื้นฐาน,สพป.เชียงใหม่ เขต 3,15,66.67,47.14,33.33,15.78,22.81,22.91,25.33,19.96,28.00,12.22,18.33,14.34,45.96,23.85,37.78,25.10,40.00,41.63,13.33,22.11
2565,228,บ้านปางต้นเดื่อ,แม่อาย,กลาง,นอกเมือง,สำนักงานคณะกรรมการการศึกษาขั้นพื้นฐาน,สพป.เชียงใหม่ เขต 3,30,46.67,49.89,24.00,18.90,23.60,23.43,30.67,21.75,31.33,21.72,26.67,19.29,31.14,23.95,43.06,17.95,36.67,33.99,26.67,28.09
2565,229,บ้านป่าแดง,แม่อาย,กลาง,นอกเมือง,สำนักงานคณะกรรมการการศึกษาขั้นพื้นฐาน,สพป.เชียงใหม่ เขต 3,19,57.89,49.37,17.89,18.23,25.21,21.30,35.79,24.78,28.42,24.55,19.74,17.36,38.50,23.23,41.58,17.55,15.79,23.24,26.32,29.77
2565,230,บ้านสันต้นหมื้อ,แม่อาย,กลาง,นอกเมือง,สำนักงานคณะกรรมการการศึกษาขั้นพื้นฐาน,สพป.เชียงใหม่ เขต 3,42,54.76,49.77,22.38,18.10,32.14,23.32,32.86,23.43,25.24,18.55,26.19,20.38,36.28,23.41,35.40,22.03,17.86,23.96,16.67,23.57
2565,231,บ้านสุขฤทัย,แม่อาย,กลาง,นอกเมือง,สำนักงานคณะกรรมการการศึกษาขั้นพื้นฐาน,สพป.เชียงใหม่ เขต 3,32,75.00,43.30,23.75,19.65,21.96,19.92,30.00,20.00,37.50,23.32,20.31,17.04,33.47,29.13,38.02,21.33,37.50,30.62,29.69,27.55
2565,232,บ้านห้วยคอกหมู,แม่อาย,เล็ก,นอกเมือง,สำนักงานคณะกรรมการการศึกษาขั้นพื้นฐาน,สพป.เชียงใหม่ เขต 3,10,40.00,48.99,20.00,23.66,22.89,20.11,36.00,14.97,22.00,22.72,20.00,21.79,25.53,20.22,24.50,11.95,30.00,24.49,15.00,22.91
2565,233,พระปริยัติธรรมวัดท่าตอน,แม่อาย,เล็ก,นอกเมือง,สำนักงานพระพุทธศาสนาแห่งชาติ,กลุ่มโรงเรียนพระปริยัติธรรมฯ กลุ่ม  5,25,52.00,49.96,16.80,13.48,21.58,20.15,29.60,22.00,41.60,18.69,27.00,24.41,23.58,23.64,37.53,19.36,32.00,34.29,22.00,28.57
2565,234,เพียงหลวง 1 (บ้านท่าตอน),แม่อาย,กลาง,นอกเมือง,สำนักงานคณะกรรมการการศึกษาขั้นพื้นฐาน,สพป.เชียงใหม่ เขต 3,27,77.78,41.57,19.26,19.23,32.75,22.15,36.30,23.12,31.11,18.32,19.44,20.79,24.56,26.72,50.25,22.36,38.89,31.43,31.48,33.74
2565,235,แม่อายวิทยาคม,แม่อาย,ใหญ่,นอกเมือง,กรมส่งเสริมการปกครองท้องถิ่น,ท้องถิ่นจังหวัดเชียงใหม่,39,66.67,47.14,19.49,20.99,25.03,16.39,41.54,25.77,37.95,19.64,25.00,21.18,33.60,22.26,41.50,21.75,39.74,39.52,17.95,26.52
2565,236,ราชประชานุเคราะห์ 30,แม่อาย,กลาง,นอกเมือง,สำนักบริหารงานการศึกษาพิเศษ,-,34,73.53,44.12,17.65,15.16,24.61,21.99,34.71,19.59,34.71,22.91,16.91,16.85,39.71,25.80,41.76,24.20,35.29,33.28,19.12,24.30
2565,237,บ้านนามน,เวียงแหง,เล็ก,นอกเมือง,สำนักงานคณะกรรมการการศึกษาขั้นพื้นฐาน,สพป.เชียงใหม่ เขต 3,17,82.35,38.12,28.24,20.65,21.83,11.37,34.12,14.97,35.29,22.26,25.00,21.00,38.39,24.44,43.33,19.27,38.24,36.50,14.71,22.78
2565,238,บ้านปางป๋อ,เวียงแหง,เล็ก,นอกเมือง,สำนักงานคณะกรรมการการศึกษาขั้นพื้นฐาน,สพป.เชียงใหม่ เขต 3,19,68.42,46.48,14.74,12.72,27.29,19.47,33.68,21.57,28.42,19.81,22.37,13.80,41.14,23.04,40.53,19.22,31.58,29.07,31.58,24.12
2565,239,บ้านเปียงหลวง,เวียงแหง,กลาง,นอกเมือง,สำนักงานคณะกรรมการการศึกษาขั้นพื้นฐาน,สพป.เชียงใหม่ เขต 3,99,54.55,49.79,21.01,17.84,22.28,19.51,37.17,21.08,32.53,23.71,24.49,20.09,34.13,21.31,44.09,25.56,30.81,32.34,27.27,32.78
2565,240,เวียงแหงปริยัติศึกษา,เวียงแหง,เล็ก,นอกเมือง,สำนักงานพระพุทธศาสนาแห่งชาติ,กลุ่มโรงเรียนพระปริยัติธรรมฯ กลุ่ม  5,16,68.75,46.35,20.00,21.21,29.11,14.64,26.25,23.15,40.00,23.45,21.88,21.42,36.02,19.84,39.27,21.42,15.63,29.15,28.13,24.80
2565,241,เวียงแหงวิทยาคม,เวียงแหง,ใหญ่,นอกเมือง,สำนักงานคณะกรรมการการศึกษาขั้นพื้นฐาน,สำนักงานเขตพื้นที่การศึกษามัธยมศึกษาเชียงใหม่,113,65.49,47.54,15.93,16.44,35.79,22.34,43.01,23.38,37.88,21.84,19.47,19.88,53.28,21.39,47.61,21.30,35.84,36.11,23.89,29.07
2565,242,บ้านบ่อแก้ว,สะเมิง,กลาง,นอกเมือง,สำนักงานคณะกรรมการการศึกษาขั้นพื้นฐาน,สพป.เชียงใหม่ เขต 2,25,56.00,49.64,22.40,15.30,27.68,21.41,29.60,25.37,32.00,21.91,35.00,14.14,31.37,22.78,40.87,22.34,22.00,31.87,34.00,30.72
2565,243,บ้านปางขุม,สะเมิง,เล็ก,นอกเมือง,สำนักงานคณะกรรมการการศึกษาขั้นพื้นฐาน,สพป.เชียงใหม่ เขต 2,4,25.00,43.30,25.00,25.98,25.00,17.90,45.00,16.58,40.00,14.14,12.50,12.50,35.53,25.07,36.25,17.89,25.00,43.30,25.00,25.00
2565,244,บ้านป่าลาน,สะเมิง,เล็ก,นอกเมือง,สำนักงานคณะกรรมการการศึกษาขั้นพื้นฐาน,สพป.เชียงใหม่ เขต 2,11,100.00,0.00,21.82,19.92,38.52,10.48,56.36,26.72,47.27,21.36,20.45,17.90,40.67,16.85,52.73,23.44,40.91,41.66,31.82,24.05
2565,245,บ้านแม่ขะปู,สะเมิง,เล็ก,นอกเมือง,สำนักงานคณะกรรมการการศึกษาขั้นพื้นฐาน,สพป.เชียงใหม่ เขต 2,13,53.85,49.85,21.54,22.82,27.13,22.12,35.38,20.98,24.62,17.81,15.38,15.62,26.32,26.96,52.95,20.63,11.54,21.07,38.46,28.78
2565,246,บ้านแม่โต๋,สะเมิง,เล็ก,นอกเมือง,สำนักงานคณะกรรมการการศึกษาขั้นพื้นฐาน,สพป.เชียงใหม่ เขต 2,15,46.67,49.89,16.00,14.97,35.44,19.60,29.33,20.48,32.00,17.59,28.33,22.11,35.61,29.33,33.00,23.06,13.33,22.11,20.00,24.49
2565,247,บ้านแม่ยางห้า,สะเมิง,เล็ก,นอกเมือง,สำนักงานคณะกรรมการการศึกษาขั้นพื้นฐาน,สพป.เชียงใหม่ เขต 2,17,70.59,45.56,22.35,19.26,21.21,18.44,34.12,17.84,43.53,17.13,17.65,16.64,30.03,23.57,49.51,14.75,38.24,40.33,32.35,34.05
2565,248,บ้านแม่ลานคำ,สะเมิง,เล็ก,นอกเมือง,สำนักงานคณะกรรมการการศึกษาขั้นพื้นฐาน,สพป.เชียงใหม่ เขต 2,9,66.67,47.14,17.78,11.33,33.63,16.63,28.89,16.63,13.33,9.43,8.33,11.79,26.90,17.71,31.85,29.93,22.22,24.85,27.78,24.85
2565,249,บ้านแม่แว,สะเมิง,เล็ก,นอกเมือง,สำนักงานคณะกรรมการการศึกษาขั้นพื้นฐาน,สพป.เชียงใหม่ เขต 2,5,60.00,48.99,32.00,27.13,5.79,11.58,16.00,8.00,32.00,20.40,30.00,29.15,36.84,10.39,36.33,13.96,30.00,24.49,20.00,24.49
2565,250,วัดงิ้วเฒ่า,สะเมิง,เล็ก,นอกเมือง,สำนักงานคณะกรรมการการศึกษาขั้นพื้นฐาน,สพป.เชียงใหม่ เขต 2,4,100.00,0.00,10.00,17.32,39.47,28.89,60.00,14.14,40.00,24.49,31.25,10.83,23.03,3.42,60.42,16.64,25.00,25.00,25.00,25.00
2565,251,วัดยั้งเมิน,สะเมิง,เล็ก,นอกเมือง,สำนักงานคณะกรรมการการศึกษาขั้นพื้นฐาน,สพป.เชียงใหม่ เขต 2,9,66.67,47.14,13.33,9.43,32.75,24.47,40.00,18.86,28.89,16.63,25.00,20.41,31.87,22.89,39.44,22.93,27.78,24.85,11.11,20.79
2565,252,วัดสะเมิงวิทยา,สะเมิง,เล็ก,นอกเมือง,สำนักงานพระพุทธศาสนาแห่งชาติ,กลุ่มโรงเรียนพระปริยัติธรรมฯ กลุ่ม  5,13,61.54,48.65,23.08,20.53,12.55,17.43,36.92,17.27,27.69,16.71,17.31,22.75,15.79,14.56,40.90,21.81,26.92,37.29,15.38,23.08
2565,253,สะเมิงพิทยาคม,สะเมิง,กลาง,นอกเมือง,สำนักงานคณะกรรมการการศึกษาขั้นพื้นฐาน,สำนักงานเขตพื้นที่การศึกษามัธยมศึกษาเชียงใหม่,76,59.21,49.14,20.53,17.16,32.31,21.91,37.11,25.28,31.05,21.12,24.67,21.26,37.92,22.15,37.26,23.03,25.00,30.89,21.05,24.69
2565,254,บ้านบวกค้าง,สันกำแพง,เล็ก,นอกเมือง,สำนักงานคณะกรรมการการศึกษาขั้นพื้นฐาน,สพป.เชียงใหม่ เขต 1,6,16.67,37.27,20.00,16.33,47.81,19.36,43.33,21.34,30.00,19.15,29.17,17.18,41.67,25.03,43.89,24.71,16.67,23.57,16.67,23.57
2565,255,บ้านแม่ปูคา,สันกำแพง,เล็ก,นอกเมือง,สำนักงานคณะกรรมการการศึกษาขั้นพื้นฐาน,สพป.เชียงใหม่ เขต 1,12,58.33,49.30,20.00,11.55,29.17,21.87,40.00,18.26,30.00,23.80,22.92,16.00,43.64,15.36,30.00,19.91,33.33,31.18,25.00,25.00
2565,256,บ้านหนองโค้ง,สันกำแพง,กลาง,นอกเมือง,สำนักงานคณะกรรมการการศึกษาขั้นพื้นฐาน,สพป.เชียงใหม่ เขต 1,61,65.57,47.51,23.93,16.92,33.00,21.83,38.36,25.94,35.08,20.38,21.72,19.98,38.05,27.92,48.69,21.73,41.80,32.87,25.41,26.59
2565,257,วัดล้านตอง,สันกำแพง,เล็ก,นอกเมือง,สำนักงานคณะกรรมการการศึกษาขั้นพื้นฐาน,สพป.เชียงใหม่ เขต 1,5,80.00,40.00,24.00,14.97,51.58,35.41,44.00,14.97,32.00,27.13,25.00,15.81,59.47,14.18,64.67,13.72,40.00,37.42,30.00,24.49
2565,258,สันกำแพง,สันกำแพง,ใหญ่พิเศษ,นอกเมือง,สำนักงานคณะกรรมการการศึกษาขั้นพื้นฐาน,สำนักงานเขตพื้นที่การศึกษามัธยมศึกษาเชียงใหม่,488,66.19,47.31,19.30,18.96,32.45,21.01,37.42,24.14,34.96,21.31,22.44,19.50,42.72,23.20,42.78,23.30,35.66,34.76,26.23,29.66
2565,259,สันกำแพงคันธาอนุสรณ์,สันกำแพง,เล็ก,นอกเมือง,สำนักงานคณะกรรมการการศึกษาขั้นพื้นฐาน,สพป.เชียงใหม่ เขต 1,10,80.00,40.00,24.00,17.44,31.58,18.72,40.00,25.30,30.00,24.08,22.50,17.50,33.42,18.87,35.00,18.39,10.00,20.00,15.00,22.91
2565,260,ชลประทานเขื่อนแม่กวงจิราธิวัฒน์อุปถัมภ์,สันทราย,กลาง,นอกเมือง,สำนักงานคณะกรรมการการศึกษาขั้นพื้นฐาน,สพป.เชียงใหม่ เขต 2,30,63.33,48.19,20.00,16.33,32.11,23.30,35.33,22.32,35.33,24.05,25.00,14.43,38.25,22.36,43.06,19.28,33.33,34.96,18.33,24.09
2565,261,บ้านเจดีย์แม่ครัว,สันทราย,กลาง,นอกเมือง,สำนักงานคณะกรรมการการศึกษาขั้นพื้นฐาน,สพป.เชียงใหม่ เขต 2,36,55.56,49.69,20.00,18.26,29.24,23.16,33.89,18.15,35.56,25.43,23.61,16.61,39.33,23.19,51.67,23.89,27.78,34.25,27.78,32.16
2565,262,บ้านบวกเปา,สันทราย,เล็ก,นอกเมือง,สำนักงานคณะกรรมการการศึกษาขั้นพื้นฐาน,สพป.เชียงใหม่ เขต 2,20,70.00,45.83,15.00,19.87,31.45,27.35,41.00,20.47,32.00,20.40,26.25,18.50,46.05,25.67,52.17,24.10,42.50,36.31,30.00,24.49
2565,263,บ้านร่มหลวง,สันทราย,เล็ก,นอกเมือง,สำนักงานคณะกรรมการการศึกษาขั้นพื้นฐาน,สพป.เชียงใหม่ เขต 2,10,50.00,50.00,14.00,9.17,30.00,25.60,40.00,29.66,42.00,24.41,25.00,22.36,32.11,27.75,52.33,18.41,40.00,30.00,15.00,22.91
2565,264,บ้านศรีบุญเรือง,สันทราย,กลาง,นอกเมือง,สำนักงานคณะกรรมการการศึกษาขั้นพื้นฐาน,สพป.เชียงใหม่ เขต 2,5,40.00,48.99,24.00,14.97,33.16,12.74,40.00,25.30,32.00,16.00,10.00,12.25,46.84,18.71,43.67,13.06,30.00,40.00,10.00,20.00
2565,265,บ้านหนองไคร้,สันทราย,กลาง,นอกเมือง,สำนักงานคณะกรรมการการศึกษาขั้นพื้นฐาน,สพป.เชียงใหม่ เขต 2,53,62.26,48.47,16.23,18.25,32.32,23.00,40.00,21.28,38.11,22.07,21.70,20.05,39.08,21.39,44.91,22.17,36.79,37.81,28.30,29.95
2565,266,บ้านหลักปัน,สันทราย,กลาง,นอกเมือง,สำนักงานคณะกรรมการการศึกษาขั้นพื้นฐาน,สพป.เชียงใหม่ เขต 2,8,37.50,48.41,10.00,17.32,28.95,14.47,50.00,30.00,27.50,19.84,25.00,21.65,30.26,24.76,53.54,11.50,31.25,24.21,56.25,29.97
2565,267,พงษ์พิกุลเชียงใหม่,สันทราย,กลาง,นอกเมือง,สำนักงานคณะกรรมการส่งเสริมการศึกษาเอกชน,-,23,47.83,49.95,20.00,18.65,29.63,21.34,27.83,19.33,33.91,23.17,28.26,19.92,29.41,18.06,39.13,20.44,19.57,32.10,19.57,28.51
2565,268,วัดแม่แก้ดน้อย,สันทราย,ใหญ่,นอกเมือง,สำนักงานคณะกรรมการการศึกษาขั้นพื้นฐาน,สพป.เชียงใหม่ เขต 2,41,70.73,45.50,17.07,19.03,30.10,25.19,37.07,19.54,38.05,23.71,18.29,17.48,35.75,25.53,45.37,23.89,30.49,31.00,19.51,28.96
2565,269,วัดวิเวกวนาราม,สันทราย,เล็ก,นอกเมือง,สำนักงานพระพุทธศาสนาแห่งชาติ,กลุ่มโรงเรียนพระปริยัติธรรมฯ กลุ่ม  5,20,55.00,49.75,28.00,22.27,27.37,23.70,26.00,23.75,27.00,18.19,20.00,15.00,28.55,14.71,37.00,24.44,27.50,24.87,22.50,29.47
2565,270,สันทรายวิทยาคม,สันทราย,ใหญ่,นอกเมือง,สำนักงานคณะกรรมการการศึกษาขั้นพื้นฐาน,สำนักงานเขตพื้นที่การศึกษามัธยมศึกษาเชียงใหม่,270,62.22,48.48,21.93,18.52,27.89,21.89,35.04,23.74,36.07,21.45,19.91,19.83,40.54,23.69,47.43,22.98,33.89,34.56,25.37,27.47
2565,271,สันทรายหลวง,สันทราย,กลาง,นอกเมือง,สำนักงานคณะกรรมการการศึกษาขั้นพื้นฐาน,สพป.เชียงใหม่ เขต 2,73,67.12,46.98,22.74,17.30,33.09,23.89,37.53,21.18,32.05,21.89,18.49,18.98,42.21,23.39,38.95,20.40,32.88,36.28,23.97,27.58
2565,272,ทุ่งฟ้าบดราษฎร์บำรุง,สันป่าตอง,กลาง,นอกเมือง,กรมส่งเสริมการปกครองท้องถิ่น,ท้องถิ่นจังหวัดเชียงใหม่,57,63.16,48.24,24.56,19.83,31.21,22.10,39.65,20.34,34.39,20.09,25.88,21.44,42.80,22.33,42.57,21.45,28.95,32.37,26.32,32.59
2565,273,เทพศิรินทร์ เชียงใหม่,สันป่าตอง,กลาง,นอกเมือง,สำนักงานคณะกรรมการการศึกษาขั้นพื้นฐาน,สำนักงานเขตพื้นที่การศึกษามัธยมศึกษาเชียงใหม่,74,66.22,47.30,17.03,17.61,27.06,21.69,34.32,22.90,30.00,22.84,20.61,17.61,32.47,19.48,42.75,25.71,24.32,31.02,31.76,31.38
2565,274,บ้านทุ่งเสี้ยว (นวรัฐ),สันป่าตอง,เล็ก,นอกเมือง,สำนักงานคณะกรรมการการศึกษาขั้นพื้นฐาน,สพป.เชียงใหม่ เขต 4,15,80.00,40.00,22.67,19.14,27.37,21.14,38.67,21.25,36.00,18.18,15.00,15.28,50.18,25.79,27.67,16.17,26.67,30.91,20.00,30.55
2565,275,บ้านหัวริน,สันป่าตอง,เล็ก,นอกเมือง,สำนักงานคณะกรรมการการศึกษาขั้นพื้นฐาน,สพป.เชียงใหม่ เขต 4,8,75.00,43.30,20.00,10.00,16.12,19.36,32.50,24.37,35.00,27.84,25.00,12.50,34.54,13.70,31.88,10.75,18.75,24.21,43.75,29.97
2565,276,พัฒนวิทย์ศึกษา,สันป่าตอง,ใหญ่,นอกเมือง,สำนักงานคณะกรรมการส่งเสริมการศึกษาเอกชน,-,2,100.00,0.00,10.00,10.00,53.95,25.00,30.00,30.00,30.00,10.00,25.00,0.00,21.05,0.00,47.50,2.50,50.00,0.00,25.00,25.00
2565,277,วัดกู่คำ,สันป่าตอง,เล็ก,นอกเมือง,สำนักงานคณะกรรมการการศึกษาขั้นพื้นฐาน,สพป.เชียงใหม่ เขต 4,4,100.00,0.00,30.00,10.00,30.26,25.82,45.00,25.98,20.00,14.14,25.00,17.68,15.79,9.12,43.33,7.55,12.50,21.65,37.50,41.46
2565,278,วัดโรงวัว,สันป่าตอง,เล็ก,นอกเมือง,สำนักงานคณะกรรมการการศึกษาขั้นพื้นฐาน,สพป.เชียงใหม่ เขต 4,3,0.00,0.00,26.67,9.43,33.33,47.14,46.67,18.86,33.33,9.43,8.33,11.79,47.37,37.22,28.89,21.14,16.67,23.57,33.33,23.57
2565,279,สันป่าตองวิทยาคม,สันป่าตอง,ใหญ่พิเศษ,นอกเมือง,สำนักงานคณะกรรมการการศึกษาขั้นพื้นฐาน,สำนักงานเขตพื้นที่การศึกษามัธยมศึกษาเชียงใหม่,370,71.08,45.34,22.11,18.33,33.83,21.78,39.89,24.52,35.89,21.37,23.45,19.17,38.87,24.73,44.83,23.80,36.08,36.61,23.24,28.24
2565,280,ช่องฟ้าซินเซิงวาณิชบำรุง,สารภี,ใหญ่พิเศษ,นอกเมือง,สำนักงานคณะกรรมการส่งเสริมการศึกษาเอกชน,-,168,76.79,42.22,20.48,18.38,40.37,23.02,45.48,21.35,43.93,19.79,20.83,18.43,52.91,20.78,49.22,23.02,37.50,35.67,28.27,30.20
2565,281,ชุมชนวัดศรีคำชมภู,สารภี,กลาง,นอกเมือง,สำนักงานคณะกรรมการการศึกษาขั้นพื้นฐาน,สพป.เชียงใหม่ เขต 4,30,56.67,49.55,20.67,18.25,30.61,21.56,34.67,20.61,36.00,18.90,20.83,15.92,44.39,25.46,37.39,20.35,25.00,33.54,31.67,32.87
2565,282,บ้านปากเหมือง,สารภี,กลาง,นอกเมือง,สำนักงานคณะกรรมการการศึกษาขั้นพื้นฐาน,สพป.เชียงใหม่ เขต 4,22,77.27,41.91,23.64,17.72,31.58,24.09,39.09,27.95,43.64,18.72,22.73,21.20,46.53,20.16,55.08,23.85,40.91,38.84,36.36,30.83
2565,283,ยุวฑูตศึกษาพัฒนา,สารภี,ใหญ่,นอกเมือง,สำนักงานคณะกรรมการส่งเสริมการศึกษาเอกชน,-,7,71.43,45.18,22.86,22.50,50.00,22.20,37.14,27.11,48.57,23.56,7.14,11.29,26.32,20.04,51.19,16.66,35.71,22.59,28.57,36.42
2565,284,วชิราลัย,สารภี,กลาง,นอกเมือง,สำนักงานคณะกรรมการส่งเสริมการศึกษาเอกชน,-,45,71.11,45.32,17.78,18.49,34.56,19.23,35.11,23.15,30.22,17.19,22.22,18.43,37.95,25.01,41.89,22.84,41.11,36.95,25.56,30.95
2565,285,วัดท่าต้นกวาว,สารภี,เล็ก,นอกเมือง,สำนักงานคณะกรรมการการศึกษาขั้นพื้นฐาน,สพป.เชียงใหม่ เขต 4,16,68.75,46.35,17.50,15.61,40.63,25.53,38.75,24.97,27.50,18.54,23.44,16.46,44.90,28.74,57.40,27.17,28.13,24.80,25.00,25.00
2565,286,วัดบวกครกเหนือ,สารภี,เล็ก,นอกเมือง,สำนักงานคณะกรรมการการศึกษาขั้นพื้นฐาน,สพป.เชียงใหม่ เขต 4,30,53.33,49.89,17.33,19.82,28.77,17.76,33.33,23.85,28.00,21.04,23.33,22.30,36.75,18.85,46.17,25.50,36.67,36.36,16.67,26.87
2565,287,วัดเวฬุวัน,สารภี,ใหญ่,นอกเมือง,สำนักงานคณะกรรมการการศึกษาขั้นพื้นฐาน,สพป.เชียงใหม่ เขต 4,10,100.00,0.00,24.00,12.00,60.00,22.11,54.00,12.81,50.00,16.12,22.50,17.50,57.37,21.95,48.33,16.18,40.00,30.00,40.00,37.42
2565,288,วัดศรีดอนชัย,สารภี,เล็ก,นอกเมือง,สำนักงานคณะกรรมการการศึกษาขั้นพื้นฐาน,สพป.เชียงใหม่ เขต 4,5,60.00,48.99,36.00,29.39,17.37,14.18,28.00,20.40,48.00,20.40,10.00,12.25,36.84,13.21,55.67,20.29,20.00,40.00,20.00,24.49
2565,289,สารภีปริยัติศึกษา,สารภี,เล็ก,นอกเมือง,สำนักงานพระพุทธศาสนาแห่งชาติ,กลุ่มโรงเรียนพระปริยัติธรรมฯ กลุ่ม  5,22,72.73,44.54,22.73,21.14,26.91,24.54,30.00,21.53,30.91,20.65,22.73,19.81,25.60,26.82,39.02,26.70,20.45,24.58,13.64,22.27
2565,290,สารภีพิทยาคม,สารภี,กลาง,นอกเมือง,สำนักงานคณะกรรมการการศึกษาขั้นพื้นฐาน,สำนักงานเขตพื้นที่การศึกษามัธยมศึกษาเชียงใหม่,133,75.94,42.74,18.65,15.93,37.16,24.67,40.00,24.89,35.64,20.86,24.44,16.92,39.04,22.70,41.77,22.55,36.09,34.88,24.81,28.51
2565,291,สืบนทีธรรม,สารภี,กลาง,นอกเมือง,สำนักงานคณะกรรมการส่งเสริมการศึกษาเอกชน,-,15,86.67,33.99,18.67,17.07,35.96,16.41,37.33,25.16,45.33,25.79,21.67,20.14,34.74,25.13,42.56,19.14,23.33,24.94,23.33,24.94
2565,292,ต้นแก้วผดุงพิทยาลัย,หางดง,ใหญ่,นอกเมือง,กรมส่งเสริมการปกครองท้องถิ่น,ท้องถิ่นจังหวัดเชียงใหม่,82,50.00,50.00,23.41,19.46,30.36,20.22,35.85,24.54,31.46,22.09,23.78,19.09,32.38,22.29,38.90,22.01,31.71,37.05,17.07,23.71
2565,293,เทศบาลหนองตองวิทยา,หางดง,เล็ก,นอกเมือง,กรมส่งเสริมการปกครองท้องถิ่น,ท้องถิ่นจังหวัดเชียงใหม่,9,44.44,49.69,22.22,22.00,20.47,17.22,24.44,24.55,26.67,18.86,22.22,18.43,44.15,31.70,37.41,22.29,16.67,23.57,22.22,24.85
2565,294,บ้านน้ำแพร่,หางดง,เล็ก,นอกเมือง,สำนักงานคณะกรรมการการศึกษาขั้นพื้นฐาน,สพป.เชียงใหม่ เขต 4,12,75.00,43.30,21.67,22.30,22.81,19.73,41.67,25.11,46.67,22.11,18.75,14.88,46.05,17.90,58.33,23.19,50.00,28.87,25.00,25.00
2565,295,บ้านปง,หางดง,เล็ก,นอกเมือง,สำนักงานคณะกรรมการการศึกษาขั้นพื้นฐาน,สพป.เชียงใหม่ เขต 4,14,85.71,34.99,25.71,17.61,29.14,22.30,38.57,17.67,34.29,24.41,21.43,15.97,43.61,15.72,52.86,17.96,17.86,30.51,35.71,34.99
2565,296,บ้านสันป่าสัก,หางดง,กลาง,นอกเมือง,สำนักงานคณะกรรมการการศึกษาขั้นพื้นฐาน,สพป.เชียงใหม่ เขต 4,91,56.04,49.63,19.56,17.28,29.58,21.04,33.85,24.39,31.43,20.14,25.55,21.28,50.17,22.33,43.19,22.74,32.42,33.46,22.53,29.89
2565,297,พันธสัญญา,หางดง,เล็ก,นอกเมือง,สำนักงานคณะกรรมการส่งเสริมการศึกษาเอกชน,-,5,40.00,48.99,16.00,19.60,25.79,22.42,32.00,16.00,40.00,25.30,15.00,12.25,56.84,11.96,51.67,6.91,50.00,0.00,20.00,24.49
2565,298,วัดศรีสว่าง,หางดง,เล็ก,นอกเมือง,สำนักงานคณะกรรมการการศึกษาขั้นพื้นฐาน,สพป.เชียงใหม่ เขต 4,17,64.71,47.79,22.35,19.26,32.51,20.58,37.65,13.52,37.65,18.00,25.00,17.15,48.14,29.01,38.73,15.17,35.29,28.52,29.41,29.99
2565,299,สาธิตนานาชาติทวิภาษาแห่งมหาวิทยาลัยรังสิต เชียงใหม่,หางดง,กลาง,นอกเมือง,สำนักงานคณะกรรมการส่งเสริมการศึกษาเอกชน,-,1,0.00,0.00,0.00,0.00,28.95,0.00,40.00,0.00,60.00,0.00,0.00,0.00,28.95,0.00,31.67,0.00,0.00,0.00,0.00,0.00
2565,300,หางดงรัฐราษฎร์อุปถัมภ์,หางดง,ใหญ่,นอกเมือง,สำนักงานคณะกรรมการการศึกษาขั้นพื้นฐาน,สำนักงานเขตพื้นที่การศึกษามัธยมศึกษาเชียงใหม่,204,70.10,45.78,21.08,17.51,33.27,20.94,36.08,22.84,38.63,21.10,22.30,19.93,35.95,24.61,42.95,23.58,34.80,34.51,26.23,27.76
2565,301,บ้านซิแบร,อมก๋อย,เล็ก,นอกเมือง,สำนักงานคณะกรรมการการศึกษาขั้นพื้นฐาน,สพป.เชียงใหม่ เขต 5,11,36.36,48.10,21.82,23.28,26.79,14.27,27.27,15.43,21.82,15.85,20.45,14.37,38.28,28.06,29.24,17.86,22.73,32.78,31.82,24.05
2565,302,บ้านตุงลอย,อมก๋อย,กลาง,นอกเมือง,สำนักงานคณะกรรมการการศึกษาขั้นพื้นฐาน,สพป.เชียงใหม่ เขต 5,33,45.45,49.79,24.85,17.77,29.98,27.39,38.18,20.52,32.12,17.01,20.45,19.90,44.02,25.52,45.56,27.87,30.30,34.68,37.88,34.88
2565,303,บ้านนาเกียน,อมก๋อย,เล็ก,นอกเมือง,สำนักงานคณะกรรมการการศึกษาขั้นพื้นฐาน,สำนักงานเขตพื้นที่การศึกษามัธยมศึกษาเชียงใหม่,15,26.67,44.22,25.33,17.07,30.18,23.83,29.33,19.14,30.67,20.48,23.33,17.00,35.26,20.85,42.44,20.70,23.33,30.91,26.67,30.91
2565,304,บ้านแม่ต๋อม,อมก๋อย,กลาง,นอกเมือง,สำนักงานคณะกรรมการการศึกษาขั้นพื้นฐาน,สพป.เชียงใหม่ เขต 5,19,42.11,49.37,20.00,19.47,29.78,20.95,30.53,21.88,27.37,19.69,23.68,12.76,31.44,17.51,34.65,22.96,18.42,29.07,21.05,24.69
2565,305,บ้านแม่อ่างขาง,อมก๋อย,เล็ก,นอกเมือง,สำนักงานคณะกรรมการการศึกษาขั้นพื้นฐาน,สพป.เชียงใหม่ เขต 5,18,44.44,49.69,18.89,14.10,25.00,25.64,27.78,21.23,31.11,22.33,26.39,17.62,35.67,25.70,29.26,16.21,33.33,33.33,22.22,24.85
2565,306,บ้านยางครก,อมก๋อย,เล็ก,นอกเมือง,สำนักงานคณะกรรมการการศึกษาขั้นพื้นฐาน,สพป.เชียงใหม่ เขต 5,10,40.00,48.99,22.00,20.88,25.00,22.71,34.00,20.10,22.00,14.00,25.00,11.18,31.32,22.44,34.67,14.37,45.00,35.00,25.00,33.54
2565,307,บ้านยางเปา,อมก๋อย,กลาง,นอกเมือง,สำนักงานคณะกรรมการการศึกษาขั้นพื้นฐาน,สพป.เชียงใหม่ เขต 5,46,76.09,42.66,21.30,20.60,28.20,24.14,26.09,20.80,24.78,22.53,23.37,17.60,35.58,22.35,38.41,21.29,29.35,33.91,22.83,28.94
2565,308,บ้านยางเปียง,อมก๋อย,เล็ก,นอกเมือง,สำนักงานคณะกรรมการการศึกษาขั้นพื้นฐาน,สพป.เชียงใหม่ เขต 5,24,41.67,49.30,27.50,23.67,25.77,20.03,22.50,15.61,25.00,21.79,26.04,22.22,33.00,24.01,40.56,22.42,31.25,34.80,16.67,23.57
2565,309,บ้านสบลาน,อมก๋อย,กลาง,นอกเมือง,สำนักงานคณะกรรมการการศึกษาขั้นพื้นฐาน,สพป.เชียงใหม่ เขต 5,9,55.56,49.69,26.67,18.86,36.55,20.92,22.22,27.40,20.00,16.33,22.22,14.16,38.01,29.20,33.70,18.85,33.33,23.57,22.22,24.85
2565,310,บ้านห้วยโค้ง,อมก๋อย,กลาง,นอกเมือง,สำนักงานคณะกรรมการการศึกษาขั้นพื้นฐาน,สพป.เชียงใหม่ เขต 5,15,46.67,49.89,17.33,17.69,18.07,15.76,30.67,12.36,25.33,17.07,31.67,26.56,26.32,22.58,26.00,18.89,40.00,27.08,23.33,24.94
2565,311,บ้านห้วยน้ำขาว,อมก๋อย,กลาง,นอกเมือง,สำนักงานคณะกรรมการการศึกษาขั้นพื้นฐาน,สพป.เชียงใหม่ เขต 5,59,44.07,49.65,20.68,19.47,23.51,22.07,23.39,23.62,29.49,21.58,24.15,20.05,25.78,21.42,33.81,19.40,18.64,28.96,22.03,28.03
2565,312,บ้านห้วยไม้หก,อมก๋อย,เล็ก,นอกเมือง,สำนักงานคณะกรรมการการศึกษาขั้นพื้นฐาน,สำนักงานเขตพื้นที่การศึกษามัธยมศึกษาเชียงใหม่,17,58.82,49.22,16.47,17.13,25.23,16.82,30.59,20.71,27.06,21.63,26.47,21.81,32.35,26.16,43.43,20.73,20.59,24.61,11.76,21.21
2565,313,บ้านอูตูม,อมก๋อย,เล็ก,นอกเมือง,สำนักงานคณะกรรมการการศึกษาขั้นพื้นฐาน,สพป.เชียงใหม่ เขต 5,24,20.83,40.61,20.83,17.78,21.38,17.85,20.00,16.33,23.33,20.55,26.04,22.22,26.21,22.82,23.26,21.11,25.00,28.87,43.75,36.26
2565,314,แม่ตื่นวิทยาคม,อมก๋อย,กลาง,นอกเมือง,สำนักงานคณะกรรมการการศึกษาขั้นพื้นฐาน,สำนักงานเขตพื้นที่การศึกษามัธยมศึกษาเชียงใหม่,94,45.74,49.82,21.70,19.50,26.57,23.16,28.09,22.09,31.49,22.69,24.20,20.45,39.84,22.09,43.37,20.45,26.06,30.71,20.74,27.69
2565,315,อมก๋อยวิทยาคม,อมก๋อย,ใหญ่,นอกเมือง,สำนักงานคณะกรรมการการศึกษาขั้นพื้นฐาน,สำนักงานเขตพื้นที่การศึกษามัธยมศึกษาเชียงใหม่,130,46.92,49.91,22.62,19.75,24.94,20.59,28.77,19.06,31.38,20.45,25.00,20.80,40.02,23.64,42.21,21.71,25.38,32.37,26.54,27.17
2565,316,ชุมชนบ้านท่าข้าม,ฮอด,กลาง,นอกเมือง,สำนักงานคณะกรรมการการศึกษาขั้นพื้นฐาน,สพป.เชียงใหม่ เขต 5,8,75.00,43.30,12.50,9.68,23.36,15.54,40.00,28.28,30.00,17.32,6.25,10.83,41.78,16.14,41.04,18.01,43.75,39.03,37.50,33.07
2565,317,บ้านกองลอย,ฮอด,กลาง,นอกเมือง,สำนักงานคณะกรรมการการศึกษาขั้นพื้นฐาน,สพป.เชียงใหม่ เขต 5,21,71.43,45.18,17.14,18.81,27.32,23.05,34.29,23.21,35.24,21.30,22.62,20.27,40.10,22.56,45.56,20.86,35.71,38.24,33.33,32.12
2565,318,บ้านแควมะกอก,ฮอด,กลาง,นอกเมือง,สำนักงานคณะกรรมการการศึกษาขั้นพื้นฐาน,สพป.เชียงใหม่ เขต 5,15,80.00,40.00,20.00,20.66,25.79,15.38,29.33,20.48,36.00,19.60,21.67,12.47,26.67,23.90,39.78,15.14,26.67,30.91,16.67,23.57
2565,319,บ้านตาลเหนือ,ฮอด,เล็ก,นอกเมือง,สำนักงานคณะกรรมการการศึกษาขั้นพื้นฐาน,สพป.เชียงใหม่ เขต 5,13,53.85,49.85,33.85,14.43,30.97,23.54,29.23,18.59,38.46,25.37,30.77,17.41,31.17,18.08,39.49,15.29,38.46,28.78,30.77,36.89
2565,320,บ้านเตียนอาง,ฮอด,เล็ก,นอกเมือง,สำนักงานคณะกรรมการการศึกษาขั้นพื้นฐาน,สพป.เชียงใหม่ เขต 5,11,36.36,48.10,23.64,14.32,35.65,21.24,25.45,14.99,21.82,15.85,25.00,18.46,23.21,26.41,28.48,26.37,31.82,38.57,4.55,14.37
2565,321,บ้านทุ่งโป่ง,ฮอด,เล็ก,นอกเมือง,สำนักงานคณะกรรมการการศึกษาขั้นพื้นฐาน,สพป.เชียงใหม่ เขต 5,10,70.00,45.83,20.00,15.49,25.79,27.54,40.00,26.83,42.00,14.00,20.00,15.00,37.11,30.50,39.17,18.46,25.00,33.54,30.00,33.17
2565,322,บ้านนาฟ่อน,ฮอด,เล็ก,นอกเมือง,สำนักงานคณะกรรมการการศึกษาขั้นพื้นฐาน,สพป.เชียงใหม่ เขต 5,16,50.00,50.00,20.00,20.00,26.32,24.35,25.00,19.36,27.50,17.14,20.31,9.76,36.84,22.88,41.56,20.50,12.50,21.65,15.63,23.18
2565,323,บ้านบ่อหลวง,ฮอด,กลาง,นอกเมือง,สำนักงานคณะกรรมการการศึกษาขั้นพื้นฐาน,สพป.เชียงใหม่ เขต 5,24,66.67,47.14,17.50,14.51,21.27,18.87,36.67,23.57,42.50,24.71,14.58,12.33,25.22,20.04,36.88,18.88,20.83,28.57,25.00,32.27
2565,324,บ้านพุย,ฮอด,เล็ก,นอกเมือง,สำนักงานคณะกรรมการการศึกษาขั้นพื้นฐาน,สพป.เชียงใหม่ เขต 5,15,73.33,44.22,24.00,26.53,28.07,21.20,40.00,21.91,28.00,22.86,31.67,30.91,37.72,18.67,33.56,21.37,23.33,30.91,16.67,23.57
2565,325,บ้านแม่งูด,ฮอด,เล็ก,นอกเมือง,สำนักงานคณะกรรมการการศึกษาขั้นพื้นฐาน,สพป.เชียงใหม่ เขต 5,20,80.00,40.00,16.00,16.25,18.03,16.25,36.00,20.59,34.00,22.89,26.25,16.72,35.26,22.64,41.50,18.42,30.00,33.17,35.00,27.84
2565,326,บ้านแม่ลาย,ฮอด,เล็ก,นอกเมือง,สำนักงานคณะกรรมการการศึกษาขั้นพื้นฐาน,สพป.เชียงใหม่ เขต 5,17,64.71,47.79,23.53,15.70,35.29,24.72,18.82,17.45,22.35,22.63,23.53,15.97,31.89,25.38,28.82,19.64,14.71,22.78,23.53,24.96
2565,327,บ้านวังลุง,ฮอด,เล็ก,นอกเมือง,สำนักงานคณะกรรมการการศึกษาขั้นพื้นฐาน,สพป.เชียงใหม่ เขต 5,7,71.43,45.18,20.00,18.52,43.98,30.52,22.86,19.79,34.29,17.61,32.14,22.02,33.46,21.41,32.38,14.17,35.71,44.03,50.00,26.73
2565,328,แม่โถวิทยาคม,ฮอด,กลาง,นอกเมือง,สำนักงานคณะกรรมการการศึกษาขั้นพื้นฐาน,สพป.เชียงใหม่ เขต 5,45,48.89,49.99,29.33,18.18,30.58,21.62,30.22,18.68,27.11,21.15,22.22,21.23,38.01,23.05,37.56,22.30,14.44,27.13,22.22,28.97
2565,329,วัดบ้านขุนเตรียมพุทธศาสตร์,ฮอด,เล็ก,นอกเมือง,สำนักงานพระพุทธศาสนาแห่งชาติ,กลุ่มโรงเรียนพระปริยัติธรรมฯ กลุ่ม  5,40,55.00,49.75,16.00,17.44,30.79,19.69,33.00,21.70,31.00,16.70,28.75,19.00,26.18,20.09,44.67,25.56,15.00,27.84,21.25,29.34
2565,330,ฮอดพิทยาคม,ฮอด,ใหญ่,นอกเมือง,สำนักงานคณะกรรมการการศึกษาขั้นพื้นฐาน,สำนักงานเขตพื้นที่การศึกษามัธยมศึกษาเชียงใหม่,159,58.49,49.27,21.26,18.04,28.02,22.25,32.45,21.48,31.07,21.82,21.54,18.91,41.05,25.94,40.53,19.73,24.84,33.59,22.01,28.37