ปี,แถว,ชื่อโรงเรียน,อำเภอที่ตั้งรร.,ขนาดโรงเรียน,ที่ตั้งโรงเรียน,สังกัด,เขตพื้นที่ฯ,จำนวนผู้เข้าสอบ,ต 1.1 (Mean),ต 1.1 (S.D.),ต 1.2 (Mean),ต 1.2 (S.D.),ต 1.3 (Mean),ต 1.3 (S.D.),ต 2.1 (Mean),ต 2.1 (S.D.),ต 2.2 (Mean),ต 2.2 (S.D.),ต 4.1 (Mean),ต 4.1 (S.D.)
2568,1,บ้านขุนแม่รวม,กัลยาณิวัฒนา,เล็ก,นอกเมือง,สำนักงานคณะกรรมการการศึกษาขั้นพื้นฐาน,สพป.เชียงใหม่ เขต 6,11,19.70,15.60,19.09,11.64,18.18,18.06,9.09,19.28,22.73,16.70,25.00,21.32
2568,2,บ้านจันทร์,กัลยาณิวัฒนา,เล็ก,นอกเมือง,สำนักงานคณะกรรมการการศึกษาขั้นพื้นฐาน,สพป.เชียงใหม่ เขต 6,10,33.33,19.72,30.00,15.49,25.00,11.18,25.00,25.00,35.00,22.91,30.00,21.79
2568,3,บ้านจันทร์ สาขาแจ่มน้อย,กัลยาณิวัฒนา,เล็ก,นอกเมือง,สำนักงานคณะกรรมการการศึกษาขั้นพื้นฐาน,สพป.เชียงใหม่ เขต 6,12,20.83,15.40,25.00,13.23,23.61,20.93,20.83,24.65,20.83,13.82,20.83,17.18
2568,4,บ้านแจ่มหลวง,กัลยาณิวัฒนา,เล็ก,นอกเมือง,สำนักงานคณะกรรมการการศึกษาขั้นพื้นฐาน,สพป.เชียงใหม่ เขต 6,8,12.50,11.02,32.50,17.85,41.67,25.00,6.25,16.54,31.25,16.54,31.25,20.73
2568,5,บ้านแม่แดดน้อย,กัลยาณิวัฒนา,เล็ก,นอกเมือง,สำนักงานคณะกรรมการการศึกษาขั้นพื้นฐาน,สพป.เชียงใหม่ เขต 6,8,35.42,15.45,27.50,15.61,31.25,17.55,6.25,16.54,28.13,19.52,28.13,14.99
2568,6,บ้านแม่แดดน้อย สาขาบ้านดงสามหมื่น,กัลยาณิวัฒนา,เล็ก,นอกเมือง,สำนักงานคณะกรรมการการศึกษาขั้นพื้นฐาน,สพป.เชียงใหม่ เขต 6,14,25.00,18.63,29.29,12.80,28.57,14.68,21.43,36.42,19.64,19.32,23.21,17.59
2568,7,บ้านแม่ตะละ,กัลยาณิวัฒนา,เล็ก,นอกเมือง,สำนักงานคณะกรรมการการศึกษาขั้นพื้นฐาน,สพป.เชียงใหม่ เขต 6,25,28.00,15.43,23.60,11.96,28.00,15.43,26.00,28.71,28.00,20.40,15.00,17.32
2568,8,บ้านแม่ตะละเหนือ,กัลยาณิวัฒนา,เล็ก,นอกเมือง,สำนักงานคณะกรรมการการศึกษาขั้นพื้นฐาน,สพป.เชียงใหม่ เขต 6,6,25.00,8.33,20.00,12.91,22.22,20.79,41.67,34.36,29.17,17.18,25.00,25.00
2568,9,บ้านห้วยยา,กัลยาณิวัฒนา,เล็ก,นอกเมือง,สำนักงานคณะกรรมการการศึกษาขั้นพื้นฐาน,สพป.เชียงใหม่ เขต 6,15,18.89,15.95,19.33,11.23,20.00,13.88,23.33,24.94,30.00,20.82,26.67,19.29
2568,10,บ้านหัวยปู,กัลยาณิวัฒนา,เล็ก,นอกเมือง,สำนักงานคณะกรรมการการศึกษาขั้นพื้นฐาน,สพป.เชียงใหม่ เขต 6,14,33.33,10.91,26.43,15.86,26.19,16.32,14.29,22.59,17.86,19.88,25.00,23.15
2568,11,สหมิตรวิทยา,กัลยาณิวัฒนา,กลาง,นอกเมือง,สำนักงานคณะกรรมการส่งเสริมการศึกษาเอกชน,-,21,61.90,13.75,28.10,15.00,62.70,13.52,78.57,32.99,41.67,16.06,23.81,23.75
2568,12,สามัคคีสันม่วง,กัลยาณิวัฒนา,เล็ก,นอกเมือง,สำนักงานคณะกรรมการการศึกษาขั้นพื้นฐาน,สพป.เชียงใหม่ เขต 6,19,27.19,16.41,22.63,12.07,23.68,18.19,21.05,29.54,17.11,19.95,26.32,20.64
2568,13,ณัทชวิทย์,จอมทอง,เล็ก,นอกเมือง,สำนักงานคณะกรรมการส่งเสริมการศึกษาเอกชน,-,13,74.36,19.19,44.62,25.30,70.51,24.59,15.38,30.28,40.38,34.72,51.92,24.93
2568,14,เทศบาลจอมทอง ๑ (ชุมชนบ้านข่วงเปาเหนือ),จอมทอง,กลาง,นอกเมือง,กรมส่งเสริมการปกครองท้องถิ่น,ท้องถิ่นจังหวัดเชียงใหม่,26,27.56,23.54,26.54,17.75,29.49,19.78,15.38,23.08,21.15,22.67,28.85,25.66
2568,15,ไทยรัฐวิทยา 79 (บ้านหนองอาบช้าง),จอมทอง,เล็ก,นอกเมือง,สำนักงานคณะกรรมการการศึกษาขั้นพื้นฐาน,สพป.เชียงใหม่ เขต 6,8,31.25,13.01,23.75,11.11,25.00,11.79,25.00,25.00,25.00,25.00,18.75,20.73
2568,16,นิยมไพรผาหมอนอินทนนท์,จอมทอง,เล็ก,นอกเมือง,สำนักงานคณะกรรมการการศึกษาขั้นพื้นฐาน,สพป.เชียงใหม่ เขต 6,10,30.00,19.44,23.00,19.00,38.33,23.63,20.00,24.49,27.50,23.58,30.00,18.71
2568,17,บ้านข่วงเปาใต้,จอมทอง,เล็ก,นอกเมือง,สำนักงานคณะกรรมการการศึกษาขั้นพื้นฐาน,สพป.เชียงใหม่ เขต 6,7,35.71,13.88,24.29,10.50,47.62,13.88,14.29,34.99,32.14,22.02,28.57,20.82
2568,18,บ้านขุนกลาง,จอมทอง,กลาง,นอกเมือง,สำนักงานคณะกรรมการการศึกษาขั้นพื้นฐาน,สพป.เชียงใหม่ เขต 6,72,26.85,17.47,25.00,11.67,24.31,17.77,24.31,28.86,26.74,22.56,25.69,21.64
2568,19,บ้านขุนกลาง สาขาแม่ยะน้อย,จอมทอง,เล็ก,นอกเมือง,สำนักงานคณะกรรมการการศึกษาขั้นพื้นฐาน,สพป.เชียงใหม่ เขต 6,11,30.30,15.60,26.36,12.26,30.30,13.89,27.27,24.90,22.73,19.81,13.64,16.39
2568,20,บ้านขุนแตะ,จอมทอง,เล็ก,นอกเมือง,สำนักงานคณะกรรมการการศึกษาขั้นพื้นฐาน,สพป.เชียงใหม่ เขต 6,14,32.14,17.21,30.00,10.69,22.62,14.92,21.43,31.13,14.29,18.21,30.36,23.49
2568,21,บ้านขุนแปะ,จอมทอง,เล็ก,นอกเมือง,สำนักงานคณะกรรมการการศึกษาขั้นพื้นฐาน,สพป.เชียงใหม่ เขต 6,19,31.58,18.65,22.63,12.50,21.05,20.83,21.05,24.69,25.00,19.87,13.16,16.95
2568,22,บ้านขุนแปะ สาขาแม่จร,จอมทอง,เล็ก,นอกเมือง,สำนักงานคณะกรรมการการศึกษาขั้นพื้นฐาน,สพป.เชียงใหม่ เขต 6,7,23.81,12.14,22.86,11.61,35.71,10.65,7.14,17.50,21.43,15.97,17.86,17.50
2568,23,บ้านขุนยะ,จอมทอง,เล็ก,นอกเมือง,สำนักงานคณะกรรมการการศึกษาขั้นพื้นฐาน,สพป.เชียงใหม่ เขต 6,6,11.11,12.42,20.00,14.14,16.67,9.62,8.33,18.63,25.00,14.43,25.00,28.87
2568,24,บ้านท่าข้าม,จอมทอง,เล็ก,นอกเมือง,สำนักงานคณะกรรมการการศึกษาขั้นพื้นฐาน,สพป.เชียงใหม่ เขต 6,16,53.12,22.22,30.00,16.20,41.67,25.00,37.50,27.95,29.69,23.75,25.00,23.39
2568,25,บ้านท่าหลุก,จอมทอง,เล็ก,นอกเมือง,สำนักงานคณะกรรมการการศึกษาขั้นพื้นฐาน,สพป.เชียงใหม่ เขต 6,4,33.33,26.35,35.00,15.00,33.33,16.67,0.00,0.00,25.00,25.00,37.50,21.65
2568,26,บ้านน้ำตกแม่กลาง,จอมทอง,เล็ก,นอกเมือง,สำนักงานคณะกรรมการการศึกษาขั้นพื้นฐาน,สพป.เชียงใหม่ เขต 6,12,18.06,19.79,28.33,14.62,36.11,20.22,41.67,27.64,20.83,17.18,20.83,17.18
2568,27,บ้านบนนา,จอมทอง,เล็ก,นอกเมือง,สำนักงานคณะกรรมการการศึกษาขั้นพื้นฐาน,สพป.เชียงใหม่ เขต 6,17,23.53,19.01,20.00,9.70,24.51,18.18,26.47,24.96,29.41,21.41,26.47,21.81
2568,28,บ้านปากทางท่าลี่,จอมทอง,เล็ก,นอกเมือง,สำนักงานคณะกรรมการการศึกษาขั้นพื้นฐาน,สพป.เชียงใหม่ เขต 6,2,41.67,8.33,30.00,10.00,58.33,8.33,25.00,25.00,25.00,0.00,50.00,25.00
2568,29,บ้านแปะ,จอมทอง,เล็ก,นอกเมือง,สำนักงานคณะกรรมการการศึกษาขั้นพื้นฐาน,สพป.เชียงใหม่ เขต 6,11,34.85,22.98,22.73,11.35,27.27,22.78,36.36,22.27,31.82,26.31,18.18,15.41
2568,30,บ้านเมืองกลาง,จอมทอง,เล็ก,นอกเมือง,สำนักงานคณะกรรมการการศึกษาขั้นพื้นฐาน,สพป.เชียงใหม่ เขต 6,7,35.71,27.36,28.57,18.84,21.43,17.17,35.71,22.59,21.43,24.74,28.57,28.12
2568,31,บ้านเมืองอาง,จอมทอง,เล็ก,นอกเมือง,สำนักงานคณะกรรมการการศึกษาขั้นพื้นฐาน,สพป.เชียงใหม่ เขต 6,4,33.33,11.79,20.00,14.14,25.00,14.43,37.50,21.65,12.50,12.50,50.00,17.68
2568,32,บ้านแม่ปอน,จอมทอง,เล็ก,นอกเมือง,สำนักงานคณะกรรมการการศึกษาขั้นพื้นฐาน,สพป.เชียงใหม่ เขต 6,31,33.87,19.16,24.84,13.65,29.03,16.92,29.03,24.67,28.23,20.81,20.97,16.92
2568,33,บ้านแม่สอย,จอมทอง,เล็ก,นอกเมือง,สำนักงานคณะกรรมการการศึกษาขั้นพื้นฐาน,สพป.เชียงใหม่ เขต 6,11,28.79,17.54,30.91,13.79,31.82,19.40,22.73,24.90,31.82,18.74,25.00,18.46
2568,34,บ้านโรงวัว,จอมทอง,เล็ก,นอกเมือง,สำนักงานคณะกรรมการการศึกษาขั้นพื้นฐาน,สพป.เชียงใหม่ เขต 6,7,28.57,17.17,30.00,10.69,35.71,16.50,28.57,36.42,21.43,15.97,35.71,22.59
2568,35,บ้านสบแจ่มฝั่งซ้าย,จอมทอง,เล็ก,นอกเมือง,สำนักงานคณะกรรมการการศึกษาขั้นพื้นฐาน,สพป.เชียงใหม่ เขต 6,12,34.72,19.79,26.67,13.12,25.00,25.91,16.67,31.18,20.83,26.68,16.67,15.59
2568,36,บ้านสบเตี๊ยะ,จอมทอง,กลาง,นอกเมือง,สำนักงานคณะกรรมการการศึกษาขั้นพื้นฐาน,สพป.เชียงใหม่ เขต 6,9,35.19,18.33,27.78,15.48,18.52,16.56,33.33,23.57,27.78,27.50,16.67,16.67
2568,37,บ้านสบแปะ,จอมทอง,เล็ก,นอกเมือง,สำนักงานคณะกรรมการการศึกษาขั้นพื้นฐาน,สพป.เชียงใหม่ เขต 6,6,33.33,13.61,23.33,11.06,25.00,15.96,25.00,25.00,33.33,27.64,20.83,22.44
2568,38,บ้านหนองคัน,จอมทอง,เล็ก,นอกเมือง,สำนักงานคณะกรรมการการศึกษาขั้นพื้นฐาน,สพป.เชียงใหม่ เขต 6,5,33.33,10.54,28.00,7.48,26.67,8.16,30.00,40.00,25.00,22.36,20.00,18.71
2568,39,บ้านห้วยทราย,จอมทอง,เล็ก,นอกเมือง,สำนักงานคณะกรรมการการศึกษาขั้นพื้นฐาน,สพป.เชียงใหม่ เขต 6,12,26.39,15.90,26.67,13.12,33.33,18.00,20.83,32.00,27.08,23.84,25.00,17.68
2568,40,บ้านห้วยน้ำดิบ,จอมทอง,เล็ก,นอกเมือง,สำนักงานคณะกรรมการการศึกษาขั้นพื้นฐาน,สพป.เชียงใหม่ เขต 6,4,29.17,13.82,22.50,8.29,33.33,16.67,0.00,0.00,25.00,17.68,25.00,17.68
2568,41,บ้านห้วยม่วง,จอมทอง,เล็ก,นอกเมือง,สำนักงานคณะกรรมการการศึกษาขั้นพื้นฐาน,สพป.เชียงใหม่ เขต 6,5,33.33,18.26,26.00,10.20,33.33,18.26,0.00,0.00,10.00,12.25,30.00,29.15
2568,42,บ้านห้วยม่วงฝั่งซ้าย,จอมทอง,เล็ก,นอกเมือง,สำนักงานคณะกรรมการการศึกษาขั้นพื้นฐาน,สพป.เชียงใหม่ เขต 6,12,26.39,12.65,28.33,15.72,26.39,15.90,25.00,25.00,29.17,22.44,6.25,10.83
2568,43,บ้านห้วยส้มป่อย,จอมทอง,เล็ก,นอกเมือง,สำนักงานคณะกรรมการการศึกษาขั้นพื้นฐาน,สพป.เชียงใหม่ เขต 6,10,26.67,21.34,23.00,14.87,30.00,23.33,20.00,24.49,25.00,15.81,22.50,23.58
2568,44,บ้านห้วยสะแพด,จอมทอง,เล็ก,นอกเมือง,สำนักงานคณะกรรมการการศึกษาขั้นพื้นฐาน,สพป.เชียงใหม่ เขต 6,9,27.78,23.57,25.56,14.23,25.93,20.95,27.78,24.85,22.22,18.43,25.00,11.79
2568,45,บ้านหาดนาค,จอมทอง,เล็ก,นอกเมือง,สำนักงานคณะกรรมการการศึกษาขั้นพื้นฐาน,สพป.เชียงใหม่ เขต 6,4,16.67,11.79,15.00,15.00,25.00,14.43,37.50,21.65,18.75,20.73,31.25,20.73
2568,46,บ้านใหม่สารภี,จอมทอง,เล็ก,นอกเมือง,สำนักงานคณะกรรมการการศึกษาขั้นพื้นฐาน,สพป.เชียงใหม่ เขต 6,5,30.00,19.44,22.00,16.00,33.33,23.57,10.00,20.00,5.00,10.00,20.00,18.71
2568,47,ป่ากล้วยพัฒนา,จอมทอง,เล็ก,นอกเมือง,สำนักงานคณะกรรมการการศึกษาขั้นพื้นฐาน,สพป.เชียงใหม่ เขต 6,16,25.00,14.43,28.12,12.36,28.12,15.27,15.62,29.15,34.38,19.52,34.38,23.18
2568,48,วัดพระบาท,จอมทอง,เล็ก,นอกเมือง,สำนักงานคณะกรรมการการศึกษาขั้นพื้นฐาน,สพป.เชียงใหม่ เขต 6,1,33.33,0.00,30.00,0.00,50.00,0.00,50.00,0.00,25.00,0.00,25.00,0.00
2568,49,ศรีจอมทอง,จอมทอง,ใหญ่,นอกเมือง,สำนักงานคณะกรรมการการศึกษาขั้นพื้นฐาน,สพป.เชียงใหม่ เขต 6,232,38.36,24.39,31.77,20.63,38.07,26.38,23.49,29.69,29.96,25.79,29.53,24.14
2568,50,สุทธิวงศ์ดำรงวิทย์,จอมทอง,เล็ก,นอกเมือง,สำนักงานคณะกรรมการส่งเสริมการศึกษาเอกชน,-,7,40.48,29.35,31.43,15.52,45.24,34.17,28.57,24.74,39.29,22.59,32.14,29.01
2568,51,แกน้อยศึกษา,เชียงดาว,กลาง,นอกเมือง,สำนักงานคณะกรรมการการศึกษาขั้นพื้นฐาน,สพป.เชียงใหม่ เขต 3,10,25.00,13.44,30.00,10.00,26.67,23.80,25.00,25.00,35.00,20.00,37.50,23.05
2568,52,โครงการหลวงแกน้อย,เชียงดาว,กลาง,นอกเมือง,สำนักงานคณะกรรมการการศึกษาขั้นพื้นฐาน,สพป.เชียงใหม่ เขต 3,1,50.00,0.00,30.00,0.00,33.33,0.00,0.00,0.00,0.00,0.00,25.00,0.00
2568,53,เจ้าฟ้าอุบลรัตน์,เชียงดาว,เล็ก,นอกเมือง,สำนักงานคณะกรรมการส่งเสริมการศึกษาเอกชน,-,28,23.21,10.29,22.14,12.92,29.76,15.66,28.57,28.12,25.00,20.04,30.36,20.44
2568,54,ชุมชนบ้านเมืองงาย,เชียงดาว,กลาง,นอกเมือง,สำนักงานคณะกรรมการการศึกษาขั้นพื้นฐาน,สพป.เชียงใหม่ เขต 3,50,48.00,24.64,34.00,20.78,43.00,27.51,25.00,28.72,33.50,26.74,32.00,25.51
2568,55,ชุมชนบ้านวังจ๊อม,เชียงดาว,กลาง,นอกเมือง,สำนักงานคณะกรรมการการศึกษาขั้นพื้นฐาน,สพป.เชียงใหม่ เขต 3,15,27.78,20.79,28.67,15.43,25.56,11.97,6.67,17.00,30.00,20.82,23.33,17.00
2568,56,ดอยสามหมื่น,เชียงดาว,เล็ก,นอกเมือง,สำนักงานคณะกรรมการการศึกษาขั้นพื้นฐาน,สพป.เชียงใหม่ เขต 3,9,18.52,18.33,22.22,11.33,24.07,13.86,16.67,23.57,30.56,15.71,25.00,23.57
2568,57,ตชด.เฉลิมพระเกียรติฯ บ้านแกน้อย,เชียงดาว,เล็ก,นอกเมือง,กองบัญชาการตำรวจตระเวนชายแดน,-,15,30.00,17.43,19.33,8.54,28.89,11.33,10.00,20.00,35.00,21.98,25.00,20.41
2568,58,บ้านเชียงดาว,เชียงดาว,กลาง,นอกเมือง,สำนักงานคณะกรรมการการศึกษาขั้นพื้นฐาน,สพป.เชียงใหม่ เขต 3,96,36.46,26.39,30.21,18.54,36.81,25.45,22.92,31.39,29.69,25.08,35.42,25.94
2568,59,บ้านดอน,เชียงดาว,เล็ก,นอกเมือง,สำนักงานคณะกรรมการการศึกษาขั้นพื้นฐาน,สพป.เชียงใหม่ เขต 3,11,33.33,26.59,38.18,18.98,34.85,22.98,27.27,32.78,27.27,27.08,25.00,26.11
2568,60,บ้านถ้ำ,เชียงดาว,เล็ก,นอกเมือง,สำนักงานคณะกรรมการการศึกษาขั้นพื้นฐาน,สพป.เชียงใหม่ เขต 3,7,28.57,17.17,25.71,11.78,40.48,29.35,14.29,22.59,21.43,8.75,35.71,26.24
2568,61,บ้านทุ่งข้าวพวง,เชียงดาว,กลาง,นอกเมือง,สำนักงานคณะกรรมการการศึกษาขั้นพื้นฐาน,สพป.เชียงใหม่ เขต 3,27,30.25,24.02,25.93,15.22,33.33,23.13,27.78,28.33,33.33,20.41,25.93,18.61
2568,62,บ้านทุ่งละคร,เชียงดาว,เล็ก,นอกเมือง,สำนักงานคณะกรรมการการศึกษาขั้นพื้นฐาน,สพป.เชียงใหม่ เขต 3,4,20.83,7.22,30.00,12.25,33.33,20.41,12.50,21.65,6.25,10.83,12.50,12.50
2568,63,บ้านทุ่งหลุก,เชียงดาว,เล็ก,นอกเมือง,สำนักงานคณะกรรมการการศึกษาขั้นพื้นฐาน,สพป.เชียงใหม่ เขต 3,16,34.37,19.07,28.12,15.50,32.29,20.81,15.62,29.15,29.69,20.19,29.69,20.19
2568,64,บ้านนาหวาย,เชียงดาว,กลาง,นอกเมือง,สำนักงานคณะกรรมการการศึกษาขั้นพื้นฐาน,สพป.เชียงใหม่ เขต 3,25,34.67,23.06,27.20,16.13,35.33,23.25,26.00,24.98,35.00,27.39,28.00,22.72
2568,65,บ้านปางแดง,เชียงดาว,เล็ก,นอกเมือง,สำนักงานคณะกรรมการการศึกษาขั้นพื้นฐาน,สพป.เชียงใหม่ เขต 3,11,33.33,14.21,31.82,18.50,33.33,15.89,13.64,22.27,13.64,16.39,29.55,23.40
2568,66,บ้านปางเฟือง,เชียงดาว,เล็ก,นอกเมือง,สำนักงานคณะกรรมการการศึกษาขั้นพื้นฐาน,สพป.เชียงใหม่ เขต 3,21,23.81,18.95,27.14,14.85,19.05,15.67,16.67,23.57,21.43,23.51,17.86,23.33
2568,67,บ้านปางมะเยา,เชียงดาว,กลาง,นอกเมือง,สำนักงานคณะกรรมการการศึกษาขั้นพื้นฐาน,สพป.เชียงใหม่ เขต 3,23,26.81,20.70,26.09,15.25,27.54,18.13,26.09,32.54,30.43,24.40,26.09,20.16
2568,68,บ้านป่าบง,เชียงดาว,เล็ก,นอกเมือง,สำนักงานคณะกรรมการการศึกษาขั้นพื้นฐาน,สพป.เชียงใหม่ เขต 3,10,26.67,15.28,24.00,11.14,28.33,24.78,10.00,20.00,27.50,20.77,30.00,24.49
2568,69,บ้านเมืองคอง,เชียงดาว,เล็ก,นอกเมือง,สำนักงานคณะกรรมการการศึกษาขั้นพื้นฐาน,สพป.เชียงใหม่ เขต 3,5,23.33,17.00,28.00,7.48,23.33,20.00,20.00,24.49,40.00,25.50,20.00,18.71
2568,70,บ้านเมืองนะ,เชียงดาว,กลาง,นอกเมือง,สำนักงานคณะกรรมการการศึกษาขั้นพื้นฐาน,สพป.เชียงใหม่ เขต 3,62,36.02,20.78,28.71,15.29,33.33,22.60,35.48,37.45,24.60,18.23,21.77,20.81
2568,71,บ้านแม่กอนใน,เชียงดาว,เล็ก,นอกเมือง,สำนักงานคณะกรรมการการศึกษาขั้นพื้นฐาน,สพป.เชียงใหม่ เขต 3,18,25.93,22.38,24.44,12.12,28.70,17.40,30.56,24.37,30.56,24.37,23.61,21.20
2568,72,บ้านแม่นะ,เชียงดาว,กลาง,นอกเมือง,สำนักงานคณะกรรมการการศึกษาขั้นพื้นฐาน,สพป.เชียงใหม่ เขต 3,16,26.04,16.63,29.37,14.78,25.00,20.41,25.00,25.00,25.00,21.65,32.81,24.56
2568,73,บ้านแม่ป๋าม,เชียงดาว,เล็ก,นอกเมือง,สำนักงานคณะกรรมการการศึกษาขั้นพื้นฐาน,สพป.เชียงใหม่ เขต 3,9,16.67,7.86,33.33,9.43,22.22,20.79,22.22,24.85,16.67,23.57,22.22,21.87
2568,74,บ้านแม่แมะ,เชียงดาว,เล็ก,นอกเมือง,สำนักงานคณะกรรมการการศึกษาขั้นพื้นฐาน,สพป.เชียงใหม่ เขต 3,10,33.33,23.57,36.00,22.00,36.67,27.69,25.00,25.00,27.50,13.46,40.00,22.91
2568,75,บ้านแม่อ้อใน,เชียงดาว,เล็ก,นอกเมือง,สำนักงานคณะกรรมการการศึกษาขั้นพื้นฐาน,สพป.เชียงใหม่ เขต 3,10,33.33,22.36,20.00,11.83,28.33,15.00,25.00,33.54,22.50,20.77,22.50,17.50
2568,76,บ้านรินหลวง,เชียงดาว,เล็ก,นอกเมือง,สำนักงานคณะกรรมการการศึกษาขั้นพื้นฐาน,สพป.เชียงใหม่ เขต 3,24,22.22,14.96,26.25,12.85,29.86,15.20,18.75,28.18,27.08,20.31,23.96,22.22
2568,77,บ้านวังมะริว,เชียงดาว,เล็ก,นอกเมือง,สำนักงานคณะกรรมการการศึกษาขั้นพื้นฐาน,สพป.เชียงใหม่ เขต 3,7,14.29,10.65,22.86,8.81,26.19,8.25,14.29,22.59,21.43,15.97,17.86,17.50
2568,78,บ้านสบคาบ,เชียงดาว,เล็ก,นอกเมือง,สำนักงานคณะกรรมการการศึกษาขั้นพื้นฐาน,สพป.เชียงใหม่ เขต 3,4,29.17,13.82,17.50,8.29,37.50,13.82,0.00,0.00,43.75,10.83,43.75,20.73
2568,79,บ้านสันป่าเกี๊ยะ,เชียงดาว,เล็ก,นอกเมือง,สำนักงานคณะกรรมการการศึกษาขั้นพื้นฐาน,สพป.เชียงใหม่ เขต 3,20,23.33,17.80,29.50,15.32,22.50,14.22,22.50,24.87,22.50,19.20,27.50,19.20
2568,80,บ้านหนองเขียว,เชียงดาว,กลาง,นอกเมือง,สำนักงานคณะกรรมการการศึกษาขั้นพื้นฐาน,สพป.เชียงใหม่ เขต 3,57,36.26,22.32,29.30,16.53,28.95,18.87,30.70,32.11,24.56,20.14,22.81,21.60
2568,81,บ้านหนองแขม,เชียงดาว,เล็ก,นอกเมือง,กองบัญชาการตำรวจตระเวนชายแดน,-,10,41.67,15.37,42.00,17.20,50.00,12.91,20.00,24.49,60.00,16.58,47.50,20.77
2568,82,บ้านหนองบัว,เชียงดาว,เล็ก,นอกเมือง,สำนักงานคณะกรรมการการศึกษาขั้นพื้นฐาน,สพป.เชียงใหม่ เขต 3,8,22.92,8.07,25.00,11.18,33.33,11.79,25.00,25.00,21.88,19.52,31.25,24.21
2568,83,บ้านห้วยจะค่าน ตชด.อนุสรณ์,เชียงดาว,กลาง,นอกเมือง,สำนักงานคณะกรรมการการศึกษาขั้นพื้นฐาน,สพป.เชียงใหม่ เขต 3,10,21.67,18.33,33.00,12.69,23.33,13.33,15.00,22.91,17.50,19.53,22.50,17.50
2568,84,บ้านห้วยทรายขาว,เชียงดาว,เล็ก,นอกเมือง,สำนักงานคณะกรรมการการศึกษาขั้นพื้นฐาน,สพป.เชียงใหม่ เขต 3,4,29.17,21.65,25.00,8.66,29.17,24.65,50.00,0.00,37.50,27.95,12.50,12.50
2568,85,บ้านห้วยเป้า,เชียงดาว,เล็ก,นอกเมือง,กรมส่งเสริมการปกครองท้องถิ่น,ท้องถิ่นจังหวัดเชียงใหม่,15,30.00,16.33,28.00,13.27,26.67,17.00,33.33,29.81,15.00,21.98,26.67,19.29
2568,86,บ้านใหม่,เชียงดาว,เล็ก,นอกเมือง,สำนักงานคณะกรรมการการศึกษาขั้นพื้นฐาน,สพป.เชียงใหม่ เขต 3,9,20.37,15.27,23.33,9.43,31.48,12.28,27.78,34.25,27.78,14.16,8.33,11.79
2568,87,บ้านอรุโณทัย,เชียงดาว,ใหญ่พิเศษ,นอกเมือง,สำนักงานคณะกรรมการการศึกษาขั้นพื้นฐาน,สพป.เชียงใหม่ เขต 3,65,28.97,17.85,28.15,13.58,29.23,19.83,22.31,26.36,25.38,21.70,25.77,22.77
2568,88,บ้านออน,เชียงดาว,เล็ก,นอกเมือง,สำนักงานคณะกรรมการการศึกษาขั้นพื้นฐาน,สพป.เชียงใหม่ เขต 3,4,54.17,24.65,27.50,10.90,29.17,24.65,12.50,21.65,37.50,27.95,43.75,27.24
2568,89,เบญจม 2 บ้านน้ำรู,เชียงดาว,เล็ก,นอกเมือง,สำนักงานคณะกรรมการการศึกษาขั้นพื้นฐาน,สพป.เชียงใหม่ เขต 3,24,18.06,17.29,20.83,15.25,24.31,17.99,37.50,29.76,23.96,18.37,16.67,17.18
2568,90,พัฒนาต้นน้ำขุนคอง,เชียงดาว,เล็ก,นอกเมือง,สำนักงานคณะกรรมการการศึกษาขั้นพื้นฐาน,สพป.เชียงใหม่ เขต 3,15,14.44,8.31,19.33,10.62,33.33,17.21,23.33,24.94,25.00,20.41,25.00,15.81
2568,91,มิตรมวลชนเชียงใหม่,เชียงดาว,กลาง,นอกเมือง,สำนักงานคณะกรรมการการศึกษาขั้นพื้นฐาน,สพป.เชียงใหม่ เขต 3,44,20.45,15.84,25.23,12.70,20.83,19.18,20.45,28.84,19.89,18.90,22.73,19.08
2568,92,ราชประชานุเคราะห์ 61 จังหวัดเชียงใหม่,เชียงดาว,กลาง,นอกเมือง,สำนักบริหารงานการศึกษาพิเศษ,-,38,22.81,15.49,25.79,13.50,21.93,17.57,27.63,27.38,19.74,22.33,21.71,21.59
2568,93,วัดจอมคีรี,เชียงดาว,เล็ก,นอกเมือง,สำนักงานคณะกรรมการการศึกษาขั้นพื้นฐาน,สพป.เชียงใหม่ เขต 3,6,19.44,17.79,15.00,9.57,44.44,22.91,33.33,37.27,12.50,12.50,25.00,25.00
2568,94,วัดปางมะโอ,เชียงดาว,เล็ก,นอกเมือง,สำนักงานคณะกรรมการการศึกษาขั้นพื้นฐาน,สพป.เชียงใหม่ เขต 3,1,16.67,0.00,20.00,0.00,50.00,0.00,0.00,0.00,25.00,0.00,50.00,0.00
2568,95,ศีลรวี,เชียงดาว,กลาง,นอกเมือง,สำนักงานคณะกรรมการส่งเสริมการศึกษาเอกชน,-,63,28.31,19.16,28.25,14.96,32.01,19.31,21.43,24.74,21.43,20.34,25.40,21.59
2568,96,ฉัตรพฤกษ์วิทยา,ไชยปราการ,เล็ก,นอกเมือง,สำนักงานคณะกรรมการส่งเสริมการศึกษาเอกชน,-,20,40.00,28.09,31.00,16.40,35.00,30.23,15.00,27.84,27.50,17.50,35.00,22.91
2568,97,ชุมชนวัดศรีดงเย็น,ไชยปราการ,กลาง,นอกเมือง,สำนักงานคณะกรรมการการศึกษาขั้นพื้นฐาน,สพป.เชียงใหม่ เขต 3,27,27.16,19.32,21.85,14.15,32.10,18.10,24.07,24.98,28.70,22.26,13.89,12.42
2568,98,เทศบาล 1 ไชยปราการ,ไชยปราการ,กลาง,นอกเมือง,กรมส่งเสริมการปกครองท้องถิ่น,ท้องถิ่นจังหวัดเชียงใหม่,41,36.18,24.94,26.59,15.87,34.15,21.45,21.95,29.32,27.44,25.19,29.27,25.24
2568,99,บ้านต้นโชค,ไชยปราการ,เล็ก,นอกเมือง,สำนักงานคณะกรรมการการศึกษาขั้นพื้นฐาน,สพป.เชียงใหม่ เขต 3,29,20.69,14.94,27.59,12.50,26.44,13.50,27.59,31.03,21.55,23.42,22.41,21.12
2568,100,บ้านถ้ำตับเตา,ไชยปราการ,เล็ก,นอกเมือง,สำนักงานคณะกรรมการการศึกษาขั้นพื้นฐาน,สพป.เชียงใหม่ เขต 3,6,33.33,13.61,28.33,13.44,30.56,11.45,41.67,34.36,37.50,19.09,4.17,9.32
2568,101,บ้านปง,ไชยปราการ,เล็ก,นอกเมือง,สำนักงานคณะกรรมการการศึกษาขั้นพื้นฐาน,สพป.เชียงใหม่ เขต 3,17,28.43,24.09,26.47,15.70,28.43,21.21,5.88,16.11,30.88,21.91,35.29,25.81
2568,102,บ้านปงตำ,ไชยปราการ,เล็ก,นอกเมือง,สำนักงานคณะกรรมการการศึกษาขั้นพื้นฐาน,สพป.เชียงใหม่ เขต 3,10,35.00,21.67,29.00,15.13,35.00,18.93,15.00,22.91,22.50,17.50,22.50,13.46
2568,103,บ้านป่างิ้ว,ไชยปราการ,เล็ก,นอกเมือง,สำนักงานคณะกรรมการการศึกษาขั้นพื้นฐาน,สพป.เชียงใหม่ เขต 3,11,34.85,19.40,25.45,16.71,28.79,20.21,9.09,19.28,25.00,18.46,47.73,27.08
2568,104,บ้านผาแดง,ไชยปราการ,เล็ก,นอกเมือง,สำนักงานคณะกรรมการการศึกษาขั้นพื้นฐาน,สพป.เชียงใหม่ เขต 3,8,35.42,13.01,42.50,18.54,43.75,21.95,0.00,0.00,31.25,24.21,46.88,31.72
2568,105,บ้านแม่ขิ,ไชยปราการ,เล็ก,นอกเมือง,สำนักงานคณะกรรมการการศึกษาขั้นพื้นฐาน,สพป.เชียงใหม่ เขต 3,9,40.74,23.72,26.67,14.14,48.15,24.15,22.22,24.85,22.22,27.50,27.78,14.16
2568,106,บ้านแม่ทะลบ,ไชยปราการ,เล็ก,นอกเมือง,สำนักงานคณะกรรมการการศึกษาขั้นพื้นฐาน,สพป.เชียงใหม่ เขต 3,21,23.02,15.83,20.95,9.71,29.37,12.50,21.43,24.74,26.19,22.46,28.57,24.74
2568,107,บ้านเวียงผาพัฒนา,ไชยปราการ,เล็ก,นอกเมือง,สำนักงานคณะกรรมการการศึกษาขั้นพื้นฐาน,สพป.เชียงใหม่ เขต 3,2,0.00,0.00,25.00,5.00,25.00,8.33,25.00,25.00,25.00,25.00,37.50,12.50
2568,108,บ้านสินชัย,ไชยปราการ,กลาง,นอกเมือง,สำนักงานคณะกรรมการการศึกษาขั้นพื้นฐาน,สพป.เชียงใหม่ เขต 3,9,35.19,21.44,35.56,15.71,31.48,26.58,22.22,24.85,41.67,11.79,27.78,21.87
2568,109,บ้านห้วยต้นตอง,ไชยปราการ,เล็ก,นอกเมือง,สำนักงานคณะกรรมการการศึกษาขั้นพื้นฐาน,สพป.เชียงใหม่ เขต 3,4,16.67,0.00,17.50,4.33,37.50,29.76,25.00,25.00,31.25,10.83,43.75,10.83
2568,110,บ้านห้วยบง,ไชยปราการ,เล็ก,นอกเมือง,สำนักงานคณะกรรมการการศึกษาขั้นพื้นฐาน,สพป.เชียงใหม่ เขต 3,4,29.17,13.82,20.00,7.07,29.17,13.82,37.50,41.46,0.00,0.00,25.00,25.00
2568,111,บ้านห้วยไผ่,ไชยปราการ,เล็ก,นอกเมือง,สำนักงานคณะกรรมการการศึกษาขั้นพื้นฐาน,สพป.เชียงใหม่ เขต 3,19,25.44,18.23,21.58,11.82,31.58,23.50,23.68,24.97,19.74,20.80,30.26,28.77
2568,112,บ้านหัวฝาย,ไชยปราการ,เล็ก,นอกเมือง,สำนักงานคณะกรรมการการศึกษาขั้นพื้นฐาน,สพป.เชียงใหม่ เขต 3,8,27.08,11.60,26.25,11.11,31.25,13.01,37.50,33.07,18.75,16.54,3.13,8.27
2568,113,บ้านใหม่หนองบัว,ไชยปราการ,กลาง,นอกเมือง,สำนักงานคณะกรรมการการศึกษาขั้นพื้นฐาน,สพป.เชียงใหม่ เขต 3,111,27.48,19.46,24.68,13.54,28.53,19.81,24.77,27.57,29.28,22.48,26.58,19.65
2568,114,บ้านอ่าย,ไชยปราการ,เล็ก,นอกเมือง,สำนักงานคณะกรรมการการศึกษาขั้นพื้นฐาน,สพป.เชียงใหม่ เขต 3,16,33.33,21.25,31.87,17.40,26.04,19.52,15.62,23.18,28.13,24.80,28.13,21.42
2568,115,วัดบ้านท่า,ไชยปราการ,เล็ก,นอกเมือง,สำนักงานคณะกรรมการการศึกษาขั้นพื้นฐาน,สพป.เชียงใหม่ เขต 3,20,33.33,16.67,25.50,10.23,31.67,20.34,12.50,21.65,20.00,15.00,21.25,25.34
2568,116,วัดป่าแดง,ไชยปราการ,เล็ก,นอกเมือง,สำนักงานคณะกรรมการการศึกษาขั้นพื้นฐาน,สพป.เชียงใหม่ เขต 3,12,19.44,11.45,20.83,10.37,37.50,16.84,12.50,21.65,20.83,13.82,31.25,23.11
2568,117,วัดอรัญญวาสี,ไชยปราการ,เล็ก,นอกเมือง,สำนักงานคณะกรรมการการศึกษาขั้นพื้นฐาน,สพป.เชียงใหม่ เขต 3,7,21.43,14.68,25.71,19.17,23.81,21.56,28.57,24.74,32.14,29.01,14.29,12.37
2568,118,สันติวนา,ไชยปราการ,เล็ก,นอกเมือง,สำนักงานคณะกรรมการการศึกษาขั้นพื้นฐาน,สพป.เชียงใหม่ เขต 3,7,45.24,14.68,40.00,16.90,42.86,12.14,21.43,24.74,46.43,20.82,57.14,17.50
2568,119,เอื้อวิทยา,ไชยปราการ,กลาง,นอกเมือง,สำนักงานคณะกรรมการส่งเสริมการศึกษาเอกชน,-,33,40.40,21.72,27.58,14.15,32.83,20.71,18.18,27.02,21.97,23.64,21.21,19.58
2568,120,ชุมชนบ้านดอยเต่า,ดอยเต่า,เล็ก,นอกเมือง,สำนักงานคณะกรรมการการศึกษาขั้นพื้นฐาน,สพป.เชียงใหม่ เขต 5,9,27.78,20.79,25.56,17.07,40.74,15.93,27.78,34.25,16.67,11.79,19.44,15.71
2568,121,ชุมชนศูนย์อพยพแปลง 4,ดอยเต่า,เล็ก,นอกเมือง,สำนักงานคณะกรรมการการศึกษาขั้นพื้นฐาน,สพป.เชียงใหม่ เขต 5,14,35.71,21.69,34.29,21.29,39.29,24.89,32.14,30.51,32.14,30.51,30.36,28.63
2568,122,บ้านเกาะหลวง,ดอยเต่า,เล็ก,นอกเมือง,สำนักงานคณะกรรมการการศึกษาขั้นพื้นฐาน,สพป.เชียงใหม่ เขต 5,13,23.08,20.19,26.15,10.03,42.31,23.22,23.08,24.93,28.85,25.66,26.92,20.71
2568,123,บ้านงิ้วสูง,ดอยเต่า,เล็ก,นอกเมือง,สำนักงานคณะกรรมการการศึกษาขั้นพื้นฐาน,สพป.เชียงใหม่ เขต 5,7,33.33,15.43,20.00,7.56,28.57,11.66,28.57,36.42,7.14,11.29,17.86,29.01
2568,124,บ้านฉิมพลี,ดอยเต่า,เล็ก,นอกเมือง,สำนักงานคณะกรรมการการศึกษาขั้นพื้นฐาน,สพป.เชียงใหม่ เขต 5,10,36.67,24.49,24.00,18.55,43.33,21.34,20.00,24.49,25.00,25.00,25.00,27.39
2568,125,บ้านถิ่นสำราญ,ดอยเต่า,เล็ก,นอกเมือง,สำนักงานคณะกรรมการการศึกษาขั้นพื้นฐาน,สพป.เชียงใหม่ เขต 5,6,33.33,25.46,31.67,13.44,36.11,14.96,8.33,18.63,41.67,18.63,20.83,17.18
2568,126,บ้านโท้งวิทยา,ดอยเต่า,เล็ก,นอกเมือง,สำนักงานคณะกรรมการการศึกษาขั้นพื้นฐาน,สพป.เชียงใหม่ เขต 5,22,28.79,18.24,17.27,10.52,27.27,17.07,20.45,28.84,21.59,20.36,15.91,20.71
2568,127,บ้านน้อยห้วยรินวิทยา,ดอยเต่า,เล็ก,นอกเมือง,สำนักงานคณะกรรมการการศึกษาขั้นพื้นฐาน,สพป.เชียงใหม่ เขต 5,15,26.67,13.33,25.33,10.87,17.78,11.33,33.33,23.57,25.00,18.26,25.00,15.81
2568,128,บ้านบงตัน,ดอยเต่า,เล็ก,นอกเมือง,สำนักงานคณะกรรมการการศึกษาขั้นพื้นฐาน,สพป.เชียงใหม่ เขต 5,18,17.59,13.00,17.22,12.83,22.22,16.67,22.22,24.85,18.06,21.74,22.22,23.41
2568,129,บ้านโปง,ดอยเต่า,เล็ก,นอกเมือง,สำนักงานคณะกรรมการการศึกษาขั้นพื้นฐาน,สพป.เชียงใหม่ เขต 5,13,29.49,18.67,22.31,8.90,33.33,19.61,15.38,23.08,23.08,20.71,26.92,18.24
2568,130,บ้านโปงทุ่ง,ดอยเต่า,เล็ก,นอกเมือง,สำนักงานคณะกรรมการการศึกษาขั้นพื้นฐาน,สพป.เชียงใหม่ เขต 5,9,22.22,13.61,22.22,11.33,37.04,17.17,22.22,34.25,25.00,16.67,27.78,21.87
2568,131,บ้านผาจุก,ดอยเต่า,เล็ก,นอกเมือง,สำนักงานคณะกรรมการการศึกษาขั้นพื้นฐาน,สพป.เชียงใหม่ เขต 5,6,13.89,11.45,16.67,4.71,30.56,17.79,25.00,25.00,20.83,22.44,25.00,28.87
2568,132,บ้านแม่ตูบ,ดอยเต่า,เล็ก,นอกเมือง,สำนักงานคณะกรรมการการศึกษาขั้นพื้นฐาน,สพป.เชียงใหม่ เขต 5,14,35.71,20.76,30.71,15.80,42.86,31.32,17.86,23.96,35.71,26.24,19.64,27.02
2568,133,บ้านแม่บวน,ดอยเต่า,เล็ก,นอกเมือง,สำนักงานคณะกรรมการการศึกษาขั้นพื้นฐาน,สพป.เชียงใหม่ เขต 5,11,19.70,15.60,27.27,8.62,30.30,22.27,13.64,22.27,18.18,15.41,15.91,16.07
2568,134,บ้านไร่,ดอยเต่า,เล็ก,นอกเมือง,สำนักงานคณะกรรมการการศึกษาขั้นพื้นฐาน,สพป.เชียงใหม่ เขต 5,11,39.39,28.67,35.45,18.27,43.94,25.89,27.27,24.90,34.09,16.07,34.09,16.07
2568,135,บ้านวังหม้อ,ดอยเต่า,เล็ก,นอกเมือง,สำนักงานคณะกรรมการการศึกษาขั้นพื้นฐาน,สพป.เชียงใหม่ เขต 5,5,16.67,10.54,24.00,20.59,46.67,6.67,10.00,20.00,20.00,18.71,35.00,25.50
2568,136,บ้านวังหลวง,ดอยเต่า,เล็ก,นอกเมือง,สำนักงานคณะกรรมการการศึกษาขั้นพื้นฐาน,สพป.เชียงใหม่ เขต 5,6,25.00,15.96,21.67,8.98,27.78,7.86,16.67,23.57,25.00,28.87,16.67,18.63
2568,137,บ้านสันติสุข,ดอยเต่า,เล็ก,นอกเมือง,สำนักงานคณะกรรมการการศึกษาขั้นพื้นฐาน,สพป.เชียงใหม่ เขต 5,5,33.33,29.81,26.00,16.25,40.00,22.61,20.00,24.49,30.00,36.74,25.00,15.81
2568,138,บ้านหนองผักบุ้ง,ดอยเต่า,เล็ก,นอกเมือง,สำนักงานคณะกรรมการการศึกษาขั้นพื้นฐาน,สพป.เชียงใหม่ เขต 5,4,33.33,11.79,40.00,12.25,20.83,13.82,50.00,35.36,25.00,17.68,18.75,32.48
2568,139,บ้านแอ่นจัดสรร,ดอยเต่า,เล็ก,นอกเมือง,สำนักงานคณะกรรมการการศึกษาขั้นพื้นฐาน,สพป.เชียงใหม่ เขต 5,6,25.00,15.96,11.67,12.13,38.89,20.79,33.33,37.27,25.00,14.43,41.67,11.79
2568,140,บ้านแอ่นใหม่,ดอยเต่า,เล็ก,นอกเมือง,สำนักงานคณะกรรมการการศึกษาขั้นพื้นฐาน,สพป.เชียงใหม่ เขต 5,1,33.33,0.00,0.00,0.00,33.33,0.00,0.00,0.00,50.00,0.00,25.00,0.00
2568,141,ศูนย์อพยพแปลง 2,ดอยเต่า,เล็ก,นอกเมือง,สำนักงานคณะกรรมการการศึกษาขั้นพื้นฐาน,สพป.เชียงใหม่ เขต 5,5,23.33,24.94,30.00,10.95,46.67,28.67,40.00,20.00,30.00,10.00,20.00,10.00
2568,142,ศูนย์อพยพแปลง 5,ดอยเต่า,เล็ก,นอกเมือง,สำนักงานคณะกรรมการการศึกษาขั้นพื้นฐาน,สพป.เชียงใหม่ เขต 5,9,25.93,17.76,26.67,11.55,25.93,19.42,16.67,23.57,13.89,20.79,16.67,16.67
2568,143,ศูนย์อพยพแปลง 8,ดอยเต่า,เล็ก,นอกเมือง,สำนักงานคณะกรรมการการศึกษาขั้นพื้นฐาน,สพป.เชียงใหม่ เขต 5,7,45.24,29.16,34.29,18.41,40.48,23.33,42.86,31.94,35.71,18.21,28.57,20.82
2568,144,ชลประทานผาแตก,ดอยสะเก็ด,กลาง,นอกเมือง,สำนักงานคณะกรรมการการศึกษาขั้นพื้นฐาน,สพป.เชียงใหม่ เขต 1,57,28.65,17.59,26.49,14.20,28.07,19.03,25.44,25.00,27.63,22.30,24.56,18.43
2568,145,เทพเสด็จวิทยา,ดอยสะเก็ด,เล็ก,นอกเมือง,สำนักงานคณะกรรมการการศึกษาขั้นพื้นฐาน,สพป.เชียงใหม่ เขต 1,5,20.00,12.47,24.00,8.00,16.67,18.26,40.00,20.00,20.00,29.15,30.00,24.49
2568,146,เทศบาลตลาดใหญ่,ดอยสะเก็ด,เล็ก,นอกเมือง,กรมส่งเสริมการปกครองท้องถิ่น,ท้องถิ่นจังหวัดเชียงใหม่,6,41.67,15.96,20.00,11.55,41.67,12.73,33.33,23.57,25.00,20.41,25.00,25.00
2568,147,บริรักศึกษาเชียงใหม่,ดอยสะเก็ด,เล็ก,นอกเมือง,สำนักงานคณะกรรมการส่งเสริมการศึกษาเอกชน,-,17,44.12,22.82,41.18,23.98,47.06,30.38,35.29,33.28,25.00,24.25,35.29,32.15
2568,148,บ้านเชิงดอย(ดอยสะเก็ดศึกษา),ดอยสะเก็ด,ใหญ่,นอกเมือง,สำนักงานคณะกรรมการการศึกษาขั้นพื้นฐาน,สพป.เชียงใหม่ เขต 1,115,37.39,21.38,31.04,18.71,38.84,25.70,27.39,29.67,30.87,26.85,26.52,25.39
2568,149,บ้านตลาดขี้เหล็ก,ดอยสะเก็ด,เล็ก,นอกเมือง,สำนักงานคณะกรรมการการศึกษาขั้นพื้นฐาน,สพป.เชียงใหม่ เขต 1,6,38.89,22.91,33.33,22.11,27.78,20.79,33.33,23.57,20.83,22.44,33.33,31.18
2568,150,บ้านบ่อหิน,ดอยสะเก็ด,เล็ก,นอกเมือง,สำนักงานคณะกรรมการการศึกษาขั้นพื้นฐาน,สพป.เชียงใหม่ เขต 1,19,29.82,24.53,23.16,15.91,46.49,23.93,10.53,20.38,34.21,21.78,30.26,27.60
2568,151,บ้านป่าขุย,ดอยสะเก็ด,เล็ก,นอกเมือง,สำนักงานคณะกรรมการการศึกษาขั้นพื้นฐาน,สพป.เชียงใหม่ เขต 1,10,26.67,18.56,30.00,11.83,23.33,18.56,25.00,33.54,20.00,15.00,27.50,17.50
2568,152,บ้านปางแดง,ดอยสะเก็ด,เล็ก,นอกเมือง,สำนักงานคณะกรรมการการศึกษาขั้นพื้นฐาน,สพป.เชียงใหม่ เขต 1,8,18.75,9.99,32.50,8.29,31.25,15.45,25.00,35.36,31.25,16.54,21.88,26.33
2568,153,บ้านปางน้ำถุ,ดอยสะเก็ด,เล็ก,นอกเมือง,สำนักงานคณะกรรมการการศึกษาขั้นพื้นฐาน,สพป.เชียงใหม่ เขต 1,5,26.67,17.00,26.00,13.56,33.33,21.08,20.00,24.49,30.00,18.71,30.00,18.71
2568,154,บ้านป่างิ้ว,ดอยสะเก็ด,เล็ก,นอกเมือง,สำนักงานคณะกรรมการการศึกษาขั้นพื้นฐาน,สพป.เชียงใหม่ เขต 1,5,26.67,8.16,22.00,14.70,23.33,8.16,20.00,24.49,30.00,29.15,25.00,0.00
2568,155,บ้านป่าป้อง,ดอยสะเก็ด,เล็ก,นอกเมือง,สำนักงานคณะกรรมการการศึกษาขั้นพื้นฐาน,สพป.เชียงใหม่ เขต 1,4,33.33,16.67,30.00,7.07,29.17,24.65,12.50,21.65,25.00,17.68,50.00,30.62
2568,156,บ้านป่าไม้แดง,ดอยสะเก็ด,กลาง,นอกเมือง,สำนักงานคณะกรรมการการศึกษาขั้นพื้นฐาน,สพป.เชียงใหม่ เขต 1,30,27.78,21.66,29.33,18.96,25.56,20.52,21.67,27.94,23.33,28.09,28.33,22.11
2568,157,บ้านป่าเสร้า,ดอยสะเก็ด,กลาง,นอกเมือง,สำนักงานคณะกรรมการการศึกษาขั้นพื้นฐาน,สพป.เชียงใหม่ เขต 1,30,35.56,23.07,28.67,16.48,28.33,26.93,23.33,28.09,22.50,22.68,25.83,29.21
2568,158,บ้านป่าเหมือด,ดอยสะเก็ด,เล็ก,นอกเมือง,สำนักงานคณะกรรมการการศึกษาขั้นพื้นฐาน,สพป.เชียงใหม่ เขต 1,33,30.81,19.73,27.58,14.36,32.83,24.78,19.70,24.43,35.61,26.13,31.06,20.44
2568,159,บ้านโป่งกุ่ม,ดอยสะเก็ด,เล็ก,นอกเมือง,สำนักงานคณะกรรมการการศึกษาขั้นพื้นฐาน,สพป.เชียงใหม่ เขต 1,6,36.11,14.96,20.00,5.77,27.78,15.71,8.33,18.63,45.83,22.44,29.17,17.18
2568,160,บ้านแม่ดอกแดง,ดอยสะเก็ด,เล็ก,นอกเมือง,สำนักงานคณะกรรมการการศึกษาขั้นพื้นฐาน,สพป.เชียงใหม่ เขต 1,14,29.76,14.34,25.71,12.94,22.62,14.92,25.00,25.00,35.71,32.34,19.64,10.26
2568,161,บ้านแม่หวาน,ดอยสะเก็ด,เล็ก,นอกเมือง,สำนักงานคณะกรรมการการศึกษาขั้นพื้นฐาน,สพป.เชียงใหม่ เขต 1,9,18.52,14.58,22.22,13.97,24.07,11.42,38.89,39.28,33.33,20.41,22.22,24.85
2568,162,บ้านแม่ฮ้อยเงิน,ดอยสะเก็ด,เล็ก,นอกเมือง,สำนักงานคณะกรรมการการศึกษาขั้นพื้นฐาน,สพป.เชียงใหม่ เขต 1,3,5.56,7.86,20.00,14.14,33.33,13.61,50.00,40.82,33.33,23.57,16.67,11.79
2568,163,บ้านร้องขี้เหล็ก,ดอยสะเก็ด,เล็ก,นอกเมือง,สำนักงานคณะกรรมการการศึกษาขั้นพื้นฐาน,สพป.เชียงใหม่ เขต 1,9,14.81,19.95,28.89,9.94,27.78,19.25,16.67,23.57,19.44,22.91,22.22,18.43
2568,164,บ้านลวงเหนือ,ดอยสะเก็ด,เล็ก,นอกเมือง,สำนักงานคณะกรรมการการศึกษาขั้นพื้นฐาน,สพป.เชียงใหม่ เขต 1,12,31.94,10.67,30.00,15.28,27.78,14.16,37.50,21.65,20.83,24.65,27.08,23.84
2568,165,บ้านสันทราย,ดอยสะเก็ด,เล็ก,นอกเมือง,สำนักงานคณะกรรมการการศึกษาขั้นพื้นฐาน,สพป.เชียงใหม่ เขต 1,2,33.33,16.67,30.00,0.00,33.33,0.00,0.00,0.00,25.00,0.00,12.50,12.50
2568,166,เพื่อชีวิตเชียงใหม่,ดอยสะเก็ด,เล็ก,นอกเมือง,สำนักงานคณะกรรมการส่งเสริมการศึกษาเอกชน,-,17,16.67,16.17,22.94,12.73,26.47,16.23,23.53,24.96,17.65,16.64,25.00,19.17
2568,167,แม่คือวิทยา,ดอยสะเก็ด,กลาง,นอกเมือง,สำนักงานคณะกรรมการการศึกษาขั้นพื้นฐาน,สพป.เชียงใหม่ เขต 1,41,24.80,16.92,29.51,13.78,28.05,17.44,25.61,27.32,25.00,19.13,24.39,17.01
2568,168,แม่โป่งประชาสามัคคี,ดอยสะเก็ด,เล็ก,นอกเมือง,สำนักงานคณะกรรมการการศึกษาขั้นพื้นฐาน,สพป.เชียงใหม่ เขต 1,10,35.00,18.93,31.00,13.00,21.67,15.00,20.00,24.49,20.00,24.49,15.00,16.58
2568,169,ไมตรีจิตคริสเตียนเชียงใหม่,ดอยสะเก็ด,กลาง,นอกเมือง,สำนักงานคณะกรรมการส่งเสริมการศึกษาเอกชน,-,18,25.93,18.61,30.56,13.53,29.63,21.91,22.22,24.85,16.67,14.43,22.22,18.43
2568,170,กรป.กลางอุปถัมภ์,ดอยหล่อ,เล็ก,นอกเมือง,สำนักงานคณะกรรมการการศึกษาขั้นพื้นฐาน,สพป.เชียงใหม่ เขต 4,18,21.30,19.09,26.67,11.06,26.85,21.62,11.11,20.79,19.44,19.64,25.00,22.05
2568,171,ดอยหล่อวิทยา,ดอยหล่อ,เล็ก,นอกเมือง,กรมส่งเสริมการปกครองท้องถิ่น,ท้องถิ่นจังหวัดเชียงใหม่,15,24.44,20.96,17.33,12.89,30.00,19.44,43.33,35.90,28.33,20.14,25.00,25.82
2568,172,เทศบาลตำบลวัดสองแคว,ดอยหล่อ,เล็ก,นอกเมือง,กรมส่งเสริมการปกครองท้องถิ่น,ท้องถิ่นจังหวัดเชียงใหม่,9,35.19,22.83,25.56,19.50,48.15,27.72,11.11,20.79,38.89,26.64,36.11,31.43
2568,173,บ้านดงป่าหวาย,ดอยหล่อ,เล็ก,นอกเมือง,สำนักงานคณะกรรมการการศึกษาขั้นพื้นฐาน,สพป.เชียงใหม่ เขต 4,3,27.78,7.86,30.00,0.00,22.22,31.43,16.67,23.57,0.00,0.00,16.67,11.79
2568,174,บ้านสามหลัง,ดอยหล่อ,เล็ก,นอกเมือง,สำนักงานคณะกรรมการการศึกษาขั้นพื้นฐาน,สพป.เชียงใหม่ เขต 4,19,26.32,15.59,22.11,14.36,25.44,18.23,23.68,24.97,19.74,13.03,22.37,21.30
2568,175,บ้านห้วยน้ำขาว,ดอยหล่อ,เล็ก,นอกเมือง,สำนักงานคณะกรรมการการศึกษาขั้นพื้นฐาน,สพป.เชียงใหม่ เขต 4,8,27.08,16.54,23.75,17.28,29.17,18.16,12.50,21.65,46.88,14.99,18.75,20.73
2568,176,บ้านหัวข่วง,ดอยหล่อ,เล็ก,นอกเมือง,สำนักงานคณะกรรมการการศึกษาขั้นพื้นฐาน,สพป.เชียงใหม่ เขต 4,7,52.38,20.76,32.86,11.61,26.19,12.14,21.43,24.74,21.43,15.97,28.57,24.74
2568,177,บ้านเหล่าเป้า,ดอยหล่อ,เล็ก,นอกเมือง,สำนักงานคณะกรรมการการศึกษาขั้นพื้นฐาน,สพป.เชียงใหม่ เขต 4,17,29.41,18.55,30.00,14.55,29.41,16.70,17.65,23.89,26.47,24.96,30.88,25.04
2568,178,บ้านใหม่หนองหอย,ดอยหล่อ,เล็ก,นอกเมือง,สำนักงานคณะกรรมการการศึกษาขั้นพื้นฐาน,สพป.เชียงใหม่ เขต 4,17,23.53,19.01,23.53,12.81,35.29,17.97,17.65,23.89,22.06,20.80,20.59,15.42
2568,179,วัดดอนชื่น,ดอยหล่อ,เล็ก,นอกเมือง,สำนักงานคณะกรรมการการศึกษาขั้นพื้นฐาน,สพป.เชียงใหม่ เขต 4,4,41.67,34.36,20.00,10.00,16.67,16.67,12.50,21.65,31.25,20.73,37.50,21.65
2568,180,วัดวังขามป้อม,ดอยหล่อ,เล็ก,นอกเมือง,สำนักงานคณะกรรมการการศึกษาขั้นพื้นฐาน,สพป.เชียงใหม่ เขต 4,6,30.56,14.96,36.67,18.86,22.22,12.42,41.67,34.36,29.17,22.44,29.17,17.18
2568,181,วัดศรีดอนชัย,ดอยหล่อ,เล็ก,นอกเมือง,สำนักงานคณะกรรมการการศึกษาขั้นพื้นฐาน,สพป.เชียงใหม่ เขต 4,11,39.39,23.86,26.36,19.20,27.27,20.44,18.18,32.14,15.91,19.28,31.82,21.56
2568,182,วัดหนองหลั้ว,ดอยหล่อ,เล็ก,นอกเมือง,สำนักงานคณะกรรมการการศึกษาขั้นพื้นฐาน,สพป.เชียงใหม่ เขต 4,7,23.81,15.06,30.00,18.52,16.67,17.82,21.43,24.74,14.29,18.21,25.00,26.73
2568,183,เจ้าแม่หลวงอุปถัมภ์ 1,ฝาง,กลาง,นอกเมือง,สำนักงานคณะกรรมการการศึกษาขั้นพื้นฐาน,สพป.เชียงใหม่ เขต 3,27,36.42,17.59,26.67,18.05,30.86,22.08,18.52,24.15,16.67,19.25,20.37,20.45
2568,184,ฉือจี้เชียงใหม่,ฝาง,กลาง,นอกเมือง,สำนักงานคณะกรรมการส่งเสริมการศึกษาเอกชน,-,90,46.67,26.32,38.56,21.06,48.15,29.65,30.56,33.91,33.33,30.05,31.67,26.30
2568,185,ชุมชนบ้านแม่สูนหลวง,ฝาง,เล็ก,นอกเมือง,สำนักงานคณะกรรมการการศึกษาขั้นพื้นฐาน,สพป.เชียงใหม่ เขต 3,9,27.78,26.06,33.33,15.63,20.37,18.89,33.33,23.57,25.00,26.35,16.67,26.35
2568,186,เทพศิรินทร์๙โครงการหลวงในพระบรมราชูปถัมภ์,ฝาง,เล็ก,นอกเมือง,สำนักงานคณะกรรมการการศึกษาขั้นพื้นฐาน,สพป.เชียงใหม่ เขต 3,10,41.67,23.86,28.00,14.70,55.00,18.33,25.00,33.54,30.00,18.71,32.50,19.53
2568,187,เทศบาลเวียงฝาง,ฝาง,กลาง,นอกเมือง,กรมส่งเสริมการปกครองท้องถิ่น,ท้องถิ่นจังหวัดเชียงใหม่,31,33.33,20.30,25.16,14.11,30.11,25.19,20.97,27.75,16.13,19.62,29.03,21.15
2568,188,บ้านขอบด้ง,ฝาง,กลาง,นอกเมือง,สำนักงานคณะกรรมการการศึกษาขั้นพื้นฐาน,สพป.เชียงใหม่ เขต 3,15,26.67,15.87,26.67,12.47,26.67,11.86,20.00,24.49,21.67,23.92,20.00,20.82
2568,189,บ้านดงป่าลัน,ฝาง,เล็ก,นอกเมือง,สำนักงานคณะกรรมการการศึกษาขั้นพื้นฐาน,สพป.เชียงใหม่ เขต 3,4,16.67,11.79,25.00,16.58,45.83,7.22,25.00,25.00,18.75,10.83,25.00,17.68
2568,190,บ้านเด่นใหม่,ฝาง,เล็ก,นอกเมือง,สำนักงานคณะกรรมการการศึกษาขั้นพื้นฐาน,สพป.เชียงใหม่ เขต 3,8,18.75,15.45,21.25,9.27,20.83,11.02,31.25,34.80,21.88,23.18,12.50,17.68
2568,191,บ้านต้นผึ้ง,ฝาง,เล็ก,นอกเมือง,สำนักงานคณะกรรมการการศึกษาขั้นพื้นฐาน,สพป.เชียงใหม่ เขต 3,19,29.82,23.93,29.47,16.38,30.70,22.47,34.21,28.34,21.05,21.86,18.42,19.60
2568,192,บ้านต้นส้าน,ฝาง,เล็ก,นอกเมือง,สำนักงานคณะกรรมการการศึกษาขั้นพื้นฐาน,สพป.เชียงใหม่ เขต 3,11,27.27,16.32,22.73,8.62,27.27,17.80,22.73,32.78,27.27,19.81,18.18,15.41
2568,193,บ้านทุ่งหลุก,ฝาง,เล็ก,นอกเมือง,สำนักงานคณะกรรมการการศึกษาขั้นพื้นฐาน,สพป.เชียงใหม่ เขต 3,5,26.67,8.16,24.00,8.00,23.33,22.61,20.00,24.49,10.00,12.25,5.00,10.00
2568,194,บ้านปางปอย,ฝาง,กลาง,นอกเมือง,สำนักงานคณะกรรมการการศึกษาขั้นพื้นฐาน,สพป.เชียงใหม่ เขต 3,27,24.07,13.09,24.81,13.16,27.16,14.45,25.93,28.45,36.11,22.91,25.93,15.93
2568,195,บ้านปางสัก,ฝาง,เล็ก,นอกเมือง,สำนักงานคณะกรรมการการศึกษาขั้นพื้นฐาน,สพป.เชียงใหม่ เขต 3,13,51.28,20.11,51.54,23.15,55.13,20.03,46.15,30.77,25.00,31.01,44.23,28.00
2568,196,บ้านป่าบง,ฝาง,เล็ก,นอกเมือง,สำนักงานคณะกรรมการการศึกษาขั้นพื้นฐาน,สพป.เชียงใหม่ เขต 3,11,13.64,13.89,26.36,12.26,22.73,20.44,27.27,24.90,27.27,22.50,13.64,16.39
2568,197,บ้านโป่งถืบ,ฝาง,กลาง,นอกเมือง,สำนักงานคณะกรรมการการศึกษาขั้นพื้นฐาน,สพป.เชียงใหม่ เขต 3,11,27.27,19.17,26.36,12.98,18.18,16.60,4.55,14.37,18.18,18.74,18.18,18.74
2568,198,บ้านโป่งนก,ฝาง,กลาง,นอกเมือง,สำนักงานคณะกรรมการการศึกษาขั้นพื้นฐาน,สพป.เชียงใหม่ เขต 3,21,31.75,19.18,27.14,14.85,38.10,23.08,19.05,24.28,16.67,17.82,20.24,19.85
2568,199,บ้านโป่งน้ำร้อน,ฝาง,เล็ก,นอกเมือง,สำนักงานคณะกรรมการการศึกษาขั้นพื้นฐาน,สพป.เชียงใหม่ เขต 3,7,19.05,18.75,21.43,8.33,28.57,11.66,7.14,17.50,35.71,29.45,35.71,26.24
2568,200,บ้านม่วงชุม,ฝาง,กลาง,นอกเมือง,สำนักงานคณะกรรมการการศึกษาขั้นพื้นฐาน,สพป.เชียงใหม่ เขต 3,37,23.87,21.06,19.73,11.97,27.03,18.72,22.97,27.50,21.62,25.44,22.30,18.18
2568,201,บ้านม่อนปิ่น,ฝาง,กลาง,นอกเมือง,สำนักงานคณะกรรมการการศึกษาขั้นพื้นฐาน,สพป.เชียงใหม่ เขต 3,22,23.48,15.62,23.64,16.66,27.27,20.44,34.09,31.57,23.86,24.40,22.73,22.50
2568,202,บ้านแม่ข่า,ฝาง,กลาง,นอกเมือง,สำนักงานคณะกรรมการการศึกษาขั้นพื้นฐาน,สพป.เชียงใหม่ เขต 3,16,39.58,28.18,39.37,22.49,41.67,25.69,34.37,34.09,25.00,25.00,32.81,26.10
2568,203,บ้านแม่คะ,ฝาง,กลาง,นอกเมือง,สำนักงานคณะกรรมการการศึกษาขั้นพื้นฐาน,สพป.เชียงใหม่ เขต 3,11,24.24,17.93,27.27,14.83,28.79,17.54,22.73,32.78,27.27,24.90,25.00,18.46
2568,204,บ้านแม่งอนกลาง,ฝาง,เล็ก,นอกเมือง,สำนักงานคณะกรรมการการศึกษาขั้นพื้นฐาน,สพป.เชียงใหม่ เขต 3,6,38.89,7.86,25.00,9.57,33.33,13.61,0.00,0.00,20.83,9.32,25.00,25.00
2568,205,บ้านแม่งอนขี้เหล็ก,ฝาง,กลาง,นอกเมือง,กรมส่งเสริมการปกครองท้องถิ่น,ท้องถิ่นจังหวัดเชียงใหม่,31,30.11,22.96,26.13,15.17,37.10,24.58,25.81,28.03,25.00,23.76,27.42,23.21
2568,206,บ้านแม่ใจ,ฝาง,เล็ก,นอกเมือง,สำนักงานคณะกรรมการการศึกษาขั้นพื้นฐาน,สพป.เชียงใหม่ เขต 3,4,25.00,18.63,20.00,10.00,29.17,24.65,12.50,21.65,56.25,20.73,12.50,12.50
2568,207,บ้านแม่สูนน้อย,ฝาง,เล็ก,นอกเมือง,สำนักงานคณะกรรมการการศึกษาขั้นพื้นฐาน,สพป.เชียงใหม่ เขต 3,17,24.51,20.70,22.35,14.36,29.41,19.41,14.71,22.78,35.29,22.78,22.06,18.95
2568,208,บ้านยาง,ฝาง,เล็ก,นอกเมือง,สำนักงานคณะกรรมการการศึกษาขั้นพื้นฐาน,สพป.เชียงใหม่ เขต 3,6,30.56,20.22,30.00,12.91,22.22,7.86,0.00,0.00,16.67,18.63,29.17,17.18
2568,209,บ้านล้องอ้อ,ฝาง,เล็ก,นอกเมือง,กรมส่งเสริมการปกครองท้องถิ่น,ท้องถิ่นจังหวัดเชียงใหม่,28,29.76,15.66,26.79,13.11,27.98,18.93,17.86,27.43,16.96,17.75,25.00,18.90
2568,210,บ้านลาน,ฝาง,กลาง,นอกเมือง,สำนักงานคณะกรรมการการศึกษาขั้นพื้นฐาน,สพป.เชียงใหม่ เขต 3,15,36.67,22.11,28.67,14.54,36.67,18.46,23.33,24.94,20.00,20.82,26.67,21.34
2568,211,บ้านเวียงฝาง,ฝาง,ใหญ่,นอกเมือง,สำนักงานคณะกรรมการการศึกษาขั้นพื้นฐาน,สพป.เชียงใหม่ เขต 3,119,30.11,19.84,25.80,16.78,33.19,22.61,14.29,24.38,30.46,23.85,30.46,21.54
2568,212,บ้านเวียงหวาย,ฝาง,กลาง,นอกเมือง,สำนักงานคณะกรรมการการศึกษาขั้นพื้นฐาน,สพป.เชียงใหม่ เขต 3,13,20.51,13.32,26.15,10.77,21.79,18.93,26.92,31.72,21.15,19.23,25.00,13.87
2568,213,บ้านศรีดอนชัย,ฝาง,เล็ก,นอกเมือง,สำนักงานคณะกรรมการการศึกษาขั้นพื้นฐาน,สพป.เชียงใหม่ เขต 3,3,27.78,7.86,16.67,9.43,44.44,7.86,16.67,23.57,8.33,11.79,16.67,11.79
2568,214,บ้านสันต้นดู่,ฝาง,เล็ก,นอกเมือง,สำนักงานคณะกรรมการการศึกษาขั้นพื้นฐาน,สพป.เชียงใหม่ เขต 3,12,33.33,25.46,24.17,9.54,36.11,21.34,4.17,13.82,16.67,11.79,33.33,27.64
2568,215,บ้านสันต้นเปา,ฝาง,เล็ก,นอกเมือง,สำนักงานคณะกรรมการการศึกษาขั้นพื้นฐาน,สพป.เชียงใหม่ เขต 3,1,33.33,0.00,20.00,0.00,50.00,0.00,0.00,0.00,25.00,0.00,25.00,0.00
2568,216,บ้านสันทราย,ฝาง,เล็ก,นอกเมือง,สำนักงานคณะกรรมการการศึกษาขั้นพื้นฐาน,สพป.เชียงใหม่ เขต 3,11,24.24,28.75,30.00,27.30,42.42,26.93,13.64,22.27,25.00,18.46,38.64,34.32
2568,217,บ้านสันทรายคองน้อย,ฝาง,กลาง,นอกเมือง,สำนักงานคณะกรรมการการศึกษาขั้นพื้นฐาน,สพป.เชียงใหม่ เขต 3,4,37.50,21.65,25.00,15.00,58.33,27.64,12.50,21.65,18.75,20.73,37.50,12.50
2568,218,บ้านสันป่าแดง,ฝาง,เล็ก,นอกเมือง,สำนักงานคณะกรรมการการศึกษาขั้นพื้นฐาน,สพป.เชียงใหม่ เขต 3,6,30.56,17.79,13.33,9.43,13.89,11.45,33.33,37.27,37.50,19.09,33.33,23.57
2568,219,บ้านสันม่วง,ฝาง,เล็ก,นอกเมือง,สำนักงานคณะกรรมการการศึกษาขั้นพื้นฐาน,สพป.เชียงใหม่ เขต 3,6,33.33,23.57,30.00,28.87,44.44,24.85,25.00,38.19,29.17,26.68,41.67,27.64
2568,220,บ้านหนองขวาง,ฝาง,เล็ก,นอกเมือง,สำนักงานคณะกรรมการการศึกษาขั้นพื้นฐาน,สพป.เชียงใหม่ เขต 3,3,38.89,7.86,23.33,4.71,44.44,15.71,0.00,0.00,50.00,20.41,33.33,11.79
2568,221,บ้านหนองยาว,ฝาง,เล็ก,นอกเมือง,สำนักงานคณะกรรมการการศึกษาขั้นพื้นฐาน,สพป.เชียงใหม่ เขต 3,14,26.19,17.50,30.00,13.09,35.71,16.50,10.71,20.52,17.86,23.96,16.07,15.26
2568,222,บ้านหลวง,ฝาง,กลาง,นอกเมือง,สำนักงานคณะกรรมการการศึกษาขั้นพื้นฐาน,สพป.เชียงใหม่ เขต 3,29,28.74,20.48,23.45,13.20,28.74,19.52,32.76,30.16,32.76,21.88,21.55,20.47
2568,223,บ้านหล่ายฝาง,ฝาง,เล็ก,นอกเมือง,กรมส่งเสริมการปกครองท้องถิ่น,ท้องถิ่นจังหวัดเชียงใหม่,21,27.78,16.53,27.14,9.33,30.16,17.53,16.67,23.57,22.62,21.69,13.10,14.68
2568,224,บ้านห้วยไคร้,ฝาง,เล็ก,นอกเมือง,สำนักงานคณะกรรมการการศึกษาขั้นพื้นฐาน,สพป.เชียงใหม่ เขต 3,16,26.04,16.63,25.00,14.14,33.33,16.67,18.75,24.21,31.25,24.21,17.19,17.04
2568,225,บ้านห้วยงูกลาง,ฝาง,เล็ก,นอกเมือง,สำนักงานคณะกรรมการการศึกษาขั้นพื้นฐาน,สพป.เชียงใหม่ เขต 3,14,21.43,18.29,28.57,13.01,30.95,13.88,3.57,12.88,21.43,15.97,17.86,22.02
2568,226,บ้านห้วยบอน,ฝาง,เล็ก,นอกเมือง,สำนักงานคณะกรรมการการศึกษาขั้นพื้นฐาน,สพป.เชียงใหม่ เขต 3,7,33.33,29.55,27.14,28.14,35.71,28.77,21.43,36.42,35.71,29.45,21.43,33.88
2568,227,บ้านห้วยหมากเลี่ยม,ฝาง,กลาง,นอกเมือง,สำนักงานคณะกรรมการการศึกษาขั้นพื้นฐาน,สพป.เชียงใหม่ เขต 3,28,25.00,16.37,23.93,16.33,27.98,23.17,16.07,26.90,27.68,19.29,21.43,20.82
2568,228,บ้านห้วยห้อม,ฝาง,เล็ก,นอกเมือง,สำนักงานคณะกรรมการการศึกษาขั้นพื้นฐาน,สพป.เชียงใหม่ เขต 3,8,18.75,15.45,27.50,17.14,27.08,18.52,31.25,34.80,18.75,20.73,34.38,24.80
2568,229,บ้านห้วยเฮี่ยน,ฝาง,เล็ก,นอกเมือง,สำนักงานคณะกรรมการการศึกษาขั้นพื้นฐาน,สพป.เชียงใหม่ เขต 3,12,27.78,17.12,21.67,15.72,18.06,15.90,20.83,24.65,31.25,14.88,27.08,21.55
2568,230,บ้านหัวนา,ฝาง,เล็ก,นอกเมือง,สำนักงานคณะกรรมการการศึกษาขั้นพื้นฐาน,สพป.เชียงใหม่ เขต 3,17,18.63,9.71,25.29,14.19,28.43,17.86,23.53,24.96,25.00,21.00,19.12,21.91
2568,231,บ้านหัวฝาย,ฝาง,เล็ก,นอกเมือง,สำนักงานคณะกรรมการการศึกษาขั้นพื้นฐาน,สพป.เชียงใหม่ เขต 3,2,25.00,8.33,25.00,15.00,58.33,25.00,50.00,50.00,12.50,12.50,37.50,12.50
2568,232,บ้านเหมืองแร่,ฝาง,กลาง,นอกเมือง,สำนักงานคณะกรรมการการศึกษาขั้นพื้นฐาน,สพป.เชียงใหม่ เขต 3,10,26.67,18.56,28.00,9.80,38.33,10.67,10.00,20.00,22.50,13.46,27.50,17.50
2568,233,รังษีวิทยา,ฝาง,ใหญ่พิเศษ,นอกเมือง,สำนักงานคณะกรรมการส่งเสริมการศึกษาเอกชน,-,175,47.90,25.61,39.03,22.42,50.29,30.21,25.43,33.75,30.86,26.28,39.43,27.95
2568,234,รัตนาเอื้อวิทยา,ฝาง,ใหญ่,นอกเมือง,สำนักงานคณะกรรมการส่งเสริมการศึกษาเอกชน,-,75,44.89,22.77,29.60,16.61,40.67,24.38,27.33,32.96,28.33,25.28,35.00,24.83
2568,235,วัดนันทาราม,ฝาง,กลาง,นอกเมือง,สำนักงานคณะกรรมการการศึกษาขั้นพื้นฐาน,สพป.เชียงใหม่ เขต 3,6,30.56,17.79,25.00,7.64,33.33,21.52,16.67,23.57,25.00,20.41,16.67,18.63
2568,236,วัดศรีบุญเรือง,ฝาง,เล็ก,นอกเมือง,สำนักงานคณะกรรมการการศึกษาขั้นพื้นฐาน,สพป.เชียงใหม่ เขต 3,16,29.17,16.14,20.62,14.78,31.25,15.45,28.12,30.46,32.81,17.04,21.88,21.42
2568,237,วิรุณเทพ,ฝาง,เล็ก,นอกเมือง,สำนักงานคณะกรรมการการศึกษาขั้นพื้นฐาน,สพป.เชียงใหม่ เขต 3,15,24.44,17.07,22.67,14.36,25.56,13.43,10.00,20.00,21.67,22.11,20.00,18.71
2568,238,สายอักษร,ฝาง,กลาง,นอกเมือง,สำนักงานคณะกรรมการส่งเสริมการศึกษาเอกชน,-,54,47.22,27.73,35.56,19.21,48.46,29.44,18.52,27.72,31.48,27.30,33.80,26.42
2568,239,อาโอยาม่า,ฝาง,เล็ก,นอกเมือง,กองบัญชาการตำรวจตระเวนชายแดน,-,8,22.92,8.07,21.25,14.52,33.33,20.41,0.00,0.00,34.38,24.80,46.88,19.52
2568,240,เจ้าพ่อหลวงอุปถัมภ์ 2,พร้าว,เล็ก,นอกเมือง,กองบัญชาการตำรวจตระเวนชายแดน,-,9,37.04,28.08,43.33,21.08,55.56,30.43,16.67,23.57,47.22,29.92,38.89,23.90
2568,241,ชุมชนบ้านโป่ง,พร้าว,เล็ก,นอกเมือง,สำนักงานคณะกรรมการการศึกษาขั้นพื้นฐาน,สพป.เชียงใหม่ เขต 2,11,33.33,20.10,28.18,11.92,33.33,23.57,18.18,24.05,18.18,15.41,36.36,19.55
2568,242,ชุมชนสหกรณ์นิคมวิทยา,พร้าว,เล็ก,นอกเมือง,สำนักงานคณะกรรมการการศึกษาขั้นพื้นฐาน,สพป.เชียงใหม่ เขต 2,22,19.70,15.60,20.00,12.06,34.09,16.27,20.45,24.58,25.00,21.32,22.73,21.20
2568,243,บ้านขุนแจ๋,พร้าว,เล็ก,นอกเมือง,สำนักงานคณะกรรมการการศึกษาขั้นพื้นฐาน,สพป.เชียงใหม่ เขต 2,3,27.78,7.86,30.00,14.14,33.33,23.57,33.33,47.14,25.00,20.41,25.00,20.41
2568,244,บ้านแจ่งกู่เรือง,พร้าว,กลาง,นอกเมือง,สำนักงานคณะกรรมการการศึกษาขั้นพื้นฐาน,สพป.เชียงใหม่ เขต 2,142,46.71,27.99,35.92,22.18,43.90,29.24,25.35,29.52,33.10,28.23,34.68,28.28
2568,245,บ้านต้นรุง,พร้าว,เล็ก,นอกเมือง,สำนักงานคณะกรรมการการศึกษาขั้นพื้นฐาน,สพป.เชียงใหม่ เขต 2,16,19.79,16.89,26.25,12.18,35.42,23.48,25.00,35.36,21.88,19.52,29.69,22.04
2568,246,บ้านท่ามะเกี๋ยง,พร้าว,เล็ก,นอกเมือง,สำนักงานคณะกรรมการการศึกษาขั้นพื้นฐาน,สพป.เชียงใหม่ เขต 2,6,33.33,31.91,38.33,24.78,22.22,35.57,50.00,28.87,37.50,34.61,45.83,33.59
2568,247,บ้านนาบุญโหล่งขอด,พร้าว,เล็ก,นอกเมือง,สำนักงานคณะกรรมการการศึกษาขั้นพื้นฐาน,สพป.เชียงใหม่ เขต 2,15,32.22,16.63,29.33,16.92,42.22,25.72,23.33,30.91,16.67,14.91,26.67,23.21
2568,248,บ้านป่าตุ้ม,พร้าว,กลาง,นอกเมือง,สำนักงานคณะกรรมการการศึกษาขั้นพื้นฐาน,สพป.เชียงใหม่ เขต 2,21,36.51,25.00,26.67,14.58,28.57,18.65,26.19,29.35,26.19,21.10,26.19,14.38
2568,249,บ้านป่าไหน่,พร้าว,เล็ก,นอกเมือง,สำนักงานคณะกรรมการการศึกษาขั้นพื้นฐาน,สพป.เชียงใหม่ เขต 2,8,31.25,13.01,26.25,12.18,27.08,20.31,18.75,34.80,28.13,14.99,25.00,25.00
2568,250,บ้านแม่ปั๋ง,พร้าว,เล็ก,นอกเมือง,สำนักงานคณะกรรมการการศึกษาขั้นพื้นฐาน,สพป.เชียงใหม่ เขต 2,17,27.45,20.56,29.41,15.52,26.47,16.23,29.41,29.99,22.06,20.80,25.00,19.17
2568,251,บ้านแม่ปาคี,พร้าว,เล็ก,นอกเมือง,สำนักงานคณะกรรมการการศึกษาขั้นพื้นฐาน,สพป.เชียงใหม่ เขต 2,10,25.00,20.07,17.00,11.87,21.67,10.67,25.00,33.54,32.50,19.53,30.00,21.79
2568,252,บ้านแม่เหียะ,พร้าว,เล็ก,นอกเมือง,สำนักงานคณะกรรมการการศึกษาขั้นพื้นฐาน,สพป.เชียงใหม่ เขต 2,14,26.19,10.38,25.00,10.52,25.00,17.54,21.43,24.74,21.43,18.56,28.57,15.97
2568,253,บ้านสันกลาง,พร้าว,เล็ก,นอกเมือง,สำนักงานคณะกรรมการการศึกษาขั้นพื้นฐาน,สพป.เชียงใหม่ เขต 2,4,50.00,11.79,25.00,5.00,33.33,11.79,12.50,21.65,43.75,10.83,31.25,20.73
2568,254,บ้านสันปง,พร้าว,เล็ก,นอกเมือง,สำนักงานคณะกรรมการการศึกษาขั้นพื้นฐาน,สพป.เชียงใหม่ เขต 2,6,44.44,22.91,41.67,22.67,47.22,32.51,16.67,37.27,29.17,17.18,29.17,26.68
2568,255,บ้านหนองปิด,พร้าว,เล็ก,นอกเมือง,สำนักงานคณะกรรมการการศึกษาขั้นพื้นฐาน,สพป.เชียงใหม่ เขต 2,6,25.00,28.46,28.33,12.13,38.89,34.25,25.00,25.00,37.50,31.46,29.17,26.68
2568,256,บ้านหลวง,พร้าว,เล็ก,นอกเมือง,สำนักงานคณะกรรมการการศึกษาขั้นพื้นฐาน,สพป.เชียงใหม่ เขต 2,8,31.25,15.45,23.75,14.95,29.17,16.14,31.25,34.80,28.13,23.18,21.88,14.99
2568,257,บ้านห้วยบง,พร้าว,เล็ก,นอกเมือง,สำนักงานคณะกรรมการการศึกษาขั้นพื้นฐาน,สพป.เชียงใหม่ เขต 2,8,25.00,23.57,17.50,6.61,25.00,20.41,25.00,25.00,18.75,16.54,28.13,29.15
2568,258,ประชาสามัคคีวิทยา,พร้าว,เล็ก,นอกเมือง,สำนักงานคณะกรรมการการศึกษาขั้นพื้นฐาน,สพป.เชียงใหม่ เขต 2,7,64.29,18.75,37.14,16.66,38.10,29.16,28.57,24.74,25.00,35.36,32.14,25.75
2568,259,ประดู่วิทยา,พร้าว,เล็ก,นอกเมือง,สำนักงานคณะกรรมการการศึกษาขั้นพื้นฐาน,สพป.เชียงใหม่ เขต 2,18,28.70,18.26,24.44,14.61,25.00,10.02,27.78,29.92,15.28,14.76,30.56,19.64
2568,260,พร้าวบูรพา,พร้าว,เล็ก,นอกเมือง,สำนักงานคณะกรรมการการศึกษาขั้นพื้นฐาน,สพป.เชียงใหม่ เขต 2,13,24.36,19.19,23.85,16.43,25.64,20.27,42.31,18.04,26.92,26.79,23.08,11.85
2568,261,สหกรณ์ดำริ,พร้าว,เล็ก,นอกเมือง,สำนักงานคณะกรรมการการศึกษาขั้นพื้นฐาน,สพป.เชียงใหม่ เขต 2,10,33.33,24.72,32.00,18.33,21.67,16.75,25.00,25.00,15.00,16.58,15.00,12.25
2568,262,กสิณธร เซนต์เจมส์ เชียงใหม่,เมืองเชียงใหม่,เล็ก,ในเมือง,สำนักงานคณะกรรมการส่งเสริมการศึกษาเอกชน,-,18,86.11,19.44,75.56,23.15,84.26,26.34,69.44,33.91,81.94,27.39,81.94,28.63
2568,263,โกวิทธำรงเชียงใหม่,เมืองเชียงใหม่,ใหญ่,ในเมือง,สำนักงานคณะกรรมการส่งเสริมการศึกษาเอกชน,-,98,53.23,24.01,40.61,22.67,55.61,27.66,22.96,28.72,38.78,26.99,47.70,29.47
2568,264,ขาลสุวรรณอนุสรณ์,เมืองเชียงใหม่,เล็ก,ในเมือง,สำนักงานคณะกรรมการส่งเสริมการศึกษาเอกชน,-,22,39.39,25.89,26.82,17.94,38.64,28.15,22.73,24.90,28.41,24.19,26.14,20.61
2568,265,คำเที่ยงอนุสสรณ์,เมืองเชียงใหม่,กลาง,ในเมือง,สำนักงานคณะกรรมการการศึกษาขั้นพื้นฐาน,สพป.เชียงใหม่ เขต 1,85,42.94,25.49,33.41,17.12,39.22,28.32,24.71,29.33,30.00,24.79,34.71,26.59
2568,266,จิตราวิทยา,เมืองเชียงใหม่,ใหญ่,ในเมือง,สำนักงานคณะกรรมการส่งเสริมการศึกษาเอกชน,-,150,44.78,27.83,35.13,22.02,43.22,31.22,24.67,29.86,36.50,29.24,36.50,28.52
2568,267,เจ้าพ่อหลวงอุปถัมภ์ 1,เมืองเชียงใหม่,เล็ก,ในเมือง,สำนักงานคณะกรรมการการศึกษาขั้นพื้นฐาน,สพป.เชียงใหม่ เขต 1,12,29.17,15.40,22.50,15.88,19.44,16.43,20.83,24.65,27.08,25.94,29.17,28.57
2568,268,ชุมชนเทศบาลวัดศรีดอนไชย,เมืองเชียงใหม่,กลาง,ในเมือง,กรมส่งเสริมการปกครองท้องถิ่น,ท้องถิ่นจังหวัดเชียงใหม่,24,40.28,24.49,33.33,19.08,42.36,31.91,29.17,35.11,38.54,32.26,36.46,29.74
2568,269,ชุมชนบ้านบวกครกน้อย,เมืองเชียงใหม่,กลาง,ในเมือง,สำนักงานคณะกรรมการการศึกษาขั้นพื้นฐาน,สพป.เชียงใหม่ เขต 1,42,30.95,24.55,31.19,14.18,40.48,22.46,25.00,31.34,33.93,23.67,34.52,25.56
2568,270,ชุมชนวัดท่าเดื่อ,เมืองเชียงใหม่,เล็ก,ในเมือง,สำนักงานคณะกรรมการการศึกษาขั้นพื้นฐาน,สพป.เชียงใหม่ เขต 1,17,40.20,17.21,27.06,12.25,31.37,17.97,17.65,34.05,22.06,20.80,27.94,24.07
2568,271,เชียงใหม่คริสเตียน,เมืองเชียงใหม่,ใหญ่,ในเมือง,สำนักงานคณะกรรมการส่งเสริมการศึกษาเอกชน,-,69,37.20,23.25,29.28,16.45,40.10,25.27,18.84,25.68,25.36,26.75,32.25,26.62
2568,272,ดาราวิทยาลัย,เมืองเชียงใหม่,ใหญ่พิเศษ,ในเมือง,สำนักงานคณะกรรมการส่งเสริมการศึกษาเอกชน,-,395,52.36,28.98,45.87,24.43,57.97,30.01,27.22,31.42,38.92,29.16,44.62,31.74
2568,273,ท่าศาลา,เมืองเชียงใหม่,เล็ก,ในเมือง,สำนักงานคณะกรรมการการศึกษาขั้นพื้นฐาน,สพป.เชียงใหม่ เขต 1,20,30.83,17.70,29.50,14.31,25.83,13.41,27.50,33.45,28.75,25.34,21.25,16.35
2568,274,เทพบดินทร์วิทยาเชียงใหม่,เมืองเชียงใหม่,ใหญ่,ในเมือง,สำนักงานคณะกรรมการส่งเสริมการศึกษาเอกชน,-,116,42.53,24.30,31.72,18.44,42.67,26.01,21.98,28.08,26.72,24.72,32.54,26.71
2568,275,เทศบาลดอกเงิน,เมืองเชียงใหม่,เล็ก,ในเมือง,กรมส่งเสริมการปกครองท้องถิ่น,ท้องถิ่นจังหวัดเชียงใหม่,23,34.06,23.81,26.52,13.71,39.86,21.28,23.91,24.98,29.35,20.39,30.43,23.26
2568,276,เทศบาลบ้านทรายคำ,เมืองเชียงใหม่,เล็ก,ในเมือง,กรมส่งเสริมการปกครองท้องถิ่น,ท้องถิ่นจังหวัดเชียงใหม่,9,18.52,18.33,24.44,12.57,20.37,23.28,22.22,24.85,25.00,20.41,33.33,26.35
2568,277,เทศบาลวัดกู่คำ,เมืองเชียงใหม่,เล็ก,ในเมือง,กรมส่งเสริมการปกครองท้องถิ่น,ท้องถิ่นจังหวัดเชียงใหม่,19,31.58,22.87,26.84,19.48,34.21,19.85,21.05,29.54,28.95,24.69,18.42,21.22
2568,278,เทศบาลวัดเกตการาม,เมืองเชียงใหม่,เล็ก,ในเมือง,กรมส่งเสริมการปกครองท้องถิ่น,ท้องถิ่นจังหวัดเชียงใหม่,18,33.33,22.91,28.89,18.22,26.85,24.93,22.22,24.85,12.50,22.44,20.83,26.68
2568,279,เทศบาลวัดเชียงยืน,เมืองเชียงใหม่,กลาง,ในเมือง,กรมส่งเสริมการปกครองท้องถิ่น,ท้องถิ่นจังหวัดเชียงใหม่,35,35.71,21.87,32.00,22.14,36.19,28.03,22.86,30.10,34.29,26.11,32.14,27.11
2568,280,เทศบาลวัดท่าสะต๋อย,เมืองเชียงใหม่,กลาง,ในเมือง,กรมส่งเสริมการปกครองท้องถิ่น,ท้องถิ่นจังหวัดเชียงใหม่,54,41.98,24.16,34.63,19.41,33.33,28.87,25.00,28.46,28.24,27.24,28.24,28.48
2568,281,เทศบาลวัดป่าแพ่ง,เมืองเชียงใหม่,กลาง,ในเมือง,กรมส่งเสริมการปกครองท้องถิ่น,ท้องถิ่นจังหวัดเชียงใหม่,41,29.27,24.08,26.10,13.77,33.33,22.99,20.73,29.17,26.83,21.66,29.27,19.83
2568,282,เทศบาลวัดพวกช้าง,เมืองเชียงใหม่,เล็ก,ในเมือง,กรมส่งเสริมการปกครองท้องถิ่น,ท้องถิ่นจังหวัดเชียงใหม่,12,30.56,17.79,29.17,16.05,36.11,14.96,25.00,32.27,29.17,22.44,29.17,19.98
2568,283,เทศบาลวัดศรีปิงเมือง,เมืองเชียงใหม่,กลาง,ในเมือง,กรมส่งเสริมการปกครองท้องถิ่น,ท้องถิ่นจังหวัดเชียงใหม่,39,26.50,21.26,25.90,13.15,32.48,19.23,19.23,26.83,27.56,19.44,23.72,24.64
2568,284,เทศบาลวัดศรีสุพรรณ,เมืองเชียงใหม่,กลาง,ในเมือง,กรมส่งเสริมการปกครองท้องถิ่น,ท้องถิ่นจังหวัดเชียงใหม่,25,36.00,22.45,28.00,16.73,28.00,19.84,16.00,27.28,23.00,17.20,32.00,22.93
2568,285,เทศบาลวัดหมื่นเงินกอง,เมืองเชียงใหม่,เล็ก,ในเมือง,กรมส่งเสริมการปกครองท้องถิ่น,ท้องถิ่นจังหวัดเชียงใหม่,16,39.58,27.56,28.12,20.07,40.62,29.44,25.00,25.00,25.00,19.76,28.13,27.78
2568,286,บ้านเชิงดอยสุเทพ,เมืองเชียงใหม่,เล็ก,ในเมือง,สำนักงานคณะกรรมการการศึกษาขั้นพื้นฐาน,สพป.เชียงใหม่ เขต 1,9,61.11,19.25,37.78,22.50,62.96,21.91,22.22,24.85,22.22,18.43,30.56,19.64
2568,287,บ้านดอนปิน,เมืองเชียงใหม่,กลาง,ในเมือง,สำนักงานคณะกรรมการการศึกษาขั้นพื้นฐาน,สพป.เชียงใหม่ เขต 1,36,21.76,17.04,26.39,14.17,25.00,21.34,20.83,24.65,25.69,22.43,25.00,23.57
2568,288,บ้านท่าหลุกสันทราย,เมืองเชียงใหม่,กลาง,ในเมือง,สำนักงานคณะกรรมการการศึกษาขั้นพื้นฐาน,สพป.เชียงใหม่ เขต 1,20,41.67,27.13,32.50,18.41,37.50,25.21,25.00,29.58,23.75,23.01,32.50,26.34
2568,289,บ้านโป่งน้อย,เมืองเชียงใหม่,กลาง,ในเมือง,สำนักงานคณะกรรมการการศึกษาขั้นพื้นฐาน,สพป.เชียงใหม่ เขต 1,16,41.67,35.84,37.50,21.07,40.62,26.33,28.12,30.46,31.25,28.64,34.38,30.46
2568,290,บ้านแม่เหียะสามัคคี,เมืองเชียงใหม่,เล็ก,ในเมือง,สำนักงานคณะกรรมการการศึกษาขั้นพื้นฐาน,สพป.เชียงใหม่ เขต 1,16,29.17,27.95,33.75,20.27,30.21,22.22,37.50,27.95,23.44,27.20,31.25,20.73
2568,291,ปรินส์รอยแยลส์วิทยาลัย,เมืองเชียงใหม่,ใหญ่พิเศษ,ในเมือง,สำนักงานคณะกรรมการส่งเสริมการศึกษาเอกชน,-,516,79.75,23.83,67.75,24.34,82.07,26.48,46.80,39.43,67.05,32.68,74.03,30.96
2568,292,พระหฤทัยเชียงใหม่,เมืองเชียงใหม่,ใหญ่,ในเมือง,สำนักงานคณะกรรมการส่งเสริมการศึกษาเอกชน,-,98,55.95,24.31,50.61,22.62,56.97,30.11,27.04,31.27,40.05,32.09,51.28,32.81
2568,293,พิงครัตน์,เมืองเชียงใหม่,เล็ก,ในเมือง,สำนักงานคณะกรรมการส่งเสริมการศึกษาเอกชน,-,2,83.33,16.67,70.00,30.00,83.33,16.67,50.00,50.00,50.00,50.00,62.50,12.50
2568,294,พิมานเด็กเชียงใหม่,เมืองเชียงใหม่,กลาง,ในเมือง,สำนักงานคณะกรรมการส่งเสริมการศึกษาเอกชน,-,55,71.82,28.40,54.73,26.14,73.33,30.75,34.55,34.21,50.91,33.02,59.55,35.51
2568,295,พุทธิโศภน,เมืองเชียงใหม่,ใหญ่,ในเมือง,สำนักงานคณะกรรมการการศึกษาขั้นพื้นฐาน,สพป.เชียงใหม่ เขต 1,136,44.36,29.99,38.01,24.40,51.84,32.51,28.68,31.29,39.71,29.93,42.10,31.02
2568,296,มงฟอร์ตวิทยาลัย แผนกประถม,เมืองเชียงใหม่,ใหญ่พิเศษ,ในเมือง,สำนักงานคณะกรรมการส่งเสริมการศึกษาเอกชน,-,371,76.50,25.98,67.60,25.58,81.94,26.76,45.42,41.12,63.27,32.33,73.05,31.87
2568,297,ยุวฑูตศึกษาพัฒนาราชพฤกษ์,เมืองเชียงใหม่,กลาง,ในเมือง,สำนักงานคณะกรรมการส่งเสริมการศึกษาเอกชน,-,16,91.67,15.59,88.75,7.81,93.75,11.60,65.62,38.40,79.69,29.61,96.88,12.10
2568,298,เรยีนาเชลีวิทยาลัย,เมืองเชียงใหม่,ใหญ่,ในเมือง,สำนักงานคณะกรรมการส่งเสริมการศึกษาเอกชน,-,163,62.99,28.24,52.45,26.19,64.31,30.66,25.15,33.40,47.55,30.74,54.45,33.57
2568,299,วชิรวิทย์ เชียงใหม่,เมืองเชียงใหม่,กลาง,ในเมือง,สำนักงานคณะกรรมการส่งเสริมการศึกษาเอกชน,-,64,56.51,31.68,49.53,26.48,58.33,34.11,31.25,34.80,44.92,34.00,51.17,35.20
2568,300,วัดข่วงสิงห์,เมืองเชียงใหม่,กลาง,ในเมือง,สำนักงานคณะกรรมการการศึกษาขั้นพื้นฐาน,สพป.เชียงใหม่ เขต 1,22,36.36,19.87,25.00,11.97,37.88,24.71,25.00,25.00,25.00,23.84,30.68,24.92
2568,301,วัดขะจาว,เมืองเชียงใหม่,เล็ก,ในเมือง,สำนักงานคณะกรรมการการศึกษาขั้นพื้นฐาน,สพป.เชียงใหม่ เขต 1,24,36.11,24.85,32.92,17.67,35.42,27.77,12.50,26.02,29.17,23.57,28.13,24.27
2568,302,วัดเจ็ดยอด,เมืองเชียงใหม่,เล็ก,ในเมือง,สำนักงานคณะกรรมการการศึกษาขั้นพื้นฐาน,สพป.เชียงใหม่ เขต 1,9,25.93,13.86,30.00,16.33,24.07,11.42,22.22,24.85,27.78,18.43,22.22,14.16
2568,303,วัดช่างเคี่ยน,เมืองเชียงใหม่,กลาง,ในเมือง,สำนักงานคณะกรรมการการศึกษาขั้นพื้นฐาน,สพป.เชียงใหม่ เขต 1,21,37.30,27.17,29.52,18.89,36.51,25.52,19.05,24.28,33.33,24.80,33.33,25.97
2568,304,วัดดอนจั่น,เมืองเชียงใหม่,กลาง,ในเมือง,สำนักงานคณะกรรมการการศึกษาขั้นพื้นฐาน,สพป.เชียงใหม่ เขต 1,59,24.01,14.80,25.59,12.25,22.03,17.74,24.58,26.64,16.10,17.69,24.15,20.57
2568,305,วัดป่าข่อยใต้,เมืองเชียงใหม่,เล็ก,ในเมือง,สำนักงานคณะกรรมการการศึกษาขั้นพื้นฐาน,สพป.เชียงใหม่ เขต 1,11,50.00,20.10,30.91,25.03,53.03,29.14,18.18,24.05,34.09,24.48,40.91,26.70
2568,306,วัดป่าแดด,เมืองเชียงใหม่,เล็ก,ในเมือง,สำนักงานคณะกรรมการการศึกษาขั้นพื้นฐาน,สพป.เชียงใหม่ เขต 1,23,30.43,21.79,31.30,19.41,34.06,27.13,28.26,28.84,32.61,22.64,30.43,24.40
2568,307,วัดป่าตัน,เมืองเชียงใหม่,เล็ก,ในเมือง,สำนักงานคณะกรรมการการศึกษาขั้นพื้นฐาน,สพป.เชียงใหม่ เขต 1,15,34.44,18.72,25.33,13.60,35.56,22.66,20.00,30.55,25.00,20.41,28.33,23.92
2568,308,วัดเมืองสาตร,เมืองเชียงใหม่,เล็ก,ในเมือง,สำนักงานคณะกรรมการการศึกษาขั้นพื้นฐาน,สพป.เชียงใหม่ เขต 1,6,36.11,24.37,25.00,16.07,38.89,29.92,16.67,23.57,33.33,39.97,20.83,26.68
2568,309,วัดร้องอ้อ,เมืองเชียงใหม่,กลาง,ในเมือง,สำนักงานคณะกรรมการการศึกษาขั้นพื้นฐาน,สพป.เชียงใหม่ เขต 1,20,34.17,22.03,24.50,8.65,35.83,22.53,17.50,23.85,18.75,20.73,28.75,24.08
2568,310,วัดวังสิงห์คำ,เมืองเชียงใหม่,กลาง,ในเมือง,สำนักงานคณะกรรมการการศึกษาขั้นพื้นฐาน,สพป.เชียงใหม่ เขต 1,23,30.43,16.78,28.70,11.54,27.54,17.45,15.22,27.33,29.35,25.16,30.43,26.54
2568,311,วัดสวนดอก,เมืองเชียงใหม่,กลาง,ในเมือง,สำนักงานคณะกรรมการการศึกษาขั้นพื้นฐาน,สพป.เชียงใหม่ เขต 1,35,41.43,23.36,28.86,15.99,42.38,25.62,18.57,26.95,30.71,25.41,32.86,28.52
2568,312,วัดเสาหิน,เมืองเชียงใหม่,เล็ก,ในเมือง,สำนักงานคณะกรรมการการศึกษาขั้นพื้นฐาน,สพป.เชียงใหม่ เขต 1,18,30.56,19.44,23.89,15.68,27.78,24.22,22.22,24.85,19.44,13.32,22.22,27.50
2568,313,วัดหนองป่าครั่ง,เมืองเชียงใหม่,เล็ก,ในเมือง,สำนักงานคณะกรรมการการศึกษาขั้นพื้นฐาน,สพป.เชียงใหม่ เขต 1,5,43.33,22.61,40.00,20.98,50.00,18.26,0.00,0.00,15.00,20.00,35.00,30.00
2568,314,วารีเชียงใหม่,เมืองเชียงใหม่,ใหญ่พิเศษ,ในเมือง,สำนักงานคณะกรรมการส่งเสริมการศึกษาเอกชน,-,176,81.34,24.44,71.70,23.51,85.23,25.86,48.58,38.96,71.31,31.09,77.56,27.45
2568,315,วิชัยวิทยา,เมืองเชียงใหม่,กลาง,ในเมือง,สำนักงานคณะกรรมการส่งเสริมการศึกษาเอกชน,-,23,89.13,16.75,81.30,21.12,92.75,17.60,80.43,35.32,77.17,25.44,84.78,23.01
2568,316,ศรีเนห์รู,เมืองเชียงใหม่,เล็ก,ในเมือง,สำนักงานคณะกรรมการการศึกษาขั้นพื้นฐาน,สพป.เชียงใหม่ เขต 1,10,26.67,15.28,26.00,9.17,28.33,23.63,20.00,24.49,30.00,15.00,10.00,12.25
2568,317,ศิริมังคลาจารย์,เมืองเชียงใหม่,เล็ก,ในเมือง,สำนักงานคณะกรรมการการศึกษาขั้นพื้นฐาน,สพป.เชียงใหม่ เขต 1,6,30.56,14.96,21.67,12.13,25.00,15.96,16.67,23.57,33.33,27.64,16.67,18.63
2568,318,สอนคนตาบอดภาคเหนือ,เมืองเชียงใหม่,เล็ก,ในเมือง,สำนักบริหารงานการศึกษาพิเศษ,-,0,-,-,-,-,-,-,-,-,-,-,-,-
2568,319,สังวาลย์วิทยา,เมืองเชียงใหม่,เล็ก,ในเมือง,สำนักงานคณะกรรมการการศึกษาขั้นพื้นฐาน,สพป.เชียงใหม่ เขต 1,6,41.67,15.96,30.00,20.00,38.89,22.91,8.33,18.63,20.83,9.32,29.17,26.68
2568,320,สันติศึกษา,เมืองเชียงใหม่,เล็ก,ในเมือง,สำนักงานคณะกรรมการส่งเสริมการศึกษาเอกชน,-,22,47.73,24.77,36.36,21.44,46.97,25.94,20.45,28.84,30.68,21.23,38.64,22.27
2568,321,สาธิตมหาวิทยาลัยเชียงใหม่,เมืองเชียงใหม่,ใหญ่,ในเมือง,สำนักงานปลัดกระทรวงการอุดมศึกษาฯ,-,58,82.76,20.75,73.79,24.13,87.93,18.77,44.83,39.05,75.43,27.26,81.03,23.81
2568,322,สาธิตมหาวิทยาลัยราชภัฏเชียงใหม่,เมืองเชียงใหม่,กลาง,ในเมือง,สำนักงานปลัดกระทรวงการอุดมศึกษาฯ,-,90,52.59,28.43,45.56,22.56,51.85,30.98,23.33,26.03,44.17,28.88,43.89,30.80
2568,323,สารสาสน์วิเทศเชียงใหม่,เมืองเชียงใหม่,ใหญ่,ในเมือง,สำนักงานคณะกรรมการส่งเสริมการศึกษาเอกชน,-,102,69.12,25.71,58.82,26.28,76.63,27.44,34.80,36.91,54.17,33.77,66.18,31.24
2568,324,สารสาสน์วิเทศล้านนา,เมืองเชียงใหม่,ใหญ่,ในเมือง,สำนักงานคณะกรรมการส่งเสริมการศึกษาเอกชน,-,137,63.26,28.56,53.07,27.78,70.32,29.71,27.01,33.64,46.90,33.29,62.96,33.38
2568,325,โสตศึกษาอนุสารสุนทร,เมืองเชียงใหม่,เล็ก,ในเมือง,สำนักบริหารงานการศึกษาพิเศษ,-,0,-,-,-,-,-,-,-,-,-,-,-,-
2568,326,อนุบาลเชียงใหม่,เมืองเชียงใหม่,ใหญ่พิเศษ,ในเมือง,สำนักงานคณะกรรมการการศึกษาขั้นพื้นฐาน,สพป.เชียงใหม่ เขต 1,269,63.01,29.73,54.42,27.21,68.15,32.36,35.50,38.24,53.72,33.81,55.39,35.40
2568,327,อนุบาลบ้านท่อเมืองลัง,เมืองเชียงใหม่,กลาง,ในเมือง,สำนักงานคณะกรรมการการศึกษาขั้นพื้นฐาน,สพป.เชียงใหม่ เขต 1,26,29.49,19.78,28.08,13.31,38.46,22.06,30.77,24.33,23.08,20.71,30.77,25.29
2568,328,อนุบาลหนองป่าครั่ง,เมืองเชียงใหม่,เล็ก,ในเมือง,กรมส่งเสริมการปกครองท้องถิ่น,ท้องถิ่นจังหวัดเชียงใหม่,14,40.48,24.16,23.57,12.88,27.38,24.89,28.57,31.13,25.00,18.90,25.00,23.15
2568,329,ชุมชนตำบลท่าผา,แม่แจ่ม,เล็ก,นอกเมือง,สำนักงานคณะกรรมการการศึกษาขั้นพื้นฐาน,สพป.เชียงใหม่ เขต 6,11,33.33,15.89,28.18,11.13,37.88,25.71,18.18,24.05,29.55,17.90,38.64,12.45
2568,330,ชุมชนบ้านช่างเคิ่ง,แม่แจ่ม,กลาง,นอกเมือง,สำนักงานคณะกรรมการการศึกษาขั้นพื้นฐาน,สพป.เชียงใหม่ เขต 6,14,23.81,16.32,28.57,18.46,26.19,30.02,39.29,43.01,28.57,18.56,28.57,26.49
2568,331,ชุมชนบ้านพร้าวหนุ่ม,แม่แจ่ม,เล็ก,นอกเมือง,สำนักงานคณะกรรมการการศึกษาขั้นพื้นฐาน,สพป.เชียงใหม่ เขต 6,37,42.34,23.44,39.19,17.30,44.14,24.57,28.38,33.97,31.76,28.27,35.81,28.79
2568,332,เซนต์โยเซฟแม่แจ่ม,แม่แจ่ม,กลาง,นอกเมือง,สำนักงานคณะกรรมการส่งเสริมการศึกษาเอกชน,-,34,32.35,20.19,22.06,12.07,25.98,16.76,30.88,27.16,25.74,23.08,15.44,14.87
2568,333,ตำรวจตระเวนชายแดนบางกอก เชฟ แชร์ริตี้ บ้านแม่ขอ,แม่แจ่ม,เล็ก,นอกเมือง,กองบัญชาการตำรวจตระเวนชายแดน,-,7,11.90,11.66,20.00,5.35,16.67,17.82,14.29,22.59,42.86,34.63,32.14,25.75
2568,334,บ้านกองแขก,แม่แจ่ม,เล็ก,นอกเมือง,สำนักงานคณะกรรมการการศึกษาขั้นพื้นฐาน,สพป.เชียงใหม่ เขต 6,12,37.50,20.55,18.33,11.43,22.22,14.16,16.67,23.57,22.92,18.98,22.92,16.00
2568,335,บ้านกองแขก สาขาบ้านแม่หลุ,แม่แจ่ม,เล็ก,นอกเมือง,สำนักงานคณะกรรมการการศึกษาขั้นพื้นฐาน,สพป.เชียงใหม่ เขต 6,5,26.67,17.00,30.00,12.65,33.33,0.00,0.00,0.00,20.00,24.49,40.00,25.50
2568,336,บ้านขุนแม่นาย,แม่แจ่ม,เล็ก,นอกเมือง,สำนักงานคณะกรรมการการศึกษาขั้นพื้นฐาน,สพป.เชียงใหม่ เขต 6,5,20.00,16.33,30.00,10.95,43.33,24.94,20.00,24.49,5.00,10.00,25.00,0.00
2568,337,บ้านขุนแม่หยอด,แม่แจ่ม,เล็ก,นอกเมือง,สำนักงานคณะกรรมการการศึกษาขั้นพื้นฐาน,สพป.เชียงใหม่ เขต 6,6,13.89,11.45,20.00,8.16,33.33,13.61,16.67,23.57,29.17,17.18,25.00,20.41
2568,338,บ้านต่อเรือ,แม่แจ่ม,เล็ก,นอกเมือง,สำนักงานคณะกรรมการการศึกษาขั้นพื้นฐาน,สพป.เชียงใหม่ เขต 6,7,30.95,20.76,18.57,8.33,30.95,16.50,21.43,24.74,21.43,8.75,28.57,24.74
2568,339,บ้านทัพ,แม่แจ่ม,เล็ก,นอกเมือง,สำนักงานคณะกรรมการการศึกษาขั้นพื้นฐาน,สพป.เชียงใหม่ เขต 6,8,35.42,15.45,28.75,5.99,29.17,19.98,31.25,34.80,6.25,10.83,21.88,23.18
2568,340,บ้านทุ่งแก,แม่แจ่ม,เล็ก,นอกเมือง,สำนักงานคณะกรรมการการศึกษาขั้นพื้นฐาน,สพป.เชียงใหม่ เขต 6,14,22.62,16.19,22.86,15.32,30.95,19.78,21.43,24.74,25.00,25.00,26.79,19.96
2568,341,บ้านทุ่งแก สาขาแม่แอบ,แม่แจ่ม,เล็ก,นอกเมือง,สำนักงานคณะกรรมการการศึกษาขั้นพื้นฐาน,สพป.เชียงใหม่ เขต 6,12,29.17,21.65,18.33,12.13,29.17,13.82,16.67,23.57,33.33,18.63,27.08,23.84
2568,342,บ้านทุ่งยาว,แม่แจ่ม,เล็ก,นอกเมือง,สำนักงานคณะกรรมการการศึกษาขั้นพื้นฐาน,สพป.เชียงใหม่ เขต 6,16,30.21,18.84,25.00,11.18,37.50,22.44,21.87,24.80,23.44,27.20,17.19,22.91
2568,343,บ้านนากลาง,แม่แจ่ม,เล็ก,นอกเมือง,สำนักงานคณะกรรมการการศึกษาขั้นพื้นฐาน,สพป.เชียงใหม่ เขต 6,10,28.33,19.79,22.00,18.87,33.33,16.67,20.00,24.49,50.00,15.81,35.00,12.25
2568,344,บ้านนากลาง สาขาห้วยผักกูด,แม่แจ่ม,เล็ก,นอกเมือง,สำนักงานคณะกรรมการการศึกษาขั้นพื้นฐาน,สพป.เชียงใหม่ เขต 6,8,37.50,11.02,32.50,17.85,27.08,20.31,31.25,24.21,12.50,12.50,18.75,20.73
2568,345,บ้านนาฮ่อง,แม่แจ่ม,เล็ก,นอกเมือง,สำนักงานคณะกรรมการการศึกษาขั้นพื้นฐาน,สพป.เชียงใหม่ เขต 6,13,25.64,21.30,23.85,13.89,24.36,20.27,11.54,21.07,25.00,21.93,25.00,19.61
2568,346,บ้านเนินวิทยา,แม่แจ่ม,เล็ก,นอกเมือง,สำนักงานคณะกรรมการการศึกษาขั้นพื้นฐาน,สพป.เชียงใหม่ เขต 6,16,23.96,22.80,19.37,10.29,33.33,20.41,15.62,23.18,14.06,12.40,26.56,18.68
2568,347,บ้านปางเกี๊ยะ,แม่แจ่ม,กลาง,นอกเมือง,สำนักงานคณะกรรมการการศึกษาขั้นพื้นฐาน,สพป.เชียงใหม่ เขต 6,39,21.37,20.65,21.03,13.36,33.76,18.68,20.51,29.35,22.44,21.78,26.92,21.47
2568,348,บ้านปางหินฝน,แม่แจ่ม,เล็ก,นอกเมือง,สำนักงานคณะกรรมการการศึกษาขั้นพื้นฐาน,สพป.เชียงใหม่ เขต 6,11,30.30,11.93,29.09,15.64,28.79,16.03,18.18,24.05,34.09,22.03,27.27,19.81
2568,349,บ้านปางอุ๋ง,แม่แจ่ม,กลาง,นอกเมือง,สำนักงานคณะกรรมการการศึกษาขั้นพื้นฐาน,สพป.เชียงใหม่ เขต 6,16,23.96,19.52,20.62,10.88,33.33,19.54,25.00,25.00,17.19,14.57,29.69,20.19
2568,350,บ้านปางอุ๋ง สาขาแม่สะต๊อป,แม่แจ่ม,เล็ก,นอกเมือง,สำนักงานคณะกรรมการการศึกษาขั้นพื้นฐาน,สพป.เชียงใหม่ เขต 6,4,12.50,13.82,20.00,0.00,33.33,16.67,25.00,25.00,18.75,20.73,25.00,25.00
2568,351,บ้านแปะสามัคคี,แม่แจ่ม,เล็ก,นอกเมือง,สำนักงานคณะกรรมการการศึกษาขั้นพื้นฐาน,สพป.เชียงใหม่ เขต 6,2,33.33,0.00,30.00,0.00,16.67,16.67,25.00,25.00,0.00,0.00,0.00,0.00
2568,352,บ้านผานัง,แม่แจ่ม,เล็ก,นอกเมือง,สำนักงานคณะกรรมการการศึกษาขั้นพื้นฐาน,สพป.เชียงใหม่ เขต 6,12,30.56,13.32,18.33,13.44,23.61,12.65,29.17,32.00,12.50,16.14,25.00,20.41
2568,353,บ้านผาละปิ,แม่แจ่ม,เล็ก,นอกเมือง,สำนักงานคณะกรรมการการศึกษาขั้นพื้นฐาน,สพป.เชียงใหม่ เขต 6,6,33.33,19.25,23.33,15.99,27.78,15.71,16.67,23.57,25.00,14.43,20.83,9.32
2568,354,บ้านพุย สาขาพุยใต้,แม่แจ่ม,เล็ก,นอกเมือง,สำนักงานคณะกรรมการการศึกษาขั้นพื้นฐาน,สพป.เชียงใหม่ เขต 6,3,11.11,7.86,40.00,8.16,22.22,7.86,16.67,23.57,8.33,11.79,41.67,11.79
2568,355,บ้านแม่ซา,แม่แจ่ม,เล็ก,นอกเมือง,สำนักงานคณะกรรมการการศึกษาขั้นพื้นฐาน,สพป.เชียงใหม่ เขต 6,10,26.67,22.61,28.00,16.00,30.00,23.33,20.00,24.49,25.00,19.36,10.00,22.91
2568,356,บ้านแม่ตูม,แม่แจ่ม,เล็ก,นอกเมือง,สำนักงานคณะกรรมการการศึกษาขั้นพื้นฐาน,สพป.เชียงใหม่ เขต 6,5,20.00,16.33,22.00,7.48,16.67,25.82,30.00,40.00,25.00,15.81,40.00,20.00
2568,357,บ้านแม่นาจร,แม่แจ่ม,กลาง,นอกเมือง,สำนักงานคณะกรรมการการศึกษาขั้นพื้นฐาน,สพป.เชียงใหม่ เขต 6,10,21.67,15.00,23.00,12.69,30.00,17.95,25.00,25.00,32.50,19.53,12.50,12.50
2568,358,บ้านแม่ปาน,แม่แจ่ม,เล็ก,นอกเมือง,สำนักงานคณะกรรมการการศึกษาขั้นพื้นฐาน,สพป.เชียงใหม่ เขต 6,15,24.44,18.12,24.67,14.08,28.89,23.93,20.00,24.49,21.67,17.95,20.00,18.71
2568,359,บ้านแม่มะลอ,แม่แจ่ม,เล็ก,นอกเมือง,สำนักงานคณะกรรมการการศึกษาขั้นพื้นฐาน,สพป.เชียงใหม่ เขต 6,9,18.52,18.33,24.44,10.66,25.93,15.93,16.67,23.57,22.22,18.43,5.56,15.71
2568,360,บ้านแม่มุ,แม่แจ่ม,เล็ก,นอกเมือง,สำนักงานคณะกรรมการการศึกษาขั้นพื้นฐาน,สพป.เชียงใหม่ เขต 6,14,23.81,19.63,25.71,13.48,22.62,10.17,25.00,25.00,26.79,22.09,30.36,25.32
2568,361,บ้านแม่ลอง,แม่แจ่ม,เล็ก,นอกเมือง,กองบัญชาการตำรวจตระเวนชายแดน,-,18,22.22,20.03,18.89,14.49,26.85,16.79,19.44,24.37,27.78,18.43,23.61,19.49
2568,362,บ้านแม่วาก,แม่แจ่ม,เล็ก,นอกเมือง,สำนักงานคณะกรรมการการศึกษาขั้นพื้นฐาน,สพป.เชียงใหม่ เขต 6,4,12.50,13.82,25.00,11.18,20.83,18.16,0.00,0.00,31.25,10.83,37.50,12.50
2568,363,บ้านแม่ศึก (มูลนิธิธรรมมาภิรักษ์อุปถัมภ์ที่ 2),แม่แจ่ม,เล็ก,นอกเมือง,สำนักงานคณะกรรมการการศึกษาขั้นพื้นฐาน,สพป.เชียงใหม่ เขต 6,3,27.78,7.86,40.00,8.16,44.44,15.71,0.00,0.00,50.00,35.36,8.33,11.79
2568,364,บ้านแม่หงานหลวง,แม่แจ่ม,เล็ก,นอกเมือง,สำนักงานคณะกรรมการการศึกษาขั้นพื้นฐาน,สพป.เชียงใหม่ เขต 6,5,30.00,6.67,28.00,13.27,30.00,6.67,0.00,0.00,30.00,18.71,20.00,18.71
2568,365,บ้านแม่หอย,แม่แจ่ม,เล็ก,นอกเมือง,สำนักงานคณะกรรมการการศึกษาขั้นพื้นฐาน,สพป.เชียงใหม่ เขต 6,4,25.00,18.63,12.50,8.29,50.00,31.18,25.00,25.00,25.00,17.68,6.25,10.83
2568,366,บ้านแม่เอาะ,แม่แจ่ม,เล็ก,นอกเมือง,สำนักงานคณะกรรมการการศึกษาขั้นพื้นฐาน,สพป.เชียงใหม่ เขต 6,8,20.83,19.98,28.75,7.81,27.08,16.54,0.00,0.00,21.88,19.52,28.13,26.33
2568,367,บ้านแม่แฮใต้,แม่แจ่ม,เล็ก,นอกเมือง,สำนักงานคณะกรรมการการศึกษาขั้นพื้นฐาน,สพป.เชียงใหม่ เขต 6,20,27.50,18.47,20.50,12.84,31.67,15.72,25.00,29.58,28.75,24.08,22.50,19.20
2568,368,บ้านแม่แฮเหนือ,แม่แจ่ม,กลาง,นอกเมือง,สำนักงานคณะกรรมการการศึกษาขั้นพื้นฐาน,สพป.เชียงใหม่ เขต 6,54,26.85,21.85,22.22,13.01,25.62,16.89,19.44,26.21,22.22,17.12,22.22,19.64
2568,369,บ้านแม่แฮเหนือ สาขาแม่แจ๊ะ,แม่แจ่ม,เล็ก,นอกเมือง,สำนักงานคณะกรรมการการศึกษาขั้นพื้นฐาน,สพป.เชียงใหม่ เขต 6,9,37.04,23.28,27.78,11.33,31.48,18.33,22.22,24.85,13.89,17.12,19.44,19.64
2568,370,บ้านโม่งหลวง,แม่แจ่ม,เล็ก,นอกเมือง,สำนักงานคณะกรรมการการศึกษาขั้นพื้นฐาน,สพป.เชียงใหม่ เขต 6,13,30.77,19.44,26.15,12.73,29.49,11.61,23.08,24.93,26.92,15.38,26.92,20.71
2568,371,บ้านโม่งหลวง สาขาบ้านแม่อมลานใน,แม่แจ่ม,เล็ก,นอกเมือง,สำนักงานคณะกรรมการการศึกษาขั้นพื้นฐาน,สพป.เชียงใหม่ เขต 6,1,16.67,0.00,50.00,0.00,16.67,0.00,50.00,0.00,25.00,0.00,25.00,0.00
2568,372,บ้านสบแม่รวม,แม่แจ่ม,เล็ก,นอกเมือง,สำนักงานคณะกรรมการการศึกษาขั้นพื้นฐาน,สพป.เชียงใหม่ เขต 6,8,18.75,13.01,18.75,11.66,35.42,17.55,12.50,21.65,31.25,24.21,34.38,24.80
2568,373,บ้านสบวาก,แม่แจ่ม,เล็ก,นอกเมือง,สำนักงานคณะกรรมการการศึกษาขั้นพื้นฐาน,สพป.เชียงใหม่ เขต 6,9,12.96,10.48,18.89,8.75,29.63,18.89,27.78,34.25,22.22,24.85,25.00,23.57
2568,374,บ้านสองธาร,แม่แจ่ม,เล็ก,นอกเมือง,สำนักงานคณะกรรมการการศึกษาขั้นพื้นฐาน,สพป.เชียงใหม่ เขต 6,7,42.86,24.97,24.29,14.00,26.19,19.63,0.00,0.00,17.86,25.75,32.14,22.02
2568,375,บ้านสามสบ,แม่แจ่ม,เล็ก,นอกเมือง,สำนักงานคณะกรรมการการศึกษาขั้นพื้นฐาน,สพป.เชียงใหม่ เขต 6,5,20.00,16.33,24.00,13.56,23.33,8.16,20.00,24.49,30.00,29.15,25.00,15.81
2568,376,บ้านห้วยผา,แม่แจ่ม,เล็ก,นอกเมือง,สำนักงานคณะกรรมการการศึกษาขั้นพื้นฐาน,สพป.เชียงใหม่ เขต 6,5,20.00,6.67,28.00,9.80,26.67,17.00,10.00,20.00,10.00,12.25,20.00,18.71
2568,377,บ้านใหม่พัฒนาสันติ,แม่แจ่ม,เล็ก,นอกเมือง,กองบัญชาการตำรวจตระเวนชายแดน,-,7,23.81,15.06,28.57,11.25,30.95,18.75,21.43,24.74,25.00,26.73,14.29,18.21
2568,378,บ้านอมขูด,แม่แจ่ม,เล็ก,นอกเมือง,สำนักงานคณะกรรมการการศึกษาขั้นพื้นฐาน,สพป.เชียงใหม่ เขต 6,3,16.67,13.61,20.00,8.16,44.44,20.79,16.67,23.57,25.00,20.41,25.00,0.00
2568,379,บ้านอมเม็ง,แม่แจ่ม,เล็ก,นอกเมือง,สำนักงานคณะกรรมการการศึกษาขั้นพื้นฐาน,สพป.เชียงใหม่ เขต 6,15,27.78,17.92,29.33,10.62,36.67,21.26,26.67,30.91,20.00,18.71,23.33,14.34
2568,380,บ้านเฮาะวิทยา,แม่แจ่ม,เล็ก,นอกเมือง,สำนักงานคณะกรรมการการศึกษาขั้นพื้นฐาน,สพป.เชียงใหม่ เขต 6,7,38.10,23.08,22.86,14.85,33.33,17.82,14.29,22.59,21.43,20.82,25.00,13.36
2568,381,เมืองเด็กวิทยา,แม่แจ่ม,เล็ก,นอกเมือง,สำนักงานคณะกรรมการส่งเสริมการศึกษาเอกชน,-,15,50.00,23.57,40.67,19.82,53.33,31.74,33.33,29.81,28.33,22.11,30.00,30.55
2568,382,ราชประชานุเคราะห์ 31,แม่แจ่ม,กลาง,นอกเมือง,สำนักบริหารงานการศึกษาพิเศษ,-,22,20.45,16.61,24.09,12.31,24.24,16.46,22.73,24.90,18.18,21.56,28.41,21.71
2568,383,ศูนย์การเรียนตำรวจตระเวนชายแดนบ้านแม่มุใน บริษัทซีเค พาวเวอร์ จำกัด (มหาชน) อุปถัมภ์,แม่แจ่ม,เล็ก,นอกเมือง,กองบัญชาการตำรวจตระเวนชายแดน,-,7,23.81,15.06,27.14,12.78,26.19,21.56,14.29,22.59,32.14,25.75,25.00,23.15
2568,384,ศูนย์การเรียนตำรวจตระเวนชายแดนสนั่น-เฉลิมเกตุ นภาศัพท์,แม่แจ่ม,เล็ก,นอกเมือง,กองบัญชาการตำรวจตระเวนชายแดน,-,3,33.33,13.61,20.00,8.16,38.89,20.79,0.00,0.00,8.33,11.79,16.67,23.57
2568,385,หลวงพัฒนาบ้านพุย,แม่แจ่ม,เล็ก,นอกเมือง,สำนักงานคณะกรรมการการศึกษาขั้นพื้นฐาน,สพป.เชียงใหม่ เขต 6,6,36.11,22.40,21.67,3.73,30.56,11.45,25.00,25.00,20.83,17.18,29.17,26.68
2568,386,ออป.13,แม่แจ่ม,เล็ก,นอกเมือง,สำนักงานคณะกรรมการการศึกษาขั้นพื้นฐาน,สพป.เชียงใหม่ เขต 6,30,25.56,14.10,25.33,14.08,23.33,14.66,21.67,33.37,17.50,19.53,26.67,20.34
2568,387,อินทนนท์วิทยา,แม่แจ่ม,เล็ก,นอกเมือง,สำนักงานคณะกรรมการการศึกษาขั้นพื้นฐาน,สพป.เชียงใหม่ เขต 6,11,24.24,14.85,27.27,18.14,31.82,11.13,22.73,24.90,22.73,19.81,22.73,22.50
2568,388,ชุมชนวัดช่อแล,แม่แตง,เล็ก,นอกเมือง,สำนักงานคณะกรรมการการศึกษาขั้นพื้นฐาน,สพป.เชียงใหม่ เขต 2,28,32.14,21.33,27.50,14.05,32.14,23.96,26.79,34.02,24.11,22.64,26.79,23.08
2568,389,เชียงใหม่มัธยม,แม่แตง,ใหญ่,นอกเมือง,สำนักงานคณะกรรมการส่งเสริมการศึกษาเอกชน,-,6,50.00,30.43,36.67,29.25,44.44,29.92,25.00,38.19,50.00,32.27,50.00,32.27
2568,390,ตชด.ไลออนส์มหาจักร 9,แม่แตง,เล็ก,นอกเมือง,กองบัญชาการตำรวจตระเวนชายแดน,-,6,61.11,26.64,60.00,12.91,55.56,24.85,58.33,44.88,54.17,17.18,70.83,26.68
2568,391,เทศบาลตำบลสันมหาพน,แม่แตง,กลาง,นอกเมือง,กรมส่งเสริมการปกครองท้องถิ่น,ท้องถิ่นจังหวัดเชียงใหม่,21,26.19,14.15,24.29,14.98,34.13,22.70,14.29,22.59,26.19,22.46,21.43,20.82
2568,392,บ้านก๋ายน้อย,แม่แตง,เล็ก,นอกเมือง,สำนักงานคณะกรรมการการศึกษาขั้นพื้นฐาน,สพป.เชียงใหม่ เขต 2,3,27.78,15.71,30.00,0.00,5.56,7.86,50.00,0.00,8.33,11.79,0.00,0.00
2568,393,บ้านทับเดื่อ,แม่แตง,เล็ก,นอกเมือง,สำนักงานคณะกรรมการการศึกษาขั้นพื้นฐาน,สพป.เชียงใหม่ เขต 2,6,50.00,25.46,31.67,22.67,50.00,36.00,33.33,23.57,29.17,17.18,33.33,31.18
2568,394,บ้านบวกหมื้อ,แม่แตง,เล็ก,นอกเมือง,สำนักงานคณะกรรมการการศึกษาขั้นพื้นฐาน,สพป.เชียงใหม่ เขต 2,14,33.33,17.82,27.14,13.85,23.81,10.38,21.43,31.13,35.71,24.48,23.21,17.59
2568,395,บ้านปง,แม่แตง,เล็ก,นอกเมือง,สำนักงานคณะกรรมการการศึกษาขั้นพื้นฐาน,สพป.เชียงใหม่ เขต 2,10,16.67,26.87,22.00,11.66,40.00,17.00,10.00,20.00,27.50,28.39,20.00,18.71
2568,396,บ้านปลาดาว,แม่แตง,เล็ก,นอกเมือง,สำนักงานคณะกรรมการส่งเสริมการศึกษาเอกชน,-,15,34.44,26.85,31.33,19.28,44.44,23.31,13.33,22.11,31.67,26.56,23.33,23.21
2568,397,บ้านปางกว้าง,แม่แตง,เล็ก,นอกเมือง,สำนักงานคณะกรรมการการศึกษาขั้นพื้นฐาน,สพป.เชียงใหม่ เขต 2,6,44.44,28.33,35.00,17.08,47.22,14.96,16.67,23.57,41.67,27.64,29.17,22.44
2568,398,บ้านปางไม้แดง,แม่แตง,เล็ก,นอกเมือง,สำนักงานคณะกรรมการการศึกษาขั้นพื้นฐาน,สพป.เชียงใหม่ เขต 2,8,35.42,17.55,26.25,12.18,29.17,18.16,18.75,24.21,18.75,16.54,28.13,23.18
2568,399,บ้านปางห้วยตาด,แม่แตง,เล็ก,นอกเมือง,สำนักงานคณะกรรมการการศึกษาขั้นพื้นฐาน,สพป.เชียงใหม่ เขต 2,13,30.77,21.53,18.46,13.50,26.92,17.95,19.23,24.33,28.85,25.66,23.08,20.71
2568,400,บ้านปางฮ่าง,แม่แตง,เล็ก,นอกเมือง,สำนักงานคณะกรรมการการศึกษาขั้นพื้นฐาน,สพป.เชียงใหม่ เขต 2,6,27.78,15.71,26.67,21.34,25.00,15.96,16.67,23.57,29.17,17.18,25.00,14.43
2568,401,บ้านเป้าวิทยาคาร,แม่แตง,เล็ก,นอกเมือง,สำนักงานคณะกรรมการการศึกษาขั้นพื้นฐาน,สพป.เชียงใหม่ เขต 2,11,22.73,12.86,21.82,10.29,31.82,16.60,31.82,32.14,25.00,21.32,27.27,19.81
2568,402,บ้านผาหมอน,แม่แตง,เล็ก,นอกเมือง,สำนักงานคณะกรรมการการศึกษาขั้นพื้นฐาน,สพป.เชียงใหม่ เขต 2,8,29.17,11.02,21.25,12.69,18.75,22.73,25.00,25.00,15.63,17.40,25.00,12.50
2568,403,บ้านผึ้ง,แม่แตง,เล็ก,นอกเมือง,สำนักงานคณะกรรมการการศึกษาขั้นพื้นฐาน,สพป.เชียงใหม่ เขต 2,15,28.89,26.15,26.00,20.91,33.33,21.08,16.67,23.57,35.00,30.00,20.00,29.15
2568,404,บ้านเมืองกื้ด,แม่แตง,เล็ก,นอกเมือง,สำนักงานคณะกรรมการการศึกษาขั้นพื้นฐาน,สพป.เชียงใหม่ เขต 2,16,30.21,17.89,22.50,13.46,36.46,12.10,21.87,30.46,18.75,18.75,23.44,20.67
2568,405,บ้านแม่ไคร้,แม่แตง,เล็ก,นอกเมือง,สำนักงานคณะกรรมการการศึกษาขั้นพื้นฐาน,สพป.เชียงใหม่ เขต 2,2,50.00,0.00,35.00,5.00,33.33,16.67,25.00,25.00,50.00,25.00,37.50,12.50
2568,406,บ้านแม่ตะมาน,แม่แตง,เล็ก,นอกเมือง,สำนักงานคณะกรรมการการศึกษาขั้นพื้นฐาน,สพป.เชียงใหม่ เขต 2,21,34.13,23.84,29.05,16.30,31.75,16.19,19.05,24.28,29.76,22.65,17.86,17.50
2568,407,บ้านแม่แมม,แม่แตง,เล็ก,นอกเมือง,สำนักงานคณะกรรมการการศึกษาขั้นพื้นฐาน,สพป.เชียงใหม่ เขต 2,6,30.56,6.21,26.67,15.99,22.22,15.71,16.67,23.57,20.83,17.18,37.50,12.50
2568,408,บ้านแม่เลา,แม่แตง,เล็ก,นอกเมือง,สำนักงานคณะกรรมการการศึกษาขั้นพื้นฐาน,สพป.เชียงใหม่ เขต 2,1,100.00,0.00,60.00,0.00,83.33,0.00,0.00,0.00,50.00,0.00,50.00,0.00
2568,409,บ้านแม่แสะ,แม่แตง,เล็ก,นอกเมือง,สำนักงานคณะกรรมการการศึกษาขั้นพื้นฐาน,สพป.เชียงใหม่ เขต 2,3,27.78,28.33,30.00,16.33,11.11,7.86,33.33,23.57,33.33,31.18,25.00,0.00
2568,410,ป่าจี้วังแดงวิทยา,แม่แตง,เล็ก,นอกเมือง,สำนักงานคณะกรรมการการศึกษาขั้นพื้นฐาน,สพป.เชียงใหม่ เขต 2,27,26.54,17.13,29.63,15.03,21.60,15.59,20.37,31.21,28.70,24.25,24.07,17.32
2568,411,ป่าแป๋วิทยา,แม่แตง,เล็ก,นอกเมือง,สำนักงานคณะกรรมการการศึกษาขั้นพื้นฐาน,สพป.เชียงใหม่ เขต 2,9,37.04,18.89,25.56,22.17,33.33,26.06,27.78,34.25,25.00,16.67,38.89,20.79
2568,412,ภูดินวิทยา,แม่แตง,เล็ก,นอกเมือง,สำนักงานคณะกรรมการการศึกษาขั้นพื้นฐาน,สพป.เชียงใหม่ เขต 2,2,58.33,8.33,35.00,15.00,16.67,0.00,50.00,0.00,25.00,0.00,50.00,0.00
2568,413,เมฆขจรเชียงใหม่,แม่แตง,เล็ก,นอกเมือง,สำนักงานคณะกรรมการส่งเสริมการศึกษาเอกชน,-,18,59.26,27.90,40.56,22.23,57.41,28.99,30.56,33.91,43.06,28.63,47.22,29.92
2568,414,ร่ำเปิงวิทยา,แม่แตง,กลาง,นอกเมือง,สำนักงานคณะกรรมการการศึกษาขั้นพื้นฐาน,สพป.เชียงใหม่ เขต 2,33,22.22,16.24,27.88,15.72,27.78,15.17,27.27,32.78,19.70,18.21,25.76,24.22
2568,415,วัดท่าข้าม,แม่แตง,เล็ก,นอกเมือง,สำนักงานคณะกรรมการการศึกษาขั้นพื้นฐาน,สพป.เชียงใหม่ เขต 2,8,29.17,16.14,22.50,11.99,27.08,11.60,12.50,21.65,25.00,25.00,25.00,17.68
2568,416,วัดทุ่งหลวง,แม่แตง,เล็ก,นอกเมือง,สำนักงานคณะกรรมการการศึกษาขั้นพื้นฐาน,สพป.เชียงใหม่ เขต 2,10,61.67,23.63,38.00,26.38,46.67,20.82,10.00,20.00,35.00,16.58,17.50,16.01
2568,417,วัดนาเม็ง,แม่แตง,เล็ก,นอกเมือง,สำนักงานคณะกรรมการการศึกษาขั้นพื้นฐาน,สพป.เชียงใหม่ เขต 2,4,33.33,20.41,22.50,8.29,33.33,23.57,37.50,21.65,31.25,20.73,31.25,27.24
2568,418,วัดบ้านเหล่า,แม่แตง,เล็ก,นอกเมือง,สำนักงานคณะกรรมการการศึกษาขั้นพื้นฐาน,สพป.เชียงใหม่ เขต 2,13,21.79,21.07,26.92,12.02,26.92,15.38,23.08,31.72,32.69,20.53,19.23,17.41
2568,419,วัดปางมะกล้วย,แม่แตง,เล็ก,นอกเมือง,สำนักงานคณะกรรมการการศึกษาขั้นพื้นฐาน,สพป.เชียงใหม่ เขต 2,0,-,-,-,-,-,-,-,-,-,-,-,-
2568,420,วัดแม่กะ,แม่แตง,เล็ก,นอกเมือง,สำนักงานคณะกรรมการการศึกษาขั้นพื้นฐาน,สพป.เชียงใหม่ เขต 2,20,32.50,22.03,27.00,16.46,33.33,25.82,22.50,24.87,23.75,18.50,26.25,21.61
2568,421,วัดหนองออน,แม่แตง,เล็ก,นอกเมือง,สำนักงานคณะกรรมการการศึกษาขั้นพื้นฐาน,สพป.เชียงใหม่ เขต 2,4,45.83,39.75,27.50,19.20,58.33,18.63,12.50,21.65,37.50,12.50,37.50,21.65
2568,422,วัดห้วยไร่,แม่แตง,เล็ก,นอกเมือง,สำนักงานคณะกรรมการการศึกษาขั้นพื้นฐาน,สพป.เชียงใหม่ เขต 2,19,46.49,27.35,35.26,15.68,44.74,25.39,26.32,24.97,31.58,27.91,27.63,25.51
2568,423,สบเปิงวิทยา,แม่แตง,กลาง,นอกเมือง,สำนักงานคณะกรรมการการศึกษาขั้นพื้นฐาน,สพป.เชียงใหม่ เขต 2,18,33.33,24.22,23.33,18.26,34.26,21.85,19.44,29.53,23.61,24.26,29.17,25.34
2568,424,สันป่ายางวิทยาคาร,แม่แตง,เล็ก,นอกเมือง,สำนักงานคณะกรรมการการศึกษาขั้นพื้นฐาน,สพป.เชียงใหม่ เขต 2,10,31.67,11.67,31.00,8.31,20.00,12.47,5.00,15.00,20.00,18.71,10.00,12.25
2568,425,สันป่าสักวิทยา,แม่แตง,กลาง,นอกเมือง,สำนักงานคณะกรรมการการศึกษาขั้นพื้นฐาน,สพป.เชียงใหม่ เขต 2,80,35.83,22.84,30.75,19.35,35.62,23.83,23.12,29.52,25.31,23.88,32.81,25.18
2568,426,สันมหาพนวิทยา,แม่แตง,เล็ก,นอกเมือง,สำนักงานคณะกรรมการการศึกษาขั้นพื้นฐาน,สพป.เชียงใหม่ เขต 2,18,27.78,18.43,28.33,13.02,37.04,15.27,22.22,29.92,27.78,23.41,19.44,21.34
2568,427,อนุบาลสานสายใยรักเทศบาลเมืองเมืองแกนพัฒนา,แม่แตง,กลาง,นอกเมือง,กรมส่งเสริมการปกครองท้องถิ่น,ท้องถิ่นจังหวัดเชียงใหม่,28,30.36,22.30,25.00,16.80,33.93,22.92,25.00,25.00,23.21,18.81,32.14,30.51
2568,428,เจ้าพ่อหลวงอุปถัมภ์ 7,แม่ริม,เล็ก,นอกเมือง,สำนักงานคณะกรรมการการศึกษาขั้นพื้นฐาน,สพป.เชียงใหม่ เขต 2,7,30.95,22.59,24.29,14.98,40.48,23.33,7.14,17.50,25.00,13.36,21.43,20.82
2568,429,เจ้าแม่หลวงอุปถัมภ์ 2,แม่ริม,เล็ก,นอกเมือง,สำนักงานคณะกรรมการการศึกษาขั้นพื้นฐาน,สพป.เชียงใหม่ เขต 2,30,22.78,16.93,24.00,11.43,30.00,18.95,13.33,25.60,22.50,20.77,23.33,24.09
2568,430,ดอนแก้วเนรมิตปัญญา,แม่ริม,กลาง,นอกเมือง,กรมส่งเสริมการปกครองท้องถิ่น,ท้องถิ่นจังหวัดเชียงใหม่,80,40.62,24.56,32.50,21.36,42.29,26.74,23.75,28.48,34.38,25.43,33.44,26.20
2568,431,ธีระวัธน์บำเพ็ญ,แม่ริม,กลาง,นอกเมือง,สำนักงานคณะกรรมการส่งเสริมการศึกษาเอกชน,-,78,42.31,23.82,35.13,19.40,47.22,27.01,21.79,28.41,35.90,26.43,33.33,28.77
2568,432,บ้านกองแหะ,แม่ริม,เล็ก,นอกเมือง,สำนักงานคณะกรรมการการศึกษาขั้นพื้นฐาน,สพป.เชียงใหม่ เขต 2,9,38.89,29.40,31.11,14.49,22.22,20.79,11.11,20.79,27.78,24.85,22.22,18.43
2568,433,บ้านกาดฮาว,แม่ริม,เล็ก,นอกเมือง,สำนักงานคณะกรรมการการศึกษาขั้นพื้นฐาน,สพป.เชียงใหม่ เขต 2,16,31.25,18.52,33.12,12.10,33.33,24.30,28.12,30.46,21.88,21.42,17.19,19.20
2568,434,บ้านคุณหมอ,แม่ริม,กลาง,นอกเมือง,สำนักงานคณะกรรมการส่งเสริมการศึกษาเอกชน,-,26,52.56,31.59,52.69,27.39,56.41,30.69,34.62,38.65,48.08,33.91,50.96,35.68
2568,435,บ้านดอนแก้ว,แม่ริม,กลาง,นอกเมือง,กรมส่งเสริมการปกครองท้องถิ่น,ท้องถิ่นจังหวัดเชียงใหม่,28,33.33,24.80,29.64,17.62,41.67,27.28,25.00,34.07,31.25,28.84,39.29,27.89
2568,436,บ้านต้นผึ้ง,แม่ริม,เล็ก,นอกเมือง,สำนักงานคณะกรรมการการศึกษาขั้นพื้นฐาน,สพป.เชียงใหม่ เขต 2,10,38.33,23.63,33.00,16.76,33.33,25.82,10.00,20.00,30.00,24.49,32.50,16.01
2568,437,บ้านทุ่งโป่ง,แม่ริม,กลาง,นอกเมือง,สำนักงานคณะกรรมการการศึกษาขั้นพื้นฐาน,สพป.เชียงใหม่ เขต 2,28,44.05,27.17,33.93,15.89,31.55,22.42,12.50,21.65,36.61,25.43,31.25,23.74
2568,438,บ้านน้ำริน,แม่ริม,เล็ก,นอกเมือง,สำนักงานคณะกรรมการการศึกษาขั้นพื้นฐาน,สพป.เชียงใหม่ เขต 2,11,37.88,16.03,25.45,14.99,37.88,17.54,9.09,19.28,18.18,18.74,27.27,19.81
2568,439,บ้านบวกจั่น,แม่ริม,เล็ก,นอกเมือง,สำนักงานคณะกรรมการการศึกษาขั้นพื้นฐาน,สพป.เชียงใหม่ เขต 2,12,22.22,20.79,19.17,11.87,25.00,17.35,16.67,23.57,22.92,18.98,12.50,16.14
2568,440,บ้านปางไฮ,แม่ริม,กลาง,นอกเมือง,สำนักงานคณะกรรมการการศึกษาขั้นพื้นฐาน,สพป.เชียงใหม่ เขต 2,11,34.85,21.85,30.00,15.95,28.79,23.67,18.18,24.05,31.82,26.31,36.36,28.93
2568,441,บ้านป่าติ้ว,แม่ริม,เล็ก,นอกเมือง,สำนักงานคณะกรรมการการศึกษาขั้นพื้นฐาน,สพป.เชียงใหม่ เขต 2,18,27.78,25.46,27.22,12.39,22.22,21.52,19.44,24.37,19.44,19.64,30.56,27.07
2568,442,บ้านโป่งแยงนอก,แม่ริม,เล็ก,นอกเมือง,สำนักงานคณะกรรมการการศึกษาขั้นพื้นฐาน,สพป.เชียงใหม่ เขต 2,20,35.00,26.82,33.00,22.38,37.50,26.29,27.50,33.45,35.00,24.24,30.00,32.21
2568,443,บ้านโป่งแยงใน,แม่ริม,เล็ก,นอกเมือง,สำนักงานคณะกรรมการการศึกษาขั้นพื้นฐาน,สพป.เชียงใหม่ เขต 2,28,30.36,17.85,30.36,20.44,32.14,21.33,25.00,28.35,24.11,20.57,25.89,22.64
2568,444,บ้านพระนอน,แม่ริม,เล็ก,นอกเมือง,สำนักงานคณะกรรมการการศึกษาขั้นพื้นฐาน,สพป.เชียงใหม่ เขต 2,20,29.17,15.70,22.50,12.20,21.67,18.33,12.50,21.65,21.25,19.80,26.25,24.33
2568,445,บ้านเมืองก๊ะ,แม่ริม,เล็ก,นอกเมือง,สำนักงานคณะกรรมการการศึกษาขั้นพื้นฐาน,สพป.เชียงใหม่ เขต 2,8,22.92,14.28,31.25,7.81,27.08,21.95,56.25,16.54,15.63,17.40,40.63,32.92
2568,446,บ้านแม่สา,แม่ริม,กลาง,นอกเมือง,สำนักงานคณะกรรมการการศึกษาขั้นพื้นฐาน,สพป.เชียงใหม่ เขต 2,9,38.89,26.06,26.67,15.63,38.89,13.61,16.67,23.57,33.33,33.33,27.78,14.16
2568,447,บ้านริมใต้,แม่ริม,กลาง,นอกเมือง,สำนักงานคณะกรรมการการศึกษาขั้นพื้นฐาน,สพป.เชียงใหม่ เขต 2,151,38.41,23.33,31.72,17.86,37.31,23.55,21.85,27.94,27.48,26.80,30.96,24.02
2568,448,บ้านศาลา,แม่ริม,กลาง,นอกเมือง,กรมส่งเสริมการปกครองท้องถิ่น,ท้องถิ่นจังหวัดเชียงใหม่,86,38.57,28.10,29.30,21.72,41.28,28.72,26.74,31.16,33.72,27.43,32.56,27.77
2568,449,บ้านสะลวงนอก,แม่ริม,เล็ก,นอกเมือง,สำนักงานคณะกรรมการการศึกษาขั้นพื้นฐาน,สพป.เชียงใหม่ เขต 2,5,30.00,19.44,20.00,12.65,20.00,16.33,30.00,24.49,20.00,29.15,20.00,10.00
2568,450,บ้านสันคะยอม,แม่ริม,เล็ก,นอกเมือง,สำนักงานคณะกรรมการการศึกษาขั้นพื้นฐาน,สพป.เชียงใหม่ เขต 2,16,28.12,21.83,30.00,13.69,15.62,18.13,25.00,30.62,26.56,18.68,18.75,18.75
2568,451,บ้านหนองปลามัน,แม่ริม,เล็ก,นอกเมือง,สำนักงานคณะกรรมการการศึกษาขั้นพื้นฐาน,สพป.เชียงใหม่ เขต 2,21,30.95,18.75,26.67,15.22,30.95,21.99,19.05,28.77,19.05,18.75,25.00,17.25
2568,452,มูลนิธิมหาราช 5,แม่ริม,เล็ก,นอกเมือง,สำนักงานคณะกรรมการการศึกษาขั้นพื้นฐาน,สพป.เชียงใหม่ เขต 2,12,37.50,18.16,30.00,12.91,27.78,19.64,20.83,32.00,27.08,25.94,31.25,18.04
2568,453,ราชประชานุเคราะห์ 60 จังหวัดเชียงใหม่,แม่ริม,กลาง,นอกเมือง,สำนักบริหารงานการศึกษาพิเศษ,-,51,26.47,19.58,29.02,18.07,29.41,20.50,35.29,26.74,21.57,23.75,26.47,24.96
2568,454,วัดทรายมูล,แม่ริม,เล็ก,นอกเมือง,สำนักงานคณะกรรมการการศึกษาขั้นพื้นฐาน,สพป.เชียงใหม่ เขต 2,28,36.31,19.44,27.14,12.21,27.38,12.77,17.86,27.43,21.43,21.87,27.68,20.42
2568,455,บ้านกาด(เขมวังส์ฯ),แม่วาง,กลาง,นอกเมือง,สำนักงานคณะกรรมการการศึกษาขั้นพื้นฐาน,สพป.เชียงใหม่ เขต 4,51,27.12,20.86,25.10,15.39,29.41,24.83,14.71,22.78,24.51,21.86,23.04,20.91
2568,456,บ้านทุ่งหลวง,แม่วาง,เล็ก,นอกเมือง,สำนักงานคณะกรรมการการศึกษาขั้นพื้นฐาน,สพป.เชียงใหม่ เขต 4,9,12.96,17.17,27.78,16.85,16.67,7.86,16.67,23.57,30.56,22.91,22.22,24.85
2568,457,บ้านพันตน,แม่วาง,เล็ก,นอกเมือง,สำนักงานคณะกรรมการการศึกษาขั้นพื้นฐาน,สพป.เชียงใหม่ เขต 4,4,25.00,8.33,25.00,8.66,8.33,8.33,37.50,21.65,0.00,0.00,12.50,12.50
2568,458,บ้านหนองเต่า,แม่วาง,เล็ก,นอกเมือง,สำนักงานคณะกรรมการการศึกษาขั้นพื้นฐาน,สพป.เชียงใหม่ เขต 4,9,37.04,18.89,24.44,10.66,31.48,25.39,44.44,28.33,13.89,17.12,22.22,18.43
2568,459,บ้านห้วยข้าวลีบ,แม่วาง,เล็ก,นอกเมือง,สำนักงานคณะกรรมการการศึกษาขั้นพื้นฐาน,สพป.เชียงใหม่ เขต 4,16,25.00,18.63,21.87,13.79,39.58,14.28,12.50,21.65,14.06,15.23,28.13,19.52
2568,460,บ้านห้วยตอง,แม่วาง,กลาง,นอกเมือง,สำนักงานคณะกรรมการการศึกษาขั้นพื้นฐาน,สพป.เชียงใหม่ เขต 4,17,19.61,11.76,23.53,13.69,28.43,20.42,17.65,23.89,25.00,21.00,25.00,17.15
2568,461,บ้านเหล่าป่าฝาง,แม่วาง,เล็ก,นอกเมือง,สำนักงานคณะกรรมการการศึกษาขั้นพื้นฐาน,สพป.เชียงใหม่ เขต 4,7,23.81,15.06,21.43,12.45,14.29,10.65,14.29,22.59,35.71,18.21,25.00,13.36
2568,462,บ้านใหม่สวรรค์,แม่วาง,เล็ก,นอกเมือง,สำนักงานคณะกรรมการการศึกษาขั้นพื้นฐาน,สพป.เชียงใหม่ เขต 4,15,30.00,22.11,28.67,12.58,27.78,23.31,23.33,24.94,33.33,19.72,26.67,29.53
2568,463,พัฒนาต้นน้ำที่ 5 ขุนวาง,แม่วาง,เล็ก,นอกเมือง,สำนักงานคณะกรรมการการศึกษาขั้นพื้นฐาน,สพป.เชียงใหม่ เขต 4,21,23.02,15.83,20.95,14.11,26.98,13.09,21.43,32.99,25.00,21.82,17.86,19.12
2568,464,แม่วินสามัคคี,แม่วาง,กลาง,นอกเมือง,สำนักงานคณะกรรมการการศึกษาขั้นพื้นฐาน,สพป.เชียงใหม่ เขต 4,20,28.33,20.48,21.50,10.62,19.17,16.05,32.50,23.85,18.75,15.56,26.25,20.12
2568,465,วัดดอนเปา,แม่วาง,เล็ก,นอกเมือง,กรมส่งเสริมการปกครองท้องถิ่น,ท้องถิ่นจังหวัดเชียงใหม่,9,29.63,17.17,18.89,12.86,33.33,24.85,27.78,24.85,16.67,16.67,22.22,18.43
2568,466,วัดทุ่งศาลา,แม่วาง,เล็ก,นอกเมือง,สำนักงานคณะกรรมการการศึกษาขั้นพื้นฐาน,สพป.เชียงใหม่ เขต 4,5,20.00,6.67,22.00,11.66,23.33,13.33,10.00,20.00,10.00,20.00,35.00,25.50
2568,467,วัดมะกับตองหลวง,แม่วาง,เล็ก,นอกเมือง,สำนักงานคณะกรรมการการศึกษาขั้นพื้นฐาน,สพป.เชียงใหม่ เขต 4,5,30.00,12.47,24.00,10.20,43.33,24.94,20.00,24.49,20.00,18.71,40.00,20.00
2568,468,วัดศิริชัยนิมิตร,แม่วาง,เล็ก,นอกเมือง,สำนักงานคณะกรรมการการศึกษาขั้นพื้นฐาน,สพป.เชียงใหม่ เขต 4,11,34.85,13.21,21.82,11.13,33.33,15.89,13.64,22.27,27.27,19.81,20.45,17.90
2568,469,วัดห้วยแก้ว,แม่วาง,เล็ก,นอกเมือง,สำนักงานคณะกรรมการการศึกษาขั้นพื้นฐาน,สพป.เชียงใหม่ เขต 4,5,23.33,17.00,22.00,14.70,20.00,16.33,40.00,20.00,40.00,12.25,10.00,12.25
2568,470,สโมสรไลออนรัตนโกสินทร์,แม่วาง,เล็ก,นอกเมือง,สำนักงานคณะกรรมการการศึกษาขั้นพื้นฐาน,สพป.เชียงใหม่ เขต 4,5,30.00,16.33,28.00,14.70,26.67,17.00,40.00,20.00,15.00,12.25,40.00,20.00
2568,471,สารสาสน์วิเทศอุปถัมภ์,แม่วาง,กลาง,นอกเมือง,สำนักงานคณะกรรมการส่งเสริมการศึกษาเอกชน,-,27,45.68,25.50,38.52,19.38,41.98,27.73,22.22,28.33,25.93,18.61,39.81,24.78
2568,472,หลวงพัฒนาบ้านขุนวาง,แม่วาง,กลาง,นอกเมือง,สำนักงานคณะกรรมการการศึกษาขั้นพื้นฐาน,สพป.เชียงใหม่ เขต 4,21,24.60,15.95,20.95,10.65,30.95,14.81,26.19,29.35,28.57,17.74,27.38,20.27
2568,473,ทาเหนือวิทยา,แม่ออน,เล็ก,นอกเมือง,สำนักงานคณะกรรมการการศึกษาขั้นพื้นฐาน,สพป.เชียงใหม่ เขต 1,16,31.25,21.14,27.50,14.79,30.21,18.84,25.00,25.00,29.69,26.84,17.19,22.91
2568,474,บ้านออนกลาง,แม่ออน,เล็ก,นอกเมือง,สำนักงานคณะกรรมการการศึกษาขั้นพื้นฐาน,สพป.เชียงใหม่ เขต 1,7,21.43,14.68,25.71,7.28,28.57,19.34,7.14,17.50,21.43,20.82,25.00,18.90
2568,475,บ้านออนหลวย,แม่ออน,เล็ก,นอกเมือง,สำนักงานคณะกรรมการการศึกษาขั้นพื้นฐาน,สพป.เชียงใหม่ เขต 1,4,12.50,7.22,30.00,12.25,33.33,16.67,25.00,25.00,37.50,21.65,25.00,17.68
2568,476,แม่ตะไคร้,แม่ออน,เล็ก,นอกเมือง,สำนักงานคณะกรรมการการศึกษาขั้นพื้นฐาน,สพป.เชียงใหม่ เขต 1,7,30.95,10.65,24.29,17.61,35.71,20.76,14.29,22.59,17.86,11.29,21.43,15.97
2568,477,วัดดอนชัย,แม่ออน,เล็ก,นอกเมือง,สำนักงานคณะกรรมการการศึกษาขั้นพื้นฐาน,สพป.เชียงใหม่ เขต 1,1,16.67,0.00,30.00,0.00,0.00,0.00,50.00,0.00,0.00,0.00,0.00,0.00
2568,478,วัดเปาสามขา,แม่ออน,เล็ก,นอกเมือง,สำนักงานคณะกรรมการการศึกษาขั้นพื้นฐาน,สพป.เชียงใหม่ เขต 1,16,27.08,18.52,21.25,12.18,29.17,21.65,21.87,24.80,23.44,16.46,25.00,26.52
2568,479,วัดห้วยแก้ว,แม่ออน,เล็ก,นอกเมือง,สำนักงานคณะกรรมการการศึกษาขั้นพื้นฐาน,สพป.เชียงใหม่ เขต 1,28,35.71,19.78,32.50,15.50,27.38,27.17,28.57,24.74,26.79,28.29,24.11,21.63
2568,480,วัดห้วยทราย,แม่ออน,เล็ก,นอกเมือง,สำนักงานคณะกรรมการการศึกษาขั้นพื้นฐาน,สพป.เชียงใหม่ เขต 1,7,35.71,22.59,21.43,8.33,26.19,17.50,21.43,24.74,25.00,26.73,17.86,29.01
2568,481,หมู่บ้านสหกรณ์ 2,แม่ออน,เล็ก,นอกเมือง,สำนักงานคณะกรรมการการศึกษาขั้นพื้นฐาน,สพป.เชียงใหม่ เขต 1,19,24.56,20.50,27.89,17.94,24.56,21.20,18.42,24.12,18.42,21.22,22.37,19.69
2568,482,กมล -เรียม สุโกศล (บ้านผาใต้),แม่อาย,เล็ก,นอกเมือง,สำนักงานคณะกรรมการการศึกษาขั้นพื้นฐาน,สพป.เชียงใหม่ เขต 3,8,31.25,24.21,21.25,11.66,29.17,19.98,6.25,16.54,18.75,10.83,18.75,24.21
2568,483,เจ้าพ่อหลวงอุปถัมภ์ 9,แม่อาย,กลาง,นอกเมือง,สำนักงานคณะกรรมการการศึกษาขั้นพื้นฐาน,สพป.เชียงใหม่ เขต 3,17,13.73,13.08,27.06,12.25,34.31,19.36,23.53,24.96,26.47,23.44,25.00,24.25
2568,484,ชุมชนบ้านคาย,แม่อาย,กลาง,นอกเมือง,สำนักงานคณะกรรมการการศึกษาขั้นพื้นฐาน,สพป.เชียงใหม่ เขต 3,36,28.70,17.83,24.17,12.56,25.46,16.89,29.17,29.76,22.92,22.34,21.53,19.68
2568,485,ชุมชนบ้านแม่ฮ่าง,แม่อาย,กลาง,นอกเมือง,สำนักงานคณะกรรมการการศึกษาขั้นพื้นฐาน,สพป.เชียงใหม่ เขต 3,27,25.31,18.91,25.93,11.94,29.01,16.72,14.81,26.58,18.52,22.14,19.44,17.12
2568,486,โชติคุณเกษมบ้านเมืองงาม,แม่อาย,กลาง,นอกเมือง,สำนักงานคณะกรรมการการศึกษาขั้นพื้นฐาน,สพป.เชียงใหม่ เขต 3,40,23.33,16.58,27.25,11.83,23.33,19.29,22.50,24.87,25.63,21.28,21.88,23.18
2568,487,ต.ช.ด. ไลออนส์มหาจักร 8,แม่อาย,เล็ก,นอกเมือง,สำนักงานคณะกรรมการการศึกษาขั้นพื้นฐาน,สพป.เชียงใหม่ เขต 3,19,25.44,16.55,27.89,16.08,32.46,18.32,23.68,24.97,22.37,17.94,27.63,16.01
2568,488,ต.ช.ด.ศึกษานารีอนุสรณ์ 3,แม่อาย,เล็ก,นอกเมือง,สำนักงานคณะกรรมการการศึกษาขั้นพื้นฐาน,สพป.เชียงใหม่ เขต 3,22,32.58,14.63,27.73,12.03,26.52,18.57,27.27,24.90,25.00,22.61,20.45,20.83
2568,489,ทุติยะโพธิ์อนุสรณ์,แม่อาย,เล็ก,นอกเมือง,กองบัญชาการตำรวจตระเวนชายแดน,-,14,22.62,7.99,29.29,20.52,17.86,14.73,17.86,30.51,32.14,19.88,12.50,15.67
2568,490,ไทยทนุบ้านสันต้นดู่,แม่อาย,เล็ก,นอกเมือง,สำนักงานคณะกรรมการการศึกษาขั้นพื้นฐาน,สพป.เชียงใหม่ เขต 3,10,28.33,16.75,29.00,11.36,21.67,10.67,25.00,33.54,27.50,23.58,25.00,22.36
2568,491,ไทยรัฐวิทยา 12 (บ้านเอก),แม่อาย,กลาง,นอกเมือง,สำนักงานคณะกรรมการการศึกษาขั้นพื้นฐาน,สพป.เชียงใหม่ เขต 3,32,36.98,21.94,33.44,15.13,36.98,18.03,20.31,27.55,25.78,18.20,22.66,21.97
2568,492,บ้านดง,แม่อาย,กลาง,นอกเมือง,สำนักงานคณะกรรมการการศึกษาขั้นพื้นฐาน,สพป.เชียงใหม่ เขต 3,16,23.96,21.22,20.62,15.19,23.96,15.56,18.75,24.21,17.19,19.20,23.44,18.68
2568,493,บ้านดอนชัย,แม่อาย,เล็ก,นอกเมือง,สำนักงานคณะกรรมการการศึกษาขั้นพื้นฐาน,สพป.เชียงใหม่ เขต 3,10,23.33,13.33,30.00,16.12,20.00,16.33,20.00,24.49,22.50,20.77,15.00,16.58
2568,494,บ้านท่ามะแกง,แม่อาย,เล็ก,นอกเมือง,สำนักงานคณะกรรมการการศึกษาขั้นพื้นฐาน,สพป.เชียงใหม่ เขต 3,15,24.44,19.12,22.67,18.06,42.22,28.46,26.67,24.94,38.33,15.46,31.67,14.34
2568,495,บ้านป่าก๊อ,แม่อาย,กลาง,นอกเมือง,สำนักงานคณะกรรมการการศึกษาขั้นพื้นฐาน,สพป.เชียงใหม่ เขต 3,46,23.55,14.15,27.83,11.96,20.29,16.99,25.00,27.09,22.28,19.66,23.37,21.75
2568,496,บ้านปางต้นเดื่อ,แม่อาย,กลาง,นอกเมือง,สำนักงานคณะกรรมการการศึกษาขั้นพื้นฐาน,สพป.เชียงใหม่ เขต 3,16,29.17,17.18,25.00,15.41,26.04,16.63,28.12,30.46,26.56,24.16,21.88,14.99
2568,497,บ้านป่าแดง,แม่อาย,กลาง,นอกเมือง,สำนักงานคณะกรรมการการศึกษาขั้นพื้นฐาน,สพป.เชียงใหม่ เขต 3,8,29.17,16.14,26.25,18.67,33.33,11.79,25.00,25.00,15.63,17.40,25.00,17.68
2568,498,บ้านโป่งไฮ,แม่อาย,เล็ก,นอกเมือง,สำนักงานคณะกรรมการการศึกษาขั้นพื้นฐาน,สพป.เชียงใหม่ เขต 3,14,27.38,17.37,29.29,14.86,28.57,15.97,17.86,23.96,26.79,22.09,19.64,16.85
2568,499,บ้านแม่สาว,แม่อาย,กลาง,นอกเมือง,สำนักงานคณะกรรมการการศึกษาขั้นพื้นฐาน,สพป.เชียงใหม่ เขต 3,36,22.69,16.27,23.33,11.55,26.85,16.79,15.28,23.03,23.61,22.00,21.53,22.17
2568,500,บ้านโละ,แม่อาย,เล็ก,นอกเมือง,สำนักงานคณะกรรมการการศึกษาขั้นพื้นฐาน,สพป.เชียงใหม่ เขต 3,4,29.17,21.65,25.00,16.58,50.00,26.35,25.00,25.00,25.00,25.00,0.00,0.00
2568,501,บ้านสันต้นหมื้อ,แม่อาย,กลาง,นอกเมือง,สำนักงานคณะกรรมการการศึกษาขั้นพื้นฐาน,สพป.เชียงใหม่ เขต 3,34,19.61,14.84,25.88,10.88,27.94,19.69,36.76,30.46,27.94,21.66,24.26,19.63
2568,502,บ้านสันปอธง,แม่อาย,เล็ก,นอกเมือง,สำนักงานคณะกรรมการการศึกษาขั้นพื้นฐาน,สพป.เชียงใหม่ เขต 3,11,27.27,12.86,28.18,12.66,33.33,20.10,13.64,22.27,38.64,19.55,18.18,18.74
2568,503,บ้านสันป่าข่า,แม่อาย,เล็ก,นอกเมือง,สำนักงานคณะกรรมการการศึกษาขั้นพื้นฐาน,สพป.เชียงใหม่ เขต 3,12,26.39,20.93,26.67,13.12,27.78,17.12,29.17,24.65,22.92,23.84,27.08,16.00
2568,504,บ้านสันป่าเหียว,แม่อาย,เล็ก,นอกเมือง,สำนักงานคณะกรรมการการศึกษาขั้นพื้นฐาน,สพป.เชียงใหม่ เขต 3,10,26.67,13.33,29.00,13.00,33.33,16.67,20.00,33.17,30.00,24.49,22.50,17.50
2568,505,บ้านสุขฤทัย,แม่อาย,กลาง,นอกเมือง,สำนักงานคณะกรรมการการศึกษาขั้นพื้นฐาน,สพป.เชียงใหม่ เขต 3,49,26.53,17.14,24.90,13.72,31.97,22.80,25.51,26.96,29.08,25.43,29.08,22.78
2568,506,บ้านหนองขี้นกยาง,แม่อาย,เล็ก,นอกเมือง,สำนักงานคณะกรรมการการศึกษาขั้นพื้นฐาน,สพป.เชียงใหม่ เขต 3,7,28.57,14.68,32.86,21.19,26.19,8.25,21.43,24.74,17.86,17.50,25.00,23.15
2568,507,บ้านหลวง,แม่อาย,เล็ก,นอกเมือง,สำนักงานคณะกรรมการการศึกษาขั้นพื้นฐาน,สพป.เชียงใหม่ เขต 3,5,40.00,8.16,30.00,10.95,20.00,16.33,30.00,24.49,25.00,27.39,25.00,15.81
2568,508,บ้านห้วยคอกหมู,แม่อาย,เล็ก,นอกเมือง,สำนักงานคณะกรรมการการศึกษาขั้นพื้นฐาน,สพป.เชียงใหม่ เขต 3,18,28.70,15.52,27.22,12.83,29.63,17.17,25.00,34.36,22.22,20.22,18.06,16.26
2568,509,บ้านห้วยป่าซาง,แม่อาย,เล็ก,นอกเมือง,สำนักงานคณะกรรมการการศึกษาขั้นพื้นฐาน,สพป.เชียงใหม่ เขต 3,21,28.57,23.65,30.95,11.51,23.02,20.88,21.43,29.16,20.24,16.58,20.24,25.14
2568,510,บ้านห้วยปู,แม่อาย,เล็ก,นอกเมือง,สำนักงานคณะกรรมการการศึกษาขั้นพื้นฐาน,สพป.เชียงใหม่ เขต 3,14,30.95,18.75,31.43,15.52,42.86,21.56,7.14,17.50,23.21,24.02,28.57,22.87
2568,511,บ้านห้วยม่วง,แม่อาย,เล็ก,นอกเมือง,สำนักงานคณะกรรมการการศึกษาขั้นพื้นฐาน,สพป.เชียงใหม่ เขต 3,7,33.33,17.82,25.71,9.04,30.95,13.88,7.14,17.50,17.86,11.29,25.00,13.36
2568,512,บ้านห้วยศาลา,แม่อาย,เล็ก,นอกเมือง,สำนักงานคณะกรรมการการศึกษาขั้นพื้นฐาน,สพป.เชียงใหม่ เขต 3,24,29.17,18.16,23.33,11.43,27.08,20.87,18.75,24.21,22.92,22.73,28.13,23.18
2568,513,บ้านฮ่างต่ำ,แม่อาย,เล็ก,นอกเมือง,สำนักงานคณะกรรมการการศึกษาขั้นพื้นฐาน,สพป.เชียงใหม่ เขต 3,9,31.48,18.33,22.22,13.15,22.22,15.71,38.89,31.43,27.78,18.43,25.00,20.41
2568,514,ประพันธ์ - อารีย์ หงษ์สกุล (บ้านห้วยห,แม่อาย,กลาง,นอกเมือง,สำนักงานคณะกรรมการการศึกษาขั้นพื้นฐาน,สพป.เชียงใหม่ เขต 3,5,23.33,17.00,38.00,7.48,30.00,12.47,10.00,20.00,20.00,18.71,30.00,18.71
2568,515,เพียงหลวง 1 (บ้านท่าตอน),แม่อาย,กลาง,นอกเมือง,สำนักงานคณะกรรมการการศึกษาขั้นพื้นฐาน,สพป.เชียงใหม่ เขต 3,60,34.17,21.39,28.17,17.08,33.33,20.41,30.83,31.74,30.42,25.04,23.33,22.76
2568,516,ราชประชานุเคราะห์ 30,แม่อาย,กลาง,นอกเมือง,สำนักบริหารงานการศึกษาพิเศษ,-,28,19.64,14.12,25.71,14.25,30.36,13.40,25.00,36.60,19.64,22.52,21.43,20.82
2568,517,วัดห้วยน้ำเย็น,แม่อาย,เล็ก,นอกเมือง,สำนักงานคณะกรรมการการศึกษาขั้นพื้นฐาน,สพป.เชียงใหม่ เขต 3,12,27.78,15.71,30.83,14.41,25.00,12.73,41.67,27.64,22.92,18.98,37.50,23.94
2568,518,ศึกษานารีอนุสรณ์ 1 บ้านแม่เมืองน้อย,แม่อาย,เล็ก,นอกเมือง,สำนักงานคณะกรรมการการศึกษาขั้นพื้นฐาน,สพป.เชียงใหม่ เขต 3,13,19.23,17.10,25.38,13.93,26.92,21.22,19.23,24.33,19.23,17.41,30.77,22.26
2568,519,ศึกษานารีอนุสรณ์ 2,แม่อาย,กลาง,นอกเมือง,สำนักงานคณะกรรมการการศึกษาขั้นพื้นฐาน,สพป.เชียงใหม่ เขต 3,9,24.07,15.93,26.67,13.33,22.22,19.25,11.11,20.79,30.56,19.64,27.78,21.87
2568,520,ศูนย์การเรียนตำรวจตระเวนชายแดนบ้านนามะอื้น,แม่อาย,เล็ก,นอกเมือง,กองบัญชาการตำรวจตระเวนชายแดน,-,8,22.92,16.54,25.00,18.03,22.92,21.95,31.25,34.80,25.00,17.68,25.00,12.50
2568,521,เฮียงไทยธำรงค์,แม่อาย,เล็ก,นอกเมือง,กองบัญชาการตำรวจตระเวนชายแดน,-,14,15.48,14.73,24.29,16.78,32.14,22.24,28.57,24.74,32.14,22.02,23.21,14.83
2568,522,ตชด.เบญจมะ1,เวียงแหง,เล็ก,นอกเมือง,กองบัญชาการตำรวจตระเวนชายแดน,-,10,21.67,16.75,23.00,15.52,30.00,14.53,15.00,22.91,27.50,13.46,32.50,22.50
2568,523,บ้านกองลม,เวียงแหง,กลาง,นอกเมือง,สำนักงานคณะกรรมการการศึกษาขั้นพื้นฐาน,สพป.เชียงใหม่ เขต 3,30,22.78,16.93,26.67,12.74,24.44,16.52,16.67,26.87,15.00,18.93,23.33,24.09
2568,524,บ้านจอง,เวียงแหง,กลาง,นอกเมือง,สำนักงานคณะกรรมการการศึกษาขั้นพื้นฐาน,สพป.เชียงใหม่ เขต 3,23,31.16,23.21,29.57,14.59,38.41,26.66,23.91,29.00,34.78,26.31,36.96,26.45
2568,525,บ้านนามน,เวียงแหง,เล็ก,นอกเมือง,สำนักงานคณะกรรมการการศึกษาขั้นพื้นฐาน,สพป.เชียงใหม่ เขต 3,18,34.26,21.13,25.56,13.43,32.41,22.55,11.11,20.79,29.17,23.94,26.39,24.26
2568,526,บ้านปางป๋อ,เวียงแหง,เล็ก,นอกเมือง,สำนักงานคณะกรรมการการศึกษาขั้นพื้นฐาน,สพป.เชียงใหม่ เขต 3,17,38.24,16.92,24.12,12.86,35.29,22.78,35.29,28.52,26.47,15.97,20.59,23.07
2568,527,บ้านเปียงหลวง,เวียงแหง,กลาง,นอกเมือง,สำนักงานคณะกรรมการการศึกษาขั้นพื้นฐาน,สพป.เชียงใหม่ เขต 3,53,26.73,18.12,24.91,14.62,29.25,16.48,22.64,26.72,24.06,22.76,20.28,17.55
2568,528,บ้านม่วงป๊อก,เวียงแหง,กลาง,นอกเมือง,สำนักงานคณะกรรมการการศึกษาขั้นพื้นฐาน,สพป.เชียงใหม่ เขต 3,36,28.70,15.02,25.00,14.24,33.33,19.64,30.56,29.53,19.44,21.34,21.53,17.83
2568,529,บ้านเวียงแหง,เวียงแหง,กลาง,นอกเมือง,สำนักงานคณะกรรมการการศึกษาขั้นพื้นฐาน,สพป.เชียงใหม่ เขต 3,42,28.17,18.36,22.38,13.77,24.21,17.14,15.48,23.11,17.26,19.28,26.79,19.21
2568,530,บ้านห้วยไคร้,เวียงแหง,กลาง,นอกเมือง,สำนักงานคณะกรรมการการศึกษาขั้นพื้นฐาน,สพป.เชียงใหม่ เขต 3,23,23.91,22.43,26.52,13.06,28.26,15.10,23.91,29.00,23.91,17.25,21.74,19.92
2568,531,รัฐราษฎร์อุปถัมภ์,เวียงแหง,กลาง,นอกเมือง,สำนักงานคณะกรรมการการศึกษาขั้นพื้นฐาน,สพป.เชียงใหม่ เขต 3,25,28.00,19.28,22.80,13.12,29.33,23.70,20.00,24.49,19.00,20.35,23.00,18.60
2568,532,ชุมชนบ้านดง,สะเมิง,เล็ก,นอกเมือง,สำนักงานคณะกรรมการการศึกษาขั้นพื้นฐาน,สพป.เชียงใหม่ เขต 2,19,28.95,19.38,24.21,11.39,27.19,20.38,28.95,29.54,25.00,21.46,23.68,22.17
2568,533,ชุมชนบ้านแม่สาบ,สะเมิง,เล็ก,นอกเมือง,สำนักงานคณะกรรมการการศึกษาขั้นพื้นฐาน,สพป.เชียงใหม่ เขต 2,9,20.37,20.45,25.56,12.57,27.78,13.61,27.78,24.85,25.00,20.41,27.78,7.86
2568,534,ทรายทองราษฎร์อุทิศ,สะเมิง,เล็ก,นอกเมือง,สำนักงานคณะกรรมการการศึกษาขั้นพื้นฐาน,สพป.เชียงใหม่ เขต 2,18,29.63,21.91,25.56,15.71,36.11,27.36,30.56,33.91,25.00,20.41,26.39,25.65
2568,535,บ้านกิ่วเสือ,สะเมิง,เล็ก,นอกเมือง,สำนักงานคณะกรรมการการศึกษาขั้นพื้นฐาน,สพป.เชียงใหม่ เขต 2,7,40.48,19.63,17.14,11.61,19.05,13.88,21.43,24.74,28.57,15.97,21.43,15.97
2568,536,บ้านนากู่,สะเมิง,เล็ก,นอกเมือง,สำนักงานคณะกรรมการการศึกษาขั้นพื้นฐาน,สพป.เชียงใหม่ เขต 2,5,20.00,6.67,14.00,8.00,33.33,10.54,10.00,20.00,20.00,10.00,15.00,12.25
2568,537,บ้านบ่อแก้ว,สะเมิง,กลาง,นอกเมือง,สำนักงานคณะกรรมการการศึกษาขั้นพื้นฐาน,สพป.เชียงใหม่ เขต 2,37,18.92,15.09,22.16,13.78,28.38,20.08,14.86,22.85,27.03,18.72,30.41,17.57
2568,538,บ้านปางขุม,สะเมิง,เล็ก,นอกเมือง,สำนักงานคณะกรรมการการศึกษาขั้นพื้นฐาน,สพป.เชียงใหม่ เขต 2,9,29.63,17.17,22.22,7.86,25.93,15.93,16.67,23.57,27.78,14.16,19.44,19.64
2568,539,บ้านป่าลาน,สะเมิง,เล็ก,นอกเมือง,สำนักงานคณะกรรมการการศึกษาขั้นพื้นฐาน,สพป.เชียงใหม่ เขต 2,12,33.33,11.79,30.83,8.62,29.17,16.84,29.17,24.65,22.92,21.55,14.58,18.98
2568,540,บ้านแม่ขะปู,สะเมิง,เล็ก,นอกเมือง,สำนักงานคณะกรรมการการศึกษาขั้นพื้นฐาน,สพป.เชียงใหม่ เขต 2,15,31.11,20.96,30.00,14.61,27.78,20.79,20.00,24.49,25.00,22.36,41.67,23.57
2568,541,บ้านแม่โต๋,สะเมิง,เล็ก,นอกเมือง,สำนักงานคณะกรรมการการศึกษาขั้นพื้นฐาน,สพป.เชียงใหม่ เขต 2,14,23.81,17.50,22.14,14.73,30.95,15.25,17.86,23.96,23.21,22.09,26.79,24.02
2568,542,บ้านแม่ยางห้า,สะเมิง,เล็ก,นอกเมือง,สำนักงานคณะกรรมการการศึกษาขั้นพื้นฐาน,สพป.เชียงใหม่ เขต 2,25,30.00,17.64,26.40,10.15,27.33,22.55,24.00,32.00,33.00,20.88,19.00,21.54
2568,543,บ้านแม่ลานคำ,สะเมิง,เล็ก,นอกเมือง,สำนักงานคณะกรรมการการศึกษาขั้นพื้นฐาน,สพป.เชียงใหม่ เขต 2,16,20.83,12.50,21.25,14.95,17.71,16.10,25.00,25.00,23.44,18.68,20.31,15.86
2568,544,บ้านแม่แว,สะเมิง,เล็ก,นอกเมือง,สำนักงานคณะกรรมการการศึกษาขั้นพื้นฐาน,สพป.เชียงใหม่ เขต 2,10,16.67,14.91,31.00,14.46,13.33,10.00,35.00,22.91,25.00,19.36,17.50,22.50
2568,545,บ้านห้วยน้ำจาง,สะเมิง,เล็ก,นอกเมือง,สำนักงานคณะกรรมการการศึกษาขั้นพื้นฐาน,สพป.เชียงใหม่ เขต 2,17,19.61,14.27,19.41,13.05,16.67,17.15,17.65,23.89,25.00,21.00,25.00,22.69
2568,546,รัปปาปอร์ต,สะเมิง,เล็ก,นอกเมือง,สำนักงานคณะกรรมการการศึกษาขั้นพื้นฐาน,สพป.เชียงใหม่ เขต 2,18,20.37,21.20,25.56,17.39,28.70,19.88,22.22,24.85,18.06,18.27,26.39,26.97
2568,547,วัดงิ้วเฒ่า,สะเมิง,เล็ก,นอกเมือง,สำนักงานคณะกรรมการการศึกษาขั้นพื้นฐาน,สพป.เชียงใหม่ เขต 2,9,35.19,25.39,31.11,8.75,40.74,19.42,27.78,24.85,25.00,20.41,33.33,16.67
2568,548,วัดบ้านป้อก,สะเมิง,เล็ก,นอกเมือง,สำนักงานคณะกรรมการการศึกษาขั้นพื้นฐาน,สพป.เชียงใหม่ เขต 2,6,33.33,25.46,31.67,8.98,27.78,7.86,25.00,25.00,29.17,22.44,33.33,23.57
2568,549,วัดปางเติม,สะเมิง,เล็ก,นอกเมือง,สำนักงานคณะกรรมการการศึกษาขั้นพื้นฐาน,สพป.เชียงใหม่ เขต 2,9,24.07,11.42,15.56,11.65,37.04,18.89,22.22,24.85,22.22,14.16,44.44,15.71
2568,550,วัดแม่เลย,สะเมิง,เล็ก,นอกเมือง,สำนักงานคณะกรรมการการศึกษาขั้นพื้นฐาน,สพป.เชียงใหม่ เขต 2,10,13.33,10.00,33.00,11.00,30.00,14.53,30.00,24.49,20.00,15.00,17.50,16.01
2568,551,วัดยั้งเมิน,สะเมิง,เล็ก,นอกเมือง,สำนักงานคณะกรรมการการศึกษาขั้นพื้นฐาน,สพป.เชียงใหม่ เขต 2,10,23.33,11.06,23.00,7.81,25.00,20.07,30.00,24.49,35.00,22.91,27.50,13.46
2568,552,บ้านกอสะเลียม,สันกำแพง,เล็ก,นอกเมือง,สำนักงานคณะกรรมการการศึกษาขั้นพื้นฐาน,สพป.เชียงใหม่ เขต 1,6,25.00,12.73,26.67,15.99,19.44,17.79,16.67,23.57,20.83,9.32,33.33,23.57
2568,553,บ้านแช่ช้าง (เทพนานุกูล),สันกำแพง,เล็ก,นอกเมือง,สำนักงานคณะกรรมการการศึกษาขั้นพื้นฐาน,สพป.เชียงใหม่ เขต 1,21,38.89,18.06,28.57,16.12,39.68,24.38,26.19,29.35,26.19,24.97,27.38,24.28
2568,554,บ้านบวกค้าง,สันกำแพง,เล็ก,นอกเมือง,สำนักงานคณะกรรมการการศึกษาขั้นพื้นฐาน,สพป.เชียงใหม่ เขต 1,8,31.25,24.21,26.25,12.18,41.67,28.87,31.25,24.21,31.25,27.24,31.25,24.21
2568,555,บ้านบ่อสร้างนรากรประสาท,สันกำแพง,กลาง,นอกเมือง,สำนักงานคณะกรรมการการศึกษาขั้นพื้นฐาน,สพป.เชียงใหม่ เขต 1,40,27.50,21.59,24.75,18.16,27.92,19.86,20.00,26.93,23.75,21.61,18.75,20.73
2568,556,บ้านมอญ,สันกำแพง,เล็ก,นอกเมือง,สำนักงานคณะกรรมการการศึกษาขั้นพื้นฐาน,สพป.เชียงใหม่ เขต 1,12,37.50,21.65,33.33,18.41,31.94,26.75,37.50,21.65,20.83,26.68,29.17,26.68
2568,557,บ้านแม่ปูคา,สันกำแพง,เล็ก,นอกเมือง,สำนักงานคณะกรรมการการศึกษาขั้นพื้นฐาน,สพป.เชียงใหม่ เขต 1,19,27.19,14.52,25.79,11.84,20.18,19.18,23.68,29.77,32.89,21.54,14.47,16.85
2568,558,บ้านสันกำแพง,สันกำแพง,ใหญ่พิเศษ,นอกเมือง,สำนักงานคณะกรรมการการศึกษาขั้นพื้นฐาน,สพป.เชียงใหม่ เขต 1,348,44.73,27.93,35.92,20.44,46.84,30.08,20.40,29.61,35.78,25.76,38.36,28.26
2568,559,บ้านหนองโค้ง,สันกำแพง,กลาง,นอกเมือง,สำนักงานคณะกรรมการการศึกษาขั้นพื้นฐาน,สพป.เชียงใหม่ เขต 1,46,38.77,25.79,31.74,21.50,39.13,28.49,25.00,30.84,33.70,31.80,32.61,24.93
2568,560,วัดทรายมูลรัตนศึกษา,สันกำแพง,เล็ก,นอกเมือง,สำนักงานคณะกรรมการการศึกษาขั้นพื้นฐาน,สพป.เชียงใหม่ เขต 1,3,38.89,34.25,20.00,8.16,61.11,15.71,0.00,0.00,41.67,11.79,50.00,20.41
2568,561,วัดบ้านน้อย,สันกำแพง,เล็ก,นอกเมือง,สำนักงานคณะกรรมการการศึกษาขั้นพื้นฐาน,สพป.เชียงใหม่ เขต 1,13,37.18,27.85,30.77,21.29,35.90,26.02,34.62,23.08,38.46,31.95,40.38,25.07
2568,562,วัดป่าตาล,สันกำแพง,เล็ก,นอกเมือง,สำนักงานคณะกรรมการการศึกษาขั้นพื้นฐาน,สพป.เชียงใหม่ เขต 1,4,20.83,7.22,40.00,18.71,16.67,11.79,12.50,21.65,25.00,17.68,0.00,0.00
2568,563,วัดร้องวัวแดงศรีจันทร์วิทยาคาร,สันกำแพง,เล็ก,นอกเมือง,สำนักงานคณะกรรมการการศึกษาขั้นพื้นฐาน,สพป.เชียงใหม่ เขต 1,17,34.31,20.19,25.29,21.72,32.35,24.57,20.59,24.61,23.53,26.39,29.41,26.06
2568,564,วัดล้านตอง,สันกำแพง,เล็ก,นอกเมือง,สำนักงานคณะกรรมการการศึกษาขั้นพื้นฐาน,สพป.เชียงใหม่ เขต 1,8,20.83,16.14,21.25,9.27,33.33,20.41,25.00,25.00,21.88,8.27,25.00,25.00
2568,565,วัดสันกลางเหนือ,สันกำแพง,เล็ก,นอกเมือง,สำนักงานคณะกรรมการการศึกษาขั้นพื้นฐาน,สพป.เชียงใหม่ เขต 1,11,31.82,13.21,27.27,15.43,39.39,16.32,22.73,24.90,22.73,16.70,25.00,18.46
2568,566,วัดสันโค้ง,สันกำแพง,เล็ก,นอกเมือง,สำนักงานคณะกรรมการการศึกษาขั้นพื้นฐาน,สพป.เชียงใหม่ เขต 1,6,44.44,28.33,30.00,28.28,36.11,20.22,16.67,23.57,37.50,23.94,33.33,18.63
2568,567,วัดสันมะฮกฟ้า,สันกำแพง,เล็ก,นอกเมือง,สำนักงานคณะกรรมการการศึกษาขั้นพื้นฐาน,สพป.เชียงใหม่ เขต 1,19,34.21,16.64,25.79,14.62,28.07,17.98,21.05,24.69,19.74,19.16,17.11,14.17
2568,568,สวนเด็กสันกำแพง,สันกำแพง,กลาง,นอกเมือง,สำนักงานคณะกรรมการส่งเสริมการศึกษาเอกชน,-,36,40.28,24.34,36.94,22.95,43.98,28.64,23.61,32.24,28.47,25.11,34.72,28.43
2568,569,สันกำแพงคันธาอนุสรณ์,สันกำแพง,เล็ก,นอกเมือง,สำนักงานคณะกรรมการการศึกษาขั้นพื้นฐาน,สพป.เชียงใหม่ เขต 1,25,26.00,17.05,20.80,11.63,26.00,19.48,18.00,24.00,21.00,24.17,33.00,28.04
2568,570,ออนใต้วิทยา,สันกำแพง,เล็ก,นอกเมือง,สำนักงานคณะกรรมการการศึกษาขั้นพื้นฐาน,สพป.เชียงใหม่ เขต 1,14,23.81,16.32,27.14,11.61,20.24,12.88,21.43,24.74,23.21,30.57,23.21,19.96
2568,571,ชลประทานเขื่อนแม่กวงจิราธิวัฒน์อุปถัมภ์,สันทราย,กลาง,นอกเมือง,สำนักงานคณะกรรมการการศึกษาขั้นพื้นฐาน,สพป.เชียงใหม่ เขต 2,31,25.27,18.39,23.87,13.12,39.25,18.72,24.19,24.99,28.23,21.76,35.48,26.01
2568,572,ต้นกล้า,สันทราย,กลาง,นอกเมือง,สำนักงานคณะกรรมการส่งเสริมการศึกษาเอกชน,-,23,94.20,11.64,82.61,14.51,94.93,11.46,63.04,39.61,82.61,27.02,89.13,17.79
2568,573,บ้านเจดีย์แม่ครัว,สันทราย,กลาง,นอกเมือง,สำนักงานคณะกรรมการการศึกษาขั้นพื้นฐาน,สพป.เชียงใหม่ เขต 2,63,31.22,20.25,27.78,14.74,35.45,24.93,24.60,27.99,23.81,22.46,26.98,25.70
2568,574,บ้านท่าเกวียน,สันทราย,เล็ก,นอกเมือง,สำนักงานคณะกรรมการการศึกษาขั้นพื้นฐาน,สพป.เชียงใหม่ เขต 2,18,37.96,22.77,26.67,20.00,37.96,24.72,19.44,29.53,25.00,23.57,31.94,20.08
2568,575,บ้านบวกเปา,สันทราย,เล็ก,นอกเมือง,สำนักงานคณะกรรมการการศึกษาขั้นพื้นฐาน,สพป.เชียงใหม่ เขต 2,15,38.89,23.31,32.00,17.20,42.22,26.43,23.33,30.91,28.33,28.67,36.67,27.18
2568,576,บ้านป่าก้าง,สันทราย,เล็ก,นอกเมือง,สำนักงานคณะกรรมการการศึกษาขั้นพื้นฐาน,สพป.เชียงใหม่ เขต 2,8,35.42,17.55,17.50,6.61,33.33,14.43,18.75,24.21,25.00,12.50,12.50,12.50
2568,577,บ้านป่าบง,สันทราย,เล็ก,นอกเมือง,สำนักงานคณะกรรมการการศึกษาขั้นพื้นฐาน,สพป.เชียงใหม่ เขต 2,15,35.56,20.96,30.00,17.13,43.33,19.05,23.33,24.94,31.67,24.94,26.67,21.34
2568,578,บ้านป่าเหมือด,สันทราย,เล็ก,นอกเมือง,สำนักงานคณะกรรมการการศึกษาขั้นพื้นฐาน,สพป.เชียงใหม่ เขต 2,18,29.63,18.89,30.56,19.57,30.56,26.21,19.44,29.53,20.83,19.09,27.78,24.85
2568,579,บ้านโปง,สันทราย,เล็ก,นอกเมือง,สำนักงานคณะกรรมการการศึกษาขั้นพื้นฐาน,สพป.เชียงใหม่ เขต 2,12,26.39,24.96,31.67,19.08,31.94,15.90,8.33,18.63,12.50,16.14,33.33,23.57
2568,580,บ้านโป่ง,สันทราย,เล็ก,นอกเมือง,สำนักงานคณะกรรมการการศึกษาขั้นพื้นฐาน,สพป.เชียงใหม่ เขต 2,8,37.50,11.02,28.75,13.64,18.75,17.55,12.50,21.65,15.63,17.40,37.50,12.50
2568,581,บ้านเมืองขอน,สันทราย,เล็ก,นอกเมือง,สำนักงานคณะกรรมการการศึกษาขั้นพื้นฐาน,สพป.เชียงใหม่ เขต 2,6,38.89,15.71,28.33,15.72,38.89,18.43,25.00,25.00,37.50,23.94,29.17,22.44
2568,582,บ้านแม่โจ้,สันทราย,กลาง,นอกเมือง,สำนักงานคณะกรรมการการศึกษาขั้นพื้นฐาน,สพป.เชียงใหม่ เขต 2,77,31.82,20.31,26.62,14.65,34.20,22.13,25.32,27.47,30.84,25.45,23.70,23.80
2568,583,บ้านแม่แต,สันทราย,เล็ก,นอกเมือง,สำนักงานคณะกรรมการการศึกษาขั้นพื้นฐาน,สพป.เชียงใหม่ เขต 2,4,37.50,21.65,35.00,18.03,29.17,18.16,25.00,25.00,37.50,27.95,37.50,12.50
2568,584,บ้านแม่แฝก,สันทราย,เล็ก,นอกเมือง,สำนักงานคณะกรรมการการศึกษาขั้นพื้นฐาน,สพป.เชียงใหม่ เขต 2,17,25.49,14.14,21.18,13.23,21.57,11.09,20.59,29.99,22.06,16.90,20.59,17.65
2568,585,บ้านแม่ย่อย,สันทราย,เล็ก,นอกเมือง,สำนักงานคณะกรรมการการศึกษาขั้นพื้นฐาน,สพป.เชียงใหม่ เขต 2,18,35.19,17.47,26.67,10.54,33.33,20.03,8.33,18.63,26.39,24.26,29.17,26.68
2568,586,บ้านร่มหลวง,สันทราย,เล็ก,นอกเมือง,สำนักงานคณะกรรมการการศึกษาขั้นพื้นฐาน,สพป.เชียงใหม่ เขต 2,15,35.56,19.12,28.67,19.96,40.00,21.77,26.67,30.91,21.67,23.92,31.67,21.34
2568,587,บ้านศรีงาม,สันทราย,เล็ก,นอกเมือง,สำนักงานคณะกรรมการการศึกษาขั้นพื้นฐาน,สพป.เชียงใหม่ เขต 2,7,26.19,12.14,22.86,7.00,26.19,15.06,7.14,17.50,28.57,15.97,39.29,18.21
2568,588,บ้านศรีบุญเรือง,สันทราย,กลาง,นอกเมือง,สำนักงานคณะกรรมการการศึกษาขั้นพื้นฐาน,สพป.เชียงใหม่ เขต 2,23,36.96,24.55,26.52,23.33,28.99,23.68,23.91,24.98,29.35,25.16,22.83,26.49
2568,589,บ้านสันพระเนตร,สันทราย,เล็ก,นอกเมือง,สำนักงานคณะกรรมการการศึกษาขั้นพื้นฐาน,สพป.เชียงใหม่ เขต 2,11,27.27,16.32,19.09,18.81,30.30,21.10,40.91,35.79,25.00,15.08,36.36,22.27
2568,590,บ้านสันศรี,สันทราย,เล็ก,นอกเมือง,สำนักงานคณะกรรมการการศึกษาขั้นพื้นฐาน,สพป.เชียงใหม่ เขต 2,9,31.48,24.15,35.56,11.65,40.74,19.42,11.11,20.79,47.22,24.85,25.00,23.57
2568,591,บ้านหนองไคร้,สันทราย,กลาง,นอกเมือง,สำนักงานคณะกรรมการการศึกษาขั้นพื้นฐาน,สพป.เชียงใหม่ เขต 2,66,28.03,17.69,25.76,13.71,28.79,21.03,25.76,37.18,20.45,20.37,18.94,20.44
2568,592,บ้านหนองมะจับ,สันทราย,เล็ก,นอกเมือง,สำนักงานคณะกรรมการการศึกษาขั้นพื้นฐาน,สพป.เชียงใหม่ เขต 2,4,33.33,11.79,35.00,8.66,29.17,7.22,0.00,0.00,25.00,17.68,31.25,20.73
2568,593,บ้านหนองหาร,สันทราย,เล็ก,นอกเมือง,สำนักงานคณะกรรมการการศึกษาขั้นพื้นฐาน,สพป.เชียงใหม่ เขต 2,11,43.94,25.89,27.27,17.10,42.42,22.88,13.64,22.27,25.00,21.32,18.18,30.32
2568,594,บ้านหลักปัน,สันทราย,กลาง,นอกเมือง,สำนักงานคณะกรรมการการศึกษาขั้นพื้นฐาน,สพป.เชียงใหม่ เขต 2,17,37.25,25.26,32.94,20.22,34.31,27.69,23.53,30.28,32.35,28.13,38.24,22.88
2568,595,บ้านห้วยเกี๋ยง,สันทราย,กลาง,นอกเมือง,สำนักงานคณะกรรมการการศึกษาขั้นพื้นฐาน,สพป.เชียงใหม่ เขต 2,49,29.25,17.34,26.73,13.61,27.89,19.16,25.51,26.96,25.00,20.82,21.43,18.90
2568,596,บ้านหัวฝาย,สันทราย,เล็ก,นอกเมือง,สำนักงานคณะกรรมการการศึกษาขั้นพื้นฐาน,สพป.เชียงใหม่ เขต 2,7,42.86,19.63,37.14,11.61,42.86,30.68,7.14,17.50,28.57,24.74,25.00,18.90
2568,597,พงษ์พิกุลเชียงใหม่,สันทราย,กลาง,นอกเมือง,สำนักงานคณะกรรมการส่งเสริมการศึกษาเอกชน,-,32,41.67,26.02,36.25,20.43,33.33,23.57,25.00,27.95,28.13,24.00,27.34,28.89
2568,598,วัดแม่แก้ดน้อย,สันทราย,ใหญ่,นอกเมือง,สำนักงานคณะกรรมการการศึกษาขั้นพื้นฐาน,สพป.เชียงใหม่ เขต 2,114,35.38,21.53,27.72,17.02,31.29,24.20,24.12,27.49,22.81,21.86,29.17,23.86
2568,599,วัดสันคะยอม,สันทราย,เล็ก,นอกเมือง,สำนักงานคณะกรรมการการศึกษาขั้นพื้นฐาน,สพป.เชียงใหม่ เขต 2,18,37.96,16.49,26.67,15.28,35.19,22.83,16.67,23.57,26.39,24.26,27.78,18.43
2568,600,วัดสันทรายมูล,สันทราย,เล็ก,นอกเมือง,สำนักงานคณะกรรมการการศึกษาขั้นพื้นฐาน,สพป.เชียงใหม่ เขต 2,16,38.54,20.17,29.37,11.44,45.83,19.09,18.75,29.97,29.69,22.04,31.25,22.53
2568,601,วีรยาเชียงใหม่,สันทราย,กลาง,นอกเมือง,สำนักงานคณะกรรมการส่งเสริมการศึกษาเอกชน,-,37,55.86,30.32,46.49,28.50,56.76,34.54,32.43,37.16,43.92,32.57,47.97,34.57
2568,602,ศรีสังวาลย์เชียงใหม่,สันทราย,กลาง,นอกเมือง,สำนักบริหารงานการศึกษาพิเศษ,-,0,-,-,-,-,-,-,-,-,-,-,-,-
2568,603,สวนองุ่นเชียงใหม่,สันทราย,กลาง,นอกเมือง,สำนักงานคณะกรรมการส่งเสริมการศึกษาเอกชน,-,37,62.61,26.96,59.73,20.47,72.52,28.79,24.32,32.09,41.22,26.77,70.27,32.80
2568,604,สันทรายหลวง,สันทราย,กลาง,นอกเมือง,สำนักงานคณะกรรมการการศึกษาขั้นพื้นฐาน,สพป.เชียงใหม่ เขต 2,55,42.12,25.00,31.09,15.22,41.21,27.31,20.00,26.29,32.27,26.40,26.82,20.70
2568,605,กิ่วแลน้อยประสิทธิ์วิทยา,สันป่าตอง,กลาง,นอกเมือง,สำนักงานคณะกรรมการการศึกษาขั้นพื้นฐาน,สพป.เชียงใหม่ เขต 4,16,40.62,22.80,29.37,13.91,41.67,21.25,21.87,35.22,21.88,17.40,31.25,20.73
2568,606,ชุมชนกิ่วแลหลวงประสิทธิ์วิทยา,สันป่าตอง,เล็ก,นอกเมือง,สำนักงานคณะกรรมการการศึกษาขั้นพื้นฐาน,สพป.เชียงใหม่ เขต 4,7,33.33,19.92,28.57,8.33,35.71,27.36,21.43,24.74,28.57,24.74,17.86,11.29
2568,607,ทุ่งฟ้าบดราษฎร์บำรุง,สันป่าตอง,กลาง,นอกเมือง,กรมส่งเสริมการปกครองท้องถิ่น,ท้องถิ่นจังหวัดเชียงใหม่,93,35.48,25.07,29.35,18.07,38.71,23.72,16.67,26.77,24.46,23.18,27.96,23.14
2568,608,บ้านทุ่งเสี้ยว (นวรัฐ),สันป่าตอง,เล็ก,นอกเมือง,สำนักงานคณะกรรมการการศึกษาขั้นพื้นฐาน,สพป.เชียงใหม่ เขต 4,18,24.07,20.20,28.33,17.40,28.70,16.49,33.33,33.33,20.83,17.18,23.61,22.78
2568,609,บ้านเปียง,สันป่าตอง,เล็ก,นอกเมือง,สำนักงานคณะกรรมการการศึกษาขั้นพื้นฐาน,สพป.เชียงใหม่ เขต 4,9,33.33,15.71,32.22,16.85,29.63,17.17,16.67,23.57,25.00,23.57,33.33,16.67
2568,610,บ้านม่วงพี่น้อง,สันป่าตอง,เล็ก,นอกเมือง,สำนักงานคณะกรรมการการศึกษาขั้นพื้นฐาน,สพป.เชียงใหม่ เขต 4,9,25.93,8.28,20.00,10.54,24.07,20.95,11.11,20.79,25.00,26.35,22.22,18.43
2568,611,บ้านแม่กุ้งหลวง,สันป่าตอง,เล็ก,นอกเมือง,สำนักงานคณะกรรมการการศึกษาขั้นพื้นฐาน,สพป.เชียงใหม่ เขต 4,5,43.33,8.16,28.00,13.27,23.33,20.00,20.00,24.49,35.00,20.00,5.00,10.00
2568,612,บ้านร่องน้ำ,สันป่าตอง,เล็ก,นอกเมือง,สำนักงานคณะกรรมการการศึกษาขั้นพื้นฐาน,สพป.เชียงใหม่ เขต 4,2,8.33,8.33,20.00,0.00,25.00,8.33,50.00,50.00,50.00,25.00,12.50,12.50
2568,613,บ้านห้วยส้ม,สันป่าตอง,เล็ก,นอกเมือง,สำนักงานคณะกรรมการการศึกษาขั้นพื้นฐาน,สพป.เชียงใหม่ เขต 4,19,33.33,17.93,34.21,11.39,28.07,13.30,26.32,29.77,19.74,17.36,23.68,23.61
2568,614,บ้านหัวริน,สันป่าตอง,เล็ก,นอกเมือง,สำนักงานคณะกรรมการการศึกษาขั้นพื้นฐาน,สพป.เชียงใหม่ เขต 4,20,26.67,20.00,24.50,11.61,30.83,16.05,10.00,20.00,28.75,19.80,25.00,23.72
2568,615,พัฒนวิทย์ศึกษา,สันป่าตอง,ใหญ่,นอกเมือง,สำนักงานคณะกรรมการส่งเสริมการศึกษาเอกชน,-,70,38.33,29.05,35.14,23.10,39.29,30.99,23.57,27.67,26.79,26.50,36.79,28.88
2568,616,วัดกู่คำ,สันป่าตอง,เล็ก,นอกเมือง,สำนักงานคณะกรรมการการศึกษาขั้นพื้นฐาน,สพป.เชียงใหม่ เขต 4,22,29.55,21.28,30.45,16.37,32.58,25.36,25.00,29.19,20.45,20.83,18.18,28.39
2568,617,วัดช่างกระดาษ,สันป่าตอง,เล็ก,นอกเมือง,สำนักงานคณะกรรมการการศึกษาขั้นพื้นฐาน,สพป.เชียงใหม่ เขต 4,4,41.67,18.63,30.00,10.00,20.83,7.22,25.00,25.00,12.50,12.50,25.00,17.68
2568,618,วัดดงป่างิ้ว,สันป่าตอง,เล็ก,นอกเมือง,สำนักงานคณะกรรมการการศึกษาขั้นพื้นฐาน,สพป.เชียงใหม่ เขต 4,2,33.33,0.00,30.00,10.00,33.33,0.00,50.00,0.00,50.00,0.00,37.50,12.50
2568,619,วัดท่ากาน,สันป่าตอง,เล็ก,นอกเมือง,สำนักงานคณะกรรมการการศึกษาขั้นพื้นฐาน,สพป.เชียงใหม่ เขต 4,6,38.89,22.91,30.00,15.28,36.11,11.45,25.00,25.00,16.67,11.79,29.17,26.68
2568,620,วัดน้ำบ่อหลวง,สันป่าตอง,เล็ก,นอกเมือง,สำนักงานคณะกรรมการการศึกษาขั้นพื้นฐาน,สพป.เชียงใหม่ เขต 4,14,30.95,13.88,28.57,13.01,21.43,13.26,17.86,23.96,17.86,14.73,21.43,15.97
2568,621,วัดโรงวัว,สันป่าตอง,เล็ก,นอกเมือง,สำนักงานคณะกรรมการการศึกษาขั้นพื้นฐาน,สพป.เชียงใหม่ เขต 4,14,29.76,16.88,22.86,9.58,26.19,24.16,35.71,29.45,17.86,19.88,23.21,19.96
2568,622,วัดสามหลัง,สันป่าตอง,เล็ก,นอกเมือง,สำนักงานคณะกรรมการการศึกษาขั้นพื้นฐาน,สพป.เชียงใหม่ เขต 4,7,50.00,23.57,28.57,23.56,40.48,35.48,35.71,44.03,39.29,18.21,35.71,18.21
2568,623,วัดอุเม็ง,สันป่าตอง,เล็ก,นอกเมือง,สำนักงานคณะกรรมการการศึกษาขั้นพื้นฐาน,สพป.เชียงใหม่ เขต 4,8,33.33,26.35,37.50,13.92,37.50,24.65,12.50,21.65,18.75,16.54,37.50,12.50
2568,624,วิมานทิพย์,สันป่าตอง,เล็ก,นอกเมือง,สำนักงานคณะกรรมการส่งเสริมการศึกษาเอกชน,-,23,60.87,30.14,50.43,25.96,68.12,26.88,36.96,33.68,44.57,33.75,45.65,38.77
2568,625,สันป่าตอง,สันป่าตอง,เล็ก,นอกเมือง,กรมส่งเสริมการปกครองท้องถิ่น,ท้องถิ่นจังหวัดเชียงใหม่,12,30.56,28.73,30.83,16.56,38.89,15.71,12.50,21.65,25.00,17.68,31.25,20.73
2568,626,สันป่าตอง (สุวรรณราษฎร์วิทยาคาร),สันป่าตอง,ใหญ่,นอกเมือง,สำนักงานคณะกรรมการการศึกษาขั้นพื้นฐาน,สพป.เชียงใหม่ เขต 4,165,44.95,26.30,36.73,21.72,46.36,29.53,23.03,29.39,34.55,27.03,40.91,31.39
2568,627,อุ่นไอรัก เชียงใหม่,สันป่าตอง,เล็ก,นอกเมือง,สำนักงานคณะกรรมการส่งเสริมการศึกษาเอกชน,-,23,37.68,22.64,29.57,14.29,39.13,27.19,17.39,28.01,17.39,18.70,25.00,22.12
2568,628,ช่องฟ้าซินเซิงวาณิชบำรุง,สารภี,ใหญ่พิเศษ,นอกเมือง,สำนักงานคณะกรรมการส่งเสริมการศึกษาเอกชน,-,256,55.92,28.39,43.05,23.70,60.81,28.87,25.39,31.25,45.41,31.11,47.85,31.95
2568,629,ชุมชนวัดปากกอง,สารภี,เล็ก,นอกเมือง,สำนักงานคณะกรรมการการศึกษาขั้นพื้นฐาน,สพป.เชียงใหม่ เขต 4,11,25.76,13.03,22.73,9.62,27.27,14.69,45.45,33.40,27.27,16.70,25.00,21.32
2568,630,ชุมชนวัดศรีคำชมภู,สารภี,กลาง,นอกเมือง,สำนักงานคณะกรรมการการศึกษาขั้นพื้นฐาน,สพป.เชียงใหม่ เขต 4,24,25.69,18.62,28.75,15.89,25.00,18.63,16.67,23.57,22.92,20.31,20.83,17.18
2568,631,เทศบาลตำบลยางเนิ้ง,สารภี,กลาง,นอกเมือง,กรมส่งเสริมการปกครองท้องถิ่น,ท้องถิ่นจังหวัดเชียงใหม่,31,26.34,17.34,28.39,14.83,27.42,20.10,12.90,25.30,29.03,23.84,35.48,26.77
2568,632,บ้านปากเหมือง,สารภี,กลาง,นอกเมือง,สำนักงานคณะกรรมการการศึกษาขั้นพื้นฐาน,สพป.เชียงใหม่ เขต 4,30,36.11,22.80,28.00,14.47,41.11,24.99,25.00,25.00,20.83,22.44,27.50,25.29
2568,633,บ้านสันทราย,สารภี,เล็ก,นอกเมือง,สำนักงานคณะกรรมการการศึกษาขั้นพื้นฐาน,สพป.เชียงใหม่ เขต 4,13,32.05,20.11,30.77,22.35,42.31,19.19,15.38,23.08,23.08,20.71,26.92,22.92
2568,634,ยุวฑูตศึกษาพัฒนา,สารภี,ใหญ่,นอกเมือง,สำนักงานคณะกรรมการส่งเสริมการศึกษาเอกชน,-,22,95.45,8.96,87.27,13.55,96.97,8.16,59.09,35.79,84.09,19.28,94.32,10.48
2568,635,วชิราลัย,สารภี,กลาง,นอกเมือง,สำนักงานคณะกรรมการส่งเสริมการศึกษาเอกชน,-,53,55.97,24.25,39.43,18.98,50.94,25.78,50.94,39.44,43.87,29.50,33.49,29.52
2568,636,วัดกองทราย,สารภี,เล็ก,นอกเมือง,สำนักงานคณะกรรมการการศึกษาขั้นพื้นฐาน,สพป.เชียงใหม่ เขต 4,12,29.17,16.84,23.33,11.79,18.06,14.37,25.00,25.00,20.83,17.18,25.00,27.00
2568,637,วัดท่าต้นกวาว,สารภี,เล็ก,นอกเมือง,สำนักงานคณะกรรมการการศึกษาขั้นพื้นฐาน,สพป.เชียงใหม่ เขต 4,18,30.56,26.21,26.11,14.20,26.85,19.36,16.67,28.87,25.00,16.67,41.67,23.57
2568,638,วัดเทพาราม,สารภี,เล็ก,นอกเมือง,สำนักงานคณะกรรมการการศึกษาขั้นพื้นฐาน,สพป.เชียงใหม่ เขต 4,14,23.81,15.06,21.43,12.45,17.86,16.02,28.57,36.42,32.14,17.50,25.00,21.13
2568,639,วัดนันทาราม,สารภี,เล็ก,นอกเมือง,สำนักงานคณะกรรมการการศึกษาขั้นพื้นฐาน,สพป.เชียงใหม่ เขต 4,9,42.59,19.42,34.44,18.32,50.00,23.57,22.22,24.85,22.22,24.85,38.89,26.64
2568,640,วัดบวกครกเหนือ,สารภี,เล็ก,นอกเมือง,สำนักงานคณะกรรมการการศึกษาขั้นพื้นฐาน,สพป.เชียงใหม่ เขต 4,13,26.92,15.38,27.69,14.76,29.49,14.84,23.08,24.93,23.08,24.93,19.23,17.41
2568,641,วัดพญาชมภู,สารภี,เล็ก,นอกเมือง,สำนักงานคณะกรรมการการศึกษาขั้นพื้นฐาน,สพป.เชียงใหม่ เขต 4,12,40.28,19.79,24.17,16.05,38.89,19.64,33.33,31.18,12.50,23.94,20.83,19.98
2568,642,วัดพระนอนหนองผึ้ง,สารภี,เล็ก,นอกเมือง,สำนักงานคณะกรรมการการศึกษาขั้นพื้นฐาน,สพป.เชียงใหม่ เขต 4,30,30.00,22.11,25.67,13.59,28.33,18.33,16.67,23.57,21.67,19.08,25.00,18.26
2568,643,วัดแม่สะลาบ,สารภี,เล็ก,นอกเมือง,สำนักงานคณะกรรมการการศึกษาขั้นพื้นฐาน,สพป.เชียงใหม่ เขต 4,22,40.91,17.93,27.27,12.13,33.33,26.11,9.09,19.28,27.27,19.81,17.05,20.49
2568,644,วัดเวฬุวัน,สารภี,ใหญ่,นอกเมือง,สำนักงานคณะกรรมการการศึกษาขั้นพื้นฐาน,สพป.เชียงใหม่ เขต 4,171,42.98,25.92,32.81,20.73,41.72,28.06,22.81,29.23,31.14,26.74,34.36,27.31
2568,645,วัดศรีดอนชัย,สารภี,เล็ก,นอกเมือง,สำนักงานคณะกรรมการการศึกษาขั้นพื้นฐาน,สพป.เชียงใหม่ เขต 4,12,22.22,10.39,25.83,15.52,25.00,20.97,37.50,21.65,25.00,27.00,12.50,16.14
2568,646,วัดศรีโพธาราม,สารภี,เล็ก,นอกเมือง,สำนักงานคณะกรรมการการศึกษาขั้นพื้นฐาน,สพป.เชียงใหม่ เขต 4,10,26.67,17.00,19.00,14.46,31.67,11.67,20.00,24.49,20.00,18.71,30.00,10.00
2568,647,วัดสันดอนมูล,สารภี,เล็ก,นอกเมือง,สำนักงานคณะกรรมการการศึกษาขั้นพื้นฐาน,สพป.เชียงใหม่ เขต 4,13,30.77,19.44,30.00,11.77,33.33,16.01,19.23,24.33,32.69,22.75,21.15,19.23
2568,648,เวียงเศรษฐีวิทยา,สารภี,เล็ก,นอกเมือง,สำนักงานคณะกรรมการการศึกษาขั้นพื้นฐาน,สพป.เชียงใหม่ เขต 4,15,24.44,15.95,26.67,11.93,27.78,16.85,30.00,24.49,23.33,17.00,21.67,20.14
2568,649,ศูนย์การเรียนแห่งความหวังและอนาคต,สารภี,เล็ก,นอกเมือง,สำนักงานคณะกรรมการการศึกษาขั้นพื้นฐาน,สพป.เชียงใหม่ เขต 4,2,33.33,16.67,25.00,5.00,50.00,16.67,25.00,25.00,25.00,0.00,50.00,25.00
2568,650,สืบนทีธรรม,สารภี,กลาง,นอกเมือง,สำนักงานคณะกรรมการส่งเสริมการศึกษาเอกชน,-,39,31.20,23.62,26.92,17.42,30.34,23.53,28.21,29.52,32.05,25.91,30.13,21.32
2568,651,ต้นแก้วผดุงพิทยาลัย,หางดง,ใหญ่,นอกเมือง,กรมส่งเสริมการปกครองท้องถิ่น,ท้องถิ่นจังหวัดเชียงใหม่,134,42.16,31.19,40.45,21.85,44.90,32.59,28.73,29.53,32.84,28.06,41.42,32.48
2568,652,เทศบาลหนองตองวิทยา,หางดง,เล็ก,นอกเมือง,กรมส่งเสริมการปกครองท้องถิ่น,ท้องถิ่นจังหวัดเชียงใหม่,19,29.82,23.93,23.16,14.16,38.60,17.14,15.79,23.24,27.63,19.69,19.74,19.16
2568,653,เทศบาลหางดง (ประชาคมสร้างสรรค์),หางดง,ใหญ่,นอกเมือง,กรมส่งเสริมการปกครองท้องถิ่น,ท้องถิ่นจังหวัดเชียงใหม่,65,42.56,26.96,35.38,19.06,43.33,30.49,25.38,27.91,34.62,28.65,37.69,25.99
2568,654,นันทชาติ เกรด สคูล,หางดง,เล็ก,นอกเมือง,สำนักงานคณะกรรมการส่งเสริมการศึกษาเอกชน,-,2,75.00,25.00,80.00,20.00,91.67,8.33,50.00,50.00,87.50,12.50,100.00,0.00
2568,655,บ้านคุณแม่,หางดง,เล็ก,นอกเมือง,สำนักงานคณะกรรมการส่งเสริมการศึกษาเอกชน,-,20,70.83,30.68,65.00,22.91,80.00,24.49,45.00,41.53,60.00,32.02,65.00,28.94
2568,656,บ้านดง,หางดง,เล็ก,นอกเมือง,สำนักงานคณะกรรมการการศึกษาขั้นพื้นฐาน,สพป.เชียงใหม่ เขต 4,18,29.63,21.20,35.56,18.63,44.44,28.33,22.22,34.25,36.11,23.90,36.11,25.31
2568,657,บ้านตองกาย,หางดง,เล็ก,นอกเมือง,สำนักงานคณะกรรมการการศึกษาขั้นพื้นฐาน,สพป.เชียงใหม่ เขต 4,15,28.89,16.63,24.00,15.41,32.22,17.71,26.67,24.94,30.00,20.82,23.33,19.29
2568,658,บ้านทรายมูล,หางดง,กลาง,นอกเมือง,สำนักงานคณะกรรมการการศึกษาขั้นพื้นฐาน,สพป.เชียงใหม่ เขต 4,48,34.72,20.08,32.50,14.07,38.89,23.90,19.79,28.39,26.56,19.37,28.65,22.24
2568,659,บ้านท้าวบุญเรือง,หางดง,เล็ก,นอกเมือง,สำนักงานคณะกรรมการการศึกษาขั้นพื้นฐาน,สพป.เชียงใหม่ เขต 4,16,40.62,22.02,30.00,25.74,48.96,31.99,15.62,23.18,34.38,29.15,35.94,29.27
2568,660,บ้านน้ำแพร่,หางดง,เล็ก,นอกเมือง,สำนักงานคณะกรรมการการศึกษาขั้นพื้นฐาน,สพป.เชียงใหม่ เขต 4,13,51.28,22.13,27.69,11.87,29.49,19.78,26.92,24.93,34.62,20.89,23.08,20.71
2568,661,บ้านปง,หางดง,เล็ก,นอกเมือง,สำนักงานคณะกรรมการการศึกษาขั้นพื้นฐาน,สพป.เชียงใหม่ เขต 4,19,31.58,16.13,27.37,10.18,33.33,20.94,10.53,26.05,34.21,24.62,32.89,25.72
2568,662,บ้านป่าตาล,หางดง,เล็ก,นอกเมือง,สำนักงานคณะกรรมการการศึกษาขั้นพื้นฐาน,สพป.เชียงใหม่ เขต 4,31,32.80,21.37,30.65,17.22,34.95,21.73,27.42,27.94,21.77,25.19,22.58,26.45
2568,663,บ้านฟ่อน,หางดง,เล็ก,นอกเมือง,สำนักงานคณะกรรมการการศึกษาขั้นพื้นฐาน,สพป.เชียงใหม่ เขต 4,5,20.00,19.44,22.00,13.27,26.67,8.16,50.00,31.62,25.00,15.81,20.00,18.71
2568,664,บ้านไร่,หางดง,เล็ก,นอกเมือง,สำนักงานคณะกรรมการการศึกษาขั้นพื้นฐาน,สพป.เชียงใหม่ เขต 4,6,33.33,13.61,36.67,11.06,33.33,21.52,25.00,25.00,29.17,26.68,37.50,19.09
2568,665,บ้านวังศรี,หางดง,เล็ก,นอกเมือง,สำนักงานคณะกรรมการการศึกษาขั้นพื้นฐาน,สพป.เชียงใหม่ เขต 4,7,33.33,21.82,27.14,19.06,35.71,24.28,28.57,24.74,25.00,23.15,28.57,20.82
2568,666,บ้านสันทราย,หางดง,เล็ก,นอกเมือง,สำนักงานคณะกรรมการการศึกษาขั้นพื้นฐาน,สพป.เชียงใหม่ เขต 4,9,42.59,13.86,25.56,11.65,22.22,13.61,27.78,24.85,30.56,25.76,19.44,19.64
2568,667,บ้านสันป่าสัก,หางดง,กลาง,นอกเมือง,สำนักงานคณะกรรมการการศึกษาขั้นพื้นฐาน,สพป.เชียงใหม่ เขต 4,49,37.76,19.28,30.41,13.09,39.46,23.25,20.41,26.57,29.59,23.51,28.06,22.94
2568,668,บ้านสันผักหวาน,หางดง,เล็ก,นอกเมือง,สำนักงานคณะกรรมการการศึกษาขั้นพื้นฐาน,สพป.เชียงใหม่ เขต 4,18,32.41,21.13,26.11,12.53,37.96,16.49,19.44,24.37,30.56,22.91,27.78,24.85
2568,669,บ้านแสนตอ,หางดง,เล็ก,นอกเมือง,สำนักงานคณะกรรมการการศึกษาขั้นพื้นฐาน,สพป.เชียงใหม่ เขต 4,11,19.70,15.60,28.18,11.13,33.33,15.89,22.73,24.90,11.36,22.27,29.55,17.90
2568,670,พันธสัญญา,หางดง,เล็ก,นอกเมือง,สำนักงานคณะกรรมการส่งเสริมการศึกษาเอกชน,-,8,79.17,21.65,65.00,24.49,91.67,16.67,31.25,34.80,75.00,12.50,75.00,25.00
2568,671,ลักษณ์พงค์วิทยา,หางดง,เล็ก,นอกเมือง,สำนักงานคณะกรรมการส่งเสริมการศึกษาเอกชน,-,10,33.33,22.36,21.00,17.00,28.33,15.00,30.00,24.49,15.00,16.58,35.00,20.00
2568,672,วัดคีรีเขต,หางดง,เล็ก,นอกเมือง,สำนักงานคณะกรรมการการศึกษาขั้นพื้นฐาน,สพป.เชียงใหม่ เขต 4,5,33.33,18.26,28.00,9.80,23.33,13.33,20.00,24.49,25.00,15.81,30.00,10.00
2568,673,วัดจอมทอง,หางดง,เล็ก,นอกเมือง,สำนักงานคณะกรรมการการศึกษาขั้นพื้นฐาน,สพป.เชียงใหม่ เขต 4,8,41.67,22.05,27.50,13.92,35.42,22.73,18.75,24.21,18.75,16.54,15.63,17.40
2568,674,วัดช่างคำ,หางดง,เล็ก,นอกเมือง,สำนักงานคณะกรรมการการศึกษาขั้นพื้นฐาน,สพป.เชียงใหม่ เขต 4,4,45.83,18.16,27.50,10.90,54.17,24.65,0.00,0.00,12.50,12.50,43.75,10.83
2568,675,วัดประชาเกษม,หางดง,เล็ก,นอกเมือง,สำนักงานคณะกรรมการการศึกษาขั้นพื้นฐาน,สพป.เชียงใหม่ เขต 4,24,22.92,19.13,27.08,11.36,27.78,14.16,16.67,31.18,20.83,18.63,22.92,18.98
2568,676,วัดพระเจ้าเหลื้อม,หางดง,เล็ก,นอกเมือง,สำนักงานคณะกรรมการการศึกษาขั้นพื้นฐาน,สพป.เชียงใหม่ เขต 4,6,25.00,20.97,21.67,17.72,30.56,11.45,25.00,25.00,33.33,18.63,29.17,22.44
2568,677,วัดศรีล้อม,หางดง,เล็ก,นอกเมือง,สำนักงานคณะกรรมการการศึกษาขั้นพื้นฐาน,สพป.เชียงใหม่ เขต 4,6,30.56,17.79,25.00,11.18,41.67,20.97,25.00,25.00,16.67,11.79,16.67,18.63
2568,678,วัดศรีสว่าง,หางดง,เล็ก,นอกเมือง,สำนักงานคณะกรรมการการศึกษาขั้นพื้นฐาน,สพป.เชียงใหม่ เขต 4,11,27.27,19.17,14.55,7.82,19.70,17.14,18.18,24.05,22.73,19.81,31.82,18.74
2568,679,สาธิตนานาชาติทวิภาษาแห่งมหาวิทยาลัยรังสิต เชียงใหม่,หางดง,กลาง,นอกเมือง,สำนักงานคณะกรรมการส่งเสริมการศึกษาเอกชน,-,1,100.00,0.00,100.00,0.00,100.00,0.00,100.00,0.00,100.00,0.00,100.00,0.00
2568,680,ชุมชนบ้านใหม่,อมก๋อย,เล็ก,นอกเมือง,สำนักงานคณะกรรมการการศึกษาขั้นพื้นฐาน,สพป.เชียงใหม่ เขต 5,18,25.00,23.07,26.67,17.64,28.70,17.40,30.56,29.53,20.83,25.34,23.61,25.65
2568,681,ชุมชนบ้านอมก๋อย,อมก๋อย,กลาง,นอกเมือง,สำนักงานคณะกรรมการการศึกษาขั้นพื้นฐาน,สพป.เชียงใหม่ เขต 5,38,30.70,25.23,24.74,18.60,35.09,22.87,17.11,23.72,29.61,21.35,26.97,24.59
2568,682,ตชด.บางกอกเชฟแชร์ริตี้,อมก๋อย,เล็ก,นอกเมือง,กองบัญชาการตำรวจตระเวนชายแดน,-,14,25.00,16.37,24.29,10.50,16.67,16.67,25.00,31.34,30.36,23.49,30.36,21.50
2568,683,ตรีมิตรวิทยา,อมก๋อย,กลาง,นอกเมือง,สำนักงานคณะกรรมการการศึกษาขั้นพื้นฐาน,สพป.เชียงใหม่ เขต 5,8,35.42,19.43,28.75,9.27,31.25,15.45,18.75,24.21,21.88,14.99,15.63,12.10
2568,684,ท่านผู้หญิงประไพ ศิวะโกเศศ,อมก๋อย,เล็ก,นอกเมือง,กองบัญชาการตำรวจตระเวนชายแดน,-,9,38.89,17.57,64.44,14.23,50.00,22.22,22.22,24.85,30.56,25.76,61.11,20.79
2568,685,ทุ่งต้นงิ้ว,อมก๋อย,เล็ก,นอกเมือง,สำนักงานคณะกรรมการการศึกษาขั้นพื้นฐาน,สพป.เชียงใหม่ เขต 5,26,23.72,14.74,23.85,11.46,25.64,14.79,23.08,24.93,21.15,20.44,24.04,21.35
2568,686,บ้านขุนตื่น,อมก๋อย,เล็ก,นอกเมือง,สำนักงานคณะกรรมการการศึกษาขั้นพื้นฐาน,สพป.เชียงใหม่ เขต 5,8,20.83,11.02,17.50,9.68,35.42,19.43,6.25,16.54,15.63,17.40,18.75,27.24
2568,687,บ้านขุนแม่ตื่นน้อย,อมก๋อย,เล็ก,นอกเมือง,สำนักงานคณะกรรมการการศึกษาขั้นพื้นฐาน,สพป.เชียงใหม่ เขต 5,5,20.00,19.44,16.00,4.90,30.00,22.11,20.00,24.49,35.00,25.50,20.00,18.71
2568,688,บ้านซิแบร,อมก๋อย,เล็ก,นอกเมือง,สำนักงานคณะกรรมการการศึกษาขั้นพื้นฐาน,สพป.เชียงใหม่ เขต 5,18,24.07,12.70,24.44,12.57,30.56,14.96,33.33,28.87,29.17,20.83,27.78,21.87
2568,689,บ้านตุงติง,อมก๋อย,เล็ก,นอกเมือง,สำนักงานคณะกรรมการการศึกษาขั้นพื้นฐาน,สพป.เชียงใหม่ เขต 5,18,19.44,10.02,23.89,11.61,25.93,17.76,27.78,24.85,23.61,17.62,23.61,24.26
2568,690,บ้านตุงลอย,อมก๋อย,กลาง,นอกเมือง,สำนักงานคณะกรรมการการศึกษาขั้นพื้นฐาน,สพป.เชียงใหม่ เขต 5,34,24.02,19.04,21.47,11.15,27.45,17.57,23.53,24.96,19.12,19.23,25.74,20.55
2568,691,บ้านทุ่งจำเริง,อมก๋อย,เล็ก,นอกเมือง,สำนักงานคณะกรรมการการศึกษาขั้นพื้นฐาน,สพป.เชียงใหม่ เขต 5,15,20.00,15.15,24.00,13.06,28.89,18.72,33.33,39.44,25.00,30.28,23.33,14.34
2568,692,บ้านนาเกียน,อมก๋อย,เล็ก,นอกเมือง,สำนักงานคณะกรรมการการศึกษาขั้นพื้นฐาน,สพป.เชียงใหม่ เขต 5,13,23.08,17.95,23.08,12.64,17.95,15.28,23.08,24.93,28.85,21.59,26.92,22.92
2568,693,บ้านนาไคร้,อมก๋อย,เล็ก,นอกเมือง,สำนักงานคณะกรรมการการศึกษาขั้นพื้นฐาน,สพป.เชียงใหม่ เขต 5,7,21.43,11.66,25.71,14.98,30.95,16.50,28.57,24.74,25.00,23.15,14.29,12.37
2568,694,บ้านใบหนา,อมก๋อย,เล็ก,นอกเมือง,สำนักงานคณะกรรมการการศึกษาขั้นพื้นฐาน,สพป.เชียงใหม่ เขต 5,11,24.24,14.85,25.45,12.33,18.18,13.21,13.64,22.27,25.00,10.66,22.73,19.81
2568,695,บ้านผาปูน,อมก๋อย,เล็ก,นอกเมือง,สำนักงานคณะกรรมการการศึกษาขั้นพื้นฐาน,สพป.เชียงใหม่ เขต 5,12,25.00,18.63,25.00,15.00,26.39,17.29,20.83,24.65,20.83,13.82,18.75,18.04
2568,696,บ้านผีปานเหนือ,อมก๋อย,กลาง,นอกเมือง,สำนักงานคณะกรรมการการศึกษาขั้นพื้นฐาน,สพป.เชียงใหม่ เขต 5,22,21.21,11.44,28.18,13.70,25.00,13.06,11.36,20.95,17.05,19.05,28.41,21.71
2568,697,บ้านมูเซอ,อมก๋อย,กลาง,นอกเมือง,สำนักงานคณะกรรมการการศึกษาขั้นพื้นฐาน,สพป.เชียงใหม่ เขต 5,26,20.51,16.86,23.85,12.73,21.79,17.15,26.92,28.52,31.73,24.57,22.12,20.01
2568,698,บ้านแม่โขง,อมก๋อย,เล็ก,นอกเมือง,สำนักงานคณะกรรมการการศึกษาขั้นพื้นฐาน,สพป.เชียงใหม่ เขต 5,7,23.81,12.14,31.43,18.84,16.67,12.60,21.43,24.74,17.86,17.50,21.43,20.82
2568,699,บ้านแม่ต๋อม,อมก๋อย,กลาง,นอกเมือง,สำนักงานคณะกรรมการการศึกษาขั้นพื้นฐาน,สพป.เชียงใหม่ เขต 5,27,25.31,18.91,22.59,14.81,24.07,17.76,16.67,23.57,26.85,22.49,25.93,20.95
2568,700,บ้านแม่ตื่น,อมก๋อย,เล็ก,นอกเมือง,สำนักงานคณะกรรมการการศึกษาขั้นพื้นฐาน,สพป.เชียงใหม่ เขต 5,7,16.67,12.60,21.43,14.57,23.81,24.97,14.29,22.59,25.00,18.90,17.86,11.29
2568,701,บ้านแม่ลานหลวง,อมก๋อย,เล็ก,นอกเมือง,สำนักงานคณะกรรมการการศึกษาขั้นพื้นฐาน,สพป.เชียงใหม่ เขต 5,23,24.64,18.30,22.61,11.12,29.71,16.99,23.91,29.00,32.61,22.64,32.61,18.70
2568,702,บ้านแม่ลานหลวง สาขาบ้านดอยซาง,อมก๋อย,เล็ก,นอกเมือง,สำนักงานคณะกรรมการการศึกษาขั้นพื้นฐาน,สพป.เชียงใหม่ เขต 5,14,21.43,15.97,22.86,15.78,35.71,18.75,21.43,24.74,28.57,22.87,28.57,22.87
2568,703,บ้านแม่สะเต,อมก๋อย,เล็ก,นอกเมือง,สำนักงานคณะกรรมการการศึกษาขั้นพื้นฐาน,สพป.เชียงใหม่ เขต 5,11,24.24,17.93,18.18,10.29,25.76,17.93,18.18,24.05,20.45,17.90,11.36,16.39
2568,704,บ้านแม่หลองน้อย,อมก๋อย,เล็ก,นอกเมือง,สำนักงานคณะกรรมการการศึกษาขั้นพื้นฐาน,สพป.เชียงใหม่ เขต 5,19,23.68,17.37,22.63,15.16,26.32,11.23,26.32,24.97,30.26,20.80,26.32,23.61
2568,705,บ้านแม่อ่างขาง,อมก๋อย,เล็ก,นอกเมือง,สำนักงานคณะกรรมการการศึกษาขั้นพื้นฐาน,สพป.เชียงใหม่ เขต 5,19,23.68,18.98,22.63,14.81,28.07,15.34,28.95,24.69,18.42,21.22,19.74,19.16
2568,706,บ้านยางแก้ว,อมก๋อย,เล็ก,นอกเมือง,สำนักงานคณะกรรมการการศึกษาขั้นพื้นฐาน,สพป.เชียงใหม่ เขต 5,20,22.50,14.22,28.00,15.36,28.33,19.08,32.50,23.85,31.25,22.19,23.75,23.01
2568,707,บ้านยางครก,อมก๋อย,เล็ก,นอกเมือง,สำนักงานคณะกรรมการการศึกษาขั้นพื้นฐาน,สพป.เชียงใหม่ เขต 5,17,26.47,19.01,23.53,11.35,24.51,14.14,38.24,27.28,29.41,23.07,17.65,14.26
2568,708,บ้านยางเปา,อมก๋อย,กลาง,นอกเมือง,สำนักงานคณะกรรมการการศึกษาขั้นพื้นฐาน,สพป.เชียงใหม่ เขต 5,26,28.85,17.02,25.38,12.16,28.21,15.17,21.15,28.33,25.00,20.80,25.00,18.34
2568,709,บ้านยางเปียง,อมก๋อย,เล็ก,นอกเมือง,สำนักงานคณะกรรมการการศึกษาขั้นพื้นฐาน,สพป.เชียงใหม่ เขต 5,6,27.78,15.71,20.00,8.16,33.33,19.25,16.67,23.57,29.17,26.68,25.00,20.41
2568,710,บ้านสบลาน,อมก๋อย,กลาง,นอกเมือง,สำนักงานคณะกรรมการการศึกษาขั้นพื้นฐาน,สพป.เชียงใหม่ เขต 5,18,25.93,20.20,26.11,12.53,29.63,17.17,19.44,24.37,31.94,20.08,26.39,19.49
2568,711,บ้านหลวง,อมก๋อย,เล็ก,นอกเมือง,สำนักงานคณะกรรมการการศึกษาขั้นพื้นฐาน,สพป.เชียงใหม่ เขต 5,26,26.28,21.27,28.85,15.27,37.18,20.31,13.46,22.18,25.00,20.80,26.92,28.52
2568,712,บ้านห้วยโค้ง,อมก๋อย,กลาง,นอกเมือง,สำนักงานคณะกรรมการการศึกษาขั้นพื้นฐาน,สพป.เชียงใหม่ เขต 5,19,31.58,17.85,27.89,10.55,26.32,21.84,18.42,24.12,19.74,15.34,28.95,28.40
2568,713,บ้านห้วยน้ำขาว,อมก๋อย,กลาง,นอกเมือง,สำนักงานคณะกรรมการการศึกษาขั้นพื้นฐาน,สพป.เชียงใหม่ เขต 5,31,27.42,19.19,25.48,13.87,30.65,17.50,32.26,29.91,23.39,18.98,26.61,20.02
2568,714,บ้านห้วยปูลิง,อมก๋อย,เล็ก,นอกเมือง,สำนักงานคณะกรรมการการศึกษาขั้นพื้นฐาน,สพป.เชียงใหม่ เขต 5,16,31.25,15.45,31.87,11.84,33.33,19.54,21.87,24.80,21.88,21.42,20.31,18.15
2568,715,บ้านห้วยไม้หก,อมก๋อย,เล็ก,นอกเมือง,สำนักงานคณะกรรมการการศึกษาขั้นพื้นฐาน,สพป.เชียงใหม่ เขต 5,15,16.67,14.91,22.67,12.36,44.44,14.49,6.67,17.00,21.67,22.11,46.67,25.60
2568,716,บ้านห้วยหล่อดูก,อมก๋อย,เล็ก,นอกเมือง,สำนักงานคณะกรรมการการศึกษาขั้นพื้นฐาน,สพป.เชียงใหม่ เขต 5,25,25.33,18.93,21.60,16.41,22.00,18.09,20.00,24.49,23.00,18.60,13.00,16.00
2568,717,บ้านห่างหลวง,อมก๋อย,เล็ก,นอกเมือง,สำนักงานคณะกรรมการการศึกษาขั้นพื้นฐาน,สพป.เชียงใหม่ เขต 5,9,25.93,15.93,18.89,8.75,24.07,17.76,16.67,23.57,30.56,25.76,19.44,15.71
2568,718,บ้านอูตูม,อมก๋อย,กลาง,นอกเมือง,สำนักงานคณะกรรมการการศึกษาขั้นพื้นฐาน,สพป.เชียงใหม่ เขต 5,41,26.02,17.67,23.66,12.64,23.58,15.17,19.51,26.77,23.17,22.35,25.00,22.77
2568,719,รางวัลอินทิราคานธี,อมก๋อย,เล็ก,นอกเมือง,กองบัญชาการตำรวจตระเวนชายแดน,-,7,26.19,19.63,20.00,10.69,30.95,13.88,28.57,36.42,25.00,18.90,10.71,12.37
2568,720,ชุมชนบ้านท่าข้าม,ฮอด,กลาง,นอกเมือง,สำนักงานคณะกรรมการการศึกษาขั้นพื้นฐาน,สพป.เชียงใหม่ เขต 5,32,25.00,21.65,29.69,12.87,29.17,19.09,26.56,24.95,24.22,18.20,30.47,22.30
2568,721,ชุมชนบ้านแม่ทัง,ฮอด,เล็ก,นอกเมือง,สำนักงานคณะกรรมการการศึกษาขั้นพื้นฐาน,สพป.เชียงใหม่ เขต 5,18,29.63,20.45,21.11,14.87,22.22,13.61,22.22,29.92,27.78,20.22,25.00,20.41
2568,722,บ้านกองลอย,ฮอด,กลาง,นอกเมือง,สำนักงานคณะกรรมการการศึกษาขั้นพื้นฐาน,สพป.เชียงใหม่ เขต 5,14,27.38,16.19,18.57,13.01,28.57,21.30,10.71,20.52,23.21,22.09,23.21,17.59
2568,723,บ้านกองหิน,ฮอด,เล็ก,นอกเมือง,สำนักงานคณะกรรมการการศึกษาขั้นพื้นฐาน,สพป.เชียงใหม่ เขต 5,4,29.17,18.16,27.50,8.29,37.50,29.76,12.50,21.65,31.25,20.73,31.25,10.83
2568,724,บ้านกิ่วลม,ฮอด,เล็ก,นอกเมือง,สำนักงานคณะกรรมการการศึกษาขั้นพื้นฐาน,สพป.เชียงใหม่ เขต 5,9,31.48,14.58,23.33,11.55,22.22,17.57,16.67,23.57,25.00,26.35,22.22,21.87
2568,725,บ้านขุน,ฮอด,เล็ก,นอกเมือง,สำนักงานคณะกรรมการการศึกษาขั้นพื้นฐาน,สพป.เชียงใหม่ เขต 5,13,46.15,22.79,26.92,10.66,30.77,19.44,3.85,13.32,17.31,15.14,30.77,19.99
2568,726,บ้านแควมะกอก,ฮอด,กลาง,นอกเมือง,สำนักงานคณะกรรมการการศึกษาขั้นพื้นฐาน,สพป.เชียงใหม่ เขต 5,16,33.33,23.57,30.00,13.23,33.33,27.00,25.00,25.00,21.88,14.99,20.31,22.04
2568,727,บ้านโค้งงาม,ฮอด,เล็ก,นอกเมือง,สำนักงานคณะกรรมการการศึกษาขั้นพื้นฐาน,สพป.เชียงใหม่ เขต 5,7,30.95,13.88,30.00,19.27,45.24,17.17,21.43,24.74,28.57,20.82,14.29,18.21
2568,728,บ้านดงดำ,ฮอด,เล็ก,นอกเมือง,สำนักงานคณะกรรมการการศึกษาขั้นพื้นฐาน,สพป.เชียงใหม่ เขต 5,6,38.89,20.79,23.33,11.06,30.56,17.79,25.00,38.19,25.00,20.41,29.17,17.18
2568,729,บ้านดอกแดง,ฮอด,เล็ก,นอกเมือง,สำนักงานคณะกรรมการการศึกษาขั้นพื้นฐาน,สพป.เชียงใหม่ เขต 5,10,28.33,16.75,31.00,18.68,28.33,15.00,15.00,22.91,25.00,19.36,22.50,13.46
2568,730,บ้านดอยคำ,ฮอด,เล็ก,นอกเมือง,สำนักงานคณะกรรมการการศึกษาขั้นพื้นฐาน,สพป.เชียงใหม่ เขต 5,4,29.17,18.16,32.50,14.79,16.67,20.41,12.50,21.65,25.00,0.00,50.00,17.68
2568,731,บ้านเด่นวิทยา,ฮอด,เล็ก,นอกเมือง,สำนักงานคณะกรรมการการศึกษาขั้นพื้นฐาน,สพป.เชียงใหม่ เขต 5,5,43.33,13.33,36.00,10.20,30.00,19.44,20.00,24.49,35.00,20.00,35.00,12.25
2568,732,บ้านตาลใต้,ฮอด,เล็ก,นอกเมือง,สำนักงานคณะกรรมการการศึกษาขั้นพื้นฐาน,สพป.เชียงใหม่ เขต 5,6,19.44,14.96,23.33,9.43,25.00,8.33,33.33,37.27,33.33,23.57,16.67,11.79
2568,733,บ้านตาลเหนือ,ฮอด,เล็ก,นอกเมือง,สำนักงานคณะกรรมการการศึกษาขั้นพื้นฐาน,สพป.เชียงใหม่ เขต 5,12,27.78,15.71,30.83,10.37,25.00,20.97,33.33,31.18,18.75,20.73,33.33,18.63
2568,734,บ้านตีนตก,ฮอด,เล็ก,นอกเมือง,สำนักงานคณะกรรมการการศึกษาขั้นพื้นฐาน,สพป.เชียงใหม่ เขต 5,4,16.67,11.79,17.50,8.29,20.83,7.22,25.00,25.00,37.50,27.95,18.75,20.73
2568,735,บ้านเตียนอาง,ฮอด,เล็ก,นอกเมือง,สำนักงานคณะกรรมการการศึกษาขั้นพื้นฐาน,สพป.เชียงใหม่ เขต 5,6,25.00,12.73,26.67,15.99,19.44,14.96,16.67,23.57,16.67,11.79,29.17,33.59
2568,736,บ้านทุ่ง,ฮอด,เล็ก,นอกเมือง,สำนักงานคณะกรรมการการศึกษาขั้นพื้นฐาน,สพป.เชียงใหม่ เขต 5,7,21.43,11.66,20.00,5.35,23.81,12.14,21.43,24.74,17.86,22.02,35.71,18.21
2568,737,บ้านทุ่งโป่ง,ฮอด,เล็ก,นอกเมือง,สำนักงานคณะกรรมการการศึกษาขั้นพื้นฐาน,สพป.เชียงใหม่ เขต 5,10,26.67,18.56,21.00,10.44,26.67,26.03,5.00,15.00,27.50,26.10,30.00,26.93
2568,738,บ้านนาคอเรือ,ฮอด,เล็ก,นอกเมือง,สำนักงานคณะกรรมการการศึกษาขั้นพื้นฐาน,สพป.เชียงใหม่ เขต 5,18,31.48,15.60,23.89,13.39,24.07,13.86,19.44,24.37,25.00,18.63,26.39,17.62
2568,739,บ้านนาฟ่อน,ฮอด,เล็ก,นอกเมือง,สำนักงานคณะกรรมการการศึกษาขั้นพื้นฐาน,สพป.เชียงใหม่ เขต 5,16,21.87,15.27,23.12,9.82,20.83,20.83,28.12,24.80,29.69,18.15,21.88,21.42
2568,740,บ้านบ่อสลี,ฮอด,เล็ก,นอกเมือง,สำนักงานคณะกรรมการการศึกษาขั้นพื้นฐาน,สพป.เชียงใหม่ เขต 5,6,27.78,24.85,28.33,10.67,36.11,24.37,33.33,23.57,20.83,17.18,41.67,18.63
2568,741,บ้านบ่อหลวง,ฮอด,กลาง,นอกเมือง,สำนักงานคณะกรรมการการศึกษาขั้นพื้นฐาน,สพป.เชียงใหม่ เขต 5,24,32.64,22.30,26.67,16.24,22.22,22.40,14.58,22.73,26.04,21.01,21.88,22.02
2568,742,บ้านผาแตน,ฮอด,เล็ก,นอกเมือง,สำนักงานคณะกรรมการการศึกษาขั้นพื้นฐาน,สพป.เชียงใหม่ เขต 5,3,22.22,7.86,30.00,8.16,16.67,0.00,16.67,23.57,33.33,31.18,41.67,23.57
2568,743,บ้านพุย,ฮอด,เล็ก,นอกเมือง,สำนักงานคณะกรรมการการศึกษาขั้นพื้นฐาน,สพป.เชียงใหม่ เขต 5,17,21.57,17.86,34.12,14.58,21.57,14.87,32.35,29.41,30.88,16.11,20.59,23.07
2568,744,บ้านแม่งูด,ฮอด,เล็ก,นอกเมือง,สำนักงานคณะกรรมการการศึกษาขั้นพื้นฐาน,สพป.เชียงใหม่ เขต 5,8,25.00,16.67,25.00,14.14,27.08,14.28,31.25,24.21,28.13,14.99,25.00,17.68
2568,745,บ้านแม่ลอง,ฮอด,เล็ก,นอกเมือง,สำนักงานคณะกรรมการการศึกษาขั้นพื้นฐาน,สพป.เชียงใหม่ เขต 5,4,25.00,8.33,35.00,8.66,41.67,8.33,12.50,21.65,12.50,12.50,18.75,20.73
2568,746,บ้านแม่ลาย,ฮอด,เล็ก,นอกเมือง,สำนักงานคณะกรรมการการศึกษาขั้นพื้นฐาน,สพป.เชียงใหม่ เขต 5,24,19.44,18.43,24.17,12.22,25.00,15.96,20.83,28.57,22.92,20.31,14.58,16.00
2568,747,บ้านแม่ลายเหนือ,ฮอด,เล็ก,นอกเมือง,สำนักงานคณะกรรมการการศึกษาขั้นพื้นฐาน,สพป.เชียงใหม่ เขต 5,13,25.64,12.43,23.85,16.43,33.33,23.57,11.54,21.07,17.31,18.04,26.92,18.24
2568,748,บ้านแม่สะนาม,ฮอด,เล็ก,นอกเมือง,สำนักงานคณะกรรมการการศึกษาขั้นพื้นฐาน,สพป.เชียงใหม่ เขต 5,2,16.67,0.00,35.00,5.00,41.67,8.33,0.00,0.00,0.00,0.00,12.50,12.50
2568,749,บ้านแม่อมลอง,ฮอด,เล็ก,นอกเมือง,สำนักงานคณะกรรมการการศึกษาขั้นพื้นฐาน,สพป.เชียงใหม่ เขต 5,3,27.78,7.86,30.00,21.60,11.11,7.86,33.33,23.57,8.33,11.79,8.33,11.79
2568,750,บ้านวังกอง,ฮอด,เล็ก,นอกเมือง,สำนักงานคณะกรรมการการศึกษาขั้นพื้นฐาน,สพป.เชียงใหม่ เขต 5,6,22.22,12.42,30.00,11.55,30.56,6.21,33.33,37.27,20.83,9.32,12.50,12.50
2568,751,บ้านวังลุง,ฮอด,เล็ก,นอกเมือง,สำนักงานคณะกรรมการการศึกษาขั้นพื้นฐาน,สพป.เชียงใหม่ เขต 5,12,37.50,19.39,30.83,14.98,22.22,15.71,16.67,23.57,27.08,21.55,27.08,25.94
2568,752,บ้านหางดง,ฮอด,เล็ก,นอกเมือง,สำนักงานคณะกรรมการการศึกษาขั้นพื้นฐาน,สพป.เชียงใหม่ เขต 5,11,30.30,19.87,28.18,17.49,21.21,10.28,22.73,32.78,27.27,19.81,13.64,22.27
2568,753,ฟ้าใส,ฮอด,เล็ก,นอกเมือง,สำนักงานคณะกรรมการส่งเสริมการศึกษาเอกชน,-,10,63.33,30.55,57.00,27.59,71.67,22.42,25.00,33.54,50.00,27.39,50.00,37.08
2568,754,แม่โถวิทยาคม,ฮอด,กลาง,นอกเมือง,สำนักงานคณะกรรมการการศึกษาขั้นพื้นฐาน,สพป.เชียงใหม่ เขต 5,39,23.08,18.73,22.05,12.02,23.93,17.62,24.36,24.99,23.08,19.10,23.08,21.47
2567,1,บ้านขุนแม่รวม,กัลยาณิวัฒนา,เล็ก,นอกเมือง,สำนักงานคณะกรรมการการศึกษาขั้นพื้นฐาน,สพป.เชียงใหม่ เขต 6,22,26.52,17.88,25.00,16.17,15.91,16.27,27.27,32.78,25.00,22.61,19.32,16.74
2567,2,บ้านจันทร์,กัลยาณิวัฒนา,เล็ก,นอกเมือง,สำนักงานคณะกรรมการการศึกษาขั้นพื้นฐาน,สพป.เชียงใหม่ เขต 6,12,44.44,19.64,48.33,25.11,55.56,34.25,37.50,36.08,43.75,27.24,45.83,19.98
2567,3,บ้านจันทร์ สาขาแจ่มน้อย,กัลยาณิวัฒนา,เล็ก,นอกเมือง,สำนักงานคณะกรรมการการศึกษาขั้นพื้นฐาน,สพป.เชียงใหม่ เขต 6,9,24.07,23.72,25.56,16.41,24.07,13.86,16.67,23.57,22.22,14.16,41.67,23.57
2567,4,บ้านแจ่มหลวง,กัลยาณิวัฒนา,เล็ก,นอกเมือง,สำนักงานคณะกรรมการการศึกษาขั้นพื้นฐาน,สพป.เชียงใหม่ เขต 6,8,33.33,18.63,31.25,21.47,43.75,21.95,31.25,34.80,31.25,20.73,34.38,24.80
2567,5,บ้านแม่แดดน้อย,กัลยาณิวัฒนา,เล็ก,นอกเมือง,สำนักงานคณะกรรมการการศึกษาขั้นพื้นฐาน,สพป.เชียงใหม่ เขต 6,3,33.33,13.61,30.00,8.16,33.33,13.61,0.00,0.00,25.00,20.41,33.33,31.18
2567,6,บ้านแม่แดดน้อย สาขาบ้านดงสามหมื่น,กัลยาณิวัฒนา,เล็ก,นอกเมือง,สำนักงานคณะกรรมการการศึกษาขั้นพื้นฐาน,สพป.เชียงใหม่ เขต 6,10,23.33,13.33,22.00,14.00,26.67,18.56,20.00,24.49,22.50,20.77,17.50,19.53
2567,7,บ้านแม่ตะละ,กัลยาณิวัฒนา,เล็ก,นอกเมือง,สำนักงานคณะกรรมการการศึกษาขั้นพื้นฐาน,สพป.เชียงใหม่ เขต 6,23,26.81,16.11,22.17,12.50,26.09,18.92,13.04,21.96,21.74,19.92,27.17,24.35
2567,8,บ้านแม่ตะละเหนือ,กัลยาณิวัฒนา,เล็ก,นอกเมือง,สำนักงานคณะกรรมการการศึกษาขั้นพื้นฐาน,สพป.เชียงใหม่ เขต 6,2,25.00,8.33,15.00,15.00,8.33,8.33,25.00,25.00,37.50,12.50,0.00,0.00
2567,9,บ้านห้วยยา,กัลยาณิวัฒนา,เล็ก,นอกเมือง,สำนักงานคณะกรรมการการศึกษาขั้นพื้นฐาน,สพป.เชียงใหม่ เขต 6,10,35.00,8.98,22.00,18.33,68.33,5.00,10.00,20.00,10.00,12.25,20.00,18.71
2567,10,บ้านหัวยปู,กัลยาณิวัฒนา,เล็ก,นอกเมือง,สำนักงานคณะกรรมการการศึกษาขั้นพื้นฐาน,สพป.เชียงใหม่ เขต 6,6,33.33,13.61,21.67,10.67,22.22,15.71,25.00,38.19,29.17,26.68,16.67,11.79
2567,11,สามัคคีสันม่วง,กัลยาณิวัฒนา,เล็ก,นอกเมือง,สำนักงานคณะกรรมการการศึกษาขั้นพื้นฐาน,สพป.เชียงใหม่ เขต 6,15,27.78,18.92,26.00,14.51,23.33,20.00,13.33,22.11,21.67,22.11,31.67,24.94
2567,12,ณัทชวิทย์,จอมทอง,เล็ก,นอกเมือง,สำนักงานคณะกรรมการส่งเสริมการศึกษาเอกชน,-,22,48.48,21.85,52.73,24.53,65.15,20.66,27.27,36.08,47.73,32.78,59.09,31.57
2567,13,เทศบาลจอมทอง ๑ (ชุมชนบ้านข่วงเปาเหนือ),จอมทอง,กลาง,นอกเมือง,กรมส่งเสริมการปกครองท้องถิ่น,ท้องถิ่นจังหวัดเชียงใหม่,32,30.21,17.40,28.44,14.81,26.04,20.81,17.19,23.75,25.78,24.59,21.09,19.87
2567,14,ไทยรัฐวิทยา 79 (บ้านหนองอาบช้าง),จอมทอง,เล็ก,นอกเมือง,สำนักงานคณะกรรมการการศึกษาขั้นพื้นฐาน,สพป.เชียงใหม่ เขต 6,10,16.67,12.91,30.00,12.65,23.33,13.33,5.00,15.00,22.50,23.58,15.00,22.91
2567,15,นิยมไพรผาหมอนอินทนนท์,จอมทอง,เล็ก,นอกเมือง,สำนักงานคณะกรรมการการศึกษาขั้นพื้นฐาน,สพป.เชียงใหม่ เขต 6,26,24.36,16.81,28.08,18.40,30.13,18.50,17.31,23.79,25.00,21.93,24.04,18.96
2567,16,บ้านข่วงเปาใต้,จอมทอง,เล็ก,นอกเมือง,สำนักงานคณะกรรมการการศึกษาขั้นพื้นฐาน,สพป.เชียงใหม่ เขต 6,8,20.83,19.98,23.75,12.18,16.67,14.43,31.25,34.80,21.88,19.52,18.75,24.21
2567,17,บ้านขุนกลาง,จอมทอง,กลาง,นอกเมือง,สำนักงานคณะกรรมการการศึกษาขั้นพื้นฐาน,สพป.เชียงใหม่ เขต 6,47,26.95,19.31,26.38,17.43,25.53,17.48,20.21,26.62,18.62,19.62,20.21,19.05
2567,18,บ้านขุนกลาง สาขาแม่ยะน้อย,จอมทอง,เล็ก,นอกเมือง,สำนักงานคณะกรรมการการศึกษาขั้นพื้นฐาน,สพป.เชียงใหม่ เขต 6,12,23.61,12.65,25.00,11.90,19.44,19.04,4.17,13.82,33.33,25.69,20.83,13.82
2567,19,บ้านขุนแตะ,จอมทอง,เล็ก,นอกเมือง,สำนักงานคณะกรรมการการศึกษาขั้นพื้นฐาน,สพป.เชียงใหม่ เขต 6,8,35.42,17.55,20.00,13.23,20.83,7.22,12.50,21.65,18.75,16.54,50.00,21.65
2567,20,บ้านขุนแปะ,จอมทอง,เล็ก,นอกเมือง,สำนักงานคณะกรรมการการศึกษาขั้นพื้นฐาน,สพป.เชียงใหม่ เขต 6,36,29.63,20.83,22.50,10.90,25.46,15.46,22.22,24.85,23.61,20.37,18.06,20.08
2567,21,บ้านขุนแปะ สาขาแม่จร,จอมทอง,เล็ก,นอกเมือง,สำนักงานคณะกรรมการการศึกษาขั้นพื้นฐาน,สพป.เชียงใหม่ เขต 6,10,21.67,19.79,21.00,7.00,28.33,10.67,15.00,22.91,27.50,23.58,30.00,21.79
2567,22,บ้านขุนยะ,จอมทอง,เล็ก,นอกเมือง,สำนักงานคณะกรรมการการศึกษาขั้นพื้นฐาน,สพป.เชียงใหม่ เขต 6,4,50.00,31.18,25.00,11.18,33.33,20.41,25.00,43.30,31.25,20.73,12.50,21.65
2567,23,บ้านท่าข้าม,จอมทอง,เล็ก,นอกเมือง,สำนักงานคณะกรรมการการศึกษาขั้นพื้นฐาน,สพป.เชียงใหม่ เขต 6,14,52.38,17.66,47.14,20.50,40.48,16.32,10.71,20.52,17.86,22.02,35.71,22.59
2567,24,บ้านท่าหลุก,จอมทอง,เล็ก,นอกเมือง,สำนักงานคณะกรรมการการศึกษาขั้นพื้นฐาน,สพป.เชียงใหม่ เขต 6,6,30.56,14.96,11.67,10.67,36.11,17.79,33.33,23.57,20.83,17.18,4.17,9.32
2567,25,บ้านน้ำตกแม่กลาง,จอมทอง,เล็ก,นอกเมือง,สำนักงานคณะกรรมการการศึกษาขั้นพื้นฐาน,สพป.เชียงใหม่ เขต 6,6,19.44,11.45,25.00,13.84,30.56,29.53,25.00,38.19,41.67,23.57,25.00,20.41
2567,26,บ้านบนนา,จอมทอง,เล็ก,นอกเมือง,สำนักงานคณะกรรมการการศึกษาขั้นพื้นฐาน,สพป.เชียงใหม่ เขต 6,11,24.24,20.55,24.55,10.76,27.27,16.32,9.09,19.28,34.09,24.48,22.73,19.81
2567,27,บ้านปากทางท่าลี่,จอมทอง,เล็ก,นอกเมือง,สำนักงานคณะกรรมการการศึกษาขั้นพื้นฐาน,สพป.เชียงใหม่ เขต 6,4,29.17,13.82,30.00,12.25,20.83,13.82,12.50,21.65,18.75,20.73,25.00,17.68
2567,28,บ้านแปะ,จอมทอง,เล็ก,นอกเมือง,สำนักงานคณะกรรมการการศึกษาขั้นพื้นฐาน,สพป.เชียงใหม่ เขต 6,3,38.89,20.79,20.00,8.16,27.78,20.79,33.33,23.57,25.00,20.41,0.00,0.00
2567,29,บ้านเมืองกลาง,จอมทอง,เล็ก,นอกเมือง,สำนักงานคณะกรรมการการศึกษาขั้นพื้นฐาน,สพป.เชียงใหม่ เขต 6,4,33.33,0.00,27.50,4.33,29.17,13.82,12.50,21.65,12.50,12.50,25.00,17.68
2567,30,บ้านเมืองอาง,จอมทอง,เล็ก,นอกเมือง,สำนักงานคณะกรรมการการศึกษาขั้นพื้นฐาน,สพป.เชียงใหม่ เขต 6,5,16.67,14.91,26.00,10.20,26.67,17.00,30.00,24.49,20.00,18.71,20.00,18.71
2567,31,บ้านแม่ปอน,จอมทอง,เล็ก,นอกเมือง,สำนักงานคณะกรรมการการศึกษาขั้นพื้นฐาน,สพป.เชียงใหม่ เขต 6,19,28.95,20.12,30.53,14.32,29.82,17.59,26.32,29.77,19.74,20.80,25.00,21.46
2567,32,บ้านแม่สอย,จอมทอง,เล็ก,นอกเมือง,สำนักงานคณะกรรมการการศึกษาขั้นพื้นฐาน,สพป.เชียงใหม่ เขต 6,12,41.67,25.00,40.83,19.35,48.61,24.02,16.67,23.57,33.33,23.57,29.17,28.57
2567,33,บ้านโรงวัว,จอมทอง,เล็ก,นอกเมือง,สำนักงานคณะกรรมการการศึกษาขั้นพื้นฐาน,สพป.เชียงใหม่ เขต 6,14,41.67,25.00,35.71,15.91,36.90,21.06,10.71,20.52,41.07,17.95,28.57,22.87
2567,34,บ้านสบแจ่มฝั่งซ้าย,จอมทอง,เล็ก,นอกเมือง,สำนักงานคณะกรรมการการศึกษาขั้นพื้นฐาน,สพป.เชียงใหม่ เขต 6,9,35.19,26.58,26.67,18.86,25.93,17.76,5.56,15.71,27.78,24.85,22.22,7.86
2567,35,บ้านสบเตี๊ยะ,จอมทอง,กลาง,นอกเมือง,สำนักงานคณะกรรมการการศึกษาขั้นพื้นฐาน,สพป.เชียงใหม่ เขต 6,7,40.48,19.63,30.00,17.73,40.48,15.06,0.00,0.00,28.57,20.82,25.00,26.73
2567,36,บ้านสบแปะ,จอมทอง,เล็ก,นอกเมือง,สำนักงานคณะกรรมการการศึกษาขั้นพื้นฐาน,สพป.เชียงใหม่ เขต 6,8,37.50,21.65,25.00,14.14,18.75,9.99,37.50,41.46,37.50,21.65,34.38,24.80
2567,37,บ้านหนองคัน,จอมทอง,เล็ก,นอกเมือง,สำนักงานคณะกรรมการการศึกษาขั้นพื้นฐาน,สพป.เชียงใหม่ เขต 6,7,28.57,14.68,38.57,9.90,35.71,27.36,7.14,17.50,35.71,12.37,21.43,15.97
2567,38,บ้านห้วยทราย,จอมทอง,เล็ก,นอกเมือง,สำนักงานคณะกรรมการการศึกษาขั้นพื้นฐาน,สพป.เชียงใหม่ เขต 6,18,31.48,20.70,30.00,13.74,27.78,20.03,25.00,34.36,22.22,18.43,23.61,21.20
2567,39,บ้านห้วยน้ำดิบ,จอมทอง,เล็ก,นอกเมือง,สำนักงานคณะกรรมการการศึกษาขั้นพื้นฐาน,สพป.เชียงใหม่ เขต 6,6,44.44,18.43,21.67,6.87,19.44,11.45,8.33,18.63,16.67,18.63,20.83,17.18
2567,40,บ้านห้วยม่วง,จอมทอง,เล็ก,นอกเมือง,สำนักงานคณะกรรมการการศึกษาขั้นพื้นฐาน,สพป.เชียงใหม่ เขต 6,5,33.33,21.08,42.00,17.20,23.33,22.61,50.00,44.72,15.00,20.00,35.00,20.00
2567,41,บ้านห้วยม่วงฝั่งซ้าย,จอมทอง,เล็ก,นอกเมือง,สำนักงานคณะกรรมการการศึกษาขั้นพื้นฐาน,สพป.เชียงใหม่ เขต 6,11,34.85,24.05,40.91,12.40,24.24,19.28,31.82,38.57,13.64,16.39,22.73,16.70
2567,42,บ้านห้วยส้มป่อย,จอมทอง,เล็ก,นอกเมือง,สำนักงานคณะกรรมการการศึกษาขั้นพื้นฐาน,สพป.เชียงใหม่ เขต 6,12,33.33,15.21,23.33,11.06,16.67,13.61,25.00,38.19,29.17,22.44,18.75,23.11
2567,43,บ้านห้วยสะแพด,จอมทอง,เล็ก,นอกเมือง,สำนักงานคณะกรรมการการศึกษาขั้นพื้นฐาน,สพป.เชียงใหม่ เขต 6,8,29.17,16.14,30.00,10.00,47.92,22.73,56.25,29.97,25.00,17.68,34.38,12.10
2567,44,บ้านหาดนาค,จอมทอง,เล็ก,นอกเมือง,สำนักงานคณะกรรมการการศึกษาขั้นพื้นฐาน,สพป.เชียงใหม่ เขต 6,4,16.67,11.79,25.00,15.00,16.67,16.67,37.50,41.46,18.75,10.83,12.50,12.50
2567,45,บ้านใหม่สารภี,จอมทอง,เล็ก,นอกเมือง,สำนักงานคณะกรรมการการศึกษาขั้นพื้นฐาน,สพป.เชียงใหม่ เขต 6,3,16.67,23.57,50.00,14.14,50.00,0.00,33.33,23.57,33.33,11.79,25.00,20.41
2567,46,ป่ากล้วยพัฒนา,จอมทอง,เล็ก,นอกเมือง,สำนักงานคณะกรรมการการศึกษาขั้นพื้นฐาน,สพป.เชียงใหม่ เขต 6,6,41.67,12.73,35.00,16.07,16.67,9.62,16.67,23.57,37.50,23.94,29.17,26.68
2567,47,วัดพระบาท,จอมทอง,เล็ก,นอกเมือง,สำนักงานคณะกรรมการการศึกษาขั้นพื้นฐาน,สพป.เชียงใหม่ เขต 6,1,16.67,0.00,10.00,0.00,33.33,0.00,0.00,0.00,0.00,0.00,0.00,0.00
2567,48,ศรีจอมทอง,จอมทอง,ใหญ่,นอกเมือง,สำนักงานคณะกรรมการการศึกษาขั้นพื้นฐาน,สพป.เชียงใหม่ เขต 6,233,37.12,22.77,35.15,19.96,39.41,25.04,22.75,29.62,36.48,28.08,32.83,27.02
2567,49,สุทธิวงศ์ดำรงวิทย์,จอมทอง,เล็ก,นอกเมือง,สำนักงานคณะกรรมการส่งเสริมการศึกษาเอกชน,-,13,23.08,16.72,33.85,10.03,19.23,14.39,34.62,30.28,26.92,18.24,19.23,19.99
2567,50,แกน้อยศึกษา,เชียงดาว,กลาง,นอกเมือง,สำนักงานคณะกรรมการการศึกษาขั้นพื้นฐาน,สพป.เชียงใหม่ เขต 3,8,35.42,13.01,13.75,6.96,35.42,15.45,37.50,33.07,43.75,20.73,18.75,16.54
2567,51,โครงการหลวงแกน้อย,เชียงดาว,กลาง,นอกเมือง,สำนักงานคณะกรรมการการศึกษาขั้นพื้นฐาน,สพป.เชียงใหม่ เขต 3,4,29.17,13.82,27.50,10.90,8.33,8.33,12.50,21.65,18.75,10.83,18.75,10.83
2567,52,เจ้าฟ้าอุบลรัตน์,เชียงดาว,เล็ก,นอกเมือง,สำนักงานคณะกรรมการส่งเสริมการศึกษาเอกชน,-,24,24.31,15.94,25.00,12.91,22.92,16.54,12.50,21.65,25.00,19.09,21.88,16.63
2567,53,ชุมชนบ้านเมืองงาย,เชียงดาว,กลาง,นอกเมือง,สำนักงานคณะกรรมการการศึกษาขั้นพื้นฐาน,สพป.เชียงใหม่ เขต 3,21,31.75,17.75,33.33,21.89,26.19,24.44,19.05,28.77,28.57,20.82,28.57,25.92
2567,54,ชุมชนบ้านวังจ๊อม,เชียงดาว,กลาง,นอกเมือง,สำนักงานคณะกรรมการการศึกษาขั้นพื้นฐาน,สพป.เชียงใหม่ เขต 3,15,34.44,14.23,33.33,16.60,30.00,22.11,13.33,22.11,21.67,15.46,28.33,17.95
2567,55,ดอยสามหมื่น,เชียงดาว,เล็ก,นอกเมือง,สำนักงานคณะกรรมการการศึกษาขั้นพื้นฐาน,สพป.เชียงใหม่ เขต 3,7,35.71,13.88,11.43,6.39,21.43,14.68,28.57,36.42,39.29,26.24,14.29,18.21
2567,56,ตชด.เฉลิมพระเกียรติฯ บ้านแกน้อย,เชียงดาว,เล็ก,นอกเมือง,กองบัญชาการตำรวจตระเวนชายแดน,-,29,25.29,14.26,23.10,11.48,22.99,15.42,20.69,24.63,25.86,16.72,25.00,19.70
2567,57,บ้านเชียงดาว,เชียงดาว,กลาง,นอกเมือง,สำนักงานคณะกรรมการการศึกษาขั้นพื้นฐาน,สพป.เชียงใหม่ เขต 3,83,36.75,23.39,33.13,18.75,34.14,21.94,21.08,29.17,21.99,22.09,31.33,22.91
2567,58,บ้านดอน,เชียงดาว,เล็ก,นอกเมือง,สำนักงานคณะกรรมการการศึกษาขั้นพื้นฐาน,สพป.เชียงใหม่ เขต 3,9,29.63,13.09,31.11,8.75,18.52,16.56,27.78,41.57,19.44,19.64,11.11,12.42
2567,59,บ้านถ้ำ,เชียงดาว,เล็ก,นอกเมือง,สำนักงานคณะกรรมการการศึกษาขั้นพื้นฐาน,สพป.เชียงใหม่ เขต 3,5,10.00,13.33,34.00,4.90,6.67,8.16,30.00,24.49,30.00,18.71,10.00,12.25
2567,60,บ้านทุ่งข้าวพวง,เชียงดาว,กลาง,นอกเมือง,สำนักงานคณะกรรมการการศึกษาขั้นพื้นฐาน,สพป.เชียงใหม่ เขต 3,18,30.56,17.79,27.22,14.83,37.04,17.17,13.89,22.40,30.56,21.34,19.44,17.79
2567,61,บ้านทุ่งละคร,เชียงดาว,เล็ก,นอกเมือง,สำนักงานคณะกรรมการการศึกษาขั้นพื้นฐาน,สพป.เชียงใหม่ เขต 3,2,25.00,8.33,15.00,5.00,41.67,25.00,0.00,0.00,12.50,12.50,25.00,25.00
2567,62,บ้านทุ่งหลุก,เชียงดาว,เล็ก,นอกเมือง,สำนักงานคณะกรรมการการศึกษาขั้นพื้นฐาน,สพป.เชียงใหม่ เขต 3,11,33.33,18.80,38.18,18.98,42.42,16.46,22.73,24.90,31.82,15.41,45.45,33.40
2567,63,บ้านนาหวาย,เชียงดาว,กลาง,นอกเมือง,สำนักงานคณะกรรมการการศึกษาขั้นพื้นฐาน,สพป.เชียงใหม่ เขต 3,35,28.10,13.67,23.14,15.45,24.29,19.66,17.14,26.57,16.43,15.75,22.86,22.66
2567,64,บ้านปางแดง,เชียงดาว,เล็ก,นอกเมือง,สำนักงานคณะกรรมการการศึกษาขั้นพื้นฐาน,สพป.เชียงใหม่ เขต 3,9,29.63,13.09,30.00,13.33,24.07,11.42,33.33,23.57,22.22,21.87,25.00,26.35
2567,65,บ้านปางเฟือง,เชียงดาว,เล็ก,นอกเมือง,สำนักงานคณะกรรมการการศึกษาขั้นพื้นฐาน,สพป.เชียงใหม่ เขต 3,7,38.10,21.30,32.86,20.50,26.19,15.06,14.29,22.59,28.57,24.74,10.71,18.21
2567,66,บ้านปางมะเยา,เชียงดาว,กลาง,นอกเมือง,สำนักงานคณะกรรมการการศึกษาขั้นพื้นฐาน,สพป.เชียงใหม่ เขต 3,24,29.17,17.51,26.25,14.95,24.31,16.65,16.67,23.57,19.79,19.07,19.79,26.00
2567,67,บ้านป่าบง,เชียงดาว,เล็ก,นอกเมือง,สำนักงานคณะกรรมการการศึกษาขั้นพื้นฐาน,สพป.เชียงใหม่ เขต 3,13,25.64,20.27,25.38,10.82,20.51,13.32,19.23,24.33,26.92,22.92,21.15,19.23
2567,68,บ้านเมืองคอง,เชียงดาว,เล็ก,นอกเมือง,สำนักงานคณะกรรมการการศึกษาขั้นพื้นฐาน,สพป.เชียงใหม่ เขต 3,6,38.89,18.43,26.67,13.74,25.00,18.63,41.67,34.36,25.00,14.43,20.83,9.32
2567,69,บ้านเมืองนะ,เชียงดาว,กลาง,นอกเมือง,สำนักงานคณะกรรมการการศึกษาขั้นพื้นฐาน,สพป.เชียงใหม่ เขต 3,52,27.24,17.91,26.54,14.40,21.79,16.52,19.23,29.67,29.33,22.32,23.56,21.04
2567,70,บ้านแม่กอนใน,เชียงดาว,เล็ก,นอกเมือง,สำนักงานคณะกรรมการการศึกษาขั้นพื้นฐาน,สพป.เชียงใหม่ เขต 3,16,22.92,16.54,23.75,16.15,28.12,15.27,31.25,34.80,23.44,18.68,21.88,21.42
2567,71,บ้านแม่นะ,เชียงดาว,กลาง,นอกเมือง,สำนักงานคณะกรรมการการศึกษาขั้นพื้นฐาน,สพป.เชียงใหม่ เขต 3,22,22.73,15.53,28.18,17.74,22.73,17.07,20.45,24.58,29.55,24.58,29.55,20.83
2567,72,บ้านแม่ป๋าม,เชียงดาว,เล็ก,นอกเมือง,สำนักงานคณะกรรมการการศึกษาขั้นพื้นฐาน,สพป.เชียงใหม่ เขต 3,7,33.33,21.82,25.71,14.98,19.05,18.75,21.43,24.74,35.71,29.45,35.71,12.37
2567,73,บ้านแม่แมะ,เชียงดาว,เล็ก,นอกเมือง,สำนักงานคณะกรรมการการศึกษาขั้นพื้นฐาน,สพป.เชียงใหม่ เขต 3,4,45.83,13.82,20.00,7.07,20.83,21.65,12.50,21.65,37.50,21.65,25.00,0.00
2567,74,บ้านแม่อ้อใน,เชียงดาว,เล็ก,นอกเมือง,สำนักงานคณะกรรมการการศึกษาขั้นพื้นฐาน,สพป.เชียงใหม่ เขต 3,7,26.19,17.50,27.14,12.78,26.19,19.63,14.29,22.59,14.29,18.21,14.29,12.37
2567,75,บ้านรินหลวง,เชียงดาว,เล็ก,นอกเมือง,สำนักงานคณะกรรมการการศึกษาขั้นพื้นฐาน,สพป.เชียงใหม่ เขต 3,27,23.46,14.53,24.44,16.41,21.60,16.24,33.33,38.49,12.96,15.77,22.22,21.87
2567,76,บ้านวังมะริว,เชียงดาว,เล็ก,นอกเมือง,สำนักงานคณะกรรมการการศึกษาขั้นพื้นฐาน,สพป.เชียงใหม่ เขต 3,9,24.07,13.86,28.89,12.86,27.78,11.11,27.78,24.85,27.78,18.43,22.22,18.43
2567,77,บ้านสบคาบ,เชียงดาว,เล็ก,นอกเมือง,สำนักงานคณะกรรมการการศึกษาขั้นพื้นฐาน,สพป.เชียงใหม่ เขต 3,6,16.67,9.62,25.00,15.00,36.11,11.45,8.33,18.63,12.50,12.50,16.67,18.63
2567,78,บ้านสันป่าเกี๊ยะ,เชียงดาว,เล็ก,นอกเมือง,สำนักงานคณะกรรมการการศึกษาขั้นพื้นฐาน,สพป.เชียงใหม่ เขต 3,7,26.19,19.63,25.71,22.59,28.57,14.68,21.43,24.74,25.00,0.00,32.14,17.50
2567,79,บ้านหนองเขียว,เชียงดาว,กลาง,นอกเมือง,สำนักงานคณะกรรมการการศึกษาขั้นพื้นฐาน,สพป.เชียงใหม่ เขต 3,21,24.60,21.59,28.57,14.89,27.78,15.71,28.57,29.16,23.81,18.05,21.43,13.98
2567,80,บ้านหนองแขม,เชียงดาว,เล็ก,นอกเมือง,กองบัญชาการตำรวจตระเวนชายแดน,-,14,34.52,23.96,37.86,18.20,46.43,26.11,42.86,31.94,37.50,36.29,44.64,28.63
2567,81,บ้านหนองบัว,เชียงดาว,เล็ก,นอกเมือง,สำนักงานคณะกรรมการการศึกษาขั้นพื้นฐาน,สพป.เชียงใหม่ เขต 3,12,22.22,19.64,25.00,16.58,15.28,19.79,12.50,21.65,27.08,21.55,27.08,12.33
2567,82,บ้านห้วยจะค่าน ตชด.อนุสรณ์,เชียงดาว,กลาง,นอกเมือง,สำนักงานคณะกรรมการการศึกษาขั้นพื้นฐาน,สพป.เชียงใหม่ เขต 3,3,27.78,20.79,36.67,12.47,16.67,13.61,0.00,0.00,33.33,11.79,16.67,11.79
2567,83,บ้านห้วยทรายขาว,เชียงดาว,เล็ก,นอกเมือง,สำนักงานคณะกรรมการการศึกษาขั้นพื้นฐาน,สพป.เชียงใหม่ เขต 3,11,31.82,18.06,20.00,13.48,27.27,10.71,22.73,32.78,20.45,14.37,18.18,18.74
2567,84,บ้านห้วยเป้า,เชียงดาว,เล็ก,นอกเมือง,กรมส่งเสริมการปกครองท้องถิ่น,ท้องถิ่นจังหวัดเชียงใหม่,17,26.47,12.86,21.18,17.78,20.59,16.70,5.88,16.11,26.47,21.81,16.18,14.71
2567,85,บ้านใหม่,เชียงดาว,เล็ก,นอกเมือง,สำนักงานคณะกรรมการการศึกษาขั้นพื้นฐาน,สพป.เชียงใหม่ เขต 3,9,25.93,17.76,25.56,14.23,20.37,15.27,16.67,23.57,22.22,21.87,22.22,27.50
2567,86,บ้านอรุโณทัย,เชียงดาว,ใหญ่พิเศษ,นอกเมือง,สำนักงานคณะกรรมการการศึกษาขั้นพื้นฐาน,สพป.เชียงใหม่ เขต 3,68,26.72,20.24,27.50,17.85,26.47,18.13,22.79,30.24,21.32,19.30,30.51,25.31
2567,87,บ้านออน,เชียงดาว,เล็ก,นอกเมือง,สำนักงานคณะกรรมการการศึกษาขั้นพื้นฐาน,สพป.เชียงใหม่ เขต 3,6,36.11,11.45,26.67,9.43,13.89,11.45,16.67,23.57,20.83,17.18,12.50,12.50
2567,88,เบญจม 2 บ้านน้ำรู,เชียงดาว,เล็ก,นอกเมือง,สำนักงานคณะกรรมการการศึกษาขั้นพื้นฐาน,สพป.เชียงใหม่ เขต 3,18,19.44,17.79,30.00,12.47,21.30,14.49,30.56,29.53,26.39,24.26,22.22,16.43
2567,89,พัฒนาต้นน้ำขุนคอง,เชียงดาว,เล็ก,นอกเมือง,สำนักงานคณะกรรมการการศึกษาขั้นพื้นฐาน,สพป.เชียงใหม่ เขต 3,16,28.12,19.29,27.50,8.29,18.75,13.01,18.75,29.97,18.75,22.53,12.50,17.68
2567,90,มิตรมวลชนเชียงใหม่,เชียงดาว,กลาง,นอกเมือง,สำนักงานคณะกรรมการการศึกษาขั้นพื้นฐาน,สพป.เชียงใหม่ เขต 3,29,29.89,19.76,26.90,16.42,22.41,16.54,20.69,27.91,32.76,25.51,26.72,27.80
2567,91,ราชประชานุเคราะห์ 61 จังหวัดเชียงใหม่,เชียงดาว,กลาง,นอกเมือง,สำนักบริหารงานการศึกษาพิเศษ,-,26,26.28,19.16,28.08,13.59,26.92,19.10,25.00,28.59,23.08,23.94,28.85,25.66
2567,92,วัดจอมคีรี,เชียงดาว,เล็ก,นอกเมือง,สำนักงานคณะกรรมการการศึกษาขั้นพื้นฐาน,สพป.เชียงใหม่ เขต 3,9,38.89,24.85,30.00,22.11,27.78,29.40,33.33,23.57,27.78,24.85,36.11,31.43
2567,93,วัดปางมะโอ,เชียงดาว,เล็ก,นอกเมือง,สำนักงานคณะกรรมการการศึกษาขั้นพื้นฐาน,สพป.เชียงใหม่ เขต 3,3,33.33,13.61,36.67,4.71,38.89,34.25,16.67,23.57,33.33,11.79,25.00,0.00
2567,94,ศีลรวี,เชียงดาว,กลาง,นอกเมือง,สำนักงานคณะกรรมการส่งเสริมการศึกษาเอกชน,-,72,32.64,20.68,37.08,19.96,33.56,27.14,21.53,26.12,26.39,25.98,29.51,23.69
2567,95,ฉัตรพฤกษ์วิทยา,ไชยปราการ,เล็ก,นอกเมือง,สำนักงานคณะกรรมการส่งเสริมการศึกษาเอกชน,-,28,36.31,20.92,30.71,17.71,32.14,23.11,21.43,28.12,19.64,20.44,29.46,21.19
2567,96,ชุมชนวัดศรีดงเย็น,ไชยปราการ,กลาง,นอกเมือง,สำนักงานคณะกรรมการการศึกษาขั้นพื้นฐาน,สพป.เชียงใหม่ เขต 3,25,24.00,14.20,25.60,11.69,22.67,15.55,20.00,24.49,21.00,18.28,21.00,23.11
2567,97,เทศบาล 1 ไชยปราการ,ไชยปราการ,กลาง,นอกเมือง,กรมส่งเสริมการปกครองท้องถิ่น,ท้องถิ่นจังหวัดเชียงใหม่,41,39.84,20.45,29.76,18.80,29.27,20.75,19.51,26.77,16.46,18.81,26.22,19.87
2567,98,บ้านต้นโชค,ไชยปราการ,เล็ก,นอกเมือง,สำนักงานคณะกรรมการการศึกษาขั้นพื้นฐาน,สพป.เชียงใหม่ เขต 3,33,32.32,17.86,23.33,12.47,18.69,14.07,27.27,24.90,28.79,20.52,23.48,26.07
2567,99,บ้านถ้ำตับเตา,ไชยปราการ,เล็ก,นอกเมือง,สำนักงานคณะกรรมการการศึกษาขั้นพื้นฐาน,สพป.เชียงใหม่ เขต 3,9,24.07,13.86,24.44,14.23,14.81,12.28,22.22,34.25,27.78,18.43,27.78,29.92
2567,100,บ้านปง,ไชยปราการ,เล็ก,นอกเมือง,สำนักงานคณะกรรมการการศึกษาขั้นพื้นฐาน,สพป.เชียงใหม่ เขต 3,10,30.00,10.00,37.00,22.38,35.00,15.72,20.00,24.49,20.00,18.71,27.50,13.46
2567,101,บ้านปงตำ,ไชยปราการ,เล็ก,นอกเมือง,สำนักงานคณะกรรมการการศึกษาขั้นพื้นฐาน,สพป.เชียงใหม่ เขต 3,14,33.33,17.82,28.57,12.45,28.57,23.93,35.71,39.77,30.36,25.32,25.00,23.15
2567,102,บ้านป่างิ้ว,ไชยปราการ,เล็ก,นอกเมือง,สำนักงานคณะกรรมการการศึกษาขั้นพื้นฐาน,สพป.เชียงใหม่ เขต 3,14,25.00,18.63,31.43,12.45,29.76,15.66,14.29,22.59,23.21,17.59,17.86,14.73
2567,103,บ้านผาแดง,ไชยปราการ,เล็ก,นอกเมือง,สำนักงานคณะกรรมการการศึกษาขั้นพื้นฐาน,สพป.เชียงใหม่ เขต 3,13,48.72,24.86,32.31,13.67,34.62,19.02,23.08,24.93,26.92,22.92,34.62,23.08
2567,104,บ้านแม่ขิ,ไชยปราการ,เล็ก,นอกเมือง,สำนักงานคณะกรรมการการศึกษาขั้นพื้นฐาน,สพป.เชียงใหม่ เขต 3,18,33.33,14.70,37.78,20.96,37.96,21.38,13.89,22.40,27.78,18.43,19.44,22.91
2567,105,บ้านแม่ทะลบ,ไชยปราการ,เล็ก,นอกเมือง,สำนักงานคณะกรรมการการศึกษาขั้นพื้นฐาน,สพป.เชียงใหม่ เขต 3,13,35.90,12.82,29.23,13.85,26.92,21.22,23.08,31.72,19.23,19.99,26.92,18.24
2567,106,บ้านเวียงผาพัฒนา,ไชยปราการ,เล็ก,นอกเมือง,สำนักงานคณะกรรมการการศึกษาขั้นพื้นฐาน,สพป.เชียงใหม่ เขต 3,6,33.33,13.61,30.00,11.55,16.67,13.61,33.33,37.27,29.17,9.32,20.83,17.18
2567,107,บ้านสินชัย,ไชยปราการ,กลาง,นอกเมือง,สำนักงานคณะกรรมการการศึกษาขั้นพื้นฐาน,สพป.เชียงใหม่ เขต 3,11,43.94,26.85,30.91,13.79,34.85,21.85,31.82,24.05,29.55,20.83,29.55,20.83
2567,108,บ้านห้วยต้นตอง,ไชยปราการ,เล็ก,นอกเมือง,สำนักงานคณะกรรมการการศึกษาขั้นพื้นฐาน,สพป.เชียงใหม่ เขต 3,4,20.83,7.22,25.00,8.66,8.33,8.33,0.00,0.00,18.75,10.83,25.00,17.68
2567,109,บ้านห้วยบง,ไชยปราการ,เล็ก,นอกเมือง,สำนักงานคณะกรรมการการศึกษาขั้นพื้นฐาน,สพป.เชียงใหม่ เขต 3,5,26.67,13.33,22.00,7.48,13.33,12.47,10.00,20.00,20.00,18.71,15.00,12.25
2567,110,บ้านห้วยไผ่,ไชยปราการ,เล็ก,นอกเมือง,สำนักงานคณะกรรมการการศึกษาขั้นพื้นฐาน,สพป.เชียงใหม่ เขต 3,22,18.94,20.90,26.36,12.63,21.97,12.70,15.91,27.74,22.73,21.20,22.73,19.81
2567,111,บ้านหัวฝาย,ไชยปราการ,เล็ก,นอกเมือง,สำนักงานคณะกรรมการการศึกษาขั้นพื้นฐาน,สพป.เชียงใหม่ เขต 3,10,20.00,17.95,25.00,16.28,18.33,11.67,35.00,32.02,20.00,18.71,20.00,18.71
2567,112,บ้านใหม่หนองบัว,ไชยปราการ,กลาง,นอกเมือง,สำนักงานคณะกรรมการการศึกษาขั้นพื้นฐาน,สพป.เชียงใหม่ เขต 3,89,28.84,17.98,26.85,14.35,24.53,17.33,19.10,26.51,24.16,21.02,21.35,21.05
2567,113,บ้านอ่าย,ไชยปราการ,เล็ก,นอกเมือง,สำนักงานคณะกรรมการการศึกษาขั้นพื้นฐาน,สพป.เชียงใหม่ เขต 3,16,37.50,19.09,30.00,11.73,21.87,14.09,18.75,34.80,17.19,17.04,18.75,13.98
2567,114,วัดบ้านท่า,ไชยปราการ,เล็ก,นอกเมือง,สำนักงานคณะกรรมการการศึกษาขั้นพื้นฐาน,สพป.เชียงใหม่ เขต 3,16,38.54,24.09,26.87,16.09,39.58,24.91,34.37,29.15,28.13,23.18,18.75,28.64
2567,115,วัดป่าแดง,ไชยปราการ,เล็ก,นอกเมือง,สำนักงานคณะกรรมการการศึกษาขั้นพื้นฐาน,สพป.เชียงใหม่ เขต 3,20,20.00,14.53,33.50,17.97,27.50,25.97,30.00,29.15,21.25,19.80,23.75,18.50
2567,116,วัดอรัญญวาสี,ไชยปราการ,เล็ก,นอกเมือง,สำนักงานคณะกรรมการการศึกษาขั้นพื้นฐาน,สพป.เชียงใหม่ เขต 3,6,33.33,21.52,35.00,18.93,36.11,11.45,16.67,23.57,16.67,11.79,50.00,14.43
2567,117,สันติวนา,ไชยปราการ,เล็ก,นอกเมือง,สำนักงานคณะกรรมการการศึกษาขั้นพื้นฐาน,สพป.เชียงใหม่ เขต 3,9,27.78,23.57,43.33,17.00,40.74,13.86,5.56,15.71,33.33,20.41,25.00,26.35
2567,118,เอื้อวิทยา,ไชยปราการ,กลาง,นอกเมือง,สำนักงานคณะกรรมการส่งเสริมการศึกษาเอกชน,-,36,32.41,23.55,35.83,19.20,34.72,21.65,30.56,31.79,27.08,27.87,27.08,24.56
2567,119,ชุมชนบ้านดอยเต่า,ดอยเต่า,เล็ก,นอกเมือง,สำนักงานคณะกรรมการการศึกษาขั้นพื้นฐาน,สพป.เชียงใหม่ เขต 5,7,38.10,14.68,18.57,13.55,23.81,15.06,28.57,36.42,21.43,15.97,14.29,12.37
2567,120,ชุมชนศูนย์อพยพแปลง 4,ดอยเต่า,เล็ก,นอกเมือง,สำนักงานคณะกรรมการการศึกษาขั้นพื้นฐาน,สพป.เชียงใหม่ เขต 5,13,28.21,26.46,31.54,26.56,37.18,25.45,34.62,36.08,28.85,21.59,26.92,22.92
2567,121,บ้านเกาะหลวง,ดอยเต่า,เล็ก,นอกเมือง,สำนักงานคณะกรรมการการศึกษาขั้นพื้นฐาน,สพป.เชียงใหม่ เขต 5,13,35.90,19.44,27.69,13.10,26.92,13.93,11.54,21.07,23.08,15.38,28.85,23.71
2567,122,บ้านงิ้วสูง,ดอยเต่า,เล็ก,นอกเมือง,สำนักงานคณะกรรมการการศึกษาขั้นพื้นฐาน,สพป.เชียงใหม่ เขต 5,5,33.33,18.26,26.00,10.20,20.00,16.33,10.00,20.00,35.00,20.00,30.00,10.00
2567,123,บ้านฉิมพลี,ดอยเต่า,เล็ก,นอกเมือง,สำนักงานคณะกรรมการการศึกษาขั้นพื้นฐาน,สพป.เชียงใหม่ เขต 5,7,30.95,10.65,38.57,17.26,28.57,19.34,28.57,24.74,28.57,15.97,21.43,8.75
2567,124,บ้านถิ่นสำราญ,ดอยเต่า,เล็ก,นอกเมือง,สำนักงานคณะกรรมการการศึกษาขั้นพื้นฐาน,สพป.เชียงใหม่ เขต 5,11,31.82,16.60,24.55,14.37,25.76,10.93,0.00,0.00,29.55,29.81,27.27,27.08
2567,125,บ้านโท้งวิทยา,ดอยเต่า,เล็ก,นอกเมือง,สำนักงานคณะกรรมการการศึกษาขั้นพื้นฐาน,สพป.เชียงใหม่ เขต 5,13,20.51,9.59,30.00,14.68,25.64,14.04,15.38,23.08,26.92,26.79,23.08,18.24
2567,126,บ้านน้อยห้วยรินวิทยา,ดอยเต่า,เล็ก,นอกเมือง,สำนักงานคณะกรรมการการศึกษาขั้นพื้นฐาน,สพป.เชียงใหม่ เขต 5,9,37.04,23.28,26.67,14.91,18.52,14.58,27.78,24.85,25.00,23.57,22.22,18.43
2567,127,บ้านบงตัน,ดอยเต่า,เล็ก,นอกเมือง,สำนักงานคณะกรรมการการศึกษาขั้นพื้นฐาน,สพป.เชียงใหม่ เขต 5,21,28.57,17.92,26.67,17.00,26.98,20.88,23.81,36.58,25.00,20.41,22.62,21.69
2567,128,บ้านโปง,ดอยเต่า,เล็ก,นอกเมือง,สำนักงานคณะกรรมการการศึกษาขั้นพื้นฐาน,สพป.เชียงใหม่ เขต 5,16,23.96,24.98,35.00,21.79,39.58,24.91,31.25,29.97,28.13,27.78,31.25,22.53
2567,129,บ้านโปงทุ่ง,ดอยเต่า,เล็ก,นอกเมือง,สำนักงานคณะกรรมการการศึกษาขั้นพื้นฐาน,สพป.เชียงใหม่ เขต 5,2,41.67,8.33,15.00,5.00,16.67,0.00,75.00,25.00,12.50,12.50,50.00,0.00
2567,130,บ้านผาจุก,ดอยเต่า,เล็ก,นอกเมือง,สำนักงานคณะกรรมการการศึกษาขั้นพื้นฐาน,สพป.เชียงใหม่ เขต 5,5,23.33,13.33,22.00,9.80,30.00,28.67,20.00,24.49,25.00,0.00,15.00,12.25
2567,131,บ้านแม่ตูบ,ดอยเต่า,เล็ก,นอกเมือง,สำนักงานคณะกรรมการการศึกษาขั้นพื้นฐาน,สพป.เชียงใหม่ เขต 5,13,32.05,13.81,30.77,10.71,24.36,18.04,23.08,31.72,23.08,20.71,25.00,19.61
2567,132,บ้านแม่บวน,ดอยเต่า,เล็ก,นอกเมือง,สำนักงานคณะกรรมการการศึกษาขั้นพื้นฐาน,สพป.เชียงใหม่ เขต 5,13,21.79,13.69,26.92,13.80,23.08,12.30,15.38,23.08,25.00,19.61,17.31,22.75
2567,133,บ้านไร่,ดอยเต่า,เล็ก,นอกเมือง,สำนักงานคณะกรรมการการศึกษาขั้นพื้นฐาน,สพป.เชียงใหม่ เขต 5,11,30.30,9.58,40.91,14.43,31.82,15.00,27.27,24.90,27.27,12.86,25.00,21.32
2567,134,บ้านวังหม้อ,ดอยเต่า,เล็ก,นอกเมือง,สำนักงานคณะกรรมการการศึกษาขั้นพื้นฐาน,สพป.เชียงใหม่ เขต 5,6,19.44,14.96,20.00,19.15,25.00,18.63,16.67,23.57,20.83,9.32,25.00,14.43
2567,135,บ้านวังหลวง,ดอยเต่า,เล็ก,นอกเมือง,สำนักงานคณะกรรมการการศึกษาขั้นพื้นฐาน,สพป.เชียงใหม่ เขต 5,5,36.67,12.47,20.00,6.32,30.00,19.44,20.00,40.00,30.00,29.15,35.00,25.50
2567,136,บ้านสันติสุข,ดอยเต่า,เล็ก,นอกเมือง,สำนักงานคณะกรรมการการศึกษาขั้นพื้นฐาน,สพป.เชียงใหม่ เขต 5,4,20.83,13.82,25.00,16.58,41.67,18.63,12.50,21.65,18.75,10.83,12.50,21.65
2567,137,บ้านหนองผักบุ้ง,ดอยเต่า,เล็ก,นอกเมือง,สำนักงานคณะกรรมการการศึกษาขั้นพื้นฐาน,สพป.เชียงใหม่ เขต 5,4,41.67,18.63,40.00,7.07,37.50,13.82,12.50,21.65,31.25,20.73,25.00,25.00
2567,138,บ้านแอ่นจัดสรร,ดอยเต่า,เล็ก,นอกเมือง,สำนักงานคณะกรรมการการศึกษาขั้นพื้นฐาน,สพป.เชียงใหม่ เขต 5,13,29.49,14.84,31.54,10.26,23.08,19.10,23.08,31.72,23.08,18.24,13.46,12.46
2567,139,บ้านแอ่นใหม่,ดอยเต่า,เล็ก,นอกเมือง,สำนักงานคณะกรรมการการศึกษาขั้นพื้นฐาน,สพป.เชียงใหม่ เขต 5,7,33.33,25.20,28.57,16.41,26.19,15.06,14.29,22.59,25.00,18.90,25.00,13.36
2567,140,ศูนย์อพยพแปลง 2,ดอยเต่า,เล็ก,นอกเมือง,สำนักงานคณะกรรมการการศึกษาขั้นพื้นฐาน,สพป.เชียงใหม่ เขต 5,6,19.44,11.45,21.67,10.67,25.00,8.33,33.33,37.27,20.83,9.32,12.50,12.50
2567,141,ศูนย์อพยพแปลง 5,ดอยเต่า,เล็ก,นอกเมือง,สำนักงานคณะกรรมการการศึกษาขั้นพื้นฐาน,สพป.เชียงใหม่ เขต 5,11,25.76,19.28,30.91,18.32,25.76,20.55,18.18,32.14,22.73,16.70,22.73,19.81
2567,142,ศูนย์อพยพแปลง 8,ดอยเต่า,เล็ก,นอกเมือง,สำนักงานคณะกรรมการการศึกษาขั้นพื้นฐาน,สพป.เชียงใหม่ เขต 5,6,55.56,20.79,41.67,10.67,41.67,26.79,16.67,23.57,29.17,26.68,29.17,33.59
2567,143,ชลประทานผาแตก,ดอยสะเก็ด,กลาง,นอกเมือง,สำนักงานคณะกรรมการการศึกษาขั้นพื้นฐาน,สพป.เชียงใหม่ เขต 1,62,24.73,17.90,29.68,15.13,26.34,21.28,18.55,25.77,22.58,20.92,25.81,21.05
2567,144,เทพเสด็จวิทยา,ดอยสะเก็ด,เล็ก,นอกเมือง,สำนักงานคณะกรรมการการศึกษาขั้นพื้นฐาน,สพป.เชียงใหม่ เขต 1,11,27.27,17.80,27.27,15.43,21.21,17.54,13.64,22.27,18.18,15.41,22.73,19.81
2567,145,เทศบาลตลาดใหญ่,ดอยสะเก็ด,เล็ก,นอกเมือง,กรมส่งเสริมการปกครองท้องถิ่น,ท้องถิ่นจังหวัดเชียงใหม่,4,37.50,7.22,40.00,14.14,4.17,7.22,12.50,21.65,31.25,20.73,56.25,10.83
2567,146,บริรักศึกษาเชียงใหม่,ดอยสะเก็ด,เล็ก,นอกเมือง,สำนักงานคณะกรรมการส่งเสริมการศึกษาเอกชน,-,22,34.09,19.77,44.55,20.83,40.91,22.88,27.27,29.11,23.86,19.18,32.95,21.83
2567,147,บ้านเชิงดอย(ดอยสะเก็ดศึกษา),ดอยสะเก็ด,ใหญ่,นอกเมือง,สำนักงานคณะกรรมการการศึกษาขั้นพื้นฐาน,สพป.เชียงใหม่ เขต 1,98,35.20,23.07,35.20,21.01,36.22,23.09,23.98,32.91,30.36,26.55,29.59,26.33
2567,148,บ้านตลาดขี้เหล็ก,ดอยสะเก็ด,เล็ก,นอกเมือง,สำนักงานคณะกรรมการการศึกษาขั้นพื้นฐาน,สพป.เชียงใหม่ เขต 1,5,30.00,12.47,24.00,8.00,30.00,12.47,0.00,0.00,10.00,12.25,15.00,20.00
2567,149,บ้านบ่อหิน,ดอยสะเก็ด,เล็ก,นอกเมือง,สำนักงานคณะกรรมการการศึกษาขั้นพื้นฐาน,สพป.เชียงใหม่ เขต 1,17,29.41,16.70,26.47,16.43,18.63,16.05,20.59,29.99,20.59,19.62,25.00,24.25
2567,150,บ้านป่าขุย,ดอยสะเก็ด,เล็ก,นอกเมือง,สำนักงานคณะกรรมการการศึกษาขั้นพื้นฐาน,สพป.เชียงใหม่ เขต 1,4,20.83,18.16,45.00,18.03,45.83,24.65,25.00,25.00,18.75,20.73,50.00,30.62
2567,151,บ้านปางแดง,ดอยสะเก็ด,เล็ก,นอกเมือง,สำนักงานคณะกรรมการการศึกษาขั้นพื้นฐาน,สพป.เชียงใหม่ เขต 1,5,33.33,10.54,14.00,13.56,23.33,13.33,0.00,0.00,45.00,18.71,20.00,18.71
2567,152,บ้านปางน้ำถุ,ดอยสะเก็ด,เล็ก,นอกเมือง,สำนักงานคณะกรรมการการศึกษาขั้นพื้นฐาน,สพป.เชียงใหม่ เขต 1,2,33.33,33.33,45.00,25.00,16.67,0.00,0.00,0.00,12.50,12.50,12.50,12.50
2567,153,บ้านป่างิ้ว,ดอยสะเก็ด,เล็ก,นอกเมือง,สำนักงานคณะกรรมการการศึกษาขั้นพื้นฐาน,สพป.เชียงใหม่ เขต 1,10,28.33,16.75,26.00,9.17,16.67,10.54,35.00,39.05,22.50,23.58,15.00,16.58
2567,154,บ้านป่าป้อง,ดอยสะเก็ด,เล็ก,นอกเมือง,สำนักงานคณะกรรมการการศึกษาขั้นพื้นฐาน,สพป.เชียงใหม่ เขต 1,4,16.67,11.79,15.00,11.18,20.83,7.22,12.50,21.65,25.00,17.68,31.25,20.73
2567,155,บ้านป่าไม้แดง,ดอยสะเก็ด,กลาง,นอกเมือง,สำนักงานคณะกรรมการการศึกษาขั้นพื้นฐาน,สพป.เชียงใหม่ เขต 1,12,20.83,16.84,26.67,10.27,34.72,15.90,8.33,18.63,29.17,19.98,12.50,12.50
2567,156,บ้านป่าเสร้า,ดอยสะเก็ด,กลาง,นอกเมือง,สำนักงานคณะกรรมการการศึกษาขั้นพื้นฐาน,สพป.เชียงใหม่ เขต 1,20,26.67,16.16,34.00,16.25,25.83,20.05,20.00,29.15,20.00,21.79,33.75,24.08
2567,157,บ้านป่าเหมือด,ดอยสะเก็ด,เล็ก,นอกเมือง,สำนักงานคณะกรรมการการศึกษาขั้นพื้นฐาน,สพป.เชียงใหม่ เขต 1,32,29.17,18.63,37.50,19.20,35.42,18.04,12.50,21.65,35.94,24.16,32.03,22.74
2567,158,บ้านโป่งกุ่ม,ดอยสะเก็ด,เล็ก,นอกเมือง,สำนักงานคณะกรรมการการศึกษาขั้นพื้นฐาน,สพป.เชียงใหม่ เขต 1,3,22.22,7.86,33.33,4.71,16.67,0.00,0.00,0.00,8.33,11.79,8.33,11.79
2567,159,บ้านแม่ดอกแดง,ดอยสะเก็ด,เล็ก,นอกเมือง,สำนักงานคณะกรรมการการศึกษาขั้นพื้นฐาน,สพป.เชียงใหม่ เขต 1,19,25.44,21.88,30.00,15.89,24.56,17.41,26.32,29.77,31.58,21.22,15.79,16.64
2567,160,บ้านแม่หวาน,ดอยสะเก็ด,เล็ก,นอกเมือง,สำนักงานคณะกรรมการการศึกษาขั้นพื้นฐาน,สพป.เชียงใหม่ เขต 1,7,33.33,12.60,20.00,11.95,21.43,11.66,21.43,36.42,21.43,24.74,35.71,26.24
2567,161,บ้านแม่ฮ้อยเงิน,ดอยสะเก็ด,เล็ก,นอกเมือง,สำนักงานคณะกรรมการการศึกษาขั้นพื้นฐาน,สพป.เชียงใหม่ เขต 1,10,25.00,17.08,29.00,16.40,23.33,13.33,10.00,20.00,20.00,15.00,17.50,19.53
2567,162,บ้านร้องขี้เหล็ก,ดอยสะเก็ด,เล็ก,นอกเมือง,สำนักงานคณะกรรมการการศึกษาขั้นพื้นฐาน,สพป.เชียงใหม่ เขต 1,11,25.76,14.85,28.18,11.13,25.76,13.03,18.18,24.05,20.45,17.90,20.45,17.90
2567,163,บ้านลวงเหนือ,ดอยสะเก็ด,เล็ก,นอกเมือง,สำนักงานคณะกรรมการการศึกษาขั้นพื้นฐาน,สพป.เชียงใหม่ เขต 1,12,23.61,26.75,43.33,20.14,34.72,10.67,16.67,23.57,35.42,21.55,37.50,31.46
2567,164,เพื่อชีวิตเชียงใหม่,ดอยสะเก็ด,เล็ก,นอกเมือง,สำนักงานคณะกรรมการส่งเสริมการศึกษาเอกชน,-,17,31.37,21.30,30.00,15.72,26.47,15.19,11.76,21.21,26.47,24.96,20.59,15.42
2567,165,แม่คือวิทยา,ดอยสะเก็ด,กลาง,นอกเมือง,สำนักงานคณะกรรมการการศึกษาขั้นพื้นฐาน,สพป.เชียงใหม่ เขต 1,25,24.67,18.33,29.20,17.65,29.33,23.70,20.00,28.28,21.00,22.00,27.00,22.27
2567,166,แม่โป่งประชาสามัคคี,ดอยสะเก็ด,เล็ก,นอกเมือง,สำนักงานคณะกรรมการการศึกษาขั้นพื้นฐาน,สพป.เชียงใหม่ เขต 1,18,32.41,16.17,30.00,13.74,21.30,13.39,22.22,29.92,25.00,16.67,16.67,20.41
2567,167,ไมตรีจิตคริสเตียนเชียงใหม่,ดอยสะเก็ด,กลาง,นอกเมือง,สำนักงานคณะกรรมการส่งเสริมการศึกษาเอกชน,-,22,28.79,17.54,32.27,17.30,32.58,18.45,20.45,28.84,23.86,20.61,20.45,24.58
2567,168,กรป.กลางอุปถัมภ์,ดอยหล่อ,เล็ก,นอกเมือง,สำนักงานคณะกรรมการการศึกษาขั้นพื้นฐาน,สพป.เชียงใหม่ เขต 4,11,30.30,19.87,19.09,14.43,13.64,9.58,31.82,32.14,22.73,19.81,15.91,19.28
2567,169,ดอยหล่อวิทยา,ดอยหล่อ,เล็ก,นอกเมือง,กรมส่งเสริมการปกครองท้องถิ่น,ท้องถิ่นจังหวัดเชียงใหม่,6,38.89,24.85,36.67,15.99,41.67,25.00,25.00,25.00,37.50,23.94,41.67,31.18
2567,170,เทศบาลตำบลวัดสองแคว,ดอยหล่อ,เล็ก,นอกเมือง,กรมส่งเสริมการปกครองท้องถิ่น,ท้องถิ่นจังหวัดเชียงใหม่,6,33.33,13.61,16.67,7.45,33.33,28.87,0.00,0.00,20.83,17.18,20.83,17.18
2567,171,บ้านดงป่าหวาย,ดอยหล่อ,เล็ก,นอกเมือง,สำนักงานคณะกรรมการการศึกษาขั้นพื้นฐาน,สพป.เชียงใหม่ เขต 4,9,25.93,17.76,27.78,14.74,14.81,12.28,22.22,24.85,27.78,21.87,22.22,14.16
2567,172,บ้านสามหลัง,ดอยหล่อ,เล็ก,นอกเมือง,สำนักงานคณะกรรมการการศึกษาขั้นพื้นฐาน,สพป.เชียงใหม่ เขต 4,9,37.04,26.96,31.11,26.43,40.74,28.45,27.78,41.57,25.00,23.57,25.00,20.41
2567,173,บ้านห้วยน้ำขาว,ดอยหล่อ,เล็ก,นอกเมือง,สำนักงานคณะกรรมการการศึกษาขั้นพื้นฐาน,สพป.เชียงใหม่ เขต 4,12,37.50,21.65,36.67,22.48,45.83,28.97,20.83,24.65,29.17,22.44,29.17,26.68
2567,174,บ้านหัวข่วง,ดอยหล่อ,เล็ก,นอกเมือง,สำนักงานคณะกรรมการการศึกษาขั้นพื้นฐาน,สพป.เชียงใหม่ เขต 4,4,45.83,18.16,45.00,11.18,25.00,18.63,0.00,0.00,37.50,12.50,25.00,17.68
2567,175,บ้านเหล่าเป้า,ดอยหล่อ,เล็ก,นอกเมือง,สำนักงานคณะกรรมการการศึกษาขั้นพื้นฐาน,สพป.เชียงใหม่ เขต 4,11,37.88,20.21,31.82,9.36,25.76,22.88,13.64,22.27,20.45,17.90,22.73,19.81
2567,176,บ้านใหม่หนองหอย,ดอยหล่อ,เล็ก,นอกเมือง,สำนักงานคณะกรรมการการศึกษาขั้นพื้นฐาน,สพป.เชียงใหม่ เขต 4,19,24.56,13.65,23.16,12.16,20.18,11.57,23.68,29.77,30.26,22.33,18.42,17.85
2567,177,วัดดอนชื่น,ดอยหล่อ,เล็ก,นอกเมือง,สำนักงานคณะกรรมการการศึกษาขั้นพื้นฐาน,สพป.เชียงใหม่ เขต 4,7,33.33,12.60,41.43,23.56,30.95,24.28,21.43,24.74,50.00,29.88,21.43,15.97
2567,178,วัดวังขามป้อม,ดอยหล่อ,เล็ก,นอกเมือง,สำนักงานคณะกรรมการการศึกษาขั้นพื้นฐาน,สพป.เชียงใหม่ เขต 4,6,16.67,19.25,20.00,8.16,33.33,13.61,8.33,18.63,12.50,12.50,29.17,9.32
2567,179,วัดศรีดอนชัย,ดอยหล่อ,เล็ก,นอกเมือง,สำนักงานคณะกรรมการการศึกษาขั้นพื้นฐาน,สพป.เชียงใหม่ เขต 4,7,38.10,17.17,37.14,17.50,38.10,11.66,21.43,24.74,28.57,20.82,32.14,22.02
2567,180,วัดหนองหลั้ว,ดอยหล่อ,เล็ก,นอกเมือง,สำนักงานคณะกรรมการการศึกษาขั้นพื้นฐาน,สพป.เชียงใหม่ เขต 4,6,30.56,20.22,16.67,14.91,36.11,11.45,16.67,23.57,41.67,27.64,20.83,17.18
2567,181,เจ้าแม่หลวงอุปถัมภ์ 1,ฝาง,กลาง,นอกเมือง,สำนักงานคณะกรรมการการศึกษาขั้นพื้นฐาน,สพป.เชียงใหม่ เขต 3,29,25.86,18.87,26.90,12.89,23.56,16.09,18.97,24.26,29.31,20.83,25.00,21.77
2567,182,ฉือจี้เชียงใหม่,ฝาง,กลาง,นอกเมือง,สำนักงานคณะกรรมการส่งเสริมการศึกษาเอกชน,-,103,35.60,24.36,35.73,20.60,41.91,23.90,26.70,32.54,32.04,27.52,36.65,29.93
2567,183,ชุมชนบ้านแม่สูนหลวง,ฝาง,เล็ก,นอกเมือง,สำนักงานคณะกรรมการการศึกษาขั้นพื้นฐาน,สพป.เชียงใหม่ เขต 3,4,25.00,14.43,37.50,10.90,20.83,13.82,0.00,0.00,18.75,20.73,25.00,25.00
2567,184,เทพศิรินทร์๙โครงการหลวงในพระบรมราชูปถัมภ์,ฝาง,เล็ก,นอกเมือง,สำนักงานคณะกรรมการการศึกษาขั้นพื้นฐาน,สพป.เชียงใหม่ เขต 3,11,37.88,18.92,45.45,25.71,37.88,25.71,40.91,19.28,25.00,21.32,40.91,19.28
2567,185,เทศบาลเวียงฝาง,ฝาง,กลาง,นอกเมือง,กรมส่งเสริมการปกครองท้องถิ่น,ท้องถิ่นจังหวัดเชียงใหม่,32,26.56,16.59,29.69,15.91,27.08,16.54,17.19,26.84,21.09,18.86,18.75,20.73
2567,186,บ้านขอบด้ง,ฝาง,กลาง,นอกเมือง,สำนักงานคณะกรรมการการศึกษาขั้นพื้นฐาน,สพป.เชียงใหม่ เขต 3,23,32.61,21.13,33.91,19.72,32.61,19.34,26.09,29.00,28.26,23.66,21.74,23.66
2567,187,บ้านดงป่าลัน,ฝาง,เล็ก,นอกเมือง,สำนักงานคณะกรรมการการศึกษาขั้นพื้นฐาน,สพป.เชียงใหม่ เขต 3,13,24.36,15.49,26.92,13.23,51.28,21.14,38.46,39.97,32.69,26.65,21.15,23.71
2567,188,บ้านเด่นใหม่,ฝาง,เล็ก,นอกเมือง,สำนักงานคณะกรรมการการศึกษาขั้นพื้นฐาน,สพป.เชียงใหม่ เขต 3,9,29.63,10.48,24.44,10.66,35.19,19.95,22.22,34.25,38.89,23.90,33.33,16.67
2567,189,บ้านต้นผึ้ง,ฝาง,เล็ก,นอกเมือง,สำนักงานคณะกรรมการการศึกษาขั้นพื้นฐาน,สพป.เชียงใหม่ เขต 3,9,35.19,14.58,28.89,11.97,38.89,15.71,5.56,15.71,19.44,22.91,11.11,12.42
2567,190,บ้านต้นส้าน,ฝาง,เล็ก,นอกเมือง,สำนักงานคณะกรรมการการศึกษาขั้นพื้นฐาน,สพป.เชียงใหม่ เขต 3,3,22.22,20.79,43.33,23.57,22.22,7.86,16.67,23.57,25.00,35.36,8.33,11.79
2567,191,บ้านทุ่งหลุก,ฝาง,เล็ก,นอกเมือง,สำนักงานคณะกรรมการการศึกษาขั้นพื้นฐาน,สพป.เชียงใหม่ เขต 3,5,40.00,17.00,46.00,17.44,46.67,32.32,30.00,40.00,30.00,10.00,35.00,25.50
2567,192,บ้านปางปอย,ฝาง,กลาง,นอกเมือง,สำนักงานคณะกรรมการการศึกษาขั้นพื้นฐาน,สพป.เชียงใหม่ เขต 3,22,19.70,16.39,26.82,14.27,25.00,13.06,15.91,27.74,21.59,18.91,18.18,17.16
2567,193,บ้านปางสัก,ฝาง,เล็ก,นอกเมือง,สำนักงานคณะกรรมการการศึกษาขั้นพื้นฐาน,สพป.เชียงใหม่ เขต 3,11,31.82,16.60,19.09,11.64,24.24,17.93,9.09,19.28,11.36,16.39,13.64,19.55
2567,194,บ้านป่าบง,ฝาง,เล็ก,นอกเมือง,สำนักงานคณะกรรมการการศึกษาขั้นพื้นฐาน,สพป.เชียงใหม่ เขต 3,8,20.83,13.82,26.25,13.17,25.00,14.43,18.75,24.21,28.13,19.52,18.75,20.73
2567,195,บ้านโป่งถืบ,ฝาง,กลาง,นอกเมือง,สำนักงานคณะกรรมการการศึกษาขั้นพื้นฐาน,สพป.เชียงใหม่ เขต 3,7,35.71,18.75,34.29,20.60,26.19,12.14,28.57,24.74,17.86,17.50,14.29,18.21
2567,196,บ้านโป่งนก,ฝาง,กลาง,นอกเมือง,สำนักงานคณะกรรมการการศึกษาขั้นพื้นฐาน,สพป.เชียงใหม่ เขต 3,15,27.78,16.85,33.33,15.35,24.44,20.06,20.00,24.49,36.67,22.11,23.33,14.34
2567,197,บ้านโป่งน้ำร้อน,ฝาง,เล็ก,นอกเมือง,สำนักงานคณะกรรมการการศึกษาขั้นพื้นฐาน,สพป.เชียงใหม่ เขต 3,9,27.78,19.25,26.67,13.33,20.37,17.17,16.67,23.57,36.11,12.42,19.44,22.91
2567,198,บ้านม่วงชุม,ฝาง,กลาง,นอกเมือง,สำนักงานคณะกรรมการการศึกษาขั้นพื้นฐาน,สพป.เชียงใหม่ เขต 3,37,27.48,16.54,26.76,16.93,24.77,18.02,20.27,27.16,27.03,22.04,20.95,22.89
2567,199,บ้านม่อนปิ่น,ฝาง,กลาง,นอกเมือง,สำนักงานคณะกรรมการการศึกษาขั้นพื้นฐาน,สพป.เชียงใหม่ เขต 3,19,33.33,13.25,25.79,14.26,21.05,16.96,23.68,29.77,17.11,18.23,23.68,17.16
2567,200,บ้านแม่ข่า,ฝาง,กลาง,นอกเมือง,สำนักงานคณะกรรมการการศึกษาขั้นพื้นฐาน,สพป.เชียงใหม่ เขต 3,25,40.00,22.61,38.00,18.97,51.33,29.41,40.00,31.62,33.00,31.40,33.00,32.19
2567,201,บ้านแม่คะ,ฝาง,กลาง,นอกเมือง,สำนักงานคณะกรรมการการศึกษาขั้นพื้นฐาน,สพป.เชียงใหม่ เขต 3,9,29.63,13.09,34.44,8.31,31.48,19.95,16.67,23.57,19.44,15.71,16.67,16.67
2567,202,บ้านแม่งอนกลาง,ฝาง,เล็ก,นอกเมือง,สำนักงานคณะกรรมการการศึกษาขั้นพื้นฐาน,สพป.เชียงใหม่ เขต 3,5,33.33,23.57,44.00,8.00,23.33,13.33,30.00,24.49,50.00,15.81,30.00,18.71
2567,203,บ้านแม่งอนขี้เหล็ก,ฝาง,กลาง,นอกเมือง,กรมส่งเสริมการปกครองท้องถิ่น,ท้องถิ่นจังหวัดเชียงใหม่,23,28.26,15.88,28.70,16.76,23.19,16.84,17.39,28.01,25.00,20.85,19.57,20.79
2567,204,บ้านแม่ใจ,ฝาง,เล็ก,นอกเมือง,สำนักงานคณะกรรมการการศึกษาขั้นพื้นฐาน,สพป.เชียงใหม่ เขต 3,3,22.22,7.86,23.33,4.71,11.11,7.86,50.00,0.00,25.00,0.00,33.33,11.79
2567,205,บ้านแม่สูนน้อย,ฝาง,เล็ก,นอกเมือง,สำนักงานคณะกรรมการการศึกษาขั้นพื้นฐาน,สพป.เชียงใหม่ เขต 3,11,31.82,16.60,31.82,15.85,31.82,19.40,22.73,24.90,29.55,17.90,38.64,16.39
2567,206,บ้านยาง,ฝาง,เล็ก,นอกเมือง,สำนักงานคณะกรรมการการศึกษาขั้นพื้นฐาน,สพป.เชียงใหม่ เขต 3,11,28.79,18.92,24.55,13.73,21.21,14.37,40.91,35.79,13.64,19.55,27.27,19.81
2567,207,บ้านล้องอ้อ,ฝาง,เล็ก,นอกเมือง,กรมส่งเสริมการปกครองท้องถิ่น,ท้องถิ่นจังหวัดเชียงใหม่,25,25.33,17.07,25.20,10.63,28.67,17.33,22.00,28.57,29.00,19.60,21.00,15.30
2567,208,บ้านลาน,ฝาง,กลาง,นอกเมือง,สำนักงานคณะกรรมการการศึกษาขั้นพื้นฐาน,สพป.เชียงใหม่ เขต 3,9,33.33,11.11,17.78,13.15,29.63,13.09,22.22,24.85,19.44,15.71,16.67,20.41
2567,209,บ้านเวียงฝาง,ฝาง,ใหญ่,นอกเมือง,สำนักงานคณะกรรมการการศึกษาขั้นพื้นฐาน,สพป.เชียงใหม่ เขต 3,130,30.26,18.23,27.54,16.18,23.85,18.37,17.31,25.35,21.73,20.89,23.27,23.45
2567,210,บ้านเวียงหวาย,ฝาง,กลาง,นอกเมือง,สำนักงานคณะกรรมการการศึกษาขั้นพื้นฐาน,สพป.เชียงใหม่ เขต 3,11,36.36,15.60,30.91,13.11,36.36,18.56,9.09,19.28,40.91,22.03,18.18,24.05
2567,211,บ้านศรีดอนชัย,ฝาง,เล็ก,นอกเมือง,สำนักงานคณะกรรมการการศึกษาขั้นพื้นฐาน,สพป.เชียงใหม่ เขต 3,2,8.33,8.33,20.00,10.00,16.67,16.67,50.00,0.00,12.50,12.50,37.50,12.50
2567,212,บ้านสันต้นดู่,ฝาง,เล็ก,นอกเมือง,สำนักงานคณะกรรมการการศึกษาขั้นพื้นฐาน,สพป.เชียงใหม่ เขต 3,5,26.67,8.16,38.00,19.39,30.00,19.44,30.00,24.49,20.00,18.71,50.00,22.36
2567,213,บ้านสันต้นเปา,ฝาง,เล็ก,นอกเมือง,สำนักงานคณะกรรมการการศึกษาขั้นพื้นฐาน,สพป.เชียงใหม่ เขต 3,2,33.33,0.00,45.00,35.00,75.00,8.33,50.00,0.00,62.50,12.50,37.50,12.50
2567,214,บ้านสันทราย,ฝาง,เล็ก,นอกเมือง,สำนักงานคณะกรรมการการศึกษาขั้นพื้นฐาน,สพป.เชียงใหม่ เขต 3,7,19.05,16.50,34.29,18.41,28.57,19.34,7.14,17.50,28.57,24.74,10.71,18.21
2567,215,บ้านสันทรายคองน้อย,ฝาง,กลาง,นอกเมือง,สำนักงานคณะกรรมการการศึกษาขั้นพื้นฐาน,สพป.เชียงใหม่ เขต 3,7,38.10,14.68,28.57,9.90,30.95,16.50,21.43,24.74,35.71,26.24,28.57,24.74
2567,216,บ้านสันป่าแดง,ฝาง,เล็ก,นอกเมือง,สำนักงานคณะกรรมการการศึกษาขั้นพื้นฐาน,สพป.เชียงใหม่ เขต 3,6,16.67,13.61,33.33,13.74,41.67,25.00,8.33,18.63,33.33,11.79,25.00,20.41
2567,217,บ้านสันม่วง,ฝาง,เล็ก,นอกเมือง,สำนักงานคณะกรรมการการศึกษาขั้นพื้นฐาน,สพป.เชียงใหม่ เขต 3,8,37.50,19.98,30.00,18.71,70.83,21.65,50.00,35.36,34.38,30.46,40.63,32.92
2567,218,บ้านหนองขวาง,ฝาง,เล็ก,นอกเมือง,สำนักงานคณะกรรมการการศึกษาขั้นพื้นฐาน,สพป.เชียงใหม่ เขต 3,5,30.00,12.47,24.00,8.00,20.00,19.44,30.00,40.00,15.00,20.00,35.00,12.25
2567,219,บ้านหนองยาว,ฝาง,เล็ก,นอกเมือง,สำนักงานคณะกรรมการการศึกษาขั้นพื้นฐาน,สพป.เชียงใหม่ เขต 3,16,31.25,18.52,31.25,16.54,23.96,20.39,6.25,16.54,26.56,18.68,20.31,18.15
2567,220,บ้านหลวง,ฝาง,กลาง,นอกเมือง,สำนักงานคณะกรรมการการศึกษาขั้นพื้นฐาน,สพป.เชียงใหม่ เขต 3,35,29.52,14.95,30.57,13.08,21.43,15.72,25.71,36.59,29.29,19.35,28.57,24.01
2567,221,บ้านหล่ายฝาง,ฝาง,เล็ก,นอกเมือง,กรมส่งเสริมการปกครองท้องถิ่น,ท้องถิ่นจังหวัดเชียงใหม่,33,23.74,15.37,21.82,14.24,23.74,16.43,25.76,30.45,22.73,24.12,22.73,18.83
2567,222,บ้านห้วยไคร้,ฝาง,เล็ก,นอกเมือง,สำนักงานคณะกรรมการการศึกษาขั้นพื้นฐาน,สพป.เชียงใหม่ เขต 3,28,23.81,15.70,23.93,14.48,21.43,17.74,17.86,30.51,33.04,17.75,24.11,25.43
2567,223,บ้านห้วยงูกลาง,ฝาง,เล็ก,นอกเมือง,สำนักงานคณะกรรมการการศึกษาขั้นพื้นฐาน,สพป.เชียงใหม่ เขต 3,15,32.22,11.33,32.00,17.20,25.56,18.12,20.00,30.55,23.33,21.34,26.67,19.29
2567,224,บ้านห้วยบอน,ฝาง,เล็ก,นอกเมือง,สำนักงานคณะกรรมการการศึกษาขั้นพื้นฐาน,สพป.เชียงใหม่ เขต 3,8,25.00,20.41,17.50,6.61,33.33,22.05,43.75,16.54,18.75,24.21,34.38,24.80
2567,225,บ้านห้วยหมากเลี่ยม,ฝาง,กลาง,นอกเมือง,สำนักงานคณะกรรมการการศึกษาขั้นพื้นฐาน,สพป.เชียงใหม่ เขต 3,34,31.37,17.51,28.24,17.06,27.94,17.02,14.71,22.78,25.74,25.35,16.91,21.63
2567,226,บ้านห้วยห้อม,ฝาง,เล็ก,นอกเมือง,สำนักงานคณะกรรมการการศึกษาขั้นพื้นฐาน,สพป.เชียงใหม่ เขต 3,8,29.17,19.98,25.00,7.07,18.75,15.45,12.50,21.65,28.13,26.33,3.13,8.27
2567,227,บ้านห้วยเฮี่ยน,ฝาง,เล็ก,นอกเมือง,สำนักงานคณะกรรมการการศึกษาขั้นพื้นฐาน,สพป.เชียงใหม่ เขต 3,18,22.22,18.43,27.22,8.03,28.70,14.49,13.89,22.40,18.06,18.27,23.61,22.78
2567,228,บ้านหัวนา,ฝาง,เล็ก,นอกเมือง,สำนักงานคณะกรรมการการศึกษาขั้นพื้นฐาน,สพป.เชียงใหม่ เขต 3,15,30.00,18.46,26.67,15.35,25.56,17.07,16.67,23.57,25.00,22.36,26.67,23.21
2567,229,บ้านหัวฝาย,ฝาง,เล็ก,นอกเมือง,สำนักงานคณะกรรมการการศึกษาขั้นพื้นฐาน,สพป.เชียงใหม่ เขต 3,11,22.73,12.86,28.18,18.00,22.73,16.32,18.18,24.05,27.27,22.50,27.27,19.81
2567,230,บ้านเหมืองแร่,ฝาง,กลาง,นอกเมือง,สำนักงานคณะกรรมการการศึกษาขั้นพื้นฐาน,สพป.เชียงใหม่ เขต 3,19,27.19,21.77,23.68,17.83,26.32,17.37,23.68,29.77,21.05,23.32,19.74,20.80
2567,231,รังษีวิทยา,ฝาง,ใหญ่พิเศษ,นอกเมือง,สำนักงานคณะกรรมการส่งเสริมการศึกษาเอกชน,-,170,44.02,25.54,44.29,22.51,46.76,27.85,32.94,35.19,33.38,27.65,41.03,30.51
2567,232,รัตนาเอื้อวิทยา,ฝาง,ใหญ่,นอกเมือง,สำนักงานคณะกรรมการส่งเสริมการศึกษาเอกชน,-,71,42.25,24.36,39.01,20.22,39.44,25.83,22.54,28.81,27.46,25.58,41.90,29.00
2567,233,วัดนันทาราม,ฝาง,กลาง,นอกเมือง,สำนักงานคณะกรรมการการศึกษาขั้นพื้นฐาน,สพป.เชียงใหม่ เขต 3,5,20.00,19.44,30.00,12.65,23.33,8.16,20.00,24.49,15.00,12.25,20.00,10.00
2567,234,วัดศรีบุญเรือง,ฝาง,เล็ก,นอกเมือง,สำนักงานคณะกรรมการการศึกษาขั้นพื้นฐาน,สพป.เชียงใหม่ เขต 3,13,38.46,26.46,23.85,14.96,26.92,19.10,11.54,21.07,15.38,15.62,15.38,18.45
2567,235,วิรุณเทพ,ฝาง,เล็ก,นอกเมือง,สำนักงานคณะกรรมการการศึกษาขั้นพื้นฐาน,สพป.เชียงใหม่ เขต 3,8,31.25,19.43,43.75,14.95,25.00,18.63,0.00,0.00,40.63,21.42,31.25,20.73
2567,236,สายอักษร,ฝาง,กลาง,นอกเมือง,สำนักงานคณะกรรมการส่งเสริมการศึกษาเอกชน,-,57,41.81,22.10,38.60,23.50,42.98,23.35,20.18,29.41,24.56,19.02,35.09,28.81
2567,237,อาโอยาม่า,ฝาง,เล็ก,นอกเมือง,กองบัญชาการตำรวจตระเวนชายแดน,-,12,18.06,12.65,28.33,13.44,11.11,10.39,25.00,25.00,25.00,14.43,20.83,17.18
2567,238,เจ้าพ่อหลวงอุปถัมภ์ 2,พร้าว,เล็ก,นอกเมือง,กองบัญชาการตำรวจตระเวนชายแดน,-,12,37.50,20.55,27.50,17.85,30.56,24.37,29.17,37.96,27.08,16.00,25.00,20.41
2567,239,ชุมชนบ้านโป่ง,พร้าว,เล็ก,นอกเมือง,สำนักงานคณะกรรมการการศึกษาขั้นพื้นฐาน,สพป.เชียงใหม่ เขต 2,10,25.00,15.37,32.00,16.00,8.33,11.18,25.00,25.00,20.00,18.71,12.50,12.50
2567,240,ชุมชนสหกรณ์นิคมวิทยา,พร้าว,เล็ก,นอกเมือง,สำนักงานคณะกรรมการการศึกษาขั้นพื้นฐาน,สพป.เชียงใหม่ เขต 2,17,29.41,18.55,24.71,12.42,22.55,13.93,23.53,24.96,27.94,18.95,23.53,23.44
2567,241,บ้านขุนแจ๋,พร้าว,เล็ก,นอกเมือง,สำนักงานคณะกรรมการการศึกษาขั้นพื้นฐาน,สพป.เชียงใหม่ เขต 2,5,30.00,6.67,36.00,24.98,30.00,22.11,40.00,37.42,40.00,12.25,5.00,10.00
2567,242,บ้านแจ่งกู่เรือง,พร้าว,กลาง,นอกเมือง,สำนักงานคณะกรรมการการศึกษาขั้นพื้นฐาน,สพป.เชียงใหม่ เขต 2,123,45.39,25.62,44.23,22.20,46.75,26.77,23.17,31.42,42.28,28.36,34.15,29.61
2567,243,บ้านต้นรุง,พร้าว,เล็ก,นอกเมือง,สำนักงานคณะกรรมการการศึกษาขั้นพื้นฐาน,สพป.เชียงใหม่ เขต 2,11,33.33,15.89,34.55,16.16,33.33,15.89,9.09,19.28,27.27,24.90,22.73,27.08
2567,244,บ้านท่ามะเกี๋ยง,พร้าว,เล็ก,นอกเมือง,สำนักงานคณะกรรมการการศึกษาขั้นพื้นฐาน,สพป.เชียงใหม่ เขต 2,2,41.67,25.00,25.00,15.00,25.00,8.33,25.00,25.00,37.50,12.50,0.00,0.00
2567,245,บ้านนาบุญโหล่งขอด,พร้าว,เล็ก,นอกเมือง,สำนักงานคณะกรรมการการศึกษาขั้นพื้นฐาน,สพป.เชียงใหม่ เขต 2,12,30.56,16.43,28.33,10.67,36.11,19.04,16.67,23.57,18.75,14.88,16.67,27.64
2567,246,บ้านป่าตุ้ม,พร้าว,กลาง,นอกเมือง,สำนักงานคณะกรรมการการศึกษาขั้นพื้นฐาน,สพป.เชียงใหม่ เขต 2,8,27.08,11.60,26.25,11.11,31.25,15.45,31.25,34.80,28.13,19.52,18.75,27.24
2567,247,บ้านป่าไหน่,พร้าว,เล็ก,นอกเมือง,สำนักงานคณะกรรมการการศึกษาขั้นพื้นฐาน,สพป.เชียงใหม่ เขต 2,5,16.67,0.00,24.00,10.20,16.67,14.91,30.00,40.00,20.00,18.71,35.00,20.00
2567,248,บ้านแม่ปั๋ง,พร้าว,เล็ก,นอกเมือง,สำนักงานคณะกรรมการการศึกษาขั้นพื้นฐาน,สพป.เชียงใหม่ เขต 2,29,29.89,22.48,33.79,18.08,18.39,17.15,20.69,30.84,15.52,16.63,20.69,19.77
2567,249,บ้านแม่ปาคี,พร้าว,เล็ก,นอกเมือง,สำนักงานคณะกรรมการการศึกษาขั้นพื้นฐาน,สพป.เชียงใหม่ เขต 2,15,17.78,14.23,28.67,12.58,21.11,18.72,30.00,24.49,28.33,22.11,23.33,23.21
2567,250,บ้านแม่เหียะ,พร้าว,เล็ก,นอกเมือง,สำนักงานคณะกรรมการการศึกษาขั้นพื้นฐาน,สพป.เชียงใหม่ เขต 2,12,22.22,15.71,29.17,13.20,37.50,19.39,20.83,24.65,27.08,23.84,25.00,22.82
2567,251,บ้านสันกลาง,พร้าว,เล็ก,นอกเมือง,สำนักงานคณะกรรมการการศึกษาขั้นพื้นฐาน,สพป.เชียงใหม่ เขต 2,7,47.62,10.65,34.29,17.61,35.71,30.12,35.71,22.59,21.43,28.12,21.43,15.97
2567,252,บ้านสันปง,พร้าว,เล็ก,นอกเมือง,สำนักงานคณะกรรมการการศึกษาขั้นพื้นฐาน,สพป.เชียงใหม่ เขต 2,11,28.79,18.92,27.27,11.35,27.27,19.17,36.36,37.48,22.73,27.08,18.18,11.13
2567,253,บ้านหนองปิด,พร้าว,เล็ก,นอกเมือง,สำนักงานคณะกรรมการการศึกษาขั้นพื้นฐาน,สพป.เชียงใหม่ เขต 2,6,25.00,20.97,25.00,7.64,19.44,11.45,25.00,38.19,20.83,17.18,37.50,19.09
2567,254,บ้านหลวง,พร้าว,เล็ก,นอกเมือง,สำนักงานคณะกรรมการการศึกษาขั้นพื้นฐาน,สพป.เชียงใหม่ เขต 2,6,30.56,17.79,28.33,16.75,38.89,20.79,25.00,25.00,16.67,18.63,20.83,17.18
2567,255,บ้านห้วยบง,พร้าว,เล็ก,นอกเมือง,สำนักงานคณะกรรมการการศึกษาขั้นพื้นฐาน,สพป.เชียงใหม่ เขต 2,8,33.33,14.43,25.00,11.18,18.75,9.99,18.75,24.21,31.25,20.73,18.75,16.54
2567,256,ประชาสามัคคีวิทยา,พร้าว,เล็ก,นอกเมือง,สำนักงานคณะกรรมการการศึกษาขั้นพื้นฐาน,สพป.เชียงใหม่ เขต 2,10,31.67,18.93,31.00,23.43,30.00,24.49,25.00,33.54,32.50,16.01,30.00,18.71
2567,257,ประดู่วิทยา,พร้าว,เล็ก,นอกเมือง,สำนักงานคณะกรรมการการศึกษาขั้นพื้นฐาน,สพป.เชียงใหม่ เขต 2,7,28.57,17.17,40.00,5.35,45.24,14.68,7.14,17.50,21.43,15.97,28.57,24.74
2567,258,พร้าวบูรพา,พร้าว,เล็ก,นอกเมือง,สำนักงานคณะกรรมการการศึกษาขั้นพื้นฐาน,สพป.เชียงใหม่ เขต 2,15,23.33,15.87,24.67,12.58,21.11,17.71,23.33,30.91,31.67,23.21,21.67,23.92
2567,259,สหกรณ์ดำริ,พร้าว,เล็ก,นอกเมือง,สำนักงานคณะกรรมการการศึกษาขั้นพื้นฐาน,สพป.เชียงใหม่ เขต 2,8,29.17,13.82,20.00,15.00,22.92,16.54,25.00,25.00,21.88,26.33,21.88,14.99
2567,260,กสิณธร เซนต์เจมส์ เชียงใหม่,เมืองเชียงใหม่,เล็ก,ในเมือง,สำนักงานคณะกรรมการส่งเสริมการศึกษาเอกชน,-,28,68.45,28.64,68.57,31.36,72.62,26.05,55.36,42.97,50.89,31.68,65.18,40.28
2567,261,โกวิทธำรงเชียงใหม่,เมืองเชียงใหม่,ใหญ่,ในเมือง,สำนักงานคณะกรรมการส่งเสริมการศึกษาเอกชน,-,73,57.76,26.18,57.53,22.68,64.61,24.67,34.25,37.81,41.10,27.87,54.79,30.59
2567,262,ขาลสุวรรณอนุสรณ์,เมืองเชียงใหม่,เล็ก,ในเมือง,สำนักงานคณะกรรมการส่งเสริมการศึกษาเอกชน,-,42,36.90,24.27,37.14,21.41,35.71,21.99,23.81,33.16,27.38,20.99,33.33,23.57
2567,263,คำเที่ยงอนุสสรณ์,เมืองเชียงใหม่,กลาง,ในเมือง,สำนักงานคณะกรรมการการศึกษาขั้นพื้นฐาน,สพป.เชียงใหม่ เขต 1,101,41.09,24.21,39.50,19.82,39.60,27.54,28.22,31.00,29.46,22.08,36.39,28.26
2567,264,จิตราวิทยา,เมืองเชียงใหม่,ใหญ่,ในเมือง,สำนักงานคณะกรรมการส่งเสริมการศึกษาเอกชน,-,138,34.78,25.50,38.70,20.21,39.73,26.19,25.72,30.83,25.36,23.11,31.34,27.92
2567,265,เจ้าพ่อหลวงอุปถัมภ์ 1,เมืองเชียงใหม่,เล็ก,ในเมือง,สำนักงานคณะกรรมการการศึกษาขั้นพื้นฐาน,สพป.เชียงใหม่ เขต 1,18,27.78,16.67,22.78,13.25,26.85,15.85,16.67,28.87,25.00,22.05,16.67,22.05
2567,266,ชุมชนเทศบาลวัดศรีดอนไชย,เมืองเชียงใหม่,กลาง,ในเมือง,กรมส่งเสริมการปกครองท้องถิ่น,ท้องถิ่นจังหวัดเชียงใหม่,29,39.66,21.63,36.90,21.67,35.63,23.86,27.59,28.12,33.62,28.82,39.66,26.68
2567,267,ชุมชนบ้านบวกครกน้อย,เมืองเชียงใหม่,กลาง,ในเมือง,สำนักงานคณะกรรมการการศึกษาขั้นพื้นฐาน,สพป.เชียงใหม่ เขต 1,43,35.66,22.90,36.28,17.79,36.43,20.10,16.28,27.96,22.09,24.83,31.40,28.06
2567,268,ชุมชนวัดท่าเดื่อ,เมืองเชียงใหม่,เล็ก,ในเมือง,สำนักงานคณะกรรมการการศึกษาขั้นพื้นฐาน,สพป.เชียงใหม่ เขต 1,22,28.79,18.24,27.73,14.12,20.45,18.07,25.00,32.86,30.68,22.53,26.14,15.95
2567,269,เชียงใหม่คริสเตียน,เมืองเชียงใหม่,ใหญ่,ในเมือง,สำนักงานคณะกรรมการส่งเสริมการศึกษาเอกชน,-,87,47.13,23.60,38.97,19.71,39.85,24.81,25.29,33.80,27.01,22.17,35.34,30.45
2567,270,ดาราวิทยาลัย,เมืองเชียงใหม่,ใหญ่พิเศษ,ในเมือง,สำนักงานคณะกรรมการส่งเสริมการศึกษาเอกชน,-,393,50.93,26.46,52.75,23.87,52.84,29.48,32.44,36.16,35.62,29.41,48.85,32.72
2567,271,ท่าศาลา,เมืองเชียงใหม่,เล็ก,ในเมือง,สำนักงานคณะกรรมการการศึกษาขั้นพื้นฐาน,สพป.เชียงใหม่ เขต 1,13,25.64,19.19,28.46,10.99,20.51,13.32,30.77,31.25,34.62,18.45,23.08,20.71
2567,272,เทพบดินทร์วิทยาเชียงใหม่,เมืองเชียงใหม่,ใหญ่,ในเมือง,สำนักงานคณะกรรมการส่งเสริมการศึกษาเอกชน,-,118,43.64,23.86,37.97,22.65,38.84,23.97,25.42,30.36,30.51,25.45,36.86,27.37
2567,273,เทศบาลดอกเงิน,เมืองเชียงใหม่,เล็ก,ในเมือง,กรมส่งเสริมการปกครองท้องถิ่น,ท้องถิ่นจังหวัดเชียงใหม่,8,33.33,20.41,26.25,19.32,29.17,18.16,25.00,25.00,31.25,20.73,28.13,19.52
2567,274,เทศบาลวัดกู่คำ,เมืองเชียงใหม่,เล็ก,ในเมือง,กรมส่งเสริมการปกครองท้องถิ่น,ท้องถิ่นจังหวัดเชียงใหม่,15,38.89,13.15,28.00,19.73,18.89,13.43,10.00,27.08,20.00,16.33,28.33,22.11
2567,275,เทศบาลวัดเกตการาม,เมืองเชียงใหม่,เล็ก,ในเมือง,กรมส่งเสริมการปกครองท้องถิ่น,ท้องถิ่นจังหวัดเชียงใหม่,8,45.83,33.07,37.50,13.92,45.83,32.00,18.75,34.80,37.50,21.65,28.13,19.52
2567,276,เทศบาลวัดเชียงยืน,เมืองเชียงใหม่,กลาง,ในเมือง,กรมส่งเสริมการปกครองท้องถิ่น,ท้องถิ่นจังหวัดเชียงใหม่,38,27.19,20.74,32.63,19.56,28.95,17.81,14.47,22.68,22.37,24.19,20.39,22.11
2567,277,เทศบาลวัดท่าสะต๋อย,เมืองเชียงใหม่,กลาง,ในเมือง,กรมส่งเสริมการปกครองท้องถิ่น,ท้องถิ่นจังหวัดเชียงใหม่,33,32.83,20.71,30.91,17.81,31.31,24.88,13.64,25.44,17.42,19.93,34.09,25.24
2567,278,เทศบาลวัดป่าแพ่ง,เมืองเชียงใหม่,กลาง,ในเมือง,กรมส่งเสริมการปกครองท้องถิ่น,ท้องถิ่นจังหวัดเชียงใหม่,28,23.81,12.93,28.57,13.81,23.21,18.55,32.14,27.43,28.57,27.32,19.64,22.52
2567,279,เทศบาลวัดพวกช้าง,เมืองเชียงใหม่,เล็ก,ในเมือง,กรมส่งเสริมการปกครองท้องถิ่น,ท้องถิ่นจังหวัดเชียงใหม่,16,30.21,16.89,25.00,14.14,20.83,18.16,15.62,29.15,26.56,18.68,25.00,21.65
2567,280,เทศบาลวัดศรีปิงเมือง,เมืองเชียงใหม่,กลาง,ในเมือง,กรมส่งเสริมการปกครองท้องถิ่น,ท้องถิ่นจังหวัดเชียงใหม่,45,26.30,15.11,28.00,17.07,25.56,19.12,21.11,30.71,22.78,18.12,22.22,24.28
2567,281,เทศบาลวัดศรีสุพรรณ,เมืองเชียงใหม่,กลาง,ในเมือง,กรมส่งเสริมการปกครองท้องถิ่น,ท้องถิ่นจังหวัดเชียงใหม่,33,32.83,23.39,28.79,15.33,29.80,23.84,15.15,26.07,28.03,21.98,22.73,20.75
2567,282,เทศบาลวัดหมื่นเงินกอง,เมืองเชียงใหม่,เล็ก,ในเมือง,กรมส่งเสริมการปกครองท้องถิ่น,ท้องถิ่นจังหวัดเชียงใหม่,22,30.30,16.39,39.55,22.05,32.58,19.12,20.45,28.84,30.68,23.76,38.64,24.69
2567,283,บ้านเชิงดอยสุเทพ,เมืองเชียงใหม่,เล็ก,ในเมือง,สำนักงานคณะกรรมการการศึกษาขั้นพื้นฐาน,สพป.เชียงใหม่ เขต 1,15,33.33,14.91,29.33,16.92,36.67,20.37,26.67,30.91,20.00,24.49,23.33,21.34
2567,284,บ้านดอนปิน,เมืองเชียงใหม่,กลาง,ในเมือง,สำนักงานคณะกรรมการการศึกษาขั้นพื้นฐาน,สพป.เชียงใหม่ เขต 1,42,35.71,21.99,34.29,21.17,32.14,23.40,15.48,27.79,20.24,19.85,28.57,24.74
2567,285,บ้านท่าหลุกสันทราย,เมืองเชียงใหม่,กลาง,ในเมือง,สำนักงานคณะกรรมการการศึกษาขั้นพื้นฐาน,สพป.เชียงใหม่ เขต 1,17,37.25,18.55,41.18,22.98,45.10,21.97,8.82,19.06,41.18,30.85,30.88,23.53
2567,286,บ้านโป่งน้อย,เมืองเชียงใหม่,กลาง,ในเมือง,สำนักงานคณะกรรมการการศึกษาขั้นพื้นฐาน,สพป.เชียงใหม่ เขต 1,23,31.88,18.33,33.04,21.76,38.41,21.67,17.39,23.81,26.09,26.04,22.83,23.21
2567,287,บ้านแม่เหียะสามัคคี,เมืองเชียงใหม่,เล็ก,ในเมือง,สำนักงานคณะกรรมการการศึกษาขั้นพื้นฐาน,สพป.เชียงใหม่ เขต 1,16,29.17,15.02,24.37,14.99,31.25,18.52,15.62,23.18,18.75,18.75,26.56,20.67
2567,288,บ้านห้วยทราย,เมืองเชียงใหม่,เล็ก,ในเมือง,กรมส่งเสริมการปกครองท้องถิ่น,ท้องถิ่นจังหวัดเชียงใหม่,14,28.57,19.34,35.71,17.20,30.95,16.50,21.43,31.13,37.50,30.98,30.36,23.49
2567,289,ปรินส์รอยแยลส์วิทยาลัย,เมืองเชียงใหม่,ใหญ่พิเศษ,ในเมือง,สำนักงานคณะกรรมการส่งเสริมการศึกษาเอกชน,-,512,71.16,26.24,71.04,23.57,74.45,28.46,51.27,40.42,57.13,32.14,73.14,31.00
2567,290,พระหฤทัยเชียงใหม่,เมืองเชียงใหม่,ใหญ่,ในเมือง,สำนักงานคณะกรรมการส่งเสริมการศึกษาเอกชน,-,115,54.06,28.28,51.22,25.20,52.46,30.24,33.91,35.84,35.00,29.64,50.87,31.78
2567,291,พิงครัตน์,เมืองเชียงใหม่,เล็ก,ในเมือง,สำนักงานคณะกรรมการส่งเสริมการศึกษาเอกชน,-,8,93.75,8.07,82.50,14.79,77.08,14.28,68.75,34.80,65.63,32.92,90.63,17.40
2567,292,พิมานเด็กเชียงใหม่,เมืองเชียงใหม่,กลาง,ในเมือง,สำนักงานคณะกรรมการส่งเสริมการศึกษาเอกชน,-,38,61.84,27.28,66.05,24.01,66.23,26.07,34.21,34.61,38.16,27.94,65.79,27.76
2567,293,พุทธิโศภน,เมืองเชียงใหม่,ใหญ่,ในเมือง,สำนักงานคณะกรรมการการศึกษาขั้นพื้นฐาน,สพป.เชียงใหม่ เขต 1,171,41.52,24.21,41.23,22.27,42.11,26.39,23.98,31.22,28.80,23.26,39.33,27.69
2567,294,มงฟอร์ตวิทยาลัย แผนกประถม,เมืองเชียงใหม่,ใหญ่พิเศษ,ในเมือง,สำนักงานคณะกรรมการส่งเสริมการศึกษาเอกชน,-,408,70.42,27.03,68.63,26.06,73.65,26.21,50.37,38.43,49.63,31.26,69.67,32.52
2567,295,ยุวฑูตศึกษาพัฒนาราชพฤกษ์,เมืองเชียงใหม่,กลาง,ในเมือง,สำนักงานคณะกรรมการส่งเสริมการศึกษาเอกชน,-,9,88.89,20.79,73.33,23.57,79.63,17.17,55.56,28.33,66.67,28.87,69.44,28.33
2567,296,เรยีนาเชลีวิทยาลัย,เมืองเชียงใหม่,ใหญ่,ในเมือง,สำนักงานคณะกรรมการส่งเสริมการศึกษาเอกชน,-,171,57.99,26.63,52.87,24.96,55.17,28.17,32.16,37.31,35.96,29.99,52.78,33.05
2567,297,วชิรวิทย์ เชียงใหม่,เมืองเชียงใหม่,กลาง,ในเมือง,สำนักงานคณะกรรมการส่งเสริมการศึกษาเอกชน,-,76,49.56,27.96,56.18,21.40,56.80,29.88,30.92,35.32,42.11,27.27,50.99,34.52
2567,298,วัดข่วงสิงห์,เมืองเชียงใหม่,กลาง,ในเมือง,สำนักงานคณะกรรมการการศึกษาขั้นพื้นฐาน,สพป.เชียงใหม่ เขต 1,10,28.33,21.15,29.00,16.40,40.00,28.09,15.00,32.02,25.00,19.36,30.00,29.15
2567,299,วัดขะจาว,เมืองเชียงใหม่,เล็ก,ในเมือง,สำนักงานคณะกรรมการการศึกษาขั้นพื้นฐาน,สพป.เชียงใหม่ เขต 1,38,43.86,21.09,36.32,21.08,32.02,21.76,21.05,27.22,30.26,23.05,27.63,27.38
2567,300,วัดเจ็ดยอด,เมืองเชียงใหม่,เล็ก,ในเมือง,สำนักงานคณะกรรมการการศึกษาขั้นพื้นฐาน,สพป.เชียงใหม่ เขต 1,8,50.00,14.43,27.50,13.92,41.67,18.63,12.50,21.65,15.63,17.40,18.75,16.54
2567,301,วัดช่างเคี่ยน,เมืองเชียงใหม่,กลาง,ในเมือง,สำนักงานคณะกรรมการการศึกษาขั้นพื้นฐาน,สพป.เชียงใหม่ เขต 1,21,32.54,19.57,37.62,20.21,30.16,21.59,23.81,33.16,21.43,20.82,23.81,22.46
2567,302,วัดดอนจั่น,เมืองเชียงใหม่,กลาง,ในเมือง,สำนักงานคณะกรรมการการศึกษาขั้นพื้นฐาน,สพป.เชียงใหม่ เขต 1,51,26.14,17.23,25.88,15.36,24.18,17.56,18.63,26.12,24.02,24.73,22.55,21.15
2567,303,วัดป่าข่อยใต้,เมืองเชียงใหม่,เล็ก,ในเมือง,สำนักงานคณะกรรมการการศึกษาขั้นพื้นฐาน,สพป.เชียงใหม่ เขต 1,7,35.71,16.50,32.86,8.81,40.48,21.56,14.29,22.59,39.29,22.59,25.00,18.90
2567,304,วัดป่าแดด,เมืองเชียงใหม่,เล็ก,ในเมือง,สำนักงานคณะกรรมการการศึกษาขั้นพื้นฐาน,สพป.เชียงใหม่ เขต 1,23,31.88,24.53,36.96,20.09,40.58,26.84,21.74,32.39,32.61,23.81,39.13,29.33
2567,305,วัดป่าตัน,เมืองเชียงใหม่,เล็ก,ในเมือง,สำนักงานคณะกรรมการการศึกษาขั้นพื้นฐาน,สพป.เชียงใหม่ เขต 1,19,37.72,20.12,32.11,15.07,26.32,21.84,5.26,15.34,23.68,18.98,14.47,16.85
2567,306,วัดเมืองสาตร,เมืองเชียงใหม่,เล็ก,ในเมือง,สำนักงานคณะกรรมการการศึกษาขั้นพื้นฐาน,สพป.เชียงใหม่ เขต 1,15,31.11,19.12,32.00,17.59,22.22,15.71,23.33,30.91,23.33,23.21,25.00,18.26
2567,307,วัดร้องอ้อ,เมืองเชียงใหม่,กลาง,ในเมือง,สำนักงานคณะกรรมการการศึกษาขั้นพื้นฐาน,สพป.เชียงใหม่ เขต 1,18,28.70,22.77,32.22,17.81,38.89,22.91,5.56,15.71,33.33,28.87,30.56,28.33
2567,308,วัดวังสิงห์คำ,เมืองเชียงใหม่,กลาง,ในเมือง,สำนักงานคณะกรรมการการศึกษาขั้นพื้นฐาน,สพป.เชียงใหม่ เขต 1,20,32.50,19.35,33.50,18.24,30.00,16.33,17.50,28.61,25.00,19.36,30.00,26.93
2567,309,วัดสวนดอก,เมืองเชียงใหม่,กลาง,ในเมือง,สำนักงานคณะกรรมการการศึกษาขั้นพื้นฐาน,สพป.เชียงใหม่ เขต 1,31,47.85,20.63,36.77,22.77,44.09,24.15,22.58,30.69,29.03,22.98,24.19,22.44
2567,310,วัดเสาหิน,เมืองเชียงใหม่,เล็ก,ในเมือง,สำนักงานคณะกรรมการการศึกษาขั้นพื้นฐาน,สพป.เชียงใหม่ เขต 1,10,36.67,17.95,35.00,16.28,36.67,19.44,10.00,20.00,25.00,22.36,20.00,21.79
2567,311,วัดหนองป่าครั่ง,เมืองเชียงใหม่,เล็ก,ในเมือง,สำนักงานคณะกรรมการการศึกษาขั้นพื้นฐาน,สพป.เชียงใหม่ เขต 1,3,5.56,7.86,46.67,12.47,22.22,15.71,16.67,23.57,16.67,11.79,25.00,0.00
2567,312,วารีเชียงใหม่,เมืองเชียงใหม่,ใหญ่พิเศษ,ในเมือง,สำนักงานคณะกรรมการส่งเสริมการศึกษาเอกชน,-,185,76.40,28.13,77.68,22.77,76.13,27.93,58.38,40.57,58.78,32.79,78.51,30.67
2567,313,วิชัยวิทยา,เมืองเชียงใหม่,กลาง,ในเมือง,สำนักงานคณะกรรมการส่งเสริมการศึกษาเอกชน,-,27,95.06,8.86,93.33,9.81,91.98,12.31,90.74,19.42,66.67,24.53,94.44,10.39
2567,314,ศรีเนห์รู,เมืองเชียงใหม่,เล็ก,ในเมือง,สำนักงานคณะกรรมการการศึกษาขั้นพื้นฐาน,สพป.เชียงใหม่ เขต 1,15,28.89,21.49,24.67,11.47,31.11,19.12,6.67,17.00,23.33,21.34,30.00,20.82
2567,315,ศิริมังคลาจารย์,เมืองเชียงใหม่,เล็ก,ในเมือง,สำนักงานคณะกรรมการการศึกษาขั้นพื้นฐาน,สพป.เชียงใหม่ เขต 1,5,46.67,19.44,52.00,21.35,50.00,10.54,10.00,20.00,30.00,18.71,45.00,29.15
2567,316,สังวาลย์วิทยา,เมืองเชียงใหม่,เล็ก,ในเมือง,สำนักงานคณะกรรมการการศึกษาขั้นพื้นฐาน,สพป.เชียงใหม่ เขต 1,4,20.83,27.32,32.50,4.33,12.50,13.82,37.50,21.65,6.25,10.83,43.75,20.73
2567,317,สันติศึกษา,เมืองเชียงใหม่,เล็ก,ในเมือง,สำนักงานคณะกรรมการส่งเสริมการศึกษาเอกชน,-,23,42.03,21.91,37.83,23.21,49.28,24.81,28.26,35.59,27.17,23.21,46.74,28.84
2567,318,สาธิตมหาวิทยาลัยราชภัฏเชียงใหม่,เมืองเชียงใหม่,กลาง,ในเมือง,สำนักงานปลัดกระทรวงการอุดมศึกษาฯ,-,100,44.00,27.24,44.40,24.79,42.83,30.93,26.50,31.98,28.75,28.15,40.25,32.77
2567,319,สารสาสน์วิเทศเชียงใหม่,เมืองเชียงใหม่,ใหญ่,ในเมือง,สำนักงานคณะกรรมการส่งเสริมการศึกษาเอกชน,-,106,64.94,25.69,67.64,24.28,71.07,23.82,49.53,37.93,58.73,28.74,66.98,31.58
2567,320,สารสาสน์วิเทศล้านนา,เมืองเชียงใหม่,ใหญ่,ในเมือง,สำนักงานคณะกรรมการส่งเสริมการศึกษาเอกชน,-,165,62.02,30.07,62.97,27.79,64.04,30.20,44.55,40.46,47.27,32.10,65.30,32.75
2567,321,โสตศึกษาอนุสารสุนทร,เมืองเชียงใหม่,เล็ก,ในเมือง,สำนักบริหารงานการศึกษาพิเศษ,-,0,-,-,-,-,-,-,-,-,-,-,-,-
2567,322,อนุบาลเชียงใหม่,เมืองเชียงใหม่,ใหญ่พิเศษ,ในเมือง,สำนักงานคณะกรรมการการศึกษาขั้นพื้นฐาน,สพป.เชียงใหม่ เขต 1,295,58.14,28.85,56.81,27.93,61.41,30.74,39.66,40.59,47.80,34.06,57.03,35.52
2567,323,อนุบาลบ้านท่อเมืองลัง,เมืองเชียงใหม่,กลาง,ในเมือง,สำนักงานคณะกรรมการการศึกษาขั้นพื้นฐาน,สพป.เชียงใหม่ เขต 1,32,35.42,19.43,36.25,21.03,35.94,23.61,28.12,30.46,24.22,27.59,32.03,28.11
2567,324,อนุบาลหนองป่าครั่ง,เมืองเชียงใหม่,เล็ก,ในเมือง,กรมส่งเสริมการปกครองท้องถิ่น,ท้องถิ่นจังหวัดเชียงใหม่,18,36.11,20.97,38.33,14.24,27.78,20.03,25.00,30.05,25.00,20.41,22.22,20.22
2567,325,ชุมชนตำบลท่าผา,แม่แจ่ม,เล็ก,นอกเมือง,สำนักงานคณะกรรมการการศึกษาขั้นพื้นฐาน,สพป.เชียงใหม่ เขต 6,16,30.21,22.22,25.00,11.73,33.33,17.68,12.50,27.95,25.00,19.76,18.75,18.75
2567,326,ชุมชนบ้านช่างเคิ่ง,แม่แจ่ม,กลาง,นอกเมือง,สำนักงานคณะกรรมการการศึกษาขั้นพื้นฐาน,สพป.เชียงใหม่ เขต 6,19,29.82,15.84,31.58,14.96,32.46,22.60,13.16,27.35,28.95,21.86,30.26,22.33
2567,327,ชุมชนบ้านพร้าวหนุ่ม,แม่แจ่ม,เล็ก,นอกเมือง,สำนักงานคณะกรรมการการศึกษาขั้นพื้นฐาน,สพป.เชียงใหม่ เขต 6,23,30.43,20.06,27.83,16.67,32.61,19.95,19.57,28.51,33.70,22.85,27.17,25.44
2567,328,เซนต์โยเซฟแม่แจ่ม,แม่แจ่ม,กลาง,นอกเมือง,สำนักงานคณะกรรมการส่งเสริมการศึกษาเอกชน,-,30,31.11,18.12,43.33,14.91,33.33,16.67,20.00,27.69,27.50,21.75,35.83,23.88
2567,329,ตำรวจตระเวนชายแดนบางกอก เชฟ แชร์ริตี้ บ้านแม่ขอ,แม่แจ่ม,เล็ก,นอกเมือง,กองบัญชาการตำรวจตระเวนชายแดน,-,13,20.51,16.22,23.08,11.36,21.79,15.17,11.54,21.07,38.46,23.24,32.69,22.75
2567,330,บ้านกองแขก,แม่แจ่ม,เล็ก,นอกเมือง,สำนักงานคณะกรรมการการศึกษาขั้นพื้นฐาน,สพป.เชียงใหม่ เขต 6,9,31.48,18.33,32.22,13.15,31.48,14.58,27.78,34.25,30.56,19.64,25.00,20.41
2567,331,บ้านกองแขก สาขาบ้านแม่หลุ,แม่แจ่ม,เล็ก,นอกเมือง,สำนักงานคณะกรรมการการศึกษาขั้นพื้นฐาน,สพป.เชียงใหม่ เขต 6,6,36.11,14.96,20.00,12.91,16.67,13.61,33.33,23.57,16.67,18.63,12.50,12.50
2567,332,บ้านขุนแม่นาย,แม่แจ่ม,เล็ก,นอกเมือง,สำนักงานคณะกรรมการการศึกษาขั้นพื้นฐาน,สพป.เชียงใหม่ เขต 6,3,22.22,20.79,16.67,17.00,33.33,13.61,16.67,23.57,16.67,11.79,25.00,20.41
2567,333,บ้านขุนแม่หยอด,แม่แจ่ม,เล็ก,นอกเมือง,สำนักงานคณะกรรมการการศึกษาขั้นพื้นฐาน,สพป.เชียงใหม่ เขต 6,10,35.00,20.34,32.00,19.39,25.00,21.41,30.00,24.49,27.50,26.10,17.50,19.53
2567,334,บ้านต่อเรือ,แม่แจ่ม,เล็ก,นอกเมือง,สำนักงานคณะกรรมการการศึกษาขั้นพื้นฐาน,สพป.เชียงใหม่ เขต 6,3,66.67,36.00,43.33,33.99,44.44,39.28,33.33,23.57,33.33,31.18,25.00,35.36
2567,335,บ้านทัพ,แม่แจ่ม,เล็ก,นอกเมือง,สำนักงานคณะกรรมการการศึกษาขั้นพื้นฐาน,สพป.เชียงใหม่ เขต 6,10,28.33,15.00,24.00,12.81,26.67,15.28,5.00,15.00,27.50,23.58,15.00,16.58
2567,336,บ้านทุ่งแก,แม่แจ่ม,เล็ก,นอกเมือง,สำนักงานคณะกรรมการการศึกษาขั้นพื้นฐาน,สพป.เชียงใหม่ เขต 6,15,25.56,19.12,28.00,13.27,23.33,19.05,20.00,30.55,20.00,20.82,35.00,17.80
2567,337,บ้านทุ่งแก สาขาแม่แอบ,แม่แจ่ม,เล็ก,นอกเมือง,สำนักงานคณะกรรมการการศึกษาขั้นพื้นฐาน,สพป.เชียงใหม่ เขต 6,9,40.74,13.86,25.56,10.66,16.67,13.61,11.11,20.79,33.33,31.18,27.78,21.87
2567,338,บ้านทุ่งยาว,แม่แจ่ม,เล็ก,นอกเมือง,สำนักงานคณะกรรมการการศึกษาขั้นพื้นฐาน,สพป.เชียงใหม่ เขต 6,17,24.51,17.26,24.12,17.51,25.49,12.93,17.65,29.41,23.53,18.13,19.12,21.91
2567,339,บ้านนากลาง,แม่แจ่ม,เล็ก,นอกเมือง,สำนักงานคณะกรรมการการศึกษาขั้นพื้นฐาน,สพป.เชียงใหม่ เขต 6,9,31.48,19.95,30.00,14.14,25.93,19.42,33.33,23.57,33.33,16.67,25.00,23.57
2567,340,บ้านนากลาง สาขาห้วยผักกูด,แม่แจ่ม,เล็ก,นอกเมือง,สำนักงานคณะกรรมการการศึกษาขั้นพื้นฐาน,สพป.เชียงใหม่ เขต 6,10,21.67,16.75,20.00,10.95,30.00,17.95,10.00,20.00,22.50,20.77,27.50,26.10
2567,341,บ้านนาฮ่อง,แม่แจ่ม,เล็ก,นอกเมือง,สำนักงานคณะกรรมการการศึกษาขั้นพื้นฐาน,สพป.เชียงใหม่ เขต 6,24,21.53,17.66,25.83,14.12,22.92,17.22,16.67,27.64,35.42,27.87,32.29,25.49
2567,342,บ้านเนินวิทยา,แม่แจ่ม,เล็ก,นอกเมือง,สำนักงานคณะกรรมการการศึกษาขั้นพื้นฐาน,สพป.เชียงใหม่ เขต 6,15,25.56,19.12,24.67,12.04,25.56,17.07,20.00,30.55,25.00,22.36,25.00,24.15
2567,343,บ้านปางเกี๊ยะ,แม่แจ่ม,กลาง,นอกเมือง,สำนักงานคณะกรรมการการศึกษาขั้นพื้นฐาน,สพป.เชียงใหม่ เขต 6,34,24.51,14.71,27.35,13.13,23.04,12.79,22.06,30.17,27.21,20.44,19.12,21.06
2567,344,บ้านปางหินฝน,แม่แจ่ม,เล็ก,นอกเมือง,สำนักงานคณะกรรมการการศึกษาขั้นพื้นฐาน,สพป.เชียงใหม่ เขต 6,13,30.77,18.31,32.31,19.67,32.05,16.62,19.23,24.33,21.15,21.59,26.92,24.93
2567,345,บ้านปางอุ๋ง,แม่แจ่ม,กลาง,นอกเมือง,สำนักงานคณะกรรมการการศึกษาขั้นพื้นฐาน,สพป.เชียงใหม่ เขต 6,13,30.77,21.53,26.15,13.89,21.79,15.17,11.54,21.07,17.31,20.53,23.08,15.38
2567,346,บ้านปางอุ๋ง สาขาแม่สะต๊อป,แม่แจ่ม,เล็ก,นอกเมือง,สำนักงานคณะกรรมการการศึกษาขั้นพื้นฐาน,สพป.เชียงใหม่ เขต 6,6,13.89,14.96,21.67,10.67,11.11,7.86,16.67,23.57,33.33,23.57,25.00,14.43
2567,347,บ้านแปะสามัคคี,แม่แจ่ม,เล็ก,นอกเมือง,สำนักงานคณะกรรมการการศึกษาขั้นพื้นฐาน,สพป.เชียงใหม่ เขต 6,5,30.00,12.47,26.00,8.00,20.00,16.33,40.00,37.42,25.00,22.36,20.00,18.71
2567,348,บ้านผานัง,แม่แจ่ม,เล็ก,นอกเมือง,สำนักงานคณะกรรมการการศึกษาขั้นพื้นฐาน,สพป.เชียงใหม่ เขต 6,10,35.00,15.72,33.00,16.76,18.33,13.84,15.00,22.91,27.50,17.50,12.50,20.16
2567,349,บ้านผาละปิ,แม่แจ่ม,เล็ก,นอกเมือง,สำนักงานคณะกรรมการการศึกษาขั้นพื้นฐาน,สพป.เชียงใหม่ เขต 6,9,24.07,17.76,25.56,9.56,24.07,13.86,11.11,20.79,22.22,27.50,27.78,24.85
2567,350,บ้านพุย สาขาพุยใต้,แม่แจ่ม,เล็ก,นอกเมือง,สำนักงานคณะกรรมการการศึกษาขั้นพื้นฐาน,สพป.เชียงใหม่ เขต 6,4,20.83,18.16,22.50,14.79,20.83,7.22,25.00,43.30,43.75,27.24,18.75,10.83
2567,351,บ้านแม่ซา,แม่แจ่ม,เล็ก,นอกเมือง,สำนักงานคณะกรรมการการศึกษาขั้นพื้นฐาน,สพป.เชียงใหม่ เขต 6,7,33.33,15.43,25.71,14.00,28.57,21.30,21.43,24.74,14.29,18.21,14.29,18.21
2567,352,บ้านแม่ตูม,แม่แจ่ม,เล็ก,นอกเมือง,สำนักงานคณะกรรมการการศึกษาขั้นพื้นฐาน,สพป.เชียงใหม่ เขต 6,8,16.67,11.79,27.50,21.07,25.00,18.63,25.00,25.00,25.00,27.95,18.75,16.54
2567,353,บ้านแม่นาจร,แม่แจ่ม,กลาง,นอกเมือง,สำนักงานคณะกรรมการการศึกษาขั้นพื้นฐาน,สพป.เชียงใหม่ เขต 6,17,36.27,19.16,28.24,13.82,28.43,16.92,20.59,29.99,19.12,20.16,22.06,18.95
2567,354,บ้านแม่ปาน,แม่แจ่ม,เล็ก,นอกเมือง,สำนักงานคณะกรรมการการศึกษาขั้นพื้นฐาน,สพป.เชียงใหม่ เขต 6,12,15.28,15.90,32.50,11.64,23.61,14.37,16.67,23.57,18.75,20.73,29.17,17.18
2567,355,บ้านแม่มะลอ,แม่แจ่ม,เล็ก,นอกเมือง,สำนักงานคณะกรรมการการศึกษาขั้นพื้นฐาน,สพป.เชียงใหม่ เขต 6,6,19.44,20.22,31.67,8.98,13.89,6.21,16.67,23.57,41.67,11.79,25.00,25.00
2567,356,บ้านแม่มุ,แม่แจ่ม,เล็ก,นอกเมือง,สำนักงานคณะกรรมการการศึกษาขั้นพื้นฐาน,สพป.เชียงใหม่ เขต 6,14,25.00,15.11,36.43,19.13,30.95,19.78,21.43,31.13,23.21,14.83,23.21,22.09
2567,357,บ้านแม่ลอง,แม่แจ่ม,เล็ก,นอกเมือง,กองบัญชาการตำรวจตระเวนชายแดน,-,15,35.56,24.24,18.67,10.87,17.78,15.48,20.00,30.55,26.67,21.34,16.67,11.79
2567,358,บ้านแม่วาก,แม่แจ่ม,เล็ก,นอกเมือง,สำนักงานคณะกรรมการการศึกษาขั้นพื้นฐาน,สพป.เชียงใหม่ เขต 6,3,33.33,0.00,26.67,12.47,22.22,7.86,0.00,0.00,25.00,35.36,25.00,0.00
2567,359,บ้านแม่ศึก (มูลนิธิธรรมมาภิรักษ์อุปถัมภ์ที่ 2),แม่แจ่ม,เล็ก,นอกเมือง,สำนักงานคณะกรรมการการศึกษาขั้นพื้นฐาน,สพป.เชียงใหม่ เขต 6,12,30.56,11.45,20.00,14.14,23.61,19.79,20.83,24.65,22.92,21.55,20.83,17.18
2567,360,บ้านแม่หงานหลวง,แม่แจ่ม,เล็ก,นอกเมือง,สำนักงานคณะกรรมการการศึกษาขั้นพื้นฐาน,สพป.เชียงใหม่ เขต 6,11,21.21,17.54,27.27,17.10,12.12,16.03,9.09,28.75,18.18,11.13,36.36,19.55
2567,361,บ้านแม่หอย,แม่แจ่ม,เล็ก,นอกเมือง,สำนักงานคณะกรรมการการศึกษาขั้นพื้นฐาน,สพป.เชียงใหม่ เขต 6,6,25.00,12.73,25.00,11.18,25.00,15.96,16.67,23.57,20.83,26.68,16.67,18.63
2567,362,บ้านแม่เอาะ,แม่แจ่ม,เล็ก,นอกเมือง,สำนักงานคณะกรรมการการศึกษาขั้นพื้นฐาน,สพป.เชียงใหม่ เขต 6,10,31.67,15.72,32.00,14.00,36.67,14.53,20.00,33.17,17.50,22.50,22.50,20.77
2567,363,บ้านแม่แฮใต้,แม่แจ่ม,เล็ก,นอกเมือง,สำนักงานคณะกรรมการการศึกษาขั้นพื้นฐาน,สพป.เชียงใหม่ เขต 6,10,30.00,26.67,27.00,7.81,33.33,19.72,15.00,32.02,30.00,31.22,32.50,19.53
2567,364,บ้านแม่แฮเหนือ,แม่แจ่ม,กลาง,นอกเมือง,สำนักงานคณะกรรมการการศึกษาขั้นพื้นฐาน,สพป.เชียงใหม่ เขต 6,63,28.84,20.19,26.51,15.24,23.02,17.68,19.05,30.12,19.44,21.10,21.83,20.65
2567,365,บ้านแม่แฮเหนือ สาขาแม่แจ๊ะ,แม่แจ่ม,เล็ก,นอกเมือง,สำนักงานคณะกรรมการการศึกษาขั้นพื้นฐาน,สพป.เชียงใหม่ เขต 6,7,47.62,5.83,22.86,16.66,28.57,14.68,21.43,24.74,39.29,22.59,25.00,23.15
2567,366,บ้านโม่งหลวง,แม่แจ่ม,เล็ก,นอกเมือง,สำนักงานคณะกรรมการการศึกษาขั้นพื้นฐาน,สพป.เชียงใหม่ เขต 6,14,25.00,20.65,21.43,14.57,20.24,15.66,14.29,22.59,28.57,20.82,26.79,11.43
2567,367,บ้านโม่งหลวง สาขาบ้านแม่อมลานใน,แม่แจ่ม,เล็ก,นอกเมือง,สำนักงานคณะกรรมการการศึกษาขั้นพื้นฐาน,สพป.เชียงใหม่ เขต 6,2,41.67,8.33,20.00,10.00,25.00,8.33,25.00,25.00,37.50,12.50,37.50,12.50
2567,368,บ้านสบแม่รวม,แม่แจ่ม,เล็ก,นอกเมือง,สำนักงานคณะกรรมการการศึกษาขั้นพื้นฐาน,สพป.เชียงใหม่ เขต 6,5,46.67,12.47,38.00,16.00,26.67,8.16,10.00,20.00,30.00,10.00,20.00,18.71
2567,369,บ้านสบวาก,แม่แจ่ม,เล็ก,นอกเมือง,สำนักงานคณะกรรมการการศึกษาขั้นพื้นฐาน,สพป.เชียงใหม่ เขต 6,4,16.67,11.79,27.50,12.99,25.00,8.33,0.00,0.00,37.50,21.65,18.75,20.73
2567,370,บ้านสองธาร,แม่แจ่ม,เล็ก,นอกเมือง,สำนักงานคณะกรรมการการศึกษาขั้นพื้นฐาน,สพป.เชียงใหม่ เขต 6,7,33.33,23.57,20.00,10.69,30.95,10.65,21.43,24.74,28.57,24.74,35.71,22.59
2567,371,บ้านสามสบ,แม่แจ่ม,เล็ก,นอกเมือง,สำนักงานคณะกรรมการการศึกษาขั้นพื้นฐาน,สพป.เชียงใหม่ เขต 6,7,19.05,13.88,24.29,9.04,26.19,12.14,35.71,34.99,17.86,17.50,35.71,22.59
2567,372,บ้านห้วยผา,แม่แจ่ม,เล็ก,นอกเมือง,สำนักงานคณะกรรมการการศึกษาขั้นพื้นฐาน,สพป.เชียงใหม่ เขต 6,11,25.76,16.46,29.09,12.40,25.76,16.46,36.36,37.48,25.00,23.84,29.55,20.83
2567,373,บ้านใหม่พัฒนาสันติ,แม่แจ่ม,เล็ก,นอกเมือง,กองบัญชาการตำรวจตระเวนชายแดน,-,3,16.67,13.61,30.00,8.16,38.89,7.86,50.00,40.82,25.00,20.41,33.33,23.57
2567,374,บ้านอมขูด,แม่แจ่ม,เล็ก,นอกเมือง,สำนักงานคณะกรรมการการศึกษาขั้นพื้นฐาน,สพป.เชียงใหม่ เขต 6,4,25.00,25.00,17.50,19.20,16.67,16.67,25.00,25.00,12.50,12.50,37.50,21.65
2567,375,บ้านอมเม็ง,แม่แจ่ม,เล็ก,นอกเมือง,สำนักงานคณะกรรมการการศึกษาขั้นพื้นฐาน,สพป.เชียงใหม่ เขต 6,11,28.79,17.54,10.91,10.83,24.24,17.93,13.64,22.27,20.45,14.37,22.73,22.50
2567,376,บ้านเฮาะวิทยา,แม่แจ่ม,เล็ก,นอกเมือง,สำนักงานคณะกรรมการการศึกษาขั้นพื้นฐาน,สพป.เชียงใหม่ เขต 6,9,22.22,19.25,30.00,12.47,20.37,13.09,11.11,20.79,13.89,12.42,22.22,18.43
2567,377,เมืองเด็กวิทยา,แม่แจ่ม,เล็ก,นอกเมือง,สำนักงานคณะกรรมการส่งเสริมการศึกษาเอกชน,-,17,55.88,27.38,52.94,24.20,64.71,21.30,47.06,26.96,50.00,25.72,50.00,35.36
2567,378,ราชประชานุเคราะห์ 31,แม่แจ่ม,กลาง,นอกเมือง,สำนักบริหารงานการศึกษาพิเศษ,-,31,26.34,13.90,24.19,12.12,22.04,13.64,17.74,27.09,21.77,19.82,17.74,17.03
2567,379,ศูนย์การเรียนตำรวจตระเวนชายแดนบ้านแม่มุใน บริษัทซีเค พาวเวอร์ จำกัด (มหาชน) อุปถัมภ์,แม่แจ่ม,เล็ก,นอกเมือง,กองบัญชาการตำรวจตระเวนชายแดน,-,9,31.48,14.58,14.44,11.65,24.07,11.42,33.33,40.82,27.78,18.43,30.56,19.64
2567,380,ศูนย์การเรียนตำรวจตระเวนชายแดนสนั่น-เฉลิมเกตุ นภาศัพท์,แม่แจ่ม,เล็ก,นอกเมือง,กองบัญชาการตำรวจตระเวนชายแดน,-,8,35.42,13.01,21.25,11.66,29.17,19.98,6.25,16.54,21.88,19.52,12.50,17.68
2567,381,หลวงพัฒนาบ้านพุย,แม่แจ่ม,เล็ก,นอกเมือง,สำนักงานคณะกรรมการการศึกษาขั้นพื้นฐาน,สพป.เชียงใหม่ เขต 6,4,33.33,0.00,30.00,14.14,29.17,13.82,12.50,21.65,18.75,10.83,12.50,12.50
2567,382,ออป.13,แม่แจ่ม,เล็ก,นอกเมือง,สำนักงานคณะกรรมการการศึกษาขั้นพื้นฐาน,สพป.เชียงใหม่ เขต 6,22,26.52,19.24,32.27,12.03,25.00,17.94,15.91,23.29,28.41,24.19,26.14,24.40
2567,383,อินทนนท์วิทยา,แม่แจ่ม,เล็ก,นอกเมือง,สำนักงานคณะกรรมการการศึกษาขั้นพื้นฐาน,สพป.เชียงใหม่ เขต 6,8,29.17,16.14,20.00,15.00,12.50,11.02,25.00,25.00,18.75,16.54,21.88,23.18
2567,384,ชุมชนวัดช่อแล,แม่แตง,เล็ก,นอกเมือง,สำนักงานคณะกรรมการการศึกษาขั้นพื้นฐาน,สพป.เชียงใหม่ เขต 2,21,29.37,16.19,25.24,16.22,23.02,12.04,16.67,23.57,25.00,18.90,20.24,16.58
2567,385,เชียงใหม่มัธยม,แม่แตง,ใหญ่,นอกเมือง,สำนักงานคณะกรรมการส่งเสริมการศึกษาเอกชน,-,1,33.33,0.00,20.00,0.00,16.67,0.00,100.00,0.00,0.00,0.00,25.00,0.00
2567,386,ตชด.ไลออนส์มหาจักร 9,แม่แตง,เล็ก,นอกเมือง,กองบัญชาการตำรวจตระเวนชายแดน,-,12,22.22,14.16,30.83,17.54,27.78,17.12,16.67,23.57,27.08,18.98,20.83,19.98
2567,387,เทศบาลตำบลสันมหาพน,แม่แตง,กลาง,นอกเมือง,กรมส่งเสริมการปกครองท้องถิ่น,ท้องถิ่นจังหวัดเชียงใหม่,32,31.25,18.98,30.62,12.73,26.56,18.57,25.00,33.07,28.13,20.49,31.25,21.65
2567,388,บ้านก๋ายน้อย,แม่แตง,เล็ก,นอกเมือง,สำนักงานคณะกรรมการการศึกษาขั้นพื้นฐาน,สพป.เชียงใหม่ เขต 2,2,16.67,0.00,15.00,5.00,33.33,0.00,0.00,0.00,25.00,0.00,50.00,0.00
2567,389,บ้านช้างใน,แม่แตง,เล็ก,นอกเมือง,สำนักงานคณะกรรมการการศึกษาขั้นพื้นฐาน,สพป.เชียงใหม่ เขต 2,1,33.33,0.00,20.00,0.00,66.67,0.00,0.00,0.00,0.00,0.00,50.00,0.00
2567,390,บ้านทับเดื่อ,แม่แตง,เล็ก,นอกเมือง,สำนักงานคณะกรรมการการศึกษาขั้นพื้นฐาน,สพป.เชียงใหม่ เขต 2,4,54.17,7.22,30.00,14.14,33.33,31.18,12.50,21.65,50.00,30.62,25.00,43.30
2567,391,บ้านบวกหมื้อ,แม่แตง,เล็ก,นอกเมือง,สำนักงานคณะกรรมการการศึกษาขั้นพื้นฐาน,สพป.เชียงใหม่ เขต 2,12,27.78,12.42,28.33,11.43,29.17,16.84,20.83,32.00,35.42,25.94,22.92,16.00
2567,392,บ้านปง,แม่แตง,เล็ก,นอกเมือง,สำนักงานคณะกรรมการการศึกษาขั้นพื้นฐาน,สพป.เชียงใหม่ เขต 2,12,22.22,17.12,20.83,11.15,22.22,12.42,12.50,21.65,18.75,25.26,12.50,16.14
2567,393,บ้านปลาดาว,แม่แตง,เล็ก,นอกเมือง,สำนักงานคณะกรรมการส่งเสริมการศึกษาเอกชน,-,20,39.17,23.14,42.50,20.22,45.00,23.03,17.50,28.61,31.25,19.16,15.00,21.51
2567,394,บ้านปางกว้าง,แม่แตง,เล็ก,นอกเมือง,สำนักงานคณะกรรมการการศึกษาขั้นพื้นฐาน,สพป.เชียงใหม่ เขต 2,3,22.22,20.79,26.67,9.43,22.22,20.79,16.67,23.57,8.33,11.79,41.67,11.79
2567,395,บ้านปางไม้แดง,แม่แตง,เล็ก,นอกเมือง,สำนักงานคณะกรรมการการศึกษาขั้นพื้นฐาน,สพป.เชียงใหม่ เขต 2,5,36.67,26.67,28.00,9.80,20.00,12.47,20.00,24.49,20.00,18.71,45.00,24.49
2567,396,บ้านปางห้วยตาด,แม่แตง,เล็ก,นอกเมือง,สำนักงานคณะกรรมการการศึกษาขั้นพื้นฐาน,สพป.เชียงใหม่ เขต 2,10,25.00,20.07,32.00,14.70,25.00,11.18,20.00,24.49,27.50,26.10,20.00,21.79
2567,397,บ้านปางฮ่าง,แม่แตง,เล็ก,นอกเมือง,สำนักงานคณะกรรมการการศึกษาขั้นพื้นฐาน,สพป.เชียงใหม่ เขต 2,12,31.94,17.29,25.00,15.55,22.22,14.16,20.83,24.65,29.17,13.82,18.75,20.73
2567,398,บ้านเป้าวิทยาคาร,แม่แตง,เล็ก,นอกเมือง,สำนักงานคณะกรรมการการศึกษาขั้นพื้นฐาน,สพป.เชียงใหม่ เขต 2,16,37.50,26.02,23.75,14.95,33.33,21.25,12.50,21.65,31.25,16.54,34.38,21.42
2567,399,บ้านผาหมอน,แม่แตง,เล็ก,นอกเมือง,สำนักงานคณะกรรมการการศึกษาขั้นพื้นฐาน,สพป.เชียงใหม่ เขต 2,1,33.33,0.00,50.00,0.00,50.00,0.00,0.00,0.00,0.00,0.00,50.00,0.00
2567,400,บ้านผึ้ง,แม่แตง,เล็ก,นอกเมือง,สำนักงานคณะกรรมการการศึกษาขั้นพื้นฐาน,สพป.เชียงใหม่ เขต 2,16,32.29,23.91,23.12,16.48,22.92,14.28,34.37,29.15,26.56,22.48,18.75,22.53
2567,401,บ้านเมืองกื้ด,แม่แตง,เล็ก,นอกเมือง,สำนักงานคณะกรรมการการศึกษาขั้นพื้นฐาน,สพป.เชียงใหม่ เขต 2,19,25.44,14.68,27.37,13.70,13.16,11.57,18.42,24.12,19.74,15.34,19.74,20.80
2567,402,บ้านแม่ไคร้,แม่แตง,เล็ก,นอกเมือง,สำนักงานคณะกรรมการการศึกษาขั้นพื้นฐาน,สพป.เชียงใหม่ เขต 2,10,33.33,10.54,32.00,12.49,25.00,17.08,15.00,22.91,25.00,15.81,22.50,20.77
2567,403,บ้านแม่ตะมาน,แม่แตง,เล็ก,นอกเมือง,สำนักงานคณะกรรมการการศึกษาขั้นพื้นฐาน,สพป.เชียงใหม่ เขต 2,12,31.94,18.58,24.17,16.05,22.22,12.42,16.67,23.57,35.42,25.94,25.00,20.41
2567,404,บ้านแม่แมม,แม่แตง,เล็ก,นอกเมือง,สำนักงานคณะกรรมการการศึกษาขั้นพื้นฐาน,สพป.เชียงใหม่ เขต 2,4,25.00,14.43,37.50,12.99,20.83,13.82,0.00,0.00,25.00,17.68,12.50,12.50
2567,405,บ้านแม่เลา,แม่แตง,เล็ก,นอกเมือง,สำนักงานคณะกรรมการการศึกษาขั้นพื้นฐาน,สพป.เชียงใหม่ เขต 2,3,27.78,7.86,13.33,9.43,50.00,13.61,16.67,23.57,16.67,23.57,8.33,11.79
2567,406,บ้านแม่แสะ,แม่แตง,เล็ก,นอกเมือง,สำนักงานคณะกรรมการการศึกษาขั้นพื้นฐาน,สพป.เชียงใหม่ เขต 2,7,33.33,17.82,25.71,14.00,23.81,8.25,14.29,22.59,32.14,22.02,28.57,20.82
2567,407,ป่าจี้วังแดงวิทยา,แม่แตง,เล็ก,นอกเมือง,สำนักงานคณะกรรมการการศึกษาขั้นพื้นฐาน,สพป.เชียงใหม่ เขต 2,23,31.88,19.61,28.70,18.49,21.74,17.33,28.26,28.84,26.09,23.86,17.39,18.70
2567,408,ป่าแป๋วิทยา,แม่แตง,เล็ก,นอกเมือง,สำนักงานคณะกรรมการการศึกษาขั้นพื้นฐาน,สพป.เชียงใหม่ เขต 2,18,23.15,21.62,26.67,11.55,32.41,19.62,22.22,24.85,45.83,23.94,19.44,15.71
2567,409,ภูดินวิทยา,แม่แตง,เล็ก,นอกเมือง,สำนักงานคณะกรรมการการศึกษาขั้นพื้นฐาน,สพป.เชียงใหม่ เขต 2,2,41.67,25.00,20.00,20.00,66.67,0.00,25.00,25.00,50.00,0.00,37.50,12.50
2567,410,เมฆขจรเชียงใหม่,แม่แตง,เล็ก,นอกเมือง,สำนักงานคณะกรรมการส่งเสริมการศึกษาเอกชน,-,13,53.85,32.13,50.00,27.74,50.00,25.32,34.62,36.08,30.77,24.33,44.23,22.26
2567,411,ร่ำเปิงวิทยา,แม่แตง,กลาง,นอกเมือง,สำนักงานคณะกรรมการการศึกษาขั้นพื้นฐาน,สพป.เชียงใหม่ เขต 2,32,26.04,20.39,29.37,17.13,25.52,17.17,14.06,28.60,25.00,19.76,25.78,20.24
2567,412,วัดท่าข้าม,แม่แตง,เล็ก,นอกเมือง,สำนักงานคณะกรรมการการศึกษาขั้นพื้นฐาน,สพป.เชียงใหม่ เขต 2,10,28.33,21.15,24.00,16.25,20.00,10.00,20.00,24.49,20.00,18.71,22.50,17.50
2567,413,วัดทุ่งหลวง,แม่แตง,เล็ก,นอกเมือง,สำนักงานคณะกรรมการการศึกษาขั้นพื้นฐาน,สพป.เชียงใหม่ เขต 2,7,26.19,21.56,28.57,11.25,42.86,21.56,21.43,24.74,21.43,15.97,28.57,15.97
2567,414,วัดนาเม็ง,แม่แตง,เล็ก,นอกเมือง,สำนักงานคณะกรรมการการศึกษาขั้นพื้นฐาน,สพป.เชียงใหม่ เขต 2,5,20.00,19.44,40.00,14.14,40.00,13.33,20.00,24.49,15.00,12.25,20.00,18.71
2567,415,วัดบ้านเหล่า,แม่แตง,เล็ก,นอกเมือง,สำนักงานคณะกรรมการการศึกษาขั้นพื้นฐาน,สพป.เชียงใหม่ เขต 2,12,25.00,10.76,30.83,21.78,31.94,15.90,16.67,23.57,16.67,15.59,20.83,22.44
2567,416,วัดปางมะกล้วย,แม่แตง,เล็ก,นอกเมือง,สำนักงานคณะกรรมการการศึกษาขั้นพื้นฐาน,สพป.เชียงใหม่ เขต 2,7,26.19,23.33,28.57,9.90,33.33,19.92,21.43,24.74,17.86,22.02,32.14,25.75
2567,417,วัดแม่กะ,แม่แตง,เล็ก,นอกเมือง,สำนักงานคณะกรรมการการศึกษาขั้นพื้นฐาน,สพป.เชียงใหม่ เขต 2,20,27.50,17.70,35.50,17.17,40.83,27.12,17.50,23.85,38.75,29.02,30.00,24.49
2567,418,วัดหนองออน,แม่แตง,เล็ก,นอกเมือง,สำนักงานคณะกรรมการการศึกษาขั้นพื้นฐาน,สพป.เชียงใหม่ เขต 2,8,31.25,15.45,33.75,18.67,37.50,27.32,25.00,25.00,34.38,30.46,25.00,17.68
2567,419,วัดห้วยไร่,แม่แตง,เล็ก,นอกเมือง,สำนักงานคณะกรรมการการศึกษาขั้นพื้นฐาน,สพป.เชียงใหม่ เขต 2,16,33.33,22.05,44.37,19.35,46.87,18.84,21.87,30.46,37.50,27.95,39.06,30.58
2567,420,สบเปิงวิทยา,แม่แตง,กลาง,นอกเมือง,สำนักงานคณะกรรมการการศึกษาขั้นพื้นฐาน,สพป.เชียงใหม่ เขต 2,21,28.57,20.02,30.00,18.77,31.75,23.52,21.43,29.16,25.00,20.41,22.62,23.02
2567,421,สันป่ายางวิทยาคาร,แม่แตง,เล็ก,นอกเมือง,สำนักงานคณะกรรมการการศึกษาขั้นพื้นฐาน,สพป.เชียงใหม่ เขต 2,12,29.17,19.39,26.67,11.06,15.28,14.37,25.00,32.27,29.17,32.00,16.67,18.63
2567,422,สันป่าสักวิทยา,แม่แตง,กลาง,นอกเมือง,สำนักงานคณะกรรมการการศึกษาขั้นพื้นฐาน,สพป.เชียงใหม่ เขต 2,84,30.36,15.89,33.81,16.40,29.37,21.15,20.83,28.04,24.40,19.66,22.02,19.44
2567,423,สันมหาพนวิทยา,แม่แตง,เล็ก,นอกเมือง,สำนักงานคณะกรรมการการศึกษาขั้นพื้นฐาน,สพป.เชียงใหม่ เขต 2,22,25.76,20.55,24.55,21.26,30.30,23.91,38.64,33.48,23.86,21.95,30.68,24.92
2567,424,อนุบาลสานสายใยรักเทศบาลเมืองเมืองแกนพัฒนา,แม่แตง,กลาง,นอกเมือง,กรมส่งเสริมการปกครองท้องถิ่น,ท้องถิ่นจังหวัดเชียงใหม่,22,29.55,19.42,31.82,17.22,29.55,26.08,20.45,24.58,21.59,20.36,28.41,22.98
2567,425,เจ้าพ่อหลวงอุปถัมภ์ 7,แม่ริม,เล็ก,นอกเมือง,สำนักงานคณะกรรมการการศึกษาขั้นพื้นฐาน,สพป.เชียงใหม่ เขต 2,2,33.33,0.00,40.00,10.00,50.00,16.67,0.00,0.00,37.50,12.50,25.00,0.00
2567,426,เจ้าแม่หลวงอุปถัมภ์ 2,แม่ริม,เล็ก,นอกเมือง,สำนักงานคณะกรรมการการศึกษาขั้นพื้นฐาน,สพป.เชียงใหม่ เขต 2,25,38.00,15.29,20.40,10.38,27.33,14.05,32.00,24.00,26.00,21.77,20.00,20.00
2567,427,ดอนแก้วเนรมิตปัญญา,แม่ริม,กลาง,นอกเมือง,กรมส่งเสริมการปกครองท้องถิ่น,ท้องถิ่นจังหวัดเชียงใหม่,70,33.81,21.08,34.57,15.37,38.57,24.16,17.14,26.57,22.14,20.93,34.64,28.75
2567,428,ธีระวัธน์บำเพ็ญ,แม่ริม,กลาง,นอกเมือง,สำนักงานคณะกรรมการส่งเสริมการศึกษาเอกชน,-,78,41.45,22.76,40.90,22.14,43.38,24.36,24.36,31.77,28.21,20.94,35.90,26.43
2567,429,บ้านกองแหะ,แม่ริม,เล็ก,นอกเมือง,สำนักงานคณะกรรมการการศึกษาขั้นพื้นฐาน,สพป.เชียงใหม่ เขต 2,13,24.36,15.49,25.38,11.51,28.21,18.93,19.23,24.33,21.15,21.59,11.54,12.46
2567,430,บ้านกาดฮาว,แม่ริม,เล็ก,นอกเมือง,สำนักงานคณะกรรมการการศึกษาขั้นพื้นฐาน,สพป.เชียงใหม่ เขต 2,18,25.00,16.90,23.89,13.80,19.44,15.96,25.00,30.05,23.61,21.20,27.78,18.43
2567,431,บ้านคุณหมอ,แม่ริม,กลาง,นอกเมือง,สำนักงานคณะกรรมการส่งเสริมการศึกษาเอกชน,-,40,43.75,26.27,46.75,18.89,43.75,29.97,28.75,33.33,31.25,23.55,48.13,28.72
2567,432,บ้านดอนแก้ว,แม่ริม,กลาง,นอกเมือง,กรมส่งเสริมการปกครองท้องถิ่น,ท้องถิ่นจังหวัดเชียงใหม่,21,27.78,17.32,33.33,13.21,26.19,15.91,9.52,19.63,23.81,23.75,19.05,20.27
2567,433,บ้านต้นผึ้ง,แม่ริม,เล็ก,นอกเมือง,สำนักงานคณะกรรมการการศึกษาขั้นพื้นฐาน,สพป.เชียงใหม่ เขต 2,8,37.50,13.82,42.50,17.85,50.00,22.05,37.50,21.65,21.88,14.99,40.63,27.78
2567,434,บ้านทุ่งโป่ง,แม่ริม,กลาง,นอกเมือง,สำนักงานคณะกรรมการการศึกษาขั้นพื้นฐาน,สพป.เชียงใหม่ เขต 2,19,28.95,17.81,32.11,17.34,27.19,22.43,21.05,29.54,13.16,14.89,17.11,18.23
2567,435,บ้านน้ำริน,แม่ริม,เล็ก,นอกเมือง,สำนักงานคณะกรรมการการศึกษาขั้นพื้นฐาน,สพป.เชียงใหม่ เขต 2,6,36.11,17.79,25.00,12.58,30.56,17.79,25.00,25.00,29.17,17.18,25.00,14.43
2567,436,บ้านบวกจั่น,แม่ริม,เล็ก,นอกเมือง,สำนักงานคณะกรรมการการศึกษาขั้นพื้นฐาน,สพป.เชียงใหม่ เขต 2,13,24.36,19.19,31.54,10.99,25.64,18.04,23.08,31.72,25.00,16.98,21.15,19.23
2567,437,บ้านปางไฮ,แม่ริม,กลาง,นอกเมือง,สำนักงานคณะกรรมการการศึกษาขั้นพื้นฐาน,สพป.เชียงใหม่ เขต 2,13,26.92,17.95,22.31,9.73,20.51,17.48,19.23,24.33,17.31,15.14,34.62,20.89
2567,438,บ้านป่าติ้ว,แม่ริม,เล็ก,นอกเมือง,สำนักงานคณะกรรมการการศึกษาขั้นพื้นฐาน,สพป.เชียงใหม่ เขต 2,26,30.13,14.63,29.23,15.17,22.44,21.15,17.31,23.79,17.31,18.04,23.08,20.71
2567,439,บ้านโป่งแยงนอก,แม่ริม,เล็ก,นอกเมือง,สำนักงานคณะกรรมการการศึกษาขั้นพื้นฐาน,สพป.เชียงใหม่ เขต 2,17,31.37,17.04,35.29,14.19,34.31,25.86,11.76,21.21,22.06,20.80,26.47,21.81
2567,440,บ้านโป่งแยงใน,แม่ริม,เล็ก,นอกเมือง,สำนักงานคณะกรรมการการศึกษาขั้นพื้นฐาน,สพป.เชียงใหม่ เขต 2,18,35.19,20.70,29.44,11.29,29.63,18.05,13.89,27.92,16.67,22.05,23.61,21.20
2567,441,บ้านพระนอน,แม่ริม,เล็ก,นอกเมือง,สำนักงานคณะกรรมการการศึกษาขั้นพื้นฐาน,สพป.เชียงใหม่ เขต 2,21,23.81,22.75,32.38,18.23,25.40,21.59,28.57,32.99,25.00,20.41,26.19,23.75
2567,442,บ้านเมืองก๊ะ,แม่ริม,เล็ก,นอกเมือง,สำนักงานคณะกรรมการการศึกษาขั้นพื้นฐาน,สพป.เชียงใหม่ เขต 2,4,20.83,13.82,22.50,8.29,25.00,25.00,62.50,41.46,12.50,12.50,18.75,32.48
2567,443,บ้านแม่สา,แม่ริม,กลาง,นอกเมือง,สำนักงานคณะกรรมการการศึกษาขั้นพื้นฐาน,สพป.เชียงใหม่ เขต 2,21,38.89,21.41,31.90,14.35,39.68,16.65,19.05,28.77,23.81,21.10,27.38,20.27
2567,444,บ้านริมใต้,แม่ริม,กลาง,นอกเมือง,สำนักงานคณะกรรมการการศึกษาขั้นพื้นฐาน,สพป.เชียงใหม่ เขต 2,146,36.64,21.07,35.68,17.59,31.74,21.58,21.58,29.79,28.60,23.41,28.08,23.93
2567,445,บ้านศาลา,แม่ริม,กลาง,นอกเมือง,กรมส่งเสริมการปกครองท้องถิ่น,ท้องถิ่นจังหวัดเชียงใหม่,62,33.06,22.70,30.81,18.52,30.65,20.12,14.52,27.51,23.79,21.73,30.24,23.82
2567,446,บ้านสะลวงนอก,แม่ริม,เล็ก,นอกเมือง,สำนักงานคณะกรรมการการศึกษาขั้นพื้นฐาน,สพป.เชียงใหม่ เขต 2,9,31.48,16.56,26.67,11.55,16.67,15.71,16.67,23.57,13.89,12.42,13.89,17.12
2567,447,บ้านสันคะยอม,แม่ริม,เล็ก,นอกเมือง,สำนักงานคณะกรรมการการศึกษาขั้นพื้นฐาน,สพป.เชียงใหม่ เขต 2,13,28.21,20.03,21.54,10.99,19.23,8.88,7.69,18.04,25.00,21.93,11.54,12.46
2567,448,บ้านหนองปลามัน,แม่ริม,เล็ก,นอกเมือง,สำนักงานคณะกรรมการการศึกษาขั้นพื้นฐาน,สพป.เชียงใหม่ เขต 2,20,26.67,20.68,28.50,15.90,36.67,19.44,15.00,22.91,21.25,16.35,21.25,24.08
2567,449,มูลนิธิมหาราช 5,แม่ริม,เล็ก,นอกเมือง,สำนักงานคณะกรรมการการศึกษาขั้นพื้นฐาน,สพป.เชียงใหม่ เขต 2,19,35.96,17.32,33.68,12.65,26.32,19.73,18.42,24.12,26.32,23.61,27.63,27.97
2567,450,ราชประชานุเคราะห์ 60 จังหวัดเชียงใหม่,แม่ริม,กลาง,นอกเมือง,สำนักบริหารงานการศึกษาพิเศษ,-,28,28.57,16.58,24.64,14.26,17.26,12.97,14.29,22.59,22.32,22.50,22.32,16.82
2567,451,วัดทรายมูล,แม่ริม,เล็ก,นอกเมือง,สำนักงานคณะกรรมการการศึกษาขั้นพื้นฐาน,สพป.เชียงใหม่ เขต 2,21,27.78,16.53,32.38,17.16,40.48,25.50,21.43,24.74,27.38,26.62,33.33,27.09
2567,452,บ้านกาด(เขมวังส์ฯ),แม่วาง,กลาง,นอกเมือง,สำนักงานคณะกรรมการการศึกษาขั้นพื้นฐาน,สพป.เชียงใหม่ เขต 4,41,30.89,22.26,28.78,17.14,26.83,22.95,23.17,29.42,21.95,19.28,25.00,18.31
2567,453,บ้านทุ่งหลวง,แม่วาง,เล็ก,นอกเมือง,สำนักงานคณะกรรมการการศึกษาขั้นพื้นฐาน,สพป.เชียงใหม่ เขต 4,11,25.76,14.85,26.36,9.79,24.24,8.30,18.18,24.05,18.18,18.74,18.18,21.56
2567,454,บ้านพันตน,แม่วาง,เล็ก,นอกเมือง,สำนักงานคณะกรรมการการศึกษาขั้นพื้นฐาน,สพป.เชียงใหม่ เขต 4,7,23.81,12.14,30.00,10.69,14.29,10.65,35.71,34.99,21.43,15.97,28.57,20.82
2567,455,บ้านหนองเต่า,แม่วาง,เล็ก,นอกเมือง,สำนักงานคณะกรรมการการศึกษาขั้นพื้นฐาน,สพป.เชียงใหม่ เขต 4,10,25.00,13.44,25.00,10.25,11.67,10.67,35.00,39.05,25.00,27.39,15.00,25.50
2567,456,บ้านห้วยข้าวลีบ,แม่วาง,เล็ก,นอกเมือง,สำนักงานคณะกรรมการการศึกษาขั้นพื้นฐาน,สพป.เชียงใหม่ เขต 4,10,20.00,10.00,27.00,11.87,30.00,14.53,25.00,33.54,30.00,33.17,15.00,16.58
2567,457,บ้านห้วยตอง,แม่วาง,กลาง,นอกเมือง,สำนักงานคณะกรรมการการศึกษาขั้นพื้นฐาน,สพป.เชียงใหม่ เขต 4,17,27.45,22.82,31.76,15.43,24.51,14.14,29.41,34.55,32.35,23.89,27.94,16.90
2567,458,บ้านเหล่าป่าฝาง,แม่วาง,เล็ก,นอกเมือง,สำนักงานคณะกรรมการการศึกษาขั้นพื้นฐาน,สพป.เชียงใหม่ เขต 4,8,31.25,21.14,31.25,22.04,16.67,8.33,31.25,24.21,31.25,20.73,25.00,25.00
2567,459,บ้านใหม่สวรรค์,แม่วาง,เล็ก,นอกเมือง,สำนักงานคณะกรรมการการศึกษาขั้นพื้นฐาน,สพป.เชียงใหม่ เขต 4,13,26.92,17.95,28.46,11.67,25.64,20.27,19.23,24.33,28.85,23.71,23.08,11.85
2567,460,พัฒนาต้นน้ำที่ 5 ขุนวาง,แม่วาง,เล็ก,นอกเมือง,สำนักงานคณะกรรมการการศึกษาขั้นพื้นฐาน,สพป.เชียงใหม่ เขต 4,12,33.33,16.67,30.00,12.25,23.61,17.29,20.83,24.65,31.25,18.04,25.00,22.82
2567,461,แม่วินสามัคคี,แม่วาง,กลาง,นอกเมือง,สำนักงานคณะกรรมการการศึกษาขั้นพื้นฐาน,สพป.เชียงใหม่ เขต 4,20,25.83,18.62,30.50,15.32,25.83,23.26,15.00,22.91,21.25,19.80,30.00,24.49
2567,462,วัดดอนเปา,แม่วาง,เล็ก,นอกเมือง,กรมส่งเสริมการปกครองท้องถิ่น,ท้องถิ่นจังหวัดเชียงใหม่,12,33.33,20.41,27.50,11.64,34.72,23.03,12.50,21.65,18.75,23.11,27.08,12.33
2567,463,วัดทุ่งศาลา,แม่วาง,เล็ก,นอกเมือง,สำนักงานคณะกรรมการการศึกษาขั้นพื้นฐาน,สพป.เชียงใหม่ เขต 4,3,22.22,20.79,43.33,17.00,22.22,20.79,16.67,23.57,33.33,31.18,16.67,11.79
2567,464,วัดมะกับตองหลวง,แม่วาง,เล็ก,นอกเมือง,สำนักงานคณะกรรมการการศึกษาขั้นพื้นฐาน,สพป.เชียงใหม่ เขต 4,4,29.17,18.16,25.00,11.18,25.00,14.43,0.00,0.00,12.50,12.50,37.50,12.50
2567,465,วัดศิริชัยนิมิตร,แม่วาง,เล็ก,นอกเมือง,สำนักงานคณะกรรมการการศึกษาขั้นพื้นฐาน,สพป.เชียงใหม่ เขต 4,9,22.22,13.61,41.11,11.00,29.63,13.09,0.00,0.00,27.78,24.85,11.11,12.42
2567,466,วัดห้วยแก้ว,แม่วาง,เล็ก,นอกเมือง,สำนักงานคณะกรรมการการศึกษาขั้นพื้นฐาน,สพป.เชียงใหม่ เขต 4,5,23.33,13.33,28.00,11.66,36.67,19.44,30.00,24.49,50.00,27.39,20.00,10.00
2567,467,สโมสรไลออนรัตนโกสินทร์,แม่วาง,เล็ก,นอกเมือง,สำนักงานคณะกรรมการการศึกษาขั้นพื้นฐาน,สพป.เชียงใหม่ เขต 4,7,16.67,8.91,35.71,11.78,16.67,12.60,21.43,24.74,28.57,15.97,25.00,18.90
2567,468,สารสาสน์วิเทศอุปถัมภ์,แม่วาง,กลาง,นอกเมือง,สำนักงานคณะกรรมการส่งเสริมการศึกษาเอกชน,-,28,39.88,21.52,38.57,19.03,41.07,22.04,21.43,28.12,22.32,22.50,31.25,25.55
2567,469,หลวงพัฒนาบ้านขุนวาง,แม่วาง,กลาง,นอกเมือง,สำนักงานคณะกรรมการการศึกษาขั้นพื้นฐาน,สพป.เชียงใหม่ เขต 4,26,24.36,16.81,29.62,18.91,22.44,17.26,19.23,24.33,29.81,25.02,20.19,18.37
2567,470,ทาเหนือวิทยา,แม่ออน,เล็ก,นอกเมือง,สำนักงานคณะกรรมการการศึกษาขั้นพื้นฐาน,สพป.เชียงใหม่ เขต 1,16,28.12,17.40,29.37,14.78,17.71,10.97,25.00,30.62,25.00,23.39,32.81,24.56
2567,471,บ้านออนกลาง,แม่ออน,เล็ก,นอกเมือง,สำนักงานคณะกรรมการการศึกษาขั้นพื้นฐาน,สพป.เชียงใหม่ เขต 1,8,33.33,14.43,25.00,17.32,25.00,20.41,25.00,25.00,28.13,19.52,18.75,16.54
2567,472,บ้านออนหลวย,แม่ออน,เล็ก,นอกเมือง,สำนักงานคณะกรรมการการศึกษาขั้นพื้นฐาน,สพป.เชียงใหม่ เขต 1,2,16.67,0.00,50.00,20.00,8.33,8.33,25.00,25.00,0.00,0.00,50.00,0.00
2567,473,แม่ตะไคร้,แม่ออน,เล็ก,นอกเมือง,สำนักงานคณะกรรมการการศึกษาขั้นพื้นฐาน,สพป.เชียงใหม่ เขต 1,5,30.00,19.44,24.00,13.56,20.00,12.47,30.00,40.00,30.00,18.71,25.00,15.81
2567,474,วัดดอนชัย,แม่ออน,เล็ก,นอกเมือง,สำนักงานคณะกรรมการการศึกษาขั้นพื้นฐาน,สพป.เชียงใหม่ เขต 1,10,23.33,15.28,32.00,8.72,25.00,18.63,40.00,37.42,17.50,16.01,12.50,12.50
2567,475,วัดเปาสามขา,แม่ออน,เล็ก,นอกเมือง,สำนักงานคณะกรรมการการศึกษาขั้นพื้นฐาน,สพป.เชียงใหม่ เขต 1,20,26.67,20.00,21.00,10.44,21.67,15.90,20.00,33.17,17.50,17.85,23.75,18.50
2567,476,วัดห้วยแก้ว,แม่ออน,เล็ก,นอกเมือง,สำนักงานคณะกรรมการการศึกษาขั้นพื้นฐาน,สพป.เชียงใหม่ เขต 1,19,24.56,19.77,35.26,15.00,25.44,21.88,28.95,29.54,19.74,20.80,27.63,21.30
2567,477,วัดห้วยทราย,แม่ออน,เล็ก,นอกเมือง,สำนักงานคณะกรรมการการศึกษาขั้นพื้นฐาน,สพป.เชียงใหม่ เขต 1,23,26.09,15.41,29.13,13.80,25.36,15.44,17.39,23.81,22.83,19.38,29.35,17.53
2567,478,หมู่บ้านสหกรณ์ 2,แม่ออน,เล็ก,นอกเมือง,สำนักงานคณะกรรมการการศึกษาขั้นพื้นฐาน,สพป.เชียงใหม่ เขต 1,26,28.21,16.52,38.46,21.25,35.26,27.47,19.23,28.00,19.23,19.99,29.81,27.75
2567,479,กมล -เรียม สุโกศล (บ้านผาใต้),แม่อาย,เล็ก,นอกเมือง,สำนักงานคณะกรรมการการศึกษาขั้นพื้นฐาน,สพป.เชียงใหม่ เขต 3,13,26.92,16.72,26.15,21.68,20.51,13.32,11.54,21.07,25.00,21.93,13.46,15.86
2567,480,เจ้าพ่อหลวงอุปถัมภ์ 9,แม่อาย,กลาง,นอกเมือง,สำนักงานคณะกรรมการการศึกษาขั้นพื้นฐาน,สพป.เชียงใหม่ เขต 3,39,30.77,23.73,27.69,17.02,28.21,20.73,15.38,25.71,26.28,23.98,23.72,24.64
2567,481,ชุมชนบ้านคาย,แม่อาย,กลาง,นอกเมือง,สำนักงานคณะกรรมการการศึกษาขั้นพื้นฐาน,สพป.เชียงใหม่ เขต 3,16,28.12,15.27,22.50,14.36,29.17,18.16,12.50,21.65,18.75,18.75,15.63,17.40
2567,482,ชุมชนบ้านแม่ฮ่าง,แม่อาย,กลาง,นอกเมือง,สำนักงานคณะกรรมการการศึกษาขั้นพื้นฐาน,สพป.เชียงใหม่ เขต 3,46,28.99,16.46,28.26,15.65,22.10,17.74,20.65,30.53,28.26,20.59,19.57,19.44
2567,483,โชติคุณเกษมบ้านเมืองงาม,แม่อาย,กลาง,นอกเมือง,สำนักงานคณะกรรมการการศึกษาขั้นพื้นฐาน,สพป.เชียงใหม่ เขต 3,40,23.75,18.21,27.50,12.60,21.67,15.46,18.75,28.91,23.75,21.61,25.63,23.38
2567,484,ต.ช.ด. ไลออนส์มหาจักร 8,แม่อาย,เล็ก,นอกเมือง,สำนักงานคณะกรรมการการศึกษาขั้นพื้นฐาน,สพป.เชียงใหม่ เขต 3,13,30.77,18.31,31.54,20.70,38.46,32.28,19.23,31.25,28.85,23.71,26.92,30.16
2567,485,ต.ช.ด.ศึกษานารีอนุสรณ์ 3,แม่อาย,เล็ก,นอกเมือง,สำนักงานคณะกรรมการการศึกษาขั้นพื้นฐาน,สพป.เชียงใหม่ เขต 3,11,34.85,15.00,28.18,14.66,25.76,24.99,22.73,32.78,20.45,20.83,22.73,16.70
2567,486,ทุติยะโพธิ์อนุสรณ์,แม่อาย,เล็ก,นอกเมือง,กองบัญชาการตำรวจตระเวนชายแดน,-,10,25.00,8.33,25.00,14.32,15.00,11.67,15.00,22.91,37.50,20.16,15.00,22.91
2567,487,ไทยทนุบ้านสันต้นดู่,แม่อาย,เล็ก,นอกเมือง,สำนักงานคณะกรรมการการศึกษาขั้นพื้นฐาน,สพป.เชียงใหม่ เขต 3,13,29.49,17.48,30.00,15.69,34.62,29.57,11.54,21.07,21.15,16.54,19.23,17.41
2567,488,ไทยรัฐวิทยา 12 (บ้านเอก),แม่อาย,กลาง,นอกเมือง,สำนักงานคณะกรรมการการศึกษาขั้นพื้นฐาน,สพป.เชียงใหม่ เขต 3,18,38.89,20.79,30.56,15.80,38.89,16.67,8.33,18.63,25.00,20.41,25.00,23.57
2567,489,บ้านดง,แม่อาย,กลาง,นอกเมือง,สำนักงานคณะกรรมการการศึกษาขั้นพื้นฐาน,สพป.เชียงใหม่ เขต 3,14,30.95,22.59,29.29,18.69,29.76,18.02,14.29,22.59,16.07,22.37,19.64,21.50
2567,490,บ้านดอนชัย,แม่อาย,เล็ก,นอกเมือง,สำนักงานคณะกรรมการการศึกษาขั้นพื้นฐาน,สพป.เชียงใหม่ เขต 3,8,35.42,17.55,25.00,18.71,18.75,15.45,12.50,21.65,21.88,14.99,28.13,19.52
2567,491,บ้านท่ามะแกง,แม่อาย,เล็ก,นอกเมือง,สำนักงานคณะกรรมการการศึกษาขั้นพื้นฐาน,สพป.เชียงใหม่ เขต 3,16,32.29,18.13,28.75,17.63,36.46,26.50,18.75,29.97,21.88,21.42,20.31,18.15
2567,492,บ้านป่าก๊อ,แม่อาย,กลาง,นอกเมือง,สำนักงานคณะกรรมการการศึกษาขั้นพื้นฐาน,สพป.เชียงใหม่ เขต 3,23,22.46,16.75,25.22,12.11,20.29,16.99,15.22,23.01,18.48,19.81,18.48,16.84
2567,493,บ้านปางต้นเดื่อ,แม่อาย,กลาง,นอกเมือง,สำนักงานคณะกรรมการการศึกษาขั้นพื้นฐาน,สพป.เชียงใหม่ เขต 3,21,35.71,13.88,32.38,17.97,30.95,23.17,21.43,29.16,20.24,21.30,21.43,19.34
2567,494,บ้านป่าแดง,แม่อาย,กลาง,นอกเมือง,สำนักงานคณะกรรมการการศึกษาขั้นพื้นฐาน,สพป.เชียงใหม่ เขต 3,20,25.83,17.85,24.00,13.19,23.33,17.00,27.50,37.00,28.75,14.31,22.50,24.87
2567,495,บ้านโป่งไฮ,แม่อาย,เล็ก,นอกเมือง,สำนักงานคณะกรรมการการศึกษาขั้นพื้นฐาน,สพป.เชียงใหม่ เขต 3,11,24.24,10.93,25.45,13.73,18.18,18.06,27.27,44.54,18.18,21.56,15.91,19.28
2567,496,บ้านแม่สาว,แม่อาย,กลาง,นอกเมือง,สำนักงานคณะกรรมการการศึกษาขั้นพื้นฐาน,สพป.เชียงใหม่ เขต 3,56,31.25,18.65,26.43,16.74,21.43,19.60,16.96,27.18,25.45,21.90,19.20,21.65
2567,497,บ้านโละ,แม่อาย,เล็ก,นอกเมือง,สำนักงานคณะกรรมการการศึกษาขั้นพื้นฐาน,สพป.เชียงใหม่ เขต 3,7,26.19,15.06,40.00,10.69,33.33,15.43,35.71,22.59,32.14,29.01,14.29,12.37
2567,498,บ้านสันต้นหมื้อ,แม่อาย,กลาง,นอกเมือง,สำนักงานคณะกรรมการการศึกษาขั้นพื้นฐาน,สพป.เชียงใหม่ เขต 3,31,29.03,15.24,30.00,15.86,25.27,21.94,14.52,26.01,27.42,20.43,20.97,18.07
2567,499,บ้านสันปอธง,แม่อาย,เล็ก,นอกเมือง,สำนักงานคณะกรรมการการศึกษาขั้นพื้นฐาน,สพป.เชียงใหม่ เขต 3,14,42.86,17.50,28.57,9.15,16.67,12.60,21.43,31.13,23.21,17.59,28.57,24.74
2567,500,บ้านสันป่าข่า,แม่อาย,เล็ก,นอกเมือง,สำนักงานคณะกรรมการการศึกษาขั้นพื้นฐาน,สพป.เชียงใหม่ เขต 3,16,27.08,19.43,23.75,11.11,17.71,13.78,9.37,19.52,17.19,17.04,14.06,19.70
2567,501,บ้านสันป่าเหียว,แม่อาย,เล็ก,นอกเมือง,สำนักงานคณะกรรมการการศึกษาขั้นพื้นฐาน,สพป.เชียงใหม่ เขต 3,5,33.33,10.54,32.00,14.70,36.67,6.67,10.00,20.00,25.00,27.39,35.00,30.00
2567,502,บ้านสุขฤทัย,แม่อาย,กลาง,นอกเมือง,สำนักงานคณะกรรมการการศึกษาขั้นพื้นฐาน,สพป.เชียงใหม่ เขต 3,35,31.43,14.24,28.00,14.70,23.81,14.52,11.43,24.16,24.29,21.95,22.14,22.18
2567,503,บ้านหนองขี้นกยาง,แม่อาย,เล็ก,นอกเมือง,สำนักงานคณะกรรมการการศึกษาขั้นพื้นฐาน,สพป.เชียงใหม่ เขต 3,5,23.33,17.00,22.00,4.00,23.33,17.00,10.00,20.00,20.00,18.71,20.00,18.71
2567,504,บ้านหลวง,แม่อาย,เล็ก,นอกเมือง,สำนักงานคณะกรรมการการศึกษาขั้นพื้นฐาน,สพป.เชียงใหม่ เขต 3,6,25.00,12.73,30.00,8.16,19.44,11.45,8.33,18.63,20.83,9.32,0.00,0.00
2567,505,บ้านห้วยคอกหมู,แม่อาย,เล็ก,นอกเมือง,สำนักงานคณะกรรมการการศึกษาขั้นพื้นฐาน,สพป.เชียงใหม่ เขต 3,26,17.31,14.23,27.69,12.80,21.15,13.52,21.15,31.54,23.08,19.52,29.81,18.37
2567,506,บ้านห้วยป่าซาง,แม่อาย,เล็ก,นอกเมือง,สำนักงานคณะกรรมการการศึกษาขั้นพื้นฐาน,สพป.เชียงใหม่ เขต 3,20,28.33,17.56,33.00,18.19,30.83,18.47,22.50,29.47,20.00,18.71,22.50,19.20
2567,507,บ้านห้วยปู,แม่อาย,เล็ก,นอกเมือง,สำนักงานคณะกรรมการการศึกษาขั้นพื้นฐาน,สพป.เชียงใหม่ เขต 3,10,38.33,25.87,40.00,20.00,46.67,29.63,20.00,33.17,40.00,16.58,25.00,25.00
2567,508,บ้านห้วยม่วง,แม่อาย,เล็ก,นอกเมือง,สำนักงานคณะกรรมการการศึกษาขั้นพื้นฐาน,สพป.เชียงใหม่ เขต 3,13,37.18,18.67,26.15,12.73,33.33,19.61,15.38,23.08,19.23,17.41,15.38,15.62
2567,509,บ้านห้วยศาลา,แม่อาย,เล็ก,นอกเมือง,สำนักงานคณะกรรมการการศึกษาขั้นพื้นฐาน,สพป.เชียงใหม่ เขต 3,20,28.33,24.21,30.00,13.78,26.67,20.68,15.00,27.84,32.50,23.85,20.00,18.71
2567,510,บ้านฮ่างต่ำ,แม่อาย,เล็ก,นอกเมือง,สำนักงานคณะกรรมการการศึกษาขั้นพื้นฐาน,สพป.เชียงใหม่ เขต 3,13,35.90,18.31,29.23,17.30,34.62,22.13,19.23,24.33,19.23,19.99,17.31,20.53
2567,511,ประพันธ์ - อารีย์ หงษ์สกุล (บ้านห้วยห,แม่อาย,กลาง,นอกเมือง,สำนักงานคณะกรรมการการศึกษาขั้นพื้นฐาน,สพป.เชียงใหม่ เขต 3,27,31.48,18.89,24.07,11.63,27.16,12.95,16.67,23.57,25.00,22.57,16.67,20.41
2567,512,เพียงหลวง 1 (บ้านท่าตอน),แม่อาย,กลาง,นอกเมือง,สำนักงานคณะกรรมการการศึกษาขั้นพื้นฐาน,สพป.เชียงใหม่ เขต 3,51,32.35,20.19,31.57,16.85,36.27,28.53,19.61,31.43,26.96,26.12,28.92,24.94
2567,513,ราชประชานุเคราะห์ 30,แม่อาย,กลาง,นอกเมือง,สำนักบริหารงานการศึกษาพิเศษ,-,39,27.78,15.71,25.64,15.98,20.94,12.92,21.79,29.52,18.59,18.53,25.64,19.19
2567,514,วัดห้วยน้ำเย็น,แม่อาย,เล็ก,นอกเมือง,สำนักงานคณะกรรมการการศึกษาขั้นพื้นฐาน,สพป.เชียงใหม่ เขต 3,13,25.64,14.04,35.38,16.92,32.05,22.13,23.08,31.72,13.46,12.46,28.85,23.71
2567,515,ศึกษานารีอนุสรณ์ 1 บ้านแม่เมืองน้อย,แม่อาย,เล็ก,นอกเมือง,สำนักงานคณะกรรมการการศึกษาขั้นพื้นฐาน,สพป.เชียงใหม่ เขต 3,13,37.18,17.48,29.23,11.41,30.77,17.10,19.23,31.25,19.23,22.26,21.15,21.59
2567,516,ศึกษานารีอนุสรณ์ 2,แม่อาย,กลาง,นอกเมือง,สำนักงานคณะกรรมการการศึกษาขั้นพื้นฐาน,สพป.เชียงใหม่ เขต 3,15,28.89,22.33,24.67,11.47,25.56,15.95,13.33,22.11,20.00,18.71,23.33,21.34
2567,517,ศูนย์การเรียนตำรวจตระเวนชายแดนบ้านนามะอื้น,แม่อาย,เล็ก,นอกเมือง,กองบัญชาการตำรวจตระเวนชายแดน,-,7,33.33,21.82,28.57,13.55,21.43,14.68,28.57,36.42,28.57,8.75,32.14,11.29
2567,518,เฮียงไทยธำรงค์,แม่อาย,เล็ก,นอกเมือง,กองบัญชาการตำรวจตระเวนชายแดน,-,13,17.95,13.81,32.31,11.20,17.95,7.90,15.38,23.08,17.31,15.14,28.85,23.71
2567,519,ตชด.เบญจมะ1,เวียงแหง,เล็ก,นอกเมือง,กองบัญชาการตำรวจตระเวนชายแดน,-,10,25.00,11.18,22.00,13.27,25.00,20.07,10.00,20.00,15.00,16.58,22.50,17.50
2567,520,บ้านกองลม,เวียงแหง,กลาง,นอกเมือง,สำนักงานคณะกรรมการการศึกษาขั้นพื้นฐาน,สพป.เชียงใหม่ เขต 3,40,39.58,18.89,33.75,19.96,32.08,25.65,22.50,29.47,23.75,16.72,32.50,26.34
2567,521,บ้านจอง,เวียงแหง,กลาง,นอกเมือง,สำนักงานคณะกรรมการการศึกษาขั้นพื้นฐาน,สพป.เชียงใหม่ เขต 3,18,29.63,23.93,31.11,12.86,32.41,21.85,19.44,29.53,23.61,19.49,26.39,24.26
2567,522,บ้านนามน,เวียงแหง,เล็ก,นอกเมือง,สำนักงานคณะกรรมการการศึกษาขั้นพื้นฐาน,สพป.เชียงใหม่ เขต 3,22,24.24,21.16,29.09,15.05,27.27,19.17,18.18,24.05,22.73,16.70,17.05,15.79
2567,523,บ้านปางป๋อ,เวียงแหง,เล็ก,นอกเมือง,สำนักงานคณะกรรมการการศึกษาขั้นพื้นฐาน,สพป.เชียงใหม่ เขต 3,12,41.67,25.91,27.50,15.88,33.33,15.21,12.50,21.65,31.25,14.88,27.08,27.87
2567,524,บ้านเปียงหลวง,เวียงแหง,กลาง,นอกเมือง,สำนักงานคณะกรรมการการศึกษาขั้นพื้นฐาน,สพป.เชียงใหม่ เขต 3,38,31.58,16.13,35.26,14.64,24.12,15.62,23.68,27.47,22.37,20.51,33.55,27.07
2567,525,บ้านม่วงป๊อก,เวียงแหง,กลาง,นอกเมือง,สำนักงานคณะกรรมการการศึกษาขั้นพื้นฐาน,สพป.เชียงใหม่ เขต 3,30,29.44,18.10,29.00,14.46,27.22,17.47,13.33,25.60,23.33,17.00,12.50,17.97
2567,526,บ้านเวียงแหง,เวียงแหง,กลาง,นอกเมือง,สำนักงานคณะกรรมการการศึกษาขั้นพื้นฐาน,สพป.เชียงใหม่ เขต 3,25,36.00,20.91,24.00,16.25,30.00,17.00,26.00,32.00,18.00,20.64,21.00,26.15
2567,527,บ้านห้วยไคร้,เวียงแหง,กลาง,นอกเมือง,สำนักงานคณะกรรมการการศึกษาขั้นพื้นฐาน,สพป.เชียงใหม่ เขต 3,29,33.33,18.57,33.45,21.05,28.74,20.48,17.24,23.77,25.00,25.43,35.34,29.74
2567,528,รัฐราษฎร์อุปถัมภ์,เวียงแหง,กลาง,นอกเมือง,สำนักงานคณะกรรมการการศึกษาขั้นพื้นฐาน,สพป.เชียงใหม่ เขต 3,45,27.04,19.34,29.11,15.32,23.70,19.72,17.78,26.15,31.11,21.18,26.67,23.80
2567,529,ชุมชนบ้านดง,สะเมิง,เล็ก,นอกเมือง,สำนักงานคณะกรรมการการศึกษาขั้นพื้นฐาน,สพป.เชียงใหม่ เขต 2,22,24.24,21.16,26.82,13.61,21.21,21.43,22.73,24.90,15.91,14.19,21.59,20.36
2567,530,ชุมชนบ้านแม่สาบ,สะเมิง,เล็ก,นอกเมือง,สำนักงานคณะกรรมการการศึกษาขั้นพื้นฐาน,สพป.เชียงใหม่ เขต 2,8,35.42,22.73,21.25,10.53,27.08,11.60,37.50,33.07,18.75,16.54,25.00,17.68
2567,531,ทรายทองราษฎร์อุทิศ,สะเมิง,เล็ก,นอกเมือง,สำนักงานคณะกรรมการการศึกษาขั้นพื้นฐาน,สพป.เชียงใหม่ เขต 2,12,47.22,16.43,35.00,14.43,37.50,22.69,25.00,32.27,45.83,24.65,25.00,17.68
2567,532,บ้านกิ่วเสือ,สะเมิง,เล็ก,นอกเมือง,สำนักงานคณะกรรมการการศึกษาขั้นพื้นฐาน,สพป.เชียงใหม่ เขต 2,11,15.15,16.60,33.64,21.44,24.24,16.46,9.09,19.28,20.45,17.90,25.00,18.46
2567,533,บ้านนากู่,สะเมิง,เล็ก,นอกเมือง,สำนักงานคณะกรรมการการศึกษาขั้นพื้นฐาน,สพป.เชียงใหม่ เขต 2,7,30.95,16.50,35.71,7.28,16.67,12.60,14.29,22.59,28.57,20.82,14.29,18.21
2567,534,บ้านบ่อแก้ว,สะเมิง,กลาง,นอกเมือง,สำนักงานคณะกรรมการการศึกษาขั้นพื้นฐาน,สพป.เชียงใหม่ เขต 2,37,23.87,14.78,26.22,13.63,27.93,15.53,14.86,25.64,19.59,19.40,22.97,20.45
2567,535,บ้านปางขุม,สะเมิง,เล็ก,นอกเมือง,สำนักงานคณะกรรมการการศึกษาขั้นพื้นฐาน,สพป.เชียงใหม่ เขต 2,15,27.78,13.15,17.33,13.89,24.44,8.31,30.00,35.59,26.67,17.00,28.33,25.60
2567,536,บ้านป่าลาน,สะเมิง,เล็ก,นอกเมือง,สำนักงานคณะกรรมการการศึกษาขั้นพื้นฐาน,สพป.เชียงใหม่ เขต 2,11,31.82,13.21,32.73,25.26,13.64,13.89,31.82,32.14,18.18,18.74,22.73,16.70
2567,537,บ้านแม่ขะปู,สะเมิง,เล็ก,นอกเมือง,สำนักงานคณะกรรมการการศึกษาขั้นพื้นฐาน,สพป.เชียงใหม่ เขต 2,14,20.24,16.88,25.00,14.52,28.57,17.17,21.43,31.13,17.86,17.50,26.79,17.59
2567,538,บ้านแม่โต๋,สะเมิง,เล็ก,นอกเมือง,สำนักงานคณะกรรมการการศึกษาขั้นพื้นฐาน,สพป.เชียงใหม่ เขต 2,21,20.63,18.48,29.52,18.64,23.81,15.06,19.05,32.65,25.00,21.82,29.76,19.85
2567,539,บ้านแม่ยางห้า,สะเมิง,เล็ก,นอกเมือง,สำนักงานคณะกรรมการการศึกษาขั้นพื้นฐาน,สพป.เชียงใหม่ เขต 2,20,23.33,15.28,25.00,17.75,22.50,13.20,20.00,24.49,23.75,16.72,25.00,22.36
2567,540,บ้านแม่ลานคำ,สะเมิง,เล็ก,นอกเมือง,สำนักงานคณะกรรมการการศึกษาขั้นพื้นฐาน,สพป.เชียงใหม่ เขต 2,17,17.65,15.62,20.59,11.62,20.59,16.70,17.65,29.41,20.59,19.62,22.06,22.50
2567,541,บ้านแม่แว,สะเมิง,เล็ก,นอกเมือง,สำนักงานคณะกรรมการการศึกษาขั้นพื้นฐาน,สพป.เชียงใหม่ เขต 2,8,35.42,13.01,31.25,16.15,22.92,14.28,37.50,33.07,21.88,14.99,9.38,12.10
2567,542,บ้านห้วยน้ำจาง,สะเมิง,เล็ก,นอกเมือง,สำนักงานคณะกรรมการการศึกษาขั้นพื้นฐาน,สพป.เชียงใหม่ เขต 2,4,29.17,18.16,32.50,19.20,12.50,7.22,12.50,21.65,18.75,20.73,6.25,10.83
2567,543,รัปปาปอร์ต,สะเมิง,เล็ก,นอกเมือง,สำนักงานคณะกรรมการการศึกษาขั้นพื้นฐาน,สพป.เชียงใหม่ เขต 2,20,30.83,21.26,23.00,13.08,29.17,21.65,12.50,26.81,20.00,24.49,25.00,20.92
2567,544,วัดงิ้วเฒ่า,สะเมิง,เล็ก,นอกเมือง,สำนักงานคณะกรรมการการศึกษาขั้นพื้นฐาน,สพป.เชียงใหม่ เขต 2,10,30.00,23.33,31.00,18.14,21.67,18.33,20.00,33.17,32.50,22.50,25.00,25.00
2567,545,วัดบ้านป้อก,สะเมิง,เล็ก,นอกเมือง,สำนักงานคณะกรรมการการศึกษาขั้นพื้นฐาน,สพป.เชียงใหม่ เขต 2,3,33.33,0.00,23.33,18.86,27.78,20.79,0.00,0.00,41.67,31.18,8.33,11.79
2567,546,วัดปางเติม,สะเมิง,เล็ก,นอกเมือง,สำนักงานคณะกรรมการการศึกษาขั้นพื้นฐาน,สพป.เชียงใหม่ เขต 2,11,22.73,12.86,28.18,12.66,18.18,19.40,4.55,14.37,22.73,16.70,27.27,16.70
2567,547,วัดแม่เลย,สะเมิง,เล็ก,นอกเมือง,สำนักงานคณะกรรมการการศึกษาขั้นพื้นฐาน,สพป.เชียงใหม่ เขต 2,8,22.92,14.28,15.00,10.00,37.50,13.82,6.25,16.54,21.88,19.52,21.88,19.52
2567,548,วัดยั้งเมิน,สะเมิง,เล็ก,นอกเมือง,สำนักงานคณะกรรมการการศึกษาขั้นพื้นฐาน,สพป.เชียงใหม่ เขต 2,11,28.79,10.28,30.91,15.64,31.82,22.98,9.09,19.28,36.36,16.39,25.00,23.84
2567,549,บ้านกอสะเลียม,สันกำแพง,เล็ก,นอกเมือง,สำนักงานคณะกรรมการการศึกษาขั้นพื้นฐาน,สพป.เชียงใหม่ เขต 1,10,26.67,18.56,39.00,16.40,33.33,22.36,20.00,24.49,27.50,20.77,35.00,30.00
2567,550,บ้านแช่ช้าง (เทพนานุกูล),สันกำแพง,เล็ก,นอกเมือง,สำนักงานคณะกรรมการการศึกษาขั้นพื้นฐาน,สพป.เชียงใหม่ เขต 1,18,41.67,23.07,33.89,17.04,38.89,21.52,25.00,25.00,26.39,24.26,30.56,19.64
2567,551,บ้านบวกค้าง,สันกำแพง,เล็ก,นอกเมือง,สำนักงานคณะกรรมการการศึกษาขั้นพื้นฐาน,สพป.เชียงใหม่ เขต 1,7,33.33,15.43,24.29,10.50,23.81,12.14,28.57,24.74,25.00,18.90,28.57,20.82
2567,552,บ้านบ่อสร้างนรากรประสาท,สันกำแพง,กลาง,นอกเมือง,สำนักงานคณะกรรมการการศึกษาขั้นพื้นฐาน,สพป.เชียงใหม่ เขต 1,52,31.09,22.18,35.19,21.79,31.41,20.06,17.31,32.35,15.87,17.00,33.65,23.96
2567,553,บ้านมอญ,สันกำแพง,เล็ก,นอกเมือง,สำนักงานคณะกรรมการการศึกษาขั้นพื้นฐาน,สพป.เชียงใหม่ เขต 1,3,33.33,13.61,23.33,18.86,22.22,7.86,16.67,23.57,8.33,11.79,25.00,20.41
2567,554,บ้านแม่ปูคา,สันกำแพง,เล็ก,นอกเมือง,สำนักงานคณะกรรมการการศึกษาขั้นพื้นฐาน,สพป.เชียงใหม่ เขต 1,19,23.68,17.37,26.32,13.06,31.58,18.65,18.42,24.12,22.37,22.79,31.58,19.60
2567,555,บ้านสันกำแพง,สันกำแพง,ใหญ่พิเศษ,นอกเมือง,สำนักงานคณะกรรมการการศึกษาขั้นพื้นฐาน,สพป.เชียงใหม่ เขต 1,301,38.21,25.35,38.57,23.00,38.98,26.85,21.93,30.52,28.32,27.21,35.22,30.73
2567,556,บ้านหนองโค้ง,สันกำแพง,กลาง,นอกเมือง,สำนักงานคณะกรรมการการศึกษาขั้นพื้นฐาน,สพป.เชียงใหม่ เขต 1,84,38.29,22.24,34.29,20.25,38.69,22.74,22.02,32.14,30.95,24.89,28.57,23.82
2567,557,วัดทรายมูลรัตนศึกษา,สันกำแพง,เล็ก,นอกเมือง,สำนักงานคณะกรรมการการศึกษาขั้นพื้นฐาน,สพป.เชียงใหม่ เขต 1,5,20.00,12.47,16.00,4.90,13.33,6.67,10.00,20.00,40.00,20.00,25.00,22.36
2567,558,วัดบ้านน้อย,สันกำแพง,เล็ก,นอกเมือง,สำนักงานคณะกรรมการการศึกษาขั้นพื้นฐาน,สพป.เชียงใหม่ เขต 1,18,26.85,20.14,26.67,15.63,18.52,14.58,19.44,24.37,23.61,21.20,25.00,22.05
2567,559,วัดป่าตาล,สันกำแพง,เล็ก,นอกเมือง,สำนักงานคณะกรรมการการศึกษาขั้นพื้นฐาน,สพป.เชียงใหม่ เขต 1,2,25.00,8.33,15.00,5.00,0.00,0.00,25.00,25.00,0.00,0.00,37.50,12.50
2567,560,วัดร้องวัวแดงศรีจันทร์วิทยาคาร,สันกำแพง,เล็ก,นอกเมือง,สำนักงานคณะกรรมการการศึกษาขั้นพื้นฐาน,สพป.เชียงใหม่ เขต 1,10,31.67,22.91,24.00,16.25,25.00,15.37,35.00,32.02,20.00,15.00,32.50,11.46
2567,561,วัดล้านตอง,สันกำแพง,เล็ก,นอกเมือง,สำนักงานคณะกรรมการการศึกษาขั้นพื้นฐาน,สพป.เชียงใหม่ เขต 1,19,31.58,18.65,32.11,16.41,27.19,19.65,18.42,24.12,17.11,19.95,27.63,21.30
2567,562,วัดสันกลางเหนือ,สันกำแพง,เล็ก,นอกเมือง,สำนักงานคณะกรรมการการศึกษาขั้นพื้นฐาน,สพป.เชียงใหม่ เขต 1,20,35.83,25.97,31.50,27.62,33.33,29.81,30.00,36.74,23.75,24.33,33.75,34.71
2567,563,วัดสันโค้ง,สันกำแพง,เล็ก,นอกเมือง,สำนักงานคณะกรรมการการศึกษาขั้นพื้นฐาน,สพป.เชียงใหม่ เขต 1,9,20.37,18.89,25.56,10.66,12.96,15.27,27.78,24.85,33.33,16.67,25.00,16.67
2567,564,วัดสันมะฮกฟ้า,สันกำแพง,เล็ก,นอกเมือง,สำนักงานคณะกรรมการการศึกษาขั้นพื้นฐาน,สพป.เชียงใหม่ เขต 1,19,42.98,21.16,38.42,19.81,40.35,30.26,15.79,23.24,15.79,14.53,31.58,32.28
2567,565,สวนเด็กสันกำแพง,สันกำแพง,กลาง,นอกเมือง,สำนักงานคณะกรรมการส่งเสริมการศึกษาเอกชน,-,32,48.96,26.98,47.19,23.88,43.23,26.63,23.44,30.58,34.38,28.47,43.75,35.36
2567,566,สันกำแพงคันธาอนุสรณ์,สันกำแพง,เล็ก,นอกเมือง,สำนักงานคณะกรรมการการศึกษาขั้นพื้นฐาน,สพป.เชียงใหม่ เขต 1,19,29.82,18.40,31.05,15.18,25.44,20.50,21.05,24.69,13.16,20.47,26.32,20.64
2567,567,ออนใต้วิทยา,สันกำแพง,เล็ก,นอกเมือง,สำนักงานคณะกรรมการการศึกษาขั้นพื้นฐาน,สพป.เชียงใหม่ เขต 1,19,28.95,17.81,26.84,19.48,21.93,15.34,13.16,22.02,21.05,16.75,25.00,19.87
2567,568,ชลประทานเขื่อนแม่กวงจิราธิวัฒน์อุปถัมภ์,สันทราย,กลาง,นอกเมือง,สำนักงานคณะกรรมการการศึกษาขั้นพื้นฐาน,สพป.เชียงใหม่ เขต 2,14,23.81,17.50,25.71,14.50,28.57,24.74,14.29,22.59,23.21,27.49,19.64,13.95
2567,569,ต้นกล้า,สันทราย,กลาง,นอกเมือง,สำนักงานคณะกรรมการส่งเสริมการศึกษาเอกชน,-,21,84.92,16.19,84.29,10.94,86.51,14.20,61.90,34.17,57.14,27.97,89.29,14.58
2567,570,บ้านเจดีย์แม่ครัว,สันทราย,กลาง,นอกเมือง,สำนักงานคณะกรรมการการศึกษาขั้นพื้นฐาน,สพป.เชียงใหม่ เขต 2,77,34.20,21.47,34.16,18.68,28.57,22.93,18.18,26.62,22.40,24.03,26.95,22.35
2567,571,บ้านท่าเกวียน,สันทราย,เล็ก,นอกเมือง,สำนักงานคณะกรรมการการศึกษาขั้นพื้นฐาน,สพป.เชียงใหม่ เขต 2,12,20.83,12.03,30.83,15.52,23.61,12.65,16.67,23.57,33.33,18.63,18.75,18.04
2567,572,บ้านบวกเปา,สันทราย,เล็ก,นอกเมือง,สำนักงานคณะกรรมการการศึกษาขั้นพื้นฐาน,สพป.เชียงใหม่ เขต 2,5,40.00,20.00,38.00,13.27,43.33,8.16,30.00,24.49,50.00,15.81,20.00,18.71
2567,573,บ้านป่าก้าง,สันทราย,เล็ก,นอกเมือง,สำนักงานคณะกรรมการการศึกษาขั้นพื้นฐาน,สพป.เชียงใหม่ เขต 2,14,28.57,13.26,24.29,16.78,21.43,20.34,10.71,20.52,25.00,23.15,25.00,16.37
2567,574,บ้านป่าบง,สันทราย,เล็ก,นอกเมือง,สำนักงานคณะกรรมการการศึกษาขั้นพื้นฐาน,สพป.เชียงใหม่ เขต 2,14,41.67,18.63,35.00,15.92,35.71,22.59,17.86,23.96,28.57,26.49,21.43,26.49
2567,575,บ้านป่าเหมือด,สันทราย,เล็ก,นอกเมือง,สำนักงานคณะกรรมการการศึกษาขั้นพื้นฐาน,สพป.เชียงใหม่ เขต 2,25,34.67,19.39,36.40,22.78,35.33,22.76,20.00,28.28,28.00,20.40,28.00,23.79
2567,576,บ้านโปง,สันทราย,เล็ก,นอกเมือง,สำนักงานคณะกรรมการการศึกษาขั้นพื้นฐาน,สพป.เชียงใหม่ เขต 2,19,29.82,19.18,32.11,17.34,18.42,16.13,23.68,24.97,28.95,21.86,23.68,23.61
2567,577,บ้านโป่ง,สันทราย,เล็ก,นอกเมือง,สำนักงานคณะกรรมการการศึกษาขั้นพื้นฐาน,สพป.เชียงใหม่ เขต 2,4,29.17,13.82,20.00,7.07,16.67,11.79,25.00,25.00,31.25,20.73,31.25,20.73
2567,578,บ้านเมืองขอน,สันทราย,เล็ก,นอกเมือง,สำนักงานคณะกรรมการการศึกษาขั้นพื้นฐาน,สพป.เชียงใหม่ เขต 2,6,27.78,12.42,25.00,12.58,25.00,8.33,16.67,23.57,12.50,12.50,20.83,9.32
2567,579,บ้านแม่โจ้,สันทราย,กลาง,นอกเมือง,สำนักงานคณะกรรมการการศึกษาขั้นพื้นฐาน,สพป.เชียงใหม่ เขต 2,58,30.46,19.85,26.72,15.36,26.44,19.58,12.93,23.78,18.10,18.45,26.29,20.46
2567,580,บ้านแม่แต,สันทราย,เล็ก,นอกเมือง,สำนักงานคณะกรรมการการศึกษาขั้นพื้นฐาน,สพป.เชียงใหม่ เขต 2,3,38.89,15.71,30.00,0.00,27.78,20.79,16.67,23.57,16.67,23.57,33.33,23.57
2567,581,บ้านแม่แฝก,สันทราย,เล็ก,นอกเมือง,สำนักงานคณะกรรมการการศึกษาขั้นพื้นฐาน,สพป.เชียงใหม่ เขต 2,18,31.48,18.33,30.56,12.68,24.07,16.87,13.89,27.92,26.39,21.20,16.67,16.67
2567,582,บ้านแม่ย่อย,สันทราย,เล็ก,นอกเมือง,สำนักงานคณะกรรมการการศึกษาขั้นพื้นฐาน,สพป.เชียงใหม่ เขต 2,19,34.21,16.64,26.32,12.23,31.58,18.65,5.26,15.34,26.32,20.64,25.00,19.87
2567,583,บ้านร่มหลวง,สันทราย,เล็ก,นอกเมือง,สำนักงานคณะกรรมการการศึกษาขั้นพื้นฐาน,สพป.เชียงใหม่ เขต 2,17,26.47,19.85,26.47,9.67,24.51,18.18,17.65,23.89,23.53,15.97,17.65,22.30
2567,584,บ้านศรีงาม,สันทราย,เล็ก,นอกเมือง,สำนักงานคณะกรรมการการศึกษาขั้นพื้นฐาน,สพป.เชียงใหม่ เขต 2,5,33.33,14.91,32.00,9.80,36.67,12.47,40.00,20.00,20.00,18.71,20.00,29.15
2567,585,บ้านศรีบุญเรือง,สันทราย,กลาง,นอกเมือง,สำนักงานคณะกรรมการการศึกษาขั้นพื้นฐาน,สพป.เชียงใหม่ เขต 2,33,26.77,18.78,28.18,12.66,26.77,16.38,15.15,22.98,19.70,17.14,21.21,17.54
2567,586,บ้านสันพระเนตร,สันทราย,เล็ก,นอกเมือง,สำนักงานคณะกรรมการการศึกษาขั้นพื้นฐาน,สพป.เชียงใหม่ เขต 2,5,36.67,19.44,48.00,19.39,43.33,20.00,0.00,0.00,45.00,10.00,45.00,18.71
2567,587,บ้านสันศรี,สันทราย,เล็ก,นอกเมือง,สำนักงานคณะกรรมการการศึกษาขั้นพื้นฐาน,สพป.เชียงใหม่ เขต 2,6,41.67,12.73,23.33,9.43,50.00,28.87,8.33,18.63,8.33,18.63,12.50,19.09
2567,588,บ้านหนองไคร้,สันทราย,กลาง,นอกเมือง,สำนักงานคณะกรรมการการศึกษาขั้นพื้นฐาน,สพป.เชียงใหม่ เขต 2,65,34.36,19.14,26.15,17.07,31.28,20.78,20.77,30.25,28.08,21.71,26.54,20.97
2567,589,บ้านหนองมะจับ,สันทราย,เล็ก,นอกเมือง,สำนักงานคณะกรรมการการศึกษาขั้นพื้นฐาน,สพป.เชียงใหม่ เขต 2,5,30.00,12.47,30.00,10.95,30.00,12.47,10.00,20.00,20.00,18.71,25.00,27.39
2567,590,บ้านหนองหาร,สันทราย,เล็ก,นอกเมือง,สำนักงานคณะกรรมการการศึกษาขั้นพื้นฐาน,สพป.เชียงใหม่ เขต 2,23,30.43,12.68,24.35,12.45,24.64,20.19,8.70,24.01,28.26,24.79,16.30,17.46
2567,591,บ้านหลักปัน,สันทราย,กลาง,นอกเมือง,สำนักงานคณะกรรมการการศึกษาขั้นพื้นฐาน,สพป.เชียงใหม่ เขต 2,12,38.89,20.79,27.50,11.64,37.50,13.82,29.17,32.00,37.50,23.94,16.67,21.25
2567,592,บ้านห้วยเกี๋ยง,สันทราย,กลาง,นอกเมือง,สำนักงานคณะกรรมการการศึกษาขั้นพื้นฐาน,สพป.เชียงใหม่ เขต 2,45,26.30,16.66,30.67,14.05,22.59,17.62,17.78,23.93,22.22,16.85,21.11,18.97
2567,593,บ้านหัวฝาย,สันทราย,เล็ก,นอกเมือง,สำนักงานคณะกรรมการการศึกษาขั้นพื้นฐาน,สพป.เชียงใหม่ เขต 2,5,40.00,17.00,34.00,18.55,30.00,16.33,10.00,20.00,20.00,18.71,30.00,24.49
2567,594,พงษ์พิกุลเชียงใหม่,สันทราย,กลาง,นอกเมือง,สำนักงานคณะกรรมการส่งเสริมการศึกษาเอกชน,-,20,37.50,18.16,37.00,21.24,35.00,21.67,12.50,21.65,23.75,23.01,37.50,24.37
2567,595,วัดแม่แก้ดน้อย,สันทราย,ใหญ่,นอกเมือง,สำนักงานคณะกรรมการการศึกษาขั้นพื้นฐาน,สพป.เชียงใหม่ เขต 2,111,30.48,20.49,31.44,19.02,28.98,20.59,22.07,31.25,25.68,25.22,25.23,25.00
2567,596,วัดสันคะยอม,สันทราย,เล็ก,นอกเมือง,สำนักงานคณะกรรมการการศึกษาขั้นพื้นฐาน,สพป.เชียงใหม่ เขต 2,22,26.52,19.89,35.45,16.44,26.52,19.89,15.91,23.29,27.27,28.11,23.86,17.64
2567,597,วัดสันทรายมูล,สันทราย,เล็ก,นอกเมือง,สำนักงานคณะกรรมการการศึกษาขั้นพื้นฐาน,สพป.เชียงใหม่ เขต 2,19,31.58,25.30,31.05,11.19,35.09,17.85,18.42,33.29,27.63,19.69,22.37,17.94
2567,598,วีรยาเชียงใหม่,สันทราย,กลาง,นอกเมือง,สำนักงานคณะกรรมการส่งเสริมการศึกษาเอกชน,-,36,50.93,27.76,52.22,26.78,59.26,28.18,40.28,40.52,43.75,32.48,54.17,28.57
2567,599,สวนองุ่นเชียงใหม่,สันทราย,กลาง,นอกเมือง,สำนักงานคณะกรรมการส่งเสริมการศึกษาเอกชน,-,39,69.23,21.86,70.77,19.92,78.21,25.36,56.41,37.86,71.15,25.66,74.36,28.58
2567,600,สันทรายหลวง,สันทราย,กลาง,นอกเมือง,สำนักงานคณะกรรมการการศึกษาขั้นพื้นฐาน,สพป.เชียงใหม่ เขต 2,62,31.18,20.84,35.16,20.46,34.95,27.22,24.19,30.77,25.81,22.88,33.06,24.91
2567,601,กิ่วแลน้อยประสิทธิ์วิทยา,สันป่าตอง,กลาง,นอกเมือง,สำนักงานคณะกรรมการการศึกษาขั้นพื้นฐาน,สพป.เชียงใหม่ เขต 4,27,31.48,13.09,41.11,17.07,37.65,26.29,16.67,23.57,29.63,21.56,27.78,18.43
2567,602,ชุมชนกิ่วแลหลวงประสิทธิ์วิทยา,สันป่าตอง,เล็ก,นอกเมือง,สำนักงานคณะกรรมการการศึกษาขั้นพื้นฐาน,สพป.เชียงใหม่ เขต 4,3,16.67,23.57,40.00,14.14,38.89,7.86,0.00,0.00,33.33,11.79,16.67,11.79
2567,603,ทุ่งฟ้าบดราษฎร์บำรุง,สันป่าตอง,กลาง,นอกเมือง,กรมส่งเสริมการปกครองท้องถิ่น,ท้องถิ่นจังหวัดเชียงใหม่,111,38.44,22.12,39.10,19.48,37.24,25.99,24.32,31.38,23.20,21.15,30.41,26.72
2567,604,บ้านทุ่งเสี้ยว (นวรัฐ),สันป่าตอง,เล็ก,นอกเมือง,สำนักงานคณะกรรมการการศึกษาขั้นพื้นฐาน,สพป.เชียงใหม่ เขต 4,15,27.78,22.50,23.33,11.35,26.67,15.87,23.33,30.91,26.67,17.00,23.33,19.29
2567,605,บ้านเปียง,สันป่าตอง,เล็ก,นอกเมือง,สำนักงานคณะกรรมการการศึกษาขั้นพื้นฐาน,สพป.เชียงใหม่ เขต 4,11,25.76,17.93,22.73,17.10,27.27,17.80,13.64,22.27,20.45,14.37,20.45,17.90
2567,606,บ้านม่วงพี่น้อง,สันป่าตอง,เล็ก,นอกเมือง,สำนักงานคณะกรรมการการศึกษาขั้นพื้นฐาน,สพป.เชียงใหม่ เขต 4,10,25.00,13.44,33.00,13.45,25.00,15.37,5.00,15.00,27.50,17.50,15.00,22.91
2567,607,บ้านแม่กุ้งหลวง,สันป่าตอง,เล็ก,นอกเมือง,สำนักงานคณะกรรมการการศึกษาขั้นพื้นฐาน,สพป.เชียงใหม่ เขต 4,8,31.25,19.43,30.00,11.18,12.50,7.22,12.50,21.65,18.75,10.83,25.00,21.65
2567,608,บ้านร่องน้ำ,สันป่าตอง,เล็ก,นอกเมือง,สำนักงานคณะกรรมการการศึกษาขั้นพื้นฐาน,สพป.เชียงใหม่ เขต 4,9,31.48,18.33,28.89,15.95,20.37,20.45,5.56,15.71,41.67,16.67,30.56,25.76
2567,609,บ้านห้วยส้ม,สันป่าตอง,เล็ก,นอกเมือง,สำนักงานคณะกรรมการการศึกษาขั้นพื้นฐาน,สพป.เชียงใหม่ เขต 4,15,31.11,19.12,37.33,18.79,30.00,19.44,16.67,29.81,25.00,22.36,18.33,14.34
2567,610,บ้านหัวริน,สันป่าตอง,เล็ก,นอกเมือง,สำนักงานคณะกรรมการการศึกษาขั้นพื้นฐาน,สพป.เชียงใหม่ เขต 4,12,23.61,19.79,25.00,11.90,29.17,16.84,20.83,32.00,16.67,21.25,27.08,27.87
2567,611,พัฒนวิทย์ศึกษา,สันป่าตอง,ใหญ่,นอกเมือง,สำนักงานคณะกรรมการส่งเสริมการศึกษาเอกชน,-,74,33.78,20.50,36.76,21.00,33.11,23.17,21.62,30.85,26.35,25.30,34.80,25.61
2567,612,วัดกู่คำ,สันป่าตอง,เล็ก,นอกเมือง,สำนักงานคณะกรรมการการศึกษาขั้นพื้นฐาน,สพป.เชียงใหม่ เขต 4,21,33.33,24.67,28.10,15.31,32.54,23.27,11.90,21.30,13.10,16.58,22.62,23.02
2567,613,วัดช่างกระดาษ,สันป่าตอง,เล็ก,นอกเมือง,สำนักงานคณะกรรมการการศึกษาขั้นพื้นฐาน,สพป.เชียงใหม่ เขต 4,4,20.83,21.65,35.00,18.03,33.33,11.79,25.00,25.00,12.50,12.50,18.75,20.73
2567,614,วัดดงป่างิ้ว,สันป่าตอง,เล็ก,นอกเมือง,สำนักงานคณะกรรมการการศึกษาขั้นพื้นฐาน,สพป.เชียงใหม่ เขต 4,2,50.00,16.67,45.00,5.00,75.00,8.33,75.00,25.00,62.50,12.50,75.00,25.00
2567,615,วัดท่ากาน,สันป่าตอง,เล็ก,นอกเมือง,สำนักงานคณะกรรมการการศึกษาขั้นพื้นฐาน,สพป.เชียงใหม่ เขต 4,5,30.00,16.33,30.00,10.95,33.33,10.54,40.00,20.00,25.00,22.36,20.00,24.49
2567,616,วัดน้ำบ่อหลวง,สันป่าตอง,เล็ก,นอกเมือง,สำนักงานคณะกรรมการการศึกษาขั้นพื้นฐาน,สพป.เชียงใหม่ เขต 4,14,29.76,14.34,22.14,13.19,27.38,14.92,39.29,27.89,23.21,19.96,19.64,23.49
2567,617,วัดโรงวัว,สันป่าตอง,เล็ก,นอกเมือง,สำนักงานคณะกรรมการการศึกษาขั้นพื้นฐาน,สพป.เชียงใหม่ เขต 4,18,28.70,17.40,25.56,15.71,25.93,12.70,16.67,23.57,18.06,21.74,15.28,16.95
2567,618,วัดสามหลัง,สันป่าตอง,เล็ก,นอกเมือง,สำนักงานคณะกรรมการการศึกษาขั้นพื้นฐาน,สพป.เชียงใหม่ เขต 4,7,45.24,17.17,42.86,14.85,35.71,16.50,28.57,24.74,39.29,26.24,42.86,34.63
2567,619,วัดอุเม็ง,สันป่าตอง,เล็ก,นอกเมือง,สำนักงานคณะกรรมการการศึกษาขั้นพื้นฐาน,สพป.เชียงใหม่ เขต 4,10,30.00,16.33,39.00,22.56,35.00,18.93,15.00,22.91,35.00,20.00,25.00,22.36
2567,620,วิมานทิพย์,สันป่าตอง,เล็ก,นอกเมือง,สำนักงานคณะกรรมการส่งเสริมการศึกษาเอกชน,-,27,54.94,27.15,50.37,24.57,61.73,27.89,40.74,33.44,36.11,24.85,55.56,29.92
2567,621,สันป่าตอง,สันป่าตอง,เล็ก,นอกเมือง,กรมส่งเสริมการปกครองท้องถิ่น,ท้องถิ่นจังหวัดเชียงใหม่,12,34.72,15.90,25.83,21.00,33.33,23.57,33.33,42.49,20.83,19.98,27.08,21.55
2567,622,สันป่าตอง (สุวรรณราษฎร์วิทยาคาร),สันป่าตอง,ใหญ่,นอกเมือง,สำนักงานคณะกรรมการการศึกษาขั้นพื้นฐาน,สพป.เชียงใหม่ เขต 4,176,42.33,26.70,44.15,23.75,44.22,29.30,26.42,34.51,33.52,28.30,39.49,33.23
2567,623,อุ่นไอรัก เชียงใหม่,สันป่าตอง,เล็ก,นอกเมือง,สำนักงานคณะกรรมการส่งเสริมการศึกษาเอกชน,-,30,35.00,20.34,39.67,19.23,35.56,26.78,18.33,27.34,18.33,18.18,32.50,25.12
2567,624,ช่องฟ้าซินเซิงวาณิชบำรุง,สารภี,ใหญ่พิเศษ,นอกเมือง,สำนักงานคณะกรรมการส่งเสริมการศึกษาเอกชน,-,229,55.09,25.51,49.78,23.67,52.55,30.16,28.17,34.71,28.71,26.07,49.89,31.48
2567,625,ชุมชนวัดปากกอง,สารภี,เล็ก,นอกเมือง,สำนักงานคณะกรรมการการศึกษาขั้นพื้นฐาน,สพป.เชียงใหม่ เขต 4,7,21.43,11.66,37.14,14.85,35.71,32.65,0.00,0.00,28.57,20.82,32.14,34.63
2567,626,ชุมชนวัดศรีคำชมภู,สารภี,กลาง,นอกเมือง,สำนักงานคณะกรรมการการศึกษาขั้นพื้นฐาน,สพป.เชียงใหม่ เขต 4,26,27.56,28.10,30.77,17.96,30.77,20.51,32.69,27.53,25.96,23.49,21.15,23.71
2567,627,เทศบาลตำบลยางเนิ้ง,สารภี,กลาง,นอกเมือง,กรมส่งเสริมการปกครองท้องถิ่น,ท้องถิ่นจังหวัดเชียงใหม่,29,38.51,19.62,40.00,17.02,31.03,20.86,25.86,33.79,16.38,22.05,33.62,27.29
2567,628,บ้านปากเหมือง,สารภี,กลาง,นอกเมือง,สำนักงานคณะกรรมการการศึกษาขั้นพื้นฐาน,สพป.เชียงใหม่ เขต 4,12,34.72,23.03,32.50,22.03,34.72,22.00,8.33,27.64,25.00,27.00,20.83,24.65
2567,629,บ้านสันทราย,สารภี,เล็ก,นอกเมือง,สำนักงานคณะกรรมการการศึกษาขั้นพื้นฐาน,สพป.เชียงใหม่ เขต 4,16,36.46,27.14,46.25,22.04,44.79,24.09,28.12,35.22,40.63,32.92,43.75,31.25
2567,630,ยุวฑูตศึกษาพัฒนา,สารภี,ใหญ่,นอกเมือง,สำนักงานคณะกรรมการส่งเสริมการศึกษาเอกชน,-,19,78.07,25.39,86.84,13.40,85.96,20.42,71.05,37.40,60.53,23.39,89.47,14.77
2567,631,วชิราลัย,สารภี,กลาง,นอกเมือง,สำนักงานคณะกรรมการส่งเสริมการศึกษาเอกชน,-,60,43.33,24.38,42.50,26.31,43.33,27.25,24.17,32.26,30.42,23.31,34.58,30.31
2567,632,วัดกองทราย,สารภี,เล็ก,นอกเมือง,สำนักงานคณะกรรมการการศึกษาขั้นพื้นฐาน,สพป.เชียงใหม่ เขต 4,9,38.89,22.22,36.67,13.33,37.04,10.48,11.11,20.79,27.78,18.43,33.33,26.35
2567,633,วัดท่าต้นกวาว,สารภี,เล็ก,นอกเมือง,สำนักงานคณะกรรมการการศึกษาขั้นพื้นฐาน,สพป.เชียงใหม่ เขต 4,24,35.42,21.68,37.08,19.68,34.72,19.19,16.67,31.18,27.08,25.94,23.96,18.37
2567,634,วัดเทพาราม,สารภี,เล็ก,นอกเมือง,สำนักงานคณะกรรมการการศึกษาขั้นพื้นฐาน,สพป.เชียงใหม่ เขต 4,17,36.27,20.00,21.18,17.45,30.39,18.29,11.76,21.21,16.18,14.71,20.59,15.42
2567,635,วัดนันทาราม,สารภี,เล็ก,นอกเมือง,สำนักงานคณะกรรมการการศึกษาขั้นพื้นฐาน,สพป.เชียงใหม่ เขต 4,9,38.89,13.61,52.22,22.99,40.74,28.45,5.56,15.71,22.22,21.87,41.67,31.18
2567,636,วัดบวกครกเหนือ,สารภี,เล็ก,นอกเมือง,สำนักงานคณะกรรมการการศึกษาขั้นพื้นฐาน,สพป.เชียงใหม่ เขต 4,26,28.85,18.23,30.00,16.64,25.64,16.17,19.23,28.00,23.08,18.24,21.15,16.54
2567,637,วัดพญาชมภู,สารภี,เล็ก,นอกเมือง,สำนักงานคณะกรรมการการศึกษาขั้นพื้นฐาน,สพป.เชียงใหม่ เขต 4,7,23.81,15.06,37.14,10.30,28.57,19.34,7.14,17.50,35.71,18.21,7.14,11.29
2567,638,วัดพระนอนหนองผึ้ง,สารภี,เล็ก,นอกเมือง,สำนักงานคณะกรรมการการศึกษาขั้นพื้นฐาน,สพป.เชียงใหม่ เขต 4,32,36.98,22.34,31.56,15.02,30.73,21.69,20.31,24.56,22.66,20.12,25.78,25.38
2567,639,วัดแม่สะลาบ,สารภี,เล็ก,นอกเมือง,สำนักงานคณะกรรมการการศึกษาขั้นพื้นฐาน,สพป.เชียงใหม่ เขต 4,12,40.28,15.90,34.17,11.15,30.56,25.31,33.33,31.18,27.08,21.55,18.75,27.24
2567,640,วัดเวฬุวัน,สารภี,ใหญ่,นอกเมือง,สำนักงานคณะกรรมการการศึกษาขั้นพื้นฐาน,สพป.เชียงใหม่ เขต 4,195,35.30,24.23,38.51,19.93,39.32,28.27,24.36,33.73,28.72,24.07,38.85,29.43
2567,641,วัดศรีดอนชัย,สารภี,เล็ก,นอกเมือง,สำนักงานคณะกรรมการการศึกษาขั้นพื้นฐาน,สพป.เชียงใหม่ เขต 4,4,33.33,16.67,37.50,14.79,41.67,25.00,12.50,21.65,31.25,10.83,31.25,20.73
2567,642,วัดศรีโพธาราม,สารภี,เล็ก,นอกเมือง,สำนักงานคณะกรรมการการศึกษาขั้นพื้นฐาน,สพป.เชียงใหม่ เขต 4,14,30.95,10.65,30.00,20.00,33.33,24.40,10.71,27.89,16.07,15.26,32.14,27.43
2567,643,วัดสันดอนมูล,สารภี,เล็ก,นอกเมือง,สำนักงานคณะกรรมการการศึกษาขั้นพื้นฐาน,สพป.เชียงใหม่ เขต 4,3,33.33,13.61,23.33,9.43,22.22,7.86,0.00,0.00,25.00,0.00,33.33,11.79
2567,644,เวียงเศรษฐีวิทยา,สารภี,เล็ก,นอกเมือง,สำนักงานคณะกรรมการการศึกษาขั้นพื้นฐาน,สพป.เชียงใหม่ เขต 4,12,40.28,22.00,26.67,8.50,25.00,12.73,16.67,23.57,20.83,13.82,27.08,18.98
2567,645,ศูนย์การเรียนแห่งความหวังและอนาคต,สารภี,เล็ก,นอกเมือง,สำนักงานคณะกรรมการการศึกษาขั้นพื้นฐาน,สพป.เชียงใหม่ เขต 4,4,29.17,21.65,37.50,4.33,33.33,11.79,0.00,0.00,31.25,10.83,12.50,12.50
2567,646,สืบนทีธรรม,สารภี,กลาง,นอกเมือง,สำนักงานคณะกรรมการส่งเสริมการศึกษาเอกชน,-,42,32.14,16.82,35.24,16.65,26.59,19.94,23.81,33.16,24.40,24.08,20.83,22.44
2567,647,ต้นแก้วผดุงพิทยาลัย,หางดง,ใหญ่,นอกเมือง,กรมส่งเสริมการปกครองท้องถิ่น,ท้องถิ่นจังหวัดเชียงใหม่,95,47.19,27.54,43.68,25.79,48.42,31.81,28.42,35.28,30.79,26.52,41.32,33.20
2567,648,เทศบาลหนองตองวิทยา,หางดง,เล็ก,นอกเมือง,กรมส่งเสริมการปกครองท้องถิ่น,ท้องถิ่นจังหวัดเชียงใหม่,19,33.33,15.29,30.00,13.76,29.82,22.67,18.42,33.29,25.00,21.46,28.95,24.69
2567,649,เทศบาลหางดง (ประชาคมสร้างสรรค์),หางดง,ใหญ่,นอกเมือง,กรมส่งเสริมการปกครองท้องถิ่น,ท้องถิ่นจังหวัดเชียงใหม่,66,39.90,22.64,40.61,20.44,31.31,24.54,21.21,30.23,26.14,26.63,32.20,27.10
2567,650,นันทชาติ เกรด สคูล,หางดง,เล็ก,นอกเมือง,สำนักงานคณะกรรมการส่งเสริมการศึกษาเอกชน,-,5,76.67,29.06,70.00,29.66,73.33,32.66,40.00,48.99,65.00,25.50,60.00,40.62
2567,651,บ้านคุณแม่,หางดง,เล็ก,นอกเมือง,สำนักงานคณะกรรมการส่งเสริมการศึกษาเอกชน,-,11,77.27,27.77,85.45,14.37,95.45,7.42,54.55,39.63,81.82,18.74,86.36,24.69
2567,652,บ้านดง,หางดง,เล็ก,นอกเมือง,สำนักงานคณะกรรมการการศึกษาขั้นพื้นฐาน,สพป.เชียงใหม่ เขต 4,19,21.93,10.89,33.16,9.76,14.91,14.20,13.16,27.35,21.05,20.30,13.16,14.89
2567,653,บ้านตองกาย,หางดง,เล็ก,นอกเมือง,สำนักงานคณะกรรมการการศึกษาขั้นพื้นฐาน,สพป.เชียงใหม่ เขต 4,8,18.75,9.99,30.00,11.18,31.25,9.99,18.75,24.21,37.50,12.50,21.88,14.99
2567,654,บ้านทรายมูล,หางดง,กลาง,นอกเมือง,สำนักงานคณะกรรมการการศึกษาขั้นพื้นฐาน,สพป.เชียงใหม่ เขต 4,30,26.11,14.71,31.33,14.77,27.22,18.50,20.00,27.69,25.00,20.41,20.83,23.35
2567,655,บ้านท้าวบุญเรือง,หางดง,เล็ก,นอกเมือง,สำนักงานคณะกรรมการการศึกษาขั้นพื้นฐาน,สพป.เชียงใหม่ เขต 4,6,36.11,26.21,41.67,14.62,38.89,29.92,50.00,40.82,29.17,26.68,41.67,31.18
2567,656,บ้านน้ำแพร่,หางดง,เล็ก,นอกเมือง,สำนักงานคณะกรรมการการศึกษาขั้นพื้นฐาน,สพป.เชียงใหม่ เขต 4,19,31.58,23.50,35.26,17.28,29.82,26.81,13.16,22.02,27.63,27.97,27.63,24.19
2567,657,บ้านปง,หางดง,เล็ก,นอกเมือง,สำนักงานคณะกรรมการการศึกษาขั้นพื้นฐาน,สพป.เชียงใหม่ เขต 4,21,26.98,17.42,26.19,11.33,26.19,15.06,11.90,21.30,25.00,20.41,21.43,19.34
2567,658,บ้านป่าตาล,หางดง,เล็ก,นอกเมือง,สำนักงานคณะกรรมการการศึกษาขั้นพื้นฐาน,สพป.เชียงใหม่ เขต 4,21,30.95,18.03,25.71,13.30,28.57,16.38,26.19,33.16,22.62,17.09,21.43,23.51
2567,659,บ้านฟ่อน,หางดง,เล็ก,นอกเมือง,สำนักงานคณะกรรมการการศึกษาขั้นพื้นฐาน,สพป.เชียงใหม่ เขต 4,12,16.67,11.79,25.00,10.41,25.00,10.76,8.33,18.63,20.83,17.18,16.67,15.59
2567,660,บ้านไร่,หางดง,เล็ก,นอกเมือง,สำนักงานคณะกรรมการการศึกษาขั้นพื้นฐาน,สพป.เชียงใหม่ เขต 4,8,37.50,18.16,31.25,16.91,35.42,13.01,31.25,34.80,12.50,12.50,12.50,17.68
2567,661,บ้านวังศรี,หางดง,เล็ก,นอกเมือง,สำนักงานคณะกรรมการการศึกษาขั้นพื้นฐาน,สพป.เชียงใหม่ เขต 4,8,27.08,18.52,32.50,10.90,37.50,19.98,25.00,25.00,18.75,10.83,9.38,12.10
2567,662,บ้านสันทราย,หางดง,เล็ก,นอกเมือง,สำนักงานคณะกรรมการการศึกษาขั้นพื้นฐาน,สพป.เชียงใหม่ เขต 4,8,14.58,13.01,28.75,24.21,25.00,8.33,37.50,21.65,21.88,19.52,21.88,19.52
2567,663,บ้านสันป่าสัก,หางดง,กลาง,นอกเมือง,สำนักงานคณะกรรมการการศึกษาขั้นพื้นฐาน,สพป.เชียงใหม่ เขต 4,49,31.63,22.14,34.69,19.39,29.93,21.56,26.53,33.66,27.04,22.50,30.10,27.65
2567,664,บ้านสันผักหวาน,หางดง,เล็ก,นอกเมือง,สำนักงานคณะกรรมการการศึกษาขั้นพื้นฐาน,สพป.เชียงใหม่ เขต 4,17,24.51,18.18,31.76,16.89,27.45,20.56,2.94,11.76,17.65,14.26,23.53,23.44
2567,665,บ้านแสนตอ,หางดง,เล็ก,นอกเมือง,สำนักงานคณะกรรมการการศึกษาขั้นพื้นฐาน,สพป.เชียงใหม่ เขต 4,10,41.67,18.63,25.00,12.85,30.00,23.33,10.00,20.00,17.50,25.12,25.00,22.36
2567,666,พันธสัญญา,หางดง,เล็ก,นอกเมือง,สำนักงานคณะกรรมการส่งเสริมการศึกษาเอกชน,-,19,42.11,24.40,45.79,20.60,43.86,32.54,28.95,29.54,22.37,26.77,30.26,27.60
2567,667,ลักษณ์พงค์วิทยา,หางดง,เล็ก,นอกเมือง,สำนักงานคณะกรรมการส่งเสริมการศึกษาเอกชน,-,15,44.44,20.79,46.00,16.65,38.89,36.35,30.00,35.59,25.00,24.15,35.00,27.08
2567,668,วัดคีรีเขต,หางดง,เล็ก,นอกเมือง,สำนักงานคณะกรรมการการศึกษาขั้นพื้นฐาน,สพป.เชียงใหม่ เขต 4,6,30.56,26.21,18.33,6.87,13.89,11.45,25.00,38.19,16.67,11.79,20.83,17.18
2567,669,วัดจอมทอง,หางดง,เล็ก,นอกเมือง,สำนักงานคณะกรรมการการศึกษาขั้นพื้นฐาน,สพป.เชียงใหม่ เขต 4,8,25.00,18.63,28.75,10.53,27.08,20.31,6.25,16.54,50.00,17.68,15.63,12.10
2567,670,วัดช่างคำ,หางดง,เล็ก,นอกเมือง,สำนักงานคณะกรรมการการศึกษาขั้นพื้นฐาน,สพป.เชียงใหม่ เขต 4,7,30.95,10.65,27.14,14.85,28.57,17.17,35.71,34.99,14.29,18.21,21.43,20.82
2567,671,วัดประชาเกษม,หางดง,เล็ก,นอกเมือง,สำนักงานคณะกรรมการการศึกษาขั้นพื้นฐาน,สพป.เชียงใหม่ เขต 4,26,28.21,17.76,24.62,11.17,21.15,14.29,17.31,27.53,27.88,22.28,23.08,20.71
2567,672,วัดพระเจ้าเหลื้อม,หางดง,เล็ก,นอกเมือง,สำนักงานคณะกรรมการการศึกษาขั้นพื้นฐาน,สพป.เชียงใหม่ เขต 4,13,35.90,18.31,33.85,13.32,38.46,16.52,15.38,23.08,21.15,16.54,21.15,21.59
2567,673,วัดศรีล้อม,หางดง,เล็ก,นอกเมือง,สำนักงานคณะกรรมการการศึกษาขั้นพื้นฐาน,สพป.เชียงใหม่ เขต 4,4,41.67,27.64,30.00,12.25,50.00,31.18,50.00,35.36,31.25,20.73,43.75,20.73
2567,674,วัดศรีสว่าง,หางดง,เล็ก,นอกเมือง,สำนักงานคณะกรรมการการศึกษาขั้นพื้นฐาน,สพป.เชียงใหม่ เขต 4,11,25.76,19.28,21.82,8.33,24.24,19.28,22.73,39.10,15.91,12.03,20.45,23.40
2567,675,ชุมชนบ้านใหม่,อมก๋อย,เล็ก,นอกเมือง,สำนักงานคณะกรรมการการศึกษาขั้นพื้นฐาน,สพป.เชียงใหม่ เขต 5,19,29.82,22.67,23.68,12.23,23.68,12.47,26.32,33.91,26.32,15.12,22.37,17.94
2567,676,ชุมชนบ้านอมก๋อย,อมก๋อย,กลาง,นอกเมือง,สำนักงานคณะกรรมการการศึกษาขั้นพื้นฐาน,สพป.เชียงใหม่ เขต 5,36,31.94,20.17,29.72,17.24,27.31,12.52,26.39,30.01,24.31,21.64,22.22,18.43
2567,677,ตชด.บางกอกเชฟแชร์ริตี้,อมก๋อย,เล็ก,นอกเมือง,กองบัญชาการตำรวจตระเวนชายแดน,-,14,20.24,19.08,29.29,16.24,25.00,15.11,39.29,33.69,23.21,17.59,19.64,21.50
2567,678,ตรีมิตรวิทยา,อมก๋อย,กลาง,นอกเมือง,สำนักงานคณะกรรมการการศึกษาขั้นพื้นฐาน,สพป.เชียงใหม่ เขต 5,7,23.81,12.14,20.00,5.35,14.29,10.65,7.14,17.50,17.86,17.50,28.57,20.82
2567,679,ท่านผู้หญิงประไพ ศิวะโกเศศ,อมก๋อย,เล็ก,นอกเมือง,กองบัญชาการตำรวจตระเวนชายแดน,-,13,21.79,15.17,26.15,11.46,16.67,17.30,30.77,31.25,23.08,18.24,25.00,21.93
2567,680,ทุ่งต้นงิ้ว,อมก๋อย,เล็ก,นอกเมือง,สำนักงานคณะกรรมการการศึกษาขั้นพื้นฐาน,สพป.เชียงใหม่ เขต 5,24,23.61,19.19,29.17,12.88,20.83,11.02,16.67,23.57,21.88,19.52,23.96,25.49
2567,681,บ้านขุนตื่น,อมก๋อย,เล็ก,นอกเมือง,สำนักงานคณะกรรมการการศึกษาขั้นพื้นฐาน,สพป.เชียงใหม่ เขต 5,6,22.22,15.71,18.33,17.72,16.67,0.00,33.33,37.27,37.50,23.94,12.50,12.50
2567,682,บ้านขุนแม่ตื่นน้อย,อมก๋อย,เล็ก,นอกเมือง,สำนักงานคณะกรรมการการศึกษาขั้นพื้นฐาน,สพป.เชียงใหม่ เขต 5,9,35.19,14.58,26.67,12.47,24.07,22.38,38.89,20.79,19.44,15.71,30.56,19.64
2567,683,บ้านซิแบร,อมก๋อย,เล็ก,นอกเมือง,สำนักงานคณะกรรมการการศึกษาขั้นพื้นฐาน,สพป.เชียงใหม่ เขต 5,41,25.20,17.31,20.49,11.47,22.36,15.45,21.95,31.33,26.83,20.95,21.95,20.06
2567,684,บ้านตุงติง,อมก๋อย,เล็ก,นอกเมือง,สำนักงานคณะกรรมการการศึกษาขั้นพื้นฐาน,สพป.เชียงใหม่ เขต 5,18,35.19,16.56,19.44,12.23,23.15,11.30,22.22,34.25,20.83,20.83,20.83,23.94
2567,685,บ้านตุงลอย,อมก๋อย,กลาง,นอกเมือง,สำนักงานคณะกรรมการการศึกษาขั้นพื้นฐาน,สพป.เชียงใหม่ เขต 5,33,24.75,16.98,26.36,13.89,20.20,18.69,18.18,29.69,21.97,20.19,22.73,22.50
2567,686,บ้านทุ่งจำเริง,อมก๋อย,เล็ก,นอกเมือง,สำนักงานคณะกรรมการการศึกษาขั้นพื้นฐาน,สพป.เชียงใหม่ เขต 5,9,25.93,11.42,28.89,9.94,16.67,15.71,16.67,23.57,16.67,11.79,25.00,23.57
2567,687,บ้านนาเกียน,อมก๋อย,เล็ก,นอกเมือง,สำนักงานคณะกรรมการการศึกษาขั้นพื้นฐาน,สำนักงานเขตพื้นที่การศึกษามัธยมศึกษาเชียงใหม่,20,22.50,16.89,23.00,11.45,20.83,13.82,25.00,29.58,13.75,14.74,21.25,24.08
2567,688,บ้านนาไคร้,อมก๋อย,เล็ก,นอกเมือง,สำนักงานคณะกรรมการการศึกษาขั้นพื้นฐาน,สพป.เชียงใหม่ เขต 5,13,29.49,18.67,20.77,12.06,16.67,11.32,7.69,18.04,13.46,18.64,9.62,12.16
2567,689,บ้านใบหนา,อมก๋อย,เล็ก,นอกเมือง,สำนักงานคณะกรรมการการศึกษาขั้นพื้นฐาน,สพป.เชียงใหม่ เขต 5,15,22.22,15.71,18.67,10.24,24.44,14.74,10.00,20.00,20.00,20.82,28.33,23.92
2567,690,บ้านผาปูน,อมก๋อย,เล็ก,นอกเมือง,สำนักงานคณะกรรมการการศึกษาขั้นพื้นฐาน,สพป.เชียงใหม่ เขต 5,26,23.72,16.13,27.69,12.80,23.72,18.59,9.62,24.10,29.81,23.02,15.38,19.71
2567,691,บ้านผีปานเหนือ,อมก๋อย,กลาง,นอกเมือง,สำนักงานคณะกรรมการการศึกษาขั้นพื้นฐาน,สพป.เชียงใหม่ เขต 5,36,21.76,14.60,27.78,17.18,26.85,17.69,20.83,32.00,27.08,21.55,25.69,19.97
2567,692,บ้านมูเซอ,อมก๋อย,กลาง,นอกเมือง,สำนักงานคณะกรรมการการศึกษาขั้นพื้นฐาน,สพป.เชียงใหม่ เขต 5,22,21.97,16.20,30.45,18.94,28.03,14.55,25.00,29.19,25.00,19.94,19.32,14.95
2567,693,บ้านแม่โขง,อมก๋อย,เล็ก,นอกเมือง,สำนักงานคณะกรรมการการศึกษาขั้นพื้นฐาน,สพป.เชียงใหม่ เขต 5,6,22.22,20.79,18.33,10.67,25.00,18.63,16.67,23.57,8.33,11.79,25.00,14.43
2567,694,บ้านแม่ต๋อม,อมก๋อย,กลาง,นอกเมือง,สำนักงานคณะกรรมการการศึกษาขั้นพื้นฐาน,สพป.เชียงใหม่ เขต 5,38,25.88,18.61,25.79,10.67,23.68,17.78,21.05,29.54,27.63,26.15,18.42,21.98
2567,695,บ้านแม่ตื่น,อมก๋อย,เล็ก,นอกเมือง,สำนักงานคณะกรรมการการศึกษาขั้นพื้นฐาน,สพป.เชียงใหม่ เขต 5,5,20.00,12.47,24.00,14.97,16.67,10.54,20.00,40.00,50.00,22.36,10.00,12.25
2567,696,บ้านแม่ลานหลวง,อมก๋อย,เล็ก,นอกเมือง,สำนักงานคณะกรรมการการศึกษาขั้นพื้นฐาน,สพป.เชียงใหม่ เขต 5,17,30.39,23.03,24.12,13.75,25.49,15.25,32.35,29.41,30.88,20.16,19.12,18.25
2567,697,บ้านแม่ลานหลวง สาขาบ้านดอยซาง,อมก๋อย,เล็ก,นอกเมือง,สำนักงานคณะกรรมการการศึกษาขั้นพื้นฐาน,สพป.เชียงใหม่ เขต 5,12,20.83,16.84,26.67,10.27,36.11,21.34,25.00,25.00,25.00,10.21,18.75,18.04
2567,698,บ้านแม่สะเต,อมก๋อย,เล็ก,นอกเมือง,สำนักงานคณะกรรมการการศึกษาขั้นพื้นฐาน,สพป.เชียงใหม่ เขต 5,14,30.95,13.88,26.43,15.86,17.86,11.72,21.43,31.13,25.00,21.13,25.00,16.37
2567,699,บ้านแม่หลองน้อย,อมก๋อย,เล็ก,นอกเมือง,สำนักงานคณะกรรมการการศึกษาขั้นพื้นฐาน,สพป.เชียงใหม่ เขต 5,12,26.39,17.29,22.50,15.88,23.61,17.29,12.50,21.65,22.92,21.55,27.08,18.98
2567,700,บ้านแม่อ่างขาง,อมก๋อย,เล็ก,นอกเมือง,สำนักงานคณะกรรมการการศึกษาขั้นพื้นฐาน,สพป.เชียงใหม่ เขต 5,21,29.37,17.75,31.43,13.20,23.81,13.19,26.19,29.35,22.62,20.27,16.67,16.06
2567,701,บ้านยางแก้ว,อมก๋อย,เล็ก,นอกเมือง,สำนักงานคณะกรรมการการศึกษาขั้นพื้นฐาน,สพป.เชียงใหม่ เขต 5,19,21.05,16.08,24.21,14.62,19.30,13.53,18.42,24.12,21.05,23.32,23.68,23.61
2567,702,บ้านยางครก,อมก๋อย,เล็ก,นอกเมือง,สำนักงานคณะกรรมการการศึกษาขั้นพื้นฐาน,สพป.เชียงใหม่ เขต 5,26,19.23,16.47,23.46,12.99,21.79,14.45,13.46,26.16,28.85,21.59,26.92,21.84
2567,703,บ้านยางเปา,อมก๋อย,กลาง,นอกเมือง,สำนักงานคณะกรรมการการศึกษาขั้นพื้นฐาน,สพป.เชียงใหม่ เขต 5,36,31.94,20.55,23.89,13.39,24.07,17.76,18.06,26.75,15.97,16.83,22.92,21.55
2567,704,บ้านยางเปียง,อมก๋อย,เล็ก,นอกเมือง,สำนักงานคณะกรรมการการศึกษาขั้นพื้นฐาน,สพป.เชียงใหม่ เขต 5,19,35.96,19.69,28.95,15.86,22.81,16.41,21.05,29.54,26.32,20.64,18.42,24.12
2567,705,บ้านสบลาน,อมก๋อย,กลาง,นอกเมือง,สำนักงานคณะกรรมการการศึกษาขั้นพื้นฐาน,สพป.เชียงใหม่ เขต 5,22,20.45,15.84,26.82,11.03,32.58,14.63,25.00,32.86,26.14,20.61,27.27,22.50
2567,706,บ้านหลวง,อมก๋อย,เล็ก,นอกเมือง,สำนักงานคณะกรรมการการศึกษาขั้นพื้นฐาน,สพป.เชียงใหม่ เขต 5,22,28.03,18.39,32.73,17.37,31.82,18.74,20.45,28.84,32.95,26.53,26.14,27.67
2567,707,บ้านห้วยโค้ง,อมก๋อย,กลาง,นอกเมือง,สำนักงานคณะกรรมการการศึกษาขั้นพื้นฐาน,สพป.เชียงใหม่ เขต 5,41,26.42,18.76,22.44,12.25,28.46,19.56,18.29,24.08,23.17,22.35,16.46,17.12
2567,708,บ้านห้วยน้ำขาว,อมก๋อย,กลาง,นอกเมือง,สำนักงานคณะกรรมการการศึกษาขั้นพื้นฐาน,สพป.เชียงใหม่ เขต 5,32,25.52,12.49,28.75,16.72,18.23,14.65,9.37,19.52,19.53,19.50,26.56,22.48
2567,709,บ้านห้วยไม้หก,อมก๋อย,เล็ก,นอกเมือง,สำนักงานคณะกรรมการการศึกษาขั้นพื้นฐาน,สพป.เชียงใหม่ เขต 5,13,21.79,15.17,19.23,14.39,19.23,12.82,15.38,23.08,17.31,18.04,17.31,18.04
2567,710,บ้านห้วยหล่อดูก,อมก๋อย,เล็ก,นอกเมือง,สำนักงานคณะกรรมการการศึกษาขั้นพื้นฐาน,สพป.เชียงใหม่ เขต 5,15,24.44,17.07,25.33,19.96,33.33,21.08,26.67,35.90,23.33,17.00,26.67,24.94
2567,711,บ้านห่างหลวง,อมก๋อย,เล็ก,นอกเมือง,สำนักงานคณะกรรมการการศึกษาขั้นพื้นฐาน,สพป.เชียงใหม่ เขต 5,13,32.05,16.62,30.00,14.68,30.77,18.31,19.23,24.33,17.31,20.53,17.31,11.54
2567,712,บ้านอูตูม,อมก๋อย,กลาง,นอกเมือง,สำนักงานคณะกรรมการการศึกษาขั้นพื้นฐาน,สพป.เชียงใหม่ เขต 5,39,20.51,17.07,24.36,13.16,20.51,15.77,23.08,31.72,21.15,17.48,21.79,23.47
2567,713,รางวัลอินทิราคานธี,อมก๋อย,เล็ก,นอกเมือง,กองบัญชาการตำรวจตระเวนชายแดน,-,10,21.67,16.75,29.00,18.14,26.67,15.28,20.00,24.49,17.50,19.53,30.00,26.93
2567,714,ชุมชนบ้านท่าข้าม,ฮอด,กลาง,นอกเมือง,สำนักงานคณะกรรมการการศึกษาขั้นพื้นฐาน,สพป.เชียงใหม่ เขต 5,48,29.17,17.84,37.08,18.37,33.33,20.41,13.54,22.22,21.35,21.64,29.17,26.19
2567,715,ชุมชนบ้านแม่ทัง,ฮอด,เล็ก,นอกเมือง,สำนักงานคณะกรรมการการศึกษาขั้นพื้นฐาน,สพป.เชียงใหม่ เขต 5,5,16.67,10.54,32.00,11.66,26.67,17.00,30.00,24.49,30.00,10.00,30.00,18.71
2567,716,บ้านกองลอย,ฮอด,กลาง,นอกเมือง,สำนักงานคณะกรรมการการศึกษาขั้นพื้นฐาน,สพป.เชียงใหม่ เขต 5,29,23.56,17.24,19.66,11.59,16.09,13.48,29.31,30.84,29.31,13.24,23.28,19.62
2567,717,บ้านกองหิน,ฮอด,เล็ก,นอกเมือง,สำนักงานคณะกรรมการการศึกษาขั้นพื้นฐาน,สพป.เชียงใหม่ เขต 5,5,50.00,18.26,44.00,32.00,43.33,35.90,30.00,24.49,25.00,15.81,35.00,33.91
2567,718,บ้านกิ่วลม,ฮอด,เล็ก,นอกเมือง,สำนักงานคณะกรรมการการศึกษาขั้นพื้นฐาน,สพป.เชียงใหม่ เขต 5,9,29.63,18.89,27.78,19.31,24.07,17.76,22.22,24.85,27.78,18.43,11.11,17.12
2567,719,บ้านขุน,ฮอด,เล็ก,นอกเมือง,สำนักงานคณะกรรมการการศึกษาขั้นพื้นฐาน,สพป.เชียงใหม่ เขต 5,6,30.56,17.79,31.67,6.87,16.67,13.61,8.33,18.63,20.83,17.18,20.83,17.18
2567,720,บ้านแควมะกอก,ฮอด,กลาง,นอกเมือง,สำนักงานคณะกรรมการการศึกษาขั้นพื้นฐาน,สพป.เชียงใหม่ เขต 5,17,31.37,19.71,31.18,14.90,17.65,17.59,11.76,21.21,23.53,21.81,22.06,16.90
2567,721,บ้านโค้งงาม,ฮอด,เล็ก,นอกเมือง,สำนักงานคณะกรรมการการศึกษาขั้นพื้นฐาน,สพป.เชียงใหม่ เขต 5,4,25.00,8.33,30.00,7.07,16.67,20.41,25.00,25.00,37.50,21.65,6.25,10.83
2567,722,บ้านดงดำ,ฮอด,เล็ก,นอกเมือง,สำนักงานคณะกรรมการการศึกษาขั้นพื้นฐาน,สพป.เชียงใหม่ เขต 5,6,30.56,14.96,31.67,21.15,19.44,6.21,16.67,23.57,20.83,17.18,25.00,14.43
2567,723,บ้านดอกแดง,ฮอด,เล็ก,นอกเมือง,สำนักงานคณะกรรมการการศึกษาขั้นพื้นฐาน,สพป.เชียงใหม่ เขต 5,9,38.89,20.79,32.22,18.12,25.93,19.42,27.78,34.25,33.33,23.57,19.44,19.64
2567,724,บ้านดอยคำ,ฮอด,เล็ก,นอกเมือง,สำนักงานคณะกรรมการการศึกษาขั้นพื้นฐาน,สพป.เชียงใหม่ เขต 5,9,25.93,20.95,20.00,13.33,29.63,17.17,5.56,15.71,16.67,16.67,36.11,23.90
2567,725,บ้านเด่นวิทยา,ฮอด,เล็ก,นอกเมือง,สำนักงานคณะกรรมการการศึกษาขั้นพื้นฐาน,สพป.เชียงใหม่ เขต 5,6,36.11,20.22,23.33,7.45,16.67,16.67,25.00,25.00,20.83,17.18,20.83,26.68
2567,726,บ้านตาลใต้,ฮอด,เล็ก,นอกเมือง,สำนักงานคณะกรรมการการศึกษาขั้นพื้นฐาน,สพป.เชียงใหม่ เขต 5,6,27.78,7.86,31.67,6.87,13.89,11.45,8.33,18.63,16.67,18.63,25.00,14.43
2567,727,บ้านตาลเหนือ,ฮอด,เล็ก,นอกเมือง,สำนักงานคณะกรรมการการศึกษาขั้นพื้นฐาน,สพป.เชียงใหม่ เขต 5,14,29.76,19.08,30.71,15.80,35.71,19.78,21.43,24.74,10.71,12.37,30.36,25.32
2567,728,บ้านตีนตก,ฮอด,เล็ก,นอกเมือง,สำนักงานคณะกรรมการการศึกษาขั้นพื้นฐาน,สพป.เชียงใหม่ เขต 5,4,29.17,13.82,32.50,8.29,25.00,8.33,12.50,21.65,18.75,20.73,25.00,0.00
2567,729,บ้านเตียนอาง,ฮอด,เล็ก,นอกเมือง,สำนักงานคณะกรรมการการศึกษาขั้นพื้นฐาน,สพป.เชียงใหม่ เขต 5,9,29.63,15.27,32.22,11.33,25.93,8.28,5.56,15.71,19.44,15.71,30.56,28.33
2567,730,บ้านทุ่ง,ฮอด,เล็ก,นอกเมือง,สำนักงานคณะกรรมการการศึกษาขั้นพื้นฐาน,สพป.เชียงใหม่ เขต 5,3,50.00,0.00,30.00,14.14,27.78,7.86,16.67,23.57,33.33,23.57,25.00,20.41
2567,731,บ้านทุ่งโป่ง,ฮอด,เล็ก,นอกเมือง,สำนักงานคณะกรรมการการศึกษาขั้นพื้นฐาน,สพป.เชียงใหม่ เขต 5,12,23.61,19.79,28.33,10.67,25.00,15.96,29.17,37.96,27.08,23.84,25.00,28.87
2567,732,บ้านนาคอเรือ,ฮอด,เล็ก,นอกเมือง,สำนักงานคณะกรรมการการศึกษาขั้นพื้นฐาน,สพป.เชียงใหม่ เขต 5,20,30.83,22.53,26.50,16.52,27.50,13.20,22.50,29.47,22.50,22.22,22.50,19.20
2567,733,บ้านนาฟ่อน,ฮอด,เล็ก,นอกเมือง,สำนักงานคณะกรรมการการศึกษาขั้นพื้นฐาน,สพป.เชียงใหม่ เขต 5,13,33.33,18.49,27.69,8.90,34.62,17.86,7.69,18.04,15.38,15.62,23.08,18.24
2567,734,บ้านบ่อสลี,ฮอด,เล็ก,นอกเมือง,สำนักงานคณะกรรมการการศึกษาขั้นพื้นฐาน,สพป.เชียงใหม่ เขต 5,3,22.22,7.86,6.67,4.71,38.89,15.71,0.00,0.00,16.67,11.79,50.00,20.41
2567,735,บ้านบ่อหลวง,ฮอด,กลาง,นอกเมือง,สำนักงานคณะกรรมการการศึกษาขั้นพื้นฐาน,สพป.เชียงใหม่ เขต 5,21,22.22,11.88,26.67,15.84,26.19,18.24,26.19,29.35,21.43,20.82,20.24,18.29
2567,736,บ้านผาแตน,ฮอด,เล็ก,นอกเมือง,สำนักงานคณะกรรมการการศึกษาขั้นพื้นฐาน,สพป.เชียงใหม่ เขต 5,11,34.85,22.98,22.73,8.62,27.27,10.71,22.73,32.78,22.73,19.81,29.55,23.40
2567,737,บ้านพุย,ฮอด,เล็ก,นอกเมือง,สำนักงานคณะกรรมการการศึกษาขั้นพื้นฐาน,สพป.เชียงใหม่ เขต 5,25,18.00,14.08,23.20,12.24,17.33,17.31,30.00,28.28,20.00,18.71,23.00,21.12
2567,738,บ้านแม่งูด,ฮอด,เล็ก,นอกเมือง,สำนักงานคณะกรรมการการศึกษาขั้นพื้นฐาน,สพป.เชียงใหม่ เขต 5,8,31.25,17.55,33.75,11.11,22.92,14.28,25.00,35.36,12.50,12.50,21.88,19.52
2567,739,บ้านแม่ลอง,ฮอด,เล็ก,นอกเมือง,สำนักงานคณะกรรมการการศึกษาขั้นพื้นฐาน,สพป.เชียงใหม่ เขต 5,6,36.11,6.21,35.00,17.08,41.67,28.46,8.33,18.63,41.67,18.63,16.67,27.64
2567,740,บ้านแม่ลาย,ฮอด,เล็ก,นอกเมือง,สำนักงานคณะกรรมการการศึกษาขั้นพื้นฐาน,สพป.เชียงใหม่ เขต 5,14,33.33,17.82,27.86,18.20,22.62,18.48,21.43,31.13,19.64,19.32,23.21,25.82
2567,741,บ้านแม่ลายเหนือ,ฮอด,เล็ก,นอกเมือง,สำนักงานคณะกรรมการการศึกษาขั้นพื้นฐาน,สพป.เชียงใหม่ เขต 5,15,27.78,16.85,30.00,13.17,25.56,15.95,16.67,23.57,25.00,24.15,26.67,23.21
2567,742,บ้านแม่สะนาม,ฮอด,เล็ก,นอกเมือง,สำนักงานคณะกรรมการการศึกษาขั้นพื้นฐาน,สพป.เชียงใหม่ เขต 5,4,29.17,18.16,27.50,14.79,20.83,13.82,37.50,21.65,31.25,27.24,25.00,25.00
2567,743,บ้านแม่อมลอง,ฮอด,เล็ก,นอกเมือง,สำนักงานคณะกรรมการการศึกษาขั้นพื้นฐาน,สพป.เชียงใหม่ เขต 5,9,24.07,8.28,32.22,13.97,18.52,9.44,11.11,20.79,19.44,19.64,13.89,12.42
2567,744,บ้านวังกอง,ฮอด,เล็ก,นอกเมือง,สำนักงานคณะกรรมการการศึกษาขั้นพื้นฐาน,สพป.เชียงใหม่ เขต 5,8,43.75,11.60,26.25,19.96,31.25,22.73,25.00,25.00,28.13,19.52,34.38,32.92
2567,745,บ้านวังลุง,ฮอด,เล็ก,นอกเมือง,สำนักงานคณะกรรมการการศึกษาขั้นพื้นฐาน,สพป.เชียงใหม่ เขต 5,12,20.83,16.84,19.17,11.87,23.61,10.67,12.50,29.76,16.67,18.63,18.75,18.04
2567,746,บ้านหางดง,ฮอด,เล็ก,นอกเมือง,สำนักงานคณะกรรมการการศึกษาขั้นพื้นฐาน,สพป.เชียงใหม่ เขต 5,6,30.56,17.79,35.00,9.57,30.56,26.21,16.67,37.27,25.00,20.41,16.67,18.63
2567,747,ฟ้าใส,ฮอด,เล็ก,นอกเมือง,สำนักงานคณะกรรมการส่งเสริมการศึกษาเอกชน,-,12,59.72,29.23,57.50,22.41,58.33,30.05,37.50,41.46,43.75,23.11,52.08,23.84
2567,748,แม่โถวิทยาคม,ฮอด,กลาง,นอกเมือง,สำนักงานคณะกรรมการการศึกษาขั้นพื้นฐาน,สพป.เชียงใหม่ เขต 5,51,28.43,13.32,24.71,11.61,24.51,15.60,18.63,24.17,27.94,25.07,27.94,21.94
2566,1,บ้านขุนแม่รวม,กัลยาณิวัฒนา,เล็ก,นอกเมือง,สำนักงานคณะกรรมการการศึกษาขั้นพื้นฐาน,สพป.เชียงใหม่ เขต 6,21,23.02,14.97,31.90,15.00,21.43,12.75,23.81,29.35,20.24,19.85,19.05,17.09
2566,2,บ้านจันทร์,กัลยาณิวัฒนา,เล็ก,นอกเมือง,สำนักงานคณะกรรมการการศึกษาขั้นพื้นฐาน,สพป.เชียงใหม่ เขต 6,12,33.33,18.00,25.83,16.56,25.00,12.73,41.67,34.36,37.50,23.94,25.00,20.41
2566,3,บ้านจันทร์ สาขาแจ่มน้อย,กัลยาณิวัฒนา,เล็ก,นอกเมือง,สำนักงานคณะกรรมการการศึกษาขั้นพื้นฐาน,สพป.เชียงใหม่ เขต 6,11,30.30,17.14,24.55,14.99,27.27,16.32,45.45,33.40,52.27,29.11,20.45,14.37
2566,4,บ้านแจ่มหลวง,กัลยาณิวัฒนา,เล็ก,นอกเมือง,สำนักงานคณะกรรมการการศึกษาขั้นพื้นฐาน,สพป.เชียงใหม่ เขต 6,13,25.64,19.19,29.23,8.28,28.21,23.01,57.69,43.17,57.69,22.75,17.31,18.04
2566,5,บ้านแม่แดดน้อย,กัลยาณิวัฒนา,เล็ก,นอกเมือง,สำนักงานคณะกรรมการการศึกษาขั้นพื้นฐาน,สพป.เชียงใหม่ เขต 6,6,30.56,11.45,35.00,17.08,33.33,13.61,75.00,25.00,33.33,23.57,20.83,22.44
2566,6,บ้านแม่แดดน้อย สาขาบ้านดงสามหมื่น,กัลยาณิวัฒนา,เล็ก,นอกเมือง,สำนักงานคณะกรรมการการศึกษาขั้นพื้นฐาน,สพป.เชียงใหม่ เขต 6,14,33.33,16.67,31.43,12.45,33.33,20.89,57.14,31.94,28.57,12.88,25.00,16.37
2566,7,บ้านแม่ตะละ,กัลยาณิวัฒนา,เล็ก,นอกเมือง,สำนักงานคณะกรรมการการศึกษาขั้นพื้นฐาน,สพป.เชียงใหม่ เขต 6,18,26.85,16.79,30.56,11.77,32.41,19.62,44.44,28.33,27.78,23.41,22.22,18.43
2566,8,บ้านแม่ตะละเหนือ,กัลยาณิวัฒนา,เล็ก,นอกเมือง,สำนักงานคณะกรรมการการศึกษาขั้นพื้นฐาน,สพป.เชียงใหม่ เขต 6,6,25.00,18.63,26.67,15.99,41.67,15.96,16.67,23.57,29.17,22.44,29.17,22.44
2566,9,บ้านห้วยยา,กัลยาณิวัฒนา,เล็ก,นอกเมือง,สำนักงานคณะกรรมการการศึกษาขั้นพื้นฐาน,สพป.เชียงใหม่ เขต 6,16,32.29,20.81,28.75,9.27,28.12,26.17,34.37,29.15,23.44,22.48,15.63,21.42
2566,10,บ้านหัวยปู,กัลยาณิวัฒนา,เล็ก,นอกเมือง,สำนักงานคณะกรรมการการศึกษาขั้นพื้นฐาน,สพป.เชียงใหม่ เขต 6,16,30.21,15.83,21.87,10.73,27.08,18.52,25.00,25.00,31.25,20.73,21.88,24.80
2566,11,สามัคคีสันม่วง,กัลยาณิวัฒนา,เล็ก,นอกเมือง,สำนักงานคณะกรรมการการศึกษาขั้นพื้นฐาน,สพป.เชียงใหม่ เขต 6,22,40.15,17.88,25.91,16.69,29.55,20.68,27.27,32.78,30.68,18.36,13.64,14.55
2566,12,ณัทชวิทย์,จอมทอง,เล็ก,นอกเมือง,สำนักงานคณะกรรมการส่งเสริมการศึกษาเอกชน,-,9,62.96,25.79,60.00,27.08,59.26,22.38,94.44,15.71,55.56,22.91,55.56,42.13
2566,13,เทศบาลจอมทอง ๑ (ชุมชนบ้านข่วงเปาเหนือ),จอมทอง,กลาง,นอกเมือง,กรมส่งเสริมการปกครองท้องถิ่น,ท้องถิ่นจังหวัดเชียงใหม่,34,29.41,22.53,34.41,20.03,26.47,21.43,57.35,36.65,30.88,19.23,22.79,25.99
2566,14,ไทยรัฐวิทยา 79 (บ้านหนองอาบช้าง),จอมทอง,เล็ก,นอกเมือง,สำนักงานคณะกรรมการการศึกษาขั้นพื้นฐาน,สพป.เชียงใหม่ เขต 6,11,36.36,18.56,27.27,17.63,18.18,15.00,40.91,41.66,25.00,18.46,22.73,12.86
2566,15,นิยมไพรผาหมอนอินทนนท์,จอมทอง,เล็ก,นอกเมือง,สำนักงานคณะกรรมการการศึกษาขั้นพื้นฐาน,สพป.เชียงใหม่ เขต 6,14,21.43,17.17,26.43,9.72,17.86,14.73,25.00,31.34,35.71,26.24,21.43,18.56
2566,16,บ้านข่วงเปาใต้,จอมทอง,เล็ก,นอกเมือง,สำนักงานคณะกรรมการการศึกษาขั้นพื้นฐาน,สพป.เชียงใหม่ เขต 6,5,26.67,22.61,24.00,8.00,16.67,10.54,50.00,44.72,40.00,20.00,10.00,12.25
2566,17,บ้านขุนกลาง,จอมทอง,กลาง,นอกเมือง,สำนักงานคณะกรรมการการศึกษาขั้นพื้นฐาน,สพป.เชียงใหม่ เขต 6,42,30.95,15.67,26.90,13.71,23.81,17.11,33.33,33.92,30.95,24.28,18.45,18.14
2566,18,บ้านขุนกลาง สาขาแม่ยะน้อย,จอมทอง,เล็ก,นอกเมือง,สำนักงานคณะกรรมการการศึกษาขั้นพื้นฐาน,สพป.เชียงใหม่ เขต 6,9,22.22,11.11,30.00,12.47,20.37,18.89,38.89,31.43,36.11,23.90,27.78,24.85
2566,19,บ้านขุนแตะ,จอมทอง,เล็ก,นอกเมือง,สำนักงานคณะกรรมการการศึกษาขั้นพื้นฐาน,สพป.เชียงใหม่ เขต 6,13,16.67,9.25,23.08,12.02,26.92,12.30,42.31,43.17,30.77,22.26,17.31,18.04
2566,20,บ้านขุนแปะ,จอมทอง,เล็ก,นอกเมือง,สำนักงานคณะกรรมการการศึกษาขั้นพื้นฐาน,สพป.เชียงใหม่ เขต 6,24,35.42,17.55,32.08,15.81,30.56,19.64,31.25,31.66,21.88,18.13,19.79,23.91
2566,21,บ้านขุนแปะ สาขาแม่จร,จอมทอง,เล็ก,นอกเมือง,สำนักงานคณะกรรมการการศึกษาขั้นพื้นฐาน,สพป.เชียงใหม่ เขต 6,4,8.33,8.33,30.00,14.14,29.17,13.82,12.50,21.65,18.75,10.83,31.25,10.83
2566,22,บ้านขุนยะ,จอมทอง,เล็ก,นอกเมือง,สำนักงานคณะกรรมการการศึกษาขั้นพื้นฐาน,สพป.เชียงใหม่ เขต 6,7,26.19,17.50,32.86,11.61,26.19,21.56,57.14,41.65,35.71,26.24,17.86,17.50
2566,23,บ้านท่าข้าม,จอมทอง,เล็ก,นอกเมือง,สำนักงานคณะกรรมการการศึกษาขั้นพื้นฐาน,สพป.เชียงใหม่ เขต 6,5,53.33,22.11,32.00,16.00,33.33,10.54,90.00,20.00,25.00,15.81,25.00,27.39
2566,24,บ้านท่าหลุก,จอมทอง,เล็ก,นอกเมือง,สำนักงานคณะกรรมการการศึกษาขั้นพื้นฐาน,สพป.เชียงใหม่ เขต 6,4,20.83,13.82,35.00,8.66,33.33,11.79,75.00,25.00,37.50,12.50,31.25,10.83
2566,25,บ้านน้ำตกแม่กลาง,จอมทอง,เล็ก,นอกเมือง,สำนักงานคณะกรรมการการศึกษาขั้นพื้นฐาน,สพป.เชียงใหม่ เขต 6,8,25.00,20.41,22.50,11.99,14.58,15.45,18.75,24.21,18.75,20.73,31.25,24.21
2566,26,บ้านบนนา,จอมทอง,เล็ก,นอกเมือง,สำนักงานคณะกรรมการการศึกษาขั้นพื้นฐาน,สพป.เชียงใหม่ เขต 6,9,33.33,19.25,31.11,13.70,18.52,18.33,16.67,23.57,13.89,17.12,25.00,16.67
2566,27,บ้านปากทางท่าลี่,จอมทอง,เล็ก,นอกเมือง,สำนักงานคณะกรรมการการศึกษาขั้นพื้นฐาน,สพป.เชียงใหม่ เขต 6,4,29.17,7.22,32.50,12.99,33.33,11.79,75.00,25.00,43.75,10.83,18.75,20.73
2566,28,บ้านแปะ,จอมทอง,เล็ก,นอกเมือง,สำนักงานคณะกรรมการการศึกษาขั้นพื้นฐาน,สพป.เชียงใหม่ เขต 6,11,30.30,15.60,32.73,16.56,36.36,13.89,36.36,37.48,50.00,30.15,22.73,22.50
2566,29,บ้านเมืองกลาง,จอมทอง,เล็ก,นอกเมือง,สำนักงานคณะกรรมการการศึกษาขั้นพื้นฐาน,สพป.เชียงใหม่ เขต 6,7,42.86,17.50,28.57,19.59,30.95,18.75,50.00,26.73,28.57,20.82,3.57,8.75
2566,30,บ้านเมืองอาง,จอมทอง,เล็ก,นอกเมือง,สำนักงานคณะกรรมการการศึกษาขั้นพื้นฐาน,สพป.เชียงใหม่ เขต 6,9,22.22,11.11,18.89,11.97,22.22,13.61,44.44,28.33,25.00,20.41,19.44,15.71
2566,31,บ้านแม่ปอน,จอมทอง,เล็ก,นอกเมือง,สำนักงานคณะกรรมการการศึกษาขั้นพื้นฐาน,สพป.เชียงใหม่ เขต 6,19,21.93,16.27,28.42,12.68,38.60,26.52,34.21,32.66,38.16,16.95,23.68,22.17
2566,32,บ้านแม่สอย,จอมทอง,เล็ก,นอกเมือง,สำนักงานคณะกรรมการการศึกษาขั้นพื้นฐาน,สพป.เชียงใหม่ เขต 6,9,50.00,17.57,34.44,16.41,44.44,19.25,77.78,34.25,50.00,23.57,33.33,28.87
2566,33,บ้านโรงวัว,จอมทอง,เล็ก,นอกเมือง,สำนักงานคณะกรรมการการศึกษาขั้นพื้นฐาน,สพป.เชียงใหม่ เขต 6,12,41.67,20.97,32.50,19.20,33.33,23.57,75.00,38.19,52.08,23.84,35.42,25.94
2566,34,บ้านสบแจ่มฝั่งซ้าย,จอมทอง,เล็ก,นอกเมือง,สำนักงานคณะกรรมการการศึกษาขั้นพื้นฐาน,สพป.เชียงใหม่ เขต 6,20,26.67,17.00,31.00,18.41,25.00,20.07,45.00,38.41,40.00,18.37,20.00,20.31
2566,35,บ้านสบเตี๊ยะ,จอมทอง,กลาง,นอกเมือง,สำนักงานคณะกรรมการการศึกษาขั้นพื้นฐาน,สพป.เชียงใหม่ เขต 6,9,24.07,13.86,24.44,9.56,29.63,21.91,33.33,33.33,25.00,20.41,13.89,17.12
2566,36,บ้านสบแปะ,จอมทอง,เล็ก,นอกเมือง,สำนักงานคณะกรรมการการศึกษาขั้นพื้นฐาน,สพป.เชียงใหม่ เขต 6,7,23.81,15.06,30.00,7.56,28.57,23.08,42.86,17.50,39.29,26.24,28.57,24.74
2566,37,บ้านหนองคัน,จอมทอง,เล็ก,นอกเมือง,สำนักงานคณะกรรมการการศึกษาขั้นพื้นฐาน,สพป.เชียงใหม่ เขต 6,4,58.33,27.64,47.50,28.61,45.83,21.65,75.00,25.00,68.75,10.83,50.00,30.62
2566,38,บ้านห้วยทราย,จอมทอง,เล็ก,นอกเมือง,สำนักงานคณะกรรมการการศึกษาขั้นพื้นฐาน,สพป.เชียงใหม่ เขต 6,10,35.00,20.34,36.00,13.56,41.67,21.41,30.00,33.17,27.50,13.46,27.50,20.77
2566,39,บ้านห้วยน้ำดิบ,จอมทอง,เล็ก,นอกเมือง,สำนักงานคณะกรรมการการศึกษาขั้นพื้นฐาน,สพป.เชียงใหม่ เขต 6,6,22.22,7.86,20.00,11.55,30.56,17.79,25.00,25.00,20.83,17.18,16.67,18.63
2566,40,บ้านห้วยม่วง,จอมทอง,เล็ก,นอกเมือง,สำนักงานคณะกรรมการการศึกษาขั้นพื้นฐาน,สพป.เชียงใหม่ เขต 6,4,25.00,8.33,32.50,14.79,25.00,8.33,37.50,21.65,25.00,0.00,25.00,17.68
2566,41,บ้านห้วยม่วงฝั่งซ้าย,จอมทอง,เล็ก,นอกเมือง,สำนักงานคณะกรรมการการศึกษาขั้นพื้นฐาน,สพป.เชียงใหม่ เขต 6,20,29.17,18.91,29.50,13.59,20.00,14.53,40.00,37.42,25.00,22.36,18.75,17.46
2566,42,บ้านห้วยส้มป่อย,จอมทอง,เล็ก,นอกเมือง,สำนักงานคณะกรรมการการศึกษาขั้นพื้นฐาน,สพป.เชียงใหม่ เขต 6,13,25.64,16.81,29.23,21.29,33.33,20.67,15.38,23.08,26.92,18.24,23.08,18.24
2566,43,บ้านห้วยสะแพด,จอมทอง,เล็ก,นอกเมือง,สำนักงานคณะกรรมการการศึกษาขั้นพื้นฐาน,สพป.เชียงใหม่ เขต 6,15,28.89,18.72,28.67,16.28,28.89,20.61,40.00,37.42,31.67,19.29,25.00,24.15
2566,44,บ้านหาดนาค,จอมทอง,เล็ก,นอกเมือง,สำนักงานคณะกรรมการการศึกษาขั้นพื้นฐาน,สพป.เชียงใหม่ เขต 6,6,44.44,18.43,30.00,5.77,36.11,11.45,66.67,37.27,20.83,9.32,16.67,18.63
2566,45,บ้านใหม่สารภี,จอมทอง,เล็ก,นอกเมือง,สำนักงานคณะกรรมการการศึกษาขั้นพื้นฐาน,สพป.เชียงใหม่ เขต 6,2,16.67,0.00,15.00,5.00,33.33,0.00,0.00,0.00,37.50,12.50,25.00,0.00
2566,46,ป่ากล้วยพัฒนา,จอมทอง,เล็ก,นอกเมือง,สำนักงานคณะกรรมการการศึกษาขั้นพื้นฐาน,สพป.เชียงใหม่ เขต 6,13,37.18,14.84,32.31,22.92,41.03,21.30,50.00,39.22,42.31,18.04,26.92,26.79
2566,47,วัดพระบาท,จอมทอง,เล็ก,นอกเมือง,สำนักงานคณะกรรมการการศึกษาขั้นพื้นฐาน,สพป.เชียงใหม่ เขต 6,4,45.83,18.16,37.50,10.90,25.00,25.00,25.00,25.00,25.00,17.68,25.00,17.68
2566,48,ศรีจอมทอง,จอมทอง,ใหญ่,นอกเมือง,สำนักงานคณะกรรมการการศึกษาขั้นพื้นฐาน,สพป.เชียงใหม่ เขต 6,114,44.74,25.68,44.74,24.57,50.88,22.17,76.75,34.53,56.36,28.26,39.04,30.71
2566,49,สุทธิวงศ์ดำรงวิทย์,จอมทอง,เล็ก,นอกเมือง,สำนักงานคณะกรรมการส่งเสริมการศึกษาเอกชน,-,9,27.78,17.57,25.56,19.50,25.93,19.42,88.89,20.79,30.56,22.91,25.00,16.67
2566,50,แกน้อยศึกษา,เชียงดาว,กลาง,นอกเมือง,สำนักงานคณะกรรมการการศึกษาขั้นพื้นฐาน,สพป.เชียงใหม่ เขต 3,12,29.17,20.55,28.33,17.24,26.39,15.90,45.83,32.00,35.42,27.87,12.50,12.50
2566,51,โครงการหลวงแกน้อย,เชียงดาว,กลาง,นอกเมือง,สำนักงานคณะกรรมการการศึกษาขั้นพื้นฐาน,สพป.เชียงใหม่ เขต 3,7,38.10,11.66,25.71,14.00,23.81,15.06,42.86,31.94,35.71,12.37,21.43,15.97
2566,52,เจ้าฟ้าอุบลรัตน์,เชียงดาว,เล็ก,นอกเมือง,สำนักงานคณะกรรมการส่งเสริมการศึกษาเอกชน,-,33,29.29,18.36,26.97,11.93,24.24,15.40,36.36,39.45,27.27,22.50,24.24,20.86
2566,53,ชุมชนบ้านเมืองงาย,เชียงดาว,กลาง,นอกเมือง,สำนักงานคณะกรรมการการศึกษาขั้นพื้นฐาน,สพป.เชียงใหม่ เขต 3,29,37.36,19.40,34.48,21.11,40.80,26.83,63.79,34.48,36.21,21.36,28.45,22.48
2566,54,ชุมชนบ้านวังจ๊อม,เชียงดาว,กลาง,นอกเมือง,สำนักงานคณะกรรมการการศึกษาขั้นพื้นฐาน,สพป.เชียงใหม่ เขต 3,11,31.82,18.06,34.55,10.76,21.21,18.92,31.82,38.57,29.55,23.40,20.45,20.83
2566,55,ดอยสามหมื่น,เชียงดาว,เล็ก,นอกเมือง,สำนักงานคณะกรรมการการศึกษาขั้นพื้นฐาน,สพป.เชียงใหม่ เขต 3,3,5.56,7.86,20.00,8.16,22.22,7.86,33.33,23.57,8.33,11.79,8.33,11.79
2566,56,ตชด.เฉลิมพระเกียรติฯ บ้านแกน้อย,เชียงดาว,เล็ก,นอกเมือง,กองบัญชาการตำรวจตระเวนชายแดน,-,22,22.73,16.32,28.64,13.24,27.27,14.69,22.73,24.90,25.00,21.32,22.73,22.50
2566,57,บ้านเชียงดาว,เชียงดาว,กลาง,นอกเมือง,สำนักงานคณะกรรมการการศึกษาขั้นพื้นฐาน,สพป.เชียงใหม่ เขต 3,94,33.87,20.55,31.17,14.13,29.96,18.61,48.94,34.96,35.37,23.75,27.13,22.38
2566,58,บ้านดอน,เชียงดาว,เล็ก,นอกเมือง,สำนักงานคณะกรรมการการศึกษาขั้นพื้นฐาน,สพป.เชียงใหม่ เขต 3,7,47.62,20.76,24.29,21.95,14.29,10.65,21.43,24.74,21.43,15.97,14.29,12.37
2566,59,บ้านถ้ำ,เชียงดาว,เล็ก,นอกเมือง,สำนักงานคณะกรรมการการศึกษาขั้นพื้นฐาน,สพป.เชียงใหม่ เขต 3,14,28.57,22.21,30.00,13.63,26.19,16.32,32.14,23.96,28.57,22.87,26.79,25.82
2566,60,บ้านทุ่งข้าวพวง,เชียงดาว,กลาง,นอกเมือง,สำนักงานคณะกรรมการการศึกษาขั้นพื้นฐาน,สพป.เชียงใหม่ เขต 3,17,34.31,21.75,28.82,13.67,42.16,18.18,20.59,29.99,35.29,19.29,30.88,27.82
2566,61,บ้านทุ่งละคร,เชียงดาว,เล็ก,นอกเมือง,สำนักงานคณะกรรมการการศึกษาขั้นพื้นฐาน,สพป.เชียงใหม่ เขต 3,3,22.22,7.86,26.67,12.47,38.89,15.71,33.33,23.57,41.67,31.18,41.67,42.49
2566,62,บ้านทุ่งหลุก,เชียงดาว,เล็ก,นอกเมือง,สำนักงานคณะกรรมการการศึกษาขั้นพื้นฐาน,สพป.เชียงใหม่ เขต 3,6,38.89,20.79,28.33,10.67,30.56,20.22,58.33,34.36,54.17,22.44,12.50,12.50
2566,63,บ้านนาหวาย,เชียงดาว,กลาง,นอกเมือง,สำนักงานคณะกรรมการการศึกษาขั้นพื้นฐาน,สพป.เชียงใหม่ เขต 3,30,27.78,14.49,26.00,11.43,28.89,17.18,46.67,36.36,26.67,21.34,20.83,18.35
2566,64,บ้านปางแดง,เชียงดาว,เล็ก,นอกเมือง,สำนักงานคณะกรรมการการศึกษาขั้นพื้นฐาน,สพป.เชียงใหม่ เขต 3,14,28.57,21.30,28.57,12.45,30.95,13.88,25.00,31.34,23.21,17.59,16.07,15.26
2566,65,บ้านปางเฟือง,เชียงดาว,เล็ก,นอกเมือง,สำนักงานคณะกรรมการการศึกษาขั้นพื้นฐาน,สพป.เชียงใหม่ เขต 3,10,30.00,16.33,27.00,11.00,16.67,12.91,30.00,33.17,40.00,25.50,20.00,29.15
2566,66,บ้านปางมะเยา,เชียงดาว,กลาง,นอกเมือง,สำนักงานคณะกรรมการการศึกษาขั้นพื้นฐาน,สพป.เชียงใหม่ เขต 3,16,22.92,19.43,28.75,15.76,30.21,15.83,34.37,34.09,35.94,23.33,29.69,18.15
2566,67,บ้านป่าบง,เชียงดาว,เล็ก,นอกเมือง,สำนักงานคณะกรรมการการศึกษาขั้นพื้นฐาน,สพป.เชียงใหม่ เขต 3,21,22.22,13.93,30.00,14.47,21.43,16.38,30.95,24.28,21.43,17.74,27.38,17.09
2566,68,บ้านเมืองคอง,เชียงดาว,เล็ก,นอกเมือง,สำนักงานคณะกรรมการการศึกษาขั้นพื้นฐาน,สพป.เชียงใหม่ เขต 3,9,31.48,18.33,31.11,15.23,33.33,24.85,50.00,33.33,50.00,31.18,30.56,19.64
2566,69,บ้านเมืองนะ,เชียงดาว,กลาง,นอกเมือง,สำนักงานคณะกรรมการการศึกษาขั้นพื้นฐาน,สพป.เชียงใหม่ เขต 3,29,26.44,16.09,23.79,13.75,20.11,17.71,43.10,38.78,27.59,20.07,17.24,17.50
2566,70,บ้านแม่กอนใน,เชียงดาว,เล็ก,นอกเมือง,สำนักงานคณะกรรมการการศึกษาขั้นพื้นฐาน,สพป.เชียงใหม่ เขต 3,14,33.33,18.90,32.14,10.13,29.76,18.02,32.14,35.89,17.86,17.50,21.43,15.97
2566,71,บ้านแม่นะ,เชียงดาว,กลาง,นอกเมือง,สำนักงานคณะกรรมการการศึกษาขั้นพื้นฐาน,สพป.เชียงใหม่ เขต 3,17,33.33,17.15,22.94,16.72,30.39,14.27,55.88,33.79,30.88,18.25,19.12,16.11
2566,72,บ้านแม่ป๋าม,เชียงดาว,เล็ก,นอกเมือง,สำนักงานคณะกรรมการการศึกษาขั้นพื้นฐาน,สพป.เชียงใหม่ เขต 3,14,33.33,17.82,27.86,12.06,30.95,16.50,50.00,32.73,33.93,17.95,17.86,19.88
2566,73,บ้านแม่แมะ,เชียงดาว,เล็ก,นอกเมือง,สำนักงานคณะกรรมการการศึกษาขั้นพื้นฐาน,สพป.เชียงใหม่ เขต 3,4,33.33,16.67,35.00,5.00,12.50,7.22,50.00,35.36,31.25,10.83,37.50,27.95
2566,74,บ้านแม่อ้อใน,เชียงดาว,เล็ก,นอกเมือง,สำนักงานคณะกรรมการการศึกษาขั้นพื้นฐาน,สพป.เชียงใหม่ เขต 3,21,15.87,10.88,30.00,13.09,24.60,15.10,23.81,24.97,15.48,16.32,23.81,26.14
2566,75,บ้านรินหลวง,เชียงดาว,เล็ก,นอกเมือง,สำนักงานคณะกรรมการการศึกษาขั้นพื้นฐาน,สพป.เชียงใหม่ เขต 3,24,33.33,18.00,24.17,21.00,39.58,17.88,47.92,36.74,25.00,21.65,27.08,25.94
2566,76,บ้านวังมะริว,เชียงดาว,เล็ก,นอกเมือง,สำนักงานคณะกรรมการการศึกษาขั้นพื้นฐาน,สพป.เชียงใหม่ เขต 3,10,28.33,10.67,37.00,17.35,23.33,23.80,50.00,38.73,25.00,15.81,25.00,25.00
2566,77,บ้านสบคาบ,เชียงดาว,เล็ก,นอกเมือง,สำนักงานคณะกรรมการการศึกษาขั้นพื้นฐาน,สพป.เชียงใหม่ เขต 3,8,20.83,16.14,28.75,9.27,20.83,16.14,37.50,41.46,25.00,17.68,25.00,27.95
2566,78,บ้านสันป่าเกี๊ยะ,เชียงดาว,เล็ก,นอกเมือง,สำนักงานคณะกรรมการการศึกษาขั้นพื้นฐาน,สพป.เชียงใหม่ เขต 3,5,20.00,12.47,18.00,14.70,23.33,22.61,40.00,20.00,40.00,20.00,30.00,18.71
2566,79,บ้านหนองเขียว,เชียงดาว,กลาง,นอกเมือง,สำนักงานคณะกรรมการการศึกษาขั้นพื้นฐาน,สพป.เชียงใหม่ เขต 3,24,27.08,15.82,25.83,10.77,28.47,14.01,35.42,33.79,23.96,19.74,22.92,22.73
2566,80,บ้านหนองแขม,เชียงดาว,เล็ก,นอกเมือง,กองบัญชาการตำรวจตระเวนชายแดน,-,10,43.33,21.34,33.00,10.05,45.00,18.33,60.00,30.00,37.50,20.16,22.50,13.46
2566,81,บ้านหนองบัว,เชียงดาว,เล็ก,นอกเมือง,สำนักงานคณะกรรมการการศึกษาขั้นพื้นฐาน,สพป.เชียงใหม่ เขต 3,13,33.33,16.01,30.00,14.14,28.21,15.17,38.46,39.97,30.77,26.23,19.23,17.41
2566,82,บ้านห้วยจะค่าน ตชด.อนุสรณ์,เชียงดาว,กลาง,นอกเมือง,สำนักงานคณะกรรมการการศึกษาขั้นพื้นฐาน,สพป.เชียงใหม่ เขต 3,20,21.67,19.08,19.00,11.36,29.17,15.70,20.00,29.15,23.75,20.12,23.75,18.50
2566,83,บ้านห้วยทรายขาว,เชียงดาว,เล็ก,นอกเมือง,สำนักงานคณะกรรมการการศึกษาขั้นพื้นฐาน,สพป.เชียงใหม่ เขต 3,6,30.56,11.45,36.67,7.45,33.33,21.52,16.67,23.57,45.83,22.44,25.00,14.43
2566,84,บ้านห้วยเป้า,เชียงดาว,เล็ก,นอกเมือง,กรมส่งเสริมการปกครองท้องถิ่น,ท้องถิ่นจังหวัดเชียงใหม่,19,42.98,21.84,27.37,14.45,29.82,11.57,52.63,34.31,36.84,20.47,15.79,16.64
2566,85,บ้านใหม่,เชียงดาว,เล็ก,นอกเมือง,สำนักงานคณะกรรมการการศึกษาขั้นพื้นฐาน,สพป.เชียงใหม่ เขต 3,6,44.44,24.85,35.00,15.00,25.00,15.96,83.33,23.57,41.67,27.64,33.33,11.79
2566,86,บ้านอรุโณทัย,เชียงดาว,ใหญ่พิเศษ,นอกเมือง,สำนักงานคณะกรรมการการศึกษาขั้นพื้นฐาน,สพป.เชียงใหม่ เขต 3,79,36.71,18.63,26.20,14.70,25.74,18.90,46.84,36.75,30.38,19.76,26.58,25.88
2566,87,บ้านออน,เชียงดาว,เล็ก,นอกเมือง,สำนักงานคณะกรรมการการศึกษาขั้นพื้นฐาน,สพป.เชียงใหม่ เขต 3,8,22.92,11.60,42.50,16.39,20.83,13.82,31.25,34.80,28.13,19.52,28.13,26.33
2566,88,เบญจม 2 บ้านน้ำรู,เชียงดาว,เล็ก,นอกเมือง,สำนักงานคณะกรรมการการศึกษาขั้นพื้นฐาน,สพป.เชียงใหม่ เขต 3,14,19.05,12.37,28.57,9.90,29.76,15.66,35.71,34.99,28.57,18.56,16.07,17.95
2566,89,พัฒนาต้นน้ำขุนคอง,เชียงดาว,เล็ก,นอกเมือง,สำนักงานคณะกรรมการการศึกษาขั้นพื้นฐาน,สพป.เชียงใหม่ เขต 3,26,26.28,17.40,30.77,12.06,28.85,13.52,32.69,33.80,31.73,25.53,24.04,17.65
2566,90,มิตรมวลชนเชียงใหม่,เชียงดาว,กลาง,นอกเมือง,สำนักงานคณะกรรมการการศึกษาขั้นพื้นฐาน,สพป.เชียงใหม่ เขต 3,9,35.19,18.33,16.67,10.54,37.04,17.17,50.00,40.82,33.33,16.67,25.00,16.67
2566,91,ราชประชานุเคราะห์ 61 จังหวัดเชียงใหม่,เชียงดาว,กลาง,นอกเมือง,สำนักบริหารงานการศึกษาพิเศษ,-,18,32.41,17.98,32.22,16.85,25.93,16.87,33.33,33.33,31.94,23.28,19.44,17.79
2566,92,วัดจอมคีรี,เชียงดาว,เล็ก,นอกเมือง,สำนักงานคณะกรรมการการศึกษาขั้นพื้นฐาน,สพป.เชียงใหม่ เขต 3,4,50.00,20.41,45.00,18.03,37.50,18.16,62.50,41.46,37.50,27.95,31.25,10.83
2566,93,วัดปางมะโอ,เชียงดาว,เล็ก,นอกเมือง,สำนักงานคณะกรรมการการศึกษาขั้นพื้นฐาน,สพป.เชียงใหม่ เขต 3,1,16.67,0.00,50.00,0.00,16.67,0.00,0.00,0.00,0.00,0.00,50.00,0.00
2566,94,ศีลรวี,เชียงดาว,กลาง,นอกเมือง,สำนักงานคณะกรรมการส่งเสริมการศึกษาเอกชน,-,54,32.72,24.63,34.81,19.60,40.43,23.92,58.33,41.67,39.81,27.44,28.24,28.89
2566,95,ฉัตรพฤกษ์วิทยา,ไชยปราการ,เล็ก,นอกเมือง,สำนักงานคณะกรรมการส่งเสริมการศึกษาเอกชน,-,17,35.29,24.84,37.65,18.00,34.31,22.48,55.88,37.89,25.00,19.17,41.18,28.36
2566,96,ชุมชนวัดศรีดงเย็น,ไชยปราการ,กลาง,นอกเมือง,สำนักงานคณะกรรมการการศึกษาขั้นพื้นฐาน,สพป.เชียงใหม่ เขต 3,36,31.02,20.09,27.78,15.48,27.31,20.84,40.28,32.96,27.78,18.43,27.78,20.22
2566,97,เทศบาล 1 ไชยปราการ,ไชยปราการ,กลาง,นอกเมือง,กรมส่งเสริมการปกครองท้องถิ่น,ท้องถิ่นจังหวัดเชียงใหม่,52,29.17,16.94,30.00,15.44,25.96,16.48,60.58,39.63,32.21,20.41,25.96,23.49
2566,98,บ้านต้นโชค,ไชยปราการ,เล็ก,นอกเมือง,สำนักงานคณะกรรมการการศึกษาขั้นพื้นฐาน,สพป.เชียงใหม่ เขต 3,25,28.00,18.09,24.40,12.03,30.67,15.41,32.00,34.29,29.00,24.17,21.00,19.60
2566,99,บ้านถ้ำตับเตา,ไชยปราการ,เล็ก,นอกเมือง,สำนักงานคณะกรรมการการศึกษาขั้นพื้นฐาน,สพป.เชียงใหม่ เขต 3,1,16.67,0.00,30.00,0.00,0.00,0.00,100.00,0.00,25.00,0.00,25.00,0.00
2566,100,บ้านปง,ไชยปราการ,เล็ก,นอกเมือง,สำนักงานคณะกรรมการการศึกษาขั้นพื้นฐาน,สพป.เชียงใหม่ เขต 3,15,34.44,19.69,30.67,19.14,26.67,19.05,53.33,33.99,41.67,23.57,20.00,20.82
2566,101,บ้านปงตำ,ไชยปราการ,เล็ก,นอกเมือง,สำนักงานคณะกรรมการการศึกษาขั้นพื้นฐาน,สพป.เชียงใหม่ เขต 3,4,37.50,13.82,32.50,8.29,37.50,13.82,75.00,43.30,50.00,0.00,12.50,12.50
2566,102,บ้านป่างิ้ว,ไชยปราการ,เล็ก,นอกเมือง,สำนักงานคณะกรรมการการศึกษาขั้นพื้นฐาน,สพป.เชียงใหม่ เขต 3,19,34.21,19.85,32.11,10.04,32.46,22.60,44.74,32.01,31.58,19.60,30.26,19.16
2566,103,บ้านผาแดง,ไชยปราการ,เล็ก,นอกเมือง,สำนักงานคณะกรรมการการศึกษาขั้นพื้นฐาน,สพป.เชียงใหม่ เขต 3,5,33.33,34.96,48.00,14.70,50.00,23.57,80.00,24.49,45.00,29.15,55.00,18.71
2566,104,บ้านแม่ขิ,ไชยปราการ,เล็ก,นอกเมือง,สำนักงานคณะกรรมการการศึกษาขั้นพื้นฐาน,สพป.เชียงใหม่ เขต 3,11,30.30,19.87,26.36,13.67,31.82,20.66,54.55,25.71,22.73,19.81,29.55,23.40
2566,105,บ้านแม่ทะลบ,ไชยปราการ,เล็ก,นอกเมือง,สำนักงานคณะกรรมการการศึกษาขั้นพื้นฐาน,สพป.เชียงใหม่ เขต 3,12,38.89,20.79,33.33,15.99,30.56,24.37,41.67,39.97,35.42,23.84,27.08,23.84
2566,106,บ้านเวียงผาพัฒนา,ไชยปราการ,เล็ก,นอกเมือง,สำนักงานคณะกรรมการการศึกษาขั้นพื้นฐาน,สพป.เชียงใหม่ เขต 3,8,25.00,11.79,20.00,13.23,14.58,15.45,31.25,34.80,28.13,14.99,28.13,19.52
2566,107,บ้านสินชัย,ไชยปราการ,กลาง,นอกเมือง,สำนักงานคณะกรรมการการศึกษาขั้นพื้นฐาน,สพป.เชียงใหม่ เขต 3,10,55.00,23.63,51.00,21.19,61.67,10.67,80.00,24.49,65.00,25.50,47.50,23.58
2566,108,บ้านห้วยต้นตอง,ไชยปราการ,เล็ก,นอกเมือง,สำนักงานคณะกรรมการการศึกษาขั้นพื้นฐาน,สพป.เชียงใหม่ เขต 3,4,33.33,20.41,30.00,7.07,33.33,11.79,12.50,21.65,37.50,12.50,6.25,10.83
2566,109,บ้านห้วยบง,ไชยปราการ,เล็ก,นอกเมือง,สำนักงานคณะกรรมการการศึกษาขั้นพื้นฐาน,สพป.เชียงใหม่ เขต 3,10,38.33,18.33,28.00,10.77,26.67,17.00,45.00,35.00,27.50,20.77,37.50,25.62
2566,110,บ้านห้วยไผ่,ไชยปราการ,เล็ก,นอกเมือง,สำนักงานคณะกรรมการการศึกษาขั้นพื้นฐาน,สพป.เชียงใหม่ เขต 3,21,36.51,21.59,31.43,19.34,33.33,19.92,52.38,47.50,36.90,25.14,26.19,28.32
2566,111,บ้านหัวฝาย,ไชยปราการ,เล็ก,นอกเมือง,สำนักงานคณะกรรมการการศึกษาขั้นพื้นฐาน,สพป.เชียงใหม่ เขต 3,10,35.00,18.93,32.00,18.33,25.00,30.05,40.00,30.00,37.50,20.16,20.00,18.71
2566,112,บ้านใหม่หนองบัว,ไชยปราการ,กลาง,นอกเมือง,สำนักงานคณะกรรมการการศึกษาขั้นพื้นฐาน,สพป.เชียงใหม่ เขต 3,92,27.72,17.77,29.35,16.27,23.73,18.26,30.43,33.75,27.99,21.44,23.37,21.43
2566,113,บ้านอ่าย,ไชยปราการ,เล็ก,นอกเมือง,สำนักงานคณะกรรมการการศึกษาขั้นพื้นฐาน,สพป.เชียงใหม่ เขต 3,22,32.58,18.45,24.09,13.70,19.70,19.87,45.45,42.40,30.68,18.36,19.32,23.76
2566,114,วัดบ้านท่า,ไชยปราการ,เล็ก,นอกเมือง,สำนักงานคณะกรรมการการศึกษาขั้นพื้นฐาน,สพป.เชียงใหม่ เขต 3,19,33.33,18.73,32.63,16.81,33.33,23.57,63.16,39.21,30.26,27.60,26.32,17.16
2566,115,วัดป่าแดง,ไชยปราการ,เล็ก,นอกเมือง,สำนักงานคณะกรรมการการศึกษาขั้นพื้นฐาน,สพป.เชียงใหม่ เขต 3,11,28.79,26.68,26.36,7.71,30.30,15.60,22.73,32.78,36.36,22.27,25.00,18.46
2566,116,วัดอรัญญวาสี,ไชยปราการ,เล็ก,นอกเมือง,สำนักงานคณะกรรมการการศึกษาขั้นพื้นฐาน,สพป.เชียงใหม่ เขต 3,8,31.25,17.55,21.25,11.66,31.25,17.55,31.25,34.80,43.75,16.54,25.00,25.00
2566,117,สันติวนา,ไชยปราการ,เล็ก,นอกเมือง,สำนักงานคณะกรรมการการศึกษาขั้นพื้นฐาน,สพป.เชียงใหม่ เขต 3,7,69.05,25.86,64.29,27.18,57.14,17.50,64.29,44.03,53.57,20.82,57.14,22.02
2566,118,เอื้อวิทยา,ไชยปราการ,กลาง,นอกเมือง,สำนักงานคณะกรรมการส่งเสริมการศึกษาเอกชน,-,27,38.27,24.77,35.19,26.16,32.72,23.34,74.07,34.35,41.67,25.46,31.48,28.54
2566,119,ชุมชนบ้านดอยเต่า,ดอยเต่า,เล็ก,นอกเมือง,สำนักงานคณะกรรมการการศึกษาขั้นพื้นฐาน,สพป.เชียงใหม่ เขต 5,7,38.10,14.68,20.00,14.14,38.10,17.17,57.14,17.50,39.29,12.37,17.86,17.50
2566,120,ชุมชนศูนย์อพยพแปลง 4,ดอยเต่า,เล็ก,นอกเมือง,สำนักงานคณะกรรมการการศึกษาขั้นพื้นฐาน,สพป.เชียงใหม่ เขต 5,22,36.36,21.10,33.18,9.72,37.12,17.36,52.27,35.28,40.91,25.61,27.27,23.73
2566,121,บ้านเกาะหลวง,ดอยเต่า,เล็ก,นอกเมือง,สำนักงานคณะกรรมการการศึกษาขั้นพื้นฐาน,สพป.เชียงใหม่ เขต 5,17,28.43,16.92,20.59,12.11,36.27,20.00,32.35,34.05,30.88,18.25,25.00,17.15
2566,122,บ้านงิ้วสูง,ดอยเต่า,เล็ก,นอกเมือง,สำนักงานคณะกรรมการการศึกษาขั้นพื้นฐาน,สพป.เชียงใหม่ เขต 5,4,16.67,11.79,35.00,15.00,20.83,7.22,37.50,41.46,12.50,12.50,31.25,27.24
2566,123,บ้านฉิมพลี,ดอยเต่า,เล็ก,นอกเมือง,สำนักงานคณะกรรมการการศึกษาขั้นพื้นฐาน,สพป.เชียงใหม่ เขต 5,8,37.50,7.22,32.50,14.79,27.08,11.60,75.00,25.00,34.38,12.10,21.88,14.99
2566,124,บ้านถิ่นสำราญ,ดอยเต่า,เล็ก,นอกเมือง,สำนักงานคณะกรรมการการศึกษาขั้นพื้นฐาน,สพป.เชียงใหม่ เขต 5,3,27.78,15.71,20.00,8.16,27.78,15.71,33.33,23.57,25.00,20.41,8.33,11.79
2566,125,บ้านโท้งวิทยา,ดอยเต่า,เล็ก,นอกเมือง,สำนักงานคณะกรรมการการศึกษาขั้นพื้นฐาน,สพป.เชียงใหม่ เขต 5,12,43.06,23.03,33.33,14.34,23.61,15.90,45.83,37.96,52.08,21.55,20.83,22.44
2566,126,บ้านน้อยห้วยรินวิทยา,ดอยเต่า,เล็ก,นอกเมือง,สำนักงานคณะกรรมการการศึกษาขั้นพื้นฐาน,สพป.เชียงใหม่ เขต 5,11,25.76,14.85,21.82,12.66,21.21,12.49,13.64,22.27,29.55,27.84,25.00,18.46
2566,127,บ้านบงตัน,ดอยเต่า,เล็ก,นอกเมือง,สำนักงานคณะกรรมการการศึกษาขั้นพื้นฐาน,สพป.เชียงใหม่ เขต 5,15,22.22,17.92,29.33,15.26,32.22,20.61,43.33,40.28,35.00,21.98,23.33,21.34
2566,128,บ้านโปง,ดอยเต่า,เล็ก,นอกเมือง,สำนักงานคณะกรรมการการศึกษาขั้นพื้นฐาน,สพป.เชียงใหม่ เขต 5,9,22.22,22.22,25.56,13.43,24.07,11.42,44.44,36.85,36.11,20.79,33.33,23.57
2566,129,บ้านโปงทุ่ง,ดอยเต่า,เล็ก,นอกเมือง,สำนักงานคณะกรรมการการศึกษาขั้นพื้นฐาน,สพป.เชียงใหม่ เขต 5,9,42.59,13.86,28.89,11.97,25.93,17.76,44.44,36.85,36.11,23.90,19.44,19.64
2566,130,บ้านผาจุก,ดอยเต่า,เล็ก,นอกเมือง,สำนักงานคณะกรรมการการศึกษาขั้นพื้นฐาน,สพป.เชียงใหม่ เขต 5,2,41.67,25.00,5.00,5.00,25.00,8.33,75.00,25.00,37.50,37.50,25.00,25.00
2566,131,บ้านแม่ตูบ,ดอยเต่า,เล็ก,นอกเมือง,สำนักงานคณะกรรมการการศึกษาขั้นพื้นฐาน,สพป.เชียงใหม่ เขต 5,11,39.39,23.86,35.45,17.77,33.33,14.21,63.64,37.48,34.09,16.07,34.09,24.48
2566,132,บ้านแม่บวน,ดอยเต่า,เล็ก,นอกเมือง,สำนักงานคณะกรรมการการศึกษาขั้นพื้นฐาน,สพป.เชียงใหม่ เขต 5,11,39.39,16.32,25.45,11.57,39.39,17.80,50.00,30.15,25.00,18.46,31.82,18.74
2566,133,บ้านไร่,ดอยเต่า,เล็ก,นอกเมือง,สำนักงานคณะกรรมการการศึกษาขั้นพื้นฐาน,สพป.เชียงใหม่ เขต 5,10,45.00,22.42,52.00,19.39,36.67,22.11,85.00,22.91,57.50,27.50,20.00,21.79
2566,134,บ้านวังหม้อ,ดอยเต่า,เล็ก,นอกเมือง,สำนักงานคณะกรรมการการศึกษาขั้นพื้นฐาน,สพป.เชียงใหม่ เขต 5,5,33.33,25.82,32.00,21.35,43.33,22.61,50.00,31.62,20.00,18.71,35.00,37.42
2566,135,บ้านวังหลวง,ดอยเต่า,เล็ก,นอกเมือง,สำนักงานคณะกรรมการการศึกษาขั้นพื้นฐาน,สพป.เชียงใหม่ เขต 5,4,29.17,24.65,27.50,8.29,45.83,13.82,50.00,35.36,31.25,27.24,6.25,10.83
2566,136,บ้านสันติสุข,ดอยเต่า,เล็ก,นอกเมือง,สำนักงานคณะกรรมการการศึกษาขั้นพื้นฐาน,สพป.เชียงใหม่ เขต 5,3,33.33,13.61,20.00,16.33,38.89,15.71,33.33,47.14,16.67,11.79,16.67,23.57
2566,137,บ้านหนองผักบุ้ง,ดอยเต่า,เล็ก,นอกเมือง,สำนักงานคณะกรรมการการศึกษาขั้นพื้นฐาน,สพป.เชียงใหม่ เขต 5,6,52.78,22.40,50.00,18.26,44.44,15.71,66.67,37.27,50.00,28.87,20.83,26.68
2566,138,บ้านแอ่นจัดสรร,ดอยเต่า,เล็ก,นอกเมือง,สำนักงานคณะกรรมการการศึกษาขั้นพื้นฐาน,สพป.เชียงใหม่ เขต 5,9,24.07,17.76,34.44,18.32,20.37,10.48,33.33,33.33,30.56,19.64,33.33,28.87
2566,139,บ้านแอ่นใหม่,ดอยเต่า,เล็ก,นอกเมือง,สำนักงานคณะกรรมการการศึกษาขั้นพื้นฐาน,สพป.เชียงใหม่ เขต 5,3,22.22,7.86,26.67,9.43,27.78,7.86,33.33,23.57,8.33,11.79,16.67,11.79
2566,140,ศูนย์อพยพแปลง 2,ดอยเต่า,เล็ก,นอกเมือง,สำนักงานคณะกรรมการการศึกษาขั้นพื้นฐาน,สพป.เชียงใหม่ เขต 5,10,31.67,20.34,25.00,12.85,30.00,22.11,20.00,33.17,30.00,24.49,22.50,17.50
2566,141,ศูนย์อพยพแปลง 5,ดอยเต่า,เล็ก,นอกเมือง,สำนักงานคณะกรรมการการศึกษาขั้นพื้นฐาน,สพป.เชียงใหม่ เขต 5,12,40.28,19.79,27.50,21.26,31.94,19.79,50.00,35.36,31.25,20.73,41.67,23.57
2566,142,ศูนย์อพยพแปลง 8,ดอยเต่า,เล็ก,นอกเมือง,สำนักงานคณะกรรมการการศึกษาขั้นพื้นฐาน,สพป.เชียงใหม่ เขต 5,7,54.76,30.49,47.14,31.04,59.52,15.06,100.00,0.00,75.00,23.15,60.71,29.45
2566,143,ชลประทานผาแตก,ดอยสะเก็ด,กลาง,นอกเมือง,สำนักงานคณะกรรมการการศึกษาขั้นพื้นฐาน,สพป.เชียงใหม่ เขต 1,46,30.43,19.13,25.87,15.54,27.17,18.18,48.91,30.38,30.43,22.06,27.72,22.26
2566,144,เทพเสด็จวิทยา,ดอยสะเก็ด,เล็ก,นอกเมือง,สำนักงานคณะกรรมการการศึกษาขั้นพื้นฐาน,สพป.เชียงใหม่ เขต 1,5,30.00,12.47,20.00,14.14,30.00,6.67,40.00,37.42,30.00,24.49,25.00,15.81
2566,145,เทศบาลตลาดใหญ่,ดอยสะเก็ด,เล็ก,นอกเมือง,กรมส่งเสริมการปกครองท้องถิ่น,ท้องถิ่นจังหวัดเชียงใหม่,5,33.33,10.54,44.00,8.00,30.00,12.47,60.00,48.99,30.00,10.00,30.00,24.49
2566,146,บริรักศึกษาเชียงใหม่,ดอยสะเก็ด,เล็ก,นอกเมือง,สำนักงานคณะกรรมการส่งเสริมการศึกษาเอกชน,-,26,44.87,24.36,44.23,24.52,42.31,22.28,67.31,36.54,37.50,26.17,34.62,34.02
2566,147,บ้านเชิงดอย(ดอยสะเก็ดศึกษา),ดอยสะเก็ด,ใหญ่,นอกเมือง,สำนักงานคณะกรรมการการศึกษาขั้นพื้นฐาน,สพป.เชียงใหม่ เขต 1,112,45.98,26.75,40.80,21.01,37.35,24.73,60.27,37.88,36.16,23.35,31.25,28.25
2566,148,บ้านตลาดขี้เหล็ก,ดอยสะเก็ด,เล็ก,นอกเมือง,สำนักงานคณะกรรมการการศึกษาขั้นพื้นฐาน,สพป.เชียงใหม่ เขต 1,5,36.67,12.47,26.00,22.45,40.00,22.61,80.00,40.00,45.00,24.49,10.00,12.25
2566,149,บ้านบ่อหิน,ดอยสะเก็ด,เล็ก,นอกเมือง,สำนักงานคณะกรรมการการศึกษาขั้นพื้นฐาน,สพป.เชียงใหม่ เขต 1,26,32.05,24.43,30.77,16.15,37.18,18.67,57.69,43.17,32.69,24.78,24.04,20.19
2566,150,บ้านป่าขุย,ดอยสะเก็ด,เล็ก,นอกเมือง,สำนักงานคณะกรรมการการศึกษาขั้นพื้นฐาน,สพป.เชียงใหม่ เขต 1,7,23.81,17.50,37.14,21.85,30.95,13.88,57.14,17.50,21.43,15.97,25.00,23.15
2566,151,บ้านปางแดง,ดอยสะเก็ด,เล็ก,นอกเมือง,สำนักงานคณะกรรมการการศึกษาขั้นพื้นฐาน,สพป.เชียงใหม่ เขต 1,13,35.90,22.50,36.92,14.88,29.49,17.48,50.00,39.22,46.15,29.16,40.38,23.08
2566,152,บ้านปางน้ำถุ,ดอยสะเก็ด,เล็ก,นอกเมือง,สำนักงานคณะกรรมการการศึกษาขั้นพื้นฐาน,สพป.เชียงใหม่ เขต 1,2,33.33,16.67,30.00,10.00,8.33,8.33,25.00,25.00,0.00,0.00,50.00,0.00
2566,153,บ้านป่างิ้ว,ดอยสะเก็ด,เล็ก,นอกเมือง,สำนักงานคณะกรรมการการศึกษาขั้นพื้นฐาน,สพป.เชียงใหม่ เขต 1,9,25.93,17.76,28.89,13.70,22.22,15.71,55.56,43.74,16.67,16.67,22.22,18.43
2566,154,บ้านป่าป้อง,ดอยสะเก็ด,เล็ก,นอกเมือง,สำนักงานคณะกรรมการการศึกษาขั้นพื้นฐาน,สพป.เชียงใหม่ เขต 1,3,44.44,15.71,40.00,37.42,38.89,34.25,50.00,40.82,41.67,23.57,41.67,42.49
2566,155,บ้านป่าไม้แดง,ดอยสะเก็ด,กลาง,นอกเมือง,สำนักงานคณะกรรมการการศึกษาขั้นพื้นฐาน,สพป.เชียงใหม่ เขต 1,9,27.78,11.11,24.44,8.31,24.07,19.42,27.78,34.25,33.33,16.67,19.44,15.71
2566,156,บ้านป่าเสร้า,ดอยสะเก็ด,กลาง,นอกเมือง,สำนักงานคณะกรรมการการศึกษาขั้นพื้นฐาน,สพป.เชียงใหม่ เขต 1,30,33.89,21.72,29.33,14.82,33.33,21.08,41.67,40.99,34.17,24.57,27.50,20.77
2566,157,บ้านป่าเหมือด,ดอยสะเก็ด,เล็ก,นอกเมือง,สำนักงานคณะกรรมการการศึกษาขั้นพื้นฐาน,สพป.เชียงใหม่ เขต 1,16,36.46,22.99,38.75,20.27,28.12,18.37,65.62,38.40,48.44,20.67,28.13,24.80
2566,158,บ้านโป่งกุ่ม,ดอยสะเก็ด,เล็ก,นอกเมือง,สำนักงานคณะกรรมการการศึกษาขั้นพื้นฐาน,สพป.เชียงใหม่ เขต 1,4,25.00,8.33,45.00,11.18,33.33,20.41,37.50,41.46,43.75,20.73,12.50,12.50
2566,159,บ้านแม่ดอกแดง,ดอยสะเก็ด,เล็ก,นอกเมือง,สำนักงานคณะกรรมการการศึกษาขั้นพื้นฐาน,สพป.เชียงใหม่ เขต 1,17,29.41,12.17,27.65,11.65,34.31,16.64,38.24,21.21,30.88,23.53,25.00,25.72
2566,160,บ้านแม่หวาน,ดอยสะเก็ด,เล็ก,นอกเมือง,สำนักงานคณะกรรมการการศึกษาขั้นพื้นฐาน,สพป.เชียงใหม่ เขต 1,5,33.33,14.91,28.00,22.27,30.00,6.67,70.00,24.49,35.00,12.25,40.00,25.50
2566,161,บ้านแม่ฮ้อยเงิน,ดอยสะเก็ด,เล็ก,นอกเมือง,สำนักงานคณะกรรมการการศึกษาขั้นพื้นฐาน,สพป.เชียงใหม่ เขต 1,4,29.17,21.65,30.00,10.00,20.83,13.82,0.00,0.00,18.75,20.73,12.50,21.65
2566,162,บ้านร้องขี้เหล็ก,ดอยสะเก็ด,เล็ก,นอกเมือง,สำนักงานคณะกรรมการการศึกษาขั้นพื้นฐาน,สพป.เชียงใหม่ เขต 1,12,29.17,16.84,20.83,11.87,31.94,18.58,33.33,37.27,33.33,21.25,16.67,18.63
2566,163,บ้านลวงเหนือ,ดอยสะเก็ด,เล็ก,นอกเมือง,สำนักงานคณะกรรมการการศึกษาขั้นพื้นฐาน,สพป.เชียงใหม่ เขต 1,14,47.62,15.25,28.57,18.46,38.10,15.97,53.57,39.93,41.07,22.37,23.21,19.96
2566,164,บ้านสันทราย,ดอยสะเก็ด,เล็ก,นอกเมือง,สำนักงานคณะกรรมการการศึกษาขั้นพื้นฐาน,สพป.เชียงใหม่ เขต 1,3,16.67,13.61,26.67,4.71,33.33,27.22,83.33,23.57,33.33,11.79,33.33,11.79
2566,165,เพื่อชีวิตเชียงใหม่,ดอยสะเก็ด,เล็ก,นอกเมือง,สำนักงานคณะกรรมการส่งเสริมการศึกษาเอกชน,-,17,20.59,14.61,21.18,9.63,30.39,19.16,29.41,34.55,23.53,15.97,33.82,28.36
2566,166,แม่โป่งประชาสามัคคี,ดอยสะเก็ด,เล็ก,นอกเมือง,สำนักงานคณะกรรมการการศึกษาขั้นพื้นฐาน,สพป.เชียงใหม่ เขต 1,14,32.14,26.33,32.86,16.66,28.57,18.29,50.00,32.73,23.21,17.59,30.36,25.32
2566,167,ไมตรีจิตคริสเตียนเชียงใหม่,ดอยสะเก็ด,กลาง,นอกเมือง,สำนักงานคณะกรรมการส่งเสริมการศึกษาเอกชน,-,20,38.33,22.42,31.00,14.80,28.33,16.75,37.50,34.91,35.00,27.84,22.50,19.20
2566,168,กรป.กลางอุปถัมภ์,ดอยหล่อ,เล็ก,นอกเมือง,สำนักงานคณะกรรมการการศึกษาขั้นพื้นฐาน,สพป.เชียงใหม่ เขต 4,13,39.74,22.21,30.77,16.85,37.18,17.48,65.38,36.08,40.38,18.45,26.92,18.24
2566,169,ดอยหล่อวิทยา,ดอยหล่อ,เล็ก,นอกเมือง,กรมส่งเสริมการปกครองท้องถิ่น,ท้องถิ่นจังหวัดเชียงใหม่,6,33.33,16.67,28.33,8.98,22.22,7.86,25.00,25.00,29.17,22.44,33.33,23.57
2566,170,เทศบาลตำบลวัดสองแคว,ดอยหล่อ,เล็ก,นอกเมือง,กรมส่งเสริมการปกครองท้องถิ่น,ท้องถิ่นจังหวัดเชียงใหม่,5,46.67,24.49,32.00,16.00,30.00,24.49,60.00,20.00,25.00,15.81,35.00,12.25
2566,171,บ้านดงป่าหวาย,ดอยหล่อ,เล็ก,นอกเมือง,สำนักงานคณะกรรมการการศึกษาขั้นพื้นฐาน,สพป.เชียงใหม่ เขต 4,12,25.00,15.96,22.50,12.99,26.39,18.58,29.17,32.00,39.58,21.55,25.00,10.21
2566,172,บ้านสามหลัง,ดอยหล่อ,เล็ก,นอกเมือง,สำนักงานคณะกรรมการการศึกษาขั้นพื้นฐาน,สพป.เชียงใหม่ เขต 4,16,29.17,22.44,31.25,14.09,30.21,15.83,37.50,27.95,35.94,30.58,21.88,14.99
2566,173,บ้านห้วยน้ำขาว,ดอยหล่อ,เล็ก,นอกเมือง,สำนักงานคณะกรรมการการศึกษาขั้นพื้นฐาน,สพป.เชียงใหม่ เขต 4,8,29.17,13.82,23.75,11.11,35.42,32.74,25.00,25.00,50.00,21.65,25.00,17.68
2566,174,บ้านหัวข่วง,ดอยหล่อ,เล็ก,นอกเมือง,สำนักงานคณะกรรมการการศึกษาขั้นพื้นฐาน,สพป.เชียงใหม่ เขต 4,3,27.78,7.86,26.67,9.43,38.89,20.79,66.67,23.57,83.33,11.79,16.67,11.79
2566,175,บ้านเหล่าเป้า,ดอยหล่อ,เล็ก,นอกเมือง,สำนักงานคณะกรรมการการศึกษาขั้นพื้นฐาน,สพป.เชียงใหม่ เขต 4,9,31.48,18.33,27.78,7.86,33.33,15.71,66.67,33.33,38.89,12.42,22.22,14.16
2566,176,บ้านใหม่หนองหอย,ดอยหล่อ,เล็ก,นอกเมือง,สำนักงานคณะกรรมการการศึกษาขั้นพื้นฐาน,สพป.เชียงใหม่ เขต 4,19,35.09,16.13,29.47,17.01,29.82,23.31,34.21,39.91,32.89,19.95,14.47,16.85
2566,177,วัดดอนชื่น,ดอยหล่อ,เล็ก,นอกเมือง,สำนักงานคณะกรรมการการศึกษาขั้นพื้นฐาน,สพป.เชียงใหม่ เขต 4,7,21.43,21.30,24.29,12.94,30.95,18.75,71.43,24.74,25.00,13.36,21.43,15.97
2566,178,วัดวังขามป้อม,ดอยหล่อ,เล็ก,นอกเมือง,สำนักงานคณะกรรมการการศึกษาขั้นพื้นฐาน,สพป.เชียงใหม่ เขต 4,6,25.00,18.63,28.33,21.15,36.11,17.79,25.00,25.00,45.83,17.18,33.33,18.63
2566,179,วัดศรีดอนชัย,ดอยหล่อ,เล็ก,นอกเมือง,สำนักงานคณะกรรมการการศึกษาขั้นพื้นฐาน,สพป.เชียงใหม่ เขต 4,8,41.67,25.00,46.25,13.17,41.67,26.35,62.50,33.07,56.25,32.48,28.13,8.27
2566,180,วัดหนองหลั้ว,ดอยหล่อ,เล็ก,นอกเมือง,สำนักงานคณะกรรมการการศึกษาขั้นพื้นฐาน,สพป.เชียงใหม่ เขต 4,6,30.56,17.79,23.33,9.43,30.56,17.79,33.33,37.27,25.00,25.00,20.83,22.44
2566,181,เจ้าแม่หลวงอุปถัมภ์ 1,ฝาง,กลาง,นอกเมือง,สำนักงานคณะกรรมการการศึกษาขั้นพื้นฐาน,สพป.เชียงใหม่ เขต 3,29,29.89,22.05,24.14,12.74,25.29,18.37,53.45,31.98,38.79,26.74,19.83,22.15
2566,182,ฉือจี้เชียงใหม่,ฝาง,กลาง,นอกเมือง,สำนักงานคณะกรรมการส่งเสริมการศึกษาเอกชน,-,103,40.94,22.96,32.72,22.78,38.67,25.25,64.08,39.05,40.05,27.28,34.71,26.35
2566,183,ชุมชนบ้านแม่สูนหลวง,ฝาง,เล็ก,นอกเมือง,สำนักงานคณะกรรมการการศึกษาขั้นพื้นฐาน,สพป.เชียงใหม่ เขต 3,2,33.33,16.67,25.00,5.00,41.67,8.33,0.00,0.00,25.00,25.00,25.00,0.00
2566,184,เทพศิรินทร์๙โครงการหลวงในพระบรมราชูปถัมภ์,ฝาง,เล็ก,นอกเมือง,สำนักงานคณะกรรมการการศึกษาขั้นพื้นฐาน,สพป.เชียงใหม่ เขต 3,17,23.53,17.21,29.41,14.74,28.43,13.73,35.29,37.44,25.00,24.25,23.53,23.44
2566,185,เทศบาลเวียงฝาง,ฝาง,กลาง,นอกเมือง,กรมส่งเสริมการปกครองท้องถิ่น,ท้องถิ่นจังหวัดเชียงใหม่,26,26.28,20.76,29.23,15.67,28.85,17.02,26.92,31.72,35.58,26.10,15.38,17.09
2566,186,บ้านขอบด้ง,ฝาง,กลาง,นอกเมือง,สำนักงานคณะกรรมการการศึกษาขั้นพื้นฐาน,สพป.เชียงใหม่ เขต 3,27,23.46,13.04,22.59,14.55,22.84,17.65,29.63,28.08,29.63,20.45,20.37,21.56
2566,187,บ้านดงป่าลัน,ฝาง,เล็ก,นอกเมือง,สำนักงานคณะกรรมการการศึกษาขั้นพื้นฐาน,สพป.เชียงใหม่ เขต 3,7,26.19,8.25,25.71,10.50,30.95,25.86,28.57,24.74,32.14,22.02,0.00,0.00
2566,188,บ้านเด่นใหม่,ฝาง,เล็ก,นอกเมือง,สำนักงานคณะกรรมการการศึกษาขั้นพื้นฐาน,สพป.เชียงใหม่ เขต 3,10,28.33,24.78,40.00,18.97,31.67,8.98,45.00,41.53,45.00,18.71,15.00,25.50
2566,189,บ้านต้นผึ้ง,ฝาง,เล็ก,นอกเมือง,สำนักงานคณะกรรมการการศึกษาขั้นพื้นฐาน,สพป.เชียงใหม่ เขต 3,8,31.25,22.73,28.75,18.33,33.33,18.63,62.50,33.07,40.63,12.10,25.00,17.68
2566,190,บ้านต้นส้าน,ฝาง,เล็ก,นอกเมือง,สำนักงานคณะกรรมการการศึกษาขั้นพื้นฐาน,สพป.เชียงใหม่ เขต 3,12,29.17,12.03,25.00,15.00,29.17,20.55,25.00,32.27,31.25,14.88,20.83,28.57
2566,191,บ้านทุ่งหลุก,ฝาง,เล็ก,นอกเมือง,สำนักงานคณะกรรมการการศึกษาขั้นพื้นฐาน,สพป.เชียงใหม่ เขต 3,6,52.78,22.40,40.00,27.08,33.33,19.25,58.33,34.36,33.33,23.57,33.33,11.79
2566,192,บ้านปางปอย,ฝาง,กลาง,นอกเมือง,สำนักงานคณะกรรมการการศึกษาขั้นพื้นฐาน,สพป.เชียงใหม่ เขต 3,26,33.33,19.61,32.31,12.19,29.49,17.48,34.62,33.31,32.69,21.67,23.08,22.92
2566,193,บ้านปางสัก,ฝาง,เล็ก,นอกเมือง,สำนักงานคณะกรรมการการศึกษาขั้นพื้นฐาน,สพป.เชียงใหม่ เขต 3,20,34.17,21.39,23.00,14.87,26.67,17.80,30.00,29.15,37.50,29.05,25.00,23.72
2566,194,บ้านป่าบง,ฝาง,เล็ก,นอกเมือง,สำนักงานคณะกรรมการการศึกษาขั้นพื้นฐาน,สพป.เชียงใหม่ เขต 3,12,25.00,19.84,26.67,11.79,23.61,15.90,29.17,32.00,29.17,22.44,22.92,18.98
2566,195,บ้านโป่งถืบ,ฝาง,กลาง,นอกเมือง,สำนักงานคณะกรรมการการศึกษาขั้นพื้นฐาน,สพป.เชียงใหม่ เขต 3,17,31.37,17.04,27.65,13.95,29.41,19.41,32.35,38.12,41.18,25.64,30.88,16.11
2566,196,บ้านโป่งนก,ฝาง,กลาง,นอกเมือง,สำนักงานคณะกรรมการการศึกษาขั้นพื้นฐาน,สพป.เชียงใหม่ เขต 3,25,30.00,21.08,28.40,13.47,32.00,17.59,40.00,34.64,41.00,23.32,22.00,16.31
2566,197,บ้านโป่งน้ำร้อน,ฝาง,เล็ก,นอกเมือง,สำนักงานคณะกรรมการการศึกษาขั้นพื้นฐาน,สพป.เชียงใหม่ เขต 3,5,40.00,8.16,20.00,16.73,20.00,12.47,30.00,24.49,15.00,12.25,35.00,33.91
2566,198,บ้านม่วงชุม,ฝาง,กลาง,นอกเมือง,สำนักงานคณะกรรมการการศึกษาขั้นพื้นฐาน,สพป.เชียงใหม่ เขต 3,40,27.08,21.95,29.25,17.23,28.33,19.08,33.75,32.38,27.50,22.91,16.25,18.16
2566,199,บ้านม่อนปิ่น,ฝาง,กลาง,นอกเมือง,สำนักงานคณะกรรมการการศึกษาขั้นพื้นฐาน,สพป.เชียงใหม่ เขต 3,23,36.23,23.90,28.70,17.77,35.51,21.59,50.00,32.97,25.00,20.85,33.70,30.04
2566,200,บ้านแม่ข่า,ฝาง,กลาง,นอกเมือง,สำนักงานคณะกรรมการการศึกษาขั้นพื้นฐาน,สพป.เชียงใหม่ เขต 3,28,25.00,15.11,32.86,14.85,31.55,16.87,42.86,37.12,41.07,24.29,26.79,21.05
2566,201,บ้านแม่คะ,ฝาง,กลาง,นอกเมือง,สำนักงานคณะกรรมการการศึกษาขั้นพื้นฐาน,สพป.เชียงใหม่ เขต 3,15,31.11,17.07,30.00,8.94,26.67,18.05,76.67,35.90,33.33,31.18,25.00,27.39
2566,202,บ้านแม่งอนกลาง,ฝาง,เล็ก,นอกเมือง,สำนักงานคณะกรรมการการศึกษาขั้นพื้นฐาน,สพป.เชียงใหม่ เขต 3,4,29.17,13.82,15.00,8.66,45.83,18.16,62.50,41.46,31.25,32.48,25.00,17.68
2566,203,บ้านแม่งอนขี้เหล็ก,ฝาง,กลาง,นอกเมือง,กรมส่งเสริมการปกครองท้องถิ่น,ท้องถิ่นจังหวัดเชียงใหม่,36,31.94,21.65,28.33,13.64,25.00,15.96,38.89,31.43,29.86,21.10,21.53,17.83
2566,204,บ้านแม่ใจ,ฝาง,เล็ก,นอกเมือง,สำนักงานคณะกรรมการการศึกษาขั้นพื้นฐาน,สพป.เชียงใหม่ เขต 3,5,20.00,6.67,16.00,12.00,20.00,12.47,20.00,24.49,45.00,36.74,35.00,20.00
2566,205,บ้านแม่สูนน้อย,ฝาง,เล็ก,นอกเมือง,สำนักงานคณะกรรมการการศึกษาขั้นพื้นฐาน,สพป.เชียงใหม่ เขต 3,14,29.76,16.88,32.14,16.12,26.19,13.68,46.43,35.17,30.36,19.32,19.64,23.49
2566,206,บ้านยาง,ฝาง,เล็ก,นอกเมือง,สำนักงานคณะกรรมการการศึกษาขั้นพื้นฐาน,สพป.เชียงใหม่ เขต 3,10,18.33,13.84,24.00,15.62,25.00,17.08,20.00,24.49,27.50,20.77,27.50,23.58
2566,207,บ้านล้องอ้อ,ฝาง,เล็ก,นอกเมือง,กรมส่งเสริมการปกครองท้องถิ่น,ท้องถิ่นจังหวัดเชียงใหม่,25,32.00,23.06,28.80,15.32,28.00,21.97,48.00,36.00,25.00,23.45,25.00,22.36
2566,208,บ้านลาน,ฝาง,กลาง,นอกเมือง,สำนักงานคณะกรรมการการศึกษาขั้นพื้นฐาน,สพป.เชียงใหม่ เขต 3,12,33.33,21.52,24.17,14.41,34.72,20.93,37.50,29.76,33.33,23.57,20.83,19.98
2566,209,บ้านเวียงฝาง,ฝาง,ใหญ่,นอกเมือง,สำนักงานคณะกรรมการการศึกษาขั้นพื้นฐาน,สพป.เชียงใหม่ เขต 3,29,39.08,24.08,38.62,20.96,35.63,23.86,65.52,39.62,39.66,23.23,28.45,29.16
2566,210,บ้านเวียงหวาย,ฝาง,กลาง,นอกเมือง,สำนักงานคณะกรรมการการศึกษาขั้นพื้นฐาน,สพป.เชียงใหม่ เขต 3,12,29.17,15.40,30.83,14.41,36.11,14.96,45.83,32.00,29.17,17.18,33.33,23.57
2566,211,บ้านศรีดอนชัย,ฝาง,เล็ก,นอกเมือง,สำนักงานคณะกรรมการการศึกษาขั้นพื้นฐาน,สพป.เชียงใหม่ เขต 3,3,38.89,15.71,36.67,4.71,27.78,15.71,50.00,40.82,25.00,20.41,33.33,11.79
2566,212,บ้านสันต้นดู่,ฝาง,เล็ก,นอกเมือง,สำนักงานคณะกรรมการการศึกษาขั้นพื้นฐาน,สพป.เชียงใหม่ เขต 3,15,48.89,20.61,33.33,20.22,33.33,22.77,83.33,29.81,48.33,29.53,33.33,17.48
2566,213,บ้านสันต้นเปา,ฝาง,เล็ก,นอกเมือง,สำนักงานคณะกรรมการการศึกษาขั้นพื้นฐาน,สพป.เชียงใหม่ เขต 3,1,33.33,0.00,20.00,0.00,33.33,0.00,100.00,0.00,50.00,0.00,25.00,0.00
2566,214,บ้านสันทราย,ฝาง,เล็ก,นอกเมือง,สำนักงานคณะกรรมการการศึกษาขั้นพื้นฐาน,สพป.เชียงใหม่ เขต 3,6,41.67,15.96,20.00,5.77,16.67,9.62,83.33,23.57,33.33,11.79,25.00,20.41
2566,215,บ้านสันทรายคองน้อย,ฝาง,กลาง,นอกเมือง,สำนักงานคณะกรรมการการศึกษาขั้นพื้นฐาน,สพป.เชียงใหม่ เขต 3,16,34.37,23.18,38.75,24.46,43.75,25.60,68.75,34.80,57.81,27.55,25.00,29.32
2566,216,บ้านสันป่าแดง,ฝาง,เล็ก,นอกเมือง,สำนักงานคณะกรรมการการศึกษาขั้นพื้นฐาน,สพป.เชียงใหม่ เขต 3,13,20.51,21.83,24.62,20.98,23.08,17.95,15.38,23.08,21.15,16.54,17.31,18.04
2566,217,บ้านสันม่วง,ฝาง,เล็ก,นอกเมือง,สำนักงานคณะกรรมการการศึกษาขั้นพื้นฐาน,สพป.เชียงใหม่ เขต 3,5,40.00,17.00,40.00,25.30,36.67,12.47,60.00,37.42,25.00,15.81,40.00,40.62
2566,218,บ้านหนองขวาง,ฝาง,เล็ก,นอกเมือง,สำนักงานคณะกรรมการการศึกษาขั้นพื้นฐาน,สพป.เชียงใหม่ เขต 3,5,43.33,24.94,32.00,16.00,40.00,13.33,50.00,31.62,20.00,18.71,25.00,15.81
2566,219,บ้านหนองยาว,ฝาง,เล็ก,นอกเมือง,สำนักงานคณะกรรมการการศึกษาขั้นพื้นฐาน,สพป.เชียงใหม่ เขต 3,13,30.77,19.44,39.23,15.91,30.77,21.53,53.85,36.49,38.46,18.64,19.23,19.99
2566,220,บ้านหลวง,ฝาง,กลาง,นอกเมือง,สำนักงานคณะกรรมการการศึกษาขั้นพื้นฐาน,สพป.เชียงใหม่ เขต 3,40,24.17,20.05,25.00,17.18,25.00,21.41,36.25,31.60,26.88,21.20,23.75,21.61
2566,221,บ้านหล่ายฝาง,ฝาง,เล็ก,นอกเมือง,กรมส่งเสริมการปกครองท้องถิ่น,ท้องถิ่นจังหวัดเชียงใหม่,25,30.00,15.63,28.80,14.51,24.00,20.04,40.00,31.62,30.00,21.21,25.00,18.71
2566,222,บ้านห้วยไคร้,ฝาง,เล็ก,นอกเมือง,สำนักงานคณะกรรมการการศึกษาขั้นพื้นฐาน,สพป.เชียงใหม่ เขต 3,20,21.67,15.90,24.50,16.58,20.83,12.77,42.50,32.69,22.50,17.50,20.00,20.31
2566,223,บ้านห้วยงูกลาง,ฝาง,เล็ก,นอกเมือง,สำนักงานคณะกรรมการการศึกษาขั้นพื้นฐาน,สพป.เชียงใหม่ เขต 3,14,33.33,18.90,24.29,9.79,34.52,14.73,64.29,34.99,41.07,22.37,32.14,19.88
2566,224,บ้านห้วยบอน,ฝาง,เล็ก,นอกเมือง,สำนักงานคณะกรรมการการศึกษาขั้นพื้นฐาน,สพป.เชียงใหม่ เขต 3,7,35.71,16.50,31.43,9.90,16.67,12.60,21.43,36.42,21.43,20.82,14.29,22.59
2566,225,บ้านห้วยหมากเลี่ยม,ฝาง,กลาง,นอกเมือง,สำนักงานคณะกรรมการการศึกษาขั้นพื้นฐาน,สพป.เชียงใหม่ เขต 3,48,34.37,20.81,35.42,14.14,27.43,19.39,44.79,37.14,25.52,23.66,28.13,23.18
2566,226,บ้านห้วยห้อม,ฝาง,เล็ก,นอกเมือง,สำนักงานคณะกรรมการการศึกษาขั้นพื้นฐาน,สพป.เชียงใหม่ เขต 3,10,35.00,15.72,21.00,9.43,23.33,20.00,40.00,30.00,35.00,27.84,20.00,18.71
2566,227,บ้านห้วยเฮี่ยน,ฝาง,เล็ก,นอกเมือง,สำนักงานคณะกรรมการการศึกษาขั้นพื้นฐาน,สพป.เชียงใหม่ เขต 3,11,24.24,19.28,27.27,14.20,37.88,21.43,27.27,39.10,40.91,22.03,34.09,22.03
2566,228,บ้านหัวนา,ฝาง,เล็ก,นอกเมือง,สำนักงานคณะกรรมการการศึกษาขั้นพื้นฐาน,สพป.เชียงใหม่ เขต 3,37,28.83,20.38,28.11,12.49,29.28,17.50,37.84,37.50,24.32,22.12,22.97,20.45
2566,229,บ้านหัวฝาย,ฝาง,เล็ก,นอกเมือง,สำนักงานคณะกรรมการการศึกษาขั้นพื้นฐาน,สพป.เชียงใหม่ เขต 3,5,33.33,10.54,26.00,13.56,23.33,8.16,30.00,40.00,25.00,15.81,5.00,10.00
2566,230,บ้านเหมืองแร่,ฝาง,กลาง,นอกเมือง,สำนักงานคณะกรรมการการศึกษาขั้นพื้นฐาน,สพป.เชียงใหม่ เขต 3,15,21.11,12.86,24.67,14.08,36.67,12.47,40.00,32.66,30.00,24.49,20.00,16.33
2566,231,รังษีวิทยา,ฝาง,ใหญ่พิเศษ,นอกเมือง,สำนักงานคณะกรรมการส่งเสริมการศึกษาเอกชน,-,178,47.10,27.41,43.54,27.55,46.82,24.59,68.82,37.44,42.70,29.91,39.47,31.88
2566,232,รัตนาเอื้อวิทยา,ฝาง,ใหญ่,นอกเมือง,สำนักงานคณะกรรมการส่งเสริมการศึกษาเอกชน,-,56,47.92,24.21,33.75,22.08,39.29,22.59,78.57,32.54,43.75,23.74,38.84,27.52
2566,233,วัดนันทาราม,ฝาง,กลาง,นอกเมือง,สำนักงานคณะกรรมการการศึกษาขั้นพื้นฐาน,สพป.เชียงใหม่ เขต 3,7,47.62,22.59,48.57,14.57,33.33,23.57,85.71,34.99,50.00,23.15,32.14,25.75
2566,234,วัดศรีบุญเรือง,ฝาง,เล็ก,นอกเมือง,สำนักงานคณะกรรมการการศึกษาขั้นพื้นฐาน,สพป.เชียงใหม่ เขต 3,9,24.07,17.76,25.56,13.43,27.78,19.25,61.11,31.43,30.56,19.64,30.56,22.91
2566,235,วิรุณเทพ,ฝาง,เล็ก,นอกเมือง,สำนักงานคณะกรรมการการศึกษาขั้นพื้นฐาน,สพป.เชียงใหม่ เขต 3,13,34.62,17.86,30.77,14.39,37.18,27.08,23.08,31.72,30.77,28.00,25.00,19.61
2566,236,สายอักษร,ฝาง,กลาง,นอกเมือง,สำนักงานคณะกรรมการส่งเสริมการศึกษาเอกชน,-,62,43.55,25.11,42.42,22.91,36.02,23.80,59.68,40.99,41.13,24.22,38.31,30.69
2566,237,อาโอยาม่า,ฝาง,เล็ก,นอกเมือง,กองบัญชาการตำรวจตระเวนชายแดน,-,3,27.78,20.79,23.33,4.71,33.33,13.61,16.67,23.57,8.33,11.79,25.00,0.00
2566,238,เจ้าพ่อหลวงอุปถัมภ์ 2,พร้าว,เล็ก,นอกเมือง,กองบัญชาการตำรวจตระเวนชายแดน,-,7,40.48,19.63,25.71,9.04,16.67,8.91,35.71,34.99,17.86,17.50,21.43,15.97
2566,239,ชุมชนบ้านโป่ง,พร้าว,เล็ก,นอกเมือง,สำนักงานคณะกรรมการการศึกษาขั้นพื้นฐาน,สพป.เชียงใหม่ เขต 2,8,33.33,20.41,35.00,19.36,29.17,18.16,56.25,39.03,46.88,23.18,12.50,17.68
2566,240,ชุมชนสหกรณ์นิคมวิทยา,พร้าว,เล็ก,นอกเมือง,สำนักงานคณะกรรมการการศึกษาขั้นพื้นฐาน,สพป.เชียงใหม่ เขต 2,12,27.78,17.12,30.00,12.25,20.83,13.82,33.33,37.27,35.42,21.55,22.92,18.98
2566,241,บ้านขุนแจ๋,พร้าว,เล็ก,นอกเมือง,สำนักงานคณะกรรมการการศึกษาขั้นพื้นฐาน,สพป.เชียงใหม่ เขต 2,2,41.67,8.33,30.00,10.00,25.00,8.33,25.00,25.00,12.50,12.50,25.00,0.00
2566,242,บ้านแจ่งกู่เรือง,พร้าว,กลาง,นอกเมือง,สำนักงานคณะกรรมการการศึกษาขั้นพื้นฐาน,สพป.เชียงใหม่ เขต 2,128,43.75,27.24,38.91,23.89,39.45,24.37,77.73,31.75,46.29,27.79,33.98,29.44
2566,243,บ้านต้นรุง,พร้าว,เล็ก,นอกเมือง,สำนักงานคณะกรรมการการศึกษาขั้นพื้นฐาน,สพป.เชียงใหม่ เขต 2,13,29.49,17.48,26.92,12.64,23.08,20.19,42.31,33.09,32.69,24.78,30.77,19.99
2566,244,บ้านท่ามะเกี๋ยง,พร้าว,เล็ก,นอกเมือง,สำนักงานคณะกรรมการการศึกษาขั้นพื้นฐาน,สพป.เชียงใหม่ เขต 2,3,27.78,20.79,26.67,9.43,27.78,20.79,66.67,47.14,8.33,11.79,41.67,11.79
2566,245,บ้านนาบุญโหล่งขอด,พร้าว,เล็ก,นอกเมือง,สำนักงานคณะกรรมการการศึกษาขั้นพื้นฐาน,สพป.เชียงใหม่ เขต 2,17,38.24,25.41,30.00,19.40,33.33,18.96,55.88,41.59,38.24,24.43,23.53,18.13
2566,246,บ้านป่าตุ้ม,พร้าว,กลาง,นอกเมือง,สำนักงานคณะกรรมการการศึกษาขั้นพื้นฐาน,สพป.เชียงใหม่ เขต 2,11,30.30,11.93,26.36,11.50,30.30,17.14,31.82,38.57,34.09,24.48,29.55,25.71
2566,247,บ้านป่าไหน่,พร้าว,เล็ก,นอกเมือง,สำนักงานคณะกรรมการการศึกษาขั้นพื้นฐาน,สพป.เชียงใหม่ เขต 2,2,33.33,33.33,50.00,30.00,33.33,16.67,50.00,50.00,62.50,12.50,37.50,12.50
2566,248,บ้านแม่ปั๋ง,พร้าว,เล็ก,นอกเมือง,สำนักงานคณะกรรมการการศึกษาขั้นพื้นฐาน,สพป.เชียงใหม่ เขต 2,7,35.71,18.75,25.71,10.50,16.67,8.91,71.43,36.42,35.71,18.21,25.00,18.90
2566,249,บ้านแม่ปาคี,พร้าว,เล็ก,นอกเมือง,สำนักงานคณะกรรมการการศึกษาขั้นพื้นฐาน,สพป.เชียงใหม่ เขต 2,9,27.78,13.61,28.89,11.00,27.78,15.71,11.11,20.79,22.22,18.43,22.22,14.16
2566,250,บ้านแม่เหียะ,พร้าว,เล็ก,นอกเมือง,สำนักงานคณะกรรมการการศึกษาขั้นพื้นฐาน,สพป.เชียงใหม่ เขต 2,17,25.49,19.06,30.59,15.89,26.47,17.21,47.06,36.26,29.41,23.07,20.59,21.41
2566,251,บ้านสันกลาง,พร้าว,เล็ก,นอกเมือง,สำนักงานคณะกรรมการการศึกษาขั้นพื้นฐาน,สพป.เชียงใหม่ เขต 2,5,30.00,16.33,36.00,16.25,30.00,19.44,70.00,40.00,20.00,10.00,20.00,18.71
2566,252,บ้านสันปง,พร้าว,เล็ก,นอกเมือง,สำนักงานคณะกรรมการการศึกษาขั้นพื้นฐาน,สพป.เชียงใหม่ เขต 2,2,25.00,8.33,10.00,0.00,41.67,8.33,75.00,25.00,25.00,25.00,25.00,25.00
2566,253,บ้านหนองปิด,พร้าว,เล็ก,นอกเมือง,สำนักงานคณะกรรมการการศึกษาขั้นพื้นฐาน,สพป.เชียงใหม่ เขต 2,7,28.57,14.68,22.86,8.81,33.33,21.82,50.00,37.80,25.00,13.36,25.00,23.15
2566,254,บ้านหลวง,พร้าว,เล็ก,นอกเมือง,สำนักงานคณะกรรมการการศึกษาขั้นพื้นฐาน,สพป.เชียงใหม่ เขต 2,3,16.67,13.61,33.33,17.00,27.78,20.79,83.33,23.57,33.33,11.79,16.67,23.57
2566,255,บ้านห้วยบง,พร้าว,เล็ก,นอกเมือง,สำนักงานคณะกรรมการการศึกษาขั้นพื้นฐาน,สพป.เชียงใหม่ เขต 2,7,33.33,19.92,22.86,10.30,23.81,12.14,42.86,31.94,35.71,12.37,14.29,22.59
2566,256,ประชาสามัคคีวิทยา,พร้าว,เล็ก,นอกเมือง,สำนักงานคณะกรรมการการศึกษาขั้นพื้นฐาน,สพป.เชียงใหม่ เขต 2,6,30.56,17.79,18.33,6.87,36.11,11.45,66.67,37.27,37.50,23.94,16.67,18.63
2566,257,ประดู่วิทยา,พร้าว,เล็ก,นอกเมือง,สำนักงานคณะกรรมการการศึกษาขั้นพื้นฐาน,สพป.เชียงใหม่ เขต 2,5,40.00,17.00,24.00,13.56,46.67,24.49,90.00,20.00,45.00,18.71,30.00,18.71
2566,258,พร้าวบูรพา,พร้าว,เล็ก,นอกเมือง,สำนักงานคณะกรรมการการศึกษาขั้นพื้นฐาน,สพป.เชียงใหม่ เขต 2,11,22.73,14.69,25.45,13.05,24.24,14.85,27.27,39.10,22.73,16.70,27.27,24.90
2566,259,สหกรณ์ดำริ,พร้าว,เล็ก,นอกเมือง,สำนักงานคณะกรรมการการศึกษาขั้นพื้นฐาน,สพป.เชียงใหม่ เขต 2,7,21.43,7.53,24.29,4.95,35.71,13.88,28.57,36.42,25.00,18.90,35.71,26.24
2566,260,กสิณธร เซนต์เจมส์ เชียงใหม่,เมืองเชียงใหม่,เล็ก,ในเมือง,สำนักงานคณะกรรมการส่งเสริมการศึกษาเอกชน,-,10,73.33,24.94,64.00,32.31,60.00,27.08,90.00,20.00,52.50,23.58,72.50,26.10
2566,261,โกวิทธำรงเชียงใหม่,เมืองเชียงใหม่,ใหญ่,ในเมือง,สำนักงานคณะกรรมการส่งเสริมการศึกษาเอกชน,-,104,59.46,28.28,55.58,29.05,53.21,25.11,93.27,18.42,58.89,28.57,53.13,34.27
2566,262,ขาลสุวรรณอนุสรณ์,เมืองเชียงใหม่,เล็ก,ในเมือง,สำนักงานคณะกรรมการส่งเสริมการศึกษาเอกชน,-,34,34.80,16.85,27.06,17.24,32.35,18.50,60.29,37.92,33.09,21.63,29.41,23.85
2566,263,คำเที่ยงอนุสสรณ์,เมืองเชียงใหม่,กลาง,ในเมือง,สำนักงานคณะกรรมการการศึกษาขั้นพื้นฐาน,สพป.เชียงใหม่ เขต 1,85,43.53,22.88,34.94,22.52,43.53,24.00,73.53,34.80,34.41,22.68,33.24,29.30
2566,264,จิตราวิทยา,เมืองเชียงใหม่,ใหญ่,ในเมือง,สำนักงานคณะกรรมการส่งเสริมการศึกษาเอกชน,-,128,38.93,26.04,37.03,23.23,37.76,24.52,71.87,34.09,40.63,25.19,32.62,28.22
2566,265,เจ้าพ่อหลวงอุปถัมภ์ 1,เมืองเชียงใหม่,เล็ก,ในเมือง,สำนักงานคณะกรรมการการศึกษาขั้นพื้นฐาน,สพป.เชียงใหม่ เขต 1,17,32.35,13.37,28.82,9.63,29.41,14.61,47.06,36.26,30.88,18.25,10.29,19.29
2566,266,ชุมชนเทศบาลวัดศรีดอนไชย,เมืองเชียงใหม่,กลาง,ในเมือง,กรมส่งเสริมการปกครองท้องถิ่น,ท้องถิ่นจังหวัดเชียงใหม่,28,32.14,21.79,30.71,23.13,36.90,21.06,69.64,27.84,44.64,22.52,25.00,28.35
2566,267,ชุมชนบ้านบวกครกน้อย,เมืองเชียงใหม่,กลาง,ในเมือง,สำนักงานคณะกรรมการการศึกษาขั้นพื้นฐาน,สพป.เชียงใหม่ เขต 1,41,33.74,23.99,29.76,20.54,31.71,22.03,54.88,32.77,35.98,20.70,25.61,20.28
2566,268,ชุมชนวัดท่าเดื่อ,เมืองเชียงใหม่,เล็ก,ในเมือง,สำนักงานคณะกรรมการการศึกษาขั้นพื้นฐาน,สพป.เชียงใหม่ เขต 1,21,26.98,19.57,32.38,16.01,30.95,23.73,54.76,37.50,33.33,22.27,26.19,21.10
2566,269,เชียงใหม่คริสเตียน,เมืองเชียงใหม่,ใหญ่,ในเมือง,สำนักงานคณะกรรมการส่งเสริมการศึกษาเอกชน,-,90,38.52,26.02,40.33,22.53,38.52,24.30,67.78,38.23,33.61,24.48,32.78,28.54
2566,270,ดาราวิทยาลัย,เมืองเชียงใหม่,ใหญ่พิเศษ,ในเมือง,สำนักงานคณะกรรมการส่งเสริมการศึกษาเอกชน,-,340,55.44,29.44,53.09,27.07,50.83,24.72,88.09,25.97,45.37,24.83,48.46,34.66
2566,271,ท่าศาลา,เมืองเชียงใหม่,เล็ก,ในเมือง,สำนักงานคณะกรรมการการศึกษาขั้นพื้นฐาน,สพป.เชียงใหม่ เขต 1,18,25.00,16.90,30.56,14.33,26.85,13.76,47.22,38.99,38.89,20.79,23.61,22.78
2566,272,เทพบดินทร์วิทยาเชียงใหม่,เมืองเชียงใหม่,ใหญ่,ในเมือง,สำนักงานคณะกรรมการส่งเสริมการศึกษาเอกชน,-,131,39.95,26.59,36.41,21.58,38.68,22.86,71.37,35.51,38.74,24.75,31.68,29.28
2566,273,เทศบาลดอกเงิน,เมืองเชียงใหม่,เล็ก,ในเมือง,กรมส่งเสริมการปกครองท้องถิ่น,ท้องถิ่นจังหวัดเชียงใหม่,20,28.33,19.79,30.50,20.61,34.17,22.65,45.00,35.00,32.50,22.50,25.00,26.22
2566,274,เทศบาลวัดกู่คำ,เมืองเชียงใหม่,เล็ก,ในเมือง,กรมส่งเสริมการปกครองท้องถิ่น,ท้องถิ่นจังหวัดเชียงใหม่,12,31.94,19.79,35.00,18.93,27.78,18.43,8.33,18.63,45.83,24.65,12.50,16.14
2566,275,เทศบาลวัดเกตการาม,เมืองเชียงใหม่,เล็ก,ในเมือง,กรมส่งเสริมการปกครองท้องถิ่น,ท้องถิ่นจังหวัดเชียงใหม่,13,39.74,20.19,37.69,15.76,39.74,23.15,53.85,36.49,34.62,20.89,23.08,24.93
2566,276,เทศบาลวัดเชียงยืน,เมืองเชียงใหม่,กลาง,ในเมือง,กรมส่งเสริมการปกครองท้องถิ่น,ท้องถิ่นจังหวัดเชียงใหม่,46,30.43,16.04,35.22,18.38,34.42,21.25,65.22,34.37,44.57,24.95,27.17,20.07
2566,277,เทศบาลวัดท่าสะต๋อย,เมืองเชียงใหม่,กลาง,ในเมือง,กรมส่งเสริมการปกครองท้องถิ่น,ท้องถิ่นจังหวัดเชียงใหม่,45,38.89,24.60,38.00,20.29,33.70,21.80,63.33,40.00,40.00,20.68,25.56,25.54
2566,278,เทศบาลวัดป่าแพ่ง,เมืองเชียงใหม่,กลาง,ในเมือง,กรมส่งเสริมการปกครองท้องถิ่น,ท้องถิ่นจังหวัดเชียงใหม่,26,25.64,16.17,34.23,14.19,32.69,20.92,57.69,38.46,31.73,25.53,30.77,24.33
2566,279,เทศบาลวัดพวกช้าง,เมืองเชียงใหม่,เล็ก,ในเมือง,กรมส่งเสริมการปกครองท้องถิ่น,ท้องถิ่นจังหวัดเชียงใหม่,10,33.33,14.91,42.00,21.35,31.67,8.98,65.00,45.00,47.50,32.50,37.50,32.11
2566,280,เทศบาลวัดศรีปิงเมือง,เมืองเชียงใหม่,กลาง,ในเมือง,กรมส่งเสริมการปกครองท้องถิ่น,ท้องถิ่นจังหวัดเชียงใหม่,35,36.19,17.59,30.29,15.58,27.14,18.72,40.00,28.78,31.43,21.00,26.43,20.65
2566,281,เทศบาลวัดศรีสุพรรณ,เมืองเชียงใหม่,กลาง,ในเมือง,กรมส่งเสริมการปกครองท้องถิ่น,ท้องถิ่นจังหวัดเชียงใหม่,21,41.27,22.78,33.33,18.60,34.92,23.52,59.52,36.58,29.76,23.93,27.38,18.75
2566,282,เทศบาลวัดหมื่นเงินกอง,เมืองเชียงใหม่,เล็ก,ในเมือง,กรมส่งเสริมการปกครองท้องถิ่น,ท้องถิ่นจังหวัดเชียงใหม่,21,36.51,26.03,31.43,20.07,37.30,19.18,47.62,39.27,40.48,21.10,26.19,19.63
2566,283,บ้านเชิงดอยสุเทพ,เมืองเชียงใหม่,เล็ก,ในเมือง,สำนักงานคณะกรรมการการศึกษาขั้นพื้นฐาน,สพป.เชียงใหม่ เขต 1,10,48.33,27.34,48.00,36.82,55.00,19.79,80.00,24.49,40.00,22.91,37.50,20.16
2566,284,บ้านดอนปิน,เมืองเชียงใหม่,กลาง,ในเมือง,สำนักงานคณะกรรมการการศึกษาขั้นพื้นฐาน,สพป.เชียงใหม่ เขต 1,27,33.95,21.02,30.37,13.19,30.86,19.09,51.85,34.64,32.41,22.38,26.85,21.44
2566,285,บ้านท่าหลุกสันทราย,เมืองเชียงใหม่,กลาง,ในเมือง,สำนักงานคณะกรรมการการศึกษาขั้นพื้นฐาน,สพป.เชียงใหม่ เขต 1,26,46.15,22.32,38.08,19.62,33.97,20.40,75.00,31.77,45.19,25.02,40.38,23.08
2566,286,บ้านโป่งน้อย,เมืองเชียงใหม่,กลาง,ในเมือง,สำนักงานคณะกรรมการการศึกษาขั้นพื้นฐาน,สพป.เชียงใหม่ เขต 1,17,34.31,12.09,33.53,17.47,31.37,24.17,58.82,30.85,39.71,27.20,30.88,26.47
2566,287,บ้านแม่เหียะสามัคคี,เมืองเชียงใหม่,เล็ก,ในเมือง,สำนักงานคณะกรรมการการศึกษาขั้นพื้นฐาน,สพป.เชียงใหม่ เขต 1,18,45.37,24.72,37.78,16.52,37.04,25.19,66.67,33.33,38.89,25.31,19.44,28.33
2566,288,บ้านห้วยทราย,เมืองเชียงใหม่,เล็ก,ในเมือง,กรมส่งเสริมการปกครองท้องถิ่น,ท้องถิ่นจังหวัดเชียงใหม่,9,40.74,26.19,34.44,23.62,37.04,18.89,61.11,20.79,41.67,28.87,22.22,21.87
2566,289,ปรินส์รอยแยลส์วิทยาลัย,เมืองเชียงใหม่,ใหญ่พิเศษ,ในเมือง,สำนักงานคณะกรรมการส่งเสริมการศึกษาเอกชน,-,515,75.28,26.87,73.92,26.84,70.23,25.21,93.40,20.55,65.87,28.71,75.00,32.83
2566,290,พระหฤทัยเชียงใหม่,เมืองเชียงใหม่,ใหญ่,ในเมือง,สำนักงานคณะกรรมการส่งเสริมการศึกษาเอกชน,-,118,54.94,29.46,51.36,29.63,47.46,28.59,80.08,33.28,42.80,25.85,47.67,33.19
2566,291,พิงครัตน์,เมืองเชียงใหม่,เล็ก,ในเมือง,สำนักงานคณะกรรมการส่งเสริมการศึกษาเอกชน,-,7,69.05,24.28,72.86,29.14,76.19,12.14,85.71,34.99,78.57,15.97,71.43,36.42
2566,292,พิมานเด็กเชียงใหม่,เมืองเชียงใหม่,กลาง,ในเมือง,สำนักงานคณะกรรมการส่งเสริมการศึกษาเอกชน,-,50,62.67,30.65,57.60,28.60,56.00,29.20,88.00,25.61,53.00,25.81,59.50,34.60
2566,293,พุทธิโศภน,เมืองเชียงใหม่,ใหญ่,ในเมือง,สำนักงานคณะกรรมการการศึกษาขั้นพื้นฐาน,สพป.เชียงใหม่ เขต 1,172,43.41,26.51,40.47,24.01,43.70,22.17,75.87,34.30,40.55,26.17,37.94,28.97
2566,294,มงฟอร์ตวิทยาลัย แผนกประถม,เมืองเชียงใหม่,ใหญ่พิเศษ,ในเมือง,สำนักงานคณะกรรมการส่งเสริมการศึกษาเอกชน,-,365,74.79,25.78,72.27,27.41,67.03,25.37,95.21,16.89,61.71,28.58,70.48,32.74
2566,295,ยุวฑูตศึกษาพัฒนาราชพฤกษ์,เมืองเชียงใหม่,กลาง,ในเมือง,สำนักงานคณะกรรมการส่งเสริมการศึกษาเอกชน,-,11,92.42,8.30,93.64,7.71,87.88,12.49,100.00,0.00,61.36,22.27,97.73,7.19
2566,296,เรยีนาเชลีวิทยาลัย,เมืองเชียงใหม่,ใหญ่,ในเมือง,สำนักงานคณะกรรมการส่งเสริมการศึกษาเอกชน,-,157,58.81,26.64,56.18,26.51,53.08,25.99,89.17,25.44,54.46,24.52,59.24,32.45
2566,297,วชิรวิทย์ เชียงใหม่,เมืองเชียงใหม่,กลาง,ในเมือง,สำนักงานคณะกรรมการส่งเสริมการศึกษาเอกชน,-,56,46.73,27.53,41.79,26.87,40.77,23.34,76.79,28.29,37.95,28.73,37.50,27.95
2566,298,วัดข่วงสิงห์,เมืองเชียงใหม่,กลาง,ในเมือง,สำนักงานคณะกรรมการการศึกษาขั้นพื้นฐาน,สพป.เชียงใหม่ เขต 1,28,41.67,21.59,27.50,17.03,31.55,19.59,75.00,34.07,50.00,23.15,31.25,20.73
2566,299,วัดขะจาว,เมืองเชียงใหม่,เล็ก,ในเมือง,สำนักงานคณะกรรมการการศึกษาขั้นพื้นฐาน,สพป.เชียงใหม่ เขต 1,22,40.15,19.89,40.00,19.77,34.85,20.66,54.55,36.65,51.14,26.63,31.82,31.24
2566,300,วัดเจ็ดยอด,เมืองเชียงใหม่,เล็ก,ในเมือง,สำนักงานคณะกรรมการการศึกษาขั้นพื้นฐาน,สพป.เชียงใหม่ เขต 1,9,40.74,26.19,34.44,23.62,51.85,14.58,55.56,43.74,41.67,23.57,41.67,28.87
2566,301,วัดช่างเคี่ยน,เมืองเชียงใหม่,กลาง,ในเมือง,สำนักงานคณะกรรมการการศึกษาขั้นพื้นฐาน,สพป.เชียงใหม่ เขต 1,31,33.87,19.16,32.58,15.23,31.18,18.33,46.77,40.03,41.13,26.60,28.23,19.82
2566,302,วัดดอนจั่น,เมืองเชียงใหม่,กลาง,ในเมือง,สำนักงานคณะกรรมการการศึกษาขั้นพื้นฐาน,สพป.เชียงใหม่ เขต 1,25,26.67,20.55,24.40,14.44,28.67,17.96,32.00,34.29,30.00,21.21,24.00,24.98
2566,303,วัดป่าข่อยใต้,เมืองเชียงใหม่,เล็ก,ในเมือง,สำนักงานคณะกรรมการการศึกษาขั้นพื้นฐาน,สพป.เชียงใหม่ เขต 1,9,40.74,29.51,42.22,23.47,40.74,30.54,50.00,33.33,47.22,29.92,33.33,20.41
2566,304,วัดป่าแดด,เมืองเชียงใหม่,เล็ก,ในเมือง,สำนักงานคณะกรรมการการศึกษาขั้นพื้นฐาน,สพป.เชียงใหม่ เขต 1,14,33.33,20.89,31.43,18.46,29.76,16.88,64.29,29.45,41.07,24.29,42.86,33.31
2566,305,วัดป่าตัน,เมืองเชียงใหม่,เล็ก,ในเมือง,สำนักงานคณะกรรมการการศึกษาขั้นพื้นฐาน,สพป.เชียงใหม่ เขต 1,24,31.94,19.19,30.83,14.12,26.39,18.58,60.42,38.13,45.83,21.25,15.63,14.09
2566,306,วัดเมืองสาตร,เมืองเชียงใหม่,เล็ก,ในเมือง,สำนักงานคณะกรรมการการศึกษาขั้นพื้นฐาน,สพป.เชียงใหม่ เขต 1,8,29.17,13.82,40.00,18.03,25.00,16.67,56.25,46.35,40.63,27.78,25.00,17.68
2566,307,วัดร้องอ้อ,เมืองเชียงใหม่,กลาง,ในเมือง,สำนักงานคณะกรรมการการศึกษาขั้นพื้นฐาน,สพป.เชียงใหม่ เขต 1,17,33.33,22.14,41.76,19.77,39.22,17.09,58.82,35.29,45.59,24.61,30.88,29.12
2566,308,วัดวังสิงห์คำ,เมืองเชียงใหม่,กลาง,ในเมือง,สำนักงานคณะกรรมการการศึกษาขั้นพื้นฐาน,สพป.เชียงใหม่ เขต 1,22,38.64,22.13,30.00,17.58,27.27,22.78,63.64,40.40,37.50,18.07,26.14,24.40
2566,309,วัดสวนดอก,เมืองเชียงใหม่,กลาง,ในเมือง,สำนักงานคณะกรรมการการศึกษาขั้นพื้นฐาน,สพป.เชียงใหม่ เขต 1,24,40.28,25.42,38.75,18.78,39.58,24.44,68.75,37.67,42.71,23.36,34.38,21.42
2566,310,วัดเสาหิน,เมืองเชียงใหม่,เล็ก,ในเมือง,สำนักงานคณะกรรมการการศึกษาขั้นพื้นฐาน,สพป.เชียงใหม่ เขต 1,10,28.33,19.79,21.00,9.43,30.00,12.47,55.00,35.00,45.00,31.22,20.00,18.71
2566,311,วัดหนองป่าครั่ง,เมืองเชียงใหม่,เล็ก,ในเมือง,สำนักงานคณะกรรมการการศึกษาขั้นพื้นฐาน,สพป.เชียงใหม่ เขต 1,3,50.00,36.00,40.00,8.16,44.44,15.71,66.67,47.14,33.33,23.57,33.33,11.79
2566,312,วารีเชียงใหม่,เมืองเชียงใหม่,ใหญ่พิเศษ,ในเมือง,สำนักงานคณะกรรมการส่งเสริมการศึกษาเอกชน,-,196,78.91,26.36,74.59,25.90,69.81,26.83,95.41,15.30,58.67,29.80,75.77,31.43
2566,313,วิชัยวิทยา,เมืองเชียงใหม่,กลาง,ในเมือง,สำนักงานคณะกรรมการส่งเสริมการศึกษาเอกชน,-,27,79.01,21.56,85.19,16.64,73.46,23.68,94.44,20.79,50.93,24.98,84.26,28.99
2566,314,ศรีเนห์รู,เมืองเชียงใหม่,เล็ก,ในเมือง,สำนักงานคณะกรรมการการศึกษาขั้นพื้นฐาน,สพป.เชียงใหม่ เขต 1,13,35.90,17.10,43.08,13.80,41.03,21.30,57.69,33.09,42.31,22.75,19.23,22.26
2566,315,ศิริมังคลาจารย์,เมืองเชียงใหม่,เล็ก,ในเมือง,สำนักงานคณะกรรมการการศึกษาขั้นพื้นฐาน,สพป.เชียงใหม่ เขต 1,6,27.78,12.42,25.00,15.00,36.11,40.16,50.00,40.82,37.50,19.09,29.17,22.44
2566,316,สังวาลย์วิทยา,เมืองเชียงใหม่,เล็ก,ในเมือง,สำนักงานคณะกรรมการการศึกษาขั้นพื้นฐาน,สพป.เชียงใหม่ เขต 1,0,-,-,-,-,-,-,-,-,-,-,-,-
2566,317,สันติศึกษา,เมืองเชียงใหม่,เล็ก,ในเมือง,สำนักงานคณะกรรมการส่งเสริมการศึกษาเอกชน,-,22,37.12,27.03,45.00,23.69,39.39,22.78,72.73,36.08,44.32,28.14,39.77,29.83
2566,318,สาธิตมหาวิทยาลัยราชภัฏเชียงใหม่,เมืองเชียงใหม่,กลาง,ในเมือง,สำนักงานปลัดกระทรวงการอุดมศึกษาฯ,-,82,50.81,31.55,47.56,28.82,46.54,29.88,82.93,30.46,44.21,26.85,43.90,33.71
2566,319,สารสาสน์วิเทศเชียงใหม่,เมืองเชียงใหม่,ใหญ่,ในเมือง,สำนักงานคณะกรรมการส่งเสริมการศึกษาเอกชน,-,121,76.72,28.06,80.17,23.60,73.55,22.85,95.04,17.49,68.80,27.33,75.83,30.82
2566,320,สารสาสน์วิเทศล้านนา,เมืองเชียงใหม่,ใหญ่,ในเมือง,สำนักงานคณะกรรมการส่งเสริมการศึกษาเอกชน,-,127,72.97,27.18,71.18,30.37,66.14,28.13,91.34,24.38,56.50,25.53,67.32,35.15
2566,321,โสตศึกษาอนุสารสุนทร,เมืองเชียงใหม่,เล็ก,ในเมือง,สำนักบริหารงานการศึกษาพิเศษ,-,0,-,-,-,-,-,-,-,-,-,-,-,-
2566,322,อนุบาลเชียงใหม่,เมืองเชียงใหม่,ใหญ่พิเศษ,ในเมือง,สำนักงานคณะกรรมการการศึกษาขั้นพื้นฐาน,สพป.เชียงใหม่ เขต 1,288,62.04,29.62,59.48,30.94,58.22,26.82,87.85,26.18,55.38,27.43,59.72,35.74
2566,323,อนุบาลบ้านท่อเมืองลัง,เมืองเชียงใหม่,กลาง,ในเมือง,สำนักงานคณะกรรมการการศึกษาขั้นพื้นฐาน,สพป.เชียงใหม่ เขต 1,26,42.95,21.77,31.15,21.90,30.13,21.69,73.08,24.93,46.15,25.66,27.88,26.24
2566,324,อนุบาลหนองป่าครั่ง,เมืองเชียงใหม่,เล็ก,ในเมือง,กรมส่งเสริมการปกครองท้องถิ่น,ท้องถิ่นจังหวัดเชียงใหม่,15,35.56,29.10,43.33,28.91,35.56,25.72,70.00,40.00,36.67,32.74,41.67,29.81
2566,325,ชุมชนตำบลท่าผา,แม่แจ่ม,เล็ก,นอกเมือง,สำนักงานคณะกรรมการการศึกษาขั้นพื้นฐาน,สพป.เชียงใหม่ เขต 6,16,42.71,30.03,33.12,18.61,30.21,23.73,50.00,39.53,42.19,27.55,26.56,24.16
2566,326,ชุมชนบ้านช่างเคิ่ง,แม่แจ่ม,กลาง,นอกเมือง,สำนักงานคณะกรรมการการศึกษาขั้นพื้นฐาน,สพป.เชียงใหม่ เขต 6,19,35.09,25.30,27.37,12.91,24.56,25.00,65.79,36.46,40.79,20.21,21.05,23.32
2566,327,ชุมชนบ้านพร้าวหนุ่ม,แม่แจ่ม,เล็ก,นอกเมือง,สำนักงานคณะกรรมการการศึกษาขั้นพื้นฐาน,สพป.เชียงใหม่ เขต 6,32,37.50,23.57,44.37,18.19,44.79,24.09,79.69,30.26,60.16,24.89,36.72,27.23
2566,328,เซนต์โยเซฟแม่แจ่ม,แม่แจ่ม,กลาง,นอกเมือง,สำนักงานคณะกรรมการส่งเสริมการศึกษาเอกชน,-,54,31.48,17.47,27.22,17.79,32.72,18.97,51.85,28.81,37.04,21.91,22.69,21.12
2566,329,ตำรวจตระเวนชายแดนบางกอก เชฟ แชร์ริตี้ บ้านแม่ขอ,แม่แจ่ม,เล็ก,นอกเมือง,กองบัญชาการตำรวจตระเวนชายแดน,-,11,25.76,22.88,21.82,15.85,24.24,17.93,31.82,24.05,34.09,22.03,27.27,16.70
2566,330,บ้านกองแขก,แม่แจ่ม,เล็ก,นอกเมือง,สำนักงานคณะกรรมการการศึกษาขั้นพื้นฐาน,สพป.เชียงใหม่ เขต 6,15,36.67,19.44,26.67,16.19,33.33,22.77,30.00,35.59,35.00,23.80,20.00,18.71
2566,331,บ้านกองแขก สาขาบ้านแม่หลุ,แม่แจ่ม,เล็ก,นอกเมือง,สำนักงานคณะกรรมการการศึกษาขั้นพื้นฐาน,สพป.เชียงใหม่ เขต 6,7,28.57,14.68,37.14,16.66,33.33,25.20,42.86,31.94,28.57,20.82,21.43,8.75
2566,332,บ้านขุนแม่นาย,แม่แจ่ม,เล็ก,นอกเมือง,สำนักงานคณะกรรมการการศึกษาขั้นพื้นฐาน,สพป.เชียงใหม่ เขต 6,8,27.08,20.31,25.00,17.32,20.83,19.98,31.25,34.80,31.25,27.24,25.00,17.68
2566,333,บ้านขุนแม่หยอด,แม่แจ่ม,เล็ก,นอกเมือง,สำนักงานคณะกรรมการการศึกษาขั้นพื้นฐาน,สพป.เชียงใหม่ เขต 6,5,23.33,22.61,36.00,14.97,10.00,13.33,60.00,37.42,35.00,25.50,20.00,18.71
2566,334,บ้านต่อเรือ,แม่แจ่ม,เล็ก,นอกเมือง,สำนักงานคณะกรรมการการศึกษาขั้นพื้นฐาน,สพป.เชียงใหม่ เขต 6,1,50.00,0.00,30.00,0.00,50.00,0.00,50.00,0.00,75.00,0.00,0.00,0.00
2566,335,บ้านทัพ,แม่แจ่ม,เล็ก,นอกเมือง,สำนักงานคณะกรรมการการศึกษาขั้นพื้นฐาน,สพป.เชียงใหม่ เขต 6,9,22.22,13.61,31.11,8.75,25.93,11.42,50.00,47.14,44.44,22.91,22.22,14.16
2566,336,บ้านทุ่งแก,แม่แจ่ม,เล็ก,นอกเมือง,สำนักงานคณะกรรมการการศึกษาขั้นพื้นฐาน,สพป.เชียงใหม่ เขต 6,7,35.71,20.76,32.86,17.50,30.95,22.59,42.86,17.50,35.71,22.59,17.86,17.50
2566,337,บ้านทุ่งแก สาขาแม่แอบ,แม่แจ่ม,เล็ก,นอกเมือง,สำนักงานคณะกรรมการการศึกษาขั้นพื้นฐาน,สพป.เชียงใหม่ เขต 6,14,25.00,12.20,28.57,15.05,22.62,14.92,42.86,45.74,23.21,22.09,23.21,17.59
2566,338,บ้านทุ่งยาว,แม่แจ่ม,เล็ก,นอกเมือง,สำนักงานคณะกรรมการการศึกษาขั้นพื้นฐาน,สพป.เชียงใหม่ เขต 6,18,26.85,22.32,28.89,13.70,22.22,15.71,47.22,20.22,40.28,23.77,13.89,17.12
2566,339,บ้านนากลาง,แม่แจ่ม,เล็ก,นอกเมือง,สำนักงานคณะกรรมการการศึกษาขั้นพื้นฐาน,สพป.เชียงใหม่ เขต 6,11,21.21,16.03,29.09,9.00,25.76,20.55,31.82,32.14,45.45,17.90,20.45,17.90
2566,340,บ้านนากลาง สาขาห้วยผักกูด,แม่แจ่ม,เล็ก,นอกเมือง,สำนักงานคณะกรรมการการศึกษาขั้นพื้นฐาน,สพป.เชียงใหม่ เขต 6,12,22.22,12.42,34.17,20.19,37.50,15.40,41.67,34.36,27.08,18.98,27.08,23.84
2566,341,บ้านนาฮ่อง,แม่แจ่ม,เล็ก,นอกเมือง,สำนักงานคณะกรรมการการศึกษาขั้นพื้นฐาน,สพป.เชียงใหม่ เขต 6,22,36.36,20.50,28.18,14.35,23.48,16.41,38.64,29.89,31.82,24.05,20.45,17.90
2566,342,บ้านเนินวิทยา,แม่แจ่ม,เล็ก,นอกเมือง,สำนักงานคณะกรรมการการศึกษาขั้นพื้นฐาน,สพป.เชียงใหม่ เขต 6,16,30.21,16.89,25.62,11.16,25.00,22.05,53.12,32.92,21.88,17.40,29.69,25.34
2566,343,บ้านปางเกี๊ยะ,แม่แจ่ม,กลาง,นอกเมือง,สำนักงานคณะกรรมการการศึกษาขั้นพื้นฐาน,สพป.เชียงใหม่ เขต 6,25,33.33,21.60,29.20,15.73,32.00,21.56,30.00,31.62,43.00,26.00,23.00,21.12
2566,344,บ้านปางหินฝน,แม่แจ่ม,เล็ก,นอกเมือง,สำนักงานคณะกรรมการการศึกษาขั้นพื้นฐาน,สพป.เชียงใหม่ เขต 6,12,41.67,25.00,40.83,22.53,31.94,20.93,91.67,27.64,54.17,28.57,29.17,22.44
2566,345,บ้านปางอุ๋ง,แม่แจ่ม,กลาง,นอกเมือง,สำนักงานคณะกรรมการการศึกษาขั้นพื้นฐาน,สพป.เชียงใหม่ เขต 6,18,30.56,16.90,31.11,14.87,26.85,15.85,36.11,32.51,25.00,25.00,16.67,16.67
2566,346,บ้านปางอุ๋ง สาขาแม่สะต๊อป,แม่แจ่ม,เล็ก,นอกเมือง,สำนักงานคณะกรรมการการศึกษาขั้นพื้นฐาน,สพป.เชียงใหม่ เขต 6,18,28.70,18.26,31.11,14.87,17.59,11.75,27.78,34.25,36.11,23.90,16.67,14.43
2566,347,บ้านแปะสามัคคี,แม่แจ่ม,เล็ก,นอกเมือง,สำนักงานคณะกรรมการการศึกษาขั้นพื้นฐาน,สพป.เชียงใหม่ เขต 6,7,35.71,20.76,32.86,19.79,35.71,16.50,14.29,22.59,46.43,24.74,17.86,11.29
2566,348,บ้านผานัง,แม่แจ่ม,เล็ก,นอกเมือง,สำนักงานคณะกรรมการการศึกษาขั้นพื้นฐาน,สพป.เชียงใหม่ เขต 6,4,29.17,7.22,32.50,8.29,25.00,14.43,50.00,35.36,18.75,10.83,31.25,10.83
2566,349,บ้านผาละปิ,แม่แจ่ม,เล็ก,นอกเมือง,สำนักงานคณะกรรมการการศึกษาขั้นพื้นฐาน,สพป.เชียงใหม่ เขต 6,13,28.21,13.69,26.92,14.35,32.05,17.86,38.46,34.83,34.62,23.08,25.00,16.98
2566,350,บ้านพุย สาขาพุยใต้,แม่แจ่ม,เล็ก,นอกเมือง,สำนักงานคณะกรรมการการศึกษาขั้นพื้นฐาน,สพป.เชียงใหม่ เขต 6,2,16.67,0.00,35.00,25.00,25.00,8.33,25.00,25.00,12.50,12.50,12.50,12.50
2566,351,บ้านแม่ซา,แม่แจ่ม,เล็ก,นอกเมือง,สำนักงานคณะกรรมการการศึกษาขั้นพื้นฐาน,สพป.เชียงใหม่ เขต 6,13,29.49,17.48,26.92,12.02,26.92,17.95,38.46,28.78,30.77,22.26,17.31,18.04
2566,352,บ้านแม่ตูม,แม่แจ่ม,เล็ก,นอกเมือง,สำนักงานคณะกรรมการการศึกษาขั้นพื้นฐาน,สพป.เชียงใหม่ เขต 6,6,13.89,14.96,23.33,15.99,27.78,28.33,16.67,23.57,29.17,26.68,25.00,20.41
2566,353,บ้านแม่นาจร,แม่แจ่ม,กลาง,นอกเมือง,สำนักงานคณะกรรมการการศึกษาขั้นพื้นฐาน,สพป.เชียงใหม่ เขต 6,14,22.62,13.52,31.43,11.87,25.00,15.11,32.14,35.89,21.43,18.56,28.57,22.87
2566,354,บ้านแม่ปาน,แม่แจ่ม,เล็ก,นอกเมือง,สำนักงานคณะกรรมการการศึกษาขั้นพื้นฐาน,สพป.เชียงใหม่ เขต 6,21,38.10,20.02,26.67,12.08,23.02,20.23,42.86,31.94,34.52,22.46,14.29,19.78
2566,355,บ้านแม่มะลอ,แม่แจ่ม,เล็ก,นอกเมือง,สำนักงานคณะกรรมการการศึกษาขั้นพื้นฐาน,สพป.เชียงใหม่ เขต 6,11,28.79,17.54,26.36,8.81,22.73,14.69,36.36,30.83,20.45,20.83,31.82,28.39
2566,356,บ้านแม่มุ,แม่แจ่ม,เล็ก,นอกเมือง,สำนักงานคณะกรรมการการศึกษาขั้นพื้นฐาน,สพป.เชียงใหม่ เขต 6,12,27.78,20.79,28.33,13.44,36.11,20.22,50.00,28.87,25.00,14.43,22.92,21.55
2566,357,บ้านแม่ลอง,แม่แจ่ม,เล็ก,นอกเมือง,กองบัญชาการตำรวจตระเวนชายแดน,-,16,26.04,16.63,23.12,11.02,28.12,11.36,34.37,34.09,25.00,17.68,23.44,20.67
2566,358,บ้านแม่วาก,แม่แจ่ม,เล็ก,นอกเมือง,สำนักงานคณะกรรมการการศึกษาขั้นพื้นฐาน,สพป.เชียงใหม่ เขต 6,6,27.78,12.42,23.33,13.74,22.22,18.43,33.33,37.27,33.33,27.64,8.33,18.63
2566,359,บ้านแม่ศึก (มูลนิธิธรรมมาภิรักษ์อุปถัมภ์ที่ 2),แม่แจ่ม,เล็ก,นอกเมือง,สำนักงานคณะกรรมการการศึกษาขั้นพื้นฐาน,สพป.เชียงใหม่ เขต 6,3,27.78,15.71,30.00,21.60,22.22,7.86,33.33,23.57,41.67,11.79,50.00,20.41
2566,360,บ้านแม่หงานหลวง,แม่แจ่ม,เล็ก,นอกเมือง,สำนักงานคณะกรรมการการศึกษาขั้นพื้นฐาน,สพป.เชียงใหม่ เขต 6,13,17.95,13.81,34.62,10.82,20.51,16.22,23.08,24.93,28.85,21.59,23.08,24.93
2566,361,บ้านแม่หอย,แม่แจ่ม,เล็ก,นอกเมือง,สำนักงานคณะกรรมการการศึกษาขั้นพื้นฐาน,สพป.เชียงใหม่ เขต 6,6,30.56,22.40,26.67,17.00,36.11,11.45,25.00,25.00,33.33,31.18,12.50,12.50
2566,362,บ้านแม่เอาะ,แม่แจ่ม,เล็ก,นอกเมือง,สำนักงานคณะกรรมการการศึกษาขั้นพื้นฐาน,สพป.เชียงใหม่ เขต 6,17,25.49,15.25,27.65,12.14,26.47,16.23,26.47,24.96,29.41,23.07,19.12,18.25
2566,363,บ้านแม่แฮใต้,แม่แจ่ม,เล็ก,นอกเมือง,สำนักงานคณะกรรมการการศึกษาขั้นพื้นฐาน,สพป.เชียงใหม่ เขต 6,11,30.30,18.56,26.36,13.67,27.27,21.64,27.27,32.78,25.00,15.08,20.45,23.40
2566,364,บ้านแม่แฮเหนือ,แม่แจ่ม,กลาง,นอกเมือง,สำนักงานคณะกรรมการการศึกษาขั้นพื้นฐาน,สพป.เชียงใหม่ เขต 6,49,31.63,18.52,28.37,13.75,25.51,18.78,32.65,32.81,30.61,23.29,16.33,16.41
2566,365,บ้านแม่แฮเหนือ สาขาแม่แจ๊ะ,แม่แจ่ม,เล็ก,นอกเมือง,สำนักงานคณะกรรมการการศึกษาขั้นพื้นฐาน,สพป.เชียงใหม่ เขต 6,12,29.17,13.82,38.33,15.72,22.22,15.71,20.83,24.65,33.33,21.25,29.17,19.98
2566,366,บ้านโม่งหลวง,แม่แจ่ม,เล็ก,นอกเมือง,สำนักงานคณะกรรมการการศึกษาขั้นพื้นฐาน,สพป.เชียงใหม่ เขต 6,12,37.50,13.82,27.50,13.62,25.00,18.63,29.17,24.65,16.67,18.63,18.75,20.73
2566,367,บ้านโม่งหลวง สาขาบ้านแม่อมลานใน,แม่แจ่ม,เล็ก,นอกเมือง,สำนักงานคณะกรรมการการศึกษาขั้นพื้นฐาน,สพป.เชียงใหม่ เขต 6,3,16.67,0.00,10.00,8.16,33.33,27.22,16.67,23.57,16.67,11.79,16.67,11.79
2566,368,บ้านสบแม่รวม,แม่แจ่ม,เล็ก,นอกเมือง,สำนักงานคณะกรรมการการศึกษาขั้นพื้นฐาน,สพป.เชียงใหม่ เขต 6,8,25.00,14.43,32.50,6.61,20.83,21.65,62.50,41.46,53.13,19.52,25.00,21.65
2566,369,บ้านสบวาก,แม่แจ่ม,เล็ก,นอกเมือง,สำนักงานคณะกรรมการการศึกษาขั้นพื้นฐาน,สพป.เชียงใหม่ เขต 6,6,41.67,12.73,21.67,13.44,38.89,15.71,41.67,34.36,29.17,17.18,25.00,14.43
2566,370,บ้านสองธาร,แม่แจ่ม,เล็ก,นอกเมือง,สำนักงานคณะกรรมการการศึกษาขั้นพื้นฐาน,สพป.เชียงใหม่ เขต 6,7,19.05,13.88,24.29,15.91,33.33,12.60,42.86,31.94,39.29,18.21,21.43,15.97
2566,371,บ้านสามสบ,แม่แจ่ม,เล็ก,นอกเมือง,สำนักงานคณะกรรมการการศึกษาขั้นพื้นฐาน,สพป.เชียงใหม่ เขต 6,3,16.67,13.61,26.67,9.43,38.89,15.71,33.33,23.57,25.00,0.00,8.33,11.79
2566,372,บ้านห้วยผา,แม่แจ่ม,เล็ก,นอกเมือง,สำนักงานคณะกรรมการการศึกษาขั้นพื้นฐาน,สพป.เชียงใหม่ เขต 6,3,33.33,23.57,30.00,14.14,50.00,13.61,66.67,23.57,33.33,11.79,50.00,0.00
2566,373,บ้านใหม่พัฒนาสันติ,แม่แจ่ม,เล็ก,นอกเมือง,กองบัญชาการตำรวจตระเวนชายแดน,-,3,33.33,13.61,30.00,8.16,11.11,15.71,16.67,23.57,16.67,11.79,25.00,20.41
2566,374,บ้านอมเม็ง,แม่แจ่ม,เล็ก,นอกเมือง,สำนักงานคณะกรรมการการศึกษาขั้นพื้นฐาน,สพป.เชียงใหม่ เขต 6,7,28.57,17.17,30.00,10.69,28.57,14.68,28.57,36.42,28.57,20.82,25.00,18.90
2566,375,บ้านเฮาะวิทยา,แม่แจ่ม,เล็ก,นอกเมือง,สำนักงานคณะกรรมการการศึกษาขั้นพื้นฐาน,สพป.เชียงใหม่ เขต 6,7,26.19,15.06,24.29,14.00,23.81,15.06,28.57,36.42,35.71,22.59,17.86,17.50
2566,376,เมืองเด็กวิทยา,แม่แจ่ม,เล็ก,นอกเมือง,สำนักงานคณะกรรมการส่งเสริมการศึกษาเอกชน,-,15,51.11,27.53,40.67,26.45,40.00,24.19,83.33,29.81,51.67,24.94,38.33,32.74
2566,377,ราชประชานุเคราะห์ 31,แม่แจ่ม,กลาง,นอกเมือง,สำนักบริหารงานการศึกษาพิเศษ,-,33,30.81,16.47,27.58,13.49,28.28,23.39,31.82,29.69,23.48,16.21,21.21,18.59
2566,378,ศูนย์การเรียนตำรวจตระเวนชายแดนบ้านแม่มุใน บริษัทซีเค พาวเวอร์ จำกัด (มหาชน) อุปถัมภ์,แม่แจ่ม,เล็ก,นอกเมือง,กองบัญชาการตำรวจตระเวนชายแดน,-,5,23.33,8.16,20.00,14.14,23.33,8.16,20.00,24.49,30.00,10.00,10.00,12.25
2566,379,ศูนย์การเรียนตำรวจตระเวนชายแดนสนั่น-เฉลิมเกตุ นภาศัพท์,แม่แจ่ม,เล็ก,นอกเมือง,กองบัญชาการตำรวจตระเวนชายแดน,-,14,33.33,16.67,27.14,12.21,33.33,20.89,50.00,26.73,32.14,23.96,28.57,29.67
2566,380,หลวงพัฒนาบ้านพุย,แม่แจ่ม,เล็ก,นอกเมือง,สำนักงานคณะกรรมการการศึกษาขั้นพื้นฐาน,สพป.เชียงใหม่ เขต 6,13,29.49,11.61,29.23,14.92,19.23,15.81,19.23,36.89,38.46,25.22,28.85,19.23
2566,381,ออป.13,แม่แจ่ม,เล็ก,นอกเมือง,สำนักงานคณะกรรมการการศึกษาขั้นพื้นฐาน,สพป.เชียงใหม่ เขต 6,15,33.33,16.10,28.00,14.70,24.44,19.12,36.67,33.99,28.33,22.11,28.33,23.92
2566,382,อินทนนท์วิทยา,แม่แจ่ม,เล็ก,นอกเมือง,สำนักงานคณะกรรมการการศึกษาขั้นพื้นฐาน,สพป.เชียงใหม่ เขต 6,6,22.22,20.79,26.67,13.74,27.78,15.71,41.67,34.36,50.00,32.27,16.67,18.63
2566,383,ชุมชนวัดช่อแล,แม่แตง,เล็ก,นอกเมือง,สำนักงานคณะกรรมการการศึกษาขั้นพื้นฐาน,สพป.เชียงใหม่ เขต 2,21,30.95,18.03,35.71,14.00,33.33,20.57,61.90,43.38,34.52,27.25,25.00,17.25
2566,384,เชียงใหม่มัธยม,แม่แตง,ใหญ่,นอกเมือง,สำนักงานคณะกรรมการส่งเสริมการศึกษาเอกชน,-,1,66.67,0.00,60.00,0.00,33.33,0.00,100.00,0.00,75.00,0.00,50.00,0.00
2566,385,ตชด.ไลออนส์มหาจักร 9,แม่แตง,เล็ก,นอกเมือง,กองบัญชาการตำรวจตระเวนชายแดน,-,10,28.33,22.42,29.00,9.43,23.33,18.56,40.00,37.42,42.50,27.50,22.50,13.46
2566,386,เทศบาลตำบลสันมหาพน,แม่แตง,กลาง,นอกเมือง,กรมส่งเสริมการปกครองท้องถิ่น,ท้องถิ่นจังหวัดเชียงใหม่,32,30.21,22.22,25.94,14.97,26.04,17.65,45.31,40.23,35.16,21.52,23.44,17.61
2566,387,บ้านก๋ายน้อย,แม่แตง,เล็ก,นอกเมือง,สำนักงานคณะกรรมการการศึกษาขั้นพื้นฐาน,สพป.เชียงใหม่ เขต 2,3,22.22,7.86,26.67,4.71,27.78,7.86,50.00,0.00,25.00,35.36,41.67,31.18
2566,388,บ้านทับเดื่อ,แม่แตง,เล็ก,นอกเมือง,สำนักงานคณะกรรมการการศึกษาขั้นพื้นฐาน,สพป.เชียงใหม่ เขต 2,10,35.00,20.34,30.00,10.95,26.67,15.28,30.00,33.17,32.50,16.01,20.00,18.71
2566,389,บ้านบวกหมื้อ,แม่แตง,เล็ก,นอกเมือง,สำนักงานคณะกรรมการการศึกษาขั้นพื้นฐาน,สพป.เชียงใหม่ เขต 2,10,35.00,15.72,18.00,14.00,30.00,19.44,35.00,32.02,22.50,32.50,25.00,19.36
2566,390,บ้านปง,แม่แตง,เล็ก,นอกเมือง,สำนักงานคณะกรรมการการศึกษาขั้นพื้นฐาน,สพป.เชียงใหม่ เขต 2,11,27.27,14.69,20.91,9.96,25.76,13.03,31.82,32.14,38.64,30.83,27.27,22.50
2566,391,บ้านปลาดาว,แม่แตง,เล็ก,นอกเมือง,สำนักงานคณะกรรมการส่งเสริมการศึกษาเอกชน,-,7,47.62,25.86,44.29,26.65,50.00,28.17,64.29,44.03,42.86,17.50,46.43,28.12
2566,392,บ้านปางกว้าง,แม่แตง,เล็ก,นอกเมือง,สำนักงานคณะกรรมการการศึกษาขั้นพื้นฐาน,สพป.เชียงใหม่ เขต 2,6,38.89,12.42,31.67,15.72,33.33,19.25,50.00,28.87,54.17,9.32,12.50,12.50
2566,393,บ้านปางไม้แดง,แม่แตง,เล็ก,นอกเมือง,สำนักงานคณะกรรมการการศึกษาขั้นพื้นฐาน,สพป.เชียงใหม่ เขต 2,9,27.78,13.61,34.44,16.41,24.07,8.28,38.89,39.28,41.67,26.35,16.67,16.67
2566,394,บ้านปางห้วยตาด,แม่แตง,เล็ก,นอกเมือง,สำนักงานคณะกรรมการการศึกษาขั้นพื้นฐาน,สพป.เชียงใหม่ เขต 2,13,34.62,12.16,28.46,12.92,21.79,12.03,34.62,36.08,28.85,19.23,19.23,14.39
2566,395,บ้านปางฮ่าง,แม่แตง,เล็ก,นอกเมือง,สำนักงานคณะกรรมการการศึกษาขั้นพื้นฐาน,สพป.เชียงใหม่ เขต 2,4,16.67,0.00,42.50,25.86,37.50,13.82,25.00,25.00,43.75,10.83,31.25,20.73
2566,396,บ้านเป้าวิทยาคาร,แม่แตง,เล็ก,นอกเมือง,สำนักงานคณะกรรมการการศึกษาขั้นพื้นฐาน,สพป.เชียงใหม่ เขต 2,12,27.78,17.12,24.17,14.98,30.56,22.40,29.17,24.65,31.25,20.73,20.83,9.32
2566,397,บ้านผาหมอน,แม่แตง,เล็ก,นอกเมือง,สำนักงานคณะกรรมการการศึกษาขั้นพื้นฐาน,สพป.เชียงใหม่ เขต 2,4,20.83,7.22,22.50,10.90,16.67,16.67,12.50,21.65,6.25,10.83,25.00,17.68
2566,398,บ้านผึ้ง,แม่แตง,เล็ก,นอกเมือง,สำนักงานคณะกรรมการการศึกษาขั้นพื้นฐาน,สพป.เชียงใหม่ เขต 2,12,31.94,12.65,21.67,15.18,23.61,18.58,50.00,35.36,41.67,21.25,29.17,19.98
2566,399,บ้านเมืองกื้ด,แม่แตง,เล็ก,นอกเมือง,สำนักงานคณะกรรมการการศึกษาขั้นพื้นฐาน,สพป.เชียงใหม่ เขต 2,29,31.03,21.76,30.34,14.26,25.29,16.15,44.83,33.07,20.69,14.78,25.00,21.77
2566,400,บ้านแม่ไคร้,แม่แตง,เล็ก,นอกเมือง,สำนักงานคณะกรรมการการศึกษาขั้นพื้นฐาน,สพป.เชียงใหม่ เขต 2,8,25.00,20.41,27.50,12.99,29.17,19.98,25.00,35.36,21.88,14.99,12.50,12.50
2566,401,บ้านแม่ตะมาน,แม่แตง,เล็ก,นอกเมือง,สำนักงานคณะกรรมการการศึกษาขั้นพื้นฐาน,สพป.เชียงใหม่ เขต 2,17,31.37,16.05,31.18,11.31,29.41,18.55,58.82,39.24,36.76,27.28,19.12,20.16
2566,402,บ้านแม่แมม,แม่แตง,เล็ก,นอกเมือง,สำนักงานคณะกรรมการการศึกษาขั้นพื้นฐาน,สพป.เชียงใหม่ เขต 2,3,16.67,13.61,23.33,20.55,22.22,15.71,33.33,23.57,25.00,20.41,16.67,11.79
2566,403,บ้านแม่เลา,แม่แตง,เล็ก,นอกเมือง,สำนักงานคณะกรรมการการศึกษาขั้นพื้นฐาน,สพป.เชียงใหม่ เขต 2,1,33.33,0.00,0.00,0.00,33.33,0.00,50.00,0.00,75.00,0.00,25.00,0.00
2566,404,บ้านแม่แสะ,แม่แตง,เล็ก,นอกเมือง,สำนักงานคณะกรรมการการศึกษาขั้นพื้นฐาน,สพป.เชียงใหม่ เขต 2,6,19.44,14.96,25.00,13.84,19.44,17.79,16.67,23.57,16.67,11.79,16.67,18.63
2566,405,ป่าจี้วังแดงวิทยา,แม่แตง,เล็ก,นอกเมือง,สำนักงานคณะกรรมการการศึกษาขั้นพื้นฐาน,สพป.เชียงใหม่ เขต 2,21,23.81,17.50,31.90,14.01,28.57,18.65,40.48,33.16,23.81,21.10,27.38,23.02
2566,406,ป่าแป๋วิทยา,แม่แตง,เล็ก,นอกเมือง,สำนักงานคณะกรรมการการศึกษาขั้นพื้นฐาน,สพป.เชียงใหม่ เขต 2,11,19.70,15.60,23.64,13.67,30.30,15.60,13.64,22.27,47.73,22.50,25.00,21.32
2566,407,ภูดินวิทยา,แม่แตง,เล็ก,นอกเมือง,สำนักงานคณะกรรมการการศึกษาขั้นพื้นฐาน,สพป.เชียงใหม่ เขต 2,1,16.67,0.00,20.00,0.00,16.67,0.00,50.00,0.00,25.00,0.00,25.00,0.00
2566,408,เมฆขจรเชียงใหม่,แม่แตง,เล็ก,นอกเมือง,สำนักงานคณะกรรมการส่งเสริมการศึกษาเอกชน,-,24,33.33,20.41,31.67,15.99,36.81,22.04,60.42,40.77,35.42,29.68,29.17,17.18
2566,409,ร่ำเปิงวิทยา,แม่แตง,กลาง,นอกเมือง,สำนักงานคณะกรรมการการศึกษาขั้นพื้นฐาน,สพป.เชียงใหม่ เขต 2,34,27.94,18.84,33.24,15.29,25.49,22.59,39.71,35.93,33.09,24.79,30.15,22.51
2566,410,วัดท่าข้าม,แม่แตง,เล็ก,นอกเมือง,สำนักงานคณะกรรมการการศึกษาขั้นพื้นฐาน,สพป.เชียงใหม่ เขต 2,10,28.33,22.42,34.00,9.17,33.33,14.91,45.00,35.00,27.50,20.77,27.50,23.58
2566,411,วัดทุ่งหลวง,แม่แตง,เล็ก,นอกเมือง,สำนักงานคณะกรรมการการศึกษาขั้นพื้นฐาน,สพป.เชียงใหม่ เขต 2,15,47.78,27.80,38.00,17.96,48.89,27.53,63.33,33.99,45.00,22.73,23.33,26.56
2566,412,วัดนาเม็ง,แม่แตง,เล็ก,นอกเมือง,สำนักงานคณะกรรมการการศึกษาขั้นพื้นฐาน,สพป.เชียงใหม่ เขต 2,8,25.00,20.41,36.25,17.28,31.25,21.14,50.00,25.00,31.25,16.54,28.13,14.99
2566,413,วัดบ้านเหล่า,แม่แตง,เล็ก,นอกเมือง,สำนักงานคณะกรรมการการศึกษาขั้นพื้นฐาน,สพป.เชียงใหม่ เขต 2,16,28.12,14.09,25.62,9.33,32.29,24.63,37.50,33.07,18.75,18.75,23.44,16.46
2566,414,วัดปางมะกล้วย,แม่แตง,เล็ก,นอกเมือง,สำนักงานคณะกรรมการการศึกษาขั้นพื้นฐาน,สพป.เชียงใหม่ เขต 2,4,45.83,29.76,20.00,15.81,29.17,18.16,62.50,21.65,6.25,10.83,31.25,10.83
2566,415,วัดแม่กะ,แม่แตง,เล็ก,นอกเมือง,สำนักงานคณะกรรมการการศึกษาขั้นพื้นฐาน,สพป.เชียงใหม่ เขต 2,10,48.33,18.93,31.00,15.13,35.00,17.40,70.00,33.17,57.50,22.50,30.00,24.49
2566,416,วัดหนองออน,แม่แตง,เล็ก,นอกเมือง,สำนักงานคณะกรรมการการศึกษาขั้นพื้นฐาน,สพป.เชียงใหม่ เขต 2,5,16.67,14.91,36.00,10.20,33.33,21.08,80.00,24.49,35.00,12.25,20.00,10.00
2566,417,วัดห้วยไร่,แม่แตง,เล็ก,นอกเมือง,สำนักงานคณะกรรมการการศึกษาขั้นพื้นฐาน,สพป.เชียงใหม่ เขต 2,11,31.82,25.08,29.09,13.79,33.33,12.31,59.09,41.66,36.36,22.27,34.09,16.07
2566,418,สบเปิงวิทยา,แม่แตง,กลาง,นอกเมือง,สำนักงานคณะกรรมการการศึกษาขั้นพื้นฐาน,สพป.เชียงใหม่ เขต 2,13,33.33,18.49,26.92,13.23,24.36,23.22,65.38,23.08,38.46,12.46,26.92,18.24
2566,419,สันป่ายางวิทยาคาร,แม่แตง,เล็ก,นอกเมือง,สำนักงานคณะกรรมการการศึกษาขั้นพื้นฐาน,สพป.เชียงใหม่ เขต 2,14,29.76,14.34,27.14,13.32,21.43,18.29,42.86,37.12,28.57,15.97,33.93,24.29
2566,420,สันป่าสักวิทยา,แม่แตง,กลาง,นอกเมือง,สำนักงานคณะกรรมการการศึกษาขั้นพื้นฐาน,สพป.เชียงใหม่ เขต 2,86,36.63,24.75,32.44,19.35,35.27,22.79,80.23,31.70,41.57,21.43,30.23,26.99
2566,421,สันมหาพนวิทยา,แม่แตง,เล็ก,นอกเมือง,สำนักงานคณะกรรมการการศึกษาขั้นพื้นฐาน,สพป.เชียงใหม่ เขต 2,26,26.92,21.72,33.08,23.33,34.62,23.08,44.23,34.88,38.46,25.22,28.85,24.70
2566,422,อนุบาลสานสายใยรักเทศบาลเมืองเมืองแกนพัฒนา,แม่แตง,กลาง,นอกเมือง,กรมส่งเสริมการปกครองท้องถิ่น,ท้องถิ่นจังหวัดเชียงใหม่,22,33.33,20.10,33.18,18.92,29.55,15.84,50.00,36.93,35.23,19.45,15.91,20.71
2566,423,เจ้าพ่อหลวงอุปถัมภ์ 7,แม่ริม,เล็ก,นอกเมือง,สำนักงานคณะกรรมการการศึกษาขั้นพื้นฐาน,สพป.เชียงใหม่ เขต 2,11,37.88,21.43,35.45,15.59,45.45,24.71,72.73,24.90,56.82,21.56,34.09,30.66
2566,424,เจ้าแม่หลวงอุปถัมภ์ 2,แม่ริม,เล็ก,นอกเมือง,สำนักงานคณะกรรมการการศึกษาขั้นพื้นฐาน,สพป.เชียงใหม่ เขต 2,17,38.24,15.93,24.12,15.36,27.45,15.06,35.29,37.44,17.65,18.72,22.06,25.56
2566,425,ดอนแก้วเนรมิตปัญญา,แม่ริม,กลาง,นอกเมือง,กรมส่งเสริมการปกครองท้องถิ่น,ท้องถิ่นจังหวัดเชียงใหม่,47,38.30,25.94,36.60,22.53,41.13,24.52,64.89,34.08,43.09,25.11,30.32,30.04
2566,426,ธีระวัธน์บำเพ็ญ,แม่ริม,กลาง,นอกเมือง,สำนักงานคณะกรรมการส่งเสริมการศึกษาเอกชน,-,72,55.32,28.71,49.03,25.23,50.46,25.00,86.81,26.34,59.38,26.50,47.92,33.53
2566,427,บ้านกองแหะ,แม่ริม,เล็ก,นอกเมือง,สำนักงานคณะกรรมการการศึกษาขั้นพื้นฐาน,สพป.เชียงใหม่ เขต 2,3,27.78,7.86,16.67,4.71,22.22,7.86,66.67,23.57,33.33,31.18,25.00,20.41
2566,428,บ้านกาดฮาว,แม่ริม,เล็ก,นอกเมือง,สำนักงานคณะกรรมการการศึกษาขั้นพื้นฐาน,สพป.เชียงใหม่ เขต 2,8,27.08,18.52,27.50,10.90,25.00,16.67,37.50,41.46,37.50,25.00,9.38,12.10
2566,429,บ้านคุณหมอ,แม่ริม,กลาง,นอกเมือง,สำนักงานคณะกรรมการส่งเสริมการศึกษาเอกชน,-,22,50.76,25.86,53.64,25.86,50.00,30.15,81.82,32.14,43.18,21.56,50.00,34.54
2566,430,บ้านดอนแก้ว,แม่ริม,กลาง,นอกเมือง,กรมส่งเสริมการปกครองท้องถิ่น,ท้องถิ่นจังหวัดเชียงใหม่,14,26.19,20.62,35.71,15.91,36.90,21.98,67.86,30.51,35.71,22.59,23.21,25.82
2566,431,บ้านต้นผึ้ง,แม่ริม,เล็ก,นอกเมือง,สำนักงานคณะกรรมการการศึกษาขั้นพื้นฐาน,สพป.เชียงใหม่ เขต 2,18,24.07,14.93,31.11,16.96,33.33,19.25,33.33,28.87,26.39,21.20,25.00,20.41
2566,432,บ้านทุ่งโป่ง,แม่ริม,กลาง,นอกเมือง,สำนักงานคณะกรรมการการศึกษาขั้นพื้นฐาน,สพป.เชียงใหม่ เขต 2,14,28.57,11.66,32.14,16.12,30.95,21.69,25.00,36.60,16.07,22.37,19.64,19.32
2566,433,บ้านน้ำริน,แม่ริม,เล็ก,นอกเมือง,สำนักงานคณะกรรมการการศึกษาขั้นพื้นฐาน,สพป.เชียงใหม่ เขต 2,6,44.44,15.71,30.00,12.91,41.67,15.96,75.00,25.00,45.83,17.18,25.00,14.43
2566,434,บ้านบวกจั่น,แม่ริม,เล็ก,นอกเมือง,สำนักงานคณะกรรมการการศึกษาขั้นพื้นฐาน,สพป.เชียงใหม่ เขต 2,7,33.33,21.82,38.57,12.45,35.71,20.76,42.86,31.94,32.14,17.50,35.71,12.37
2566,435,บ้านปางไฮ,แม่ริม,กลาง,นอกเมือง,สำนักงานคณะกรรมการการศึกษาขั้นพื้นฐาน,สพป.เชียงใหม่ เขต 2,10,33.33,22.36,33.00,12.69,33.33,19.72,55.00,26.93,32.50,16.01,15.00,12.25
2566,436,บ้านป่าติ้ว,แม่ริม,เล็ก,นอกเมือง,สำนักงานคณะกรรมการการศึกษาขั้นพื้นฐาน,สพป.เชียงใหม่ เขต 2,21,30.16,16.76,32.86,16.08,26.19,17.50,47.62,36.11,41.67,17.82,21.43,19.34
2566,437,บ้านโป่งแยงนอก,แม่ริม,เล็ก,นอกเมือง,สำนักงานคณะกรรมการการศึกษาขั้นพื้นฐาน,สพป.เชียงใหม่ เขต 2,13,26.92,20.19,30.00,14.68,32.05,24.86,53.85,36.49,30.77,22.26,21.15,16.54
2566,438,บ้านโป่งแยงใน,แม่ริม,เล็ก,นอกเมือง,สำนักงานคณะกรรมการการศึกษาขั้นพื้นฐาน,สพป.เชียงใหม่ เขต 2,20,33.33,18.26,28.00,16.31,33.33,24.72,62.50,38.32,33.75,24.08,22.50,15.61
2566,439,บ้านพระนอน,แม่ริม,เล็ก,นอกเมือง,สำนักงานคณะกรรมการการศึกษาขั้นพื้นฐาน,สพป.เชียงใหม่ เขต 2,18,39.81,14.84,31.11,11.49,22.22,17.57,66.67,28.87,29.17,19.09,30.56,21.34
2566,440,บ้านเมืองก๊ะ,แม่ริม,เล็ก,นอกเมือง,สำนักงานคณะกรรมการการศึกษาขั้นพื้นฐาน,สพป.เชียงใหม่ เขต 2,9,40.74,23.72,35.56,18.92,31.48,18.33,22.22,24.85,33.33,28.87,22.22,27.50
2566,441,บ้านแม่สา,แม่ริม,กลาง,นอกเมือง,สำนักงานคณะกรรมการการศึกษาขั้นพื้นฐาน,สพป.เชียงใหม่ เขต 2,15,44.44,26.29,47.33,20.15,56.67,21.77,83.33,23.57,60.00,23.80,40.00,27.08
2566,442,บ้านริมใต้,แม่ริม,กลาง,นอกเมือง,สำนักงานคณะกรรมการการศึกษาขั้นพื้นฐาน,สพป.เชียงใหม่ เขต 2,95,42.11,26.25,39.58,20.92,41.05,20.35,77.89,35.33,38.42,25.34,34.47,28.14
2566,443,บ้านศาลา,แม่ริม,กลาง,นอกเมือง,กรมส่งเสริมการปกครองท้องถิ่น,ท้องถิ่นจังหวัดเชียงใหม่,12,38.89,24.85,35.83,24.65,25.00,23.07,45.83,43.10,33.33,18.63,39.58,25.94
2566,444,บ้านสะลวงนอก,แม่ริม,เล็ก,นอกเมือง,สำนักงานคณะกรรมการการศึกษาขั้นพื้นฐาน,สพป.เชียงใหม่ เขต 2,11,21.21,14.37,29.09,17.30,25.76,14.85,45.45,45.00,31.82,21.56,20.45,17.90
2566,445,บ้านสันคะยอม,แม่ริม,เล็ก,นอกเมือง,สำนักงานคณะกรรมการการศึกษาขั้นพื้นฐาน,สพป.เชียงใหม่ เขต 2,8,22.92,16.54,25.00,11.18,22.92,16.54,43.75,39.03,28.13,29.15,15.63,21.42
2566,446,บ้านหนองปลามัน,แม่ริม,เล็ก,นอกเมือง,สำนักงานคณะกรรมการการศึกษาขั้นพื้นฐาน,สพป.เชียงใหม่ เขต 2,23,29.71,17.69,26.96,16.53,16.67,15.54,41.30,38.03,25.00,26.58,30.43,22.06
2566,447,มูลนิธิมหาราช 5,แม่ริม,เล็ก,นอกเมือง,สำนักงานคณะกรรมการการศึกษาขั้นพื้นฐาน,สพป.เชียงใหม่ เขต 2,9,38.89,15.71,26.67,12.47,35.19,9.44,44.44,36.85,36.11,12.42,33.33,26.35
2566,448,ราชประชานุเคราะห์ 60 จังหวัดเชียงใหม่,แม่ริม,กลาง,นอกเมือง,สำนักบริหารงานการศึกษาพิเศษ,-,20,26.67,17.80,30.50,11.61,30.83,16.89,30.00,29.15,28.75,19.80,26.25,23.01
2566,449,วัดทรายมูล,แม่ริม,เล็ก,นอกเมือง,สำนักงานคณะกรรมการการศึกษาขั้นพื้นฐาน,สพป.เชียงใหม่ เขต 2,24,29.17,13.82,35.42,18.93,33.33,17.35,43.75,39.03,43.75,24.21,29.17,21.25
2566,450,บ้านกาด(เขมวังส์ฯ),แม่วาง,กลาง,นอกเมือง,สำนักงานคณะกรรมการการศึกษาขั้นพื้นฐาน,สพป.เชียงใหม่ เขต 4,43,33.33,23.57,31.40,17.86,27.13,20.34,47.67,38.81,33.14,28.39,30.81,22.77
2566,451,บ้านทุ่งหลวง,แม่วาง,เล็ก,นอกเมือง,สำนักงานคณะกรรมการการศึกษาขั้นพื้นฐาน,สพป.เชียงใหม่ เขต 4,9,25.93,13.86,25.56,8.31,20.37,15.27,22.22,24.85,33.33,16.67,25.00,20.41
2566,452,บ้านพันตน,แม่วาง,เล็ก,นอกเมือง,สำนักงานคณะกรรมการการศึกษาขั้นพื้นฐาน,สพป.เชียงใหม่ เขต 4,8,29.17,11.02,36.25,14.09,20.83,13.82,37.50,21.65,21.88,8.27,31.25,27.24
2566,453,บ้านหนองเต่า,แม่วาง,เล็ก,นอกเมือง,สำนักงานคณะกรรมการการศึกษาขั้นพื้นฐาน,สพป.เชียงใหม่ เขต 4,5,36.67,22.11,24.00,12.00,23.33,8.16,40.00,37.42,25.00,15.81,15.00,12.25
2566,454,บ้านห้วยข้าวลีบ,แม่วาง,เล็ก,นอกเมือง,สำนักงานคณะกรรมการการศึกษาขั้นพื้นฐาน,สพป.เชียงใหม่ เขต 4,14,30.95,18.75,22.86,10.30,22.62,13.52,28.57,36.42,25.00,18.90,35.71,24.48
2566,455,บ้านห้วยตอง,แม่วาง,กลาง,นอกเมือง,สำนักงานคณะกรรมการการศึกษาขั้นพื้นฐาน,สพป.เชียงใหม่ เขต 4,20,25.83,19.35,32.50,18.67,30.83,21.91,37.50,34.91,26.25,21.61,22.50,15.61
2566,456,บ้านเหล่าป่าฝาง,แม่วาง,เล็ก,นอกเมือง,สำนักงานคณะกรรมการการศึกษาขั้นพื้นฐาน,สพป.เชียงใหม่ เขต 4,4,25.00,8.33,25.00,11.18,12.50,13.82,37.50,41.46,37.50,12.50,31.25,20.73
2566,457,บ้านใหม่สวรรค์,แม่วาง,เล็ก,นอกเมือง,สำนักงานคณะกรรมการการศึกษาขั้นพื้นฐาน,สพป.เชียงใหม่ เขต 4,13,34.62,15.28,32.31,16.71,46.15,16.22,73.08,37.29,42.31,26.65,15.38,18.45
2566,458,พัฒนาต้นน้ำที่ 5 ขุนวาง,แม่วาง,เล็ก,นอกเมือง,สำนักงานคณะกรรมการการศึกษาขั้นพื้นฐาน,สพป.เชียงใหม่ เขต 4,20,28.33,21.15,28.00,10.30,25.00,17.87,30.00,36.74,31.25,22.19,25.00,17.68
2566,459,แม่วินสามัคคี,แม่วาง,กลาง,นอกเมือง,สำนักงานคณะกรรมการการศึกษาขั้นพื้นฐาน,สพป.เชียงใหม่ เขต 4,28,32.14,20.86,29.64,14.51,21.43,16.58,37.50,36.90,21.43,18.56,16.07,16.66
2566,460,วัดดอนเปา,แม่วาง,เล็ก,นอกเมือง,กรมส่งเสริมการปกครองท้องถิ่น,ท้องถิ่นจังหวัดเชียงใหม่,14,23.81,20.62,30.00,9.26,30.95,16.50,60.71,33.69,23.21,14.83,23.21,19.96
2566,461,วัดทุ่งศาลา,แม่วาง,เล็ก,นอกเมือง,สำนักงานคณะกรรมการการศึกษาขั้นพื้นฐาน,สพป.เชียงใหม่ เขต 4,10,41.67,20.07,25.00,9.22,31.67,13.84,10.00,20.00,32.50,27.50,25.00,19.36
2566,462,วัดมะกับตองหลวง,แม่วาง,เล็ก,นอกเมือง,สำนักงานคณะกรรมการการศึกษาขั้นพื้นฐาน,สพป.เชียงใหม่ เขต 4,2,8.33,8.33,30.00,10.00,33.33,33.33,0.00,0.00,12.50,12.50,25.00,25.00
2566,463,วัดศิริชัยนิมิตร,แม่วาง,เล็ก,นอกเมือง,สำนักงานคณะกรรมการการศึกษาขั้นพื้นฐาน,สพป.เชียงใหม่ เขต 4,10,23.33,18.56,29.00,12.21,28.33,16.75,30.00,33.17,35.00,20.00,22.50,17.50
2566,464,วัดห้วยแก้ว,แม่วาง,เล็ก,นอกเมือง,สำนักงานคณะกรรมการการศึกษาขั้นพื้นฐาน,สพป.เชียงใหม่ เขต 4,5,26.67,20.00,20.00,16.73,30.00,16.33,50.00,0.00,15.00,12.25,10.00,12.25
2566,465,สโมสรไลออนรัตนโกสินทร์,แม่วาง,เล็ก,นอกเมือง,สำนักงานคณะกรรมการการศึกษาขั้นพื้นฐาน,สพป.เชียงใหม่ เขต 4,4,37.50,7.22,25.00,8.66,33.33,23.57,25.00,25.00,12.50,12.50,12.50,12.50
2566,466,สารสาสน์วิเทศอุปถัมภ์,แม่วาง,กลาง,นอกเมือง,สำนักงานคณะกรรมการส่งเสริมการศึกษาเอกชน,-,26,48.72,22.61,42.69,23.79,35.26,23.26,84.62,26.92,41.35,26.80,42.31,30.83
2566,467,หลวงพัฒนาบ้านขุนวาง,แม่วาง,กลาง,นอกเมือง,สำนักงานคณะกรรมการการศึกษาขั้นพื้นฐาน,สพป.เชียงใหม่ เขต 4,25,27.33,16.92,28.80,15.83,27.33,20.48,48.00,36.00,33.00,26.19,14.00,17.44
2566,468,ทาเหนือวิทยา,แม่ออน,เล็ก,นอกเมือง,สำนักงานคณะกรรมการการศึกษาขั้นพื้นฐาน,สพป.เชียงใหม่ เขต 1,22,25.00,14.86,28.64,16.60,20.45,17.36,36.36,37.48,28.41,17.35,23.86,24.40
2566,469,บ้านออนกลาง,แม่ออน,เล็ก,นอกเมือง,สำนักงานคณะกรรมการการศึกษาขั้นพื้นฐาน,สพป.เชียงใหม่ เขต 1,7,30.95,10.65,40.00,9.26,30.95,13.88,50.00,37.80,39.29,18.21,35.71,22.59
2566,470,บ้านออนหลวย,แม่ออน,เล็ก,นอกเมือง,สำนักงานคณะกรรมการการศึกษาขั้นพื้นฐาน,สพป.เชียงใหม่ เขต 1,6,33.33,13.61,31.67,19.51,33.33,13.61,66.67,37.27,25.00,25.00,20.83,26.68
2566,471,แม่ตะไคร้,แม่ออน,เล็ก,นอกเมือง,สำนักงานคณะกรรมการการศึกษาขั้นพื้นฐาน,สพป.เชียงใหม่ เขต 1,5,26.67,8.16,30.00,18.97,43.33,17.00,20.00,24.49,30.00,24.49,20.00,18.71
2566,472,วัดดอนชัย,แม่ออน,เล็ก,นอกเมือง,สำนักงานคณะกรรมการการศึกษาขั้นพื้นฐาน,สพป.เชียงใหม่ เขต 1,4,25.00,25.00,42.50,8.29,41.67,18.63,62.50,41.46,37.50,12.50,31.25,20.73
2566,473,วัดเปาสามขา,แม่ออน,เล็ก,นอกเมือง,สำนักงานคณะกรรมการการศึกษาขั้นพื้นฐาน,สพป.เชียงใหม่ เขต 1,9,29.63,20.45,34.44,14.23,33.33,24.85,22.22,34.25,44.44,28.33,19.44,10.39
2566,474,วัดห้วยแก้ว,แม่ออน,เล็ก,นอกเมือง,สำนักงานคณะกรรมการการศึกษาขั้นพื้นฐาน,สพป.เชียงใหม่ เขต 1,16,27.08,19.43,27.50,19.20,31.25,22.73,53.12,32.92,26.56,24.16,42.19,17.04
2566,475,วัดห้วยทราย,แม่ออน,เล็ก,นอกเมือง,สำนักงานคณะกรรมการการศึกษาขั้นพื้นฐาน,สพป.เชียงใหม่ เขต 1,16,40.62,22.80,22.50,12.50,30.21,22.99,53.12,32.92,37.50,19.76,23.44,20.67
2566,476,หมู่บ้านสหกรณ์ 2,แม่ออน,เล็ก,นอกเมือง,สำนักงานคณะกรรมการการศึกษาขั้นพื้นฐาน,สพป.เชียงใหม่ เขต 1,22,35.61,19.65,33.64,15.82,31.82,17.34,38.64,33.48,40.91,26.70,22.73,16.70
2566,477,กมล -เรียม สุโกศล (บ้านผาใต้),แม่อาย,เล็ก,นอกเมือง,สำนักงานคณะกรรมการการศึกษาขั้นพื้นฐาน,สพป.เชียงใหม่ เขต 3,13,28.21,15.17,24.62,12.78,28.21,15.17,46.15,41.42,21.15,23.71,15.38,18.45
2566,478,เจ้าพ่อหลวงอุปถัมภ์ 9,แม่อาย,กลาง,นอกเมือง,สำนักงานคณะกรรมการการศึกษาขั้นพื้นฐาน,สพป.เชียงใหม่ เขต 3,27,32.10,19.73,30.74,16.98,25.31,25.81,46.30,35.81,25.00,20.41,30.56,23.90
2566,479,ชุมชนบ้านคาย,แม่อาย,กลาง,นอกเมือง,สำนักงานคณะกรรมการการศึกษาขั้นพื้นฐาน,สพป.เชียงใหม่ เขต 3,28,32.74,17.53,32.50,17.24,30.36,20.92,46.43,35.17,33.93,26.06,21.43,20.82
2566,480,ชุมชนบ้านแม่ฮ่าง,แม่อาย,กลาง,นอกเมือง,สำนักงานคณะกรรมการการศึกษาขั้นพื้นฐาน,สพป.เชียงใหม่ เขต 3,39,36.75,20.39,30.00,17.10,26.07,21.28,41.03,37.33,31.41,21.72,23.08,20.71
2566,481,โชติคุณเกษมบ้านเมืองงาม,แม่อาย,กลาง,นอกเมือง,สำนักงานคณะกรรมการการศึกษาขั้นพื้นฐาน,สพป.เชียงใหม่ เขต 3,38,26.32,14.12,25.00,12.51,29.39,21.09,36.84,31.80,27.63,21.30,22.37,19.69
2566,482,ต.ช.ด. ไลออนส์มหาจักร 8,แม่อาย,เล็ก,นอกเมือง,สำนักงานคณะกรรมการการศึกษาขั้นพื้นฐาน,สพป.เชียงใหม่ เขต 3,27,32.72,18.97,30.74,14.38,20.37,18.33,46.30,33.13,24.07,20.95,19.44,19.64
2566,483,ต.ช.ด.ศึกษานารีอนุสรณ์ 3,แม่อาย,เล็ก,นอกเมือง,สำนักงานคณะกรรมการการศึกษาขั้นพื้นฐาน,สพป.เชียงใหม่ เขต 3,18,16.67,15.71,24.44,14.23,30.56,18.63,36.11,36.54,29.17,20.83,12.50,15.02
2566,484,ทุติยะโพธิ์อนุสรณ์,แม่อาย,เล็ก,นอกเมือง,กองบัญชาการตำรวจตระเวนชายแดน,-,6,27.78,18.43,25.00,9.57,36.11,20.22,25.00,25.00,20.83,17.18,20.83,17.18
2566,485,ไทยทนุบ้านสันต้นดู่,แม่อาย,เล็ก,นอกเมือง,สำนักงานคณะกรรมการการศึกษาขั้นพื้นฐาน,สพป.เชียงใหม่ เขต 3,19,33.33,16.22,31.58,14.96,26.32,18.19,57.89,37.22,26.32,22.17,27.63,19.69
2566,486,ไทยรัฐวิทยา 12 (บ้านเอก),แม่อาย,กลาง,นอกเมือง,สำนักงานคณะกรรมการการศึกษาขั้นพื้นฐาน,สพป.เชียงใหม่ เขต 3,18,38.89,20.79,35.56,17.07,50.93,21.85,72.22,29.92,47.22,24.85,30.56,24.37
2566,487,บ้านดง,แม่อาย,กลาง,นอกเมือง,สำนักงานคณะกรรมการการศึกษาขั้นพื้นฐาน,สพป.เชียงใหม่ เขต 3,11,24.24,14.85,26.36,11.50,19.70,15.60,31.82,32.14,36.36,19.55,20.45,17.90
2566,488,บ้านดอนชัย,แม่อาย,เล็ก,นอกเมือง,สำนักงานคณะกรรมการการศึกษาขั้นพื้นฐาน,สพป.เชียงใหม่ เขต 3,10,23.33,17.00,31.00,17.58,16.67,14.91,30.00,24.49,30.00,15.00,25.00,22.36
2566,489,บ้านท่ามะแกง,แม่อาย,เล็ก,นอกเมือง,สำนักงานคณะกรรมการการศึกษาขั้นพื้นฐาน,สพป.เชียงใหม่ เขต 3,11,37.88,25.71,29.09,9.96,28.79,17.54,31.82,24.05,38.64,12.45,20.45,20.83
2566,490,บ้านป่าก๊อ,แม่อาย,กลาง,นอกเมือง,สำนักงานคณะกรรมการการศึกษาขั้นพื้นฐาน,สพป.เชียงใหม่ เขต 3,13,25.64,15.49,28.46,15.61,24.36,15.49,34.62,36.08,26.92,22.92,15.38,18.45
2566,491,บ้านปางต้นเดื่อ,แม่อาย,กลาง,นอกเมือง,สำนักงานคณะกรรมการการศึกษาขั้นพื้นฐาน,สพป.เชียงใหม่ เขต 3,17,35.29,17.04,23.53,13.69,30.39,22.31,61.76,36.50,32.35,22.30,20.59,23.07
2566,492,บ้านป่าแดง,แม่อาย,กลาง,นอกเมือง,สำนักงานคณะกรรมการการศึกษาขั้นพื้นฐาน,สพป.เชียงใหม่ เขต 3,16,27.08,19.43,25.00,12.25,22.92,16.54,12.50,21.65,26.56,20.67,31.25,20.73
2566,493,บ้านโป่งไฮ,แม่อาย,เล็ก,นอกเมือง,สำนักงานคณะกรรมการการศึกษาขั้นพื้นฐาน,สพป.เชียงใหม่ เขต 3,7,14.29,16.50,31.43,8.33,30.95,16.50,35.71,22.59,32.14,25.75,17.86,17.50
2566,494,บ้านแม่สาว,แม่อาย,กลาง,นอกเมือง,สำนักงานคณะกรรมการการศึกษาขั้นพื้นฐาน,สพป.เชียงใหม่ เขต 3,42,27.78,19.13,29.05,17.16,29.76,17.64,46.43,31.61,33.33,22.27,30.36,25.32
2566,495,บ้านโละ,แม่อาย,เล็ก,นอกเมือง,สำนักงานคณะกรรมการการศึกษาขั้นพื้นฐาน,สพป.เชียงใหม่ เขต 3,8,41.67,14.43,28.75,14.52,22.92,23.48,37.50,21.65,18.75,20.73,21.88,14.99
2566,496,บ้านสันต้นหมื้อ,แม่อาย,กลาง,นอกเมือง,สำนักงานคณะกรรมการการศึกษาขั้นพื้นฐาน,สพป.เชียงใหม่ เขต 3,46,30.43,22.33,29.78,17.88,27.90,20.58,28.26,34.03,30.43,21.44,28.80,27.57
2566,497,บ้านสันปอธง,แม่อาย,เล็ก,นอกเมือง,สำนักงานคณะกรรมการการศึกษาขั้นพื้นฐาน,สพป.เชียงใหม่ เขต 3,15,23.33,15.87,23.33,10.75,21.11,22.33,20.00,24.49,31.67,23.21,16.67,14.91
2566,498,บ้านสันป่าข่า,แม่อาย,เล็ก,นอกเมือง,สำนักงานคณะกรรมการการศึกษาขั้นพื้นฐาน,สพป.เชียงใหม่ เขต 3,6,30.56,17.79,31.67,18.63,25.00,18.63,41.67,44.88,29.17,33.59,25.00,14.43
2566,499,บ้านสันป่าเหียว,แม่อาย,เล็ก,นอกเมือง,สำนักงานคณะกรรมการการศึกษาขั้นพื้นฐาน,สพป.เชียงใหม่ เขต 3,10,35.00,21.67,35.00,17.46,30.00,16.33,45.00,47.17,25.00,27.39,30.00,21.79
2566,500,บ้านสุขฤทัย,แม่อาย,กลาง,นอกเมือง,สำนักงานคณะกรรมการการศึกษาขั้นพื้นฐาน,สพป.เชียงใหม่ เขต 3,40,25.83,15.79,27.75,14.23,27.08,18.89,47.50,35.27,30.00,23.85,22.50,20.77
2566,501,บ้านหนองขี้นกยาง,แม่อาย,เล็ก,นอกเมือง,สำนักงานคณะกรรมการการศึกษาขั้นพื้นฐาน,สพป.เชียงใหม่ เขต 3,11,22.73,17.80,20.00,10.44,28.79,16.03,63.64,37.48,22.73,19.81,13.64,16.39
2566,502,บ้านหลวง,แม่อาย,เล็ก,นอกเมือง,สำนักงานคณะกรรมการการศึกษาขั้นพื้นฐาน,สพป.เชียงใหม่ เขต 3,6,25.00,15.96,30.00,18.26,27.78,7.86,25.00,38.19,20.83,22.44,33.33,18.63
2566,503,บ้านห้วยคอกหมู,แม่อาย,เล็ก,นอกเมือง,สำนักงานคณะกรรมการการศึกษาขั้นพื้นฐาน,สพป.เชียงใหม่ เขต 3,20,21.67,13.02,23.50,12.36,27.50,16.89,40.00,30.00,22.50,19.20,25.00,17.68
2566,504,บ้านห้วยป่าซาง,แม่อาย,เล็ก,นอกเมือง,สำนักงานคณะกรรมการการศึกษาขั้นพื้นฐาน,สพป.เชียงใหม่ เขต 3,17,32.35,20.98,30.00,14.95,30.39,22.31,38.24,43.82,33.82,30.85,23.53,26.39
2566,505,บ้านห้วยปู,แม่อาย,เล็ก,นอกเมือง,สำนักงานคณะกรรมการการศึกษาขั้นพื้นฐาน,สพป.เชียงใหม่ เขต 3,15,44.44,22.50,40.00,19.32,42.22,19.12,83.33,23.57,53.33,17.95,31.67,23.21
2566,506,บ้านห้วยม่วง,แม่อาย,เล็ก,นอกเมือง,สำนักงานคณะกรรมการการศึกษาขั้นพื้นฐาน,สพป.เชียงใหม่ เขต 3,6,22.22,12.42,25.00,12.58,36.11,17.79,16.67,23.57,20.83,17.18,20.83,17.18
2566,507,บ้านห้วยศาลา,แม่อาย,เล็ก,นอกเมือง,สำนักงานคณะกรรมการการศึกษาขั้นพื้นฐาน,สพป.เชียงใหม่ เขต 3,17,22.55,17.09,27.06,13.62,30.39,16.41,44.12,37.89,38.24,28.59,22.06,18.95
2566,508,บ้านฮ่างต่ำ,แม่อาย,เล็ก,นอกเมือง,สำนักงานคณะกรรมการการศึกษาขั้นพื้นฐาน,สพป.เชียงใหม่ เขต 3,16,45.83,23.20,30.00,18.71,36.46,31.30,53.12,27.78,31.25,31.25,29.69,29.61
2566,509,ประพันธ์ - อารีย์ หงษ์สกุล (บ้านห้วยห,แม่อาย,กลาง,นอกเมือง,สำนักงานคณะกรรมการการศึกษาขั้นพื้นฐาน,สพป.เชียงใหม่ เขต 3,10,21.67,13.02,28.00,12.49,16.67,12.91,45.00,26.93,40.00,25.50,17.50,11.46
2566,510,เพียงหลวง 1 (บ้านท่าตอน),แม่อาย,กลาง,นอกเมือง,สำนักงานคณะกรรมการการศึกษาขั้นพื้นฐาน,สพป.เชียงใหม่ เขต 3,23,36.96,24.55,34.35,18.61,43.48,20.11,82.61,28.01,40.22,26.31,39.13,27.41
2566,511,ราชประชานุเคราะห์ 30,แม่อาย,กลาง,นอกเมือง,สำนักบริหารงานการศึกษาพิเศษ,-,30,25.00,16.53,27.33,12.89,26.67,23.80,31.67,35.32,28.33,24.78,22.50,23.58
2566,512,วัดห้วยน้ำเย็น,แม่อาย,เล็ก,นอกเมือง,สำนักงานคณะกรรมการการศึกษาขั้นพื้นฐาน,สพป.เชียงใหม่ เขต 3,10,35.00,20.34,31.00,17.00,20.00,14.53,25.00,25.00,35.00,20.00,20.00,21.79
2566,513,ศึกษานารีอนุสรณ์ 1 บ้านแม่เมืองน้อย,แม่อาย,เล็ก,นอกเมือง,สำนักงานคณะกรรมการการศึกษาขั้นพื้นฐาน,สพป.เชียงใหม่ เขต 3,14,27.38,14.92,37.86,12.06,32.14,19.38,32.14,30.51,37.50,20.59,19.64,19.32
2566,514,ศึกษานารีอนุสรณ์ 2,แม่อาย,กลาง,นอกเมือง,สำนักงานคณะกรรมการการศึกษาขั้นพื้นฐาน,สพป.เชียงใหม่ เขต 3,16,23.96,17.65,28.12,10.14,21.87,14.09,18.75,29.97,26.56,18.68,17.19,19.20
2566,515,เฮียงไทยธำรงค์,แม่อาย,เล็ก,นอกเมือง,กองบัญชาการตำรวจตระเวนชายแดน,-,9,20.37,17.17,23.33,6.67,22.22,11.11,11.11,20.79,25.00,16.67,27.78,14.16
2566,516,ตชด.เบญจมะ1,เวียงแหง,เล็ก,นอกเมือง,กองบัญชาการตำรวจตระเวนชายแดน,-,9,29.63,15.27,25.56,13.43,24.07,13.86,38.89,39.28,30.56,15.71,25.00,20.41
2566,517,บ้านกองลม,เวียงแหง,กลาง,นอกเมือง,สำนักงานคณะกรรมการการศึกษาขั้นพื้นฐาน,สพป.เชียงใหม่ เขต 3,38,36.84,21.00,27.89,16.73,30.26,20.18,52.63,37.95,34.21,25.92,25.00,22.21
2566,518,บ้านจอง,เวียงแหง,กลาง,นอกเมือง,สำนักงานคณะกรรมการการศึกษาขั้นพื้นฐาน,สพป.เชียงใหม่ เขต 3,16,25.00,14.43,31.25,13.64,32.29,19.96,43.75,34.80,34.38,23.18,28.13,29.15
2566,519,บ้านนามน,เวียงแหง,เล็ก,นอกเมือง,สำนักงานคณะกรรมการการศึกษาขั้นพื้นฐาน,สพป.เชียงใหม่ เขต 3,16,22.92,16.54,23.75,11.11,27.08,18.52,59.37,31.72,34.38,23.18,26.56,16.46
2566,520,บ้านปางป๋อ,เวียงแหง,เล็ก,นอกเมือง,สำนักงานคณะกรรมการการศึกษาขั้นพื้นฐาน,สพป.เชียงใหม่ เขต 3,26,28.21,15.86,23.46,14.13,25.64,14.04,44.23,34.88,34.62,17.09,23.08,21.84
2566,521,บ้านเปียงหลวง,เวียงแหง,กลาง,นอกเมือง,สำนักงานคณะกรรมการการศึกษาขั้นพื้นฐาน,สพป.เชียงใหม่ เขต 3,69,30.68,16.94,27.83,14.33,22.95,17.74,42.75,37.37,35.14,22.65,25.36,20.19
2566,522,บ้านม่วงป๊อก,เวียงแหง,กลาง,นอกเมือง,สำนักงานคณะกรรมการการศึกษาขั้นพื้นฐาน,สพป.เชียงใหม่ เขต 3,35,30.95,17.43,27.14,14.46,23.33,16.52,35.71,32.89,20.71,18.41,25.71,24.99
2566,523,บ้านเวียงแหง,เวียงแหง,กลาง,นอกเมือง,สำนักงานคณะกรรมการการศึกษาขั้นพื้นฐาน,สพป.เชียงใหม่ เขต 3,19,26.32,18.98,26.84,14.89,26.32,13.59,47.37,41.27,30.26,20.80,25.00,22.94
2566,524,บ้านห้วยไคร้,เวียงแหง,กลาง,นอกเมือง,สำนักงานคณะกรรมการการศึกษาขั้นพื้นฐาน,สพป.เชียงใหม่ เขต 3,12,33.33,15.21,38.33,19.51,37.50,21.65,54.17,32.00,29.17,22.44,22.92,23.84
2566,525,รัฐราษฎร์อุปถัมภ์,เวียงแหง,กลาง,นอกเมือง,สำนักงานคณะกรรมการการศึกษาขั้นพื้นฐาน,สพป.เชียงใหม่ เขต 3,40,29.17,18.91,35.00,15.17,26.25,17.03,45.00,35.00,31.88,26.21,21.25,20.58
2566,526,ชุมชนบ้านดง,สะเมิง,เล็ก,นอกเมือง,สำนักงานคณะกรรมการการศึกษาขั้นพื้นฐาน,สพป.เชียงใหม่ เขต 2,15,31.11,15.95,30.00,15.06,31.11,22.66,36.67,42.69,36.67,27.18,21.67,20.14
2566,527,ชุมชนบ้านแม่สาบ,สะเมิง,เล็ก,นอกเมือง,สำนักงานคณะกรรมการการศึกษาขั้นพื้นฐาน,สพป.เชียงใหม่ เขต 2,7,23.81,24.97,24.29,20.60,30.95,13.88,35.71,34.99,17.86,17.50,21.43,20.82
2566,528,ทรายทองราษฎร์อุทิศ,สะเมิง,เล็ก,นอกเมือง,สำนักงานคณะกรรมการการศึกษาขั้นพื้นฐาน,สพป.เชียงใหม่ เขต 2,7,57.14,31.94,50.00,22.68,54.76,24.74,85.71,22.59,57.14,22.02,67.86,29.01
2566,529,บ้านกิ่วเสือ,สะเมิง,เล็ก,นอกเมือง,สำนักงานคณะกรรมการการศึกษาขั้นพื้นฐาน,สพป.เชียงใหม่ เขต 2,5,23.33,8.16,28.00,9.80,23.33,22.61,30.00,40.00,25.00,22.36,25.00,22.36
2566,530,บ้านนากู่,สะเมิง,เล็ก,นอกเมือง,สำนักงานคณะกรรมการการศึกษาขั้นพื้นฐาน,สพป.เชียงใหม่ เขต 2,5,26.67,8.16,36.00,10.20,30.00,19.44,40.00,37.42,30.00,10.00,15.00,12.25
2566,531,บ้านบ่อแก้ว,สะเมิง,กลาง,นอกเมือง,สำนักงานคณะกรรมการการศึกษาขั้นพื้นฐาน,สพป.เชียงใหม่ เขต 2,26,26.28,16.13,25.00,12.79,26.28,18.59,30.77,34.19,34.62,19.71,22.12,23.34
2566,532,บ้านปางขุม,สะเมิง,เล็ก,นอกเมือง,สำนักงานคณะกรรมการการศึกษาขั้นพื้นฐาน,สพป.เชียงใหม่ เขต 2,10,35.00,17.40,14.00,9.17,26.67,24.94,50.00,22.36,27.50,13.46,25.00,25.00
2566,533,บ้านป่าลาน,สะเมิง,เล็ก,นอกเมือง,สำนักงานคณะกรรมการการศึกษาขั้นพื้นฐาน,สพป.เชียงใหม่ เขต 2,11,31.82,15.00,30.91,14.43,24.24,13.03,9.09,19.28,31.82,15.41,22.73,16.70
2566,534,บ้านแม่ขะปู,สะเมิง,เล็ก,นอกเมือง,สำนักงานคณะกรรมการการศึกษาขั้นพื้นฐาน,สพป.เชียงใหม่ เขต 2,18,32.41,18.82,25.56,16.41,24.07,16.87,36.11,40.16,37.50,23.94,26.39,22.78
2566,535,บ้านแม่โต๋,สะเมิง,เล็ก,นอกเมือง,สำนักงานคณะกรรมการการศึกษาขั้นพื้นฐาน,สพป.เชียงใหม่ เขต 2,20,20.83,18.16,26.00,13.56,25.83,17.85,42.50,36.31,27.50,23.58,25.00,23.72
2566,536,บ้านแม่ยางห้า,สะเมิง,เล็ก,นอกเมือง,สำนักงานคณะกรรมการการศึกษาขั้นพื้นฐาน,สพป.เชียงใหม่ เขต 2,20,38.33,21.15,30.50,12.84,29.17,22.90,55.00,26.93,41.25,27.70,25.00,22.36
2566,537,บ้านแม่ลานคำ,สะเมิง,เล็ก,นอกเมือง,สำนักงานคณะกรรมการการศึกษาขั้นพื้นฐาน,สพป.เชียงใหม่ เขต 2,11,28.79,14.37,26.36,12.26,24.24,16.46,50.00,30.15,15.91,22.03,27.27,22.50
2566,538,บ้านแม่แว,สะเมิง,เล็ก,นอกเมือง,สำนักงานคณะกรรมการการศึกษาขั้นพื้นฐาน,สพป.เชียงใหม่ เขต 2,6,30.56,11.45,23.33,9.43,36.11,14.96,16.67,23.57,29.17,17.18,20.83,17.18
2566,539,บ้านห้วยน้ำจาง,สะเมิง,เล็ก,นอกเมือง,สำนักงานคณะกรรมการการศึกษาขั้นพื้นฐาน,สพป.เชียงใหม่ เขต 2,4,33.33,11.79,25.00,18.03,25.00,25.00,37.50,41.46,18.75,20.73,25.00,17.68
2566,540,รัปปาปอร์ต,สะเมิง,เล็ก,นอกเมือง,กองบัญชาการตำรวจตระเวนชายแดน,-,15,31.11,17.07,34.67,9.57,34.44,18.72,53.33,33.99,46.67,25.60,21.67,12.47
2566,541,วัดงิ้วเฒ่า,สะเมิง,เล็ก,นอกเมือง,สำนักงานคณะกรรมการการศึกษาขั้นพื้นฐาน,สพป.เชียงใหม่ เขต 2,3,33.33,13.61,36.67,12.47,38.89,15.71,66.67,23.57,33.33,11.79,50.00,20.41
2566,542,วัดบ้านป้อก,สะเมิง,เล็ก,นอกเมือง,สำนักงานคณะกรรมการการศึกษาขั้นพื้นฐาน,สพป.เชียงใหม่ เขต 2,5,50.00,10.54,42.00,20.40,43.33,13.33,60.00,37.42,50.00,15.81,15.00,12.25
2566,543,วัดปางเติม,สะเมิง,เล็ก,นอกเมือง,สำนักงานคณะกรรมการการศึกษาขั้นพื้นฐาน,สพป.เชียงใหม่ เขต 2,9,44.44,22.22,34.44,24.55,40.74,26.19,50.00,33.33,61.11,31.43,41.67,23.57
2566,544,วัดแม่เลย,สะเมิง,เล็ก,นอกเมือง,สำนักงานคณะกรรมการการศึกษาขั้นพื้นฐาน,สพป.เชียงใหม่ เขต 2,8,20.83,11.02,28.75,12.69,22.92,23.48,25.00,35.36,31.25,20.73,25.00,25.00
2566,545,วัดยั้งเมิน,สะเมิง,เล็ก,นอกเมือง,สำนักงานคณะกรรมการการศึกษาขั้นพื้นฐาน,สพป.เชียงใหม่ เขต 2,12,30.56,22.40,30.00,15.28,26.39,18.58,54.17,37.96,29.17,19.98,14.58,16.00
2566,546,บ้านกอสะเลียม,สันกำแพง,เล็ก,นอกเมือง,สำนักงานคณะกรรมการการศึกษาขั้นพื้นฐาน,สพป.เชียงใหม่ เขต 1,13,29.49,14.84,30.00,11.77,29.49,14.84,42.31,33.09,32.69,20.53,23.08,18.24
2566,547,บ้านแช่ช้าง (เทพนานุกูล),สันกำแพง,เล็ก,นอกเมือง,สำนักงานคณะกรรมการการศึกษาขั้นพื้นฐาน,สพป.เชียงใหม่ เขต 1,17,31.37,18.86,30.00,18.79,24.51,16.29,55.88,41.59,29.41,15.42,30.88,21.91
2566,548,บ้านบวกค้าง,สันกำแพง,เล็ก,นอกเมือง,สำนักงานคณะกรรมการการศึกษาขั้นพื้นฐาน,สพป.เชียงใหม่ เขต 1,15,45.56,27.53,30.67,24.35,32.22,23.93,76.67,30.91,50.00,15.81,25.00,27.39
2566,549,บ้านบ่อสร้างนรากรประสาท,สันกำแพง,กลาง,นอกเมือง,สำนักงานคณะกรรมการการศึกษาขั้นพื้นฐาน,สพป.เชียงใหม่ เขต 1,39,33.33,16.88,30.51,15.84,29.91,20.73,48.72,36.67,31.41,21.72,25.00,17.90
2566,550,บ้านมอญ,สันกำแพง,เล็ก,นอกเมือง,สำนักงานคณะกรรมการการศึกษาขั้นพื้นฐาน,สพป.เชียงใหม่ เขต 1,4,25.00,27.64,25.00,20.62,41.67,8.33,37.50,41.46,31.25,10.83,12.50,21.65
2566,551,บ้านแม่ปูคา,สันกำแพง,เล็ก,นอกเมือง,สำนักงานคณะกรรมการการศึกษาขั้นพื้นฐาน,สพป.เชียงใหม่ เขต 1,15,33.33,24.34,26.67,14.45,30.00,23.73,53.33,33.99,26.67,17.00,28.33,20.14
2566,552,บ้านสันกำแพง,สันกำแพง,ใหญ่พิเศษ,นอกเมือง,สำนักงานคณะกรรมการการศึกษาขั้นพื้นฐาน,สพป.เชียงใหม่ เขต 1,288,39.70,24.18,37.01,23.23,36.63,23.52,64.93,39.56,39.24,26.13,31.42,27.44
2566,553,บ้านหนองโค้ง,สันกำแพง,กลาง,นอกเมือง,สำนักงานคณะกรรมการการศึกษาขั้นพื้นฐาน,สพป.เชียงใหม่ เขต 1,48,43.06,25.19,40.21,24.62,42.71,26.77,66.67,34.36,47.92,29.68,33.85,27.24
2566,554,วัดทรายมูลรัตนศึกษา,สันกำแพง,เล็ก,นอกเมือง,สำนักงานคณะกรรมการการศึกษาขั้นพื้นฐาน,สพป.เชียงใหม่ เขต 1,2,41.67,8.33,25.00,15.00,25.00,8.33,75.00,25.00,50.00,0.00,25.00,25.00
2566,555,วัดบ้านน้อย,สันกำแพง,เล็ก,นอกเมือง,สำนักงานคณะกรรมการการศึกษาขั้นพื้นฐาน,สพป.เชียงใหม่ เขต 1,11,27.27,16.32,29.09,19.28,31.82,20.66,54.55,39.63,45.45,17.90,18.18,28.39
2566,556,วัดบ้านโห้ง,สันกำแพง,เล็ก,นอกเมือง,สำนักงานคณะกรรมการการศึกษาขั้นพื้นฐาน,สพป.เชียงใหม่ เขต 1,7,26.19,23.33,17.14,14.85,26.19,12.14,57.14,31.94,35.71,26.24,17.86,17.50
2566,557,วัดป่าตาล,สันกำแพง,เล็ก,นอกเมือง,สำนักงานคณะกรรมการการศึกษาขั้นพื้นฐาน,สพป.เชียงใหม่ เขต 1,6,30.56,14.96,26.67,9.43,30.56,27.92,33.33,23.57,25.00,14.43,29.17,26.68
2566,558,วัดร้องวัวแดงศรีจันทร์วิทยาคาร,สันกำแพง,เล็ก,นอกเมือง,สำนักงานคณะกรรมการการศึกษาขั้นพื้นฐาน,สพป.เชียงใหม่ เขต 1,10,23.33,18.56,27.00,11.00,30.00,25.60,40.00,37.42,25.00,19.36,20.00,18.71
2566,559,วัดล้านตอง,สันกำแพง,เล็ก,นอกเมือง,สำนักงานคณะกรรมการการศึกษาขั้นพื้นฐาน,สพป.เชียงใหม่ เขต 1,13,47.44,21.53,34.62,15.00,50.00,21.68,46.15,41.42,44.23,19.99,23.08,15.38
2566,560,วัดสันกลางเหนือ,สันกำแพง,เล็ก,นอกเมือง,สำนักงานคณะกรรมการการศึกษาขั้นพื้นฐาน,สพป.เชียงใหม่ เขต 1,7,23.81,23.33,27.14,10.30,26.19,12.14,57.14,41.65,28.57,15.97,32.14,11.29
2566,561,วัดสันโค้ง,สันกำแพง,เล็ก,นอกเมือง,สำนักงานคณะกรรมการการศึกษาขั้นพื้นฐาน,สพป.เชียงใหม่ เขต 1,1,33.33,0.00,50.00,0.00,33.33,0.00,0.00,0.00,50.00,0.00,100.00,0.00
2566,562,วัดสันมะฮกฟ้า,สันกำแพง,เล็ก,นอกเมือง,สำนักงานคณะกรรมการการศึกษาขั้นพื้นฐาน,สพป.เชียงใหม่ เขต 1,9,25.93,8.28,35.56,11.65,33.33,11.11,44.44,49.69,52.78,18.43,27.78,24.85
2566,563,สวนเด็กสันกำแพง,สันกำแพง,กลาง,นอกเมือง,สำนักงานคณะกรรมการส่งเสริมการศึกษาเอกชน,-,28,42.26,25.77,40.71,25.34,35.71,20.27,66.07,37.92,35.71,23.56,29.46,29.92
2566,564,สันกำแพงคันธาอนุสรณ์,สันกำแพง,เล็ก,นอกเมือง,สำนักงานคณะกรรมการการศึกษาขั้นพื้นฐาน,สพป.เชียงใหม่ เขต 1,19,36.84,17.59,30.53,16.05,28.95,16.08,42.11,33.49,34.21,20.21,21.05,20.30
2566,565,ออนใต้วิทยา,สันกำแพง,เล็ก,นอกเมือง,สำนักงานคณะกรรมการการศึกษาขั้นพื้นฐาน,สพป.เชียงใหม่ เขต 1,11,39.39,25.89,23.64,16.11,27.27,17.80,31.82,32.14,13.64,19.55,20.45,14.37
2566,566,ชลประทานเขื่อนแม่กวงจิราธิวัฒน์อุปถัมภ์,สันทราย,กลาง,นอกเมือง,สำนักงานคณะกรรมการการศึกษาขั้นพื้นฐาน,สพป.เชียงใหม่ เขต 2,31,25.81,21.10,30.97,13.99,22.04,19.58,40.32,32.18,27.42,24.06,22.58,19.42
2566,567,ต้นกล้า,สันทราย,กลาง,นอกเมือง,สำนักงานคณะกรรมการส่งเสริมการศึกษาเอกชน,-,20,88.33,18.33,84.00,20.10,75.00,21.41,100.00,0.00,48.75,20.12,88.75,24.33
2566,568,บ้านเจดีย์แม่ครัว,สันทราย,กลาง,นอกเมือง,สำนักงานคณะกรรมการการศึกษาขั้นพื้นฐาน,สพป.เชียงใหม่ เขต 2,52,33.33,17.60,36.73,15.16,33.01,22.53,59.62,39.27,29.81,23.53,18.27,18.42
2566,569,บ้านท่าเกวียน,สันทราย,เล็ก,นอกเมือง,สำนักงานคณะกรรมการการศึกษาขั้นพื้นฐาน,สพป.เชียงใหม่ เขต 2,13,25.64,16.81,33.85,14.43,41.03,26.65,65.38,30.28,40.38,18.45,21.15,21.59
2566,570,บ้านบวกเปา,สันทราย,เล็ก,นอกเมือง,สำนักงานคณะกรรมการการศึกษาขั้นพื้นฐาน,สพป.เชียงใหม่ เขต 2,5,70.00,16.33,60.00,25.30,53.33,12.47,90.00,20.00,65.00,25.50,20.00,18.71
2566,571,บ้านป่าก้าง,สันทราย,เล็ก,นอกเมือง,สำนักงานคณะกรรมการการศึกษาขั้นพื้นฐาน,สพป.เชียงใหม่ เขต 2,7,35.71,10.65,31.43,18.07,26.19,17.50,14.29,22.59,35.71,22.59,32.14,25.75
2566,572,บ้านป่าบง,สันทราย,เล็ก,นอกเมือง,สำนักงานคณะกรรมการการศึกษาขั้นพื้นฐาน,สพป.เชียงใหม่ เขต 2,14,39.29,19.53,39.29,19.81,34.52,19.38,75.00,36.60,58.93,27.72,26.79,25.82
2566,573,บ้านป่าเหมือด,สันทราย,เล็ก,นอกเมือง,สำนักงานคณะกรรมการการศึกษาขั้นพื้นฐาน,สพป.เชียงใหม่ เขต 2,21,31.75,19.18,36.67,18.60,34.13,20.23,57.14,35.48,34.52,22.46,32.14,19.12
2566,574,บ้านโปง,สันทราย,เล็ก,นอกเมือง,สำนักงานคณะกรรมการการศึกษาขั้นพื้นฐาน,สพป.เชียงใหม่ เขต 2,19,26.32,16.50,28.95,13.72,27.19,14.52,36.84,31.80,36.84,22.02,25.00,22.94
2566,575,บ้านโป่ง,สันทราย,เล็ก,นอกเมือง,สำนักงานคณะกรรมการการศึกษาขั้นพื้นฐาน,สพป.เชียงใหม่ เขต 2,9,27.78,24.85,31.11,15.95,24.07,13.86,61.11,39.28,38.89,26.64,33.33,20.41
2566,576,บ้านเมืองขอน,สันทราย,เล็ก,นอกเมือง,สำนักงานคณะกรรมการการศึกษาขั้นพื้นฐาน,สพป.เชียงใหม่ เขต 2,2,41.67,8.33,20.00,20.00,8.33,8.33,25.00,25.00,37.50,37.50,12.50,12.50
2566,577,บ้านแม่โจ้,สันทราย,กลาง,นอกเมือง,สำนักงานคณะกรรมการการศึกษาขั้นพื้นฐาน,สพป.เชียงใหม่ เขต 2,53,36.48,18.89,31.13,17.55,24.53,18.49,52.83,40.53,32.08,21.38,29.72,26.18
2566,578,บ้านแม่แต,สันทราย,เล็ก,นอกเมือง,สำนักงานคณะกรรมการการศึกษาขั้นพื้นฐาน,สพป.เชียงใหม่ เขต 2,9,25.93,19.42,16.67,6.67,27.78,22.22,61.11,31.43,33.33,23.57,19.44,19.64
2566,579,บ้านแม่แฝก,สันทราย,เล็ก,นอกเมือง,สำนักงานคณะกรรมการการศึกษาขั้นพื้นฐาน,สพป.เชียงใหม่ เขต 2,12,34.72,15.90,30.83,15.52,27.78,20.79,45.83,32.00,27.08,18.98,29.17,19.98
2566,580,บ้านแม่ย่อย,สันทราย,เล็ก,นอกเมือง,สำนักงานคณะกรรมการการศึกษาขั้นพื้นฐาน,สพป.เชียงใหม่ เขต 2,13,25.64,20.27,33.85,19.03,34.62,21.14,65.38,36.08,36.54,12.46,23.08,22.92
2566,581,บ้านร่มหลวง,สันทราย,เล็ก,นอกเมือง,สำนักงานคณะกรรมการการศึกษาขั้นพื้นฐาน,สพป.เชียงใหม่ เขต 2,16,20.83,17.18,18.75,11.66,31.25,21.14,46.87,27.78,35.94,21.59,26.56,16.46
2566,582,บ้านศรีงาม,สันทราย,เล็ก,นอกเมือง,สำนักงานคณะกรรมการการศึกษาขั้นพื้นฐาน,สพป.เชียงใหม่ เขต 2,5,40.00,17.00,42.00,19.39,40.00,27.08,70.00,24.49,50.00,22.36,15.00,20.00
2566,583,บ้านศรีบุญเรือง,สันทราย,กลาง,นอกเมือง,สำนักงานคณะกรรมการการศึกษาขั้นพื้นฐาน,สพป.เชียงใหม่ เขต 2,21,36.51,18.98,27.62,18.23,30.95,20.11,40.48,39.70,23.81,22.46,28.57,25.92
2566,584,บ้านสันพระเนตร,สันทราย,เล็ก,นอกเมือง,สำนักงานคณะกรรมการการศึกษาขั้นพื้นฐาน,สพป.เชียงใหม่ เขต 2,4,41.67,30.05,42.50,14.79,29.17,18.16,100.00,0.00,56.25,32.48,37.50,27.95
2566,585,บ้านสันศรี,สันทราย,เล็ก,นอกเมือง,สำนักงานคณะกรรมการการศึกษาขั้นพื้นฐาน,สพป.เชียงใหม่ เขต 2,6,36.11,17.79,31.67,10.67,33.33,25.46,83.33,23.57,50.00,20.41,12.50,19.09
2566,586,บ้านหนองไคร้,สันทราย,กลาง,นอกเมือง,สำนักงานคณะกรรมการการศึกษาขั้นพื้นฐาน,สพป.เชียงใหม่ เขต 2,59,37.01,24.56,27.80,14.62,32.77,23.76,46.61,38.91,35.59,24.44,25.85,25.61
2566,587,บ้านหนองมะจับ,สันทราย,เล็ก,นอกเมือง,สำนักงานคณะกรรมการการศึกษาขั้นพื้นฐาน,สพป.เชียงใหม่ เขต 2,7,11.90,11.66,24.29,12.94,28.57,14.68,42.86,31.94,32.14,22.02,10.71,18.21
2566,588,บ้านหนองหาร,สันทราย,เล็ก,นอกเมือง,สำนักงานคณะกรรมการการศึกษาขั้นพื้นฐาน,สพป.เชียงใหม่ เขต 2,7,57.14,8.25,35.71,10.50,42.86,23.33,50.00,37.80,25.00,18.90,32.14,29.01
2566,589,บ้านหลักปัน,สันทราย,กลาง,นอกเมือง,สำนักงานคณะกรรมการการศึกษาขั้นพื้นฐาน,สพป.เชียงใหม่ เขต 2,15,30.00,15.15,34.67,23.34,42.22,13.43,76.67,30.91,46.67,30.09,18.33,23.21
2566,590,บ้านห้วยเกี๋ยง,สันทราย,กลาง,นอกเมือง,สำนักงานคณะกรรมการการศึกษาขั้นพื้นฐาน,สพป.เชียงใหม่ เขต 2,32,31.77,20.56,27.50,16.39,20.31,18.03,43.75,32.48,39.06,23.33,23.44,21.59
2566,591,บ้านหัวฝาย,สันทราย,เล็ก,นอกเมือง,สำนักงานคณะกรรมการการศึกษาขั้นพื้นฐาน,สพป.เชียงใหม่ เขต 2,5,23.33,17.00,30.00,8.94,23.33,20.00,70.00,24.49,40.00,12.25,15.00,20.00
2566,592,พงษ์พิกุลเชียงใหม่,สันทราย,กลาง,นอกเมือง,สำนักงานคณะกรรมการส่งเสริมการศึกษาเอกชน,-,40,33.33,21.08,33.75,19.71,32.50,18.24,53.75,39.35,31.25,25.46,26.88,26.45
2566,593,วัดแม่แก้ดน้อย,สันทราย,ใหญ่,นอกเมือง,สำนักงานคณะกรรมการการศึกษาขั้นพื้นฐาน,สพป.เชียงใหม่ เขต 2,37,37.39,23.06,35.14,22.13,27.93,18.61,55.41,39.90,29.73,21.62,24.32,23.60
2566,594,วัดสันคะยอม,สันทราย,เล็ก,นอกเมือง,สำนักงานคณะกรรมการการศึกษาขั้นพื้นฐาน,สพป.เชียงใหม่ เขต 2,10,33.33,10.54,29.00,15.78,26.67,18.56,40.00,37.42,37.50,20.16,25.00,15.81
2566,595,วัดสันทรายมูล,สันทราย,เล็ก,นอกเมือง,สำนักงานคณะกรรมการการศึกษาขั้นพื้นฐาน,สพป.เชียงใหม่ เขต 2,13,44.87,28.78,42.31,22.58,43.59,21.22,76.92,31.72,57.69,28.39,21.15,16.54
2566,596,วีรยาเชียงใหม่,สันทราย,กลาง,นอกเมือง,สำนักงานคณะกรรมการส่งเสริมการศึกษาเอกชน,-,38,57.02,31.21,53.42,29.67,49.56,29.74,81.58,31.25,40.13,24.70,50.00,33.93
2566,597,สวนองุ่นเชียงใหม่,สันทราย,กลาง,นอกเมือง,สำนักงานคณะกรรมการส่งเสริมการศึกษาเอกชน,-,30,60.56,29.65,55.67,30.30,66.11,20.85,90.00,23.80,59.17,30.61,55.00,39.48
2566,598,สันทรายหลวง,สันทราย,กลาง,นอกเมือง,สำนักงานคณะกรรมการการศึกษาขั้นพื้นฐาน,สพป.เชียงใหม่ เขต 2,104,39.26,21.79,37.40,19.46,33.81,20.73,56.25,39.64,42.07,26.69,24.28,24.87
2566,599,กิ่วแลน้อยประสิทธิ์วิทยา,สันป่าตอง,กลาง,นอกเมือง,สำนักงานคณะกรรมการการศึกษาขั้นพื้นฐาน,สพป.เชียงใหม่ เขต 4,7,47.62,30.12,51.43,21.00,42.86,21.56,78.57,36.42,53.57,28.12,35.71,29.45
2566,600,ชุมชนกิ่วแลหลวงประสิทธิ์วิทยา,สันป่าตอง,เล็ก,นอกเมือง,สำนักงานคณะกรรมการการศึกษาขั้นพื้นฐาน,สพป.เชียงใหม่ เขต 4,6,52.78,26.21,45.00,13.84,38.89,20.79,83.33,23.57,50.00,25.00,37.50,31.46
2566,601,ทุ่งฟ้าบดราษฎร์บำรุง,สันป่าตอง,กลาง,นอกเมือง,กรมส่งเสริมการปกครองท้องถิ่น,ท้องถิ่นจังหวัดเชียงใหม่,86,37.60,24.67,33.60,18.10,36.63,20.62,60.47,39.71,40.12,23.89,30.81,26.87
2566,602,บ้านทุ่งเสี้ยว (นวรัฐ),สันป่าตอง,เล็ก,นอกเมือง,สำนักงานคณะกรรมการการศึกษาขั้นพื้นฐาน,สพป.เชียงใหม่ เขต 4,18,25.93,15.93,23.89,12.53,26.85,16.79,41.67,30.05,34.72,23.77,19.44,15.71
2566,603,บ้านเปียง,สันป่าตอง,เล็ก,นอกเมือง,สำนักงานคณะกรรมการการศึกษาขั้นพื้นฐาน,สพป.เชียงใหม่ เขต 4,5,16.67,18.26,34.00,10.20,43.33,20.00,60.00,20.00,45.00,18.71,15.00,20.00
2566,604,บ้านม่วงพี่น้อง,สันป่าตอง,เล็ก,นอกเมือง,สำนักงานคณะกรรมการการศึกษาขั้นพื้นฐาน,สพป.เชียงใหม่ เขต 4,8,20.83,21.65,25.00,8.66,22.92,11.60,37.50,33.07,43.75,27.24,31.25,27.24
2566,605,บ้านแม่กุ้งหลวง,สันป่าตอง,เล็ก,นอกเมือง,สำนักงานคณะกรรมการการศึกษาขั้นพื้นฐาน,สพป.เชียงใหม่ เขต 4,3,33.33,13.61,33.33,4.71,44.44,20.79,0.00,0.00,25.00,0.00,33.33,11.79
2566,606,บ้านร่องน้ำ,สันป่าตอง,เล็ก,นอกเมือง,สำนักงานคณะกรรมการการศึกษาขั้นพื้นฐาน,สพป.เชียงใหม่ เขต 4,9,40.74,15.93,45.56,14.99,35.19,14.58,66.67,40.82,47.22,39.87,25.00,16.67
2566,607,บ้านห้วยส้ม,สันป่าตอง,เล็ก,นอกเมือง,สำนักงานคณะกรรมการการศึกษาขั้นพื้นฐาน,สพป.เชียงใหม่ เขต 4,15,32.22,17.71,29.33,9.29,26.67,15.87,36.67,38.59,26.67,24.94,18.33,17.00
2566,608,บ้านหัวริน,สันป่าตอง,เล็ก,นอกเมือง,สำนักงานคณะกรรมการการศึกษาขั้นพื้นฐาน,สพป.เชียงใหม่ เขต 4,11,34.85,19.40,28.18,16.96,28.79,22.58,50.00,36.93,29.55,17.90,27.27,22.50
2566,609,พัฒนวิทย์ศึกษา,สันป่าตอง,ใหญ่,นอกเมือง,สำนักงานคณะกรรมการส่งเสริมการศึกษาเอกชน,-,17,55.88,31.28,62.35,29.01,54.90,29.57,88.24,27.28,39.71,27.20,58.82,32.02
2566,610,วัดช่างกระดาษ,สันป่าตอง,เล็ก,นอกเมือง,สำนักงานคณะกรรมการการศึกษาขั้นพื้นฐาน,สพป.เชียงใหม่ เขต 4,3,27.78,7.86,16.67,4.71,22.22,15.71,66.67,23.57,50.00,20.41,33.33,11.79
2566,611,วัดดงป่างิ้ว,สันป่าตอง,เล็ก,นอกเมือง,สำนักงานคณะกรรมการการศึกษาขั้นพื้นฐาน,สพป.เชียงใหม่ เขต 4,5,26.67,8.16,24.00,14.97,13.33,6.67,80.00,40.00,25.00,22.36,40.00,20.00
2566,612,วัดท่ากาน,สันป่าตอง,เล็ก,นอกเมือง,สำนักงานคณะกรรมการการศึกษาขั้นพื้นฐาน,สพป.เชียงใหม่ เขต 4,12,30.56,22.40,29.17,15.52,23.61,12.65,70.83,37.96,25.00,17.68,29.17,19.98
2566,613,วัดน้ำบ่อหลวง,สันป่าตอง,เล็ก,นอกเมือง,สำนักงานคณะกรรมการการศึกษาขั้นพื้นฐาน,สพป.เชียงใหม่ เขต 4,25,32.67,23.32,36.00,21.35,30.67,20.37,48.00,41.18,35.00,23.45,35.00,26.46
2566,614,วัดโรงวัว,สันป่าตอง,เล็ก,นอกเมือง,สำนักงานคณะกรรมการการศึกษาขั้นพื้นฐาน,สพป.เชียงใหม่ เขต 4,11,36.36,19.87,30.91,23.53,31.82,27.02,68.18,32.14,31.82,21.56,31.82,28.39
2566,615,วัดสามหลัง,สันป่าตอง,เล็ก,นอกเมือง,สำนักงานคณะกรรมการการศึกษาขั้นพื้นฐาน,สพป.เชียงใหม่ เขต 4,6,38.89,18.43,35.00,18.03,33.33,19.25,50.00,40.82,29.17,22.44,29.17,22.44
2566,616,วัดอุเม็ง,สันป่าตอง,เล็ก,นอกเมือง,สำนักงานคณะกรรมการการศึกษาขั้นพื้นฐาน,สพป.เชียงใหม่ เขต 4,7,35.71,18.75,40.00,16.04,35.71,20.76,71.43,24.74,28.57,8.75,17.86,17.50
2566,617,วิมานทิพย์,สันป่าตอง,เล็ก,นอกเมือง,สำนักงานคณะกรรมการส่งเสริมการศึกษาเอกชน,-,19,53.51,33.15,53.68,26.40,48.25,26.43,84.21,28.34,42.11,21.54,53.95,28.40
2566,618,สันป่าตอง,สันป่าตอง,เล็ก,นอกเมือง,กรมส่งเสริมการปกครองท้องถิ่น,ท้องถิ่นจังหวัดเชียงใหม่,3,27.78,7.86,40.00,14.14,22.22,15.71,66.67,23.57,16.67,11.79,41.67,23.57
2566,619,สันป่าตอง (สุวรรณราษฎร์วิทยาคาร),สันป่าตอง,ใหญ่,นอกเมือง,สำนักงานคณะกรรมการการศึกษาขั้นพื้นฐาน,สพป.เชียงใหม่ เขต 4,157,49.79,27.19,47.13,26.47,47.88,25.70,77.71,34.05,46.97,24.66,43.15,32.86
2566,620,ช่องฟ้าซินเซิงวาณิชบำรุง,สารภี,ใหญ่พิเศษ,นอกเมือง,สำนักงานคณะกรรมการส่งเสริมการศึกษาเอกชน,-,210,55.95,25.15,57.10,26.88,51.90,24.97,87.14,26.75,45.83,26.90,53.45,32.32
2566,621,ชุมชนวัดปากกอง,สารภี,เล็ก,นอกเมือง,สำนักงานคณะกรรมการการศึกษาขั้นพื้นฐาน,สพป.เชียงใหม่ เขต 4,2,16.67,16.67,45.00,5.00,25.00,8.33,0.00,0.00,50.00,0.00,25.00,25.00
2566,622,ชุมชนวัดศรีคำชมภู,สารภี,กลาง,นอกเมือง,สำนักงานคณะกรรมการการศึกษาขั้นพื้นฐาน,สพป.เชียงใหม่ เขต 4,30,29.44,17.04,25.67,14.53,37.22,20.94,46.67,36.36,31.67,25.77,19.17,17.89
2566,623,เทศบาลตำบลยางเนิ้ง,สารภี,กลาง,นอกเมือง,กรมส่งเสริมการปกครองท้องถิ่น,ท้องถิ่นจังหวัดเชียงใหม่,21,34.92,19.86,29.52,12.90,29.37,15.35,50.00,30.86,32.14,25.75,23.81,22.46
2566,624,บ้านปากเหมือง,สารภี,กลาง,นอกเมือง,สำนักงานคณะกรรมการการศึกษาขั้นพื้นฐาน,สพป.เชียงใหม่ เขต 4,15,34.44,21.49,32.00,20.72,31.11,18.12,50.00,36.51,35.00,25.50,25.00,22.36
2566,625,บ้านสันทราย,สารภี,เล็ก,นอกเมือง,สำนักงานคณะกรรมการการศึกษาขั้นพื้นฐาน,สพป.เชียงใหม่ เขต 4,12,29.17,26.46,34.17,23.61,33.33,16.67,66.67,31.18,43.75,20.73,27.08,23.84
2566,626,ยุวฑูตศึกษาพัฒนา,สารภี,ใหญ่,นอกเมือง,สำนักงานคณะกรรมการส่งเสริมการศึกษาเอกชน,-,36,82.41,23.55,84.72,22.30,71.76,28.00,97.22,11.45,55.56,22.91,86.11,20.79
2566,627,วชิราลัย,สารภี,กลาง,นอกเมือง,สำนักงานคณะกรรมการส่งเสริมการศึกษาเอกชน,-,59,33.33,24.93,35.42,18.71,35.31,22.15,59.32,38.48,38.14,23.18,33.47,26.68
2566,628,วัดกองทราย,สารภี,เล็ก,นอกเมือง,สำนักงานคณะกรรมการการศึกษาขั้นพื้นฐาน,สพป.เชียงใหม่ เขต 4,25,31.33,19.04,27.60,15.04,28.00,16.14,56.00,38.26,37.00,22.49,20.00,22.36
2566,629,วัดท่าต้นกวาว,สารภี,เล็ก,นอกเมือง,สำนักงานคณะกรรมการการศึกษาขั้นพื้นฐาน,สพป.เชียงใหม่ เขต 4,19,30.70,17.32,29.47,14.32,34.21,23.24,63.16,39.21,27.63,21.30,26.32,18.98
2566,630,วัดเทพาราม,สารภี,เล็ก,นอกเมือง,สำนักงานคณะกรรมการการศึกษาขั้นพื้นฐาน,สพป.เชียงใหม่ เขต 4,10,28.33,15.00,30.00,18.44,36.67,17.95,35.00,39.05,35.00,20.00,20.00,21.79
2566,631,วัดนันทาราม,สารภี,เล็ก,นอกเมือง,สำนักงานคณะกรรมการการศึกษาขั้นพื้นฐาน,สพป.เชียงใหม่ เขต 4,19,43.86,20.38,31.58,16.31,34.21,21.27,55.26,32.01,36.84,23.46,26.32,22.17
2566,632,วัดบวกครกเหนือ,สารภี,เล็ก,นอกเมือง,สำนักงานคณะกรรมการการศึกษาขั้นพื้นฐาน,สพป.เชียงใหม่ เขต 4,21,30.16,15.10,26.19,13.27,15.87,14.97,52.38,39.27,32.14,20.62,20.24,23.93
2566,633,วัดพญาชมภู,สารภี,เล็ก,นอกเมือง,สำนักงานคณะกรรมการการศึกษาขั้นพื้นฐาน,สพป.เชียงใหม่ เขต 4,12,23.61,19.79,27.50,20.05,31.94,24.96,45.83,43.10,47.92,34.55,27.08,23.84
2566,634,วัดพระนอนหนองผึ้ง,สารภี,เล็ก,นอกเมือง,สำนักงานคณะกรรมการการศึกษาขั้นพื้นฐาน,สพป.เชียงใหม่ เขต 4,33,30.30,21.50,32.12,17.19,26.26,20.11,48.48,39.86,41.67,27.29,28.03,21.98
2566,635,วัดแม่สะลาบ,สารภี,เล็ก,นอกเมือง,สำนักงานคณะกรรมการการศึกษาขั้นพื้นฐาน,สพป.เชียงใหม่ เขต 4,8,39.58,26.27,38.75,24.72,43.75,24.91,56.25,39.03,40.63,24.80,34.38,27.78
2566,636,วัดเวฬุวัน,สารภี,ใหญ่,นอกเมือง,สำนักงานคณะกรรมการการศึกษาขั้นพื้นฐาน,สพป.เชียงใหม่ เขต 4,98,43.37,30.28,41.63,25.06,39.80,28.44,83.16,28.52,42.60,26.05,36.22,30.54
2566,637,วัดศรีดอนชัย,สารภี,เล็ก,นอกเมือง,สำนักงานคณะกรรมการการศึกษาขั้นพื้นฐาน,สพป.เชียงใหม่ เขต 4,9,24.07,15.93,18.89,11.97,24.07,17.76,38.89,39.28,22.22,24.85,22.22,29.92
2566,638,วัดศรีโพธาราม,สารภี,เล็ก,นอกเมือง,สำนักงานคณะกรรมการการศึกษาขั้นพื้นฐาน,สพป.เชียงใหม่ เขต 4,9,37.04,25.79,33.33,17.64,25.93,20.95,44.44,43.74,36.11,23.90,36.11,33.56
2566,639,วัดสันดอนมูล,สารภี,เล็ก,นอกเมือง,สำนักงานคณะกรรมการการศึกษาขั้นพื้นฐาน,สพป.เชียงใหม่ เขต 4,8,35.42,21.14,31.25,14.52,22.92,14.28,25.00,25.00,25.00,30.62,25.00,17.68
2566,640,เวียงเศรษฐีวิทยา,สารภี,เล็ก,นอกเมือง,สำนักงานคณะกรรมการการศึกษาขั้นพื้นฐาน,สพป.เชียงใหม่ เขต 4,3,22.22,7.86,30.00,8.16,22.22,20.79,33.33,23.57,33.33,11.79,33.33,11.79
2566,641,ศูนย์การเรียนแห่งความหวังและอนาคต,สารภี,เล็ก,นอกเมือง,สำนักงานคณะกรรมการการศึกษาขั้นพื้นฐาน,สพป.เชียงใหม่ เขต 4,6,33.33,9.62,23.33,20.55,25.00,15.96,58.33,18.63,33.33,23.57,33.33,31.18
2566,642,สืบนทีธรรม,สารภี,กลาง,นอกเมือง,สำนักงานคณะกรรมการส่งเสริมการศึกษาเอกชน,-,7,40.48,24.97,34.29,11.78,35.71,16.50,85.71,22.59,46.43,15.97,42.86,17.50
2566,643,ต้นแก้วผดุงพิทยาลัย,หางดง,ใหญ่,นอกเมือง,กรมส่งเสริมการปกครองท้องถิ่น,ท้องถิ่นจังหวัดเชียงใหม่,118,49.44,29.02,45.00,26.35,42.23,25.74,72.46,37.17,41.10,24.25,41.53,32.42
2566,644,เทศบาลหนองตองวิทยา,หางดง,เล็ก,นอกเมือง,กรมส่งเสริมการปกครองท้องถิ่น,ท้องถิ่นจังหวัดเชียงใหม่,13,33.33,14.62,33.08,18.56,33.33,19.61,57.69,33.09,32.69,26.65,26.92,15.38
2566,645,เทศบาลหางดง (ประชาคมสร้างสรรค์),หางดง,ใหญ่,นอกเมือง,กรมส่งเสริมการปกครองท้องถิ่น,ท้องถิ่นจังหวัดเชียงใหม่,24,43.06,24.96,44.58,24.66,47.22,17.12,72.92,35.29,50.00,34.61,40.63,28.70
2566,646,นันทชาติ เกรด สคูล,หางดง,เล็ก,นอกเมือง,สำนักงานคณะกรรมการส่งเสริมการศึกษาเอกชน,-,2,91.67,8.33,95.00,5.00,91.67,8.33,100.00,0.00,50.00,0.00,87.50,12.50
2566,647,บ้านคุณแม่,หางดง,เล็ก,นอกเมือง,สำนักงานคณะกรรมการส่งเสริมการศึกษาเอกชน,-,13,75.64,23.22,76.15,25.88,67.95,25.71,92.31,26.65,69.23,31.25,71.15,30.77
2566,648,บ้านดง,หางดง,เล็ก,นอกเมือง,สำนักงานคณะกรรมการการศึกษาขั้นพื้นฐาน,สพป.เชียงใหม่ เขต 4,12,26.39,17.29,31.67,9.86,23.61,24.02,54.17,37.96,27.08,16.00,31.25,32.48
2566,649,บ้านตองกาย,หางดง,เล็ก,นอกเมือง,สำนักงานคณะกรรมการการศึกษาขั้นพื้นฐาน,สพป.เชียงใหม่ เขต 4,11,25.76,10.93,30.00,12.79,33.33,15.89,54.55,45.00,25.00,18.46,25.00,23.84
2566,650,บ้านทรายมูล,หางดง,กลาง,นอกเมือง,สำนักงานคณะกรรมการการศึกษาขั้นพื้นฐาน,สพป.เชียงใหม่ เขต 4,26,33.33,26.15,34.23,17.36,32.69,22.40,65.38,33.31,45.19,23.02,21.15,22.67
2566,651,บ้านท้าวบุญเรือง,หางดง,เล็ก,นอกเมือง,สำนักงานคณะกรรมการการศึกษาขั้นพื้นฐาน,สพป.เชียงใหม่ เขต 4,9,35.19,21.44,26.67,22.11,29.63,13.09,50.00,33.33,33.33,20.41,44.44,28.33
2566,652,บ้านน้ำแพร่,หางดง,เล็ก,นอกเมือง,สำนักงานคณะกรรมการการศึกษาขั้นพื้นฐาน,สพป.เชียงใหม่ เขต 4,17,38.24,14.87,35.29,14.19,40.20,25.60,73.53,38.80,44.12,20.16,26.47,21.81
2566,653,บ้านปง,หางดง,เล็ก,นอกเมือง,สำนักงานคณะกรรมการการศึกษาขั้นพื้นฐาน,สพป.เชียงใหม่ เขต 4,10,55.00,26.93,45.00,21.10,36.67,23.33,95.00,15.00,42.50,22.50,32.50,31.72
2566,654,บ้านป่าตาล,หางดง,เล็ก,นอกเมือง,สำนักงานคณะกรรมการการศึกษาขั้นพื้นฐาน,สพป.เชียงใหม่ เขต 4,17,34.31,15.62,27.65,17.67,31.37,17.04,73.53,34.80,30.88,21.91,20.59,23.07
2566,655,บ้านฟ่อน,หางดง,เล็ก,นอกเมือง,สำนักงานคณะกรรมการการศึกษาขั้นพื้นฐาน,สพป.เชียงใหม่ เขต 4,5,40.00,27.08,46.00,18.55,33.33,14.91,80.00,24.49,65.00,25.50,40.00,37.42
2566,656,บ้านไร่,หางดง,เล็ก,นอกเมือง,สำนักงานคณะกรรมการการศึกษาขั้นพื้นฐาน,สพป.เชียงใหม่ เขต 4,6,19.44,24.37,38.33,17.72,19.44,20.22,75.00,25.00,50.00,20.41,25.00,28.87
2566,657,บ้านวังศรี,หางดง,เล็ก,นอกเมือง,สำนักงานคณะกรรมการการศึกษาขั้นพื้นฐาน,สพป.เชียงใหม่ เขต 4,3,22.22,20.79,30.00,0.00,11.11,15.71,50.00,40.82,41.67,11.79,16.67,11.79
2566,658,บ้านสันทราย,หางดง,เล็ก,นอกเมือง,สำนักงานคณะกรรมการการศึกษาขั้นพื้นฐาน,สพป.เชียงใหม่ เขต 4,10,36.67,14.53,33.00,11.87,30.00,23.33,25.00,33.54,27.50,26.10,27.50,28.39
2566,659,บ้านสันป่าสัก,หางดง,กลาง,นอกเมือง,สำนักงานคณะกรรมการการศึกษาขั้นพื้นฐาน,สพป.เชียงใหม่ เขต 4,53,34.59,20.18,33.21,18.30,29.87,19.52,61.32,35.87,40.09,24.92,24.06,27.02
2566,660,บ้านสันผักหวาน,หางดง,เล็ก,นอกเมือง,สำนักงานคณะกรรมการการศึกษาขั้นพื้นฐาน,สพป.เชียงใหม่ เขต 4,14,32.14,13.31,26.43,21.58,27.38,16.19,39.29,33.69,37.50,29.50,28.57,22.87
2566,661,บ้านแสนตอ,หางดง,เล็ก,นอกเมือง,สำนักงานคณะกรรมการการศึกษาขั้นพื้นฐาน,สพป.เชียงใหม่ เขต 4,7,40.48,8.25,28.57,15.52,26.19,26.51,71.43,24.74,50.00,23.15,25.00,26.73
2566,662,พันธสัญญา,หางดง,เล็ก,นอกเมือง,สำนักงานคณะกรรมการส่งเสริมการศึกษาเอกชน,-,15,67.78,23.15,70.00,21.91,58.89,30.95,80.00,35.59,60.00,17.80,71.67,28.67
2566,663,ลักษณ์พงค์วิทยา,หางดง,เล็ก,นอกเมือง,สำนักงานคณะกรรมการส่งเสริมการศึกษาเอกชน,-,8,43.75,26.27,45.00,20.00,41.67,20.41,87.50,21.65,37.50,21.65,25.00,21.65
2566,664,วัดคีรีเขต,หางดง,เล็ก,นอกเมือง,สำนักงานคณะกรรมการการศึกษาขั้นพื้นฐาน,สพป.เชียงใหม่ เขต 4,5,23.33,20.00,28.00,9.80,40.00,13.33,30.00,24.49,45.00,18.71,15.00,20.00
2566,665,วัดจอมทอง,หางดง,เล็ก,นอกเมือง,สำนักงานคณะกรรมการการศึกษาขั้นพื้นฐาน,สพป.เชียงใหม่ เขต 4,13,38.46,16.52,33.85,20.21,24.36,18.04,65.38,41.07,30.77,14.39,28.85,19.23
2566,666,วัดช่างคำ,หางดง,เล็ก,นอกเมือง,สำนักงานคณะกรรมการการศึกษาขั้นพื้นฐาน,สพป.เชียงใหม่ เขต 4,9,25.93,19.42,33.33,8.16,24.07,11.42,44.44,36.85,38.89,20.79,16.67,11.79
2566,667,วัดประชาเกษม,หางดง,เล็ก,นอกเมือง,สำนักงานคณะกรรมการการศึกษาขั้นพื้นฐาน,สพป.เชียงใหม่ เขต 4,13,43.59,22.21,22.31,10.49,28.21,21.07,42.31,38.46,26.92,20.71,17.31,11.54
2566,668,วัดพระเจ้าเหลื้อม,หางดง,เล็ก,นอกเมือง,สำนักงานคณะกรรมการการศึกษาขั้นพื้นฐาน,สพป.เชียงใหม่ เขต 4,6,36.11,11.45,31.67,10.67,33.33,19.25,66.67,23.57,45.83,17.18,29.17,17.18
2566,669,วัดศรีล้อม,หางดง,เล็ก,นอกเมือง,สำนักงานคณะกรรมการการศึกษาขั้นพื้นฐาน,สพป.เชียงใหม่ เขต 4,4,37.50,37.96,42.50,29.47,41.67,27.64,62.50,21.65,37.50,27.95,18.75,10.83
2566,670,วัดศรีสว่าง,หางดง,เล็ก,นอกเมือง,สำนักงานคณะกรรมการการศึกษาขั้นพื้นฐาน,สพป.เชียงใหม่ เขต 4,4,41.67,25.00,37.50,8.29,54.17,13.82,87.50,21.65,43.75,20.73,31.25,20.73
2566,671,สาธิตนานาชาติทวิภาษาแห่งมหาวิทยาลัยรังสิต เชียงใหม่,หางดง,กลาง,นอกเมือง,สำนักงานคณะกรรมการส่งเสริมการศึกษาเอกชน,-,7,90.48,12.14,92.86,8.81,88.10,17.17,100.00,0.00,57.14,25.75,92.86,17.50
2566,672,ชุมชนบ้านใหม่,อมก๋อย,เล็ก,นอกเมือง,สำนักงานคณะกรรมการการศึกษาขั้นพื้นฐาน,สพป.เชียงใหม่ เขต 5,18,34.26,18.82,32.78,12.39,26.85,23.66,36.11,32.51,29.17,27.95,27.78,20.22
2566,673,ชุมชนบ้านอมก๋อย,อมก๋อย,กลาง,นอกเมือง,สำนักงานคณะกรรมการการศึกษาขั้นพื้นฐาน,สพป.เชียงใหม่ เขต 5,58,27.01,17.18,31.72,16.73,26.72,19.31,34.48,37.38,25.86,19.12,26.72,22.68
2566,674,ตชด.บางกอกเชฟแชร์ริตี้,อมก๋อย,เล็ก,นอกเมือง,กองบัญชาการตำรวจตระเวนชายแดน,-,12,29.17,20.55,27.50,12.99,15.28,14.37,20.83,32.00,33.33,18.63,18.75,18.04
2566,675,ตรีมิตรวิทยา,อมก๋อย,กลาง,นอกเมือง,สำนักงานคณะกรรมการการศึกษาขั้นพื้นฐาน,สพป.เชียงใหม่ เขต 5,8,33.33,16.67,32.50,14.79,31.25,15.45,50.00,35.36,37.50,30.62,21.88,19.52
2566,676,ท่านผู้หญิงประไพ ศิวะโกเศศ,อมก๋อย,เล็ก,นอกเมือง,กองบัญชาการตำรวจตระเวนชายแดน,-,12,26.39,17.29,22.50,14.79,43.06,17.29,33.33,23.57,20.83,22.44,29.17,26.68
2566,677,ทุ่งต้นงิ้ว,อมก๋อย,เล็ก,นอกเมือง,สำนักงานคณะกรรมการการศึกษาขั้นพื้นฐาน,สพป.เชียงใหม่ เขต 5,33,24.75,14.28,22.73,11.88,29.29,18.82,30.30,30.00,31.06,25.40,19.70,19.23
2566,678,บ้านขุนตื่น,อมก๋อย,เล็ก,นอกเมือง,สำนักงานคณะกรรมการการศึกษาขั้นพื้นฐาน,สพป.เชียงใหม่ เขต 5,12,31.94,15.90,21.67,9.86,23.61,22.00,33.33,42.49,35.42,21.55,25.00,14.43
2566,679,บ้านขุนแม่ตื่นน้อย,อมก๋อย,เล็ก,นอกเมือง,สำนักงานคณะกรรมการการศึกษาขั้นพื้นฐาน,สพป.เชียงใหม่ เขต 5,25,26.67,14.91,26.40,15.20,30.67,21.44,30.00,34.64,28.00,20.40,14.00,15.94
2566,680,บ้านซิแบร,อมก๋อย,เล็ก,นอกเมือง,สำนักงานคณะกรรมการการศึกษาขั้นพื้นฐาน,สพป.เชียงใหม่ เขต 5,28,27.38,17.37,24.64,13.22,25.00,16.96,26.79,28.29,17.86,19.88,25.00,18.90
2566,681,บ้านตุงติง,อมก๋อย,เล็ก,นอกเมือง,สำนักงานคณะกรรมการการศึกษาขั้นพื้นฐาน,สพป.เชียงใหม่ เขต 5,19,26.32,12.47,22.63,15.16,26.32,13.59,13.16,22.02,27.63,19.69,21.05,24.69
2566,682,บ้านตุงลอย,อมก๋อย,กลาง,นอกเมือง,สำนักงานคณะกรรมการการศึกษาขั้นพื้นฐาน,สพป.เชียงใหม่ เขต 5,25,24.67,16.41,22.80,12.81,30.00,14.91,38.00,35.44,35.00,25.50,22.00,26.76
2566,683,บ้านทุ่งจำเริง,อมก๋อย,เล็ก,นอกเมือง,สำนักงานคณะกรรมการการศึกษาขั้นพื้นฐาน,สพป.เชียงใหม่ เขต 5,3,55.56,15.71,20.00,8.16,16.67,0.00,0.00,0.00,25.00,20.41,0.00,0.00
2566,684,บ้านนาไคร้,อมก๋อย,เล็ก,นอกเมือง,สำนักงานคณะกรรมการการศึกษาขั้นพื้นฐาน,สพป.เชียงใหม่ เขต 5,15,25.56,13.43,30.67,14.36,28.89,17.71,26.67,35.90,31.67,17.00,20.00,18.71
2566,685,บ้านใบหนา,อมก๋อย,เล็ก,นอกเมือง,สำนักงานคณะกรรมการการศึกษาขั้นพื้นฐาน,สพป.เชียงใหม่ เขต 5,12,30.56,14.96,22.50,14.79,19.44,16.43,29.17,37.96,33.33,18.63,25.00,22.82
2566,686,บ้านผาปูน,อมก๋อย,เล็ก,นอกเมือง,สำนักงานคณะกรรมการการศึกษาขั้นพื้นฐาน,สพป.เชียงใหม่ เขต 5,30,22.22,22.08,26.33,16.43,21.67,17.82,36.67,33.99,24.17,20.90,18.33,19.29
2566,687,บ้านผีปานเหนือ,อมก๋อย,กลาง,นอกเมือง,สำนักงานคณะกรรมการการศึกษาขั้นพื้นฐาน,สพป.เชียงใหม่ เขต 5,14,20.24,14.34,26.43,15.40,22.62,21.46,14.29,22.59,26.79,19.96,17.86,19.88
2566,688,บ้านมูเซอ,อมก๋อย,กลาง,นอกเมือง,สำนักงานคณะกรรมการการศึกษาขั้นพื้นฐาน,สพป.เชียงใหม่ เขต 5,31,19.35,13.45,29.68,14.48,24.73,17.39,27.42,35.56,25.00,17.96,21.77,23.54
2566,689,บ้านแม่โขง,อมก๋อย,เล็ก,นอกเมือง,สำนักงานคณะกรรมการการศึกษาขั้นพื้นฐาน,สพป.เชียงใหม่ เขต 5,12,22.22,17.12,22.50,11.64,27.78,14.16,16.67,31.18,12.50,19.09,22.92,18.98
2566,690,บ้านแม่ต๋อม,อมก๋อย,กลาง,นอกเมือง,สำนักงานคณะกรรมการการศึกษาขั้นพื้นฐาน,สพป.เชียงใหม่ เขต 5,46,27.54,18.46,26.74,13.36,23.91,17.25,33.70,36.20,25.54,21.17,20.65,19.01
2566,691,บ้านแม่ตื่น,อมก๋อย,เล็ก,นอกเมือง,สำนักงานคณะกรรมการการศึกษาขั้นพื้นฐาน,สพป.เชียงใหม่ เขต 5,6,22.22,15.71,23.33,11.06,30.56,20.22,50.00,28.87,33.33,11.79,20.83,17.18
2566,692,บ้านแม่ลานหลวง,อมก๋อย,เล็ก,นอกเมือง,สำนักงานคณะกรรมการการศึกษาขั้นพื้นฐาน,สพป.เชียงใหม่ เขต 5,18,28.70,16.49,26.67,14.53,28.70,21.38,25.00,30.05,22.22,21.87,27.78,24.85
2566,693,บ้านแม่ลานหลวง สาขาบ้านดอยซาง,อมก๋อย,เล็ก,นอกเมือง,สำนักงานคณะกรรมการการศึกษาขั้นพื้นฐาน,สพป.เชียงใหม่ เขต 5,19,35.09,17.01,33.16,19.48,29.82,14.89,23.68,29.77,19.74,19.16,26.32,24.97
2566,694,บ้านแม่สะเต,อมก๋อย,เล็ก,นอกเมือง,สำนักงานคณะกรรมการการศึกษาขั้นพื้นฐาน,สพป.เชียงใหม่ เขต 5,11,27.27,19.17,30.00,15.37,31.82,20.66,36.36,22.27,22.73,19.81,20.45,25.71
2566,695,บ้านแม่หลองน้อย,อมก๋อย,เล็ก,นอกเมือง,สำนักงานคณะกรรมการการศึกษาขั้นพื้นฐาน,สพป.เชียงใหม่ เขต 5,23,37.68,21.55,25.65,18.37,26.09,16.17,30.43,32.10,23.91,18.76,22.83,19.38
2566,696,บ้านแม่อ่างขาง,อมก๋อย,เล็ก,นอกเมือง,สำนักงานคณะกรรมการการศึกษาขั้นพื้นฐาน,สพป.เชียงใหม่ เขต 5,27,26.54,17.72,25.56,12.57,25.31,15.95,25.93,31.54,24.07,22.03,21.30,17.62
2566,697,บ้านยางแก้ว,อมก๋อย,เล็ก,นอกเมือง,สำนักงานคณะกรรมการการศึกษาขั้นพื้นฐาน,สพป.เชียงใหม่ เขต 5,19,29.82,18.40,24.74,15.00,21.93,14.36,13.16,31.80,25.00,22.94,19.74,19.16
2566,698,บ้านยางครก,อมก๋อย,เล็ก,นอกเมือง,สำนักงานคณะกรรมการการศึกษาขั้นพื้นฐาน,สพป.เชียงใหม่ เขต 5,11,24.24,16.46,28.18,11.13,19.70,9.58,45.45,39.63,25.00,15.08,22.73,12.86
2566,699,บ้านยางเปา,อมก๋อย,กลาง,นอกเมือง,สำนักงานคณะกรรมการการศึกษาขั้นพื้นฐาน,สพป.เชียงใหม่ เขต 5,20,30.00,17.95,29.50,16.58,26.67,16.16,42.50,32.69,23.75,18.50,26.25,23.01
2566,700,บ้านยางเปียง,อมก๋อย,เล็ก,นอกเมือง,สำนักงานคณะกรรมการการศึกษาขั้นพื้นฐาน,สพป.เชียงใหม่ เขต 5,9,22.22,11.11,24.44,10.66,24.07,23.72,22.22,24.85,22.22,18.43,33.33,23.57
2566,701,บ้านสบลาน,อมก๋อย,กลาง,นอกเมือง,สำนักงานคณะกรรมการการศึกษาขั้นพื้นฐาน,สพป.เชียงใหม่ เขต 5,17,27.45,18.02,26.47,12.81,19.61,13.08,35.29,33.28,27.94,20.80,29.41,23.07
2566,702,บ้านหลวง,อมก๋อย,เล็ก,นอกเมือง,สำนักงานคณะกรรมการการศึกษาขั้นพื้นฐาน,สพป.เชียงใหม่ เขต 5,17,28.43,20.42,34.12,18.17,29.41,20.24,52.94,26.96,44.12,26.47,30.88,23.53
2566,703,บ้านห้วยโค้ง,อมก๋อย,กลาง,นอกเมือง,สำนักงานคณะกรรมการการศึกษาขั้นพื้นฐาน,สพป.เชียงใหม่ เขต 5,27,22.84,13.72,29.26,11.20,25.93,15.27,22.22,28.33,25.93,17.32,22.22,20.79
2566,704,บ้านห้วยน้ำขาว,อมก๋อย,กลาง,นอกเมือง,สำนักงานคณะกรรมการการศึกษาขั้นพื้นฐาน,สพป.เชียงใหม่ เขต 5,11,24.24,19.28,28.18,18.50,37.88,12.49,31.82,32.14,31.82,30.32,22.73,19.81
2566,705,บ้านห้วยไม้หก,อมก๋อย,เล็ก,นอกเมือง,สำนักงานคณะกรรมการการศึกษาขั้นพื้นฐาน,สพป.เชียงใหม่ เขต 5,12,27.78,18.43,28.33,8.98,23.61,17.29,33.33,31.18,25.00,20.41,14.58,18.98
2566,706,บ้านห้วยหล่อดูก,อมก๋อย,เล็ก,นอกเมือง,สำนักงานคณะกรรมการการศึกษาขั้นพื้นฐาน,สพป.เชียงใหม่ เขต 5,14,28.57,21.30,23.57,12.88,29.76,18.02,46.43,22.87,39.29,24.48,26.79,24.02
2566,707,บ้านห่างหลวง,อมก๋อย,เล็ก,นอกเมือง,สำนักงานคณะกรรมการการศึกษาขั้นพื้นฐาน,สพป.เชียงใหม่ เขต 5,8,25.00,16.67,25.00,13.23,22.92,8.07,43.75,16.54,31.25,10.83,21.88,14.99
2566,708,บ้านอูตูม,อมก๋อย,กลาง,นอกเมือง,สำนักงานคณะกรรมการการศึกษาขั้นพื้นฐาน,สพป.เชียงใหม่ เขต 5,35,27.62,17.79,26.57,16.03,20.95,16.59,38.57,33.99,29.29,24.26,24.29,23.52
2566,709,รางวัลอินทิราคานธี,อมก๋อย,เล็ก,นอกเมือง,กองบัญชาการตำรวจตระเวนชายแดน,-,5,30.00,12.47,18.00,9.80,20.00,6.67,10.00,20.00,20.00,10.00,10.00,20.00
2566,710,ชุมชนบ้านท่าข้าม,ฮอด,กลาง,นอกเมือง,สำนักงานคณะกรรมการการศึกษาขั้นพื้นฐาน,สพป.เชียงใหม่ เขต 5,76,33.33,20.23,27.89,14.54,26.75,18.35,51.97,37.56,32.57,24.34,24.01,23.10
2566,711,ชุมชนบ้านแม่ทัง,ฮอด,เล็ก,นอกเมือง,สำนักงานคณะกรรมการการศึกษาขั้นพื้นฐาน,สพป.เชียงใหม่ เขต 5,7,23.81,12.14,20.00,10.69,21.43,7.53,28.57,24.74,25.00,18.90,32.14,22.02
2566,712,บ้านกองลอย,ฮอด,กลาง,นอกเมือง,สำนักงานคณะกรรมการการศึกษาขั้นพื้นฐาน,สพป.เชียงใหม่ เขต 5,23,30.43,16.78,28.26,16.59,23.91,16.90,26.09,29.00,33.70,21.63,27.17,27.50
2566,713,บ้านกองหิน,ฮอด,เล็ก,นอกเมือง,สำนักงานคณะกรรมการการศึกษาขั้นพื้นฐาน,สพป.เชียงใหม่ เขต 5,3,44.44,20.79,43.33,12.47,50.00,13.61,66.67,23.57,16.67,11.79,25.00,20.41
2566,714,บ้านกิ่วลม,ฮอด,เล็ก,นอกเมือง,สำนักงานคณะกรรมการการศึกษาขั้นพื้นฐาน,สพป.เชียงใหม่ เขต 5,4,45.83,7.22,32.50,23.85,25.00,18.63,87.50,21.65,25.00,0.00,18.75,10.83
2566,715,บ้านขุน,ฮอด,เล็ก,นอกเมือง,สำนักงานคณะกรรมการการศึกษาขั้นพื้นฐาน,สพป.เชียงใหม่ เขต 5,13,28.21,23.92,17.69,11.20,24.36,12.43,46.15,41.42,34.62,20.89,23.08,22.92
2566,716,บ้านแควมะกอก,ฮอด,กลาง,นอกเมือง,สำนักงานคณะกรรมการการศึกษาขั้นพื้นฐาน,สพป.เชียงใหม่ เขต 5,9,31.48,19.95,20.00,14.91,27.78,7.86,22.22,24.85,38.89,20.79,8.33,16.67
2566,717,บ้านโค้งงาม,ฮอด,เล็ก,นอกเมือง,สำนักงานคณะกรรมการการศึกษาขั้นพื้นฐาน,สพป.เชียงใหม่ เขต 5,1,66.67,0.00,30.00,0.00,50.00,0.00,0.00,0.00,25.00,0.00,25.00,0.00
2566,718,บ้านดงดำ,ฮอด,เล็ก,นอกเมือง,สำนักงานคณะกรรมการการศึกษาขั้นพื้นฐาน,สพป.เชียงใหม่ เขต 5,4,37.50,21.65,50.00,7.07,37.50,13.82,75.00,25.00,31.25,10.83,31.25,27.24
2566,719,บ้านดอกแดง,ฮอด,เล็ก,นอกเมือง,สำนักงานคณะกรรมการการศึกษาขั้นพื้นฐาน,สพป.เชียงใหม่ เขต 5,2,25.00,8.33,25.00,5.00,33.33,33.33,75.00,25.00,12.50,12.50,37.50,12.50
2566,720,บ้านดอยคำ,ฮอด,เล็ก,นอกเมือง,สำนักงานคณะกรรมการการศึกษาขั้นพื้นฐาน,สพป.เชียงใหม่ เขต 5,11,28.79,16.03,28.18,10.29,16.67,10.05,31.82,44.07,25.00,26.11,13.64,22.27
2566,721,บ้านเด่นวิทยา,ฮอด,เล็ก,นอกเมือง,สำนักงานคณะกรรมการการศึกษาขั้นพื้นฐาน,สพป.เชียงใหม่ เขต 5,8,39.58,26.27,30.00,13.23,25.00,11.79,31.25,24.21,28.13,23.18,37.50,12.50
2566,722,บ้านตาลใต้,ฮอด,เล็ก,นอกเมือง,สำนักงานคณะกรรมการการศึกษาขั้นพื้นฐาน,สพป.เชียงใหม่ เขต 5,1,66.67,0.00,40.00,0.00,16.67,0.00,0.00,0.00,50.00,0.00,25.00,0.00
2566,723,บ้านตาลเหนือ,ฮอด,เล็ก,นอกเมือง,สำนักงานคณะกรรมการการศึกษาขั้นพื้นฐาน,สพป.เชียงใหม่ เขต 5,21,29.37,18.48,26.67,13.92,35.71,14.81,40.48,36.58,34.52,24.97,22.62,23.02
2566,724,บ้านตีนตก,ฮอด,เล็ก,นอกเมือง,สำนักงานคณะกรรมการการศึกษาขั้นพื้นฐาน,สพป.เชียงใหม่ เขต 5,4,41.67,14.43,32.50,17.85,20.83,7.22,12.50,21.65,6.25,10.83,31.25,10.83
2566,725,บ้านเตียนอาง,ฮอด,เล็ก,นอกเมือง,สำนักงานคณะกรรมการการศึกษาขั้นพื้นฐาน,สพป.เชียงใหม่ เขต 5,11,37.88,18.92,25.45,14.37,18.18,19.40,13.64,22.27,25.00,18.46,22.73,22.50
2566,726,บ้านทุ่ง,ฮอด,เล็ก,นอกเมือง,สำนักงานคณะกรรมการการศึกษาขั้นพื้นฐาน,สพป.เชียงใหม่ เขต 5,5,30.00,6.67,28.00,7.48,23.33,13.33,20.00,40.00,35.00,20.00,25.00,15.81
2566,727,บ้านทุ่งโป่ง,ฮอด,เล็ก,นอกเมือง,สำนักงานคณะกรรมการการศึกษาขั้นพื้นฐาน,สพป.เชียงใหม่ เขต 5,7,28.57,14.68,24.29,11.78,40.48,19.63,42.86,41.65,32.14,25.75,25.00,13.36
2566,728,บ้านนาคอเรือ,ฮอด,เล็ก,นอกเมือง,สำนักงานคณะกรรมการการศึกษาขั้นพื้นฐาน,สพป.เชียงใหม่ เขต 5,11,25.76,16.46,27.27,17.63,21.21,21.43,31.82,24.05,25.00,15.08,38.64,16.39
2566,729,บ้านนาฟ่อน,ฮอด,เล็ก,นอกเมือง,สำนักงานคณะกรรมการการศึกษาขั้นพื้นฐาน,สพป.เชียงใหม่ เขต 5,21,24.60,15.10,29.52,14.63,26.19,19.63,47.62,36.11,25.00,20.41,21.43,20.82
2566,730,บ้านบ่อสลี,ฮอด,เล็ก,นอกเมือง,สำนักงานคณะกรรมการการศึกษาขั้นพื้นฐาน,สพป.เชียงใหม่ เขต 5,12,27.78,14.16,32.50,10.90,29.17,13.82,41.67,39.97,35.42,25.94,20.83,17.18
2566,731,บ้านบ่อหลวง,ฮอด,กลาง,นอกเมือง,สำนักงานคณะกรรมการการศึกษาขั้นพื้นฐาน,สพป.เชียงใหม่ เขต 5,26,25.00,21.80,20.77,12.06,24.36,21.30,40.38,39.27,39.42,22.12,27.88,21.18
2566,732,บ้านผาแตน,ฮอด,เล็ก,นอกเมือง,สำนักงานคณะกรรมการการศึกษาขั้นพื้นฐาน,สพป.เชียงใหม่ เขต 5,5,26.67,22.61,14.00,12.00,40.00,20.00,50.00,31.62,15.00,20.00,25.00,15.81
2566,733,บ้านพุย,ฮอด,เล็ก,นอกเมือง,สำนักงานคณะกรรมการการศึกษาขั้นพื้นฐาน,สพป.เชียงใหม่ เขต 5,15,26.67,14.66,37.33,16.92,15.56,11.33,30.00,35.59,25.00,15.81,20.00,20.82
2566,734,บ้านแม่งูด,ฮอด,เล็ก,นอกเมือง,สำนักงานคณะกรรมการการศึกษาขั้นพื้นฐาน,สพป.เชียงใหม่ เขต 5,7,21.43,17.17,28.57,12.45,26.19,15.06,14.29,22.59,28.57,15.97,35.71,18.21
2566,735,บ้านแม่ลอง,ฮอด,เล็ก,นอกเมือง,สำนักงานคณะกรรมการการศึกษาขั้นพื้นฐาน,สพป.เชียงใหม่ เขต 5,15,44.44,27.67,39.33,23.80,37.78,27.53,70.00,35.59,51.67,28.09,36.67,32.74
2566,736,บ้านแม่ลาย,ฮอด,เล็ก,นอกเมือง,สำนักงานคณะกรรมการการศึกษาขั้นพื้นฐาน,สพป.เชียงใหม่ เขต 5,11,40.91,19.28,18.18,9.36,27.27,16.32,27.27,32.78,22.73,16.70,15.91,12.03
2566,737,บ้านแม่ลายเหนือ,ฮอด,เล็ก,นอกเมือง,สำนักงานคณะกรรมการการศึกษาขั้นพื้นฐาน,สพป.เชียงใหม่ เขต 5,17,22.55,20.56,22.35,10.59,32.35,21.75,29.41,29.99,23.53,23.44,19.12,20.16
2566,738,บ้านแม่สะนาม,ฮอด,เล็ก,นอกเมือง,สำนักงานคณะกรรมการการศึกษาขั้นพื้นฐาน,สพป.เชียงใหม่ เขต 5,6,27.78,15.71,15.00,9.57,19.44,6.21,33.33,23.57,29.17,22.44,33.33,11.79
2566,739,บ้านแม่อมลอง,ฮอด,เล็ก,นอกเมือง,สำนักงานคณะกรรมการการศึกษาขั้นพื้นฐาน,สพป.เชียงใหม่ เขต 5,7,23.81,15.06,32.86,14.85,23.81,8.25,42.86,41.65,28.57,15.97,25.00,29.88
2566,740,บ้านวังกอง,ฮอด,เล็ก,นอกเมือง,สำนักงานคณะกรรมการการศึกษาขั้นพื้นฐาน,สพป.เชียงใหม่ เขต 5,11,34.85,22.98,31.82,11.13,21.21,18.92,40.91,35.79,38.64,30.83,34.09,30.66
2566,741,บ้านวังลุง,ฮอด,เล็ก,นอกเมือง,สำนักงานคณะกรรมการการศึกษาขั้นพื้นฐาน,สพป.เชียงใหม่ เขต 5,13,35.90,17.10,36.92,16.82,29.49,16.22,42.31,33.09,36.54,18.64,30.77,26.23
2566,742,บ้านหางดง,ฮอด,เล็ก,นอกเมือง,สำนักงานคณะกรรมการการศึกษาขั้นพื้นฐาน,สพป.เชียงใหม่ เขต 5,6,44.44,24.85,30.00,19.15,41.67,31.55,58.33,34.36,45.83,17.18,25.00,25.00
2566,743,ฟ้าใส,ฮอด,เล็ก,นอกเมือง,สำนักงานคณะกรรมการส่งเสริมการศึกษาเอกชน,-,5,70.00,26.67,60.00,30.33,63.33,16.33,90.00,20.00,70.00,29.15,65.00,37.42
2566,744,แม่โถวิทยาคม,ฮอด,กลาง,นอกเมือง,สำนักงานคณะกรรมการการศึกษาขั้นพื้นฐาน,สพป.เชียงใหม่ เขต 5,47,24.82,16.08,30.64,13.27,25.89,20.28,30.85,35.06,30.85,20.77,18.62,18.21
2565,1,บ้านขุนแม่รวม,กัลยาณิวัฒนา,เล็ก,นอกเมือง,สำนักงานคณะกรรมการการศึกษาขั้นพื้นฐาน,สพป.เชียงใหม่ เขต 6,15,27.78,15.71,23.33,10.75,33.33,16.10,33.33,43.46,28.33,23.92,33.33,29.81
2565,2,บ้านจันทร์,กัลยาณิวัฒนา,เล็ก,นอกเมือง,สำนักงานคณะกรรมการการศึกษาขั้นพื้นฐาน,สพป.เชียงใหม่ เขต 6,12,26.39,17.29,25.83,14.41,29.17,16.84,41.67,39.97,20.83,17.18,29.17,17.18
2565,3,บ้านจันทร์ สาขาแจ่มน้อย,กัลยาณิวัฒนา,เล็ก,นอกเมือง,สำนักงานคณะกรรมการการศึกษาขั้นพื้นฐาน,สพป.เชียงใหม่ เขต 6,5,23.33,8.16,26.00,13.56,23.33,17.00,60.00,20.00,40.00,12.25,15.00,12.25
2565,4,บ้านแม่แดดน้อย,กัลยาณิวัฒนา,เล็ก,นอกเมือง,สำนักงานคณะกรรมการการศึกษาขั้นพื้นฐาน,สพป.เชียงใหม่ เขต 6,3,27.78,20.79,23.33,17.00,16.67,23.57,0.00,0.00,50.00,20.41,25.00,20.41
2565,5,บ้านแม่แดดน้อย สาขาบ้านดงสามหมื่น,กัลยาณิวัฒนา,เล็ก,นอกเมือง,สำนักงานคณะกรรมการการศึกษาขั้นพื้นฐาน,สพป.เชียงใหม่ เขต 6,5,20.00,12.47,30.00,16.73,40.00,17.00,30.00,24.49,30.00,18.71,35.00,12.25
2565,6,บ้านแม่ตะละ,กัลยาณิวัฒนา,เล็ก,นอกเมือง,สำนักงานคณะกรรมการการศึกษาขั้นพื้นฐาน,สพป.เชียงใหม่ เขต 6,4,20.83,7.22,25.00,16.58,16.67,20.41,12.50,21.65,25.00,17.68,18.75,20.73
2565,7,บ้านแม่ตะละเหนือ,กัลยาณิวัฒนา,เล็ก,นอกเมือง,สำนักงานคณะกรรมการการศึกษาขั้นพื้นฐาน,สพป.เชียงใหม่ เขต 6,3,27.78,15.71,30.00,14.14,27.78,15.71,16.67,23.57,8.33,11.79,33.33,23.57
2565,8,บ้านห้วยยา,กัลยาณิวัฒนา,เล็ก,นอกเมือง,สำนักงานคณะกรรมการการศึกษาขั้นพื้นฐาน,สพป.เชียงใหม่ เขต 6,9,40.74,17.76,23.33,11.55,35.19,14.58,38.89,20.79,30.56,22.91,25.00,20.41
2565,9,สามัคคีสันม่วง,กัลยาณิวัฒนา,เล็ก,นอกเมือง,สำนักงานคณะกรรมการการศึกษาขั้นพื้นฐาน,สพป.เชียงใหม่ เขต 6,22,26.52,20.51,32.27,12.03,28.03,14.55,20.45,35.86,30.68,21.23,25.00,23.84
2565,10,ณัทชวิทย์,จอมทอง,เล็ก,นอกเมือง,สำนักงานคณะกรรมการส่งเสริมการศึกษาเอกชน,-,25,49.33,31.44,50.80,24.48,48.67,23.53,70.00,34.64,46.00,27.09,48.00,24.41
2565,11,เทศบาลจอมทอง ๑ (ชุมชนบ้านข่วงเปาเหนือ),จอมทอง,เล็ก,นอกเมือง,กรมส่งเสริมการปกครองท้องถิ่น,ท้องถิ่นจังหวัดเชียงใหม่,26,27.56,16.63,30.00,15.69,31.41,17.50,48.08,35.30,25.96,24.50,34.62,25.07
2565,12,ไทยรัฐวิทยา 79 (บ้านหนองอาบช้าง),จอมทอง,เล็ก,นอกเมือง,สำนักงานคณะกรรมการการศึกษาขั้นพื้นฐาน,สพป.เชียงใหม่ เขต 6,12,23.61,18.58,28.33,13.44,33.33,18.00,37.50,36.08,29.17,17.18,25.00,28.87
2565,13,นิยมไพรผาหมอนอินทนนท์,จอมทอง,เล็ก,นอกเมือง,สำนักงานคณะกรรมการการศึกษาขั้นพื้นฐาน,สพป.เชียงใหม่ เขต 6,19,27.19,20.38,31.05,15.18,32.46,19.10,39.47,38.32,28.95,28.40,28.95,20.30
2565,14,บ้านข่วงเปาใต้,จอมทอง,เล็ก,นอกเมือง,สำนักงานคณะกรรมการการศึกษาขั้นพื้นฐาน,สพป.เชียงใหม่ เขต 6,5,26.67,17.00,42.00,9.80,40.00,34.32,60.00,37.42,35.00,20.00,45.00,24.49
2565,15,บ้านขุนกลาง,จอมทอง,กลาง,นอกเมือง,สำนักงานคณะกรรมการการศึกษาขั้นพื้นฐาน,สพป.เชียงใหม่ เขต 6,32,27.60,16.98,27.19,14.19,26.04,13.78,25.00,27.95,28.91,22.63,28.13,21.42
2565,16,บ้านขุนกลาง สาขาแม่ยะน้อย,จอมทอง,เล็ก,นอกเมือง,สำนักงานคณะกรรมการการศึกษาขั้นพื้นฐาน,สพป.เชียงใหม่ เขต 6,4,33.33,26.35,25.00,15.00,29.17,7.22,0.00,0.00,31.25,10.83,31.25,27.24
2565,17,บ้านขุนแตะ,จอมทอง,เล็ก,นอกเมือง,สำนักงานคณะกรรมการการศึกษาขั้นพื้นฐาน,สพป.เชียงใหม่ เขต 6,15,21.11,12.86,21.33,15.00,25.56,20.96,16.67,29.81,26.67,21.34,21.67,20.14
2565,18,บ้านขุนยะ,จอมทอง,เล็ก,นอกเมือง,สำนักงานคณะกรรมการการศึกษาขั้นพื้นฐาน,สพป.เชียงใหม่ เขต 6,7,28.57,17.17,22.86,7.00,30.95,24.28,35.71,44.03,35.71,26.24,17.86,11.29
2565,19,บ้านท่าข้าม,จอมทอง,เล็ก,นอกเมือง,สำนักงานคณะกรรมการการศึกษาขั้นพื้นฐาน,สพป.เชียงใหม่ เขต 6,7,47.62,18.75,37.14,13.85,54.76,17.17,57.14,41.65,42.86,25.75,25.00,26.73
2565,20,บ้านท่าหลุก,จอมทอง,เล็ก,นอกเมือง,สำนักงานคณะกรรมการการศึกษาขั้นพื้นฐาน,สพป.เชียงใหม่ เขต 6,3,27.78,15.71,30.00,8.16,27.78,7.86,33.33,23.57,33.33,23.57,16.67,23.57
2565,21,บ้านน้ำตกแม่กลาง,จอมทอง,เล็ก,นอกเมือง,สำนักงานคณะกรรมการการศึกษาขั้นพื้นฐาน,สพป.เชียงใหม่ เขต 6,9,25.93,15.93,28.89,11.00,24.07,15.93,44.44,36.85,27.78,18.43,22.22,24.85
2565,22,บ้านบนนา,จอมทอง,เล็ก,นอกเมือง,สำนักงานคณะกรรมการการศึกษาขั้นพื้นฐาน,สพป.เชียงใหม่ เขต 6,15,31.11,20.06,25.33,12.04,22.22,13.15,33.33,34.96,20.00,24.49,25.00,20.41
2565,23,บ้านปากทางท่าลี่,จอมทอง,เล็ก,นอกเมือง,สำนักงานคณะกรรมการการศึกษาขั้นพื้นฐาน,สพป.เชียงใหม่ เขต 6,7,23.81,12.14,25.71,14.00,21.43,11.66,21.43,24.74,7.14,11.29,21.43,15.97
2565,24,บ้านเมืองกลาง,จอมทอง,เล็ก,นอกเมือง,สำนักงานคณะกรรมการการศึกษาขั้นพื้นฐาน,สพป.เชียงใหม่ เขต 6,6,19.44,14.96,40.00,22.36,19.44,22.40,41.67,44.88,16.67,18.63,41.67,18.63
2565,25,บ้านเมืองอาง,จอมทอง,เล็ก,นอกเมือง,สำนักงานคณะกรรมการการศึกษาขั้นพื้นฐาน,สพป.เชียงใหม่ เขต 6,4,20.83,13.82,27.50,4.33,33.33,0.00,50.00,35.36,25.00,0.00,31.25,27.24
2565,26,บ้านแม่ปอน,จอมทอง,เล็ก,นอกเมือง,สำนักงานคณะกรรมการการศึกษาขั้นพื้นฐาน,สพป.เชียงใหม่ เขต 6,10,28.33,18.33,34.00,13.56,23.33,17.00,45.00,41.53,37.50,30.10,27.50,23.58
2565,27,บ้านแม่สอย,จอมทอง,เล็ก,นอกเมือง,สำนักงานคณะกรรมการการศึกษาขั้นพื้นฐาน,สพป.เชียงใหม่ เขต 6,12,52.78,23.41,48.33,16.75,43.06,22.00,95.83,13.82,83.33,29.46,37.50,16.14
2565,28,บ้านโรงวัว,จอมทอง,เล็ก,นอกเมือง,สำนักงานคณะกรรมการการศึกษาขั้นพื้นฐาน,สพป.เชียงใหม่ เขต 6,11,27.27,22.78,41.82,17.49,30.30,17.14,31.82,32.14,31.82,11.13,18.18,26.31
2565,29,บ้านสบเตี๊ยะ,จอมทอง,กลาง,นอกเมือง,สำนักงานคณะกรรมการการศึกษาขั้นพื้นฐาน,สพป.เชียงใหม่ เขต 6,7,30.95,20.76,31.43,8.33,28.57,17.17,35.71,22.59,42.86,22.02,14.29,18.21
2565,30,บ้านสบแปะ,จอมทอง,เล็ก,นอกเมือง,สำนักงานคณะกรรมการการศึกษาขั้นพื้นฐาน,สพป.เชียงใหม่ เขต 6,9,29.63,15.27,36.67,6.67,31.48,19.95,50.00,40.82,16.67,20.41,19.44,10.39
2565,31,บ้านหนองคัน,จอมทอง,เล็ก,นอกเมือง,สำนักงานคณะกรรมการการศึกษาขั้นพื้นฐาน,สพป.เชียงใหม่ เขต 6,4,37.50,18.16,35.00,15.00,41.67,8.33,37.50,41.46,75.00,17.68,25.00,17.68
2565,32,บ้านห้วยทราย,จอมทอง,เล็ก,นอกเมือง,สำนักงานคณะกรรมการการศึกษาขั้นพื้นฐาน,สพป.เชียงใหม่ เขต 6,3,38.89,7.86,40.00,8.16,33.33,13.61,33.33,23.57,33.33,11.79,33.33,11.79
2565,33,บ้านห้วยน้ำดิบ,จอมทอง,เล็ก,นอกเมือง,สำนักงานคณะกรรมการการศึกษาขั้นพื้นฐาน,สพป.เชียงใหม่ เขต 6,6,27.78,15.71,31.67,16.75,33.33,19.25,25.00,38.19,4.17,9.32,25.00,14.43
2565,34,บ้านห้วยม่วง,จอมทอง,เล็ก,นอกเมือง,สำนักงานคณะกรรมการการศึกษาขั้นพื้นฐาน,สพป.เชียงใหม่ เขต 6,7,28.57,21.30,32.86,23.12,33.33,17.82,50.00,46.29,35.71,34.99,28.57,20.82
2565,35,บ้านห้วยม่วงฝั่งซ้าย,จอมทอง,เล็ก,นอกเมือง,สำนักงานคณะกรรมการการศึกษาขั้นพื้นฐาน,สพป.เชียงใหม่ เขต 6,0,-,-,-,-,-,-,-,-,-,-,-,-
2565,36,บ้านห้วยส้มป่อย,จอมทอง,เล็ก,นอกเมือง,สำนักงานคณะกรรมการการศึกษาขั้นพื้นฐาน,สพป.เชียงใหม่ เขต 6,7,23.81,15.06,27.14,12.78,28.57,7.53,42.86,31.94,14.29,18.21,28.57,20.82
2565,37,บ้านห้วยสะแพด,จอมทอง,เล็ก,นอกเมือง,สำนักงานคณะกรรมการการศึกษาขั้นพื้นฐาน,สพป.เชียงใหม่ เขต 6,10,23.33,15.28,28.00,17.78,33.33,24.72,40.00,30.00,52.50,30.52,25.00,22.36
2565,38,บ้านหาดนาค,จอมทอง,เล็ก,นอกเมือง,สำนักงานคณะกรรมการการศึกษาขั้นพื้นฐาน,สพป.เชียงใหม่ เขต 6,2,41.67,25.00,30.00,10.00,33.33,0.00,75.00,25.00,0.00,0.00,37.50,12.50
2565,39,บ้านใหม่สารภี,จอมทอง,เล็ก,นอกเมือง,สำนักงานคณะกรรมการการศึกษาขั้นพื้นฐาน,สพป.เชียงใหม่ เขต 6,11,34.85,18.06,33.64,18.72,31.82,20.66,31.82,38.57,65.91,26.70,25.00,18.46
2565,40,ป่ากล้วยพัฒนา,จอมทอง,เล็ก,นอกเมือง,สำนักงานคณะกรรมการการศึกษาขั้นพื้นฐาน,สพป.เชียงใหม่ เขต 6,10,31.67,17.40,37.00,14.18,35.00,8.98,55.00,35.00,50.00,27.39,40.00,20.00
2565,41,วัดพระบาท,จอมทอง,เล็ก,นอกเมือง,สำนักงานคณะกรรมการการศึกษาขั้นพื้นฐาน,สพป.เชียงใหม่ เขต 6,1,16.67,0.00,30.00,0.00,16.67,0.00,50.00,0.00,25.00,0.00,0.00,0.00
2565,42,ศรีจอมทอง,จอมทอง,ใหญ่,นอกเมือง,สำนักงานคณะกรรมการการศึกษาขั้นพื้นฐาน,สพป.เชียงใหม่ เขต 6,123,41.33,27.82,46.83,25.10,48.24,25.75,61.79,39.34,53.05,33.98,40.45,24.80
2565,43,สุทธิวงศ์ดำรงวิทย์,จอมทอง,เล็ก,นอกเมือง,สำนักงานคณะกรรมการส่งเสริมการศึกษาเอกชน,-,13,32.05,17.86,31.54,18.75,29.49,9.59,30.77,24.33,32.69,22.75,34.62,15.62
2565,44,แกน้อยศึกษา,เชียงดาว,กลาง,นอกเมือง,สำนักงานคณะกรรมการการศึกษาขั้นพื้นฐาน,สพป.เชียงใหม่ เขต 3,10,20.00,14.53,29.00,12.21,20.00,19.44,35.00,32.02,22.50,17.50,20.00,15.00
2565,45,โครงการหลวงแกน้อย,เชียงดาว,เล็ก,นอกเมือง,สำนักงานคณะกรรมการการศึกษาขั้นพื้นฐาน,สพป.เชียงใหม่ เขต 3,7,33.33,17.82,28.57,14.57,23.81,12.14,42.86,31.94,14.29,18.21,28.57,28.12
2565,46,เจ้าฟ้าอุบลรัตน์,เชียงดาว,กลาง,นอกเมือง,สำนักงานคณะกรรมการส่งเสริมการศึกษาเอกชน,-,19,28.95,18.61,32.11,17.94,32.46,16.64,42.11,33.49,31.58,26.71,35.53,20.38
2565,47,ชุมชนบ้านเมืองงาย,เชียงดาว,กลาง,นอกเมือง,สำนักงานคณะกรรมการการศึกษาขั้นพื้นฐาน,สพป.เชียงใหม่ เขต 3,23,36.23,21.79,32.17,17.93,38.41,24.79,36.96,33.68,23.91,21.47,28.26,23.66
2565,48,ชุมชนบ้านวังจ๊อม,เชียงดาว,กลาง,นอกเมือง,สำนักงานคณะกรรมการการศึกษาขั้นพื้นฐาน,สพป.เชียงใหม่ เขต 3,10,28.33,16.75,41.00,18.68,50.00,23.57,35.00,22.91,40.00,20.00,25.00,19.36
2565,49,ตชด.เฉลิมพระเกียรติฯ บ้านแกน้อย,เชียงดาว,เล็ก,นอกเมือง,กองบัญชาการตำรวจตระเวนชายแดน,-,22,31.06,19.00,25.00,16.99,21.21,16.03,31.82,32.14,28.41,17.35,30.68,27.11
2565,50,บ้านเชียงดาว,เชียงดาว,กลาง,นอกเมือง,สำนักงานคณะกรรมการการศึกษาขั้นพื้นฐาน,สพป.เชียงใหม่ เขต 3,92,28.99,23.17,31.96,19.24,30.43,21.51,41.85,37.06,33.97,25.96,29.08,24.25
2565,51,บ้านดอน,เชียงดาว,เล็ก,นอกเมือง,สำนักงานคณะกรรมการการศึกษาขั้นพื้นฐาน,สพป.เชียงใหม่ เขต 3,4,16.67,0.00,40.00,22.36,33.33,20.41,37.50,21.65,25.00,17.68,43.75,10.83
2565,52,บ้านถ้ำ,เชียงดาว,เล็ก,นอกเมือง,สำนักงานคณะกรรมการการศึกษาขั้นพื้นฐาน,สพป.เชียงใหม่ เขต 3,8,22.92,14.28,25.00,13.23,27.08,14.28,43.75,39.03,18.75,10.83,37.50,25.00
2565,53,บ้านทุ่งข้าวพวง,เชียงดาว,กลาง,นอกเมือง,สำนักงานคณะกรรมการการศึกษาขั้นพื้นฐาน,สพป.เชียงใหม่ เขต 3,28,23.21,19.08,23.21,11.97,23.21,21.05,33.93,37.92,27.68,21.48,27.68,20.42
2565,54,บ้านทุ่งละคร,เชียงดาว,เล็ก,นอกเมือง,สำนักงานคณะกรรมการการศึกษาขั้นพื้นฐาน,สพป.เชียงใหม่ เขต 3,6,19.44,6.21,21.67,12.13,27.78,12.42,50.00,28.87,4.17,9.32,16.67,11.79
2565,55,บ้านทุ่งหลุก,เชียงดาว,เล็ก,นอกเมือง,สำนักงานคณะกรรมการการศึกษาขั้นพื้นฐาน,สพป.เชียงใหม่ เขต 3,6,38.89,12.42,31.67,20.34,41.67,12.73,75.00,25.00,79.17,22.44,37.50,19.09
2565,56,บ้านนาหวาย,เชียงดาว,กลาง,นอกเมือง,สำนักงานคณะกรรมการการศึกษาขั้นพื้นฐาน,สพป.เชียงใหม่ เขต 3,34,27.45,18.02,29.12,13.58,27.94,19.27,45.59,35.08,38.97,18.38,19.85,16.91
2565,57,บ้านปางแดง,เชียงดาว,เล็ก,นอกเมือง,สำนักงานคณะกรรมการการศึกษาขั้นพื้นฐาน,สพป.เชียงใหม่ เขต 3,7,11.90,7.53,30.00,11.95,21.43,17.17,14.29,22.59,25.00,13.36,42.86,11.29
2565,58,บ้านปางเฟือง,เชียงดาว,เล็ก,นอกเมือง,สำนักงานคณะกรรมการการศึกษาขั้นพื้นฐาน,สพป.เชียงใหม่ เขต 3,9,31.48,25.39,34.44,17.71,35.19,26.58,27.78,34.25,38.89,26.64,41.67,28.87
2565,59,บ้านปางมะเยา,เชียงดาว,กลาง,นอกเมือง,สำนักงานคณะกรรมการการศึกษาขั้นพื้นฐาน,สพป.เชียงใหม่ เขต 3,20,24.17,15.34,23.00,13.45,35.00,21.67,20.00,29.15,25.00,15.81,20.00,18.71
2565,60,บ้านป่าบง,เชียงดาว,เล็ก,นอกเมือง,สำนักงานคณะกรรมการการศึกษาขั้นพื้นฐาน,สพป.เชียงใหม่ เขต 3,4,25.00,8.33,27.50,21.65,45.83,21.65,62.50,41.46,37.50,12.50,37.50,21.65
2565,61,บ้านเมืองคอง,เชียงดาว,เล็ก,นอกเมือง,สำนักงานคณะกรรมการการศึกษาขั้นพื้นฐาน,สพป.เชียงใหม่ เขต 3,15,18.89,17.07,28.67,15.43,27.78,16.85,23.33,30.91,15.00,15.28,38.33,22.11
2565,62,บ้านเมืองนะ,เชียงดาว,กลาง,นอกเมือง,สำนักงานคณะกรรมการการศึกษาขั้นพื้นฐาน,สพป.เชียงใหม่ เขต 3,58,23.85,18.60,30.86,14.66,25.57,18.37,27.59,34.95,29.31,23.28,31.03,20.40
2565,63,บ้านแม่กอนใน,เชียงดาว,เล็ก,นอกเมือง,สำนักงานคณะกรรมการการศึกษาขั้นพื้นฐาน,สพป.เชียงใหม่ เขต 3,17,34.31,16.64,24.71,9.77,33.33,18.08,29.41,34.55,22.06,22.50,32.35,22.30
2565,64,บ้านแม่นะ,เชียงดาว,กลาง,นอกเมือง,สำนักงานคณะกรรมการการศึกษาขั้นพื้นฐาน,สพป.เชียงใหม่ เขต 3,21,23.02,18.17,35.71,17.61,25.40,20.33,42.86,35.48,29.76,23.93,29.76,14.68
2565,65,บ้านแม่ป๋าม,เชียงดาว,เล็ก,นอกเมือง,สำนักงานคณะกรรมการการศึกษาขั้นพื้นฐาน,สพป.เชียงใหม่ เขต 3,8,37.50,23.20,35.00,18.71,35.42,24.21,25.00,35.36,28.13,23.18,34.38,21.42
2565,66,บ้านแม่แมะ,เชียงดาว,เล็ก,นอกเมือง,สำนักงานคณะกรรมการการศึกษาขั้นพื้นฐาน,สพป.เชียงใหม่ เขต 3,7,28.57,11.66,37.14,15.78,33.33,8.91,35.71,44.03,25.00,23.15,0.00,0.00
2565,67,บ้านแม่อ้อใน,เชียงดาว,เล็ก,นอกเมือง,สำนักงานคณะกรรมการการศึกษาขั้นพื้นฐาน,สพป.เชียงใหม่ เขต 3,16,21.87,16.37,25.62,13.68,27.08,19.43,37.50,27.95,23.44,20.67,26.56,18.68
2565,68,บ้านรินหลวง,เชียงดาว,เล็ก,นอกเมือง,สำนักงานคณะกรรมการการศึกษาขั้นพื้นฐาน,สพป.เชียงใหม่ เขต 3,24,27.08,17.88,33.75,15.50,40.97,20.96,27.08,35.29,25.00,23.94,25.00,22.82
2565,69,บ้านสบคาบ,เชียงดาว,เล็ก,นอกเมือง,สำนักงานคณะกรรมการการศึกษาขั้นพื้นฐาน,สพป.เชียงใหม่ เขต 3,4,25.00,14.43,20.00,10.00,33.33,11.79,75.00,25.00,12.50,12.50,37.50,21.65
2565,70,บ้านสันป่าเกี๊ยะ,เชียงดาว,เล็ก,นอกเมือง,สำนักงานคณะกรรมการการศึกษาขั้นพื้นฐาน,สพป.เชียงใหม่ เขต 3,4,29.17,7.22,35.00,8.66,12.50,13.82,62.50,21.65,18.75,10.83,18.75,10.83
2565,71,บ้านหนองเขียว,เชียงดาว,กลาง,นอกเมือง,สำนักงานคณะกรรมการการศึกษาขั้นพื้นฐาน,สพป.เชียงใหม่ เขต 3,40,27.50,20.26,27.00,15.03,22.50,17.70,25.00,31.62,24.38,26.51,23.13,24.61
2565,72,บ้านหนองแขม,เชียงดาว,เล็ก,นอกเมือง,กองบัญชาการตำรวจตระเวนชายแดน,-,12,75.00,19.84,47.50,22.03,30.56,23.41,95.83,13.82,33.33,27.64,47.92,27.87
2565,73,บ้านหนองบัว,เชียงดาว,เล็ก,นอกเมือง,สำนักงานคณะกรรมการการศึกษาขั้นพื้นฐาน,สพป.เชียงใหม่ เขต 3,14,15.48,19.38,36.43,14.45,34.52,20.38,21.43,24.74,17.86,17.50,28.57,15.97
2565,74,บ้านห้วยจะค่าน ตชด.อนุสรณ์,เชียงดาว,กลาง,นอกเมือง,สำนักงานคณะกรรมการการศึกษาขั้นพื้นฐาน,สพป.เชียงใหม่ เขต 3,19,29.82,19.93,30.53,15.03,28.07,18.77,23.68,29.77,26.32,22.17,28.95,27.22
2565,75,บ้านห้วยทรายขาว,เชียงดาว,เล็ก,นอกเมือง,สำนักงานคณะกรรมการการศึกษาขั้นพื้นฐาน,สพป.เชียงใหม่ เขต 3,6,27.78,12.42,30.00,15.28,16.67,13.61,25.00,25.00,20.83,17.18,25.00,20.41
2565,76,บ้านห้วยเป้า,เชียงดาว,เล็ก,นอกเมือง,กรมส่งเสริมการปกครองท้องถิ่น,ท้องถิ่นจังหวัดเชียงใหม่,14,26.19,20.62,32.14,14.73,33.33,18.90,35.71,39.77,16.07,17.95,12.50,15.67
2565,77,บ้านใหม่,เชียงดาว,เล็ก,นอกเมือง,สำนักงานคณะกรรมการการศึกษาขั้นพื้นฐาน,สพป.เชียงใหม่ เขต 3,6,16.67,9.62,43.33,7.45,25.00,23.07,8.33,18.63,33.33,11.79,33.33,27.64
2565,78,บ้านอรุโณทัย,เชียงดาว,ใหญ่พิเศษ,นอกเมือง,สำนักงานคณะกรรมการการศึกษาขั้นพื้นฐาน,สพป.เชียงใหม่ เขต 3,71,31.22,19.16,32.39,19.02,31.22,23.22,32.39,31.51,28.52,25.97,30.63,24.54
2565,79,บ้านออน,เชียงดาว,เล็ก,นอกเมือง,สำนักงานคณะกรรมการการศึกษาขั้นพื้นฐาน,สพป.เชียงใหม่ เขต 3,7,9.52,8.25,35.71,21.95,38.10,14.68,14.29,22.59,21.43,15.97,28.57,15.97
2565,80,เบญจม 2 บ้านน้ำรู,เชียงดาว,เล็ก,นอกเมือง,สำนักงานคณะกรรมการการศึกษาขั้นพื้นฐาน,สพป.เชียงใหม่ เขต 3,20,23.33,15.28,24.00,13.56,23.33,16.16,40.00,30.00,22.50,20.77,35.00,24.24
2565,81,พัฒนาต้นน้ำขุนคอง,เชียงดาว,เล็ก,นอกเมือง,สำนักงานคณะกรรมการการศึกษาขั้นพื้นฐาน,สพป.เชียงใหม่ เขต 3,17,35.29,17.04,30.00,20.58,40.20,29.18,50.00,34.30,36.76,29.85,30.88,23.53
2565,82,มิตรมวลชนเชียงใหม่,เชียงดาว,กลาง,นอกเมือง,สำนักงานคณะกรรมการการศึกษาขั้นพื้นฐาน,สพป.เชียงใหม่ เขต 3,17,33.33,22.14,29.41,10.56,28.43,18.76,44.12,29.12,20.59,17.65,33.82,24.16
2565,83,วัดจอมคีรี,เชียงดาว,เล็ก,นอกเมือง,สำนักงานคณะกรรมการการศึกษาขั้นพื้นฐาน,สพป.เชียงใหม่ เขต 3,12,38.89,15.71,52.50,18.31,50.00,19.25,62.50,41.46,72.92,21.55,43.75,20.73
2565,84,วัดปางมะโอ,เชียงดาว,เล็ก,นอกเมือง,สำนักงานคณะกรรมการการศึกษาขั้นพื้นฐาน,สพป.เชียงใหม่ เขต 3,1,0.00,0.00,20.00,0.00,50.00,0.00,0.00,0.00,50.00,0.00,50.00,0.00
2565,85,ศีลรวี,เชียงดาว,กลาง,นอกเมือง,สำนักงานคณะกรรมการส่งเสริมการศึกษาเอกชน,-,71,28.17,21.77,39.58,20.72,36.38,24.91,45.07,37.67,39.44,26.76,28.52,20.68
2565,86,ศึกษาสงเคราะห์เชียงดาว,เชียงดาว,กลาง,นอกเมือง,สำนักบริหารงานการศึกษาพิเศษ,-,59,29.94,18.86,26.10,12.89,25.71,18.75,33.90,33.75,24.58,23.69,20.34,19.24
2565,87,ฉัตรพฤกษ์วิทยา,ไชยปราการ,เล็ก,นอกเมือง,สำนักงานคณะกรรมการส่งเสริมการศึกษาเอกชน,-,17,36.27,30.91,40.00,25.67,37.25,26.52,64.71,41.18,54.41,37.61,30.88,27.82
2565,88,ชุมชนวัดศรีดงเย็น,ไชยปราการ,กลาง,นอกเมือง,สำนักงานคณะกรรมการการศึกษาขั้นพื้นฐาน,สพป.เชียงใหม่ เขต 3,34,22.06,18.40,27.06,18.07,27.45,20.56,25.00,32.65,34.56,24.26,23.53,20.06
2565,89,เทศบาล 1 ไชยปราการ,ไชยปราการ,กลาง,นอกเมือง,กรมส่งเสริมการปกครองท้องถิ่น,ท้องถิ่นจังหวัดเชียงใหม่,47,32.62,23.56,32.13,19.34,31.91,23.27,40.43,35.19,32.45,24.69,30.85,19.44
2565,90,บ้านต้นโชค,ไชยปราการ,เล็ก,นอกเมือง,สำนักงานคณะกรรมการการศึกษาขั้นพื้นฐาน,สพป.เชียงใหม่ เขต 3,18,25.93,21.68,31.67,17.72,21.30,17.40,30.56,37.78,27.78,21.87,12.50,15.02
2565,91,บ้านถ้ำตับเตา,ไชยปราการ,เล็ก,นอกเมือง,สำนักงานคณะกรรมการการศึกษาขั้นพื้นฐาน,สพป.เชียงใหม่ เขต 3,3,27.78,28.33,23.33,9.43,11.11,15.71,50.00,40.82,33.33,11.79,33.33,23.57
2565,92,บ้านปง,ไชยปราการ,เล็ก,นอกเมือง,สำนักงานคณะกรรมการการศึกษาขั้นพื้นฐาน,สพป.เชียงใหม่ เขต 3,19,28.07,20.98,28.95,19.44,33.33,21.63,34.21,36.46,22.37,16.01,22.37,21.30
2565,93,บ้านปงตำ,ไชยปราการ,เล็ก,นอกเมือง,สำนักงานคณะกรรมการการศึกษาขั้นพื้นฐาน,สพป.เชียงใหม่ เขต 3,13,24.36,14.04,27.69,18.04,23.08,19.10,15.38,23.08,30.77,22.26,38.46,18.64
2565,94,บ้านป่างิ้ว,ไชยปราการ,เล็ก,นอกเมือง,สำนักงานคณะกรรมการการศึกษาขั้นพื้นฐาน,สพป.เชียงใหม่ เขต 3,13,21.79,17.76,31.54,14.60,35.90,18.31,30.77,31.25,46.15,27.47,34.62,20.89
2565,95,บ้านผาแดง,ไชยปราการ,เล็ก,นอกเมือง,สำนักงานคณะกรรมการการศึกษาขั้นพื้นฐาน,สพป.เชียงใหม่ เขต 3,8,20.83,23.20,35.00,17.32,39.58,18.52,50.00,35.36,28.13,14.99,31.25,16.54
2565,96,บ้านแม่ขิ,ไชยปราการ,เล็ก,นอกเมือง,สำนักงานคณะกรรมการการศึกษาขั้นพื้นฐาน,สพป.เชียงใหม่ เขต 3,15,38.89,26.99,35.33,19.96,31.11,20.06,53.33,38.59,41.67,25.28,33.33,25.28
2565,97,บ้านแม่ทะลบ,ไชยปราการ,เล็ก,นอกเมือง,สำนักงานคณะกรรมการการศึกษาขั้นพื้นฐาน,สพป.เชียงใหม่ เขต 3,13,25.64,12.43,31.54,10.99,35.90,18.31,30.77,36.89,28.85,21.59,28.85,19.23
2565,98,บ้านเวียงผาพัฒนา,ไชยปราการ,เล็ก,นอกเมือง,สำนักงานคณะกรรมการการศึกษาขั้นพื้นฐาน,สพป.เชียงใหม่ เขต 3,7,21.43,11.66,15.71,9.04,30.95,18.75,35.71,22.59,28.57,28.12,21.43,15.97
2565,99,บ้านห้วยต้นตอง,ไชยปราการ,เล็ก,นอกเมือง,สำนักงานคณะกรรมการการศึกษาขั้นพื้นฐาน,สพป.เชียงใหม่ เขต 3,4,20.83,13.82,32.50,14.79,20.83,13.82,62.50,41.46,18.75,10.83,18.75,10.83
2565,100,บ้านห้วยบง,ไชยปราการ,เล็ก,นอกเมือง,สำนักงานคณะกรรมการการศึกษาขั้นพื้นฐาน,สพป.เชียงใหม่ เขต 3,6,41.67,20.97,26.67,21.34,30.56,14.96,50.00,28.87,20.83,17.18,16.67,18.63
2565,101,บ้านห้วยไผ่,ไชยปราการ,เล็ก,นอกเมือง,สำนักงานคณะกรรมการการศึกษาขั้นพื้นฐาน,สพป.เชียงใหม่ เขต 3,14,38.10,23.93,35.00,21.63,32.14,27.07,53.57,39.93,41.07,29.29,33.93,32.19
2565,102,บ้านหัวฝาย,ไชยปราการ,เล็ก,นอกเมือง,สำนักงานคณะกรรมการการศึกษาขั้นพื้นฐาน,สพป.เชียงใหม่ เขต 3,6,38.89,15.71,33.33,13.74,33.33,19.25,16.67,23.57,29.17,9.32,20.83,17.18
2565,103,บ้านใหม่หนองบัว,ไชยปราการ,กลาง,นอกเมือง,สำนักงานคณะกรรมการการศึกษาขั้นพื้นฐาน,สพป.เชียงใหม่ เขต 3,76,27.63,19.22,27.76,13.63,27.19,19.84,26.32,31.91,30.59,27.98,25.33,22.76
2565,104,บ้านอ่าย,ไชยปราการ,เล็ก,นอกเมือง,สำนักงานคณะกรรมการการศึกษาขั้นพื้นฐาน,สพป.เชียงใหม่ เขต 3,25,24.67,20.07,27.20,14.84,27.33,18.79,40.00,31.62,24.00,22.89,35.00,22.36
2565,105,วัดบ้านท่า,ไชยปราการ,เล็ก,นอกเมือง,สำนักงานคณะกรรมการการศึกษาขั้นพื้นฐาน,สพป.เชียงใหม่ เขต 3,17,30.39,30.38,40.00,23.26,47.06,28.14,38.24,40.33,41.18,32.02,22.06,20.80
2565,106,วัดป่าแดง,ไชยปราการ,เล็ก,นอกเมือง,สำนักงานคณะกรรมการการศึกษาขั้นพื้นฐาน,สพป.เชียงใหม่ เขต 3,13,15.38,10.26,33.08,9.91,35.90,18.31,26.92,24.93,30.77,24.33,28.85,23.71
2565,107,วัดอรัญญวาสี,ไชยปราการ,เล็ก,นอกเมือง,สำนักงานคณะกรรมการการศึกษาขั้นพื้นฐาน,สพป.เชียงใหม่ เขต 3,7,30.95,16.50,25.71,14.98,28.57,17.17,28.57,36.42,25.00,23.15,39.29,22.59
2565,108,เอื้อวิทยา,ไชยปราการ,กลาง,นอกเมือง,สำนักงานคณะกรรมการส่งเสริมการศึกษาเอกชน,-,32,32.81,24.47,40.31,16.49,32.81,18.86,35.94,37.99,39.84,29.88,25.00,17.68
2565,109,ชุมชนบ้านดอยเต่า,ดอยเต่า,เล็ก,นอกเมือง,สำนักงานคณะกรรมการการศึกษาขั้นพื้นฐาน,สพป.เชียงใหม่ เขต 5,8,29.17,19.98,30.00,14.14,39.58,27.56,31.25,24.21,46.88,23.18,31.25,24.21
2565,110,ชุมชนศูนย์อพยพแปลง 4,ดอยเต่า,เล็ก,นอกเมือง,สำนักงานคณะกรรมการการศึกษาขั้นพื้นฐาน,สพป.เชียงใหม่ เขต 5,10,30.00,12.47,31.00,13.00,36.67,23.33,35.00,32.02,25.00,27.39,37.50,12.50
2565,111,บ้านเกาะหลวง,ดอยเต่า,เล็ก,นอกเมือง,สำนักงานคณะกรรมการการศึกษาขั้นพื้นฐาน,สพป.เชียงใหม่ เขต 5,13,26.92,20.19,36.15,19.43,46.15,21.83,38.46,34.83,38.46,12.46,30.77,26.23
2565,112,บ้านฉิมพลี,ดอยเต่า,เล็ก,นอกเมือง,สำนักงานคณะกรรมการการศึกษาขั้นพื้นฐาน,สพป.เชียงใหม่ เขต 5,5,46.67,6.67,40.00,17.89,33.33,10.54,70.00,40.00,55.00,24.49,45.00,18.71
2565,113,บ้านถิ่นสำราญ,ดอยเต่า,เล็ก,นอกเมือง,สำนักงานคณะกรรมการการศึกษาขั้นพื้นฐาน,สพป.เชียงใหม่ เขต 5,9,27.78,15.71,26.67,19.44,31.48,12.28,16.67,23.57,30.56,25.76,25.00,23.57
2565,114,บ้านโท้งวิทยา,ดอยเต่า,เล็ก,นอกเมือง,สำนักงานคณะกรรมการการศึกษาขั้นพื้นฐาน,สพป.เชียงใหม่ เขต 5,7,19.05,20.76,38.57,12.45,33.33,12.60,42.86,41.65,42.86,22.02,32.14,11.29
2565,115,บ้านน้อยห้วยรินวิทยา,ดอยเต่า,เล็ก,นอกเมือง,สำนักงานคณะกรรมการการศึกษาขั้นพื้นฐาน,สพป.เชียงใหม่ เขต 5,8,10.42,8.07,22.50,11.99,33.33,14.43,25.00,25.00,31.25,20.73,25.00,27.95
2565,116,บ้านบงตัน,ดอยเต่า,เล็ก,นอกเมือง,สำนักงานคณะกรรมการการศึกษาขั้นพื้นฐาน,สพป.เชียงใหม่ เขต 5,25,27.33,16.25,30.40,10.76,24.67,17.07,16.00,30.72,21.00,24.17,26.00,19.34
2565,117,บ้านโปง,ดอยเต่า,เล็ก,นอกเมือง,สำนักงานคณะกรรมการการศึกษาขั้นพื้นฐาน,สพป.เชียงใหม่ เขต 5,9,27.78,17.57,31.11,19.12,37.04,13.09,38.89,45.81,36.11,23.90,25.00,28.87
2565,118,บ้านโปงทุ่ง,ดอยเต่า,เล็ก,นอกเมือง,สำนักงานคณะกรรมการการศึกษาขั้นพื้นฐาน,สพป.เชียงใหม่ เขต 5,1,0.00,0.00,50.00,0.00,83.33,0.00,0.00,0.00,25.00,0.00,50.00,0.00
2565,119,บ้านผาจุก,ดอยเต่า,เล็ก,นอกเมือง,สำนักงานคณะกรรมการการศึกษาขั้นพื้นฐาน,สพป.เชียงใหม่ เขต 5,3,16.67,0.00,33.33,4.71,38.89,20.79,50.00,40.82,8.33,11.79,8.33,11.79
2565,120,บ้านแม่บวน,ดอยเต่า,เล็ก,นอกเมือง,สำนักงานคณะกรรมการการศึกษาขั้นพื้นฐาน,สพป.เชียงใหม่ เขต 5,7,38.10,17.17,28.57,15.52,30.95,16.50,35.71,34.99,35.71,26.24,28.57,15.97
2565,121,บ้านไร่,ดอยเต่า,เล็ก,นอกเมือง,สำนักงานคณะกรรมการการศึกษาขั้นพื้นฐาน,สพป.เชียงใหม่ เขต 5,10,31.67,20.34,49.00,13.00,28.33,22.42,45.00,35.00,45.00,33.17,27.50,23.58
2565,122,บ้านวังหลวง,ดอยเต่า,เล็ก,นอกเมือง,สำนักงานคณะกรรมการการศึกษาขั้นพื้นฐาน,สพป.เชียงใหม่ เขต 5,8,18.75,15.45,33.75,13.17,25.00,14.43,56.25,29.97,34.38,32.92,21.88,19.52
2565,123,บ้านสันติสุข,ดอยเต่า,เล็ก,นอกเมือง,สำนักงานคณะกรรมการการศึกษาขั้นพื้นฐาน,สพป.เชียงใหม่ เขต 5,4,20.83,18.16,32.50,16.39,37.50,21.65,25.00,25.00,43.75,27.24,18.75,10.83
2565,124,บ้านแอ่นจัดสรร,ดอยเต่า,เล็ก,นอกเมือง,สำนักงานคณะกรรมการการศึกษาขั้นพื้นฐาน,สพป.เชียงใหม่ เขต 5,8,22.92,20.31,22.50,13.92,18.75,15.45,50.00,35.36,21.88,31.72,40.63,21.42
2565,125,ศูนย์อพยพแปลง 2,ดอยเต่า,เล็ก,นอกเมือง,สำนักงานคณะกรรมการการศึกษาขั้นพื้นฐาน,สพป.เชียงใหม่ เขต 5,5,56.67,35.90,44.00,27.28,43.33,24.94,60.00,37.42,60.00,25.50,40.00,20.00
2565,126,ศูนย์อพยพแปลง 5,ดอยเต่า,เล็ก,นอกเมือง,สำนักงานคณะกรรมการการศึกษาขั้นพื้นฐาน,สพป.เชียงใหม่ เขต 5,14,30.95,18.75,33.57,19.13,38.10,21.30,46.43,29.67,33.93,27.72,39.29,29.45
2565,127,ศูนย์อพยพแปลง 8,ดอยเต่า,เล็ก,นอกเมือง,สำนักงานคณะกรรมการการศึกษาขั้นพื้นฐาน,สพป.เชียงใหม่ เขต 5,9,46.30,34.94,45.56,24.99,44.44,20.79,50.00,40.82,63.89,26.64,41.67,23.57
2565,128,ชลประทานผาแตก,ดอยสะเก็ด,กลาง,นอกเมือง,สำนักงานคณะกรรมการการศึกษาขั้นพื้นฐาน,สพป.เชียงใหม่ เขต 1,49,26.19,17.82,29.18,14.26,31.29,18.64,39.80,39.10,30.61,20.99,26.02,23.67
2565,129,เทพเสด็จวิทยา,ดอยสะเก็ด,เล็ก,นอกเมือง,สำนักงานคณะกรรมการการศึกษาขั้นพื้นฐาน,สพป.เชียงใหม่ เขต 1,9,24.07,17.76,34.44,13.43,31.48,21.44,44.44,43.74,19.44,10.39,19.44,15.71
2565,130,เทศบาลตลาดใหญ่,ดอยสะเก็ด,เล็ก,นอกเมือง,กรมส่งเสริมการปกครองท้องถิ่น,ท้องถิ่นจังหวัดเชียงใหม่,7,23.81,12.14,38.57,14.57,23.81,15.06,21.43,24.74,32.14,25.75,28.57,15.97
2565,131,บริรักศึกษาเชียงใหม่,ดอยสะเก็ด,เล็ก,นอกเมือง,สำนักงานคณะกรรมการส่งเสริมการศึกษาเอกชน,-,21,40.48,29.80,51.43,27.48,53.17,31.12,57.14,31.94,48.81,30.35,35.71,23.87
2565,132,บ้านเชิงดอย(ดอยสะเก็ดศึกษา),ดอยสะเก็ด,กลาง,นอกเมือง,สำนักงานคณะกรรมการการศึกษาขั้นพื้นฐาน,สพป.เชียงใหม่ เขต 1,98,43.71,27.10,43.27,23.11,43.37,24.13,57.14,36.42,40.05,31.08,35.20,23.65
2565,133,บ้านตลาดขี้เหล็ก,ดอยสะเก็ด,เล็ก,นอกเมือง,สำนักงานคณะกรรมการการศึกษาขั้นพื้นฐาน,สพป.เชียงใหม่ เขต 1,8,41.67,18.63,38.75,14.52,39.58,23.48,31.25,34.80,31.25,24.21,40.63,24.80
2565,134,บ้านบ่อหิน,ดอยสะเก็ด,เล็ก,นอกเมือง,สำนักงานคณะกรรมการการศึกษาขั้นพื้นฐาน,สพป.เชียงใหม่ เขต 1,20,24.17,17.85,28.00,15.68,32.50,14.41,32.50,36.31,38.75,24.33,26.25,23.01
2565,135,บ้านป่าขุย,ดอยสะเก็ด,เล็ก,นอกเมือง,สำนักงานคณะกรรมการการศึกษาขั้นพื้นฐาน,สพป.เชียงใหม่ เขต 1,7,23.81,24.97,31.43,12.45,33.33,19.92,35.71,34.99,17.86,22.02,21.43,28.12
2565,136,บ้านปางแดง,ดอยสะเก็ด,เล็ก,นอกเมือง,สำนักงานคณะกรรมการการศึกษาขั้นพื้นฐาน,สพป.เชียงใหม่ เขต 1,5,26.67,17.00,32.00,11.66,33.33,23.57,20.00,24.49,35.00,20.00,45.00,18.71
2565,137,บ้านปางน้ำถุ,ดอยสะเก็ด,เล็ก,นอกเมือง,สำนักงานคณะกรรมการการศึกษาขั้นพื้นฐาน,สพป.เชียงใหม่ เขต 1,3,27.78,7.86,26.67,17.00,22.22,20.79,16.67,23.57,33.33,11.79,25.00,20.41
2565,138,บ้านป่างิ้ว,ดอยสะเก็ด,เล็ก,นอกเมือง,สำนักงานคณะกรรมการการศึกษาขั้นพื้นฐาน,สพป.เชียงใหม่ เขต 1,8,27.08,14.28,17.50,9.68,41.67,25.00,18.75,24.21,28.13,23.18,25.00,21.65
2565,139,บ้านป่าป้อง,ดอยสะเก็ด,เล็ก,นอกเมือง,สำนักงานคณะกรรมการการศึกษาขั้นพื้นฐาน,สพป.เชียงใหม่ เขต 1,1,50.00,0.00,0.00,0.00,0.00,0.00,0.00,0.00,0.00,0.00,0.00,0.00
2565,140,บ้านป่าไม้แดง,ดอยสะเก็ด,กลาง,นอกเมือง,สำนักงานคณะกรรมการการศึกษาขั้นพื้นฐาน,สพป.เชียงใหม่ เขต 1,20,33.33,20.41,35.00,17.46,30.00,21.47,32.50,36.31,31.25,28.37,36.25,20.12
2565,141,บ้านป่าเสร้า,ดอยสะเก็ด,กลาง,นอกเมือง,สำนักงานคณะกรรมการการศึกษาขั้นพื้นฐาน,สพป.เชียงใหม่ เขต 1,31,24.73,16.32,30.00,15.03,31.72,19.10,29.03,30.52,25.81,20.56,25.81,16.17
2565,142,บ้านป่าเหมือด,ดอยสะเก็ด,เล็ก,นอกเมือง,สำนักงานคณะกรรมการการศึกษาขั้นพื้นฐาน,สพป.เชียงใหม่ เขต 1,32,36.98,20.72,30.62,13.68,37.50,17.68,60.94,39.00,44.53,34.65,33.59,23.89
2565,143,บ้านโป่งกุ่ม,ดอยสะเก็ด,เล็ก,นอกเมือง,สำนักงานคณะกรรมการการศึกษาขั้นพื้นฐาน,สพป.เชียงใหม่ เขต 1,5,20.00,12.47,26.00,10.20,40.00,8.16,60.00,20.00,35.00,20.00,20.00,10.00
2565,144,บ้านแม่ดอกแดง,ดอยสะเก็ด,เล็ก,นอกเมือง,สำนักงานคณะกรรมการการศึกษาขั้นพื้นฐาน,สพป.เชียงใหม่ เขต 1,14,20.24,14.34,41.43,13.01,30.95,19.78,28.57,31.13,33.93,24.29,30.36,21.50
2565,145,บ้านแม่หวาน,ดอยสะเก็ด,เล็ก,นอกเมือง,สำนักงานคณะกรรมการการศึกษาขั้นพื้นฐาน,สพป.เชียงใหม่ เขต 1,7,38.10,14.68,42.86,17.50,33.33,19.92,21.43,36.42,17.86,17.50,25.00,18.90
2565,146,บ้านแม่ฮ้อยเงิน,ดอยสะเก็ด,เล็ก,นอกเมือง,สำนักงานคณะกรรมการการศึกษาขั้นพื้นฐาน,สพป.เชียงใหม่ เขต 1,10,11.67,15.00,25.00,15.00,26.67,20.00,35.00,32.02,27.50,17.50,35.00,16.58
2565,147,บ้านร้องขี้เหล็ก,ดอยสะเก็ด,เล็ก,นอกเมือง,สำนักงานคณะกรรมการการศึกษาขั้นพื้นฐาน,สพป.เชียงใหม่ เขต 1,9,27.78,17.57,30.00,10.54,20.37,17.17,16.67,23.57,25.00,20.41,13.89,12.42
2565,148,บ้านลวงเหนือ,ดอยสะเก็ด,เล็ก,นอกเมือง,สำนักงานคณะกรรมการการศึกษาขั้นพื้นฐาน,สพป.เชียงใหม่ เขต 1,8,54.17,19.98,41.25,26.19,43.75,16.54,43.75,39.03,50.00,30.62,31.25,20.73
2565,149,บ้านสันต้นม่วงเหนือ,ดอยสะเก็ด,เล็ก,นอกเมือง,สำนักงานคณะกรรมการการศึกษาขั้นพื้นฐาน,สพป.เชียงใหม่ เขต 1,3,16.67,13.61,26.67,4.71,16.67,23.57,16.67,23.57,16.67,11.79,50.00,20.41
2565,150,เพื่อชีวิตเชียงใหม่,ดอยสะเก็ด,เล็ก,นอกเมือง,สำนักงานคณะกรรมการส่งเสริมการศึกษาเอกชน,-,19,34.21,17.50,21.05,14.47,30.70,13.53,39.47,26.05,25.00,19.87,22.37,17.94
2565,151,แม่โป่งประชาสามัคคี,ดอยสะเก็ด,เล็ก,นอกเมือง,สำนักงานคณะกรรมการการศึกษาขั้นพื้นฐาน,สพป.เชียงใหม่ เขต 1,16,23.96,18.60,27.50,17.14,33.33,25.00,31.25,29.97,32.81,30.26,23.44,20.67
2565,152,ไมตรีจิตคริสเตียนเชียงใหม่,ดอยสะเก็ด,กลาง,นอกเมือง,สำนักงานคณะกรรมการส่งเสริมการศึกษาเอกชน,-,16,27.08,31.66,42.50,26.34,38.54,19.29,46.87,37.37,31.25,24.21,31.25,35.90
2565,153,กรป.กลางอุปถัมภ์,ดอยหล่อ,เล็ก,นอกเมือง,สำนักงานคณะกรรมการการศึกษาขั้นพื้นฐาน,สพป.เชียงใหม่ เขต 4,14,35.71,30.12,33.57,18.36,33.33,24.40,46.43,35.17,33.93,27.72,39.29,27.89
2565,154,ดอยหล่อวิทยา,ดอยหล่อ,เล็ก,นอกเมือง,กรมส่งเสริมการปกครองท้องถิ่น,ท้องถิ่นจังหวัดเชียงใหม่,7,26.19,19.63,35.71,9.04,33.33,25.20,0.00,0.00,28.57,24.74,21.43,20.82
2565,155,เทศบาลตำบลวัดสองแคว,ดอยหล่อ,เล็ก,นอกเมือง,กรมส่งเสริมการปกครองท้องถิ่น,ท้องถิ่นจังหวัดเชียงใหม่,4,12.50,7.22,32.50,14.79,29.17,13.82,37.50,21.65,31.25,10.83,25.00,17.68
2565,156,บ้านดงป่าหวาย,ดอยหล่อ,เล็ก,นอกเมือง,สำนักงานคณะกรรมการการศึกษาขั้นพื้นฐาน,สพป.เชียงใหม่ เขต 4,15,23.33,17.00,34.67,14.54,23.33,20.91,36.67,28.67,35.00,15.28,16.67,14.91
2565,157,บ้านแม่ขาน,ดอยหล่อ,เล็ก,นอกเมือง,สำนักงานคณะกรรมการการศึกษาขั้นพื้นฐาน,สพป.เชียงใหม่ เขต 4,7,26.19,17.50,30.00,16.90,42.86,15.06,57.14,31.94,39.29,34.99,21.43,24.74
2565,158,บ้านสามหลัง,ดอยหล่อ,เล็ก,นอกเมือง,สำนักงานคณะกรรมการการศึกษาขั้นพื้นฐาน,สพป.เชียงใหม่ เขต 4,18,32.41,25.74,36.11,26.28,32.41,29.12,38.89,42.67,34.72,27.81,26.39,26.97
2565,159,บ้านห้วยน้ำขาว,ดอยหล่อ,เล็ก,นอกเมือง,สำนักงานคณะกรรมการการศึกษาขั้นพื้นฐาน,สพป.เชียงใหม่ เขต 4,6,50.00,19.25,50.00,27.69,47.22,22.40,58.33,44.88,33.33,27.64,25.00,20.41
2565,160,บ้านเหล่าเป้า,ดอยหล่อ,เล็ก,นอกเมือง,สำนักงานคณะกรรมการการศึกษาขั้นพื้นฐาน,สพป.เชียงใหม่ เขต 4,13,35.90,17.10,34.62,18.24,33.33,19.61,38.46,28.78,23.08,30.16,26.92,22.92
2565,161,บ้านใหม่หนองหอย,ดอยหล่อ,เล็ก,นอกเมือง,สำนักงานคณะกรรมการการศึกษาขั้นพื้นฐาน,สพป.เชียงใหม่ เขต 4,20,19.17,15.16,23.00,13.82,29.17,12.77,35.00,39.05,22.50,20.77,18.75,17.46
2565,162,วัดดอนชื่น,ดอยหล่อ,เล็ก,นอกเมือง,สำนักงานคณะกรรมการการศึกษาขั้นพื้นฐาน,สพป.เชียงใหม่ เขต 4,5,33.33,23.57,46.00,16.25,43.33,29.06,80.00,24.49,40.00,25.50,35.00,12.25
2565,163,วัดวังขามป้อม,ดอยหล่อ,เล็ก,นอกเมือง,สำนักงานคณะกรรมการการศึกษาขั้นพื้นฐาน,สพป.เชียงใหม่ เขต 4,11,42.42,20.55,29.09,13.79,27.27,19.17,22.73,24.90,22.73,16.70,27.27,24.90
2565,164,วัดศรีดอนชัย,ดอยหล่อ,เล็ก,นอกเมือง,สำนักงานคณะกรรมการการศึกษาขั้นพื้นฐาน,สพป.เชียงใหม่ เขต 4,13,26.92,15.38,36.92,17.27,23.08,17.95,26.92,42.13,40.38,31.83,28.85,19.23
2565,165,วัดหนองหลั้ว,ดอยหล่อ,เล็ก,นอกเมือง,สำนักงานคณะกรรมการการศึกษาขั้นพื้นฐาน,สพป.เชียงใหม่ เขต 4,4,20.83,18.16,37.50,8.29,37.50,7.22,50.00,35.36,43.75,20.73,6.25,10.83
2565,166,เจ้าแม่หลวงอุปถัมภ์ 1,ฝาง,กลาง,นอกเมือง,สำนักงานคณะกรรมการการศึกษาขั้นพื้นฐาน,สพป.เชียงใหม่ เขต 3,24,25.00,18.63,27.08,12.74,25.00,15.21,37.50,33.07,27.08,24.91,28.13,19.52
2565,167,ฉือจี้เชียงใหม่,ฝาง,กลาง,นอกเมือง,สำนักงานคณะกรรมการส่งเสริมการศึกษาเอกชน,-,84,41.47,26.29,43.21,25.83,44.64,26.12,54.17,38.74,46.43,29.92,38.10,27.13
2565,168,ชุมชนบ้านแม่สูนหลวง,ฝาง,เล็ก,นอกเมือง,สำนักงานคณะกรรมการการศึกษาขั้นพื้นฐาน,สพป.เชียงใหม่ เขต 3,2,33.33,16.67,25.00,15.00,33.33,33.33,100.00,0.00,25.00,0.00,25.00,0.00
2565,169,เทพศิรินทร์๙โครงการหลวงในพระบรมราชูปถัมภ์,ฝาง,เล็ก,นอกเมือง,สำนักงานคณะกรรมการการศึกษาขั้นพื้นฐาน,สพป.เชียงใหม่ เขต 3,8,20.83,16.14,27.50,11.99,22.92,14.28,18.75,24.21,34.38,17.40,31.25,29.97
2565,170,เทศบาลเวียงฝาง,ฝาง,กลาง,นอกเมือง,กรมส่งเสริมการปกครองท้องถิ่น,ท้องถิ่นจังหวัดเชียงใหม่,34,24.51,15.25,25.88,18.17,27.94,19.27,42.65,36.65,27.21,22.98,22.06,19.89
2565,171,บ้านขอบด้ง,ฝาง,กลาง,นอกเมือง,สำนักงานคณะกรรมการการศึกษาขั้นพื้นฐาน,สพป.เชียงใหม่ เขต 3,13,30.77,25.19,30.00,14.14,38.46,15.17,42.31,38.46,32.69,24.78,28.85,21.59
2565,172,บ้านดงป่าลัน,ฝาง,เล็ก,นอกเมือง,สำนักงานคณะกรรมการการศึกษาขั้นพื้นฐาน,สพป.เชียงใหม่ เขต 3,6,25.00,26.79,40.00,19.15,47.22,27.92,25.00,38.19,33.33,18.63,25.00,20.41
2565,173,บ้านเด่นใหม่,ฝาง,เล็ก,นอกเมือง,สำนักงานคณะกรรมการการศึกษาขั้นพื้นฐาน,สพป.เชียงใหม่ เขต 3,17,38.24,22.70,30.00,9.07,36.27,23.73,35.29,37.44,27.94,16.90,19.12,18.25
2565,174,บ้านต้นผึ้ง,ฝาง,เล็ก,นอกเมือง,สำนักงานคณะกรรมการการศึกษาขั้นพื้นฐาน,สพป.เชียงใหม่ เขต 3,10,21.67,16.75,33.00,9.00,38.33,19.79,45.00,26.93,37.50,20.16,27.50,26.10
2565,175,บ้านต้นส้าน,ฝาง,เล็ก,นอกเมือง,สำนักงานคณะกรรมการการศึกษาขั้นพื้นฐาน,สพป.เชียงใหม่ เขต 3,9,29.63,17.17,30.00,11.55,27.78,11.11,22.22,34.25,33.33,20.41,8.33,16.67
2565,176,บ้านทุ่งหลุก,ฝาง,เล็ก,นอกเมือง,สำนักงานคณะกรรมการการศึกษาขั้นพื้นฐาน,สพป.เชียงใหม่ เขต 3,8,27.08,14.28,37.50,19.20,29.17,16.14,25.00,25.00,40.63,12.10,37.50,21.65
2565,177,บ้านปางปอย,ฝาง,กลาง,นอกเมือง,สำนักงานคณะกรรมการการศึกษาขั้นพื้นฐาน,สพป.เชียงใหม่ เขต 3,36,24.54,18.21,22.22,12.50,28.24,19.17,29.17,34.11,22.22,17.46,26.39,18.58
2565,178,บ้านปางสัก,ฝาง,เล็ก,นอกเมือง,สำนักงานคณะกรรมการการศึกษาขั้นพื้นฐาน,สพป.เชียงใหม่ เขต 3,9,24.07,8.28,24.44,6.85,25.93,13.86,11.11,20.79,27.78,14.16,13.89,12.42
2565,179,บ้านป่าบง,ฝาง,เล็ก,นอกเมือง,สำนักงานคณะกรรมการการศึกษาขั้นพื้นฐาน,สพป.เชียงใหม่ เขต 3,11,31.82,18.06,32.73,19.58,28.79,21.43,40.91,35.79,25.00,23.84,18.18,18.74
2565,180,บ้านโป่งถืบ,ฝาง,กลาง,นอกเมือง,สำนักงานคณะกรรมการการศึกษาขั้นพื้นฐาน,สพป.เชียงใหม่ เขต 3,36,25.93,18.61,31.11,15.95,28.24,22.50,45.83,32.00,35.42,25.26,28.47,25.79
2565,181,บ้านโป่งนก,ฝาง,กลาง,นอกเมือง,สำนักงานคณะกรรมการการศึกษาขั้นพื้นฐาน,สพป.เชียงใหม่ เขต 3,21,26.19,17.50,32.38,15.40,26.98,20.88,35.71,38.24,14.29,18.21,23.81,24.97
2565,182,บ้านโป่งน้ำร้อน,ฝาง,เล็ก,นอกเมือง,สำนักงานคณะกรรมการการศึกษาขั้นพื้นฐาน,สพป.เชียงใหม่ เขต 3,10,33.33,18.26,18.00,8.72,28.33,13.02,15.00,22.91,22.50,28.39,25.00,19.36
2565,183,บ้านม่วงชุม,ฝาง,กลาง,นอกเมือง,สำนักงานคณะกรรมการการศึกษาขั้นพื้นฐาน,สพป.เชียงใหม่ เขต 3,24,31.94,14.37,22.92,13.06,27.78,19.64,27.08,28.79,29.17,22.44,28.13,23.18
2565,184,บ้านม่อนปิ่น,ฝาง,กลาง,นอกเมือง,สำนักงานคณะกรรมการการศึกษาขั้นพื้นฐาน,สพป.เชียงใหม่ เขต 3,18,25.93,16.87,25.56,10.66,31.48,13.48,33.33,33.33,18.06,18.27,34.72,22.27
2565,185,บ้านแม่ข่า,ฝาง,กลาง,นอกเมือง,สำนักงานคณะกรรมการการศึกษาขั้นพื้นฐาน,สพป.เชียงใหม่ เขต 3,17,28.43,16.92,28.82,8.32,36.27,20.00,26.47,34.80,27.94,25.56,23.53,20.06
2565,186,บ้านแม่คะ,ฝาง,กลาง,นอกเมือง,สำนักงานคณะกรรมการการศึกษาขั้นพื้นฐาน,สพป.เชียงใหม่ เขต 3,27,19.14,11.74,27.78,15.48,25.93,17.17,27.78,34.25,23.15,20.33,22.22,20.79
2565,187,บ้านแม่งอนกลาง,ฝาง,เล็ก,นอกเมือง,สำนักงานคณะกรรมการการศึกษาขั้นพื้นฐาน,สพป.เชียงใหม่ เขต 3,10,31.67,17.40,26.00,12.00,28.33,16.75,25.00,40.31,40.00,25.50,35.00,22.91
2565,188,บ้านแม่งอนขี้เหล็ก,ฝาง,กลาง,นอกเมือง,กรมส่งเสริมการปกครองท้องถิ่น,ท้องถิ่นจังหวัดเชียงใหม่,34,30.39,21.19,29.41,17.81,26.47,20.26,30.88,36.41,27.21,21.32,27.21,17.54
2565,189,บ้านแม่ใจ,ฝาง,เล็ก,นอกเมือง,สำนักงานคณะกรรมการการศึกษาขั้นพื้นฐาน,สพป.เชียงใหม่ เขต 3,2,33.33,16.67,50.00,10.00,33.33,16.67,50.00,50.00,75.00,25.00,25.00,25.00
2565,190,บ้านแม่สูนน้อย,ฝาง,เล็ก,นอกเมือง,สำนักงานคณะกรรมการการศึกษาขั้นพื้นฐาน,สพป.เชียงใหม่ เขต 3,9,31.48,18.33,28.89,17.92,22.22,22.22,16.67,23.57,27.78,14.16,41.67,26.35
2565,191,บ้านยาง,ฝาง,เล็ก,นอกเมือง,สำนักงานคณะกรรมการการศึกษาขั้นพื้นฐาน,สพป.เชียงใหม่ เขต 3,4,50.00,11.79,40.00,7.07,25.00,8.33,37.50,41.46,12.50,12.50,25.00,17.68
2565,192,บ้านล้องอ้อ,ฝาง,เล็ก,นอกเมือง,กรมส่งเสริมการปกครองท้องถิ่น,ท้องถิ่นจังหวัดเชียงใหม่,21,27.78,16.53,24.76,13.32,24.60,13.23,23.81,24.97,29.76,21.30,23.81,22.46
2565,193,บ้านลาน,ฝาง,กลาง,นอกเมือง,สำนักงานคณะกรรมการการศึกษาขั้นพื้นฐาน,สพป.เชียงใหม่ เขต 3,11,15.15,16.60,21.82,10.29,30.30,13.89,36.36,22.27,15.91,19.28,31.82,24.05
2565,194,บ้านเวียงฝาง,ฝาง,ใหญ่,นอกเมือง,สำนักงานคณะกรรมการการศึกษาขั้นพื้นฐาน,สพป.เชียงใหม่ เขต 3,18,23.15,15.85,38.89,21.05,36.11,16.90,25.00,34.36,27.78,26.21,29.17,22.44
2565,195,บ้านเวียงหวาย,ฝาง,กลาง,นอกเมือง,สำนักงานคณะกรรมการการศึกษาขั้นพื้นฐาน,สพป.เชียงใหม่ เขต 3,12,30.56,16.43,22.50,18.76,26.39,15.90,25.00,32.27,27.08,23.84,22.92,18.98
2565,196,บ้านศรีดอนชัย,ฝาง,เล็ก,นอกเมือง,สำนักงานคณะกรรมการการศึกษาขั้นพื้นฐาน,สพป.เชียงใหม่ เขต 3,4,29.17,21.65,30.00,10.00,20.83,13.82,12.50,21.65,6.25,10.83,18.75,10.83
2565,197,บ้านสันต้นดู่,ฝาง,เล็ก,นอกเมือง,สำนักงานคณะกรรมการการศึกษาขั้นพื้นฐาน,สพป.เชียงใหม่ เขต 3,12,34.72,26.75,40.83,22.90,36.11,26.21,58.33,39.97,37.50,33.07,47.92,29.68
2565,198,บ้านสันต้นเปา,ฝาง,เล็ก,นอกเมือง,สำนักงานคณะกรรมการการศึกษาขั้นพื้นฐาน,สพป.เชียงใหม่ เขต 3,1,0.00,0.00,20.00,0.00,33.33,0.00,0.00,0.00,0.00,0.00,0.00,0.00
2565,199,บ้านสันทราย,ฝาง,เล็ก,นอกเมือง,สำนักงานคณะกรรมการการศึกษาขั้นพื้นฐาน,สพป.เชียงใหม่ เขต 3,9,27.78,28.33,21.11,11.97,27.78,11.11,16.67,33.33,22.22,24.85,22.22,18.43
2565,200,บ้านสันทรายคองน้อย,ฝาง,กลาง,นอกเมือง,สำนักงานคณะกรรมการการศึกษาขั้นพื้นฐาน,สพป.เชียงใหม่ เขต 3,18,30.56,16.90,32.78,11.93,27.78,19.25,27.78,29.92,34.72,26.53,26.39,22.78
2565,201,บ้านสันป่าแดง,ฝาง,เล็ก,นอกเมือง,สำนักงานคณะกรรมการการศึกษาขั้นพื้นฐาน,สพป.เชียงใหม่ เขต 3,13,33.33,18.49,30.77,11.41,33.33,18.49,23.08,37.29,11.54,18.64,19.23,19.99
2565,202,บ้านสันม่วง,ฝาง,เล็ก,นอกเมือง,สำนักงานคณะกรรมการการศึกษาขั้นพื้นฐาน,สพป.เชียงใหม่ เขต 3,3,44.44,28.33,30.00,8.16,22.22,7.86,50.00,0.00,41.67,11.79,41.67,11.79
2565,203,บ้านหนองขวาง,ฝาง,เล็ก,นอกเมือง,สำนักงานคณะกรรมการการศึกษาขั้นพื้นฐาน,สพป.เชียงใหม่ เขต 3,2,16.67,16.67,25.00,5.00,41.67,8.33,75.00,25.00,37.50,12.50,12.50,12.50
2565,204,บ้านหนองยาว,ฝาง,เล็ก,นอกเมือง,สำนักงานคณะกรรมการการศึกษาขั้นพื้นฐาน,สพป.เชียงใหม่ เขต 3,14,25.00,15.11,33.57,16.30,44.05,24.89,42.86,37.12,44.64,27.02,28.57,20.82
2565,205,บ้านหลวง,ฝาง,กลาง,นอกเมือง,สำนักงานคณะกรรมการการศึกษาขั้นพื้นฐาน,สพป.เชียงใหม่ เขต 3,41,29.27,16.37,27.32,14.82,33.33,19.13,24.39,31.47,25.00,21.38,25.00,23.43
2565,206,บ้านหล่ายฝาง,ฝาง,เล็ก,นอกเมือง,กรมส่งเสริมการปกครองท้องถิ่น,ท้องถิ่นจังหวัดเชียงใหม่,23,19.57,16.04,36.09,18.59,34.06,19.95,28.26,35.59,36.96,30.28,27.17,26.49
2565,207,บ้านห้วยไคร้,ฝาง,เล็ก,นอกเมือง,สำนักงานคณะกรรมการการศึกษาขั้นพื้นฐาน,สพป.เชียงใหม่ เขต 3,20,21.67,15.90,33.50,16.21,28.33,13.02,27.50,33.45,16.25,19.80,22.50,20.77
2565,208,บ้านห้วยงูกลาง,ฝาง,เล็ก,นอกเมือง,สำนักงานคณะกรรมการการศึกษาขั้นพื้นฐาน,สพป.เชียงใหม่ เขต 3,11,28.79,18.92,32.73,12.86,27.27,26.85,45.45,39.63,36.36,28.93,34.09,19.28
2565,209,บ้านห้วยบอน,ฝาง,เล็ก,นอกเมือง,สำนักงานคณะกรรมการการศึกษาขั้นพื้นฐาน,สพป.เชียงใหม่ เขต 3,3,55.56,15.71,10.00,8.16,22.22,15.71,16.67,23.57,33.33,11.79,0.00,0.00
2565,210,บ้านห้วยหมากเลี่ยม,ฝาง,กลาง,นอกเมือง,สำนักงานคณะกรรมการการศึกษาขั้นพื้นฐาน,สพป.เชียงใหม่ เขต 3,37,28.38,25.07,32.43,16.99,29.73,20.19,29.73,29.54,23.65,21.71,27.70,16.22
2565,211,บ้านห้วยห้อม,ฝาง,เล็ก,นอกเมือง,สำนักงานคณะกรรมการการศึกษาขั้นพื้นฐาน,สพป.เชียงใหม่ เขต 3,5,40.00,24.94,26.00,16.25,26.67,13.33,30.00,24.49,35.00,20.00,25.00,15.81
2565,212,บ้านห้วยเฮี่ยน,ฝาง,เล็ก,นอกเมือง,สำนักงานคณะกรรมการการศึกษาขั้นพื้นฐาน,สพป.เชียงใหม่ เขต 3,8,18.75,26.92,27.50,12.99,31.25,15.45,25.00,35.36,28.13,14.99,25.00,17.68
2565,213,บ้านหัวนา,ฝาง,เล็ก,นอกเมือง,สำนักงานคณะกรรมการการศึกษาขั้นพื้นฐาน,สพป.เชียงใหม่ เขต 3,20,38.33,19.79,31.50,13.88,34.17,14.41,47.50,40.23,47.50,20.77,23.75,20.12
2565,214,บ้านหัวฝาย,ฝาง,เล็ก,นอกเมือง,สำนักงานคณะกรรมการการศึกษาขั้นพื้นฐาน,สพป.เชียงใหม่ เขต 3,3,16.67,13.61,36.67,12.47,38.89,20.79,16.67,23.57,33.33,11.79,25.00,0.00
2565,215,บ้านเหมืองแร่,ฝาง,กลาง,นอกเมือง,สำนักงานคณะกรรมการการศึกษาขั้นพื้นฐาน,สพป.เชียงใหม่ เขต 3,33,25.76,19.72,24.85,13.95,26.26,19.69,28.79,27.61,30.30,27.36,23.48,24.57
2565,216,รังษีวิทยา,ฝาง,ใหญ่พิเศษ,นอกเมือง,สำนักงานคณะกรรมการส่งเสริมการศึกษาเอกชน,-,194,42.61,28.41,41.44,27.24,46.56,27.90,47.94,38.61,44.59,31.24,32.60,28.44
2565,217,รัตนาเอื้อวิทยา,ฝาง,ใหญ่,นอกเมือง,สำนักงานคณะกรรมการส่งเสริมการศึกษาเอกชน,-,81,36.01,22.45,35.80,20.11,34.57,21.56,46.30,39.11,32.72,30.08,34.88,24.75
2565,218,วัดนันทาราม,ฝาง,กลาง,นอกเมือง,สำนักงานคณะกรรมการการศึกษาขั้นพื้นฐาน,สพป.เชียงใหม่ เขต 3,11,36.36,23.37,32.73,16.01,28.79,12.49,27.27,32.78,29.55,20.83,27.27,19.81
2565,219,วัดศรีบุญเรือง,ฝาง,เล็ก,นอกเมือง,สำนักงานคณะกรรมการการศึกษาขั้นพื้นฐาน,สพป.เชียงใหม่ เขต 3,6,33.33,16.67,20.00,11.55,27.78,24.85,66.67,37.27,29.17,17.18,37.50,23.94
2565,220,วิรุณเทพ,ฝาง,เล็ก,นอกเมือง,สำนักงานคณะกรรมการการศึกษาขั้นพื้นฐาน,สพป.เชียงใหม่ เขต 3,10,31.67,20.34,29.00,15.78,36.67,16.33,25.00,25.00,25.00,27.39,25.00,22.36
2565,221,สายอักษร,ฝาง,กลาง,นอกเมือง,สำนักงานคณะกรรมการส่งเสริมการศึกษาเอกชน,-,57,38.30,24.97,40.35,23.84,40.06,24.75,52.63,36.78,37.72,32.15,32.89,25.72
2565,222,อาโอยาม่า,ฝาง,เล็ก,นอกเมือง,กองบัญชาการตำรวจตระเวนชายแดน,-,11,27.27,12.86,28.18,16.96,25.76,22.88,27.27,32.78,15.91,16.07,36.36,16.39
2565,223,เจ้าพ่อหลวงอุปถัมภ์ 2,พร้าว,เล็ก,นอกเมือง,กองบัญชาการตำรวจตระเวนชายแดน,-,11,33.33,18.80,29.09,13.79,39.39,20.44,31.82,38.57,34.09,22.03,13.64,19.55
2565,224,ชุมชนบ้านโป่ง,พร้าว,เล็ก,นอกเมือง,สำนักงานคณะกรรมการการศึกษาขั้นพื้นฐาน,สพป.เชียงใหม่ เขต 2,6,33.33,27.22,35.00,22.91,44.44,18.43,50.00,40.82,33.33,23.57,25.00,14.43
2565,225,ชุมชนสหกรณ์นิคมวิทยา,พร้าว,เล็ก,นอกเมือง,สำนักงานคณะกรรมการการศึกษาขั้นพื้นฐาน,สพป.เชียงใหม่ เขต 2,23,33.33,17.03,23.91,12.06,26.81,20.11,28.26,35.59,22.83,20.74,19.57,16.41
2565,226,บ้านขุนแจ๋,พร้าว,เล็ก,นอกเมือง,สำนักงานคณะกรรมการการศึกษาขั้นพื้นฐาน,สพป.เชียงใหม่ เขต 2,6,22.22,26.64,26.67,12.47,19.44,14.96,16.67,23.57,33.33,27.64,29.17,17.18
2565,227,บ้านแจ่งกู่เรือง,พร้าว,กลาง,นอกเมือง,สำนักงานคณะกรรมการการศึกษาขั้นพื้นฐาน,สพป.เชียงใหม่ เขต 2,95,44.56,28.04,44.32,25.28,45.79,27.99,61.05,37.12,50.00,30.35,35.79,27.78
2565,228,บ้านต้นรุง,พร้าว,เล็ก,นอกเมือง,สำนักงานคณะกรรมการการศึกษาขั้นพื้นฐาน,สพป.เชียงใหม่ เขต 2,8,27.08,14.28,31.25,15.36,25.00,22.05,37.50,33.07,34.38,27.78,37.50,21.65
2565,229,บ้านท่ามะเกี๋ยง,พร้าว,เล็ก,นอกเมือง,สำนักงานคณะกรรมการการศึกษาขั้นพื้นฐาน,สพป.เชียงใหม่ เขต 2,2,25.00,25.00,25.00,5.00,66.67,0.00,50.00,50.00,50.00,25.00,0.00,0.00
2565,230,บ้านนาบุญโหล่งขอด,พร้าว,เล็ก,นอกเมือง,สำนักงานคณะกรรมการการศึกษาขั้นพื้นฐาน,สพป.เชียงใหม่ เขต 2,7,42.86,29.35,44.29,30.17,52.38,22.59,85.71,22.59,57.14,39.45,35.71,18.21
2565,231,บ้านป่าตุ้ม,พร้าว,กลาง,นอกเมือง,สำนักงานคณะกรรมการการศึกษาขั้นพื้นฐาน,สพป.เชียงใหม่ เขต 2,12,25.00,18.63,38.33,12.80,34.72,15.90,58.33,39.97,43.75,20.73,27.08,21.55
2565,232,บ้านป่าไหน่,พร้าว,เล็ก,นอกเมือง,สำนักงานคณะกรรมการการศึกษาขั้นพื้นฐาน,สพป.เชียงใหม่ เขต 2,6,30.56,14.96,31.67,19.51,36.11,17.79,33.33,37.27,45.83,22.44,33.33,27.64
2565,233,บ้านแม่ปั๋ง,พร้าว,เล็ก,นอกเมือง,สำนักงานคณะกรรมการการศึกษาขั้นพื้นฐาน,สพป.เชียงใหม่ เขต 2,6,33.33,21.52,41.67,22.67,55.56,31.43,58.33,44.88,20.83,26.68,25.00,14.43
2565,234,บ้านแม่ปาคี,พร้าว,เล็ก,นอกเมือง,สำนักงานคณะกรรมการการศึกษาขั้นพื้นฐาน,สพป.เชียงใหม่ เขต 2,12,27.78,15.71,24.17,15.52,33.33,19.25,29.17,24.65,22.92,16.00,18.75,20.73
2565,235,บ้านแม่เหียะ,พร้าว,เล็ก,นอกเมือง,สำนักงานคณะกรรมการการศึกษาขั้นพื้นฐาน,สพป.เชียงใหม่ เขต 2,21,30.95,18.75,25.71,15.91,30.16,17.53,42.86,35.48,34.52,23.75,26.19,21.10
2565,236,บ้านสันกลาง,พร้าว,เล็ก,นอกเมือง,สำนักงานคณะกรรมการการศึกษาขั้นพื้นฐาน,สพป.เชียงใหม่ เขต 2,2,41.67,25.00,50.00,0.00,16.67,16.67,75.00,25.00,0.00,0.00,12.50,12.50
2565,237,บ้านสันปง,พร้าว,เล็ก,นอกเมือง,สำนักงานคณะกรรมการการศึกษาขั้นพื้นฐาน,สพป.เชียงใหม่ เขต 2,4,41.67,27.64,37.50,22.78,41.67,14.43,62.50,21.65,62.50,27.95,31.25,20.73
2565,238,บ้านหนองปิด,พร้าว,เล็ก,นอกเมือง,สำนักงานคณะกรรมการการศึกษาขั้นพื้นฐาน,สพป.เชียงใหม่ เขต 2,13,25.64,18.04,34.62,13.93,34.62,26.52,23.08,24.93,28.85,21.59,19.23,17.41
2565,239,บ้านหลวง,พร้าว,เล็ก,นอกเมือง,สำนักงานคณะกรรมการการศึกษาขั้นพื้นฐาน,สพป.เชียงใหม่ เขต 2,5,16.67,14.91,42.00,13.27,33.33,14.91,70.00,24.49,30.00,24.49,10.00,12.25
2565,240,บ้านห้วยบง,พร้าว,เล็ก,นอกเมือง,สำนักงานคณะกรรมการการศึกษาขั้นพื้นฐาน,สพป.เชียงใหม่ เขต 2,5,43.33,17.00,34.00,23.32,30.00,12.47,50.00,44.72,20.00,18.71,5.00,10.00
2565,241,ประชาสามัคคีวิทยา,พร้าว,เล็ก,นอกเมือง,สำนักงานคณะกรรมการการศึกษาขั้นพื้นฐาน,สพป.เชียงใหม่ เขต 2,5,40.00,13.33,26.00,17.44,33.33,10.54,60.00,48.99,40.00,33.91,30.00,24.49
2565,242,ประดู่วิทยา,พร้าว,เล็ก,นอกเมือง,สำนักงานคณะกรรมการการศึกษาขั้นพื้นฐาน,สพป.เชียงใหม่ เขต 2,4,20.83,13.82,30.00,12.25,33.33,11.79,37.50,41.46,43.75,27.24,18.75,20.73
2565,243,พร้าวบูรพา,พร้าว,เล็ก,นอกเมือง,สำนักงานคณะกรรมการการศึกษาขั้นพื้นฐาน,สพป.เชียงใหม่ เขต 2,15,24.44,13.43,24.67,14.54,31.11,11.97,16.67,29.81,30.00,20.82,28.33,20.14
2565,244,สหกรณ์ดำริ,พร้าว,เล็ก,นอกเมือง,สำนักงานคณะกรรมการการศึกษาขั้นพื้นฐาน,สพป.เชียงใหม่ เขต 2,5,33.33,10.54,22.00,17.20,26.67,22.61,20.00,24.49,40.00,25.50,40.00,30.00
2565,245,กสิณธร เซนต์เจมส์ เชียงใหม่,เมืองเชียงใหม่,เล็ก,ในเมือง,สำนักงานคณะกรรมการส่งเสริมการศึกษาเอกชน,-,16,81.25,28.79,84.37,28.28,80.21,24.45,78.12,24.80,78.13,19.52,84.38,17.40
2565,246,โกวิทธำรงเชียงใหม่,เมืองเชียงใหม่,ใหญ่,ในเมือง,สำนักงานคณะกรรมการส่งเสริมการศึกษาเอกชน,-,123,48.92,31.14,56.02,26.65,52.30,27.16,64.23,38.53,60.16,30.55,43.09,32.40
2565,247,ขาลสุวรรณอนุสรณ์,เมืองเชียงใหม่,กลาง,ในเมือง,สำนักงานคณะกรรมการส่งเสริมการศึกษาเอกชน,-,36,33.33,24.53,30.83,16.73,36.57,18.77,36.11,36.54,29.86,19.38,33.33,25.00
2565,248,คำเที่ยงอนุสสรณ์,เมืองเชียงใหม่,กลาง,ในเมือง,สำนักงานคณะกรรมการการศึกษาขั้นพื้นฐาน,สพป.เชียงใหม่ เขต 1,93,30.82,26.32,40.32,21.32,38.89,20.35,36.02,39.73,40.59,30.21,31.18,23.66
2565,249,จิตราวิทยา,เมืองเชียงใหม่,ใหญ่,ในเมือง,สำนักงานคณะกรรมการส่งเสริมการศึกษาเอกชน,-,114,40.35,26.30,42.63,22.60,44.88,24.79,54.39,36.61,42.11,28.55,35.31,25.61
2565,250,เจ้าพ่อหลวงอุปถัมภ์ 1,เมืองเชียงใหม่,เล็ก,ในเมือง,สำนักงานคณะกรรมการการศึกษาขั้นพื้นฐาน,สพป.เชียงใหม่ เขต 1,15,33.33,16.10,24.67,10.87,27.78,17.92,46.67,38.59,33.33,23.57,21.67,20.14
2565,251,ชุมชนเทศบาลวัดศรีดอนไชย,เมืองเชียงใหม่,กลาง,ในเมือง,กรมส่งเสริมการปกครองท้องถิ่น,ท้องถิ่นจังหวัดเชียงใหม่,25,34.00,23.80,36.80,22.75,40.00,25.82,54.00,34.41,31.00,25.77,31.00,25.77
2565,252,ชุมชนบ้านบวกครกน้อย,เมืองเชียงใหม่,กลาง,ในเมือง,สำนักงานคณะกรรมการการศึกษาขั้นพื้นฐาน,สพป.เชียงใหม่ เขต 1,37,31.53,18.09,35.68,17.64,28.83,20.74,35.14,38.32,43.24,27.04,33.11,22.55
2565,253,ชุมชนวัดท่าเดื่อ,เมืองเชียงใหม่,เล็ก,ในเมือง,สำนักงานคณะกรรมการการศึกษาขั้นพื้นฐาน,สพป.เชียงใหม่ เขต 1,16,39.58,28.18,27.50,16.01,19.79,15.83,53.12,41.34,35.94,26.47,32.81,17.04
2565,254,เชียงใหม่คริสเตียน,เมืองเชียงใหม่,ใหญ่,ในเมือง,สำนักงานคณะกรรมการส่งเสริมการศึกษาเอกชน,-,90,37.41,27.81,42.33,23.43,40.56,29.09,46.11,39.60,38.61,26.92,30.56,27.83
2565,255,ดาราวิทยาลัย,เมืองเชียงใหม่,ใหญ่พิเศษ,ในเมือง,สำนักงานคณะกรรมการส่งเสริมการศึกษาเอกชน,-,247,54.25,31.22,56.03,26.53,56.82,25.84,67.41,36.84,55.67,30.49,45.34,29.65
2565,256,ท่าศาลา,เมืองเชียงใหม่,เล็ก,ในเมือง,สำนักงานคณะกรรมการการศึกษาขั้นพื้นฐาน,สพป.เชียงใหม่ เขต 1,18,34.26,22.55,30.56,22.48,29.63,25.19,38.89,35.57,30.56,27.07,37.50,25.34
2565,257,เทพบดินทร์วิทยาเชียงใหม่,เมืองเชียงใหม่,ใหญ่,ในเมือง,สำนักงานคณะกรรมการส่งเสริมการศึกษาเอกชน,-,139,33.21,25.64,43.24,22.51,38.61,23.66,44.24,39.37,41.55,30.37,33.81,22.21
2565,258,เทศบาลดอกเงิน,เมืองเชียงใหม่,เล็ก,ในเมือง,กรมส่งเสริมการปกครองท้องถิ่น,ท้องถิ่นจังหวัดเชียงใหม่,13,35.90,24.33,35.38,23.08,33.33,23.57,30.77,31.25,32.69,33.09,28.85,23.71
2565,259,เทศบาลวัดกู่คำ,เมืองเชียงใหม่,เล็ก,ในเมือง,กรมส่งเสริมการปกครองท้องถิ่น,ท้องถิ่นจังหวัดเชียงใหม่,12,23.61,20.93,30.83,17.54,30.56,21.34,33.33,31.18,37.50,26.02,31.25,20.73
2565,260,เทศบาลวัดเกตการาม,เมืองเชียงใหม่,เล็ก,ในเมือง,กรมส่งเสริมการปกครองท้องถิ่น,ท้องถิ่นจังหวัดเชียงใหม่,15,31.11,15.95,29.33,16.92,36.67,20.37,30.00,35.59,21.67,17.95,23.33,23.21
2565,261,เทศบาลวัดเชียงยืน,เมืองเชียงใหม่,กลาง,ในเมือง,กรมส่งเสริมการปกครองท้องถิ่น,ท้องถิ่นจังหวัดเชียงใหม่,32,21.35,22.91,30.62,16.19,37.50,19.09,32.81,38.75,40.63,28.47,31.25,21.65
2565,262,เทศบาลวัดท่าสะต๋อย,เมืองเชียงใหม่,กลาง,ในเมือง,กรมส่งเสริมการปกครองท้องถิ่น,ท้องถิ่นจังหวัดเชียงใหม่,48,34.37,24.63,40.21,21.75,36.81,23.80,44.79,38.51,35.42,27.40,28.13,23.18
2565,263,เทศบาลวัดป่าแพ่ง,เมืองเชียงใหม่,กลาง,ในเมือง,กรมส่งเสริมการปกครองท้องถิ่น,ท้องถิ่นจังหวัดเชียงใหม่,32,24.48,17.17,33.12,15.70,30.21,19.74,40.62,36.31,28.91,26.60,22.66,24.49
2565,264,เทศบาลวัดพวกช้าง,เมืองเชียงใหม่,เล็ก,ในเมือง,กรมส่งเสริมการปกครองท้องถิ่น,ท้องถิ่นจังหวัดเชียงใหม่,11,37.88,23.67,30.00,17.58,31.82,21.85,18.18,32.14,25.00,21.32,34.09,19.28
2565,265,เทศบาลวัดศรีปิงเมือง,เมืองเชียงใหม่,กลาง,ในเมือง,กรมส่งเสริมการปกครองท้องถิ่น,ท้องถิ่นจังหวัดเชียงใหม่,19,31.58,26.98,33.68,24.11,36.84,24.53,52.63,37.95,36.84,29.66,34.21,24.62
2565,266,เทศบาลวัดศรีสุพรรณ,เมืองเชียงใหม่,กลาง,ในเมือง,กรมส่งเสริมการปกครองท้องถิ่น,ท้องถิ่นจังหวัดเชียงใหม่,14,39.29,24.08,47.14,23.12,32.14,22.24,46.43,39.93,50.00,32.73,33.93,22.37
2565,267,เทศบาลวัดหมื่นเงินกอง,เมืองเชียงใหม่,เล็ก,ในเมือง,กรมส่งเสริมการปกครองท้องถิ่น,ท้องถิ่นจังหวัดเชียงใหม่,20,45.83,25.21,47.50,23.21,49.17,24.42,67.50,32.69,62.50,30.10,35.00,24.24
2565,268,บ้านเชิงดอยสุเทพ,เมืองเชียงใหม่,เล็ก,ในเมือง,สำนักงานคณะกรรมการการศึกษาขั้นพื้นฐาน,สพป.เชียงใหม่ เขต 1,16,58.33,36.32,61.25,23.68,61.46,28.70,78.12,30.46,70.31,30.90,56.25,31.25
2565,269,บ้านดอนปิน,เมืองเชียงใหม่,เล็ก,ในเมือง,สำนักงานคณะกรรมการการศึกษาขั้นพื้นฐาน,สพป.เชียงใหม่ เขต 1,29,28.16,17.01,33.45,16.25,35.63,19.93,39.66,35.67,28.45,22.48,23.28,22.68
2565,270,บ้านท่าหลุกสันทราย,เมืองเชียงใหม่,กลาง,ในเมือง,สำนักงานคณะกรรมการการศึกษาขั้นพื้นฐาน,สพป.เชียงใหม่ เขต 1,14,33.33,23.57,35.71,23.52,40.48,19.63,50.00,26.73,41.07,33.55,33.93,24.29
2565,271,บ้านโป่งน้อย,เมืองเชียงใหม่,กลาง,ในเมือง,สำนักงานคณะกรรมการการศึกษาขั้นพื้นฐาน,สพป.เชียงใหม่ เขต 1,57,32.16,22.04,32.63,18.21,33.63,21.51,37.72,35.39,29.39,24.39,24.12,23.40
2565,272,บ้านแม่เหียะสามัคคี,เมืองเชียงใหม่,เล็ก,ในเมือง,สำนักงานคณะกรรมการการศึกษาขั้นพื้นฐาน,สพป.เชียงใหม่ เขต 1,10,28.33,15.00,36.00,12.81,36.67,16.33,55.00,41.53,30.00,18.71,25.00,19.36
2565,273,บ้านห้วยทราย,เมืองเชียงใหม่,เล็ก,ในเมือง,สำนักงานคณะกรรมการการศึกษาขั้นพื้นฐาน,สพป.เชียงใหม่ เขต 1,8,35.42,21.14,40.00,17.32,35.42,13.01,50.00,43.30,31.25,40.98,43.75,27.24
2565,274,ปรินส์รอยแยลส์วิทยาลัย,เมืองเชียงใหม่,ใหญ่พิเศษ,ในเมือง,สำนักงานคณะกรรมการส่งเสริมการศึกษาเอกชน,-,498,78.11,27.43,78.19,25.73,74.20,26.04,85.74,26.84,76.20,26.34,63.20,31.01
2565,275,พระหฤทัยเชียงใหม่,เมืองเชียงใหม่,ใหญ่,ในเมือง,สำนักงานคณะกรรมการส่งเสริมการศึกษาเอกชน,-,112,62.05,32.75,65.89,29.35,61.31,29.23,67.86,39.45,61.83,32.38,54.46,30.84
2565,276,พิงครัตน์,เมืองเชียงใหม่,เล็ก,ในเมือง,สำนักงานคณะกรรมการส่งเสริมการศึกษาเอกชน,-,9,88.89,13.61,98.89,3.14,87.04,15.27,72.22,24.85,83.33,11.79,86.11,17.12
2565,277,พิมานเด็กเชียงใหม่,เมืองเชียงใหม่,กลาง,ในเมือง,สำนักงานคณะกรรมการส่งเสริมการศึกษาเอกชน,-,26,62.18,30.51,65.00,24.53,63.46,28.50,71.15,37.14,64.42,34.79,51.92,27.67
2565,278,พุทธิโศภน,เมืองเชียงใหม่,ใหญ่,ในเมือง,สำนักงานคณะกรรมการการศึกษาขั้นพื้นฐาน,สพป.เชียงใหม่ เขต 1,180,43.89,26.23,46.28,26.58,44.07,25.56,50.56,36.51,43.33,29.65,38.06,29.75
2565,279,มงฟอร์ตวิทยาลัย แผนกประถม,เมืองเชียงใหม่,ใหญ่พิเศษ,ในเมือง,สำนักงานคณะกรรมการส่งเสริมการศึกษาเอกชน,-,350,74.62,28.89,75.83,26.51,73.76,25.81,80.86,29.36,72.29,25.63,64.79,30.55
2565,280,ยุวฑูตศึกษาพัฒนาราชพฤกษ์,เมืองเชียงใหม่,เล็ก,ในเมือง,สำนักงานคณะกรรมการส่งเสริมการศึกษาเอกชน,-,1,83.33,0.00,100.00,0.00,100.00,0.00,100.00,0.00,75.00,0.00,100.00,0.00
2565,281,เรยีนาเชลีวิทยาลัย,เมืองเชียงใหม่,ใหญ่,ในเมือง,สำนักงานคณะกรรมการส่งเสริมการศึกษาเอกชน,-,151,60.38,30.67,62.32,29.33,58.50,30.26,70.20,36.93,61.92,31.50,53.15,30.08
2565,282,วชิรวิทย์ เชียงใหม่,เมืองเชียงใหม่,กลาง,ในเมือง,สำนักงานคณะกรรมการส่งเสริมการศึกษาเอกชน,-,68,48.53,33.42,50.59,29.00,52.21,26.95,63.24,38.94,49.26,26.42,37.50,25.90
2565,283,วัดข่วงสิงห์,เมืองเชียงใหม่,กลาง,ในเมือง,สำนักงานคณะกรรมการการศึกษาขั้นพื้นฐาน,สพป.เชียงใหม่ เขต 1,23,36.96,23.03,40.43,23.31,35.51,27.06,73.91,29.00,41.30,30.04,30.43,24.40
2565,284,วัดขะจาว,เมืองเชียงใหม่,เล็ก,ในเมือง,สำนักงานคณะกรรมการการศึกษาขั้นพื้นฐาน,สพป.เชียงใหม่ เขต 1,24,29.86,20.40,34.58,19.36,36.11,21.34,52.08,42.03,45.83,32.00,47.92,18.98
2565,285,วัดเจ็ดยอด,เมืองเชียงใหม่,เล็ก,ในเมือง,สำนักงานคณะกรรมการการศึกษาขั้นพื้นฐาน,สพป.เชียงใหม่ เขต 1,7,28.57,24.74,38.57,18.07,23.81,26.51,57.14,41.65,42.86,25.75,32.14,25.75
2565,286,วัดช่างเคี่ยน,เมืองเชียงใหม่,กลาง,ในเมือง,สำนักงานคณะกรรมการการศึกษาขั้นพื้นฐาน,สพป.เชียงใหม่ เขต 1,26,30.13,22.18,31.92,21.84,25.64,21.30,36.54,35.51,25.00,21.93,25.96,22.45
2565,287,วัดดอนจั่น,เมืองเชียงใหม่,กลาง,ในเมือง,สำนักงานคณะกรรมการการศึกษาขั้นพื้นฐาน,สพป.เชียงใหม่ เขต 1,30,25.00,19.12,25.67,16.27,30.56,18.80,31.67,37.60,25.00,20.41,27.50,18.65
2565,288,วัดป่าข่อยใต้,เมืองเชียงใหม่,เล็ก,ในเมือง,สำนักงานคณะกรรมการการศึกษาขั้นพื้นฐาน,สพป.เชียงใหม่ เขต 1,24,29.17,18.16,34.58,19.36,31.25,13.87,31.25,31.66,32.29,28.39,23.96,19.74
2565,289,วัดป่าแดด,เมืองเชียงใหม่,เล็ก,ในเมือง,สำนักงานคณะกรรมการการศึกษาขั้นพื้นฐาน,สพป.เชียงใหม่ เขต 1,21,37.30,27.17,45.24,26.12,46.83,25.00,64.29,38.24,45.24,31.45,28.57,23.51
2565,290,วัดป่าตัน,เมืองเชียงใหม่,เล็ก,ในเมือง,สำนักงานคณะกรรมการการศึกษาขั้นพื้นฐาน,สพป.เชียงใหม่ เขต 1,12,44.44,26.64,45.00,13.23,34.72,18.58,54.17,43.10,47.92,27.87,31.25,23.11
2565,291,วัดเมืองสาตร,เมืองเชียงใหม่,เล็ก,ในเมือง,สำนักงานคณะกรรมการการศึกษาขั้นพื้นฐาน,สพป.เชียงใหม่ เขต 1,13,37.18,23.71,40.00,17.10,35.90,18.31,46.15,23.71,36.54,21.07,38.46,25.22
2565,292,วัดร้องอ้อ,เมืองเชียงใหม่,กลาง,ในเมือง,สำนักงานคณะกรรมการการศึกษาขั้นพื้นฐาน,สพป.เชียงใหม่ เขต 1,18,33.33,25.46,43.89,20.04,37.96,18.26,55.56,36.85,48.61,29.43,33.33,23.57
2565,293,วัดวังสิงห์คำ,เมืองเชียงใหม่,เล็ก,ในเมือง,สำนักงานคณะกรรมการการศึกษาขั้นพื้นฐาน,สพป.เชียงใหม่ เขต 1,26,23.72,16.13,33.08,14.08,26.28,19.16,36.54,32.69,30.77,23.32,33.65,22.94
2565,294,วัดสวนดอก,เมืองเชียงใหม่,กลาง,ในเมือง,สำนักงานคณะกรรมการการศึกษาขั้นพื้นฐาน,สพป.เชียงใหม่ เขต 1,39,32.91,21.18,37.95,18.00,40.17,22.87,42.31,36.76,41.67,29.60,34.62,28.09
2565,295,วัดเสาหิน,เมืองเชียงใหม่,เล็ก,ในเมือง,สำนักงานคณะกรรมการการศึกษาขั้นพื้นฐาน,สพป.เชียงใหม่ เขต 1,9,22.22,13.61,28.89,19.69,37.04,13.09,22.22,34.25,16.67,31.18,38.89,31.43
2565,296,วัดหนองป่าครั่ง,เมืองเชียงใหม่,เล็ก,ในเมือง,สำนักงานคณะกรรมการการศึกษาขั้นพื้นฐาน,สพป.เชียงใหม่ เขต 1,4,20.83,13.82,47.50,17.85,37.50,32.00,62.50,41.46,50.00,30.62,56.25,10.83
2565,297,วารีเชียงใหม่,เมืองเชียงใหม่,ใหญ่พิเศษ,ในเมือง,สำนักงานคณะกรรมการส่งเสริมการศึกษาเอกชน,-,119,83.89,24.44,88.40,18.24,82.49,21.48,81.51,28.89,71.85,23.50,75.84,28.61
2565,298,วิชัยวิทยา,เมืองเชียงใหม่,กลาง,ในเมือง,สำนักงานคณะกรรมการส่งเสริมการศึกษาเอกชน,-,10,86.67,19.44,91.00,15.13,85.00,13.84,80.00,24.49,67.50,22.50,72.50,32.50
2565,299,ศรีเนห์รู,เมืองเชียงใหม่,เล็ก,ในเมือง,สำนักงานคณะกรรมการการศึกษาขั้นพื้นฐาน,สพป.เชียงใหม่ เขต 1,12,27.78,23.90,27.50,12.33,29.17,18.16,16.67,23.57,16.67,21.25,27.08,33.01
2565,300,ศิริมังคลาจารย์,เมืองเชียงใหม่,เล็ก,ในเมือง,สำนักงานคณะกรรมการการศึกษาขั้นพื้นฐาน,สพป.เชียงใหม่ เขต 1,10,26.67,20.00,36.00,16.85,40.00,11.06,40.00,37.42,47.50,20.77,30.00,18.71
2565,301,สังวาลย์วิทยา,เมืองเชียงใหม่,เล็ก,ในเมือง,สำนักงานคณะกรรมการการศึกษาขั้นพื้นฐาน,สพป.เชียงใหม่ เขต 1,4,16.67,0.00,20.00,7.07,16.67,11.79,12.50,21.65,12.50,12.50,25.00,17.68
2565,302,สันติศึกษา,เมืองเชียงใหม่,เล็ก,ในเมือง,สำนักงานคณะกรรมการส่งเสริมการศึกษาเอกชน,-,18,39.81,28.94,55.00,28.14,50.00,24.85,55.56,43.74,38.89,31.43,37.50,23.94
2565,303,สาธิตมหาวิทยาลัยราชภัฏเชียงใหม่,เมืองเชียงใหม่,กลาง,ในเมือง,สำนักงานปลัดกระทรวงการอุดมศึกษาฯ,-,86,40.89,27.57,43.02,24.64,45.54,25.72,41.28,35.92,38.37,27.68,37.50,27.43
2565,304,สารสาสน์วิเทศเชียงใหม่,เมืองเชียงใหม่,ใหญ่,ในเมือง,สำนักงานคณะกรรมการส่งเสริมการศึกษาเอกชน,-,76,76.10,26.54,77.76,25.06,74.34,25.71,79.61,31.60,72.70,24.39,64.47,30.96
2565,305,สารสาสน์วิเทศล้านนา,เมืองเชียงใหม่,ใหญ่,ในเมือง,สำนักงานคณะกรรมการส่งเสริมการศึกษาเอกชน,-,155,66.02,29.99,69.61,30.07,65.91,27.91,70.32,38.81,61.77,32.04,58.55,33.41
2565,306,โสตศึกษาอนุสารสุนทร,เมืองเชียงใหม่,เล็ก,ในเมือง,สำนักบริหารงานการศึกษาพิเศษ,-,0,-,-,-,-,-,-,-,-,-,-,-,-
2565,307,อนุบาลเชียงใหม่,เมืองเชียงใหม่,ใหญ่พิเศษ,ในเมือง,สำนักงานคณะกรรมการการศึกษาขั้นพื้นฐาน,สพป.เชียงใหม่ เขต 1,299,60.54,32.42,61.91,30.70,61.93,29.85,67.56,37.49,62.21,31.57,49.92,34.85
2565,308,อนุบาลบ้านท่อเมืองลัง,เมืองเชียงใหม่,กลาง,ในเมือง,สำนักงานคณะกรรมการการศึกษาขั้นพื้นฐาน,สพป.เชียงใหม่ เขต 1,27,35.80,25.13,40.74,22.43,46.30,19.42,57.41,37.77,53.70,30.20,33.33,22.57
2565,309,อนุบาลหนองป่าครั่ง,เมืองเชียงใหม่,เล็ก,ในเมือง,กรมส่งเสริมการปกครองท้องถิ่น,ท้องถิ่นจังหวัดเชียงใหม่,11,43.94,26.85,40.00,21.32,34.85,25.08,45.45,45.00,59.09,34.17,29.55,17.90
2565,310,ชุมชนตำบลท่าผา,แม่แจ่ม,เล็ก,นอกเมือง,สำนักงานคณะกรรมการการศึกษาขั้นพื้นฐาน,สพป.เชียงใหม่ เขต 6,13,41.03,22.28,36.92,20.90,30.77,15.81,46.15,36.49,65.38,30.28,30.77,19.99
2565,311,ชุมชนบ้านช่างเคิ่ง,แม่แจ่ม,กลาง,นอกเมือง,สำนักงานคณะกรรมการการศึกษาขั้นพื้นฐาน,สพป.เชียงใหม่ เขต 6,24,24.31,22.56,31.25,19.22,29.17,13.82,43.75,36.26,26.04,23.36,27.08,21.55
2565,312,ชุมชนบ้านพร้าวหนุ่ม,แม่แจ่ม,เล็ก,นอกเมือง,สำนักงานคณะกรรมการการศึกษาขั้นพื้นฐาน,สพป.เชียงใหม่ เขต 6,19,28.95,19.38,35.79,14.62,32.46,26.75,44.74,35.89,44.74,32.01,34.21,23.24
2565,313,เซนต์โยเซฟแม่แจ่ม,แม่แจ่ม,กลาง,นอกเมือง,สำนักงานคณะกรรมการส่งเสริมการศึกษาเอกชน,-,36,28.24,16.58,29.17,12.10,37.04,20.45,79.17,27.32,29.17,23.94,21.53,23.68
2565,314,ตำรวจตระเวนชายแดนบางกอก เชฟ แชร์ริตี้ บ้านแม่ขอ,แม่แจ่ม,เล็ก,นอกเมือง,กองบัญชาการตำรวจตระเวนชายแดน,-,6,22.22,15.71,15.00,5.00,25.00,12.73,33.33,23.57,12.50,12.50,16.67,11.79
2565,315,บ้านกองแขก,แม่แจ่ม,เล็ก,นอกเมือง,สำนักงานคณะกรรมการการศึกษาขั้นพื้นฐาน,สพป.เชียงใหม่ เขต 6,10,38.33,26.93,40.00,24.08,35.00,32.02,45.00,35.00,40.00,25.50,30.00,26.93
2565,316,บ้านกองแขก สาขาบ้านแม่หลุ,แม่แจ่ม,เล็ก,นอกเมือง,สำนักงานคณะกรรมการการศึกษาขั้นพื้นฐาน,สพป.เชียงใหม่ เขต 6,0,-,-,-,-,-,-,-,-,-,-,-,-
2565,317,บ้านขุนแม่นาย,แม่แจ่ม,เล็ก,นอกเมือง,สำนักงานคณะกรรมการการศึกษาขั้นพื้นฐาน,สพป.เชียงใหม่ เขต 6,13,23.08,16.72,26.92,15.38,24.36,14.04,42.31,33.09,25.00,24.02,26.92,24.93
2565,318,บ้านขุนแม่หยอด,แม่แจ่ม,เล็ก,นอกเมือง,สำนักงานคณะกรรมการการศึกษาขั้นพื้นฐาน,สพป.เชียงใหม่ เขต 6,10,20.00,12.47,35.00,12.85,26.67,15.28,10.00,20.00,25.00,25.00,27.50,17.50
2565,319,บ้านต่อเรือ,แม่แจ่ม,เล็ก,นอกเมือง,สำนักงานคณะกรรมการการศึกษาขั้นพื้นฐาน,สพป.เชียงใหม่ เขต 6,5,20.00,6.67,40.00,8.94,23.33,17.00,40.00,20.00,20.00,18.71,30.00,29.15
2565,320,บ้านทัพ,แม่แจ่ม,เล็ก,นอกเมือง,สำนักงานคณะกรรมการการศึกษาขั้นพื้นฐาน,สพป.เชียงใหม่ เขต 6,9,24.07,17.76,41.11,13.70,40.74,19.42,66.67,33.33,41.67,20.41,30.56,28.33
2565,321,บ้านทุ่งแก,แม่แจ่ม,เล็ก,นอกเมือง,สำนักงานคณะกรรมการการศึกษาขั้นพื้นฐาน,สพป.เชียงใหม่ เขต 6,4,33.33,20.41,25.00,8.66,25.00,8.33,50.00,35.36,12.50,21.65,18.75,10.83
2565,322,บ้านทุ่งแก สาขาแม่แอบ,แม่แจ่ม,เล็ก,นอกเมือง,สำนักงานคณะกรรมการการศึกษาขั้นพื้นฐาน,สพป.เชียงใหม่ เขต 6,19,17.54,16.64,25.79,12.70,21.05,14.14,34.21,32.66,38.16,27.35,23.68,17.16
2565,323,บ้านทุ่งยาว,แม่แจ่ม,เล็ก,นอกเมือง,สำนักงานคณะกรรมการการศึกษาขั้นพื้นฐาน,สพป.เชียงใหม่ เขต 6,12,29.17,20.55,31.67,16.75,34.72,27.60,50.00,35.36,54.17,32.00,27.08,21.55
2565,324,บ้านนากลาง,แม่แจ่ม,เล็ก,นอกเมือง,สำนักงานคณะกรรมการการศึกษาขั้นพื้นฐาน,สพป.เชียงใหม่ เขต 6,6,27.78,12.42,30.00,8.16,30.56,22.40,41.67,44.88,8.33,11.79,29.17,26.68
2565,325,บ้านนากลาง สาขาห้วยผักกูด,แม่แจ่ม,เล็ก,นอกเมือง,สำนักงานคณะกรรมการการศึกษาขั้นพื้นฐาน,สพป.เชียงใหม่ เขต 6,5,23.33,17.00,32.00,7.48,30.00,19.44,30.00,24.49,15.00,20.00,25.00,15.81
2565,326,บ้านปางเกี๊ยะ,แม่แจ่ม,กลาง,นอกเมือง,สำนักงานคณะกรรมการการศึกษาขั้นพื้นฐาน,สพป.เชียงใหม่ เขต 6,28,26.79,21.98,29.64,12.67,32.74,22.49,35.71,34.99,33.93,28.52,29.46,16.44
2565,327,บ้านปางหินฝน,แม่แจ่ม,เล็ก,นอกเมือง,สำนักงานคณะกรรมการการศึกษาขั้นพื้นฐาน,สพป.เชียงใหม่ เขต 6,7,26.19,8.25,41.43,14.57,35.71,20.76,57.14,41.65,53.57,33.88,21.43,20.82
2565,328,บ้านปางอุ๋ง,แม่แจ่ม,กลาง,นอกเมือง,สำนักงานคณะกรรมการการศึกษาขั้นพื้นฐาน,สพป.เชียงใหม่ เขต 6,22,27.27,17.07,28.64,14.86,27.27,18.49,18.18,28.39,30.68,19.85,21.59,17.35
2565,329,บ้านปางอุ๋ง สาขาแม่สะต๊อป,แม่แจ่ม,เล็ก,นอกเมือง,สำนักงานคณะกรรมการการศึกษาขั้นพื้นฐาน,สพป.เชียงใหม่ เขต 6,10,20.00,12.47,28.00,11.66,35.00,18.93,50.00,44.72,27.50,13.46,22.50,23.58
2565,330,บ้านแปะสามัคคี,แม่แจ่ม,เล็ก,นอกเมือง,สำนักงานคณะกรรมการการศึกษาขั้นพื้นฐาน,สพป.เชียงใหม่ เขต 6,7,19.05,5.83,28.57,8.33,40.48,19.63,28.57,24.74,28.57,24.74,21.43,15.97
2565,331,บ้านผานัง,แม่แจ่ม,เล็ก,นอกเมือง,สำนักงานคณะกรรมการการศึกษาขั้นพื้นฐาน,สพป.เชียงใหม่ เขต 6,5,23.33,13.33,26.00,12.00,30.00,6.67,50.00,31.62,25.00,22.36,40.00,12.25
2565,332,บ้านผาละปิ,แม่แจ่ม,เล็ก,นอกเมือง,สำนักงานคณะกรรมการการศึกษาขั้นพื้นฐาน,สพป.เชียงใหม่ เขต 6,14,21.43,17.17,33.57,13.42,29.76,20.10,67.86,35.89,41.07,24.29,23.21,17.59
2565,333,บ้านพุย สาขาพุยใต้,แม่แจ่ม,เล็ก,นอกเมือง,สำนักงานคณะกรรมการการศึกษาขั้นพื้นฐาน,สพป.เชียงใหม่ เขต 6,1,16.67,0.00,0.00,0.00,33.33,0.00,50.00,0.00,25.00,0.00,0.00,0.00
2565,334,บ้านแม่ซา,แม่แจ่ม,เล็ก,นอกเมือง,สำนักงานคณะกรรมการการศึกษาขั้นพื้นฐาน,สพป.เชียงใหม่ เขต 6,7,16.67,8.91,30.00,10.69,26.19,15.06,21.43,24.74,32.14,11.29,39.29,22.59
2565,335,บ้านแม่ตูม,แม่แจ่ม,เล็ก,นอกเมือง,สำนักงานคณะกรรมการการศึกษาขั้นพื้นฐาน,สพป.เชียงใหม่ เขต 6,3,11.11,15.71,30.00,8.16,22.22,20.79,66.67,23.57,33.33,11.79,58.33,31.18
2565,336,บ้านแม่นาจร,แม่แจ่ม,กลาง,นอกเมือง,สำนักงานคณะกรรมการการศึกษาขั้นพื้นฐาน,สพป.เชียงใหม่ เขต 6,12,30.56,25.31,32.50,21.65,27.78,28.33,29.17,37.96,22.92,21.55,20.83,26.68
2565,337,บ้านแม่ปาน,แม่แจ่ม,เล็ก,นอกเมือง,สำนักงานคณะกรรมการการศึกษาขั้นพื้นฐาน,สพป.เชียงใหม่ เขต 6,9,27.78,26.06,27.78,15.48,31.48,24.15,44.44,36.85,30.56,25.76,25.00,23.57
2565,338,บ้านแม่มะลอ,แม่แจ่ม,เล็ก,นอกเมือง,สำนักงานคณะกรรมการการศึกษาขั้นพื้นฐาน,สพป.เชียงใหม่ เขต 6,11,22.73,19.17,27.27,13.55,30.30,15.60,31.82,32.14,29.55,20.83,22.73,19.81
2565,339,บ้านแม่มุ,แม่แจ่ม,เล็ก,นอกเมือง,สำนักงานคณะกรรมการการศึกษาขั้นพื้นฐาน,สพป.เชียงใหม่ เขต 6,11,24.24,17.93,19.09,6.68,24.24,13.03,27.27,39.10,31.82,18.74,27.27,19.81
2565,340,บ้านแม่ลอง,แม่แจ่ม,เล็ก,นอกเมือง,กองบัญชาการตำรวจตระเวนชายแดน,-,11,24.24,16.46,35.45,9.88,18.18,18.06,22.73,32.78,25.00,21.32,34.09,26.70
2565,341,บ้านแม่วาก,แม่แจ่ม,เล็ก,นอกเมือง,สำนักงานคณะกรรมการการศึกษาขั้นพื้นฐาน,สพป.เชียงใหม่ เขต 6,15,36.67,18.46,20.67,9.29,18.89,13.43,40.00,32.66,28.33,20.14,16.67,11.79
2565,342,บ้านแม่ศึก (มูลนิธิธรรมมาภิรักษ์อุปถัมภ์ที่ 2),แม่แจ่ม,เล็ก,นอกเมือง,สำนักงานคณะกรรมการการศึกษาขั้นพื้นฐาน,สพป.เชียงใหม่ เขต 6,6,27.78,20.79,28.33,15.72,27.78,7.86,25.00,25.00,20.83,17.18,20.83,22.44
2565,343,บ้านแม่หงานหลวง,แม่แจ่ม,เล็ก,นอกเมือง,สำนักงานคณะกรรมการการศึกษาขั้นพื้นฐาน,สพป.เชียงใหม่ เขต 6,10,40.00,23.80,24.00,10.20,31.67,17.40,20.00,33.17,25.00,25.00,40.00,27.84
2565,344,บ้านแม่เอาะ,แม่แจ่ม,เล็ก,นอกเมือง,สำนักงานคณะกรรมการการศึกษาขั้นพื้นฐาน,สพป.เชียงใหม่ เขต 6,8,29.17,13.82,28.75,10.53,14.58,13.01,31.25,24.21,18.75,16.54,34.38,17.40
2565,345,บ้านแม่แฮใต้,แม่แจ่ม,เล็ก,นอกเมือง,สำนักงานคณะกรรมการการศึกษาขั้นพื้นฐาน,สพป.เชียงใหม่ เขต 6,16,20.83,21.65,23.12,12.10,23.96,24.98,25.00,39.53,40.63,27.78,26.56,18.68
2565,346,บ้านแม่แฮเหนือ,แม่แจ่ม,กลาง,นอกเมือง,สำนักงานคณะกรรมการการศึกษาขั้นพื้นฐาน,สพป.เชียงใหม่ เขต 6,12,23.61,14.37,31.67,10.67,29.17,18.16,45.83,43.10,43.75,18.04,27.08,18.98
2565,347,บ้านแม่แฮเหนือ สาขาแม่แจ๊ะ,แม่แจ่ม,เล็ก,นอกเมือง,สำนักงานคณะกรรมการการศึกษาขั้นพื้นฐาน,สพป.เชียงใหม่ เขต 6,4,29.17,21.65,22.50,8.29,33.33,26.35,62.50,41.46,31.25,27.24,31.25,27.24
2565,348,บ้านโม่งหลวง,แม่แจ่ม,เล็ก,นอกเมือง,สำนักงานคณะกรรมการการศึกษาขั้นพื้นฐาน,สพป.เชียงใหม่ เขต 6,10,21.67,19.79,29.00,10.44,23.33,20.00,30.00,24.49,25.00,22.36,22.50,26.10
2565,349,บ้านโม่งหลวง สาขาบ้านแม่อมลานใน,แม่แจ่ม,เล็ก,นอกเมือง,สำนักงานคณะกรรมการการศึกษาขั้นพื้นฐาน,สพป.เชียงใหม่ เขต 6,3,5.56,7.86,26.67,9.43,16.67,13.61,33.33,23.57,16.67,23.57,25.00,20.41
2565,350,บ้านสามสบ,แม่แจ่ม,เล็ก,นอกเมือง,สำนักงานคณะกรรมการการศึกษาขั้นพื้นฐาน,สพป.เชียงใหม่ เขต 6,1,50.00,0.00,0.00,0.00,16.67,0.00,50.00,0.00,25.00,0.00,25.00,0.00
2565,351,บ้านใหม่พัฒนาสันติ,แม่แจ่ม,เล็ก,นอกเมือง,กองบัญชาการตำรวจตระเวนชายแดน,-,6,27.78,15.71,20.00,5.77,25.00,18.63,25.00,25.00,37.50,19.09,20.83,17.18
2565,352,บ้านอมขูด,แม่แจ่ม,เล็ก,นอกเมือง,สำนักงานคณะกรรมการการศึกษาขั้นพื้นฐาน,สพป.เชียงใหม่ เขต 6,0,-,-,-,-,-,-,-,-,-,-,-,-
2565,353,บ้านอมเม็ง,แม่แจ่ม,เล็ก,นอกเมือง,สำนักงานคณะกรรมการการศึกษาขั้นพื้นฐาน,สพป.เชียงใหม่ เขต 6,11,33.33,18.80,30.00,14.77,19.70,13.89,18.18,24.05,22.73,19.81,25.00,18.46
2565,354,บ้านเฮาะวิทยา,แม่แจ่ม,เล็ก,นอกเมือง,สำนักงานคณะกรรมการการศึกษาขั้นพื้นฐาน,สพป.เชียงใหม่ เขต 6,0,-,-,-,-,-,-,-,-,-,-,-,-
2565,355,เมืองเด็กวิทยา,แม่แจ่ม,เล็ก,นอกเมือง,สำนักงานคณะกรรมการส่งเสริมการศึกษาเอกชน,-,23,49.28,28.86,49.13,21.85,47.83,29.61,69.57,32.10,55.43,24.40,40.22,26.31
2565,356,ราชประชานุเคราะห์ 31,แม่แจ่ม,กลาง,นอกเมือง,สำนักบริหารงานการศึกษาพิเศษ,-,23,28.99,20.39,26.09,10.93,25.36,22.45,32.61,34.92,20.65,20.39,23.91,23.86
2565,357,ศูนย์การเรียนตำรวจตระเวนชายแดนบ้านแม่มุใน บริษัทซีเค พาวเวอร์ จำกัด (มหาชน) อุปถัมภ์,แม่แจ่ม,เล็ก,นอกเมือง,กองบัญชาการตำรวจตระเวนชายแดน,-,3,22.22,7.86,33.33,4.71,11.11,15.71,16.67,23.57,25.00,0.00,41.67,11.79
2565,358,ออป.13,แม่แจ่ม,เล็ก,นอกเมือง,สำนักงานคณะกรรมการการศึกษาขั้นพื้นฐาน,สพป.เชียงใหม่ เขต 6,23,28.26,22.75,39.13,20.20,44.93,27.56,52.17,40.32,38.04,24.31,29.35,24.06
2565,359,อินทนนท์วิทยา,แม่แจ่ม,เล็ก,นอกเมือง,สำนักงานคณะกรรมการการศึกษาขั้นพื้นฐาน,สพป.เชียงใหม่ เขต 6,6,44.44,20.79,40.00,23.09,27.78,7.86,33.33,23.57,37.50,19.09,20.83,26.68
2565,360,ชุมชนวัดช่อแล,แม่แตง,เล็ก,นอกเมือง,สำนักงานคณะกรรมการการศึกษาขั้นพื้นฐาน,สพป.เชียงใหม่ เขต 2,27,40.12,23.24,35.56,19.50,39.51,24.07,42.59,32.50,41.67,25.46,39.81,22.83
2565,361,เชียงใหม่มัธยม,แม่แตง,ใหญ่,นอกเมือง,สำนักงานคณะกรรมการส่งเสริมการศึกษาเอกชน,-,3,72.22,20.79,63.33,9.43,72.22,7.86,50.00,40.82,66.67,11.79,50.00,35.36
2565,362,ตชด.ไลออนส์มหาจักร 9,แม่แตง,เล็ก,นอกเมือง,กองบัญชาการตำรวจตระเวนชายแดน,-,8,16.67,11.79,26.25,17.28,27.08,20.31,12.50,21.65,37.50,25.00,37.50,17.68
2565,363,เทศบาลตำบลสันมหาพน,แม่แตง,เล็ก,นอกเมือง,กรมส่งเสริมการปกครองท้องถิ่น,ท้องถิ่นจังหวัดเชียงใหม่,29,27.59,18.19,30.34,17.52,36.21,16.99,24.14,31.13,29.31,27.12,31.03,22.41
2565,364,บ้านก๋ายน้อย,แม่แตง,เล็ก,นอกเมือง,สำนักงานคณะกรรมการการศึกษาขั้นพื้นฐาน,สพป.เชียงใหม่ เขต 2,4,16.67,11.79,20.00,14.14,12.50,7.22,37.50,21.65,37.50,37.50,37.50,41.46
2565,365,บ้านช้างใน,แม่แตง,เล็ก,นอกเมือง,สำนักงานคณะกรรมการการศึกษาขั้นพื้นฐาน,สพป.เชียงใหม่ เขต 2,5,16.67,14.91,34.00,8.00,56.67,24.94,50.00,31.62,35.00,30.00,35.00,20.00
2565,366,บ้านทับเดื่อ,แม่แตง,เล็ก,นอกเมือง,สำนักงานคณะกรรมการการศึกษาขั้นพื้นฐาน,สพป.เชียงใหม่ เขต 2,4,41.67,14.43,17.50,4.33,25.00,14.43,25.00,25.00,12.50,12.50,12.50,12.50
2565,367,บ้านบวกหมื้อ,แม่แตง,เล็ก,นอกเมือง,สำนักงานคณะกรรมการการศึกษาขั้นพื้นฐาน,สพป.เชียงใหม่ เขต 2,9,31.48,19.95,22.22,6.29,22.22,23.57,38.89,39.28,27.78,21.87,25.00,23.57
2565,368,บ้านปง,แม่แตง,เล็ก,นอกเมือง,สำนักงานคณะกรรมการการศึกษาขั้นพื้นฐาน,สพป.เชียงใหม่ เขต 2,16,27.08,14.28,20.00,16.20,28.12,14.09,34.37,29.15,31.25,20.73,21.88,17.40
2565,369,บ้านปลาดาว,แม่แตง,เล็ก,นอกเมือง,สำนักงานคณะกรรมการส่งเสริมการศึกษาเอกชน,-,24,70.83,27.32,68.75,26.35,68.06,23.03,77.08,32.21,72.92,21.55,53.13,31.72
2565,370,บ้านปางกว้าง,แม่แตง,เล็ก,นอกเมือง,สำนักงานคณะกรรมการการศึกษาขั้นพื้นฐาน,สพป.เชียงใหม่ เขต 2,4,50.00,37.27,42.50,22.78,50.00,23.57,75.00,25.00,56.25,27.24,43.75,32.48
2565,371,บ้านปางไม้แดง,แม่แตง,เล็ก,นอกเมือง,สำนักงานคณะกรรมการการศึกษาขั้นพื้นฐาน,สพป.เชียงใหม่ เขต 2,6,33.33,19.25,20.00,10.00,22.22,7.86,50.00,28.87,20.83,9.32,25.00,20.41
2565,372,บ้านปางห้วยตาด,แม่แตง,เล็ก,นอกเมือง,สำนักงานคณะกรรมการการศึกษาขั้นพื้นฐาน,สพป.เชียงใหม่ เขต 2,6,22.22,15.71,23.33,11.06,22.22,18.43,33.33,37.27,33.33,27.64,33.33,23.57
2565,373,บ้านปางฮ่าง,แม่แตง,เล็ก,นอกเมือง,สำนักงานคณะกรรมการการศึกษาขั้นพื้นฐาน,สพป.เชียงใหม่ เขต 2,6,27.78,12.42,33.33,14.91,33.33,16.67,33.33,47.14,25.00,25.00,29.17,17.18
2565,374,บ้านเป้าวิทยาคาร,แม่แตง,เล็ก,นอกเมือง,สำนักงานคณะกรรมการการศึกษาขั้นพื้นฐาน,สพป.เชียงใหม่ เขต 2,12,30.56,31.06,29.17,17.54,27.78,24.85,45.83,37.96,37.50,27.95,14.58,18.98
2565,375,บ้านผาหมอน,แม่แตง,เล็ก,นอกเมือง,สำนักงานคณะกรรมการการศึกษาขั้นพื้นฐาน,สพป.เชียงใหม่ เขต 2,2,8.33,8.33,15.00,15.00,41.67,8.33,50.00,50.00,12.50,12.50,50.00,0.00
2565,376,บ้านผึ้ง,แม่แตง,เล็ก,นอกเมือง,สำนักงานคณะกรรมการการศึกษาขั้นพื้นฐาน,สพป.เชียงใหม่ เขต 2,12,33.33,20.41,32.50,17.85,47.22,14.96,41.67,39.97,37.50,31.46,27.08,16.00
2565,377,บ้านเมืองกื้ด,แม่แตง,เล็ก,นอกเมือง,สำนักงานคณะกรรมการการศึกษาขั้นพื้นฐาน,สพป.เชียงใหม่ เขต 2,21,25.40,18.27,30.95,12.69,28.57,20.02,28.57,32.99,23.81,22.46,20.24,19.85
2565,378,บ้านแม่ไคร้,แม่แตง,เล็ก,นอกเมือง,สำนักงานคณะกรรมการการศึกษาขั้นพื้นฐาน,สพป.เชียงใหม่ เขต 2,8,25.00,16.67,28.75,16.15,35.42,15.45,43.75,39.03,25.00,33.07,34.38,21.42
2565,379,บ้านแม่ตะมาน,แม่แตง,เล็ก,นอกเมือง,สำนักงานคณะกรรมการการศึกษาขั้นพื้นฐาน,สพป.เชียงใหม่ เขต 2,11,24.24,14.85,33.64,16.66,37.88,20.21,31.82,38.57,31.82,15.41,27.27,19.81
2565,380,บ้านแม่แมม,แม่แตง,เล็ก,นอกเมือง,สำนักงานคณะกรรมการการศึกษาขั้นพื้นฐาน,สพป.เชียงใหม่ เขต 2,2,25.00,8.33,30.00,10.00,16.67,0.00,75.00,25.00,12.50,12.50,37.50,12.50
2565,381,บ้านแม่เลา,แม่แตง,เล็ก,นอกเมือง,สำนักงานคณะกรรมการการศึกษาขั้นพื้นฐาน,สพป.เชียงใหม่ เขต 2,1,16.67,0.00,10.00,0.00,0.00,0.00,50.00,0.00,0.00,0.00,25.00,0.00
2565,382,บ้านแม่แสะ,แม่แตง,เล็ก,นอกเมือง,สำนักงานคณะกรรมการการศึกษาขั้นพื้นฐาน,สพป.เชียงใหม่ เขต 2,4,25.00,8.33,25.00,15.00,20.83,7.22,12.50,21.65,18.75,10.83,18.75,10.83
2565,383,ป่าจี้วังแดงวิทยา,แม่แตง,เล็ก,นอกเมือง,สำนักงานคณะกรรมการการศึกษาขั้นพื้นฐาน,สพป.เชียงใหม่ เขต 2,15,27.78,16.85,31.33,15.00,27.78,11.65,23.33,30.91,31.67,26.56,28.33,23.92
2565,384,ป่าแป๋วิทยา,แม่แตง,เล็ก,นอกเมือง,สำนักงานคณะกรรมการการศึกษาขั้นพื้นฐาน,สพป.เชียงใหม่ เขต 2,17,31.37,20.52,30.00,13.72,30.39,17.37,29.41,34.55,35.29,25.81,29.41,24.61
2565,385,ภูดินวิทยา,แม่แตง,เล็ก,นอกเมือง,สำนักงานคณะกรรมการการศึกษาขั้นพื้นฐาน,สพป.เชียงใหม่ เขต 2,3,27.78,7.86,40.00,14.14,27.78,7.86,0.00,0.00,8.33,11.79,58.33,11.79
2565,386,เมฆขจรเชียงใหม่,แม่แตง,เล็ก,นอกเมือง,สำนักงานคณะกรรมการส่งเสริมการศึกษาเอกชน,-,22,31.82,21.27,35.00,16.72,42.42,16.46,38.64,39.69,32.95,26.53,26.14,26.63
2565,387,ร่ำเปิงวิทยา,แม่แตง,กลาง,นอกเมือง,สำนักงานคณะกรรมการการศึกษาขั้นพื้นฐาน,สพป.เชียงใหม่ เขต 2,11,37.88,23.67,39.09,20.65,36.36,26.42,45.45,39.63,40.91,26.70,29.55,25.71
2565,388,วัดท่าข้าม,แม่แตง,เล็ก,นอกเมือง,สำนักงานคณะกรรมการการศึกษาขั้นพื้นฐาน,สพป.เชียงใหม่ เขต 2,8,31.25,15.45,30.00,11.18,27.08,20.31,25.00,25.00,25.00,17.68,34.38,21.42
2565,389,วัดทุ่งหลวง,แม่แตง,เล็ก,นอกเมือง,สำนักงานคณะกรรมการการศึกษาขั้นพื้นฐาน,สพป.เชียงใหม่ เขต 2,6,22.22,12.42,25.00,15.00,27.78,15.71,33.33,37.27,29.17,17.18,12.50,19.09
2565,390,วัดนาเม็ง,แม่แตง,เล็ก,นอกเมือง,สำนักงานคณะกรรมการการศึกษาขั้นพื้นฐาน,สพป.เชียงใหม่ เขต 2,6,25.00,8.33,33.33,12.47,19.44,20.22,25.00,38.19,29.17,26.68,29.17,26.68
2565,391,วัดบ้านเหล่า,แม่แตง,เล็ก,นอกเมือง,สำนักงานคณะกรรมการการศึกษาขั้นพื้นฐาน,สพป.เชียงใหม่ เขต 2,8,22.92,14.28,27.50,21.65,39.58,11.60,18.75,24.21,25.00,27.95,18.75,10.83
2565,392,วัดปางมะกล้วย,แม่แตง,เล็ก,นอกเมือง,สำนักงานคณะกรรมการการศึกษาขั้นพื้นฐาน,สพป.เชียงใหม่ เขต 2,5,33.33,14.91,28.00,14.70,36.67,26.67,30.00,24.49,15.00,20.00,10.00,12.25
2565,393,วัดแม่กะ,แม่แตง,เล็ก,นอกเมือง,สำนักงานคณะกรรมการการศึกษาขั้นพื้นฐาน,สพป.เชียงใหม่ เขต 2,12,25.00,25.00,34.17,19.77,34.72,25.87,62.50,36.08,31.25,35.54,41.67,25.69
2565,394,วัดหนองออน,แม่แตง,เล็ก,นอกเมือง,สำนักงานคณะกรรมการการศึกษาขั้นพื้นฐาน,สพป.เชียงใหม่ เขต 2,4,33.33,11.79,37.50,16.39,37.50,13.82,37.50,41.46,62.50,12.50,31.25,10.83
2565,395,วัดห้วยไร่,แม่แตง,เล็ก,นอกเมือง,สำนักงานคณะกรรมการการศึกษาขั้นพื้นฐาน,สพป.เชียงใหม่ เขต 2,12,38.89,19.64,37.50,18.31,47.22,17.79,54.17,43.10,54.17,26.68,31.25,23.11
2565,396,สบเปิงวิทยา,แม่แตง,กลาง,นอกเมือง,สำนักงานคณะกรรมการการศึกษาขั้นพื้นฐาน,สพป.เชียงใหม่ เขต 2,13,14.10,12.82,28.46,11.67,28.21,17.76,38.46,28.78,32.69,22.75,21.15,21.59
2565,397,สันป่ายางวิทยาคาร,แม่แตง,เล็ก,นอกเมือง,สำนักงานคณะกรรมการการศึกษาขั้นพื้นฐาน,สพป.เชียงใหม่ เขต 2,14,22.62,17.37,31.43,19.95,38.10,18.29,32.14,30.51,26.79,25.82,28.57,18.56
2565,398,สันป่าสักวิทยา,แม่แตง,กลาง,นอกเมือง,สำนักงานคณะกรรมการการศึกษาขั้นพื้นฐาน,สพป.เชียงใหม่ เขต 2,85,29.22,21.98,31.06,19.10,35.10,22.58,51.76,35.52,35.59,28.28,27.94,21.83
2565,399,สันมหาพนวิทยา,แม่แตง,เล็ก,นอกเมือง,สำนักงานคณะกรรมการการศึกษาขั้นพื้นฐาน,สพป.เชียงใหม่ เขต 2,25,36.67,21.08,28.40,19.32,40.00,20.55,40.00,40.00,36.00,29.22,32.00,21.82
2565,400,อนุบาลสานสายใยรักเทศบาลเมืองเมืองแกนพัฒนา,แม่แตง,กลาง,นอกเมือง,กรมส่งเสริมการปกครองท้องถิ่น,ท้องถิ่นจังหวัดเชียงใหม่,27,32.10,23.10,37.78,18.32,32.72,22.90,31.48,30.88,33.33,23.57,29.63,22.60
2565,401,เจ้าพ่อหลวงอุปถัมภ์ 7,แม่ริม,เล็ก,นอกเมือง,สำนักงานคณะกรรมการการศึกษาขั้นพื้นฐาน,สพป.เชียงใหม่ เขต 2,12,29.17,16.84,33.33,16.50,33.33,18.00,37.50,36.08,37.50,29.76,25.00,20.41
2565,402,เจ้าแม่หลวงอุปถัมภ์ 2,แม่ริม,เล็ก,นอกเมือง,สำนักงานคณะกรรมการการศึกษาขั้นพื้นฐาน,สพป.เชียงใหม่ เขต 2,35,23.81,17.04,23.14,13.26,28.57,14.13,25.71,32.45,20.71,21.12,25.71,19.35
2565,403,ดอนแก้วเนรมิตปัญญา,แม่ริม,กลาง,นอกเมือง,กรมส่งเสริมการปกครองท้องถิ่น,ท้องถิ่นจังหวัดเชียงใหม่,40,42.08,27.38,43.00,28.30,37.50,24.37,58.75,36.89,53.13,29.68,36.25,26.19
2565,404,ธีระวัธน์บำเพ็ญ,แม่ริม,กลาง,นอกเมือง,สำนักงานคณะกรรมการส่งเสริมการศึกษาเอกชน,-,58,51.15,32.59,52.41,29.85,54.89,28.20,65.52,40.69,56.90,32.43,46.55,31.98
2565,405,บ้านกองแหะ,แม่ริม,เล็ก,นอกเมือง,สำนักงานคณะกรรมการการศึกษาขั้นพื้นฐาน,สพป.เชียงใหม่ เขต 2,4,20.83,13.82,27.50,16.39,41.67,18.63,25.00,25.00,37.50,27.95,25.00,0.00
2565,406,บ้านกาดฮาว,แม่ริม,เล็ก,นอกเมือง,สำนักงานคณะกรรมการการศึกษาขั้นพื้นฐาน,สพป.เชียงใหม่ เขต 2,8,33.33,22.05,42.50,23.85,52.08,17.55,62.50,33.07,53.13,26.33,31.25,29.97
2565,407,บ้านคุณหมอ,แม่ริม,กลาง,นอกเมือง,สำนักงานคณะกรรมการส่งเสริมการศึกษาเอกชน,-,16,75.00,22.82,71.25,27.36,63.54,32.92,78.12,35.22,65.63,27.78,57.81,32.74
2565,408,บ้านดอนแก้ว,แม่ริม,กลาง,นอกเมือง,กรมส่งเสริมการปกครองท้องถิ่น,ท้องถิ่นจังหวัดเชียงใหม่,9,42.59,26.19,30.00,14.14,24.07,19.42,55.56,36.85,27.78,24.85,27.78,24.85
2565,409,บ้านต้นผึ้ง,แม่ริม,เล็ก,นอกเมือง,สำนักงานคณะกรรมการการศึกษาขั้นพื้นฐาน,สพป.เชียงใหม่ เขต 2,10,23.33,20.00,34.00,10.20,33.33,16.67,50.00,31.62,35.00,25.50,15.00,22.91
2565,410,บ้านทุ่งโป่ง,แม่ริม,กลาง,นอกเมือง,สำนักงานคณะกรรมการการศึกษาขั้นพื้นฐาน,สพป.เชียงใหม่ เขต 2,7,21.43,11.66,32.86,10.30,47.62,22.59,42.86,41.65,39.29,12.37,32.14,25.75
2565,411,บ้านน้ำริน,แม่ริม,เล็ก,นอกเมือง,สำนักงานคณะกรรมการการศึกษาขั้นพื้นฐาน,สพป.เชียงใหม่ เขต 2,5,40.00,30.91,50.00,22.80,30.00,35.59,50.00,0.00,40.00,30.00,30.00,36.74
2565,412,บ้านบวกจั่น,แม่ริม,เล็ก,นอกเมือง,สำนักงานคณะกรรมการการศึกษาขั้นพื้นฐาน,สพป.เชียงใหม่ เขต 2,10,31.67,15.72,31.00,9.43,38.33,21.15,40.00,30.00,35.00,27.84,27.50,20.77
2565,413,บ้านปางไฮ,แม่ริม,กลาง,นอกเมือง,สำนักงานคณะกรรมการการศึกษาขั้นพื้นฐาน,สพป.เชียงใหม่ เขต 2,13,33.33,18.49,29.23,11.41,29.49,23.71,26.92,24.93,21.15,21.59,28.85,16.54
2565,414,บ้านป่าติ้ว,แม่ริม,เล็ก,นอกเมือง,สำนักงานคณะกรรมการการศึกษาขั้นพื้นฐาน,สพป.เชียงใหม่ เขต 2,8,22.92,14.28,32.50,17.85,29.17,19.98,37.50,33.07,21.88,26.33,31.25,20.73
2565,415,บ้านโป่งแยงนอก,แม่ริม,เล็ก,นอกเมือง,สำนักงานคณะกรรมการการศึกษาขั้นพื้นฐาน,สพป.เชียงใหม่ เขต 2,13,29.49,20.83,32.31,17.17,42.31,18.04,42.31,33.09,34.62,31.83,23.08,15.38
2565,416,บ้านโป่งแยงใน,แม่ริม,เล็ก,นอกเมือง,สำนักงานคณะกรรมการการศึกษาขั้นพื้นฐาน,สพป.เชียงใหม่ เขต 2,21,22.22,16.53,35.24,13.32,30.16,18.98,42.86,35.48,32.14,25.75,27.38,18.75
2565,417,บ้านพระนอน,แม่ริม,เล็ก,นอกเมือง,สำนักงานคณะกรรมการการศึกษาขั้นพื้นฐาน,สพป.เชียงใหม่ เขต 2,25,25.33,17.71,33.60,19.57,32.00,19.39,36.00,33.23,36.00,25.57,31.00,17.72
2565,418,บ้านเมืองก๊ะ,แม่ริม,เล็ก,นอกเมือง,สำนักงานคณะกรรมการการศึกษาขั้นพื้นฐาน,สพป.เชียงใหม่ เขต 2,2,50.00,0.00,40.00,10.00,0.00,0.00,50.00,0.00,25.00,25.00,37.50,12.50
2565,419,บ้านแม่สา,แม่ริม,กลาง,นอกเมือง,สำนักงานคณะกรรมการการศึกษาขั้นพื้นฐาน,สพป.เชียงใหม่ เขต 2,16,38.54,22.61,44.37,25.73,51.04,20.81,56.25,34.80,50.00,36.44,39.06,27.91
2565,420,บ้านริมใต้,แม่ริม,กลาง,นอกเมือง,สำนักงานคณะกรรมการการศึกษาขั้นพื้นฐาน,สพป.เชียงใหม่ เขต 2,95,32.98,23.69,39.89,21.50,43.16,22.36,62.63,34.00,44.21,29.35,34.47,24.65
2565,421,บ้านศาลา,แม่ริม,กลาง,นอกเมือง,กรมส่งเสริมการปกครองท้องถิ่น,ท้องถิ่นจังหวัดเชียงใหม่,3,27.78,20.79,26.67,17.00,38.89,20.79,66.67,23.57,33.33,11.79,33.33,31.18
2565,422,บ้านสะลวงนอก,แม่ริม,เล็ก,นอกเมือง,สำนักงานคณะกรรมการการศึกษาขั้นพื้นฐาน,สพป.เชียงใหม่ เขต 2,11,16.67,15.89,28.18,10.29,27.27,20.44,36.36,30.83,31.82,24.05,25.00,21.32
2565,423,บ้านสันคะยอม,แม่ริม,เล็ก,นอกเมือง,สำนักงานคณะกรรมการการศึกษาขั้นพื้นฐาน,สพป.เชียงใหม่ เขต 2,13,29.49,24.59,26.92,9.10,16.67,16.01,38.46,28.78,48.08,24.93,40.38,20.89
2565,424,บ้านหนองปลามัน,แม่ริม,เล็ก,นอกเมือง,สำนักงานคณะกรรมการการศึกษาขั้นพื้นฐาน,สพป.เชียงใหม่ เขต 2,16,42.71,19.52,36.25,12.69,34.37,21.63,34.37,34.09,31.25,24.21,18.75,18.75
2565,425,มูลนิธิมหาราช 5,แม่ริม,เล็ก,นอกเมือง,สำนักงานคณะกรรมการการศึกษาขั้นพื้นฐาน,สพป.เชียงใหม่ เขต 2,13,24.36,15.49,26.92,21.26,35.90,22.50,23.08,31.72,40.38,23.08,23.08,24.93
2565,426,วัดทรายมูล,แม่ริม,เล็ก,นอกเมือง,สำนักงานคณะกรรมการการศึกษาขั้นพื้นฐาน,สพป.เชียงใหม่ เขต 2,22,34.09,22.18,35.91,23.09,40.15,24.95,45.45,47.46,31.82,29.37,39.77,22.18
2565,427,ศึกษาสงเคราะห์เชียงใหม่,แม่ริม,กลาง,นอกเมือง,สำนักบริหารงานการศึกษาพิเศษ,-,30,26.67,22.19,27.33,12.36,28.33,20.25,41.67,29.11,22.50,19.74,25.00,25.82
2565,428,บ้านกาด,แม่วาง,กลาง,นอกเมือง,สำนักงานคณะกรรมการการศึกษาขั้นพื้นฐาน,สพป.เชียงใหม่ เขต 4,41,33.74,19.30,27.56,21.04,28.86,24.15,37.80,34.54,24.39,21.73,21.34,22.47
2565,429,บ้านทุ่งหลวง,แม่วาง,เล็ก,นอกเมือง,สำนักงานคณะกรรมการการศึกษาขั้นพื้นฐาน,สพป.เชียงใหม่ เขต 4,6,25.00,15.96,16.67,7.45,19.44,17.79,41.67,34.36,4.17,9.32,25.00,25.00
2565,430,บ้านพันตน,แม่วาง,เล็ก,นอกเมือง,สำนักงานคณะกรรมการการศึกษาขั้นพื้นฐาน,สพป.เชียงใหม่ เขต 4,9,18.52,12.28,34.44,6.85,33.33,20.79,44.44,36.85,30.56,22.91,25.00,11.79
2565,431,บ้านหนองเต่า,แม่วาง,เล็ก,นอกเมือง,สำนักงานคณะกรรมการการศึกษาขั้นพื้นฐาน,สพป.เชียงใหม่ เขต 4,3,22.22,7.86,33.33,9.43,27.78,15.71,33.33,23.57,25.00,0.00,16.67,23.57
2565,432,บ้านห้วยตอง,แม่วาง,กลาง,นอกเมือง,สำนักงานคณะกรรมการการศึกษาขั้นพื้นฐาน,สพป.เชียงใหม่ เขต 4,13,28.21,13.69,32.31,17.61,37.18,17.48,34.62,30.28,30.77,29.67,19.23,17.41
2565,433,บ้านเหล่าป่าฝาง,แม่วาง,เล็ก,นอกเมือง,สำนักงานคณะกรรมการการศึกษาขั้นพื้นฐาน,สพป.เชียงใหม่ เขต 4,5,26.67,20.00,26.00,8.00,20.00,12.47,70.00,40.00,25.00,15.81,45.00,18.71
2565,434,บ้านใหม่สวรรค์,แม่วาง,เล็ก,นอกเมือง,สำนักงานคณะกรรมการการศึกษาขั้นพื้นฐาน,สพป.เชียงใหม่ เขต 4,11,36.36,23.37,25.45,15.59,36.36,17.14,27.27,32.78,22.73,19.81,29.55,17.90
2565,435,พัฒนาต้นน้ำที่ 5 ขุนวาง,แม่วาง,เล็ก,นอกเมือง,สำนักงานคณะกรรมการการศึกษาขั้นพื้นฐาน,สพป.เชียงใหม่ เขต 4,16,29.17,19.09,23.75,15.76,25.00,19.54,25.00,30.62,25.00,26.52,23.44,18.68
2565,436,แม่วินสามัคคี,แม่วาง,กลาง,นอกเมือง,สำนักงานคณะกรรมการการศึกษาขั้นพื้นฐาน,สพป.เชียงใหม่ เขต 4,32,23.44,18.09,29.06,15.07,29.69,19.43,29.69,32.74,24.22,21.18,27.34,23.68
2565,437,วัดดอนเปา,แม่วาง,เล็ก,นอกเมือง,กรมส่งเสริมการปกครองท้องถิ่น,ท้องถิ่นจังหวัดเชียงใหม่,10,20.00,14.53,31.00,15.13,25.00,17.08,25.00,25.00,45.00,15.00,20.00,24.49
2565,438,วัดทุ่งศาลา,แม่วาง,เล็ก,นอกเมือง,สำนักงานคณะกรรมการการศึกษาขั้นพื้นฐาน,สพป.เชียงใหม่ เขต 4,7,38.10,7.53,24.29,14.98,23.81,15.06,28.57,24.74,32.14,17.50,21.43,20.82
2565,439,วัดมะกับตองหลวง,แม่วาง,เล็ก,นอกเมือง,สำนักงานคณะกรรมการการศึกษาขั้นพื้นฐาน,สพป.เชียงใหม่ เขต 4,6,19.44,14.96,28.33,17.72,25.00,15.96,33.33,23.57,16.67,18.63,25.00,20.41
2565,440,วัดศิริชัยนิมิตร,แม่วาง,เล็ก,นอกเมือง,สำนักงานคณะกรรมการการศึกษาขั้นพื้นฐาน,สพป.เชียงใหม่ เขต 4,9,24.07,13.86,32.22,10.30,18.52,12.28,50.00,33.33,52.78,24.85,19.44,19.64
2565,441,วัดห้วยแก้ว,แม่วาง,เล็ก,นอกเมือง,สำนักงานคณะกรรมการการศึกษาขั้นพื้นฐาน,สพป.เชียงใหม่ เขต 4,2,8.33,8.33,30.00,10.00,58.33,8.33,25.00,25.00,37.50,12.50,37.50,12.50
2565,442,สโมสรไลออนรัตนโกสินทร์,แม่วาง,เล็ก,นอกเมือง,สำนักงานคณะกรรมการการศึกษาขั้นพื้นฐาน,สพป.เชียงใหม่ เขต 4,5,30.00,6.67,36.00,8.00,26.67,22.61,10.00,20.00,30.00,10.00,15.00,12.25
2565,443,สารสาสน์วิเทศอุปถัมภ์,แม่วาง,กลาง,นอกเมือง,สำนักงานคณะกรรมการส่งเสริมการศึกษาเอกชน,-,31,39.78,27.66,45.48,24.87,48.39,25.17,45.16,34.44,50.00,21.06,32.26,27.09
2565,444,ทาเหนือวิทยา,แม่ออน,เล็ก,นอกเมือง,สำนักงานคณะกรรมการการศึกษาขั้นพื้นฐาน,สพป.เชียงใหม่ เขต 1,22,21.21,14.37,29.55,19.18,32.58,18.45,31.82,28.39,20.45,17.90,25.00,21.32
2565,445,บ้านออนกลาง,แม่ออน,เล็ก,นอกเมือง,สำนักงานคณะกรรมการการศึกษาขั้นพื้นฐาน,สพป.เชียงใหม่ เขต 1,7,21.43,14.68,25.71,7.28,30.95,24.28,42.86,31.94,17.86,17.50,28.57,20.82
2565,446,บ้านออนหลวย,แม่ออน,เล็ก,นอกเมือง,สำนักงานคณะกรรมการการศึกษาขั้นพื้นฐาน,สพป.เชียงใหม่ เขต 1,6,41.67,15.96,33.33,17.95,36.11,17.79,66.67,23.57,33.33,27.64,29.17,17.18
2565,447,แม่ตะไคร้,แม่ออน,เล็ก,นอกเมือง,สำนักงานคณะกรรมการการศึกษาขั้นพื้นฐาน,สพป.เชียงใหม่ เขต 1,4,12.50,21.65,22.50,8.29,16.67,11.79,37.50,21.65,43.75,10.83,31.25,27.24
2565,448,วัดดอนชัย,แม่ออน,เล็ก,นอกเมือง,สำนักงานคณะกรรมการการศึกษาขั้นพื้นฐาน,สพป.เชียงใหม่ เขต 1,6,33.33,25.46,43.33,20.55,41.67,20.97,41.67,44.88,33.33,23.57,29.17,9.32
2565,449,วัดเปาสามขา,แม่ออน,เล็ก,นอกเมือง,สำนักงานคณะกรรมการการศึกษาขั้นพื้นฐาน,สพป.เชียงใหม่ เขต 1,11,30.30,15.60,34.55,14.37,34.85,15.00,27.27,39.10,34.09,16.07,20.45,20.83
2565,450,วัดห้วยแก้ว,แม่ออน,เล็ก,นอกเมือง,สำนักงานคณะกรรมการการศึกษาขั้นพื้นฐาน,สพป.เชียงใหม่ เขต 1,15,30.00,15.15,32.00,23.44,36.67,16.33,30.00,35.59,31.67,24.94,28.33,27.18
2565,451,วัดห้วยทราย,แม่ออน,เล็ก,นอกเมือง,สำนักงานคณะกรรมการการศึกษาขั้นพื้นฐาน,สพป.เชียงใหม่ เขต 1,8,25.00,11.79,22.50,8.29,22.92,18.52,18.75,24.21,43.75,29.97,28.13,14.99
2565,452,หมู่บ้านสหกรณ์ 2,แม่ออน,เล็ก,นอกเมือง,สำนักงานคณะกรรมการการศึกษาขั้นพื้นฐาน,สพป.เชียงใหม่ เขต 1,20,26.67,14.34,35.50,18.57,31.67,20.34,40.00,30.00,36.25,24.33,33.75,16.35
2565,453,กมล -เรียม สุโกศล (บ้านผาใต้),แม่อาย,เล็ก,นอกเมือง,สำนักงานคณะกรรมการการศึกษาขั้นพื้นฐาน,สพป.เชียงใหม่ เขต 3,10,20.00,10.00,26.00,14.97,31.67,25.22,45.00,41.53,20.00,15.00,30.00,21.79
2565,454,เจ้าพ่อหลวงอุปถัมภ์ 9,แม่อาย,กลาง,นอกเมือง,สำนักงานคณะกรรมการการศึกษาขั้นพื้นฐาน,สพป.เชียงใหม่ เขต 3,27,21.60,21.19,26.30,14.69,27.78,18.14,35.19,32.81,32.41,24.36,25.93,19.82
2565,455,ชุมชนบ้านคาย,แม่อาย,กลาง,นอกเมือง,สำนักงานคณะกรรมการการศึกษาขั้นพื้นฐาน,สพป.เชียงใหม่ เขต 3,5,43.33,13.33,38.00,16.00,23.33,17.00,30.00,40.00,20.00,18.71,25.00,15.81
2565,456,ชุมชนบ้านแม่ฮ่าง,แม่อาย,กลาง,นอกเมือง,สำนักงานคณะกรรมการการศึกษาขั้นพื้นฐาน,สพป.เชียงใหม่ เขต 3,37,23.87,15.76,23.24,13.57,24.77,14.82,43.24,33.21,32.43,24.57,27.03,17.80
2565,457,โชติคุณเกษมบ้านเมืองงาม,แม่อาย,กลาง,นอกเมือง,สำนักงานคณะกรรมการการศึกษาขั้นพื้นฐาน,สพป.เชียงใหม่ เขต 3,37,24.77,16.27,27.30,13.88,26.13,18.80,35.14,36.51,20.27,19.13,29.73,22.39
2565,458,ต.ช.ด. ไลออนส์มหาจักร 8,แม่อาย,เล็ก,นอกเมือง,สำนักงานคณะกรรมการการศึกษาขั้นพื้นฐาน,สพป.เชียงใหม่ เขต 3,22,31.82,19.40,30.00,14.46,27.27,19.17,38.64,33.48,25.00,21.32,26.14,17.64
2565,459,ต.ช.ด.ศึกษานารีอนุสรณ์ 3,แม่อาย,เล็ก,นอกเมือง,สำนักงานคณะกรรมการการศึกษาขั้นพื้นฐาน,สพป.เชียงใหม่ เขต 3,13,35.90,18.31,33.08,15.88,30.77,18.31,73.08,37.29,34.62,26.92,28.85,23.71
2565,460,ทุติยะโพธิ์อนุสรณ์,แม่อาย,เล็ก,นอกเมือง,กองบัญชาการตำรวจตระเวนชายแดน,-,7,28.57,17.17,20.00,13.09,30.95,24.28,35.71,34.99,21.43,20.82,25.00,18.90
2565,461,ไทยทนุบ้านสันต้นดู่,แม่อาย,เล็ก,นอกเมือง,สำนักงานคณะกรรมการการศึกษาขั้นพื้นฐาน,สพป.เชียงใหม่ เขต 3,14,23.81,17.50,27.86,12.64,30.95,17.66,39.29,27.89,21.43,15.97,26.79,24.02
2565,462,ไทยรัฐวิทยา 12 (บ้านเอก),แม่อาย,กลาง,นอกเมือง,สำนักงานคณะกรรมการการศึกษาขั้นพื้นฐาน,สพป.เชียงใหม่ เขต 3,27,45.06,28.26,45.56,17.28,45.06,21.67,61.11,36.85,57.41,26.19,40.74,23.72
2565,463,บ้านดง,แม่อาย,กลาง,นอกเมือง,สำนักงานคณะกรรมการการศึกษาขั้นพื้นฐาน,สพป.เชียงใหม่ เขต 3,9,38.89,15.71,24.44,16.41,29.63,17.17,33.33,33.33,25.00,31.18,25.00,16.67
2565,464,บ้านดอนชัย,แม่อาย,เล็ก,นอกเมือง,สำนักงานคณะกรรมการการศึกษาขั้นพื้นฐาน,สพป.เชียงใหม่ เขต 3,9,27.78,23.57,21.11,9.94,16.67,11.11,33.33,33.33,30.56,19.64,38.89,17.12
2565,465,บ้านท่ามะแกง,แม่อาย,เล็ก,นอกเมือง,สำนักงานคณะกรรมการการศึกษาขั้นพื้นฐาน,สพป.เชียงใหม่ เขต 3,5,43.33,22.61,36.00,8.00,46.67,24.49,60.00,20.00,25.00,15.81,20.00,24.49
2565,466,บ้านป่าก๊อ,แม่อาย,กลาง,นอกเมือง,สำนักงานคณะกรรมการการศึกษาขั้นพื้นฐาน,สพป.เชียงใหม่ เขต 3,10,25.00,17.08,25.00,17.46,23.33,18.56,20.00,33.17,12.50,16.77,25.00,15.81
2565,467,บ้านปางต้นเดื่อ,แม่อาย,กลาง,นอกเมือง,สำนักงานคณะกรรมการการศึกษาขั้นพื้นฐาน,สพป.เชียงใหม่ เขต 3,15,28.89,19.69,32.67,16.52,25.56,23.47,20.00,30.55,16.67,17.48,30.00,22.73
2565,468,บ้านป่าแดง,แม่อาย,กลาง,นอกเมือง,สำนักงานคณะกรรมการการศึกษาขั้นพื้นฐาน,สพป.เชียงใหม่ เขต 3,39,27.35,20.50,25.90,15.48,18.80,14.21,17.95,32.99,26.28,25.91,27.56,18.60
2565,469,บ้านโป่งไฮ,แม่อาย,เล็ก,นอกเมือง,สำนักงานคณะกรรมการการศึกษาขั้นพื้นฐาน,สพป.เชียงใหม่ เขต 3,11,33.33,21.32,28.18,9.36,22.73,27.77,45.45,45.00,18.18,15.41,22.73,16.70
2565,470,บ้านแม่สาว,แม่อาย,กลาง,นอกเมือง,สำนักงานคณะกรรมการการศึกษาขั้นพื้นฐาน,สพป.เชียงใหม่ เขต 3,43,27.13,17.98,32.79,14.99,29.07,17.27,38.37,35.50,29.65,30.62,22.67,18.53
2565,471,บ้านโละ,แม่อาย,เล็ก,นอกเมือง,สำนักงานคณะกรรมการการศึกษาขั้นพื้นฐาน,สพป.เชียงใหม่ เขต 3,5,20.00,19.44,26.00,8.00,20.00,12.47,30.00,24.49,25.00,27.39,10.00,12.25
2565,472,บ้านสันต้นหมื้อ,แม่อาย,กลาง,นอกเมือง,สำนักงานคณะกรรมการการศึกษาขั้นพื้นฐาน,สพป.เชียงใหม่ เขต 3,19,22.81,20.38,31.58,15.98,28.95,24.09,34.21,28.34,21.05,20.30,26.32,18.98
2565,473,บ้านสันปอธง,แม่อาย,เล็ก,นอกเมือง,สำนักงานคณะกรรมการการศึกษาขั้นพื้นฐาน,สพป.เชียงใหม่ เขต 3,13,29.49,18.67,23.85,11.46,24.36,14.04,46.15,36.49,26.92,18.24,23.08,20.71
2565,474,บ้านสันป่าข่า,แม่อาย,เล็ก,นอกเมือง,สำนักงานคณะกรรมการการศึกษาขั้นพื้นฐาน,สพป.เชียงใหม่ เขต 3,8,27.08,11.60,28.75,15.36,33.33,16.67,37.50,41.46,25.00,17.68,12.50,17.68
2565,475,บ้านสันป่าเหียว,แม่อาย,เล็ก,นอกเมือง,สำนักงานคณะกรรมการการศึกษาขั้นพื้นฐาน,สพป.เชียงใหม่ เขต 3,8,18.75,15.45,40.00,15.81,50.00,25.00,50.00,35.36,37.50,17.68,34.38,17.40
2565,476,บ้านสุขฤทัย,แม่อาย,กลาง,นอกเมือง,สำนักงานคณะกรรมการการศึกษาขั้นพื้นฐาน,สพป.เชียงใหม่ เขต 3,50,18.00,19.96,30.00,14.97,30.00,18.26,29.00,31.76,23.00,19.26,25.00,21.79
2565,477,บ้านหนองขี้นกยาง,แม่อาย,เล็ก,นอกเมือง,สำนักงานคณะกรรมการการศึกษาขั้นพื้นฐาน,สพป.เชียงใหม่ เขต 3,11,31.82,26.07,43.64,17.20,37.88,20.21,59.09,35.79,20.45,14.37,25.00,26.11
2565,478,บ้านหลวง,แม่อาย,เล็ก,นอกเมือง,สำนักงานคณะกรรมการการศึกษาขั้นพื้นฐาน,สพป.เชียงใหม่ เขต 3,9,37.04,21.91,21.11,9.94,35.19,16.56,16.67,23.57,19.44,22.91,27.78,21.87
2565,479,บ้านห้วยคอกหมู,แม่อาย,เล็ก,นอกเมือง,สำนักงานคณะกรรมการการศึกษาขั้นพื้นฐาน,สพป.เชียงใหม่ เขต 3,7,28.57,14.68,28.57,17.26,30.95,16.50,42.86,31.94,28.57,24.74,17.86,25.75
2565,480,บ้านห้วยป่าซาง,แม่อาย,เล็ก,นอกเมือง,สำนักงานคณะกรรมการการศึกษาขั้นพื้นฐาน,สพป.เชียงใหม่ เขต 3,17,27.45,26.16,40.00,19.70,34.31,18.50,61.76,32.22,44.12,31.54,25.00,21.00
2565,481,บ้านห้วยปู,แม่อาย,เล็ก,นอกเมือง,สำนักงานคณะกรรมการการศึกษาขั้นพื้นฐาน,สพป.เชียงใหม่ เขต 3,6,19.44,6.21,28.33,13.44,41.67,15.96,50.00,40.82,41.67,34.36,33.33,23.57
2565,482,บ้านห้วยม่วง,แม่อาย,เล็ก,นอกเมือง,สำนักงานคณะกรรมการการศึกษาขั้นพื้นฐาน,สพป.เชียงใหม่ เขต 3,7,23.81,15.06,30.00,11.95,26.19,15.06,57.14,41.65,35.71,18.21,25.00,23.15
2565,483,บ้านห้วยศาลา,แม่อาย,เล็ก,นอกเมือง,สำนักงานคณะกรรมการการศึกษาขั้นพื้นฐาน,สพป.เชียงใหม่ เขต 3,18,21.30,19.09,29.44,12.23,34.26,20.39,44.44,22.91,29.17,20.83,30.56,17.79
2565,484,บ้านฮ่างต่ำ,แม่อาย,เล็ก,นอกเมือง,สำนักงานคณะกรรมการการศึกษาขั้นพื้นฐาน,สพป.เชียงใหม่ เขต 3,9,20.37,23.28,37.78,16.18,31.48,19.95,33.33,33.33,38.89,23.90,33.33,20.41
2565,485,ประพันธ์ - อารีย์ หงษ์สกุล (บ้านห้วยห,แม่อาย,กลาง,นอกเมือง,สำนักงานคณะกรรมการการศึกษาขั้นพื้นฐาน,สพป.เชียงใหม่ เขต 3,3,33.33,0.00,33.33,12.47,33.33,13.61,66.67,47.14,16.67,11.79,8.33,11.79
2565,486,เพียงหลวง 1 (บ้านท่าตอน),แม่อาย,กลาง,นอกเมือง,สำนักงานคณะกรรมการการศึกษาขั้นพื้นฐาน,สพป.เชียงใหม่ เขต 3,12,36.11,23.41,28.33,15.18,44.44,25.76,70.83,24.65,37.50,19.09,27.08,23.84
2565,487,ราชประชานุเคราะห์ 30,แม่อาย,กลาง,นอกเมือง,สำนักบริหารงานการศึกษาพิเศษ,-,27,23.46,17.13,31.48,12.97,33.95,21.98,40.74,38.58,23.15,17.91,28.70,27.81
2565,488,ศึกษานารีอนุสรณ์ 1 บ้านแม่เมืองน้อย,แม่อาย,เล็ก,นอกเมือง,สำนักงานคณะกรรมการการศึกษาขั้นพื้นฐาน,สพป.เชียงใหม่ เขต 3,20,35.83,21.91,24.50,18.30,38.33,21.15,55.00,41.53,36.25,16.72,23.75,18.50
2565,489,ศึกษานารีอนุสรณ์ 2,แม่อาย,กลาง,นอกเมือง,สำนักงานคณะกรรมการการศึกษาขั้นพื้นฐาน,สพป.เชียงใหม่ เขต 3,16,29.17,18.16,23.75,11.66,25.00,21.25,37.50,37.50,34.38,24.80,25.00,19.76
2565,490,เฮียงไทยธำรงค์,แม่อาย,เล็ก,นอกเมือง,กองบัญชาการตำรวจตระเวนชายแดน,-,11,21.21,20.21,35.45,18.76,31.82,24.05,27.27,32.78,36.36,19.55,34.09,30.66
2565,491,ตชด.เบญจมะ1,เวียงแหง,เล็ก,นอกเมือง,กองบัญชาการตำรวจตระเวนชายแดน,-,9,31.48,25.39,33.33,14.14,25.93,19.42,27.78,34.25,27.78,18.43,16.67,16.67
2565,492,บ้านกองลม,เวียงแหง,กลาง,นอกเมือง,สำนักงานคณะกรรมการการศึกษาขั้นพื้นฐาน,สพป.เชียงใหม่ เขต 3,32,30.21,25.49,29.37,13.68,26.04,19.07,23.44,27.91,33.59,24.69,26.56,27.20
2565,493,บ้านจอง,เวียงแหง,กลาง,นอกเมือง,สำนักงานคณะกรรมการการศึกษาขั้นพื้นฐาน,สพป.เชียงใหม่ เขต 3,18,37.96,22.09,35.56,18.92,35.19,19.16,44.44,32.87,30.56,27.07,36.11,19.04
2565,494,บ้านนามน,เวียงแหง,เล็ก,นอกเมือง,สำนักงานคณะกรรมการการศึกษาขั้นพื้นฐาน,สพป.เชียงใหม่ เขต 3,13,29.49,18.67,28.46,13.50,44.87,20.03,42.31,33.09,36.54,25.22,30.77,17.41
2565,495,บ้านปางป๋อ,เวียงแหง,เล็ก,นอกเมือง,สำนักงานคณะกรรมการการศึกษาขั้นพื้นฐาน,สพป.เชียงใหม่ เขต 3,18,24.07,19.42,30.56,10.79,26.85,18.54,30.56,33.91,23.61,22.78,31.94,20.08
2565,496,บ้านเปียงหลวง,เวียงแหง,กลาง,นอกเมือง,สำนักงานคณะกรรมการการศึกษาขั้นพื้นฐาน,สพป.เชียงใหม่ เขต 3,59,32.49,22.43,29.66,19.04,31.92,18.23,39.83,37.71,30.51,22.58,23.31,18.33
2565,497,บ้านม่วงป๊อก,เวียงแหง,กลาง,นอกเมือง,สำนักงานคณะกรรมการการศึกษาขั้นพื้นฐาน,สพป.เชียงใหม่ เขต 3,48,30.90,20.12,29.37,16.13,26.04,18.29,29.17,35.11,24.48,24.20,27.60,25.12
2565,498,บ้านเวียงแหง,เวียงแหง,กลาง,นอกเมือง,สำนักงานคณะกรรมการการศึกษาขั้นพื้นฐาน,สพป.เชียงใหม่ เขต 3,38,31.58,19.42,34.47,17.73,32.02,19.26,32.89,36.77,32.89,24.40,31.58,25.45
2565,499,บ้านห้วยไคร้,เวียงแหง,กลาง,นอกเมือง,สำนักงานคณะกรรมการการศึกษาขั้นพื้นฐาน,สพป.เชียงใหม่ เขต 3,14,28.57,21.30,25.71,11.78,22.62,18.48,35.71,29.45,23.21,17.59,19.64,16.85
2565,500,รัฐราษฎร์อุปถัมภ์,เวียงแหง,กลาง,นอกเมือง,สำนักงานคณะกรรมการการศึกษาขั้นพื้นฐาน,สพป.เชียงใหม่ เขต 3,40,27.92,19.50,28.75,17.35,26.67,21.02,32.50,32.69,24.38,21.28,28.75,18.16
2565,501,ชุมชนบ้านดง,สะเมิง,เล็ก,นอกเมือง,สำนักงานคณะกรรมการการศึกษาขั้นพื้นฐาน,สพป.เชียงใหม่ เขต 2,20,29.17,21.65,21.50,14.92,25.83,23.85,40.00,37.42,23.75,24.33,26.25,23.01
2565,502,ชุมชนบ้านแม่สาบ,สะเมิง,เล็ก,นอกเมือง,สำนักงานคณะกรรมการการศึกษาขั้นพื้นฐาน,สพป.เชียงใหม่ เขต 2,1,16.67,0.00,30.00,0.00,33.33,0.00,0.00,0.00,50.00,0.00,0.00,0.00
2565,503,ทรายทองราษฎร์อุทิศ,สะเมิง,เล็ก,นอกเมือง,สำนักงานคณะกรรมการการศึกษาขั้นพื้นฐาน,สพป.เชียงใหม่ เขต 2,22,21.97,17.69,26.82,14.58,31.06,21.49,43.18,34.69,31.82,21.56,30.68,21.23
2565,504,บ้านกิ่วเสือ,สะเมิง,เล็ก,นอกเมือง,สำนักงานคณะกรรมการการศึกษาขั้นพื้นฐาน,สพป.เชียงใหม่ เขต 2,6,25.00,18.63,16.67,13.74,33.33,25.46,66.67,23.57,20.83,9.32,29.17,22.44
2565,505,บ้านนากู่,สะเมิง,เล็ก,นอกเมือง,สำนักงานคณะกรรมการการศึกษาขั้นพื้นฐาน,สพป.เชียงใหม่ เขต 2,0,-,-,-,-,-,-,-,-,-,-,-,-
2565,506,บ้านบ่อแก้ว,สะเมิง,กลาง,นอกเมือง,สำนักงานคณะกรรมการการศึกษาขั้นพื้นฐาน,สพป.เชียงใหม่ เขต 2,19,30.70,18.15,23.68,13.46,35.96,21.13,36.84,39.21,27.63,21.30,23.68,23.61
2565,507,บ้านปางขุม,สะเมิง,เล็ก,นอกเมือง,สำนักงานคณะกรรมการการศึกษาขั้นพื้นฐาน,สพป.เชียงใหม่ เขต 2,5,36.67,12.47,30.00,14.14,23.33,17.00,50.00,31.62,40.00,20.00,35.00,25.50
2565,508,บ้านป่าลาน,สะเมิง,เล็ก,นอกเมือง,สำนักงานคณะกรรมการการศึกษาขั้นพื้นฐาน,สพป.เชียงใหม่ เขต 2,8,27.08,18.52,27.50,13.92,35.42,15.45,31.25,24.21,37.50,17.68,43.75,24.21
2565,509,บ้านแม่ขะปู,สะเมิง,เล็ก,นอกเมือง,สำนักงานคณะกรรมการการศึกษาขั้นพื้นฐาน,สพป.เชียงใหม่ เขต 2,7,16.67,17.82,27.14,12.78,26.19,12.14,28.57,36.42,28.57,20.82,35.71,22.59
2565,510,บ้านแม่โต๋,สะเมิง,เล็ก,นอกเมือง,สำนักงานคณะกรรมการการศึกษาขั้นพื้นฐาน,สพป.เชียงใหม่ เขต 2,20,21.67,15.00,29.50,12.44,23.33,17.00,30.00,33.17,28.75,22.74,26.25,18.50
2565,511,บ้านแม่ยางห้า,สะเมิง,เล็ก,นอกเมือง,สำนักงานคณะกรรมการการศึกษาขั้นพื้นฐาน,สพป.เชียงใหม่ เขต 2,27,27.78,20.29,26.30,14.94,27.16,19.32,31.48,33.74,23.15,21.44,30.56,19.64
2565,512,บ้านแม่ลานคำ,สะเมิง,เล็ก,นอกเมือง,สำนักงานคณะกรรมการการศึกษาขั้นพื้นฐาน,สพป.เชียงใหม่ เขต 2,16,23.96,13.13,26.25,14.52,29.17,21.65,21.87,30.46,26.56,18.68,35.94,19.70
2565,513,บ้านแม่แว,สะเมิง,เล็ก,นอกเมือง,สำนักงานคณะกรรมการการศึกษาขั้นพื้นฐาน,สพป.เชียงใหม่ เขต 2,14,22.62,14.92,35.00,14.02,25.00,16.37,28.57,31.13,17.86,14.73,30.36,23.49
2565,514,บ้านห้วยน้ำจาง,สะเมิง,เล็ก,นอกเมือง,สำนักงานคณะกรรมการการศึกษาขั้นพื้นฐาน,สพป.เชียงใหม่ เขต 2,7,21.43,7.53,30.00,10.69,38.10,21.30,14.29,22.59,17.86,17.50,25.00,26.73
2565,515,รัปปาปอร์ต,สะเมิง,เล็ก,นอกเมือง,กองบัญชาการตำรวจตระเวนชายแดน,-,13,29.49,14.84,27.69,12.50,38.46,18.93,50.00,33.97,36.54,30.41,30.77,19.99
2565,516,วัดงิ้วเฒ่า,สะเมิง,เล็ก,นอกเมือง,สำนักงานคณะกรรมการการศึกษาขั้นพื้นฐาน,สพป.เชียงใหม่ เขต 2,6,38.89,36.85,38.33,26.09,50.00,30.43,33.33,37.27,37.50,23.94,50.00,20.41
2565,517,วัดบ้านป้อก,สะเมิง,เล็ก,นอกเมือง,สำนักงานคณะกรรมการการศึกษาขั้นพื้นฐาน,สพป.เชียงใหม่ เขต 2,9,14.81,12.28,35.56,17.07,38.89,23.57,33.33,23.57,33.33,20.41,30.56,19.64
2565,518,วัดปางเติม,สะเมิง,เล็ก,นอกเมือง,สำนักงานคณะกรรมการการศึกษาขั้นพื้นฐาน,สพป.เชียงใหม่ เขต 2,7,19.05,16.50,27.14,13.85,23.81,8.25,42.86,31.94,7.14,11.29,32.14,22.02
2565,519,วัดแม่เลย,สะเมิง,เล็ก,นอกเมือง,สำนักงานคณะกรรมการการศึกษาขั้นพื้นฐาน,สพป.เชียงใหม่ เขต 2,8,20.83,21.65,17.50,16.39,43.75,14.28,25.00,35.36,18.75,16.54,31.25,10.83
2565,520,วัดยั้งเมิน,สะเมิง,เล็ก,นอกเมือง,สำนักงานคณะกรรมการการศึกษาขั้นพื้นฐาน,สพป.เชียงใหม่ เขต 2,12,16.67,15.21,28.33,15.18,34.72,25.87,41.67,27.64,14.58,16.00,41.67,25.69
2565,521,บ้านกอสะเลียม,สันกำแพง,เล็ก,นอกเมือง,สำนักงานคณะกรรมการการศึกษาขั้นพื้นฐาน,สพป.เชียงใหม่ เขต 1,8,31.25,30.55,33.75,17.28,25.00,23.57,25.00,25.00,43.75,24.21,34.38,24.80
2565,522,บ้านแช่ช้าง (เทพนานุกูล),สันกำแพง,เล็ก,นอกเมือง,สำนักงานคณะกรรมการการศึกษาขั้นพื้นฐาน,สพป.เชียงใหม่ เขต 1,15,28.89,20.61,37.33,9.98,32.22,20.61,53.33,33.99,26.67,29.53,21.67,17.95
2565,523,บ้านบวกค้าง,สันกำแพง,เล็ก,นอกเมือง,สำนักงานคณะกรรมการการศึกษาขั้นพื้นฐาน,สพป.เชียงใหม่ เขต 1,5,30.00,26.67,42.00,23.15,33.33,29.81,60.00,37.42,40.00,20.00,30.00,18.71
2565,524,บ้านบ่อสร้างนรากรประสาท,สันกำแพง,กลาง,นอกเมือง,สำนักงานคณะกรรมการการศึกษาขั้นพื้นฐาน,สพป.เชียงใหม่ เขต 1,41,24.80,21.50,33.41,15.71,32.11,22.81,40.24,36.99,28.05,22.90,28.05,21.52
2565,525,บ้านปงป่าเอื้อง,สันกำแพง,เล็ก,นอกเมือง,สำนักงานคณะกรรมการการศึกษาขั้นพื้นฐาน,สพป.เชียงใหม่ เขต 1,4,16.67,16.67,40.00,7.07,37.50,13.82,12.50,21.65,25.00,0.00,18.75,20.73
2565,526,บ้านมอญ,สันกำแพง,เล็ก,นอกเมือง,สำนักงานคณะกรรมการการศึกษาขั้นพื้นฐาน,สพป.เชียงใหม่ เขต 1,18,22.22,17.57,30.00,14.14,35.19,18.33,36.11,27.92,38.89,26.64,33.33,25.00
2565,527,บ้านแม่ปูคา,สันกำแพง,เล็ก,นอกเมือง,สำนักงานคณะกรรมการการศึกษาขั้นพื้นฐาน,สพป.เชียงใหม่ เขต 1,13,30.77,20.51,28.46,13.50,20.51,13.32,23.08,37.29,32.69,26.65,34.62,31.83
2565,528,บ้านสันกำแพง,สันกำแพง,ใหญ่พิเศษ,นอกเมือง,สำนักงานคณะกรรมการการศึกษาขั้นพื้นฐาน,สพป.เชียงใหม่ เขต 1,285,37.72,27.63,42.25,23.08,40.29,26.03,47.19,39.41,37.81,28.68,32.54,24.96
2565,529,บ้านหนองโค้ง,สันกำแพง,กลาง,นอกเมือง,สำนักงานคณะกรรมการการศึกษาขั้นพื้นฐาน,สพป.เชียงใหม่ เขต 1,55,35.76,20.70,39.27,21.14,42.73,20.78,53.64,31.41,56.82,31.43,37.73,24.71
2565,530,วัดทรายมูลรัตนศึกษา,สันกำแพง,เล็ก,นอกเมือง,สำนักงานคณะกรรมการการศึกษาขั้นพื้นฐาน,สพป.เชียงใหม่ เขต 1,5,40.00,8.16,36.00,10.20,23.33,8.16,40.00,20.00,20.00,18.71,25.00,15.81
2565,531,วัดบ้านน้อย,สันกำแพง,เล็ก,นอกเมือง,สำนักงานคณะกรรมการการศึกษาขั้นพื้นฐาน,สพป.เชียงใหม่ เขต 1,13,25.64,15.49,30.77,12.06,28.21,18.93,53.85,30.77,38.46,18.64,25.00,13.87
2565,532,วัดบ้านโห้ง,สันกำแพง,เล็ก,นอกเมือง,สำนักงานคณะกรรมการการศึกษาขั้นพื้นฐาน,สพป.เชียงใหม่ เขต 1,8,27.08,14.28,28.75,19.65,22.92,20.31,31.25,24.21,21.88,19.52,40.63,17.40
2565,533,วัดป่าตาล,สันกำแพง,เล็ก,นอกเมือง,สำนักงานคณะกรรมการการศึกษาขั้นพื้นฐาน,สพป.เชียงใหม่ เขต 1,3,61.11,15.71,50.00,32.66,44.44,7.86,83.33,23.57,58.33,11.79,41.67,11.79
2565,534,วัดร้องวัวแดงศรีจันทร์วิทยาคาร,สันกำแพง,เล็ก,นอกเมือง,สำนักงานคณะกรรมการการศึกษาขั้นพื้นฐาน,สพป.เชียงใหม่ เขต 1,12,36.11,19.04,35.83,21.39,34.72,24.02,45.83,37.96,45.83,26.68,41.67,23.57
2565,535,วัดล้านตอง,สันกำแพง,เล็ก,นอกเมือง,สำนักงานคณะกรรมการการศึกษาขั้นพื้นฐาน,สพป.เชียงใหม่ เขต 1,11,28.79,18.92,33.64,11.50,31.82,21.85,45.45,14.37,34.09,32.46,25.00,18.46
2565,536,วัดสันกลางเหนือ,สันกำแพง,เล็ก,นอกเมือง,สำนักงานคณะกรรมการการศึกษาขั้นพื้นฐาน,สพป.เชียงใหม่ เขต 1,13,33.33,23.57,39.23,25.26,37.18,26.27,42.31,33.09,44.23,24.33,28.85,23.71
2565,537,วัดสันโค้ง,สันกำแพง,เล็ก,นอกเมือง,สำนักงานคณะกรรมการการศึกษาขั้นพื้นฐาน,สพป.เชียงใหม่ เขต 1,3,22.22,20.79,33.33,20.55,22.22,15.71,50.00,0.00,50.00,20.41,25.00,0.00
2565,538,วัดสันมะฮกฟ้า,สันกำแพง,เล็ก,นอกเมือง,สำนักงานคณะกรรมการการศึกษาขั้นพื้นฐาน,สพป.เชียงใหม่ เขต 1,9,33.33,19.25,40.00,22.61,31.48,25.39,38.89,39.28,47.22,32.16,38.89,23.90
2565,539,สวนเด็กสันกำแพง,สันกำแพง,กลาง,นอกเมือง,สำนักงานคณะกรรมการส่งเสริมการศึกษาเอกชน,-,28,32.74,24.99,40.71,22.19,42.26,21.12,50.00,29.88,37.50,26.31,33.04,20.10
2565,540,สันกำแพงคันธาอนุสรณ์,สันกำแพง,เล็ก,นอกเมือง,สำนักงานคณะกรรมการการศึกษาขั้นพื้นฐาน,สพป.เชียงใหม่ เขต 1,20,32.50,20.05,32.50,15.12,35.00,22.30,42.50,36.31,31.25,20.73,33.75,21.32
2565,541,ออนใต้วิทยา,สันกำแพง,เล็ก,นอกเมือง,สำนักงานคณะกรรมการการศึกษาขั้นพื้นฐาน,สพป.เชียงใหม่ เขต 1,3,27.78,15.71,30.00,8.16,44.44,7.86,16.67,23.57,16.67,11.79,25.00,0.00
2565,542,ชลประทานเขื่อนแม่กวงจิราธิวัฒน์อุปถัมภ์,สันทราย,กลาง,นอกเมือง,สำนักงานคณะกรรมการการศึกษาขั้นพื้นฐาน,สพป.เชียงใหม่ เขต 2,28,22.02,15.46,31.43,15.05,27.38,15.57,25.00,36.60,23.21,26.67,20.54,22.21
2565,543,ต้นกล้า,สันทราย,กลาง,นอกเมือง,สำนักงานคณะกรรมการส่งเสริมการศึกษาเอกชน,-,16,85.42,17.55,88.75,20.27,79.17,25.34,87.50,21.65,65.63,24.80,81.25,22.53
2565,544,บ้านเจดีย์แม่ครัว,สันทราย,กลาง,นอกเมือง,สำนักงานคณะกรรมการการศึกษาขั้นพื้นฐาน,สพป.เชียงใหม่ เขต 2,61,34.43,19.99,32.62,16.98,33.06,19.67,47.54,36.69,36.89,25.85,29.10,22.72
2565,545,บ้านท่าเกวียน,สันทราย,เล็ก,นอกเมือง,สำนักงานคณะกรรมการการศึกษาขั้นพื้นฐาน,สพป.เชียงใหม่ เขต 2,23,26.09,18.92,35.65,21.63,31.88,22.48,34.78,31.05,45.65,28.22,30.43,23.26
2565,546,บ้านบวกเปา,สันทราย,เล็ก,นอกเมือง,สำนักงานคณะกรรมการการศึกษาขั้นพื้นฐาน,สพป.เชียงใหม่ เขต 2,8,37.50,29.76,38.75,20.88,45.83,29.76,56.25,46.35,62.50,21.65,37.50,27.95
2565,547,บ้านป่าก้าง,สันทราย,เล็ก,นอกเมือง,สำนักงานคณะกรรมการการศึกษาขั้นพื้นฐาน,สพป.เชียงใหม่ เขต 2,9,24.07,17.76,25.56,13.43,25.93,17.76,27.78,34.25,30.56,28.33,36.11,20.79
2565,548,บ้านป่าบง,สันทราย,เล็ก,นอกเมือง,สำนักงานคณะกรรมการการศึกษาขั้นพื้นฐาน,สพป.เชียงใหม่ เขต 2,19,39.47,14.52,31.58,16.94,30.70,24.93,15.79,28.34,25.00,30.35,35.53,18.70
2565,549,บ้านป่าเหมือด,สันทราย,เล็ก,นอกเมือง,สำนักงานคณะกรรมการการศึกษาขั้นพื้นฐาน,สพป.เชียงใหม่ เขต 2,12,33.33,23.57,53.33,25.28,37.50,28.16,50.00,35.36,47.92,31.39,43.75,25.26
2565,550,บ้านโปง,สันทราย,เล็ก,นอกเมือง,สำนักงานคณะกรรมการการศึกษาขั้นพื้นฐาน,สพป.เชียงใหม่ เขต 2,15,32.22,16.63,34.00,13.06,28.89,20.61,13.33,22.11,20.00,20.82,33.33,25.28
2565,551,บ้านโป่ง,สันทราย,เล็ก,นอกเมือง,สำนักงานคณะกรรมการการศึกษาขั้นพื้นฐาน,สพป.เชียงใหม่ เขต 2,4,37.50,21.65,35.00,15.00,29.17,13.82,12.50,21.65,18.75,10.83,31.25,27.24
2565,552,บ้านเมืองขอน,สันทราย,เล็ก,นอกเมือง,สำนักงานคณะกรรมการการศึกษาขั้นพื้นฐาน,สพป.เชียงใหม่ เขต 2,10,26.67,13.33,34.00,18.55,30.00,19.44,45.00,35.00,27.50,23.58,30.00,24.49
2565,553,บ้านแม่โจ้,สันทราย,กลาง,นอกเมือง,สำนักงานคณะกรรมการการศึกษาขั้นพื้นฐาน,สพป.เชียงใหม่ เขต 2,36,30.09,20.72,35.56,20.74,32.87,24.37,38.89,29.13,32.64,24.87,27.08,25.26
2565,554,บ้านแม่แต,สันทราย,เล็ก,นอกเมือง,สำนักงานคณะกรรมการการศึกษาขั้นพื้นฐาน,สพป.เชียงใหม่ เขต 2,7,26.19,23.33,27.14,18.29,38.10,21.30,21.43,36.42,32.14,17.50,21.43,15.97
2565,555,บ้านแม่แฝก,สันทราย,เล็ก,นอกเมือง,สำนักงานคณะกรรมการการศึกษาขั้นพื้นฐาน,สพป.เชียงใหม่ เขต 2,11,25.76,8.30,28.18,9.36,19.70,21.10,50.00,30.15,31.82,18.74,29.55,31.66
2565,556,บ้านแม่ย่อย,สันทราย,เล็ก,นอกเมือง,สำนักงานคณะกรรมการการศึกษาขั้นพื้นฐาน,สพป.เชียงใหม่ เขต 2,11,45.45,26.68,47.27,20.93,50.00,32.57,63.64,37.48,50.00,28.20,36.36,28.93
2565,557,บ้านร่มหลวง,สันทราย,เล็ก,นอกเมือง,สำนักงานคณะกรรมการการศึกษาขั้นพื้นฐาน,สพป.เชียงใหม่ เขต 2,20,30.83,22.53,35.00,17.46,25.00,21.41,30.00,29.15,35.00,27.84,27.50,27.27
2565,558,บ้านศรีงาม,สันทราย,เล็ก,นอกเมือง,สำนักงานคณะกรรมการการศึกษาขั้นพื้นฐาน,สพป.เชียงใหม่ เขต 2,4,37.50,32.00,52.50,12.99,62.50,21.65,62.50,41.46,56.25,44.63,31.25,10.83
2565,559,บ้านศรีบุญเรือง,สันทราย,กลาง,นอกเมือง,สำนักงานคณะกรรมการการศึกษาขั้นพื้นฐาน,สพป.เชียงใหม่ เขต 2,12,22.22,23.90,39.17,24.31,27.78,24.85,29.17,37.96,50.00,25.00,29.17,28.57
2565,560,บ้านสันพระเนตร,สันทราย,เล็ก,นอกเมือง,สำนักงานคณะกรรมการการศึกษาขั้นพื้นฐาน,สพป.เชียงใหม่ เขต 2,5,30.00,16.33,38.00,11.66,43.33,32.66,60.00,37.42,55.00,29.15,55.00,33.17
2565,561,บ้านสันศรี,สันทราย,เล็ก,นอกเมือง,สำนักงานคณะกรรมการการศึกษาขั้นพื้นฐาน,สพป.เชียงใหม่ เขต 2,6,38.89,24.85,40.00,12.91,44.44,24.85,66.67,23.57,25.00,28.87,12.50,19.09
2565,562,บ้านหนองไคร้,สันทราย,กลาง,นอกเมือง,สำนักงานคณะกรรมการการศึกษาขั้นพื้นฐาน,สพป.เชียงใหม่ เขต 2,58,31.03,21.54,32.07,19.37,39.37,20.92,46.55,39.24,44.40,30.10,21.55,20.47
2565,563,บ้านหนองมะจับ,สันทราย,เล็ก,นอกเมือง,สำนักงานคณะกรรมการการศึกษาขั้นพื้นฐาน,สพป.เชียงใหม่ เขต 2,10,20.00,17.95,27.00,11.00,28.33,13.02,40.00,37.42,27.50,17.50,22.50,17.50
2565,564,บ้านหนองหาร,สันทราย,เล็ก,นอกเมือง,สำนักงานคณะกรรมการการศึกษาขั้นพื้นฐาน,สพป.เชียงใหม่ เขต 2,7,35.71,10.65,40.00,9.26,45.24,21.30,57.14,41.65,46.43,33.88,17.86,22.02
2565,565,บ้านหลักปัน,สันทราย,กลาง,นอกเมือง,สำนักงานคณะกรรมการการศึกษาขั้นพื้นฐาน,สพป.เชียงใหม่ เขต 2,6,38.89,15.71,40.00,20.82,33.33,16.67,41.67,34.36,45.83,17.18,37.50,19.09
2565,566,บ้านห้วยเกี๋ยง,สันทราย,กลาง,นอกเมือง,สำนักงานคณะกรรมการการศึกษาขั้นพื้นฐาน,สพป.เชียงใหม่ เขต 2,28,27.98,21.85,25.36,13.22,29.76,17.46,37.50,34.40,20.54,18.96,24.11,19.46
2565,567,บ้านหัวฝาย,สันทราย,เล็ก,นอกเมือง,สำนักงานคณะกรรมการการศึกษาขั้นพื้นฐาน,สพป.เชียงใหม่ เขต 2,5,40.00,17.00,34.00,18.55,33.33,21.08,50.00,31.62,40.00,12.25,25.00,38.73
2565,568,พงษ์พิกุลเชียงใหม่,สันทราย,กลาง,นอกเมือง,สำนักงานคณะกรรมการส่งเสริมการศึกษาเอกชน,-,40,30.83,23.14,38.00,24.82,38.75,23.09,35.00,35.71,31.25,27.81,29.38,31.07
2565,569,วัดแม่แก้ดน้อย,สันทราย,ใหญ่,นอกเมือง,สำนักงานคณะกรรมการการศึกษาขั้นพื้นฐาน,สพป.เชียงใหม่ เขต 2,29,32.18,22.29,41.03,20.57,40.23,24.96,39.66,33.16,46.55,28.41,32.76,24.66
2565,570,วัดสันคะยอม,สันทราย,เล็ก,นอกเมือง,สำนักงานคณะกรรมการการศึกษาขั้นพื้นฐาน,สพป.เชียงใหม่ เขต 2,6,33.33,25.46,31.67,27.94,41.67,25.00,33.33,23.57,29.17,30.33,41.67,23.57
2565,571,วัดสันทรายมูล,สันทราย,เล็ก,นอกเมือง,สำนักงานคณะกรรมการการศึกษาขั้นพื้นฐาน,สพป.เชียงใหม่ เขต 2,16,34.37,25.32,31.87,19.11,36.46,17.89,59.37,31.72,39.06,26.47,21.88,19.52
2565,572,วีรยาเชียงใหม่,สันทราย,กลาง,นอกเมือง,สำนักงานคณะกรรมการส่งเสริมการศึกษาเอกชน,-,9,66.67,29.40,67.78,32.92,61.11,30.43,72.22,34.25,58.33,31.18,55.56,28.33
2565,573,สวนองุ่นเชียงใหม่,สันทราย,กลาง,นอกเมือง,สำนักงานคณะกรรมการส่งเสริมการศึกษาเอกชน,-,26,67.31,25.94,64.62,28.72,59.62,29.66,76.92,31.72,73.08,28.52,53.85,26.58
2565,574,สันทรายหลวง,สันทราย,กลาง,นอกเมือง,สำนักงานคณะกรรมการการศึกษาขั้นพื้นฐาน,สพป.เชียงใหม่ เขต 2,110,29.85,22.93,35.27,20.75,33.79,23.94,40.91,35.15,40.45,31.26,30.68,23.51
2565,575,กิ่วแลน้อยประสิทธิ์วิทยา,สันป่าตอง,กลาง,นอกเมือง,สำนักงานคณะกรรมการการศึกษาขั้นพื้นฐาน,สพป.เชียงใหม่ เขต 4,9,42.59,24.98,40.00,21.08,37.04,21.91,55.56,36.85,41.67,28.87,25.00,23.57
2565,576,ชุมชนกิ่วแลหลวงประสิทธิ์วิทยา,สันป่าตอง,เล็ก,นอกเมือง,สำนักงานคณะกรรมการการศึกษาขั้นพื้นฐาน,สพป.เชียงใหม่ เขต 4,4,25.00,18.63,40.00,18.71,29.17,18.16,62.50,21.65,6.25,10.83,31.25,20.73
2565,577,ทุ่งฟ้าบดราษฎร์บำรุง,สันป่าตอง,กลาง,นอกเมือง,กรมส่งเสริมการปกครองท้องถิ่น,ท้องถิ่นจังหวัดเชียงใหม่,82,43.09,29.10,46.95,27.70,51.02,26.33,62.80,35.62,48.48,31.56,35.67,28.70
2565,578,บ้านทุ่งเสี้ยว (นวรัฐ),สันป่าตอง,เล็ก,นอกเมือง,สำนักงานคณะกรรมการการศึกษาขั้นพื้นฐาน,สพป.เชียงใหม่ เขต 4,13,33.33,19.61,33.85,20.58,23.08,17.95,15.38,30.28,34.62,23.08,26.92,28.52
2565,579,บ้านเปียง,สันป่าตอง,เล็ก,นอกเมือง,สำนักงานคณะกรรมการการศึกษาขั้นพื้นฐาน,สพป.เชียงใหม่ เขต 4,11,39.39,27.77,36.36,23.46,43.94,24.90,54.55,39.63,36.36,26.89,40.91,22.03
2565,580,บ้านม่วงพี่น้อง,สันป่าตอง,เล็ก,นอกเมือง,สำนักงานคณะกรรมการการศึกษาขั้นพื้นฐาน,สพป.เชียงใหม่ เขต 4,7,33.33,21.82,32.86,18.29,19.05,16.50,28.57,36.42,17.86,11.29,25.00,18.90
2565,581,บ้านแม่กุ้งหลวง,สันป่าตอง,เล็ก,นอกเมือง,สำนักงานคณะกรรมการการศึกษาขั้นพื้นฐาน,สพป.เชียงใหม่ เขต 4,3,16.67,13.61,20.00,14.14,38.89,7.86,16.67,23.57,33.33,11.79,25.00,0.00
2565,582,บ้านห้วยส้ม,สันป่าตอง,เล็ก,นอกเมือง,สำนักงานคณะกรรมการการศึกษาขั้นพื้นฐาน,สพป.เชียงใหม่ เขต 4,14,30.95,19.78,32.86,17.90,39.29,18.48,28.57,36.42,30.36,21.50,28.57,15.97
2565,583,บ้านหัวริน,สันป่าตอง,เล็ก,นอกเมือง,สำนักงานคณะกรรมการการศึกษาขั้นพื้นฐาน,สพป.เชียงใหม่ เขต 4,10,31.67,15.72,30.00,16.12,26.67,15.28,35.00,32.02,40.00,27.84,37.50,16.77
2565,584,พัฒนวิทย์ศึกษา,สันป่าตอง,ใหญ่,นอกเมือง,สำนักงานคณะกรรมการส่งเสริมการศึกษาเอกชน,-,45,35.56,24.24,37.11,22.67,37.78,26.39,45.56,40.58,41.11,27.46,31.67,26.56
2565,585,วัดกู่คำ,สันป่าตอง,เล็ก,นอกเมือง,สำนักงานคณะกรรมการการศึกษาขั้นพื้นฐาน,สพป.เชียงใหม่ เขต 4,4,29.17,32.00,47.50,8.29,33.33,20.41,50.00,35.36,25.00,17.68,43.75,10.83
2565,586,วัดท่ากาน,สันป่าตอง,เล็ก,นอกเมือง,สำนักงานคณะกรรมการการศึกษาขั้นพื้นฐาน,สพป.เชียงใหม่ เขต 4,10,43.33,22.61,39.00,20.22,51.67,31.14,55.00,26.93,57.50,33.63,37.50,20.16
2565,587,วัดน้ำบ่อหลวง,สันป่าตอง,เล็ก,นอกเมือง,สำนักงานคณะกรรมการการศึกษาขั้นพื้นฐาน,สพป.เชียงใหม่ เขต 4,17,19.61,14.27,37.65,11.13,31.37,16.05,55.88,37.89,47.06,28.29,27.94,22.50
2565,588,วัดโรงวัว,สันป่าตอง,เล็ก,นอกเมือง,สำนักงานคณะกรรมการการศึกษาขั้นพื้นฐาน,สพป.เชียงใหม่ เขต 4,4,29.17,24.65,47.50,12.99,62.50,7.22,87.50,21.65,75.00,17.68,18.75,20.73
2565,589,วัดสามหลัง,สันป่าตอง,เล็ก,นอกเมือง,สำนักงานคณะกรรมการการศึกษาขั้นพื้นฐาน,สพป.เชียงใหม่ เขต 4,8,41.67,23.57,28.75,11.66,39.58,23.48,43.75,39.03,37.50,12.50,31.25,24.21
2565,590,วัดอุเม็ง,สันป่าตอง,เล็ก,นอกเมือง,สำนักงานคณะกรรมการการศึกษาขั้นพื้นฐาน,สพป.เชียงใหม่ เขต 4,12,33.33,21.52,41.67,18.18,47.22,17.79,37.50,36.08,72.92,23.84,27.08,25.94
2565,591,วิมานทิพย์,สันป่าตอง,เล็ก,นอกเมือง,สำนักงานคณะกรรมการส่งเสริมการศึกษาเอกชน,-,12,52.78,31.06,50.00,23.45,54.17,24.65,75.00,25.00,47.92,31.39,33.33,25.69
2565,592,สันป่าตอง,สันป่าตอง,เล็ก,นอกเมือง,กรมส่งเสริมการปกครองท้องถิ่น,ท้องถิ่นจังหวัดเชียงใหม่,6,27.78,15.71,31.67,20.34,36.11,11.45,41.67,34.36,41.67,31.18,20.83,17.18
2565,593,สันป่าตอง (สุวรรณราษฎร์วิทยาคาร),สันป่าตอง,ใหญ่,นอกเมือง,สำนักงานคณะกรรมการการศึกษาขั้นพื้นฐาน,สพป.เชียงใหม่ เขต 4,162,46.19,30.50,49.01,29.04,49.28,29.30,55.25,37.11,48.15,31.74,40.74,29.64
2565,594,อุ่นไอรัก เชียงใหม่,สันป่าตอง,เล็ก,นอกเมือง,สำนักงานคณะกรรมการส่งเสริมการศึกษาเอกชน,-,28,26.19,16.32,31.79,16.70,26.79,22.86,33.93,30.04,27.68,25.30,33.93,24.29
2565,595,ช่องฟ้าซินเซิงวาณิชบำรุง,สารภี,ใหญ่พิเศษ,นอกเมือง,สำนักงานคณะกรรมการส่งเสริมการศึกษาเอกชน,-,249,54.75,30.88,60.80,26.15,57.16,25.46,63.05,36.41,52.71,30.31,42.37,28.99
2565,596,ชุมชนวัดปากกอง,สารภี,เล็ก,นอกเมือง,สำนักงานคณะกรรมการการศึกษาขั้นพื้นฐาน,สพป.เชียงใหม่ เขต 4,2,25.00,8.33,20.00,10.00,25.00,8.33,25.00,25.00,62.50,12.50,62.50,12.50
2565,597,ชุมชนวัดศรีคำชมภู,สารภี,กลาง,นอกเมือง,สำนักงานคณะกรรมการการศึกษาขั้นพื้นฐาน,สพป.เชียงใหม่ เขต 4,10,35.00,15.72,37.00,11.00,21.67,21.15,45.00,26.93,25.00,22.36,27.50,17.50
2565,598,เทศบาลตำบลยางเนิ้ง,สารภี,กลาง,นอกเมือง,กรมส่งเสริมการปกครองท้องถิ่น,ท้องถิ่นจังหวัดเชียงใหม่,17,35.29,22.05,35.88,17.51,27.45,20.56,32.35,38.12,32.35,28.13,27.94,16.90
2565,599,บ้านปากเหมือง,สารภี,กลาง,นอกเมือง,สำนักงานคณะกรรมการการศึกษาขั้นพื้นฐาน,สพป.เชียงใหม่ เขต 4,20,30.00,20.82,40.00,20.49,38.33,23.03,45.00,35.00,37.50,26.81,33.75,25.34
2565,600,บ้านสันทราย,สารภี,เล็ก,นอกเมือง,สำนักงานคณะกรรมการการศึกษาขั้นพื้นฐาน,สพป.เชียงใหม่ เขต 4,9,50.00,26.06,52.22,18.72,37.04,20.45,61.11,39.28,52.78,24.85,41.67,20.41
2565,601,ยุวฑูตศึกษาพัฒนา,สารภี,ใหญ่,นอกเมือง,สำนักงานคณะกรรมการส่งเสริมการศึกษาเอกชน,-,37,84.23,20.48,94.32,13.66,84.23,14.47,89.19,26.34,75.00,17.44,85.14,22.10
2565,602,วชิราลัย,สารภี,กลาง,นอกเมือง,สำนักงานคณะกรรมการส่งเสริมการศึกษาเอกชน,-,54,35.19,25.79,47.96,27.58,44.44,27.40,43.52,43.08,41.67,28.05,37.04,31.45
2565,603,วัดกองทราย,สารภี,เล็ก,นอกเมือง,สำนักงานคณะกรรมการการศึกษาขั้นพื้นฐาน,สพป.เชียงใหม่ เขต 4,10,30.00,16.33,34.00,13.56,35.00,13.84,35.00,39.05,30.00,26.93,30.00,29.15
2565,604,วัดท่าต้นกวาว,สารภี,เล็ก,นอกเมือง,สำนักงานคณะกรรมการการศึกษาขั้นพื้นฐาน,สพป.เชียงใหม่ เขต 4,15,33.33,20.18,41.33,21.56,43.33,27.76,50.00,40.82,46.67,33.99,36.67,20.14
2565,605,วัดเทพาราม,สารภี,เล็ก,นอกเมือง,สำนักงานคณะกรรมการการศึกษาขั้นพื้นฐาน,สพป.เชียงใหม่ เขต 4,12,37.50,21.65,31.67,14.04,36.11,17.79,41.67,27.64,33.33,23.57,31.25,30.83
2565,606,วัดบวกครกเหนือ,สารภี,เล็ก,นอกเมือง,สำนักงานคณะกรรมการการศึกษาขั้นพื้นฐาน,สพป.เชียงใหม่ เขต 4,25,27.33,21.54,28.00,13.27,24.67,17.07,28.00,31.87,22.00,24.82,24.00,19.34
2565,607,วัดพญาชมภู,สารภี,เล็ก,นอกเมือง,สำนักงานคณะกรรมการการศึกษาขั้นพื้นฐาน,สพป.เชียงใหม่ เขต 4,6,27.78,15.71,21.67,10.67,38.89,20.79,33.33,37.27,20.83,17.18,29.17,22.44
2565,608,วัดพระนอนหนองผึ้ง,สารภี,เล็ก,นอกเมือง,สำนักงานคณะกรรมการการศึกษาขั้นพื้นฐาน,สพป.เชียงใหม่ เขต 4,17,32.35,18.50,34.12,16.47,27.45,17.09,47.06,36.26,25.00,24.25,29.41,23.07
2565,609,วัดแม่สะลาบ,สารภี,เล็ก,นอกเมือง,สำนักงานคณะกรรมการการศึกษาขั้นพื้นฐาน,สพป.เชียงใหม่ เขต 4,11,33.33,17.41,35.45,14.37,31.82,22.98,13.64,30.83,22.73,16.70,36.36,16.39
2565,610,วัดเวฬุวัน,สารภี,ใหญ่,นอกเมือง,สำนักงานคณะกรรมการการศึกษาขั้นพื้นฐาน,สพป.เชียงใหม่ เขต 4,21,52.38,26.87,59.52,29.03,57.94,27.03,50.00,37.80,67.86,25.75,53.57,32.08
2565,611,วัดศรีดอนชัย,สารภี,เล็ก,นอกเมือง,สำนักงานคณะกรรมการการศึกษาขั้นพื้นฐาน,สพป.เชียงใหม่ เขต 4,4,37.50,21.65,27.50,8.29,25.00,8.33,37.50,41.46,25.00,17.68,6.25,10.83
2565,612,วัดศรีโพธาราม,สารภี,เล็ก,นอกเมือง,สำนักงานคณะกรรมการการศึกษาขั้นพื้นฐาน,สพป.เชียงใหม่ เขต 4,7,40.48,29.35,38.57,30.90,38.10,19.34,50.00,37.80,39.29,22.59,50.00,35.36
2565,613,วัดสันดอนมูล,สารภี,เล็ก,นอกเมือง,สำนักงานคณะกรรมการการศึกษาขั้นพื้นฐาน,สพป.เชียงใหม่ เขต 4,6,27.78,28.33,33.33,23.57,30.56,14.96,33.33,37.27,20.83,17.18,45.83,22.44
2565,614,ศูนย์การเรียนแห่งความหวังและอนาคต,สารภี,เล็ก,นอกเมือง,สำนักงานคณะกรรมการการศึกษาขั้นพื้นฐาน,สพป.เชียงใหม่ เขต 4,4,50.00,26.35,37.50,25.86,50.00,23.57,50.00,50.00,43.75,20.73,37.50,12.50
2565,615,สืบนทีธรรม,สารภี,กลาง,นอกเมือง,สำนักงานคณะกรรมการส่งเสริมการศึกษาเอกชน,-,14,30.95,22.59,40.00,17.32,36.90,28.99,42.86,37.12,30.36,21.50,37.50,26.31
2565,616,ต้นแก้วผดุงพิทยาลัย,หางดง,ใหญ่,นอกเมือง,กรมส่งเสริมการปกครองท้องถิ่น,ท้องถิ่นจังหวัดเชียงใหม่,102,44.61,31.24,50.88,28.50,42.16,29.95,49.02,38.97,42.65,27.25,41.18,31.24
2565,617,เทศบาลหนองตองวิทยา,หางดง,เล็ก,นอกเมือง,กรมส่งเสริมการปกครองท้องถิ่น,ท้องถิ่นจังหวัดเชียงใหม่,11,36.36,13.89,30.91,9.96,28.79,20.21,45.45,33.40,31.82,21.56,25.00,15.08
2565,618,เทศบาลหางดง (ประชาคมสร้างสรรค์),หางดง,ใหญ่,นอกเมือง,กรมส่งเสริมการปกครองท้องถิ่น,ท้องถิ่นจังหวัดเชียงใหม่,34,29.90,26.13,35.29,25.12,46.08,28.31,44.12,37.89,37.50,33.35,27.21,23.77
2565,619,นันทชาติ เกรด สคูล,หางดง,เล็ก,นอกเมือง,สำนักงานคณะกรรมการส่งเสริมการศึกษาเอกชน,-,8,85.42,21.14,87.50,11.99,91.67,11.79,81.25,24.21,68.75,20.73,87.50,21.65
2565,620,บ้านคุณแม่,หางดง,เล็ก,นอกเมือง,สำนักงานคณะกรรมการส่งเสริมการศึกษาเอกชน,-,12,58.33,32.98,65.83,33.03,65.28,35.00,70.83,43.10,58.33,32.81,50.00,36.80
2565,621,บ้านดง,หางดง,เล็ก,นอกเมือง,สำนักงานคณะกรรมการการศึกษาขั้นพื้นฐาน,สพป.เชียงใหม่ เขต 4,16,34.37,19.96,33.75,19.00,35.42,23.48,40.62,36.31,31.25,18.75,20.31,18.15
2565,622,บ้านตองกาย,หางดง,เล็ก,นอกเมือง,สำนักงานคณะกรรมการการศึกษาขั้นพื้นฐาน,สพป.เชียงใหม่ เขต 4,12,29.17,18.16,35.00,15.00,43.06,17.29,54.17,43.10,43.75,34.04,29.17,24.65
2565,623,บ้านทรายมูล,หางดง,กลาง,นอกเมือง,สำนักงานคณะกรรมการการศึกษาขั้นพื้นฐาน,สพป.เชียงใหม่ เขต 4,32,34.90,21.79,37.81,16.72,33.33,16.67,35.94,35.87,32.03,25.95,25.78,22.08
2565,624,บ้านท้าวบุญเรือง,หางดง,เล็ก,นอกเมือง,สำนักงานคณะกรรมการการศึกษาขั้นพื้นฐาน,สพป.เชียงใหม่ เขต 4,6,52.78,27.92,55.00,33.04,55.56,26.64,66.67,37.27,45.83,30.33,45.83,22.44
2565,625,บ้านน้ำแพร่,หางดง,เล็ก,นอกเมือง,สำนักงานคณะกรรมการการศึกษาขั้นพื้นฐาน,สพป.เชียงใหม่ เขต 4,13,50.00,29.24,46.92,21.97,53.85,25.45,65.38,41.07,48.08,22.92,38.46,28.78
2565,626,บ้านปง,หางดง,เล็ก,นอกเมือง,สำนักงานคณะกรรมการการศึกษาขั้นพื้นฐาน,สพป.เชียงใหม่ เขต 4,10,43.33,18.56,49.00,19.21,40.00,23.80,75.00,33.54,65.00,25.50,42.50,19.53
2565,627,บ้านป่าตาล,หางดง,เล็ก,นอกเมือง,สำนักงานคณะกรรมการการศึกษาขั้นพื้นฐาน,สพป.เชียงใหม่ เขต 4,23,24.64,16.20,26.96,17.30,34.06,21.13,36.96,26.45,21.74,16.98,27.17,19.38
2565,628,บ้านฟ่อน,หางดง,เล็ก,นอกเมือง,สำนักงานคณะกรรมการการศึกษาขั้นพื้นฐาน,สพป.เชียงใหม่ เขต 4,12,43.06,18.58,30.00,14.14,37.50,15.40,58.33,34.36,18.75,20.73,31.25,14.88
2565,629,บ้านไร่,หางดง,เล็ก,นอกเมือง,สำนักงานคณะกรรมการการศึกษาขั้นพื้นฐาน,สพป.เชียงใหม่ เขต 4,2,41.67,8.33,45.00,5.00,41.67,8.33,50.00,0.00,25.00,0.00,62.50,12.50
2565,630,บ้านวังศรี,หางดง,เล็ก,นอกเมือง,สำนักงานคณะกรรมการการศึกษาขั้นพื้นฐาน,สพป.เชียงใหม่ เขต 4,7,30.95,18.75,30.00,7.56,42.86,27.97,35.71,34.99,25.00,26.73,25.00,23.15
2565,631,บ้านสันทราย,หางดง,เล็ก,นอกเมือง,สำนักงานคณะกรรมการการศึกษาขั้นพื้นฐาน,สพป.เชียงใหม่ เขต 4,10,36.67,20.82,36.00,20.59,35.00,20.34,30.00,33.17,25.00,22.36,32.50,25.12
2565,632,บ้านสันป่าสัก,หางดง,กลาง,นอกเมือง,สำนักงานคณะกรรมการการศึกษาขั้นพื้นฐาน,สพป.เชียงใหม่ เขต 4,64,28.65,22.14,36.56,20.33,31.77,22.58,34.37,37.37,37.11,27.60,36.33,26.12
2565,633,บ้านสันผักหวาน,หางดง,เล็ก,นอกเมือง,สำนักงานคณะกรรมการการศึกษาขั้นพื้นฐาน,สพป.เชียงใหม่ เขต 4,12,16.67,15.21,35.00,21.02,33.33,20.41,29.17,24.65,37.50,16.14,31.25,23.11
2565,634,บ้านแสนตอ,หางดง,เล็ก,นอกเมือง,สำนักงานคณะกรรมการการศึกษาขั้นพื้นฐาน,สพป.เชียงใหม่ เขต 4,8,27.08,18.52,37.50,14.79,33.33,16.67,31.25,24.21,28.13,26.33,18.75,16.54
2565,635,พันธสัญญา,หางดง,เล็ก,นอกเมือง,สำนักงานคณะกรรมการส่งเสริมการศึกษาเอกชน,-,6,66.67,30.43,80.00,25.17,66.67,23.57,66.67,37.27,66.67,23.57,62.50,23.94
2565,636,ลักษณ์พงค์วิทยา,หางดง,เล็ก,นอกเมือง,สำนักงานคณะกรรมการส่งเสริมการศึกษาเอกชน,-,13,26.92,16.72,45.38,22.40,37.18,29.35,34.62,30.28,40.38,28.65,26.92,22.92
2565,637,วัดคีรีเขต,หางดง,เล็ก,นอกเมือง,สำนักงานคณะกรรมการการศึกษาขั้นพื้นฐาน,สพป.เชียงใหม่ เขต 4,1,66.67,0.00,30.00,0.00,83.33,0.00,50.00,0.00,50.00,0.00,25.00,0.00
2565,638,วัดจอมทอง,หางดง,เล็ก,นอกเมือง,สำนักงานคณะกรรมการการศึกษาขั้นพื้นฐาน,สพป.เชียงใหม่ เขต 4,7,26.19,8.25,27.14,15.78,35.71,18.75,57.14,31.94,32.14,22.02,21.43,20.82
2565,639,วัดช่างคำ,หางดง,เล็ก,นอกเมือง,สำนักงานคณะกรรมการการศึกษาขั้นพื้นฐาน,สพป.เชียงใหม่ เขต 4,9,31.48,19.95,32.22,14.74,31.48,14.58,33.33,40.82,36.11,23.90,22.22,18.43
2565,640,วัดประชาเกษม,หางดง,เล็ก,นอกเมือง,สำนักงานคณะกรรมการการศึกษาขั้นพื้นฐาน,สพป.เชียงใหม่ เขต 4,13,29.49,14.84,30.77,14.39,35.90,15.81,23.08,31.72,15.38,15.62,30.77,17.41
2565,641,วัดพระเจ้าเหลื้อม,หางดง,เล็ก,นอกเมือง,สำนักงานคณะกรรมการการศึกษาขั้นพื้นฐาน,สพป.เชียงใหม่ เขต 4,6,36.11,26.21,30.00,23.09,30.56,17.79,25.00,38.19,41.67,34.36,29.17,26.68
2565,642,วัดศรีล้อม,หางดง,เล็ก,นอกเมือง,สำนักงานคณะกรรมการการศึกษาขั้นพื้นฐาน,สพป.เชียงใหม่ เขต 4,9,33.33,17.57,27.78,11.33,31.48,14.58,27.78,24.85,36.11,33.56,30.56,25.76
2565,643,วัดศรีสว่าง,หางดง,เล็ก,นอกเมือง,สำนักงานคณะกรรมการการศึกษาขั้นพื้นฐาน,สพป.เชียงใหม่ เขต 4,5,43.33,30.91,38.00,29.93,40.00,24.94,40.00,37.42,55.00,18.71,50.00,27.39
2565,644,สาธิตนานาชาติทวิภาษาแห่งมหาวิทยาลัยรังสิต เชียงใหม่,หางดง,กลาง,นอกเมือง,สำนักงานคณะกรรมการส่งเสริมการศึกษาเอกชน,-,5,100.00,0.00,100.00,0.00,96.67,6.67,100.00,0.00,95.00,10.00,100.00,0.00
2565,645,ชุมชนบ้านใหม่,อมก๋อย,เล็ก,นอกเมือง,สำนักงานคณะกรรมการการศึกษาขั้นพื้นฐาน,สพป.เชียงใหม่ เขต 5,27,29.63,14.58,28.15,15.40,29.01,14.76,25.93,28.45,25.93,19.82,33.33,24.53
2565,646,ชุมชนบ้านอมก๋อย,อมก๋อย,กลาง,นอกเมือง,สำนักงานคณะกรรมการการศึกษาขั้นพื้นฐาน,สพป.เชียงใหม่ เขต 5,53,29.56,17.33,24.53,13.68,28.93,21.51,27.36,30.04,26.42,23.50,27.83,22.07
2565,647,ตชด.บางกอกเชฟแชร์ริตี้,อมก๋อย,เล็ก,นอกเมือง,กองบัญชาการตำรวจตระเวนชายแดน,-,13,46.15,28.61,37.69,21.18,42.31,20.27,34.62,23.08,51.92,31.72,30.77,29.67
2565,648,ตรีมิตรวิทยา,อมก๋อย,กลาง,นอกเมือง,สำนักงานคณะกรรมการการศึกษาขั้นพื้นฐาน,สพป.เชียงใหม่ เขต 5,19,20.18,16.74,31.58,14.96,35.96,22.47,36.84,39.21,17.11,24.40,28.95,28.40
2565,649,ท่านผู้หญิงประไพ ศิวะโกเศศ,อมก๋อย,เล็ก,นอกเมือง,กองบัญชาการตำรวจตระเวนชายแดน,-,18,44.44,22.22,32.78,13.66,41.67,25.00,75.00,30.05,43.06,21.74,20.83,20.83
2565,650,บ้านขุนแม่ตื่นน้อย,อมก๋อย,เล็ก,นอกเมือง,สำนักงานคณะกรรมการการศึกษาขั้นพื้นฐาน,สพป.เชียงใหม่ เขต 5,26,26.92,16.06,24.23,16.21,27.56,20.12,21.15,31.54,23.08,19.52,22.12,20.01
2565,651,บ้านซิแบร,อมก๋อย,เล็ก,นอกเมือง,สำนักงานคณะกรรมการการศึกษาขั้นพื้นฐาน,สพป.เชียงใหม่ เขต 5,42,29.37,18.48,27.62,15.40,26.59,14.57,29.76,28.99,22.62,20.99,26.79,22.75
2565,652,บ้านตุงลอย,อมก๋อย,กลาง,นอกเมือง,สำนักงานคณะกรรมการการศึกษาขั้นพื้นฐาน,สพป.เชียงใหม่ เขต 5,31,27.96,16.61,24.84,13.88,27.42,16.69,41.94,36.14,29.84,19.49,22.58,21.40
2565,653,บ้านผีปานเหนือ,อมก๋อย,กลาง,นอกเมือง,สำนักงานคณะกรรมการการศึกษาขั้นพื้นฐาน,สพป.เชียงใหม่ เขต 5,20,24.17,17.85,23.00,15.20,21.67,16.75,15.00,27.84,30.00,23.18,25.00,20.92
2565,654,บ้านแม่โขง,อมก๋อย,เล็ก,นอกเมือง,สำนักงานคณะกรรมการการศึกษาขั้นพื้นฐาน,สพป.เชียงใหม่ เขต 5,8,27.08,8.07,32.50,15.61,33.33,14.43,31.25,24.21,12.50,12.50,34.38,21.42
2565,655,บ้านแม่ต๋อม,อมก๋อย,กลาง,นอกเมือง,สำนักงานคณะกรรมการการศึกษาขั้นพื้นฐาน,สพป.เชียงใหม่ เขต 5,40,26.25,20.37,27.25,15.00,29.17,17.78,25.00,31.62,28.75,20.58,26.88,21.20
2565,656,บ้านแม่สะเต,อมก๋อย,เล็ก,นอกเมือง,สำนักงานคณะกรรมการการศึกษาขั้นพื้นฐาน,สพป.เชียงใหม่ เขต 5,11,22.73,22.78,22.73,14.83,13.64,11.93,36.36,30.83,22.73,12.86,15.91,24.48
2565,657,บ้านแม่หลองน้อย,อมก๋อย,เล็ก,นอกเมือง,สำนักงานคณะกรรมการการศึกษาขั้นพื้นฐาน,สพป.เชียงใหม่ เขต 5,23,26.81,19.50,28.70,14.83,34.78,14.67,32.61,31.65,20.65,21.68,25.00,19.50
2565,658,บ้านแม่อ่างขาง,อมก๋อย,เล็ก,นอกเมือง,สำนักงานคณะกรรมการการศึกษาขั้นพื้นฐาน,สพป.เชียงใหม่ เขต 5,13,25.64,16.81,29.23,9.97,24.36,19.19,19.23,24.33,21.15,23.71,46.15,27.47
2565,659,บ้านยางแก้ว,อมก๋อย,เล็ก,นอกเมือง,สำนักงานคณะกรรมการการศึกษาขั้นพื้นฐาน,สพป.เชียงใหม่ เขต 5,12,23.61,18.58,33.33,13.12,18.06,12.65,45.83,37.96,20.83,19.98,18.75,20.73
2565,660,บ้านยางครก,อมก๋อย,เล็ก,นอกเมือง,สำนักงานคณะกรรมการการศึกษาขั้นพื้นฐาน,สพป.เชียงใหม่ เขต 5,20,24.17,13.41,26.50,14.24,27.50,16.05,27.50,40.23,20.00,26.93,20.00,16.96
2565,661,บ้านยางเปา,อมก๋อย,กลาง,นอกเมือง,สำนักงานคณะกรรมการการศึกษาขั้นพื้นฐาน,สพป.เชียงใหม่ เขต 5,25,24.00,15.69,34.00,15.75,27.33,21.54,34.00,36.66,29.00,25.18,25.00,18.71
2565,662,บ้านยางเปียง,อมก๋อย,เล็ก,นอกเมือง,สำนักงานคณะกรรมการการศึกษาขั้นพื้นฐาน,สพป.เชียงใหม่ เขต 5,11,40.91,16.46,17.27,15.43,16.67,12.31,31.82,24.05,20.45,17.90,27.27,16.70
2565,663,บ้านสบลาน,อมก๋อย,กลาง,นอกเมือง,สำนักงานคณะกรรมการการศึกษาขั้นพื้นฐาน,สพป.เชียงใหม่ เขต 5,16,28.12,14.09,31.87,12.36,33.33,20.41,40.62,40.38,26.56,24.16,25.00,25.00
2565,664,บ้านหลวง,อมก๋อย,เล็ก,นอกเมือง,สำนักงานคณะกรรมการการศึกษาขั้นพื้นฐาน,สพป.เชียงใหม่ เขต 5,10,28.33,18.33,39.00,11.36,35.00,22.91,40.00,37.42,35.00,22.91,12.50,12.50
2565,665,บ้านห้วยโค้ง,อมก๋อย,กลาง,นอกเมือง,สำนักงานคณะกรรมการการศึกษาขั้นพื้นฐาน,สพป.เชียงใหม่ เขต 5,18,23.15,15.85,27.78,12.72,23.15,15.85,30.56,33.91,25.00,20.41,26.39,19.49
2565,666,บ้านห้วยน้ำขาว,อมก๋อย,กลาง,นอกเมือง,สำนักงานคณะกรรมการการศึกษาขั้นพื้นฐาน,สพป.เชียงใหม่ เขต 5,21,27.78,22.02,26.19,13.27,32.54,15.83,23.81,29.35,25.00,21.82,17.86,19.12
2565,667,บ้านห้วยหล่อดูก,อมก๋อย,เล็ก,นอกเมือง,สำนักงานคณะกรรมการการศึกษาขั้นพื้นฐาน,สพป.เชียงใหม่ เขต 5,14,29.76,19.08,29.29,17.10,28.57,20.34,39.29,38.63,37.50,29.50,17.86,19.88
2565,668,บ้านห่างหลวง,อมก๋อย,เล็ก,นอกเมือง,สำนักงานคณะกรรมการการศึกษาขั้นพื้นฐาน,สพป.เชียงใหม่ เขต 5,10,28.33,13.02,31.00,9.43,21.67,19.79,50.00,38.73,20.00,15.00,30.00,24.49
2565,669,บ้านอูตูม,อมก๋อย,เล็ก,นอกเมือง,สำนักงานคณะกรรมการการศึกษาขั้นพื้นฐาน,สพป.เชียงใหม่ เขต 5,36,20.37,17.17,28.89,15.95,35.65,24.26,22.22,32.16,25.69,22.43,27.78,23.41
2565,670,รางวัลอินทิราคานธี,อมก๋อย,เล็ก,นอกเมือง,กองบัญชาการตำรวจตระเวนชายแดน,-,9,77.78,17.57,24.44,8.31,62.96,15.27,38.89,20.79,19.44,22.91,36.11,23.90
2565,671,ชุมชนบ้านท่าข้าม,ฮอด,กลาง,นอกเมือง,สำนักงานคณะกรรมการการศึกษาขั้นพื้นฐาน,สพป.เชียงใหม่ เขต 5,66,33.33,24.62,35.61,23.69,36.62,22.89,40.15,40.09,32.58,23.02,32.58,25.36
2565,672,ชุมชนบ้านแม่ทัง,ฮอด,เล็ก,นอกเมือง,สำนักงานคณะกรรมการการศึกษาขั้นพื้นฐาน,สพป.เชียงใหม่ เขต 5,7,33.33,15.43,18.57,6.39,33.33,28.17,21.43,24.74,32.14,17.50,14.29,12.37
2565,673,บ้านกองลอย,ฮอด,กลาง,นอกเมือง,สำนักงานคณะกรรมการการศึกษาขั้นพื้นฐาน,สพป.เชียงใหม่ เขต 5,17,32.35,18.50,29.41,16.62,24.51,14.14,23.53,34.80,20.59,17.65,27.94,18.95
2565,674,บ้านกองหิน,ฮอด,เล็ก,นอกเมือง,สำนักงานคณะกรรมการการศึกษาขั้นพื้นฐาน,สพป.เชียงใหม่ เขต 5,6,22.22,12.42,38.33,18.63,58.33,12.73,75.00,25.00,54.17,39.31,12.50,12.50
2565,675,บ้านกิ่วลม,ฮอด,เล็ก,นอกเมือง,สำนักงานคณะกรรมการการศึกษาขั้นพื้นฐาน,สพป.เชียงใหม่ เขต 5,6,30.56,14.96,30.00,20.00,38.89,15.71,16.67,23.57,12.50,12.50,25.00,14.43
2565,676,บ้านขุน,ฮอด,เล็ก,นอกเมือง,สำนักงานคณะกรรมการการศึกษาขั้นพื้นฐาน,สพป.เชียงใหม่ เขต 5,8,22.92,14.28,27.50,14.79,31.25,19.43,68.75,24.21,37.50,17.68,25.00,30.62
2565,677,บ้านแควมะกอก,ฮอด,กลาง,นอกเมือง,สำนักงานคณะกรรมการการศึกษาขั้นพื้นฐาน,สพป.เชียงใหม่ เขต 5,19,23.68,14.63,26.84,15.24,36.84,25.12,26.32,37.59,30.26,22.33,32.89,18.23
2565,678,บ้านโค้งงาม,ฮอด,เล็ก,นอกเมือง,สำนักงานคณะกรรมการการศึกษาขั้นพื้นฐาน,สพป.เชียงใหม่ เขต 5,8,31.25,30.55,31.25,11.66,25.00,18.63,31.25,34.80,50.00,17.68,31.25,20.73
2565,679,บ้านดงดำ,ฮอด,เล็ก,นอกเมือง,สำนักงานคณะกรรมการการศึกษาขั้นพื้นฐาน,สพป.เชียงใหม่ เขต 5,5,20.00,12.47,22.00,13.27,33.33,23.57,50.00,31.62,30.00,10.00,20.00,18.71
2565,680,บ้านดอยคำ,ฮอด,เล็ก,นอกเมือง,สำนักงานคณะกรรมการการศึกษาขั้นพื้นฐาน,สพป.เชียงใหม่ เขต 5,10,21.67,16.75,36.00,12.00,35.00,17.40,35.00,32.02,30.00,26.93,32.50,22.50
2565,681,บ้านเด่นวิทยา,ฮอด,เล็ก,นอกเมือง,สำนักงานคณะกรรมการการศึกษาขั้นพื้นฐาน,สพป.เชียงใหม่ เขต 5,5,16.67,14.91,34.00,16.25,40.00,8.16,0.00,0.00,35.00,12.25,30.00,18.71
2565,682,บ้านตาลใต้,ฮอด,เล็ก,นอกเมือง,สำนักงานคณะกรรมการการศึกษาขั้นพื้นฐาน,สพป.เชียงใหม่ เขต 5,2,8.33,8.33,30.00,10.00,33.33,0.00,0.00,0.00,12.50,12.50,12.50,12.50
2565,683,บ้านตาลเหนือ,ฮอด,เล็ก,นอกเมือง,สำนักงานคณะกรรมการการศึกษาขั้นพื้นฐาน,สพป.เชียงใหม่ เขต 5,15,24.44,20.06,38.67,17.46,31.11,18.12,43.33,35.90,31.67,21.34,28.33,20.14
2565,684,บ้านตีนตก,ฮอด,เล็ก,นอกเมือง,สำนักงานคณะกรรมการการศึกษาขั้นพื้นฐาน,สพป.เชียงใหม่ เขต 5,3,27.78,20.79,33.33,9.43,44.44,7.86,33.33,47.14,25.00,0.00,50.00,35.36
2565,685,บ้านเตียนอาง,ฮอด,เล็ก,นอกเมือง,สำนักงานคณะกรรมการการศึกษาขั้นพื้นฐาน,สพป.เชียงใหม่ เขต 5,10,33.33,14.91,32.00,16.00,21.67,13.02,30.00,33.17,17.50,22.50,25.00,22.36
2565,686,บ้านทุ่ง,ฮอด,เล็ก,นอกเมือง,สำนักงานคณะกรรมการการศึกษาขั้นพื้นฐาน,สพป.เชียงใหม่ เขต 5,5,26.67,13.33,36.00,8.00,40.00,8.16,70.00,24.49,35.00,12.25,30.00,24.49
2565,687,บ้านทุ่งโป่ง,ฮอด,เล็ก,นอกเมือง,สำนักงานคณะกรรมการการศึกษาขั้นพื้นฐาน,สพป.เชียงใหม่ เขต 5,17,35.29,25.49,34.71,21.72,30.39,20.00,35.29,37.44,26.47,27.75,33.82,27.04
2565,688,บ้านนาคอเรือ,ฮอด,เล็ก,นอกเมือง,สำนักงานคณะกรรมการการศึกษาขั้นพื้นฐาน,สพป.เชียงใหม่ เขต 5,18,37.96,18.26,28.89,17.28,28.70,15.52,41.67,30.05,19.44,25.76,23.61,24.26
2565,689,บ้านนาฟ่อน,ฮอด,เล็ก,นอกเมือง,สำนักงานคณะกรรมการการศึกษาขั้นพื้นฐาน,สพป.เชียงใหม่ เขต 5,21,30.95,14.81,30.00,13.45,33.33,21.21,30.95,32.65,19.05,23.02,28.57,19.34
2565,690,บ้านบ่อหลวง,ฮอด,กลาง,นอกเมือง,สำนักงานคณะกรรมการการศึกษาขั้นพื้นฐาน,สพป.เชียงใหม่ เขต 5,16,32.29,18.13,26.25,13.64,27.08,14.28,21.87,24.80,25.00,21.65,21.88,19.52
2565,691,บ้านผาแตน,ฮอด,เล็ก,นอกเมือง,สำนักงานคณะกรรมการการศึกษาขั้นพื้นฐาน,สพป.เชียงใหม่ เขต 5,3,33.33,0.00,40.00,8.16,22.22,20.79,0.00,0.00,33.33,11.79,50.00,0.00
2565,692,บ้านพุย,ฮอด,เล็ก,นอกเมือง,สำนักงานคณะกรรมการการศึกษาขั้นพื้นฐาน,สพป.เชียงใหม่ เขต 5,8,37.50,16.14,25.00,10.00,20.83,16.14,37.50,41.46,25.00,17.68,21.88,14.99
2565,693,บ้านแม่งูด,ฮอด,เล็ก,นอกเมือง,สำนักงานคณะกรรมการการศึกษาขั้นพื้นฐาน,สพป.เชียงใหม่ เขต 5,12,30.56,17.79,25.83,11.87,33.33,16.67,33.33,31.18,16.67,18.63,31.25,23.11
2565,694,บ้านแม่ลอง,ฮอด,เล็ก,นอกเมือง,สำนักงานคณะกรรมการการศึกษาขั้นพื้นฐาน,สพป.เชียงใหม่ เขต 5,13,37.18,16.22,38.46,19.55,50.00,19.61,65.38,36.08,44.23,34.19,36.54,23.24
2565,695,บ้านแม่ลาย,ฮอด,เล็ก,นอกเมือง,สำนักงานคณะกรรมการการศึกษาขั้นพื้นฐาน,สพป.เชียงใหม่ เขต 5,20,27.50,22.53,24.00,14.97,20.00,10.00,20.00,29.15,27.50,26.10,26.25,16.72
2565,696,บ้านแม่ลายเหนือ,ฮอด,เล็ก,นอกเมือง,สำนักงานคณะกรรมการการศึกษาขั้นพื้นฐาน,สพป.เชียงใหม่ เขต 5,19,20.18,15.84,24.74,12.30,21.93,17.98,23.68,33.91,22.37,21.30,34.21,21.78
2565,697,บ้านแม่สะนาม,ฮอด,เล็ก,นอกเมือง,สำนักงานคณะกรรมการการศึกษาขั้นพื้นฐาน,สพป.เชียงใหม่ เขต 5,6,30.56,22.40,40.00,11.55,30.56,11.45,41.67,18.63,8.33,11.79,33.33,23.57
2565,698,บ้านแม่อมลอง,ฮอด,เล็ก,นอกเมือง,สำนักงานคณะกรรมการการศึกษาขั้นพื้นฐาน,สพป.เชียงใหม่ เขต 5,3,27.78,20.79,23.33,9.43,22.22,7.86,33.33,47.14,33.33,11.79,25.00,20.41
2565,699,บ้านวังกอง,ฮอด,เล็ก,นอกเมือง,สำนักงานคณะกรรมการการศึกษาขั้นพื้นฐาน,สพป.เชียงใหม่ เขต 5,4,41.67,8.33,17.50,8.29,29.17,21.65,50.00,0.00,37.50,27.95,18.75,10.83
2565,700,บ้านวังลุง,ฮอด,เล็ก,นอกเมือง,สำนักงานคณะกรรมการการศึกษาขั้นพื้นฐาน,สพป.เชียงใหม่ เขต 5,7,23.81,19.63,34.29,9.04,33.33,17.82,21.43,24.74,32.14,25.75,35.71,22.59
2565,701,บ้านหางดง,ฮอด,เล็ก,นอกเมือง,สำนักงานคณะกรรมการการศึกษาขั้นพื้นฐาน,สพป.เชียงใหม่ เขต 5,7,38.10,19.34,40.00,9.26,30.95,20.76,64.29,34.99,39.29,18.21,3.57,8.75
2565,702,ฟ้าใส,ฮอด,เล็ก,นอกเมือง,สำนักงานคณะกรรมการส่งเสริมการศึกษาเอกชน,-,6,94.44,7.86,88.33,18.63,80.56,17.79,83.33,23.57,79.17,9.32,62.50,19.09
2565,703,แม่โถวิทยาคม,ฮอด,กลาง,นอกเมือง,สำนักงานคณะกรรมการการศึกษาขั้นพื้นฐาน,สพป.เชียงใหม่ เขต 5,40,27.92,16.83,20.25,11.51,24.58,17.87,15.00,25.50,23.75,22.33,22.50,16.58