ปี,แถว,ชื่อโรงเรียน,อำเภอที่ตั้งรร.,ขนาดโรงเรียน,ที่ตั้งโรงเรียน,สังกัด,เขตพื้นที่ฯ,จำนวนผู้เข้าสอบ,ท 1.1 (Mean),ท 1.1 (S.D.),ท 2.1 (Mean),ท 2.1 (S.D.),ท 3.1 (Mean),ท 3.1 (S.D.),ท 4.1 (Mean),ท 4.1 (S.D.),ท 5.1 (Mean),ท 5.1 (S.D.)
2568,1,บ้านขุนแม่รวม,กัลยาณิวัฒนา,เล็ก,นอกเมือง,สำนักงานคณะกรรมการการศึกษาขั้นพื้นฐาน,สพป.เชียงใหม่ เขต 6,11,62.12,24.71,54.22,20.32,48.48,32.92,40.91,14.85,54.55,25.71
2568,2,บ้านจันทร์,กัลยาณิวัฒนา,เล็ก,นอกเมือง,สำนักงานคณะกรรมการการศึกษาขั้นพื้นฐาน,สพป.เชียงใหม่ เขต 6,10,55.00,27.94,38.04,14.11,40.00,24.94,38.33,18.33,36.67,27.69
2568,3,บ้านจันทร์ สาขาแจ่มน้อย,กัลยาณิวัฒนา,เล็ก,นอกเมือง,สำนักงานคณะกรรมการการศึกษาขั้นพื้นฐาน,สพป.เชียงใหม่ เขต 6,12,31.94,20.93,18.60,11.51,44.44,24.85,26.39,14.37,41.67,19.84
2568,4,บ้านแจ่มหลวง,กัลยาณิวัฒนา,เล็ก,นอกเมือง,สำนักงานคณะกรรมการการศึกษาขั้นพื้นฐาน,สพป.เชียงใหม่ เขต 6,8,50.00,20.41,44.08,17.05,45.83,16.14,35.42,13.01,37.50,35.11
2568,5,บ้านแม่แดดน้อย,กัลยาณิวัฒนา,เล็ก,นอกเมือง,สำนักงานคณะกรรมการการศึกษาขั้นพื้นฐาน,สพป.เชียงใหม่ เขต 6,8,35.42,17.55,43.53,22.07,58.33,14.43,39.58,20.31,37.50,26.02
2568,6,บ้านแม่แดดน้อย สาขาบ้านดงสามหมื่น,กัลยาณิวัฒนา,เล็ก,นอกเมือง,สำนักงานคณะกรรมการการศึกษาขั้นพื้นฐาน,สพป.เชียงใหม่ เขต 6,14,34.52,16.02,41.84,18.70,28.57,27.77,30.95,18.75,45.24,32.38
2568,7,บ้านแม่ตะละ,กัลยาณิวัฒนา,เล็ก,นอกเมือง,สำนักงานคณะกรรมการการศึกษาขั้นพื้นฐาน,สพป.เชียงใหม่ เขต 6,25,39.33,23.98,35.46,22.65,34.67,30.52,32.00,13.27,34.67,24.00
2568,8,บ้านแม่ตะละเหนือ,กัลยาณิวัฒนา,เล็ก,นอกเมือง,สำนักงานคณะกรรมการการศึกษาขั้นพื้นฐาน,สพป.เชียงใหม่ เขต 6,6,50.00,21.52,41.96,24.91,16.67,25.46,25.00,20.97,33.33,27.22
2568,9,บ้านห้วยยา,กัลยาณิวัฒนา,เล็ก,นอกเมือง,สำนักงานคณะกรรมการการศึกษาขั้นพื้นฐาน,สพป.เชียงใหม่ เขต 6,15,46.67,22.11,45.36,22.53,55.56,23.31,24.44,17.07,31.11,28.46
2568,10,บ้านหัวยปู,กัลยาณิวัฒนา,เล็ก,นอกเมือง,สำนักงานคณะกรรมการการศึกษาขั้นพื้นฐาน,สพป.เชียงใหม่ เขต 6,14,47.62,20.76,38.39,19.68,50.00,30.21,33.33,16.67,54.76,23.93
2568,11,สหมิตรวิทยา,กัลยาณิวัฒนา,กลาง,นอกเมือง,สำนักงานคณะกรรมการส่งเสริมการศึกษาเอกชน,-,21,46.83,18.98,46.43,17.08,42.86,32.76,34.92,21.76,52.38,26.37
2568,12,สามัคคีสันม่วง,กัลยาณิวัฒนา,เล็ก,นอกเมือง,สำนักงานคณะกรรมการการศึกษาขั้นพื้นฐาน,สพป.เชียงใหม่ เขต 6,19,34.21,24.47,33.08,16.04,40.35,25.54,34.21,15.74,56.14,24.31
2568,13,ณัทชวิทย์,จอมทอง,เล็ก,นอกเมือง,สำนักงานคณะกรรมการส่งเสริมการศึกษาเอกชน,-,13,60.26,25.77,58.65,14.97,51.28,28.09,62.82,19.78,64.10,27.62
2568,14,เทศบาลจอมทอง ๑ (ชุมชนบ้านข่วงเปาเหนือ),จอมทอง,กลาง,นอกเมือง,กรมส่งเสริมการปกครองท้องถิ่น,ท้องถิ่นจังหวัดเชียงใหม่,26,43.59,22.21,41.66,16.26,41.03,28.21,40.38,20.24,46.15,32.13
2568,15,ไทยรัฐวิทยา 79 (บ้านหนองอาบช้าง),จอมทอง,เล็ก,นอกเมือง,สำนักงานคณะกรรมการการศึกษาขั้นพื้นฐาน,สพป.เชียงใหม่ เขต 6,8,41.67,14.43,47.43,9.23,54.17,16.14,37.50,16.14,45.83,33.07
2568,16,นิยมไพรผาหมอนอินทนนท์,จอมทอง,เล็ก,นอกเมือง,สำนักงานคณะกรรมการการศึกษาขั้นพื้นฐาน,สพป.เชียงใหม่ เขต 6,10,40.00,21.34,33.39,17.52,46.67,30.55,35.00,25.22,30.00,31.45
2568,17,บ้านข่วงเปาใต้,จอมทอง,เล็ก,นอกเมือง,สำนักงานคณะกรรมการการศึกษาขั้นพื้นฐาน,สพป.เชียงใหม่ เขต 6,7,59.52,12.14,66.07,9.97,57.14,23.33,57.14,27.97,38.10,32.99
2568,18,บ้านขุนกลาง,จอมทอง,กลาง,นอกเมือง,สำนักงานคณะกรรมการการศึกษาขั้นพื้นฐาน,สพป.เชียงใหม่ เขต 6,72,38.66,21.49,39.79,20.31,47.22,28.73,31.02,18.70,43.06,31.64
2568,19,บ้านขุนกลาง สาขาแม่ยะน้อย,จอมทอง,เล็ก,นอกเมือง,สำนักงานคณะกรรมการการศึกษาขั้นพื้นฐาน,สพป.เชียงใหม่ เขต 6,11,43.94,22.78,40.67,19.79,39.39,23.86,21.21,16.03,42.42,28.75
2568,20,บ้านขุนแตะ,จอมทอง,เล็ก,นอกเมือง,สำนักงานคณะกรรมการการศึกษาขั้นพื้นฐาน,สพป.เชียงใหม่ เขต 6,14,51.19,21.33,42.67,16.37,50.00,24.40,41.67,18.63,59.52,28.67
2568,21,บ้านขุนแปะ,จอมทอง,เล็ก,นอกเมือง,สำนักงานคณะกรรมการการศึกษาขั้นพื้นฐาน,สพป.เชียงใหม่ เขต 6,19,42.98,18.19,26.55,21.33,31.58,27.52,23.68,20.46,47.37,34.74
2568,22,บ้านขุนแปะ สาขาแม่จร,จอมทอง,เล็ก,นอกเมือง,สำนักงานคณะกรรมการการศึกษาขั้นพื้นฐาน,สพป.เชียงใหม่ เขต 6,7,40.48,19.63,35.46,20.28,57.14,15.06,45.24,17.17,71.43,21.30
2568,23,บ้านขุนยะ,จอมทอง,เล็ก,นอกเมือง,สำนักงานคณะกรรมการการศึกษาขั้นพื้นฐาน,สพป.เชียงใหม่ เขต 6,6,58.33,31.55,47.62,22.25,55.56,36.85,22.22,12.42,44.44,24.85
2568,24,บ้านท่าข้าม,จอมทอง,เล็ก,นอกเมือง,สำนักงานคณะกรรมการการศึกษาขั้นพื้นฐาน,สพป.เชียงใหม่ เขต 6,16,63.54,19.74,55.08,15.24,45.83,19.98,46.88,19.74,50.00,31.18
2568,25,บ้านท่าหลุก,จอมทอง,เล็ก,นอกเมือง,สำนักงานคณะกรรมการการศึกษาขั้นพื้นฐาน,สพป.เชียงใหม่ เขต 6,4,75.00,14.43,54.46,11.12,50.00,16.67,54.17,24.65,58.33,36.32
2568,26,บ้านน้ำตกแม่กลาง,จอมทอง,เล็ก,นอกเมือง,สำนักงานคณะกรรมการการศึกษาขั้นพื้นฐาน,สพป.เชียงใหม่ เขต 6,12,48.61,30.78,67.34,18.85,58.33,30.81,58.33,14.43,77.78,24.85
2568,27,บ้านบนนา,จอมทอง,เล็ก,นอกเมือง,สำนักงานคณะกรรมการการศึกษาขั้นพื้นฐาน,สพป.เชียงใหม่ เขต 6,17,42.16,26.27,38.03,17.70,33.33,22.87,43.14,21.43,62.75,37.72
2568,28,บ้านปากทางท่าลี่,จอมทอง,เล็ก,นอกเมือง,สำนักงานคณะกรรมการการศึกษาขั้นพื้นฐาน,สพป.เชียงใหม่ เขต 6,2,66.67,16.67,30.36,5.36,83.33,16.67,58.33,8.33,66.67,0.00
2568,29,บ้านแปะ,จอมทอง,เล็ก,นอกเมือง,สำนักงานคณะกรรมการการศึกษาขั้นพื้นฐาน,สพป.เชียงใหม่ เขต 6,11,60.61,19.17,46.43,25.51,63.64,22.27,24.24,17.93,42.42,24.99
2568,30,บ้านเมืองกลาง,จอมทอง,เล็ก,นอกเมือง,สำนักงานคณะกรรมการการศึกษาขั้นพื้นฐาน,สพป.เชียงใหม่ เขต 6,7,47.62,18.75,58.42,20.24,52.38,16.50,38.10,17.17,52.38,24.28
2568,31,บ้านเมืองอาง,จอมทอง,เล็ก,นอกเมือง,สำนักงานคณะกรรมการการศึกษาขั้นพื้นฐาน,สพป.เชียงใหม่ เขต 6,4,45.83,13.82,35.71,12.56,58.33,27.64,33.33,26.35,41.67,27.64
2568,32,บ้านแม่ปอน,จอมทอง,เล็ก,นอกเมือง,สำนักงานคณะกรรมการการศึกษาขั้นพื้นฐาน,สพป.เชียงใหม่ เขต 6,31,43.55,28.30,38.71,17.96,41.94,30.49,38.71,23.72,40.86,30.18
2568,33,บ้านแม่สอย,จอมทอง,เล็ก,นอกเมือง,สำนักงานคณะกรรมการการศึกษาขั้นพื้นฐาน,สพป.เชียงใหม่ เขต 6,11,56.06,25.89,47.65,17.54,42.42,24.99,36.36,15.60,42.42,20.55
2568,34,บ้านโรงวัว,จอมทอง,เล็ก,นอกเมือง,สำนักงานคณะกรรมการการศึกษาขั้นพื้นฐาน,สพป.เชียงใหม่ เขต 6,7,59.52,17.50,47.45,22.56,57.14,23.33,35.71,18.75,57.14,29.35
2568,35,บ้านสบแจ่มฝั่งซ้าย,จอมทอง,เล็ก,นอกเมือง,สำนักงานคณะกรรมการการศึกษาขั้นพื้นฐาน,สพป.เชียงใหม่ เขต 6,12,38.89,18.43,42.56,16.65,55.56,28.33,33.33,18.00,55.56,24.85
2568,36,บ้านสบเตี๊ยะ,จอมทอง,กลาง,นอกเมือง,สำนักงานคณะกรรมการการศึกษาขั้นพื้นฐาน,สพป.เชียงใหม่ เขต 6,9,59.26,15.93,62.00,18.34,59.26,13.86,50.00,17.57,40.74,20.95
2568,37,บ้านสบแปะ,จอมทอง,เล็ก,นอกเมือง,สำนักงานคณะกรรมการการศึกษาขั้นพื้นฐาน,สพป.เชียงใหม่ เขต 6,6,58.33,30.05,53.57,6.92,33.33,19.25,58.33,20.97,55.56,36.85
2568,38,บ้านหนองคัน,จอมทอง,เล็ก,นอกเมือง,สำนักงานคณะกรรมการการศึกษาขั้นพื้นฐาน,สพป.เชียงใหม่ เขต 6,5,30.00,16.33,48.04,21.40,33.33,21.08,36.67,6.67,33.33,21.08
2568,39,บ้านห้วยทราย,จอมทอง,เล็ก,นอกเมือง,สำนักงานคณะกรรมการการศึกษาขั้นพื้นฐาน,สพป.เชียงใหม่ เขต 6,12,38.89,15.71,40.33,20.57,36.11,21.34,33.33,16.67,41.67,27.64
2568,40,บ้านห้วยน้ำดิบ,จอมทอง,เล็ก,นอกเมือง,สำนักงานคณะกรรมการการศึกษาขั้นพื้นฐาน,สพป.เชียงใหม่ เขต 6,4,50.00,26.35,58.71,9.24,50.00,28.87,45.83,7.22,83.33,16.67
2568,41,บ้านห้วยม่วง,จอมทอง,เล็ก,นอกเมือง,สำนักงานคณะกรรมการการศึกษาขั้นพื้นฐาน,สพป.เชียงใหม่ เขต 6,5,53.33,22.11,48.93,7.63,60.00,24.94,30.00,26.67,46.67,40.00
2568,42,บ้านห้วยม่วงฝั่งซ้าย,จอมทอง,เล็ก,นอกเมือง,สำนักงานคณะกรรมการการศึกษาขั้นพื้นฐาน,สพป.เชียงใหม่ เขต 6,12,33.33,15.21,25.60,15.98,22.22,24.85,34.72,20.93,50.00,28.87
2568,43,บ้านห้วยส้มป่อย,จอมทอง,เล็ก,นอกเมือง,สำนักงานคณะกรรมการการศึกษาขั้นพื้นฐาน,สพป.เชียงใหม่ เขต 6,10,41.67,30.96,50.45,25.43,43.33,36.67,25.00,13.44,63.33,34.80
2568,44,บ้านห้วยสะแพด,จอมทอง,เล็ก,นอกเมือง,สำนักงานคณะกรรมการการศึกษาขั้นพื้นฐาน,สพป.เชียงใหม่ เขต 6,9,51.85,31.86,44.15,19.12,48.15,22.83,50.00,19.25,55.56,22.22
2568,45,บ้านหาดนาค,จอมทอง,เล็ก,นอกเมือง,สำนักงานคณะกรรมการการศึกษาขั้นพื้นฐาน,สพป.เชียงใหม่ เขต 6,4,79.17,13.82,54.46,8.13,83.33,16.67,37.50,18.16,58.33,14.43
2568,46,บ้านใหม่สารภี,จอมทอง,เล็ก,นอกเมือง,สำนักงานคณะกรรมการการศึกษาขั้นพื้นฐาน,สพป.เชียงใหม่ เขต 6,5,26.67,13.33,27.86,19.25,40.00,32.66,40.00,24.94,46.67,16.33
2568,47,ป่ากล้วยพัฒนา,จอมทอง,เล็ก,นอกเมือง,สำนักงานคณะกรรมการการศึกษาขั้นพื้นฐาน,สพป.เชียงใหม่ เขต 6,16,40.63,20.39,30.80,21.69,52.08,26.27,36.46,24.45,50.00,31.18
2568,48,วัดพระบาท,จอมทอง,เล็ก,นอกเมือง,สำนักงานคณะกรรมการการศึกษาขั้นพื้นฐาน,สพป.เชียงใหม่ เขต 6,1,50.00,0.00,55.36,0.00,66.67,0.00,33.33,0.00,33.33,0.00
2568,49,ศรีจอมทอง,จอมทอง,ใหญ่,นอกเมือง,สำนักงานคณะกรรมการการศึกษาขั้นพื้นฐาน,สพป.เชียงใหม่ เขต 6,232,65.23,26.18,51.76,20.02,58.33,29.32,48.78,24.41,55.75,32.39
2568,50,สุทธิวงศ์ดำรงวิทย์,จอมทอง,เล็ก,นอกเมือง,สำนักงานคณะกรรมการส่งเสริมการศึกษาเอกชน,-,7,40.48,26.51,32.65,18.08,33.33,30.86,35.71,20.76,42.86,23.33
2568,51,แกน้อยศึกษา,เชียงดาว,กลาง,นอกเมือง,สำนักงานคณะกรรมการการศึกษาขั้นพื้นฐาน,สพป.เชียงใหม่ เขต 3,10,55.00,18.33,31.96,15.33,43.33,21.34,33.33,10.54,26.67,29.06
2568,52,โครงการหลวงแกน้อย,เชียงดาว,กลาง,นอกเมือง,สำนักงานคณะกรรมการการศึกษาขั้นพื้นฐาน,สพป.เชียงใหม่ เขต 3,1,83.33,0.00,44.64,0.00,33.33,0.00,66.67,0.00,66.67,0.00
2568,53,เจ้าฟ้าอุบลรัตน์,เชียงดาว,เล็ก,นอกเมือง,สำนักงานคณะกรรมการส่งเสริมการศึกษาเอกชน,-,28,51.79,25.72,47.23,20.30,38.10,32.99,40.48,21.10,51.19,25.95
2568,54,ชุมชนบ้านเมืองงาย,เชียงดาว,กลาง,นอกเมือง,สำนักงานคณะกรรมการการศึกษาขั้นพื้นฐาน,สพป.เชียงใหม่ เขต 3,50,50.00,26.46,58.25,19.93,61.33,26.96,44.33,24.18,48.67,32.12
2568,55,ชุมชนบ้านวังจ๊อม,เชียงดาว,กลาง,นอกเมือง,สำนักงานคณะกรรมการการศึกษาขั้นพื้นฐาน,สพป.เชียงใหม่ เขต 3,15,45.56,14.23,56.55,14.06,46.67,23.73,33.33,23.57,55.56,28.97
2568,56,ดอยสามหมื่น,เชียงดาว,เล็ก,นอกเมือง,สำนักงานคณะกรรมการการศึกษาขั้นพื้นฐาน,สพป.เชียงใหม่ เขต 3,9,25.93,15.93,20.54,15.35,48.15,31.86,33.33,11.11,51.85,27.72
2568,57,ตชด.เฉลิมพระเกียรติฯ บ้านแกน้อย,เชียงดาว,เล็ก,นอกเมือง,กองบัญชาการตำรวจตระเวนชายแดน,-,15,40.00,21.77,36.90,22.78,51.11,31.89,25.56,20.96,31.11,25.72
2568,58,บ้านเชียงดาว,เชียงดาว,กลาง,นอกเมือง,สำนักงานคณะกรรมการการศึกษาขั้นพื้นฐาน,สพป.เชียงใหม่ เขต 3,96,61.63,22.58,69.99,16.55,59.03,25.68,50.17,26.08,58.68,31.46
2568,59,บ้านดอน,เชียงดาว,เล็ก,นอกเมือง,สำนักงานคณะกรรมการการศึกษาขั้นพื้นฐาน,สพป.เชียงใหม่ เขต 3,11,48.48,19.40,38.72,24.57,48.48,35.86,33.33,12.31,39.39,31.20
2568,60,บ้านถ้ำ,เชียงดาว,เล็ก,นอกเมือง,สำนักงานคณะกรรมการการศึกษาขั้นพื้นฐาน,สพป.เชียงใหม่ เขต 3,7,50.00,21.82,52.55,12.44,33.33,17.82,26.19,12.14,38.10,37.50
2568,61,บ้านทุ่งข้าวพวง,เชียงดาว,กลาง,นอกเมือง,สำนักงานคณะกรรมการการศึกษาขั้นพื้นฐาน,สพป.เชียงใหม่ เขต 3,27,45.68,21.08,44.97,20.64,46.91,26.07,33.33,18.70,48.15,30.54
2568,62,บ้านทุ่งละคร,เชียงดาว,เล็ก,นอกเมือง,สำนักงานคณะกรรมการการศึกษาขั้นพื้นฐาน,สพป.เชียงใหม่ เขต 3,4,58.33,34.36,56.25,15.07,50.00,28.87,50.00,20.41,41.67,14.43
2568,63,บ้านทุ่งหลุก,เชียงดาว,เล็ก,นอกเมือง,สำนักงานคณะกรรมการการศึกษาขั้นพื้นฐาน,สพป.เชียงใหม่ เขต 3,16,52.08,25.60,47.82,10.50,54.17,23.20,43.75,14.28,62.50,28.57
2568,64,บ้านนาหวาย,เชียงดาว,กลาง,นอกเมือง,สำนักงานคณะกรรมการการศึกษาขั้นพื้นฐาน,สพป.เชียงใหม่ เขต 3,25,54.67,18.57,56.46,19.27,57.33,25.85,54.67,24.73,54.67,33.84
2568,65,บ้านปางแดง,เชียงดาว,เล็ก,นอกเมือง,สำนักงานคณะกรรมการการศึกษาขั้นพื้นฐาน,สพป.เชียงใหม่ เขต 3,11,46.97,22.27,30.93,17.27,36.36,33.20,33.33,18.80,36.36,36.11
2568,66,บ้านปางเฟือง,เชียงดาว,เล็ก,นอกเมือง,สำนักงานคณะกรรมการการศึกษาขั้นพื้นฐาน,สพป.เชียงใหม่ เขต 3,21,35.71,21.38,39.80,22.80,34.92,24.07,36.51,18.98,41.27,28.92
2568,67,บ้านปางมะเยา,เชียงดาว,กลาง,นอกเมือง,สำนักงานคณะกรรมการการศึกษาขั้นพื้นฐาน,สพป.เชียงใหม่ เขต 3,23,42.75,16.17,42.16,23.07,37.68,26.57,34.06,21.69,46.38,27.34
2568,68,บ้านป่าบง,เชียงดาว,เล็ก,นอกเมือง,สำนักงานคณะกรรมการการศึกษาขั้นพื้นฐาน,สพป.เชียงใหม่ เขต 3,10,40.00,30.00,47.14,28.09,50.00,26.87,38.33,23.63,30.00,34.80
2568,69,บ้านเมืองคอง,เชียงดาว,เล็ก,นอกเมือง,สำนักงานคณะกรรมการการศึกษาขั้นพื้นฐาน,สพป.เชียงใหม่ เขต 3,5,30.00,6.67,40.00,20.10,33.33,21.08,36.67,16.33,6.67,13.33
2568,70,บ้านเมืองนะ,เชียงดาว,กลาง,นอกเมือง,สำนักงานคณะกรรมการการศึกษาขั้นพื้นฐาน,สพป.เชียงใหม่ เขต 3,62,39.52,18.99,41.09,23.44,48.39,33.70,35.75,18.90,45.16,25.47
2568,71,บ้านแม่กอนใน,เชียงดาว,เล็ก,นอกเมือง,สำนักงานคณะกรรมการการศึกษาขั้นพื้นฐาน,สพป.เชียงใหม่ เขต 3,18,37.96,25.94,37.80,23.06,46.30,33.59,31.48,16.56,44.44,33.33
2568,72,บ้านแม่นะ,เชียงดาว,กลาง,นอกเมือง,สำนักงานคณะกรรมการการศึกษาขั้นพื้นฐาน,สพป.เชียงใหม่ เขต 3,16,32.29,24.63,33.43,21.51,39.58,29.39,34.38,18.13,35.42,29.97
2568,73,บ้านแม่ป๋าม,เชียงดาว,เล็ก,นอกเมือง,สำนักงานคณะกรรมการการศึกษาขั้นพื้นฐาน,สพป.เชียงใหม่ เขต 3,9,50.00,17.57,47.82,23.78,51.85,27.72,42.59,13.86,55.56,27.22
2568,74,บ้านแม่แมะ,เชียงดาว,เล็ก,นอกเมือง,สำนักงานคณะกรรมการการศึกษาขั้นพื้นฐาน,สพป.เชียงใหม่ เขต 3,10,41.67,17.08,24.11,12.88,36.67,27.69,36.67,25.60,33.33,25.82
2568,75,บ้านแม่อ้อใน,เชียงดาว,เล็ก,นอกเมือง,สำนักงานคณะกรรมการการศึกษาขั้นพื้นฐาน,สพป.เชียงใหม่ เขต 3,10,65.00,22.91,52.77,22.45,60.00,24.94,48.33,11.67,76.67,21.34
2568,76,บ้านรินหลวง,เชียงดาว,เล็ก,นอกเมือง,สำนักงานคณะกรรมการการศึกษาขั้นพื้นฐาน,สพป.เชียงใหม่ เขต 3,24,47.22,23.41,30.06,20.42,33.33,23.57,37.50,16.14,41.67,30.81
2568,77,บ้านวังมะริว,เชียงดาว,เล็ก,นอกเมือง,สำนักงานคณะกรรมการการศึกษาขั้นพื้นฐาน,สพป.เชียงใหม่ เขต 3,7,59.52,21.56,56.38,16.56,52.38,30.12,45.24,17.17,52.38,16.50
2568,78,บ้านสบคาบ,เชียงดาว,เล็ก,นอกเมือง,สำนักงานคณะกรรมการการศึกษาขั้นพื้นฐาน,สพป.เชียงใหม่ เขต 3,4,41.67,18.63,44.64,17.31,58.33,27.64,37.50,13.82,16.67,28.87
2568,79,บ้านสันป่าเกี๊ยะ,เชียงดาว,เล็ก,นอกเมือง,สำนักงานคณะกรรมการการศึกษาขั้นพื้นฐาน,สพป.เชียงใหม่ เขต 3,20,44.17,27.53,41.70,15.43,43.33,33.50,27.50,21.26,40.00,30.91
2568,80,บ้านหนองเขียว,เชียงดาว,กลาง,นอกเมือง,สำนักงานคณะกรรมการการศึกษาขั้นพื้นฐาน,สพป.เชียงใหม่ เขต 3,57,38.60,18.51,20.07,16.85,28.07,24.01,27.78,19.58,35.09,28.90
2568,81,บ้านหนองแขม,เชียงดาว,เล็ก,นอกเมือง,กองบัญชาการตำรวจตระเวนชายแดน,-,10,36.67,25.60,47.14,10.00,33.33,25.82,40.00,17.00,30.00,34.80
2568,82,บ้านหนองบัว,เชียงดาว,เล็ก,นอกเมือง,สำนักงานคณะกรรมการการศึกษาขั้นพื้นฐาน,สพป.เชียงใหม่ เขต 3,8,39.58,24.91,46.21,27.60,45.83,28.57,29.17,13.82,25.00,27.64
2568,83,บ้านห้วยจะค่าน ตชด.อนุสรณ์,เชียงดาว,กลาง,นอกเมือง,สำนักงานคณะกรรมการการศึกษาขั้นพื้นฐาน,สพป.เชียงใหม่ เขต 3,10,33.33,14.91,20.71,11.61,43.33,30.00,28.33,10.67,23.33,26.03
2568,84,บ้านห้วยทรายขาว,เชียงดาว,เล็ก,นอกเมือง,สำนักงานคณะกรรมการการศึกษาขั้นพื้นฐาน,สพป.เชียงใหม่ เขต 3,4,75.00,14.43,62.50,9.86,83.33,16.67,33.33,11.79,58.33,14.43
2568,85,บ้านห้วยเป้า,เชียงดาว,เล็ก,นอกเมือง,กรมส่งเสริมการปกครองท้องถิ่น,ท้องถิ่นจังหวัดเชียงใหม่,15,51.11,19.69,50.83,14.01,44.44,28.97,44.44,17.92,53.33,29.31
2568,86,บ้านใหม่,เชียงดาว,เล็ก,นอกเมือง,สำนักงานคณะกรรมการการศึกษาขั้นพื้นฐาน,สพป.เชียงใหม่ เขต 3,9,48.15,25.39,52.38,19.12,51.85,35.52,40.74,11.42,25.93,26.19
2568,87,บ้านอรุโณทัย,เชียงดาว,ใหญ่พิเศษ,นอกเมือง,สำนักงานคณะกรรมการการศึกษาขั้นพื้นฐาน,สพป.เชียงใหม่ เขต 3,65,41.28,20.90,41.57,20.95,47.69,28.02,38.72,21.31,41.54,29.25
2568,88,บ้านออน,เชียงดาว,เล็ก,นอกเมือง,สำนักงานคณะกรรมการการศึกษาขั้นพื้นฐาน,สพป.เชียงใหม่ เขต 3,4,62.50,29.76,60.71,13.89,75.00,27.64,58.33,25.00,41.67,27.64
2568,89,เบญจม 2 บ้านน้ำรู,เชียงดาว,เล็ก,นอกเมือง,สำนักงานคณะกรรมการการศึกษาขั้นพื้นฐาน,สพป.เชียงใหม่ เขต 3,24,37.50,29.36,39.88,19.10,38.89,28.33,30.56,20.22,37.50,29.36
2568,90,พัฒนาต้นน้ำขุนคอง,เชียงดาว,เล็ก,นอกเมือง,สำนักงานคณะกรรมการการศึกษาขั้นพื้นฐาน,สพป.เชียงใหม่ เขต 3,15,34.44,17.71,50.36,22.64,51.11,34.14,38.89,17.92,42.22,30.95
2568,91,มิตรมวลชนเชียงใหม่,เชียงดาว,กลาง,นอกเมือง,สำนักงานคณะกรรมการการศึกษาขั้นพื้นฐาน,สพป.เชียงใหม่ เขต 3,44,40.91,20.24,40.85,19.27,35.61,33.63,31.06,23.19,44.70,32.52
2568,92,ราชประชานุเคราะห์ 61 จังหวัดเชียงใหม่,เชียงดาว,กลาง,นอกเมือง,สำนักบริหารงานการศึกษาพิเศษ,-,38,33.77,20.41,27.73,22.72,33.33,26.49,33.33,18.34,32.46,25.92
2568,93,วัดจอมคีรี,เชียงดาว,เล็ก,นอกเมือง,สำนักงานคณะกรรมการการศึกษาขั้นพื้นฐาน,สพป.เชียงใหม่ เขต 3,6,33.33,21.52,51.79,10.31,55.56,31.43,25.00,23.07,33.33,27.22
2568,94,วัดปางมะโอ,เชียงดาว,เล็ก,นอกเมือง,สำนักงานคณะกรรมการการศึกษาขั้นพื้นฐาน,สพป.เชียงใหม่ เขต 3,1,50.00,0.00,75.00,0.00,33.33,0.00,50.00,0.00,66.67,0.00
2568,95,ศีลรวี,เชียงดาว,กลาง,นอกเมือง,สำนักงานคณะกรรมการส่งเสริมการศึกษาเอกชน,-,63,43.12,23.12,44.32,19.72,38.62,26.03,44.97,18.46,42.33,27.35
2568,96,ฉัตรพฤกษ์วิทยา,ไชยปราการ,เล็ก,นอกเมือง,สำนักงานคณะกรรมการส่งเสริมการศึกษาเอกชน,-,20,46.67,23.92,50.54,22.12,31.67,28.82,39.17,19.20,38.33,33.79
2568,97,ชุมชนวัดศรีดงเย็น,ไชยปราการ,กลาง,นอกเมือง,สำนักงานคณะกรรมการการศึกษาขั้นพื้นฐาน,สพป.เชียงใหม่ เขต 3,27,48.77,21.24,44.97,21.12,38.27,31.04,37.65,22.03,44.44,27.22
2568,98,เทศบาล 1 ไชยปราการ,ไชยปราการ,กลาง,นอกเมือง,กรมส่งเสริมการปกครองท้องถิ่น,ท้องถิ่นจังหวัดเชียงใหม่,41,49.59,26.16,43.23,23.48,50.41,30.46,35.37,18.84,48.78,29.54
2568,99,บ้านต้นโชค,ไชยปราการ,เล็ก,นอกเมือง,สำนักงานคณะกรรมการการศึกษาขั้นพื้นฐาน,สพป.เชียงใหม่ เขต 3,29,36.21,21.91,26.94,22.21,39.08,30.41,32.18,18.53,34.48,33.31
2568,100,บ้านถ้ำตับเตา,ไชยปราการ,เล็ก,นอกเมือง,สำนักงานคณะกรรมการการศึกษาขั้นพื้นฐาน,สพป.เชียงใหม่ เขต 3,6,58.33,20.97,48.51,19.08,55.56,24.85,47.22,14.96,38.89,12.42
2568,101,บ้านปง,ไชยปราการ,เล็ก,นอกเมือง,สำนักงานคณะกรรมการการศึกษาขั้นพื้นฐาน,สพป.เชียงใหม่ เขต 3,17,59.80,26.23,48.21,23.57,56.86,27.45,50.98,24.57,62.75,25.26
2568,102,บ้านปงตำ,ไชยปราการ,เล็ก,นอกเมือง,สำนักงานคณะกรรมการการศึกษาขั้นพื้นฐาน,สพป.เชียงใหม่ เขต 3,10,46.67,24.49,53.39,24.15,70.00,27.69,45.00,25.87,40.00,35.90
2568,103,บ้านป่างิ้ว,ไชยปราการ,เล็ก,นอกเมือง,สำนักงานคณะกรรมการการศึกษาขั้นพื้นฐาน,สพป.เชียงใหม่ เขต 3,11,50.00,30.98,63.15,17.86,51.52,21.85,39.39,21.64,48.48,29.69
2568,104,บ้านผาแดง,ไชยปราการ,เล็ก,นอกเมือง,สำนักงานคณะกรรมการการศึกษาขั้นพื้นฐาน,สพป.เชียงใหม่ เขต 3,8,52.08,21.14,35.94,19.35,54.17,33.07,37.50,28.57,37.50,26.02
2568,105,บ้านแม่ขิ,ไชยปราการ,เล็ก,นอกเมือง,สำนักงานคณะกรรมการการศึกษาขั้นพื้นฐาน,สพป.เชียงใหม่ เขต 3,9,61.11,23.57,71.13,22.91,74.07,20.95,50.00,19.25,70.37,29.16
2568,106,บ้านแม่ทะลบ,ไชยปราการ,เล็ก,นอกเมือง,สำนักงานคณะกรรมการการศึกษาขั้นพื้นฐาน,สพป.เชียงใหม่ เขต 3,21,48.41,23.52,50.98,18.07,50.79,24.38,28.57,17.17,53.97,34.85
2568,107,บ้านเวียงผาพัฒนา,ไชยปราการ,เล็ก,นอกเมือง,สำนักงานคณะกรรมการการศึกษาขั้นพื้นฐาน,สพป.เชียงใหม่ เขต 3,2,33.33,0.00,51.79,12.50,16.67,16.67,50.00,16.67,66.67,33.33
2568,108,บ้านสินชัย,ไชยปราการ,กลาง,นอกเมือง,สำนักงานคณะกรรมการการศึกษาขั้นพื้นฐาน,สพป.เชียงใหม่ เขต 3,9,50.00,23.57,47.62,19.25,44.44,22.22,29.63,18.89,29.63,18.89
2568,109,บ้านห้วยต้นตอง,ไชยปราการ,เล็ก,นอกเมือง,สำนักงานคณะกรรมการการศึกษาขั้นพื้นฐาน,สพป.เชียงใหม่ เขต 3,4,33.33,23.57,48.66,7.07,33.33,0.00,45.83,21.65,25.00,14.43
2568,110,บ้านห้วยบง,ไชยปราการ,เล็ก,นอกเมือง,สำนักงานคณะกรรมการการศึกษาขั้นพื้นฐาน,สพป.เชียงใหม่ เขต 3,4,54.17,13.82,45.09,11.46,41.67,14.43,29.17,13.82,41.67,36.32
2568,111,บ้านห้วยไผ่,ไชยปราการ,เล็ก,นอกเมือง,สำนักงานคณะกรรมการการศึกษาขั้นพื้นฐาน,สพป.เชียงใหม่ เขต 3,19,39.47,19.65,41.17,24.54,42.11,23.80,34.21,18.32,38.60,32.92
2568,112,บ้านหัวฝาย,ไชยปราการ,เล็ก,นอกเมือง,สำนักงานคณะกรรมการการศึกษาขั้นพื้นฐาน,สพป.เชียงใหม่ เขต 3,8,33.33,20.41,31.25,17.06,45.83,28.57,41.67,20.41,54.17,28.57
2568,113,บ้านใหม่หนองบัว,ไชยปราการ,กลาง,นอกเมือง,สำนักงานคณะกรรมการการศึกษาขั้นพื้นฐาน,สพป.เชียงใหม่ เขต 3,111,36.94,20.67,28.72,22.71,31.83,29.13,33.93,18.03,35.74,29.24
2568,114,บ้านอ่าย,ไชยปราการ,เล็ก,นอกเมือง,สำนักงานคณะกรรมการการศึกษาขั้นพื้นฐาน,สพป.เชียงใหม่ เขต 3,16,44.79,23.36,46.09,17.27,47.92,20.31,38.54,14.09,41.67,34.36
2568,115,วัดบ้านท่า,ไชยปราการ,เล็ก,นอกเมือง,สำนักงานคณะกรรมการการศึกษาขั้นพื้นฐาน,สพป.เชียงใหม่ เขต 3,20,62.50,18.16,55.63,15.83,56.67,23.80,51.67,22.91,56.67,33.50
2568,116,วัดป่าแดง,ไชยปราการ,เล็ก,นอกเมือง,สำนักงานคณะกรรมการการศึกษาขั้นพื้นฐาน,สพป.เชียงใหม่ เขต 3,12,48.61,18.58,47.84,11.10,50.00,31.91,44.44,19.64,47.22,37.16
2568,117,วัดอรัญญวาสี,ไชยปราการ,เล็ก,นอกเมือง,สำนักงานคณะกรรมการการศึกษาขั้นพื้นฐาน,สพป.เชียงใหม่ เขต 3,7,50.00,25.20,45.92,28.29,42.86,23.33,28.57,21.30,38.10,27.77
2568,118,สันติวนา,ไชยปราการ,เล็ก,นอกเมือง,สำนักงานคณะกรรมการการศึกษาขั้นพื้นฐาน,สพป.เชียงใหม่ เขต 3,7,57.14,23.33,56.38,20.40,47.62,34.99,38.10,29.16,33.33,30.86
2568,119,เอื้อวิทยา,ไชยปราการ,กลาง,นอกเมือง,สำนักงานคณะกรรมการส่งเสริมการศึกษาเอกชน,-,33,43.43,22.82,48.32,18.03,46.46,31.72,43.43,19.65,48.48,28.53
2568,120,ชุมชนบ้านดอยเต่า,ดอยเต่า,เล็ก,นอกเมือง,สำนักงานคณะกรรมการการศึกษาขั้นพื้นฐาน,สพป.เชียงใหม่ เขต 5,9,62.96,24.57,59.52,20.80,59.26,13.86,53.70,24.57,59.26,30.54
2568,121,ชุมชนศูนย์อพยพแปลง 4,ดอยเต่า,เล็ก,นอกเมือง,สำนักงานคณะกรรมการการศึกษาขั้นพื้นฐาน,สพป.เชียงใหม่ เขต 5,14,60.71,25.67,58.67,18.98,61.90,21.30,45.24,13.26,50.00,27.46
2568,122,บ้านเกาะหลวง,ดอยเต่า,เล็ก,นอกเมือง,สำนักงานคณะกรรมการการศึกษาขั้นพื้นฐาน,สพป.เชียงใหม่ เขต 5,13,78.21,22.06,67.51,10.20,76.92,24.05,55.13,17.76,79.49,24.59
2568,123,บ้านงิ้วสูง,ดอยเต่า,เล็ก,นอกเมือง,สำนักงานคณะกรรมการการศึกษาขั้นพื้นฐาน,สพป.เชียงใหม่ เขต 5,7,47.62,13.88,58.16,19.53,57.14,23.33,40.48,23.33,52.38,30.12
2568,124,บ้านฉิมพลี,ดอยเต่า,เล็ก,นอกเมือง,สำนักงานคณะกรรมการการศึกษาขั้นพื้นฐาน,สพป.เชียงใหม่ เขต 5,10,70.00,16.33,67.86,11.76,73.33,24.94,60.00,23.80,73.33,20.00
2568,125,บ้านถิ่นสำราญ,ดอยเต่า,เล็ก,นอกเมือง,สำนักงานคณะกรรมการการศึกษาขั้นพื้นฐาน,สพป.เชียงใหม่ เขต 5,6,38.89,15.71,41.96,24.02,44.44,24.85,33.33,9.62,55.56,24.85
2568,126,บ้านโท้งวิทยา,ดอยเต่า,เล็ก,นอกเมือง,สำนักงานคณะกรรมการการศึกษาขั้นพื้นฐาน,สพป.เชียงใหม่ เขต 5,22,59.85,21.12,55.36,17.56,37.88,32.25,39.39,22.78,54.55,29.38
2568,127,บ้านน้อยห้วยรินวิทยา,ดอยเต่า,เล็ก,นอกเมือง,สำนักงานคณะกรรมการการศึกษาขั้นพื้นฐาน,สพป.เชียงใหม่ เขต 5,15,37.78,20.61,31.19,17.10,28.89,26.85,26.67,19.05,35.56,25.72
2568,128,บ้านบงตัน,ดอยเต่า,เล็ก,นอกเมือง,สำนักงานคณะกรรมการการศึกษาขั้นพื้นฐาน,สพป.เชียงใหม่ เขต 5,18,44.44,30.43,44.79,20.18,50.00,25.46,36.11,21.70,48.15,22.83
2568,129,บ้านโปง,ดอยเต่า,เล็ก,นอกเมือง,สำนักงานคณะกรรมการการศึกษาขั้นพื้นฐาน,สพป.เชียงใหม่ เขต 5,13,56.41,19.10,49.86,17.75,43.59,33.04,35.90,12.82,48.72,24.86
2568,130,บ้านโปงทุ่ง,ดอยเต่า,เล็ก,นอกเมือง,สำนักงานคณะกรรมการการศึกษาขั้นพื้นฐาน,สพป.เชียงใหม่ เขต 5,9,59.26,23.72,51.49,24.11,44.44,27.22,50.00,26.06,40.74,30.54
2568,131,บ้านผาจุก,ดอยเต่า,เล็ก,นอกเมือง,สำนักงานคณะกรรมการการศึกษาขั้นพื้นฐาน,สพป.เชียงใหม่ เขต 5,6,44.44,18.43,51.93,19.47,33.33,19.25,44.44,15.71,50.00,25.46
2568,132,บ้านแม่ตูบ,ดอยเต่า,เล็ก,นอกเมือง,สำนักงานคณะกรรมการการศึกษาขั้นพื้นฐาน,สพป.เชียงใหม่ เขต 5,14,47.62,23.45,54.59,24.70,38.10,24.74,39.29,19.53,50.00,32.73
2568,133,บ้านแม่บวน,ดอยเต่า,เล็ก,นอกเมือง,สำนักงานคณะกรรมการการศึกษาขั้นพื้นฐาน,สพป.เชียงใหม่ เขต 5,11,46.97,17.14,40.58,27.52,36.36,30.00,43.94,23.86,63.64,22.27
2568,134,บ้านไร่,ดอยเต่า,เล็ก,นอกเมือง,สำนักงานคณะกรรมการการศึกษาขั้นพื้นฐาน,สพป.เชียงใหม่ เขต 5,11,66.67,22.47,58.93,15.02,60.61,19.17,66.67,14.21,69.70,17.14
2568,135,บ้านวังหม้อ,ดอยเต่า,เล็ก,นอกเมือง,สำนักงานคณะกรรมการการศึกษาขั้นพื้นฐาน,สพป.เชียงใหม่ เขต 5,5,46.67,19.44,29.29,17.70,40.00,13.33,26.67,13.33,40.00,38.87
2568,136,บ้านวังหลวง,ดอยเต่า,เล็ก,นอกเมือง,สำนักงานคณะกรรมการการศึกษาขั้นพื้นฐาน,สพป.เชียงใหม่ เขต 5,6,52.78,27.92,69.05,12.53,55.56,15.71,47.22,22.40,88.89,15.71
2568,137,บ้านสันติสุข,ดอยเต่า,เล็ก,นอกเมือง,สำนักงานคณะกรรมการการศึกษาขั้นพื้นฐาน,สพป.เชียงใหม่ เขต 5,5,46.67,22.11,46.79,25.11,13.33,16.33,40.00,17.00,53.33,26.67
2568,138,บ้านหนองผักบุ้ง,ดอยเต่า,เล็ก,นอกเมือง,สำนักงานคณะกรรมการการศึกษาขั้นพื้นฐาน,สพป.เชียงใหม่ เขต 5,4,62.50,13.82,51.12,14.05,16.67,16.67,33.33,0.00,41.67,36.32
2568,139,บ้านแอ่นจัดสรร,ดอยเต่า,เล็ก,นอกเมือง,สำนักงานคณะกรรมการการศึกษาขั้นพื้นฐาน,สพป.เชียงใหม่ เขต 5,6,25.00,15.96,40.48,17.94,44.44,36.85,41.67,25.00,38.89,12.42
2568,140,บ้านแอ่นใหม่,ดอยเต่า,เล็ก,นอกเมือง,สำนักงานคณะกรรมการการศึกษาขั้นพื้นฐาน,สพป.เชียงใหม่ เขต 5,1,33.33,0.00,33.93,0.00,33.33,0.00,33.33,0.00,33.33,0.00
2568,141,ศูนย์อพยพแปลง 2,ดอยเต่า,เล็ก,นอกเมือง,สำนักงานคณะกรรมการการศึกษาขั้นพื้นฐาน,สพป.เชียงใหม่ เขต 5,5,63.33,19.44,60.71,21.58,53.33,33.99,43.33,20.00,46.67,26.67
2568,142,ศูนย์อพยพแปลง 5,ดอยเต่า,เล็ก,นอกเมือง,สำนักงานคณะกรรมการการศึกษาขั้นพื้นฐาน,สพป.เชียงใหม่ เขต 5,9,53.70,32.18,73.61,10.27,48.15,27.72,64.81,22.83,66.67,15.71
2568,143,ศูนย์อพยพแปลง 8,ดอยเต่า,เล็ก,นอกเมือง,สำนักงานคณะกรรมการการศึกษาขั้นพื้นฐาน,สพป.เชียงใหม่ เขต 5,7,69.05,24.28,62.50,23.17,52.38,16.50,57.14,15.06,71.43,27.77
2568,144,ชลประทานผาแตก,ดอยสะเก็ด,กลาง,นอกเมือง,สำนักงานคณะกรรมการการศึกษาขั้นพื้นฐาน,สพป.เชียงใหม่ เขต 1,57,52.05,25.57,47.65,22.19,43.27,34.18,43.57,19.18,47.95,26.50
2568,145,เทพเสด็จวิทยา,ดอยสะเก็ด,เล็ก,นอกเมือง,สำนักงานคณะกรรมการการศึกษาขั้นพื้นฐาน,สพป.เชียงใหม่ เขต 1,5,26.67,8.16,34.29,16.50,6.67,13.33,36.67,12.47,20.00,26.67
2568,146,เทศบาลตลาดใหญ่,ดอยสะเก็ด,เล็ก,นอกเมือง,กรมส่งเสริมการปกครองท้องถิ่น,ท้องถิ่นจังหวัดเชียงใหม่,6,27.78,12.42,26.34,14.19,27.78,29.92,36.11,17.79,22.22,24.85
2568,147,บริรักศึกษาเชียงใหม่,ดอยสะเก็ด,เล็ก,นอกเมือง,สำนักงานคณะกรรมการส่งเสริมการศึกษาเอกชน,-,17,44.12,24.88,55.15,19.08,45.10,30.12,45.10,22.70,50.98,28.28
2568,148,บ้านเชิงดอย(ดอยสะเก็ดศึกษา),ดอยสะเก็ด,ใหญ่,นอกเมือง,สำนักงานคณะกรรมการการศึกษาขั้นพื้นฐาน,สพป.เชียงใหม่ เขต 1,115,53.91,26.50,53.95,20.79,51.88,25.70,42.17,21.68,49.86,31.51
2568,149,บ้านตลาดขี้เหล็ก,ดอยสะเก็ด,เล็ก,นอกเมือง,สำนักงานคณะกรรมการการศึกษาขั้นพื้นฐาน,สพป.เชียงใหม่ เขต 1,6,44.44,7.86,51.19,12.70,50.00,25.46,30.56,17.79,27.78,22.91
2568,150,บ้านบ่อหิน,ดอยสะเก็ด,เล็ก,นอกเมือง,สำนักงานคณะกรรมการการศึกษาขั้นพื้นฐาน,สพป.เชียงใหม่ เขต 1,19,57.02,20.46,52.49,15.03,52.63,24.93,45.61,19.38,50.88,29.36
2568,151,บ้านป่าขุย,ดอยสะเก็ด,เล็ก,นอกเมือง,สำนักงานคณะกรรมการการศึกษาขั้นพื้นฐาน,สพป.เชียงใหม่ เขต 1,10,51.67,13.84,40.00,24.82,43.33,26.03,38.33,19.79,33.33,33.33
2568,152,บ้านปางแดง,ดอยสะเก็ด,เล็ก,นอกเมือง,สำนักงานคณะกรรมการการศึกษาขั้นพื้นฐาน,สพป.เชียงใหม่ เขต 1,8,58.33,14.43,42.63,21.77,41.67,22.05,33.33,22.05,29.17,19.98
2568,153,บ้านปางน้ำถุ,ดอยสะเก็ด,เล็ก,นอกเมือง,สำนักงานคณะกรรมการการศึกษาขั้นพื้นฐาน,สพป.เชียงใหม่ เขต 1,5,60.00,30.91,52.14,22.00,53.33,26.67,53.33,19.44,66.67,29.81
2568,154,บ้านป่างิ้ว,ดอยสะเก็ด,เล็ก,นอกเมือง,สำนักงานคณะกรรมการการศึกษาขั้นพื้นฐาน,สพป.เชียงใหม่ เขต 1,5,50.00,31.62,47.50,28.54,53.33,26.67,40.00,22.61,33.33,36.51
2568,155,บ้านป่าป้อง,ดอยสะเก็ด,เล็ก,นอกเมือง,สำนักงานคณะกรรมการการศึกษาขั้นพื้นฐาน,สพป.เชียงใหม่ เขต 1,4,37.50,21.65,37.95,7.51,50.00,16.67,20.83,7.22,41.67,36.32
2568,156,บ้านป่าไม้แดง,ดอยสะเก็ด,กลาง,นอกเมือง,สำนักงานคณะกรรมการการศึกษาขั้นพื้นฐาน,สพป.เชียงใหม่ เขต 1,30,33.33,21.52,36.31,22.36,25.56,26.78,38.89,18.92,53.33,30.55
2568,157,บ้านป่าเสร้า,ดอยสะเก็ด,กลาง,นอกเมือง,สำนักงานคณะกรรมการการศึกษาขั้นพื้นฐาน,สพป.เชียงใหม่ เขต 1,30,55.00,18.33,46.49,15.63,50.00,22.36,40.56,20.04,47.78,30.65
2568,158,บ้านป่าเหมือด,ดอยสะเก็ด,เล็ก,นอกเมือง,สำนักงานคณะกรรมการการศึกษาขั้นพื้นฐาน,สพป.เชียงใหม่ เขต 1,33,47.98,25.87,53.76,17.03,48.48,26.07,37.37,19.26,58.59,28.46
2568,159,บ้านโป่งกุ่ม,ดอยสะเก็ด,เล็ก,นอกเมือง,สำนักงานคณะกรรมการการศึกษาขั้นพื้นฐาน,สพป.เชียงใหม่ เขต 1,6,47.22,24.37,55.36,15.01,61.11,29.92,44.44,20.79,33.33,19.25
2568,160,บ้านแม่ดอกแดง,ดอยสะเก็ด,เล็ก,นอกเมือง,สำนักงานคณะกรรมการการศึกษาขั้นพื้นฐาน,สพป.เชียงใหม่ เขต 1,14,53.57,21.98,35.71,22.72,35.71,23.45,34.52,19.38,42.86,29.35
2568,161,บ้านแม่หวาน,ดอยสะเก็ด,เล็ก,นอกเมือง,สำนักงานคณะกรรมการการศึกษาขั้นพื้นฐาน,สพป.เชียงใหม่ เขต 1,9,53.70,21.91,51.19,15.22,51.85,31.86,33.33,20.79,51.85,38.84
2568,162,บ้านแม่ฮ้อยเงิน,ดอยสะเก็ด,เล็ก,นอกเมือง,สำนักงานคณะกรรมการการศึกษาขั้นพื้นฐาน,สพป.เชียงใหม่ เขต 1,3,44.44,28.33,38.10,9.71,22.22,31.43,38.89,7.86,33.33,27.22
2568,163,บ้านร้องขี้เหล็ก,ดอยสะเก็ด,เล็ก,นอกเมือง,สำนักงานคณะกรรมการการศึกษาขั้นพื้นฐาน,สพป.เชียงใหม่ เขต 1,9,57.41,17.76,45.83,17.52,48.15,22.83,38.89,15.71,48.15,41.90
2568,164,บ้านลวงเหนือ,ดอยสะเก็ด,เล็ก,นอกเมือง,สำนักงานคณะกรรมการการศึกษาขั้นพื้นฐาน,สพป.เชียงใหม่ เขต 1,12,47.22,23.41,51.86,19.13,47.22,16.43,34.72,22.00,58.33,33.68
2568,165,บ้านสันทราย,ดอยสะเก็ด,เล็ก,นอกเมือง,สำนักงานคณะกรรมการการศึกษาขั้นพื้นฐาน,สพป.เชียงใหม่ เขต 1,2,33.33,33.33,83.04,2.68,50.00,16.67,50.00,0.00,66.67,0.00
2568,166,เพื่อชีวิตเชียงใหม่,ดอยสะเก็ด,เล็ก,นอกเมือง,สำนักงานคณะกรรมการส่งเสริมการศึกษาเอกชน,-,17,34.31,20.98,24.84,21.11,43.14,24.96,37.25,25.26,39.22,23.53
2568,167,แม่คือวิทยา,ดอยสะเก็ด,กลาง,นอกเมือง,สำนักงานคณะกรรมการการศึกษาขั้นพื้นฐาน,สพป.เชียงใหม่ เขต 1,41,49.19,28.26,34.41,20.94,34.15,26.02,35.77,20.68,47.15,30.33
2568,168,แม่โป่งประชาสามัคคี,ดอยสะเก็ด,เล็ก,นอกเมือง,สำนักงานคณะกรรมการการศึกษาขั้นพื้นฐาน,สพป.เชียงใหม่ เขต 1,10,50.00,16.67,31.96,18.17,46.67,26.67,48.33,18.93,40.00,24.94
2568,169,ไมตรีจิตคริสเตียนเชียงใหม่,ดอยสะเก็ด,กลาง,นอกเมือง,สำนักงานคณะกรรมการส่งเสริมการศึกษาเอกชน,-,18,47.22,21.70,38.19,18.22,51.85,27.72,29.63,14.22,44.44,31.43
2568,170,กรป.กลางอุปถัมภ์,ดอยหล่อ,เล็ก,นอกเมือง,สำนักงานคณะกรรมการการศึกษาขั้นพื้นฐาน,สพป.เชียงใหม่ เขต 4,18,44.44,23.57,51.98,21.93,53.70,29.69,43.52,26.14,55.56,35.14
2568,171,ดอยหล่อวิทยา,ดอยหล่อ,เล็ก,นอกเมือง,กรมส่งเสริมการปกครองท้องถิ่น,ท้องถิ่นจังหวัดเชียงใหม่,15,47.78,23.47,57.26,13.54,44.44,15.71,40.00,14.66,37.78,26.85
2568,172,เทศบาลตำบลวัดสองแคว,ดอยหล่อ,เล็ก,นอกเมือง,กรมส่งเสริมการปกครองท้องถิ่น,ท้องถิ่นจังหวัดเชียงใหม่,9,31.48,25.39,37.00,24.85,33.33,27.22,37.04,17.17,48.15,41.90
2568,173,บ้านดงป่าหวาย,ดอยหล่อ,เล็ก,นอกเมือง,สำนักงานคณะกรรมการการศึกษาขั้นพื้นฐาน,สพป.เชียงใหม่ เขต 4,3,38.89,20.79,58.93,2.53,33.33,27.22,38.89,7.86,11.11,15.71
2568,174,บ้านสามหลัง,ดอยหล่อ,เล็ก,นอกเมือง,สำนักงานคณะกรรมการการศึกษาขั้นพื้นฐาน,สพป.เชียงใหม่ เขต 4,19,47.37,24.34,36.00,21.42,35.09,31.48,38.60,22.98,52.63,19.69
2568,175,บ้านห้วยน้ำขาว,ดอยหล่อ,เล็ก,นอกเมือง,สำนักงานคณะกรรมการการศึกษาขั้นพื้นฐาน,สพป.เชียงใหม่ เขต 4,8,54.17,19.98,51.67,24.98,45.83,16.14,45.83,13.82,62.50,19.98
2568,176,บ้านหัวข่วง,ดอยหล่อ,เล็ก,นอกเมือง,สำนักงานคณะกรรมการการศึกษาขั้นพื้นฐาน,สพป.เชียงใหม่ เขต 4,7,45.24,21.30,61.99,21.55,38.10,27.77,35.71,16.50,66.67,25.20
2568,177,บ้านเหล่าเป้า,ดอยหล่อ,เล็ก,นอกเมือง,สำนักงานคณะกรรมการการศึกษาขั้นพื้นฐาน,สพป.เชียงใหม่ เขต 4,17,54.90,21.97,45.85,17.37,64.71,21.30,45.10,21.97,41.18,26.88
2568,178,บ้านใหม่หนองหอย,ดอยหล่อ,เล็ก,นอกเมือง,สำนักงานคณะกรรมการการศึกษาขั้นพื้นฐาน,สพป.เชียงใหม่ เขต 4,17,56.86,19.01,41.02,17.15,37.25,25.26,32.35,22.48,45.10,34.19
2568,179,วัดดอนชื่น,ดอยหล่อ,เล็ก,นอกเมือง,สำนักงานคณะกรรมการการศึกษาขั้นพื้นฐาน,สพป.เชียงใหม่ เขต 4,4,75.00,18.63,59.82,10.45,50.00,16.67,54.17,13.82,83.33,16.67
2568,180,วัดวังขามป้อม,ดอยหล่อ,เล็ก,นอกเมือง,สำนักงานคณะกรรมการการศึกษาขั้นพื้นฐาน,สพป.เชียงใหม่ เขต 4,6,30.56,20.22,32.14,7.51,44.44,15.71,33.33,13.61,66.67,27.22
2568,181,วัดศรีดอนชัย,ดอยหล่อ,เล็ก,นอกเมือง,สำนักงานคณะกรรมการการศึกษาขั้นพื้นฐาน,สพป.เชียงใหม่ เขต 4,11,40.91,13.03,44.97,20.33,39.39,23.86,40.91,19.28,45.45,16.03
2568,182,วัดหนองหลั้ว,ดอยหล่อ,เล็ก,นอกเมือง,สำนักงานคณะกรรมการการศึกษาขั้นพื้นฐาน,สพป.เชียงใหม่ เขต 4,7,42.86,23.33,49.74,24.14,42.86,29.35,35.71,16.50,61.90,21.30
2568,183,เจ้าแม่หลวงอุปถัมภ์ 1,ฝาง,กลาง,นอกเมือง,สำนักงานคณะกรรมการการศึกษาขั้นพื้นฐาน,สพป.เชียงใหม่ เขต 3,27,38.27,24.77,43.25,21.29,37.04,29.16,33.33,22.22,38.27,23.49
2568,184,ฉือจี้เชียงใหม่,ฝาง,กลาง,นอกเมือง,สำนักงานคณะกรรมการส่งเสริมการศึกษาเอกชน,-,90,56.67,26.97,65.96,20.82,54.81,29.53,45.00,21.87,45.56,30.41
2568,185,ชุมชนบ้านแม่สูนหลวง,ฝาง,เล็ก,นอกเมือง,สำนักงานคณะกรรมการการศึกษาขั้นพื้นฐาน,สพป.เชียงใหม่ เขต 3,9,51.85,22.83,53.97,25.45,40.74,30.54,40.74,23.72,48.15,38.84
2568,186,เทพศิรินทร์๙โครงการหลวงในพระบรมราชูปถัมภ์,ฝาง,เล็ก,นอกเมือง,สำนักงานคณะกรรมการการศึกษาขั้นพื้นฐาน,สพป.เชียงใหม่ เขต 3,10,40.00,22.61,38.39,22.19,53.33,16.33,41.67,17.08,56.67,30.00
2568,187,เทศบาลเวียงฝาง,ฝาง,กลาง,นอกเมือง,กรมส่งเสริมการปกครองท้องถิ่น,ท้องถิ่นจังหวัดเชียงใหม่,31,43.55,23.06,30.53,20.03,31.18,22.30,36.02,23.22,52.69,32.54
2568,188,บ้านขอบด้ง,ฝาง,กลาง,นอกเมือง,สำนักงานคณะกรรมการการศึกษาขั้นพื้นฐาน,สพป.เชียงใหม่ เขต 3,15,38.89,26.29,36.90,19.14,40.00,24.94,40.00,10.18,46.67,31.74
2568,189,บ้านดงป่าลัน,ฝาง,เล็ก,นอกเมือง,สำนักงานคณะกรรมการการศึกษาขั้นพื้นฐาน,สพป.เชียงใหม่ เขต 3,4,50.00,26.35,28.13,16.34,41.67,14.43,37.50,21.65,50.00,16.67
2568,190,บ้านเด่นใหม่,ฝาง,เล็ก,นอกเมือง,สำนักงานคณะกรรมการการศึกษาขั้นพื้นฐาน,สพป.เชียงใหม่ เขต 3,8,43.75,18.52,49.78,11.01,50.00,33.33,41.67,23.57,54.17,23.20
2568,191,บ้านต้นผึ้ง,ฝาง,เล็ก,นอกเมือง,สำนักงานคณะกรรมการการศึกษาขั้นพื้นฐาน,สพป.เชียงใหม่ เขต 3,19,42.98,26.66,42.95,18.38,43.86,21.77,37.72,20.12,36.84,26.26
2568,192,บ้านต้นส้าน,ฝาง,เล็ก,นอกเมือง,สำนักงานคณะกรรมการการศึกษาขั้นพื้นฐาน,สพป.เชียงใหม่ เขต 3,11,50.00,22.47,48.46,9.82,51.52,26.07,46.97,21.10,45.45,32.64
2568,193,บ้านทุ่งหลุก,ฝาง,เล็ก,นอกเมือง,สำนักงานคณะกรรมการการศึกษาขั้นพื้นฐาน,สพป.เชียงใหม่ เขต 3,5,50.00,14.91,49.82,20.53,46.67,26.67,56.67,20.00,66.67,36.51
2568,194,บ้านปางปอย,ฝาง,กลาง,นอกเมือง,สำนักงานคณะกรรมการการศึกษาขั้นพื้นฐาน,สพป.เชียงใหม่ เขต 3,27,41.98,27.73,33.60,23.50,45.68,30.29,32.72,18.42,39.51,31.48
2568,195,บ้านปางสัก,ฝาง,เล็ก,นอกเมือง,สำนักงานคณะกรรมการการศึกษาขั้นพื้นฐาน,สพป.เชียงใหม่ เขต 3,13,62.82,19.78,55.70,16.04,41.03,26.65,34.62,17.86,51.28,28.09
2568,196,บ้านป่าบง,ฝาง,เล็ก,นอกเมือง,สำนักงานคณะกรรมการการศึกษาขั้นพื้นฐาน,สพป.เชียงใหม่ เขต 3,11,37.88,23.67,28.08,11.37,39.39,27.77,28.79,16.03,36.36,22.27
2568,197,บ้านโป่งถืบ,ฝาง,กลาง,นอกเมือง,สำนักงานคณะกรรมการการศึกษาขั้นพื้นฐาน,สพป.เชียงใหม่ เขต 3,11,43.94,22.78,42.37,17.40,36.36,26.42,34.85,16.60,39.39,23.86
2568,198,บ้านโป่งนก,ฝาง,กลาง,นอกเมือง,สำนักงานคณะกรรมการการศึกษาขั้นพื้นฐาน,สพป.เชียงใหม่ เขต 3,21,42.06,24.46,48.00,21.61,38.10,25.79,38.89,18.78,42.86,25.50
2568,199,บ้านโป่งน้ำร้อน,ฝาง,เล็ก,นอกเมือง,สำนักงานคณะกรรมการการศึกษาขั้นพื้นฐาน,สพป.เชียงใหม่ เขต 3,7,66.67,32.12,69.13,16.52,52.38,34.99,42.86,19.63,66.67,25.20
2568,200,บ้านม่วงชุม,ฝาง,กลาง,นอกเมือง,สำนักงานคณะกรรมการการศึกษาขั้นพื้นฐาน,สพป.เชียงใหม่ เขต 3,37,40.09,22.08,36.97,20.11,47.75,29.55,36.94,18.23,45.05,29.22
2568,201,บ้านม่อนปิ่น,ฝาง,กลาง,นอกเมือง,สำนักงานคณะกรรมการการศึกษาขั้นพื้นฐาน,สพป.เชียงใหม่ เขต 3,22,44.70,26.30,70.13,14.56,50.00,24.10,44.70,19.06,59.09,34.72
2568,202,บ้านแม่ข่า,ฝาง,กลาง,นอกเมือง,สำนักงานคณะกรรมการการศึกษาขั้นพื้นฐาน,สพป.เชียงใหม่ เขต 3,16,40.63,18.60,45.65,17.23,50.00,33.33,33.33,17.68,41.67,39.97
2568,203,บ้านแม่คะ,ฝาง,กลาง,นอกเมือง,สำนักงานคณะกรรมการการศึกษาขั้นพื้นฐาน,สพป.เชียงใหม่ เขต 3,11,65.15,20.66,56.66,13.30,60.61,37.11,46.97,18.56,45.45,29.38
2568,204,บ้านแม่งอนกลาง,ฝาง,เล็ก,นอกเมือง,สำนักงานคณะกรรมการการศึกษาขั้นพื้นฐาน,สพป.เชียงใหม่ เขต 3,6,41.67,15.96,51.49,19.38,33.33,38.49,25.00,15.96,44.44,31.43
2568,205,บ้านแม่งอนขี้เหล็ก,ฝาง,กลาง,นอกเมือง,กรมส่งเสริมการปกครองท้องถิ่น,ท้องถิ่นจังหวัดเชียงใหม่,31,41.40,20.25,39.83,20.84,32.26,28.69,39.25,21.81,51.61,34.74
2568,206,บ้านแม่ใจ,ฝาง,เล็ก,นอกเมือง,สำนักงานคณะกรรมการการศึกษาขั้นพื้นฐาน,สพป.เชียงใหม่ เขต 3,4,50.00,11.79,37.95,16.67,41.67,14.43,37.50,24.65,50.00,28.87
2568,207,บ้านแม่สูนน้อย,ฝาง,เล็ก,นอกเมือง,สำนักงานคณะกรรมการการศึกษาขั้นพื้นฐาน,สพป.เชียงใหม่ เขต 3,17,48.04,22.78,43.80,18.81,35.29,29.08,37.25,23.24,54.90,25.41
2568,208,บ้านยาง,ฝาง,เล็ก,นอกเมือง,สำนักงานคณะกรรมการการศึกษาขั้นพื้นฐาน,สพป.เชียงใหม่ เขต 3,6,36.11,14.96,46.88,10.81,50.00,25.46,33.33,13.61,61.11,22.91
2568,209,บ้านล้องอ้อ,ฝาง,เล็ก,นอกเมือง,กรมส่งเสริมการปกครองท้องถิ่น,ท้องถิ่นจังหวัดเชียงใหม่,28,43.45,23.29,38.27,23.15,42.86,23.33,41.07,26.53,44.05,23.66
2568,210,บ้านลาน,ฝาง,กลาง,นอกเมือง,สำนักงานคณะกรรมการการศึกษาขั้นพื้นฐาน,สพป.เชียงใหม่ เขต 3,15,52.22,20.06,63.21,15.98,53.33,33.99,45.56,18.72,64.44,28.46
2568,211,บ้านเวียงฝาง,ฝาง,ใหญ่,นอกเมือง,สำนักงานคณะกรรมการการศึกษาขั้นพื้นฐาน,สพป.เชียงใหม่ เขต 3,119,50.14,25.43,47.53,19.62,48.46,28.25,38.24,22.39,47.34,29.15
2568,212,บ้านเวียงหวาย,ฝาง,กลาง,นอกเมือง,สำนักงานคณะกรรมการการศึกษาขั้นพื้นฐาน,สพป.เชียงใหม่ เขต 3,13,46.15,19.78,51.65,18.62,66.67,29.24,44.87,24.79,58.97,23.22
2568,213,บ้านศรีดอนชัย,ฝาง,เล็ก,นอกเมือง,สำนักงานคณะกรรมการการศึกษาขั้นพื้นฐาน,สพป.เชียงใหม่ เขต 3,3,38.89,15.71,45.24,27.13,55.56,15.71,11.11,7.86,33.33,0.00
2568,214,บ้านสันต้นดู่,ฝาง,เล็ก,นอกเมือง,สำนักงานคณะกรรมการการศึกษาขั้นพื้นฐาน,สพป.เชียงใหม่ เขต 3,12,63.89,23.41,68.30,22.04,55.56,24.85,47.22,21.34,69.44,28.73
2568,215,บ้านสันต้นเปา,ฝาง,เล็ก,นอกเมือง,สำนักงานคณะกรรมการการศึกษาขั้นพื้นฐาน,สพป.เชียงใหม่ เขต 3,1,33.33,0.00,58.93,0.00,0.00,0.00,50.00,0.00,100.00,0.00
2568,216,บ้านสันทราย,ฝาง,เล็ก,นอกเมือง,สำนักงานคณะกรรมการการศึกษาขั้นพื้นฐาน,สพป.เชียงใหม่ เขต 3,11,59.09,21.75,52.76,16.39,51.52,26.07,39.39,23.86,60.61,23.86
2568,217,บ้านสันทรายคองน้อย,ฝาง,กลาง,นอกเมือง,สำนักงานคณะกรรมการการศึกษาขั้นพื้นฐาน,สพป.เชียงใหม่ เขต 3,4,62.50,29.76,50.00,15.36,58.33,27.64,45.83,13.82,58.33,36.32
2568,218,บ้านสันป่าแดง,ฝาง,เล็ก,นอกเมือง,สำนักงานคณะกรรมการการศึกษาขั้นพื้นฐาน,สพป.เชียงใหม่ เขต 3,6,69.44,22.40,48.51,27.96,61.11,22.91,33.33,13.61,77.78,15.71
2568,219,บ้านสันม่วง,ฝาง,เล็ก,นอกเมือง,สำนักงานคณะกรรมการการศึกษาขั้นพื้นฐาน,สพป.เชียงใหม่ เขต 3,6,33.33,16.67,21.88,16.61,50.00,31.91,41.67,20.97,61.11,22.91
2568,220,บ้านหนองขวาง,ฝาง,เล็ก,นอกเมือง,สำนักงานคณะกรรมการการศึกษาขั้นพื้นฐาน,สพป.เชียงใหม่ เขต 3,3,55.56,41.57,66.67,10.94,55.56,15.71,66.67,13.61,66.67,47.14
2568,221,บ้านหนองยาว,ฝาง,เล็ก,นอกเมือง,สำนักงานคณะกรรมการการศึกษาขั้นพื้นฐาน,สพป.เชียงใหม่ เขต 3,14,52.38,24.28,49.11,16.28,57.14,29.35,52.38,21.69,45.24,29.83
2568,222,บ้านหลวง,ฝาง,กลาง,นอกเมือง,สำนักงานคณะกรรมการการศึกษาขั้นพื้นฐาน,สพป.เชียงใหม่ เขต 3,29,32.76,21.66,26.26,14.87,36.78,28.16,29.89,25.66,39.08,32.83
2568,223,บ้านหล่ายฝาง,ฝาง,เล็ก,นอกเมือง,กรมส่งเสริมการปกครองท้องถิ่น,ท้องถิ่นจังหวัดเชียงใหม่,21,38.10,19.34,36.65,22.21,44.44,29.70,43.65,17.42,39.68,28.39
2568,224,บ้านห้วยไคร้,ฝาง,เล็ก,นอกเมือง,สำนักงานคณะกรรมการการศึกษาขั้นพื้นฐาน,สพป.เชียงใหม่ เขต 3,16,43.75,26.92,38.73,26.14,47.92,23.48,37.50,22.44,43.75,28.18
2568,225,บ้านห้วยงูกลาง,ฝาง,เล็ก,นอกเมือง,สำนักงานคณะกรรมการการศึกษาขั้นพื้นฐาน,สพป.เชียงใหม่ เขต 3,14,47.62,23.45,53.06,22.10,57.14,23.33,41.67,17.54,61.90,21.30
2568,226,บ้านห้วยบอน,ฝาง,เล็ก,นอกเมือง,สำนักงานคณะกรรมการการศึกษาขั้นพื้นฐาน,สพป.เชียงใหม่ เขต 3,7,28.57,21.30,35.71,17.23,38.10,21.30,33.33,17.82,52.38,24.28
2568,227,บ้านห้วยหมากเลี่ยม,ฝาง,กลาง,นอกเมือง,สำนักงานคณะกรรมการการศึกษาขั้นพื้นฐาน,สพป.เชียงใหม่ เขต 3,28,38.10,20.34,41.96,22.48,38.10,26.30,39.29,17.37,50.00,20.89
2568,228,บ้านห้วยห้อม,ฝาง,เล็ก,นอกเมือง,สำนักงานคณะกรรมการการศึกษาขั้นพื้นฐาน,สพป.เชียงใหม่ เขต 3,8,47.92,17.55,42.41,21.61,41.67,22.05,39.58,14.28,54.17,28.57
2568,229,บ้านห้วยเฮี่ยน,ฝาง,เล็ก,นอกเมือง,สำนักงานคณะกรรมการการศึกษาขั้นพื้นฐาน,สพป.เชียงใหม่ เขต 3,12,33.33,20.41,40.63,20.80,44.44,24.85,36.11,19.04,36.11,25.31
2568,230,บ้านหัวนา,ฝาง,เล็ก,นอกเมือง,สำนักงานคณะกรรมการการศึกษาขั้นพื้นฐาน,สพป.เชียงใหม่ เขต 3,17,44.12,24.21,55.36,15.51,52.94,30.38,34.31,20.98,43.14,31.86
2568,231,บ้านหัวฝาย,ฝาง,เล็ก,นอกเมือง,สำนักงานคณะกรรมการการศึกษาขั้นพื้นฐาน,สพป.เชียงใหม่ เขต 3,2,41.67,8.33,51.79,8.93,50.00,16.67,41.67,8.33,66.67,33.33
2568,232,บ้านเหมืองแร่,ฝาง,กลาง,นอกเมือง,สำนักงานคณะกรรมการการศึกษาขั้นพื้นฐาน,สพป.เชียงใหม่ เขต 3,10,58.33,25.00,57.14,19.92,60.00,29.06,36.67,24.49,63.33,27.69
2568,233,รังษีวิทยา,ฝาง,ใหญ่พิเศษ,นอกเมือง,สำนักงานคณะกรรมการส่งเสริมการศึกษาเอกชน,-,176,53.22,20.85,52.49,17.98,48.11,29.02,48.20,20.22,57.58,28.53
2568,234,รัตนาเอื้อวิทยา,ฝาง,ใหญ่,นอกเมือง,สำนักงานคณะกรรมการส่งเสริมการศึกษาเอกชน,-,75,46.67,24.04,43.98,19.48,49.33,28.47,37.78,21.31,44.00,28.89
2568,235,วัดนันทาราม,ฝาง,กลาง,นอกเมือง,สำนักงานคณะกรรมการการศึกษาขั้นพื้นฐาน,สพป.เชียงใหม่ เขต 3,7,50.00,19.92,45.66,18.21,61.90,32.99,47.62,22.59,57.14,23.33
2568,236,วัดศรีบุญเรือง,ฝาง,เล็ก,นอกเมือง,สำนักงานคณะกรรมการการศึกษาขั้นพื้นฐาน,สพป.เชียงใหม่ เขต 3,16,47.92,26.92,48.55,14.81,47.92,28.79,37.50,20.83,50.00,28.87
2568,237,วิรุณเทพ,ฝาง,เล็ก,นอกเมือง,สำนักงานคณะกรรมการการศึกษาขั้นพื้นฐาน,สพป.เชียงใหม่ เขต 3,15,40.00,23.41,45.48,15.72,46.67,26.67,28.89,12.86,40.00,27.76
2568,238,สายอักษร,ฝาง,กลาง,นอกเมือง,สำนักงานคณะกรรมการส่งเสริมการศึกษาเอกชน,-,54,62.35,26.29,52.41,23.14,54.32,26.68,48.77,22.65,51.85,29.16
2568,239,อาโอยาม่า,ฝาง,เล็ก,นอกเมือง,กองบัญชาการตำรวจตระเวนชายแดน,-,8,37.50,24.65,40.63,14.75,33.33,16.67,27.08,8.07,45.83,28.57
2568,240,เจ้าพ่อหลวงอุปถัมภ์ 2,พร้าว,เล็ก,นอกเมือง,กองบัญชาการตำรวจตระเวนชายแดน,-,9,40.74,22.38,59.52,15.97,48.15,31.86,38.89,19.25,70.37,24.57
2568,241,ชุมชนบ้านโป่ง,พร้าว,เล็ก,นอกเมือง,สำนักงานคณะกรรมการการศึกษาขั้นพื้นฐาน,สพป.เชียงใหม่ เขต 2,11,39.39,20.44,56.01,24.18,54.55,29.38,37.88,21.43,54.55,29.38
2568,242,ชุมชนสหกรณ์นิคมวิทยา,พร้าว,เล็ก,นอกเมือง,สำนักงานคณะกรรมการการศึกษาขั้นพื้นฐาน,สพป.เชียงใหม่ เขต 2,22,40.15,19.24,42.69,18.36,46.97,27.81,45.45,19.58,36.36,28.26
2568,243,บ้านขุนแจ๋,พร้าว,เล็ก,นอกเมือง,สำนักงานคณะกรรมการการศึกษาขั้นพื้นฐาน,สพป.เชียงใหม่ เขต 2,3,50.00,23.57,71.43,2.92,55.56,41.57,44.44,20.79,55.56,31.43
2568,244,บ้านแจ่งกู่เรือง,พร้าว,กลาง,นอกเมือง,สำนักงานคณะกรรมการการศึกษาขั้นพื้นฐาน,สพป.เชียงใหม่ เขต 2,142,59.62,26.19,61.81,19.83,54.23,30.54,46.13,24.04,54.69,30.47
2568,245,บ้านต้นรุง,พร้าว,เล็ก,นอกเมือง,สำนักงานคณะกรรมการการศึกษาขั้นพื้นฐาน,สพป.เชียงใหม่ เขต 2,16,47.92,27.56,37.72,20.74,37.50,30.90,39.58,19.43,31.25,32.21
2568,246,บ้านท่ามะเกี๋ยง,พร้าว,เล็ก,นอกเมือง,สำนักงานคณะกรรมการการศึกษาขั้นพื้นฐาน,สพป.เชียงใหม่ เขต 2,6,36.11,29.53,32.44,5.96,50.00,31.91,44.44,15.71,44.44,24.85
2568,247,บ้านนาบุญโหล่งขอด,พร้าว,เล็ก,นอกเมือง,สำนักงานคณะกรรมการการศึกษาขั้นพื้นฐาน,สพป.เชียงใหม่ เขต 2,15,53.33,28.02,52.56,20.22,46.67,31.74,42.22,20.96,48.89,29.48
2568,248,บ้านป่าตุ้ม,พร้าว,กลาง,นอกเมือง,สำนักงานคณะกรรมการการศึกษาขั้นพื้นฐาน,สพป.เชียงใหม่ เขต 2,21,38.89,23.76,35.97,18.21,44.44,29.70,34.13,19.57,47.62,28.31
2568,249,บ้านป่าไหน่,พร้าว,เล็ก,นอกเมือง,สำนักงานคณะกรรมการการศึกษาขั้นพื้นฐาน,สพป.เชียงใหม่ เขต 2,8,54.17,33.07,49.89,18.69,29.17,19.98,31.25,25.60,54.17,23.20
2568,250,บ้านแม่ปั๋ง,พร้าว,เล็ก,นอกเมือง,สำนักงานคณะกรรมการการศึกษาขั้นพื้นฐาน,สพป.เชียงใหม่ เขต 2,17,47.06,15.38,50.42,14.53,52.94,30.38,34.31,19.36,52.94,28.14
2568,251,บ้านแม่ปาคี,พร้าว,เล็ก,นอกเมือง,สำนักงานคณะกรรมการการศึกษาขั้นพื้นฐาน,สพป.เชียงใหม่ เขต 2,10,31.67,21.67,32.32,27.66,23.33,21.34,23.33,8.16,30.00,23.33
2568,252,บ้านแม่เหียะ,พร้าว,เล็ก,นอกเมือง,สำนักงานคณะกรรมการการศึกษาขั้นพื้นฐาน,สพป.เชียงใหม่ เขต 2,14,42.86,21.56,42.03,19.10,47.62,27.36,34.52,14.73,35.71,36.65
2568,253,บ้านสันกลาง,พร้าว,เล็ก,นอกเมือง,สำนักงานคณะกรรมการการศึกษาขั้นพื้นฐาน,สพป.เชียงใหม่ เขต 2,4,37.50,21.65,47.77,22.35,66.67,23.57,37.50,13.82,25.00,27.64
2568,254,บ้านสันปง,พร้าว,เล็ก,นอกเมือง,สำนักงานคณะกรรมการการศึกษาขั้นพื้นฐาน,สพป.เชียงใหม่ เขต 2,6,44.44,12.42,61.01,21.41,61.11,22.91,41.67,23.07,44.44,24.85
2568,255,บ้านหนองปิด,พร้าว,เล็ก,นอกเมือง,สำนักงานคณะกรรมการการศึกษาขั้นพื้นฐาน,สพป.เชียงใหม่ เขต 2,6,75.00,15.96,77.38,11.47,72.22,22.91,58.33,23.07,83.33,16.67
2568,256,บ้านหลวง,พร้าว,เล็ก,นอกเมือง,สำนักงานคณะกรรมการการศึกษาขั้นพื้นฐาน,สพป.เชียงใหม่ เขต 2,8,43.75,26.27,48.21,23.81,45.83,23.20,35.42,24.21,41.67,32.27
2568,257,บ้านห้วยบง,พร้าว,เล็ก,นอกเมือง,สำนักงานคณะกรรมการการศึกษาขั้นพื้นฐาน,สพป.เชียงใหม่ เขต 2,8,45.83,16.14,64.51,17.55,75.00,22.05,45.83,26.02,45.83,23.20
2568,258,ประชาสามัคคีวิทยา,พร้าว,เล็ก,นอกเมือง,สำนักงานคณะกรรมการการศึกษาขั้นพื้นฐาน,สพป.เชียงใหม่ เขต 2,7,47.62,25.86,58.42,20.13,66.67,30.86,45.24,24.74,57.14,29.35
2568,259,ประดู่วิทยา,พร้าว,เล็ก,นอกเมือง,สำนักงานคณะกรรมการการศึกษาขั้นพื้นฐาน,สพป.เชียงใหม่ เขต 2,18,59.26,20.95,54.96,21.71,50.00,22.91,45.37,19.09,53.70,27.53
2568,260,พร้าวบูรพา,พร้าว,เล็ก,นอกเมือง,สำนักงานคณะกรรมการการศึกษาขั้นพื้นฐาน,สพป.เชียงใหม่ เขต 2,13,34.62,17.86,29.26,14.75,48.72,28.09,44.87,17.76,46.15,30.77
2568,261,สหกรณ์ดำริ,พร้าว,เล็ก,นอกเมือง,สำนักงานคณะกรรมการการศึกษาขั้นพื้นฐาน,สพป.เชียงใหม่ เขต 2,10,53.33,27.69,49.02,14.54,50.00,30.73,48.33,21.67,46.67,16.33
2568,262,กสิณธร เซนต์เจมส์ เชียงใหม่,เมืองเชียงใหม่,เล็ก,ในเมือง,สำนักงานคณะกรรมการส่งเสริมการศึกษาเอกชน,-,18,57.41,28.99,49.01,22.50,42.59,28.99,39.81,23.66,59.26,34.35
2568,263,โกวิทธำรงเชียงใหม่,เมืองเชียงใหม่,ใหญ่,ในเมือง,สำนักงานคณะกรรมการส่งเสริมการศึกษาเอกชน,-,98,61.39,21.11,52.38,19.82,59.52,24.40,48.98,22.44,56.12,28.01
2568,264,ขาลสุวรรณอนุสรณ์,เมืองเชียงใหม่,เล็ก,ในเมือง,สำนักงานคณะกรรมการส่งเสริมการศึกษาเอกชน,-,22,65.15,26.55,59.42,21.63,53.03,31.24,50.76,22.74,60.61,25.89
2568,265,คำเที่ยงอนุสสรณ์,เมืองเชียงใหม่,กลาง,ในเมือง,สำนักงานคณะกรรมการการศึกษาขั้นพื้นฐาน,สพป.เชียงใหม่ เขต 1,85,55.49,22.78,52.17,19.48,55.69,29.54,44.71,23.32,50.20,29.65
2568,266,จิตราวิทยา,เมืองเชียงใหม่,ใหญ่,ในเมือง,สำนักงานคณะกรรมการส่งเสริมการศึกษาเอกชน,-,150,54.22,26.33,49.92,21.64,48.22,26.82,39.11,22.19,49.11,30.72
2568,267,เจ้าพ่อหลวงอุปถัมภ์ 1,เมืองเชียงใหม่,เล็ก,ในเมือง,สำนักงานคณะกรรมการการศึกษาขั้นพื้นฐาน,สพป.เชียงใหม่ เขต 1,12,63.89,17.79,51.64,16.60,72.22,18.43,47.22,25.31,55.56,34.25
2568,268,ชุมชนเทศบาลวัดศรีดอนไชย,เมืองเชียงใหม่,กลาง,ในเมือง,กรมส่งเสริมการปกครองท้องถิ่น,ท้องถิ่นจังหวัดเชียงใหม่,24,47.92,15.45,51.23,19.59,52.78,34.58,54.17,26.90,59.72,28.83
2568,269,ชุมชนบ้านบวกครกน้อย,เมืองเชียงใหม่,กลาง,ในเมือง,สำนักงานคณะกรรมการการศึกษาขั้นพื้นฐาน,สพป.เชียงใหม่ เขต 1,42,58.73,21.28,55.55,21.60,65.87,26.71,53.97,19.86,62.70,30.17
2568,270,ชุมชนวัดท่าเดื่อ,เมืองเชียงใหม่,เล็ก,ในเมือง,สำนักงานคณะกรรมการการศึกษาขั้นพื้นฐาน,สพป.เชียงใหม่ เขต 1,17,38.24,21.21,44.28,18.35,45.10,27.87,34.31,15.62,49.02,30.50
2568,271,เชียงใหม่คริสเตียน,เมืองเชียงใหม่,ใหญ่,ในเมือง,สำนักงานคณะกรรมการส่งเสริมการศึกษาเอกชน,-,69,49.03,21.40,42.05,22.42,39.13,31.58,39.86,21.28,47.34,27.46
2568,272,ดาราวิทยาลัย,เมืองเชียงใหม่,ใหญ่พิเศษ,ในเมือง,สำนักงานคณะกรรมการส่งเสริมการศึกษาเอกชน,-,395,62.11,23.90,61.77,18.91,54.77,30.68,48.82,21.93,55.11,29.70
2568,273,ท่าศาลา,เมืองเชียงใหม่,เล็ก,ในเมือง,สำนักงานคณะกรรมการการศึกษาขั้นพื้นฐาน,สพป.เชียงใหม่ เขต 1,20,58.33,24.44,58.66,20.05,48.33,30.69,37.50,21.65,51.67,30.69
2568,274,เทพบดินทร์วิทยาเชียงใหม่,เมืองเชียงใหม่,ใหญ่,ในเมือง,สำนักงานคณะกรรมการส่งเสริมการศึกษาเอกชน,-,116,45.69,22.22,47.48,22.90,51.44,28.50,40.95,22.78,49.14,28.52
2568,275,เทศบาลดอกเงิน,เมืองเชียงใหม่,เล็ก,ในเมือง,กรมส่งเสริมการปกครองท้องถิ่น,ท้องถิ่นจังหวัดเชียงใหม่,23,60.14,23.44,50.78,21.42,44.93,28.84,40.58,21.32,52.17,27.50
2568,276,เทศบาลบ้านทรายคำ,เมืองเชียงใหม่,เล็ก,ในเมือง,กรมส่งเสริมการปกครองท้องถิ่น,ท้องถิ่นจังหวัดเชียงใหม่,9,55.56,27.22,67.66,18.51,40.74,13.86,27.78,22.22,48.15,22.83
2568,277,เทศบาลวัดกู่คำ,เมืองเชียงใหม่,เล็ก,ในเมือง,กรมส่งเสริมการปกครองท้องถิ่น,ท้องถิ่นจังหวัดเชียงใหม่,19,43.86,26.05,49.11,17.86,57.89,28.29,48.25,16.13,47.37,27.18
2568,278,เทศบาลวัดเกตการาม,เมืองเชียงใหม่,เล็ก,ในเมือง,กรมส่งเสริมการปกครองท้องถิ่น,ท้องถิ่นจังหวัดเชียงใหม่,18,48.15,27.72,47.82,21.74,46.30,29.69,40.74,20.20,55.56,35.14
2568,279,เทศบาลวัดเชียงยืน,เมืองเชียงใหม่,กลาง,ในเมือง,กรมส่งเสริมการปกครองท้องถิ่น,ท้องถิ่นจังหวัดเชียงใหม่,35,45.71,22.30,51.66,20.61,54.29,31.96,46.19,22.92,45.71,28.82
2568,280,เทศบาลวัดท่าสะต๋อย,เมืองเชียงใหม่,กลาง,ในเมือง,กรมส่งเสริมการปกครองท้องถิ่น,ท้องถิ่นจังหวัดเชียงใหม่,54,56.17,24.07,54.45,12.54,53.09,29.06,52.16,21.29,49.38,33.17
2568,281,เทศบาลวัดป่าแพ่ง,เมืองเชียงใหม่,กลาง,ในเมือง,กรมส่งเสริมการปกครองท้องถิ่น,ท้องถิ่นจังหวัดเชียงใหม่,41,43.90,22.32,49.61,24.76,52.03,24.47,38.21,19.91,53.66,28.40
2568,282,เทศบาลวัดพวกช้าง,เมืองเชียงใหม่,เล็ก,ในเมือง,กรมส่งเสริมการปกครองท้องถิ่น,ท้องถิ่นจังหวัดเชียงใหม่,12,65.28,25.87,69.49,16.84,69.44,25.31,62.50,24.65,69.44,21.34
2568,283,เทศบาลวัดศรีปิงเมือง,เมืองเชียงใหม่,กลาง,ในเมือง,กรมส่งเสริมการปกครองท้องถิ่น,ท้องถิ่นจังหวัดเชียงใหม่,39,44.87,21.07,41.37,18.53,41.03,21.96,42.31,22.28,39.32,31.91
2568,284,เทศบาลวัดศรีสุพรรณ,เมืองเชียงใหม่,กลาง,ในเมือง,กรมส่งเสริมการปกครองท้องถิ่น,ท้องถิ่นจังหวัดเชียงใหม่,25,66.00,19.14,63.36,15.43,57.33,27.52,54.00,16.52,65.33,22.07
2568,285,เทศบาลวัดหมื่นเงินกอง,เมืองเชียงใหม่,เล็ก,ในเมือง,กรมส่งเสริมการปกครองท้องถิ่น,ท้องถิ่นจังหวัดเชียงใหม่,16,58.33,23.57,50.50,20.50,52.08,28.79,44.79,17.40,52.08,31.11
2568,286,บ้านเชิงดอยสุเทพ,เมืองเชียงใหม่,เล็ก,ในเมือง,สำนักงานคณะกรรมการการศึกษาขั้นพื้นฐาน,สพป.เชียงใหม่ เขต 1,9,70.37,17.17,60.12,13.26,55.56,27.22,66.67,13.61,59.26,26.19
2568,287,บ้านดอนปิน,เมืองเชียงใหม่,กลาง,ในเมือง,สำนักงานคณะกรรมการการศึกษาขั้นพื้นฐาน,สพป.เชียงใหม่ เขต 1,36,45.37,22.77,48.93,22.64,45.37,34.38,39.81,21.26,33.33,27.22
2568,288,บ้านท่าหลุกสันทราย,เมืองเชียงใหม่,กลาง,ในเมือง,สำนักงานคณะกรรมการการศึกษาขั้นพื้นฐาน,สพป.เชียงใหม่ เขต 1,20,55.00,20.48,56.88,19.41,63.33,27.69,45.00,23.03,46.67,28.67
2568,289,บ้านโป่งน้อย,เมืองเชียงใหม่,กลาง,ในเมือง,สำนักงานคณะกรรมการการศึกษาขั้นพื้นฐาน,สพป.เชียงใหม่ เขต 1,16,53.13,17.89,58.87,16.03,58.33,22.05,52.08,16.54,62.50,33.07
2568,290,บ้านแม่เหียะสามัคคี,เมืองเชียงใหม่,เล็ก,ในเมือง,สำนักงานคณะกรรมการการศึกษาขั้นพื้นฐาน,สพป.เชียงใหม่ เขต 1,16,57.29,19.52,50.56,18.23,58.33,22.05,45.83,17.18,56.25,22.73
2568,291,ปรินส์รอยแยลส์วิทยาลัย,เมืองเชียงใหม่,ใหญ่พิเศษ,ในเมือง,สำนักงานคณะกรรมการส่งเสริมการศึกษาเอกชน,-,515,71.55,21.82,63.01,20.01,61.75,27.74,61.13,22.52,67.12,29.12
2568,292,พระหฤทัยเชียงใหม่,เมืองเชียงใหม่,ใหญ่,ในเมือง,สำนักงานคณะกรรมการส่งเสริมการศึกษาเอกชน,-,97,52.92,21.80,44.26,19.37,46.39,25.58,45.19,19.14,50.86,32.14
2568,293,พิงครัตน์,เมืองเชียงใหม่,เล็ก,ในเมือง,สำนักงานคณะกรรมการส่งเสริมการศึกษาเอกชน,-,2,58.33,25.00,54.46,11.61,50.00,16.67,50.00,16.67,50.00,16.67
2568,294,พิมานเด็กเชียงใหม่,เมืองเชียงใหม่,กลาง,ในเมือง,สำนักงานคณะกรรมการส่งเสริมการศึกษาเอกชน,-,55,61.82,23.71,57.73,20.78,51.52,30.36,54.85,21.24,60.00,24.94
2568,295,พุทธิโศภน,เมืองเชียงใหม่,ใหญ่,ในเมือง,สำนักงานคณะกรรมการการศึกษาขั้นพื้นฐาน,สพป.เชียงใหม่ เขต 1,136,65.69,21.84,55.28,21.29,58.58,30.65,49.14,22.72,58.33,31.25
2568,296,มงฟอร์ตวิทยาลัย แผนกประถม,เมืองเชียงใหม่,ใหญ่พิเศษ,ในเมือง,สำนักงานคณะกรรมการส่งเสริมการศึกษาเอกชน,-,371,68.42,22.11,58.14,20.38,61.10,27.78,52.34,22.58,61.99,28.37
2568,297,ยุวฑูตศึกษาพัฒนาราชพฤกษ์,เมืองเชียงใหม่,กลาง,ในเมือง,สำนักงานคณะกรรมการส่งเสริมการศึกษาเอกชน,-,16,72.92,20.31,42.63,21.28,62.50,19.98,50.00,16.67,50.00,28.87
2568,298,เรยีนาเชลีวิทยาลัย,เมืองเชียงใหม่,ใหญ่,ในเมือง,สำนักงานคณะกรรมการส่งเสริมการศึกษาเอกชน,-,163,62.17,22.46,58.73,17.77,51.74,29.80,50.10,22.80,59.30,30.00
2568,299,วชิรวิทย์ เชียงใหม่,เมืองเชียงใหม่,กลาง,ในเมือง,สำนักงานคณะกรรมการส่งเสริมการศึกษาเอกชน,-,64,58.33,27.64,51.45,21.50,57.29,29.74,48.70,24.17,52.08,29.97
2568,300,วัดข่วงสิงห์,เมืองเชียงใหม่,กลาง,ในเมือง,สำนักงานคณะกรรมการการศึกษาขั้นพื้นฐาน,สพป.เชียงใหม่ เขต 1,22,56.06,26.85,54.30,17.54,62.12,25.22,42.42,26.46,48.48,19.40
2568,301,วัดขะจาว,เมืองเชียงใหม่,เล็ก,ในเมือง,สำนักงานคณะกรรมการการศึกษาขั้นพื้นฐาน,สพป.เชียงใหม่ เขต 1,24,57.64,17.33,56.58,18.76,41.67,25.91,50.69,23.80,51.39,33.30
2568,302,วัดเจ็ดยอด,เมืองเชียงใหม่,เล็ก,ในเมือง,สำนักงานคณะกรรมการการศึกษาขั้นพื้นฐาน,สพป.เชียงใหม่ เขต 1,9,57.41,31.54,52.18,20.35,51.85,27.72,53.70,18.89,66.67,22.22
2568,303,วัดช่างเคี่ยน,เมืองเชียงใหม่,กลาง,ในเมือง,สำนักงานคณะกรรมการการศึกษาขั้นพื้นฐาน,สพป.เชียงใหม่ เขต 1,21,57.14,25.50,53.78,19.60,68.25,28.13,53.97,20.51,47.62,30.12
2568,304,วัดดอนจั่น,เมืองเชียงใหม่,กลาง,ในเมือง,สำนักงานคณะกรรมการการศึกษาขั้นพื้นฐาน,สพป.เชียงใหม่ เขต 1,59,37.01,20.83,24.08,19.48,29.94,29.87,35.59,19.99,38.98,30.78
2568,305,วัดป่าข่อยใต้,เมืองเชียงใหม่,เล็ก,ในเมือง,สำนักงานคณะกรรมการการศึกษาขั้นพื้นฐาน,สพป.เชียงใหม่ เขต 1,11,69.70,21.10,69.32,14.38,66.67,24.62,60.61,23.86,66.67,31.78
2568,306,วัดป่าแดด,เมืองเชียงใหม่,เล็ก,ในเมือง,สำนักงานคณะกรรมการการศึกษาขั้นพื้นฐาน,สพป.เชียงใหม่ เขต 1,23,51.45,20.80,40.02,17.23,49.28,35.26,45.65,22.64,42.03,32.92
2568,307,วัดป่าตัน,เมืองเชียงใหม่,เล็ก,ในเมือง,สำนักงานคณะกรรมการการศึกษาขั้นพื้นฐาน,สพป.เชียงใหม่ เขต 1,15,55.56,23.31,51.67,18.82,42.22,25.72,55.56,19.88,55.56,28.97
2568,308,วัดเมืองสาตร,เมืองเชียงใหม่,เล็ก,ในเมือง,สำนักงานคณะกรรมการการศึกษาขั้นพื้นฐาน,สพป.เชียงใหม่ เขต 1,6,77.78,12.42,61.90,15.14,77.78,15.71,52.78,24.37,88.89,24.85
2568,309,วัดร้องอ้อ,เมืองเชียงใหม่,กลาง,ในเมือง,สำนักงานคณะกรรมการการศึกษาขั้นพื้นฐาน,สพป.เชียงใหม่ เขต 1,20,52.50,19.20,53.04,15.79,58.33,23.27,39.17,22.53,61.67,30.32
2568,310,วัดวังสิงห์คำ,เมืองเชียงใหม่,กลาง,ในเมือง,สำนักงานคณะกรรมการการศึกษาขั้นพื้นฐาน,สพป.เชียงใหม่ เขต 1,23,55.80,24.38,53.96,15.89,49.28,25.76,47.83,19.85,52.17,29.20
2568,311,วัดสวนดอก,เมืองเชียงใหม่,กลาง,ในเมือง,สำนักงานคณะกรรมการการศึกษาขั้นพื้นฐาน,สพป.เชียงใหม่ เขต 1,35,62.86,24.91,54.69,20.64,66.67,26.43,45.71,19.66,63.81,30.21
2568,312,วัดเสาหิน,เมืองเชียงใหม่,เล็ก,ในเมือง,สำนักงานคณะกรรมการการศึกษาขั้นพื้นฐาน,สพป.เชียงใหม่ เขต 1,18,40.74,23.72,44.39,15.15,35.19,23.50,42.59,18.61,46.30,29.69
2568,313,วัดหนองป่าครั่ง,เมืองเชียงใหม่,เล็ก,ในเมือง,สำนักงานคณะกรรมการการศึกษาขั้นพื้นฐาน,สพป.เชียงใหม่ เขต 1,5,60.00,8.16,62.50,15.69,60.00,24.94,43.33,20.00,66.67,36.51
2568,314,วารีเชียงใหม่,เมืองเชียงใหม่,ใหญ่พิเศษ,ในเมือง,สำนักงานคณะกรรมการส่งเสริมการศึกษาเอกชน,-,176,63.54,23.73,55.96,20.34,57.20,27.50,53.41,23.66,61.36,32.91
2568,315,วิชัยวิทยา,เมืองเชียงใหม่,กลาง,ในเมือง,สำนักงานคณะกรรมการส่งเสริมการศึกษาเอกชน,-,23,55.07,30.07,46.89,21.40,42.03,34.36,47.10,25.37,56.52,31.75
2568,316,ศรีเนห์รู,เมืองเชียงใหม่,เล็ก,ในเมือง,สำนักงานคณะกรรมการการศึกษาขั้นพื้นฐาน,สพป.เชียงใหม่ เขต 1,10,35.00,13.84,36.43,21.89,26.67,20.00,30.00,24.49,30.00,34.80
2568,317,ศิริมังคลาจารย์,เมืองเชียงใหม่,เล็ก,ในเมือง,สำนักงานคณะกรรมการการศึกษาขั้นพื้นฐาน,สพป.เชียงใหม่ เขต 1,6,50.00,21.52,28.87,11.68,66.67,38.49,41.67,12.73,44.44,36.85
2568,318,สอนคนตาบอดภาคเหนือ,เมืองเชียงใหม่,เล็ก,ในเมือง,สำนักบริหารงานการศึกษาพิเศษ,-,0,-,-,-,-,-,-,-,-,-,-
2568,319,สังวาลย์วิทยา,เมืองเชียงใหม่,เล็ก,ในเมือง,สำนักงานคณะกรรมการการศึกษาขั้นพื้นฐาน,สพป.เชียงใหม่ เขต 1,6,44.44,15.71,31.85,4.77,50.00,31.91,30.56,17.79,55.56,24.85
2568,320,สันติศึกษา,เมืองเชียงใหม่,เล็ก,ในเมือง,สำนักงานคณะกรรมการส่งเสริมการศึกษาเอกชน,-,22,58.33,21.76,55.60,21.74,48.48,35.86,40.91,14.85,54.55,32.64
2568,321,สาธิตมหาวิทยาลัยเชียงใหม่,เมืองเชียงใหม่,ใหญ่,ในเมือง,สำนักงานปลัดกระทรวงการอุดมศึกษาฯ,-,58,73.28,21.65,58.34,19.55,59.77,28.20,56.90,18.32,63.79,27.18
2568,322,สาธิตมหาวิทยาลัยราชภัฏเชียงใหม่,เมืองเชียงใหม่,กลาง,ในเมือง,สำนักงานปลัดกระทรวงการอุดมศึกษาฯ,-,90,52.78,23.21,53.98,22.92,54.81,29.53,46.30,23.54,53.33,30.95
2568,323,สารสาสน์วิเทศเชียงใหม่,เมืองเชียงใหม่,ใหญ่,ในเมือง,สำนักงานคณะกรรมการส่งเสริมการศึกษาเอกชน,-,102,66.01,23.33,60.07,16.91,60.46,27.51,57.84,24.44,58.50,25.32
2568,324,สารสาสน์วิเทศล้านนา,เมืองเชียงใหม่,ใหญ่,ในเมือง,สำนักงานคณะกรรมการส่งเสริมการศึกษาเอกชน,-,137,54.62,25.37,50.53,19.03,55.96,28.46,51.34,24.34,56.45,30.02
2568,325,โสตศึกษาอนุสารสุนทร,เมืองเชียงใหม่,เล็ก,ในเมือง,สำนักบริหารงานการศึกษาพิเศษ,-,0,-,-,-,-,-,-,-,-,-,-
2568,326,อนุบาลเชียงใหม่,เมืองเชียงใหม่,ใหญ่พิเศษ,ในเมือง,สำนักงานคณะกรรมการการศึกษาขั้นพื้นฐาน,สพป.เชียงใหม่ เขต 1,269,67.53,26.01,60.47,20.18,61.21,29.37,57.56,22.00,61.09,32.99
2568,327,อนุบาลบ้านท่อเมืองลัง,เมืองเชียงใหม่,กลาง,ในเมือง,สำนักงานคณะกรรมการการศึกษาขั้นพื้นฐาน,สพป.เชียงใหม่ เขต 1,26,43.59,21.22,55.01,21.14,43.59,25.77,41.03,23.22,46.15,29.35
2568,328,อนุบาลหนองป่าครั่ง,เมืองเชียงใหม่,เล็ก,ในเมือง,กรมส่งเสริมการปกครองท้องถิ่น,ท้องถิ่นจังหวัดเชียงใหม่,14,47.62,13.88,42.60,18.47,52.38,24.28,41.67,20.65,52.38,20.76
2568,329,ชุมชนตำบลท่าผา,แม่แจ่ม,เล็ก,นอกเมือง,สำนักงานคณะกรรมการการศึกษาขั้นพื้นฐาน,สพป.เชียงใหม่ เขต 6,11,53.03,19.87,38.64,23.02,60.61,27.77,36.36,11.93,39.39,27.77
2568,330,ชุมชนบ้านช่างเคิ่ง,แม่แจ่ม,กลาง,นอกเมือง,สำนักงานคณะกรรมการการศึกษาขั้นพื้นฐาน,สพป.เชียงใหม่ เขต 6,14,57.14,18.60,48.21,15.45,54.76,29.83,39.29,23.24,61.90,37.50
2568,331,ชุมชนบ้านพร้าวหนุ่ม,แม่แจ่ม,เล็ก,นอกเมือง,สำนักงานคณะกรรมการการศึกษาขั้นพื้นฐาน,สพป.เชียงใหม่ เขต 6,37,63.51,26.52,55.84,15.15,61.26,26.30,54.95,23.84,58.56,30.42
2568,332,เซนต์โยเซฟแม่แจ่ม,แม่แจ่ม,กลาง,นอกเมือง,สำนักงานคณะกรรมการส่งเสริมการศึกษาเอกชน,-,34,53.92,20.63,53.55,19.36,38.24,32.47,49.02,18.05,51.96,28.23
2568,333,ตำรวจตระเวนชายแดนบางกอก เชฟ แชร์ริตี้ บ้านแม่ขอ,แม่แจ่ม,เล็ก,นอกเมือง,กองบัญชาการตำรวจตระเวนชายแดน,-,7,28.57,21.30,15.56,20.04,19.05,24.28,23.81,26.51,23.81,34.34
2568,334,บ้านกองแขก,แม่แจ่ม,เล็ก,นอกเมือง,สำนักงานคณะกรรมการการศึกษาขั้นพื้นฐาน,สพป.เชียงใหม่ เขต 6,12,62.50,21.65,56.99,12.68,44.44,28.33,38.89,18.43,66.67,27.22
2568,335,บ้านกองแขก สาขาบ้านแม่หลุ,แม่แจ่ม,เล็ก,นอกเมือง,สำนักงานคณะกรรมการการศึกษาขั้นพื้นฐาน,สพป.เชียงใหม่ เขต 6,5,43.33,20.00,27.86,10.20,46.67,40.00,36.67,12.47,40.00,24.94
2568,336,บ้านขุนแม่นาย,แม่แจ่ม,เล็ก,นอกเมือง,สำนักงานคณะกรรมการการศึกษาขั้นพื้นฐาน,สพป.เชียงใหม่ เขต 6,5,43.33,17.00,20.36,18.75,26.67,24.94,16.67,10.54,40.00,32.66
2568,337,บ้านขุนแม่หยอด,แม่แจ่ม,เล็ก,นอกเมือง,สำนักงานคณะกรรมการการศึกษาขั้นพื้นฐาน,สพป.เชียงใหม่ เขต 6,6,55.56,26.64,58.63,15.31,33.33,27.22,30.56,6.21,44.44,36.85
2568,338,บ้านต่อเรือ,แม่แจ่ม,เล็ก,นอกเมือง,สำนักงานคณะกรรมการการศึกษาขั้นพื้นฐาน,สพป.เชียงใหม่ เขต 6,7,71.43,21.30,61.99,9.80,71.43,21.30,40.48,15.06,57.14,29.35
2568,339,บ้านทัพ,แม่แจ่ม,เล็ก,นอกเมือง,สำนักงานคณะกรรมการการศึกษาขั้นพื้นฐาน,สพป.เชียงใหม่ เขต 6,8,39.58,21.95,49.44,14.11,54.17,23.20,41.67,22.05,45.83,23.20
2568,340,บ้านทุ่งแก,แม่แจ่ม,เล็ก,นอกเมือง,สำนักงานคณะกรรมการการศึกษาขั้นพื้นฐาน,สพป.เชียงใหม่ เขต 6,14,32.14,14.73,33.80,20.63,38.10,30.49,33.33,16.67,35.71,15.25
2568,341,บ้านทุ่งแก สาขาแม่แอบ,แม่แจ่ม,เล็ก,นอกเมือง,สำนักงานคณะกรรมการการศึกษาขั้นพื้นฐาน,สพป.เชียงใหม่ เขต 6,12,29.17,20.55,34.67,16.66,38.89,18.43,27.78,18.43,50.00,25.46
2568,342,บ้านทุ่งยาว,แม่แจ่ม,เล็ก,นอกเมือง,สำนักงานคณะกรรมการการศึกษาขั้นพื้นฐาน,สพป.เชียงใหม่ เขต 6,16,45.83,29.17,55.30,14.50,54.17,30.90,38.54,19.29,52.08,39.03
2568,343,บ้านนากลาง,แม่แจ่ม,เล็ก,นอกเมือง,สำนักงานคณะกรรมการการศึกษาขั้นพื้นฐาน,สพป.เชียงใหม่ เขต 6,10,40.00,23.80,40.00,27.94,43.33,36.67,33.33,14.91,60.00,24.94
2568,344,บ้านนากลาง สาขาห้วยผักกูด,แม่แจ่ม,เล็ก,นอกเมือง,สำนักงานคณะกรรมการการศึกษาขั้นพื้นฐาน,สพป.เชียงใหม่ เขต 6,8,12.50,11.02,31.47,17.70,25.00,22.05,27.08,18.52,37.50,26.02
2568,345,บ้านนาฮ่อง,แม่แจ่ม,เล็ก,นอกเมือง,สำนักงานคณะกรรมการการศึกษาขั้นพื้นฐาน,สพป.เชียงใหม่ เขต 6,13,37.18,19.78,35.23,18.04,28.21,31.61,37.18,23.71,33.33,29.24
2568,346,บ้านเนินวิทยา,แม่แจ่ม,เล็ก,นอกเมือง,สำนักงานคณะกรรมการการศึกษาขั้นพื้นฐาน,สพป.เชียงใหม่ เขต 6,16,41.67,22.82,40.74,19.44,43.75,25.60,33.33,20.41,43.75,28.18
2568,347,บ้านปางเกี๊ยะ,แม่แจ่ม,กลาง,นอกเมือง,สำนักงานคณะกรรมการการศึกษาขั้นพื้นฐาน,สพป.เชียงใหม่ เขต 6,39,35.90,24.33,33.72,18.24,37.61,22.87,31.20,20.04,49.57,29.11
2568,348,บ้านปางหินฝน,แม่แจ่ม,เล็ก,นอกเมือง,สำนักงานคณะกรรมการการศึกษาขั้นพื้นฐาน,สพป.เชียงใหม่ เขต 6,11,39.39,27.77,49.84,23.78,27.27,27.77,36.36,21.10,66.67,31.78
2568,349,บ้านปางอุ๋ง,แม่แจ่ม,กลาง,นอกเมือง,สำนักงานคณะกรรมการการศึกษาขั้นพื้นฐาน,สพป.เชียงใหม่ เขต 6,16,46.88,23.73,40.40,16.71,43.75,22.73,25.00,21.25,50.00,31.18
2568,350,บ้านปางอุ๋ง สาขาแม่สะต๊อป,แม่แจ่ม,เล็ก,นอกเมือง,สำนักงานคณะกรรมการการศึกษาขั้นพื้นฐาน,สพป.เชียงใหม่ เขต 6,4,25.00,18.63,15.18,11.40,25.00,27.64,33.33,23.57,25.00,14.43
2568,351,บ้านแปะสามัคคี,แม่แจ่ม,เล็ก,นอกเมือง,สำนักงานคณะกรรมการการศึกษาขั้นพื้นฐาน,สพป.เชียงใหม่ เขต 6,2,41.67,25.00,23.21,23.21,66.67,0.00,58.33,25.00,50.00,16.67
2568,352,บ้านผานัง,แม่แจ่ม,เล็ก,นอกเมือง,สำนักงานคณะกรรมการการศึกษาขั้นพื้นฐาน,สพป.เชียงใหม่ เขต 6,12,31.94,20.93,28.13,13.70,41.67,30.81,40.28,20.93,36.11,25.31
2568,353,บ้านผาละปิ,แม่แจ่ม,เล็ก,นอกเมือง,สำนักงานคณะกรรมการการศึกษาขั้นพื้นฐาน,สพป.เชียงใหม่ เขต 6,6,63.89,26.21,62.80,22.15,55.56,36.85,33.33,19.25,72.22,22.91
2568,354,บ้านพุย สาขาพุยใต้,แม่แจ่ม,เล็ก,นอกเมือง,สำนักงานคณะกรรมการการศึกษาขั้นพื้นฐาน,สพป.เชียงใหม่ เขต 6,3,77.78,15.71,50.89,14.63,11.11,15.71,50.00,13.61,33.33,27.22
2568,355,บ้านแม่ซา,แม่แจ่ม,เล็ก,นอกเมือง,สำนักงานคณะกรรมการการศึกษาขั้นพื้นฐาน,สพป.เชียงใหม่ เขต 6,10,45.00,21.15,45.54,19.09,40.00,20.00,35.00,20.34,43.33,30.00
2568,356,บ้านแม่ตูม,แม่แจ่ม,เล็ก,นอกเมือง,สำนักงานคณะกรรมการการศึกษาขั้นพื้นฐาน,สพป.เชียงใหม่ เขต 6,5,46.67,28.67,38.75,4.36,33.33,29.81,36.67,26.67,40.00,13.33
2568,357,บ้านแม่นาจร,แม่แจ่ม,กลาง,นอกเมือง,สำนักงานคณะกรรมการการศึกษาขั้นพื้นฐาน,สพป.เชียงใหม่ เขต 6,10,48.33,15.72,44.29,15.32,36.67,27.69,40.00,23.80,66.67,25.82
2568,358,บ้านแม่ปาน,แม่แจ่ม,เล็ก,นอกเมือง,สำนักงานคณะกรรมการการศึกษาขั้นพื้นฐาน,สพป.เชียงใหม่ เขต 6,15,57.78,14.74,54.05,14.25,57.78,30.95,43.33,19.05,51.11,20.61
2568,359,บ้านแม่มะลอ,แม่แจ่ม,เล็ก,นอกเมือง,สำนักงานคณะกรรมการการศึกษาขั้นพื้นฐาน,สพป.เชียงใหม่ เขต 6,9,37.04,23.28,40.67,18.74,48.15,31.86,24.07,17.76,59.26,26.19
2568,360,บ้านแม่มุ,แม่แจ่ม,เล็ก,นอกเมือง,สำนักงานคณะกรรมการการศึกษาขั้นพื้นฐาน,สพป.เชียงใหม่ เขต 6,14,39.29,27.17,37.50,19.51,40.48,36.03,40.48,25.75,57.14,29.35
2568,361,บ้านแม่ลอง,แม่แจ่ม,เล็ก,นอกเมือง,กองบัญชาการตำรวจตระเวนชายแดน,-,18,35.19,17.47,35.71,16.65,37.04,24.57,33.33,22.22,42.59,28.99
2568,362,บ้านแม่วาก,แม่แจ่ม,เล็ก,นอกเมือง,สำนักงานคณะกรรมการการศึกษาขั้นพื้นฐาน,สพป.เชียงใหม่ เขต 6,4,25.00,8.33,35.27,27.15,41.67,27.64,29.17,13.82,33.33,23.57
2568,363,บ้านแม่ศึก (มูลนิธิธรรมมาภิรักษ์อุปถัมภ์ที่ 2),แม่แจ่ม,เล็ก,นอกเมือง,สำนักงานคณะกรรมการการศึกษาขั้นพื้นฐาน,สพป.เชียงใหม่ เขต 6,3,55.56,20.79,58.33,19.69,33.33,27.22,55.56,7.86,66.67,27.22
2568,364,บ้านแม่หงานหลวง,แม่แจ่ม,เล็ก,นอกเมือง,สำนักงานคณะกรรมการการศึกษาขั้นพื้นฐาน,สพป.เชียงใหม่ เขต 6,5,53.33,24.49,42.14,19.35,60.00,24.94,40.00,13.33,40.00,32.66
2568,365,บ้านแม่หอย,แม่แจ่ม,เล็ก,นอกเมือง,สำนักงานคณะกรรมการการศึกษาขั้นพื้นฐาน,สพป.เชียงใหม่ เขต 6,4,58.33,18.63,44.64,10.26,33.33,0.00,45.83,21.65,75.00,14.43
2568,366,บ้านแม่เอาะ,แม่แจ่ม,เล็ก,นอกเมือง,สำนักงานคณะกรรมการการศึกษาขั้นพื้นฐาน,สพป.เชียงใหม่ เขต 6,8,39.58,20.31,30.58,18.44,33.33,23.57,43.75,14.28,33.33,33.33
2568,367,บ้านแม่แฮใต้,แม่แจ่ม,เล็ก,นอกเมือง,สำนักงานคณะกรรมการการศึกษาขั้นพื้นฐาน,สพป.เชียงใหม่ เขต 6,20,38.33,19.08,28.84,18.93,36.67,29.63,42.50,17.85,26.67,29.06
2568,368,บ้านแม่แฮเหนือ,แม่แจ่ม,กลาง,นอกเมือง,สำนักงานคณะกรรมการการศึกษาขั้นพื้นฐาน,สพป.เชียงใหม่ เขต 6,54,42.59,24.78,36.87,20.48,42.59,29.69,39.20,21.07,53.09,29.76
2568,369,บ้านแม่แฮเหนือ สาขาแม่แจ๊ะ,แม่แจ่ม,เล็ก,นอกเมือง,สำนักงานคณะกรรมการการศึกษาขั้นพื้นฐาน,สพป.เชียงใหม่ เขต 6,9,31.48,24.15,49.01,7.72,22.22,22.22,37.04,15.27,48.15,35.52
2568,370,บ้านโม่งหลวง,แม่แจ่ม,เล็ก,นอกเมือง,สำนักงานคณะกรรมการการศึกษาขั้นพื้นฐาน,สพป.เชียงใหม่ เขต 6,13,41.03,20.27,26.99,19.05,33.33,26.15,30.77,14.39,46.15,30.77
2568,371,บ้านโม่งหลวง สาขาบ้านแม่อมลานใน,แม่แจ่ม,เล็ก,นอกเมือง,สำนักงานคณะกรรมการการศึกษาขั้นพื้นฐาน,สพป.เชียงใหม่ เขต 6,1,66.67,0.00,41.07,0.00,100.00,0.00,66.67,0.00,33.33,0.00
2568,372,บ้านสบแม่รวม,แม่แจ่ม,เล็ก,นอกเมือง,สำนักงานคณะกรรมการการศึกษาขั้นพื้นฐาน,สพป.เชียงใหม่ เขต 6,8,29.17,32.00,42.63,17.07,41.67,14.43,39.58,18.52,45.83,40.61
2568,373,บ้านสบวาก,แม่แจ่ม,เล็ก,นอกเมือง,สำนักงานคณะกรรมการการศึกษาขั้นพื้นฐาน,สพป.เชียงใหม่ เขต 6,9,55.56,19.25,48.02,20.33,25.93,20.95,31.48,26.58,40.74,20.95
2568,374,บ้านสองธาร,แม่แจ่ม,เล็ก,นอกเมือง,สำนักงานคณะกรรมการการศึกษาขั้นพื้นฐาน,สพป.เชียงใหม่ เขต 6,7,40.48,21.56,36.22,16.61,42.86,23.33,30.95,18.75,71.43,32.99
2568,375,บ้านสามสบ,แม่แจ่ม,เล็ก,นอกเมือง,สำนักงานคณะกรรมการการศึกษาขั้นพื้นฐาน,สพป.เชียงใหม่ เขต 6,5,40.00,13.33,31.07,9.49,33.33,21.08,36.67,19.44,46.67,33.99
2568,376,บ้านห้วยผา,แม่แจ่ม,เล็ก,นอกเมือง,สำนักงานคณะกรรมการการศึกษาขั้นพื้นฐาน,สพป.เชียงใหม่ เขต 6,5,50.00,18.26,26.43,10.74,13.33,16.33,43.33,13.33,53.33,16.33
2568,377,บ้านใหม่พัฒนาสันติ,แม่แจ่ม,เล็ก,นอกเมือง,กองบัญชาการตำรวจตระเวนชายแดน,-,7,40.48,15.06,34.69,10.45,33.33,25.20,28.57,24.74,33.33,30.86
2568,378,บ้านอมขูด,แม่แจ่ม,เล็ก,นอกเมือง,สำนักงานคณะกรรมการการศึกษาขั้นพื้นฐาน,สพป.เชียงใหม่ เขต 6,3,44.44,7.86,31.55,2.23,33.33,27.22,44.44,20.79,11.11,15.71
2568,379,บ้านอมเม็ง,แม่แจ่ม,เล็ก,นอกเมือง,สำนักงานคณะกรรมการการศึกษาขั้นพื้นฐาน,สพป.เชียงใหม่ เขต 6,15,53.33,21.26,53.75,11.63,55.56,19.88,42.22,18.12,48.89,34.14
2568,380,บ้านเฮาะวิทยา,แม่แจ่ม,เล็ก,นอกเมือง,สำนักงานคณะกรรมการการศึกษาขั้นพื้นฐาน,สพป.เชียงใหม่ เขต 6,7,69.05,24.28,45.66,16.94,76.19,23.33,47.62,25.86,66.67,25.20
2568,381,เมืองเด็กวิทยา,แม่แจ่ม,เล็ก,นอกเมือง,สำนักงานคณะกรรมการส่งเสริมการศึกษาเอกชน,-,15,73.33,20.00,51.79,17.79,73.33,30.31,50.00,20.18,55.56,26.29
2568,382,ราชประชานุเคราะห์ 31,แม่แจ่ม,กลาง,นอกเมือง,สำนักบริหารงานการศึกษาพิเศษ,-,22,28.79,18.92,44.48,19.80,42.42,22.88,22.73,21.05,48.48,34.42
2568,383,ศูนย์การเรียนตำรวจตระเวนชายแดนบ้านแม่มุใน บริษัทซีเค พาวเวอร์ จำกัด (มหาชน) อุปถัมภ์,แม่แจ่ม,เล็ก,นอกเมือง,กองบัญชาการตำรวจตระเวนชายแดน,-,7,35.71,22.59,33.16,28.39,47.62,16.50,23.81,17.50,42.86,29.35
2568,384,ศูนย์การเรียนตำรวจตระเวนชายแดนสนั่น-เฉลิมเกตุ นภาศัพท์,แม่แจ่ม,เล็ก,นอกเมือง,กองบัญชาการตำรวจตระเวนชายแดน,-,3,38.89,15.71,38.69,19.42,66.67,27.22,33.33,36.00,66.67,27.22
2568,385,หลวงพัฒนาบ้านพุย,แม่แจ่ม,เล็ก,นอกเมือง,สำนักงานคณะกรรมการการศึกษาขั้นพื้นฐาน,สพป.เชียงใหม่ เขต 6,6,50.00,21.52,56.55,19.90,38.89,29.92,33.33,21.52,33.33,27.22
2568,386,ออป.13,แม่แจ่ม,เล็ก,นอกเมือง,สำนักงานคณะกรรมการการศึกษาขั้นพื้นฐาน,สพป.เชียงใหม่ เขต 6,30,45.56,22.74,48.42,21.12,42.22,29.73,38.89,21.66,50.00,31.91
2568,387,อินทนนท์วิทยา,แม่แจ่ม,เล็ก,นอกเมือง,สำนักงานคณะกรรมการการศึกษาขั้นพื้นฐาน,สพป.เชียงใหม่ เขต 6,11,31.82,18.06,31.74,17.44,45.45,25.71,27.27,14.69,15.15,16.60
2568,388,ชุมชนวัดช่อแล,แม่แตง,เล็ก,นอกเมือง,สำนักงานคณะกรรมการการศึกษาขั้นพื้นฐาน,สพป.เชียงใหม่ เขต 2,28,36.90,24.94,46.62,22.76,41.67,29.04,27.98,16.09,38.10,24.74
2568,389,เชียงใหม่มัธยม,แม่แตง,ใหญ่,นอกเมือง,สำนักงานคณะกรรมการส่งเสริมการศึกษาเอกชน,-,6,52.78,17.79,58.93,18.84,66.67,19.25,47.22,20.22,50.00,31.91
2568,390,ตชด.ไลออนส์มหาจักร 9,แม่แตง,เล็ก,นอกเมือง,กองบัญชาการตำรวจตระเวนชายแดน,-,6,50.00,30.43,38.24,28.60,38.89,35.57,63.89,17.79,88.89,24.85
2568,391,เทศบาลตำบลสันมหาพน,แม่แตง,กลาง,นอกเมือง,กรมส่งเสริมการปกครองท้องถิ่น,ท้องถิ่นจังหวัดเชียงใหม่,21,46.03,22.36,49.36,18.34,42.86,31.10,41.27,18.98,44.44,29.70
2568,392,บ้านก๋ายน้อย,แม่แตง,เล็ก,นอกเมือง,สำนักงานคณะกรรมการการศึกษาขั้นพื้นฐาน,สพป.เชียงใหม่ เขต 2,3,27.78,7.86,25.60,4.45,33.33,27.22,33.33,13.61,44.44,31.43
2568,393,บ้านทับเดื่อ,แม่แตง,เล็ก,นอกเมือง,สำนักงานคณะกรรมการการศึกษาขั้นพื้นฐาน,สพป.เชียงใหม่ เขต 2,6,44.44,18.43,51.93,16.69,55.56,15.71,33.33,13.61,61.11,12.42
2568,394,บ้านบวกหมื้อ,แม่แตง,เล็ก,นอกเมือง,สำนักงานคณะกรรมการการศึกษาขั้นพื้นฐาน,สพป.เชียงใหม่ เขต 2,14,58.33,25.00,63.20,15.53,59.52,36.03,45.24,17.17,71.43,21.30
2568,395,บ้านปง,แม่แตง,เล็ก,นอกเมือง,สำนักงานคณะกรรมการการศึกษาขั้นพื้นฐาน,สพป.เชียงใหม่ เขต 2,10,43.33,26.03,48.66,17.20,56.67,26.03,38.33,16.75,50.00,16.67
2568,396,บ้านปลาดาว,แม่แตง,เล็ก,นอกเมือง,สำนักงานคณะกรรมการส่งเสริมการศึกษาเอกชน,-,15,41.11,30.35,35.95,12.62,51.11,34.14,41.11,17.07,46.67,26.67
2568,397,บ้านปางกว้าง,แม่แตง,เล็ก,นอกเมือง,สำนักงานคณะกรรมการการศึกษาขั้นพื้นฐาน,สพป.เชียงใหม่ เขต 2,6,44.44,20.79,42.26,23.77,44.44,36.85,36.11,22.40,61.11,22.91
2568,398,บ้านปางไม้แดง,แม่แตง,เล็ก,นอกเมือง,สำนักงานคณะกรรมการการศึกษาขั้นพื้นฐาน,สพป.เชียงใหม่ เขต 2,8,64.58,21.14,47.77,7.24,75.00,27.64,52.08,24.21,70.83,26.02
2568,399,บ้านปางห้วยตาด,แม่แตง,เล็ก,นอกเมือง,สำนักงานคณะกรรมการการศึกษาขั้นพื้นฐาน,สพป.เชียงใหม่ เขต 2,13,25.64,14.04,36.20,13.83,30.77,30.55,34.62,13.81,38.46,17.76
2568,400,บ้านปางฮ่าง,แม่แตง,เล็ก,นอกเมือง,สำนักงานคณะกรรมการการศึกษาขั้นพื้นฐาน,สพป.เชียงใหม่ เขต 2,6,47.22,27.92,38.10,12.18,66.67,19.25,50.00,16.67,61.11,29.92
2568,401,บ้านเป้าวิทยาคาร,แม่แตง,เล็ก,นอกเมือง,สำนักงานคณะกรรมการการศึกษาขั้นพื้นฐาน,สพป.เชียงใหม่ เขต 2,11,45.45,25.71,41.07,23.97,36.36,22.27,36.36,13.89,33.33,31.78
2568,402,บ้านผาหมอน,แม่แตง,เล็ก,นอกเมือง,สำนักงานคณะกรรมการการศึกษาขั้นพื้นฐาน,สพป.เชียงใหม่ เขต 2,8,18.75,13.01,31.25,20.54,37.50,26.02,33.33,25.00,29.17,19.98
2568,403,บ้านผึ้ง,แม่แตง,เล็ก,นอกเมือง,สำนักงานคณะกรรมการการศึกษาขั้นพื้นฐาน,สพป.เชียงใหม่ เขต 2,15,62.22,22.33,49.17,20.89,55.56,23.31,50.00,21.08,53.33,23.73
2568,404,บ้านเมืองกื้ด,แม่แตง,เล็ก,นอกเมือง,สำนักงานคณะกรรมการการศึกษาขั้นพื้นฐาน,สพป.เชียงใหม่ เขต 2,16,53.13,20.60,47.77,21.88,52.08,31.11,47.92,16.54,37.50,33.07
2568,405,บ้านแม่ไคร้,แม่แตง,เล็ก,นอกเมือง,สำนักงานคณะกรรมการการศึกษาขั้นพื้นฐาน,สพป.เชียงใหม่ เขต 2,2,25.00,25.00,50.45,0.45,50.00,16.67,41.67,8.33,33.33,0.00
2568,406,บ้านแม่ตะมาน,แม่แตง,เล็ก,นอกเมือง,สำนักงานคณะกรรมการการศึกษาขั้นพื้นฐาน,สพป.เชียงใหม่ เขต 2,21,53.17,22.19,40.48,22.22,49.21,31.90,39.68,20.23,44.44,37.56
2568,407,บ้านแม่แมม,แม่แตง,เล็ก,นอกเมือง,สำนักงานคณะกรรมการการศึกษาขั้นพื้นฐาน,สพป.เชียงใหม่ เขต 2,6,33.33,19.25,30.65,17.36,44.44,15.71,27.78,15.71,33.33,0.00
2568,408,บ้านแม่เลา,แม่แตง,เล็ก,นอกเมือง,สำนักงานคณะกรรมการการศึกษาขั้นพื้นฐาน,สพป.เชียงใหม่ เขต 2,1,83.33,0.00,82.14,0.00,100.00,0.00,83.33,0.00,100.00,0.00
2568,409,บ้านแม่แสะ,แม่แตง,เล็ก,นอกเมือง,สำนักงานคณะกรรมการการศึกษาขั้นพื้นฐาน,สพป.เชียงใหม่ เขต 2,3,38.89,7.86,69.35,12.34,33.33,27.22,16.67,13.61,55.56,31.43
2568,410,ป่าจี้วังแดงวิทยา,แม่แตง,เล็ก,นอกเมือง,สำนักงานคณะกรรมการการศึกษาขั้นพื้นฐาน,สพป.เชียงใหม่ เขต 2,27,33.95,26.25,39.88,23.09,37.04,27.72,38.89,23.57,44.44,31.43
2568,411,ป่าแป๋วิทยา,แม่แตง,เล็ก,นอกเมือง,สำนักงานคณะกรรมการการศึกษาขั้นพื้นฐาน,สพป.เชียงใหม่ เขต 2,9,51.85,22.83,49.40,22.68,62.96,24.57,59.26,11.42,44.44,27.22
2568,412,ภูดินวิทยา,แม่แตง,เล็ก,นอกเมือง,สำนักงานคณะกรรมการการศึกษาขั้นพื้นฐาน,สพป.เชียงใหม่ เขต 2,2,33.33,16.67,45.54,31.25,83.33,16.67,41.67,25.00,33.33,33.33
2568,413,เมฆขจรเชียงใหม่,แม่แตง,เล็ก,นอกเมือง,สำนักงานคณะกรรมการส่งเสริมการศึกษาเอกชน,-,18,51.85,19.95,62.10,20.10,46.30,29.69,46.30,19.69,62.96,29.16
2568,414,ร่ำเปิงวิทยา,แม่แตง,กลาง,นอกเมือง,สำนักงานคณะกรรมการการศึกษาขั้นพื้นฐาน,สพป.เชียงใหม่ เขต 2,33,52.02,28.65,52.06,24.40,53.54,33.77,36.87,24.88,48.48,27.33
2568,415,วัดท่าข้าม,แม่แตง,เล็ก,นอกเมือง,สำนักงานคณะกรรมการการศึกษาขั้นพื้นฐาน,สพป.เชียงใหม่ เขต 2,8,54.17,24.65,53.24,13.27,58.33,32.27,41.67,11.79,37.50,19.98
2568,416,วัดทุ่งหลวง,แม่แตง,เล็ก,นอกเมือง,สำนักงานคณะกรรมการการศึกษาขั้นพื้นฐาน,สพป.เชียงใหม่ เขต 2,10,70.00,24.49,56.79,16.04,63.33,27.69,61.67,16.75,70.00,17.95
2568,417,วัดนาเม็ง,แม่แตง,เล็ก,นอกเมือง,สำนักงานคณะกรรมการการศึกษาขั้นพื้นฐาน,สพป.เชียงใหม่ เขต 2,4,33.33,26.35,57.14,20.00,75.00,14.43,41.67,8.33,41.67,27.64
2568,418,วัดบ้านเหล่า,แม่แตง,เล็ก,นอกเมือง,สำนักงานคณะกรรมการการศึกษาขั้นพื้นฐาน,สพป.เชียงใหม่ เขต 2,13,41.03,19.19,39.01,14.59,48.72,21.14,42.31,24.12,38.46,25.64
2568,419,วัดปางมะกล้วย,แม่แตง,เล็ก,นอกเมือง,สำนักงานคณะกรรมการการศึกษาขั้นพื้นฐาน,สพป.เชียงใหม่ เขต 2,0,-,-,-,-,-,-,-,-,-,-
2568,420,วัดแม่กะ,แม่แตง,เล็ก,นอกเมือง,สำนักงานคณะกรรมการการศึกษาขั้นพื้นฐาน,สพป.เชียงใหม่ เขต 2,20,63.33,23.33,62.54,16.85,56.67,23.80,52.50,16.89,58.33,31.40
2568,421,วัดหนองออน,แม่แตง,เล็ก,นอกเมือง,สำนักงานคณะกรรมการการศึกษาขั้นพื้นฐาน,สพป.เชียงใหม่ เขต 2,4,54.17,13.82,50.45,20.80,58.33,27.64,37.50,21.65,50.00,37.27
2568,422,วัดห้วยไร่,แม่แตง,เล็ก,นอกเมือง,สำนักงานคณะกรรมการการศึกษาขั้นพื้นฐาน,สพป.เชียงใหม่ เขต 2,19,50.00,20.23,55.36,18.43,49.12,31.29,43.86,19.65,70.18,23.93
2568,423,สบเปิงวิทยา,แม่แตง,กลาง,นอกเมือง,สำนักงานคณะกรรมการการศึกษาขั้นพื้นฐาน,สพป.เชียงใหม่ เขต 2,18,54.63,31.33,45.83,29.22,50.00,29.92,35.19,24.15,51.85,29.86
2568,424,สันป่ายางวิทยาคาร,แม่แตง,เล็ก,นอกเมือง,สำนักงานคณะกรรมการการศึกษาขั้นพื้นฐาน,สพป.เชียงใหม่ เขต 2,10,50.00,16.67,42.32,21.32,53.33,26.67,48.33,18.93,56.67,33.50
2568,425,สันป่าสักวิทยา,แม่แตง,กลาง,นอกเมือง,สำนักงานคณะกรรมการการศึกษาขั้นพื้นฐาน,สพป.เชียงใหม่ เขต 2,80,52.92,20.20,56.04,16.51,49.58,27.38,39.79,20.15,47.50,29.71
2568,426,สันมหาพนวิทยา,แม่แตง,เล็ก,นอกเมือง,สำนักงานคณะกรรมการการศึกษาขั้นพื้นฐาน,สพป.เชียงใหม่ เขต 2,18,43.52,22.32,42.51,17.73,48.15,27.72,43.52,19.36,51.85,31.86
2568,427,อนุบาลสานสายใยรักเทศบาลเมืองเมืองแกนพัฒนา,แม่แตง,กลาง,นอกเมือง,กรมส่งเสริมการปกครองท้องถิ่น,ท้องถิ่นจังหวัดเชียงใหม่,28,45.83,22.98,51.28,20.33,53.57,32.54,39.29,20.52,50.00,32.73
2568,428,เจ้าพ่อหลวงอุปถัมภ์ 7,แม่ริม,เล็ก,นอกเมือง,สำนักงานคณะกรรมการการศึกษาขั้นพื้นฐาน,สพป.เชียงใหม่ เขต 2,7,52.38,16.50,64.29,12.26,47.62,30.12,50.00,15.43,57.14,23.33
2568,429,เจ้าแม่หลวงอุปถัมภ์ 2,แม่ริม,เล็ก,นอกเมือง,สำนักงานคณะกรรมการการศึกษาขั้นพื้นฐาน,สพป.เชียงใหม่ เขต 2,30,36.11,18.80,36.13,21.83,30.00,24.87,42.22,21.40,41.11,25.36
2568,430,ดอนแก้วเนรมิตปัญญา,แม่ริม,กลาง,นอกเมือง,กรมส่งเสริมการปกครองท้องถิ่น,ท้องถิ่นจังหวัดเชียงใหม่,80,52.08,24.91,50.58,18.71,47.08,31.93,45.42,20.41,49.17,29.33
2568,431,ธีระวัธน์บำเพ็ญ,แม่ริม,กลาง,นอกเมือง,สำนักงานคณะกรรมการส่งเสริมการศึกษาเอกชน,-,78,62.61,24.34,54.06,20.00,55.98,26.42,48.72,21.31,50.00,28.12
2568,432,บ้านกองแหะ,แม่ริม,เล็ก,นอกเมือง,สำนักงานคณะกรรมการการศึกษาขั้นพื้นฐาน,สพป.เชียงใหม่ เขต 2,9,46.30,25.79,48.02,20.95,70.37,24.57,35.19,16.56,48.15,31.86
2568,433,บ้านกาดฮาว,แม่ริม,เล็ก,นอกเมือง,สำนักงานคณะกรรมการการศึกษาขั้นพื้นฐาน,สพป.เชียงใหม่ เขต 2,16,50.00,27.00,41.74,18.58,52.08,33.27,38.54,19.29,43.75,34.80
2568,434,บ้านคุณหมอ,แม่ริม,กลาง,นอกเมือง,สำนักงานคณะกรรมการส่งเสริมการศึกษาเอกชน,-,26,51.92,27.86,48.76,24.00,46.15,33.43,42.95,26.62,50.00,33.65
2568,435,บ้านดอนแก้ว,แม่ริม,กลาง,นอกเมือง,กรมส่งเสริมการปกครองท้องถิ่น,ท้องถิ่นจังหวัดเชียงใหม่,28,52.38,24.28,54.59,22.49,55.95,25.28,52.38,23.02,55.95,30.93
2568,436,บ้านต้นผึ้ง,แม่ริม,เล็ก,นอกเมือง,สำนักงานคณะกรรมการการศึกษาขั้นพื้นฐาน,สพป.เชียงใหม่ เขต 2,10,63.33,20.82,71.61,14.78,70.00,27.69,61.67,18.33,80.00,26.67
2568,437,บ้านทุ่งโป่ง,แม่ริม,กลาง,นอกเมือง,สำนักงานคณะกรรมการการศึกษาขั้นพื้นฐาน,สพป.เชียงใหม่ เขต 2,28,51.79,23.71,59.69,18.76,53.57,25.73,45.83,18.70,53.57,24.13
2568,438,บ้านน้ำริน,แม่ริม,เล็ก,นอกเมือง,สำนักงานคณะกรรมการการศึกษาขั้นพื้นฐาน,สพป.เชียงใหม่ เขต 2,11,46.97,19.87,41.07,16.87,42.42,14.85,43.94,21.64,42.42,32.07
2568,439,บ้านบวกจั่น,แม่ริม,เล็ก,นอกเมือง,สำนักงานคณะกรรมการการศึกษาขั้นพื้นฐาน,สพป.เชียงใหม่ เขต 2,12,48.61,19.79,49.26,19.22,41.67,27.64,43.06,24.96,27.78,22.91
2568,440,บ้านปางไฮ,แม่ริม,กลาง,นอกเมือง,สำนักงานคณะกรรมการการศึกษาขั้นพื้นฐาน,สพป.เชียงใหม่ เขต 2,11,63.64,25.44,62.66,20.14,42.42,28.75,37.88,16.03,51.52,38.57
2568,441,บ้านป่าติ้ว,แม่ริม,เล็ก,นอกเมือง,สำนักงานคณะกรรมการการศึกษาขั้นพื้นฐาน,สพป.เชียงใหม่ เขต 2,18,46.30,23.28,34.87,23.04,38.89,22.91,42.59,20.20,40.74,32.50
2568,442,บ้านโป่งแยงนอก,แม่ริม,เล็ก,นอกเมือง,สำนักงานคณะกรรมการการศึกษาขั้นพื้นฐาน,สพป.เชียงใหม่ เขต 2,20,46.67,24.49,50.22,19.48,48.33,37.23,41.67,18.63,41.67,23.27
2568,443,บ้านโป่งแยงใน,แม่ริม,เล็ก,นอกเมือง,สำนักงานคณะกรรมการการศึกษาขั้นพื้นฐาน,สพป.เชียงใหม่ เขต 2,28,48.81,23.54,44.96,17.57,53.57,22.43,46.43,23.30,41.67,27.64
2568,444,บ้านพระนอน,แม่ริม,เล็ก,นอกเมือง,สำนักงานคณะกรรมการการศึกษาขั้นพื้นฐาน,สพป.เชียงใหม่ เขต 2,20,45.00,25.33,48.35,26.00,58.33,29.58,30.00,14.53,48.33,26.82
2568,445,บ้านเมืองก๊ะ,แม่ริม,เล็ก,นอกเมือง,สำนักงานคณะกรรมการการศึกษาขั้นพื้นฐาน,สพป.เชียงใหม่ เขต 2,8,54.17,26.02,47.10,21.74,50.00,23.57,35.42,29.39,37.50,19.98
2568,446,บ้านแม่สา,แม่ริม,กลาง,นอกเมือง,สำนักงานคณะกรรมการการศึกษาขั้นพื้นฐาน,สพป.เชียงใหม่ เขต 2,9,66.67,17.57,74.21,11.11,51.85,16.56,53.70,21.91,70.37,24.57
2568,447,บ้านริมใต้,แม่ริม,กลาง,นอกเมือง,สำนักงานคณะกรรมการการศึกษาขั้นพื้นฐาน,สพป.เชียงใหม่ เขต 2,151,62.58,23.41,57.13,21.26,57.40,28.49,45.47,21.35,54.97,28.76
2568,448,บ้านศาลา,แม่ริม,กลาง,นอกเมือง,กรมส่งเสริมการปกครองท้องถิ่น,ท้องถิ่นจังหวัดเชียงใหม่,86,48.06,25.09,41.59,17.77,50.39,28.64,45.16,19.67,42.64,27.21
2568,449,บ้านสะลวงนอก,แม่ริม,เล็ก,นอกเมือง,สำนักงานคณะกรรมการการศึกษาขั้นพื้นฐาน,สพป.เชียงใหม่ เขต 2,5,40.00,24.94,39.64,15.83,33.33,36.51,30.00,12.47,40.00,13.33
2568,450,บ้านสันคะยอม,แม่ริม,เล็ก,นอกเมือง,สำนักงานคณะกรรมการการศึกษาขั้นพื้นฐาน,สพป.เชียงใหม่ เขต 2,16,54.17,19.09,55.80,21.77,47.92,26.27,33.33,26.35,54.17,26.02
2568,451,บ้านหนองปลามัน,แม่ริม,เล็ก,นอกเมือง,สำนักงานคณะกรรมการการศึกษาขั้นพื้นฐาน,สพป.เชียงใหม่ เขต 2,21,41.27,23.36,47.24,18.07,50.79,22.11,38.10,21.30,44.44,23.76
2568,452,มูลนิธิมหาราช 5,แม่ริม,เล็ก,นอกเมือง,สำนักงานคณะกรรมการการศึกษาขั้นพื้นฐาน,สพป.เชียงใหม่ เขต 2,12,56.94,25.87,52.53,17.61,41.67,33.68,40.28,19.79,41.67,30.81
2568,453,ราชประชานุเคราะห์ 60 จังหวัดเชียงใหม่,แม่ริม,กลาง,นอกเมือง,สำนักบริหารงานการศึกษาพิเศษ,-,51,38.24,23.87,40.20,20.84,40.52,26.66,38.89,21.30,37.25,29.26
2568,454,วัดทรายมูล,แม่ริม,เล็ก,นอกเมือง,สำนักงานคณะกรรมการการศึกษาขั้นพื้นฐาน,สพป.เชียงใหม่ เขต 2,28,52.38,28.07,46.68,21.59,52.38,32.65,44.05,20.52,44.05,29.62
2568,455,บ้านกาด(เขมวังส์ฯ),แม่วาง,กลาง,นอกเมือง,สำนักงานคณะกรรมการการศึกษาขั้นพื้นฐาน,สพป.เชียงใหม่ เขต 4,51,47.71,21.90,45.54,18.84,41.83,28.65,40.52,19.32,45.10,30.84
2568,456,บ้านทุ่งหลวง,แม่วาง,เล็ก,นอกเมือง,สำนักงานคณะกรรมการการศึกษาขั้นพื้นฐาน,สพป.เชียงใหม่ เขต 4,9,40.74,19.42,36.71,16.06,44.44,22.22,24.07,17.76,59.26,26.19
2568,457,บ้านพันตน,แม่วาง,เล็ก,นอกเมือง,สำนักงานคณะกรรมการการศึกษาขั้นพื้นฐาน,สพป.เชียงใหม่ เขต 4,4,33.33,20.41,44.64,13.30,50.00,28.87,33.33,20.41,58.33,27.64
2568,458,บ้านหนองเต่า,แม่วาง,เล็ก,นอกเมือง,สำนักงานคณะกรรมการการศึกษาขั้นพื้นฐาน,สพป.เชียงใหม่ เขต 4,9,55.56,15.71,45.83,22.41,48.15,27.72,37.04,17.17,55.56,27.22
2568,459,บ้านห้วยข้าวลีบ,แม่วาง,เล็ก,นอกเมือง,สำนักงานคณะกรรมการการศึกษาขั้นพื้นฐาน,สพป.เชียงใหม่ เขต 4,16,40.63,22.80,35.04,19.62,33.33,23.57,23.96,18.60,41.67,30.05
2568,460,บ้านห้วยตอง,แม่วาง,กลาง,นอกเมือง,สำนักงานคณะกรรมการการศึกษาขั้นพื้นฐาน,สพป.เชียงใหม่ เขต 4,17,40.20,24.96,22.43,20.02,45.10,30.12,28.43,13.73,35.29,24.17
2568,461,บ้านเหล่าป่าฝาง,แม่วาง,เล็ก,นอกเมือง,สำนักงานคณะกรรมการการศึกษาขั้นพื้นฐาน,สพป.เชียงใหม่ เขต 4,7,52.38,20.76,53.95,28.18,47.62,39.27,35.71,20.76,42.86,23.33
2568,462,บ้านใหม่สวรรค์,แม่วาง,เล็ก,นอกเมือง,สำนักงานคณะกรรมการการศึกษาขั้นพื้นฐาน,สพป.เชียงใหม่ เขต 4,15,64.44,18.12,49.88,15.19,51.11,23.93,44.44,13.15,62.22,29.48
2568,463,พัฒนาต้นน้ำที่ 5 ขุนวาง,แม่วาง,เล็ก,นอกเมือง,สำนักงานคณะกรรมการการศึกษาขั้นพื้นฐาน,สพป.เชียงใหม่ เขต 4,21,41.27,19.67,34.35,19.71,44.44,18.78,43.65,17.42,50.79,40.65
2568,464,แม่วินสามัคคี,แม่วาง,กลาง,นอกเมือง,สำนักงานคณะกรรมการการศึกษาขั้นพื้นฐาน,สพป.เชียงใหม่ เขต 4,20,25.00,18.63,29.78,17.24,21.67,24.21,32.50,23.26,20.00,19.44
2568,465,วัดดอนเปา,แม่วาง,เล็ก,นอกเมือง,กรมส่งเสริมการปกครองท้องถิ่น,ท้องถิ่นจังหวัดเชียงใหม่,9,57.41,27.34,47.12,18.28,44.44,15.71,38.89,15.71,62.96,36.66
2568,466,วัดทุ่งศาลา,แม่วาง,เล็ก,นอกเมือง,สำนักงานคณะกรรมการการศึกษาขั้นพื้นฐาน,สพป.เชียงใหม่ เขต 4,5,20.00,19.44,49.82,14.69,46.67,33.99,23.33,17.00,33.33,21.08
2568,467,วัดมะกับตองหลวง,แม่วาง,เล็ก,นอกเมือง,สำนักงานคณะกรรมการการศึกษาขั้นพื้นฐาน,สพป.เชียงใหม่ เขต 4,5,36.67,12.47,57.14,17.20,46.67,33.99,36.67,24.49,46.67,33.99
2568,468,วัดศิริชัยนิมิตร,แม่วาง,เล็ก,นอกเมือง,สำนักงานคณะกรรมการการศึกษาขั้นพื้นฐาน,สพป.เชียงใหม่ เขต 4,11,53.03,24.43,70.94,22.23,57.58,20.55,46.97,19.87,72.73,27.77
2568,469,วัดห้วยแก้ว,แม่วาง,เล็ก,นอกเมือง,สำนักงานคณะกรรมการการศึกษาขั้นพื้นฐาน,สพป.เชียงใหม่ เขต 4,5,33.33,10.54,42.86,27.73,46.67,26.67,26.67,13.33,26.67,13.33
2568,470,สโมสรไลออนรัตนโกสินทร์,แม่วาง,เล็ก,นอกเมือง,สำนักงานคณะกรรมการการศึกษาขั้นพื้นฐาน,สพป.เชียงใหม่ เขต 4,5,33.33,14.91,26.43,18.47,40.00,24.94,30.00,16.33,26.67,24.94
2568,471,สารสาสน์วิเทศอุปถัมภ์,แม่วาง,กลาง,นอกเมือง,สำนักงานคณะกรรมการส่งเสริมการศึกษาเอกชน,-,27,48.15,26.58,45.73,19.65,51.85,22.83,47.53,20.64,53.09,29.06
2568,472,หลวงพัฒนาบ้านขุนวาง,แม่วาง,กลาง,นอกเมือง,สำนักงานคณะกรรมการการศึกษาขั้นพื้นฐาน,สพป.เชียงใหม่ เขต 4,21,56.35,14.06,51.11,11.08,39.68,22.11,39.68,17.42,58.73,28.92
2568,473,ทาเหนือวิทยา,แม่ออน,เล็ก,นอกเมือง,สำนักงานคณะกรรมการการศึกษาขั้นพื้นฐาน,สพป.เชียงใหม่ เขต 1,16,48.96,25.32,52.23,28.76,54.17,33.07,34.38,19.07,50.00,33.33
2568,474,บ้านออนกลาง,แม่ออน,เล็ก,นอกเมือง,สำนักงานคณะกรรมการการศึกษาขั้นพื้นฐาน,สพป.เชียงใหม่ เขต 1,7,61.90,21.30,54.08,13.04,57.14,23.33,40.48,8.25,47.62,39.27
2568,475,บ้านออนหลวย,แม่ออน,เล็ก,นอกเมือง,สำนักงานคณะกรรมการการศึกษาขั้นพื้นฐาน,สพป.เชียงใหม่ เขต 1,4,58.33,18.63,46.88,17.05,66.67,23.57,54.17,32.00,66.67,23.57
2568,476,แม่ตะไคร้,แม่ออน,เล็ก,นอกเมือง,สำนักงานคณะกรรมการการศึกษาขั้นพื้นฐาน,สพป.เชียงใหม่ เขต 1,7,40.48,30.68,61.73,22.07,52.38,24.28,38.10,17.17,66.67,35.63
2568,477,วัดดอนชัย,แม่ออน,เล็ก,นอกเมือง,สำนักงานคณะกรรมการการศึกษาขั้นพื้นฐาน,สพป.เชียงใหม่ เขต 1,1,50.00,0.00,67.86,0.00,100.00,0.00,33.33,0.00,66.67,0.00
2568,478,วัดเปาสามขา,แม่ออน,เล็ก,นอกเมือง,สำนักงานคณะกรรมการการศึกษาขั้นพื้นฐาน,สพป.เชียงใหม่ เขต 1,16,42.71,22.02,38.06,19.06,43.75,32.74,43.75,22.73,60.42,35.78
2568,479,วัดห้วยแก้ว,แม่ออน,เล็ก,นอกเมือง,สำนักงานคณะกรรมการการศึกษาขั้นพื้นฐาน,สพป.เชียงใหม่ เขต 1,28,52.38,21.69,54.66,19.10,38.10,32.99,42.86,16.32,45.24,28.47
2568,480,วัดห้วยทราย,แม่ออน,เล็ก,นอกเมือง,สำนักงานคณะกรรมการการศึกษาขั้นพื้นฐาน,สพป.เชียงใหม่ เขต 1,7,35.71,10.65,37.50,22.47,38.10,32.99,28.57,17.17,57.14,34.34
2568,481,หมู่บ้านสหกรณ์ 2,แม่ออน,เล็ก,นอกเมือง,สำนักงานคณะกรรมการการศึกษาขั้นพื้นฐาน,สพป.เชียงใหม่ เขต 1,19,50.88,15.74,54.14,20.99,56.14,28.72,42.98,18.98,61.40,22.33
2568,482,กมล -เรียม สุโกศล (บ้านผาใต้),แม่อาย,เล็ก,นอกเมือง,สำนักงานคณะกรรมการการศึกษาขั้นพื้นฐาน,สพป.เชียงใหม่ เขต 3,8,31.25,5.51,38.17,26.61,25.00,22.05,31.25,19.43,29.17,19.98
2568,483,เจ้าพ่อหลวงอุปถัมภ์ 9,แม่อาย,กลาง,นอกเมือง,สำนักงานคณะกรรมการการศึกษาขั้นพื้นฐาน,สพป.เชียงใหม่ เขต 3,17,37.25,18.55,37.61,21.15,37.25,27.73,37.25,20.24,47.06,28.14
2568,484,ชุมชนบ้านคาย,แม่อาย,กลาง,นอกเมือง,สำนักงานคณะกรรมการการศึกษาขั้นพื้นฐาน,สพป.เชียงใหม่ เขต 3,36,38.89,25.76,37.70,18.34,32.41,27.76,42.13,23.73,46.30,28.63
2568,485,ชุมชนบ้านแม่ฮ่าง,แม่อาย,กลาง,นอกเมือง,สำนักงานคณะกรรมการการศึกษาขั้นพื้นฐาน,สพป.เชียงใหม่ เขต 3,27,45.68,21.56,66.60,20.70,40.74,30.54,40.12,15.22,62.96,33.13
2568,486,โชติคุณเกษมบ้านเมืองงาม,แม่อาย,กลาง,นอกเมือง,สำนักงานคณะกรรมการการศึกษาขั้นพื้นฐาน,สพป.เชียงใหม่ เขต 3,40,30.83,20.26,24.60,14.88,26.67,27.08,30.42,18.96,28.33,28.43
2568,487,ต.ช.ด. ไลออนส์มหาจักร 8,แม่อาย,เล็ก,นอกเมือง,สำนักงานคณะกรรมการการศึกษาขั้นพื้นฐาน,สพป.เชียงใหม่ เขต 3,19,52.63,21.81,48.68,19.92,47.37,22.47,40.35,18.98,61.40,22.33
2568,488,ต.ช.ด.ศึกษานารีอนุสรณ์ 3,แม่อาย,เล็ก,นอกเมือง,สำนักงานคณะกรรมการการศึกษาขั้นพื้นฐาน,สพป.เชียงใหม่ เขต 3,22,43.18,23.39,50.00,23.99,45.45,25.71,41.67,19.94,42.42,30.45
2568,489,ทุติยะโพธิ์อนุสรณ์,แม่อาย,เล็ก,นอกเมือง,กองบัญชาการตำรวจตระเวนชายแดน,-,14,35.71,22.59,22.77,12.70,52.38,24.28,33.33,17.82,54.76,20.34
2568,490,ไทยทนุบ้านสันต้นดู่,แม่อาย,เล็ก,นอกเมือง,สำนักงานคณะกรรมการการศึกษาขั้นพื้นฐาน,สพป.เชียงใหม่ เขต 3,10,46.67,16.33,32.23,23.95,20.00,26.67,30.00,16.33,30.00,27.69
2568,491,ไทยรัฐวิทยา 12 (บ้านเอก),แม่อาย,กลาง,นอกเมือง,สำนักงานคณะกรรมการการศึกษาขั้นพื้นฐาน,สพป.เชียงใหม่ เขต 3,32,59.38,22.80,60.55,19.33,59.38,26.00,48.44,23.33,68.75,24.91
2568,492,บ้านดง,แม่อาย,กลาง,นอกเมือง,สำนักงานคณะกรรมการการศึกษาขั้นพื้นฐาน,สพป.เชียงใหม่ เขต 3,16,51.04,24.63,62.50,16.85,45.83,28.57,37.50,18.16,43.75,30.55
2568,493,บ้านดอนชัย,แม่อาย,เล็ก,นอกเมือง,สำนักงานคณะกรรมการการศึกษาขั้นพื้นฐาน,สพป.เชียงใหม่ เขต 3,10,58.33,29.11,38.04,21.14,33.33,21.08,38.33,21.15,70.00,23.33
2568,494,บ้านท่ามะแกง,แม่อาย,เล็ก,นอกเมือง,สำนักงานคณะกรรมการการศึกษาขั้นพื้นฐาน,สพป.เชียงใหม่ เขต 3,15,44.44,22.50,43.21,17.52,40.00,18.05,32.22,19.69,48.89,40.12
2568,495,บ้านป่าก๊อ,แม่อาย,กลาง,นอกเมือง,สำนักงานคณะกรรมการการศึกษาขั้นพื้นฐาน,สพป.เชียงใหม่ เขต 3,46,32.61,15.52,23.31,17.17,23.91,23.74,27.17,14.89,41.30,27.96
2568,496,บ้านปางต้นเดื่อ,แม่อาย,กลาง,นอกเมือง,สำนักงานคณะกรรมการการศึกษาขั้นพื้นฐาน,สพป.เชียงใหม่ เขต 3,16,52.08,26.27,56.25,20.77,52.08,20.31,35.42,23.48,60.42,26.92
2568,497,บ้านป่าแดง,แม่อาย,กลาง,นอกเมือง,สำนักงานคณะกรรมการการศึกษาขั้นพื้นฐาน,สพป.เชียงใหม่ เขต 3,8,43.75,21.95,40.96,20.43,29.17,26.02,35.42,15.45,50.00,16.67
2568,498,บ้านโป่งไฮ,แม่อาย,เล็ก,นอกเมือง,สำนักงานคณะกรรมการการศึกษาขั้นพื้นฐาน,สพป.เชียงใหม่ เขต 3,14,28.57,20.34,23.09,16.32,28.57,30.49,23.81,18.60,40.48,25.75
2568,499,บ้านแม่สาว,แม่อาย,กลาง,นอกเมือง,สำนักงานคณะกรรมการการศึกษาขั้นพื้นฐาน,สพป.เชียงใหม่ เขต 3,36,50.00,19.25,58.63,19.31,51.85,26.58,43.98,19.31,55.56,29.40
2568,500,บ้านโละ,แม่อาย,เล็ก,นอกเมือง,สำนักงานคณะกรรมการการศึกษาขั้นพื้นฐาน,สพป.เชียงใหม่ เขต 3,4,37.50,13.82,58.04,22.78,50.00,16.67,33.33,11.79,50.00,16.67
2568,501,บ้านสันต้นหมื้อ,แม่อาย,กลาง,นอกเมือง,สำนักงานคณะกรรมการการศึกษาขั้นพื้นฐาน,สพป.เชียงใหม่ เขต 3,34,39.22,20.16,27.15,21.83,40.20,32.11,24.51,16.29,33.33,30.25
2568,502,บ้านสันปอธง,แม่อาย,เล็ก,นอกเมือง,สำนักงานคณะกรรมการการศึกษาขั้นพื้นฐาน,สพป.เชียงใหม่ เขต 3,11,39.39,26.85,35.23,16.33,36.36,30.00,31.82,16.60,30.30,22.27
2568,503,บ้านสันป่าข่า,แม่อาย,เล็ก,นอกเมือง,สำนักงานคณะกรรมการการศึกษาขั้นพื้นฐาน,สพป.เชียงใหม่ เขต 3,12,37.50,27.32,49.70,22.70,38.89,26.64,29.17,20.55,47.22,37.16
2568,504,บ้านสันป่าเหียว,แม่อาย,เล็ก,นอกเมือง,สำนักงานคณะกรรมการการศึกษาขั้นพื้นฐาน,สพป.เชียงใหม่ เขต 3,10,50.00,21.08,43.57,16.06,53.33,26.67,36.67,20.82,63.33,27.69
2568,505,บ้านสุขฤทัย,แม่อาย,กลาง,นอกเมือง,สำนักงานคณะกรรมการการศึกษาขั้นพื้นฐาน,สพป.เชียงใหม่ เขต 3,49,46.94,22.51,47.69,20.02,51.02,33.06,38.44,20.26,51.02,31.66
2568,506,บ้านหนองขี้นกยาง,แม่อาย,เล็ก,นอกเมือง,สำนักงานคณะกรรมการการศึกษาขั้นพื้นฐาน,สพป.เชียงใหม่ เขต 3,7,47.62,20.76,38.52,16.39,52.38,16.50,28.57,14.68,61.90,37.50
2568,507,บ้านหลวง,แม่อาย,เล็ก,นอกเมือง,สำนักงานคณะกรรมการการศึกษาขั้นพื้นฐาน,สพป.เชียงใหม่ เขต 3,5,23.33,20.00,18.57,7.28,26.67,38.87,36.67,6.67,33.33,21.08
2568,508,บ้านห้วยคอกหมู,แม่อาย,เล็ก,นอกเมือง,สำนักงานคณะกรรมการการศึกษาขั้นพื้นฐาน,สพป.เชียงใหม่ เขต 3,18,26.85,17.69,14.04,11.18,40.74,30.54,28.70,16.49,35.19,32.34
2568,509,บ้านห้วยป่าซาง,แม่อาย,เล็ก,นอกเมือง,สำนักงานคณะกรรมการการศึกษาขั้นพื้นฐาน,สพป.เชียงใหม่ เขต 3,21,51.59,27.65,58.21,15.12,52.38,19.44,41.27,23.92,50.79,35.06
2568,510,บ้านห้วยปู,แม่อาย,เล็ก,นอกเมือง,สำนักงานคณะกรรมการการศึกษาขั้นพื้นฐาน,สพป.เชียงใหม่ เขต 3,14,55.95,22.37,48.72,16.39,47.62,27.36,47.62,20.76,57.14,19.63
2568,511,บ้านห้วยม่วง,แม่อาย,เล็ก,นอกเมือง,สำนักงานคณะกรรมการการศึกษาขั้นพื้นฐาน,สพป.เชียงใหม่ เขต 3,7,59.52,26.51,44.13,18.94,57.14,23.33,38.10,11.66,33.33,17.82
2568,512,บ้านห้วยศาลา,แม่อาย,เล็ก,นอกเมือง,สำนักงานคณะกรรมการการศึกษาขั้นพื้นฐาน,สพป.เชียงใหม่ เขต 3,24,35.42,21.14,44.90,20.85,36.11,28.73,34.03,20.68,45.83,30.14
2568,513,บ้านฮ่างต่ำ,แม่อาย,เล็ก,นอกเมือง,สำนักงานคณะกรรมการการศึกษาขั้นพื้นฐาน,สพป.เชียงใหม่ เขต 3,9,55.56,22.22,54.37,14.34,51.85,16.56,35.19,12.28,55.56,38.49
2568,514,ประพันธ์ - อารีย์ หงษ์สกุล (บ้านห้วยห,แม่อาย,กลาง,นอกเมือง,สำนักงานคณะกรรมการการศึกษาขั้นพื้นฐาน,สพป.เชียงใหม่ เขต 3,5,53.33,16.33,40.71,17.62,33.33,29.81,33.33,18.26,46.67,26.67
2568,515,เพียงหลวง 1 (บ้านท่าตอน),แม่อาย,กลาง,นอกเมือง,สำนักงานคณะกรรมการการศึกษาขั้นพื้นฐาน,สพป.เชียงใหม่ เขต 3,60,42.50,24.04,40.74,22.32,42.78,29.87,35.00,22.09,47.78,30.04
2568,516,ราชประชานุเคราะห์ 30,แม่อาย,กลาง,นอกเมือง,สำนักบริหารงานการศึกษาพิเศษ,-,28,41.07,22.04,33.26,17.73,35.71,25.08,32.14,20.86,52.38,25.86
2568,517,วัดห้วยน้ำเย็น,แม่อาย,เล็ก,นอกเมือง,สำนักงานคณะกรรมการการศึกษาขั้นพื้นฐาน,สพป.เชียงใหม่ เขต 3,12,33.33,19.25,26.19,19.07,27.78,22.91,23.61,17.29,38.89,29.92
2568,518,ศึกษานารีอนุสรณ์ 1 บ้านแม่เมืองน้อย,แม่อาย,เล็ก,นอกเมือง,สำนักงานคณะกรรมการการศึกษาขั้นพื้นฐาน,สพป.เชียงใหม่ เขต 3,13,48.72,24.86,57.97,19.13,61.54,31.61,43.59,20.19,56.41,24.05
2568,519,ศึกษานารีอนุสรณ์ 2,แม่อาย,กลาง,นอกเมือง,สำนักงานคณะกรรมการการศึกษาขั้นพื้นฐาน,สพป.เชียงใหม่ เขต 3,9,48.15,19.95,36.11,23.08,55.56,31.43,31.48,18.33,37.04,29.16
2568,520,ศูนย์การเรียนตำรวจตระเวนชายแดนบ้านนามะอื้น,แม่อาย,เล็ก,นอกเมือง,กองบัญชาการตำรวจตระเวนชายแดน,-,8,43.75,11.60,11.38,8.93,16.67,16.67,27.08,16.54,33.33,28.87
2568,521,เฮียงไทยธำรงค์,แม่อาย,เล็ก,นอกเมือง,กองบัญชาการตำรวจตระเวนชายแดน,-,14,22.62,20.52,16.84,14.30,38.10,24.74,28.57,14.68,28.57,27.77
2568,522,ตชด.เบญจมะ1,เวียงแหง,เล็ก,นอกเมือง,กองบัญชาการตำรวจตระเวนชายแดน,-,10,38.33,22.42,8.04,8.57,33.33,36.51,30.00,19.44,33.33,25.82
2568,523,บ้านกองลม,เวียงแหง,กลาง,นอกเมือง,สำนักงานคณะกรรมการการศึกษาขั้นพื้นฐาน,สพป.เชียงใหม่ เขต 3,30,48.89,26.15,49.61,18.67,53.33,23.73,40.00,20.00,40.00,29.06
2568,524,บ้านจอง,เวียงแหง,กลาง,นอกเมือง,สำนักงานคณะกรรมการการศึกษาขั้นพื้นฐาน,สพป.เชียงใหม่ เขต 3,23,42.03,24.01,50.35,20.26,44.93,23.28,39.86,18.87,50.72,29.27
2568,525,บ้านนามน,เวียงแหง,เล็ก,นอกเมือง,สำนักงานคณะกรรมการการศึกษาขั้นพื้นฐาน,สพป.เชียงใหม่ เขต 3,18,57.41,21.68,36.46,20.93,38.89,35.57,39.81,22.32,51.85,33.74
2568,526,บ้านปางป๋อ,เวียงแหง,เล็ก,นอกเมือง,สำนักงานคณะกรรมการการศึกษาขั้นพื้นฐาน,สพป.เชียงใหม่ เขต 3,17,49.02,24.57,47.06,22.30,43.14,29.74,36.27,20.00,49.02,30.50
2568,527,บ้านเปียงหลวง,เวียงแหง,กลาง,นอกเมือง,สำนักงานคณะกรรมการการศึกษาขั้นพื้นฐาน,สพป.เชียงใหม่ เขต 3,53,48.74,23.98,34.64,21.57,50.31,30.11,37.74,17.48,41.51,32.32
2568,528,บ้านม่วงป๊อก,เวียงแหง,กลาง,นอกเมือง,สำนักงานคณะกรรมการการศึกษาขั้นพื้นฐาน,สพป.เชียงใหม่ เขต 3,36,55.09,20.72,57.84,17.53,62.04,21.01,46.30,18.05,61.11,30.93
2568,529,บ้านเวียงแหง,เวียงแหง,กลาง,นอกเมือง,สำนักงานคณะกรรมการการศึกษาขั้นพื้นฐาน,สพป.เชียงใหม่ เขต 3,42,40.08,22.14,39.99,19.21,42.06,25.26,30.16,20.65,41.27,31.55
2568,530,บ้านห้วยไคร้,เวียงแหง,กลาง,นอกเมือง,สำนักงานคณะกรรมการการศึกษาขั้นพื้นฐาน,สพป.เชียงใหม่ เขต 3,23,34.78,20.21,41.69,17.71,36.23,21.79,38.41,18.67,46.38,27.34
2568,531,รัฐราษฎร์อุปถัมภ์,เวียงแหง,กลาง,นอกเมือง,สำนักงานคณะกรรมการการศึกษาขั้นพื้นฐาน,สพป.เชียงใหม่ เขต 3,25,55.33,20.93,61.57,15.52,57.33,24.07,48.67,21.56,50.67,26.87
2568,532,ชุมชนบ้านดง,สะเมิง,เล็ก,นอกเมือง,สำนักงานคณะกรรมการการศึกษาขั้นพื้นฐาน,สพป.เชียงใหม่ เขต 2,19,37.72,21.52,47.98,17.94,52.63,29.25,34.21,20.57,40.35,23.14
2568,533,ชุมชนบ้านแม่สาบ,สะเมิง,เล็ก,นอกเมือง,สำนักงานคณะกรรมการการศึกษาขั้นพื้นฐาน,สพป.เชียงใหม่ เขต 2,9,40.74,24.98,51.19,16.04,40.74,26.19,37.04,23.28,51.85,31.86
2568,534,ทรายทองราษฎร์อุทิศ,สะเมิง,เล็ก,นอกเมือง,สำนักงานคณะกรรมการการศึกษาขั้นพื้นฐาน,สพป.เชียงใหม่ เขต 2,18,44.44,20.79,54.56,14.66,48.15,19.95,44.44,16.67,50.00,33.79
2568,535,บ้านกิ่วเสือ,สะเมิง,เล็ก,นอกเมือง,สำนักงานคณะกรรมการการศึกษาขั้นพื้นฐาน,สพป.เชียงใหม่ เขต 2,7,59.52,31.94,47.19,20.89,42.86,15.06,38.10,14.68,19.05,24.28
2568,536,บ้านนากู่,สะเมิง,เล็ก,นอกเมือง,สำนักงานคณะกรรมการการศึกษาขั้นพื้นฐาน,สพป.เชียงใหม่ เขต 2,5,66.67,18.26,47.50,15.39,46.67,16.33,33.33,21.08,46.67,26.67
2568,537,บ้านบ่อแก้ว,สะเมิง,กลาง,นอกเมือง,สำนักงานคณะกรรมการการศึกษาขั้นพื้นฐาน,สพป.เชียงใหม่ เขต 2,37,40.09,23.72,40.28,19.21,45.95,29.36,37.84,20.74,40.54,27.00
2568,538,บ้านปางขุม,สะเมิง,เล็ก,นอกเมือง,สำนักงานคณะกรรมการการศึกษาขั้นพื้นฐาน,สพป.เชียงใหม่ เขต 2,9,44.44,22.22,48.02,10.50,37.04,18.89,27.78,13.61,48.15,22.83
2568,539,บ้านป่าลาน,สะเมิง,เล็ก,นอกเมือง,สำนักงานคณะกรรมการการศึกษาขั้นพื้นฐาน,สพป.เชียงใหม่ เขต 2,12,37.50,22.69,47.92,23.33,50.00,28.87,38.89,21.87,50.00,31.91
2568,540,บ้านแม่ขะปู,สะเมิง,เล็ก,นอกเมือง,สำนักงานคณะกรรมการการศึกษาขั้นพื้นฐาน,สพป.เชียงใหม่ เขต 2,15,44.44,23.31,44.76,25.63,42.22,22.66,44.44,22.50,33.33,24.34
2568,541,บ้านแม่โต๋,สะเมิง,เล็ก,นอกเมือง,สำนักงานคณะกรรมการการศึกษาขั้นพื้นฐาน,สพป.เชียงใหม่ เขต 2,14,45.24,27.04,53.83,21.73,54.76,32.38,29.76,21.98,47.62,30.12
2568,542,บ้านแม่ยางห้า,สะเมิง,เล็ก,นอกเมือง,สำนักงานคณะกรรมการการศึกษาขั้นพื้นฐาน,สพป.เชียงใหม่ เขต 2,25,54.00,26.78,43.00,17.55,45.33,31.10,37.33,18.43,45.33,26.47
2568,543,บ้านแม่ลานคำ,สะเมิง,เล็ก,นอกเมือง,สำนักงานคณะกรรมการการศึกษาขั้นพื้นฐาน,สพป.เชียงใหม่ เขต 2,16,46.88,20.60,29.19,20.20,16.67,26.35,32.29,18.13,41.67,34.36
2568,544,บ้านแม่แว,สะเมิง,เล็ก,นอกเมือง,สำนักงานคณะกรรมการการศึกษาขั้นพื้นฐาน,สพป.เชียงใหม่ เขต 2,10,36.67,24.49,39.55,26.57,26.67,24.94,30.00,14.53,60.00,24.94
2568,545,บ้านห้วยน้ำจาง,สะเมิง,เล็ก,นอกเมือง,สำนักงานคณะกรรมการการศึกษาขั้นพื้นฐาน,สพป.เชียงใหม่ เขต 2,17,37.25,25.26,44.54,16.25,47.06,30.38,52.94,20.00,43.14,29.74
2568,546,รัปปาปอร์ต,สะเมิง,เล็ก,นอกเมือง,สำนักงานคณะกรรมการการศึกษาขั้นพื้นฐาน,สพป.เชียงใหม่ เขต 2,18,49.07,21.13,42.46,23.39,48.15,31.86,41.67,26.21,40.74,26.19
2568,547,วัดงิ้วเฒ่า,สะเมิง,เล็ก,นอกเมือง,สำนักงานคณะกรรมการการศึกษาขั้นพื้นฐาน,สพป.เชียงใหม่ เขต 2,9,50.00,23.57,53.47,17.17,59.26,34.35,42.59,15.93,59.26,26.19
2568,548,วัดบ้านป้อก,สะเมิง,เล็ก,นอกเมือง,สำนักงานคณะกรรมการการศึกษาขั้นพื้นฐาน,สพป.เชียงใหม่ เขต 2,6,38.89,31.43,51.19,14.82,50.00,31.91,47.22,20.22,38.89,12.42
2568,549,วัดปางเติม,สะเมิง,เล็ก,นอกเมือง,สำนักงานคณะกรรมการการศึกษาขั้นพื้นฐาน,สพป.เชียงใหม่ เขต 2,9,44.44,20.79,39.48,22.97,44.44,15.71,46.30,15.27,40.74,20.95
2568,550,วัดแม่เลย,สะเมิง,เล็ก,นอกเมือง,สำนักงานคณะกรรมการการศึกษาขั้นพื้นฐาน,สพป.เชียงใหม่ เขต 2,10,51.67,21.67,39.82,20.81,40.00,29.06,40.00,15.28,43.33,21.34
2568,551,วัดยั้งเมิน,สะเมิง,เล็ก,นอกเมือง,สำนักงานคณะกรรมการการศึกษาขั้นพื้นฐาน,สพป.เชียงใหม่ เขต 2,10,51.67,26.30,61.43,20.93,40.00,29.06,43.33,18.56,46.67,37.12
2568,552,บ้านกอสะเลียม,สันกำแพง,เล็ก,นอกเมือง,สำนักงานคณะกรรมการการศึกษาขั้นพื้นฐาน,สพป.เชียงใหม่ เขต 1,6,52.78,29.53,48.21,9.39,44.44,31.43,33.33,13.61,33.33,19.25
2568,553,บ้านแช่ช้าง (เทพนานุกูล),สันกำแพง,เล็ก,นอกเมือง,สำนักงานคณะกรรมการการศึกษาขั้นพื้นฐาน,สพป.เชียงใหม่ เขต 1,21,63.49,27.03,50.98,20.37,58.73,27.03,45.24,19.34,60.32,28.39
2568,554,บ้านบวกค้าง,สันกำแพง,เล็ก,นอกเมือง,สำนักงานคณะกรรมการการศึกษาขั้นพื้นฐาน,สพป.เชียงใหม่ เขต 1,8,56.25,24.91,62.05,9.31,37.50,30.90,47.92,21.14,75.00,22.05
2568,555,บ้านบ่อสร้างนรากรประสาท,สันกำแพง,กลาง,นอกเมือง,สำนักงานคณะกรรมการการศึกษาขั้นพื้นฐาน,สพป.เชียงใหม่ เขต 1,40,54.58,26.08,51.14,18.19,50.83,29.80,40.83,18.24,48.33,29.77
2568,556,บ้านมอญ,สันกำแพง,เล็ก,นอกเมือง,สำนักงานคณะกรรมการการศึกษาขั้นพื้นฐาน,สพป.เชียงใหม่ เขต 1,12,68.06,24.96,67.86,23.81,58.33,27.64,52.78,17.79,58.33,30.81
2568,557,บ้านแม่ปูคา,สันกำแพง,เล็ก,นอกเมือง,สำนักงานคณะกรรมการการศึกษาขั้นพื้นฐาน,สพป.เชียงใหม่ เขต 1,19,41.23,25.57,50.23,20.01,36.84,28.40,36.84,13.87,43.86,26.61
2568,558,บ้านสันกำแพง,สันกำแพง,ใหญ่พิเศษ,นอกเมือง,สำนักงานคณะกรรมการการศึกษาขั้นพื้นฐาน,สพป.เชียงใหม่ เขต 1,348,59.82,24.76,55.88,18.78,56.70,28.08,49.19,21.26,54.50,31.19
2568,559,บ้านหนองโค้ง,สันกำแพง,กลาง,นอกเมือง,สำนักงานคณะกรรมการการศึกษาขั้นพื้นฐาน,สพป.เชียงใหม่ เขต 1,46,46.74,26.61,47.52,20.88,47.10,31.53,42.39,18.94,48.55,33.84
2568,560,วัดทรายมูลรัตนศึกษา,สันกำแพง,เล็ก,นอกเมือง,สำนักงานคณะกรรมการการศึกษาขั้นพื้นฐาน,สพป.เชียงใหม่ เขต 1,3,50.00,27.22,44.64,11.93,44.44,15.71,38.89,28.33,66.67,27.22
2568,561,วัดบ้านน้อย,สันกำแพง,เล็ก,นอกเมือง,สำนักงานคณะกรรมการการศึกษาขั้นพื้นฐาน,สพป.เชียงใหม่ เขต 1,13,67.95,21.14,60.44,18.92,66.67,22.65,56.41,19.10,51.28,24.86
2568,562,วัดป่าตาล,สันกำแพง,เล็ก,นอกเมือง,สำนักงานคณะกรรมการการศึกษาขั้นพื้นฐาน,สพป.เชียงใหม่ เขต 1,4,54.17,24.65,62.05,9.05,25.00,27.64,37.50,18.16,75.00,27.64
2568,563,วัดร้องวัวแดงศรีจันทร์วิทยาคาร,สันกำแพง,เล็ก,นอกเมือง,สำนักงานคณะกรรมการการศึกษาขั้นพื้นฐาน,สพป.เชียงใหม่ เขต 1,17,55.88,21.34,57.67,17.31,45.10,27.87,43.14,16.23,45.10,30.12
2568,564,วัดล้านตอง,สันกำแพง,เล็ก,นอกเมือง,สำนักงานคณะกรรมการการศึกษาขั้นพื้นฐาน,สพป.เชียงใหม่ เขต 1,8,54.17,21.65,51.67,22.12,54.17,23.20,35.42,19.43,50.00,28.87
2568,565,วัดสันกลางเหนือ,สันกำแพง,เล็ก,นอกเมือง,สำนักงานคณะกรรมการการศึกษาขั้นพื้นฐาน,สพป.เชียงใหม่ เขต 1,11,60.61,19.17,61.44,17.05,57.58,24.99,57.58,16.46,48.48,21.85
2568,566,วัดสันโค้ง,สันกำแพง,เล็ก,นอกเมือง,สำนักงานคณะกรรมการการศึกษาขั้นพื้นฐาน,สพป.เชียงใหม่ เขต 1,6,55.56,18.43,47.62,13.11,55.56,31.43,38.89,7.86,44.44,24.85
2568,567,วัดสันมะฮกฟ้า,สันกำแพง,เล็ก,นอกเมือง,สำนักงานคณะกรรมการการศึกษาขั้นพื้นฐาน,สพป.เชียงใหม่ เขต 1,19,48.25,22.87,51.03,19.35,45.61,29.04,49.12,19.10,56.14,34.29
2568,568,สวนเด็กสันกำแพง,สันกำแพง,กลาง,นอกเมือง,สำนักงานคณะกรรมการส่งเสริมการศึกษาเอกชน,-,36,51.39,22.35,50.50,19.76,39.81,32.22,43.52,26.14,49.07,30.92
2568,569,สันกำแพงคันธาอนุสรณ์,สันกำแพง,เล็ก,นอกเมือง,สำนักงานคณะกรรมการการศึกษาขั้นพื้นฐาน,สพป.เชียงใหม่ เขต 1,25,51.33,27.05,46.86,16.59,56.00,29.39,42.67,17.69,50.67,29.99
2568,570,ออนใต้วิทยา,สันกำแพง,เล็ก,นอกเมือง,สำนักงานคณะกรรมการการศึกษาขั้นพื้นฐาน,สพป.เชียงใหม่ เขต 1,14,30.95,17.66,41.39,21.48,35.71,26.62,29.76,14.34,50.00,24.40
2568,571,ชลประทานเขื่อนแม่กวงจิราธิวัฒน์อุปถัมภ์,สันทราย,กลาง,นอกเมือง,สำนักงานคณะกรรมการการศึกษาขั้นพื้นฐาน,สพป.เชียงใหม่ เขต 2,31,37.10,24.58,29.75,21.56,37.63,27.75,27.96,20.03,48.39,25.17
2568,572,ต้นกล้า,สันทราย,กลาง,นอกเมือง,สำนักงานคณะกรรมการส่งเสริมการศึกษาเอกชน,-,23,73.19,20.11,59.12,16.01,59.42,33.99,54.35,18.53,57.97,31.42
2568,573,บ้านเจดีย์แม่ครัว,สันทราย,กลาง,นอกเมือง,สำนักงานคณะกรรมการการศึกษาขั้นพื้นฐาน,สพป.เชียงใหม่ เขต 2,63,52.38,23.36,55.44,21.73,54.50,29.28,41.01,20.32,50.79,31.35
2568,574,บ้านท่าเกวียน,สันทราย,เล็ก,นอกเมือง,สำนักงานคณะกรรมการการศึกษาขั้นพื้นฐาน,สพป.เชียงใหม่ เขต 2,18,53.70,28.08,51.24,13.87,53.70,33.59,45.37,19.88,55.56,31.43
2568,575,บ้านบวกเปา,สันทราย,เล็ก,นอกเมือง,สำนักงานคณะกรรมการการศึกษาขั้นพื้นฐาน,สพป.เชียงใหม่ เขต 2,15,47.78,27.80,52.08,21.99,42.22,33.26,47.78,30.35,42.22,33.26
2568,576,บ้านป่าก้าง,สันทราย,เล็ก,นอกเมือง,สำนักงานคณะกรรมการการศึกษาขั้นพื้นฐาน,สพป.เชียงใหม่ เขต 2,8,47.92,15.45,35.94,6.53,58.33,22.05,47.92,9.99,58.33,22.05
2568,577,บ้านป่าบง,สันทราย,เล็ก,นอกเมือง,สำนักงานคณะกรรมการการศึกษาขั้นพื้นฐาน,สพป.เชียงใหม่ เขต 2,15,68.89,21.83,59.64,21.22,60.00,18.05,52.22,21.83,62.22,26.85
2568,578,บ้านป่าเหมือด,สันทราย,เล็ก,นอกเมือง,สำนักงานคณะกรรมการการศึกษาขั้นพื้นฐาน,สพป.เชียงใหม่ เขต 2,18,62.96,29.16,72.42,15.39,57.41,24.36,47.22,25.61,62.96,24.57
2568,579,บ้านโปง,สันทราย,เล็ก,นอกเมือง,สำนักงานคณะกรรมการการศึกษาขั้นพื้นฐาน,สพป.เชียงใหม่ เขต 2,12,33.33,22.57,49.11,20.46,52.78,21.34,33.33,20.41,36.11,21.34
2568,580,บ้านโป่ง,สันทราย,เล็ก,นอกเมือง,สำนักงานคณะกรรมการการศึกษาขั้นพื้นฐาน,สพป.เชียงใหม่ เขต 2,8,37.50,19.98,51.79,17.57,37.50,26.02,39.58,23.48,37.50,26.02
2568,581,บ้านเมืองขอน,สันทราย,เล็ก,นอกเมือง,สำนักงานคณะกรรมการการศึกษาขั้นพื้นฐาน,สพป.เชียงใหม่ เขต 2,6,47.22,26.21,62.95,11.03,44.44,15.71,44.44,15.71,61.11,22.91
2568,582,บ้านแม่โจ้,สันทราย,กลาง,นอกเมือง,สำนักงานคณะกรรมการการศึกษาขั้นพื้นฐาน,สพป.เชียงใหม่ เขต 2,77,50.00,24.76,48.68,18.62,48.92,27.70,41.34,19.67,46.32,29.99
2568,583,บ้านแม่แต,สันทราย,เล็ก,นอกเมือง,สำนักงานคณะกรรมการการศึกษาขั้นพื้นฐาน,สพป.เชียงใหม่ เขต 2,4,37.50,21.65,52.23,18.62,41.67,14.43,50.00,11.79,58.33,43.30
2568,584,บ้านแม่แฝก,สันทราย,เล็ก,นอกเมือง,สำนักงานคณะกรรมการการศึกษาขั้นพื้นฐาน,สพป.เชียงใหม่ เขต 2,17,50.98,26.49,50.00,22.79,50.98,30.50,43.14,19.01,60.78,20.56
2568,585,บ้านแม่ย่อย,สันทราย,เล็ก,นอกเมือง,สำนักงานคณะกรรมการการศึกษาขั้นพื้นฐาน,สพป.เชียงใหม่ เขต 2,18,62.04,23.44,51.04,17.77,46.30,25.19,50.93,22.55,51.85,19.95
2568,586,บ้านร่มหลวง,สันทราย,เล็ก,นอกเมือง,สำนักงานคณะกรรมการการศึกษาขั้นพื้นฐาน,สพป.เชียงใหม่ เขต 2,15,66.67,18.26,52.02,14.10,55.56,26.29,45.56,17.71,68.89,25.72
2568,587,บ้านศรีงาม,สันทราย,เล็ก,นอกเมือง,สำนักงานคณะกรรมการการศึกษาขั้นพื้นฐาน,สพป.เชียงใหม่ เขต 2,7,66.67,8.91,51.53,11.90,57.14,29.35,42.86,17.50,52.38,30.12
2568,588,บ้านศรีบุญเรือง,สันทราย,กลาง,นอกเมือง,สำนักงานคณะกรรมการการศึกษาขั้นพื้นฐาน,สพป.เชียงใหม่ เขต 2,23,36.96,21.96,40.61,22.68,44.93,25.27,38.41,24.29,43.48,30.19
2568,589,บ้านสันพระเนตร,สันทราย,เล็ก,นอกเมือง,สำนักงานคณะกรรมการการศึกษาขั้นพื้นฐาน,สพป.เชียงใหม่ เขต 2,11,54.55,22.58,58.60,12.39,45.45,25.71,54.55,16.03,66.67,24.62
2568,590,บ้านสันศรี,สันทราย,เล็ก,นอกเมือง,สำนักงานคณะกรรมการการศึกษาขั้นพื้นฐาน,สพป.เชียงใหม่ เขต 2,9,66.67,19.25,65.08,13.23,51.85,27.72,42.59,15.93,59.26,20.95
2568,591,บ้านหนองไคร้,สันทราย,กลาง,นอกเมือง,สำนักงานคณะกรรมการการศึกษาขั้นพื้นฐาน,สพป.เชียงใหม่ เขต 2,66,47.73,23.90,42.21,20.72,56.06,25.40,45.96,22.11,48.48,27.33
2568,592,บ้านหนองมะจับ,สันทราย,เล็ก,นอกเมือง,สำนักงานคณะกรรมการการศึกษาขั้นพื้นฐาน,สพป.เชียงใหม่ เขต 2,4,54.17,13.82,70.54,17.43,83.33,16.67,50.00,11.79,66.67,23.57
2568,593,บ้านหนองหาร,สันทราย,เล็ก,นอกเมือง,สำนักงานคณะกรรมการการศึกษาขั้นพื้นฐาน,สพป.เชียงใหม่ เขต 2,11,57.58,19.28,69.48,17.27,57.58,32.07,42.42,21.75,48.48,32.92
2568,594,บ้านหลักปัน,สันทราย,กลาง,นอกเมือง,สำนักงานคณะกรรมการการศึกษาขั้นพื้นฐาน,สพป.เชียงใหม่ เขต 2,17,61.76,24.09,74.58,13.00,72.55,26.16,51.96,27.35,66.67,25.57
2568,595,บ้านห้วยเกี๋ยง,สันทราย,กลาง,นอกเมือง,สำนักงานคณะกรรมการการศึกษาขั้นพื้นฐาน,สพป.เชียงใหม่ เขต 2,49,46.60,24.97,46.28,21.28,52.38,26.94,41.50,23.36,45.58,30.63
2568,596,บ้านหัวฝาย,สันทราย,เล็ก,นอกเมือง,สำนักงานคณะกรรมการการศึกษาขั้นพื้นฐาน,สพป.เชียงใหม่ เขต 2,7,64.29,16.50,60.20,20.02,52.38,34.99,52.38,20.76,57.14,23.33
2568,597,พงษ์พิกุลเชียงใหม่,สันทราย,กลาง,นอกเมือง,สำนักงานคณะกรรมการส่งเสริมการศึกษาเอกชน,-,32,45.31,24.02,43.64,20.25,53.13,28.70,38.54,16.89,47.92,27.56
2568,598,วัดแม่แก้ดน้อย,สันทราย,ใหญ่,นอกเมือง,สำนักงานคณะกรรมการการศึกษาขั้นพื้นฐาน,สพป.เชียงใหม่ เขต 2,114,43.71,23.82,47.31,22.61,45.91,27.00,40.35,20.34,45.91,28.06
2568,599,วัดสันคะยอม,สันทราย,เล็ก,นอกเมือง,สำนักงานคณะกรรมการการศึกษาขั้นพื้นฐาน,สพป.เชียงใหม่ เขต 2,18,62.96,24.57,61.51,21.56,68.52,30.37,58.33,18.63,55.56,29.40
2568,600,วัดสันทรายมูล,สันทราย,เล็ก,นอกเมือง,สำนักงานคณะกรรมการการศึกษาขั้นพื้นฐาน,สพป.เชียงใหม่ เขต 2,16,62.50,18.16,64.40,17.62,56.25,22.73,53.13,22.22,70.83,19.98
2568,601,วีรยาเชียงใหม่,สันทราย,กลาง,นอกเมือง,สำนักงานคณะกรรมการส่งเสริมการศึกษาเอกชน,-,37,60.36,22.04,57.26,16.86,57.66,27.56,50.00,24.20,57.66,31.62
2568,602,ศรีสังวาลย์เชียงใหม่,สันทราย,กลาง,นอกเมือง,สำนักบริหารงานการศึกษาพิเศษ,-,0,-,-,-,-,-,-,-,-,-,-
2568,603,สวนองุ่นเชียงใหม่,สันทราย,กลาง,นอกเมือง,สำนักงานคณะกรรมการส่งเสริมการศึกษาเอกชน,-,37,55.41,24.83,50.43,17.34,53.15,27.36,47.75,20.56,56.76,30.87
2568,604,สันทรายหลวง,สันทราย,กลาง,นอกเมือง,สำนักงานคณะกรรมการการศึกษาขั้นพื้นฐาน,สพป.เชียงใหม่ เขต 2,55,58.18,23.97,54.16,15.08,63.64,27.91,54.24,22.52,54.55,27.97
2568,605,กิ่วแลน้อยประสิทธิ์วิทยา,สันป่าตอง,กลาง,นอกเมือง,สำนักงานคณะกรรมการการศึกษาขั้นพื้นฐาน,สพป.เชียงใหม่ เขต 4,16,61.46,17.40,51.34,20.34,58.33,30.05,50.00,22.05,60.42,26.92
2568,606,ชุมชนกิ่วแลหลวงประสิทธิ์วิทยา,สันป่าตอง,เล็ก,นอกเมือง,สำนักงานคณะกรรมการการศึกษาขั้นพื้นฐาน,สพป.เชียงใหม่ เขต 4,7,35.71,22.59,42.09,20.71,23.81,23.33,35.71,16.50,28.57,32.99
2568,607,ทุ่งฟ้าบดราษฎร์บำรุง,สันป่าตอง,กลาง,นอกเมือง,กรมส่งเสริมการปกครองท้องถิ่น,ท้องถิ่นจังหวัดเชียงใหม่,93,54.66,24.97,47.34,22.44,53.76,30.54,44.09,22.08,43.73,31.29
2568,608,บ้านทุ่งเสี้ยว (นวรัฐ),สันป่าตอง,เล็ก,นอกเมือง,สำนักงานคณะกรรมการการศึกษาขั้นพื้นฐาน,สพป.เชียงใหม่ เขต 4,18,49.07,23.88,50.20,21.13,48.15,31.86,37.96,20.64,40.74,34.35
2568,609,บ้านเปียง,สันป่าตอง,เล็ก,นอกเมือง,สำนักงานคณะกรรมการการศึกษาขั้นพื้นฐาน,สพป.เชียงใหม่ เขต 4,9,40.74,29.51,49.31,16.90,25.93,26.19,38.89,19.25,40.74,26.19
2568,610,บ้านม่วงพี่น้อง,สันป่าตอง,เล็ก,นอกเมือง,สำนักงานคณะกรรมการการศึกษาขั้นพื้นฐาน,สพป.เชียงใหม่ เขต 4,9,50.00,26.06,33.73,15.28,25.93,20.95,25.93,19.42,22.22,22.22
2568,611,บ้านแม่กุ้งหลวง,สันป่าตอง,เล็ก,นอกเมือง,สำนักงานคณะกรรมการการศึกษาขั้นพื้นฐาน,สพป.เชียงใหม่ เขต 4,5,60.00,8.16,64.82,15.75,53.33,26.67,46.67,22.11,53.33,33.99
2568,612,บ้านร่องน้ำ,สันป่าตอง,เล็ก,นอกเมือง,สำนักงานคณะกรรมการการศึกษาขั้นพื้นฐาน,สพป.เชียงใหม่ เขต 4,2,50.00,16.67,47.32,16.96,33.33,0.00,25.00,25.00,50.00,16.67
2568,613,บ้านห้วยส้ม,สันป่าตอง,เล็ก,นอกเมือง,สำนักงานคณะกรรมการการศึกษาขั้นพื้นฐาน,สพป.เชียงใหม่ เขต 4,19,61.40,20.27,55.40,20.54,63.16,30.39,43.86,18.90,61.40,27.07
2568,614,บ้านหัวริน,สันป่าตอง,เล็ก,นอกเมือง,สำนักงานคณะกรรมการการศึกษาขั้นพื้นฐาน,สพป.เชียงใหม่ เขต 4,20,60.00,17.00,47.50,20.02,51.67,28.82,40.00,21.34,50.00,26.87
2568,615,พัฒนวิทย์ศึกษา,สันป่าตอง,ใหญ่,นอกเมือง,สำนักงานคณะกรรมการส่งเสริมการศึกษาเอกชน,-,70,40.95,26.08,42.18,23.50,40.00,29.06,39.05,23.21,45.71,28.82
2568,616,วัดกู่คำ,สันป่าตอง,เล็ก,นอกเมือง,สำนักงานคณะกรรมการการศึกษาขั้นพื้นฐาน,สพป.เชียงใหม่ เขต 4,22,44.70,23.24,45.58,21.90,36.36,28.26,46.21,16.61,45.45,23.67
2568,617,วัดช่างกระดาษ,สันป่าตอง,เล็ก,นอกเมือง,สำนักงานคณะกรรมการการศึกษาขั้นพื้นฐาน,สพป.เชียงใหม่ เขต 4,4,41.67,18.63,41.52,13.21,16.67,16.67,45.83,7.22,33.33,23.57
2568,618,วัดดงป่างิ้ว,สันป่าตอง,เล็ก,นอกเมือง,สำนักงานคณะกรรมการการศึกษาขั้นพื้นฐาน,สพป.เชียงใหม่ เขต 4,2,66.67,16.67,50.00,10.71,33.33,0.00,41.67,25.00,16.67,16.67
2568,619,วัดท่ากาน,สันป่าตอง,เล็ก,นอกเมือง,สำนักงานคณะกรรมการการศึกษาขั้นพื้นฐาน,สพป.เชียงใหม่ เขต 4,6,55.56,12.42,57.14,14.73,38.89,12.42,52.78,22.40,50.00,25.46
2568,620,วัดน้ำบ่อหลวง,สันป่าตอง,เล็ก,นอกเมือง,สำนักงานคณะกรรมการการศึกษาขั้นพื้นฐาน,สพป.เชียงใหม่ เขต 4,14,46.43,25.34,48.60,18.11,54.76,29.83,35.71,28.77,42.86,26.51
2568,621,วัดโรงวัว,สันป่าตอง,เล็ก,นอกเมือง,สำนักงานคณะกรรมการการศึกษาขั้นพื้นฐาน,สพป.เชียงใหม่ เขต 4,14,29.76,21.06,40.11,13.24,35.71,29.45,40.48,21.56,47.62,32.65
2568,622,วัดสามหลัง,สันป่าตอง,เล็ก,นอกเมือง,สำนักงานคณะกรรมการการศึกษาขั้นพื้นฐาน,สพป.เชียงใหม่ เขต 4,7,85.71,5.83,63.65,23.28,71.43,27.77,54.76,23.08,80.95,16.50
2568,623,วัดอุเม็ง,สันป่าตอง,เล็ก,นอกเมือง,สำนักงานคณะกรรมการการศึกษาขั้นพื้นฐาน,สพป.เชียงใหม่ เขต 4,8,50.00,25.00,50.22,16.64,58.33,27.64,41.67,11.79,50.00,44.10
2568,624,วิมานทิพย์,สันป่าตอง,เล็ก,นอกเมือง,สำนักงานคณะกรรมการส่งเสริมการศึกษาเอกชน,-,23,68.12,20.80,61.49,19.91,46.38,27.34,55.07,25.27,56.52,31.75
2568,625,สันป่าตอง,สันป่าตอง,เล็ก,นอกเมือง,กรมส่งเสริมการปกครองท้องถิ่น,ท้องถิ่นจังหวัดเชียงใหม่,12,63.89,14.96,52.68,19.18,27.78,18.43,48.61,20.93,44.44,34.25
2568,626,สันป่าตอง (สุวรรณราษฎร์วิทยาคาร),สันป่าตอง,ใหญ่,นอกเมือง,สำนักงานคณะกรรมการการศึกษาขั้นพื้นฐาน,สพป.เชียงใหม่ เขต 4,165,58.48,25.40,53.24,20.85,50.30,27.37,46.57,23.03,52.53,31.39
2568,627,อุ่นไอรัก เชียงใหม่,สันป่าตอง,เล็ก,นอกเมือง,สำนักงานคณะกรรมการส่งเสริมการศึกษาเอกชน,-,23,45.65,29.17,50.93,26.60,49.28,30.88,42.03,24.51,50.72,29.27
2568,628,ช่องฟ้าซินเซิงวาณิชบำรุง,สารภี,ใหญ่พิเศษ,นอกเมือง,สำนักงานคณะกรรมการส่งเสริมการศึกษาเอกชน,-,256,63.09,23.69,58.30,19.25,56.64,28.25,53.13,21.58,58.98,30.72
2568,629,ชุมชนวัดปากกอง,สารภี,เล็ก,นอกเมือง,สำนักงานคณะกรรมการการศึกษาขั้นพื้นฐาน,สพป.เชียงใหม่ เขต 4,11,57.58,24.99,55.28,23.66,63.64,26.42,46.97,21.10,45.45,35.60
2568,630,ชุมชนวัดศรีคำชมภู,สารภี,กลาง,นอกเมือง,สำนักงานคณะกรรมการการศึกษาขั้นพื้นฐาน,สพป.เชียงใหม่ เขต 4,24,48.61,18.58,38.62,21.81,38.89,28.33,38.19,17.00,38.89,28.33
2568,631,เทศบาลตำบลยางเนิ้ง,สารภี,กลาง,นอกเมือง,กรมส่งเสริมการปกครองท้องถิ่น,ท้องถิ่นจังหวัดเชียงใหม่,31,40.32,23.10,38.36,23.85,40.86,26.38,34.95,20.02,31.18,28.00
2568,632,บ้านปากเหมือง,สารภี,กลาง,นอกเมือง,สำนักงานคณะกรรมการการศึกษาขั้นพื้นฐาน,สพป.เชียงใหม่ เขต 4,30,56.67,23.41,57.02,14.93,58.89,22.25,41.11,17.07,66.67,24.34
2568,633,บ้านสันทราย,สารภี,เล็ก,นอกเมือง,สำนักงานคณะกรรมการการศึกษาขั้นพื้นฐาน,สพป.เชียงใหม่ เขต 4,13,52.56,18.31,61.40,21.38,35.90,33.23,42.31,18.04,48.72,36.08
2568,634,ยุวฑูตศึกษาพัฒนา,สารภี,ใหญ่,นอกเมือง,สำนักงานคณะกรรมการส่งเสริมการศึกษาเอกชน,-,22,60.61,22.78,48.50,20.31,40.91,22.32,38.64,20.34,56.06,29.11
2568,635,วชิราลัย,สารภี,กลาง,นอกเมือง,สำนักงานคณะกรรมการส่งเสริมการศึกษาเอกชน,-,53,47.17,20.15,53.69,19.04,44.03,29.51,57.23,22.32,53.46,28.48
2568,636,วัดกองทราย,สารภี,เล็ก,นอกเมือง,สำนักงานคณะกรรมการการศึกษาขั้นพื้นฐาน,สพป.เชียงใหม่ เขต 4,12,40.28,15.90,35.12,20.78,44.44,24.85,38.89,20.79,52.78,21.34
2568,637,วัดท่าต้นกวาว,สารภี,เล็ก,นอกเมือง,สำนักงานคณะกรรมการการศึกษาขั้นพื้นฐาน,สพป.เชียงใหม่ เขต 4,18,52.78,25.00,41.57,16.24,37.04,26.96,37.04,18.05,50.00,27.78
2568,638,วัดเทพาราม,สารภี,เล็ก,นอกเมือง,สำนักงานคณะกรรมการการศึกษาขั้นพื้นฐาน,สพป.เชียงใหม่ เขต 4,14,51.19,23.11,64.92,12.82,57.14,26.51,45.24,18.29,61.90,24.74
2568,639,วัดนันทาราม,สารภี,เล็ก,นอกเมือง,สำนักงานคณะกรรมการการศึกษาขั้นพื้นฐาน,สพป.เชียงใหม่ เขต 4,9,74.07,19.42,67.66,22.20,48.15,16.56,64.81,19.95,77.78,22.22
2568,640,วัดบวกครกเหนือ,สารภี,เล็ก,นอกเมือง,สำนักงานคณะกรรมการการศึกษาขั้นพื้นฐาน,สพป.เชียงใหม่ เขต 4,13,37.18,29.35,42.72,20.33,35.90,30.55,30.77,26.83,38.46,28.78
2568,641,วัดพญาชมภู,สารภี,เล็ก,นอกเมือง,สำนักงานคณะกรรมการการศึกษาขั้นพื้นฐาน,สพป.เชียงใหม่ เขต 4,12,52.78,17.79,66.22,13.67,55.56,24.85,40.28,18.58,63.89,31.79
2568,642,วัดพระนอนหนองผึ้ง,สารภี,เล็ก,นอกเมือง,สำนักงานคณะกรรมการการศึกษาขั้นพื้นฐาน,สพป.เชียงใหม่ เขต 4,30,51.11,26.85,59.76,20.29,60.00,30.31,37.78,20.61,48.89,30.71
2568,643,วัดแม่สะลาบ,สารภี,เล็ก,นอกเมือง,สำนักงานคณะกรรมการการศึกษาขั้นพื้นฐาน,สพป.เชียงใหม่ เขต 4,22,49.24,25.36,49.51,21.16,48.48,27.94,43.94,15.53,40.91,36.14
2568,644,วัดเวฬุวัน,สารภี,ใหญ่,นอกเมือง,สำนักงานคณะกรรมการการศึกษาขั้นพื้นฐาน,สพป.เชียงใหม่ เขต 4,171,54.39,23.26,47.38,20.12,54.00,28.42,43.76,20.87,49.90,31.09
2568,645,วัดศรีดอนชัย,สารภี,เล็ก,นอกเมือง,สำนักงานคณะกรรมการการศึกษาขั้นพื้นฐาน,สพป.เชียงใหม่ เขต 4,12,54.17,21.65,50.00,27.80,55.56,28.33,45.83,25.57,50.00,25.46
2568,646,วัดศรีโพธาราม,สารภี,เล็ก,นอกเมือง,สำนักงานคณะกรรมการการศึกษาขั้นพื้นฐาน,สพป.เชียงใหม่ เขต 4,10,58.33,18.63,54.46,13.95,50.00,22.36,35.00,18.93,66.67,29.81
2568,647,วัดสันดอนมูล,สารภี,เล็ก,นอกเมือง,สำนักงานคณะกรรมการการศึกษาขั้นพื้นฐาน,สพป.เชียงใหม่ เขต 4,13,47.44,18.31,43.89,12.85,51.28,24.86,42.31,20.27,48.72,28.09
2568,648,เวียงเศรษฐีวิทยา,สารภี,เล็ก,นอกเมือง,สำนักงานคณะกรรมการการศึกษาขั้นพื้นฐาน,สพป.เชียงใหม่ เขต 4,15,50.00,23.57,49.76,16.90,62.22,29.48,38.89,16.85,46.67,33.99
2568,649,ศูนย์การเรียนแห่งความหวังและอนาคต,สารภี,เล็ก,นอกเมือง,สำนักงานคณะกรรมการการศึกษาขั้นพื้นฐาน,สพป.เชียงใหม่ เขต 4,2,41.67,8.33,47.32,4.46,66.67,0.00,33.33,0.00,83.33,16.67
2568,650,สืบนทีธรรม,สารภี,กลาง,นอกเมือง,สำนักงานคณะกรรมการส่งเสริมการศึกษาเอกชน,-,39,48.72,23.98,39.97,22.46,37.61,26.34,37.18,20.49,52.14,31.84
2568,651,ต้นแก้วผดุงพิทยาลัย,หางดง,ใหญ่,นอกเมือง,กรมส่งเสริมการปกครองท้องถิ่น,ท้องถิ่นจังหวัดเชียงใหม่,134,42.04,23.10,38.60,22.48,41.04,30.18,37.81,21.66,44.03,31.70
2568,652,เทศบาลหนองตองวิทยา,หางดง,เล็ก,นอกเมือง,กรมส่งเสริมการปกครองท้องถิ่น,ท้องถิ่นจังหวัดเชียงใหม่,19,40.35,24.37,39.85,20.70,35.09,25.30,35.09,21.56,47.37,29.25
2568,653,เทศบาลหางดง (ประชาคมสร้างสรรค์),หางดง,ใหญ่,นอกเมือง,กรมส่งเสริมการปกครองท้องถิ่น,ท้องถิ่นจังหวัดเชียงใหม่,65,61.03,25.70,54.84,20.76,55.38,27.60,45.13,21.43,56.41,30.90
2568,654,นันทชาติ เกรด สคูล,หางดง,เล็ก,นอกเมือง,สำนักงานคณะกรรมการส่งเสริมการศึกษาเอกชน,-,2,83.33,0.00,75.00,1.79,83.33,16.67,75.00,8.33,66.67,33.33
2568,655,บ้านคุณแม่,หางดง,เล็ก,นอกเมือง,สำนักงานคณะกรรมการส่งเสริมการศึกษาเอกชน,-,20,59.17,24.99,53.97,18.59,48.33,26.82,51.67,21.67,66.67,21.08
2568,656,บ้านดง,หางดง,เล็ก,นอกเมือง,สำนักงานคณะกรรมการการศึกษาขั้นพื้นฐาน,สพป.เชียงใหม่ เขต 4,18,70.37,21.20,66.27,15.95,68.52,23.50,65.74,26.34,62.96,29.16
2568,657,บ้านตองกาย,หางดง,เล็ก,นอกเมือง,สำนักงานคณะกรรมการการศึกษาขั้นพื้นฐาน,สพป.เชียงใหม่ เขต 4,15,28.89,20.61,35.18,14.68,42.22,22.66,27.78,18.92,35.56,28.46
2568,658,บ้านทรายมูล,หางดง,กลาง,นอกเมือง,สำนักงานคณะกรรมการการศึกษาขั้นพื้นฐาน,สพป.เชียงใหม่ เขต 4,48,45.14,22.81,45.81,18.74,40.28,28.02,36.11,18.11,43.75,27.35
2568,659,บ้านท้าวบุญเรือง,หางดง,เล็ก,นอกเมือง,สำนักงานคณะกรรมการการศึกษาขั้นพื้นฐาน,สพป.เชียงใหม่ เขต 4,16,55.21,20.17,52.12,19.52,56.25,34.80,42.71,13.13,64.58,27.56
2568,660,บ้านน้ำแพร่,หางดง,เล็ก,นอกเมือง,สำนักงานคณะกรรมการการศึกษาขั้นพื้นฐาน,สพป.เชียงใหม่ เขต 4,13,57.69,16.81,56.46,17.99,33.33,18.49,44.87,17.76,51.28,24.86
2568,661,บ้านปง,หางดง,เล็ก,นอกเมือง,สำนักงานคณะกรรมการการศึกษาขั้นพื้นฐาน,สพป.เชียงใหม่ เขต 4,19,45.61,22.84,48.50,17.07,49.12,29.36,32.46,19.10,42.11,30.29
2568,662,บ้านป่าตาล,หางดง,เล็ก,นอกเมือง,สำนักงานคณะกรรมการการศึกษาขั้นพื้นฐาน,สพป.เชียงใหม่ เขต 4,31,47.31,22.84,42.57,19.41,46.24,30.15,40.86,18.37,58.06,31.64
2568,663,บ้านฟ่อน,หางดง,เล็ก,นอกเมือง,สำนักงานคณะกรรมการการศึกษาขั้นพื้นฐาน,สพป.เชียงใหม่ เขต 4,5,60.00,20.00,62.50,16.17,66.67,21.08,40.00,24.94,53.33,33.99
2568,664,บ้านไร่,หางดง,เล็ก,นอกเมือง,สำนักงานคณะกรรมการการศึกษาขั้นพื้นฐาน,สพป.เชียงใหม่ เขต 4,6,50.00,19.25,68.15,14.15,50.00,16.67,47.22,11.45,55.56,24.85
2568,665,บ้านวังศรี,หางดง,เล็ก,นอกเมือง,สำนักงานคณะกรรมการการศึกษาขั้นพื้นฐาน,สพป.เชียงใหม่ เขต 4,7,45.24,30.49,40.69,17.69,57.14,23.33,38.10,14.68,42.86,38.69
2568,666,บ้านสันทราย,หางดง,เล็ก,นอกเมือง,สำนักงานคณะกรรมการการศึกษาขั้นพื้นฐาน,สพป.เชียงใหม่ เขต 4,9,59.26,30.54,33.83,15.75,44.44,15.71,37.04,13.09,40.74,30.54
2568,667,บ้านสันป่าสัก,หางดง,กลาง,นอกเมือง,สำนักงานคณะกรรมการการศึกษาขั้นพื้นฐาน,สพป.เชียงใหม่ เขต 4,49,57.48,26.10,52.10,18.76,55.78,29.65,43.88,21.48,58.50,29.76
2568,668,บ้านสันผักหวาน,หางดง,เล็ก,นอกเมือง,สำนักงานคณะกรรมการการศึกษาขั้นพื้นฐาน,สพป.เชียงใหม่ เขต 4,18,46.30,20.45,49.50,21.79,44.44,22.22,43.52,18.54,64.81,28.27
2568,669,บ้านแสนตอ,หางดง,เล็ก,นอกเมือง,สำนักงานคณะกรรมการการศึกษาขั้นพื้นฐาน,สพป.เชียงใหม่ เขต 4,11,40.91,25.98,40.02,20.71,36.36,22.27,36.36,19.87,51.52,29.69
2568,670,พันธสัญญา,หางดง,เล็ก,นอกเมือง,สำนักงานคณะกรรมการส่งเสริมการศึกษาเอกชน,-,8,45.83,16.14,58.15,18.33,45.83,33.07,22.92,14.28,50.00,28.87
2568,671,ลักษณ์พงค์วิทยา,หางดง,เล็ก,นอกเมือง,สำนักงานคณะกรรมการส่งเสริมการศึกษาเอกชน,-,10,45.00,21.15,38.04,27.01,33.33,25.82,40.00,20.00,43.33,21.34
2568,672,วัดคีรีเขต,หางดง,เล็ก,นอกเมือง,สำนักงานคณะกรรมการการศึกษาขั้นพื้นฐาน,สพป.เชียงใหม่ เขต 4,5,30.00,19.44,32.86,14.84,33.33,42.16,33.33,10.54,60.00,24.94
2568,673,วัดจอมทอง,หางดง,เล็ก,นอกเมือง,สำนักงานคณะกรรมการการศึกษาขั้นพื้นฐาน,สพป.เชียงใหม่ เขต 4,8,39.58,29.97,51.12,17.88,37.50,19.98,37.50,18.16,41.67,27.64
2568,674,วัดช่างคำ,หางดง,เล็ก,นอกเมือง,สำนักงานคณะกรรมการการศึกษาขั้นพื้นฐาน,สพป.เชียงใหม่ เขต 4,4,66.67,20.41,61.61,21.48,41.67,14.43,41.67,18.63,75.00,27.64
2568,675,วัดประชาเกษม,หางดง,เล็ก,นอกเมือง,สำนักงานคณะกรรมการการศึกษาขั้นพื้นฐาน,สพป.เชียงใหม่ เขต 4,24,32.64,23.80,28.31,25.01,37.50,26.02,31.94,18.58,43.06,28.02
2568,676,วัดพระเจ้าเหลื้อม,หางดง,เล็ก,นอกเมือง,สำนักงานคณะกรรมการการศึกษาขั้นพื้นฐาน,สพป.เชียงใหม่ เขต 4,6,75.00,15.96,69.05,12.86,83.33,16.67,69.44,14.96,61.11,12.42
2568,677,วัดศรีล้อม,หางดง,เล็ก,นอกเมือง,สำนักงานคณะกรรมการการศึกษาขั้นพื้นฐาน,สพป.เชียงใหม่ เขต 4,6,41.67,20.97,27.08,16.95,27.78,12.42,19.44,14.96,33.33,27.22
2568,678,วัดศรีสว่าง,หางดง,เล็ก,นอกเมือง,สำนักงานคณะกรรมการการศึกษาขั้นพื้นฐาน,สพป.เชียงใหม่ เขต 4,11,50.00,25.62,42.13,19.12,39.39,23.86,33.33,18.80,42.42,28.75
2568,679,สาธิตนานาชาติทวิภาษาแห่งมหาวิทยาลัยรังสิต เชียงใหม่,หางดง,กลาง,นอกเมือง,สำนักงานคณะกรรมการส่งเสริมการศึกษาเอกชน,-,1,66.67,0.00,21.43,0.00,66.67,0.00,50.00,0.00,66.67,0.00
2568,680,ชุมชนบ้านใหม่,อมก๋อย,เล็ก,นอกเมือง,สำนักงานคณะกรรมการการศึกษาขั้นพื้นฐาน,สพป.เชียงใหม่ เขต 5,18,35.19,22.83,33.23,23.41,29.63,29.16,34.26,19.62,50.00,31.91
2568,681,ชุมชนบ้านอมก๋อย,อมก๋อย,กลาง,นอกเมือง,สำนักงานคณะกรรมการการศึกษาขั้นพื้นฐาน,สพป.เชียงใหม่ เขต 5,38,45.18,25.34,45.35,23.07,44.74,32.69,29.39,20.03,42.11,29.30
2568,682,ตชด.บางกอกเชฟแชร์ริตี้,อมก๋อย,เล็ก,นอกเมือง,กองบัญชาการตำรวจตระเวนชายแดน,-,14,34.52,19.38,20.03,13.77,35.71,26.62,30.95,18.75,30.95,34.42
2568,683,ตรีมิตรวิทยา,อมก๋อย,กลาง,นอกเมือง,สำนักงานคณะกรรมการการศึกษาขั้นพื้นฐาน,สพป.เชียงใหม่ เขต 5,8,41.67,22.05,48.44,17.73,41.67,27.64,35.42,22.73,25.00,22.05
2568,684,ท่านผู้หญิงประไพ ศิวะโกเศศ,อมก๋อย,เล็ก,นอกเมือง,กองบัญชาการตำรวจตระเวนชายแดน,-,9,70.37,20.45,51.69,14.58,37.04,29.16,68.52,19.95,51.85,38.84
2568,685,ทุ่งต้นงิ้ว,อมก๋อย,เล็ก,นอกเมือง,สำนักงานคณะกรรมการการศึกษาขั้นพื้นฐาน,สพป.เชียงใหม่ เขต 5,26,25.64,18.04,17.38,13.41,29.49,23.25,25.64,18.04,34.62,26.92
2568,686,บ้านขุนตื่น,อมก๋อย,เล็ก,นอกเมือง,สำนักงานคณะกรรมการการศึกษาขั้นพื้นฐาน,สพป.เชียงใหม่ เขต 5,8,33.33,16.67,16.96,11.12,25.00,22.05,29.17,19.98,50.00,33.33
2568,687,บ้านขุนแม่ตื่นน้อย,อมก๋อย,เล็ก,นอกเมือง,สำนักงานคณะกรรมการการศึกษาขั้นพื้นฐาน,สพป.เชียงใหม่ เขต 5,5,50.00,23.57,36.79,19.45,53.33,26.67,33.33,10.54,66.67,0.00
2568,688,บ้านซิแบร,อมก๋อย,เล็ก,นอกเมือง,สำนักงานคณะกรรมการการศึกษาขั้นพื้นฐาน,สพป.เชียงใหม่ เขต 5,18,34.26,19.62,20.44,19.90,31.48,32.34,33.33,20.03,37.04,26.96
2568,689,บ้านตุงติง,อมก๋อย,เล็ก,นอกเมือง,สำนักงานคณะกรรมการการศึกษาขั้นพื้นฐาน,สพป.เชียงใหม่ เขต 5,18,30.56,15.96,40.03,21.81,25.93,23.72,38.89,18.43,46.30,29.69
2568,690,บ้านตุงลอย,อมก๋อย,กลาง,นอกเมือง,สำนักงานคณะกรรมการการศึกษาขั้นพื้นฐาน,สพป.เชียงใหม่ เขต 5,34,43.14,20.66,41.57,19.04,44.12,34.03,39.71,12.14,34.31,29.69
2568,691,บ้านทุ่งจำเริง,อมก๋อย,เล็ก,นอกเมือง,สำนักงานคณะกรรมการการศึกษาขั้นพื้นฐาน,สพป.เชียงใหม่ เขต 5,15,46.67,18.46,36.61,20.26,37.78,36.24,31.11,21.83,35.56,33.26
2568,692,บ้านนาเกียน,อมก๋อย,เล็ก,นอกเมือง,สำนักงานคณะกรรมการการศึกษาขั้นพื้นฐาน,สพป.เชียงใหม่ เขต 5,13,35.90,20.51,31.87,19.60,28.21,17.76,32.05,16.62,38.46,17.76
2568,693,บ้านนาไคร้,อมก๋อย,เล็ก,นอกเมือง,สำนักงานคณะกรรมการการศึกษาขั้นพื้นฐาน,สพป.เชียงใหม่ เขต 5,7,30.95,16.50,29.59,18.03,57.14,29.35,47.62,18.75,28.57,11.66
2568,694,บ้านใบหนา,อมก๋อย,เล็ก,นอกเมือง,สำนักงานคณะกรรมการการศึกษาขั้นพื้นฐาน,สพป.เชียงใหม่ เขต 5,11,48.48,22.98,45.13,21.43,24.24,20.55,37.88,12.49,45.45,25.71
2568,695,บ้านผาปูน,อมก๋อย,เล็ก,นอกเมือง,สำนักงานคณะกรรมการการศึกษาขั้นพื้นฐาน,สพป.เชียงใหม่ เขต 5,12,43.06,22.00,45.54,23.43,11.11,15.71,27.78,22.91,50.00,28.87
2568,696,บ้านผีปานเหนือ,อมก๋อย,กลาง,นอกเมือง,สำนักงานคณะกรรมการการศึกษาขั้นพื้นฐาน,สพป.เชียงใหม่ เขต 5,22,25.00,18.63,20.09,14.54,25.76,28.31,24.24,14.85,40.91,22.32
2568,697,บ้านมูเซอ,อมก๋อย,กลาง,นอกเมือง,สำนักงานคณะกรรมการการศึกษาขั้นพื้นฐาน,สพป.เชียงใหม่ เขต 5,26,35.90,16.47,30.84,20.69,34.62,26.92,28.85,20.96,29.49,29.71
2568,698,บ้านแม่โขง,อมก๋อย,เล็ก,นอกเมือง,สำนักงานคณะกรรมการการศึกษาขั้นพื้นฐาน,สพป.เชียงใหม่ เขต 5,7,35.71,20.76,36.48,19.35,19.05,24.28,28.57,14.68,47.62,39.27
2568,699,บ้านแม่ต๋อม,อมก๋อย,กลาง,นอกเมือง,สำนักงานคณะกรรมการการศึกษาขั้นพื้นฐาน,สพป.เชียงใหม่ เขต 5,27,39.51,24.07,32.61,27.42,40.74,34.35,36.42,12.86,38.27,31.04
2568,700,บ้านแม่ตื่น,อมก๋อย,เล็ก,นอกเมือง,สำนักงานคณะกรรมการการศึกษาขั้นพื้นฐาน,สพป.เชียงใหม่ เขต 5,7,42.86,17.50,27.81,19.04,38.10,21.30,35.71,10.65,33.33,25.20
2568,701,บ้านแม่ลานหลวง,อมก๋อย,เล็ก,นอกเมือง,สำนักงานคณะกรรมการการศึกษาขั้นพื้นฐาน,สพป.เชียงใหม่ เขต 5,23,38.41,21.67,30.05,21.07,37.68,29.98,36.96,20.24,34.78,25.02
2568,702,บ้านแม่ลานหลวง สาขาบ้านดอยซาง,อมก๋อย,เล็ก,นอกเมือง,สำนักงานคณะกรรมการการศึกษาขั้นพื้นฐาน,สพป.เชียงใหม่ เขต 5,14,40.48,18.60,29.97,15.19,45.24,36.96,33.33,19.92,38.10,24.74
2568,703,บ้านแม่สะเต,อมก๋อย,เล็ก,นอกเมือง,สำนักงานคณะกรรมการการศึกษาขั้นพื้นฐาน,สพป.เชียงใหม่ เขต 5,11,28.79,10.28,14.61,11.54,45.45,32.64,27.27,14.69,27.27,23.86
2568,704,บ้านแม่หลองน้อย,อมก๋อย,เล็ก,นอกเมือง,สำนักงานคณะกรรมการการศึกษาขั้นพื้นฐาน,สพป.เชียงใหม่ เขต 5,19,32.46,21.27,30.17,17.03,33.33,30.59,28.07,19.54,38.60,34.65
2568,705,บ้านแม่อ่างขาง,อมก๋อย,เล็ก,นอกเมือง,สำนักงานคณะกรรมการการศึกษาขั้นพื้นฐาน,สพป.เชียงใหม่ เขต 5,19,35.09,18.65,33.22,21.10,38.60,27.07,36.84,17.59,28.07,31.09
2568,706,บ้านยางแก้ว,อมก๋อย,เล็ก,นอกเมือง,สำนักงานคณะกรรมการการศึกษาขั้นพื้นฐาน,สพป.เชียงใหม่ เขต 5,20,29.17,17.38,23.53,15.84,31.67,26.82,35.00,15.72,23.33,26.03
2568,707,บ้านยางครก,อมก๋อย,เล็ก,นอกเมือง,สำนักงานคณะกรรมการการศึกษาขั้นพื้นฐาน,สพป.เชียงใหม่ เขต 5,17,33.33,18.96,24.79,18.44,27.45,30.75,30.39,16.41,21.57,19.61
2568,708,บ้านยางเปา,อมก๋อย,กลาง,นอกเมือง,สำนักงานคณะกรรมการการศึกษาขั้นพื้นฐาน,สพป.เชียงใหม่ เขต 5,26,35.90,22.50,38.70,23.54,38.46,28.78,37.18,23.25,46.15,26.27
2568,709,บ้านยางเปียง,อมก๋อย,เล็ก,นอกเมือง,สำนักงานคณะกรรมการการศึกษาขั้นพื้นฐาน,สพป.เชียงใหม่ เขต 5,6,41.67,20.97,44.05,21.17,55.56,15.71,30.56,14.96,22.22,24.85
2568,710,บ้านสบลาน,อมก๋อย,กลาง,นอกเมือง,สำนักงานคณะกรรมการการศึกษาขั้นพื้นฐาน,สพป.เชียงใหม่ เขต 5,18,40.74,19.42,41.57,20.35,37.04,33.13,41.67,23.73,40.74,13.86
2568,711,บ้านหลวง,อมก๋อย,เล็ก,นอกเมือง,สำนักงานคณะกรรมการการศึกษาขั้นพื้นฐาน,สพป.เชียงใหม่ เขต 5,26,59.62,25.39,54.60,21.69,64.10,22.50,38.46,21.57,53.85,29.35
2568,712,บ้านห้วยโค้ง,อมก๋อย,กลาง,นอกเมือง,สำนักงานคณะกรรมการการศึกษาขั้นพื้นฐาน,สพป.เชียงใหม่ เขต 5,19,31.58,19.42,28.85,19.93,26.32,29.77,34.21,17.50,33.33,28.61
2568,713,บ้านห้วยน้ำขาว,อมก๋อย,กลาง,นอกเมือง,สำนักงานคณะกรรมการการศึกษาขั้นพื้นฐาน,สพป.เชียงใหม่ เขต 5,31,40.86,19.78,36.95,25.98,44.09,28.57,30.65,22.04,50.54,30.38
2568,714,บ้านห้วยปูลิง,อมก๋อย,เล็ก,นอกเมือง,สำนักงานคณะกรรมการการศึกษาขั้นพื้นฐาน,สพป.เชียงใหม่ เขต 5,16,29.17,21.65,35.49,18.62,47.92,23.48,23.96,14.40,41.67,27.64
2568,715,บ้านห้วยไม้หก,อมก๋อย,เล็ก,นอกเมือง,สำนักงานคณะกรรมการการศึกษาขั้นพื้นฐาน,สพป.เชียงใหม่ เขต 5,15,42.22,24.24,34.05,26.21,42.22,19.12,34.44,20.61,24.44,25.72
2568,716,บ้านห้วยหล่อดูก,อมก๋อย,เล็ก,นอกเมือง,สำนักงานคณะกรรมการการศึกษาขั้นพื้นฐาน,สพป.เชียงใหม่ เขต 5,25,41.33,29.48,37.36,17.73,42.67,25.85,34.00,19.14,45.33,29.63
2568,717,บ้านห่างหลวง,อมก๋อย,เล็ก,นอกเมือง,สำนักงานคณะกรรมการการศึกษาขั้นพื้นฐาน,สพป.เชียงใหม่ เขต 5,9,48.15,12.28,39.09,29.55,48.15,27.72,37.04,18.89,44.44,27.22
2568,718,บ้านอูตูม,อมก๋อย,กลาง,นอกเมือง,สำนักงานคณะกรรมการการศึกษาขั้นพื้นฐาน,สพป.เชียงใหม่ เขต 5,41,24.80,18.08,20.47,17.81,38.21,31.72,30.89,18.97,34.15,30.79
2568,719,รางวัลอินทิราคานธี,อมก๋อย,เล็ก,นอกเมือง,กองบัญชาการตำรวจตระเวนชายแดน,-,7,35.71,16.50,21.94,23.43,19.05,30.12,35.71,16.50,23.81,23.33
2568,720,ชุมชนบ้านท่าข้าม,ฮอด,กลาง,นอกเมือง,สำนักงานคณะกรรมการการศึกษาขั้นพื้นฐาน,สพป.เชียงใหม่ เขต 5,32,55.21,24.80,49.39,14.18,54.17,32.00,42.19,19.09,39.58,32.74
2568,721,ชุมชนบ้านแม่ทัง,ฮอด,เล็ก,นอกเมือง,สำนักงานคณะกรรมการการศึกษาขั้นพื้นฐาน,สพป.เชียงใหม่ เขต 5,18,50.93,17.98,51.74,24.08,40.74,30.54,40.74,19.42,50.00,33.79
2568,722,บ้านกองลอย,ฮอด,กลาง,นอกเมือง,สำนักงานคณะกรรมการการศึกษาขั้นพื้นฐาน,สพป.เชียงใหม่ เขต 5,14,40.48,24.16,47.64,16.09,45.24,23.93,33.33,24.40,52.38,16.50
2568,723,บ้านกองหิน,ฮอด,เล็ก,นอกเมือง,สำนักงานคณะกรรมการการศึกษาขั้นพื้นฐาน,สพป.เชียงใหม่ เขต 5,4,66.67,16.67,62.50,16.70,75.00,27.64,50.00,26.35,58.33,14.43
2568,724,บ้านกิ่วลม,ฮอด,เล็ก,นอกเมือง,สำนักงานคณะกรรมการการศึกษาขั้นพื้นฐาน,สพป.เชียงใหม่ เขต 5,9,44.44,26.06,43.45,18.82,29.63,39.89,31.48,14.58,29.63,24.57
2568,725,บ้านขุน,ฮอด,เล็ก,นอกเมือง,สำนักงานคณะกรรมการการศึกษาขั้นพื้นฐาน,สพป.เชียงใหม่ เขต 5,13,46.15,23.71,42.03,22.67,33.33,26.15,39.74,24.05,51.28,28.09
2568,726,บ้านแควมะกอก,ฮอด,กลาง,นอกเมือง,สำนักงานคณะกรรมการการศึกษาขั้นพื้นฐาน,สพป.เชียงใหม่ เขต 5,16,52.08,27.56,46.32,22.33,41.67,30.05,54.17,19.98,58.33,34.36
2568,727,บ้านโค้งงาม,ฮอด,เล็ก,นอกเมือง,สำนักงานคณะกรรมการการศึกษาขั้นพื้นฐาน,สพป.เชียงใหม่ เขต 5,7,47.62,20.76,45.41,10.36,47.62,30.12,45.24,17.17,57.14,34.34
2568,728,บ้านดงดำ,ฮอด,เล็ก,นอกเมือง,สำนักงานคณะกรรมการการศึกษาขั้นพื้นฐาน,สพป.เชียงใหม่ เขต 5,6,61.11,29.92,44.05,30.21,55.56,24.85,41.67,12.73,66.67,33.33
2568,729,บ้านดอกแดง,ฮอด,เล็ก,นอกเมือง,สำนักงานคณะกรรมการการศึกษาขั้นพื้นฐาน,สพป.เชียงใหม่ เขต 5,10,48.33,15.72,24.46,17.89,20.00,22.11,33.33,21.08,36.67,34.80
2568,730,บ้านดอยคำ,ฮอด,เล็ก,นอกเมือง,สำนักงานคณะกรรมการการศึกษาขั้นพื้นฐาน,สพป.เชียงใหม่ เขต 5,4,25.00,25.00,35.27,8.32,33.33,23.57,16.67,16.67,50.00,37.27
2568,731,บ้านเด่นวิทยา,ฮอด,เล็ก,นอกเมือง,สำนักงานคณะกรรมการการศึกษาขั้นพื้นฐาน,สพป.เชียงใหม่ เขต 5,5,46.67,26.67,40.00,27.14,40.00,13.33,36.67,16.33,53.33,26.67
2568,732,บ้านตาลใต้,ฮอด,เล็ก,นอกเมือง,สำนักงานคณะกรรมการการศึกษาขั้นพื้นฐาน,สพป.เชียงใหม่ เขต 5,6,47.22,14.96,47.92,25.39,44.44,31.43,41.67,15.96,38.89,29.92
2568,733,บ้านตาลเหนือ,ฮอด,เล็ก,นอกเมือง,สำนักงานคณะกรรมการการศึกษาขั้นพื้นฐาน,สพป.เชียงใหม่ เขต 5,12,41.67,30.05,40.48,30.76,33.33,30.43,30.56,22.40,36.11,16.43
2568,734,บ้านตีนตก,ฮอด,เล็ก,นอกเมือง,สำนักงานคณะกรรมการการศึกษาขั้นพื้นฐาน,สพป.เชียงใหม่ เขต 5,4,37.50,21.65,31.70,31.20,50.00,50.00,33.33,11.79,50.00,28.87
2568,735,บ้านเตียนอาง,ฮอด,เล็ก,นอกเมือง,สำนักงานคณะกรรมการการศึกษาขั้นพื้นฐาน,สพป.เชียงใหม่ เขต 5,6,19.44,14.96,32.44,14.15,38.89,22.91,25.00,8.33,50.00,16.67
2568,736,บ้านทุ่ง,ฮอด,เล็ก,นอกเมือง,สำนักงานคณะกรรมการการศึกษาขั้นพื้นฐาน,สพป.เชียงใหม่ เขต 5,7,54.76,14.68,50.26,22.94,47.62,16.50,33.33,21.82,52.38,30.12
2568,737,บ้านทุ่งโป่ง,ฮอด,เล็ก,นอกเมือง,สำนักงานคณะกรรมการการศึกษาขั้นพื้นฐาน,สพป.เชียงใหม่ เขต 5,10,46.67,20.82,43.75,27.12,50.00,30.73,48.33,21.67,50.00,26.87
2568,738,บ้านนาคอเรือ,ฮอด,เล็ก,นอกเมือง,สำนักงานคณะกรรมการการศึกษาขั้นพื้นฐาน,สพป.เชียงใหม่ เขต 5,18,52.78,29.00,49.70,21.41,46.30,25.19,39.81,22.32,61.11,22.91
2568,739,บ้านนาฟ่อน,ฮอด,เล็ก,นอกเมือง,สำนักงานคณะกรรมการการศึกษาขั้นพื้นฐาน,สพป.เชียงใหม่ เขต 5,16,41.67,24.30,49.33,17.30,45.83,28.57,40.63,18.60,47.92,35.29
2568,740,บ้านบ่อสลี,ฮอด,เล็ก,นอกเมือง,สำนักงานคณะกรรมการการศึกษาขั้นพื้นฐาน,สพป.เชียงใหม่ เขต 5,6,55.56,28.33,53.27,20.60,50.00,25.46,36.11,20.22,55.56,31.43
2568,741,บ้านบ่อหลวง,ฮอด,กลาง,นอกเมือง,สำนักงานคณะกรรมการการศึกษาขั้นพื้นฐาน,สพป.เชียงใหม่ เขต 5,24,54.86,23.31,62.39,17.01,45.83,28.57,49.31,16.30,52.78,27.07
2568,742,บ้านผาแตน,ฮอด,เล็ก,นอกเมือง,สำนักงานคณะกรรมการการศึกษาขั้นพื้นฐาน,สพป.เชียงใหม่ เขต 5,3,33.33,13.61,33.93,11.39,22.22,15.71,22.22,7.86,55.56,15.71
2568,743,บ้านพุย,ฮอด,เล็ก,นอกเมือง,สำนักงานคณะกรรมการการศึกษาขั้นพื้นฐาน,สพป.เชียงใหม่ เขต 5,17,51.96,22.78,55.83,14.20,41.18,29.22,30.39,22.31,41.18,24.33
2568,744,บ้านแม่งูด,ฮอด,เล็ก,นอกเมือง,สำนักงานคณะกรรมการการศึกษาขั้นพื้นฐาน,สพป.เชียงใหม่ เขต 5,8,45.83,13.82,42.63,14.46,29.17,26.02,35.42,17.55,66.67,23.57
2568,745,บ้านแม่ลอง,ฮอด,เล็ก,นอกเมือง,สำนักงานคณะกรรมการการศึกษาขั้นพื้นฐาน,สพป.เชียงใหม่ เขต 5,4,54.17,27.32,47.32,10.60,66.67,23.57,66.67,16.67,33.33,23.57
2568,746,บ้านแม่ลาย,ฮอด,เล็ก,นอกเมือง,สำนักงานคณะกรรมการการศึกษาขั้นพื้นฐาน,สพป.เชียงใหม่ เขต 5,24,43.75,22.47,67.26,16.10,58.33,25.91,43.75,20.87,62.50,29.36
2568,747,บ้านแม่ลายเหนือ,ฮอด,เล็ก,นอกเมือง,สำนักงานคณะกรรมการการศึกษาขั้นพื้นฐาน,สพป.เชียงใหม่ เขต 5,13,29.49,16.22,37.02,22.20,28.21,17.76,19.23,14.39,51.28,24.86
2568,748,บ้านแม่สะนาม,ฮอด,เล็ก,นอกเมือง,สำนักงานคณะกรรมการการศึกษาขั้นพื้นฐาน,สพป.เชียงใหม่ เขต 5,2,66.67,16.67,48.21,19.64,66.67,33.33,25.00,8.33,66.67,0.00
2568,749,บ้านแม่อมลอง,ฮอด,เล็ก,นอกเมือง,สำนักงานคณะกรรมการการศึกษาขั้นพื้นฐาน,สพป.เชียงใหม่ เขต 5,3,38.89,7.86,27.38,5.89,22.22,15.71,16.67,13.61,22.22,15.71
2568,750,บ้านวังกอง,ฮอด,เล็ก,นอกเมือง,สำนักงานคณะกรรมการการศึกษาขั้นพื้นฐาน,สพป.เชียงใหม่ เขต 5,6,41.67,12.73,55.65,9.47,38.89,22.91,41.67,8.33,50.00,16.67
2568,751,บ้านวังลุง,ฮอด,เล็ก,นอกเมือง,สำนักงานคณะกรรมการการศึกษาขั้นพื้นฐาน,สพป.เชียงใหม่ เขต 5,12,48.61,17.29,57.59,19.12,44.44,28.33,37.50,18.16,52.78,21.34
2568,752,บ้านหางดง,ฮอด,เล็ก,นอกเมือง,สำนักงานคณะกรรมการการศึกษาขั้นพื้นฐาน,สพป.เชียงใหม่ เขต 5,11,62.12,27.61,62.66,22.48,60.61,23.86,54.55,24.71,63.64,26.42
2568,753,ฟ้าใส,ฮอด,เล็ก,นอกเมือง,สำนักงานคณะกรรมการส่งเสริมการศึกษาเอกชน,-,10,76.67,22.61,57.32,14.23,53.33,22.11,68.33,15.72,66.67,21.08
2568,754,แม่โถวิทยาคม,ฮอด,กลาง,นอกเมือง,สำนักงานคณะกรรมการการศึกษาขั้นพื้นฐาน,สพป.เชียงใหม่ เขต 5,39,40.60,22.89,35.33,20.44,44.44,34.04,33.33,20.32,35.04,27.16
2567,1,บ้านขุนแม่รวม,กัลยาณิวัฒนา,เล็ก,นอกเมือง,สำนักงานคณะกรรมการการศึกษาขั้นพื้นฐาน,สพป.เชียงใหม่ เขต 6,22,47.73,22.64,49.74,19.96,48.48,34.42,33.33,28.43,34.85,25.58
2567,2,บ้านจันทร์,กัลยาณิวัฒนา,เล็ก,นอกเมือง,สำนักงานคณะกรรมการการศึกษาขั้นพื้นฐาน,สพป.เชียงใหม่ เขต 6,12,55.56,26.64,58.63,11.90,66.67,30.43,59.72,22.00,50.00,34.69
2567,3,บ้านจันทร์ สาขาแจ่มน้อย,กัลยาณิวัฒนา,เล็ก,นอกเมือง,สำนักงานคณะกรรมการการศึกษาขั้นพื้นฐาน,สพป.เชียงใหม่ เขต 6,9,38.89,22.22,44.30,20.48,37.04,29.16,35.19,18.33,33.33,35.14
2567,4,บ้านแจ่มหลวง,กัลยาณิวัฒนา,เล็ก,นอกเมือง,สำนักงานคณะกรรมการการศึกษาขั้นพื้นฐาน,สพป.เชียงใหม่ เขต 6,8,83.33,14.43,65.40,18.21,70.83,35.11,47.92,31.66,33.33,37.27
2567,5,บ้านแม่แดดน้อย,กัลยาณิวัฒนา,เล็ก,นอกเมือง,สำนักงานคณะกรรมการการศึกษาขั้นพื้นฐาน,สพป.เชียงใหม่ เขต 6,3,44.44,15.71,54.76,21.13,88.89,15.71,50.00,23.57,44.44,15.71
2567,6,บ้านแม่แดดน้อย สาขาบ้านดงสามหมื่น,กัลยาณิวัฒนา,เล็ก,นอกเมือง,สำนักงานคณะกรรมการการศึกษาขั้นพื้นฐาน,สพป.เชียงใหม่ เขต 6,10,60.00,22.61,53.39,14.48,56.67,26.03,41.67,18.63,40.00,29.06
2567,7,บ้านแม่ตะละ,กัลยาณิวัฒนา,เล็ก,นอกเมือง,สำนักงานคณะกรรมการการศึกษาขั้นพื้นฐาน,สพป.เชียงใหม่ เขต 6,23,44.20,23.88,41.89,16.75,37.68,24.68,34.06,18.04,33.33,32.60
2567,8,บ้านแม่ตะละเหนือ,กัลยาณิวัฒนา,เล็ก,นอกเมือง,สำนักงานคณะกรรมการการศึกษาขั้นพื้นฐาน,สพป.เชียงใหม่ เขต 6,2,25.00,8.33,23.66,2.23,16.67,16.67,33.33,0.00,33.33,0.00
2567,9,บ้านห้วยยา,กัลยาณิวัฒนา,เล็ก,นอกเมือง,สำนักงานคณะกรรมการการศึกษาขั้นพื้นฐาน,สพป.เชียงใหม่ เขต 6,10,65.00,26.30,47.77,17.09,50.00,30.73,45.00,19.79,46.67,22.11
2567,10,บ้านหัวยปู,กัลยาณิวัฒนา,เล็ก,นอกเมือง,สำนักงานคณะกรรมการการศึกษาขั้นพื้นฐาน,สพป.เชียงใหม่ เขต 6,6,52.78,22.40,41.82,15.25,88.89,15.71,33.33,13.61,27.78,22.91
2567,11,สามัคคีสันม่วง,กัลยาณิวัฒนา,เล็ก,นอกเมือง,สำนักงานคณะกรรมการการศึกษาขั้นพื้นฐาน,สพป.เชียงใหม่ เขต 6,15,54.44,16.63,42.77,15.75,44.44,35.83,44.44,19.88,28.89,20.61
2567,12,ณัทชวิทย์,จอมทอง,เล็ก,นอกเมือง,สำนักงานคณะกรรมการส่งเสริมการศึกษาเอกชน,-,22,75.76,14.85,64.41,9.49,90.91,17.93,62.12,18.24,57.58,24.99
2567,13,เทศบาลจอมทอง ๑ (ชุมชนบ้านข่วงเปาเหนือ),จอมทอง,กลาง,นอกเมือง,กรมส่งเสริมการปกครองท้องถิ่น,ท้องถิ่นจังหวัดเชียงใหม่,32,64.06,21.29,47.15,15.11,72.92,28.18,42.71,23.91,42.71,27.93
2567,14,ไทยรัฐวิทยา 79 (บ้านหนองอาบช้าง),จอมทอง,เล็ก,นอกเมือง,สำนักงานคณะกรรมการการศึกษาขั้นพื้นฐาน,สพป.เชียงใหม่ เขต 6,10,65.00,18.93,44.02,16.69,66.67,39.44,36.67,22.11,56.67,15.28
2567,15,นิยมไพรผาหมอนอินทนนท์,จอมทอง,เล็ก,นอกเมือง,สำนักงานคณะกรรมการการศึกษาขั้นพื้นฐาน,สพป.เชียงใหม่ เขต 6,26,60.90,16.63,51.99,14.15,55.13,30.58,40.38,21.27,34.62,28.47
2567,16,บ้านข่วงเปาใต้,จอมทอง,เล็ก,นอกเมือง,สำนักงานคณะกรรมการการศึกษาขั้นพื้นฐาน,สพป.เชียงใหม่ เขต 6,8,64.58,15.45,43.08,9.52,66.67,23.57,39.58,26.27,41.67,39.97
2567,17,บ้านขุนกลาง,จอมทอง,กลาง,นอกเมือง,สำนักงานคณะกรรมการการศึกษาขั้นพื้นฐาน,สพป.เชียงใหม่ เขต 6,47,64.18,19.74,52.83,13.98,69.50,29.84,43.26,23.23,41.84,31.86
2567,18,บ้านขุนกลาง สาขาแม่ยะน้อย,จอมทอง,เล็ก,นอกเมือง,สำนักงานคณะกรรมการการศึกษาขั้นพื้นฐาน,สพป.เชียงใหม่ เขต 6,12,61.11,19.64,42.34,15.34,41.67,33.68,43.06,20.93,33.33,13.61
2567,19,บ้านขุนแตะ,จอมทอง,เล็ก,นอกเมือง,สำนักงานคณะกรรมการการศึกษาขั้นพื้นฐาน,สพป.เชียงใหม่ เขต 6,8,39.58,21.95,49.00,9.44,33.33,23.57,45.83,21.65,16.67,16.67
2567,20,บ้านขุนแปะ,จอมทอง,เล็ก,นอกเมือง,สำนักงานคณะกรรมการการศึกษาขั้นพื้นฐาน,สพป.เชียงใหม่ เขต 6,36,54.17,21.65,45.21,13.96,54.63,33.47,38.89,27.22,38.89,36.43
2567,21,บ้านขุนแปะ สาขาแม่จร,จอมทอง,เล็ก,นอกเมือง,สำนักงานคณะกรรมการการศึกษาขั้นพื้นฐาน,สพป.เชียงใหม่ เขต 6,10,68.33,15.72,49.91,14.02,70.00,27.69,38.33,18.33,56.67,30.00
2567,22,บ้านขุนยะ,จอมทอง,เล็ก,นอกเมือง,สำนักงานคณะกรรมการการศึกษาขั้นพื้นฐาน,สพป.เชียงใหม่ เขต 6,4,79.17,13.82,65.85,2.22,75.00,14.43,45.83,18.16,33.33,23.57
2567,23,บ้านท่าข้าม,จอมทอง,เล็ก,นอกเมือง,สำนักงานคณะกรรมการการศึกษาขั้นพื้นฐาน,สพป.เชียงใหม่ เขต 6,14,67.86,14.73,59.25,10.04,76.19,19.63,69.05,19.78,38.10,30.49
2567,24,บ้านท่าหลุก,จอมทอง,เล็ก,นอกเมือง,สำนักงานคณะกรรมการการศึกษาขั้นพื้นฐาน,สพป.เชียงใหม่ เขต 6,6,36.11,14.96,44.49,13.57,38.89,29.92,38.89,12.42,27.78,29.92
2567,25,บ้านน้ำตกแม่กลาง,จอมทอง,เล็ก,นอกเมือง,สำนักงานคณะกรรมการการศึกษาขั้นพื้นฐาน,สพป.เชียงใหม่ เขต 6,6,63.89,22.40,60.86,11.73,77.78,24.85,66.67,19.25,66.67,27.22
2567,26,บ้านบนนา,จอมทอง,เล็ก,นอกเมือง,สำนักงานคณะกรรมการการศึกษาขั้นพื้นฐาน,สพป.เชียงใหม่ เขต 6,11,63.64,24.43,50.08,11.20,69.70,33.20,51.52,24.05,33.33,28.43
2567,27,บ้านปากทางท่าลี่,จอมทอง,เล็ก,นอกเมือง,สำนักงานคณะกรรมการการศึกษาขั้นพื้นฐาน,สพป.เชียงใหม่ เขต 6,4,62.50,13.82,64.29,6.22,91.67,14.43,54.17,34.11,58.33,27.64
2567,28,บ้านแปะ,จอมทอง,เล็ก,นอกเมือง,สำนักงานคณะกรรมการการศึกษาขั้นพื้นฐาน,สพป.เชียงใหม่ เขต 6,3,83.33,13.61,52.68,10.79,88.89,15.71,27.78,7.86,33.33,47.14
2567,29,บ้านเมืองกลาง,จอมทอง,เล็ก,นอกเมือง,สำนักงานคณะกรรมการการศึกษาขั้นพื้นฐาน,สพป.เชียงใหม่ เขต 6,4,70.83,13.82,64.73,6.96,66.67,40.82,58.33,14.43,58.33,27.64
2567,30,บ้านเมืองอาง,จอมทอง,เล็ก,นอกเมือง,สำนักงานคณะกรรมการการศึกษาขั้นพื้นฐาน,สพป.เชียงใหม่ เขต 6,5,73.33,20.00,57.50,6.53,80.00,26.67,63.33,12.47,40.00,24.94
2567,31,บ้านแม่ปอน,จอมทอง,เล็ก,นอกเมือง,สำนักงานคณะกรรมการการศึกษาขั้นพื้นฐาน,สพป.เชียงใหม่ เขต 6,19,59.65,19.73,55.22,17.96,64.91,33.29,43.86,26.61,43.86,34.29
2567,32,บ้านแม่สอย,จอมทอง,เล็ก,นอกเมือง,สำนักงานคณะกรรมการการศึกษาขั้นพื้นฐาน,สพป.เชียงใหม่ เขต 6,12,72.22,15.71,69.49,15.61,86.11,25.31,69.44,13.32,55.56,36.85
2567,33,บ้านโรงวัว,จอมทอง,เล็ก,นอกเมือง,สำนักงานคณะกรรมการการศึกษาขั้นพื้นฐาน,สพป.เชียงใหม่ เขต 6,14,67.86,11.72,65.82,12.09,69.05,26.62,50.00,17.82,47.62,20.76
2567,34,บ้านสบแจ่มฝั่งซ้าย,จอมทอง,เล็ก,นอกเมือง,สำนักงานคณะกรรมการการศึกษาขั้นพื้นฐาน,สพป.เชียงใหม่ เขต 6,9,64.81,22.83,44.94,10.30,51.85,38.84,42.59,29.51,40.74,30.54
2567,35,บ้านสบเตี๊ยะ,จอมทอง,กลาง,นอกเมือง,สำนักงานคณะกรรมการการศึกษาขั้นพื้นฐาน,สพป.เชียงใหม่ เขต 6,7,66.67,8.91,62.50,10.56,100.00,0.00,64.29,10.65,52.38,24.28
2567,36,บ้านสบแปะ,จอมทอง,เล็ก,นอกเมือง,สำนักงานคณะกรรมการการศึกษาขั้นพื้นฐาน,สพป.เชียงใหม่ เขต 6,8,52.08,24.21,60.27,17.94,62.50,30.90,56.25,14.28,50.00,28.87
2567,37,บ้านหนองคัน,จอมทอง,เล็ก,นอกเมือง,สำนักงานคณะกรรมการการศึกษาขั้นพื้นฐาน,สพป.เชียงใหม่ เขต 6,7,76.19,12.14,61.73,11.26,80.95,34.99,59.52,15.06,57.14,29.35
2567,38,บ้านห้วยทราย,จอมทอง,เล็ก,นอกเมือง,สำนักงานคณะกรรมการการศึกษาขั้นพื้นฐาน,สพป.เชียงใหม่ เขต 6,18,61.11,23.57,50.45,17.08,70.37,29.16,51.85,17.47,55.56,27.22
2567,39,บ้านห้วยน้ำดิบ,จอมทอง,เล็ก,นอกเมือง,สำนักงานคณะกรรมการการศึกษาขั้นพื้นฐาน,สพป.เชียงใหม่ เขต 6,6,66.67,21.52,64.14,8.60,88.89,15.71,55.56,15.71,38.89,35.57
2567,40,บ้านห้วยม่วง,จอมทอง,เล็ก,นอกเมือง,สำนักงานคณะกรรมการการศึกษาขั้นพื้นฐาน,สพป.เชียงใหม่ เขต 6,5,76.67,13.33,67.68,4.42,86.67,26.67,56.67,13.33,40.00,38.87
2567,41,บ้านห้วยม่วงฝั่งซ้าย,จอมทอง,เล็ก,นอกเมือง,สำนักงานคณะกรรมการการศึกษาขั้นพื้นฐาน,สพป.เชียงใหม่ เขต 6,11,51.52,16.60,56.17,16.38,45.45,32.64,33.33,22.47,51.52,29.69
2567,42,บ้านห้วยส้มป่อย,จอมทอง,เล็ก,นอกเมือง,สำนักงานคณะกรรมการการศึกษาขั้นพื้นฐาน,สพป.เชียงใหม่ เขต 6,12,56.94,26.75,50.67,9.14,63.89,31.79,50.00,25.46,33.33,27.22
2567,43,บ้านห้วยสะแพด,จอมทอง,เล็ก,นอกเมือง,สำนักงานคณะกรรมการการศึกษาขั้นพื้นฐาน,สพป.เชียงใหม่ เขต 6,8,52.08,17.55,53.24,10.15,58.33,36.32,41.67,20.41,41.67,32.27
2567,44,บ้านหาดนาค,จอมทอง,เล็ก,นอกเมือง,สำนักงานคณะกรรมการการศึกษาขั้นพื้นฐาน,สพป.เชียงใหม่ เขต 6,4,70.83,7.22,64.73,10.31,66.67,40.82,58.33,18.63,50.00,16.67
2567,45,บ้านใหม่สารภี,จอมทอง,เล็ก,นอกเมือง,สำนักงานคณะกรรมการการศึกษาขั้นพื้นฐาน,สพป.เชียงใหม่ เขต 6,3,50.00,0.00,45.24,12.03,55.56,41.57,55.56,7.86,33.33,0.00
2567,46,ป่ากล้วยพัฒนา,จอมทอง,เล็ก,นอกเมือง,สำนักงานคณะกรรมการการศึกษาขั้นพื้นฐาน,สพป.เชียงใหม่ เขต 6,6,61.11,12.42,49.85,13.25,38.89,35.57,41.67,15.96,38.89,22.91
2567,47,วัดพระบาท,จอมทอง,เล็ก,นอกเมือง,สำนักงานคณะกรรมการการศึกษาขั้นพื้นฐาน,สพป.เชียงใหม่ เขต 6,1,83.33,0.00,49.11,0.00,100.00,0.00,33.33,0.00,33.33,0.00
2567,48,ศรีจอมทอง,จอมทอง,ใหญ่,นอกเมือง,สำนักงานคณะกรรมการการศึกษาขั้นพื้นฐาน,สพป.เชียงใหม่ เขต 6,233,69.74,21.03,63.59,15.12,77.25,30.14,62.52,27.40,48.07,31.76
2567,49,สุทธิวงศ์ดำรงวิทย์,จอมทอง,เล็ก,นอกเมือง,สำนักงานคณะกรรมการส่งเสริมการศึกษาเอกชน,-,13,39.74,20.19,45.81,15.47,51.28,24.86,39.74,24.05,20.51,24.59
2567,50,แกน้อยศึกษา,เชียงดาว,กลาง,นอกเมือง,สำนักงานคณะกรรมการการศึกษาขั้นพื้นฐาน,สพป.เชียงใหม่ เขต 3,8,60.42,21.95,47.32,15.50,62.50,26.02,35.42,15.45,37.50,26.02
2567,51,โครงการหลวงแกน้อย,เชียงดาว,กลาง,นอกเมือง,สำนักงานคณะกรรมการการศึกษาขั้นพื้นฐาน,สพป.เชียงใหม่ เขต 3,4,66.67,11.79,46.65,8.43,66.67,23.57,37.50,29.76,16.67,16.67
2567,52,เจ้าฟ้าอุบลรัตน์,เชียงดาว,เล็ก,นอกเมือง,สำนักงานคณะกรรมการส่งเสริมการศึกษาเอกชน,-,24,56.25,23.97,57.03,13.70,54.17,25.12,39.58,19.13,43.06,32.60
2567,53,ชุมชนบ้านเมืองงาย,เชียงดาว,กลาง,นอกเมือง,สำนักงานคณะกรรมการการศึกษาขั้นพื้นฐาน,สพป.เชียงใหม่ เขต 3,21,62.70,19.18,63.82,15.66,79.37,28.13,51.59,22.36,58.73,30.70
2567,54,ชุมชนบ้านวังจ๊อม,เชียงดาว,กลาง,นอกเมือง,สำนักงานคณะกรรมการการศึกษาขั้นพื้นฐาน,สพป.เชียงใหม่ เขต 3,15,65.56,21.49,61.43,12.63,73.33,34.85,57.78,17.07,55.56,28.97
2567,55,ดอยสามหมื่น,เชียงดาว,เล็ก,นอกเมือง,สำนักงานคณะกรรมการการศึกษาขั้นพื้นฐาน,สพป.เชียงใหม่ เขต 3,7,71.43,11.66,47.83,19.69,42.86,23.33,28.57,23.08,19.05,16.50
2567,56,ตชด.เฉลิมพระเกียรติฯ บ้านแกน้อย,เชียงดาว,เล็ก,นอกเมือง,กองบัญชาการตำรวจตระเวนชายแดน,-,29,38.51,22.79,30.08,20.38,36.78,34.29,35.06,22.89,24.14,26.11
2567,57,บ้านเชียงดาว,เชียงดาว,กลาง,นอกเมือง,สำนักงานคณะกรรมการการศึกษาขั้นพื้นฐาน,สพป.เชียงใหม่ เขต 3,83,67.87,20.17,69.52,16.72,70.68,29.45,51.81,23.85,49.80,29.89
2567,58,บ้านดอน,เชียงดาว,เล็ก,นอกเมือง,สำนักงานคณะกรรมการการศึกษาขั้นพื้นฐาน,สพป.เชียงใหม่ เขต 3,9,64.81,12.28,45.34,19.77,55.56,31.43,38.89,24.85,33.33,27.22
2567,59,บ้านถ้ำ,เชียงดาว,เล็ก,นอกเมือง,สำนักงานคณะกรรมการการศึกษาขั้นพื้นฐาน,สพป.เชียงใหม่ เขต 3,5,46.67,12.47,53.75,9.41,60.00,24.94,43.33,27.08,40.00,38.87
2567,60,บ้านทุ่งข้าวพวง,เชียงดาว,กลาง,นอกเมือง,สำนักงานคณะกรรมการการศึกษาขั้นพื้นฐาน,สพป.เชียงใหม่ เขต 3,18,64.81,24.78,51.14,12.63,75.93,26.77,49.07,23.22,48.15,33.74
2567,61,บ้านทุ่งละคร,เชียงดาว,เล็ก,นอกเมือง,สำนักงานคณะกรรมการการศึกษาขั้นพื้นฐาน,สพป.เชียงใหม่ เขต 3,2,75.00,8.33,70.98,8.48,83.33,16.67,58.33,8.33,66.67,0.00
2567,62,บ้านทุ่งหลุก,เชียงดาว,เล็ก,นอกเมือง,สำนักงานคณะกรรมการการศึกษาขั้นพื้นฐาน,สพป.เชียงใหม่ เขต 3,11,63.64,19.87,59.98,13.35,63.64,30.00,56.06,24.90,57.58,32.07
2567,63,บ้านนาหวาย,เชียงดาว,กลาง,นอกเมือง,สำนักงานคณะกรรมการการศึกษาขั้นพื้นฐาน,สพป.เชียงใหม่ เขต 3,35,61.43,21.37,58.47,13.93,62.86,31.64,50.00,25.82,41.90,33.18
2567,64,บ้านปางแดง,เชียงดาว,เล็ก,นอกเมือง,สำนักงานคณะกรรมการการศึกษาขั้นพื้นฐาน,สพป.เชียงใหม่ เขต 3,9,51.85,24.15,41.77,9.03,51.85,35.52,35.19,18.33,25.93,26.19
2567,65,บ้านปางเฟือง,เชียงดาว,เล็ก,นอกเมือง,สำนักงานคณะกรรมการการศึกษาขั้นพื้นฐาน,สพป.เชียงใหม่ เขต 3,7,59.52,21.56,53.32,9.67,57.14,15.06,42.86,19.63,19.05,24.28
2567,66,บ้านปางมะเยา,เชียงดาว,กลาง,นอกเมือง,สำนักงานคณะกรรมการการศึกษาขั้นพื้นฐาน,สพป.เชียงใหม่ เขต 3,24,54.86,22.30,32.53,21.90,20.83,30.14,35.42,22.21,25.00,27.64
2567,67,บ้านป่าบง,เชียงดาว,เล็ก,นอกเมือง,สำนักงานคณะกรรมการการศึกษาขั้นพื้นฐาน,สพป.เชียงใหม่ เขต 3,13,53.85,21.83,54.88,14.42,58.97,34.97,35.90,25.19,43.59,27.38
2567,68,บ้านเมืองคอง,เชียงดาว,เล็ก,นอกเมือง,สำนักงานคณะกรรมการการศึกษาขั้นพื้นฐาน,สพป.เชียงใหม่ เขต 3,6,55.56,20.79,40.18,11.25,44.44,31.43,38.89,26.64,50.00,16.67
2567,69,บ้านเมืองนะ,เชียงดาว,กลาง,นอกเมือง,สำนักงานคณะกรรมการการศึกษาขั้นพื้นฐาน,สพป.เชียงใหม่ เขต 3,52,54.49,22.67,52.92,19.22,63.46,32.86,41.67,19.47,34.62,29.93
2567,70,บ้านแม่กอนใน,เชียงดาว,เล็ก,นอกเมือง,สำนักงานคณะกรรมการการศึกษาขั้นพื้นฐาน,สพป.เชียงใหม่ เขต 3,16,43.75,21.95,57.53,20.48,37.50,38.86,37.50,15.02,29.17,33.07
2567,71,บ้านแม่นะ,เชียงดาว,กลาง,นอกเมือง,สำนักงานคณะกรรมการการศึกษาขั้นพื้นฐาน,สพป.เชียงใหม่ เขต 3,22,59.09,19.28,51.91,15.09,51.52,32.92,39.39,23.33,34.85,32.53
2567,72,บ้านแม่ป๋าม,เชียงดาว,เล็ก,นอกเมือง,สำนักงานคณะกรรมการการศึกษาขั้นพื้นฐาน,สพป.เชียงใหม่ เขต 3,7,71.43,11.66,48.21,10.42,66.67,25.20,54.76,26.30,38.10,27.77
2567,73,บ้านแม่แมะ,เชียงดาว,เล็ก,นอกเมือง,สำนักงานคณะกรรมการการศึกษาขั้นพื้นฐาน,สพป.เชียงใหม่ เขต 3,4,37.50,7.22,25.45,17.28,25.00,27.64,37.50,21.65,16.67,28.87
2567,74,บ้านแม่อ้อใน,เชียงดาว,เล็ก,นอกเมือง,สำนักงานคณะกรรมการการศึกษาขั้นพื้นฐาน,สพป.เชียงใหม่ เขต 3,7,73.81,15.06,63.14,8.56,76.19,23.33,52.38,18.75,23.81,15.06
2567,75,บ้านรินหลวง,เชียงดาว,เล็ก,นอกเมือง,สำนักงานคณะกรรมการการศึกษาขั้นพื้นฐาน,สพป.เชียงใหม่ เขต 3,27,53.09,21.77,46.94,18.07,48.15,31.86,32.72,17.85,25.93,24.57
2567,76,บ้านวังมะริว,เชียงดาว,เล็ก,นอกเมือง,สำนักงานคณะกรรมการการศึกษาขั้นพื้นฐาน,สพป.เชียงใหม่ เขต 3,9,51.85,19.95,42.96,11.20,48.15,41.90,33.33,17.57,22.22,22.22
2567,77,บ้านสบคาบ,เชียงดาว,เล็ก,นอกเมือง,สำนักงานคณะกรรมการการศึกษาขั้นพื้นฐาน,สพป.เชียงใหม่ เขต 3,6,69.44,20.22,54.91,11.93,33.33,27.22,22.22,15.71,33.33,27.22
2567,78,บ้านสันป่าเกี๊ยะ,เชียงดาว,เล็ก,นอกเมือง,สำนักงานคณะกรรมการการศึกษาขั้นพื้นฐาน,สพป.เชียงใหม่ เขต 3,7,76.19,12.14,46.05,11.48,52.38,39.27,54.76,11.66,33.33,17.82
2567,79,บ้านหนองเขียว,เชียงดาว,กลาง,นอกเมือง,สำนักงานคณะกรรมการการศึกษาขั้นพื้นฐาน,สพป.เชียงใหม่ เขต 3,21,58.73,20.33,36.95,14.77,39.68,30.20,29.37,16.19,25.40,25.00
2567,80,บ้านหนองแขม,เชียงดาว,เล็ก,นอกเมือง,กองบัญชาการตำรวจตระเวนชายแดน,-,14,59.52,29.35,57.08,15.91,59.52,33.76,44.05,24.08,35.71,26.62
2567,81,บ้านหนองบัว,เชียงดาว,เล็ก,นอกเมือง,สำนักงานคณะกรรมการการศึกษาขั้นพื้นฐาน,สพป.เชียงใหม่ เขต 3,12,50.00,24.53,36.76,20.56,36.11,31.79,43.06,25.87,27.78,26.64
2567,82,บ้านห้วยจะค่าน ตชด.อนุสรณ์,เชียงดาว,กลาง,นอกเมือง,สำนักงานคณะกรรมการการศึกษาขั้นพื้นฐาน,สพป.เชียงใหม่ เขต 3,3,72.22,7.86,33.63,19.07,55.56,15.71,27.78,20.79,33.33,27.22
2567,83,บ้านห้วยทรายขาว,เชียงดาว,เล็ก,นอกเมือง,สำนักงานคณะกรรมการการศึกษาขั้นพื้นฐาน,สพป.เชียงใหม่ เขต 3,11,66.67,18.80,52.19,19.37,57.58,35.08,45.45,20.21,30.30,22.27
2567,84,บ้านห้วยเป้า,เชียงดาว,เล็ก,นอกเมือง,กรมส่งเสริมการปกครองท้องถิ่น,ท้องถิ่นจังหวัดเชียงใหม่,17,68.63,22.05,58.09,11.17,72.55,32.81,50.00,19.80,43.14,33.85
2567,85,บ้านใหม่,เชียงดาว,เล็ก,นอกเมือง,สำนักงานคณะกรรมการการศึกษาขั้นพื้นฐาน,สพป.เชียงใหม่ เขต 3,9,68.52,14.58,62.10,9.20,55.56,27.22,33.33,17.57,40.74,26.19
2567,86,บ้านอรุโณทัย,เชียงดาว,ใหญ่พิเศษ,นอกเมือง,สำนักงานคณะกรรมการการศึกษาขั้นพื้นฐาน,สพป.เชียงใหม่ เขต 3,68,48.28,25.10,50.67,21.22,56.86,32.37,39.46,20.99,32.35,30.77
2567,87,บ้านออน,เชียงดาว,เล็ก,นอกเมือง,สำนักงานคณะกรรมการการศึกษาขั้นพื้นฐาน,สพป.เชียงใหม่ เขต 3,6,77.78,20.79,47.17,20.83,72.22,22.91,52.78,27.92,38.89,12.42
2567,88,เบญจม 2 บ้านน้ำรู,เชียงดาว,เล็ก,นอกเมือง,สำนักงานคณะกรรมการการศึกษาขั้นพื้นฐาน,สพป.เชียงใหม่ เขต 3,18,51.85,25.99,42.66,14.30,53.70,29.69,31.48,30.37,24.07,26.77
2567,89,พัฒนาต้นน้ำขุนคอง,เชียงดาว,เล็ก,นอกเมือง,สำนักงานคณะกรรมการการศึกษาขั้นพื้นฐาน,สพป.เชียงใหม่ เขต 3,16,63.54,20.60,44.64,10.67,52.08,31.11,45.83,19.09,35.42,24.91
2567,90,มิตรมวลชนเชียงใหม่,เชียงดาว,กลาง,นอกเมือง,สำนักงานคณะกรรมการการศึกษาขั้นพื้นฐาน,สพป.เชียงใหม่ เขต 3,29,60.34,20.25,49.35,14.65,55.17,31.90,32.76,22.95,32.18,32.14
2567,91,ราชประชานุเคราะห์ 61 จังหวัดเชียงใหม่,เชียงดาว,กลาง,นอกเมือง,สำนักบริหารงานการศึกษาพิเศษ,-,26,42.95,19.16,39.13,18.32,35.90,29.12,33.33,16.67,33.33,26.15
2567,92,วัดจอมคีรี,เชียงดาว,เล็ก,นอกเมือง,สำนักงานคณะกรรมการการศึกษาขั้นพื้นฐาน,สพป.เชียงใหม่ เขต 3,9,70.37,17.17,58.13,14.13,66.67,22.22,44.44,24.85,33.33,31.43
2567,93,วัดปางมะโอ,เชียงดาว,เล็ก,นอกเมือง,สำนักงานคณะกรรมการการศึกษาขั้นพื้นฐาน,สพป.เชียงใหม่ เขต 3,3,77.78,15.71,63.10,7.30,77.78,15.71,61.11,7.86,66.67,47.14
2567,94,ศีลรวี,เชียงดาว,กลาง,นอกเมือง,สำนักงานคณะกรรมการส่งเสริมการศึกษาเอกชน,-,72,53.70,22.94,51.10,19.75,62.04,34.83,42.82,24.03,36.11,31.30
2567,95,ฉัตรพฤกษ์วิทยา,ไชยปราการ,เล็ก,นอกเมือง,สำนักงานคณะกรรมการส่งเสริมการศึกษาเอกชน,-,28,52.98,20.92,46.48,21.71,54.76,39.05,48.81,28.15,40.48,28.67
2567,96,ชุมชนวัดศรีดงเย็น,ไชยปราการ,กลาง,นอกเมือง,สำนักงานคณะกรรมการการศึกษาขั้นพื้นฐาน,สพป.เชียงใหม่ เขต 3,25,63.33,17.00,47.32,14.12,56.00,29.39,37.33,21.75,38.67,27.78
2567,97,เทศบาล 1 ไชยปราการ,ไชยปราการ,กลาง,นอกเมือง,กรมส่งเสริมการปกครองท้องถิ่น,ท้องถิ่นจังหวัดเชียงใหม่,41,57.32,21.48,52.70,17.46,71.54,29.04,48.37,19.41,43.09,32.30
2567,98,บ้านต้นโชค,ไชยปราการ,เล็ก,นอกเมือง,สำนักงานคณะกรรมการการศึกษาขั้นพื้นฐาน,สพป.เชียงใหม่ เขต 3,33,47.47,25.33,36.00,20.44,32.32,29.00,34.34,19.22,36.36,28.85
2567,99,บ้านถ้ำตับเตา,ไชยปราการ,เล็ก,นอกเมือง,สำนักงานคณะกรรมการการศึกษาขั้นพื้นฐาน,สพป.เชียงใหม่ เขต 3,9,55.56,15.71,51.49,14.00,51.85,35.52,50.00,20.79,25.93,26.19
2567,100,บ้านปง,ไชยปราการ,เล็ก,นอกเมือง,สำนักงานคณะกรรมการการศึกษาขั้นพื้นฐาน,สพป.เชียงใหม่ เขต 3,10,66.67,21.08,60.45,10.24,80.00,26.67,58.33,22.67,46.67,30.55
2567,101,บ้านปงตำ,ไชยปราการ,เล็ก,นอกเมือง,สำนักงานคณะกรรมการการศึกษาขั้นพื้นฐาน,สพป.เชียงใหม่ เขต 3,14,70.24,22.87,46.30,15.07,73.81,25.75,60.71,22.37,45.24,29.83
2567,102,บ้านป่างิ้ว,ไชยปราการ,เล็ก,นอกเมือง,สำนักงานคณะกรรมการการศึกษาขั้นพื้นฐาน,สพป.เชียงใหม่ เขต 3,14,75.00,17.54,66.39,14.67,80.95,20.76,60.71,24.08,40.48,33.76
2567,103,บ้านผาแดง,ไชยปราการ,เล็ก,นอกเมือง,สำนักงานคณะกรรมการการศึกษาขั้นพื้นฐาน,สพป.เชียงใหม่ เขต 3,13,44.87,18.93,49.45,16.58,48.72,33.63,35.90,26.83,33.33,26.15
2567,104,บ้านแม่ขิ,ไชยปราการ,เล็ก,นอกเมือง,สำนักงานคณะกรรมการการศึกษาขั้นพื้นฐาน,สพป.เชียงใหม่ เขต 3,18,59.26,20.20,51.19,15.60,59.26,26.19,54.63,22.77,42.59,24.36
2567,105,บ้านแม่ทะลบ,ไชยปราการ,เล็ก,นอกเมือง,สำนักงานคณะกรรมการการศึกษาขั้นพื้นฐาน,สพป.เชียงใหม่ เขต 3,13,65.38,23.98,57.55,12.88,56.41,30.34,50.00,22.65,41.03,26.65
2567,106,บ้านเวียงผาพัฒนา,ไชยปราการ,เล็ก,นอกเมือง,สำนักงานคณะกรรมการการศึกษาขั้นพื้นฐาน,สพป.เชียงใหม่ เขต 3,6,47.22,17.79,37.50,13.12,33.33,33.33,36.11,11.45,11.11,15.71
2567,107,บ้านสินชัย,ไชยปราการ,กลาง,นอกเมือง,สำนักงานคณะกรรมการการศึกษาขั้นพื้นฐาน,สพป.เชียงใหม่ เขต 3,11,68.18,25.08,63.23,15.36,78.79,16.03,46.97,26.42,42.42,35.08
2567,108,บ้านห้วยต้นตอง,ไชยปราการ,เล็ก,นอกเมือง,สำนักงานคณะกรรมการการศึกษาขั้นพื้นฐาน,สพป.เชียงใหม่ เขต 3,4,66.67,11.79,41.96,7.06,50.00,37.27,37.50,32.00,16.67,16.67
2567,109,บ้านห้วยบง,ไชยปราการ,เล็ก,นอกเมือง,สำนักงานคณะกรรมการการศึกษาขั้นพื้นฐาน,สพป.เชียงใหม่ เขต 3,5,50.00,18.26,49.82,14.19,53.33,26.67,46.67,6.67,40.00,24.94
2567,110,บ้านห้วยไผ่,ไชยปราการ,เล็ก,นอกเมือง,สำนักงานคณะกรรมการการศึกษาขั้นพื้นฐาน,สพป.เชียงใหม่ เขต 3,22,50.00,21.32,46.71,19.26,54.55,34.15,30.30,17.14,28.79,27.15
2567,111,บ้านหัวฝาย,ไชยปราการ,เล็ก,นอกเมือง,สำนักงานคณะกรรมการการศึกษาขั้นพื้นฐาน,สพป.เชียงใหม่ เขต 3,10,43.33,13.33,53.93,12.62,63.33,27.69,31.67,15.72,33.33,25.82
2567,112,บ้านใหม่หนองบัว,ไชยปราการ,กลาง,นอกเมือง,สำนักงานคณะกรรมการการศึกษาขั้นพื้นฐาน,สพป.เชียงใหม่ เขต 3,89,43.45,24.30,32.15,19.57,35.96,31.69,30.15,21.62,33.71,27.59
2567,113,บ้านอ่าย,ไชยปราการ,เล็ก,นอกเมือง,สำนักงานคณะกรรมการการศึกษาขั้นพื้นฐาน,สพป.เชียงใหม่ เขต 3,16,54.17,23.20,53.24,17.34,54.17,35.11,33.33,18.63,45.83,28.57
2567,114,วัดบ้านท่า,ไชยปราการ,เล็ก,นอกเมือง,สำนักงานคณะกรรมการการศึกษาขั้นพื้นฐาน,สพป.เชียงใหม่ เขต 3,16,66.67,16.67,61.64,12.58,81.25,23.48,61.46,20.17,45.83,28.57
2567,115,วัดป่าแดง,ไชยปราการ,เล็ก,นอกเมือง,สำนักงานคณะกรรมการการศึกษาขั้นพื้นฐาน,สพป.เชียงใหม่ เขต 3,20,58.33,20.75,38.39,13.27,50.00,26.87,36.67,15.46,31.67,28.82
2567,116,วัดอรัญญวาสี,ไชยปราการ,เล็ก,นอกเมือง,สำนักงานคณะกรรมการการศึกษาขั้นพื้นฐาน,สพป.เชียงใหม่ เขต 3,6,77.78,7.86,58.18,15.72,77.78,24.85,58.33,26.79,72.22,22.91
2567,117,สันติวนา,ไชยปราการ,เล็ก,นอกเมือง,สำนักงานคณะกรรมการการศึกษาขั้นพื้นฐาน,สพป.เชียงใหม่ เขต 3,9,35.19,24.15,23.96,16.15,33.33,22.22,18.52,14.58,22.22,27.22
2567,118,เอื้อวิทยา,ไชยปราการ,กลาง,นอกเมือง,สำนักงานคณะกรรมการส่งเสริมการศึกษาเอกชน,-,36,52.78,20.22,53.32,13.47,59.26,29.51,43.06,23.69,37.96,28.49
2567,119,ชุมชนบ้านดอยเต่า,ดอยเต่า,เล็ก,นอกเมือง,สำนักงานคณะกรรมการการศึกษาขั้นพื้นฐาน,สพป.เชียงใหม่ เขต 5,7,69.05,10.65,45.28,13.16,52.38,16.50,40.48,15.06,57.14,23.33
2567,120,ชุมชนศูนย์อพยพแปลง 4,ดอยเต่า,เล็ก,นอกเมือง,สำนักงานคณะกรรมการการศึกษาขั้นพื้นฐาน,สพป.เชียงใหม่ เขต 5,13,71.79,13.69,62.50,8.56,71.79,31.61,57.69,19.19,43.59,27.38
2567,121,บ้านเกาะหลวง,ดอยเต่า,เล็ก,นอกเมือง,สำนักงานคณะกรรมการการศึกษาขั้นพื้นฐาน,สพป.เชียงใหม่ เขต 5,13,75.64,18.04,59.27,12.07,79.49,24.59,65.38,24.86,71.79,25.64
2567,122,บ้านงิ้วสูง,ดอยเต่า,เล็ก,นอกเมือง,สำนักงานคณะกรรมการการศึกษาขั้นพื้นฐาน,สพป.เชียงใหม่ เขต 5,5,63.33,19.44,55.36,10.18,73.33,24.94,50.00,23.57,40.00,24.94
2567,123,บ้านฉิมพลี,ดอยเต่า,เล็ก,นอกเมือง,สำนักงานคณะกรรมการการศึกษาขั้นพื้นฐาน,สพป.เชียงใหม่ เขต 5,7,78.57,11.66,72.96,11.55,85.71,24.28,71.43,19.34,38.10,32.99
2567,124,บ้านถิ่นสำราญ,ดอยเต่า,เล็ก,นอกเมือง,สำนักงานคณะกรรมการการศึกษาขั้นพื้นฐาน,สพป.เชียงใหม่ เขต 5,11,54.55,27.61,42.21,16.59,60.61,31.20,40.91,17.93,33.33,14.21
2567,125,บ้านโท้งวิทยา,ดอยเต่า,เล็ก,นอกเมือง,สำนักงานคณะกรรมการการศึกษาขั้นพื้นฐาน,สพป.เชียงใหม่ เขต 5,13,66.67,22.65,56.52,12.70,64.10,33.23,47.44,15.81,43.59,30.34
2567,126,บ้านน้อยห้วยรินวิทยา,ดอยเต่า,เล็ก,นอกเมือง,สำนักงานคณะกรรมการการศึกษาขั้นพื้นฐาน,สพป.เชียงใหม่ เขต 5,9,44.44,26.06,48.91,22.64,55.56,27.22,24.07,19.42,33.33,22.22
2567,127,บ้านบงตัน,ดอยเต่า,เล็ก,นอกเมือง,สำนักงานคณะกรรมการการศึกษาขั้นพื้นฐาน,สพป.เชียงใหม่ เขต 5,21,42.86,22.17,50.51,13.67,52.38,33.45,46.83,23.36,39.68,26.47
2567,128,บ้านโปง,ดอยเต่า,เล็ก,นอกเมือง,สำนักงานคณะกรรมการการศึกษาขั้นพื้นฐาน,สพป.เชียงใหม่ เขต 5,16,55.21,29.88,50.81,22.04,58.33,32.27,47.92,22.73,31.25,29.97
2567,129,บ้านโปงทุ่ง,ดอยเต่า,เล็ก,นอกเมือง,สำนักงานคณะกรรมการการศึกษาขั้นพื้นฐาน,สพป.เชียงใหม่ เขต 5,2,58.33,8.33,81.70,8.48,66.67,33.33,41.67,25.00,50.00,16.67
2567,130,บ้านผาจุก,ดอยเต่า,เล็ก,นอกเมือง,สำนักงานคณะกรรมการการศึกษาขั้นพื้นฐาน,สพป.เชียงใหม่ เขต 5,5,50.00,27.89,55.54,10.06,60.00,24.94,36.67,6.67,33.33,21.08
2567,131,บ้านแม่ตูบ,ดอยเต่า,เล็ก,นอกเมือง,สำนักงานคณะกรรมการการศึกษาขั้นพื้นฐาน,สพป.เชียงใหม่ เขต 5,13,58.97,16.81,49.52,15.40,41.03,34.97,42.31,14.04,35.90,30.55
2567,132,บ้านแม่บวน,ดอยเต่า,เล็ก,นอกเมือง,สำนักงานคณะกรรมการการศึกษาขั้นพื้นฐาน,สพป.เชียงใหม่ เขต 5,13,56.41,26.59,46.36,13.45,79.49,20.83,46.15,25.45,48.72,33.63
2567,133,บ้านไร่,ดอยเต่า,เล็ก,นอกเมือง,สำนักงานคณะกรรมการการศึกษาขั้นพื้นฐาน,สพป.เชียงใหม่ เขต 5,11,65.15,16.60,62.18,7.25,78.79,21.43,53.03,17.14,45.45,29.38
2567,134,บ้านวังหม้อ,ดอยเต่า,เล็ก,นอกเมือง,สำนักงานคณะกรรมการการศึกษาขั้นพื้นฐาน,สพป.เชียงใหม่ เขต 5,6,61.11,20.79,45.09,10.67,61.11,35.57,36.11,17.79,22.22,24.85
2567,135,บ้านวังหลวง,ดอยเต่า,เล็ก,นอกเมือง,สำนักงานคณะกรรมการการศึกษาขั้นพื้นฐาน,สพป.เชียงใหม่ เขต 5,5,60.00,17.00,70.18,5.80,86.67,16.33,66.67,21.08,53.33,45.22
2567,136,บ้านสันติสุข,ดอยเต่า,เล็ก,นอกเมือง,สำนักงานคณะกรรมการการศึกษาขั้นพื้นฐาน,สพป.เชียงใหม่ เขต 5,4,66.67,11.79,41.29,6.66,66.67,23.57,50.00,16.67,8.33,14.43
2567,137,บ้านหนองผักบุ้ง,ดอยเต่า,เล็ก,นอกเมือง,สำนักงานคณะกรรมการการศึกษาขั้นพื้นฐาน,สพป.เชียงใหม่ เขต 5,4,62.50,7.22,65.40,0.74,83.33,28.87,58.33,18.63,50.00,37.27
2567,138,บ้านแอ่นจัดสรร,ดอยเต่า,เล็ก,นอกเมือง,สำนักงานคณะกรรมการการศึกษาขั้นพื้นฐาน,สพป.เชียงใหม่ เขต 5,13,39.74,24.93,40.59,14.79,28.21,31.61,25.64,10.57,20.51,24.59
2567,139,บ้านแอ่นใหม่,ดอยเต่า,เล็ก,นอกเมือง,สำนักงานคณะกรรมการการศึกษาขั้นพื้นฐาน,สพป.เชียงใหม่ เขต 5,7,69.05,16.50,55.87,14.48,61.90,45.18,45.24,24.74,47.62,34.99
2567,140,ศูนย์อพยพแปลง 2,ดอยเต่า,เล็ก,นอกเมือง,สำนักงานคณะกรรมการการศึกษาขั้นพื้นฐาน,สพป.เชียงใหม่ เขต 5,6,61.11,12.42,57.44,15.73,83.33,25.46,44.44,20.79,33.33,27.22
2567,141,ศูนย์อพยพแปลง 5,ดอยเต่า,เล็ก,นอกเมือง,สำนักงานคณะกรรมการการศึกษาขั้นพื้นฐาน,สพป.เชียงใหม่ เขต 5,11,66.67,15.89,62.18,11.56,66.67,34.82,57.58,32.07,45.45,25.71
2567,142,ศูนย์อพยพแปลง 8,ดอยเต่า,เล็ก,นอกเมือง,สำนักงานคณะกรรมการการศึกษาขั้นพื้นฐาน,สพป.เชียงใหม่ เขต 5,6,77.78,20.79,61.46,12.49,83.33,16.67,61.11,12.42,66.67,19.25
2567,143,ชลประทานผาแตก,ดอยสะเก็ด,กลาง,นอกเมือง,สำนักงานคณะกรรมการการศึกษาขั้นพื้นฐาน,สพป.เชียงใหม่ เขต 1,62,55.38,23.14,54.67,17.99,54.30,38.44,45.16,24.02,37.63,28.39
2567,144,เทพเสด็จวิทยา,ดอยสะเก็ด,เล็ก,นอกเมือง,สำนักงานคณะกรรมการการศึกษาขั้นพื้นฐาน,สพป.เชียงใหม่ เขต 1,11,69.70,13.89,50.41,15.55,51.52,26.07,36.36,23.37,30.30,22.27
2567,145,เทศบาลตลาดใหญ่,ดอยสะเก็ด,เล็ก,นอกเมือง,กรมส่งเสริมการปกครองท้องถิ่น,ท้องถิ่นจังหวัดเชียงใหม่,4,66.67,16.67,50.67,1.71,75.00,27.64,58.33,18.63,41.67,14.43
2567,146,บริรักศึกษาเชียงใหม่,ดอยสะเก็ด,เล็ก,นอกเมือง,สำนักงานคณะกรรมการส่งเสริมการศึกษาเอกชน,-,22,51.52,24.05,54.79,16.84,68.18,30.94,52.27,26.73,36.36,24.43
2567,147,บ้านเชิงดอย(ดอยสะเก็ดศึกษา),ดอยสะเก็ด,ใหญ่,นอกเมือง,สำนักงานคณะกรรมการการศึกษาขั้นพื้นฐาน,สพป.เชียงใหม่ เขต 1,99,65.32,20.47,58.74,13.96,74.41,27.96,48.99,22.07,44.11,31.01
2567,148,บ้านตลาดขี้เหล็ก,ดอยสะเก็ด,เล็ก,นอกเมือง,สำนักงานคณะกรรมการการศึกษาขั้นพื้นฐาน,สพป.เชียงใหม่ เขต 1,5,53.33,19.44,38.39,7.43,33.33,0.00,46.67,16.33,46.67,40.00
2567,149,บ้านบ่อหิน,ดอยสะเก็ด,เล็ก,นอกเมือง,สำนักงานคณะกรรมการการศึกษาขั้นพื้นฐาน,สพป.เชียงใหม่ เขต 1,17,63.73,20.00,61.45,12.52,80.39,20.00,50.98,25.22,47.06,30.38
2567,150,บ้านป่าขุย,ดอยสะเก็ด,เล็ก,นอกเมือง,สำนักงานคณะกรรมการการศึกษาขั้นพื้นฐาน,สพป.เชียงใหม่ เขต 1,4,75.00,18.63,70.54,5.13,100.00,0.00,70.83,13.82,58.33,14.43
2567,151,บ้านปางแดง,ดอยสะเก็ด,เล็ก,นอกเมือง,สำนักงานคณะกรรมการการศึกษาขั้นพื้นฐาน,สพป.เชียงใหม่ เขต 1,5,66.67,10.54,55.36,16.17,60.00,38.87,23.33,17.00,33.33,29.81
2567,152,บ้านปางน้ำถุ,ดอยสะเก็ด,เล็ก,นอกเมือง,สำนักงานคณะกรรมการการศึกษาขั้นพื้นฐาน,สพป.เชียงใหม่ เขต 1,2,83.33,0.00,62.95,3.13,83.33,16.67,66.67,0.00,50.00,50.00
2567,153,บ้านป่างิ้ว,ดอยสะเก็ด,เล็ก,นอกเมือง,สำนักงานคณะกรรมการการศึกษาขั้นพื้นฐาน,สพป.เชียงใหม่ เขต 1,10,65.00,24.09,42.41,18.85,46.67,37.12,46.67,19.44,53.33,30.55
2567,154,บ้านป่าป้อง,ดอยสะเก็ด,เล็ก,นอกเมือง,สำนักงานคณะกรรมการการศึกษาขั้นพื้นฐาน,สพป.เชียงใหม่ เขต 1,4,79.17,13.82,54.69,17.31,66.67,0.00,50.00,16.67,50.00,16.67
2567,155,บ้านป่าไม้แดง,ดอยสะเก็ด,กลาง,นอกเมือง,สำนักงานคณะกรรมการการศึกษาขั้นพื้นฐาน,สพป.เชียงใหม่ เขต 1,13,69.23,15.81,52.68,13.65,69.23,33.23,39.74,13.93,33.33,26.15
2567,156,บ้านป่าเสร้า,ดอยสะเก็ด,กลาง,นอกเมือง,สำนักงานคณะกรรมการการศึกษาขั้นพื้นฐาน,สพป.เชียงใหม่ เขต 1,20,61.67,17.56,57.95,14.34,76.67,26.03,48.33,20.34,51.67,24.66
2567,157,บ้านป่าเหมือด,ดอยสะเก็ด,เล็ก,นอกเมือง,สำนักงานคณะกรรมการการศึกษาขั้นพื้นฐาน,สพป.เชียงใหม่ เขต 1,32,71.35,20.08,65.93,11.37,80.21,29.88,49.48,22.62,54.17,35.11
2567,158,บ้านโป่งกุ่ม,ดอยสะเก็ด,เล็ก,นอกเมือง,สำนักงานคณะกรรมการการศึกษาขั้นพื้นฐาน,สพป.เชียงใหม่ เขต 1,3,88.89,7.86,65.77,1.52,100.00,0.00,50.00,13.61,55.56,31.43
2567,159,บ้านแม่ดอกแดง,ดอยสะเก็ด,เล็ก,นอกเมือง,สำนักงานคณะกรรมการการศึกษาขั้นพื้นฐาน,สพป.เชียงใหม่ เขต 1,19,69.30,21.13,49.01,17.30,63.16,32.25,46.49,25.12,40.35,23.14
2567,160,บ้านแม่หวาน,ดอยสะเก็ด,เล็ก,นอกเมือง,สำนักงานคณะกรรมการการศึกษาขั้นพื้นฐาน,สพป.เชียงใหม่ เขต 1,7,57.14,15.06,53.06,10.50,47.62,34.99,35.71,20.76,14.29,16.50
2567,161,บ้านแม่ฮ้อยเงิน,ดอยสะเก็ด,เล็ก,นอกเมือง,สำนักงานคณะกรรมการการศึกษาขั้นพื้นฐาน,สพป.เชียงใหม่ เขต 1,10,55.00,19.79,50.18,13.88,46.67,26.67,41.67,15.37,33.33,21.08
2567,162,บ้านร้องขี้เหล็ก,ดอยสะเก็ด,เล็ก,นอกเมือง,สำนักงานคณะกรรมการการศึกษาขั้นพื้นฐาน,สพป.เชียงใหม่ เขต 1,11,51.52,20.66,43.43,14.32,57.58,24.99,43.94,19.17,36.36,33.20
2567,163,บ้านลวงเหนือ,ดอยสะเก็ด,เล็ก,นอกเมือง,สำนักงานคณะกรรมการการศึกษาขั้นพื้นฐาน,สพป.เชียงใหม่ เขต 1,12,56.94,19.79,62.05,10.54,41.67,36.32,47.22,25.31,41.67,24.06
2567,164,เพื่อชีวิตเชียงใหม่,ดอยสะเก็ด,เล็ก,นอกเมือง,สำนักงานคณะกรรมการส่งเสริมการศึกษาเอกชน,-,17,53.92,24.61,46.19,19.37,54.90,34.19,38.24,15.93,25.49,18.18
2567,165,แม่คือวิทยา,ดอยสะเก็ด,กลาง,นอกเมือง,สำนักงานคณะกรรมการการศึกษาขั้นพื้นฐาน,สพป.เชียงใหม่ เขต 1,25,67.33,20.26,52.39,21.38,69.33,32.55,42.67,23.13,25.33,25.44
2567,166,แม่โป่งประชาสามัคคี,ดอยสะเก็ด,เล็ก,นอกเมือง,สำนักงานคณะกรรมการการศึกษาขั้นพื้นฐาน,สพป.เชียงใหม่ เขต 1,18,49.07,20.39,53.67,16.18,57.41,32.97,37.96,22.09,29.63,26.96
2567,167,ไมตรีจิตคริสเตียนเชียงใหม่,ดอยสะเก็ด,กลาง,นอกเมือง,สำนักงานคณะกรรมการส่งเสริมการศึกษาเอกชน,-,22,48.48,18.74,46.83,15.10,51.52,32.92,37.12,20.68,33.33,28.43
2567,168,กรป.กลางอุปถัมภ์,ดอยหล่อ,เล็ก,นอกเมือง,สำนักงานคณะกรรมการการศึกษาขั้นพื้นฐาน,สพป.เชียงใหม่ เขต 4,11,60.61,21.64,49.51,22.15,78.79,25.71,48.48,20.66,66.67,28.43
2567,169,ดอยหล่อวิทยา,ดอยหล่อ,เล็ก,นอกเมือง,กรมส่งเสริมการปกครองท้องถิ่น,ท้องถิ่นจังหวัดเชียงใหม่,6,75.00,15.96,70.68,10.63,94.44,12.42,77.78,12.42,77.78,15.71
2567,170,เทศบาลตำบลวัดสองแคว,ดอยหล่อ,เล็ก,นอกเมือง,กรมส่งเสริมการปกครองท้องถิ่น,ท้องถิ่นจังหวัดเชียงใหม่,6,44.44,12.42,35.27,17.27,38.89,40.45,33.33,19.25,22.22,24.85
2567,171,บ้านดงป่าหวาย,ดอยหล่อ,เล็ก,นอกเมือง,สำนักงานคณะกรรมการการศึกษาขั้นพื้นฐาน,สพป.เชียงใหม่ เขต 4,9,75.93,20.95,51.39,14.13,74.07,26.19,31.48,22.83,44.44,31.43
2567,172,บ้านสามหลัง,ดอยหล่อ,เล็ก,นอกเมือง,สำนักงานคณะกรรมการการศึกษาขั้นพื้นฐาน,สพป.เชียงใหม่ เขต 4,9,53.70,10.48,40.18,11.69,59.26,20.95,33.33,15.71,48.15,22.83
2567,173,บ้านห้วยน้ำขาว,ดอยหล่อ,เล็ก,นอกเมือง,สำนักงานคณะกรรมการการศึกษาขั้นพื้นฐาน,สพป.เชียงใหม่ เขต 4,12,65.28,20.93,54.39,14.31,69.44,25.31,40.28,23.03,33.33,33.33
2567,174,บ้านหัวข่วง,ดอยหล่อ,เล็ก,นอกเมือง,สำนักงานคณะกรรมการการศึกษาขั้นพื้นฐาน,สพป.เชียงใหม่ เขต 4,4,75.00,8.33,55.80,10.59,83.33,28.87,41.67,18.63,41.67,14.43
2567,175,บ้านเหล่าเป้า,ดอยหล่อ,เล็ก,นอกเมือง,สำนักงานคณะกรรมการการศึกษาขั้นพื้นฐาน,สพป.เชียงใหม่ เขต 4,11,59.09,13.03,55.19,7.42,51.52,21.85,42.42,22.88,27.27,23.86
2567,176,บ้านใหม่หนองหอย,ดอยหล่อ,เล็ก,นอกเมือง,สำนักงานคณะกรรมการการศึกษาขั้นพื้นฐาน,สพป.เชียงใหม่ เขต 4,19,66.67,20.94,49.11,13.77,64.91,29.57,33.33,20.23,29.82,30.39
2567,177,วัดดอนชื่น,ดอยหล่อ,เล็ก,นอกเมือง,สำนักงานคณะกรรมการการศึกษาขั้นพื้นฐาน,สพป.เชียงใหม่ เขต 4,7,78.57,11.66,68.11,6.16,90.48,23.33,61.90,14.68,38.10,27.77
2567,178,วัดวังขามป้อม,ดอยหล่อ,เล็ก,นอกเมือง,สำนักงานคณะกรรมการการศึกษาขั้นพื้นฐาน,สพป.เชียงใหม่ เขต 4,6,63.89,17.79,47.32,14.46,72.22,29.92,36.11,14.96,38.89,40.45
2567,179,วัดศรีดอนชัย,ดอยหล่อ,เล็ก,นอกเมือง,สำนักงานคณะกรรมการการศึกษาขั้นพื้นฐาน,สพป.เชียงใหม่ เขต 4,7,69.05,27.36,47.32,16.27,66.67,35.63,42.86,17.50,38.10,27.77
2567,180,วัดหนองหลั้ว,ดอยหล่อ,เล็ก,นอกเมือง,สำนักงานคณะกรรมการการศึกษาขั้นพื้นฐาน,สพป.เชียงใหม่ เขต 4,6,66.67,19.25,53.27,10.48,66.67,19.25,52.78,14.96,55.56,31.43
2567,181,เจ้าแม่หลวงอุปถัมภ์ 1,ฝาง,กลาง,นอกเมือง,สำนักงานคณะกรรมการการศึกษาขั้นพื้นฐาน,สพป.เชียงใหม่ เขต 3,29,48.85,22.71,43.29,12.27,47.13,30.97,27.59,17.11,26.44,25.34
2567,182,ฉือจี้เชียงใหม่,ฝาง,กลาง,นอกเมือง,สำนักงานคณะกรรมการส่งเสริมการศึกษาเอกชน,-,103,66.02,20.24,65.31,13.28,73.14,27.50,57.12,23.64,44.66,30.30
2567,183,ชุมชนบ้านแม่สูนหลวง,ฝาง,เล็ก,นอกเมือง,สำนักงานคณะกรรมการการศึกษาขั้นพื้นฐาน,สพป.เชียงใหม่ เขต 3,4,62.50,7.22,42.19,7.95,58.33,27.64,45.83,7.22,50.00,16.67
2567,184,เทพศิรินทร์๙โครงการหลวงในพระบรมราชูปถัมภ์,ฝาง,เล็ก,นอกเมือง,สำนักงานคณะกรรมการการศึกษาขั้นพื้นฐาน,สพป.เชียงใหม่ เขต 3,11,60.61,16.32,45.78,11.45,54.55,25.71,48.48,15.00,27.27,19.17
2567,185,เทศบาลเวียงฝาง,ฝาง,กลาง,นอกเมือง,กรมส่งเสริมการปกครองท้องถิ่น,ท้องถิ่นจังหวัดเชียงใหม่,32,49.48,23.75,40.85,21.98,47.92,35.29,44.79,17.89,30.21,25.49
2567,186,บ้านขอบด้ง,ฝาง,กลาง,นอกเมือง,สำนักงานคณะกรรมการการศึกษาขั้นพื้นฐาน,สพป.เชียงใหม่ เขต 3,23,59.42,16.17,52.02,13.83,56.52,31.75,39.86,18.22,36.23,30.95
2567,187,บ้านดงป่าลัน,ฝาง,เล็ก,นอกเมือง,สำนักงานคณะกรรมการการศึกษาขั้นพื้นฐาน,สพป.เชียงใหม่ เขต 3,13,42.31,19.19,44.78,13.07,56.41,30.34,41.03,19.19,35.90,30.55
2567,188,บ้านเด่นใหม่,ฝาง,เล็ก,นอกเมือง,สำนักงานคณะกรรมการการศึกษาขั้นพื้นฐาน,สพป.เชียงใหม่ เขต 3,9,64.81,9.44,47.62,12.52,66.67,27.22,50.00,22.22,40.74,13.86
2567,189,บ้านต้นผึ้ง,ฝาง,เล็ก,นอกเมือง,สำนักงานคณะกรรมการการศึกษาขั้นพื้นฐาน,สพป.เชียงใหม่ เขต 3,10,60.00,26.03,56.70,12.05,43.33,30.00,38.33,29.86,33.33,29.81
2567,190,บ้านต้นส้าน,ฝาง,เล็ก,นอกเมือง,สำนักงานคณะกรรมการการศึกษาขั้นพื้นฐาน,สพป.เชียงใหม่ เขต 3,3,55.56,20.79,62.20,4.96,55.56,31.43,55.56,20.79,55.56,31.43
2567,191,บ้านทุ่งหลุก,ฝาง,เล็ก,นอกเมือง,สำนักงานคณะกรรมการการศึกษาขั้นพื้นฐาน,สพป.เชียงใหม่ เขต 3,5,83.33,10.54,65.36,5.96,86.67,26.67,63.33,12.47,60.00,13.33
2567,192,บ้านปางปอย,ฝาง,กลาง,นอกเมือง,สำนักงานคณะกรรมการการศึกษาขั้นพื้นฐาน,สพป.เชียงใหม่ เขต 3,22,53.03,23.91,45.09,14.78,42.42,32.07,34.09,22.74,33.33,30.15
2567,193,บ้านปางสัก,ฝาง,เล็ก,นอกเมือง,สำนักงานคณะกรรมการการศึกษาขั้นพื้นฐาน,สพป.เชียงใหม่ เขต 3,11,54.55,18.92,54.63,11.20,57.58,37.85,40.91,23.96,42.42,24.99
2567,194,บ้านป่าบง,ฝาง,เล็ก,นอกเมือง,สำนักงานคณะกรรมการการศึกษาขั้นพื้นฐาน,สพป.เชียงใหม่ เขต 3,8,64.58,17.55,55.58,19.05,58.33,27.64,45.83,16.14,37.50,26.02
2567,195,บ้านโป่งถืบ,ฝาง,กลาง,นอกเมือง,สำนักงานคณะกรรมการการศึกษาขั้นพื้นฐาน,สพป.เชียงใหม่ เขต 3,7,64.29,20.76,48.34,14.61,61.90,27.77,40.48,15.06,33.33,25.20
2567,196,บ้านโป่งนก,ฝาง,กลาง,นอกเมือง,สำนักงานคณะกรรมการการศึกษาขั้นพื้นฐาน,สพป.เชียงใหม่ เขต 3,15,63.33,17.43,59.35,16.14,80.00,29.31,56.67,22.61,51.11,31.89
2567,197,บ้านโป่งน้ำร้อน,ฝาง,เล็ก,นอกเมือง,สำนักงานคณะกรรมการการศึกษาขั้นพื้นฐาน,สพป.เชียงใหม่ เขต 3,9,61.11,13.61,52.78,10.27,70.37,39.89,35.19,21.44,25.93,30.54
2567,198,บ้านม่วงชุม,ฝาง,กลาง,นอกเมือง,สำนักงานคณะกรรมการการศึกษาขั้นพื้นฐาน,สพป.เชียงใหม่ เขต 3,37,50.00,24.51,48.79,22.59,55.86,33.83,42.79,21.06,36.04,29.39
2567,199,บ้านม่อนปิ่น,ฝาง,กลาง,นอกเมือง,สำนักงานคณะกรรมการการศึกษาขั้นพื้นฐาน,สพป.เชียงใหม่ เขต 3,19,72.81,16.41,68.00,13.05,89.47,18.90,56.14,19.65,59.65,33.47
2567,200,บ้านแม่ข่า,ฝาง,กลาง,นอกเมือง,สำนักงานคณะกรรมการการศึกษาขั้นพื้นฐาน,สพป.เชียงใหม่ เขต 3,25,56.67,28.28,56.68,20.81,68.00,27.46,50.67,25.16,37.33,28.78
2567,201,บ้านแม่คะ,ฝาง,กลาง,นอกเมือง,สำนักงานคณะกรรมการการศึกษาขั้นพื้นฐาน,สพป.เชียงใหม่ เขต 3,9,57.41,27.34,62.20,7.24,55.56,27.22,57.41,22.38,40.74,34.35
2567,202,บ้านแม่งอนกลาง,ฝาง,เล็ก,นอกเมือง,สำนักงานคณะกรรมการการศึกษาขั้นพื้นฐาน,สพป.เชียงใหม่ เขต 3,5,70.00,12.47,68.39,5.91,53.33,33.99,46.67,26.67,46.67,26.67
2567,203,บ้านแม่งอนขี้เหล็ก,ฝาง,กลาง,นอกเมือง,กรมส่งเสริมการปกครองท้องถิ่น,ท้องถิ่นจังหวัดเชียงใหม่,23,49.28,22.24,33.62,19.38,31.88,30.26,37.68,18.53,36.23,27.65
2567,204,บ้านแม่ใจ,ฝาง,เล็ก,นอกเมือง,สำนักงานคณะกรรมการการศึกษาขั้นพื้นฐาน,สพป.เชียงใหม่ เขต 3,3,61.11,20.79,43.75,12.26,77.78,15.71,33.33,27.22,33.33,27.22
2567,205,บ้านแม่สูนน้อย,ฝาง,เล็ก,นอกเมือง,สำนักงานคณะกรรมการการศึกษาขั้นพื้นฐาน,สพป.เชียงใหม่ เขต 3,11,50.00,29.30,50.32,11.73,72.73,27.77,45.45,22.58,48.48,32.92
2567,206,บ้านยาง,ฝาง,เล็ก,นอกเมือง,สำนักงานคณะกรรมการการศึกษาขั้นพื้นฐาน,สพป.เชียงใหม่ เขต 3,11,51.52,22.98,51.14,13.87,45.45,35.60,42.42,16.46,36.36,22.27
2567,207,บ้านล้องอ้อ,ฝาง,เล็ก,นอกเมือง,กรมส่งเสริมการปกครองท้องถิ่น,ท้องถิ่นจังหวัดเชียงใหม่,25,54.00,23.23,52.14,17.06,58.67,27.13,42.00,23.63,25.33,27.13
2567,208,บ้านลาน,ฝาง,กลาง,นอกเมือง,สำนักงานคณะกรรมการการศึกษาขั้นพื้นฐาน,สพป.เชียงใหม่ เขต 3,9,66.67,17.57,61.81,9.52,59.26,26.19,51.85,22.83,44.44,15.71
2567,209,บ้านเวียงฝาง,ฝาง,ใหญ่,นอกเมือง,สำนักงานคณะกรรมการการศึกษาขั้นพื้นฐาน,สพป.เชียงใหม่ เขต 3,130,58.33,25.09,50.63,16.25,57.95,31.09,41.41,22.38,33.85,30.10
2567,210,บ้านเวียงหวาย,ฝาง,กลาง,นอกเมือง,สำนักงานคณะกรรมการการศึกษาขั้นพื้นฐาน,สพป.เชียงใหม่ เขต 3,11,60.61,22.78,64.94,8.19,87.88,16.03,62.12,21.43,57.58,24.99
2567,211,บ้านศรีดอนชัย,ฝาง,เล็ก,นอกเมือง,สำนักงานคณะกรรมการการศึกษาขั้นพื้นฐาน,สพป.เชียงใหม่ เขต 3,2,50.00,16.67,43.30,8.48,33.33,0.00,16.67,16.67,0.00,0.00
2567,212,บ้านสันต้นดู่,ฝาง,เล็ก,นอกเมือง,สำนักงานคณะกรรมการการศึกษาขั้นพื้นฐาน,สพป.เชียงใหม่ เขต 3,5,96.67,6.67,73.21,9.33,93.33,13.33,66.67,10.54,86.67,16.33
2567,213,บ้านสันต้นเปา,ฝาง,เล็ก,นอกเมือง,สำนักงานคณะกรรมการการศึกษาขั้นพื้นฐาน,สพป.เชียงใหม่ เขต 3,2,100.00,0.00,61.61,6.25,66.67,0.00,83.33,0.00,50.00,16.67
2567,214,บ้านสันทราย,ฝาง,เล็ก,นอกเมือง,สำนักงานคณะกรรมการการศึกษาขั้นพื้นฐาน,สพป.เชียงใหม่ เขต 3,7,61.90,17.17,55.36,16.91,85.71,16.50,26.19,17.50,38.10,27.77
2567,215,บ้านสันทรายคองน้อย,ฝาง,กลาง,นอกเมือง,สำนักงานคณะกรรมการการศึกษาขั้นพื้นฐาน,สพป.เชียงใหม่ เขต 3,7,71.43,26.30,57.78,7.92,66.67,30.86,50.00,21.82,52.38,24.28
2567,216,บ้านสันป่าแดง,ฝาง,เล็ก,นอกเมือง,สำนักงานคณะกรรมการการศึกษาขั้นพื้นฐาน,สพป.เชียงใหม่ เขต 3,6,63.89,11.45,55.80,15.64,61.11,22.91,36.11,11.45,27.78,22.91
2567,217,บ้านสันม่วง,ฝาง,เล็ก,นอกเมือง,สำนักงานคณะกรรมการการศึกษาขั้นพื้นฐาน,สพป.เชียงใหม่ เขต 3,8,60.42,18.52,53.01,9.98,79.17,23.20,39.58,29.97,62.50,30.90
2567,218,บ้านหนองขวาง,ฝาง,เล็ก,นอกเมือง,สำนักงานคณะกรรมการการศึกษาขั้นพื้นฐาน,สพป.เชียงใหม่ เขต 3,5,66.67,21.08,60.18,0.44,66.67,29.81,46.67,12.47,46.67,16.33
2567,219,บ้านหนองยาว,ฝาง,เล็ก,นอกเมือง,สำนักงานคณะกรรมการการศึกษาขั้นพื้นฐาน,สพป.เชียงใหม่ เขต 3,16,60.42,16.54,56.25,10.38,72.92,24.21,46.88,14.69,45.83,30.90
2567,220,บ้านหลวง,ฝาง,กลาง,นอกเมือง,สำนักงานคณะกรรมการการศึกษาขั้นพื้นฐาน,สพป.เชียงใหม่ เขต 3,35,32.86,20.89,32.92,15.25,23.81,27.11,29.52,20.35,33.33,25.20
2567,221,บ้านหล่ายฝาง,ฝาง,เล็ก,นอกเมือง,กรมส่งเสริมการปกครองท้องถิ่น,ท้องถิ่นจังหวัดเชียงใหม่,33,46.46,23.84,39.37,19.42,44.44,37.31,30.81,21.76,40.40,25.63
2567,222,บ้านห้วยไคร้,ฝาง,เล็ก,นอกเมือง,สำนักงานคณะกรรมการการศึกษาขั้นพื้นฐาน,สพป.เชียงใหม่ เขต 3,28,57.14,22.02,54.15,13.44,53.57,34.89,36.90,23.30,45.24,35.87
2567,223,บ้านห้วยงูกลาง,ฝาง,เล็ก,นอกเมือง,สำนักงานคณะกรรมการการศึกษาขั้นพื้นฐาน,สพป.เชียงใหม่ เขต 3,15,71.11,17.71,62.74,11.95,80.00,23.73,55.56,20.79,55.56,28.97
2567,224,บ้านห้วยบอน,ฝาง,เล็ก,นอกเมือง,สำนักงานคณะกรรมการการศึกษาขั้นพื้นฐาน,สพป.เชียงใหม่ เขต 3,8,41.67,30.05,42.19,20.95,29.17,26.02,18.75,9.99,12.50,16.14
2567,225,บ้านห้วยหมากเลี่ยม,ฝาง,กลาง,นอกเมือง,สำนักงานคณะกรรมการการศึกษาขั้นพื้นฐาน,สพป.เชียงใหม่ เขต 3,34,64.71,23.83,48.95,11.85,46.08,37.06,34.80,19.95,35.29,25.49
2567,226,บ้านห้วยห้อม,ฝาง,เล็ก,นอกเมือง,สำนักงานคณะกรรมการการศึกษาขั้นพื้นฐาน,สพป.เชียงใหม่ เขต 3,8,58.33,18.63,60.27,13.89,66.67,40.82,33.33,18.63,20.83,16.14
2567,227,บ้านห้วยเฮี่ยน,ฝาง,เล็ก,นอกเมือง,สำนักงานคณะกรรมการการศึกษาขั้นพื้นฐาน,สพป.เชียงใหม่ เขต 3,18,55.56,23.57,35.71,18.17,48.15,31.86,32.41,23.22,29.63,26.96
2567,228,บ้านหัวนา,ฝาง,เล็ก,นอกเมือง,สำนักงานคณะกรรมการการศึกษาขั้นพื้นฐาน,สพป.เชียงใหม่ เขต 3,15,65.56,20.61,62.92,10.10,80.00,23.73,50.00,27.22,53.33,36.11
2567,229,บ้านหัวฝาย,ฝาง,เล็ก,นอกเมือง,สำนักงานคณะกรรมการการศึกษาขั้นพื้นฐาน,สพป.เชียงใหม่ เขต 3,11,56.06,22.78,59.74,11.85,57.58,28.75,53.03,24.43,69.70,26.42
2567,230,บ้านเหมืองแร่,ฝาง,กลาง,นอกเมือง,สำนักงานคณะกรรมการการศึกษาขั้นพื้นฐาน,สพป.เชียงใหม่ เขต 3,19,58.77,26.14,52.73,24.21,52.63,39.46,35.09,27.52,38.60,34.65
2567,231,รังษีวิทยา,ฝาง,ใหญ่พิเศษ,นอกเมือง,สำนักงานคณะกรรมการส่งเสริมการศึกษาเอกชน,-,170,62.75,20.56,60.05,17.22,73.92,28.35,53.92,24.87,42.35,31.05
2567,232,รัตนาเอื้อวิทยา,ฝาง,ใหญ่,นอกเมือง,สำนักงานคณะกรรมการส่งเสริมการศึกษาเอกชน,-,71,64.32,20.80,57.83,14.75,70.42,30.41,49.53,23.23,42.72,34.57
2567,233,วัดนันทาราม,ฝาง,กลาง,นอกเมือง,สำนักงานคณะกรรมการการศึกษาขั้นพื้นฐาน,สพป.เชียงใหม่ เขต 3,5,70.00,28.67,60.54,10.17,86.67,16.33,66.67,18.26,60.00,13.33
2567,234,วัดศรีบุญเรือง,ฝาง,เล็ก,นอกเมือง,สำนักงานคณะกรรมการการศึกษาขั้นพื้นฐาน,สพป.เชียงใหม่ เขต 3,13,58.97,12.43,55.15,12.28,71.79,31.61,51.28,22.13,51.28,36.08
2567,235,วิรุณเทพ,ฝาง,เล็ก,นอกเมือง,สำนักงานคณะกรรมการการศึกษาขั้นพื้นฐาน,สพป.เชียงใหม่ เขต 3,8,68.75,9.99,68.30,12.68,79.17,23.20,58.33,18.63,45.83,23.20
2567,236,สายอักษร,ฝาง,กลาง,นอกเมือง,สำนักงานคณะกรรมการส่งเสริมการศึกษาเอกชน,-,57,66.08,19.24,60.46,16.29,72.51,29.37,49.42,23.15,38.60,28.47
2567,237,อาโอยาม่า,ฝาง,เล็ก,นอกเมือง,กองบัญชาการตำรวจตระเวนชายแดน,-,12,48.61,18.58,46.35,9.72,25.00,14.43,29.17,18.16,27.78,26.64
2567,238,เจ้าพ่อหลวงอุปถัมภ์ 2,พร้าว,เล็ก,นอกเมือง,กองบัญชาการตำรวจตระเวนชายแดน,-,12,61.11,18.43,51.12,13.78,61.11,29.92,30.56,19.04,36.11,31.79
2567,239,ชุมชนบ้านโป่ง,พร้าว,เล็ก,นอกเมือง,สำนักงานคณะกรรมการการศึกษาขั้นพื้นฐาน,สพป.เชียงใหม่ เขต 2,10,55.00,33.37,48.84,14.91,36.67,23.33,40.00,18.56,36.67,37.86
2567,240,ชุมชนสหกรณ์นิคมวิทยา,พร้าว,เล็ก,นอกเมือง,สำนักงานคณะกรรมการการศึกษาขั้นพื้นฐาน,สพป.เชียงใหม่ เขต 2,17,58.82,20.70,52.26,15.48,64.71,29.08,50.00,21.39,41.18,21.48
2567,241,บ้านขุนแจ๋,พร้าว,เล็ก,นอกเมือง,สำนักงานคณะกรรมการการศึกษาขั้นพื้นฐาน,สพป.เชียงใหม่ เขต 2,5,53.33,12.47,50.71,9.64,66.67,36.51,40.00,22.61,20.00,26.67
2567,242,บ้านแจ่งกู่เรือง,พร้าว,กลาง,นอกเมือง,สำนักงานคณะกรรมการการศึกษาขั้นพื้นฐาน,สพป.เชียงใหม่ เขต 2,123,69.65,19.25,55.05,14.83,76.15,28.68,55.96,24.80,52.30,30.08
2567,243,บ้านต้นรุง,พร้าว,เล็ก,นอกเมือง,สำนักงานคณะกรรมการการศึกษาขั้นพื้นฐาน,สพป.เชียงใหม่ เขต 2,11,57.58,17.93,37.82,12.52,63.64,38.81,40.91,19.28,36.36,30.00
2567,244,บ้านท่ามะเกี๋ยง,พร้าว,เล็ก,นอกเมือง,สำนักงานคณะกรรมการการศึกษาขั้นพื้นฐาน,สพป.เชียงใหม่ เขต 2,2,58.33,25.00,25.45,5.80,50.00,50.00,41.67,25.00,50.00,16.67
2567,245,บ้านนาบุญโหล่งขอด,พร้าว,เล็ก,นอกเมือง,สำนักงานคณะกรรมการการศึกษาขั้นพื้นฐาน,สพป.เชียงใหม่ เขต 2,12,58.33,18.63,61.24,10.65,66.67,30.43,50.00,15.21,25.00,19.84
2567,246,บ้านป่าตุ้ม,พร้าว,กลาง,นอกเมือง,สำนักงานคณะกรรมการการศึกษาขั้นพื้นฐาน,สพป.เชียงใหม่ เขต 2,8,66.67,20.41,51.79,17.07,45.83,37.03,29.17,26.02,37.50,19.98
2567,247,บ้านป่าไหน่,พร้าว,เล็ก,นอกเมือง,สำนักงานคณะกรรมการการศึกษาขั้นพื้นฐาน,สพป.เชียงใหม่ เขต 2,5,76.67,17.00,39.64,6.70,66.67,36.51,30.00,12.47,33.33,21.08
2567,248,บ้านแม่ปั๋ง,พร้าว,เล็ก,นอกเมือง,สำนักงานคณะกรรมการการศึกษาขั้นพื้นฐาน,สพป.เชียงใหม่ เขต 2,29,62.64,22.17,53.11,16.30,68.97,31.48,43.10,20.77,41.38,32.35
2567,249,บ้านแม่ปาคี,พร้าว,เล็ก,นอกเมือง,สำนักงานคณะกรรมการการศึกษาขั้นพื้นฐาน,สพป.เชียงใหม่ เขต 2,15,36.67,21.26,43.15,17.03,35.56,25.72,25.56,15.95,33.33,24.34
2567,250,บ้านแม่เหียะ,พร้าว,เล็ก,นอกเมือง,สำนักงานคณะกรรมการการศึกษาขั้นพื้นฐาน,สพป.เชียงใหม่ เขต 2,12,70.83,15.40,44.20,13.05,52.78,28.73,38.89,19.64,36.11,31.79
2567,251,บ้านสันกลาง,พร้าว,เล็ก,นอกเมือง,สำนักงานคณะกรรมการการศึกษาขั้นพื้นฐาน,สพป.เชียงใหม่ เขต 2,7,76.19,12.14,61.22,20.64,90.48,15.06,66.67,21.82,71.43,21.30
2567,252,บ้านสันปง,พร้าว,เล็ก,นอกเมือง,สำนักงานคณะกรรมการการศึกษาขั้นพื้นฐาน,สพป.เชียงใหม่ เขต 2,11,50.00,20.10,50.49,15.04,42.42,28.75,45.45,18.92,33.33,34.82
2567,253,บ้านหนองปิด,พร้าว,เล็ก,นอกเมือง,สำนักงานคณะกรรมการการศึกษาขั้นพื้นฐาน,สพป.เชียงใหม่ เขต 2,6,52.78,29.53,59.82,16.53,55.56,45.81,47.22,14.96,27.78,22.91
2567,254,บ้านหลวง,พร้าว,เล็ก,นอกเมือง,สำนักงานคณะกรรมการการศึกษาขั้นพื้นฐาน,สพป.เชียงใหม่ เขต 2,6,55.56,20.79,50.15,13.43,50.00,16.67,52.78,17.79,11.11,15.71
2567,255,บ้านห้วยบง,พร้าว,เล็ก,นอกเมือง,สำนักงานคณะกรรมการการศึกษาขั้นพื้นฐาน,สพป.เชียงใหม่ เขต 2,8,68.75,19.43,60.27,12.68,58.33,32.27,50.00,23.57,45.83,23.20
2567,256,ประชาสามัคคีวิทยา,พร้าว,เล็ก,นอกเมือง,สำนักงานคณะกรรมการการศึกษาขั้นพื้นฐาน,สพป.เชียงใหม่ เขต 2,10,71.67,13.02,55.98,16.27,76.67,26.03,41.67,15.37,53.33,37.12
2567,257,ประดู่วิทยา,พร้าว,เล็ก,นอกเมือง,สำนักงานคณะกรรมการการศึกษาขั้นพื้นฐาน,สพป.เชียงใหม่ เขต 2,7,64.29,10.65,68.75,7.78,80.95,30.12,69.05,16.50,23.81,29.35
2567,258,พร้าวบูรพา,พร้าว,เล็ก,นอกเมือง,สำนักงานคณะกรรมการการศึกษาขั้นพื้นฐาน,สพป.เชียงใหม่ เขต 2,15,54.44,18.72,45.06,11.88,55.56,31.43,31.11,15.95,26.67,24.94
2567,259,สหกรณ์ดำริ,พร้าว,เล็ก,นอกเมือง,สำนักงานคณะกรรมการการศึกษาขั้นพื้นฐาน,สพป.เชียงใหม่ เขต 2,8,68.75,17.55,58.37,16.30,50.00,33.33,52.08,13.01,33.33,28.87
2567,260,กสิณธร เซนต์เจมส์ เชียงใหม่,เมืองเชียงใหม่,เล็ก,ในเมือง,สำนักงานคณะกรรมการส่งเสริมการศึกษาเอกชน,-,28,61.90,26.67,49.65,19.40,67.86,30.19,51.79,23.71,45.24,34.75
2567,261,โกวิทธำรงเชียงใหม่,เมืองเชียงใหม่,ใหญ่,ในเมือง,สำนักงานคณะกรรมการส่งเสริมการศึกษาเอกชน,-,73,67.12,19.31,64.51,12.12,84.93,22.10,59.82,23.38,55.25,31.80
2567,262,ขาลสุวรรณอนุสรณ์,เมืองเชียงใหม่,เล็ก,ในเมือง,สำนักงานคณะกรรมการส่งเสริมการศึกษาเอกชน,-,42,64.68,20.64,58.74,16.33,73.02,25.45,58.33,26.54,50.00,29.32
2567,263,คำเที่ยงอนุสสรณ์,เมืองเชียงใหม่,กลาง,ในเมือง,สำนักงานคณะกรรมการการศึกษาขั้นพื้นฐาน,สพป.เชียงใหม่ เขต 1,101,64.85,19.61,55.89,15.52,72.28,30.42,49.01,20.95,47.19,27.05
2567,264,จิตราวิทยา,เมืองเชียงใหม่,ใหญ่,ในเมือง,สำนักงานคณะกรรมการส่งเสริมการศึกษาเอกชน,-,138,59.30,21.14,56.41,15.50,65.46,32.45,51.21,23.54,43.00,28.99
2567,265,เจ้าพ่อหลวงอุปถัมภ์ 1,เมืองเชียงใหม่,เล็ก,ในเมือง,สำนักงานคณะกรรมการการศึกษาขั้นพื้นฐาน,สพป.เชียงใหม่ เขต 1,18,62.96,16.25,61.11,9.00,55.56,19.25,50.93,21.85,40.74,28.45
2567,266,ชุมชนเทศบาลวัดศรีดอนไชย,เมืองเชียงใหม่,กลาง,ในเมือง,กรมส่งเสริมการปกครองท้องถิ่น,ท้องถิ่นจังหวัดเชียงใหม่,29,75.29,17.30,56.53,12.29,78.16,20.11,57.47,18.87,47.13,33.35
2567,267,ชุมชนบ้านบวกครกน้อย,เมืองเชียงใหม่,กลาง,ในเมือง,สำนักงานคณะกรรมการการศึกษาขั้นพื้นฐาน,สพป.เชียงใหม่ เขต 1,43,70.16,19.21,63.52,12.85,82.17,26.27,58.91,19.80,58.14,29.72
2567,268,ชุมชนวัดท่าเดื่อ,เมืองเชียงใหม่,เล็ก,ในเมือง,สำนักงานคณะกรรมการการศึกษาขั้นพื้นฐาน,สพป.เชียงใหม่ เขต 1,22,61.36,22.69,52.44,12.68,66.67,30.15,50.76,23.29,28.79,25.22
2567,269,เชียงใหม่คริสเตียน,เมืองเชียงใหม่,ใหญ่,ในเมือง,สำนักงานคณะกรรมการส่งเสริมการศึกษาเอกชน,-,87,61.88,21.28,56.32,15.83,67.43,32.74,46.17,21.25,37.93,30.40
2567,270,ดาราวิทยาลัย,เมืองเชียงใหม่,ใหญ่พิเศษ,ในเมือง,สำนักงานคณะกรรมการส่งเสริมการศึกษาเอกชน,-,394,73.10,17.84,69.54,15.23,78.51,27.81,62.01,23.14,50.34,33.18
2567,271,ท่าศาลา,เมืองเชียงใหม่,เล็ก,ในเมือง,สำนักงานคณะกรรมการการศึกษาขั้นพื้นฐาน,สพป.เชียงใหม่ เขต 1,13,56.41,24.93,55.39,18.18,48.72,30.98,46.15,16.22,33.33,26.15
2567,272,เทพบดินทร์วิทยาเชียงใหม่,เมืองเชียงใหม่,ใหญ่,ในเมือง,สำนักงานคณะกรรมการส่งเสริมการศึกษาเอกชน,-,118,56.07,20.77,54.43,14.44,62.43,32.92,45.62,23.31,33.62,29.27
2567,273,เทศบาลดอกเงิน,เมืองเชียงใหม่,เล็ก,ในเมือง,กรมส่งเสริมการปกครองท้องถิ่น,ท้องถิ่นจังหวัดเชียงใหม่,8,72.92,23.48,61.94,20.06,83.33,33.33,45.83,30.90,41.67,22.05
2567,274,เทศบาลวัดกู่คำ,เมืองเชียงใหม่,เล็ก,ในเมือง,กรมส่งเสริมการปกครองท้องถิ่น,ท้องถิ่นจังหวัดเชียงใหม่,15,60.00,20.91,52.02,11.73,73.33,27.76,53.33,22.93,44.44,31.43
2567,275,เทศบาลวัดเกตการาม,เมืองเชียงใหม่,เล็ก,ในเมือง,กรมส่งเสริมการปกครองท้องถิ่น,ท้องถิ่นจังหวัดเชียงใหม่,8,72.92,14.28,61.16,15.03,70.83,30.90,56.25,31.11,70.83,35.11
2567,276,เทศบาลวัดเชียงยืน,เมืองเชียงใหม่,กลาง,ในเมือง,กรมส่งเสริมการปกครองท้องถิ่น,ท้องถิ่นจังหวัดเชียงใหม่,38,53.07,20.18,49.48,16.99,61.40,33.79,38.60,20.63,40.35,26.66
2567,277,เทศบาลวัดท่าสะต๋อย,เมืองเชียงใหม่,กลาง,ในเมือง,กรมส่งเสริมการปกครองท้องถิ่น,ท้องถิ่นจังหวัดเชียงใหม่,33,66.67,22.47,60.82,13.64,77.78,29.21,64.14,25.99,46.46,29.52
2567,278,เทศบาลวัดป่าแพ่ง,เมืองเชียงใหม่,กลาง,ในเมือง,กรมส่งเสริมการปกครองท้องถิ่น,ท้องถิ่นจังหวัดเชียงใหม่,28,54.76,22.65,49.87,18.15,58.33,36.32,36.90,24.13,42.86,31.94
2567,279,เทศบาลวัดพวกช้าง,เมืองเชียงใหม่,เล็ก,ในเมือง,กรมส่งเสริมการปกครองท้องถิ่น,ท้องถิ่นจังหวัดเชียงใหม่,16,62.50,23.20,59.15,13.63,70.83,30.90,41.67,25.69,33.33,20.41
2567,280,เทศบาลวัดศรีปิงเมือง,เมืองเชียงใหม่,กลาง,ในเมือง,กรมส่งเสริมการปกครองท้องถิ่น,ท้องถิ่นจังหวัดเชียงใหม่,45,61.85,22.67,52.18,17.28,60.74,33.91,44.07,26.56,42.96,29.50
2567,281,เทศบาลวัดศรีสุพรรณ,เมืองเชียงใหม่,กลาง,ในเมือง,กรมส่งเสริมการปกครองท้องถิ่น,ท้องถิ่นจังหวัดเชียงใหม่,33,63.64,20.70,54.55,15.24,70.71,26.91,43.43,26.57,41.41,30.74
2567,282,เทศบาลวัดหมื่นเงินกอง,เมืองเชียงใหม่,เล็ก,ในเมือง,กรมส่งเสริมการปกครองท้องถิ่น,ท้องถิ่นจังหวัดเชียงใหม่,22,70.45,22.43,56.70,12.75,69.70,30.00,54.55,22.58,45.45,27.61
2567,283,บ้านเชิงดอยสุเทพ,เมืองเชียงใหม่,เล็ก,ในเมือง,สำนักงานคณะกรรมการการศึกษาขั้นพื้นฐาน,สพป.เชียงใหม่ เขต 1,15,68.89,13.43,61.85,12.41,71.11,26.85,50.00,21.08,37.78,26.85
2567,284,บ้านดอนปิน,เมืองเชียงใหม่,กลาง,ในเมือง,สำนักงานคณะกรรมการการศึกษาขั้นพื้นฐาน,สพป.เชียงใหม่ เขต 1,42,61.90,20.02,57.61,12.08,76.19,27.49,39.29,21.46,46.03,28.13
2567,285,บ้านท่าหลุกสันทราย,เมืองเชียงใหม่,กลาง,ในเมือง,สำนักงานคณะกรรมการการศึกษาขั้นพื้นฐาน,สพป.เชียงใหม่ เขต 1,17,68.63,13.86,58.09,13.87,68.63,31.25,44.12,20.56,43.14,31.86
2567,286,บ้านโป่งน้อย,เมืองเชียงใหม่,กลาง,ในเมือง,สำนักงานคณะกรรมการการศึกษาขั้นพื้นฐาน,สพป.เชียงใหม่ เขต 1,23,63.77,20.06,58.27,12.70,78.26,15.88,60.87,27.19,42.03,26.41
2567,287,บ้านแม่เหียะสามัคคี,เมืองเชียงใหม่,เล็ก,ในเมือง,สำนักงานคณะกรรมการการศึกษาขั้นพื้นฐาน,สพป.เชียงใหม่ เขต 1,16,64.58,18.52,56.81,11.31,79.17,23.20,55.21,20.17,45.83,33.07
2567,288,บ้านห้วยทราย,เมืองเชียงใหม่,เล็ก,ในเมือง,กรมส่งเสริมการปกครองท้องถิ่น,ท้องถิ่นจังหวัดเชียงใหม่,14,64.29,22.59,55.23,10.11,78.57,23.93,48.81,27.79,42.86,23.33
2567,289,ปรินส์รอยแยลส์วิทยาลัย,เมืองเชียงใหม่,ใหญ่พิเศษ,ในเมือง,สำนักงานคณะกรรมการส่งเสริมการศึกษาเอกชน,-,512,73.99,17.21,69.10,14.39,85.48,20.93,68.49,22.77,57.23,32.14
2567,290,พระหฤทัยเชียงใหม่,เมืองเชียงใหม่,ใหญ่,ในเมือง,สำนักงานคณะกรรมการส่งเสริมการศึกษาเอกชน,-,115,64.06,20.69,54.86,19.69,72.46,30.54,48.99,27.48,45.22,31.76
2567,291,พิงครัตน์,เมืองเชียงใหม่,เล็ก,ในเมือง,สำนักงานคณะกรรมการส่งเสริมการศึกษาเอกชน,-,8,54.17,35.11,62.83,14.91,62.50,48.41,47.92,32.74,50.00,23.57
2567,292,พิมานเด็กเชียงใหม่,เมืองเชียงใหม่,กลาง,ในเมือง,สำนักงานคณะกรรมการส่งเสริมการศึกษาเอกชน,-,38,61.84,19.83,58.27,12.92,81.58,22.55,59.21,23.48,38.60,30.13
2567,293,พุทธิโศภน,เมืองเชียงใหม่,ใหญ่,ในเมือง,สำนักงานคณะกรรมการการศึกษาขั้นพื้นฐาน,สพป.เชียงใหม่ เขต 1,171,66.37,21.21,59.28,17.12,72.12,31.16,55.85,23.81,47.17,30.75
2567,294,มงฟอร์ตวิทยาลัย แผนกประถม,เมืองเชียงใหม่,ใหญ่พิเศษ,ในเมือง,สำนักงานคณะกรรมการส่งเสริมการศึกษาเอกชน,-,408,73.12,18.94,62.59,17.00,82.84,27.61,61.15,22.81,55.47,32.46
2567,295,ยุวฑูตศึกษาพัฒนาราชพฤกษ์,เมืองเชียงใหม่,กลาง,ในเมือง,สำนักงานคณะกรรมการส่งเสริมการศึกษาเอกชน,-,9,48.15,19.95,45.98,19.39,62.96,24.57,50.00,20.79,29.63,33.13
2567,296,เรยีนาเชลีวิทยาลัย,เมืองเชียงใหม่,ใหญ่,ในเมือง,สำนักงานคณะกรรมการส่งเสริมการศึกษาเอกชน,-,171,72.03,20.04,65.13,13.83,79.73,26.58,61.11,21.48,48.34,31.04
2567,297,วชิรวิทย์ เชียงใหม่,เมืองเชียงใหม่,กลาง,ในเมือง,สำนักงานคณะกรรมการส่งเสริมการศึกษาเอกชน,-,77,68.61,18.99,58.61,15.77,80.52,27.58,56.93,20.87,45.45,27.87
2567,298,วัดข่วงสิงห์,เมืองเชียงใหม่,กลาง,ในเมือง,สำนักงานคณะกรรมการการศึกษาขั้นพื้นฐาน,สพป.เชียงใหม่ เขต 1,10,75.00,29.11,67.86,9.40,83.33,22.36,56.67,21.34,50.00,26.87
2567,299,วัดขะจาว,เมืองเชียงใหม่,เล็ก,ในเมือง,สำนักงานคณะกรรมการการศึกษาขั้นพื้นฐาน,สพป.เชียงใหม่ เขต 1,38,58.77,19.02,58.88,18.38,71.05,27.75,44.74,25.96,33.33,25.36
2567,300,วัดเจ็ดยอด,เมืองเชียงใหม่,เล็ก,ในเมือง,สำนักงานคณะกรรมการการศึกษาขั้นพื้นฐาน,สพป.เชียงใหม่ เขต 1,8,52.08,19.43,53.68,13.19,66.67,23.57,50.00,27.64,29.17,35.11
2567,301,วัดช่างเคี่ยน,เมืองเชียงใหม่,กลาง,ในเมือง,สำนักงานคณะกรรมการการศึกษาขั้นพื้นฐาน,สพป.เชียงใหม่ เขต 1,21,58.73,19.67,46.81,17.40,41.27,35.49,42.06,24.46,31.75,21.76
2567,302,วัดดอนจั่น,เมืองเชียงใหม่,กลาง,ในเมือง,สำนักงานคณะกรรมการการศึกษาขั้นพื้นฐาน,สพป.เชียงใหม่ เขต 1,51,42.48,23.87,33.93,17.43,35.29,33.28,33.01,19.38,31.37,28.32
2567,303,วัดป่าข่อยใต้,เมืองเชียงใหม่,เล็ก,ในเมือง,สำนักงานคณะกรรมการการศึกษาขั้นพื้นฐาน,สพป.เชียงใหม่ เขต 1,7,69.05,18.75,66.84,7.43,76.19,23.33,47.62,10.65,42.86,23.33
2567,304,วัดป่าแดด,เมืองเชียงใหม่,เล็ก,ในเมือง,สำนักงานคณะกรรมการการศึกษาขั้นพื้นฐาน,สพป.เชียงใหม่ เขต 1,23,63.04,23.03,52.37,12.22,71.01,31.55,51.45,21.37,39.13,27.19
2567,305,วัดป่าตัน,เมืองเชียงใหม่,เล็ก,ในเมือง,สำนักงานคณะกรรมการการศึกษาขั้นพื้นฐาน,สพป.เชียงใหม่ เขต 1,19,52.63,21.13,57.57,10.86,66.67,32.44,48.25,22.23,36.84,34.02
2567,306,วัดเมืองสาตร,เมืองเชียงใหม่,เล็ก,ในเมือง,สำนักงานคณะกรรมการการศึกษาขั้นพื้นฐาน,สพป.เชียงใหม่ เขต 1,15,64.44,20.96,60.89,16.80,71.11,29.48,56.67,17.00,28.89,29.48
2567,307,วัดร้องอ้อ,เมืองเชียงใหม่,กลาง,ในเมือง,สำนักงานคณะกรรมการการศึกษาขั้นพื้นฐาน,สพป.เชียงใหม่ เขต 1,18,61.11,21.52,55.51,13.34,81.48,25.39,50.93,23.88,51.85,31.86
2567,308,วัดวังสิงห์คำ,เมืองเชียงใหม่,กลาง,ในเมือง,สำนักงานคณะกรรมการการศึกษาขั้นพื้นฐาน,สพป.เชียงใหม่ เขต 1,20,67.50,21.39,57.10,11.83,75.00,33.12,50.00,22.97,36.67,29.63
2567,309,วัดสวนดอก,เมืองเชียงใหม่,กลาง,ในเมือง,สำนักงานคณะกรรมการการศึกษาขั้นพื้นฐาน,สพป.เชียงใหม่ เขต 1,31,68.82,16.25,63.05,12.53,82.80,25.22,52.15,17.83,55.91,33.21
2567,310,วัดเสาหิน,เมืองเชียงใหม่,เล็ก,ในเมือง,สำนักงานคณะกรรมการการศึกษาขั้นพื้นฐาน,สพป.เชียงใหม่ เขต 1,10,66.67,21.08,58.66,13.54,80.00,33.99,48.33,27.34,43.33,36.67
2567,311,วัดหนองป่าครั่ง,เมืองเชียงใหม่,เล็ก,ในเมือง,สำนักงานคณะกรรมการการศึกษาขั้นพื้นฐาน,สพป.เชียงใหม่ เขต 1,3,83.33,0.00,56.55,5.47,88.89,15.71,50.00,13.61,66.67,0.00
2567,312,วารีเชียงใหม่,เมืองเชียงใหม่,ใหญ่พิเศษ,ในเมือง,สำนักงานคณะกรรมการส่งเสริมการศึกษาเอกชน,-,187,71.84,21.11,61.49,17.17,81.11,27.13,61.50,22.34,42.96,31.25
2567,313,วิชัยวิทยา,เมืองเชียงใหม่,กลาง,ในเมือง,สำนักงานคณะกรรมการส่งเสริมการศึกษาเอกชน,-,27,69.75,19.79,62.47,17.44,85.19,24.57,66.67,22.68,45.68,31.62
2567,314,ศรีเนห์รู,เมืองเชียงใหม่,เล็ก,ในเมือง,สำนักงานคณะกรรมการการศึกษาขั้นพื้นฐาน,สพป.เชียงใหม่ เขต 1,15,37.78,21.49,39.23,21.60,44.44,33.70,33.33,20.18,33.33,32.20
2567,315,ศิริมังคลาจารย์,เมืองเชียงใหม่,เล็ก,ในเมือง,สำนักงานคณะกรรมการการศึกษาขั้นพื้นฐาน,สพป.เชียงใหม่ เขต 1,5,70.00,12.47,62.32,8.31,80.00,26.67,60.00,13.33,33.33,21.08
2567,316,สังวาลย์วิทยา,เมืองเชียงใหม่,เล็ก,ในเมือง,สำนักงานคณะกรรมการการศึกษาขั้นพื้นฐาน,สพป.เชียงใหม่ เขต 1,4,54.17,18.16,46.43,21.10,50.00,37.27,25.00,18.63,25.00,27.64
2567,317,สันติศึกษา,เมืองเชียงใหม่,เล็ก,ในเมือง,สำนักงานคณะกรรมการส่งเสริมการศึกษาเอกชน,-,23,65.22,18.33,57.38,19.75,69.57,37.96,57.97,24.01,40.58,32.54
2567,318,สาธิตมหาวิทยาลัยราชภัฏเชียงใหม่,เมืองเชียงใหม่,กลาง,ในเมือง,สำนักงานปลัดกระทรวงการอุดมศึกษาฯ,-,100,60.00,21.34,53.17,19.76,71.00,31.85,53.67,23.28,43.67,32.90
2567,319,สารสาสน์วิเทศเชียงใหม่,เมืองเชียงใหม่,ใหญ่,ในเมือง,สำนักงานคณะกรรมการส่งเสริมการศึกษาเอกชน,-,107,72.74,16.96,62.05,12.53,85.98,21.39,62.46,22.34,53.58,32.47
2567,320,สารสาสน์วิเทศล้านนา,เมืองเชียงใหม่,ใหญ่,ในเมือง,สำนักงานคณะกรรมการส่งเสริมการศึกษาเอกชน,-,165,62.73,21.63,58.58,16.94,74.95,28.99,55.45,23.15,46.46,31.07
2567,321,โสตศึกษาอนุสารสุนทร,เมืองเชียงใหม่,เล็ก,ในเมือง,สำนักบริหารงานการศึกษาพิเศษ,-,0,-,-,-,-,-,-,-,-,-,-
2567,322,อนุบาลเชียงใหม่,เมืองเชียงใหม่,ใหญ่พิเศษ,ในเมือง,สำนักงานคณะกรรมการการศึกษาขั้นพื้นฐาน,สพป.เชียงใหม่ เขต 1,295,70.56,20.19,63.78,14.34,81.24,25.20,64.86,22.48,57.06,32.39
2567,323,อนุบาลบ้านท่อเมืองลัง,เมืองเชียงใหม่,กลาง,ในเมือง,สำนักงานคณะกรรมการการศึกษาขั้นพื้นฐาน,สพป.เชียงใหม่ เขต 1,32,60.42,18.98,59.88,18.72,66.67,27.64,54.17,23.57,48.96,31.16
2567,324,อนุบาลหนองป่าครั่ง,เมืองเชียงใหม่,เล็ก,ในเมือง,กรมส่งเสริมการปกครองท้องถิ่น,ท้องถิ่นจังหวัดเชียงใหม่,18,59.26,18.61,56.30,12.42,72.22,31.91,45.37,16.49,50.00,25.46
2567,325,ชุมชนตำบลท่าผา,แม่แจ่ม,เล็ก,นอกเมือง,สำนักงานคณะกรรมการการศึกษาขั้นพื้นฐาน,สพป.เชียงใหม่ เขต 6,16,61.46,25.49,53.46,16.54,60.42,31.66,42.71,26.33,35.42,21.95
2567,326,ชุมชนบ้านช่างเคิ่ง,แม่แจ่ม,กลาง,นอกเมือง,สำนักงานคณะกรรมการการศึกษาขั้นพื้นฐาน,สพป.เชียงใหม่ เขต 6,19,69.30,17.32,59.59,16.73,77.19,30.69,53.51,19.93,40.35,25.54
2567,327,ชุมชนบ้านพร้าวหนุ่ม,แม่แจ่ม,เล็ก,นอกเมือง,สำนักงานคณะกรรมการการศึกษาขั้นพื้นฐาน,สพป.เชียงใหม่ เขต 6,23,69.57,16.78,60.09,13.63,75.36,22.45,52.17,18.59,56.52,26.80
2567,328,เซนต์โยเซฟแม่แจ่ม,แม่แจ่ม,กลาง,นอกเมือง,สำนักงานคณะกรรมการส่งเสริมการศึกษาเอกชน,-,30,62.78,24.60,53.62,11.78,64.44,27.13,48.89,23.54,46.67,31.74
2567,329,ตำรวจตระเวนชายแดนบางกอก เชฟ แชร์ริตี้ บ้านแม่ขอ,แม่แจ่ม,เล็ก,นอกเมือง,กองบัญชาการตำรวจตระเวนชายแดน,-,13,25.64,24.99,19.68,18.93,30.77,33.23,23.08,17.95,43.59,30.34
2567,330,บ้านกองแขก,แม่แจ่ม,เล็ก,นอกเมือง,สำนักงานคณะกรรมการการศึกษาขั้นพื้นฐาน,สพป.เชียงใหม่ เขต 6,9,68.52,19.95,58.04,17.58,77.78,22.22,62.96,17.17,66.67,27.22
2567,331,บ้านกองแขก สาขาบ้านแม่หลุ,แม่แจ่ม,เล็ก,นอกเมือง,สำนักงานคณะกรรมการการศึกษาขั้นพื้นฐาน,สพป.เชียงใหม่ เขต 6,6,47.22,17.79,55.95,15.17,27.78,35.57,36.11,17.79,22.22,15.71
2567,332,บ้านขุนแม่นาย,แม่แจ่ม,เล็ก,นอกเมือง,สำนักงานคณะกรรมการการศึกษาขั้นพื้นฐาน,สพป.เชียงใหม่ เขต 6,3,27.78,20.79,33.04,7.61,55.56,15.71,44.44,7.86,33.33,27.22
2567,333,บ้านขุนแม่หยอด,แม่แจ่ม,เล็ก,นอกเมือง,สำนักงานคณะกรรมการการศึกษาขั้นพื้นฐาน,สพป.เชียงใหม่ เขต 6,10,45.00,22.42,41.88,14.74,53.33,26.67,33.33,21.08,36.67,31.45
2567,334,บ้านต่อเรือ,แม่แจ่ม,เล็ก,นอกเมือง,สำนักงานคณะกรรมการการศึกษาขั้นพื้นฐาน,สพป.เชียงใหม่ เขต 6,3,55.56,7.86,54.76,4.85,77.78,15.71,66.67,13.61,44.44,41.57
2567,335,บ้านทัพ,แม่แจ่ม,เล็ก,นอกเมือง,สำนักงานคณะกรรมการการศึกษาขั้นพื้นฐาน,สพป.เชียงใหม่ เขต 6,10,66.67,18.26,50.98,13.42,70.00,23.33,53.33,17.95,46.67,37.12
2567,336,บ้านทุ่งแก,แม่แจ่ม,เล็ก,นอกเมือง,สำนักงานคณะกรรมการการศึกษาขั้นพื้นฐาน,สพป.เชียงใหม่ เขต 6,15,51.11,22.33,46.96,15.90,53.33,26.67,30.00,18.46,35.56,25.72
2567,337,บ้านทุ่งแก สาขาแม่แอบ,แม่แจ่ม,เล็ก,นอกเมือง,สำนักงานคณะกรรมการการศึกษาขั้นพื้นฐาน,สพป.เชียงใหม่ เขต 6,9,59.26,22.38,47.22,13.78,55.56,38.49,44.44,19.25,40.74,30.54
2567,338,บ้านทุ่งยาว,แม่แจ่ม,เล็ก,นอกเมือง,สำนักงานคณะกรรมการการศึกษาขั้นพื้นฐาน,สพป.เชียงใหม่ เขต 6,17,52.94,20.00,42.86,12.54,56.86,31.86,38.24,21.21,56.86,31.86
2567,339,บ้านนากลาง,แม่แจ่ม,เล็ก,นอกเมือง,สำนักงานคณะกรรมการการศึกษาขั้นพื้นฐาน,สพป.เชียงใหม่ เขต 6,9,51.85,27.72,49.40,20.61,44.44,22.22,35.19,21.44,44.44,35.14
2567,340,บ้านนากลาง สาขาห้วยผักกูด,แม่แจ่ม,เล็ก,นอกเมือง,สำนักงานคณะกรรมการการศึกษาขั้นพื้นฐาน,สพป.เชียงใหม่ เขต 6,10,40.00,18.56,52.95,13.31,43.33,30.00,33.33,16.67,36.67,34.80
2567,341,บ้านนาฮ่อง,แม่แจ่ม,เล็ก,นอกเมือง,สำนักงานคณะกรรมการการศึกษาขั้นพื้นฐาน,สพป.เชียงใหม่ เขต 6,24,50.00,25.00,43.90,12.62,38.89,36.85,36.11,19.64,47.22,33.22
2567,342,บ้านเนินวิทยา,แม่แจ่ม,เล็ก,นอกเมือง,สำนักงานคณะกรรมการการศึกษาขั้นพื้นฐาน,สพป.เชียงใหม่ เขต 6,15,45.56,28.20,50.89,16.47,46.67,29.31,42.22,18.12,26.67,27.76
2567,343,บ้านปางเกี๊ยะ,แม่แจ่ม,กลาง,นอกเมือง,สำนักงานคณะกรรมการการศึกษาขั้นพื้นฐาน,สพป.เชียงใหม่ เขต 6,34,46.57,25.17,45.93,15.27,41.18,35.29,34.31,22.12,32.35,31.81
2567,344,บ้านปางหินฝน,แม่แจ่ม,เล็ก,นอกเมือง,สำนักงานคณะกรรมการการศึกษาขั้นพื้นฐาน,สพป.เชียงใหม่ เขต 6,13,56.41,23.15,52.06,13.05,64.10,30.55,53.85,26.27,41.03,32.43
2567,345,บ้านปางอุ๋ง,แม่แจ่ม,กลาง,นอกเมือง,สำนักงานคณะกรรมการการศึกษาขั้นพื้นฐาน,สพป.เชียงใหม่ เขต 6,13,29.49,16.22,38.60,14.78,30.77,24.33,25.64,22.28,33.33,26.15
2567,346,บ้านปางอุ๋ง สาขาแม่สะต๊อป,แม่แจ่ม,เล็ก,นอกเมือง,สำนักงานคณะกรรมการการศึกษาขั้นพื้นฐาน,สพป.เชียงใหม่ เขต 6,6,44.44,26.64,46.43,6.19,44.44,31.43,27.78,12.42,27.78,22.91
2567,347,บ้านแปะสามัคคี,แม่แจ่ม,เล็ก,นอกเมือง,สำนักงานคณะกรรมการการศึกษาขั้นพื้นฐาน,สพป.เชียงใหม่ เขต 6,5,56.67,30.91,45.54,25.05,46.67,40.00,40.00,17.00,33.33,21.08
2567,348,บ้านผานัง,แม่แจ่ม,เล็ก,นอกเมือง,สำนักงานคณะกรรมการการศึกษาขั้นพื้นฐาน,สพป.เชียงใหม่ เขต 6,10,65.00,22.91,49.02,12.69,60.00,29.06,33.33,16.67,30.00,23.33
2567,349,บ้านผาละปิ,แม่แจ่ม,เล็ก,นอกเมือง,สำนักงานคณะกรรมการการศึกษาขั้นพื้นฐาน,สพป.เชียงใหม่ เขต 6,9,57.41,11.42,51.49,13.88,70.37,39.89,37.04,20.45,37.04,33.13
2567,350,บ้านพุย สาขาพุยใต้,แม่แจ่ม,เล็ก,นอกเมือง,สำนักงานคณะกรรมการการศึกษาขั้นพื้นฐาน,สพป.เชียงใหม่ เขต 6,4,75.00,14.43,56.25,7.76,66.67,23.57,41.67,8.33,33.33,23.57
2567,351,บ้านแม่ซา,แม่แจ่ม,เล็ก,นอกเมือง,สำนักงานคณะกรรมการการศึกษาขั้นพื้นฐาน,สพป.เชียงใหม่ เขต 6,7,47.62,22.59,45.41,21.05,42.86,23.33,28.57,23.08,42.86,29.35
2567,352,บ้านแม่ตูม,แม่แจ่ม,เล็ก,นอกเมือง,สำนักงานคณะกรรมการการศึกษาขั้นพื้นฐาน,สพป.เชียงใหม่ เขต 6,8,60.42,14.28,43.53,11.56,50.00,37.27,29.17,27.32,33.33,23.57
2567,353,บ้านแม่นาจร,แม่แจ่ม,กลาง,นอกเมือง,สำนักงานคณะกรรมการการศึกษาขั้นพื้นฐาน,สพป.เชียงใหม่ เขต 6,17,58.82,26.88,47.64,15.62,50.98,32.57,40.20,17.21,33.33,25.57
2567,354,บ้านแม่ปาน,แม่แจ่ม,เล็ก,นอกเมือง,สำนักงานคณะกรรมการการศึกษาขั้นพื้นฐาน,สพป.เชียงใหม่ เขต 6,12,58.33,19.84,58.63,10.80,41.67,33.68,56.94,22.00,36.11,28.73
2567,355,บ้านแม่มะลอ,แม่แจ่ม,เล็ก,นอกเมือง,สำนักงานคณะกรรมการการศึกษาขั้นพื้นฐาน,สพป.เชียงใหม่ เขต 6,6,61.11,20.79,40.92,21.10,55.56,31.43,41.67,20.97,22.22,24.85
2567,356,บ้านแม่มุ,แม่แจ่ม,เล็ก,นอกเมือง,สำนักงานคณะกรรมการการศึกษาขั้นพื้นฐาน,สพป.เชียงใหม่ เขต 6,14,57.14,24.97,51.28,14.69,54.76,32.38,36.90,15.66,35.71,36.65
2567,357,บ้านแม่ลอง,แม่แจ่ม,เล็ก,นอกเมือง,กองบัญชาการตำรวจตระเวนชายแดน,-,15,54.44,21.49,46.43,13.73,44.44,31.43,34.44,19.69,33.33,36.51
2567,358,บ้านแม่วาก,แม่แจ่ม,เล็ก,นอกเมือง,สำนักงานคณะกรรมการการศึกษาขั้นพื้นฐาน,สพป.เชียงใหม่ เขต 6,3,44.44,15.71,37.20,11.33,22.22,15.71,22.22,7.86,55.56,15.71
2567,359,บ้านแม่ศึก (มูลนิธิธรรมมาภิรักษ์อุปถัมภ์ที่ 2),แม่แจ่ม,เล็ก,นอกเมือง,สำนักงานคณะกรรมการการศึกษาขั้นพื้นฐาน,สพป.เชียงใหม่ เขต 6,12,56.94,24.96,54.32,13.78,58.33,33.68,37.50,16.84,33.33,27.22
2567,360,บ้านแม่หงานหลวง,แม่แจ่ม,เล็ก,นอกเมือง,สำนักงานคณะกรรมการการศึกษาขั้นพื้นฐาน,สพป.เชียงใหม่ เขต 6,11,39.39,28.67,43.34,18.14,42.42,35.08,22.73,17.80,24.24,32.07
2567,361,บ้านแม่หอย,แม่แจ่ม,เล็ก,นอกเมือง,สำนักงานคณะกรรมการการศึกษาขั้นพื้นฐาน,สพป.เชียงใหม่ เขต 6,6,63.89,24.37,50.30,8.91,50.00,31.91,41.67,8.33,55.56,24.85
2567,362,บ้านแม่เอาะ,แม่แจ่ม,เล็ก,นอกเมือง,สำนักงานคณะกรรมการการศึกษาขั้นพื้นฐาน,สพป.เชียงใหม่ เขต 6,10,61.67,22.42,47.59,14.37,60.00,32.66,48.33,25.22,46.67,30.55
2567,363,บ้านแม่แฮใต้,แม่แจ่ม,เล็ก,นอกเมือง,สำนักงานคณะกรรมการการศึกษาขั้นพื้นฐาน,สพป.เชียงใหม่ เขต 6,10,60.00,17.00,52.77,8.09,63.33,27.69,45.00,21.15,30.00,23.33
2567,364,บ้านแม่แฮเหนือ,แม่แจ่ม,กลาง,นอกเมือง,สำนักงานคณะกรรมการการศึกษาขั้นพื้นฐาน,สพป.เชียงใหม่ เขต 6,63,42.33,24.81,42.42,21.68,41.27,33.97,33.60,22.52,33.86,29.39
2567,365,บ้านแม่แฮเหนือ สาขาแม่แจ๊ะ,แม่แจ่ม,เล็ก,นอกเมือง,สำนักงานคณะกรรมการการศึกษาขั้นพื้นฐาน,สพป.เชียงใหม่ เขต 6,7,61.90,19.34,52.68,14.13,57.14,34.34,30.95,16.50,33.33,35.63
2567,366,บ้านโม่งหลวง,แม่แจ่ม,เล็ก,นอกเมือง,สำนักงานคณะกรรมการการศึกษาขั้นพื้นฐาน,สพป.เชียงใหม่ เขต 6,14,47.62,25.86,37.50,15.80,42.86,23.33,32.14,24.77,28.57,27.77
2567,367,บ้านโม่งหลวง สาขาบ้านแม่อมลานใน,แม่แจ่ม,เล็ก,นอกเมือง,สำนักงานคณะกรรมการการศึกษาขั้นพื้นฐาน,สพป.เชียงใหม่ เขต 6,2,75.00,8.33,54.46,25.00,66.67,33.33,33.33,16.67,50.00,16.67
2567,368,บ้านสบแม่รวม,แม่แจ่ม,เล็ก,นอกเมือง,สำนักงานคณะกรรมการการศึกษาขั้นพื้นฐาน,สพป.เชียงใหม่ เขต 6,5,80.00,12.47,43.39,7.90,66.67,29.81,46.67,16.33,40.00,24.94
2567,369,บ้านสบวาก,แม่แจ่ม,เล็ก,นอกเมือง,สำนักงานคณะกรรมการการศึกษาขั้นพื้นฐาน,สพป.เชียงใหม่ เขต 6,4,33.33,20.41,42.19,13.59,41.67,14.43,37.50,7.22,33.33,0.00
2567,370,บ้านสองธาร,แม่แจ่ม,เล็ก,นอกเมือง,สำนักงานคณะกรรมการการศึกษาขั้นพื้นฐาน,สพป.เชียงใหม่ เขต 6,7,52.38,22.59,48.98,7.75,57.14,34.34,21.43,19.34,33.33,25.20
2567,371,บ้านสามสบ,แม่แจ่ม,เล็ก,นอกเมือง,สำนักงานคณะกรรมการการศึกษาขั้นพื้นฐาน,สพป.เชียงใหม่ เขต 6,7,61.90,17.17,57.78,12.46,57.14,15.06,35.71,22.59,38.10,21.30
2567,372,บ้านห้วยผา,แม่แจ่ม,เล็ก,นอกเมือง,สำนักงานคณะกรรมการการศึกษาขั้นพื้นฐาน,สพป.เชียงใหม่ เขต 6,11,46.97,23.37,39.85,12.86,51.52,29.69,31.82,26.07,33.33,31.78
2567,373,บ้านใหม่พัฒนาสันติ,แม่แจ่ม,เล็ก,นอกเมือง,กองบัญชาการตำรวจตระเวนชายแดน,-,3,44.44,7.86,56.85,9.84,66.67,47.14,50.00,13.61,66.67,27.22
2567,374,บ้านอมขูด,แม่แจ่ม,เล็ก,นอกเมือง,สำนักงานคณะกรรมการการศึกษาขั้นพื้นฐาน,สพป.เชียงใหม่ เขต 6,4,50.00,31.18,48.44,16.14,41.67,27.64,45.83,24.65,16.67,16.67
2567,375,บ้านอมเม็ง,แม่แจ่ม,เล็ก,นอกเมือง,สำนักงานคณะกรรมการการศึกษาขั้นพื้นฐาน,สพป.เชียงใหม่ เขต 6,11,59.09,20.55,53.00,8.93,63.64,30.00,48.48,27.02,42.42,28.75
2567,376,บ้านเฮาะวิทยา,แม่แจ่ม,เล็ก,นอกเมือง,สำนักงานคณะกรรมการการศึกษาขั้นพื้นฐาน,สพป.เชียงใหม่ เขต 6,9,44.44,17.57,47.82,14.56,55.56,31.43,44.44,17.57,37.04,18.89
2567,377,เมืองเด็กวิทยา,แม่แจ่ม,เล็ก,นอกเมือง,สำนักงานคณะกรรมการส่งเสริมการศึกษาเอกชน,-,17,83.33,14.00,66.49,15.83,90.20,19.01,62.75,14.61,62.75,27.73
2567,378,ราชประชานุเคราะห์ 31,แม่แจ่ม,กลาง,นอกเมือง,สำนักบริหารงานการศึกษาพิเศษ,-,31,48.39,25.87,48.82,15.08,47.31,35.70,32.80,21.37,40.86,26.38
2567,379,ศูนย์การเรียนตำรวจตระเวนชายแดนบ้านแม่มุใน บริษัทซีเค พาวเวอร์ จำกัด (มหาชน) อุปถัมภ์,แม่แจ่ม,เล็ก,นอกเมือง,กองบัญชาการตำรวจตระเวนชายแดน,-,9,40.74,22.38,27.58,20.70,29.63,24.57,31.48,19.95,29.63,24.57
2567,380,ศูนย์การเรียนตำรวจตระเวนชายแดนสนั่น-เฉลิมเกตุ นภาศัพท์,แม่แจ่ม,เล็ก,นอกเมือง,กองบัญชาการตำรวจตระเวนชายแดน,-,8,45.83,18.16,40.63,18.44,50.00,37.27,52.08,19.43,37.50,35.11
2567,381,หลวงพัฒนาบ้านพุย,แม่แจ่ม,เล็ก,นอกเมือง,สำนักงานคณะกรรมการการศึกษาขั้นพื้นฐาน,สพป.เชียงใหม่ เขต 6,4,66.67,11.79,61.83,10.74,91.67,14.43,41.67,8.33,33.33,40.82
2567,382,ออป.13,แม่แจ่ม,เล็ก,นอกเมือง,สำนักงานคณะกรรมการการศึกษาขั้นพื้นฐาน,สพป.เชียงใหม่ เขต 6,22,48.48,24.05,45.94,16.29,37.88,23.13,35.61,24.77,42.42,30.45
2567,383,อินทนนท์วิทยา,แม่แจ่ม,เล็ก,นอกเมือง,สำนักงานคณะกรรมการการศึกษาขั้นพื้นฐาน,สพป.เชียงใหม่ เขต 6,8,52.08,13.01,51.67,10.96,66.67,33.33,33.33,20.41,33.33,23.57
2567,384,ชุมชนวัดช่อแล,แม่แตง,เล็ก,นอกเมือง,สำนักงานคณะกรรมการการศึกษาขั้นพื้นฐาน,สพป.เชียงใหม่ เขต 2,21,56.35,24.92,51.32,17.94,47.62,30.12,41.27,26.54,28.57,29.61
2567,385,เชียงใหม่มัธยม,แม่แตง,ใหญ่,นอกเมือง,สำนักงานคณะกรรมการส่งเสริมการศึกษาเอกชน,-,1,66.67,0.00,75.00,0.00,100.00,0.00,0.00,0.00,100.00,0.00
2567,386,ตชด.ไลออนส์มหาจักร 9,แม่แตง,เล็ก,นอกเมือง,กองบัญชาการตำรวจตระเวนชายแดน,-,12,48.61,19.79,44.35,15.58,33.33,33.33,65.28,14.37,25.00,24.06
2567,387,เทศบาลตำบลสันมหาพน,แม่แตง,กลาง,นอกเมือง,กรมส่งเสริมการปกครองท้องถิ่น,ท้องถิ่นจังหวัดเชียงใหม่,32,47.40,24.33,46.65,19.55,51.04,30.03,31.25,20.31,36.46,28.09
2567,388,บ้านก๋ายน้อย,แม่แตง,เล็ก,นอกเมือง,สำนักงานคณะกรรมการการศึกษาขั้นพื้นฐาน,สพป.เชียงใหม่ เขต 2,2,50.00,0.00,53.57,13.39,16.67,16.67,33.33,16.67,0.00,0.00
2567,389,บ้านช้างใน,แม่แตง,เล็ก,นอกเมือง,สำนักงานคณะกรรมการการศึกษาขั้นพื้นฐาน,สพป.เชียงใหม่ เขต 2,1,50.00,0.00,44.64,0.00,66.67,0.00,83.33,0.00,0.00,0.00
2567,390,บ้านทับเดื่อ,แม่แตง,เล็ก,นอกเมือง,สำนักงานคณะกรรมการการศึกษาขั้นพื้นฐาน,สพป.เชียงใหม่ เขต 2,4,79.17,7.22,67.41,10.15,100.00,0.00,66.67,23.57,100.00,0.00
2567,391,บ้านบวกหมื้อ,แม่แตง,เล็ก,นอกเมือง,สำนักงานคณะกรรมการการศึกษาขั้นพื้นฐาน,สพป.เชียงใหม่ เขต 2,12,66.67,21.52,57.51,12.20,75.00,30.81,54.17,21.65,47.22,34.58
2567,392,บ้านปง,แม่แตง,เล็ก,นอกเมือง,สำนักงานคณะกรรมการการศึกษาขั้นพื้นฐาน,สพป.เชียงใหม่ เขต 2,12,55.56,34.25,45.46,14.96,69.44,28.73,41.67,20.97,47.22,34.58
2567,393,บ้านปลาดาว,แม่แตง,เล็ก,นอกเมือง,สำนักงานคณะกรรมการส่งเสริมการศึกษาเอกชน,-,20,69.17,16.89,58.13,13.90,85.00,16.58,52.50,17.70,45.00,28.43
2567,394,บ้านปางกว้าง,แม่แตง,เล็ก,นอกเมือง,สำนักงานคณะกรรมการการศึกษาขั้นพื้นฐาน,สพป.เชียงใหม่ เขต 2,3,61.11,20.79,47.32,3.18,100.00,0.00,55.56,20.79,33.33,27.22
2567,395,บ้านปางไม้แดง,แม่แตง,เล็ก,นอกเมือง,สำนักงานคณะกรรมการการศึกษาขั้นพื้นฐาน,สพป.เชียงใหม่ เขต 2,5,60.00,17.00,44.29,11.92,53.33,16.33,50.00,18.26,40.00,13.33
2567,396,บ้านปางห้วยตาด,แม่แตง,เล็ก,นอกเมือง,สำนักงานคณะกรรมการการศึกษาขั้นพื้นฐาน,สพป.เชียงใหม่ เขต 2,10,46.67,19.44,33.04,16.81,36.67,17.95,25.00,20.07,30.00,31.45
2567,397,บ้านปางฮ่าง,แม่แตง,เล็ก,นอกเมือง,สำนักงานคณะกรรมการการศึกษาขั้นพื้นฐาน,สพป.เชียงใหม่ เขต 2,12,65.28,22.00,47.77,14.70,52.78,28.73,52.78,16.43,25.00,24.06
2567,398,บ้านเป้าวิทยาคาร,แม่แตง,เล็ก,นอกเมือง,สำนักงานคณะกรรมการการศึกษาขั้นพื้นฐาน,สพป.เชียงใหม่ เขต 2,16,61.46,19.29,50.73,16.16,60.42,33.79,46.88,14.69,43.75,19.43
2567,399,บ้านผาหมอน,แม่แตง,เล็ก,นอกเมือง,สำนักงานคณะกรรมการการศึกษาขั้นพื้นฐาน,สพป.เชียงใหม่ เขต 2,1,33.33,0.00,50.00,0.00,0.00,0.00,33.33,0.00,0.00,0.00
2567,400,บ้านผึ้ง,แม่แตง,เล็ก,นอกเมือง,สำนักงานคณะกรรมการการศึกษาขั้นพื้นฐาน,สพป.เชียงใหม่ เขต 2,16,63.54,15.83,54.69,13.41,64.58,34.30,48.96,13.78,37.50,33.07
2567,401,บ้านเมืองกื้ด,แม่แตง,เล็ก,นอกเมือง,สำนักงานคณะกรรมการการศึกษาขั้นพื้นฐาน,สพป.เชียงใหม่ เขต 2,19,52.63,24.34,47.23,19.08,43.86,34.29,35.96,21.13,26.32,20.46
2567,402,บ้านแม่ไคร้,แม่แตง,เล็ก,นอกเมือง,สำนักงานคณะกรรมการการศึกษาขั้นพื้นฐาน,สพป.เชียงใหม่ เขต 2,10,45.00,19.79,52.50,15.21,40.00,32.66,46.67,16.33,46.67,26.67
2567,403,บ้านแม่ตะมาน,แม่แตง,เล็ก,นอกเมือง,สำนักงานคณะกรรมการการศึกษาขั้นพื้นฐาน,สพป.เชียงใหม่ เขต 2,12,76.39,15.90,59.75,12.73,80.56,25.31,51.39,24.02,50.00,25.46
2567,404,บ้านแม่แมม,แม่แตง,เล็ก,นอกเมือง,สำนักงานคณะกรรมการการศึกษาขั้นพื้นฐาน,สพป.เชียงใหม่ เขต 2,4,54.17,29.76,35.16,12.11,50.00,37.27,25.00,18.63,50.00,28.87
2567,405,บ้านแม่เลา,แม่แตง,เล็ก,นอกเมือง,สำนักงานคณะกรรมการการศึกษาขั้นพื้นฐาน,สพป.เชียงใหม่ เขต 2,3,72.22,7.86,54.46,8.87,66.67,0.00,44.44,28.33,33.33,27.22
2567,406,บ้านแม่แสะ,แม่แตง,เล็ก,นอกเมือง,สำนักงานคณะกรรมการการศึกษาขั้นพื้นฐาน,สพป.เชียงใหม่ เขต 2,7,54.76,23.08,44.01,8.82,33.33,17.82,23.81,12.14,33.33,17.82
2567,407,ป่าจี้วังแดงวิทยา,แม่แตง,เล็ก,นอกเมือง,สำนักงานคณะกรรมการการศึกษาขั้นพื้นฐาน,สพป.เชียงใหม่ เขต 2,23,55.07,28.42,47.28,14.12,42.03,32.92,34.78,19.61,33.33,29.49
2567,408,ป่าแป๋วิทยา,แม่แตง,เล็ก,นอกเมือง,สำนักงานคณะกรรมการการศึกษาขั้นพื้นฐาน,สพป.เชียงใหม่ เขต 2,18,62.04,19.88,62.20,9.77,74.07,28.45,57.41,20.95,48.15,33.74
2567,409,ภูดินวิทยา,แม่แตง,เล็ก,นอกเมือง,สำนักงานคณะกรรมการการศึกษาขั้นพื้นฐาน,สพป.เชียงใหม่ เขต 2,2,66.67,0.00,55.80,0.45,100.00,0.00,58.33,8.33,66.67,33.33
2567,410,เมฆขจรเชียงใหม่,แม่แตง,เล็ก,นอกเมือง,สำนักงานคณะกรรมการส่งเสริมการศึกษาเอกชน,-,13,67.95,10.26,59.07,16.94,58.97,26.65,55.13,22.06,51.28,24.86
2567,411,ร่ำเปิงวิทยา,แม่แตง,กลาง,นอกเมือง,สำนักงานคณะกรรมการการศึกษาขั้นพื้นฐาน,สพป.เชียงใหม่ เขต 2,32,47.92,24.21,57.92,16.52,50.00,37.27,45.83,19.98,33.33,25.00
2567,412,วัดท่าข้าม,แม่แตง,เล็ก,นอกเมือง,สำนักงานคณะกรรมการการศึกษาขั้นพื้นฐาน,สพป.เชียงใหม่ เขต 2,10,51.67,22.91,51.25,11.77,43.33,30.00,43.33,24.94,53.33,30.55
2567,413,วัดทุ่งหลวง,แม่แตง,เล็ก,นอกเมือง,สำนักงานคณะกรรมการการศึกษาขั้นพื้นฐาน,สพป.เชียงใหม่ เขต 2,7,71.43,17.17,67.22,7.98,76.19,23.33,59.52,17.50,71.43,27.77
2567,414,วัดนาเม็ง,แม่แตง,เล็ก,นอกเมือง,สำนักงานคณะกรรมการการศึกษาขั้นพื้นฐาน,สพป.เชียงใหม่ เขต 2,5,83.33,18.26,62.14,8.46,86.67,26.67,50.00,21.08,33.33,42.16
2567,415,วัดบ้านเหล่า,แม่แตง,เล็ก,นอกเมือง,สำนักงานคณะกรรมการการศึกษาขั้นพื้นฐาน,สพป.เชียงใหม่ เขต 2,12,52.78,13.32,49.85,14.03,66.67,23.57,36.11,17.79,41.67,24.06
2567,416,วัดปางมะกล้วย,แม่แตง,เล็ก,นอกเมือง,สำนักงานคณะกรรมการการศึกษาขั้นพื้นฐาน,สพป.เชียงใหม่ เขต 2,7,52.38,28.77,57.78,12.79,61.90,37.50,38.10,14.68,33.33,25.20
2567,417,วัดแม่กะ,แม่แตง,เล็ก,นอกเมือง,สำนักงานคณะกรรมการการศึกษาขั้นพื้นฐาน,สพป.เชียงใหม่ เขต 2,20,69.17,15.16,61.12,13.53,83.33,22.36,70.83,19.63,50.00,32.49
2567,418,วัดหนองออน,แม่แตง,เล็ก,นอกเมือง,สำนักงานคณะกรรมการการศึกษาขั้นพื้นฐาน,สพป.เชียงใหม่ เขต 2,8,66.67,23.57,41.63,22.90,58.33,36.32,52.08,26.92,41.67,22.05
2567,419,วัดห้วยไร่,แม่แตง,เล็ก,นอกเมือง,สำนักงานคณะกรรมการการศึกษาขั้นพื้นฐาน,สพป.เชียงใหม่ เขต 2,16,62.50,19.09,58.04,10.90,64.58,27.56,42.71,17.65,39.58,26.92
2567,420,สบเปิงวิทยา,แม่แตง,กลาง,นอกเมือง,สำนักงานคณะกรรมการการศึกษาขั้นพื้นฐาน,สพป.เชียงใหม่ เขต 2,21,69.84,15.95,58.63,13.80,76.19,29.35,50.79,22.70,39.68,31.90
2567,421,สันป่ายางวิทยาคาร,แม่แตง,เล็ก,นอกเมือง,สำนักงานคณะกรรมการการศึกษาขั้นพื้นฐาน,สพป.เชียงใหม่ เขต 2,12,41.67,24.06,43.30,11.84,44.44,31.43,33.33,15.21,30.56,28.73
2567,422,สันป่าสักวิทยา,แม่แตง,กลาง,นอกเมือง,สำนักงานคณะกรรมการการศึกษาขั้นพื้นฐาน,สพป.เชียงใหม่ เขต 2,84,67.26,20.32,60.22,9.73,76.19,26.01,54.17,24.11,45.24,30.27
2567,423,สันมหาพนวิทยา,แม่แตง,เล็ก,นอกเมือง,สำนักงานคณะกรรมการการศึกษาขั้นพื้นฐาน,สพป.เชียงใหม่ เขต 2,22,60.61,17.80,49.92,14.21,59.09,34.72,43.94,17.80,45.45,34.15
2567,424,อนุบาลสานสายใยรักเทศบาลเมืองเมืองแกนพัฒนา,แม่แตง,กลาง,นอกเมือง,กรมส่งเสริมการปกครองท้องถิ่น,ท้องถิ่นจังหวัดเชียงใหม่,22,56.82,21.71,52.27,16.85,59.09,31.67,48.48,26.55,51.52,31.35
2567,425,เจ้าพ่อหลวงอุปถัมภ์ 7,แม่ริม,เล็ก,นอกเมือง,สำนักงานคณะกรรมการการศึกษาขั้นพื้นฐาน,สพป.เชียงใหม่ เขต 2,2,66.67,33.33,44.20,13.84,66.67,0.00,58.33,8.33,50.00,16.67
2567,426,เจ้าแม่หลวงอุปถัมภ์ 2,แม่ริม,เล็ก,นอกเมือง,สำนักงานคณะกรรมการการศึกษาขั้นพื้นฐาน,สพป.เชียงใหม่ เขต 2,25,62.67,19.60,58.61,13.57,58.67,30.23,34.67,19.96,45.33,28.10
2567,427,ดอนแก้วเนรมิตปัญญา,แม่ริม,กลาง,นอกเมือง,กรมส่งเสริมการปกครองท้องถิ่น,ท้องถิ่นจังหวัดเชียงใหม่,70,61.19,17.76,55.36,15.20,70.48,30.62,49.29,23.13,44.29,29.13
2567,428,ธีระวัธน์บำเพ็ญ,แม่ริม,กลาง,นอกเมือง,สำนักงานคณะกรรมการส่งเสริมการศึกษาเอกชน,-,78,58.97,17.84,58.68,16.46,74.79,26.79,56.41,21.88,43.16,27.79
2567,429,บ้านกองแหะ,แม่ริม,เล็ก,นอกเมือง,สำนักงานคณะกรรมการการศึกษาขั้นพื้นฐาน,สพป.เชียงใหม่ เขต 2,13,62.82,18.67,48.56,12.32,48.72,36.08,48.72,19.02,48.72,28.09
2567,430,บ้านกาดฮาว,แม่ริม,เล็ก,นอกเมือง,สำนักงานคณะกรรมการการศึกษาขั้นพื้นฐาน,สพป.เชียงใหม่ เขต 2,18,54.63,25.94,45.63,15.08,44.44,31.43,35.19,24.15,35.19,32.34
2567,431,บ้านคุณหมอ,แม่ริม,กลาง,นอกเมือง,สำนักงานคณะกรรมการส่งเสริมการศึกษาเอกชน,-,40,60.00,18.56,55.56,17.27,77.50,26.23,57.92,24.15,40.00,27.08
2567,432,บ้านดอนแก้ว,แม่ริม,กลาง,นอกเมือง,กรมส่งเสริมการปกครองท้องถิ่น,ท้องถิ่นจังหวัดเชียงใหม่,21,55.56,19.47,48.38,14.62,66.67,35.63,46.83,22.78,49.21,31.90
2567,433,บ้านต้นผึ้ง,แม่ริม,เล็ก,นอกเมือง,สำนักงานคณะกรรมการการศึกษาขั้นพื้นฐาน,สพป.เชียงใหม่ เขต 2,8,83.33,14.43,61.72,7.57,91.67,14.43,58.33,23.57,45.83,28.57
2567,434,บ้านทุ่งโป่ง,แม่ริม,กลาง,นอกเมือง,สำนักงานคณะกรรมการการศึกษาขั้นพื้นฐาน,สพป.เชียงใหม่ เขต 2,19,66.67,17.93,54.51,14.78,73.68,27.74,50.00,18.73,43.86,30.69
2567,435,บ้านน้ำริน,แม่ริม,เล็ก,นอกเมือง,สำนักงานคณะกรรมการการศึกษาขั้นพื้นฐาน,สพป.เชียงใหม่ เขต 2,6,75.00,20.97,61.76,16.23,55.56,15.71,44.44,22.91,38.89,35.57
2567,436,บ้านบวกจั่น,แม่ริม,เล็ก,นอกเมือง,สำนักงานคณะกรรมการการศึกษาขั้นพื้นฐาน,สพป.เชียงใหม่ เขต 2,13,42.31,19.19,33.89,23.98,51.28,33.63,38.46,24.79,41.03,26.65
2567,437,บ้านปางไฮ,แม่ริม,กลาง,นอกเมือง,สำนักงานคณะกรรมการการศึกษาขั้นพื้นฐาน,สพป.เชียงใหม่ เขต 2,13,66.67,14.62,62.02,11.67,64.10,24.33,47.44,14.39,66.67,32.03
2567,438,บ้านป่าติ้ว,แม่ริม,เล็ก,นอกเมือง,สำนักงานคณะกรรมการการศึกษาขั้นพื้นฐาน,สพป.เชียงใหม่ เขต 2,26,54.49,22.91,53.30,13.98,53.85,30.77,37.18,21.83,26.92,27.76
2567,439,บ้านโป่งแยงนอก,แม่ริม,เล็ก,นอกเมือง,สำนักงานคณะกรรมการการศึกษาขั้นพื้นฐาน,สพป.เชียงใหม่ เขต 2,17,69.61,20.00,54.86,17.72,82.35,23.20,51.96,15.00,39.22,23.53
2567,440,บ้านโป่งแยงใน,แม่ริม,เล็ก,นอกเมือง,สำนักงานคณะกรรมการการศึกษาขั้นพื้นฐาน,สพป.เชียงใหม่ เขต 2,18,56.48,17.69,52.58,15.59,50.00,31.91,39.81,19.36,35.19,32.34
2567,441,บ้านพระนอน,แม่ริม,เล็ก,นอกเมือง,สำนักงานคณะกรรมการการศึกษาขั้นพื้นฐาน,สพป.เชียงใหม่ เขต 2,21,52.38,23.73,43.75,14.68,60.32,30.20,50.00,21.21,41.27,28.92
2567,442,บ้านเมืองก๊ะ,แม่ริม,เล็ก,นอกเมือง,สำนักงานคณะกรรมการการศึกษาขั้นพื้นฐาน,สพป.เชียงใหม่ เขต 2,4,66.67,11.79,55.58,10.13,75.00,27.64,54.17,13.82,58.33,27.64
2567,443,บ้านแม่สา,แม่ริม,กลาง,นอกเมือง,สำนักงานคณะกรรมการการศึกษาขั้นพื้นฐาน,สพป.เชียงใหม่ เขต 2,21,70.63,21.76,59.82,12.63,79.37,26.18,53.97,16.19,55.56,36.13
2567,444,บ้านริมใต้,แม่ริม,กลาง,นอกเมือง,สำนักงานคณะกรรมการการศึกษาขั้นพื้นฐาน,สพป.เชียงใหม่ เขต 2,146,66.32,21.05,57.74,15.51,70.78,31.18,50.46,22.74,38.36,29.54
2567,445,บ้านศาลา,แม่ริม,กลาง,นอกเมือง,กรมส่งเสริมการปกครองท้องถิ่น,ท้องถิ่นจังหวัดเชียงใหม่,62,62.90,20.61,50.91,15.27,63.98,32.41,33.87,19.16,37.10,28.15
2567,446,บ้านสะลวงนอก,แม่ริม,เล็ก,นอกเมือง,สำนักงานคณะกรรมการการศึกษาขั้นพื้นฐาน,สพป.เชียงใหม่ เขต 2,9,75.93,20.95,52.88,20.15,62.96,33.13,46.30,18.89,48.15,35.52
2567,447,บ้านสันคะยอม,แม่ริม,เล็ก,นอกเมือง,สำนักงานคณะกรรมการการศึกษาขั้นพื้นฐาน,สพป.เชียงใหม่ เขต 2,13,65.38,20.11,57.01,14.88,69.23,33.23,50.00,18.49,30.77,24.33
2567,448,บ้านหนองปลามัน,แม่ริม,เล็ก,นอกเมือง,สำนักงานคณะกรรมการการศึกษาขั้นพื้นฐาน,สพป.เชียงใหม่ เขต 2,20,60.00,20.00,52.95,17.12,61.67,32.10,37.50,20.33,51.67,28.82
2567,449,มูลนิธิมหาราช 5,แม่ริม,เล็ก,นอกเมือง,สำนักงานคณะกรรมการการศึกษาขั้นพื้นฐาน,สพป.เชียงใหม่ เขต 2,19,58.77,27.24,55.17,23.38,64.91,25.30,41.23,21.88,40.35,25.54
2567,450,ราชประชานุเคราะห์ 60 จังหวัดเชียงใหม่,แม่ริม,กลาง,นอกเมือง,สำนักบริหารงานการศึกษาพิเศษ,-,28,52.98,27.48,43.45,19.30,36.90,28.65,27.98,21.85,25.00,26.16
2567,451,วัดทรายมูล,แม่ริม,เล็ก,นอกเมือง,สำนักงานคณะกรรมการการศึกษาขั้นพื้นฐาน,สพป.เชียงใหม่ เขต 2,21,67.46,18.88,63.86,13.37,77.78,29.70,50.79,20.88,49.21,33.52
2567,452,บ้านกาด(เขมวังส์ฯ),แม่วาง,กลาง,นอกเมือง,สำนักงานคณะกรรมการการศึกษาขั้นพื้นฐาน,สพป.เชียงใหม่ เขต 4,41,44.72,23.70,48.17,16.50,58.54,33.56,34.55,22.51,34.96,28.47
2567,453,บ้านทุ่งหลวง,แม่วาง,เล็ก,นอกเมือง,สำนักงานคณะกรรมการการศึกษาขั้นพื้นฐาน,สพป.เชียงใหม่ เขต 4,11,42.42,24.99,38.47,13.88,33.33,20.10,36.36,23.37,39.39,27.77
2567,454,บ้านพันตน,แม่วาง,เล็ก,นอกเมือง,สำนักงานคณะกรรมการการศึกษาขั้นพื้นฐาน,สพป.เชียงใหม่ เขต 4,7,57.14,17.50,54.59,8.93,57.14,23.33,47.62,16.50,33.33,25.20
2567,455,บ้านหนองเต่า,แม่วาง,เล็ก,นอกเมือง,สำนักงานคณะกรรมการการศึกษาขั้นพื้นฐาน,สพป.เชียงใหม่ เขต 4,10,45.00,16.75,43.21,16.75,46.67,37.12,41.67,21.41,26.67,24.94
2567,456,บ้านห้วยข้าวลีบ,แม่วาง,เล็ก,นอกเมือง,สำนักงานคณะกรรมการการศึกษาขั้นพื้นฐาน,สพป.เชียงใหม่ เขต 4,10,55.00,15.00,45.63,17.64,40.00,32.66,31.67,8.98,13.33,16.33
2567,457,บ้านห้วยตอง,แม่วาง,กลาง,นอกเมือง,สำนักงานคณะกรรมการการศึกษาขั้นพื้นฐาน,สพป.เชียงใหม่ เขต 4,17,61.76,20.42,58.25,11.96,52.94,36.26,45.10,23.41,29.41,25.26
2567,458,บ้านเหล่าป่าฝาง,แม่วาง,เล็ก,นอกเมือง,สำนักงานคณะกรรมการการศึกษาขั้นพื้นฐาน,สพป.เชียงใหม่ เขต 4,8,41.67,22.05,50.45,12.26,41.67,22.05,39.58,16.54,37.50,30.90
2567,459,บ้านใหม่สวรรค์,แม่วาง,เล็ก,นอกเมือง,สำนักงานคณะกรรมการการศึกษาขั้นพื้นฐาน,สพป.เชียงใหม่ เขต 4,13,60.26,15.38,67.31,11.90,76.92,24.05,50.00,19.61,41.03,23.22
2567,460,พัฒนาต้นน้ำที่ 5 ขุนวาง,แม่วาง,เล็ก,นอกเมือง,สำนักงานคณะกรรมการการศึกษาขั้นพื้นฐาน,สพป.เชียงใหม่ เขต 4,12,62.50,28.97,58.56,8.95,69.44,31.79,40.28,24.02,61.11,40.45
2567,461,แม่วินสามัคคี,แม่วาง,กลาง,นอกเมือง,สำนักงานคณะกรรมการการศึกษาขั้นพื้นฐาน,สพป.เชียงใหม่ เขต 4,20,50.00,26.87,52.19,17.79,48.33,24.66,49.17,17.85,31.67,28.82
2567,462,วัดดอนเปา,แม่วาง,เล็ก,นอกเมือง,กรมส่งเสริมการปกครองท้องถิ่น,ท้องถิ่นจังหวัดเชียงใหม่,12,69.44,23.41,60.27,11.88,66.67,38.49,55.56,27.50,52.78,16.43
2567,463,วัดทุ่งศาลา,แม่วาง,เล็ก,นอกเมือง,สำนักงานคณะกรรมการการศึกษาขั้นพื้นฐาน,สพป.เชียงใหม่ เขต 4,3,61.11,20.79,43.45,14.25,33.33,27.22,50.00,0.00,55.56,15.71
2567,464,วัดมะกับตองหลวง,แม่วาง,เล็ก,นอกเมือง,สำนักงานคณะกรรมการการศึกษาขั้นพื้นฐาน,สพป.เชียงใหม่ เขต 4,4,75.00,14.43,63.17,4.86,75.00,43.30,58.33,14.43,41.67,36.32
2567,465,วัดศิริชัยนิมิตร,แม่วาง,เล็ก,นอกเมือง,สำนักงานคณะกรรมการการศึกษาขั้นพื้นฐาน,สพป.เชียงใหม่ เขต 4,9,87.04,13.09,62.10,9.28,85.19,22.83,51.85,21.44,70.37,24.57
2567,466,วัดห้วยแก้ว,แม่วาง,เล็ก,นอกเมือง,สำนักงานคณะกรรมการการศึกษาขั้นพื้นฐาน,สพป.เชียงใหม่ เขต 4,5,56.67,8.16,48.75,8.31,66.67,0.00,63.33,12.47,46.67,33.99
2567,467,สโมสรไลออนรัตนโกสินทร์,แม่วาง,เล็ก,นอกเมือง,สำนักงานคณะกรรมการการศึกษาขั้นพื้นฐาน,สพป.เชียงใหม่ เขต 4,7,54.76,14.68,53.06,9.56,28.57,32.99,50.00,19.92,23.81,23.33
2567,468,สารสาสน์วิเทศอุปถัมภ์,แม่วาง,กลาง,นอกเมือง,สำนักงานคณะกรรมการส่งเสริมการศึกษาเอกชน,-,28,46.43,19.08,55.07,18.85,57.14,36.58,42.26,22.92,35.71,29.45
2567,469,หลวงพัฒนาบ้านขุนวาง,แม่วาง,กลาง,นอกเมือง,สำนักงานคณะกรรมการการศึกษาขั้นพื้นฐาน,สพป.เชียงใหม่ เขต 4,26,69.23,18.31,59.75,12.70,61.54,23.92,46.15,24.59,39.74,27.76
2567,470,ทาเหนือวิทยา,แม่ออน,เล็ก,นอกเมือง,สำนักงานคณะกรรมการการศึกษาขั้นพื้นฐาน,สพป.เชียงใหม่ เขต 1,16,48.96,23.18,61.05,18.43,54.17,33.07,41.67,24.30,33.33,31.18
2567,471,บ้านออนกลาง,แม่ออน,เล็ก,นอกเมือง,สำนักงานคณะกรรมการการศึกษาขั้นพื้นฐาน,สพป.เชียงใหม่ เขต 1,8,66.67,16.67,57.37,11.46,91.67,14.43,43.75,20.31,37.50,19.98
2567,472,บ้านออนหลวย,แม่ออน,เล็ก,นอกเมือง,สำนักงานคณะกรรมการการศึกษาขั้นพื้นฐาน,สพป.เชียงใหม่ เขต 1,2,75.00,8.33,45.54,0.00,66.67,33.33,33.33,16.67,33.33,0.00
2567,473,แม่ตะไคร้,แม่ออน,เล็ก,นอกเมือง,สำนักงานคณะกรรมการการศึกษาขั้นพื้นฐาน,สพป.เชียงใหม่ เขต 1,5,70.00,19.44,57.50,6.07,80.00,26.67,53.33,24.49,46.67,40.00
2567,474,วัดดอนชัย,แม่ออน,เล็ก,นอกเมือง,สำนักงานคณะกรรมการการศึกษาขั้นพื้นฐาน,สพป.เชียงใหม่ เขต 1,10,68.33,11.67,59.82,11.33,73.33,29.06,53.33,14.53,36.67,17.95
2567,475,วัดเปาสามขา,แม่ออน,เล็ก,นอกเมือง,สำนักงานคณะกรรมการการศึกษาขั้นพื้นฐาน,สพป.เชียงใหม่ เขต 1,20,62.50,18.91,53.88,12.07,85.00,16.58,40.00,20.68,38.33,24.21
2567,476,วัดห้วยแก้ว,แม่ออน,เล็ก,นอกเมือง,สำนักงานคณะกรรมการการศึกษาขั้นพื้นฐาน,สพป.เชียงใหม่ เขต 1,19,59.65,17.37,46.99,19.05,59.65,38.36,44.74,22.98,29.82,30.39
2567,477,วัดห้วยทราย,แม่ออน,เล็ก,นอกเมือง,สำนักงานคณะกรรมการการศึกษาขั้นพื้นฐาน,สพป.เชียงใหม่ เขต 1,23,53.62,19.63,48.52,17.92,50.72,35.26,36.96,22.50,34.78,25.02
2567,478,หมู่บ้านสหกรณ์ 2,แม่ออน,เล็ก,นอกเมือง,สำนักงานคณะกรรมการการศึกษาขั้นพื้นฐาน,สพป.เชียงใหม่ เขต 1,26,69.23,18.31,57.45,12.26,71.79,30.23,42.95,19.16,41.03,26.65
2567,479,กมล -เรียม สุโกศล (บ้านผาใต้),แม่อาย,เล็ก,นอกเมือง,สำนักงานคณะกรรมการการศึกษาขั้นพื้นฐาน,สพป.เชียงใหม่ เขต 3,13,50.00,14.62,48.01,12.67,61.54,25.64,37.18,18.67,53.85,30.77
2567,480,เจ้าพ่อหลวงอุปถัมภ์ 9,แม่อาย,กลาง,นอกเมือง,สำนักงานคณะกรรมการการศึกษาขั้นพื้นฐาน,สพป.เชียงใหม่ เขต 3,39,58.12,23.83,47.72,18.09,52.14,31.84,39.32,23.11,37.61,33.06
2567,481,ชุมชนบ้านคาย,แม่อาย,กลาง,นอกเมือง,สำนักงานคณะกรรมการการศึกษาขั้นพื้นฐาน,สพป.เชียงใหม่ เขต 3,16,64.58,24.21,54.69,13.25,62.50,23.20,44.79,16.37,47.92,35.29
2567,482,ชุมชนบ้านแม่ฮ่าง,แม่อาย,กลาง,นอกเมือง,สำนักงานคณะกรรมการการศึกษาขั้นพื้นฐาน,สพป.เชียงใหม่ เขต 3,46,56.16,17.84,60.25,14.26,61.59,29.46,51.45,23.01,42.75,28.37
2567,483,โชติคุณเกษมบ้านเมืองงาม,แม่อาย,กลาง,นอกเมือง,สำนักงานคณะกรรมการการศึกษาขั้นพื้นฐาน,สพป.เชียงใหม่ เขต 3,40,46.67,25.06,40.22,16.85,40.83,36.88,35.42,19.07,30.83,27.27
2567,484,ต.ช.ด. ไลออนส์มหาจักร 8,แม่อาย,เล็ก,นอกเมือง,สำนักงานคณะกรรมการการศึกษาขั้นพื้นฐาน,สพป.เชียงใหม่ เขต 3,13,53.85,9.59,43.17,17.69,66.67,32.03,42.31,20.27,38.46,22.06
2567,485,ต.ช.ด.ศึกษานารีอนุสรณ์ 3,แม่อาย,เล็ก,นอกเมือง,สำนักงานคณะกรรมการการศึกษาขั้นพื้นฐาน,สพป.เชียงใหม่ เขต 3,11,60.61,23.86,46.59,11.73,60.61,31.20,51.52,24.05,45.45,32.64
2567,486,ทุติยะโพธิ์อนุสรณ์,แม่อาย,เล็ก,นอกเมือง,กองบัญชาการตำรวจตระเวนชายแดน,-,10,36.67,19.44,47.14,19.29,40.00,35.90,23.33,22.61,20.00,22.11
2567,487,ไทยทนุบ้านสันต้นดู่,แม่อาย,เล็ก,นอกเมือง,สำนักงานคณะกรรมการการศึกษาขั้นพื้นฐาน,สพป.เชียงใหม่ เขต 3,13,53.85,24.59,46.02,15.15,48.72,36.08,30.77,24.33,48.72,30.98
2567,488,ไทยรัฐวิทยา 12 (บ้านเอก),แม่อาย,กลาง,นอกเมือง,สำนักงานคณะกรรมการการศึกษาขั้นพื้นฐาน,สพป.เชียงใหม่ เขต 3,18,71.30,19.88,58.73,11.37,85.19,22.83,54.63,17.40,57.41,31.04
2567,489,บ้านดง,แม่อาย,กลาง,นอกเมือง,สำนักงานคณะกรรมการการศึกษาขั้นพื้นฐาน,สพป.เชียงใหม่ เขต 3,14,69.05,15.25,57.97,4.31,57.14,26.51,51.19,22.24,45.24,32.38
2567,490,บ้านดอนชัย,แม่อาย,เล็ก,นอกเมือง,สำนักงานคณะกรรมการการศึกษาขั้นพื้นฐาน,สพป.เชียงใหม่ เขต 3,8,62.50,19.98,41.07,12.48,70.83,30.90,35.42,13.01,33.33,28.87
2567,491,บ้านท่ามะแกง,แม่อาย,เล็ก,นอกเมือง,สำนักงานคณะกรรมการการศึกษาขั้นพื้นฐาน,สพป.เชียงใหม่ เขต 3,16,59.38,19.52,56.03,13.83,58.33,22.05,55.21,27.46,54.17,33.07
2567,492,บ้านป่าก๊อ,แม่อาย,กลาง,นอกเมือง,สำนักงานคณะกรรมการการศึกษาขั้นพื้นฐาน,สพป.เชียงใหม่ เขต 3,23,50.72,20.55,43.79,17.06,50.72,33.86,29.71,17.69,28.99,31.55
2567,493,บ้านปางต้นเดื่อ,แม่อาย,กลาง,นอกเมือง,สำนักงานคณะกรรมการการศึกษาขั้นพื้นฐาน,สพป.เชียงใหม่ เขต 3,21,62.70,23.52,53.53,12.50,66.67,30.86,50.79,24.92,52.38,33.45
2567,494,บ้านป่าแดง,แม่อาย,กลาง,นอกเมือง,สำนักงานคณะกรรมการการศึกษาขั้นพื้นฐาน,สพป.เชียงใหม่ เขต 3,20,43.33,20.68,34.64,16.15,23.33,23.80,27.50,18.47,30.00,20.82
2567,495,บ้านโป่งไฮ,แม่อาย,เล็ก,นอกเมือง,สำนักงานคณะกรรมการการศึกษาขั้นพื้นฐาน,สพป.เชียงใหม่ เขต 3,11,24.24,20.55,28.08,13.83,33.33,24.62,27.27,14.69,24.24,24.99
2567,496,บ้านแม่สาว,แม่อาย,กลาง,นอกเมือง,สำนักงานคณะกรรมการการศึกษาขั้นพื้นฐาน,สพป.เชียงใหม่ เขต 3,56,66.96,19.79,60.48,13.65,67.26,29.87,55.06,22.48,55.95,28.25
2567,497,บ้านโละ,แม่อาย,เล็ก,นอกเมือง,สำนักงานคณะกรรมการการศึกษาขั้นพื้นฐาน,สพป.เชียงใหม่ เขต 3,7,61.90,24.74,53.44,8.71,42.86,23.33,45.24,21.30,19.05,16.50
2567,498,บ้านสันต้นหมื้อ,แม่อาย,กลาง,นอกเมือง,สำนักงานคณะกรรมการการศึกษาขั้นพื้นฐาน,สพป.เชียงใหม่ เขต 3,31,47.31,22.84,41.52,20.88,38.71,30.64,30.11,21.34,30.11,33.18
2567,499,บ้านสันปอธง,แม่อาย,เล็ก,นอกเมือง,สำนักงานคณะกรรมการการศึกษาขั้นพื้นฐาน,สพป.เชียงใหม่ เขต 3,14,52.38,13.88,41.33,13.38,38.10,32.99,36.90,19.08,40.48,22.46
2567,500,บ้านสันป่าข่า,แม่อาย,เล็ก,นอกเมือง,สำนักงานคณะกรรมการการศึกษาขั้นพื้นฐาน,สพป.เชียงใหม่ เขต 3,16,54.17,23.94,51.28,13.40,52.08,23.48,32.29,24.63,25.00,22.05
2567,501,บ้านสันป่าเหียว,แม่อาย,เล็ก,นอกเมือง,สำนักงานคณะกรรมการการศึกษาขั้นพื้นฐาน,สพป.เชียงใหม่ เขต 3,5,70.00,6.67,58.57,7.29,93.33,13.33,46.67,22.11,60.00,24.94
2567,502,บ้านสุขฤทัย,แม่อาย,กลาง,นอกเมือง,สำนักงานคณะกรรมการการศึกษาขั้นพื้นฐาน,สพป.เชียงใหม่ เขต 3,35,58.10,21.96,49.40,17.33,47.62,33.13,42.86,21.19,27.62,24.54
2567,503,บ้านหนองขี้นกยาง,แม่อาย,เล็ก,นอกเมือง,สำนักงานคณะกรรมการการศึกษาขั้นพื้นฐาน,สพป.เชียงใหม่ เขต 3,5,73.33,17.00,53.57,8.16,66.67,21.08,50.00,14.91,46.67,26.67
2567,504,บ้านหลวง,แม่อาย,เล็ก,นอกเมือง,สำนักงานคณะกรรมการการศึกษาขั้นพื้นฐาน,สพป.เชียงใหม่ เขต 3,6,52.78,26.21,38.39,19.84,61.11,22.91,38.89,12.42,16.67,16.67
2567,505,บ้านห้วยคอกหมู,แม่อาย,เล็ก,นอกเมือง,สำนักงานคณะกรรมการการศึกษาขั้นพื้นฐาน,สพป.เชียงใหม่ เขต 3,26,29.49,19.78,18.30,14.53,33.33,22.65,23.72,17.40,14.10,21.03
2567,506,บ้านห้วยป่าซาง,แม่อาย,เล็ก,นอกเมือง,สำนักงานคณะกรรมการการศึกษาขั้นพื้นฐาน,สพป.เชียงใหม่ เขต 3,20,58.33,24.44,51.43,12.13,68.33,26.82,45.00,21.15,45.00,30.32
2567,507,บ้านห้วยปู,แม่อาย,เล็ก,นอกเมือง,สำนักงานคณะกรรมการการศึกษาขั้นพื้นฐาน,สพป.เชียงใหม่ เขต 3,10,68.33,11.67,64.64,10.14,76.67,33.50,55.00,18.33,53.33,33.99
2567,508,บ้านห้วยม่วง,แม่อาย,เล็ก,นอกเมือง,สำนักงานคณะกรรมการการศึกษาขั้นพื้นฐาน,สพป.เชียงใหม่ เขต 3,13,71.79,23.01,55.56,14.50,58.97,26.65,39.74,25.77,43.59,30.34
2567,509,บ้านห้วยศาลา,แม่อาย,เล็ก,นอกเมือง,สำนักงานคณะกรรมการการศึกษาขั้นพื้นฐาน,สพป.เชียงใหม่ เขต 3,20,52.50,19.91,46.03,17.39,63.33,33.17,41.67,20.07,50.00,34.16
2567,510,บ้านฮ่างต่ำ,แม่อาย,เล็ก,นอกเมือง,สำนักงานคณะกรรมการการศึกษาขั้นพื้นฐาน,สพป.เชียงใหม่ เขต 3,13,66.67,20.67,57.42,17.64,66.67,29.24,50.00,19.61,38.46,25.64
2567,511,ประพันธ์ - อารีย์ หงษ์สกุล (บ้านห้วยห,แม่อาย,กลาง,นอกเมือง,สำนักงานคณะกรรมการการศึกษาขั้นพื้นฐาน,สพป.เชียงใหม่ เขต 3,27,48.77,20.25,43.68,12.40,16.05,18.97,29.63,23.72,30.86,22.08
2567,512,เพียงหลวง 1 (บ้านท่าตอน),แม่อาย,กลาง,นอกเมือง,สำนักงานคณะกรรมการการศึกษาขั้นพื้นฐาน,สพป.เชียงใหม่ เขต 3,51,61.11,22.55,47.37,15.28,56.21,35.23,44.77,22.26,34.64,29.49
2567,513,ราชประชานุเคราะห์ 30,แม่อาย,กลาง,นอกเมือง,สำนักบริหารงานการศึกษาพิเศษ,-,39,49.15,22.31,40.84,17.98,38.46,31.61,31.62,18.41,32.48,30.65
2567,514,วัดห้วยน้ำเย็น,แม่อาย,เล็ก,นอกเมือง,สำนักงานคณะกรรมการการศึกษาขั้นพื้นฐาน,สพป.เชียงใหม่ เขต 3,13,42.31,20.27,38.50,21.44,23.08,33.04,35.90,14.39,20.51,20.83
2567,515,ศึกษานารีอนุสรณ์ 1 บ้านแม่เมืองน้อย,แม่อาย,เล็ก,นอกเมือง,สำนักงานคณะกรรมการการศึกษาขั้นพื้นฐาน,สพป.เชียงใหม่ เขต 3,13,62.82,14.84,46.43,13.14,51.28,28.09,50.00,13.07,35.90,30.55
2567,516,ศึกษานารีอนุสรณ์ 2,แม่อาย,กลาง,นอกเมือง,สำนักงานคณะกรรมการการศึกษาขั้นพื้นฐาน,สพป.เชียงใหม่ เขต 3,15,62.22,19.69,38.75,16.76,44.44,19.88,38.89,16.85,40.00,32.66
2567,517,ศูนย์การเรียนตำรวจตระเวนชายแดนบ้านนามะอื้น,แม่อาย,เล็ก,นอกเมือง,กองบัญชาการตำรวจตระเวนชายแดน,-,7,47.62,24.28,35.97,20.93,28.57,27.77,30.95,27.36,33.33,25.20
2567,518,เฮียงไทยธำรงค์,แม่อาย,เล็ก,นอกเมือง,กองบัญชาการตำรวจตระเวนชายแดน,-,13,33.33,18.49,18.78,17.95,30.77,30.55,34.62,22.13,33.33,34.59
2567,519,ตชด.เบญจมะ1,เวียงแหง,เล็ก,นอกเมือง,กองบัญชาการตำรวจตระเวนชายแดน,-,10,40.00,32.66,23.30,21.63,36.67,27.69,25.00,13.44,36.67,23.33
2567,520,บ้านกองลม,เวียงแหง,กลาง,นอกเมือง,สำนักงานคณะกรรมการการศึกษาขั้นพื้นฐาน,สพป.เชียงใหม่ เขต 3,40,61.67,19.44,52.32,14.00,58.33,32.27,49.58,20.24,40.00,30.91
2567,521,บ้านจอง,เวียงแหง,กลาง,นอกเมือง,สำนักงานคณะกรรมการการศึกษาขั้นพื้นฐาน,สพป.เชียงใหม่ เขต 3,18,62.96,18.05,54.46,12.33,68.52,32.34,38.89,21.52,48.15,31.86
2567,522,บ้านนามน,เวียงแหง,เล็ก,นอกเมือง,สำนักงานคณะกรรมการการศึกษาขั้นพื้นฐาน,สพป.เชียงใหม่ เขต 3,22,63.64,22.27,43.71,14.57,60.61,31.20,39.39,24.90,39.39,34.28
2567,523,บ้านปางป๋อ,เวียงแหง,เล็ก,นอกเมือง,สำนักงานคณะกรรมการการศึกษาขั้นพื้นฐาน,สพป.เชียงใหม่ เขต 3,12,59.72,17.29,61.90,8.96,83.33,21.52,51.39,24.02,55.56,24.85
2567,524,บ้านเปียงหลวง,เวียงแหง,กลาง,นอกเมือง,สำนักงานคณะกรรมการการศึกษาขั้นพื้นฐาน,สพป.เชียงใหม่ เขต 3,38,59.21,19.76,48.84,13.92,66.67,32.44,44.30,22.06,49.12,29.36
2567,525,บ้านม่วงป๊อก,เวียงแหง,กลาง,นอกเมือง,สำนักงานคณะกรรมการการศึกษาขั้นพื้นฐาน,สพป.เชียงใหม่ เขต 3,30,66.67,17.74,58.87,11.32,83.33,16.67,52.78,23.99,48.89,34.14
2567,526,บ้านเวียงแหง,เวียงแหง,กลาง,นอกเมือง,สำนักงานคณะกรรมการการศึกษาขั้นพื้นฐาน,สพป.เชียงใหม่ เขต 3,25,58.67,22.17,53.43,11.96,68.00,29.03,43.33,18.86,33.33,26.67
2567,527,บ้านห้วยไคร้,เวียงแหง,กลาง,นอกเมือง,สำนักงานคณะกรรมการการศึกษาขั้นพื้นฐาน,สพป.เชียงใหม่ เขต 3,29,54.60,24.33,54.00,18.63,66.67,32.75,39.08,20.66,43.68,29.17
2567,528,รัฐราษฎร์อุปถัมภ์,เวียงแหง,กลาง,นอกเมือง,สำนักงานคณะกรรมการการศึกษาขั้นพื้นฐาน,สพป.เชียงใหม่ เขต 3,45,61.48,19.51,46.75,14.11,52.59,31.02,35.56,24.99,39.26,24.63
2567,529,ชุมชนบ้านดง,สะเมิง,เล็ก,นอกเมือง,สำนักงานคณะกรรมการการศึกษาขั้นพื้นฐาน,สพป.เชียงใหม่ เขต 2,22,59.85,19.89,48.34,17.09,56.06,32.39,40.15,19.89,43.94,29.11
2567,530,ชุมชนบ้านแม่สาบ,สะเมิง,เล็ก,นอกเมือง,สำนักงานคณะกรรมการการศึกษาขั้นพื้นฐาน,สพป.เชียงใหม่ เขต 2,8,62.50,16.14,49.89,12.54,58.33,27.64,39.58,23.48,50.00,28.87
2567,531,ทรายทองราษฎร์อุทิศ,สะเมิง,เล็ก,นอกเมือง,สำนักงานคณะกรรมการการศึกษาขั้นพื้นฐาน,สพป.เชียงใหม่ เขต 2,12,72.22,15.71,63.17,11.31,77.78,28.33,54.17,19.39,55.56,28.33
2567,532,บ้านกิ่วเสือ,สะเมิง,เล็ก,นอกเมือง,สำนักงานคณะกรรมการการศึกษาขั้นพื้นฐาน,สพป.เชียงใหม่ เขต 2,11,57.58,22.88,62.58,12.78,60.61,23.86,51.52,27.02,33.33,31.78
2567,533,บ้านนากู่,สะเมิง,เล็ก,นอกเมือง,สำนักงานคณะกรรมการการศึกษาขั้นพื้นฐาน,สพป.เชียงใหม่ เขต 2,7,64.29,18.75,48.85,16.40,38.10,37.50,40.48,26.51,19.05,24.28
2567,534,บ้านบ่อแก้ว,สะเมิง,กลาง,นอกเมือง,สำนักงานคณะกรรมการการศึกษาขั้นพื้นฐาน,สพป.เชียงใหม่ เขต 2,37,46.40,18.64,43.33,20.49,45.05,31.21,35.59,20.93,30.63,31.36
2567,535,บ้านปางขุม,สะเมิง,เล็ก,นอกเมือง,สำนักงานคณะกรรมการการศึกษาขั้นพื้นฐาน,สพป.เชียงใหม่ เขต 2,15,61.11,15.71,39.40,17.80,53.33,33.99,41.11,17.07,35.56,28.46
2567,536,บ้านป่าลาน,สะเมิง,เล็ก,นอกเมือง,สำนักงานคณะกรรมการการศึกษาขั้นพื้นฐาน,สพป.เชียงใหม่ เขต 2,11,48.48,21.85,46.51,23.70,42.42,35.08,46.97,23.37,36.36,26.42
2567,537,บ้านแม่ขะปู,สะเมิง,เล็ก,นอกเมือง,สำนักงานคณะกรรมการการศึกษาขั้นพื้นฐาน,สพป.เชียงใหม่ เขต 2,14,52.38,19.78,49.04,21.90,57.14,38.69,41.67,19.67,23.81,15.06
2567,538,บ้านแม่โต๋,สะเมิง,เล็ก,นอกเมือง,สำนักงานคณะกรรมการการศึกษาขั้นพื้นฐาน,สพป.เชียงใหม่ เขต 2,21,57.94,25.52,46.53,25.69,60.32,36.54,38.89,24.31,34.92,33.30
2567,539,บ้านแม่ยางห้า,สะเมิง,เล็ก,นอกเมือง,สำนักงานคณะกรรมการการศึกษาขั้นพื้นฐาน,สพป.เชียงใหม่ เขต 2,20,56.67,20.68,57.41,13.61,61.67,30.32,47.50,22.53,43.33,26.03
2567,540,บ้านแม่ลานคำ,สะเมิง,เล็ก,นอกเมือง,สำนักงานคณะกรรมการการศึกษาขั้นพื้นฐาน,สพป.เชียงใหม่ เขต 2,17,46.08,27.13,37.39,18.88,37.25,37.72,30.39,13.08,29.41,29.99
2567,541,บ้านแม่แว,สะเมิง,เล็ก,นอกเมือง,สำนักงานคณะกรรมการการศึกษาขั้นพื้นฐาน,สพป.เชียงใหม่ เขต 2,8,52.08,21.14,39.62,21.29,41.67,32.27,39.58,8.07,29.17,26.02
2567,542,บ้านห้วยน้ำจาง,สะเมิง,เล็ก,นอกเมือง,สำนักงานคณะกรรมการการศึกษาขั้นพื้นฐาน,สพป.เชียงใหม่ เขต 2,4,70.83,21.65,62.50,11.21,75.00,14.43,33.33,16.67,33.33,33.33
2567,543,รัปปาปอร์ต,สะเมิง,เล็ก,นอกเมือง,สำนักงานคณะกรรมการการศึกษาขั้นพื้นฐาน,สพป.เชียงใหม่ เขต 2,20,50.83,24.99,41.47,23.61,53.33,32.32,37.50,24.08,28.33,26.40
2567,544,วัดงิ้วเฒ่า,สะเมิง,เล็ก,นอกเมือง,สำนักงานคณะกรรมการการศึกษาขั้นพื้นฐาน,สพป.เชียงใหม่ เขต 2,10,66.67,22.36,53.13,17.14,73.33,29.06,50.00,18.26,40.00,29.06
2567,545,วัดบ้านป้อก,สะเมิง,เล็ก,นอกเมือง,สำนักงานคณะกรรมการการศึกษาขั้นพื้นฐาน,สพป.เชียงใหม่ เขต 2,3,61.11,20.79,41.96,8.96,66.67,27.22,44.44,20.79,44.44,15.71
2567,546,วัดปางเติม,สะเมิง,เล็ก,นอกเมือง,สำนักงานคณะกรรมการการศึกษาขั้นพื้นฐาน,สพป.เชียงใหม่ เขต 2,11,57.58,29.61,47.73,17.77,60.61,42.21,54.55,24.71,33.33,20.10
2567,547,วัดแม่เลย,สะเมิง,เล็ก,นอกเมือง,สำนักงานคณะกรรมการการศึกษาขั้นพื้นฐาน,สพป.เชียงใหม่ เขต 2,8,43.75,16.54,48.33,14.71,37.50,30.90,41.67,16.67,29.17,19.98
2567,548,วัดยั้งเมิน,สะเมิง,เล็ก,นอกเมือง,สำนักงานคณะกรรมการการศึกษาขั้นพื้นฐาน,สพป.เชียงใหม่ เขต 2,11,65.15,21.85,52.80,17.35,69.70,26.42,40.91,30.45,45.45,29.38
2567,549,บ้านกอสะเลียม,สันกำแพง,เล็ก,นอกเมือง,สำนักงานคณะกรรมการการศึกษาขั้นพื้นฐาน,สพป.เชียงใหม่ เขต 1,10,65.00,18.93,58.04,17.75,73.33,24.94,51.67,18.93,53.33,26.67
2567,550,บ้านแช่ช้าง (เทพนานุกูล),สันกำแพง,เล็ก,นอกเมือง,สำนักงานคณะกรรมการการศึกษาขั้นพื้นฐาน,สพป.เชียงใหม่ เขต 1,18,74.07,18.61,55.41,12.42,79.63,29.69,50.00,21.52,50.00,29.92
2567,551,บ้านบวกค้าง,สันกำแพง,เล็ก,นอกเมือง,สำนักงานคณะกรรมการการศึกษาขั้นพื้นฐาน,สพป.เชียงใหม่ เขต 1,7,50.00,29.55,57.78,8.63,33.33,35.63,42.86,15.06,38.10,27.77
2567,552,บ้านบ่อสร้างนรากรประสาท,สันกำแพง,กลาง,นอกเมือง,สำนักงานคณะกรรมการการศึกษาขั้นพื้นฐาน,สพป.เชียงใหม่ เขต 1,52,61.54,21.07,60.06,12.33,66.67,30.66,47.12,24.83,55.13,29.87
2567,553,บ้านมอญ,สันกำแพง,เล็ก,นอกเมือง,สำนักงานคณะกรรมการการศึกษาขั้นพื้นฐาน,สพป.เชียงใหม่ เขต 1,3,94.44,7.86,59.23,7.16,100.00,0.00,50.00,0.00,66.67,27.22
2567,554,บ้านแม่ปูคา,สันกำแพง,เล็ก,นอกเมือง,สำนักงานคณะกรรมการการศึกษาขั้นพื้นฐาน,สพป.เชียงใหม่ เขต 1,19,63.16,16.74,56.91,13.93,57.89,32.16,41.23,28.80,47.37,27.18
2567,555,บ้านสันกำแพง,สันกำแพง,ใหญ่พิเศษ,นอกเมือง,สำนักงานคณะกรรมการการศึกษาขั้นพื้นฐาน,สพป.เชียงใหม่ เขต 1,301,66.00,22.15,63.13,14.11,75.19,29.97,54.98,23.71,44.41,32.65
2567,556,บ้านหนองโค้ง,สันกำแพง,กลาง,นอกเมือง,สำนักงานคณะกรรมการการศึกษาขั้นพื้นฐาน,สพป.เชียงใหม่ เขต 1,84,63.10,22.28,53.94,15.00,66.67,34.12,46.23,24.98,49.60,31.91
2567,557,วัดทรายมูลรัตนศึกษา,สันกำแพง,เล็ก,นอกเมือง,สำนักงานคณะกรรมการการศึกษาขั้นพื้นฐาน,สพป.เชียงใหม่ เขต 1,5,60.00,24.94,49.64,16.48,73.33,24.94,40.00,20.00,40.00,32.66
2567,558,วัดบ้านน้อย,สันกำแพง,เล็ก,นอกเมือง,สำนักงานคณะกรรมการการศึกษาขั้นพื้นฐาน,สพป.เชียงใหม่ เขต 1,18,54.63,21.38,54.51,20.39,57.41,34.79,48.15,21.44,44.44,35.14
2567,559,วัดป่าตาล,สันกำแพง,เล็ก,นอกเมือง,สำนักงานคณะกรรมการการศึกษาขั้นพื้นฐาน,สพป.เชียงใหม่ เขต 1,2,50.00,16.67,63.39,16.96,83.33,16.67,75.00,25.00,33.33,0.00
2567,560,วัดร้องวัวแดงศรีจันทร์วิทยาคาร,สันกำแพง,เล็ก,นอกเมือง,สำนักงานคณะกรรมการการศึกษาขั้นพื้นฐาน,สพป.เชียงใหม่ เขต 1,10,65.00,25.22,48.57,18.60,73.33,32.66,51.67,25.22,30.00,23.33
2567,561,วัดล้านตอง,สันกำแพง,เล็ก,นอกเมือง,สำนักงานคณะกรรมการการศึกษาขั้นพื้นฐาน,สพป.เชียงใหม่ เขต 1,19,71.93,22.33,52.21,13.42,63.16,26.26,40.35,26.66,31.58,27.52
2567,562,วัดสันกลางเหนือ,สันกำแพง,เล็ก,นอกเมือง,สำนักงานคณะกรรมการการศึกษาขั้นพื้นฐาน,สพป.เชียงใหม่ เขต 1,20,72.50,17.70,67.10,9.31,76.67,21.34,66.67,18.26,56.67,31.80
2567,563,วัดสันโค้ง,สันกำแพง,เล็ก,นอกเมือง,สำนักงานคณะกรรมการการศึกษาขั้นพื้นฐาน,สพป.เชียงใหม่ เขต 1,9,59.26,13.86,51.19,10.18,70.37,36.66,40.74,20.95,29.63,24.57
2567,564,วัดสันมะฮกฟ้า,สันกำแพง,เล็ก,นอกเมือง,สำนักงานคณะกรรมการการศึกษาขั้นพื้นฐาน,สพป.เชียงใหม่ เขต 1,19,69.30,18.94,64.52,11.72,84.21,25.06,57.89,19.02,61.40,34.65
2567,565,สวนเด็กสันกำแพง,สันกำแพง,กลาง,นอกเมือง,สำนักงานคณะกรรมการส่งเสริมการศึกษาเอกชน,-,33,63.64,20.29,59.88,16.12,76.77,29.00,50.00,29.01,47.47,28.46
2567,566,สันกำแพงคันธาอนุสรณ์,สันกำแพง,เล็ก,นอกเมือง,สำนักงานคณะกรรมการการศึกษาขั้นพื้นฐาน,สพป.เชียงใหม่ เขต 1,19,47.37,29.25,40.18,18.69,61.40,31.09,39.47,24.90,40.35,31.68
2567,567,ออนใต้วิทยา,สันกำแพง,เล็ก,นอกเมือง,สำนักงานคณะกรรมการการศึกษาขั้นพื้นฐาน,สพป.เชียงใหม่ เขต 1,19,48.25,26.98,39.29,19.09,42.11,35.61,41.23,21.20,36.84,32.25
2567,568,ชลประทานเขื่อนแม่กวงจิราธิวัฒน์อุปถัมภ์,สันทราย,กลาง,นอกเมือง,สำนักงานคณะกรรมการการศึกษาขั้นพื้นฐาน,สพป.เชียงใหม่ เขต 2,14,58.33,23.36,44.07,17.41,54.76,32.38,34.52,14.73,33.33,21.82
2567,569,ต้นกล้า,สันทราย,กลาง,นอกเมือง,สำนักงานคณะกรรมการส่งเสริมการศึกษาเอกชน,-,21,63.49,19.67,56.70,18.58,74.60,30.70,54.76,25.79,34.92,26.18
2567,570,บ้านเจดีย์แม่ครัว,สันทราย,กลาง,นอกเมือง,สำนักงานคณะกรรมการการศึกษาขั้นพื้นฐาน,สพป.เชียงใหม่ เขต 2,77,64.72,22.95,58.23,13.82,66.23,27.65,50.87,19.35,48.05,30.15
2567,571,บ้านท่าเกวียน,สันทราย,เล็ก,นอกเมือง,สำนักงานคณะกรรมการการศึกษาขั้นพื้นฐาน,สพป.เชียงใหม่ เขต 2,12,63.89,21.34,56.99,13.52,75.00,27.64,48.61,15.90,44.44,31.43
2567,572,บ้านบวกเปา,สันทราย,เล็ก,นอกเมือง,สำนักงานคณะกรรมการการศึกษาขั้นพื้นฐาน,สพป.เชียงใหม่ เขต 2,5,73.33,20.00,67.32,15.86,86.67,16.33,60.00,8.16,40.00,24.94
2567,573,บ้านป่าก้าง,สันทราย,เล็ก,นอกเมือง,สำนักงานคณะกรรมการการศึกษาขั้นพื้นฐาน,สพป.เชียงใหม่ เขต 2,14,44.05,21.46,48.47,15.51,45.24,27.04,42.86,19.63,23.81,23.33
2567,574,บ้านป่าบง,สันทราย,เล็ก,นอกเมือง,สำนักงานคณะกรรมการการศึกษาขั้นพื้นฐาน,สพป.เชียงใหม่ เขต 2,14,71.43,21.30,62.69,11.12,78.57,23.93,51.19,28.50,47.62,32.65
2567,575,บ้านป่าเหมือด,สันทราย,เล็ก,นอกเมือง,สำนักงานคณะกรรมการการศึกษาขั้นพื้นฐาน,สพป.เชียงใหม่ เขต 2,25,70.67,20.15,62.43,15.60,68.00,25.79,59.33,20.59,49.33,34.15
2567,576,บ้านโปง,สันทราย,เล็ก,นอกเมือง,สำนักงานคณะกรรมการการศึกษาขั้นพื้นฐาน,สพป.เชียงใหม่ เขต 2,19,54.39,18.61,54.37,18.44,54.39,32.82,39.47,23.08,40.35,33.47
2567,577,บ้านโป่ง,สันทราย,เล็ก,นอกเมือง,สำนักงานคณะกรรมการการศึกษาขั้นพื้นฐาน,สพป.เชียงใหม่ เขต 2,4,29.17,13.82,37.72,11.94,16.67,16.67,33.33,20.41,25.00,27.64
2567,578,บ้านเมืองขอน,สันทราย,เล็ก,นอกเมือง,สำนักงานคณะกรรมการการศึกษาขั้นพื้นฐาน,สพป.เชียงใหม่ เขต 2,6,52.78,11.45,54.32,6.59,44.44,24.85,33.33,16.67,16.67,16.67
2567,579,บ้านแม่โจ้,สันทราย,กลาง,นอกเมือง,สำนักงานคณะกรรมการการศึกษาขั้นพื้นฐาน,สพป.เชียงใหม่ เขต 2,58,69.54,19.11,58.85,12.18,75.86,28.90,55.75,20.19,48.28,27.80
2567,580,บ้านแม่แต,สันทราย,เล็ก,นอกเมือง,สำนักงานคณะกรรมการการศึกษาขั้นพื้นฐาน,สพป.เชียงใหม่ เขต 2,3,66.67,13.61,45.54,4.55,55.56,31.43,55.56,15.71,22.22,15.71
2567,581,บ้านแม่แฝก,สันทราย,เล็ก,นอกเมือง,สำนักงานคณะกรรมการการศึกษาขั้นพื้นฐาน,สพป.เชียงใหม่ เขต 2,18,65.74,21.85,56.10,11.07,74.07,26.19,53.70,23.93,44.44,19.25
2567,582,บ้านแม่ย่อย,สันทราย,เล็ก,นอกเมือง,สำนักงานคณะกรรมการการศึกษาขั้นพื้นฐาน,สพป.เชียงใหม่ เขต 2,19,67.54,24.47,59.87,12.25,85.96,24.93,46.49,28.40,42.11,28.29
2567,583,บ้านร่มหลวง,สันทราย,เล็ก,นอกเมือง,สำนักงานคณะกรรมการการศึกษาขั้นพื้นฐาน,สพป.เชียงใหม่ เขต 2,17,66.67,18.08,57.30,12.20,66.67,30.25,49.02,14.54,41.18,37.10
2567,584,บ้านศรีงาม,สันทราย,เล็ก,นอกเมือง,สำนักงานคณะกรรมการการศึกษาขั้นพื้นฐาน,สพป.เชียงใหม่ เขต 2,5,83.33,10.54,71.96,10.72,86.67,16.33,63.33,24.49,80.00,26.67
2567,585,บ้านศรีบุญเรือง,สันทราย,กลาง,นอกเมือง,สำนักงานคณะกรรมการการศึกษาขั้นพื้นฐาน,สพป.เชียงใหม่ เขต 2,33,62.12,21.03,51.06,14.38,55.56,35.45,38.38,18.57,31.31,29.52
2567,586,บ้านสันพระเนตร,สันทราย,เล็ก,นอกเมือง,สำนักงานคณะกรรมการการศึกษาขั้นพื้นฐาน,สพป.เชียงใหม่ เขต 2,5,80.00,16.33,73.93,9.30,73.33,24.94,66.67,18.26,73.33,24.94
2567,587,บ้านสันศรี,สันทราย,เล็ก,นอกเมือง,สำนักงานคณะกรรมการการศึกษาขั้นพื้นฐาน,สพป.เชียงใหม่ เขต 2,6,83.33,9.62,60.27,5.40,100.00,0.00,77.78,15.71,61.11,22.91
2567,588,บ้านหนองไคร้,สันทราย,กลาง,นอกเมือง,สำนักงานคณะกรรมการการศึกษาขั้นพื้นฐาน,สพป.เชียงใหม่ เขต 2,65,71.54,18.43,64.27,12.43,82.56,23.47,52.05,21.78,43.59,30.90
2567,589,บ้านหนองมะจับ,สันทราย,เล็ก,นอกเมือง,สำนักงานคณะกรรมการการศึกษาขั้นพื้นฐาน,สพป.เชียงใหม่ เขต 2,5,83.33,18.26,54.29,18.24,100.00,0.00,60.00,17.00,33.33,21.08
2567,590,บ้านหนองหาร,สันทราย,เล็ก,นอกเมือง,สำนักงานคณะกรรมการการศึกษาขั้นพื้นฐาน,สพป.เชียงใหม่ เขต 2,23,68.84,14.99,64.13,12.16,79.71,21.40,45.65,17.18,42.03,26.41
2567,591,บ้านหลักปัน,สันทราย,กลาง,นอกเมือง,สำนักงานคณะกรรมการการศึกษาขั้นพื้นฐาน,สพป.เชียงใหม่ เขต 2,12,75.00,12.73,71.58,10.24,86.11,16.43,62.50,26.46,41.67,38.79
2567,592,บ้านห้วยเกี๋ยง,สันทราย,กลาง,นอกเมือง,สำนักงานคณะกรรมการการศึกษาขั้นพื้นฐาน,สพป.เชียงใหม่ เขต 2,45,61.85,21.84,49.72,15.06,62.22,35.56,41.85,21.55,44.44,28.11
2567,593,บ้านหัวฝาย,สันทราย,เล็ก,นอกเมือง,สำนักงานคณะกรรมการการศึกษาขั้นพื้นฐาน,สพป.เชียงใหม่ เขต 2,5,66.67,18.26,61.25,6.70,86.67,16.33,60.00,13.33,33.33,29.81
2567,594,พงษ์พิกุลเชียงใหม่,สันทราย,กลาง,นอกเมือง,สำนักงานคณะกรรมการส่งเสริมการศึกษาเอกชน,-,20,60.83,20.60,52.86,10.83,70.00,25.60,45.83,18.16,40.00,34.32
2567,595,วัดแม่แก้ดน้อย,สันทราย,ใหญ่,นอกเมือง,สำนักงานคณะกรรมการการศึกษาขั้นพื้นฐาน,สพป.เชียงใหม่ เขต 2,111,57.66,24.07,49.70,17.02,62.16,32.42,45.20,23.72,34.23,32.10
2567,596,วัดสันคะยอม,สันทราย,เล็ก,นอกเมือง,สำนักงานคณะกรรมการการศึกษาขั้นพื้นฐาน,สพป.เชียงใหม่ เขต 2,22,74.24,22.32,62.18,9.93,89.39,18.49,63.64,22.83,45.45,32.64
2567,597,วัดสันทรายมูล,สันทราย,เล็ก,นอกเมือง,สำนักงานคณะกรรมการการศึกษาขั้นพื้นฐาน,สพป.เชียงใหม่ เขต 2,19,68.42,20.16,69.78,10.84,68.42,27.52,44.74,20.27,45.61,32.82
2567,598,วีรยาเชียงใหม่,สันทราย,กลาง,นอกเมือง,สำนักงานคณะกรรมการส่งเสริมการศึกษาเอกชน,-,36,67.13,23.07,60.12,17.84,77.78,29.40,56.94,24.34,50.93,28.85
2567,599,สวนองุ่นเชียงใหม่,สันทราย,กลาง,นอกเมือง,สำนักงานคณะกรรมการส่งเสริมการศึกษาเอกชน,-,39,63.25,17.77,60.35,12.92,87.18,22.16,60.26,21.88,52.14,34.42
2567,600,สันทรายหลวง,สันทราย,กลาง,นอกเมือง,สำนักงานคณะกรรมการการศึกษาขั้นพื้นฐาน,สพป.เชียงใหม่ เขต 2,62,67.47,19.50,63.16,13.21,81.18,24.41,52.96,22.31,47.85,34.19
2567,601,กิ่วแลน้อยประสิทธิ์วิทยา,สันป่าตอง,กลาง,นอกเมือง,สำนักงานคณะกรรมการการศึกษาขั้นพื้นฐาน,สพป.เชียงใหม่ เขต 4,27,69.75,19.79,65.54,13.77,85.19,18.89,64.20,22.55,44.44,25.66
2567,602,ชุมชนกิ่วแลหลวงประสิทธิ์วิทยา,สันป่าตอง,เล็ก,นอกเมือง,สำนักงานคณะกรรมการการศึกษาขั้นพื้นฐาน,สพป.เชียงใหม่ เขต 4,3,72.22,20.79,43.45,14.68,44.44,15.71,55.56,20.79,22.22,15.71
2567,603,ทุ่งฟ้าบดราษฎร์บำรุง,สันป่าตอง,กลาง,นอกเมือง,กรมส่งเสริมการปกครองท้องถิ่น,ท้องถิ่นจังหวัดเชียงใหม่,111,57.96,21.79,56.74,18.37,66.37,29.51,48.80,25.97,42.04,30.25
2567,604,บ้านทุ่งเสี้ยว (นวรัฐ),สันป่าตอง,เล็ก,นอกเมือง,สำนักงานคณะกรรมการการศึกษาขั้นพื้นฐาน,สพป.เชียงใหม่ เขต 4,15,57.78,20.96,42.86,8.81,64.44,30.95,37.78,19.69,24.44,33.26
2567,605,บ้านเปียง,สันป่าตอง,เล็ก,นอกเมือง,สำนักงานคณะกรรมการการศึกษาขั้นพื้นฐาน,สพป.เชียงใหม่ เขต 4,11,69.70,18.56,49.19,10.29,78.79,25.71,39.39,14.69,60.61,27.77
2567,606,บ้านม่วงพี่น้อง,สันป่าตอง,เล็ก,นอกเมือง,สำนักงานคณะกรรมการการศึกษาขั้นพื้นฐาน,สพป.เชียงใหม่ เขต 4,10,48.33,17.40,48.17,10.73,43.33,30.00,28.33,15.00,36.67,34.80
2567,607,บ้านแม่กุ้งหลวง,สันป่าตอง,เล็ก,นอกเมือง,สำนักงานคณะกรรมการการศึกษาขั้นพื้นฐาน,สพป.เชียงใหม่ เขต 4,8,56.25,35.29,40.63,16.19,50.00,37.27,31.25,25.60,33.33,23.57
2567,608,บ้านร่องน้ำ,สันป่าตอง,เล็ก,นอกเมือง,สำนักงานคณะกรรมการการศึกษาขั้นพื้นฐาน,สพป.เชียงใหม่ เขต 4,9,66.67,13.61,52.78,13.23,70.37,24.57,40.74,17.76,29.63,24.57
2567,609,บ้านห้วยส้ม,สันป่าตอง,เล็ก,นอกเมือง,สำนักงานคณะกรรมการการศึกษาขั้นพื้นฐาน,สพป.เชียงใหม่ เขต 4,15,72.22,17.92,51.43,11.87,82.22,23.93,48.89,21.49,48.89,29.48
2567,610,บ้านหัวริน,สันป่าตอง,เล็ก,นอกเมือง,สำนักงานคณะกรรมการการศึกษาขั้นพื้นฐาน,สพป.เชียงใหม่ เขต 4,12,52.78,26.21,44.79,13.31,44.44,28.33,33.33,18.00,33.33,27.22
2567,611,พัฒนวิทย์ศึกษา,สันป่าตอง,ใหญ่,นอกเมือง,สำนักงานคณะกรรมการส่งเสริมการศึกษาเอกชน,-,74,52.70,23.57,47.06,18.98,62.61,33.31,43.02,23.09,33.78,30.26
2567,612,วัดกู่คำ,สันป่าตอง,เล็ก,นอกเมือง,สำนักงานคณะกรรมการการศึกษาขั้นพื้นฐาน,สพป.เชียงใหม่ เขต 4,21,57.94,18.98,48.21,18.74,52.38,30.12,45.24,19.34,28.57,27.77
2567,613,วัดช่างกระดาษ,สันป่าตอง,เล็ก,นอกเมือง,สำนักงานคณะกรรมการการศึกษาขั้นพื้นฐาน,สพป.เชียงใหม่ เขต 4,4,58.33,18.63,62.50,9.36,83.33,28.87,50.00,20.41,41.67,36.32
2567,614,วัดดงป่างิ้ว,สันป่าตอง,เล็ก,นอกเมือง,สำนักงานคณะกรรมการการศึกษาขั้นพื้นฐาน,สพป.เชียงใหม่ เขต 4,2,83.33,0.00,66.07,3.57,100.00,0.00,50.00,0.00,66.67,0.00
2567,615,วัดท่ากาน,สันป่าตอง,เล็ก,นอกเมือง,สำนักงานคณะกรรมการการศึกษาขั้นพื้นฐาน,สพป.เชียงใหม่ เขต 4,5,66.67,10.54,63.75,7.35,86.67,16.33,63.33,12.47,33.33,29.81
2567,616,วัดน้ำบ่อหลวง,สันป่าตอง,เล็ก,นอกเมือง,สำนักงานคณะกรรมการการศึกษาขั้นพื้นฐาน,สพป.เชียงใหม่ เขต 4,14,72.62,19.53,55.93,17.01,88.10,15.97,60.71,22.37,40.48,25.75
2567,617,วัดโรงวัว,สันป่าตอง,เล็ก,นอกเมือง,สำนักงานคณะกรรมการการศึกษาขั้นพื้นฐาน,สพป.เชียงใหม่ เขต 4,18,72.22,16.67,54.46,15.48,81.48,25.39,58.33,23.73,35.19,20.70
2567,618,วัดสามหลัง,สันป่าตอง,เล็ก,นอกเมือง,สำนักงานคณะกรรมการการศึกษาขั้นพื้นฐาน,สพป.เชียงใหม่ เขต 4,7,69.05,18.75,67.22,11.38,90.48,15.06,76.19,19.63,47.62,24.28
2567,619,วัดอุเม็ง,สันป่าตอง,เล็ก,นอกเมือง,สำนักงานคณะกรรมการการศึกษาขั้นพื้นฐาน,สพป.เชียงใหม่ เขต 4,10,68.33,13.84,66.70,7.95,80.00,16.33,56.67,18.56,53.33,16.33
2567,620,วิมานทิพย์,สันป่าตอง,เล็ก,นอกเมือง,สำนักงานคณะกรรมการส่งเสริมการศึกษาเอกชน,-,27,74.07,22.38,61.64,12.56,77.78,25.66,62.35,22.95,48.15,27.72
2567,621,สันป่าตอง,สันป่าตอง,เล็ก,นอกเมือง,กรมส่งเสริมการปกครองท้องถิ่น,ท้องถิ่นจังหวัดเชียงใหม่,12,61.11,21.87,54.76,12.36,72.22,32.87,43.06,24.96,44.44,31.43
2567,622,สันป่าตอง (สุวรรณราษฎร์วิทยาคาร),สันป่าตอง,ใหญ่,นอกเมือง,สำนักงานคณะกรรมการการศึกษาขั้นพื้นฐาน,สพป.เชียงใหม่ เขต 4,176,64.02,22.67,61.18,14.27,74.81,29.35,56.16,24.59,47.92,31.91
2567,623,อุ่นไอรัก เชียงใหม่,สันป่าตอง,เล็ก,นอกเมือง,สำนักงานคณะกรรมการส่งเสริมการศึกษาเอกชน,-,30,56.67,23.41,48.99,19.26,62.22,28.20,45.00,18.33,46.67,28.02
2567,624,ช่องฟ้าซินเซิงวาณิชบำรุง,สารภี,ใหญ่พิเศษ,นอกเมือง,สำนักงานคณะกรรมการส่งเสริมการศึกษาเอกชน,-,229,67.90,20.24,58.23,14.82,74.67,26.78,59.39,21.70,47.45,29.71
2567,625,ชุมชนวัดปากกอง,สารภี,เล็ก,นอกเมือง,สำนักงานคณะกรรมการการศึกษาขั้นพื้นฐาน,สพป.เชียงใหม่ เขต 4,7,57.14,26.51,45.79,16.45,61.90,27.77,59.52,21.56,47.62,34.99
2567,626,ชุมชนวัดศรีคำชมภู,สารภี,กลาง,นอกเมือง,สำนักงานคณะกรรมการการศึกษาขั้นพื้นฐาน,สพป.เชียงใหม่ เขต 4,26,59.62,21.27,40.52,13.74,55.13,31.95,38.46,22.54,41.03,28.21
2567,627,เทศบาลตำบลยางเนิ้ง,สารภี,กลาง,นอกเมือง,กรมส่งเสริมการปกครองท้องถิ่น,ท้องถิ่นจังหวัดเชียงใหม่,29,56.90,22.54,52.71,17.99,71.26,28.67,40.23,22.54,34.48,29.66
2567,628,บ้านปากเหมือง,สารภี,กลาง,นอกเมือง,สำนักงานคณะกรรมการการศึกษาขั้นพื้นฐาน,สพป.เชียงใหม่ เขต 4,12,61.11,15.71,68.01,14.92,83.33,16.67,55.56,10.39,50.00,25.46
2567,629,บ้านสันทราย,สารภี,เล็ก,นอกเมือง,สำนักงานคณะกรรมการการศึกษาขั้นพื้นฐาน,สพป.เชียงใหม่ เขต 4,16,72.92,14.28,70.70,11.37,81.25,23.48,64.58,26.92,60.42,26.92
2567,630,ยุวฑูตศึกษาพัฒนา,สารภี,ใหญ่,นอกเมือง,สำนักงานคณะกรรมการส่งเสริมการศึกษาเอกชน,-,19,55.26,22.33,58.22,14.29,64.91,27.52,56.14,19.65,29.82,26.26
2567,631,วชิราลัย,สารภี,กลาง,นอกเมือง,สำนักงานคณะกรรมการส่งเสริมการศึกษาเอกชน,-,60,55.56,26.29,55.54,14.83,57.22,33.38,48.33,24.66,32.78,26.87
2567,632,วัดกองทราย,สารภี,เล็ก,นอกเมือง,สำนักงานคณะกรรมการการศึกษาขั้นพื้นฐาน,สพป.เชียงใหม่ เขต 4,9,64.81,19.95,61.01,15.42,62.96,33.13,51.85,16.56,48.15,22.83
2567,633,วัดท่าต้นกวาว,สารภี,เล็ก,นอกเมือง,สำนักงานคณะกรรมการการศึกษาขั้นพื้นฐาน,สพป.เชียงใหม่ เขต 4,24,63.89,20.22,53.72,14.61,70.83,27.74,45.83,16.84,43.06,33.99
2567,634,วัดเทพาราม,สารภี,เล็ก,นอกเมือง,สำนักงานคณะกรรมการการศึกษาขั้นพื้นฐาน,สพป.เชียงใหม่ เขต 4,17,67.65,14.54,52.68,14.69,80.39,25.72,60.78,20.56,58.82,29.22
2567,635,วัดนันทาราม,สารภี,เล็ก,นอกเมือง,สำนักงานคณะกรรมการการศึกษาขั้นพื้นฐาน,สพป.เชียงใหม่ เขต 4,9,75.93,15.93,72.42,12.56,88.89,15.71,59.26,19.42,81.48,27.72
2567,636,วัดบวกครกเหนือ,สารภี,เล็ก,นอกเมือง,สำนักงานคณะกรรมการการศึกษาขั้นพื้นฐาน,สพป.เชียงใหม่ เขต 4,26,57.05,18.01,48.73,14.39,56.41,27.38,28.21,15.17,30.77,27.62
2567,637,วัดพญาชมภู,สารภี,เล็ก,นอกเมือง,สำนักงานคณะกรรมการการศึกษาขั้นพื้นฐาน,สพป.เชียงใหม่ เขต 4,7,57.14,15.06,64.92,17.57,95.24,11.66,47.62,16.50,66.67,25.20
2567,638,วัดพระนอนหนองผึ้ง,สารภี,เล็ก,นอกเมือง,สำนักงานคณะกรรมการการศึกษาขั้นพื้นฐาน,สพป.เชียงใหม่ เขต 4,32,69.79,19.29,61.22,18.02,65.63,35.83,47.40,25.38,47.92,29.97
2567,639,วัดแม่สะลาบ,สารภี,เล็ก,นอกเมือง,สำนักงานคณะกรรมการการศึกษาขั้นพื้นฐาน,สพป.เชียงใหม่ เขต 4,12,69.44,19.04,53.72,13.89,75.00,30.81,48.61,22.00,50.00,28.87
2567,640,วัดเวฬุวัน,สารภี,ใหญ่,นอกเมือง,สำนักงานคณะกรรมการการศึกษาขั้นพื้นฐาน,สพป.เชียงใหม่ เขต 4,195,58.63,24.42,48.54,15.44,60.51,33.87,44.79,21.88,36.41,29.46
2567,641,วัดศรีดอนชัย,สารภี,เล็ก,นอกเมือง,สำนักงานคณะกรรมการการศึกษาขั้นพื้นฐาน,สพป.เชียงใหม่ เขต 4,4,70.83,21.65,59.15,13.32,83.33,16.67,83.33,28.87,50.00,28.87
2567,642,วัดศรีโพธาราม,สารภี,เล็ก,นอกเมือง,สำนักงานคณะกรรมการการศึกษาขั้นพื้นฐาน,สพป.เชียงใหม่ เขต 4,14,65.48,23.11,55.68,10.28,64.29,34.42,53.57,21.98,38.10,32.99
2567,643,วัดสันดอนมูล,สารภี,เล็ก,นอกเมือง,สำนักงานคณะกรรมการการศึกษาขั้นพื้นฐาน,สพป.เชียงใหม่ เขต 4,3,50.00,23.57,63.39,9.86,44.44,41.57,55.56,7.86,66.67,27.22
2567,644,เวียงเศรษฐีวิทยา,สารภี,เล็ก,นอกเมือง,สำนักงานคณะกรรมการการศึกษาขั้นพื้นฐาน,สพป.เชียงใหม่ เขต 4,12,73.61,12.65,63.84,9.20,86.11,21.34,45.83,18.16,36.11,34.58
2567,645,ศูนย์การเรียนแห่งความหวังและอนาคต,สารภี,เล็ก,นอกเมือง,สำนักงานคณะกรรมการการศึกษาขั้นพื้นฐาน,สพป.เชียงใหม่ เขต 4,4,62.50,7.22,59.15,5.14,75.00,14.43,54.17,13.82,41.67,36.32
2567,646,สืบนทีธรรม,สารภี,กลาง,นอกเมือง,สำนักงานคณะกรรมการส่งเสริมการศึกษาเอกชน,-,42,53.57,26.36,52.57,19.07,63.49,34.74,38.89,22.91,41.27,33.18
2567,647,ต้นแก้วผดุงพิทยาลัย,หางดง,ใหญ่,นอกเมือง,กรมส่งเสริมการปกครองท้องถิ่น,ท้องถิ่นจังหวัดเชียงใหม่,95,64.21,19.64,49.82,17.65,63.86,32.68,48.95,23.79,41.40,27.66
2567,648,เทศบาลหนองตองวิทยา,หางดง,เล็ก,นอกเมือง,กรมส่งเสริมการปกครองท้องถิ่น,ท้องถิ่นจังหวัดเชียงใหม่,19,57.89,22.54,49.77,20.24,64.91,35.00,49.12,21.95,36.84,26.26
2567,649,เทศบาลหางดง (ประชาคมสร้างสรรค์),หางดง,ใหญ่,นอกเมือง,กรมส่งเสริมการปกครองท้องถิ่น,ท้องถิ่นจังหวัดเชียงใหม่,66,68.94,19.22,57.59,17.88,74.24,31.67,57.83,24.14,47.98,28.50
2567,650,นันทชาติ เกรด สคูล,หางดง,เล็ก,นอกเมือง,สำนักงานคณะกรรมการส่งเสริมการศึกษาเอกชน,-,5,63.33,24.49,58.39,16.68,80.00,40.00,50.00,27.89,40.00,32.66
2567,651,บ้านคุณแม่,หางดง,เล็ก,นอกเมือง,สำนักงานคณะกรรมการส่งเสริมการศึกษาเอกชน,-,11,83.33,14.21,61.44,11.76,87.88,21.43,72.73,12.86,45.45,38.33
2567,652,บ้านดง,หางดง,เล็ก,นอกเมือง,สำนักงานคณะกรรมการการศึกษาขั้นพื้นฐาน,สพป.เชียงใหม่ เขต 4,19,69.30,18.15,58.36,12.06,77.19,26.61,43.86,18.90,43.86,26.61
2567,653,บ้านตองกาย,หางดง,เล็ก,นอกเมือง,สำนักงานคณะกรรมการการศึกษาขั้นพื้นฐาน,สพป.เชียงใหม่ เขต 4,8,54.17,23.20,50.33,9.90,45.83,33.07,39.58,24.91,37.50,30.90
2567,654,บ้านทรายมูล,หางดง,กลาง,นอกเมือง,สำนักงานคณะกรรมการการศึกษาขั้นพื้นฐาน,สพป.เชียงใหม่ เขต 4,30,62.78,23.84,49.49,13.94,64.44,32.13,45.00,24.40,35.56,30.95
2567,655,บ้านท้าวบุญเรือง,หางดง,เล็ก,นอกเมือง,สำนักงานคณะกรรมการการศึกษาขั้นพื้นฐาน,สพป.เชียงใหม่ เขต 4,6,55.56,31.43,63.54,20.77,55.56,31.43,55.56,15.71,44.44,24.85
2567,656,บ้านน้ำแพร่,หางดง,เล็ก,นอกเมือง,สำนักงานคณะกรรมการการศึกษาขั้นพื้นฐาน,สพป.เชียงใหม่ เขต 4,19,65.79,17.50,59.30,13.64,64.91,29.57,46.49,19.93,52.63,31.19
2567,657,บ้านปง,หางดง,เล็ก,นอกเมือง,สำนักงานคณะกรรมการการศึกษาขั้นพื้นฐาน,สพป.เชียงใหม่ เขต 4,21,61.11,20.79,51.91,10.29,73.02,24.38,46.83,22.78,38.10,29.61
2567,658,บ้านป่าตาล,หางดง,เล็ก,นอกเมือง,สำนักงานคณะกรรมการการศึกษาขั้นพื้นฐาน,สพป.เชียงใหม่ เขต 4,21,57.14,15.91,45.54,16.09,65.08,29.95,42.86,26.51,41.27,32.37
2567,659,บ้านฟ่อน,หางดง,เล็ก,นอกเมือง,สำนักงานคณะกรรมการการศึกษาขั้นพื้นฐาน,สพป.เชียงใหม่ เขต 4,12,65.28,19.79,57.14,15.12,69.44,31.79,40.28,27.60,50.00,16.67
2567,660,บ้านไร่,หางดง,เล็ก,นอกเมือง,สำนักงานคณะกรรมการการศึกษาขั้นพื้นฐาน,สพป.เชียงใหม่ เขต 4,8,60.42,16.54,64.29,7.28,79.17,23.20,50.00,20.41,33.33,23.57
2567,661,บ้านวังศรี,หางดง,เล็ก,นอกเมือง,สำนักงานคณะกรรมการการศึกษาขั้นพื้นฐาน,สพป.เชียงใหม่ เขต 4,8,77.08,21.95,62.39,9.36,70.83,19.98,52.08,24.21,58.33,27.64
2567,662,บ้านสันทราย,หางดง,เล็ก,นอกเมือง,สำนักงานคณะกรรมการการศึกษาขั้นพื้นฐาน,สพป.เชียงใหม่ เขต 4,8,70.83,13.82,54.35,13.66,37.50,30.90,41.67,16.67,29.17,30.90
2567,663,บ้านสันป่าสัก,หางดง,กลาง,นอกเมือง,สำนักงานคณะกรรมการการศึกษาขั้นพื้นฐาน,สพป.เชียงใหม่ เขต 4,49,60.54,23.01,57.45,13.64,70.75,27.46,41.84,22.87,44.22,32.57
2567,664,บ้านสันผักหวาน,หางดง,เล็ก,นอกเมือง,สำนักงานคณะกรรมการการศึกษาขั้นพื้นฐาน,สพป.เชียงใหม่ เขต 4,17,63.73,19.16,53.68,14.02,72.55,28.55,38.24,21.21,35.29,29.08
2567,665,บ้านแสนตอ,หางดง,เล็ก,นอกเมือง,สำนักงานคณะกรรมการการศึกษาขั้นพื้นฐาน,สพป.เชียงใหม่ เขต 4,10,65.00,25.22,58.13,9.64,66.67,33.33,53.33,20.82,43.33,26.03
2567,666,พันธสัญญา,หางดง,เล็ก,นอกเมือง,สำนักงานคณะกรรมการส่งเสริมการศึกษาเอกชน,-,19,51.75,16.13,51.79,13.85,56.14,37.55,48.25,24.12,36.84,26.26
2567,667,ลักษณ์พงค์วิทยา,หางดง,เล็ก,นอกเมือง,สำนักงานคณะกรรมการส่งเสริมการศึกษาเอกชน,-,15,52.22,26.43,46.79,13.49,55.56,41.57,46.67,19.44,33.33,24.34
2567,668,วัดคีรีเขต,หางดง,เล็ก,นอกเมือง,สำนักงานคณะกรรมการการศึกษาขั้นพื้นฐาน,สพป.เชียงใหม่ เขต 4,6,50.00,19.25,32.89,18.37,50.00,25.46,38.89,15.71,11.11,15.71
2567,669,วัดจอมทอง,หางดง,เล็ก,นอกเมือง,สำนักงานคณะกรรมการการศึกษาขั้นพื้นฐาน,สพป.เชียงใหม่ เขต 4,8,62.50,13.82,43.47,22.45,62.50,26.02,33.33,22.05,33.33,23.57
2567,670,วัดช่างคำ,หางดง,เล็ก,นอกเมือง,สำนักงานคณะกรรมการการศึกษาขั้นพื้นฐาน,สพป.เชียงใหม่ เขต 4,7,71.43,21.30,52.81,10.95,85.71,16.50,54.76,21.30,52.38,30.12
2567,671,วัดประชาเกษม,หางดง,เล็ก,นอกเมือง,สำนักงานคณะกรรมการการศึกษาขั้นพื้นฐาน,สพป.เชียงใหม่ เขต 4,26,47.44,25.19,48.04,16.84,38.46,37.77,37.18,18.67,39.74,26.18
2567,672,วัดพระเจ้าเหลื้อม,หางดง,เล็ก,นอกเมือง,สำนักงานคณะกรรมการการศึกษาขั้นพื้นฐาน,สพป.เชียงใหม่ เขต 4,13,73.08,21.22,62.02,12.39,69.23,30.55,58.97,21.30,38.46,25.64
2567,673,วัดศรีล้อม,หางดง,เล็ก,นอกเมือง,สำนักงานคณะกรรมการการศึกษาขั้นพื้นฐาน,สพป.เชียงใหม่ เขต 4,4,83.33,11.79,78.57,10.16,91.67,14.43,54.17,29.76,41.67,27.64
2567,674,วัดศรีสว่าง,หางดง,เล็ก,นอกเมือง,สำนักงานคณะกรรมการการศึกษาขั้นพื้นฐาน,สพป.เชียงใหม่ เขต 4,11,68.18,16.60,56.57,8.08,69.70,22.27,59.09,13.03,39.39,31.20
2567,675,ชุมชนบ้านใหม่,อมก๋อย,เล็ก,นอกเมือง,สำนักงานคณะกรรมการการศึกษาขั้นพื้นฐาน,สพป.เชียงใหม่ เขต 5,19,36.84,25.69,42.39,13.64,64.91,31.48,38.60,19.54,31.58,25.30
2567,676,ชุมชนบ้านอมก๋อย,อมก๋อย,กลาง,นอกเมือง,สำนักงานคณะกรรมการการศึกษาขั้นพื้นฐาน,สพป.เชียงใหม่ เขต 5,36,56.48,25.54,55.01,16.42,61.11,31.91,36.57,25.40,32.41,29.90
2567,677,ตชด.บางกอกเชฟแชร์ริตี้,อมก๋อย,เล็ก,นอกเมือง,กองบัญชาการตำรวจตระเวนชายแดน,-,14,42.86,18.60,34.12,13.41,40.48,31.32,25.00,19.67,28.57,17.17
2567,678,ตรีมิตรวิทยา,อมก๋อย,กลาง,นอกเมือง,สำนักงานคณะกรรมการการศึกษาขั้นพื้นฐาน,สพป.เชียงใหม่ เขต 5,7,50.00,17.82,49.74,12.16,52.38,30.12,33.33,8.91,33.33,25.20
2567,679,ท่านผู้หญิงประไพ ศิวะโกเศศ,อมก๋อย,เล็ก,นอกเมือง,กองบัญชาการตำรวจตระเวนชายแดน,-,13,47.44,23.43,27.88,16.98,30.77,24.33,25.64,15.49,17.95,24.86
2567,680,ทุ่งต้นงิ้ว,อมก๋อย,เล็ก,นอกเมือง,สำนักงานคณะกรรมการการศึกษาขั้นพื้นฐาน,สพป.เชียงใหม่ เขต 5,24,40.97,19.83,27.25,22.20,30.56,31.79,29.17,19.98,33.33,31.91
2567,681,บ้านขุนตื่น,อมก๋อย,เล็ก,นอกเมือง,สำนักงานคณะกรรมการการศึกษาขั้นพื้นฐาน,สพป.เชียงใหม่ เขต 5,6,33.33,16.67,47.62,16.84,50.00,31.91,27.78,20.79,27.78,22.91
2567,682,บ้านขุนแม่ตื่นน้อย,อมก๋อย,เล็ก,นอกเมือง,สำนักงานคณะกรรมการการศึกษาขั้นพื้นฐาน,สพป.เชียงใหม่ เขต 5,9,46.30,17.17,44.94,17.57,51.85,22.83,50.00,19.25,48.15,27.72
2567,683,บ้านซิแบร,อมก๋อย,เล็ก,นอกเมือง,สำนักงานคณะกรรมการการศึกษาขั้นพื้นฐาน,สพป.เชียงใหม่ เขต 5,41,30.08,22.15,23.55,16.61,24.39,24.44,27.64,16.71,30.89,26.94
2567,684,บ้านตุงติง,อมก๋อย,เล็ก,นอกเมือง,สำนักงานคณะกรรมการการศึกษาขั้นพื้นฐาน,สพป.เชียงใหม่ เขต 5,18,53.70,24.57,49.36,13.32,55.56,29.40,43.52,18.54,29.63,18.89
2567,685,บ้านตุงลอย,อมก๋อย,กลาง,นอกเมือง,สำนักงานคณะกรรมการการศึกษาขั้นพื้นฐาน,สพป.เชียงใหม่ เขต 5,33,51.52,20.25,51.43,14.39,55.56,35.45,41.41,20.15,42.42,28.75
2567,686,บ้านทุ่งจำเริง,อมก๋อย,เล็ก,นอกเมือง,สำนักงานคณะกรรมการการศึกษาขั้นพื้นฐาน,สพป.เชียงใหม่ เขต 5,9,55.56,23.57,40.58,18.85,62.96,36.66,48.15,21.44,33.33,38.49
2567,687,บ้านนาเกียน,อมก๋อย,เล็ก,นอกเมือง,สำนักงานคณะกรรมการการศึกษาขั้นพื้นฐาน,สำนักงานเขตพื้นที่การศึกษามัธยมศึกษาเชียงใหม่,20,46.67,20.82,54.06,11.76,46.67,37.12,30.00,17.16,31.67,28.82
2567,688,บ้านนาไคร้,อมก๋อย,เล็ก,นอกเมือง,สำนักงานคณะกรรมการการศึกษาขั้นพื้นฐาน,สพป.เชียงใหม่ เขต 5,13,53.85,22.79,44.85,17.47,30.77,33.23,37.18,17.48,38.46,41.03
2567,689,บ้านใบหนา,อมก๋อย,เล็ก,นอกเมือง,สำนักงานคณะกรรมการการศึกษาขั้นพื้นฐาน,สพป.เชียงใหม่ เขต 5,15,33.33,25.82,40.65,18.48,35.56,35.42,31.11,23.47,17.78,23.93
2567,690,บ้านผาปูน,อมก๋อย,เล็ก,นอกเมือง,สำนักงานคณะกรรมการการศึกษาขั้นพื้นฐาน,สพป.เชียงใหม่ เขต 5,26,48.08,22.80,35.70,20.29,32.05,32.66,28.85,20.44,28.21,30.23
2567,691,บ้านผีปานเหนือ,อมก๋อย,กลาง,นอกเมือง,สำนักงานคณะกรรมการการศึกษาขั้นพื้นฐาน,สพป.เชียงใหม่ เขต 5,36,44.44,21.87,28.46,16.90,24.07,23.06,27.31,20.84,32.41,22.89
2567,692,บ้านมูเซอ,อมก๋อย,กลาง,นอกเมือง,สำนักงานคณะกรรมการการศึกษาขั้นพื้นฐาน,สพป.เชียงใหม่ เขต 5,22,41.67,19.94,30.03,21.94,31.82,21.27,31.06,23.19,19.70,23.91
2567,693,บ้านแม่โขง,อมก๋อย,เล็ก,นอกเมือง,สำนักงานคณะกรรมการการศึกษาขั้นพื้นฐาน,สพป.เชียงใหม่ เขต 5,6,27.78,18.43,41.37,14.97,38.89,40.45,44.44,22.91,27.78,22.91
2567,694,บ้านแม่ต๋อม,อมก๋อย,กลาง,นอกเมือง,สำนักงานคณะกรรมการการศึกษาขั้นพื้นฐาน,สพป.เชียงใหม่ เขต 5,38,43.86,23.08,38.25,18.83,38.60,33.79,37.72,22.19,21.93,22.00
2567,695,บ้านแม่ตื่น,อมก๋อย,เล็ก,นอกเมือง,สำนักงานคณะกรรมการการศึกษาขั้นพื้นฐาน,สพป.เชียงใหม่ เขต 5,5,46.67,22.11,30.89,18.52,20.00,16.33,16.67,14.91,6.67,13.33
2567,696,บ้านแม่ลานหลวง,อมก๋อย,เล็ก,นอกเมือง,สำนักงานคณะกรรมการการศึกษาขั้นพื้นฐาน,สพป.เชียงใหม่ เขต 5,17,46.08,23.24,44.64,19.05,47.06,32.46,39.22,20.56,35.29,21.30
2567,697,บ้านแม่ลานหลวง สาขาบ้านดอยซาง,อมก๋อย,เล็ก,นอกเมือง,สำนักงานคณะกรรมการการศึกษาขั้นพื้นฐาน,สพป.เชียงใหม่ เขต 5,12,36.11,17.79,37.72,12.82,25.00,24.06,29.17,23.69,30.56,16.43
2567,698,บ้านแม่สะเต,อมก๋อย,เล็ก,นอกเมือง,สำนักงานคณะกรรมการการศึกษาขั้นพื้นฐาน,สพป.เชียงใหม่ เขต 5,14,42.86,27.25,44.13,16.77,30.95,23.45,35.71,20.76,28.57,30.49
2567,699,บ้านแม่หลองน้อย,อมก๋อย,เล็ก,นอกเมือง,สำนักงานคณะกรรมการการศึกษาขั้นพื้นฐาน,สพป.เชียงใหม่ เขต 5,12,45.83,24.65,45.24,11.19,50.00,28.87,29.17,16.84,36.11,25.31
2567,700,บ้านแม่อ่างขาง,อมก๋อย,เล็ก,นอกเมือง,สำนักงานคณะกรรมการการศึกษาขั้นพื้นฐาน,สพป.เชียงใหม่ เขต 5,21,46.03,21.15,45.13,20.49,49.21,28.39,32.54,16.65,33.33,30.86
2567,701,บ้านยางแก้ว,อมก๋อย,เล็ก,นอกเมือง,สำนักงานคณะกรรมการการศึกษาขั้นพื้นฐาน,สพป.เชียงใหม่ เขต 5,19,43.86,18.11,41.49,20.79,42.11,28.29,35.96,18.94,24.56,28.29
2567,702,บ้านยางครก,อมก๋อย,เล็ก,นอกเมือง,สำนักงานคณะกรรมการการศึกษาขั้นพื้นฐาน,สพป.เชียงใหม่ เขต 5,26,41.03,27.44,28.61,20.93,34.62,29.93,32.69,10.82,23.08,24.05
2567,703,บ้านยางเปา,อมก๋อย,กลาง,นอกเมือง,สำนักงานคณะกรรมการการศึกษาขั้นพื้นฐาน,สพป.เชียงใหม่ เขต 5,36,50.46,20.22,48.38,13.36,51.85,33.74,36.11,25.61,25.93,28.45
2567,704,บ้านยางเปียง,อมก๋อย,เล็ก,นอกเมือง,สำนักงานคณะกรรมการการศึกษาขั้นพื้นฐาน,สพป.เชียงใหม่ เขต 5,19,58.77,21.20,52.02,13.31,66.67,32.44,40.35,17.37,35.09,33.29
2567,705,บ้านสบลาน,อมก๋อย,กลาง,นอกเมือง,สำนักงานคณะกรรมการการศึกษาขั้นพื้นฐาน,สพป.เชียงใหม่ เขต 5,22,52.27,21.49,39.22,19.28,33.33,31.78,28.03,19.06,36.36,30.00
2567,706,บ้านหลวง,อมก๋อย,เล็ก,นอกเมือง,สำนักงานคณะกรรมการการศึกษาขั้นพื้นฐาน,สพป.เชียงใหม่ เขต 5,22,62.12,22.01,51.91,11.53,65.15,29.26,63.64,20.50,45.45,34.15
2567,707,บ้านห้วยโค้ง,อมก๋อย,กลาง,นอกเมือง,สำนักงานคณะกรรมการการศึกษาขั้นพื้นฐาน,สพป.เชียงใหม่ เขต 5,41,39.02,27.20,22.66,19.27,26.83,23.54,26.02,15.64,28.46,29.96
2567,708,บ้านห้วยน้ำขาว,อมก๋อย,กลาง,นอกเมือง,สำนักงานคณะกรรมการการศึกษาขั้นพื้นฐาน,สพป.เชียงใหม่ เขต 5,32,46.88,21.42,40.33,16.09,47.92,32.21,38.02,24.02,23.96,25.32
2567,709,บ้านห้วยไม้หก,อมก๋อย,เล็ก,นอกเมือง,สำนักงานคณะกรรมการการศึกษาขั้นพื้นฐาน,สพป.เชียงใหม่ เขต 5,13,50.00,16.01,47.66,15.82,46.15,24.59,29.49,18.67,35.90,30.55
2567,710,บ้านห้วยหล่อดูก,อมก๋อย,เล็ก,นอกเมือง,สำนักงานคณะกรรมการการศึกษาขั้นพื้นฐาน,สพป.เชียงใหม่ เขต 5,15,58.89,24.99,50.12,16.46,46.67,31.74,38.89,15.71,31.11,28.46
2567,711,บ้านห่างหลวง,อมก๋อย,เล็ก,นอกเมือง,สำนักงานคณะกรรมการการศึกษาขั้นพื้นฐาน,สพป.เชียงใหม่ เขต 5,13,47.44,21.53,47.80,15.87,28.21,25.64,20.51,13.32,17.95,16.62
2567,712,บ้านอูตูม,อมก๋อย,กลาง,นอกเมือง,สำนักงานคณะกรรมการการศึกษาขั้นพื้นฐาน,สพป.เชียงใหม่ เขต 5,39,29.91,18.56,32.26,14.69,23.08,22.84,27.35,19.05,26.50,26.34
2567,713,รางวัลอินทิราคานธี,อมก๋อย,เล็ก,นอกเมือง,กองบัญชาการตำรวจตระเวนชายแดน,-,10,53.33,16.33,31.88,17.97,23.33,21.34,25.00,22.67,30.00,31.45
2567,714,ชุมชนบ้านท่าข้าม,ฮอด,กลาง,นอกเมือง,สำนักงานคณะกรรมการการศึกษาขั้นพื้นฐาน,สพป.เชียงใหม่ เขต 5,48,61.46,24.33,51.06,13.58,65.97,30.04,48.61,24.49,36.11,28.73
2567,715,ชุมชนบ้านแม่ทัง,ฮอด,เล็ก,นอกเมือง,สำนักงานคณะกรรมการการศึกษาขั้นพื้นฐาน,สพป.เชียงใหม่ เขต 5,5,46.67,26.67,59.29,5.10,53.33,33.99,33.33,21.08,46.67,26.67
2567,716,บ้านกองลอย,ฮอด,กลาง,นอกเมือง,สำนักงานคณะกรรมการการศึกษาขั้นพื้นฐาน,สพป.เชียงใหม่ เขต 5,29,40.80,23.40,38.30,17.83,35.63,33.83,33.91,21.21,29.89,31.98
2567,717,บ้านกองหิน,ฮอด,เล็ก,นอกเมือง,สำนักงานคณะกรรมการการศึกษาขั้นพื้นฐาน,สพป.เชียงใหม่ เขต 5,5,83.33,10.54,67.32,14.56,80.00,26.67,56.67,24.94,40.00,24.94
2567,718,บ้านกิ่วลม,ฮอด,เล็ก,นอกเมือง,สำนักงานคณะกรรมการการศึกษาขั้นพื้นฐาน,สพป.เชียงใหม่ เขต 5,9,51.85,9.44,51.79,10.66,51.85,16.56,42.59,19.42,33.33,27.22
2567,719,บ้านขุน,ฮอด,เล็ก,นอกเมือง,สำนักงานคณะกรรมการการศึกษาขั้นพื้นฐาน,สพป.เชียงใหม่ เขต 5,6,36.11,26.21,37.80,21.99,66.67,27.22,38.89,7.86,44.44,15.71
2567,720,บ้านแควมะกอก,ฮอด,กลาง,นอกเมือง,สำนักงานคณะกรรมการการศึกษาขั้นพื้นฐาน,สพป.เชียงใหม่ เขต 5,17,55.88,22.82,44.01,16.39,47.06,25.72,41.18,28.07,31.37,24.17
2567,721,บ้านโค้งงาม,ฮอด,เล็ก,นอกเมือง,สำนักงานคณะกรรมการการศึกษาขั้นพื้นฐาน,สพป.เชียงใหม่ เขต 5,4,66.67,28.87,48.66,13.64,50.00,37.27,45.83,21.65,41.67,36.32
2567,722,บ้านดงดำ,ฮอด,เล็ก,นอกเมือง,สำนักงานคณะกรรมการการศึกษาขั้นพื้นฐาน,สพป.เชียงใหม่ เขต 5,6,75.00,20.97,50.30,12.16,77.78,15.71,55.56,20.79,50.00,25.46
2567,723,บ้านดอกแดง,ฮอด,เล็ก,นอกเมือง,สำนักงานคณะกรรมการการศึกษาขั้นพื้นฐาน,สพป.เชียงใหม่ เขต 5,9,44.44,36.00,50.89,7.06,48.15,35.52,46.30,23.28,29.63,24.57
2567,724,บ้านดอยคำ,ฮอด,เล็ก,นอกเมือง,สำนักงานคณะกรรมการการศึกษาขั้นพื้นฐาน,สพป.เชียงใหม่ เขต 5,9,50.00,20.79,41.07,10.41,44.44,31.43,46.30,23.28,29.63,18.89
2567,725,บ้านเด่นวิทยา,ฮอด,เล็ก,นอกเมือง,สำนักงานคณะกรรมการการศึกษาขั้นพื้นฐาน,สพป.เชียงใหม่ เขต 5,6,36.11,17.79,52.83,10.95,61.11,29.92,52.78,22.40,44.44,31.43
2567,726,บ้านตาลใต้,ฮอด,เล็ก,นอกเมือง,สำนักงานคณะกรรมการการศึกษาขั้นพื้นฐาน,สพป.เชียงใหม่ เขต 5,6,63.89,24.37,51.79,12.19,44.44,36.85,36.11,11.45,27.78,29.92
2567,727,บ้านตาลเหนือ,ฮอด,เล็ก,นอกเมือง,สำนักงานคณะกรรมการการศึกษาขั้นพื้นฐาน,สพป.เชียงใหม่ เขต 5,14,57.14,24.97,43.81,16.71,54.76,34.75,44.05,21.46,45.24,23.93
2567,728,บ้านตีนตก,ฮอด,เล็ก,นอกเมือง,สำนักงานคณะกรรมการการศึกษาขั้นพื้นฐาน,สพป.เชียงใหม่ เขต 5,4,62.50,18.16,56.25,15.01,58.33,14.43,41.67,27.64,25.00,14.43
2567,729,บ้านเตียนอาง,ฮอด,เล็ก,นอกเมือง,สำนักงานคณะกรรมการการศึกษาขั้นพื้นฐาน,สพป.เชียงใหม่ เขต 5,9,53.70,26.96,44.54,11.13,59.26,30.54,42.59,17.76,40.74,26.19
2567,730,บ้านทุ่ง,ฮอด,เล็ก,นอกเมือง,สำนักงานคณะกรรมการการศึกษาขั้นพื้นฐาน,สพป.เชียงใหม่ เขต 5,3,61.11,15.71,58.04,11.32,88.89,15.71,33.33,13.61,11.11,15.71
2567,731,บ้านทุ่งโป่ง,ฮอด,เล็ก,นอกเมือง,สำนักงานคณะกรรมการการศึกษาขั้นพื้นฐาน,สพป.เชียงใหม่ เขต 5,12,56.94,12.65,49.44,11.53,61.11,26.64,29.17,20.55,30.56,31.79
2567,732,บ้านนาคอเรือ,ฮอด,เล็ก,นอกเมือง,สำนักงานคณะกรรมการการศึกษาขั้นพื้นฐาน,สพป.เชียงใหม่ เขต 5,20,60.83,19.20,63.04,11.18,81.67,22.30,52.50,16.89,50.00,28.87
2567,733,บ้านนาฟ่อน,ฮอด,เล็ก,นอกเมือง,สำนักงานคณะกรรมการการศึกษาขั้นพื้นฐาน,สพป.เชียงใหม่ เขต 5,13,57.69,25.83,49.93,12.90,69.23,33.23,43.59,20.19,51.28,33.63
2567,734,บ้านบ่อสลี,ฮอด,เล็ก,นอกเมือง,สำนักงานคณะกรรมการการศึกษาขั้นพื้นฐาน,สพป.เชียงใหม่ เขต 5,3,61.11,20.79,46.73,15.40,55.56,41.57,38.89,7.86,55.56,41.57
2567,735,บ้านบ่อหลวง,ฮอด,กลาง,นอกเมือง,สำนักงานคณะกรรมการการศึกษาขั้นพื้นฐาน,สพป.เชียงใหม่ เขต 5,21,65.08,22.95,54.08,15.86,66.67,30.86,44.44,21.41,60.32,36.54
2567,736,บ้านผาแตน,ฮอด,เล็ก,นอกเมือง,สำนักงานคณะกรรมการการศึกษาขั้นพื้นฐาน,สพป.เชียงใหม่ เขต 5,11,60.61,19.17,63.88,6.04,63.64,33.20,33.33,23.57,42.42,32.07
2567,737,บ้านพุย,ฮอด,เล็ก,นอกเมือง,สำนักงานคณะกรรมการการศึกษาขั้นพื้นฐาน,สพป.เชียงใหม่ เขต 5,25,54.67,22.37,50.71,11.64,40.00,35.28,41.33,24.55,21.33,22.86
2567,738,บ้านแม่งูด,ฮอด,เล็ก,นอกเมือง,สำนักงานคณะกรรมการการศึกษาขั้นพื้นฐาน,สพป.เชียงใหม่ เขต 5,8,75.00,14.43,56.03,14.02,62.50,30.90,45.83,23.20,58.33,14.43
2567,739,บ้านแม่ลอง,ฮอด,เล็ก,นอกเมือง,สำนักงานคณะกรรมการการศึกษาขั้นพื้นฐาน,สพป.เชียงใหม่ เขต 5,6,72.22,15.71,68.75,9.48,77.78,24.85,66.67,13.61,61.11,35.57
2567,740,บ้านแม่ลาย,ฮอด,เล็ก,นอกเมือง,สำนักงานคณะกรรมการการศึกษาขั้นพื้นฐาน,สพป.เชียงใหม่ เขต 5,14,57.14,23.33,63.39,17.02,69.05,23.45,55.95,24.08,50.00,27.46
2567,741,บ้านแม่ลายเหนือ,ฮอด,เล็ก,นอกเมือง,สำนักงานคณะกรรมการการศึกษาขั้นพื้นฐาน,สพป.เชียงใหม่ เขต 5,15,55.56,24.85,57.02,6.91,48.89,29.48,43.33,18.05,44.44,23.31
2567,742,บ้านแม่สะนาม,ฮอด,เล็ก,นอกเมือง,สำนักงานคณะกรรมการการศึกษาขั้นพื้นฐาน,สพป.เชียงใหม่ เขต 5,4,54.17,13.82,58.71,8.76,66.67,23.57,41.67,14.43,41.67,14.43
2567,743,บ้านแม่อมลอง,ฮอด,เล็ก,นอกเมือง,สำนักงานคณะกรรมการการศึกษาขั้นพื้นฐาน,สพป.เชียงใหม่ เขต 5,9,48.15,25.39,42.71,22.48,51.85,38.84,42.59,20.95,40.74,26.19
2567,744,บ้านวังกอง,ฮอด,เล็ก,นอกเมือง,สำนักงานคณะกรรมการการศึกษาขั้นพื้นฐาน,สพป.เชียงใหม่ เขต 5,8,68.75,17.55,63.95,9.10,83.33,16.67,43.75,21.95,62.50,30.90
2567,745,บ้านวังลุง,ฮอด,เล็ก,นอกเมือง,สำนักงานคณะกรรมการการศึกษาขั้นพื้นฐาน,สพป.เชียงใหม่ เขต 5,12,45.83,23.69,58.33,16.32,69.44,21.34,45.83,19.39,44.44,24.85
2567,746,บ้านหางดง,ฮอด,เล็ก,นอกเมือง,สำนักงานคณะกรรมการการศึกษาขั้นพื้นฐาน,สพป.เชียงใหม่ เขต 5,6,58.33,18.63,42.49,8.23,38.89,35.57,44.44,12.42,33.33,19.25
2567,747,ฟ้าใส,ฮอด,เล็ก,นอกเมือง,สำนักงานคณะกรรมการส่งเสริมการศึกษาเอกชน,-,12,66.67,24.53,59.15,11.64,88.89,15.71,66.67,24.53,63.89,31.79
2567,748,แม่โถวิทยาคม,ฮอด,กลาง,นอกเมือง,สำนักงานคณะกรรมการการศึกษาขั้นพื้นฐาน,สพป.เชียงใหม่ เขต 5,51,39.22,25.31,35.19,19.32,36.60,27.42,35.62,21.65,36.60,27.42
2566,1,บ้านขุนแม่รวม,กัลยาณิวัฒนา,เล็ก,นอกเมือง,สำนักงานคณะกรรมการการศึกษาขั้นพื้นฐาน,สพป.เชียงใหม่ เขต 6,21,38.89,24.31,50.85,17.50,66.67,20.57,31.75,23.52,20.63,26.18
2566,2,บ้านจันทร์,กัลยาณิวัฒนา,เล็ก,นอกเมือง,สำนักงานคณะกรรมการการศึกษาขั้นพื้นฐาน,สพป.เชียงใหม่ เขต 6,12,50.00,13.61,53.87,17.90,61.11,22.91,45.83,15.40,27.78,22.91
2566,3,บ้านจันทร์ สาขาแจ่มน้อย,กัลยาณิวัฒนา,เล็ก,นอกเมือง,สำนักงานคณะกรรมการการศึกษาขั้นพื้นฐาน,สพป.เชียงใหม่ เขต 6,11,43.94,25.89,59.58,18.94,66.67,24.62,46.97,17.14,30.30,22.27
2566,4,บ้านแจ่มหลวง,กัลยาณิวัฒนา,เล็ก,นอกเมือง,สำนักงานคณะกรรมการการศึกษาขั้นพื้นฐาน,สพป.เชียงใหม่ เขต 6,13,61.54,26.46,61.40,14.59,82.05,28.09,51.28,28.09,33.33,32.03
2566,5,บ้านแม่แดดน้อย,กัลยาณิวัฒนา,เล็ก,นอกเมือง,สำนักงานคณะกรรมการการศึกษาขั้นพื้นฐาน,สพป.เชียงใหม่ เขต 6,6,61.11,15.71,52.53,23.23,72.22,29.92,44.44,26.64,33.33,19.25
2566,6,บ้านแม่แดดน้อย สาขาบ้านดงสามหมื่น,กัลยาณิวัฒนา,เล็ก,นอกเมือง,สำนักงานคณะกรรมการการศึกษาขั้นพื้นฐาน,สพป.เชียงใหม่ เขต 6,14,42.86,25.75,45.92,25.65,47.62,16.50,34.52,17.21,40.48,25.75
2566,7,บ้านแม่ตะละ,กัลยาณิวัฒนา,เล็ก,นอกเมือง,สำนักงานคณะกรรมการการศึกษาขั้นพื้นฐาน,สพป.เชียงใหม่ เขต 6,18,43.52,15.85,49.01,13.77,68.52,23.50,38.89,23.57,38.89,25.46
2566,8,บ้านแม่ตะละเหนือ,กัลยาณิวัฒนา,เล็ก,นอกเมือง,สำนักงานคณะกรรมการการศึกษาขั้นพื้นฐาน,สพป.เชียงใหม่ เขต 6,6,44.44,15.71,60.12,18.77,55.56,15.71,36.11,14.96,50.00,25.46
2566,9,บ้านห้วยยา,กัลยาณิวัฒนา,เล็ก,นอกเมือง,สำนักงานคณะกรรมการการศึกษาขั้นพื้นฐาน,สพป.เชียงใหม่ เขต 6,16,43.75,30.55,49.44,21.98,58.33,18.63,36.46,18.84,35.42,34.30
2566,10,บ้านหัวยปู,กัลยาณิวัฒนา,เล็ก,นอกเมือง,สำนักงานคณะกรรมการการศึกษาขั้นพื้นฐาน,สพป.เชียงใหม่ เขต 6,16,56.25,24.21,52.23,17.74,85.42,26.27,51.04,25.32,33.33,26.35
2566,11,สามัคคีสันม่วง,กัลยาณิวัฒนา,เล็ก,นอกเมือง,สำนักงานคณะกรรมการการศึกษาขั้นพื้นฐาน,สพป.เชียงใหม่ เขต 6,22,46.97,21.10,39.29,14.00,63.64,19.87,28.03,21.55,25.76,22.32
2566,12,ณัทชวิทย์,จอมทอง,เล็ก,นอกเมือง,สำนักงานคณะกรรมการส่งเสริมการศึกษาเอกชน,-,9,72.22,15.71,73.71,7.77,85.19,22.83,42.59,23.72,55.56,27.22
2566,13,เทศบาลจอมทอง ๑ (ชุมชนบ้านข่วงเปาเหนือ),จอมทอง,กลาง,นอกเมือง,กรมส่งเสริมการปกครองท้องถิ่น,ท้องถิ่นจังหวัดเชียงใหม่,34,58.33,19.49,60.06,20.03,75.49,20.31,41.67,19.91,45.10,32.22
2566,14,ไทยรัฐวิทยา 79 (บ้านหนองอาบช้าง),จอมทอง,เล็ก,นอกเมือง,สำนักงานคณะกรรมการการศึกษาขั้นพื้นฐาน,สพป.เชียงใหม่ เขต 6,11,59.09,27.86,58.36,19.23,63.64,26.42,37.88,24.71,45.45,35.60
2566,15,นิยมไพรผาหมอนอินทนนท์,จอมทอง,เล็ก,นอกเมือง,สำนักงานคณะกรรมการการศึกษาขั้นพื้นฐาน,สพป.เชียงใหม่ เขต 6,14,51.19,18.33,53.44,16.17,66.67,17.82,41.67,16.37,33.33,30.86
2566,16,บ้านข่วงเปาใต้,จอมทอง,เล็ก,นอกเมือง,สำนักงานคณะกรรมการการศึกษาขั้นพื้นฐาน,สพป.เชียงใหม่ เขต 6,5,73.33,8.16,69.11,7.46,73.33,24.94,50.00,10.54,33.33,21.08
2566,17,บ้านขุนกลาง,จอมทอง,กลาง,นอกเมือง,สำนักงานคณะกรรมการการศึกษาขั้นพื้นฐาน,สพป.เชียงใหม่ เขต 6,42,60.71,18.84,57.23,15.44,74.60,25.00,37.70,21.84,35.71,30.34
2566,18,บ้านขุนกลาง สาขาแม่ยะน้อย,จอมทอง,เล็ก,นอกเมือง,สำนักงานคณะกรรมการการศึกษาขั้นพื้นฐาน,สพป.เชียงใหม่ เขต 6,9,51.85,19.95,57.24,18.34,66.67,22.22,37.04,18.89,29.63,29.16
2566,19,บ้านขุนแตะ,จอมทอง,เล็ก,นอกเมือง,สำนักงานคณะกรรมการการศึกษาขั้นพื้นฐาน,สพป.เชียงใหม่ เขต 6,13,48.72,21.14,60.99,13.29,66.67,22.65,41.03,12.43,25.64,29.68
2566,20,บ้านขุนแปะ,จอมทอง,เล็ก,นอกเมือง,สำนักงานคณะกรรมการการศึกษาขั้นพื้นฐาน,สพป.เชียงใหม่ เขต 6,24,44.44,22.91,55.92,22.07,72.22,26.64,32.64,21.23,23.61,24.49
2566,21,บ้านขุนแปะ สาขาแม่จร,จอมทอง,เล็ก,นอกเมือง,สำนักงานคณะกรรมการการศึกษาขั้นพื้นฐาน,สพป.เชียงใหม่ เขต 6,4,29.17,24.65,46.43,22.81,58.33,27.64,45.83,21.65,25.00,27.64
2566,22,บ้านขุนยะ,จอมทอง,เล็ก,นอกเมือง,สำนักงานคณะกรรมการการศึกษาขั้นพื้นฐาน,สพป.เชียงใหม่ เขต 6,7,54.76,21.30,62.24,11.88,57.14,15.06,35.71,10.65,23.81,23.33
2566,23,บ้านท่าข้าม,จอมทอง,เล็ก,นอกเมือง,สำนักงานคณะกรรมการการศึกษาขั้นพื้นฐาน,สพป.เชียงใหม่ เขต 6,5,73.33,17.00,57.32,14.10,66.67,21.08,43.33,8.16,46.67,16.33
2566,24,บ้านท่าหลุก,จอมทอง,เล็ก,นอกเมือง,สำนักงานคณะกรรมการการศึกษาขั้นพื้นฐาน,สพป.เชียงใหม่ เขต 6,4,70.83,21.65,77.46,10.15,66.67,33.33,62.50,7.22,41.67,27.64
2566,25,บ้านน้ำตกแม่กลาง,จอมทอง,เล็ก,นอกเมือง,สำนักงานคณะกรรมการการศึกษาขั้นพื้นฐาน,สพป.เชียงใหม่ เขต 6,8,70.83,21.65,70.76,12.36,70.83,19.98,54.17,18.16,25.00,14.43
2566,26,บ้านบนนา,จอมทอง,เล็ก,นอกเมือง,สำนักงานคณะกรรมการการศึกษาขั้นพื้นฐาน,สพป.เชียงใหม่ เขต 6,9,42.59,28.45,59.82,20.14,59.26,20.95,31.48,19.95,37.04,24.57
2566,27,บ้านปากทางท่าลี่,จอมทอง,เล็ก,นอกเมือง,สำนักงานคณะกรรมการการศึกษาขั้นพื้นฐาน,สพป.เชียงใหม่ เขต 6,4,45.83,13.82,64.29,12.44,66.67,23.57,54.17,13.82,41.67,14.43
2566,28,บ้านแปะ,จอมทอง,เล็ก,นอกเมือง,สำนักงานคณะกรรมการการศึกษาขั้นพื้นฐาน,สพป.เชียงใหม่ เขต 6,11,66.67,22.47,72.32,8.79,84.85,16.60,45.45,18.92,54.55,35.60
2566,29,บ้านเมืองกลาง,จอมทอง,เล็ก,นอกเมือง,สำนักงานคณะกรรมการการศึกษาขั้นพื้นฐาน,สพป.เชียงใหม่ เขต 6,7,76.19,21.56,66.45,15.40,85.71,16.50,47.62,18.75,47.62,30.12
2566,30,บ้านเมืองอาง,จอมทอง,เล็ก,นอกเมือง,สำนักงานคณะกรรมการการศึกษาขั้นพื้นฐาน,สพป.เชียงใหม่ เขต 6,9,50.00,20.79,50.99,15.60,62.96,18.89,31.48,19.95,40.74,20.95
2566,31,บ้านแม่ปอน,จอมทอง,เล็ก,นอกเมือง,สำนักงานคณะกรรมการการศึกษาขั้นพื้นฐาน,สพป.เชียงใหม่ เขต 6,19,42.98,24.97,49.53,18.48,70.18,23.93,33.33,20.94,28.07,27.07
2566,32,บ้านแม่สอย,จอมทอง,เล็ก,นอกเมือง,สำนักงานคณะกรรมการการศึกษาขั้นพื้นฐาน,สพป.เชียงใหม่ เขต 6,9,64.81,16.56,69.94,13.38,77.78,15.71,48.15,12.28,44.44,27.22
2566,33,บ้านโรงวัว,จอมทอง,เล็ก,นอกเมือง,สำนักงานคณะกรรมการการศึกษาขั้นพื้นฐาน,สพป.เชียงใหม่ เขต 6,12,77.78,17.12,65.48,12.99,86.11,16.43,65.28,27.60,55.56,28.33
2566,34,บ้านสบแจ่มฝั่งซ้าย,จอมทอง,เล็ก,นอกเมือง,สำนักงานคณะกรรมการการศึกษาขั้นพื้นฐาน,สพป.เชียงใหม่ เขต 6,20,43.33,21.98,50.63,13.99,71.67,24.21,37.50,26.29,26.67,22.61
2566,35,บ้านสบเตี๊ยะ,จอมทอง,กลาง,นอกเมือง,สำนักงานคณะกรรมการการศึกษาขั้นพื้นฐาน,สพป.เชียงใหม่ เขต 6,9,57.41,20.95,65.38,13.39,77.78,27.22,37.04,17.17,37.04,33.13
2566,36,บ้านสบแปะ,จอมทอง,เล็ก,นอกเมือง,สำนักงานคณะกรรมการการศึกษาขั้นพื้นฐาน,สพป.เชียงใหม่ เขต 6,7,54.76,21.30,70.92,14.15,71.43,27.77,42.86,19.63,14.29,16.50
2566,37,บ้านหนองคัน,จอมทอง,เล็ก,นอกเมือง,สำนักงานคณะกรรมการการศึกษาขั้นพื้นฐาน,สพป.เชียงใหม่ เขต 6,4,75.00,8.33,66.07,14.60,91.67,14.43,58.33,18.63,58.33,27.64
2566,38,บ้านห้วยทราย,จอมทอง,เล็ก,นอกเมือง,สำนักงานคณะกรรมการการศึกษาขั้นพื้นฐาน,สพป.เชียงใหม่ เขต 6,10,61.67,29.86,50.18,13.59,73.33,29.06,35.00,15.72,33.33,21.08
2566,39,บ้านห้วยน้ำดิบ,จอมทอง,เล็ก,นอกเมือง,สำนักงานคณะกรรมการการศึกษาขั้นพื้นฐาน,สพป.เชียงใหม่ เขต 6,6,75.00,15.96,68.60,13.29,83.33,16.67,55.56,7.86,33.33,19.25
2566,40,บ้านห้วยม่วง,จอมทอง,เล็ก,นอกเมือง,สำนักงานคณะกรรมการการศึกษาขั้นพื้นฐาน,สพป.เชียงใหม่ เขต 6,4,62.50,18.16,66.74,12.96,91.67,14.43,54.17,29.76,75.00,14.43
2566,41,บ้านห้วยม่วงฝั่งซ้าย,จอมทอง,เล็ก,นอกเมือง,สำนักงานคณะกรรมการการศึกษาขั้นพื้นฐาน,สพป.เชียงใหม่ เขต 6,20,40.83,23.85,51.25,21.31,65.00,22.30,35.83,19.20,43.33,31.80
2566,42,บ้านห้วยส้มป่อย,จอมทอง,เล็ก,นอกเมือง,สำนักงานคณะกรรมการการศึกษาขั้นพื้นฐาน,สพป.เชียงใหม่ เขต 6,13,55.13,21.07,60.16,18.78,82.05,21.14,50.00,16.01,17.95,24.86
2566,43,บ้านห้วยสะแพด,จอมทอง,เล็ก,นอกเมือง,สำนักงานคณะกรรมการการศึกษาขั้นพื้นฐาน,สพป.เชียงใหม่ เขต 6,15,68.89,20.06,73.01,11.24,82.22,23.93,64.44,20.96,53.33,31.74
2566,44,บ้านหาดนาค,จอมทอง,เล็ก,นอกเมือง,สำนักงานคณะกรรมการการศึกษาขั้นพื้นฐาน,สพป.เชียงใหม่ เขต 6,6,61.11,22.91,75.30,9.20,94.44,12.42,52.78,14.96,55.56,36.85
2566,45,บ้านใหม่สารภี,จอมทอง,เล็ก,นอกเมือง,สำนักงานคณะกรรมการการศึกษาขั้นพื้นฐาน,สพป.เชียงใหม่ เขต 6,2,66.67,16.67,55.80,15.63,66.67,33.33,41.67,8.33,16.67,16.67
2566,46,ป่ากล้วยพัฒนา,จอมทอง,เล็ก,นอกเมือง,สำนักงานคณะกรรมการการศึกษาขั้นพื้นฐาน,สพป.เชียงใหม่ เขต 6,13,50.00,16.01,64.87,14.89,69.23,20.51,47.44,29.12,41.03,34.97
2566,47,วัดพระบาท,จอมทอง,เล็ก,นอกเมือง,สำนักงานคณะกรรมการการศึกษาขั้นพื้นฐาน,สพป.เชียงใหม่ เขต 6,4,70.83,13.82,60.71,18.20,58.33,14.43,62.50,7.22,16.67,16.67
2566,48,ศรีจอมทอง,จอมทอง,ใหญ่,นอกเมือง,สำนักงานคณะกรรมการการศึกษาขั้นพื้นฐาน,สพป.เชียงใหม่ เขต 6,114,78.22,20.61,77.79,12.55,87.13,19.50,62.87,21.97,64.33,31.75
2566,49,สุทธิวงศ์ดำรงวิทย์,จอมทอง,เล็ก,นอกเมือง,สำนักงานคณะกรรมการส่งเสริมการศึกษาเอกชน,-,9,61.11,19.25,65.38,19.30,70.37,24.57,35.19,19.95,33.33,31.43
2566,50,แกน้อยศึกษา,เชียงดาว,กลาง,นอกเมือง,สำนักงานคณะกรรมการการศึกษาขั้นพื้นฐาน,สพป.เชียงใหม่ เขต 3,12,40.28,12.65,44.12,18.89,69.44,25.31,29.17,21.65,33.33,27.22
2566,51,โครงการหลวงแกน้อย,เชียงดาว,กลาง,นอกเมือง,สำนักงานคณะกรรมการการศึกษาขั้นพื้นฐาน,สพป.เชียงใหม่ เขต 3,7,45.24,11.66,56.76,20.94,76.19,23.33,38.10,21.30,38.10,27.77
2566,52,เจ้าฟ้าอุบลรัตน์,เชียงดาว,เล็ก,นอกเมือง,สำนักงานคณะกรรมการส่งเสริมการศึกษาเอกชน,-,33,55.05,24.09,59.23,14.67,73.74,22.86,41.92,19.73,41.41,29.62
2566,53,ชุมชนบ้านเมืองงาย,เชียงดาว,กลาง,นอกเมือง,สำนักงานคณะกรรมการการศึกษาขั้นพื้นฐาน,สพป.เชียงใหม่ เขต 3,29,60.92,22.44,74.48,14.91,86.21,20.56,41.38,19.88,52.87,30.97
2566,54,ชุมชนบ้านวังจ๊อม,เชียงดาว,กลาง,นอกเมือง,สำนักงานคณะกรรมการการศึกษาขั้นพื้นฐาน,สพป.เชียงใหม่ เขต 3,11,71.21,20.21,68.59,11.32,84.85,21.85,36.36,28.26,60.61,23.86
2566,55,ดอยสามหมื่น,เชียงดาว,เล็ก,นอกเมือง,สำนักงานคณะกรรมการการศึกษาขั้นพื้นฐาน,สพป.เชียงใหม่ เขต 3,3,66.67,27.22,46.73,31.45,66.67,27.22,44.44,20.79,22.22,15.71
2566,56,ตชด.เฉลิมพระเกียรติฯ บ้านแกน้อย,เชียงดาว,เล็ก,นอกเมือง,กองบัญชาการตำรวจตระเวนชายแดน,-,22,35.61,19.65,41.34,22.56,51.52,24.05,20.45,15.02,13.64,19.23
2566,57,บ้านเชียงดาว,เชียงดาว,กลาง,นอกเมือง,สำนักงานคณะกรรมการการศึกษาขั้นพื้นฐาน,สพป.เชียงใหม่ เขต 3,94,67.20,20.41,77.49,12.03,82.62,19.89,52.66,22.58,49.29,33.59
2566,58,บ้านดอน,เชียงดาว,เล็ก,นอกเมือง,สำนักงานคณะกรรมการการศึกษาขั้นพื้นฐาน,สพป.เชียงใหม่ เขต 3,7,42.86,17.50,38.90,21.12,61.90,27.77,35.71,16.50,33.33,35.63
2566,59,บ้านถ้ำ,เชียงดาว,เล็ก,นอกเมือง,สำนักงานคณะกรรมการการศึกษาขั้นพื้นฐาน,สพป.เชียงใหม่ เขต 3,14,47.62,23.45,47.83,15.12,66.67,25.20,29.76,18.02,35.71,32.03
2566,60,บ้านทุ่งข้าวพวง,เชียงดาว,กลาง,นอกเมือง,สำนักงานคณะกรรมการการศึกษาขั้นพื้นฐาน,สพป.เชียงใหม่ เขต 3,17,52.94,16.41,58.46,13.80,70.59,25.26,44.12,22.82,35.29,26.74
2566,61,บ้านทุ่งละคร,เชียงดาว,เล็ก,นอกเมือง,สำนักงานคณะกรรมการการศึกษาขั้นพื้นฐาน,สพป.เชียงใหม่ เขต 3,3,55.56,28.33,69.35,10.82,88.89,15.71,55.56,20.79,44.44,15.71
2566,62,บ้านทุ่งหลุก,เชียงดาว,เล็ก,นอกเมือง,สำนักงานคณะกรรมการการศึกษาขั้นพื้นฐาน,สพป.เชียงใหม่ เขต 3,6,52.78,11.45,77.68,3.34,83.33,16.67,36.11,26.21,33.33,19.25
2566,63,บ้านนาหวาย,เชียงดาว,กลาง,นอกเมือง,สำนักงานคณะกรรมการการศึกษาขั้นพื้นฐาน,สพป.เชียงใหม่ เขต 3,30,65.56,26.50,72.26,11.55,80.00,23.73,50.56,19.95,57.78,30.95
2566,64,บ้านปางแดง,เชียงดาว,เล็ก,นอกเมือง,สำนักงานคณะกรรมการการศึกษาขั้นพื้นฐาน,สพป.เชียงใหม่ เขต 3,14,34.52,16.02,51.72,9.90,61.90,24.74,34.52,14.73,21.43,23.93
2566,65,บ้านปางเฟือง,เชียงดาว,เล็ก,นอกเมือง,สำนักงานคณะกรรมการการศึกษาขั้นพื้นฐาน,สพป.เชียงใหม่ เขต 3,10,61.67,25.87,68.84,11.96,70.00,10.00,50.00,19.72,43.33,36.67
2566,66,บ้านปางมะเยา,เชียงดาว,กลาง,นอกเมือง,สำนักงานคณะกรรมการการศึกษาขั้นพื้นฐาน,สพป.เชียงใหม่ เขต 3,16,45.83,19.98,51.00,15.15,60.42,21.14,35.42,18.52,20.83,26.02
2566,67,บ้านป่าบง,เชียงดาว,เล็ก,นอกเมือง,สำนักงานคณะกรรมการการศึกษาขั้นพื้นฐาน,สพป.เชียงใหม่ เขต 3,21,38.10,18.65,50.94,19.80,58.73,22.78,44.44,17.32,23.81,25.50
2566,68,บ้านเมืองคอง,เชียงดาว,เล็ก,นอกเมือง,สำนักงานคณะกรรมการการศึกษาขั้นพื้นฐาน,สพป.เชียงใหม่ เขต 3,9,53.70,23.28,59.42,19.67,70.37,29.16,35.19,16.56,40.74,37.77
2566,69,บ้านเมืองนะ,เชียงดาว,กลาง,นอกเมือง,สำนักงานคณะกรรมการการศึกษาขั้นพื้นฐาน,สพป.เชียงใหม่ เขต 3,29,58.62,22.15,67.18,17.92,74.71,22.58,42.53,17.83,33.33,29.03
2566,70,บ้านแม่กอนใน,เชียงดาว,เล็ก,นอกเมือง,สำนักงานคณะกรรมการการศึกษาขั้นพื้นฐาน,สพป.เชียงใหม่ เขต 3,14,42.86,17.50,54.34,13.08,71.43,17.17,39.29,18.48,33.33,28.17
2566,71,บ้านแม่นะ,เชียงดาว,กลาง,นอกเมือง,สำนักงานคณะกรรมการการศึกษาขั้นพื้นฐาน,สพป.เชียงใหม่ เขต 3,17,62.75,26.52,63.08,22.75,70.59,22.53,48.04,20.52,45.10,30.12
2566,72,บ้านแม่ป๋าม,เชียงดาว,เล็ก,นอกเมือง,สำนักงานคณะกรรมการการศึกษาขั้นพื้นฐาน,สพป.เชียงใหม่ เขต 3,14,41.67,19.67,56.57,18.15,64.29,23.45,38.10,23.93,38.10,24.74
2566,73,บ้านแม่แมะ,เชียงดาว,เล็ก,นอกเมือง,สำนักงานคณะกรรมการการศึกษาขั้นพื้นฐาน,สพป.เชียงใหม่ เขต 3,4,41.67,14.43,48.44,19.37,58.33,14.43,45.83,21.65,8.33,14.43
2566,74,บ้านแม่อ้อใน,เชียงดาว,เล็ก,นอกเมือง,สำนักงานคณะกรรมการการศึกษาขั้นพื้นฐาน,สพป.เชียงใหม่ เขต 3,21,54.76,20.67,60.46,15.73,68.25,16.19,49.21,20.23,41.27,30.70
2566,75,บ้านรินหลวง,เชียงดาว,เล็ก,นอกเมือง,สำนักงานคณะกรรมการการศึกษาขั้นพื้นฐาน,สพป.เชียงใหม่ เขต 3,24,58.33,23.07,55.25,22.18,63.89,25.31,37.50,21.65,45.83,30.14
2566,76,บ้านวังมะริว,เชียงดาว,เล็ก,นอกเมือง,สำนักงานคณะกรรมการการศึกษาขั้นพื้นฐาน,สพป.เชียงใหม่ เขต 3,10,58.33,25.00,48.75,19.52,63.33,23.33,45.00,27.94,26.67,24.94
2566,77,บ้านสบคาบ,เชียงดาว,เล็ก,นอกเมือง,สำนักงานคณะกรรมการการศึกษาขั้นพื้นฐาน,สพป.เชียงใหม่ เขต 3,8,47.92,13.01,57.81,12.78,66.67,23.57,54.17,21.65,41.67,27.64
2566,78,บ้านสันป่าเกี๊ยะ,เชียงดาว,เล็ก,นอกเมือง,สำนักงานคณะกรรมการการศึกษาขั้นพื้นฐาน,สพป.เชียงใหม่ เขต 3,5,63.33,26.67,64.82,11.66,66.67,29.81,56.67,13.33,33.33,29.81
2566,79,บ้านหนองเขียว,เชียงดาว,กลาง,นอกเมือง,สำนักงานคณะกรรมการการศึกษาขั้นพื้นฐาน,สพป.เชียงใหม่ เขต 3,24,45.83,17.51,44.55,18.00,62.50,22.18,40.97,19.83,34.72,28.02
2566,80,บ้านหนองแขม,เชียงดาว,เล็ก,นอกเมือง,กองบัญชาการตำรวจตระเวนชายแดน,-,10,60.00,18.56,63.21,15.12,50.00,16.67,53.33,20.82,33.33,25.82
2566,81,บ้านหนองบัว,เชียงดาว,เล็ก,นอกเมือง,สำนักงานคณะกรรมการการศึกษาขั้นพื้นฐาน,สพป.เชียงใหม่ เขต 3,13,50.00,19.61,40.45,14.66,76.92,27.38,47.44,26.02,20.51,20.83
2566,82,บ้านห้วยจะค่าน ตชด.อนุสรณ์,เชียงดาว,กลาง,นอกเมือง,สำนักงานคณะกรรมการการศึกษาขั้นพื้นฐาน,สพป.เชียงใหม่ เขต 3,20,30.83,17.70,18.84,20.40,43.33,15.28,27.50,10.90,18.33,22.30
2566,83,บ้านห้วยทรายขาว,เชียงดาว,เล็ก,นอกเมือง,สำนักงานคณะกรรมการการศึกษาขั้นพื้นฐาน,สพป.เชียงใหม่ เขต 3,6,55.56,24.85,65.03,18.19,88.89,15.71,44.44,22.91,50.00,37.27
2566,84,บ้านห้วยเป้า,เชียงดาว,เล็ก,นอกเมือง,กรมส่งเสริมการปกครองท้องถิ่น,ท้องถิ่นจังหวัดเชียงใหม่,19,60.53,21.77,68.52,14.02,84.21,19.85,53.51,21.34,40.35,29.77
2566,85,บ้านใหม่,เชียงดาว,เล็ก,นอกเมือง,สำนักงานคณะกรรมการการศึกษาขั้นพื้นฐาน,สพป.เชียงใหม่ เขต 3,6,63.89,11.45,68.45,13.32,83.33,16.67,55.56,18.43,50.00,16.67
2566,86,บ้านอรุโณทัย,เชียงดาว,ใหญ่พิเศษ,นอกเมือง,สำนักงานคณะกรรมการการศึกษาขั้นพื้นฐาน,สพป.เชียงใหม่ เขต 3,79,48.95,22.86,55.66,22.32,65.40,26.75,40.08,22.89,35.86,29.90
2566,87,บ้านออน,เชียงดาว,เล็ก,นอกเมือง,สำนักงานคณะกรรมการการศึกษาขั้นพื้นฐาน,สพป.เชียงใหม่ เขต 3,8,58.33,16.67,59.04,13.19,62.50,26.02,33.33,22.05,45.83,28.57
2566,88,เบญจม 2 บ้านน้ำรู,เชียงดาว,เล็ก,นอกเมือง,สำนักงานคณะกรรมการการศึกษาขั้นพื้นฐาน,สพป.เชียงใหม่ เขต 3,14,57.14,29.35,58.99,15.49,64.29,26.62,52.38,20.76,50.00,24.40
2566,89,พัฒนาต้นน้ำขุนคอง,เชียงดาว,เล็ก,นอกเมือง,สำนักงานคณะกรรมการการศึกษาขั้นพื้นฐาน,สพป.เชียงใหม่ เขต 3,26,62.82,20.83,65.42,15.39,64.10,22.50,41.67,19.75,28.21,25.64
2566,90,มิตรมวลชนเชียงใหม่,เชียงดาว,กลาง,นอกเมือง,สำนักงานคณะกรรมการการศึกษาขั้นพื้นฐาน,สพป.เชียงใหม่ เขต 3,9,62.96,25.79,72.22,16.18,85.19,16.56,51.85,21.44,37.04,33.13
2566,91,ราชประชานุเคราะห์ 61 จังหวัดเชียงใหม่,เชียงดาว,กลาง,นอกเมือง,สำนักบริหารงานการศึกษาพิเศษ,-,18,50.00,20.03,60.09,13.09,74.07,26.19,29.63,18.89,40.74,28.45
2566,92,วัดจอมคีรี,เชียงดาว,เล็ก,นอกเมือง,สำนักงานคณะกรรมการการศึกษาขั้นพื้นฐาน,สพป.เชียงใหม่ เขต 3,4,66.67,16.67,62.72,13.01,75.00,14.43,50.00,11.79,50.00,16.67
2566,93,วัดปางมะโอ,เชียงดาว,เล็ก,นอกเมือง,สำนักงานคณะกรรมการการศึกษาขั้นพื้นฐาน,สพป.เชียงใหม่ เขต 3,1,50.00,0.00,72.32,0.00,33.33,0.00,50.00,0.00,66.67,0.00
2566,94,ศีลรวี,เชียงดาว,กลาง,นอกเมือง,สำนักงานคณะกรรมการส่งเสริมการศึกษาเอกชน,-,54,49.69,21.87,58.43,22.75,75.93,23.50,48.46,23.63,41.36,30.72
2566,95,ฉัตรพฤกษ์วิทยา,ไชยปราการ,เล็ก,นอกเมือง,สำนักงานคณะกรรมการส่งเสริมการศึกษาเอกชน,-,17,59.80,23.61,55.57,25.78,74.51,26.88,52.94,18.29,41.18,31.37
2566,96,ชุมชนวัดศรีดงเย็น,ไชยปราการ,กลาง,นอกเมือง,สำนักงานคณะกรรมการการศึกษาขั้นพื้นฐาน,สพป.เชียงใหม่ เขต 3,36,63.43,25.71,62.15,18.89,75.00,22.74,49.07,24.83,45.37,22.43
2566,97,เทศบาล 1 ไชยปราการ,ไชยปราการ,กลาง,นอกเมือง,กรมส่งเสริมการปกครองท้องถิ่น,ท้องถิ่นจังหวัดเชียงใหม่,52,50.32,21.80,51.04,26.19,69.23,26.02,41.67,24.13,30.77,31.92
2566,98,บ้านต้นโชค,ไชยปราการ,เล็ก,นอกเมือง,สำนักงานคณะกรรมการการศึกษาขั้นพื้นฐาน,สพป.เชียงใหม่ เขต 3,25,50.00,18.86,43.46,19.70,70.67,25.51,32.67,23.32,25.33,25.44
2566,99,บ้านถ้ำตับเตา,ไชยปราการ,เล็ก,นอกเมือง,สำนักงานคณะกรรมการการศึกษาขั้นพื้นฐาน,สพป.เชียงใหม่ เขต 3,1,66.67,0.00,72.32,0.00,33.33,0.00,33.33,0.00,33.33,0.00
2566,100,บ้านปง,ไชยปราการ,เล็ก,นอกเมือง,สำนักงานคณะกรรมการการศึกษาขั้นพื้นฐาน,สพป.เชียงใหม่ เขต 3,15,54.44,20.61,72.14,13.76,68.89,22.66,51.11,16.63,53.33,26.67
2566,101,บ้านปงตำ,ไชยปราการ,เล็ก,นอกเมือง,สำนักงานคณะกรรมการการศึกษาขั้นพื้นฐาน,สพป.เชียงใหม่ เขต 3,4,70.83,7.22,75.45,1.84,83.33,16.67,25.00,18.63,33.33,33.33
2566,102,บ้านป่างิ้ว,ไชยปราการ,เล็ก,นอกเมือง,สำนักงานคณะกรรมการการศึกษาขั้นพื้นฐาน,สพป.เชียงใหม่ เขต 3,19,57.02,28.26,69.41,11.20,78.95,22.19,49.12,21.95,42.11,32.16
2566,103,บ้านผาแดง,ไชยปราการ,เล็ก,นอกเมือง,สำนักงานคณะกรรมการการศึกษาขั้นพื้นฐาน,สพป.เชียงใหม่ เขต 3,5,43.33,8.16,75.89,5.84,86.67,16.33,43.33,29.06,40.00,24.94
2566,104,บ้านแม่ขิ,ไชยปราการ,เล็ก,นอกเมือง,สำนักงานคณะกรรมการการศึกษาขั้นพื้นฐาน,สพป.เชียงใหม่ เขต 3,11,75.76,29.61,63.15,8.12,72.73,27.77,48.48,19.40,18.18,26.07
2566,105,บ้านแม่ทะลบ,ไชยปราการ,เล็ก,นอกเมือง,สำนักงานคณะกรรมการการศึกษาขั้นพื้นฐาน,สพป.เชียงใหม่ เขต 3,12,58.33,15.96,61.90,18.93,77.78,24.85,51.39,25.87,50.00,25.46
2566,106,บ้านเวียงผาพัฒนา,ไชยปราการ,เล็ก,นอกเมือง,สำนักงานคณะกรรมการการศึกษาขั้นพื้นฐาน,สพป.เชียงใหม่ เขต 3,8,47.92,15.45,45.87,18.67,79.17,23.20,33.33,11.79,50.00,28.87
2566,107,บ้านสินชัย,ไชยปราการ,กลาง,นอกเมือง,สำนักงานคณะกรรมการการศึกษาขั้นพื้นฐาน,สพป.เชียงใหม่ เขต 3,10,63.33,22.11,68.30,7.88,73.33,20.00,45.00,27.94,26.67,24.94
2566,108,บ้านห้วยต้นตอง,ไชยปราการ,เล็ก,นอกเมือง,สำนักงานคณะกรรมการการศึกษาขั้นพื้นฐาน,สพป.เชียงใหม่ เขต 3,4,66.67,31.18,67.63,12.73,50.00,28.87,20.83,13.82,25.00,14.43
2566,109,บ้านห้วยบง,ไชยปราการ,เล็ก,นอกเมือง,สำนักงานคณะกรรมการการศึกษาขั้นพื้นฐาน,สพป.เชียงใหม่ เขต 3,10,60.00,13.33,63.93,13.89,80.00,16.33,45.00,23.63,30.00,31.45
2566,110,บ้านห้วยไผ่,ไชยปราการ,เล็ก,นอกเมือง,สำนักงานคณะกรรมการการศึกษาขั้นพื้นฐาน,สพป.เชียงใหม่ เขต 3,21,49.21,18.88,53.55,15.01,71.43,27.77,36.51,21.59,41.27,27.03
2566,111,บ้านหัวฝาย,ไชยปราการ,เล็ก,นอกเมือง,สำนักงานคณะกรรมการการศึกษาขั้นพื้นฐาน,สพป.เชียงใหม่ เขต 3,10,60.00,20.00,52.32,14.75,50.00,16.67,48.33,15.72,13.33,30.55
2566,112,บ้านใหม่หนองบัว,ไชยปราการ,กลาง,นอกเมือง,สำนักงานคณะกรรมการการศึกษาขั้นพื้นฐาน,สพป.เชียงใหม่ เขต 3,92,42.39,21.48,45.44,21.24,60.14,24.20,31.34,19.17,31.16,31.39
2566,113,บ้านอ่าย,ไชยปราการ,เล็ก,นอกเมือง,สำนักงานคณะกรรมการการศึกษาขั้นพื้นฐาน,สพป.เชียงใหม่ เขต 3,22,50.76,27.74,54.38,22.37,71.21,27.15,41.67,21.76,36.36,30.00
2566,114,วัดบ้านท่า,ไชยปราการ,เล็ก,นอกเมือง,สำนักงานคณะกรรมการการศึกษาขั้นพื้นฐาน,สพป.เชียงใหม่ เขต 3,19,64.04,18.15,73.78,12.36,85.96,19.69,54.39,18.61,43.86,26.61
2566,115,วัดป่าแดง,ไชยปราการ,เล็ก,นอกเมือง,สำนักงานคณะกรรมการการศึกษาขั้นพื้นฐาน,สพป.เชียงใหม่ เขต 3,11,50.00,24.62,51.06,14.53,63.64,22.27,42.42,17.93,39.39,12.86
2566,116,วัดอรัญญวาสี,ไชยปราการ,เล็ก,นอกเมือง,สำนักงานคณะกรรมการการศึกษาขั้นพื้นฐาน,สพป.เชียงใหม่ เขต 3,8,62.50,13.82,70.76,13.33,79.17,23.20,54.17,36.08,41.67,22.05
2566,117,สันติวนา,ไชยปราการ,เล็ก,นอกเมือง,สำนักงานคณะกรรมการการศึกษาขั้นพื้นฐาน,สพป.เชียงใหม่ เขต 3,7,23.81,19.63,34.76,21.11,57.14,15.06,30.95,20.76,14.29,16.50
2566,118,เอื้อวิทยา,ไชยปราการ,กลาง,นอกเมือง,สำนักงานคณะกรรมการส่งเสริมการศึกษาเอกชน,-,27,60.49,20.36,76.69,12.10,81.48,18.89,44.44,22.22,43.21,28.42
2566,119,ชุมชนบ้านดอยเต่า,ดอยเต่า,เล็ก,นอกเมือง,สำนักงานคณะกรรมการการศึกษาขั้นพื้นฐาน,สพป.เชียงใหม่ เขต 5,7,59.52,21.56,47.19,16.96,76.19,23.33,30.95,13.88,19.05,24.28
2566,120,ชุมชนศูนย์อพยพแปลง 4,ดอยเต่า,เล็ก,นอกเมือง,สำนักงานคณะกรรมการการศึกษาขั้นพื้นฐาน,สพป.เชียงใหม่ เขต 5,22,66.67,21.32,76.01,11.11,87.88,18.92,53.79,24.58,46.97,31.24
2566,121,บ้านเกาะหลวง,ดอยเต่า,เล็ก,นอกเมือง,สำนักงานคณะกรรมการการศึกษาขั้นพื้นฐาน,สพป.เชียงใหม่ เขต 5,17,70.59,17.65,69.38,18.03,90.20,19.01,59.80,22.18,50.98,30.50
2566,122,บ้านงิ้วสูง,ดอยเต่า,เล็ก,นอกเมือง,สำนักงานคณะกรรมการการศึกษาขั้นพื้นฐาน,สพป.เชียงใหม่ เขต 5,4,45.83,24.65,59.60,14.74,66.67,23.57,45.83,18.16,66.67,23.57
2566,123,บ้านฉิมพลี,ดอยเต่า,เล็ก,นอกเมือง,สำนักงานคณะกรรมการการศึกษาขั้นพื้นฐาน,สพป.เชียงใหม่ เขต 5,8,75.00,16.67,81.14,3.88,87.50,16.14,58.33,11.79,66.67,23.57
2566,124,บ้านถิ่นสำราญ,ดอยเต่า,เล็ก,นอกเมือง,สำนักงานคณะกรรมการการศึกษาขั้นพื้นฐาน,สพป.เชียงใหม่ เขต 5,3,66.67,13.61,62.50,15.79,77.78,15.71,50.00,23.57,44.44,15.71
2566,125,บ้านโท้งวิทยา,ดอยเต่า,เล็ก,นอกเมือง,สำนักงานคณะกรรมการการศึกษาขั้นพื้นฐาน,สพป.เชียงใหม่ เขต 5,12,45.83,18.16,56.77,9.74,80.56,25.31,47.22,28.73,41.67,33.68
2566,126,บ้านน้อยห้วยรินวิทยา,ดอยเต่า,เล็ก,นอกเมือง,สำนักงานคณะกรรมการการศึกษาขั้นพื้นฐาน,สพป.เชียงใหม่ เขต 5,11,36.36,21.10,58.08,8.62,72.73,19.17,42.42,20.55,24.24,24.99
2566,127,บ้านบงตัน,ดอยเต่า,เล็ก,นอกเมือง,สำนักงานคณะกรรมการการศึกษาขั้นพื้นฐาน,สพป.เชียงใหม่ เขต 5,15,47.78,24.99,47.56,13.14,60.00,24.94,32.22,21.49,28.89,23.93
2566,128,บ้านโปง,ดอยเต่า,เล็ก,นอกเมือง,สำนักงานคณะกรรมการการศึกษาขั้นพื้นฐาน,สพป.เชียงใหม่ เขต 5,9,53.70,28.08,59.33,15.55,66.67,22.22,42.59,20.95,33.33,31.43
2566,129,บ้านโปงทุ่ง,ดอยเต่า,เล็ก,นอกเมือง,สำนักงานคณะกรรมการการศึกษาขั้นพื้นฐาน,สพป.เชียงใหม่ เขต 5,9,62.96,26.96,53.77,19.07,70.37,29.16,37.04,17.17,33.33,27.22
2566,130,บ้านผาจุก,ดอยเต่า,เล็ก,นอกเมือง,สำนักงานคณะกรรมการการศึกษาขั้นพื้นฐาน,สพป.เชียงใหม่ เขต 5,2,75.00,8.33,75.00,1.79,83.33,16.67,41.67,8.33,50.00,50.00
2566,131,บ้านแม่ตูบ,ดอยเต่า,เล็ก,นอกเมือง,สำนักงานคณะกรรมการการศึกษาขั้นพื้นฐาน,สพป.เชียงใหม่ เขต 5,11,54.55,24.71,56.49,17.02,72.73,23.86,43.94,26.85,30.30,26.42
2566,132,บ้านแม่บวน,ดอยเต่า,เล็ก,นอกเมือง,สำนักงานคณะกรรมการการศึกษาขั้นพื้นฐาน,สพป.เชียงใหม่ เขต 5,11,60.61,24.90,68.34,12.20,75.76,24.99,46.97,29.14,33.33,31.78
2566,133,บ้านไร่,ดอยเต่า,เล็ก,นอกเมือง,สำนักงานคณะกรรมการการศึกษาขั้นพื้นฐาน,สพป.เชียงใหม่ เขต 5,10,68.33,20.34,73.66,9.31,90.00,15.28,66.67,12.91,53.33,22.11
2566,134,บ้านวังหม้อ,ดอยเต่า,เล็ก,นอกเมือง,สำนักงานคณะกรรมการการศึกษาขั้นพื้นฐาน,สพป.เชียงใหม่ เขต 5,5,40.00,8.16,57.68,21.40,80.00,16.33,46.67,12.47,26.67,24.94
2566,135,บ้านวังหลวง,ดอยเต่า,เล็ก,นอกเมือง,สำนักงานคณะกรรมการการศึกษาขั้นพื้นฐาน,สพป.เชียงใหม่ เขต 5,4,58.33,27.64,68.08,14.77,75.00,14.43,45.83,13.82,50.00,16.67
2566,136,บ้านสันติสุข,ดอยเต่า,เล็ก,นอกเมือง,สำนักงานคณะกรรมการการศึกษาขั้นพื้นฐาน,สพป.เชียงใหม่ เขต 5,3,44.44,15.71,60.71,11.22,55.56,31.43,38.89,20.79,11.11,15.71
2566,137,บ้านหนองผักบุ้ง,ดอยเต่า,เล็ก,นอกเมือง,สำนักงานคณะกรรมการการศึกษาขั้นพื้นฐาน,สพป.เชียงใหม่ เขต 5,6,63.89,17.79,67.41,13.32,83.33,25.46,47.22,17.79,44.44,24.85
2566,138,บ้านแอ่นจัดสรร,ดอยเต่า,เล็ก,นอกเมือง,สำนักงานคณะกรรมการการศึกษาขั้นพื้นฐาน,สพป.เชียงใหม่ เขต 5,9,59.26,19.42,70.73,7.88,74.07,20.95,37.04,17.17,29.63,18.89
2566,139,บ้านแอ่นใหม่,ดอยเต่า,เล็ก,นอกเมือง,สำนักงานคณะกรรมการการศึกษาขั้นพื้นฐาน,สพป.เชียงใหม่ เขต 5,3,33.33,13.61,49.40,7.80,66.67,0.00,50.00,0.00,11.11,15.71
2566,140,ศูนย์อพยพแปลง 2,ดอยเต่า,เล็ก,นอกเมือง,สำนักงานคณะกรรมการการศึกษาขั้นพื้นฐาน,สพป.เชียงใหม่ เขต 5,10,51.67,24.09,66.88,12.89,76.67,26.03,41.67,21.41,43.33,26.03
2566,141,ศูนย์อพยพแปลง 5,ดอยเต่า,เล็ก,นอกเมือง,สำนักงานคณะกรรมการการศึกษาขั้นพื้นฐาน,สพป.เชียงใหม่ เขต 5,12,52.78,16.43,79.32,10.95,80.56,21.34,54.17,20.55,36.11,28.73
2566,142,ศูนย์อพยพแปลง 8,ดอยเต่า,เล็ก,นอกเมือง,สำนักงานคณะกรรมการการศึกษาขั้นพื้นฐาน,สพป.เชียงใหม่ เขต 5,7,73.81,21.56,69.26,13.46,90.48,15.06,64.29,20.76,85.71,24.28
2566,143,ชลประทานผาแตก,ดอยสะเก็ด,กลาง,นอกเมือง,สำนักงานคณะกรรมการการศึกษาขั้นพื้นฐาน,สพป.เชียงใหม่ เขต 1,46,55.07,21.10,63.37,19.81,78.26,25.27,40.22,23.72,45.65,29.78
2566,144,เทพเสด็จวิทยา,ดอยสะเก็ด,เล็ก,นอกเมือง,สำนักงานคณะกรรมการการศึกษาขั้นพื้นฐาน,สพป.เชียงใหม่ เขต 1,5,60.00,20.00,50.45,14.37,86.67,16.33,43.33,29.06,66.67,29.81
2566,145,เทศบาลตลาดใหญ่,ดอยสะเก็ด,เล็ก,นอกเมือง,กรมส่งเสริมการปกครองท้องถิ่น,ท้องถิ่นจังหวัดเชียงใหม่,5,56.67,22.61,70.89,12.53,86.67,16.33,46.67,19.44,53.33,26.67
2566,146,บริรักศึกษาเชียงใหม่,ดอยสะเก็ด,เล็ก,นอกเมือง,สำนักงานคณะกรรมการส่งเสริมการศึกษาเอกชน,-,26,48.08,23.26,49.98,21.35,71.79,20.03,39.10,19.03,42.31,31.43
2566,147,บ้านเชิงดอย(ดอยสะเก็ดศึกษา),ดอยสะเก็ด,ใหญ่,นอกเมือง,สำนักงานคณะกรรมการการศึกษาขั้นพื้นฐาน,สพป.เชียงใหม่ เขต 1,112,62.05,24.42,68.11,16.53,80.36,23.38,47.77,21.65,50.00,33.63
2566,148,บ้านตลาดขี้เหล็ก,ดอยสะเก็ด,เล็ก,นอกเมือง,สำนักงานคณะกรรมการการศึกษาขั้นพื้นฐาน,สพป.เชียงใหม่ เขต 1,5,36.67,12.47,72.50,7.93,73.33,24.94,50.00,21.08,53.33,26.67
2566,149,บ้านบ่อหิน,ดอยสะเก็ด,เล็ก,นอกเมือง,สำนักงานคณะกรรมการการศึกษาขั้นพื้นฐาน,สพป.เชียงใหม่ เขต 1,26,76.28,18.59,66.83,13.37,78.21,24.36,51.92,18.68,62.82,25.02
2566,150,บ้านป่าขุย,ดอยสะเก็ด,เล็ก,นอกเมือง,สำนักงานคณะกรรมการการศึกษาขั้นพื้นฐาน,สพป.เชียงใหม่ เขต 1,7,64.29,20.76,77.68,11.26,80.95,16.50,59.52,8.25,42.86,23.33
2566,151,บ้านปางแดง,ดอยสะเก็ด,เล็ก,นอกเมือง,สำนักงานคณะกรรมการการศึกษาขั้นพื้นฐาน,สพป.เชียงใหม่ เขต 1,13,55.13,17.76,50.82,16.80,74.36,23.22,32.05,27.32,33.33,29.24
2566,152,บ้านปางน้ำถุ,ดอยสะเก็ด,เล็ก,นอกเมือง,สำนักงานคณะกรรมการการศึกษาขั้นพื้นฐาน,สพป.เชียงใหม่ เขต 1,2,75.00,8.33,51.34,1.34,83.33,16.67,66.67,16.67,83.33,16.67
2566,153,บ้านป่างิ้ว,ดอยสะเก็ด,เล็ก,นอกเมือง,สำนักงานคณะกรรมการการศึกษาขั้นพื้นฐาน,สพป.เชียงใหม่ เขต 1,9,66.67,13.61,63.79,15.16,85.19,16.56,46.30,17.17,55.56,27.22
2566,154,บ้านป่าป้อง,ดอยสะเก็ด,เล็ก,นอกเมือง,สำนักงานคณะกรรมการการศึกษาขั้นพื้นฐาน,สพป.เชียงใหม่ เขต 1,3,38.89,7.86,74.11,12.65,66.67,27.22,50.00,36.00,33.33,47.14
2566,155,บ้านป่าไม้แดง,ดอยสะเก็ด,กลาง,นอกเมือง,สำนักงานคณะกรรมการการศึกษาขั้นพื้นฐาน,สพป.เชียงใหม่ เขต 1,9,51.85,21.44,61.41,19.81,74.07,20.95,38.89,15.71,18.52,16.56
2566,156,บ้านป่าเสร้า,ดอยสะเก็ด,กลาง,นอกเมือง,สำนักงานคณะกรรมการการศึกษาขั้นพื้นฐาน,สพป.เชียงใหม่ เขต 1,30,67.78,17.71,74.32,9.38,82.22,23.93,51.67,19.88,46.67,30.55
2566,157,บ้านป่าเหมือด,ดอยสะเก็ด,เล็ก,นอกเมือง,สำนักงานคณะกรรมการการศึกษาขั้นพื้นฐาน,สพป.เชียงใหม่ เขต 1,16,73.96,20.39,74.27,11.77,79.17,19.98,35.42,16.54,43.75,25.60
2566,158,บ้านโป่งกุ่ม,ดอยสะเก็ด,เล็ก,นอกเมือง,สำนักงานคณะกรรมการการศึกษาขั้นพื้นฐาน,สพป.เชียงใหม่ เขต 1,4,54.17,21.65,58.04,7.73,83.33,16.67,37.50,32.00,25.00,14.43
2566,159,บ้านแม่ดอกแดง,ดอยสะเก็ด,เล็ก,นอกเมือง,สำนักงานคณะกรรมการการศึกษาขั้นพื้นฐาน,สพป.เชียงใหม่ เขต 1,17,60.78,21.34,61.66,13.04,78.43,22.70,38.24,24.76,43.14,31.86
2566,160,บ้านแม่หวาน,ดอยสะเก็ด,เล็ก,นอกเมือง,สำนักงานคณะกรรมการการศึกษาขั้นพื้นฐาน,สพป.เชียงใหม่ เขต 1,5,53.33,12.47,66.61,16.30,53.33,16.33,40.00,17.00,40.00,38.87
2566,161,บ้านแม่ฮ้อยเงิน,ดอยสะเก็ด,เล็ก,นอกเมือง,สำนักงานคณะกรรมการการศึกษาขั้นพื้นฐาน,สพป.เชียงใหม่ เขต 1,4,50.00,20.41,60.04,10.03,75.00,14.43,33.33,11.79,8.33,14.43
2566,162,บ้านร้องขี้เหล็ก,ดอยสะเก็ด,เล็ก,นอกเมือง,สำนักงานคณะกรรมการการศึกษาขั้นพื้นฐาน,สพป.เชียงใหม่ เขต 1,12,58.33,25.00,61.61,16.21,75.00,27.64,47.22,20.22,38.89,26.64
2566,163,บ้านลวงเหนือ,ดอยสะเก็ด,เล็ก,นอกเมือง,สำนักงานคณะกรรมการการศึกษาขั้นพื้นฐาน,สพป.เชียงใหม่ เขต 1,14,55.95,27.89,76.79,9.17,73.81,28.67,55.95,23.24,23.81,26.51
2566,164,บ้านสันทราย,ดอยสะเก็ด,เล็ก,นอกเมือง,สำนักงานคณะกรรมการการศึกษาขั้นพื้นฐาน,สพป.เชียงใหม่ เขต 1,3,38.89,15.71,75.00,6.31,88.89,15.71,50.00,13.61,44.44,15.71
2566,165,เพื่อชีวิตเชียงใหม่,ดอยสะเก็ด,เล็ก,นอกเมือง,สำนักงานคณะกรรมการส่งเสริมการศึกษาเอกชน,-,17,43.14,21.43,45.27,24.99,62.75,22.53,34.31,21.75,45.10,30.12
2566,166,แม่โป่งประชาสามัคคี,ดอยสะเก็ด,เล็ก,นอกเมือง,สำนักงานคณะกรรมการการศึกษาขั้นพื้นฐาน,สพป.เชียงใหม่ เขต 1,14,55.95,23.24,64.19,13.63,88.10,23.93,54.76,15.97,52.38,34.99
2566,167,ไมตรีจิตคริสเตียนเชียงใหม่,ดอยสะเก็ด,กลาง,นอกเมือง,สำนักงานคณะกรรมการส่งเสริมการศึกษาเอกชน,-,20,55.00,21.79,46.18,21.03,70.00,20.82,42.50,22.65,33.33,27.89
2566,168,กรป.กลางอุปถัมภ์,ดอยหล่อ,เล็ก,นอกเมือง,สำนักงานคณะกรรมการการศึกษาขั้นพื้นฐาน,สพป.เชียงใหม่ เขต 4,13,62.82,18.67,65.25,17.19,84.62,16.62,53.85,24.59,48.72,30.98
2566,169,ดอยหล่อวิทยา,ดอยหล่อ,เล็ก,นอกเมือง,กรมส่งเสริมการปกครองท้องถิ่น,ท้องถิ่นจังหวัดเชียงใหม่,6,50.00,9.62,55.06,17.20,83.33,16.67,41.67,12.73,44.44,31.43
2566,170,เทศบาลตำบลวัดสองแคว,ดอยหล่อ,เล็ก,นอกเมือง,กรมส่งเสริมการปกครองท้องถิ่น,ท้องถิ่นจังหวัดเชียงใหม่,5,56.67,24.94,52.50,20.24,60.00,13.33,36.67,24.49,40.00,13.33
2566,171,บ้านดงป่าหวาย,ดอยหล่อ,เล็ก,นอกเมือง,สำนักงานคณะกรรมการการศึกษาขั้นพื้นฐาน,สพป.เชียงใหม่ เขต 4,12,83.33,13.61,66.67,11.27,83.33,25.46,52.78,21.34,52.78,16.43
2566,172,บ้านสามหลัง,ดอยหล่อ,เล็ก,นอกเมือง,สำนักงานคณะกรรมการการศึกษาขั้นพื้นฐาน,สพป.เชียงใหม่ เขต 4,16,42.71,18.60,59.77,14.03,58.33,22.05,27.08,23.48,43.75,22.73
2566,173,บ้านห้วยน้ำขาว,ดอยหล่อ,เล็ก,นอกเมือง,สำนักงานคณะกรรมการการศึกษาขั้นพื้นฐาน,สพป.เชียงใหม่ เขต 4,8,66.67,16.67,73.44,9.75,62.50,11.02,52.08,17.55,50.00,23.57
2566,174,บ้านหัวข่วง,ดอยหล่อ,เล็ก,นอกเมือง,สำนักงานคณะกรรมการการศึกษาขั้นพื้นฐาน,สพป.เชียงใหม่ เขต 4,3,72.22,15.71,56.85,8.06,77.78,15.71,50.00,0.00,33.33,27.22
2566,175,บ้านเหล่าเป้า,ดอยหล่อ,เล็ก,นอกเมือง,สำนักงานคณะกรรมการการศึกษาขั้นพื้นฐาน,สพป.เชียงใหม่ เขต 4,9,64.81,19.95,65.97,13.63,81.48,16.56,48.15,18.33,48.15,35.52
2566,176,บ้านใหม่หนองหอย,ดอยหล่อ,เล็ก,นอกเมือง,สำนักงานคณะกรรมการการศึกษาขั้นพื้นฐาน,สพป.เชียงใหม่ เขต 4,19,69.30,23.11,66.40,13.15,68.42,20.16,54.39,16.08,38.60,27.07
2566,177,วัดดอนชื่น,ดอยหล่อ,เล็ก,นอกเมือง,สำนักงานคณะกรรมการการศึกษาขั้นพื้นฐาน,สพป.เชียงใหม่ เขต 4,7,73.81,19.63,76.66,12.11,90.48,15.06,61.90,11.66,61.90,21.30
2566,178,วัดวังขามป้อม,ดอยหล่อ,เล็ก,นอกเมือง,สำนักงานคณะกรรมการการศึกษาขั้นพื้นฐาน,สพป.เชียงใหม่ เขต 4,6,77.78,15.71,70.09,17.04,83.33,16.67,63.89,6.21,72.22,22.91
2566,179,วัดศรีดอนชัย,ดอยหล่อ,เล็ก,นอกเมือง,สำนักงานคณะกรรมการการศึกษาขั้นพื้นฐาน,สพป.เชียงใหม่ เขต 4,8,62.50,23.20,74.55,8.22,83.33,16.67,50.00,23.57,58.33,14.43
2566,180,วัดหนองหลั้ว,ดอยหล่อ,เล็ก,นอกเมือง,สำนักงานคณะกรรมการการศึกษาขั้นพื้นฐาน,สพป.เชียงใหม่ เขต 4,6,58.33,20.97,62.20,17.06,66.67,27.22,47.22,20.22,22.22,36.85
2566,181,เจ้าแม่หลวงอุปถัมภ์ 1,ฝาง,กลาง,นอกเมือง,สำนักงานคณะกรรมการการศึกษาขั้นพื้นฐาน,สพป.เชียงใหม่ เขต 3,29,54.60,21.40,56.19,17.29,68.97,23.05,39.66,22.06,37.93,31.23
2566,182,ฉือจี้เชียงใหม่,ฝาง,กลาง,นอกเมือง,สำนักงานคณะกรรมการส่งเสริมการศึกษาเอกชน,-,103,66.02,23.68,74.80,15.47,80.26,23.43,48.38,21.22,54.69,31.11
2566,183,ชุมชนบ้านแม่สูนหลวง,ฝาง,เล็ก,นอกเมือง,สำนักงานคณะกรรมการการศึกษาขั้นพื้นฐาน,สพป.เชียงใหม่ เขต 3,2,83.33,0.00,75.45,2.23,83.33,16.67,50.00,0.00,16.67,16.67
2566,184,เทพศิรินทร์๙โครงการหลวงในพระบรมราชูปถัมภ์,ฝาง,เล็ก,นอกเมือง,สำนักงานคณะกรรมการการศึกษาขั้นพื้นฐาน,สพป.เชียงใหม่ เขต 3,17,56.86,20.66,54.25,14.12,68.63,24.17,40.20,19.85,41.18,26.88
2566,185,เทศบาลเวียงฝาง,ฝาง,กลาง,นอกเมือง,กรมส่งเสริมการปกครองท้องถิ่น,ท้องถิ่นจังหวัดเชียงใหม่,26,41.03,20.27,45.54,26.97,62.82,23.25,35.90,22.02,26.92,27.76
2566,186,บ้านขอบด้ง,ฝาง,กลาง,นอกเมือง,สำนักงานคณะกรรมการการศึกษาขั้นพื้นฐาน,สพป.เชียงใหม่ เขต 3,27,50.62,18.97,53.90,14.64,61.73,26.76,41.36,15.95,34.57,23.10
2566,187,บ้านดงป่าลัน,ฝาง,เล็ก,นอกเมือง,สำนักงานคณะกรรมการการศึกษาขั้นพื้นฐาน,สพป.เชียงใหม่ เขต 3,7,47.62,22.59,43.24,10.73,57.14,15.06,42.86,23.33,28.57,27.77
2566,188,บ้านเด่นใหม่,ฝาง,เล็ก,นอกเมือง,สำนักงานคณะกรรมการการศึกษาขั้นพื้นฐาน,สพป.เชียงใหม่ เขต 3,10,68.33,20.34,60.18,14.10,80.00,22.11,46.67,17.95,36.67,27.69
2566,189,บ้านต้นผึ้ง,ฝาง,เล็ก,นอกเมือง,สำนักงานคณะกรรมการการศึกษาขั้นพื้นฐาน,สพป.เชียงใหม่ เขต 3,8,62.50,18.16,74.55,13.49,66.67,16.67,62.50,13.82,50.00,28.87
2566,190,บ้านต้นส้าน,ฝาง,เล็ก,นอกเมือง,สำนักงานคณะกรรมการการศึกษาขั้นพื้นฐาน,สพป.เชียงใหม่ เขต 3,12,59.72,29.23,63.62,18.46,61.11,22.91,34.72,20.93,50.00,31.91
2566,191,บ้านทุ่งหลุก,ฝาง,เล็ก,นอกเมือง,สำนักงานคณะกรรมการการศึกษาขั้นพื้นฐาน,สพป.เชียงใหม่ เขต 3,6,72.22,18.43,78.72,8.01,77.78,15.71,47.22,20.22,61.11,35.57
2566,192,บ้านปางปอย,ฝาง,กลาง,นอกเมือง,สำนักงานคณะกรรมการการศึกษาขั้นพื้นฐาน,สพป.เชียงใหม่ เขต 3,26,46.15,23.71,51.58,15.63,64.10,20.51,45.51,19.37,28.21,25.64
2566,193,บ้านปางสัก,ฝาง,เล็ก,นอกเมือง,สำนักงานคณะกรรมการการศึกษาขั้นพื้นฐาน,สพป.เชียงใหม่ เขต 3,20,49.17,23.26,60.54,17.54,76.67,21.34,42.50,16.22,31.67,26.82
2566,194,บ้านป่าบง,ฝาง,เล็ก,นอกเมือง,สำนักงานคณะกรรมการการศึกษาขั้นพื้นฐาน,สพป.เชียงใหม่ เขต 3,12,68.06,23.03,53.65,17.75,72.22,22.91,38.89,18.43,25.00,24.06
2566,195,บ้านโป่งถืบ,ฝาง,กลาง,นอกเมือง,สำนักงานคณะกรรมการการศึกษาขั้นพื้นฐาน,สพป.เชียงใหม่ เขต 3,17,59.80,16.23,52.99,18.05,72.55,23.53,44.12,24.88,33.33,25.57
2566,196,บ้านโป่งนก,ฝาง,กลาง,นอกเมือง,สำนักงานคณะกรรมการการศึกษาขั้นพื้นฐาน,สพป.เชียงใหม่ เขต 3,25,58.00,18.93,61.75,18.96,72.00,26.13,42.00,20.07,28.00,24.37
2566,197,บ้านโป่งน้ำร้อน,ฝาง,เล็ก,นอกเมือง,สำนักงานคณะกรรมการการศึกษาขั้นพื้นฐาน,สพป.เชียงใหม่ เขต 3,5,43.33,29.06,53.04,9.61,60.00,24.94,33.33,18.26,26.67,24.94
2566,198,บ้านม่วงชุม,ฝาง,กลาง,นอกเมือง,สำนักงานคณะกรรมการการศึกษาขั้นพื้นฐาน,สพป.เชียงใหม่ เขต 3,40,43.75,21.31,49.96,23.38,65.00,27.84,37.92,18.25,30.00,29.63
2566,199,บ้านม่อนปิ่น,ฝาง,กลาง,นอกเมือง,สำนักงานคณะกรรมการการศึกษาขั้นพื้นฐาน,สพป.เชียงใหม่ เขต 3,23,74.64,21.91,74.57,10.01,79.71,19.01,53.62,19.01,59.42,31.02
2566,200,บ้านแม่ข่า,ฝาง,กลาง,นอกเมือง,สำนักงานคณะกรรมการการศึกษาขั้นพื้นฐาน,สพป.เชียงใหม่ เขต 3,28,58.93,21.12,66.77,15.07,84.52,18.86,45.83,20.23,45.24,32.38
2566,201,บ้านแม่คะ,ฝาง,กลาง,นอกเมือง,สำนักงานคณะกรรมการการศึกษาขั้นพื้นฐาน,สพป.เชียงใหม่ เขต 3,15,52.22,10.30,63.51,11.88,80.00,20.37,42.22,20.96,42.22,25.72
2566,202,บ้านแม่งอนกลาง,ฝาง,เล็ก,นอกเมือง,สำนักงานคณะกรรมการการศึกษาขั้นพื้นฐาน,สพป.เชียงใหม่ เขต 3,4,66.67,16.67,53.79,15.74,58.33,27.64,45.83,13.82,41.67,27.64
2566,203,บ้านแม่งอนขี้เหล็ก,ฝาง,กลาง,นอกเมือง,กรมส่งเสริมการปกครองท้องถิ่น,ท้องถิ่นจังหวัดเชียงใหม่,36,44.44,21.15,45.78,25.38,74.07,22.38,36.11,19.04,26.85,27.01
2566,204,บ้านแม่ใจ,ฝาง,เล็ก,นอกเมือง,สำนักงานคณะกรรมการการศึกษาขั้นพื้นฐาน,สพป.เชียงใหม่ เขต 3,5,73.33,22.61,71.61,10.79,73.33,13.33,46.67,12.47,53.33,26.67
2566,205,บ้านแม่สูนน้อย,ฝาง,เล็ก,นอกเมือง,สำนักงานคณะกรรมการการศึกษาขั้นพื้นฐาน,สพป.เชียงใหม่ เขต 3,14,61.90,11.66,67.09,12.04,73.81,25.75,41.67,17.54,50.00,35.07
2566,206,บ้านยาง,ฝาง,เล็ก,นอกเมือง,สำนักงานคณะกรรมการการศึกษาขั้นพื้นฐาน,สพป.เชียงใหม่ เขต 3,10,61.67,15.00,55.54,15.59,73.33,20.00,41.67,20.07,36.67,31.45
2566,207,บ้านล้องอ้อ,ฝาง,เล็ก,นอกเมือง,กรมส่งเสริมการปกครองท้องถิ่น,ท้องถิ่นจังหวัดเชียงใหม่,25,42.67,17.69,51.18,21.36,61.33,24.37,33.33,20.00,22.67,27.84
2566,208,บ้านลาน,ฝาง,กลาง,นอกเมือง,สำนักงานคณะกรรมการการศึกษาขั้นพื้นฐาน,สพป.เชียงใหม่ เขต 3,12,59.72,24.02,64.66,12.75,63.89,21.34,38.89,18.43,36.11,28.73
2566,209,บ้านเวียงฝาง,ฝาง,ใหญ่,นอกเมือง,สำนักงานคณะกรรมการการศึกษาขั้นพื้นฐาน,สพป.เชียงใหม่ เขต 3,29,71.26,25.86,68.17,15.24,88.51,20.11,55.75,17.11,39.08,24.87
2566,210,บ้านเวียงหวาย,ฝาง,กลาง,นอกเมือง,สำนักงานคณะกรรมการการศึกษาขั้นพื้นฐาน,สพป.เชียงใหม่ เขต 3,12,61.11,18.43,72.25,11.43,77.78,20.79,51.39,22.00,33.33,23.57
2566,211,บ้านศรีดอนชัย,ฝาง,เล็ก,นอกเมือง,สำนักงานคณะกรรมการการศึกษาขั้นพื้นฐาน,สพป.เชียงใหม่ เขต 3,3,61.11,15.71,72.62,5.17,77.78,15.71,66.67,13.61,33.33,0.00
2566,212,บ้านสันต้นดู่,ฝาง,เล็ก,นอกเมือง,สำนักงานคณะกรรมการการศึกษาขั้นพื้นฐาน,สพป.เชียงใหม่ เขต 3,15,78.89,12.86,72.56,12.73,93.33,13.33,56.67,21.77,64.44,28.46
2566,213,บ้านสันต้นเปา,ฝาง,เล็ก,นอกเมือง,สำนักงานคณะกรรมการการศึกษาขั้นพื้นฐาน,สพป.เชียงใหม่ เขต 3,1,50.00,0.00,72.32,0.00,66.67,0.00,0.00,0.00,33.33,0.00
2566,214,บ้านสันทราย,ฝาง,เล็ก,นอกเมือง,สำนักงานคณะกรรมการการศึกษาขั้นพื้นฐาน,สพป.เชียงใหม่ เขต 3,6,75.00,12.73,72.02,8.18,88.89,15.71,52.78,17.79,38.89,29.92
2566,215,บ้านสันทรายคองน้อย,ฝาง,กลาง,นอกเมือง,สำนักงานคณะกรรมการการศึกษาขั้นพื้นฐาน,สพป.เชียงใหม่ เขต 3,16,64.58,22.73,77.57,8.71,89.58,15.45,59.38,20.39,62.50,33.07
2566,216,บ้านสันป่าแดง,ฝาง,เล็ก,นอกเมือง,สำนักงานคณะกรรมการการศึกษาขั้นพื้นฐาน,สพป.เชียงใหม่ เขต 3,13,35.90,23.43,44.57,25.08,71.79,25.64,46.15,23.71,30.77,27.62
2566,217,บ้านสันม่วง,ฝาง,เล็ก,นอกเมือง,สำนักงานคณะกรรมการการศึกษาขั้นพื้นฐาน,สพป.เชียงใหม่ เขต 3,5,46.67,30.55,44.82,28.16,66.67,21.08,50.00,18.26,40.00,24.94
2566,218,บ้านหนองขวาง,ฝาง,เล็ก,นอกเมือง,สำนักงานคณะกรรมการการศึกษาขั้นพื้นฐาน,สพป.เชียงใหม่ เขต 3,5,70.00,30.55,77.14,7.29,100.00,0.00,43.33,29.06,66.67,21.08
2566,219,บ้านหนองยาว,ฝาง,เล็ก,นอกเมือง,สำนักงานคณะกรรมการการศึกษาขั้นพื้นฐาน,สพป.เชียงใหม่ เขต 3,13,56.41,17.95,73.83,10.57,71.79,22.06,38.46,17.76,48.72,16.62
2566,220,บ้านหลวง,ฝาง,กลาง,นอกเมือง,สำนักงานคณะกรรมการการศึกษาขั้นพื้นฐาน,สพป.เชียงใหม่ เขต 3,40,36.67,21.47,40.27,24.78,54.17,23.20,30.00,22.42,30.83,27.27
2566,221,บ้านหล่ายฝาง,ฝาง,เล็ก,นอกเมือง,กรมส่งเสริมการปกครองท้องถิ่น,ท้องถิ่นจังหวัดเชียงใหม่,25,48.00,18.45,50.93,20.54,64.00,22.94,40.00,22.61,28.00,22.47
2566,222,บ้านห้วยไคร้,ฝาง,เล็ก,นอกเมือง,สำนักงานคณะกรรมการการศึกษาขั้นพื้นฐาน,สพป.เชียงใหม่ เขต 3,20,46.67,29.15,53.48,23.05,70.00,23.33,34.17,13.41,26.67,30.91
2566,223,บ้านห้วยงูกลาง,ฝาง,เล็ก,นอกเมือง,สำนักงานคณะกรรมการการศึกษาขั้นพื้นฐาน,สพป.เชียงใหม่ เขต 3,14,76.19,16.32,71.43,11.55,92.86,13.68,58.33,17.54,52.38,27.36
2566,224,บ้านห้วยบอน,ฝาง,เล็ก,นอกเมือง,สำนักงานคณะกรรมการการศึกษาขั้นพื้นฐาน,สพป.เชียงใหม่ เขต 3,7,35.71,20.76,45.28,26.84,52.38,16.50,28.57,23.08,19.05,16.50
2566,225,บ้านห้วยหมากเลี่ยม,ฝาง,กลาง,นอกเมือง,สำนักงานคณะกรรมการการศึกษาขั้นพื้นฐาน,สพป.เชียงใหม่ เขต 3,48,44.79,21.56,53.37,14.15,63.89,25.31,32.64,18.93,30.56,29.53
2566,226,บ้านห้วยห้อม,ฝาง,เล็ก,นอกเมือง,สำนักงานคณะกรรมการการศึกษาขั้นพื้นฐาน,สพป.เชียงใหม่ เขต 3,10,66.67,23.57,59.11,16.20,66.67,25.82,53.33,26.67,56.67,26.03
2566,227,บ้านห้วยเฮี่ยน,ฝาง,เล็ก,นอกเมือง,สำนักงานคณะกรรมการการศึกษาขั้นพื้นฐาน,สพป.เชียงใหม่ เขต 3,11,56.06,21.64,57.31,17.57,75.76,20.55,39.39,17.80,45.45,29.38
2566,228,บ้านหัวนา,ฝาง,เล็ก,นอกเมือง,สำนักงานคณะกรรมการการศึกษาขั้นพื้นฐาน,สพป.เชียงใหม่ เขต 3,37,52.70,15.75,61.17,12.99,71.17,22.14,41.89,18.02,45.05,28.17
2566,229,บ้านหัวฝาย,ฝาง,เล็ก,นอกเมือง,สำนักงานคณะกรรมการการศึกษาขั้นพื้นฐาน,สพป.เชียงใหม่ เขต 3,5,63.33,19.44,70.36,8.21,80.00,26.67,30.00,16.33,33.33,21.08
2566,230,บ้านเหมืองแร่,ฝาง,กลาง,นอกเมือง,สำนักงานคณะกรรมการการศึกษาขั้นพื้นฐาน,สพป.เชียงใหม่ เขต 3,15,52.22,18.12,61.90,19.03,75.56,25.72,51.11,17.71,44.44,31.43
2566,231,รังษีวิทยา,ฝาง,ใหญ่พิเศษ,นอกเมือง,สำนักงานคณะกรรมการส่งเสริมการศึกษาเอกชน,-,178,59.18,21.13,64.84,18.04,79.40,24.23,52.53,21.81,50.56,30.85
2566,232,รัตนาเอื้อวิทยา,ฝาง,ใหญ่,นอกเมือง,สำนักงานคณะกรรมการส่งเสริมการศึกษาเอกชน,-,56,62.20,22.38,62.41,16.76,82.74,21.81,50.60,22.92,44.64,29.73
2566,233,วัดนันทาราม,ฝาง,กลาง,นอกเมือง,สำนักงานคณะกรรมการการศึกษาขั้นพื้นฐาน,สพป.เชียงใหม่ เขต 3,7,57.14,17.50,65.94,13.13,76.19,15.06,50.00,21.82,57.14,29.35
2566,234,วัดศรีบุญเรือง,ฝาง,เล็ก,นอกเมือง,สำนักงานคณะกรรมการการศึกษาขั้นพื้นฐาน,สพป.เชียงใหม่ เขต 3,9,51.85,22.83,78.87,13.18,92.59,20.95,57.41,13.86,40.74,40.91
2566,235,วิรุณเทพ,ฝาง,เล็ก,นอกเมือง,สำนักงานคณะกรรมการการศึกษาขั้นพื้นฐาน,สพป.เชียงใหม่ เขต 3,13,48.72,20.11,58.93,16.04,74.36,19.19,39.74,23.15,23.08,24.05
2566,236,สายอักษร,ฝาง,กลาง,นอกเมือง,สำนักงานคณะกรรมการส่งเสริมการศึกษาเอกชน,-,62,56.45,24.01,67.04,23.41,80.65,24.35,40.32,21.70,40.32,32.87
2566,237,อาโอยาม่า,ฝาง,เล็ก,นอกเมือง,กองบัญชาการตำรวจตระเวนชายแดน,-,3,50.00,23.57,34.23,20.00,66.67,27.22,44.44,28.33,44.44,15.71
2566,238,เจ้าพ่อหลวงอุปถัมภ์ 2,พร้าว,เล็ก,นอกเมือง,กองบัญชาการตำรวจตระเวนชายแดน,-,7,71.43,17.17,72.45,12.30,85.71,16.50,59.52,19.63,52.38,24.28
2566,239,ชุมชนบ้านโป่ง,พร้าว,เล็ก,นอกเมือง,สำนักงานคณะกรรมการการศึกษาขั้นพื้นฐาน,สพป.เชียงใหม่ เขต 2,8,54.17,19.98,56.03,18.13,66.67,16.67,41.67,8.33,25.00,22.05
2566,240,ชุมชนสหกรณ์นิคมวิทยา,พร้าว,เล็ก,นอกเมือง,สำนักงานคณะกรรมการการศึกษาขั้นพื้นฐาน,สพป.เชียงใหม่ เขต 2,12,56.94,17.29,69.94,10.73,80.56,25.31,55.56,17.12,50.00,28.87
2566,241,บ้านขุนแจ๋,พร้าว,เล็ก,นอกเมือง,สำนักงานคณะกรรมการการศึกษาขั้นพื้นฐาน,สพป.เชียงใหม่ เขต 2,2,66.67,16.67,62.05,2.23,66.67,33.33,33.33,16.67,33.33,0.00
2566,242,บ้านแจ่งกู่เรือง,พร้าว,กลาง,นอกเมือง,สำนักงานคณะกรรมการการศึกษาขั้นพื้นฐาน,สพป.เชียงใหม่ เขต 2,129,66.41,23.20,72.80,14.29,82.69,22.77,52.33,24.53,50.13,31.91
2566,243,บ้านต้นรุง,พร้าว,เล็ก,นอกเมือง,สำนักงานคณะกรรมการการศึกษาขั้นพื้นฐาน,สพป.เชียงใหม่ เขต 2,13,41.03,18.04,55.77,14.49,69.23,20.51,44.87,17.76,28.21,28.78
2566,244,บ้านท่ามะเกี๋ยง,พร้าว,เล็ก,นอกเมือง,สำนักงานคณะกรรมการการศึกษาขั้นพื้นฐาน,สพป.เชียงใหม่ เขต 2,3,50.00,13.61,61.61,17.90,88.89,15.71,55.56,20.79,55.56,15.71
2566,245,บ้านนาบุญโหล่งขอด,พร้าว,เล็ก,นอกเมือง,สำนักงานคณะกรรมการการศึกษาขั้นพื้นฐาน,สพป.เชียงใหม่ เขต 2,17,48.04,22.78,62.87,14.17,70.59,25.26,43.14,19.85,33.33,32.34
2566,246,บ้านป่าตุ้ม,พร้าว,กลาง,นอกเมือง,สำนักงานคณะกรรมการการศึกษาขั้นพื้นฐาน,สพป.เชียงใหม่ เขต 2,11,50.00,22.47,51.79,16.88,63.64,22.27,36.36,25.44,36.36,22.27
2566,247,บ้านป่าไหน่,พร้าว,เล็ก,นอกเมือง,สำนักงานคณะกรรมการการศึกษาขั้นพื้นฐาน,สพป.เชียงใหม่ เขต 2,2,91.67,8.33,88.84,3.13,83.33,16.67,83.33,0.00,83.33,16.67
2566,248,บ้านแม่ปั๋ง,พร้าว,เล็ก,นอกเมือง,สำนักงานคณะกรรมการการศึกษาขั้นพื้นฐาน,สพป.เชียงใหม่ เขต 2,7,64.29,10.65,78.06,11.26,95.24,11.66,59.52,19.63,52.38,34.99
2566,249,บ้านแม่ปาคี,พร้าว,เล็ก,นอกเมือง,สำนักงานคณะกรรมการการศึกษาขั้นพื้นฐาน,สพป.เชียงใหม่ เขต 2,9,46.30,20.45,46.92,15.57,48.15,16.56,33.33,15.71,37.04,29.16
2566,250,บ้านแม่เหียะ,พร้าว,เล็ก,นอกเมือง,สำนักงานคณะกรรมการการศึกษาขั้นพื้นฐาน,สพป.เชียงใหม่ เขต 2,17,61.76,19.61,62.87,13.34,76.47,24.96,36.27,20.80,33.33,22.87
2566,251,บ้านสันกลาง,พร้าว,เล็ก,นอกเมือง,สำนักงานคณะกรรมการการศึกษาขั้นพื้นฐาน,สพป.เชียงใหม่ เขต 2,5,66.67,27.89,77.14,6.10,86.67,26.67,56.67,17.00,33.33,29.81
2566,252,บ้านสันปง,พร้าว,เล็ก,นอกเมือง,สำนักงานคณะกรรมการการศึกษาขั้นพื้นฐาน,สพป.เชียงใหม่ เขต 2,2,83.33,16.67,81.70,2.23,100.00,0.00,58.33,8.33,33.33,0.00
2566,253,บ้านหนองปิด,พร้าว,เล็ก,นอกเมือง,สำนักงานคณะกรรมการการศึกษาขั้นพื้นฐาน,สพป.เชียงใหม่ เขต 2,7,71.43,14.68,56.25,11.62,61.90,21.30,35.71,20.76,23.81,23.33
2566,254,บ้านหลวง,พร้าว,เล็ก,นอกเมือง,สำนักงานคณะกรรมการการศึกษาขั้นพื้นฐาน,สพป.เชียงใหม่ เขต 2,3,77.78,20.79,77.68,9.48,88.89,15.71,66.67,13.61,77.78,15.71
2566,255,บ้านห้วยบง,พร้าว,เล็ก,นอกเมือง,สำนักงานคณะกรรมการการศึกษาขั้นพื้นฐาน,สพป.เชียงใหม่ เขต 2,7,57.14,12.14,67.60,11.88,80.95,16.50,59.52,12.14,71.43,21.30
2566,256,ประชาสามัคคีวิทยา,พร้าว,เล็ก,นอกเมือง,สำนักงานคณะกรรมการการศึกษาขั้นพื้นฐาน,สพป.เชียงใหม่ เขต 2,6,69.44,20.22,61.98,17.70,72.22,22.91,41.67,12.73,16.67,25.46
2566,257,ประดู่วิทยา,พร้าว,เล็ก,นอกเมือง,สำนักงานคณะกรรมการการศึกษาขั้นพื้นฐาน,สพป.เชียงใหม่ เขต 2,5,76.67,17.00,85.36,10.89,100.00,0.00,60.00,13.33,46.67,26.67
2566,258,พร้าวบูรพา,พร้าว,เล็ก,นอกเมือง,สำนักงานคณะกรรมการการศึกษาขั้นพื้นฐาน,สพป.เชียงใหม่ เขต 2,11,56.06,14.69,62.01,22.20,75.76,14.85,37.88,23.67,45.45,29.38
2566,259,สหกรณ์ดำริ,พร้าว,เล็ก,นอกเมือง,สำนักงานคณะกรรมการการศึกษาขั้นพื้นฐาน,สพป.เชียงใหม่ เขต 2,7,66.67,23.57,71.56,10.43,80.95,16.50,42.86,24.97,47.62,39.27
2566,260,กสิณธร เซนต์เจมส์ เชียงใหม่,เมืองเชียงใหม่,เล็ก,ในเมือง,สำนักงานคณะกรรมการส่งเสริมการศึกษาเอกชน,-,10,63.33,19.44,48.08,19.00,73.33,24.94,43.33,22.61,43.33,30.00
2566,261,โกวิทธำรงเชียงใหม่,เมืองเชียงใหม่,ใหญ่,ในเมือง,สำนักงานคณะกรรมการส่งเสริมการศึกษาเอกชน,-,104,70.35,16.01,72.27,13.00,89.74,17.34,59.94,20.22,55.13,35.74
2566,262,ขาลสุวรรณอนุสรณ์,เมืองเชียงใหม่,เล็ก,ในเมือง,สำนักงานคณะกรรมการส่งเสริมการศึกษาเอกชน,-,34,52.45,25.92,61.37,22.57,72.55,23.53,45.59,24.02,45.10,34.19
2566,263,คำเที่ยงอนุสสรณ์,เมืองเชียงใหม่,กลาง,ในเมือง,สำนักงานคณะกรรมการการศึกษาขั้นพื้นฐาน,สพป.เชียงใหม่ เขต 1,85,66.47,21.46,66.25,17.27,76.86,25.58,50.20,21.62,46.67,31.19
2566,264,จิตราวิทยา,เมืองเชียงใหม่,ใหญ่,ในเมือง,สำนักงานคณะกรรมการส่งเสริมการศึกษาเอกชน,-,128,60.55,24.01,62.95,18.42,79.69,24.02,45.18,23.58,46.88,31.85
2566,265,เจ้าพ่อหลวงอุปถัมภ์ 1,เมืองเชียงใหม่,เล็ก,ในเมือง,สำนักงานคณะกรรมการการศึกษาขั้นพื้นฐาน,สพป.เชียงใหม่ เขต 1,17,51.96,16.05,69.22,14.22,76.47,22.18,40.20,22.18,29.41,32.10
2566,266,ชุมชนเทศบาลวัดศรีดอนไชย,เมืองเชียงใหม่,กลาง,ในเมือง,กรมส่งเสริมการปกครองท้องถิ่น,ท้องถิ่นจังหวัดเชียงใหม่,28,59.52,15.70,69.23,11.89,75.00,26.16,48.81,17.78,46.43,28.65
2566,267,ชุมชนบ้านบวกครกน้อย,เมืองเชียงใหม่,กลาง,ในเมือง,สำนักงานคณะกรรมการการศึกษาขั้นพื้นฐาน,สพป.เชียงใหม่ เขต 1,41,71.54,17.75,65.27,15.85,78.05,20.31,53.25,25.03,47.15,27.52
2566,268,ชุมชนวัดท่าเดื่อ,เมืองเชียงใหม่,เล็ก,ในเมือง,สำนักงานคณะกรรมการการศึกษาขั้นพื้นฐาน,สพป.เชียงใหม่ เขต 1,21,64.29,24.82,67.28,19.57,82.54,22.11,43.65,28.39,57.14,40.03
2566,269,เชียงใหม่คริสเตียน,เมืองเชียงใหม่,ใหญ่,ในเมือง,สำนักงานคณะกรรมการส่งเสริมการศึกษาเอกชน,-,90,56.67,23.15,63.80,15.61,75.56,21.55,45.19,21.26,41.85,30.05
2566,270,ดาราวิทยาลัย,เมืองเชียงใหม่,ใหญ่พิเศษ,ในเมือง,สำนักงานคณะกรรมการส่งเสริมการศึกษาเอกชน,-,340,71.81,22.08,74.52,13.64,86.27,20.80,57.65,22.51,52.84,28.95
2566,271,ท่าศาลา,เมืองเชียงใหม่,เล็ก,ในเมือง,สำนักงานคณะกรรมการการศึกษาขั้นพื้นฐาน,สพป.เชียงใหม่ เขต 1,18,54.63,15.52,59.92,15.94,70.37,21.91,47.22,15.96,46.30,35.38
2566,272,เทพบดินทร์วิทยาเชียงใหม่,เมืองเชียงใหม่,ใหญ่,ในเมือง,สำนักงานคณะกรรมการส่งเสริมการศึกษาเอกชน,-,131,56.49,23.44,60.34,19.70,75.32,23.87,45.17,20.64,45.04,32.41
2566,273,เทศบาลดอกเงิน,เมืองเชียงใหม่,เล็ก,ในเมือง,กรมส่งเสริมการปกครองท้องถิ่น,ท้องถิ่นจังหวัดเชียงใหม่,20,66.67,21.08,67.05,13.68,81.67,19.65,51.67,18.93,55.00,28.43
2566,274,เทศบาลวัดกู่คำ,เมืองเชียงใหม่,เล็ก,ในเมือง,กรมส่งเสริมการปกครองท้องถิ่น,ท้องถิ่นจังหวัดเชียงใหม่,12,40.28,22.00,61.53,9.70,80.56,25.31,34.72,15.90,27.78,22.91
2566,275,เทศบาลวัดเกตการาม,เมืองเชียงใหม่,เล็ก,ในเมือง,กรมส่งเสริมการปกครองท้องถิ่น,ท้องถิ่นจังหวัดเชียงใหม่,13,56.41,24.93,64.94,19.11,87.18,16.22,58.97,21.30,51.28,30.98
2566,276,เทศบาลวัดเชียงยืน,เมืองเชียงใหม่,กลาง,ในเมือง,กรมส่งเสริมการปกครองท้องถิ่น,ท้องถิ่นจังหวัดเชียงใหม่,46,58.70,18.95,69.04,13.44,76.09,22.70,48.19,21.77,40.58,27.73
2566,277,เทศบาลวัดท่าสะต๋อย,เมืองเชียงใหม่,กลาง,ในเมือง,กรมส่งเสริมการปกครองท้องถิ่น,ท้องถิ่นจังหวัดเชียงใหม่,45,71.11,23.67,68.25,12.57,85.19,19.32,53.70,17.53,55.56,31.43
2566,278,เทศบาลวัดป่าแพ่ง,เมืองเชียงใหม่,กลาง,ในเมือง,กรมส่งเสริมการปกครองท้องถิ่น,ท้องถิ่นจังหวัดเชียงใหม่,26,68.59,19.79,76.75,9.01,87.18,18.67,46.79,19.62,48.72,32.33
2566,279,เทศบาลวัดพวกช้าง,เมืองเชียงใหม่,เล็ก,ในเมือง,กรมส่งเสริมการปกครองท้องถิ่น,ท้องถิ่นจังหวัดเชียงใหม่,10,65.00,30.23,74.91,11.08,83.33,16.67,61.67,26.93,50.00,37.27
2566,280,เทศบาลวัดศรีปิงเมือง,เมืองเชียงใหม่,กลาง,ในเมือง,กรมส่งเสริมการปกครองท้องถิ่น,ท้องถิ่นจังหวัดเชียงใหม่,35,49.52,26.27,54.78,20.39,73.33,19.19,42.38,24.67,34.29,32.35
2566,281,เทศบาลวัดศรีสุพรรณ,เมืองเชียงใหม่,กลาง,ในเมือง,กรมส่งเสริมการปกครองท้องถิ่น,ท้องถิ่นจังหวัดเชียงใหม่,21,61.11,18.78,72.53,9.88,88.89,18.78,51.59,22.95,49.21,30.20
2566,282,เทศบาลวัดหมื่นเงินกอง,เมืองเชียงใหม่,เล็ก,ในเมือง,กรมส่งเสริมการปกครองท้องถิ่น,ท้องถิ่นจังหวัดเชียงใหม่,21,50.79,24.38,56.04,17.02,80.95,19.44,40.48,23.89,42.86,32.76
2566,283,บ้านเชิงดอยสุเทพ,เมืองเชียงใหม่,เล็ก,ในเมือง,สำนักงานคณะกรรมการการศึกษาขั้นพื้นฐาน,สพป.เชียงใหม่ เขต 1,10,65.00,20.34,71.16,10.74,83.33,22.36,60.00,21.34,53.33,26.67
2566,284,บ้านดอนปิน,เมืองเชียงใหม่,กลาง,ในเมือง,สำนักงานคณะกรรมการการศึกษาขั้นพื้นฐาน,สพป.เชียงใหม่ เขต 1,27,58.64,22.39,63.53,14.42,71.60,25.18,43.83,22.29,49.38,27.77
2566,285,บ้านท่าหลุกสันทราย,เมืองเชียงใหม่,กลาง,ในเมือง,สำนักงานคณะกรรมการการศึกษาขั้นพื้นฐาน,สพป.เชียงใหม่ เขต 1,26,67.31,26.34,70.67,13.55,79.49,22.79,43.59,17.95,42.31,34.04
2566,286,บ้านโป่งน้อย,เมืองเชียงใหม่,กลาง,ในเมือง,สำนักงานคณะกรรมการการศึกษาขั้นพื้นฐาน,สพป.เชียงใหม่ เขต 1,17,66.67,16.17,76.31,10.99,78.43,25.41,56.86,20.66,54.90,34.19
2566,287,บ้านแม่เหียะสามัคคี,เมืองเชียงใหม่,เล็ก,ในเมือง,สำนักงานคณะกรรมการการศึกษาขั้นพื้นฐาน,สพป.เชียงใหม่ เขต 1,18,59.26,22.38,67.01,14.03,75.93,21.68,44.44,21.52,50.00,27.78
2566,288,บ้านห้วยทราย,เมืองเชียงใหม่,เล็ก,ในเมือง,กรมส่งเสริมการปกครองท้องถิ่น,ท้องถิ่นจังหวัดเชียงใหม่,9,50.00,20.79,73.51,11.03,77.78,27.22,33.33,15.71,48.15,22.83
2566,289,ปรินส์รอยแยลส์วิทยาลัย,เมืองเชียงใหม่,ใหญ่พิเศษ,ในเมือง,สำนักงานคณะกรรมการส่งเสริมการศึกษาเอกชน,-,516,79.81,19.55,76.53,13.67,91.73,16.09,64.73,22.19,67.38,31.64
2566,290,พระหฤทัยเชียงใหม่,เมืองเชียงใหม่,ใหญ่,ในเมือง,สำนักงานคณะกรรมการส่งเสริมการศึกษาเอกชน,-,118,60.88,23.00,63.41,18.09,80.23,23.06,51.55,23.97,51.69,32.07
2566,291,พิงครัตน์,เมืองเชียงใหม่,เล็ก,ในเมือง,สำนักงานคณะกรรมการส่งเสริมการศึกษาเอกชน,-,7,54.76,11.66,77.04,13.54,80.95,24.28,57.14,24.97,76.19,23.33
2566,292,พิมานเด็กเชียงใหม่,เมืองเชียงใหม่,กลาง,ในเมือง,สำนักงานคณะกรรมการส่งเสริมการศึกษาเอกชน,-,50,63.33,21.60,71.63,14.58,85.33,23.25,55.33,21.20,44.67,34.39
2566,293,พุทธิโศภน,เมืองเชียงใหม่,ใหญ่,ในเมือง,สำนักงานคณะกรรมการการศึกษาขั้นพื้นฐาน,สพป.เชียงใหม่ เขต 1,172,66.86,20.88,67.24,14.87,81.01,22.76,50.68,22.97,54.84,31.48
2566,294,มงฟอร์ตวิทยาลัย แผนกประถม,เมืองเชียงใหม่,ใหญ่พิเศษ,ในเมือง,สำนักงานคณะกรรมการส่งเสริมการศึกษาเอกชน,-,365,82.69,18.20,69.81,14.36,87.58,19.84,58.95,20.51,61.37,30.56
2566,295,ยุวฑูตศึกษาพัฒนาราชพฤกษ์,เมืองเชียงใหม่,กลาง,ในเมือง,สำนักงานคณะกรรมการส่งเสริมการศึกษาเอกชน,-,11,69.70,19.87,62.01,18.12,84.85,21.85,51.52,22.98,33.33,24.62
2566,296,เรยีนาเชลีวิทยาลัย,เมืองเชียงใหม่,ใหญ่,ในเมือง,สำนักงานคณะกรรมการส่งเสริมการศึกษาเอกชน,-,157,66.56,20.82,74.22,11.14,89.38,16.84,55.63,20.99,57.54,29.53
2566,297,วชิรวิทย์ เชียงใหม่,เมืองเชียงใหม่,กลาง,ในเมือง,สำนักงานคณะกรรมการส่งเสริมการศึกษาเอกชน,-,56,62.20,22.60,63.94,16.74,82.74,20.88,52.08,23.58,42.86,31.32
2566,298,วัดข่วงสิงห์,เมืองเชียงใหม่,กลาง,ในเมือง,สำนักงานคณะกรรมการการศึกษาขั้นพื้นฐาน,สพป.เชียงใหม่ เขต 1,28,61.31,21.85,70.12,13.60,73.81,28.67,45.83,19.22,50.00,35.07
2566,299,วัดขะจาว,เมืองเชียงใหม่,เล็ก,ในเมือง,สำนักงานคณะกรรมการการศึกษาขั้นพื้นฐาน,สพป.เชียงใหม่ เขต 1,22,67.42,17.75,69.40,13.15,81.82,21.85,47.73,22.64,45.45,27.61
2566,300,วัดเจ็ดยอด,เมืองเชียงใหม่,เล็ก,ในเมือง,สำนักงานคณะกรรมการการศึกษาขั้นพื้นฐาน,สพป.เชียงใหม่ เขต 1,9,74.07,15.93,72.22,14.49,88.89,15.71,70.37,10.48,44.44,31.43
2566,301,วัดช่างเคี่ยน,เมืองเชียงใหม่,กลาง,ในเมือง,สำนักงานคณะกรรมการการศึกษาขั้นพื้นฐาน,สพป.เชียงใหม่ เขต 1,31,46.77,21.76,52.79,15.24,73.12,25.99,39.78,18.30,39.78,28.61
2566,302,วัดดอนจั่น,เมืองเชียงใหม่,กลาง,ในเมือง,สำนักงานคณะกรรมการการศึกษาขั้นพื้นฐาน,สพป.เชียงใหม่ เขต 1,25,42.00,21.15,50.39,20.28,60.00,23.09,36.67,21.08,33.33,26.67
2566,303,วัดป่าข่อยใต้,เมืองเชียงใหม่,เล็ก,ในเมือง,สำนักงานคณะกรรมการการศึกษาขั้นพื้นฐาน,สพป.เชียงใหม่ เขต 1,9,75.93,19.42,80.36,5.07,88.89,15.71,57.41,22.38,59.26,34.35
2566,304,วัดป่าแดด,เมืองเชียงใหม่,เล็ก,ในเมือง,สำนักงานคณะกรรมการการศึกษาขั้นพื้นฐาน,สพป.เชียงใหม่ เขต 1,14,72.62,16.19,62.37,12.45,92.86,13.68,39.29,23.24,42.86,26.51
2566,305,วัดป่าตัน,เมืองเชียงใหม่,เล็ก,ในเมือง,สำนักงานคณะกรรมการการศึกษาขั้นพื้นฐาน,สพป.เชียงใหม่ เขต 1,24,49.31,21.23,67.82,12.25,80.56,21.34,38.19,22.81,34.72,29.63
2566,306,วัดเมืองสาตร,เมืองเชียงใหม่,เล็ก,ในเมือง,สำนักงานคณะกรรมการการศึกษาขั้นพื้นฐาน,สพป.เชียงใหม่ เขต 1,8,66.67,18.63,72.10,7.78,66.67,16.67,62.50,24.65,50.00,33.33
2566,307,วัดร้องอ้อ,เมืองเชียงใหม่,กลาง,ในเมือง,สำนักงานคณะกรรมการการศึกษาขั้นพื้นฐาน,สพป.เชียงใหม่ เขต 1,17,60.78,19.75,75.68,11.69,84.31,20.19,57.84,21.48,45.10,25.41
2566,308,วัดวังสิงห์คำ,เมืองเชียงใหม่,กลาง,ในเมือง,สำนักงานคณะกรรมการการศึกษาขั้นพื้นฐาน,สพป.เชียงใหม่ เขต 1,22,58.33,21.76,70.66,17.09,84.85,16.60,52.27,20.90,46.97,25.94
2566,309,วัดสวนดอก,เมืองเชียงใหม่,กลาง,ในเมือง,สำนักงานคณะกรรมการการศึกษาขั้นพื้นฐาน,สพป.เชียงใหม่ เขต 1,24,75.00,15.96,74.59,11.83,93.06,13.54,54.17,18.79,48.61,19.19
2566,310,วัดเสาหิน,เมืองเชียงใหม่,เล็ก,ในเมือง,สำนักงานคณะกรรมการการศึกษาขั้นพื้นฐาน,สพป.เชียงใหม่ เขต 1,10,60.00,13.33,75.27,8.54,76.67,21.34,48.33,24.09,50.00,30.73
2566,311,วัดหนองป่าครั่ง,เมืองเชียงใหม่,เล็ก,ในเมือง,สำนักงานคณะกรรมการการศึกษาขั้นพื้นฐาน,สพป.เชียงใหม่ เขต 1,3,88.89,7.86,78.27,7.80,77.78,31.43,44.44,7.86,55.56,41.57
2566,312,วารีเชียงใหม่,เมืองเชียงใหม่,ใหญ่พิเศษ,ในเมือง,สำนักงานคณะกรรมการส่งเสริมการศึกษาเอกชน,-,196,73.81,22.59,73.58,15.75,89.46,19.11,59.18,21.51,61.05,30.99
2566,313,วิชัยวิทยา,เมืองเชียงใหม่,กลาง,ในเมือง,สำนักงานคณะกรรมการส่งเสริมการศึกษาเอกชน,-,27,58.64,27.36,50.15,19.81,72.84,22.29,48.15,20.45,44.44,28.69
2566,314,ศรีเนห์รู,เมืองเชียงใหม่,เล็ก,ในเมือง,สำนักงานคณะกรรมการการศึกษาขั้นพื้นฐาน,สพป.เชียงใหม่ เขต 1,13,51.28,19.02,54.26,19.50,74.36,19.19,43.59,23.15,38.46,31.61
2566,315,ศิริมังคลาจารย์,เมืองเชียงใหม่,เล็ก,ในเมือง,สำนักงานคณะกรรมการการศึกษาขั้นพื้นฐาน,สพป.เชียงใหม่ เขต 1,6,50.00,9.62,81.55,7.27,83.33,16.67,47.22,17.79,50.00,31.91
2566,316,สังวาลย์วิทยา,เมืองเชียงใหม่,เล็ก,ในเมือง,สำนักงานคณะกรรมการการศึกษาขั้นพื้นฐาน,สพป.เชียงใหม่ เขต 1,0,-,-,-,-,-,-,-,-,-,-
2566,317,สันติศึกษา,เมืองเชียงใหม่,เล็ก,ในเมือง,สำนักงานคณะกรรมการส่งเสริมการศึกษาเอกชน,-,22,61.36,20.34,70.25,10.74,84.85,24.05,48.48,21.27,56.06,35.37
2566,318,สาธิตมหาวิทยาลัยราชภัฏเชียงใหม่,เมืองเชียงใหม่,กลาง,ในเมือง,สำนักงานปลัดกระทรวงการอุดมศึกษาฯ,-,82,63.41,22.31,58.34,17.95,82.52,23.98,45.53,21.94,45.53,35.50
2566,319,สารสาสน์วิเทศเชียงใหม่,เมืองเชียงใหม่,ใหญ่,ในเมือง,สำนักงานคณะกรรมการส่งเสริมการศึกษาเอกชน,-,121,72.59,19.03,67.96,11.83,83.47,19.70,56.20,21.65,60.61,30.60
2566,320,สารสาสน์วิเทศล้านนา,เมืองเชียงใหม่,ใหญ่,ในเมือง,สำนักงานคณะกรรมการส่งเสริมการศึกษาเอกชน,-,127,65.09,19.89,70.11,14.40,83.20,20.86,59.45,21.18,58.79,30.01
2566,321,โสตศึกษาอนุสารสุนทร,เมืองเชียงใหม่,เล็ก,ในเมือง,สำนักบริหารงานการศึกษาพิเศษ,-,0,-,-,-,-,-,-,-,-,-,-
2566,322,อนุบาลเชียงใหม่,เมืองเชียงใหม่,ใหญ่พิเศษ,ในเมือง,สำนักงานคณะกรรมการการศึกษาขั้นพื้นฐาน,สพป.เชียงใหม่ เขต 1,288,71.41,21.03,68.39,18.10,85.88,20.06,59.32,24.12,61.57,31.87
2566,323,อนุบาลบ้านท่อเมืองลัง,เมืองเชียงใหม่,กลาง,ในเมือง,สำนักงานคณะกรรมการการศึกษาขั้นพื้นฐาน,สพป.เชียงใหม่ เขต 1,26,64.10,19.44,75.38,11.38,89.74,17.95,57.05,20.76,53.85,24.59
2566,324,อนุบาลหนองป่าครั่ง,เมืองเชียงใหม่,เล็ก,ในเมือง,กรมส่งเสริมการปกครองท้องถิ่น,ท้องถิ่นจังหวัดเชียงใหม่,15,60.00,24.94,70.06,10.34,88.89,19.88,56.67,13.33,40.00,21.77
2566,325,ชุมชนตำบลท่าผา,แม่แจ่ม,เล็ก,นอกเมือง,สำนักงานคณะกรรมการการศึกษาขั้นพื้นฐาน,สพป.เชียงใหม่ เขต 6,16,64.58,24.21,70.42,10.23,87.50,16.14,61.46,16.37,45.83,35.11
2566,326,ชุมชนบ้านช่างเคิ่ง,แม่แจ่ม,กลาง,นอกเมือง,สำนักงานคณะกรรมการการศึกษาขั้นพื้นฐาน,สพป.เชียงใหม่ เขต 6,19,64.04,18.15,70.68,12.04,78.95,22.19,50.88,24.47,45.61,32.82
2566,327,ชุมชนบ้านพร้าวหนุ่ม,แม่แจ่ม,เล็ก,นอกเมือง,สำนักงานคณะกรรมการการศึกษาขั้นพื้นฐาน,สพป.เชียงใหม่ เขต 6,32,75.00,17.18,73.94,12.66,88.54,15.83,61.98,22.91,53.13,34.22
2566,328,เซนต์โยเซฟแม่แจ่ม,แม่แจ่ม,กลาง,นอกเมือง,สำนักงานคณะกรรมการส่งเสริมการศึกษาเอกชน,-,54,55.56,16.97,67.94,13.50,82.72,21.98,41.05,18.90,43.83,29.27
2566,329,ตำรวจตระเวนชายแดนบางกอก เชฟ แชร์ริตี้ บ้านแม่ขอ,แม่แจ่ม,เล็ก,นอกเมือง,กองบัญชาการตำรวจตระเวนชายแดน,-,12,41.67,10.76,54.09,16.18,55.56,24.85,34.72,17.29,36.11,34.58
2566,330,บ้านกองแขก,แม่แจ่ม,เล็ก,นอกเมือง,สำนักงานคณะกรรมการการศึกษาขั้นพื้นฐาน,สพป.เชียงใหม่ เขต 6,15,67.78,18.72,74.40,8.04,84.44,20.61,44.44,23.31,40.00,27.76
2566,331,บ้านกองแขก สาขาบ้านแม่หลุ,แม่แจ่ม,เล็ก,นอกเมือง,สำนักงานคณะกรรมการการศึกษาขั้นพื้นฐาน,สพป.เชียงใหม่ เขต 6,7,38.10,11.66,55.23,18.49,76.19,29.35,35.71,22.59,42.86,29.35
2566,332,บ้านขุนแม่นาย,แม่แจ่ม,เล็ก,นอกเมือง,สำนักงานคณะกรรมการการศึกษาขั้นพื้นฐาน,สพป.เชียงใหม่ เขต 6,8,35.42,17.55,41.41,14.15,54.17,16.14,41.67,16.67,20.83,28.57
2566,333,บ้านขุนแม่หยอด,แม่แจ่ม,เล็ก,นอกเมือง,สำนักงานคณะกรรมการการศึกษาขั้นพื้นฐาน,สพป.เชียงใหม่ เขต 6,5,40.00,24.94,48.39,20.33,73.33,13.33,56.67,17.00,33.33,29.81
2566,334,บ้านต่อเรือ,แม่แจ่ม,เล็ก,นอกเมือง,สำนักงานคณะกรรมการการศึกษาขั้นพื้นฐาน,สพป.เชียงใหม่ เขต 6,1,50.00,0.00,77.68,0.00,100.00,0.00,50.00,0.00,0.00,0.00
2566,335,บ้านทัพ,แม่แจ่ม,เล็ก,นอกเมือง,สำนักงานคณะกรรมการการศึกษาขั้นพื้นฐาน,สพป.เชียงใหม่ เขต 6,9,61.11,24.85,54.27,21.71,70.37,24.57,38.89,19.25,48.15,31.86
2566,336,บ้านทุ่งแก,แม่แจ่ม,เล็ก,นอกเมือง,สำนักงานคณะกรรมการการศึกษาขั้นพื้นฐาน,สพป.เชียงใหม่ เขต 6,7,54.76,21.30,47.32,19.51,71.43,27.77,59.52,17.50,38.10,27.77
2566,337,บ้านทุ่งแก สาขาแม่แอบ,แม่แจ่ม,เล็ก,นอกเมือง,สำนักงานคณะกรรมการการศึกษาขั้นพื้นฐาน,สพป.เชียงใหม่ เขต 6,14,61.90,28.47,43.43,33.01,64.29,26.62,32.14,27.07,35.71,38.76
2566,338,บ้านทุ่งยาว,แม่แจ่ม,เล็ก,นอกเมือง,สำนักงานคณะกรรมการการศึกษาขั้นพื้นฐาน,สพป.เชียงใหม่ เขต 6,18,57.41,28.45,63.64,15.89,79.63,19.69,41.67,23.73,48.15,31.86
2566,339,บ้านนากลาง,แม่แจ่ม,เล็ก,นอกเมือง,สำนักงานคณะกรรมการการศึกษาขั้นพื้นฐาน,สพป.เชียงใหม่ เขต 6,11,36.36,27.36,35.47,21.25,57.58,28.75,24.24,16.46,21.21,16.03
2566,340,บ้านนากลาง สาขาห้วยผักกูด,แม่แจ่ม,เล็ก,นอกเมือง,สำนักงานคณะกรรมการการศึกษาขั้นพื้นฐาน,สพป.เชียงใหม่ เขต 6,12,44.44,19.64,50.45,23.19,58.33,24.06,40.28,24.96,38.89,29.92
2566,341,บ้านนาฮ่อง,แม่แจ่ม,เล็ก,นอกเมือง,สำนักงานคณะกรรมการการศึกษาขั้นพื้นฐาน,สพป.เชียงใหม่ เขต 6,22,60.61,26.37,59.13,13.28,77.27,25.40,37.12,18.07,31.82,30.94
2566,342,บ้านเนินวิทยา,แม่แจ่ม,เล็ก,นอกเมือง,สำนักงานคณะกรรมการการศึกษาขั้นพื้นฐาน,สพป.เชียงใหม่ เขต 6,16,51.04,21.63,54.74,19.18,68.75,27.56,42.71,19.52,31.25,24.91
2566,343,บ้านปางเกี๊ยะ,แม่แจ่ม,กลาง,นอกเมือง,สำนักงานคณะกรรมการการศึกษาขั้นพื้นฐาน,สพป.เชียงใหม่ เขต 6,25,48.67,24.46,58.75,18.28,70.67,23.70,45.33,26.04,30.67,29.69
2566,344,บ้านปางหินฝน,แม่แจ่ม,เล็ก,นอกเมือง,สำนักงานคณะกรรมการการศึกษาขั้นพื้นฐาน,สพป.เชียงใหม่ เขต 6,12,70.83,20.55,67.93,17.47,75.00,27.64,36.11,19.04,50.00,34.69
2566,345,บ้านปางอุ๋ง,แม่แจ่ม,กลาง,นอกเมือง,สำนักงานคณะกรรมการการศึกษาขั้นพื้นฐาน,สพป.เชียงใหม่ เขต 6,18,40.74,18.61,48.76,18.85,62.96,24.57,30.56,25.00,37.04,31.21
2566,346,บ้านปางอุ๋ง สาขาแม่สะต๊อป,แม่แจ่ม,เล็ก,นอกเมือง,สำนักงานคณะกรรมการการศึกษาขั้นพื้นฐาน,สพป.เชียงใหม่ เขต 6,18,42.59,24.36,55.61,18.02,74.07,23.72,37.04,29.69,25.93,23.72
2566,347,บ้านแปะสามัคคี,แม่แจ่ม,เล็ก,นอกเมือง,สำนักงานคณะกรรมการการศึกษาขั้นพื้นฐาน,สพป.เชียงใหม่ เขต 6,7,57.14,8.25,74.23,9.15,85.71,24.28,38.10,21.30,38.10,21.30
2566,348,บ้านผานัง,แม่แจ่ม,เล็ก,นอกเมือง,สำนักงานคณะกรรมการการศึกษาขั้นพื้นฐาน,สพป.เชียงใหม่ เขต 6,4,50.00,11.79,61.83,16.99,66.67,23.57,45.83,32.00,25.00,14.43
2566,349,บ้านผาละปิ,แม่แจ่ม,เล็ก,นอกเมือง,สำนักงานคณะกรรมการการศึกษาขั้นพื้นฐาน,สพป.เชียงใหม่ เขต 6,13,51.28,22.13,58.04,18.08,64.10,24.33,39.74,23.15,35.90,30.55
2566,350,บ้านพุย สาขาพุยใต้,แม่แจ่ม,เล็ก,นอกเมือง,สำนักงานคณะกรรมการการศึกษาขั้นพื้นฐาน,สพป.เชียงใหม่ เขต 6,2,75.00,25.00,52.23,13.84,83.33,16.67,50.00,16.67,33.33,33.33
2566,351,บ้านแม่ซา,แม่แจ่ม,เล็ก,นอกเมือง,สำนักงานคณะกรรมการการศึกษาขั้นพื้นฐาน,สพป.เชียงใหม่ เขต 6,13,48.72,19.02,52.34,20.65,71.79,22.06,28.21,20.03,46.15,24.59
2566,352,บ้านแม่ตูม,แม่แจ่ม,เล็ก,นอกเมือง,สำนักงานคณะกรรมการการศึกษาขั้นพื้นฐาน,สพป.เชียงใหม่ เขต 6,6,63.89,11.45,63.10,19.76,83.33,25.46,50.00,27.22,44.44,24.85
2566,353,บ้านแม่นาจร,แม่แจ่ม,กลาง,นอกเมือง,สำนักงานคณะกรรมการการศึกษาขั้นพื้นฐาน,สพป.เชียงใหม่ เขต 6,14,63.10,27.59,48.41,13.73,73.81,25.75,47.62,22.59,40.48,25.75
2566,354,บ้านแม่ปาน,แม่แจ่ม,เล็ก,นอกเมือง,สำนักงานคณะกรรมการการศึกษาขั้นพื้นฐาน,สพป.เชียงใหม่ เขต 6,21,57.94,26.54,66.28,16.44,71.43,21.30,43.65,18.88,42.86,37.29
2566,355,บ้านแม่มะลอ,แม่แจ่ม,เล็ก,นอกเมือง,สำนักงานคณะกรรมการการศึกษาขั้นพื้นฐาน,สพป.เชียงใหม่ เขต 6,11,28.79,21.43,38.15,20.39,66.67,20.10,33.33,12.31,24.24,24.99
2566,356,บ้านแม่มุ,แม่แจ่ม,เล็ก,นอกเมือง,สำนักงานคณะกรรมการการศึกษาขั้นพื้นฐาน,สพป.เชียงใหม่ เขต 6,12,40.28,24.96,44.72,24.51,61.11,26.64,33.33,19.25,16.67,21.52
2566,357,บ้านแม่ลอง,แม่แจ่ม,เล็ก,นอกเมือง,กองบัญชาการตำรวจตระเวนชายแดน,-,16,51.04,24.63,47.99,17.51,54.17,23.20,35.42,19.43,33.33,23.57
2566,358,บ้านแม่วาก,แม่แจ่ม,เล็ก,นอกเมือง,สำนักงานคณะกรรมการการศึกษาขั้นพื้นฐาน,สพป.เชียงใหม่ เขต 6,6,33.33,19.25,30.65,12.30,50.00,16.67,30.56,11.45,50.00,31.91
2566,359,บ้านแม่ศึก (มูลนิธิธรรมมาภิรักษ์อุปถัมภ์ที่ 2),แม่แจ่ม,เล็ก,นอกเมือง,สำนักงานคณะกรรมการการศึกษาขั้นพื้นฐาน,สพป.เชียงใหม่ เขต 6,3,38.89,7.86,51.79,4.06,44.44,15.71,44.44,7.86,11.11,15.71
2566,360,บ้านแม่หงานหลวง,แม่แจ่ม,เล็ก,นอกเมือง,สำนักงานคณะกรรมการการศึกษาขั้นพื้นฐาน,สพป.เชียงใหม่ เขต 6,13,53.85,20.83,44.92,16.23,61.54,22.06,34.62,26.52,23.08,15.38
2566,361,บ้านแม่หอย,แม่แจ่ม,เล็ก,นอกเมือง,สำนักงานคณะกรรมการการศึกษาขั้นพื้นฐาน,สพป.เชียงใหม่ เขต 6,6,63.89,11.45,56.85,11.50,88.89,15.71,50.00,9.62,55.56,31.43
2566,362,บ้านแม่เอาะ,แม่แจ่ม,เล็ก,นอกเมือง,สำนักงานคณะกรรมการการศึกษาขั้นพื้นฐาน,สพป.เชียงใหม่ เขต 6,17,44.12,24.21,45.22,17.92,60.78,23.53,31.37,19.71,35.29,26.74
2566,363,บ้านแม่แฮใต้,แม่แจ่ม,เล็ก,นอกเมือง,สำนักงานคณะกรรมการการศึกษาขั้นพื้นฐาน,สพป.เชียงใหม่ เขต 6,11,63.64,23.37,66.07,9.85,78.79,16.03,42.42,17.93,42.42,37.85
2566,364,บ้านแม่แฮเหนือ,แม่แจ่ม,กลาง,นอกเมือง,สำนักงานคณะกรรมการการศึกษาขั้นพื้นฐาน,สพป.เชียงใหม่ เขต 6,49,55.10,21.35,62.45,17.99,74.15,24.53,44.22,20.63,34.69,28.54
2566,365,บ้านแม่แฮเหนือ สาขาแม่แจ๊ะ,แม่แจ่ม,เล็ก,นอกเมือง,สำนักงานคณะกรรมการการศึกษาขั้นพื้นฐาน,สพป.เชียงใหม่ เขต 6,12,55.56,15.71,60.57,17.86,66.67,23.57,31.94,19.79,22.22,24.85
2566,366,บ้านโม่งหลวง,แม่แจ่ม,เล็ก,นอกเมือง,สำนักงานคณะกรรมการการศึกษาขั้นพื้นฐาน,สพป.เชียงใหม่ เขต 6,12,47.22,19.04,55.28,21.52,69.44,25.31,48.61,23.03,27.78,26.64
2566,367,บ้านโม่งหลวง สาขาบ้านแม่อมลานใน,แม่แจ่ม,เล็ก,นอกเมือง,สำนักงานคณะกรรมการการศึกษาขั้นพื้นฐาน,สพป.เชียงใหม่ เขต 6,3,61.11,7.86,69.05,1.83,66.67,0.00,61.11,34.25,22.22,15.71
2566,368,บ้านสบแม่รวม,แม่แจ่ม,เล็ก,นอกเมือง,สำนักงานคณะกรรมการการศึกษาขั้นพื้นฐาน,สพป.เชียงใหม่ เขต 6,8,62.50,19.98,57.25,18.53,70.83,26.02,37.50,21.65,41.67,27.64
2566,369,บ้านสบวาก,แม่แจ่ม,เล็ก,นอกเมือง,สำนักงานคณะกรรมการการศึกษาขั้นพื้นฐาน,สพป.เชียงใหม่ เขต 6,6,58.33,15.96,56.55,9.91,77.78,15.71,55.56,18.43,38.89,22.91
2566,370,บ้านสองธาร,แม่แจ่ม,เล็ก,นอกเมือง,สำนักงานคณะกรรมการการศึกษาขั้นพื้นฐาน,สพป.เชียงใหม่ เขต 6,7,42.86,24.97,53.44,18.24,85.71,16.50,40.48,19.63,38.10,32.99
2566,371,บ้านสามสบ,แม่แจ่ม,เล็ก,นอกเมือง,สำนักงานคณะกรรมการการศึกษาขั้นพื้นฐาน,สพป.เชียงใหม่ เขต 6,3,50.00,0.00,51.49,11.63,44.44,15.71,33.33,13.61,22.22,31.43
2566,372,บ้านห้วยผา,แม่แจ่ม,เล็ก,นอกเมือง,สำนักงานคณะกรรมการการศึกษาขั้นพื้นฐาน,สพป.เชียงใหม่ เขต 6,3,55.56,20.79,48.21,13.91,77.78,15.71,55.56,20.79,22.22,31.43
2566,373,บ้านใหม่พัฒนาสันติ,แม่แจ่ม,เล็ก,นอกเมือง,กองบัญชาการตำรวจตระเวนชายแดน,-,3,44.44,7.86,60.12,9.79,55.56,15.71,33.33,13.61,33.33,27.22
2566,374,บ้านอมเม็ง,แม่แจ่ม,เล็ก,นอกเมือง,สำนักงานคณะกรรมการการศึกษาขั้นพื้นฐาน,สพป.เชียงใหม่ เขต 6,7,57.14,21.56,65.82,16.16,66.67,17.82,47.62,18.75,57.14,34.34
2566,375,บ้านเฮาะวิทยา,แม่แจ่ม,เล็ก,นอกเมือง,สำนักงานคณะกรรมการการศึกษาขั้นพื้นฐาน,สพป.เชียงใหม่ เขต 6,7,50.00,25.20,64.67,16.63,90.48,23.33,47.62,10.65,28.57,27.77
2566,376,เมืองเด็กวิทยา,แม่แจ่ม,เล็ก,นอกเมือง,สำนักงานคณะกรรมการส่งเสริมการศึกษาเอกชน,-,15,71.11,17.71,74.82,8.01,95.56,11.33,60.00,23.41,62.22,26.85
2566,377,ราชประชานุเคราะห์ 31,แม่แจ่ม,กลาง,นอกเมือง,สำนักบริหารงานการศึกษาพิเศษ,-,33,53.03,21.50,56.90,14.01,68.69,27.14,37.88,20.21,30.30,25.11
2566,378,ศูนย์การเรียนตำรวจตระเวนชายแดนบ้านแม่มุใน บริษัทซีเค พาวเวอร์ จำกัด (มหาชน) อุปถัมภ์,แม่แจ่ม,เล็ก,นอกเมือง,กองบัญชาการตำรวจตระเวนชายแดน,-,5,30.00,19.44,21.79,13.72,60.00,32.66,13.33,12.47,26.67,24.94
2566,379,ศูนย์การเรียนตำรวจตระเวนชายแดนสนั่น-เฉลิมเกตุ นภาศัพท์,แม่แจ่ม,เล็ก,นอกเมือง,กองบัญชาการตำรวจตระเวนชายแดน,-,14,59.52,19.63,53.89,12.45,80.95,20.76,41.67,26.54,28.57,24.74
2566,380,หลวงพัฒนาบ้านพุย,แม่แจ่ม,เล็ก,นอกเมือง,สำนักงานคณะกรรมการการศึกษาขั้นพื้นฐาน,สพป.เชียงใหม่ เขต 6,13,43.59,19.10,53.78,19.57,66.67,26.15,37.18,18.67,23.08,33.04
2566,381,ออป.13,แม่แจ่ม,เล็ก,นอกเมือง,สำนักงานคณะกรรมการการศึกษาขั้นพื้นฐาน,สพป.เชียงใหม่ เขต 6,15,47.78,15.95,53.81,16.54,66.67,24.34,38.89,18.92,40.00,27.76
2566,382,อินทนนท์วิทยา,แม่แจ่ม,เล็ก,นอกเมือง,สำนักงานคณะกรรมการการศึกษาขั้นพื้นฐาน,สพป.เชียงใหม่ เขต 6,6,50.00,19.25,61.16,12.34,72.22,22.91,36.11,14.96,27.78,22.91
2566,383,ชุมชนวัดช่อแล,แม่แตง,เล็ก,นอกเมือง,สำนักงานคณะกรรมการการศึกษาขั้นพื้นฐาน,สพป.เชียงใหม่ เขต 2,21,64.29,17.28,69.52,16.69,76.19,23.33,42.06,20.33,42.86,29.35
2566,384,เชียงใหม่มัธยม,แม่แตง,ใหญ่,นอกเมือง,สำนักงานคณะกรรมการส่งเสริมการศึกษาเอกชน,-,1,50.00,0.00,65.18,0.00,100.00,0.00,33.33,0.00,33.33,0.00
2566,385,ตชด.ไลออนส์มหาจักร 9,แม่แตง,เล็ก,นอกเมือง,กองบัญชาการตำรวจตระเวนชายแดน,-,10,30.00,25.60,44.73,18.93,53.33,22.11,28.33,15.00,33.33,29.81
2566,386,เทศบาลตำบลสันมหาพน,แม่แตง,กลาง,นอกเมือง,กรมส่งเสริมการปกครองท้องถิ่น,ท้องถิ่นจังหวัดเชียงใหม่,32,54.69,22.53,51.94,22.09,76.04,23.91,37.50,23.20,38.54,23.73
2566,387,บ้านก๋ายน้อย,แม่แตง,เล็ก,นอกเมือง,สำนักงานคณะกรรมการการศึกษาขั้นพื้นฐาน,สพป.เชียงใหม่ เขต 2,3,66.67,23.57,56.55,12.88,77.78,15.71,61.11,20.79,22.22,31.43
2566,388,บ้านทับเดื่อ,แม่แตง,เล็ก,นอกเมือง,สำนักงานคณะกรรมการการศึกษาขั้นพื้นฐาน,สพป.เชียงใหม่ เขต 2,10,35.00,17.40,47.77,27.62,73.33,29.06,36.67,26.67,33.33,25.82
2566,389,บ้านบวกหมื้อ,แม่แตง,เล็ก,นอกเมือง,สำนักงานคณะกรรมการการศึกษาขั้นพื้นฐาน,สพป.เชียงใหม่ เขต 2,10,70.00,19.44,70.89,13.44,76.67,21.34,41.67,15.37,53.33,26.67
2566,390,บ้านปง,แม่แตง,เล็ก,นอกเมือง,สำนักงานคณะกรรมการการศึกษาขั้นพื้นฐาน,สพป.เชียงใหม่ เขต 2,11,48.48,22.98,62.91,16.77,69.70,22.27,45.45,24.71,45.45,32.64
2566,391,บ้านปลาดาว,แม่แตง,เล็ก,นอกเมือง,สำนักงานคณะกรรมการส่งเสริมการศึกษาเอกชน,-,7,61.90,24.74,67.73,17.31,85.71,16.50,52.38,13.88,38.10,27.77
2566,392,บ้านปางกว้าง,แม่แตง,เล็ก,นอกเมือง,สำนักงานคณะกรรมการการศึกษาขั้นพื้นฐาน,สพป.เชียงใหม่ เขต 2,6,50.00,13.61,60.42,6.87,72.22,22.91,38.89,7.86,22.22,15.71
2566,393,บ้านปางไม้แดง,แม่แตง,เล็ก,นอกเมือง,สำนักงานคณะกรรมการการศึกษาขั้นพื้นฐาน,สพป.เชียงใหม่ เขต 2,9,59.26,13.86,54.07,18.27,70.37,24.57,40.74,22.38,33.33,27.22
2566,394,บ้านปางห้วยตาด,แม่แตง,เล็ก,นอกเมือง,สำนักงานคณะกรรมการการศึกษาขั้นพื้นฐาน,สพป.เชียงใหม่ เขต 2,13,50.00,13.07,55.49,14.64,66.67,22.65,43.59,24.93,41.03,26.65
2566,395,บ้านปางฮ่าง,แม่แตง,เล็ก,นอกเมือง,สำนักงานคณะกรรมการการศึกษาขั้นพื้นฐาน,สพป.เชียงใหม่ เขต 2,4,62.50,13.82,71.88,6.07,66.67,23.57,58.33,18.63,66.67,23.57
2566,396,บ้านเป้าวิทยาคาร,แม่แตง,เล็ก,นอกเมือง,สำนักงานคณะกรรมการการศึกษาขั้นพื้นฐาน,สพป.เชียงใหม่ เขต 2,12,47.22,22.40,47.92,16.23,72.22,26.64,23.61,20.93,25.00,24.06
2566,397,บ้านผาหมอน,แม่แตง,เล็ก,นอกเมือง,สำนักงานคณะกรรมการการศึกษาขั้นพื้นฐาน,สพป.เชียงใหม่ เขต 2,4,12.50,7.22,50.45,12.98,75.00,27.64,25.00,18.63,25.00,27.64
2566,398,บ้านผึ้ง,แม่แตง,เล็ก,นอกเมือง,สำนักงานคณะกรรมการการศึกษาขั้นพื้นฐาน,สพป.เชียงใหม่ เขต 2,12,65.28,30.01,62.50,12.12,75.00,24.06,44.44,22.91,41.67,24.06
2566,399,บ้านเมืองกื้ด,แม่แตง,เล็ก,นอกเมือง,สำนักงานคณะกรรมการการศึกษาขั้นพื้นฐาน,สพป.เชียงใหม่ เขต 2,29,50.57,22.52,55.11,18.82,73.56,22.11,44.83,25.56,37.93,31.23
2566,400,บ้านแม่ไคร้,แม่แตง,เล็ก,นอกเมือง,สำนักงานคณะกรรมการการศึกษาขั้นพื้นฐาน,สพป.เชียงใหม่ เขต 2,8,39.58,26.27,50.45,13.07,58.33,27.64,43.75,18.52,29.17,26.02
2566,401,บ้านแม่ตะมาน,แม่แตง,เล็ก,นอกเมือง,สำนักงานคณะกรรมการการศึกษาขั้นพื้นฐาน,สพป.เชียงใหม่ เขต 2,17,59.80,22.18,52.18,16.72,78.43,22.70,38.24,22.70,19.61,25.72
2566,402,บ้านแม่แมม,แม่แตง,เล็ก,นอกเมือง,สำนักงานคณะกรรมการการศึกษาขั้นพื้นฐาน,สพป.เชียงใหม่ เขต 2,3,38.89,20.79,36.16,10.61,66.67,27.22,16.67,13.61,33.33,0.00
2566,403,บ้านแม่เลา,แม่แตง,เล็ก,นอกเมือง,สำนักงานคณะกรรมการการศึกษาขั้นพื้นฐาน,สพป.เชียงใหม่ เขต 2,1,33.33,0.00,74.11,0.00,66.67,0.00,33.33,0.00,66.67,0.00
2566,404,บ้านแม่แสะ,แม่แตง,เล็ก,นอกเมือง,สำนักงานคณะกรรมการการศึกษาขั้นพื้นฐาน,สพป.เชียงใหม่ เขต 2,6,47.22,26.21,59.23,13.73,55.56,24.85,41.67,28.46,33.33,19.25
2566,405,ป่าจี้วังแดงวิทยา,แม่แตง,เล็ก,นอกเมือง,สำนักงานคณะกรรมการการศึกษาขั้นพื้นฐาน,สพป.เชียงใหม่ เขต 2,21,57.94,19.67,64.07,11.55,69.84,25.00,50.00,16.27,33.33,25.20
2566,406,ป่าแป๋วิทยา,แม่แตง,เล็ก,นอกเมือง,สำนักงานคณะกรรมการการศึกษาขั้นพื้นฐาน,สพป.เชียงใหม่ เขต 2,11,53.03,18.56,67.61,15.32,69.70,26.42,51.52,19.40,42.42,32.07
2566,407,ภูดินวิทยา,แม่แตง,เล็ก,นอกเมือง,สำนักงานคณะกรรมการการศึกษาขั้นพื้นฐาน,สพป.เชียงใหม่ เขต 2,1,66.67,0.00,69.64,0.00,100.00,0.00,66.67,0.00,100.00,0.00
2566,408,เมฆขจรเชียงใหม่,แม่แตง,เล็ก,นอกเมือง,สำนักงานคณะกรรมการส่งเสริมการศึกษาเอกชน,-,24,63.19,17.33,65.55,17.84,72.22,24.85,48.61,19.79,30.56,33.22
2566,409,ร่ำเปิงวิทยา,แม่แตง,กลาง,นอกเมือง,สำนักงานคณะกรรมการการศึกษาขั้นพื้นฐาน,สพป.เชียงใหม่ เขต 2,34,57.84,19.48,65.52,12.74,72.55,23.53,46.08,18.99,47.06,30.38
2566,410,วัดท่าข้าม,แม่แตง,เล็ก,นอกเมือง,สำนักงานคณะกรรมการการศึกษาขั้นพื้นฐาน,สพป.เชียงใหม่ เขต 2,10,66.67,16.67,76.79,11.74,93.33,13.33,36.67,12.47,43.33,15.28
2566,411,วัดทุ่งหลวง,แม่แตง,เล็ก,นอกเมือง,สำนักงานคณะกรรมการการศึกษาขั้นพื้นฐาน,สพป.เชียงใหม่ เขต 2,15,70.00,18.46,77.08,11.05,84.44,16.63,65.56,15.48,73.33,32.66
2566,412,วัดนาเม็ง,แม่แตง,เล็ก,นอกเมือง,สำนักงานคณะกรรมการการศึกษาขั้นพื้นฐาน,สพป.เชียงใหม่ เขต 2,8,62.50,16.14,69.64,8.12,79.17,23.20,31.25,17.55,45.83,23.20
2566,413,วัดบ้านเหล่า,แม่แตง,เล็ก,นอกเมือง,สำนักงานคณะกรรมการการศึกษาขั้นพื้นฐาน,สพป.เชียงใหม่ เขต 2,16,48.96,14.99,62.22,14.65,66.67,23.57,42.71,22.80,33.33,23.57
2566,414,วัดปางมะกล้วย,แม่แตง,เล็ก,นอกเมือง,สำนักงานคณะกรรมการการศึกษาขั้นพื้นฐาน,สพป.เชียงใหม่ เขต 2,4,58.33,18.63,74.11,8.63,83.33,16.67,50.00,20.41,50.00,16.67
2566,415,วัดแม่กะ,แม่แตง,เล็ก,นอกเมือง,สำนักงานคณะกรรมการการศึกษาขั้นพื้นฐาน,สพป.เชียงใหม่ เขต 2,10,80.00,14.53,78.04,9.05,90.00,15.28,80.00,19.44,73.33,20.00
2566,416,วัดหนองออน,แม่แตง,เล็ก,นอกเมือง,สำนักงานคณะกรรมการการศึกษาขั้นพื้นฐาน,สพป.เชียงใหม่ เขต 2,5,70.00,26.67,67.86,11.02,93.33,13.33,43.33,13.33,40.00,38.87
2566,417,วัดห้วยไร่,แม่แตง,เล็ก,นอกเมือง,สำนักงานคณะกรรมการการศึกษาขั้นพื้นฐาน,สพป.เชียงใหม่ เขต 2,11,45.45,27.61,56.90,17.97,60.61,23.86,42.42,21.75,42.42,40.43
2566,418,สบเปิงวิทยา,แม่แตง,กลาง,นอกเมือง,สำนักงานคณะกรรมการการศึกษาขั้นพื้นฐาน,สพป.เชียงใหม่ เขต 2,13,70.51,14.84,64.63,14.52,84.62,21.14,58.97,21.30,41.03,32.43
2566,419,สันป่ายางวิทยาคาร,แม่แตง,เล็ก,นอกเมือง,สำนักงานคณะกรรมการการศึกษาขั้นพื้นฐาน,สพป.เชียงใหม่ เขต 2,14,52.38,17.66,60.78,11.89,76.19,23.33,39.29,27.17,35.71,23.45
2566,420,สันป่าสักวิทยา,แม่แตง,กลาง,นอกเมือง,สำนักงานคณะกรรมการการศึกษาขั้นพื้นฐาน,สพป.เชียงใหม่ เขต 2,86,69.38,21.40,72.99,11.85,82.95,20.17,46.71,21.24,46.12,31.40
2566,421,สันมหาพนวิทยา,แม่แตง,เล็ก,นอกเมือง,สำนักงานคณะกรรมการการศึกษาขั้นพื้นฐาน,สพป.เชียงใหม่ เขต 2,26,52.56,19.99,57.86,19.25,74.36,24.99,44.87,27.65,37.18,28.23
2566,422,อนุบาลสานสายใยรักเทศบาลเมืองเมืองแกนพัฒนา,แม่แตง,กลาง,นอกเมือง,กรมส่งเสริมการปกครองท้องถิ่น,ท้องถิ่นจังหวัดเชียงใหม่,22,50.00,21.90,57.71,17.55,68.18,21.27,40.15,22.84,34.85,23.52
2566,423,เจ้าพ่อหลวงอุปถัมภ์ 7,แม่ริม,เล็ก,นอกเมือง,สำนักงานคณะกรรมการการศึกษาขั้นพื้นฐาน,สพป.เชียงใหม่ เขต 2,11,68.18,16.60,69.89,11.99,78.79,16.03,37.88,14.37,66.67,28.43
2566,424,เจ้าแม่หลวงอุปถัมภ์ 2,แม่ริม,เล็ก,นอกเมือง,สำนักงานคณะกรรมการการศึกษาขั้นพื้นฐาน,สพป.เชียงใหม่ เขต 2,17,47.06,24.41,57.30,16.09,62.75,22.53,36.27,20.80,29.41,19.41
2566,425,ดอนแก้วเนรมิตปัญญา,แม่ริม,กลาง,นอกเมือง,กรมส่งเสริมการปกครองท้องถิ่น,ท้องถิ่นจังหวัดเชียงใหม่,47,68.44,22.34,60.47,17.23,78.72,24.24,44.68,20.37,45.39,28.70
2566,426,ธีระวัธน์บำเพ็ญ,แม่ริม,กลาง,นอกเมือง,สำนักงานคณะกรรมการส่งเสริมการศึกษาเอกชน,-,72,64.58,19.03,73.29,13.27,82.41,22.89,52.31,17.19,54.17,28.57
2566,427,บ้านกองแหะ,แม่ริม,เล็ก,นอกเมือง,สำนักงานคณะกรรมการการศึกษาขั้นพื้นฐาน,สพป.เชียงใหม่ เขต 2,3,66.67,36.00,61.31,6.20,66.67,0.00,33.33,13.61,55.56,41.57
2566,428,บ้านกาดฮาว,แม่ริม,เล็ก,นอกเมือง,สำนักงานคณะกรรมการการศึกษาขั้นพื้นฐาน,สพป.เชียงใหม่ เขต 2,8,52.08,13.01,63.73,17.71,66.67,23.57,50.00,16.67,41.67,39.97
2566,429,บ้านคุณหมอ,แม่ริม,กลาง,นอกเมือง,สำนักงานคณะกรรมการส่งเสริมการศึกษาเอกชน,-,23,63.77,16.04,72.48,18.12,81.16,23.73,50.72,18.70,46.38,25.52
2566,430,บ้านดอนแก้ว,แม่ริม,กลาง,นอกเมือง,กรมส่งเสริมการปกครองท้องถิ่น,ท้องถิ่นจังหวัดเชียงใหม่,14,70.24,18.02,58.10,17.65,59.52,25.75,39.29,16.19,35.71,26.62
2566,431,บ้านต้นผึ้ง,แม่ริม,เล็ก,นอกเมือง,สำนักงานคณะกรรมการการศึกษาขั้นพื้นฐาน,สพป.เชียงใหม่ เขต 2,18,65.74,23.88,58.18,16.31,77.78,19.25,45.37,21.38,33.33,33.33
2566,432,บ้านทุ่งโป่ง,แม่ริม,กลาง,นอกเมือง,สำนักงานคณะกรรมการการศึกษาขั้นพื้นฐาน,สพป.เชียงใหม่ เขต 2,14,73.81,19.63,76.66,11.44,78.57,20.34,38.10,19.34,59.52,31.32
2566,433,บ้านน้ำริน,แม่ริม,เล็ก,นอกเมือง,สำนักงานคณะกรรมการการศึกษาขั้นพื้นฐาน,สพป.เชียงใหม่ เขต 2,6,77.78,12.42,72.02,11.95,83.33,16.67,58.33,8.33,72.22,12.42
2566,434,บ้านบวกจั่น,แม่ริม,เล็ก,นอกเมือง,สำนักงานคณะกรรมการการศึกษาขั้นพื้นฐาน,สพป.เชียงใหม่ เขต 2,7,57.14,23.33,66.71,13.66,80.95,24.28,47.62,25.86,28.57,21.30
2566,435,บ้านปางไฮ,แม่ริม,กลาง,นอกเมือง,สำนักงานคณะกรรมการการศึกษาขั้นพื้นฐาน,สพป.เชียงใหม่ เขต 2,10,68.33,11.67,62.86,11.70,76.67,21.34,65.00,25.22,56.67,26.03
2566,436,บ้านป่าติ้ว,แม่ริม,เล็ก,นอกเมือง,สำนักงานคณะกรรมการการศึกษาขั้นพื้นฐาน,สพป.เชียงใหม่ เขต 2,21,51.59,17.75,65.86,14.67,77.78,21.41,46.03,17.75,38.10,34.56
2566,437,บ้านโป่งแยงนอก,แม่ริม,เล็ก,นอกเมือง,สำนักงานคณะกรรมการการศึกษาขั้นพื้นฐาน,สพป.เชียงใหม่ เขต 2,13,51.28,25.71,67.24,15.18,97.44,8.88,51.28,24.86,20.51,20.83
2566,438,บ้านโป่งแยงใน,แม่ริม,เล็ก,นอกเมือง,สำนักงานคณะกรรมการการศึกษาขั้นพื้นฐาน,สพป.เชียงใหม่ เขต 2,20,63.33,18.71,72.37,11.81,76.67,23.80,48.33,25.22,56.67,33.50
2566,439,บ้านพระนอน,แม่ริม,เล็ก,นอกเมือง,สำนักงานคณะกรรมการการศึกษาขั้นพื้นฐาน,สพป.เชียงใหม่ เขต 2,18,55.56,22.22,53.72,20.33,68.52,28.27,48.15,20.70,50.00,31.91
2566,440,บ้านเมืองก๊ะ,แม่ริม,เล็ก,นอกเมือง,สำนักงานคณะกรรมการการศึกษาขั้นพื้นฐาน,สพป.เชียงใหม่ เขต 2,9,74.07,17.76,61.11,16.17,88.89,22.22,42.59,27.34,62.96,33.13
2566,441,บ้านแม่สา,แม่ริม,กลาง,นอกเมือง,สำนักงานคณะกรรมการการศึกษาขั้นพื้นฐาน,สพป.เชียงใหม่ เขต 2,15,71.11,20.61,58.45,20.68,88.89,15.71,53.33,17.43,68.89,28.46
2566,442,บ้านริมใต้,แม่ริม,กลาง,นอกเมือง,สำนักงานคณะกรรมการการศึกษาขั้นพื้นฐาน,สพป.เชียงใหม่ เขต 2,95,70.70,18.53,77.46,11.02,80.70,21.94,55.44,20.30,65.96,32.80
2566,443,บ้านศาลา,แม่ริม,กลาง,นอกเมือง,กรมส่งเสริมการปกครองท้องถิ่น,ท้องถิ่นจังหวัดเชียงใหม่,12,66.67,22.57,65.92,14.43,66.67,23.57,37.50,19.39,41.67,24.06
2566,444,บ้านสะลวงนอก,แม่ริม,เล็ก,นอกเมือง,สำนักงานคณะกรรมการการศึกษาขั้นพื้นฐาน,สพป.เชียงใหม่ เขต 2,11,54.55,23.67,59.66,14.47,78.79,21.43,43.94,19.17,33.33,31.78
2566,445,บ้านสันคะยอม,แม่ริม,เล็ก,นอกเมือง,สำนักงานคณะกรรมการการศึกษาขั้นพื้นฐาน,สพป.เชียงใหม่ เขต 2,8,58.33,20.41,75.33,10.49,75.00,22.05,47.92,17.55,41.67,32.27
2566,446,บ้านหนองปลามัน,แม่ริม,เล็ก,นอกเมือง,สำนักงานคณะกรรมการการศึกษาขั้นพื้นฐาน,สพป.เชียงใหม่ เขต 2,23,55.07,18.67,54.74,19.86,71.01,24.68,44.20,20.62,37.68,31.55
2566,447,มูลนิธิมหาราช 5,แม่ริม,เล็ก,นอกเมือง,สำนักงานคณะกรรมการการศึกษาขั้นพื้นฐาน,สพป.เชียงใหม่ เขต 2,9,59.26,17.76,61.11,14.10,70.37,24.57,51.85,14.58,40.74,20.95
2566,448,ราชประชานุเคราะห์ 60 จังหวัดเชียงใหม่,แม่ริม,กลาง,นอกเมือง,สำนักบริหารงานการศึกษาพิเศษ,-,20,45.83,16.56,58.35,13.34,73.33,17.00,35.83,16.89,36.67,25.60
2566,449,วัดทรายมูล,แม่ริม,เล็ก,นอกเมือง,สำนักงานคณะกรรมการการศึกษาขั้นพื้นฐาน,สพป.เชียงใหม่ เขต 2,24,57.64,19.83,67.93,15.62,81.94,19.19,54.17,24.65,45.83,31.64
2566,450,บ้านกาด(เขมวังส์ฯ),แม่วาง,กลาง,นอกเมือง,สำนักงานคณะกรรมการการศึกษาขั้นพื้นฐาน,สพป.เชียงใหม่ เขต 4,43,54.65,29.71,65.86,19.45,71.32,24.46,44.19,24.61,47.29,33.90
2566,451,บ้านทุ่งหลวง,แม่วาง,เล็ก,นอกเมือง,สำนักงานคณะกรรมการการศึกษาขั้นพื้นฐาน,สพป.เชียงใหม่ เขต 4,9,46.30,23.28,54.76,13.84,70.37,24.57,37.04,18.89,33.33,27.22
2566,452,บ้านพันตน,แม่วาง,เล็ก,นอกเมือง,สำนักงานคณะกรรมการการศึกษาขั้นพื้นฐาน,สพป.เชียงใหม่ เขต 4,8,45.83,19.98,69.31,7.83,54.17,23.20,41.67,20.41,37.50,19.98
2566,453,บ้านหนองเต่า,แม่วาง,เล็ก,นอกเมือง,สำนักงานคณะกรรมการการศึกษาขั้นพื้นฐาน,สพป.เชียงใหม่ เขต 4,5,73.33,8.16,61.79,12.66,80.00,16.33,53.33,16.33,53.33,33.99
2566,454,บ้านห้วยข้าวลีบ,แม่วาง,เล็ก,นอกเมือง,สำนักงานคณะกรรมการการศึกษาขั้นพื้นฐาน,สพป.เชียงใหม่ เขต 4,14,51.19,22.24,49.94,14.33,59.52,22.46,20.24,14.34,40.48,25.75
2566,455,บ้านห้วยตอง,แม่วาง,กลาง,นอกเมือง,สำนักงานคณะกรรมการการศึกษาขั้นพื้นฐาน,สพป.เชียงใหม่ เขต 4,20,49.17,17.85,45.09,19.40,65.00,19.65,35.00,21.02,21.67,28.43
2566,456,บ้านเหล่าป่าฝาง,แม่วาง,เล็ก,นอกเมือง,สำนักงานคณะกรรมการการศึกษาขั้นพื้นฐาน,สพป.เชียงใหม่ เขต 4,4,75.00,8.33,74.78,8.09,91.67,14.43,50.00,11.79,66.67,0.00
2566,457,บ้านใหม่สวรรค์,แม่วาง,เล็ก,นอกเมือง,สำนักงานคณะกรรมการการศึกษาขั้นพื้นฐาน,สพป.เชียงใหม่ เขต 4,13,65.38,26.52,69.16,11.80,82.05,16.62,56.41,15.38,64.10,30.55
2566,458,พัฒนาต้นน้ำที่ 5 ขุนวาง,แม่วาง,เล็ก,นอกเมือง,สำนักงานคณะกรรมการการศึกษาขั้นพื้นฐาน,สพป.เชียงใหม่ เขต 4,20,55.83,21.26,52.68,20.65,70.00,23.33,43.33,21.98,40.00,20.00
2566,459,แม่วินสามัคคี,แม่วาง,กลาง,นอกเมือง,สำนักงานคณะกรรมการการศึกษาขั้นพื้นฐาน,สพป.เชียงใหม่ เขต 4,28,52.38,20.27,49.51,20.21,60.71,29.62,36.31,20.92,36.90,32.54
2566,460,วัดดอนเปา,แม่วาง,เล็ก,นอกเมือง,กรมส่งเสริมการปกครองท้องถิ่น,ท้องถิ่นจังหวัดเชียงใหม่,14,58.33,16.37,67.60,18.00,78.57,23.93,58.33,20.65,42.86,31.94
2566,461,วัดทุ่งศาลา,แม่วาง,เล็ก,นอกเมือง,สำนักงานคณะกรรมการการศึกษาขั้นพื้นฐาน,สพป.เชียงใหม่ เขต 4,10,51.67,15.72,53.13,18.59,70.00,27.69,33.33,23.57,36.67,23.33
2566,462,วัดมะกับตองหลวง,แม่วาง,เล็ก,นอกเมือง,สำนักงานคณะกรรมการการศึกษาขั้นพื้นฐาน,สพป.เชียงใหม่ เขต 4,2,83.33,16.67,68.75,0.89,83.33,16.67,58.33,8.33,16.67,16.67
2566,463,วัดศิริชัยนิมิตร,แม่วาง,เล็ก,นอกเมือง,สำนักงานคณะกรรมการการศึกษาขั้นพื้นฐาน,สพป.เชียงใหม่ เขต 4,10,51.67,18.93,76.88,8.25,83.33,16.67,55.00,18.33,53.33,22.11
2566,464,วัดห้วยแก้ว,แม่วาง,เล็ก,นอกเมือง,สำนักงานคณะกรรมการการศึกษาขั้นพื้นฐาน,สพป.เชียงใหม่ เขต 4,5,53.33,26.67,60.45,23.56,80.00,26.67,56.67,8.16,40.00,38.87
2566,465,สโมสรไลออนรัตนโกสินทร์,แม่วาง,เล็ก,นอกเมือง,สำนักงานคณะกรรมการการศึกษาขั้นพื้นฐาน,สพป.เชียงใหม่ เขต 4,4,37.50,13.82,54.69,17.65,58.33,27.64,33.33,20.41,33.33,23.57
2566,466,สารสาสน์วิเทศอุปถัมภ์,แม่วาง,กลาง,นอกเมือง,สำนักงานคณะกรรมการส่งเสริมการศึกษาเอกชน,-,26,57.05,21.77,57.07,17.37,74.36,21.30,46.79,19.07,32.05,29.93
2566,467,หลวงพัฒนาบ้านขุนวาง,แม่วาง,กลาง,นอกเมือง,สำนักงานคณะกรรมการการศึกษาขั้นพื้นฐาน,สพป.เชียงใหม่ เขต 4,25,54.67,23.81,47.96,18.41,64.00,24.80,39.33,18.18,41.33,30.23
2566,468,ทาเหนือวิทยา,แม่ออน,เล็ก,นอกเมือง,สำนักงานคณะกรรมการการศึกษาขั้นพื้นฐาน,สพป.เชียงใหม่ เขต 1,22,53.03,22.83,49.98,22.08,71.21,27.15,41.67,21.76,30.30,28.26
2566,469,บ้านออนกลาง,แม่ออน,เล็ก,นอกเมือง,สำนักงานคณะกรรมการการศึกษาขั้นพื้นฐาน,สพป.เชียงใหม่ เขต 1,7,71.43,17.17,69.39,13.87,95.24,11.66,47.62,32.65,38.10,37.50
2566,470,บ้านออนหลวย,แม่ออน,เล็ก,นอกเมือง,สำนักงานคณะกรรมการการศึกษาขั้นพื้นฐาน,สพป.เชียงใหม่ เขต 1,6,61.11,28.33,62.35,14.90,83.33,25.46,50.00,19.25,44.44,15.71
2566,471,แม่ตะไคร้,แม่ออน,เล็ก,นอกเมือง,สำนักงานคณะกรรมการการศึกษาขั้นพื้นฐาน,สพป.เชียงใหม่ เขต 1,5,53.33,12.47,59.46,18.98,93.33,13.33,53.33,16.33,13.33,16.33
2566,472,วัดดอนชัย,แม่ออน,เล็ก,นอกเมือง,สำนักงานคณะกรรมการการศึกษาขั้นพื้นฐาน,สพป.เชียงใหม่ เขต 1,4,66.67,16.67,67.41,17.86,83.33,16.67,58.33,14.43,50.00,16.67
2566,473,วัดเปาสามขา,แม่ออน,เล็ก,นอกเมือง,สำนักงานคณะกรรมการการศึกษาขั้นพื้นฐาน,สพป.เชียงใหม่ เขต 1,9,57.41,19.42,63.10,15.45,66.67,15.71,35.19,21.44,37.04,24.57
2566,474,วัดห้วยแก้ว,แม่ออน,เล็ก,นอกเมือง,สำนักงานคณะกรรมการการศึกษาขั้นพื้นฐาน,สพป.เชียงใหม่ เขต 1,16,63.54,15.83,68.92,13.48,87.50,16.14,50.00,23.57,70.83,23.20
2566,475,วัดห้วยทราย,แม่ออน,เล็ก,นอกเมือง,สำนักงานคณะกรรมการการศึกษาขั้นพื้นฐาน,สพป.เชียงใหม่ เขต 1,16,46.88,18.84,59.21,11.81,68.75,27.56,36.46,14.69,25.00,27.64
2566,476,หมู่บ้านสหกรณ์ 2,แม่ออน,เล็ก,นอกเมือง,สำนักงานคณะกรรมการการศึกษาขั้นพื้นฐาน,สพป.เชียงใหม่ เขต 1,22,60.61,17.80,68.67,10.99,77.27,25.40,44.70,17.69,48.48,27.94
2566,477,กมล -เรียม สุโกศล (บ้านผาใต้),แม่อาย,เล็ก,นอกเมือง,สำนักงานคณะกรรมการการศึกษาขั้นพื้นฐาน,สพป.เชียงใหม่ เขต 3,13,47.44,12.82,49.31,8.21,74.36,23.22,35.90,19.44,30.77,27.62
2566,478,เจ้าพ่อหลวงอุปถัมภ์ 9,แม่อาย,กลาง,นอกเมือง,สำนักงานคณะกรรมการการศึกษาขั้นพื้นฐาน,สพป.เชียงใหม่ เขต 3,27,55.56,19.77,56.38,18.82,72.84,24.07,41.98,18.91,44.44,25.66
2566,479,ชุมชนบ้านคาย,แม่อาย,กลาง,นอกเมือง,สำนักงานคณะกรรมการการศึกษาขั้นพื้นฐาน,สพป.เชียงใหม่ เขต 3,28,57.74,16.95,60.97,15.68,82.14,18.86,47.62,23.02,38.10,27.77
2566,480,ชุมชนบ้านแม่ฮ่าง,แม่อาย,กลาง,นอกเมือง,สำนักงานคณะกรรมการการศึกษาขั้นพื้นฐาน,สพป.เชียงใหม่ เขต 3,39,58.97,25.28,71.79,18.68,79.49,22.16,47.86,23.01,51.28,34.46
2566,481,โชติคุณเกษมบ้านเมืองงาม,แม่อาย,กลาง,นอกเมือง,สำนักงานคณะกรรมการการศึกษาขั้นพื้นฐาน,สพป.เชียงใหม่ เขต 3,38,43.42,18.55,49.94,17.47,61.40,24.81,33.77,22.13,36.84,28.40
2566,482,ต.ช.ด. ไลออนส์มหาจักร 8,แม่อาย,เล็ก,นอกเมือง,สำนักงานคณะกรรมการการศึกษาขั้นพื้นฐาน,สพป.เชียงใหม่ เขต 3,27,54.94,18.04,53.67,15.88,71.60,21.67,41.36,20.97,35.80,31.33
2566,483,ต.ช.ด.ศึกษานารีอนุสรณ์ 3,แม่อาย,เล็ก,นอกเมือง,สำนักงานคณะกรรมการการศึกษาขั้นพื้นฐาน,สพป.เชียงใหม่ เขต 3,18,55.56,20.79,63.94,12.77,83.33,20.03,40.74,20.20,38.89,37.27
2566,484,ทุติยะโพธิ์อนุสรณ์,แม่อาย,เล็ก,นอกเมือง,กองบัญชาการตำรวจตระเวนชายแดน,-,6,36.11,17.79,57.89,10.96,66.67,19.25,33.33,16.67,33.33,38.49
2566,485,ไทยทนุบ้านสันต้นดู่,แม่อาย,เล็ก,นอกเมือง,สำนักงานคณะกรรมการการศึกษาขั้นพื้นฐาน,สพป.เชียงใหม่ เขต 3,19,45.61,20.83,49.01,16.36,70.18,23.93,46.49,19.93,43.86,28.72
2566,486,ไทยรัฐวิทยา 12 (บ้านเอก),แม่อาย,กลาง,นอกเมือง,สำนักงานคณะกรรมการการศึกษาขั้นพื้นฐาน,สพป.เชียงใหม่ เขต 3,18,64.81,15.60,70.19,9.74,83.33,20.03,62.04,16.49,59.26,32.50
2566,487,บ้านดง,แม่อาย,กลาง,นอกเมือง,สำนักงานคณะกรรมการการศึกษาขั้นพื้นฐาน,สพป.เชียงใหม่ เขต 3,11,56.06,17.80,72.56,13.50,87.88,21.43,60.61,19.17,48.48,32.92
2566,488,บ้านดอนชัย,แม่อาย,เล็ก,นอกเมือง,สำนักงานคณะกรรมการการศึกษาขั้นพื้นฐาน,สพป.เชียงใหม่ เขต 3,10,48.33,24.09,48.48,26.61,56.67,26.03,43.33,18.56,53.33,33.99
2566,489,บ้านท่ามะแกง,แม่อาย,เล็ก,นอกเมือง,สำนักงานคณะกรรมการการศึกษาขั้นพื้นฐาน,สพป.เชียงใหม่ เขต 3,11,68.18,16.60,67.21,8.95,78.79,25.71,57.58,21.75,45.45,35.60
2566,490,บ้านป่าก๊อ,แม่อาย,กลาง,นอกเมือง,สำนักงานคณะกรรมการการศึกษาขั้นพื้นฐาน,สพป.เชียงใหม่ เขต 3,13,38.46,18.93,48.35,15.84,69.23,15.81,37.18,20.83,35.90,33.23
2566,491,บ้านปางต้นเดื่อ,แม่อาย,กลาง,นอกเมือง,สำนักงานคณะกรรมการการศึกษาขั้นพื้นฐาน,สพป.เชียงใหม่ เขต 3,17,66.67,20.61,72.51,18.06,80.39,20.00,39.22,17.09,52.94,25.72
2566,492,บ้านป่าแดง,แม่อาย,กลาง,นอกเมือง,สำนักงานคณะกรรมการการศึกษาขั้นพื้นฐาน,สพป.เชียงใหม่ เขต 3,16,39.58,18.52,41.49,26.30,52.08,16.54,22.92,16.54,29.17,26.02
2566,493,บ้านโป่งไฮ,แม่อาย,เล็ก,นอกเมือง,สำนักงานคณะกรรมการการศึกษาขั้นพื้นฐาน,สพป.เชียงใหม่ เขต 3,7,45.24,27.77,39.54,23.49,57.14,29.35,21.43,11.66,19.05,24.28
2566,494,บ้านแม่สาว,แม่อาย,กลาง,นอกเมือง,สำนักงานคณะกรรมการการศึกษาขั้นพื้นฐาน,สพป.เชียงใหม่ เขต 3,42,67.06,19.07,71.90,11.86,88.10,17.55,51.98,22.48,54.76,27.04
2566,495,บ้านโละ,แม่อาย,เล็ก,นอกเมือง,สำนักงานคณะกรรมการการศึกษาขั้นพื้นฐาน,สพป.เชียงใหม่ เขต 3,8,45.83,26.02,56.58,16.36,66.67,28.87,25.00,18.63,37.50,30.90
2566,496,บ้านสันต้นหมื้อ,แม่อาย,กลาง,นอกเมือง,สำนักงานคณะกรรมการการศึกษาขั้นพื้นฐาน,สพป.เชียงใหม่ เขต 3,46,52.17,23.73,52.21,17.51,68.12,23.01,35.51,18.59,27.54,25.35
2566,497,บ้านสันปอธง,แม่อาย,เล็ก,นอกเมือง,สำนักงานคณะกรรมการการศึกษาขั้นพื้นฐาน,สพป.เชียงใหม่ เขต 3,15,45.56,16.63,49.70,12.91,66.67,24.34,37.78,22.33,20.00,20.37
2566,498,บ้านสันป่าข่า,แม่อาย,เล็ก,นอกเมือง,สำนักงานคณะกรรมการการศึกษาขั้นพื้นฐาน,สพป.เชียงใหม่ เขต 3,6,44.44,20.79,67.11,17.32,77.78,15.71,50.00,9.62,22.22,36.85
2566,499,บ้านสันป่าเหียว,แม่อาย,เล็ก,นอกเมือง,สำนักงานคณะกรรมการการศึกษาขั้นพื้นฐาน,สพป.เชียงใหม่ เขต 3,10,61.67,18.33,72.41,14.27,90.00,21.34,53.33,20.82,46.67,30.55
2566,500,บ้านสุขฤทัย,แม่อาย,กลาง,นอกเมือง,สำนักงานคณะกรรมการการศึกษาขั้นพื้นฐาน,สพป.เชียงใหม่ เขต 3,40,49.17,17.46,53.57,15.78,72.50,23.44,32.08,19.50,33.33,26.87
2566,501,บ้านหนองขี้นกยาง,แม่อาย,เล็ก,นอกเมือง,สำนักงานคณะกรรมการการศึกษาขั้นพื้นฐาน,สพป.เชียงใหม่ เขต 3,11,51.52,28.83,59.25,24.01,78.79,25.71,46.97,15.60,36.36,30.00
2566,502,บ้านหลวง,แม่อาย,เล็ก,นอกเมือง,สำนักงานคณะกรรมการการศึกษาขั้นพื้นฐาน,สพป.เชียงใหม่ เขต 3,6,36.11,20.22,42.86,21.83,61.11,29.92,19.44,11.45,33.33,0.00
2566,503,บ้านห้วยคอกหมู,แม่อาย,เล็ก,นอกเมือง,สำนักงานคณะกรรมการการศึกษาขั้นพื้นฐาน,สพป.เชียงใหม่ เขต 3,20,28.33,24.78,31.61,17.03,46.67,16.33,23.33,15.28,26.67,20.00
2566,504,บ้านห้วยป่าซาง,แม่อาย,เล็ก,นอกเมือง,สำนักงานคณะกรรมการการศึกษาขั้นพื้นฐาน,สพป.เชียงใหม่ เขต 3,17,66.67,20.61,73.21,12.15,74.51,21.48,41.18,19.90,49.02,30.50
2566,505,บ้านห้วยปู,แม่อาย,เล็ก,นอกเมือง,สำนักงานคณะกรรมการการศึกษาขั้นพื้นฐาน,สพป.เชียงใหม่ เขต 3,15,65.56,21.49,70.60,8.86,71.11,16.63,36.67,23.73,33.33,29.81
2566,506,บ้านห้วยม่วง,แม่อาย,เล็ก,นอกเมือง,สำนักงานคณะกรรมการการศึกษาขั้นพื้นฐาน,สพป.เชียงใหม่ เขต 3,6,36.11,17.79,68.75,13.40,72.22,12.42,58.33,28.46,50.00,25.46
2566,507,บ้านห้วยศาลา,แม่อาย,เล็ก,นอกเมือง,สำนักงานคณะกรรมการการศึกษาขั้นพื้นฐาน,สพป.เชียงใหม่ เขต 3,17,54.90,19.61,61.29,17.69,82.35,23.20,51.96,24.17,41.18,29.22
2566,508,บ้านฮ่างต่ำ,แม่อาย,เล็ก,นอกเมือง,สำนักงานคณะกรรมการการศึกษาขั้นพื้นฐาน,สพป.เชียงใหม่ เขต 3,16,64.58,26.27,70.65,11.89,77.08,25.60,52.08,24.91,43.75,34.80
2566,509,ประพันธ์ - อารีย์ หงษ์สกุล (บ้านห้วยห,แม่อาย,กลาง,นอกเมือง,สำนักงานคณะกรรมการการศึกษาขั้นพื้นฐาน,สพป.เชียงใหม่ เขต 3,10,41.67,17.08,44.46,17.09,53.33,16.33,46.67,31.45,23.33,30.00
2566,510,เพียงหลวง 1 (บ้านท่าตอน),แม่อาย,กลาง,นอกเมือง,สำนักงานคณะกรรมการการศึกษาขั้นพื้นฐาน,สพป.เชียงใหม่ เขต 3,23,76.09,18.27,73.91,9.59,81.16,23.73,60.14,20.70,65.22,25.02
2566,511,ราชประชานุเคราะห์ 30,แม่อาย,กลาง,นอกเมือง,สำนักบริหารงานการศึกษาพิเศษ,-,30,48.89,19.21,55.92,16.38,77.78,24.85,48.89,17.18,28.89,28.20
2566,512,วัดห้วยน้ำเย็น,แม่อาย,เล็ก,นอกเมือง,สำนักงานคณะกรรมการการศึกษาขั้นพื้นฐาน,สพป.เชียงใหม่ เขต 3,10,51.67,13.84,59.38,16.02,76.67,21.34,40.00,22.61,46.67,22.11
2566,513,ศึกษานารีอนุสรณ์ 1 บ้านแม่เมืองน้อย,แม่อาย,เล็ก,นอกเมือง,สำนักงานคณะกรรมการการศึกษาขั้นพื้นฐาน,สพป.เชียงใหม่ เขต 3,14,59.52,19.63,60.59,11.62,69.05,19.78,45.24,18.29,30.95,15.25
2566,514,ศึกษานารีอนุสรณ์ 2,แม่อาย,กลาง,นอกเมือง,สำนักงานคณะกรรมการการศึกษาขั้นพื้นฐาน,สพป.เชียงใหม่ เขต 3,16,45.83,23.20,43.86,17.25,62.50,23.20,28.13,16.37,10.42,19.43
2566,515,เฮียงไทยธำรงค์,แม่อาย,เล็ก,นอกเมือง,กองบัญชาการตำรวจตระเวนชายแดน,-,9,31.48,14.58,29.46,18.40,66.67,22.22,29.63,20.45,22.22,22.22
2566,516,ตชด.เบญจมะ1,เวียงแหง,เล็ก,นอกเมือง,กองบัญชาการตำรวจตระเวนชายแดน,-,9,38.89,11.11,32.09,18.39,70.37,24.57,31.48,22.83,25.93,20.95
2566,517,บ้านกองลม,เวียงแหง,กลาง,นอกเมือง,สำนักงานคณะกรรมการการศึกษาขั้นพื้นฐาน,สพป.เชียงใหม่ เขต 3,38,57.89,25.57,65.18,17.26,76.32,22.82,40.35,18.59,40.35,26.66
2566,518,บ้านจอง,เวียงแหง,กลาง,นอกเมือง,สำนักงานคณะกรรมการการศึกษาขั้นพื้นฐาน,สพป.เชียงใหม่ เขต 3,16,61.46,23.36,70.59,14.75,81.25,20.31,51.04,22.41,56.25,30.55
2566,519,บ้านนามน,เวียงแหง,เล็ก,นอกเมือง,สำนักงานคณะกรรมการการศึกษาขั้นพื้นฐาน,สพป.เชียงใหม่ เขต 3,16,56.25,16.54,63.34,13.74,75.00,25.00,37.50,16.14,27.08,29.39
2566,520,บ้านปางป๋อ,เวียงแหง,เล็ก,นอกเมือง,สำนักงานคณะกรรมการการศึกษาขั้นพื้นฐาน,สพป.เชียงใหม่ เขต 3,26,53.21,22.65,54.70,19.88,61.54,22.06,39.74,22.21,32.05,23.54
2566,521,บ้านเปียงหลวง,เวียงแหง,กลาง,นอกเมือง,สำนักงานคณะกรรมการการศึกษาขั้นพื้นฐาน,สพป.เชียงใหม่ เขต 3,68,47.55,23.96,51.53,24.65,72.55,23.53,46.32,21.36,38.73,27.78
2566,522,บ้านม่วงป๊อก,เวียงแหง,กลาง,นอกเมือง,สำนักงานคณะกรรมการการศึกษาขั้นพื้นฐาน,สพป.เชียงใหม่ เขต 3,35,55.24,25.75,63.09,13.96,70.48,23.60,37.62,20.45,41.90,29.11
2566,523,บ้านเวียงแหง,เวียงแหง,กลาง,นอกเมือง,สำนักงานคณะกรรมการการศึกษาขั้นพื้นฐาน,สพป.เชียงใหม่ เขต 3,19,57.89,21.88,57.24,11.74,82.46,22.60,45.61,24.69,40.35,33.47
2566,524,บ้านห้วยไคร้,เวียงแหง,กลาง,นอกเมือง,สำนักงานคณะกรรมการการศึกษาขั้นพื้นฐาน,สพป.เชียงใหม่ เขต 3,12,61.11,14.16,59.00,9.78,91.67,14.43,50.00,21.52,36.11,21.34
2566,525,รัฐราษฎร์อุปถัมภ์,เวียงแหง,กลาง,นอกเมือง,สำนักงานคณะกรรมการการศึกษาขั้นพื้นฐาน,สพป.เชียงใหม่ เขต 3,40,58.33,26.35,55.50,21.50,75.83,22.35,44.58,20.88,33.33,30.73
2566,526,ชุมชนบ้านดง,สะเมิง,เล็ก,นอกเมือง,สำนักงานคณะกรรมการการศึกษาขั้นพื้นฐาน,สพป.เชียงใหม่ เขต 2,15,58.89,20.96,57.98,15.24,62.22,20.61,36.67,15.15,22.22,19.88
2566,527,ชุมชนบ้านแม่สาบ,สะเมิง,เล็ก,นอกเมือง,สำนักงานคณะกรรมการการศึกษาขั้นพื้นฐาน,สพป.เชียงใหม่ เขต 2,7,57.14,15.06,54.34,23.58,71.43,21.30,35.71,20.76,33.33,25.20
2566,528,ทรายทองราษฎร์อุทิศ,สะเมิง,เล็ก,นอกเมือง,สำนักงานคณะกรรมการการศึกษาขั้นพื้นฐาน,สพป.เชียงใหม่ เขต 2,7,66.67,15.43,71.94,10.87,95.24,11.66,59.52,17.50,42.86,34.34
2566,529,บ้านกิ่วเสือ,สะเมิง,เล็ก,นอกเมือง,สำนักงานคณะกรรมการการศึกษาขั้นพื้นฐาน,สพป.เชียงใหม่ เขต 2,5,50.00,23.57,47.32,12.81,66.67,21.08,36.67,22.11,20.00,16.33
2566,530,บ้านนากู่,สะเมิง,เล็ก,นอกเมือง,สำนักงานคณะกรรมการการศึกษาขั้นพื้นฐาน,สพป.เชียงใหม่ เขต 2,5,70.00,19.44,61.96,12.44,86.67,16.33,56.67,24.94,66.67,21.08
2566,531,บ้านบ่อแก้ว,สะเมิง,กลาง,นอกเมือง,สำนักงานคณะกรรมการการศึกษาขั้นพื้นฐาน,สพป.เชียงใหม่ เขต 2,26,53.85,19.78,55.61,18.27,74.36,23.22,36.54,19.07,41.03,24.99
2566,532,บ้านปางขุม,สะเมิง,เล็ก,นอกเมือง,สำนักงานคณะกรรมการการศึกษาขั้นพื้นฐาน,สพป.เชียงใหม่ เขต 2,10,61.67,19.79,45.80,12.96,63.33,27.69,30.00,12.47,40.00,29.06
2566,533,บ้านป่าลาน,สะเมิง,เล็ก,นอกเมือง,สำนักงานคณะกรรมการการศึกษาขั้นพื้นฐาน,สพป.เชียงใหม่ เขต 2,11,59.09,20.55,63.96,14.84,75.76,20.55,33.33,22.47,30.30,26.42
2566,534,บ้านแม่ขะปู,สะเมิง,เล็ก,นอกเมือง,สำนักงานคณะกรรมการการศึกษาขั้นพื้นฐาน,สพป.เชียงใหม่ เขต 2,18,50.93,23.88,48.26,14.37,70.37,21.91,40.74,20.95,18.52,16.56
2566,535,บ้านแม่โต๋,สะเมิง,เล็ก,นอกเมือง,สำนักงานคณะกรรมการการศึกษาขั้นพื้นฐาน,สพป.เชียงใหม่ เขต 2,20,52.50,20.60,57.77,20.66,75.00,20.75,44.17,21.26,50.00,32.49
2566,536,บ้านแม่ยางห้า,สะเมิง,เล็ก,นอกเมือง,สำนักงานคณะกรรมการการศึกษาขั้นพื้นฐาน,สพป.เชียงใหม่ เขต 2,20,58.33,23.27,70.80,16.48,93.33,13.33,56.67,24.94,48.33,26.82
2566,537,บ้านแม่ลานคำ,สะเมิง,เล็ก,นอกเมือง,สำนักงานคณะกรรมการการศึกษาขั้นพื้นฐาน,สพป.เชียงใหม่ เขต 2,11,54.55,16.03,57.63,13.06,60.61,19.17,34.85,15.00,30.30,33.20
2566,538,บ้านแม่แว,สะเมิง,เล็ก,นอกเมือง,สำนักงานคณะกรรมการการศึกษาขั้นพื้นฐาน,สพป.เชียงใหม่ เขต 2,6,38.89,22.91,49.85,22.58,66.67,0.00,38.89,22.91,11.11,24.85
2566,539,บ้านห้วยน้ำจาง,สะเมิง,เล็ก,นอกเมือง,สำนักงานคณะกรรมการการศึกษาขั้นพื้นฐาน,สพป.เชียงใหม่ เขต 2,4,50.00,20.41,65.40,11.32,58.33,14.43,29.17,7.22,25.00,27.64
2566,540,รัปปาปอร์ต,สะเมิง,เล็ก,นอกเมือง,กองบัญชาการตำรวจตระเวนชายแดน,-,15,54.44,17.71,45.42,16.66,68.89,28.46,35.56,13.43,31.11,28.46
2566,541,วัดงิ้วเฒ่า,สะเมิง,เล็ก,นอกเมือง,สำนักงานคณะกรรมการการศึกษาขั้นพื้นฐาน,สพป.เชียงใหม่ เขต 2,3,83.33,13.61,77.98,4.39,55.56,15.71,50.00,27.22,44.44,15.71
2566,542,วัดบ้านป้อก,สะเมิง,เล็ก,นอกเมือง,สำนักงานคณะกรรมการการศึกษาขั้นพื้นฐาน,สพป.เชียงใหม่ เขต 2,5,80.00,16.33,75.71,15.19,93.33,13.33,63.33,16.33,53.33,33.99
2566,543,วัดปางเติม,สะเมิง,เล็ก,นอกเมือง,สำนักงานคณะกรรมการการศึกษาขั้นพื้นฐาน,สพป.เชียงใหม่ เขต 2,9,64.81,21.44,72.22,14.54,81.48,16.56,44.44,22.22,48.15,38.84
2566,544,วัดแม่เลย,สะเมิง,เล็ก,นอกเมือง,สำนักงานคณะกรรมการการศึกษาขั้นพื้นฐาน,สพป.เชียงใหม่ เขต 2,8,66.67,22.05,55.58,14.51,83.33,23.57,43.75,18.52,37.50,26.02
2566,545,วัดยั้งเมิน,สะเมิง,เล็ก,นอกเมือง,สำนักงานคณะกรรมการการศึกษาขั้นพื้นฐาน,สพป.เชียงใหม่ เขต 2,12,43.06,18.58,64.88,15.26,75.00,27.64,38.89,18.43,38.89,29.92
2566,546,บ้านกอสะเลียม,สันกำแพง,เล็ก,นอกเมือง,สำนักงานคณะกรรมการการศึกษาขั้นพื้นฐาน,สพป.เชียงใหม่ เขต 1,13,62.82,21.83,64.35,16.68,79.49,20.83,44.87,13.69,48.72,33.63
2566,547,บ้านแช่ช้าง (เทพนานุกูล),สันกำแพง,เล็ก,นอกเมือง,สำนักงานคณะกรรมการการศึกษาขั้นพื้นฐาน,สพป.เชียงใหม่ เขต 1,17,63.73,21.57,62.55,19.43,74.51,21.48,42.16,20.70,43.14,29.74
2566,548,บ้านบวกค้าง,สันกำแพง,เล็ก,นอกเมือง,สำนักงานคณะกรรมการการศึกษาขั้นพื้นฐาน,สพป.เชียงใหม่ เขต 1,15,67.78,23.15,70.48,11.34,82.22,23.93,60.00,23.41,57.78,30.95
2566,549,บ้านบ่อสร้างนรากรประสาท,สันกำแพง,กลาง,นอกเมือง,สำนักงานคณะกรรมการการศึกษาขั้นพื้นฐาน,สพป.เชียงใหม่ เขต 1,39,67.95,17.86,69.37,11.87,87.18,16.22,50.43,17.08,42.74,32.86
2566,550,บ้านมอญ,สันกำแพง,เล็ก,นอกเมือง,สำนักงานคณะกรรมการการศึกษาขั้นพื้นฐาน,สพป.เชียงใหม่ เขต 1,4,58.33,27.64,71.65,19.11,83.33,16.67,54.17,13.82,58.33,27.64
2566,551,บ้านแม่ปูคา,สันกำแพง,เล็ก,นอกเมือง,สำนักงานคณะกรรมการการศึกษาขั้นพื้นฐาน,สพป.เชียงใหม่ เขต 1,15,62.22,19.69,58.75,19.73,75.56,28.46,47.78,19.12,46.67,29.31
2566,552,บ้านสันกำแพง,สันกำแพง,ใหญ่พิเศษ,นอกเมือง,สำนักงานคณะกรรมการการศึกษาขั้นพื้นฐาน,สพป.เชียงใหม่ เขต 1,288,66.03,24.47,67.26,16.49,81.83,23.02,52.43,22.35,51.50,33.07
2566,553,บ้านหนองโค้ง,สันกำแพง,กลาง,นอกเมือง,สำนักงานคณะกรรมการการศึกษาขั้นพื้นฐาน,สพป.เชียงใหม่ เขต 1,48,67.01,18.16,66.24,13.22,84.03,21.51,52.78,19.64,47.22,29.53
2566,554,วัดทรายมูลรัตนศึกษา,สันกำแพง,เล็ก,นอกเมือง,สำนักงานคณะกรรมการการศึกษาขั้นพื้นฐาน,สพป.เชียงใหม่ เขต 1,2,91.67,8.33,82.14,1.79,83.33,16.67,25.00,8.33,50.00,16.67
2566,555,วัดบ้านน้อย,สันกำแพง,เล็ก,นอกเมือง,สำนักงานคณะกรรมการการศึกษาขั้นพื้นฐาน,สพป.เชียงใหม่ เขต 1,11,65.15,18.06,74.76,12.74,75.76,28.75,50.00,29.30,48.48,16.60
2566,556,วัดบ้านโห้ง,สันกำแพง,เล็ก,นอกเมือง,สำนักงานคณะกรรมการการศึกษาขั้นพื้นฐาน,สพป.เชียงใหม่ เขต 1,7,50.00,19.92,46.68,7.36,57.14,23.33,42.86,15.06,28.57,21.30
2566,557,วัดป่าตาล,สันกำแพง,เล็ก,นอกเมือง,สำนักงานคณะกรรมการการศึกษาขั้นพื้นฐาน,สพป.เชียงใหม่ เขต 1,6,75.00,12.73,55.95,14.96,77.78,15.71,63.89,24.37,55.56,36.85
2566,558,วัดร้องวัวแดงศรีจันทร์วิทยาคาร,สันกำแพง,เล็ก,นอกเมือง,สำนักงานคณะกรรมการการศึกษาขั้นพื้นฐาน,สพป.เชียงใหม่ เขต 1,10,56.67,17.00,64.46,15.79,66.67,25.82,46.67,14.53,33.33,21.08
2566,559,วัดล้านตอง,สันกำแพง,เล็ก,นอกเมือง,สำนักงานคณะกรรมการการศึกษาขั้นพื้นฐาน,สพป.เชียงใหม่ เขต 1,13,80.77,18.31,69.37,11.30,82.05,24.86,51.28,15.28,48.72,28.09
2566,560,วัดสันกลางเหนือ,สันกำแพง,เล็ก,นอกเมือง,สำนักงานคณะกรรมการการศึกษาขั้นพื้นฐาน,สพป.เชียงใหม่ เขต 1,7,59.52,26.51,73.09,9.19,85.71,24.28,50.00,21.82,66.67,25.20
2566,561,วัดสันโค้ง,สันกำแพง,เล็ก,นอกเมือง,สำนักงานคณะกรรมการการศึกษาขั้นพื้นฐาน,สพป.เชียงใหม่ เขต 1,1,66.67,0.00,71.43,0.00,100.00,0.00,83.33,0.00,33.33,0.00
2566,562,วัดสันมะฮกฟ้า,สันกำแพง,เล็ก,นอกเมือง,สำนักงานคณะกรรมการการศึกษาขั้นพื้นฐาน,สพป.เชียงใหม่ เขต 1,9,70.37,18.89,69.84,12.18,77.78,22.22,53.70,18.89,29.63,24.57
2566,563,สวนเด็กสันกำแพง,สันกำแพง,กลาง,นอกเมือง,สำนักงานคณะกรรมการส่งเสริมการศึกษาเอกชน,-,28,64.29,15.25,71.21,10.87,80.95,18.75,47.02,18.93,42.86,29.35
2566,564,สันกำแพงคันธาอนุสรณ์,สันกำแพง,เล็ก,นอกเมือง,สำนักงานคณะกรรมการการศึกษาขั้นพื้นฐาน,สพป.เชียงใหม่ เขต 1,19,64.91,16.13,63.44,16.86,82.46,22.60,42.98,27.74,47.37,31.19
2566,565,ออนใต้วิทยา,สันกำแพง,เล็ก,นอกเมือง,สำนักงานคณะกรรมการการศึกษาขั้นพื้นฐาน,สพป.เชียงใหม่ เขต 1,11,54.55,21.43,46.67,19.30,66.67,24.62,37.88,23.67,27.27,27.77
2566,566,ชลประทานเขื่อนแม่กวงจิราธิวัฒน์อุปถัมภ์,สันทราย,กลาง,นอกเมือง,สำนักงานคณะกรรมการการศึกษาขั้นพื้นฐาน,สพป.เชียงใหม่ เขต 2,31,41.40,25.71,40.41,25.51,55.91,21.40,32.26,17.93,29.03,29.01
2566,567,ต้นกล้า,สันทราย,กลาง,นอกเมือง,สำนักงานคณะกรรมการส่งเสริมการศึกษาเอกชน,-,20,75.00,24.44,66.38,20.74,80.00,26.67,50.00,27.39,45.00,28.43
2566,568,บ้านเจดีย์แม่ครัว,สันทราย,กลาง,นอกเมือง,สำนักงานคณะกรรมการการศึกษาขั้นพื้นฐาน,สพป.เชียงใหม่ เขต 2,52,62.82,22.08,67.99,15.58,82.05,20.11,51.28,21.40,51.28,32.33
2566,569,บ้านท่าเกวียน,สันทราย,เล็ก,นอกเมือง,สำนักงานคณะกรรมการการศึกษาขั้นพื้นฐาน,สพป.เชียงใหม่ เขต 2,13,75.64,14.04,83.45,9.32,94.87,12.03,58.97,19.19,61.54,31.61
2566,570,บ้านบวกเปา,สันทราย,เล็ก,นอกเมือง,สำนักงานคณะกรรมการการศึกษาขั้นพื้นฐาน,สพป.เชียงใหม่ เขต 2,5,90.00,8.16,81.43,6.42,100.00,0.00,66.67,18.26,73.33,24.94
2566,571,บ้านป่าก้าง,สันทราย,เล็ก,นอกเมือง,สำนักงานคณะกรรมการการศึกษาขั้นพื้นฐาน,สพป.เชียงใหม่ เขต 2,7,64.29,24.28,63.27,9.21,76.19,23.33,38.10,23.08,28.57,27.77
2566,572,บ้านป่าบง,สันทราย,เล็ก,นอกเมือง,สำนักงานคณะกรรมการการศึกษาขั้นพื้นฐาน,สพป.เชียงใหม่ เขต 2,14,80.95,15.25,75.06,9.78,90.48,15.06,64.29,22.59,61.90,27.77
2566,573,บ้านป่าเหมือด,สันทราย,เล็ก,นอกเมือง,สำนักงานคณะกรรมการการศึกษาขั้นพื้นฐาน,สพป.เชียงใหม่ เขต 2,21,54.76,25.79,66.58,16.04,82.54,22.11,42.06,23.92,47.62,28.31
2566,574,บ้านโปง,สันทราย,เล็ก,นอกเมือง,สำนักงานคณะกรรมการการศึกษาขั้นพื้นฐาน,สพป.เชียงใหม่ เขต 2,19,47.37,24.93,65.37,18.11,71.93,22.33,34.21,24.47,47.37,29.25
2566,575,บ้านโป่ง,สันทราย,เล็ก,นอกเมือง,สำนักงานคณะกรรมการการศึกษาขั้นพื้นฐาน,สพป.เชียงใหม่ เขต 2,9,55.56,28.33,46.83,26.09,62.96,24.57,29.63,15.27,40.74,30.54
2566,576,บ้านเมืองขอน,สันทราย,เล็ก,นอกเมือง,สำนักงานคณะกรรมการการศึกษาขั้นพื้นฐาน,สพป.เชียงใหม่ เขต 2,2,91.67,8.33,79.02,9.38,66.67,33.33,66.67,16.67,33.33,0.00
2566,577,บ้านแม่โจ้,สันทราย,กลาง,นอกเมือง,สำนักงานคณะกรรมการการศึกษาขั้นพื้นฐาน,สพป.เชียงใหม่ เขต 2,53,66.67,18.88,61.56,16.52,79.25,22.64,45.60,19.73,38.36,32.63
2566,578,บ้านแม่แต,สันทราย,เล็ก,นอกเมือง,สำนักงานคณะกรรมการการศึกษาขั้นพื้นฐาน,สพป.เชียงใหม่ เขต 2,9,66.67,19.25,66.96,16.70,74.07,20.95,53.70,10.48,40.74,26.19
2566,579,บ้านแม่แฝก,สันทราย,เล็ก,นอกเมือง,สำนักงานคณะกรรมการการศึกษาขั้นพื้นฐาน,สพป.เชียงใหม่ เขต 2,12,55.56,18.43,60.79,13.56,66.67,23.57,51.39,22.00,47.22,34.58
2566,580,บ้านแม่ย่อย,สันทราย,เล็ก,นอกเมือง,สำนักงานคณะกรรมการการศึกษาขั้นพื้นฐาน,สพป.เชียงใหม่ เขต 2,13,66.67,23.57,75.96,13.31,84.62,16.62,60.26,19.10,53.85,33.43
2566,581,บ้านร่มหลวง,สันทราย,เล็ก,นอกเมือง,สำนักงานคณะกรรมการการศึกษาขั้นพื้นฐาน,สพป.เชียงใหม่ เขต 2,16,54.17,19.98,64.96,11.60,79.17,23.20,37.50,25.34,25.00,30.05
2566,582,บ้านศรีงาม,สันทราย,เล็ก,นอกเมือง,สำนักงานคณะกรรมการการศึกษาขั้นพื้นฐาน,สพป.เชียงใหม่ เขต 2,5,83.33,18.26,86.25,9.01,86.67,16.33,56.67,17.00,26.67,24.94
2566,583,บ้านศรีบุญเรือง,สันทราย,กลาง,นอกเมือง,สำนักงานคณะกรรมการการศึกษาขั้นพื้นฐาน,สพป.เชียงใหม่ เขต 2,21,54.76,23.65,54.08,21.53,63.49,27.03,44.44,18.78,42.86,34.34
2566,584,บ้านสันพระเนตร,สันทราย,เล็ก,นอกเมือง,สำนักงานคณะกรรมการการศึกษาขั้นพื้นฐาน,สพป.เชียงใหม่ เขต 2,4,75.00,14.43,79.69,1.59,83.33,16.67,62.50,21.65,33.33,33.33
2566,585,บ้านสันศรี,สันทราย,เล็ก,นอกเมือง,สำนักงานคณะกรรมการการศึกษาขั้นพื้นฐาน,สพป.เชียงใหม่ เขต 2,6,72.22,15.71,75.74,4.65,83.33,16.67,69.44,17.79,83.33,16.67
2566,586,บ้านหนองไคร้,สันทราย,กลาง,นอกเมือง,สำนักงานคณะกรรมการการศึกษาขั้นพื้นฐาน,สพป.เชียงใหม่ เขต 2,59,75.42,17.18,67.95,16.66,83.62,18.79,46.89,21.14,50.28,27.70
2566,587,บ้านหนองมะจับ,สันทราย,เล็ก,นอกเมือง,สำนักงานคณะกรรมการการศึกษาขั้นพื้นฐาน,สพป.เชียงใหม่ เขต 2,7,45.24,11.66,52.30,13.93,61.90,21.30,40.48,15.06,33.33,30.86
2566,588,บ้านหนองหาร,สันทราย,เล็ก,นอกเมือง,สำนักงานคณะกรรมการการศึกษาขั้นพื้นฐาน,สพป.เชียงใหม่ เขต 2,7,71.43,19.34,67.47,11.65,90.48,15.06,61.90,11.66,47.62,30.12
2566,589,บ้านหลักปัน,สันทราย,กลาง,นอกเมือง,สำนักงานคณะกรรมการการศึกษาขั้นพื้นฐาน,สพป.เชียงใหม่ เขต 2,15,75.56,18.12,76.58,10.90,82.22,20.61,58.89,21.83,66.67,24.34
2566,590,บ้านห้วยเกี๋ยง,สันทราย,กลาง,นอกเมือง,สำนักงานคณะกรรมการการศึกษาขั้นพื้นฐาน,สพป.เชียงใหม่ เขต 2,32,58.85,19.54,60.46,16.69,66.67,26.35,43.23,22.77,35.42,33.27
2566,591,บ้านหัวฝาย,สันทราย,เล็ก,นอกเมือง,สำนักงานคณะกรรมการการศึกษาขั้นพื้นฐาน,สพป.เชียงใหม่ เขต 2,5,83.33,18.26,75.89,10.37,100.00,0.00,50.00,23.57,53.33,16.33
2566,592,พงษ์พิกุลเชียงใหม่,สันทราย,กลาง,นอกเมือง,สำนักงานคณะกรรมการส่งเสริมการศึกษาเอกชน,-,40,47.50,22.84,51.14,19.43,68.33,23.51,44.17,23.14,34.17,27.37
2566,593,วัดแม่แก้ดน้อย,สันทราย,ใหญ่,นอกเมือง,สำนักงานคณะกรรมการการศึกษาขั้นพื้นฐาน,สพป.เชียงใหม่ เขต 2,37,62.16,20.00,64.07,14.50,74.77,19.61,40.09,23.40,47.75,29.55
2566,594,วัดสันคะยอม,สันทราย,เล็ก,นอกเมือง,สำนักงานคณะกรรมการการศึกษาขั้นพื้นฐาน,สพป.เชียงใหม่ เขต 2,10,75.00,15.37,78.39,10.08,86.67,16.33,51.67,18.93,76.67,26.03
2566,595,วัดสันทรายมูล,สันทราย,เล็ก,นอกเมือง,สำนักงานคณะกรรมการการศึกษาขั้นพื้นฐาน,สพป.เชียงใหม่ เขต 2,13,61.54,20.03,76.17,14.82,76.92,24.05,53.85,21.83,53.85,30.77
2566,596,วีรยาเชียงใหม่,สันทราย,กลาง,นอกเมือง,สำนักงานคณะกรรมการส่งเสริมการศึกษาเอกชน,-,38,57.89,21.88,62.29,17.50,76.32,26.39,56.14,19.65,51.75,29.32
2566,597,สวนองุ่นเชียงใหม่,สันทราย,กลาง,นอกเมือง,สำนักงานคณะกรรมการส่งเสริมการศึกษาเอกชน,-,30,68.89,20.96,70.57,15.68,86.67,18.46,53.89,23.84,56.67,26.03
2566,598,สันทรายหลวง,สันทราย,กลาง,นอกเมือง,สำนักงานคณะกรรมการการศึกษาขั้นพื้นฐาน,สพป.เชียงใหม่ เขต 2,104,66.67,21.80,71.57,13.59,83.97,20.66,49.84,21.74,38.78,30.00
2566,599,กิ่วแลน้อยประสิทธิ์วิทยา,สันป่าตอง,กลาง,นอกเมือง,สำนักงานคณะกรรมการการศึกษาขั้นพื้นฐาน,สพป.เชียงใหม่ เขต 4,7,80.95,16.50,81.25,6.42,95.24,11.66,69.05,13.88,80.95,24.28
2566,600,ชุมชนกิ่วแลหลวงประสิทธิ์วิทยา,สันป่าตอง,เล็ก,นอกเมือง,สำนักงานคณะกรรมการการศึกษาขั้นพื้นฐาน,สพป.เชียงใหม่ เขต 4,6,58.33,18.63,75.00,9.24,88.89,15.71,44.44,24.85,33.33,38.49
2566,601,ทุ่งฟ้าบดราษฎร์บำรุง,สันป่าตอง,กลาง,นอกเมือง,กรมส่งเสริมการปกครองท้องถิ่น,ท้องถิ่นจังหวัดเชียงใหม่,86,65.12,20.27,64.25,19.16,79.07,20.36,47.09,18.19,45.74,30.94
2566,602,บ้านทุ่งเสี้ยว (นวรัฐ),สันป่าตอง,เล็ก,นอกเมือง,สำนักงานคณะกรรมการการศึกษาขั้นพื้นฐาน,สพป.เชียงใหม่ เขต 4,18,58.33,23.73,56.97,20.15,83.33,22.91,41.67,20.97,42.59,31.04
2566,603,บ้านเปียง,สันป่าตอง,เล็ก,นอกเมือง,สำนักงานคณะกรรมการการศึกษาขั้นพื้นฐาน,สพป.เชียงใหม่ เขต 4,5,70.00,19.44,72.32,7.87,93.33,13.33,56.67,29.06,33.33,21.08
2566,604,บ้านม่วงพี่น้อง,สันป่าตอง,เล็ก,นอกเมือง,สำนักงานคณะกรรมการการศึกษาขั้นพื้นฐาน,สพป.เชียงใหม่ เขต 4,8,52.08,9.99,60.71,15.06,79.17,23.20,39.58,20.31,37.50,26.02
2566,605,บ้านแม่กุ้งหลวง,สันป่าตอง,เล็ก,นอกเมือง,สำนักงานคณะกรรมการการศึกษาขั้นพื้นฐาน,สพป.เชียงใหม่ เขต 4,3,50.00,27.22,46.73,10.06,77.78,15.71,27.78,15.71,11.11,15.71
2566,606,บ้านร่องน้ำ,สันป่าตอง,เล็ก,นอกเมือง,สำนักงานคณะกรรมการการศึกษาขั้นพื้นฐาน,สพป.เชียงใหม่ เขต 4,9,57.41,24.98,77.18,7.11,77.78,15.71,42.59,17.76,44.44,35.14
2566,607,บ้านห้วยส้ม,สันป่าตอง,เล็ก,นอกเมือง,สำนักงานคณะกรรมการการศึกษาขั้นพื้นฐาน,สพป.เชียงใหม่ เขต 4,15,66.67,24.34,59.88,12.63,86.67,16.33,48.89,26.15,51.11,31.89
2566,608,บ้านหัวริน,สันป่าตอง,เล็ก,นอกเมือง,สำนักงานคณะกรรมการการศึกษาขั้นพื้นฐาน,สพป.เชียงใหม่ เขต 4,11,65.15,20.66,61.61,12.84,81.82,16.60,46.97,15.60,51.52,26.07
2566,609,พัฒนวิทย์ศึกษา,สันป่าตอง,ใหญ่,นอกเมือง,สำนักงานคณะกรรมการส่งเสริมการศึกษาเอกชน,-,17,57.84,16.29,63.50,19.63,74.51,21.48,46.08,17.65,41.18,33.39
2566,610,วัดช่างกระดาษ,สันป่าตอง,เล็ก,นอกเมือง,สำนักงานคณะกรรมการการศึกษาขั้นพื้นฐาน,สพป.เชียงใหม่ เขต 4,3,55.56,28.33,55.65,21.83,55.56,15.71,44.44,15.71,66.67,0.00
2566,611,วัดดงป่างิ้ว,สันป่าตอง,เล็ก,นอกเมือง,สำนักงานคณะกรรมการการศึกษาขั้นพื้นฐาน,สพป.เชียงใหม่ เขต 4,5,50.00,23.57,50.89,11.79,53.33,16.33,36.67,22.11,26.67,13.33
2566,612,วัดท่ากาน,สันป่าตอง,เล็ก,นอกเมือง,สำนักงานคณะกรรมการการศึกษาขั้นพื้นฐาน,สพป.เชียงใหม่ เขต 4,12,68.06,15.90,69.49,15.30,83.33,21.52,48.61,10.67,52.78,25.31
2566,613,วัดน้ำบ่อหลวง,สันป่าตอง,เล็ก,นอกเมือง,สำนักงานคณะกรรมการการศึกษาขั้นพื้นฐาน,สพป.เชียงใหม่ เขต 4,25,50.67,21.85,55.70,18.35,68.00,25.79,43.33,23.09,26.67,24.94
2566,614,วัดโรงวัว,สันป่าตอง,เล็ก,นอกเมือง,สำนักงานคณะกรรมการการศึกษาขั้นพื้นฐาน,สพป.เชียงใหม่ เขต 4,11,72.73,19.17,68.75,13.42,75.76,20.55,50.00,20.10,51.52,16.60
2566,615,วัดสามหลัง,สันป่าตอง,เล็ก,นอกเมือง,สำนักงานคณะกรรมการการศึกษาขั้นพื้นฐาน,สพป.เชียงใหม่ เขต 4,6,72.22,22.91,79.46,11.23,100.00,0.00,55.56,15.71,55.56,15.71
2566,616,วัดอุเม็ง,สันป่าตอง,เล็ก,นอกเมือง,สำนักงานคณะกรรมการการศึกษาขั้นพื้นฐาน,สพป.เชียงใหม่ เขต 4,7,76.19,15.06,64.80,15.90,76.19,23.33,59.52,15.06,61.90,11.66
2566,617,วิมานทิพย์,สันป่าตอง,เล็ก,นอกเมือง,สำนักงานคณะกรรมการส่งเสริมการศึกษาเอกชน,-,19,64.91,18.65,75.89,16.66,70.18,23.93,61.40,20.98,52.63,31.19
2566,618,สันป่าตอง,สันป่าตอง,เล็ก,นอกเมือง,กรมส่งเสริมการปกครองท้องถิ่น,ท้องถิ่นจังหวัดเชียงใหม่,3,72.22,7.86,89.29,2.92,88.89,15.71,55.56,15.71,88.89,15.71
2566,619,สันป่าตอง (สุวรรณราษฎร์วิทยาคาร),สันป่าตอง,ใหญ่,นอกเมือง,สำนักงานคณะกรรมการการศึกษาขั้นพื้นฐาน,สพป.เชียงใหม่ เขต 4,157,68.68,22.52,67.68,16.01,81.95,21.44,49.89,21.98,45.86,28.75
2566,620,ช่องฟ้าซินเซิงวาณิชบำรุง,สารภี,ใหญ่พิเศษ,นอกเมือง,สำนักงานคณะกรรมการส่งเสริมการศึกษาเอกชน,-,211,67.93,20.68,66.26,16.04,84.04,21.11,54.90,21.88,52.45,33.06
2566,621,ชุมชนวัดปากกอง,สารภี,เล็ก,นอกเมือง,สำนักงานคณะกรรมการการศึกษาขั้นพื้นฐาน,สพป.เชียงใหม่ เขต 4,2,83.33,16.67,46.88,12.95,100.00,0.00,50.00,33.33,33.33,33.33
2566,622,ชุมชนวัดศรีคำชมภู,สารภี,กลาง,นอกเมือง,สำนักงานคณะกรรมการการศึกษาขั้นพื้นฐาน,สพป.เชียงใหม่ เขต 4,30,53.33,25.24,60.60,17.24,67.78,25.07,41.67,20.53,36.67,32.60
2566,623,เทศบาลตำบลยางเนิ้ง,สารภี,กลาง,นอกเมือง,กรมส่งเสริมการปกครองท้องถิ่น,ท้องถิ่นจังหวัดเชียงใหม่,21,52.38,22.59,51.45,16.77,76.19,23.33,38.89,21.41,34.92,29.95
2566,624,บ้านปากเหมือง,สารภี,กลาง,นอกเมือง,สำนักงานคณะกรรมการการศึกษาขั้นพื้นฐาน,สพป.เชียงใหม่ เขต 4,15,70.00,12.47,79.11,9.12,88.89,15.71,57.78,19.12,57.78,30.95
2566,625,บ้านสันทราย,สารภี,เล็ก,นอกเมือง,สำนักงานคณะกรรมการการศึกษาขั้นพื้นฐาน,สพป.เชียงใหม่ เขต 4,12,61.11,18.43,74.40,10.99,86.11,16.43,52.78,29.53,52.78,16.43
2566,626,ยุวฑูตศึกษาพัฒนา,สารภี,ใหญ่,นอกเมือง,สำนักงานคณะกรรมการส่งเสริมการศึกษาเอกชน,-,36,68.98,18.90,64.86,15.11,75.93,23.06,56.94,20.55,44.44,29.40
2566,627,วชิราลัย,สารภี,กลาง,นอกเมือง,สำนักงานคณะกรรมการส่งเสริมการศึกษาเอกชน,-,59,64.12,22.09,60.23,19.25,73.45,27.29,49.72,22.86,41.24,33.80
2566,628,วัดกองทราย,สารภี,เล็ก,นอกเมือง,สำนักงานคณะกรรมการการศึกษาขั้นพื้นฐาน,สพป.เชียงใหม่ เขต 4,25,57.33,19.48,59.39,15.11,73.33,23.09,42.00,18.33,45.33,29.63
2566,629,วัดท่าต้นกวาว,สารภี,เล็ก,นอกเมือง,สำนักงานคณะกรรมการการศึกษาขั้นพื้นฐาน,สพป.เชียงใหม่ เขต 4,19,51.75,17.85,66.35,17.44,70.18,21.34,48.25,21.56,66.67,28.61
2566,630,วัดเทพาราม,สารภี,เล็ก,นอกเมือง,สำนักงานคณะกรรมการการศึกษาขั้นพื้นฐาน,สพป.เชียงใหม่ เขต 4,10,56.67,11.06,68.57,12.36,73.33,13.33,46.67,12.47,46.67,22.11
2566,631,วัดนันทาราม,สารภี,เล็ก,นอกเมือง,สำนักงานคณะกรรมการการศึกษาขั้นพื้นฐาน,สพป.เชียงใหม่ เขต 4,19,75.44,19.02,75.19,11.10,85.96,16.46,52.63,19.69,54.39,29.04
2566,632,วัดบวกครกเหนือ,สารภี,เล็ก,นอกเมือง,สำนักงานคณะกรรมการการศึกษาขั้นพื้นฐาน,สพป.เชียงใหม่ เขต 4,21,57.14,25.50,61.10,14.11,76.19,25.50,44.44,23.76,42.86,32.76
2566,633,วัดพญาชมภู,สารภี,เล็ก,นอกเมือง,สำนักงานคณะกรรมการการศึกษาขั้นพื้นฐาน,สพป.เชียงใหม่ เขต 4,12,62.50,22.69,68.38,18.22,83.33,25.46,47.22,19.04,47.22,28.73
2566,634,วัดพระนอนหนองผึ้ง,สารภี,เล็ก,นอกเมือง,สำนักงานคณะกรรมการการศึกษาขั้นพื้นฐาน,สพป.เชียงใหม่ เขต 4,33,70.71,22.11,71.97,19.27,77.78,24.16,43.43,20.49,45.45,26.99
2566,635,วัดแม่สะลาบ,สารภี,เล็ก,นอกเมือง,สำนักงานคณะกรรมการการศึกษาขั้นพื้นฐาน,สพป.เชียงใหม่ เขต 4,8,60.42,14.28,70.20,15.76,91.67,14.43,45.83,13.82,45.83,33.07
2566,636,วัดเวฬุวัน,สารภี,ใหญ่,นอกเมือง,สำนักงานคณะกรรมการการศึกษาขั้นพื้นฐาน,สพป.เชียงใหม่ เขต 4,98,61.39,18.69,67.61,14.83,80.27,22.76,49.32,19.77,56.46,32.09
2566,637,วัดศรีดอนชัย,สารภี,เล็ก,นอกเมือง,สำนักงานคณะกรรมการการศึกษาขั้นพื้นฐาน,สพป.เชียงใหม่ เขต 4,9,50.00,19.25,60.91,16.04,74.07,20.95,35.19,22.83,29.63,24.57
2566,638,วัดศรีโพธาราม,สารภี,เล็ก,นอกเมือง,สำนักงานคณะกรรมการการศึกษาขั้นพื้นฐาน,สพป.เชียงใหม่ เขต 4,9,59.26,19.42,65.67,13.08,70.37,33.13,50.00,17.57,48.15,27.72
2566,639,วัดสันดอนมูล,สารภี,เล็ก,นอกเมือง,สำนักงานคณะกรรมการการศึกษาขั้นพื้นฐาน,สพป.เชียงใหม่ เขต 4,8,41.67,18.63,49.89,19.72,50.00,23.57,39.58,27.56,29.17,26.02
2566,640,เวียงเศรษฐีวิทยา,สารภี,เล็ก,นอกเมือง,สำนักงานคณะกรรมการการศึกษาขั้นพื้นฐาน,สพป.เชียงใหม่ เขต 4,3,50.00,23.57,71.13,6.61,55.56,15.71,50.00,13.61,44.44,15.71
2566,641,ศูนย์การเรียนแห่งความหวังและอนาคต,สารภี,เล็ก,นอกเมือง,สำนักงานคณะกรรมการการศึกษาขั้นพื้นฐาน,สพป.เชียงใหม่ เขต 4,6,66.67,19.25,58.48,17.77,77.78,31.43,47.22,17.79,50.00,25.46
2566,642,สืบนทีธรรม,สารภี,กลาง,นอกเมือง,สำนักงานคณะกรรมการส่งเสริมการศึกษาเอกชน,-,7,64.29,10.65,66.84,13.69,71.43,32.99,38.10,21.30,38.10,27.77
2566,643,ต้นแก้วผดุงพิทยาลัย,หางดง,ใหญ่,นอกเมือง,กรมส่งเสริมการปกครองท้องถิ่น,ท้องถิ่นจังหวัดเชียงใหม่,118,55.79,22.59,59.56,20.21,72.32,23.49,43.22,21.51,39.27,32.94
2566,644,เทศบาลหนองตองวิทยา,หางดง,เล็ก,นอกเมือง,กรมส่งเสริมการปกครองท้องถิ่น,ท้องถิ่นจังหวัดเชียงใหม่,13,39.74,23.15,50.41,16.97,58.97,26.65,32.05,23.98,33.33,32.03
2566,645,เทศบาลหางดง (ประชาคมสร้างสรรค์),หางดง,ใหญ่,นอกเมือง,กรมส่งเสริมการปกครองท้องถิ่น,ท้องถิ่นจังหวัดเชียงใหม่,24,65.97,21.77,72.36,13.18,80.56,25.31,49.31,21.23,62.50,33.76
2566,646,นันทชาติ เกรด สคูล,หางดง,เล็ก,นอกเมือง,สำนักงานคณะกรรมการส่งเสริมการศึกษาเอกชน,-,2,58.33,8.33,81.70,15.63,100.00,0.00,75.00,8.33,50.00,16.67
2566,647,บ้านคุณแม่,หางดง,เล็ก,นอกเมือง,สำนักงานคณะกรรมการส่งเสริมการศึกษาเอกชน,-,13,76.92,17.95,67.86,12.83,97.44,8.88,57.69,18.04,69.23,30.55
2566,648,บ้านดง,หางดง,เล็ก,นอกเมือง,สำนักงานคณะกรรมการการศึกษาขั้นพื้นฐาน,สพป.เชียงใหม่ เขต 4,12,66.67,19.25,84.15,5.95,86.11,21.34,59.72,22.00,52.78,31.79
2566,649,บ้านตองกาย,หางดง,เล็ก,นอกเมือง,สำนักงานคณะกรรมการการศึกษาขั้นพื้นฐาน,สพป.เชียงใหม่ เขต 4,11,54.55,17.54,52.76,13.37,60.61,19.17,31.82,20.66,33.33,24.62
2566,650,บ้านทรายมูล,หางดง,กลาง,นอกเมือง,สำนักงานคณะกรรมการการศึกษาขั้นพื้นฐาน,สพป.เชียงใหม่ เขต 4,26,62.18,20.44,58.00,18.08,61.54,27.26,41.03,18.62,44.87,29.15
2566,651,บ้านท้าวบุญเรือง,หางดง,เล็ก,นอกเมือง,สำนักงานคณะกรรมการการศึกษาขั้นพื้นฐาน,สพป.เชียงใหม่ เขต 4,9,61.11,20.79,67.66,9.37,74.07,26.19,57.41,20.95,48.15,31.86
2566,652,บ้านน้ำแพร่,หางดง,เล็ก,นอกเมือง,สำนักงานคณะกรรมการการศึกษาขั้นพื้นฐาน,สพป.เชียงใหม่ เขต 4,17,69.61,20.00,56.14,11.90,82.35,23.20,54.90,19.61,37.25,27.73
2566,653,บ้านปง,หางดง,เล็ก,นอกเมือง,สำนักงานคณะกรรมการการศึกษาขั้นพื้นฐาน,สพป.เชียงใหม่ เขต 4,10,58.33,20.07,65.71,15.23,76.67,21.34,51.67,21.67,50.00,16.67
2566,654,บ้านป่าตาล,หางดง,เล็ก,นอกเมือง,สำนักงานคณะกรรมการการศึกษาขั้นพื้นฐาน,สพป.เชียงใหม่ เขต 4,17,64.71,20.52,56.72,18.51,72.55,20.56,50.98,22.48,47.06,30.38
2566,655,บ้านฟ่อน,หางดง,เล็ก,นอกเมือง,สำนักงานคณะกรรมการการศึกษาขั้นพื้นฐาน,สพป.เชียงใหม่ เขต 4,5,80.00,16.33,68.57,15.12,93.33,13.33,56.67,17.00,53.33,33.99
2566,656,บ้านไร่,หางดง,เล็ก,นอกเมือง,สำนักงานคณะกรรมการการศึกษาขั้นพื้นฐาน,สพป.เชียงใหม่ เขต 4,6,80.56,11.45,71.43,13.81,72.22,12.42,44.44,18.43,61.11,29.92
2566,657,บ้านวังศรี,หางดง,เล็ก,นอกเมือง,สำนักงานคณะกรรมการการศึกษาขั้นพื้นฐาน,สพป.เชียงใหม่ เขต 4,3,77.78,15.71,64.29,18.27,66.67,27.22,38.89,7.86,22.22,15.71
2566,658,บ้านสันทราย,หางดง,เล็ก,นอกเมือง,สำนักงานคณะกรรมการการศึกษาขั้นพื้นฐาน,สพป.เชียงใหม่ เขต 4,10,61.67,25.87,53.75,19.99,86.67,16.33,45.00,23.63,36.67,34.80
2566,659,บ้านสันป่าสัก,หางดง,กลาง,นอกเมือง,สำนักงานคณะกรรมการการศึกษาขั้นพื้นฐาน,สพป.เชียงใหม่ เขต 4,53,54.09,22.64,59.79,14.54,71.70,23.70,39.94,21.31,42.14,28.34
2566,660,บ้านสันผักหวาน,หางดง,เล็ก,นอกเมือง,สำนักงานคณะกรรมการการศึกษาขั้นพื้นฐาน,สพป.เชียงใหม่ เขต 4,14,59.52,23.33,59.76,14.22,78.57,20.34,42.86,18.60,47.62,32.65
2566,661,บ้านแสนตอ,หางดง,เล็ก,นอกเมือง,สำนักงานคณะกรรมการการศึกษาขั้นพื้นฐาน,สพป.เชียงใหม่ เขต 4,7,52.38,22.59,71.43,19.17,71.43,21.30,38.10,17.17,42.86,34.34
2566,662,พันธสัญญา,หางดง,เล็ก,นอกเมือง,สำนักงานคณะกรรมการส่งเสริมการศึกษาเอกชน,-,15,60.00,15.87,67.02,10.83,55.56,23.31,63.33,25.24,31.11,25.72
2566,663,ลักษณ์พงค์วิทยา,หางดง,เล็ก,นอกเมือง,สำนักงานคณะกรรมการส่งเสริมการศึกษาเอกชน,-,8,62.50,16.14,63.17,16.73,62.50,26.02,52.08,22.73,50.00,28.87
2566,664,วัดคีรีเขต,หางดง,เล็ก,นอกเมือง,สำนักงานคณะกรรมการการศึกษาขั้นพื้นฐาน,สพป.เชียงใหม่ เขต 4,5,56.67,17.00,62.68,7.52,73.33,13.33,36.67,12.47,26.67,13.33
2566,665,วัดจอมทอง,หางดง,เล็ก,นอกเมือง,สำนักงานคณะกรรมการการศึกษาขั้นพื้นฐาน,สพป.เชียงใหม่ เขต 4,13,61.54,23.92,68.68,11.36,82.05,24.86,42.31,21.30,46.15,38.20
2566,666,วัดช่างคำ,หางดง,เล็ก,นอกเมือง,สำนักงานคณะกรรมการการศึกษาขั้นพื้นฐาน,สพป.เชียงใหม่ เขต 4,9,42.59,17.76,64.88,9.82,77.78,22.22,42.59,13.86,44.44,31.43
2566,667,วัดประชาเกษม,หางดง,เล็ก,นอกเมือง,สำนักงานคณะกรรมการการศึกษาขั้นพื้นฐาน,สพป.เชียงใหม่ เขต 4,13,47.44,17.10,47.53,20.63,64.10,20.51,42.31,25.83,25.64,26.65
2566,668,วัดพระเจ้าเหลื้อม,หางดง,เล็ก,นอกเมือง,สำนักงานคณะกรรมการการศึกษาขั้นพื้นฐาน,สพป.เชียงใหม่ เขต 4,6,75.00,25.00,76.93,5.93,77.78,24.85,58.33,23.07,50.00,37.27
2566,669,วัดศรีล้อม,หางดง,เล็ก,นอกเมือง,สำนักงานคณะกรรมการการศึกษาขั้นพื้นฐาน,สพป.เชียงใหม่ เขต 4,4,70.83,13.82,86.16,8.80,66.67,0.00,66.67,20.41,83.33,16.67
2566,670,วัดศรีสว่าง,หางดง,เล็ก,นอกเมือง,สำนักงานคณะกรรมการการศึกษาขั้นพื้นฐาน,สพป.เชียงใหม่ เขต 4,4,58.33,18.63,71.88,5.38,66.67,23.57,62.50,7.22,41.67,14.43
2566,671,สาธิตนานาชาติทวิภาษาแห่งมหาวิทยาลัยรังสิต เชียงใหม่,หางดง,กลาง,นอกเมือง,สำนักงานคณะกรรมการส่งเสริมการศึกษาเอกชน,-,7,57.14,26.51,34.50,25.11,61.90,11.66,33.33,25.20,38.10,27.77
2566,672,ชุมชนบ้านใหม่,อมก๋อย,เล็ก,นอกเมือง,สำนักงานคณะกรรมการการศึกษาขั้นพื้นฐาน,สพป.เชียงใหม่ เขต 5,18,48.15,28.81,55.61,18.98,75.93,24.36,38.89,22.22,40.74,30.54
2566,673,ชุมชนบ้านอมก๋อย,อมก๋อย,กลาง,นอกเมือง,สำนักงานคณะกรรมการการศึกษาขั้นพื้นฐาน,สพป.เชียงใหม่ เขต 5,58,50.86,21.31,62.10,21.13,66.09,24.36,38.51,19.87,31.61,28.65
2566,674,ตชด.บางกอกเชฟแชร์ริตี้,อมก๋อย,เล็ก,นอกเมือง,กองบัญชาการตำรวจตระเวนชายแดน,-,12,34.72,10.67,27.57,18.52,58.33,24.06,37.50,19.39,16.67,21.52
2566,675,ตรีมิตรวิทยา,อมก๋อย,กลาง,นอกเมือง,สำนักงานคณะกรรมการการศึกษาขั้นพื้นฐาน,สพป.เชียงใหม่ เขต 5,8,45.83,24.65,64.73,17.02,66.67,23.57,37.50,16.14,54.17,33.07
2566,676,ท่านผู้หญิงประไพ ศิวะโกเศศ,อมก๋อย,เล็ก,นอกเมือง,กองบัญชาการตำรวจตระเวนชายแดน,-,12,41.67,20.97,51.41,22.89,69.44,28.73,36.11,27.07,22.22,24.85
2566,677,ทุ่งต้นงิ้ว,อมก๋อย,เล็ก,นอกเมือง,สำนักงานคณะกรรมการการศึกษาขั้นพื้นฐาน,สพป.เชียงใหม่ เขต 5,33,41.92,25.00,35.38,22.86,55.56,25.51,31.31,19.57,28.28,34.93
2566,678,บ้านขุนตื่น,อมก๋อย,เล็ก,นอกเมือง,สำนักงานคณะกรรมการการศึกษาขั้นพื้นฐาน,สพป.เชียงใหม่ เขต 5,12,34.72,18.58,33.82,19.55,58.33,24.06,25.00,22.05,13.89,16.43
2566,679,บ้านขุนแม่ตื่นน้อย,อมก๋อย,เล็ก,นอกเมือง,สำนักงานคณะกรรมการการศึกษาขั้นพื้นฐาน,สพป.เชียงใหม่ เขต 5,25,38.67,17.46,27.77,19.82,54.67,22.86,32.00,16.28,25.33,25.44
2566,680,บ้านซิแบร,อมก๋อย,เล็ก,นอกเมือง,สำนักงานคณะกรรมการการศึกษาขั้นพื้นฐาน,สพป.เชียงใหม่ เขต 5,28,32.74,18.08,30.63,23.24,61.90,21.30,26.79,16.87,23.81,24.97
2566,681,บ้านตุงติง,อมก๋อย,เล็ก,นอกเมือง,สำนักงานคณะกรรมการการศึกษาขั้นพื้นฐาน,สพป.เชียงใหม่ เขต 5,19,41.23,14.68,54.56,20.45,64.91,25.30,39.47,24.31,35.09,25.30
2566,682,บ้านตุงลอย,อมก๋อย,กลาง,นอกเมือง,สำนักงานคณะกรรมการการศึกษาขั้นพื้นฐาน,สพป.เชียงใหม่ เขต 5,25,50.67,23.32,54.45,15.57,77.33,20.48,40.00,21.60,41.33,33.04
2566,683,บ้านทุ่งจำเริง,อมก๋อย,เล็ก,นอกเมือง,สำนักงานคณะกรรมการการศึกษาขั้นพื้นฐาน,สพป.เชียงใหม่ เขต 5,3,38.89,15.71,45.54,13.85,66.67,27.22,22.22,20.79,0.00,0.00
2566,684,บ้านนาไคร้,อมก๋อย,เล็ก,นอกเมือง,สำนักงานคณะกรรมการการศึกษาขั้นพื้นฐาน,สพป.เชียงใหม่ เขต 5,15,37.78,12.86,38.10,16.99,62.22,20.61,30.00,21.26,20.00,29.31
2566,685,บ้านใบหนา,อมก๋อย,เล็ก,นอกเมือง,สำนักงานคณะกรรมการการศึกษาขั้นพื้นฐาน,สพป.เชียงใหม่ เขต 5,12,31.94,22.00,36.53,11.89,55.56,20.79,33.33,13.61,25.00,24.06
2566,686,บ้านผาปูน,อมก๋อย,เล็ก,นอกเมือง,สำนักงานคณะกรรมการการศึกษาขั้นพื้นฐาน,สพป.เชียงใหม่ เขต 5,30,38.89,19.88,40.77,21.83,60.00,24.94,31.11,17.60,22.22,17.92
2566,687,บ้านผีปานเหนือ,อมก๋อย,กลาง,นอกเมือง,สำนักงานคณะกรรมการการศึกษาขั้นพื้นฐาน,สพป.เชียงใหม่ เขต 5,14,48.81,9.89,42.73,14.20,59.52,22.46,30.95,15.25,23.81,15.06
2566,688,บ้านมูเซอ,อมก๋อย,กลาง,นอกเมือง,สำนักงานคณะกรรมการการศึกษาขั้นพื้นฐาน,สพป.เชียงใหม่ เขต 5,31,33.87,20.95,28.86,19.24,53.76,24.94,27.42,20.10,22.58,24.52
2566,689,บ้านแม่โขง,อมก๋อย,เล็ก,นอกเมือง,สำนักงานคณะกรรมการการศึกษาขั้นพื้นฐาน,สพป.เชียงใหม่ เขต 5,12,51.39,15.90,38.88,20.20,69.44,25.31,34.72,24.96,30.56,28.73
2566,690,บ้านแม่ต๋อม,อมก๋อย,กลาง,นอกเมือง,สำนักงานคณะกรรมการการศึกษาขั้นพื้นฐาน,สพป.เชียงใหม่ เขต 5,46,47.46,18.05,45.53,22.68,67.39,27.35,44.20,19.42,32.61,29.07
2566,691,บ้านแม่ตื่น,อมก๋อย,เล็ก,นอกเมือง,สำนักงานคณะกรรมการการศึกษาขั้นพื้นฐาน,สพป.เชียงใหม่ เขต 5,6,44.44,22.91,33.78,18.71,55.56,15.71,27.78,12.42,16.67,25.46
2566,692,บ้านแม่ลานหลวง,อมก๋อย,เล็ก,นอกเมือง,สำนักงานคณะกรรมการการศึกษาขั้นพื้นฐาน,สพป.เชียงใหม่ เขต 5,18,53.70,28.63,46.68,19.17,59.26,23.72,30.56,20.97,33.33,27.22
2566,693,บ้านแม่ลานหลวง สาขาบ้านดอยซาง,อมก๋อย,เล็ก,นอกเมือง,สำนักงานคณะกรรมการการศึกษาขั้นพื้นฐาน,สพป.เชียงใหม่ เขต 5,19,42.11,24.40,57.42,16.00,61.40,19.54,45.61,20.12,38.60,27.07
2566,694,บ้านแม่สะเต,อมก๋อย,เล็ก,นอกเมือง,สำนักงานคณะกรรมการการศึกษาขั้นพื้นฐาน,สพป.เชียงใหม่ เขต 5,11,24.24,13.03,48.30,11.93,63.64,17.14,28.79,17.54,21.21,21.43
2566,695,บ้านแม่หลองน้อย,อมก๋อย,เล็ก,นอกเมือง,สำนักงานคณะกรรมการการศึกษาขั้นพื้นฐาน,สพป.เชียงใหม่ เขต 5,23,47.10,23.39,46.43,21.35,72.46,27.19,44.20,28.91,36.23,23.90
2566,696,บ้านแม่อ่างขาง,อมก๋อย,เล็ก,นอกเมือง,สำนักงานคณะกรรมการการศึกษาขั้นพื้นฐาน,สพป.เชียงใหม่ เขต 5,27,36.42,25.67,38.33,27.45,59.26,24.57,34.57,24.81,17.28,26.25
2566,697,บ้านยางแก้ว,อมก๋อย,เล็ก,นอกเมือง,สำนักงานคณะกรรมการการศึกษาขั้นพื้นฐาน,สพป.เชียงใหม่ เขต 5,19,35.09,26.98,42.90,13.69,68.42,25.30,33.33,20.23,26.32,27.74
2566,698,บ้านยางครก,อมก๋อย,เล็ก,นอกเมือง,สำนักงานคณะกรรมการการศึกษาขั้นพื้นฐาน,สพป.เชียงใหม่ เขต 5,11,48.48,22.98,49.19,14.36,63.64,17.14,36.36,9.58,15.15,21.85
2566,699,บ้านยางเปา,อมก๋อย,กลาง,นอกเมือง,สำนักงานคณะกรรมการการศึกษาขั้นพื้นฐาน,สพป.เชียงใหม่ เขต 5,20,45.00,19.79,54.69,22.81,65.00,26.82,37.50,23.50,26.67,27.08
2566,700,บ้านยางเปียง,อมก๋อย,เล็ก,นอกเมือง,สำนักงานคณะกรรมการการศึกษาขั้นพื้นฐาน,สพป.เชียงใหม่ เขต 5,9,42.59,24.98,41.47,10.20,70.37,24.57,42.59,24.98,22.22,22.22
2566,701,บ้านสบลาน,อมก๋อย,กลาง,นอกเมือง,สำนักงานคณะกรรมการการศึกษาขั้นพื้นฐาน,สพป.เชียงใหม่ เขต 5,17,38.24,17.86,36.34,23.76,54.90,25.41,28.43,14.87,33.33,25.57
2566,702,บ้านหลวง,อมก๋อย,เล็ก,นอกเมือง,สำนักงานคณะกรรมการการศึกษาขั้นพื้นฐาน,สพป.เชียงใหม่ เขต 5,17,66.67,28.58,59.93,24.25,84.31,23.20,43.14,25.60,54.90,27.87
2566,703,บ้านห้วยโค้ง,อมก๋อย,กลาง,นอกเมือง,สำนักงานคณะกรรมการการศึกษาขั้นพื้นฐาน,สพป.เชียงใหม่ เขต 5,27,29.01,21.08,35.78,24.79,67.90,16.93,37.04,16.56,28.40,28.26
2566,704,บ้านห้วยน้ำขาว,อมก๋อย,กลาง,นอกเมือง,สำนักงานคณะกรรมการการศึกษาขั้นพื้นฐาน,สพป.เชียงใหม่ เขต 5,11,40.91,19.28,54.55,20.56,54.55,25.71,28.79,20.21,39.39,19.17
2566,705,บ้านห้วยไม้หก,อมก๋อย,เล็ก,นอกเมือง,สำนักงานคณะกรรมการการศึกษาขั้นพื้นฐาน,สพป.เชียงใหม่ เขต 5,12,58.33,19.84,54.46,17.08,66.67,19.25,36.11,21.34,33.33,27.22
2566,706,บ้านห้วยหล่อดูก,อมก๋อย,เล็ก,นอกเมือง,สำนักงานคณะกรรมการการศึกษาขั้นพื้นฐาน,สพป.เชียงใหม่ เขต 5,14,63.10,22.87,60.46,20.72,76.19,23.33,51.19,16.02,42.86,26.51
2566,707,บ้านห่างหลวง,อมก๋อย,เล็ก,นอกเมือง,สำนักงานคณะกรรมการการศึกษาขั้นพื้นฐาน,สพป.เชียงใหม่ เขต 5,8,33.33,14.43,45.20,17.12,66.67,23.57,27.08,16.54,20.83,23.20
2566,708,บ้านอูตูม,อมก๋อย,กลาง,นอกเมือง,สำนักงานคณะกรรมการการศึกษาขั้นพื้นฐาน,สพป.เชียงใหม่ เขต 5,35,35.24,23.15,42.77,18.14,65.71,25.80,40.00,20.78,23.81,23.33
2566,709,รางวัลอินทิราคานธี,อมก๋อย,เล็ก,นอกเมือง,กองบัญชาการตำรวจตระเวนชายแดน,-,5,26.67,17.00,34.29,15.07,40.00,13.33,20.00,6.67,33.33,29.81
2566,710,ชุมชนบ้านท่าข้าม,ฮอด,กลาง,นอกเมือง,สำนักงานคณะกรรมการการศึกษาขั้นพื้นฐาน,สพป.เชียงใหม่ เขต 5,76,51.10,23.47,55.46,22.48,66.23,26.76,39.69,21.45,32.89,27.83
2566,711,ชุมชนบ้านแม่ทัง,ฮอด,เล็ก,นอกเมือง,สำนักงานคณะกรรมการการศึกษาขั้นพื้นฐาน,สพป.เชียงใหม่ เขต 5,7,59.52,15.06,46.56,24.88,85.71,16.50,42.86,15.06,47.62,16.50
2566,712,บ้านกองลอย,ฮอด,กลาง,นอกเมือง,สำนักงานคณะกรรมการการศึกษาขั้นพื้นฐาน,สพป.เชียงใหม่ เขต 5,23,48.55,21.93,57.88,18.26,75.36,26.41,34.06,15.91,37.68,29.98
2566,713,บ้านกองหิน,ฮอด,เล็ก,นอกเมือง,สำนักงานคณะกรรมการการศึกษาขั้นพื้นฐาน,สพป.เชียงใหม่ เขต 5,3,83.33,0.00,81.55,6.07,100.00,0.00,61.11,20.79,77.78,15.71
2566,714,บ้านกิ่วลม,ฮอด,เล็ก,นอกเมือง,สำนักงานคณะกรรมการการศึกษาขั้นพื้นฐาน,สพป.เชียงใหม่ เขต 5,4,62.50,18.16,61.83,17.47,91.67,14.43,45.83,24.65,50.00,37.27
2566,715,บ้านขุน,ฮอด,เล็ก,นอกเมือง,สำนักงานคณะกรรมการการศึกษาขั้นพื้นฐาน,สพป.เชียงใหม่ เขต 5,13,56.41,13.93,59.89,10.06,74.36,23.22,38.46,21.07,30.77,20.51
2566,716,บ้านแควมะกอก,ฮอด,กลาง,นอกเมือง,สำนักงานคณะกรรมการการศึกษาขั้นพื้นฐาน,สพป.เชียงใหม่ เขต 5,9,46.30,24.57,46.33,18.90,74.07,26.19,38.89,17.57,37.04,29.16
2566,717,บ้านโค้งงาม,ฮอด,เล็ก,นอกเมือง,สำนักงานคณะกรรมการการศึกษาขั้นพื้นฐาน,สพป.เชียงใหม่ เขต 5,1,83.33,0.00,80.36,0.00,100.00,0.00,50.00,0.00,66.67,0.00
2566,718,บ้านดงดำ,ฮอด,เล็ก,นอกเมือง,สำนักงานคณะกรรมการการศึกษาขั้นพื้นฐาน,สพป.เชียงใหม่ เขต 5,4,66.67,26.35,88.17,6.54,100.00,0.00,66.67,20.41,41.67,27.64
2566,719,บ้านดอกแดง,ฮอด,เล็ก,นอกเมือง,สำนักงานคณะกรรมการการศึกษาขั้นพื้นฐาน,สพป.เชียงใหม่ เขต 5,2,41.67,8.33,75.00,1.79,83.33,16.67,50.00,0.00,33.33,33.33
2566,720,บ้านดอยคำ,ฮอด,เล็ก,นอกเมือง,สำนักงานคณะกรรมการการศึกษาขั้นพื้นฐาน,สพป.เชียงใหม่ เขต 5,11,51.52,27.94,55.28,20.06,69.70,30.00,37.88,22.58,30.30,33.20
2566,721,บ้านเด่นวิทยา,ฮอด,เล็ก,นอกเมือง,สำนักงานคณะกรรมการการศึกษาขั้นพื้นฐาน,สพป.เชียงใหม่ เขต 5,8,52.08,13.01,56.58,14.33,70.83,19.98,41.67,16.67,33.33,16.67
2566,722,บ้านตาลใต้,ฮอด,เล็ก,นอกเมือง,สำนักงานคณะกรรมการการศึกษาขั้นพื้นฐาน,สพป.เชียงใหม่ เขต 5,1,33.33,0.00,51.79,0.00,33.33,0.00,33.33,0.00,33.33,0.00
2566,723,บ้านตาลเหนือ,ฮอด,เล็ก,นอกเมือง,สำนักงานคณะกรรมการการศึกษาขั้นพื้นฐาน,สพป.เชียงใหม่ เขต 5,21,56.35,20.23,55.74,17.55,73.02,26.47,50.00,26.23,44.44,31.43
2566,724,บ้านตีนตก,ฮอด,เล็ก,นอกเมือง,สำนักงานคณะกรรมการการศึกษาขั้นพื้นฐาน,สพป.เชียงใหม่ เขต 5,4,12.50,13.82,33.93,16.08,50.00,28.87,16.67,11.79,50.00,28.87
2566,725,บ้านเตียนอาง,ฮอด,เล็ก,นอกเมือง,สำนักงานคณะกรรมการการศึกษาขั้นพื้นฐาน,สพป.เชียงใหม่ เขต 5,11,33.33,18.80,45.86,14.16,60.61,27.77,25.76,14.85,21.21,25.71
2566,726,บ้านทุ่ง,ฮอด,เล็ก,นอกเมือง,สำนักงานคณะกรรมการการศึกษาขั้นพื้นฐาน,สพป.เชียงใหม่ เขต 5,5,73.33,20.00,76.43,11.79,86.67,16.33,56.67,27.08,40.00,13.33
2566,727,บ้านทุ่งโป่ง,ฮอด,เล็ก,นอกเมือง,สำนักงานคณะกรรมการการศึกษาขั้นพื้นฐาน,สพป.เชียงใหม่ เขต 5,7,61.90,14.68,67.09,11.88,71.43,21.30,50.00,8.91,47.62,24.28
2566,728,บ้านนาคอเรือ,ฮอด,เล็ก,นอกเมือง,สำนักงานคณะกรรมการการศึกษาขั้นพื้นฐาน,สพป.เชียงใหม่ เขต 5,11,48.48,19.40,59.01,14.30,69.70,22.27,48.48,18.06,42.42,20.55
2566,729,บ้านนาฟ่อน,ฮอด,เล็ก,นอกเมือง,สำนักงานคณะกรรมการการศึกษาขั้นพื้นฐาน,สพป.เชียงใหม่ เขต 5,21,50.79,22.70,45.88,19.86,63.49,20.33,37.30,23.52,31.75,29.95
2566,730,บ้านบ่อสลี,ฮอด,เล็ก,นอกเมือง,สำนักงานคณะกรรมการการศึกษาขั้นพื้นฐาน,สพป.เชียงใหม่ เขต 5,12,70.83,15.40,62.20,13.96,83.33,21.52,52.78,21.34,52.78,28.73
2566,731,บ้านบ่อหลวง,ฮอด,กลาง,นอกเมือง,สำนักงานคณะกรรมการการศึกษาขั้นพื้นฐาน,สพป.เชียงใหม่ เขต 5,26,56.41,22.68,56.15,18.96,80.77,26.43,45.51,19.37,43.59,31.72
2566,732,บ้านผาแตน,ฮอด,เล็ก,นอกเมือง,สำนักงานคณะกรรมการการศึกษาขั้นพื้นฐาน,สพป.เชียงใหม่ เขต 5,5,73.33,17.00,73.21,11.67,80.00,16.33,33.33,18.26,26.67,38.87
2566,733,บ้านพุย,ฮอด,เล็ก,นอกเมือง,สำนักงานคณะกรรมการการศึกษาขั้นพื้นฐาน,สพป.เชียงใหม่ เขต 5,15,44.44,27.67,53.75,14.83,66.67,24.34,37.78,22.33,31.11,30.95
2566,734,บ้านแม่งูด,ฮอด,เล็ก,นอกเมือง,สำนักงานคณะกรรมการการศึกษาขั้นพื้นฐาน,สพป.เชียงใหม่ เขต 5,7,85.71,10.65,68.11,12.28,76.19,15.06,50.00,21.82,57.14,34.34
2566,735,บ้านแม่ลอง,ฮอด,เล็ก,นอกเมือง,สำนักงานคณะกรรมการการศึกษาขั้นพื้นฐาน,สพป.เชียงใหม่ เขต 5,15,70.00,21.26,69.35,18.72,84.44,20.61,65.56,20.61,53.33,36.11
2566,736,บ้านแม่ลาย,ฮอด,เล็ก,นอกเมือง,สำนักงานคณะกรรมการการศึกษาขั้นพื้นฐาน,สพป.เชียงใหม่ เขต 5,11,60.61,20.44,73.46,12.78,81.82,21.85,65.15,16.60,45.45,21.43
2566,737,บ้านแม่ลายเหนือ,ฮอด,เล็ก,นอกเมือง,สำนักงานคณะกรรมการการศึกษาขั้นพื้นฐาน,สพป.เชียงใหม่ เขต 5,17,40.20,19.85,46.09,24.90,74.51,26.88,44.12,16.11,35.29,31.25
2566,738,บ้านแม่สะนาม,ฮอด,เล็ก,นอกเมือง,สำนักงานคณะกรรมการการศึกษาขั้นพื้นฐาน,สพป.เชียงใหม่ เขต 5,6,41.67,8.33,58.78,14.94,61.11,22.91,41.67,20.97,33.33,38.49
2566,739,บ้านแม่อมลอง,ฮอด,เล็ก,นอกเมือง,สำนักงานคณะกรรมการการศึกษาขั้นพื้นฐาน,สพป.เชียงใหม่ เขต 5,7,54.76,7.53,55.36,14.59,61.90,21.30,35.71,25.86,42.86,23.33
2566,740,บ้านวังกอง,ฮอด,เล็ก,นอกเมือง,สำนักงานคณะกรรมการการศึกษาขั้นพื้นฐาน,สพป.เชียงใหม่ เขต 5,11,51.52,27.94,66.23,14.01,69.70,22.27,53.03,24.43,42.42,28.75
2566,741,บ้านวังลุง,ฮอด,เล็ก,นอกเมือง,สำนักงานคณะกรรมการการศึกษาขั้นพื้นฐาน,สพป.เชียงใหม่ เขต 5,13,53.85,18.67,61.40,13.18,79.49,20.83,47.44,21.53,33.33,22.65
2566,742,บ้านหางดง,ฮอด,เล็ก,นอกเมือง,สำนักงานคณะกรรมการการศึกษาขั้นพื้นฐาน,สพป.เชียงใหม่ เขต 5,6,69.44,24.37,75.89,9.21,77.78,24.85,55.56,29.92,44.44,31.43
2566,743,ฟ้าใส,ฮอด,เล็ก,นอกเมือง,สำนักงานคณะกรรมการส่งเสริมการศึกษาเอกชน,-,5,90.00,8.16,82.86,7.71,93.33,13.33,70.00,16.33,73.33,24.94
2566,744,แม่โถวิทยาคม,ฮอด,กลาง,นอกเมือง,สำนักงานคณะกรรมการการศึกษาขั้นพื้นฐาน,สพป.เชียงใหม่ เขต 5,47,43.62,21.89,40.31,21.13,58.87,24.99,32.27,18.96,31.21,29.50
2565,1,บ้านขุนแม่รวม,กัลยาณิวัฒนา,เล็ก,นอกเมือง,สำนักงานคณะกรรมการการศึกษาขั้นพื้นฐาน,สพป.เชียงใหม่ เขต 6,15,38.89,18.92,39.91,12.53,44.44,28.97,30.00,16.33,48.89,29.48
2565,2,บ้านจันทร์,กัลยาณิวัฒนา,เล็ก,นอกเมือง,สำนักงานคณะกรรมการการศึกษาขั้นพื้นฐาน,สพป.เชียงใหม่ เขต 6,12,40.28,22.00,44.94,12.64,52.78,28.73,20.83,13.82,22.22,20.79
2565,3,บ้านจันทร์ สาขาแจ่มน้อย,กัลยาณิวัฒนา,เล็ก,นอกเมือง,สำนักงานคณะกรรมการการศึกษาขั้นพื้นฐาน,สพป.เชียงใหม่ เขต 6,5,56.67,30.91,49.46,15.43,60.00,38.87,33.33,10.54,33.33,29.81
2565,4,บ้านแม่แดดน้อย,กัลยาณิวัฒนา,เล็ก,นอกเมือง,สำนักงานคณะกรรมการการศึกษาขั้นพื้นฐาน,สพป.เชียงใหม่ เขต 6,3,83.33,0.00,47.32,13.50,44.44,15.71,44.44,7.86,66.67,27.22
2565,5,บ้านแม่แดดน้อย สาขาบ้านดงสามหมื่น,กัลยาณิวัฒนา,เล็ก,นอกเมือง,สำนักงานคณะกรรมการการศึกษาขั้นพื้นฐาน,สพป.เชียงใหม่ เขต 6,5,76.67,17.00,73.57,8.80,53.33,26.67,23.33,22.61,60.00,32.66
2565,6,บ้านแม่ตะละ,กัลยาณิวัฒนา,เล็ก,นอกเมือง,สำนักงานคณะกรรมการการศึกษาขั้นพื้นฐาน,สพป.เชียงใหม่ เขต 6,4,50.00,11.79,33.93,20.79,33.33,23.57,25.00,8.33,41.67,36.32
2565,7,บ้านแม่ตะละเหนือ,กัลยาณิวัฒนา,เล็ก,นอกเมือง,สำนักงานคณะกรรมการการศึกษาขั้นพื้นฐาน,สพป.เชียงใหม่ เขต 6,3,22.22,7.86,38.84,12.67,55.56,15.71,38.89,15.71,22.22,15.71
2565,8,บ้านห้วยยา,กัลยาณิวัฒนา,เล็ก,นอกเมือง,สำนักงานคณะกรรมการการศึกษาขั้นพื้นฐาน,สพป.เชียงใหม่ เขต 6,9,55.56,34.25,51.69,11.37,51.85,41.90,29.63,15.27,29.63,29.16
2565,9,สามัคคีสันม่วง,กัลยาณิวัฒนา,เล็ก,นอกเมือง,สำนักงานคณะกรรมการการศึกษาขั้นพื้นฐาน,สพป.เชียงใหม่ เขต 6,22,57.58,25.98,55.84,15.07,62.12,33.78,34.85,21.27,50.00,26.11
2565,10,ณัทชวิทย์,จอมทอง,เล็ก,นอกเมือง,สำนักงานคณะกรรมการส่งเสริมการศึกษาเอกชน,-,25,72.67,15.55,60.64,14.64,78.67,26.47,41.33,17.07,64.00,33.89
2565,11,เทศบาลจอมทอง ๑ (ชุมชนบ้านข่วงเปาเหนือ),จอมทอง,เล็ก,นอกเมือง,กรมส่งเสริมการปกครองท้องถิ่น,ท้องถิ่นจังหวัดเชียงใหม่,26,57.05,19.71,48.42,13.16,52.56,30.90,46.79,18.50,41.03,33.73
2565,12,ไทยรัฐวิทยา 79 (บ้านหนองอาบช้าง),จอมทอง,เล็ก,นอกเมือง,สำนักงานคณะกรรมการการศึกษาขั้นพื้นฐาน,สพป.เชียงใหม่ เขต 6,12,55.56,17.12,56.85,7.46,47.22,25.31,33.33,18.00,55.56,31.43
2565,13,นิยมไพรผาหมอนอินทนนท์,จอมทอง,เล็ก,นอกเมือง,สำนักงานคณะกรรมการการศึกษาขั้นพื้นฐาน,สพป.เชียงใหม่ เขต 6,19,56.14,21.09,57.03,15.62,54.39,29.04,28.95,23.47,56.14,32.54
2565,14,บ้านข่วงเปาใต้,จอมทอง,เล็ก,นอกเมือง,สำนักงานคณะกรรมการการศึกษาขั้นพื้นฐาน,สพป.เชียงใหม่ เขต 6,5,60.00,17.00,73.39,7.87,66.67,21.08,43.33,24.94,53.33,26.67
2565,15,บ้านขุนกลาง,จอมทอง,กลาง,นอกเมือง,สำนักงานคณะกรรมการการศึกษาขั้นพื้นฐาน,สพป.เชียงใหม่ เขต 6,32,58.33,20.83,49.30,13.56,51.04,23.55,40.63,21.22,54.17,27.32
2565,16,บ้านขุนกลาง สาขาแม่ยะน้อย,จอมทอง,เล็ก,นอกเมือง,สำนักงานคณะกรรมการการศึกษาขั้นพื้นฐาน,สพป.เชียงใหม่ เขต 6,4,45.83,13.82,40.18,6.28,33.33,23.57,25.00,27.64,25.00,14.43
2565,17,บ้านขุนแตะ,จอมทอง,เล็ก,นอกเมือง,สำนักงานคณะกรรมการการศึกษาขั้นพื้นฐาน,สพป.เชียงใหม่ เขต 6,15,55.56,27.67,50.24,12.17,66.67,32.20,40.00,21.77,46.67,31.74
2565,18,บ้านขุนยะ,จอมทอง,เล็ก,นอกเมือง,สำนักงานคณะกรรมการการศึกษาขั้นพื้นฐาน,สพป.เชียงใหม่ เขต 6,7,57.14,17.50,60.97,8.67,66.67,39.84,38.10,14.68,38.10,21.30
2565,19,บ้านท่าข้าม,จอมทอง,เล็ก,นอกเมือง,สำนักงานคณะกรรมการการศึกษาขั้นพื้นฐาน,สพป.เชียงใหม่ เขต 6,7,66.67,17.82,66.96,16.16,71.43,32.99,40.48,30.68,61.90,45.18
2565,20,บ้านท่าหลุก,จอมทอง,เล็ก,นอกเมือง,สำนักงานคณะกรรมการการศึกษาขั้นพื้นฐาน,สพป.เชียงใหม่ เขต 6,3,77.78,20.79,70.83,13.88,77.78,15.71,33.33,23.57,66.67,27.22
2565,21,บ้านน้ำตกแม่กลาง,จอมทอง,เล็ก,นอกเมือง,สำนักงานคณะกรรมการการศึกษาขั้นพื้นฐาน,สพป.เชียงใหม่ เขต 6,9,57.41,20.95,58.93,8.65,37.04,18.89,25.93,19.42,44.44,27.22
2565,22,บ้านบนนา,จอมทอง,เล็ก,นอกเมือง,สำนักงานคณะกรรมการการศึกษาขั้นพื้นฐาน,สพป.เชียงใหม่ เขต 6,15,38.89,19.88,51.49,16.18,37.78,31.89,36.67,16.33,40.00,32.66
2565,23,บ้านปากทางท่าลี่,จอมทอง,เล็ก,นอกเมือง,สำนักงานคณะกรรมการการศึกษาขั้นพื้นฐาน,สพป.เชียงใหม่ เขต 6,7,54.76,11.66,71.30,10.30,71.43,21.30,35.71,27.36,52.38,24.28
2565,24,บ้านเมืองกลาง,จอมทอง,เล็ก,นอกเมือง,สำนักงานคณะกรรมการการศึกษาขั้นพื้นฐาน,สพป.เชียงใหม่ เขต 6,6,61.11,12.42,52.38,13.92,77.78,24.85,33.33,19.25,55.56,31.43
2565,25,บ้านเมืองอาง,จอมทอง,เล็ก,นอกเมือง,สำนักงานคณะกรรมการการศึกษาขั้นพื้นฐาน,สพป.เชียงใหม่ เขต 6,4,41.67,14.43,39.51,17.75,25.00,14.43,29.17,13.82,41.67,14.43
2565,26,บ้านแม่ปอน,จอมทอง,เล็ก,นอกเมือง,สำนักงานคณะกรรมการการศึกษาขั้นพื้นฐาน,สพป.เชียงใหม่ เขต 6,10,61.67,16.75,64.55,14.39,60.00,24.94,46.67,23.33,46.67,22.11
2565,27,บ้านแม่สอย,จอมทอง,เล็ก,นอกเมือง,สำนักงานคณะกรรมการการศึกษาขั้นพื้นฐาน,สพป.เชียงใหม่ เขต 6,12,68.06,18.58,68.82,10.82,97.22,9.21,43.06,14.37,72.22,29.92
2565,28,บ้านโรงวัว,จอมทอง,เล็ก,นอกเมือง,สำนักงานคณะกรรมการการศึกษาขั้นพื้นฐาน,สพป.เชียงใหม่ เขต 6,11,60.61,22.78,59.25,9.60,60.61,27.77,40.91,16.46,48.48,26.07
2565,29,บ้านสบเตี๊ยะ,จอมทอง,กลาง,นอกเมือง,สำนักงานคณะกรรมการการศึกษาขั้นพื้นฐาน,สพป.เชียงใหม่ เขต 6,7,47.62,25.86,58.55,12.40,57.14,23.33,33.33,8.91,42.86,29.35
2565,30,บ้านสบแปะ,จอมทอง,เล็ก,นอกเมือง,สำนักงานคณะกรรมการการศึกษาขั้นพื้นฐาน,สพป.เชียงใหม่ เขต 6,9,53.70,26.96,60.47,16.27,70.37,33.13,27.78,17.57,59.26,20.95
2565,31,บ้านหนองคัน,จอมทอง,เล็ก,นอกเมือง,สำนักงานคณะกรรมการการศึกษาขั้นพื้นฐาน,สพป.เชียงใหม่ เขต 6,4,54.17,13.82,72.54,9.18,83.33,28.87,29.17,18.16,75.00,27.64
2565,32,บ้านห้วยทราย,จอมทอง,เล็ก,นอกเมือง,สำนักงานคณะกรรมการการศึกษาขั้นพื้นฐาน,สพป.เชียงใหม่ เขต 6,3,55.56,7.86,49.11,8.84,44.44,31.43,33.33,0.00,44.44,41.57
2565,33,บ้านห้วยน้ำดิบ,จอมทอง,เล็ก,นอกเมือง,สำนักงานคณะกรรมการการศึกษาขั้นพื้นฐาน,สพป.เชียงใหม่ เขต 6,6,58.33,15.96,60.42,15.79,83.33,25.46,41.67,18.63,55.56,24.85
2565,34,บ้านห้วยม่วง,จอมทอง,เล็ก,นอกเมือง,สำนักงานคณะกรรมการการศึกษาขั้นพื้นฐาน,สพป.เชียงใหม่ เขต 6,7,69.05,20.76,73.34,12.08,95.24,11.66,38.10,11.66,47.62,24.28
2565,35,บ้านห้วยม่วงฝั่งซ้าย,จอมทอง,เล็ก,นอกเมือง,สำนักงานคณะกรรมการการศึกษาขั้นพื้นฐาน,สพป.เชียงใหม่ เขต 6,0,-,-,-,-,-,-,-,-,-,-
2565,36,บ้านห้วยส้มป่อย,จอมทอง,เล็ก,นอกเมือง,สำนักงานคณะกรรมการการศึกษาขั้นพื้นฐาน,สพป.เชียงใหม่ เขต 6,7,40.48,19.63,43.37,9.52,61.90,21.30,30.95,16.50,42.86,29.35
2565,37,บ้านห้วยสะแพด,จอมทอง,เล็ก,นอกเมือง,สำนักงานคณะกรรมการการศึกษาขั้นพื้นฐาน,สพป.เชียงใหม่ เขต 6,10,55.00,18.33,65.98,10.85,56.67,30.00,31.67,20.34,40.00,24.94
2565,38,บ้านหาดนาค,จอมทอง,เล็ก,นอกเมือง,สำนักงานคณะกรรมการการศึกษาขั้นพื้นฐาน,สพป.เชียงใหม่ เขต 6,2,50.00,16.67,67.41,11.16,100.00,0.00,41.67,8.33,50.00,16.67
2565,39,บ้านใหม่สารภี,จอมทอง,เล็ก,นอกเมือง,สำนักงานคณะกรรมการการศึกษาขั้นพื้นฐาน,สพป.เชียงใหม่ เขต 6,11,50.00,26.59,64.53,12.78,72.73,37.11,22.73,22.78,54.55,21.43
2565,40,ป่ากล้วยพัฒนา,จอมทอง,เล็ก,นอกเมือง,สำนักงานคณะกรรมการการศึกษาขั้นพื้นฐาน,สพป.เชียงใหม่ เขต 6,10,51.67,21.67,55.71,11.75,50.00,34.16,36.67,20.82,50.00,26.87
2565,41,วัดพระบาท,จอมทอง,เล็ก,นอกเมือง,สำนักงานคณะกรรมการการศึกษาขั้นพื้นฐาน,สพป.เชียงใหม่ เขต 6,1,50.00,0.00,55.36,0.00,66.67,0.00,66.67,0.00,66.67,0.00
2565,42,ศรีจอมทอง,จอมทอง,ใหญ่,นอกเมือง,สำนักงานคณะกรรมการการศึกษาขั้นพื้นฐาน,สพป.เชียงใหม่ เขต 6,123,80.35,20.50,77.81,11.76,88.89,20.68,55.42,25.90,72.09,26.67
2565,43,สุทธิวงศ์ดำรงวิทย์,จอมทอง,เล็ก,นอกเมือง,สำนักงานคณะกรรมการส่งเสริมการศึกษาเอกชน,-,13,52.56,24.33,53.57,14.58,51.28,28.09,33.33,13.07,51.28,24.86
2565,44,แกน้อยศึกษา,เชียงดาว,กลาง,นอกเมือง,สำนักงานคณะกรรมการการศึกษาขั้นพื้นฐาน,สพป.เชียงใหม่ เขต 3,10,36.67,22.11,54.73,14.89,36.67,31.45,28.33,15.00,36.67,31.45
2565,45,โครงการหลวงแกน้อย,เชียงดาว,เล็ก,นอกเมือง,สำนักงานคณะกรรมการการศึกษาขั้นพื้นฐาน,สพป.เชียงใหม่ เขต 3,7,59.52,17.50,60.46,9.45,42.86,29.35,35.71,13.88,52.38,34.99
2565,46,เจ้าฟ้าอุบลรัตน์,เชียงดาว,กลาง,นอกเมือง,สำนักงานคณะกรรมการส่งเสริมการศึกษาเอกชน,-,19,61.40,24.21,57.71,16.04,45.61,26.95,52.63,21.81,50.88,27.29
2565,47,ชุมชนบ้านเมืองงาย,เชียงดาว,กลาง,นอกเมือง,สำนักงานคณะกรรมการการศึกษาขั้นพื้นฐาน,สพป.เชียงใหม่ เขต 3,23,69.57,16.78,73.56,12.43,81.16,21.59,43.48,20.11,52.17,23.73
2565,48,ชุมชนบ้านวังจ๊อม,เชียงดาว,กลาง,นอกเมือง,สำนักงานคณะกรรมการการศึกษาขั้นพื้นฐาน,สพป.เชียงใหม่ เขต 3,10,70.00,12.47,63.93,8.19,83.33,16.67,46.67,20.82,76.67,26.03
2565,49,ตชด.เฉลิมพระเกียรติฯ บ้านแกน้อย,เชียงดาว,เล็ก,นอกเมือง,กองบัญชาการตำรวจตระเวนชายแดน,-,22,36.36,23.37,40.67,21.76,36.36,26.42,33.33,19.46,27.27,31.20
2565,50,บ้านเชียงดาว,เชียงดาว,กลาง,นอกเมือง,สำนักงานคณะกรรมการการศึกษาขั้นพื้นฐาน,สพป.เชียงใหม่ เขต 3,92,62.14,23.71,71.67,14.76,63.41,28.26,36.05,20.89,57.61,31.51
2565,51,บ้านดอน,เชียงดาว,เล็ก,นอกเมือง,สำนักงานคณะกรรมการการศึกษาขั้นพื้นฐาน,สพป.เชียงใหม่ เขต 3,4,79.17,7.22,74.55,3.43,75.00,27.64,29.17,18.16,50.00,16.67
2565,52,บ้านถ้ำ,เชียงดาว,เล็ก,นอกเมือง,สำนักงานคณะกรรมการการศึกษาขั้นพื้นฐาน,สพป.เชียงใหม่ เขต 3,8,50.00,22.05,60.94,12.78,62.50,19.98,45.83,11.02,58.33,22.05
2565,53,บ้านทุ่งข้าวพวง,เชียงดาว,กลาง,นอกเมือง,สำนักงานคณะกรรมการการศึกษาขั้นพื้นฐาน,สพป.เชียงใหม่ เขต 3,28,46.43,18.02,59.15,13.36,45.24,20.34,32.74,18.08,58.33,31.65
2565,54,บ้านทุ่งละคร,เชียงดาว,เล็ก,นอกเมือง,สำนักงานคณะกรรมการการศึกษาขั้นพื้นฐาน,สพป.เชียงใหม่ เขต 3,6,72.22,24.85,59.38,10.29,66.67,33.33,30.56,6.21,50.00,25.46
2565,55,บ้านทุ่งหลุก,เชียงดาว,เล็ก,นอกเมือง,สำนักงานคณะกรรมการการศึกษาขั้นพื้นฐาน,สพป.เชียงใหม่ เขต 3,6,86.11,14.96,75.60,7.85,72.22,29.92,27.78,12.42,72.22,22.91
2565,56,บ้านนาหวาย,เชียงดาว,กลาง,นอกเมือง,สำนักงานคณะกรรมการการศึกษาขั้นพื้นฐาน,สพป.เชียงใหม่ เขต 3,34,64.71,20.91,67.62,12.29,71.57,25.73,38.73,22.40,56.86,31.86
2565,57,บ้านปางแดง,เชียงดาว,เล็ก,นอกเมือง,สำนักงานคณะกรรมการการศึกษาขั้นพื้นฐาน,สพป.เชียงใหม่ เขต 3,7,52.38,22.59,61.48,12.59,57.14,23.33,38.10,21.30,52.38,34.99
2565,58,บ้านปางเฟือง,เชียงดาว,เล็ก,นอกเมือง,สำนักงานคณะกรรมการการศึกษาขั้นพื้นฐาน,สพป.เชียงใหม่ เขต 3,9,62.96,23.28,65.08,13.45,81.48,27.72,35.19,16.56,59.26,20.95
2565,59,บ้านปางมะเยา,เชียงดาว,กลาง,นอกเมือง,สำนักงานคณะกรรมการการศึกษาขั้นพื้นฐาน,สพป.เชียงใหม่ เขต 3,20,45.00,18.33,42.86,19.66,36.67,27.69,30.00,15.46,30.00,31.45
2565,60,บ้านป่าบง,เชียงดาว,เล็ก,นอกเมือง,สำนักงานคณะกรรมการการศึกษาขั้นพื้นฐาน,สพป.เชียงใหม่ เขต 3,4,62.50,7.22,47.99,7.97,58.33,36.32,20.83,13.82,58.33,14.43
2565,61,บ้านเมืองคอง,เชียงดาว,เล็ก,นอกเมือง,สำนักงานคณะกรรมการการศึกษาขั้นพื้นฐาน,สพป.เชียงใหม่ เขต 3,15,48.89,26.85,47.44,17.74,46.67,26.67,31.11,19.12,44.44,31.43
2565,62,บ้านเมืองนะ,เชียงดาว,กลาง,นอกเมือง,สำนักงานคณะกรรมการการศึกษาขั้นพื้นฐาน,สพป.เชียงใหม่ เขต 3,58,46.55,21.39,51.74,18.25,55.17,34.21,31.90,14.28,43.68,30.45
2565,63,บ้านแม่กอนใน,เชียงดาว,เล็ก,นอกเมือง,สำนักงานคณะกรรมการการศึกษาขั้นพื้นฐาน,สพป.เชียงใหม่ เขต 3,17,45.10,23.41,51.47,13.45,49.02,32.57,32.35,18.50,52.94,23.03
2565,64,บ้านแม่นะ,เชียงดาว,กลาง,นอกเมือง,สำนักงานคณะกรรมการการศึกษาขั้นพื้นฐาน,สพป.เชียงใหม่ เขต 3,21,65.08,20.51,65.77,10.66,69.84,25.00,34.92,13.52,53.97,31.67
2565,65,บ้านแม่ป๋าม,เชียงดาว,เล็ก,นอกเมือง,สำนักงานคณะกรรมการการศึกษาขั้นพื้นฐาน,สพป.เชียงใหม่ เขต 3,8,50.00,16.67,52.12,15.00,66.67,23.57,37.50,13.82,41.67,36.32
2565,66,บ้านแม่แมะ,เชียงดาว,เล็ก,นอกเมือง,สำนักงานคณะกรรมการการศึกษาขั้นพื้นฐาน,สพป.เชียงใหม่ เขต 3,7,52.38,20.76,40.94,12.80,42.86,29.35,33.33,17.82,33.33,25.20
2565,67,บ้านแม่อ้อใน,เชียงดาว,เล็ก,นอกเมือง,สำนักงานคณะกรรมการการศึกษาขั้นพื้นฐาน,สพป.เชียงใหม่ เขต 3,16,56.25,19.43,60.66,16.37,70.83,33.07,31.25,15.45,68.75,32.21
2565,68,บ้านรินหลวง,เชียงดาว,เล็ก,นอกเมือง,สำนักงานคณะกรรมการการศึกษาขั้นพื้นฐาน,สพป.เชียงใหม่ เขต 3,24,49.31,21.77,50.74,14.13,52.78,30.30,36.81,19.83,44.44,29.92
2565,69,บ้านสบคาบ,เชียงดาว,เล็ก,นอกเมือง,สำนักงานคณะกรรมการการศึกษาขั้นพื้นฐาน,สพป.เชียงใหม่ เขต 3,4,66.67,11.79,54.91,15.22,50.00,16.67,41.67,8.33,58.33,14.43
2565,70,บ้านสันป่าเกี๊ยะ,เชียงดาว,เล็ก,นอกเมือง,สำนักงานคณะกรรมการการศึกษาขั้นพื้นฐาน,สพป.เชียงใหม่ เขต 3,4,62.50,7.22,73.44,8.14,75.00,27.64,79.17,7.22,75.00,14.43
2565,71,บ้านหนองเขียว,เชียงดาว,กลาง,นอกเมือง,สำนักงานคณะกรรมการการศึกษาขั้นพื้นฐาน,สพป.เชียงใหม่ เขต 3,40,32.08,25.92,34.52,17.65,29.17,26.02,25.42,20.41,36.67,30.55
2565,72,บ้านหนองแขม,เชียงดาว,เล็ก,นอกเมือง,กองบัญชาการตำรวจตระเวนชายแดน,-,12,61.11,7.86,70.35,16.18,69.44,21.34,59.72,8.22,50.00,21.52
2565,73,บ้านหนองบัว,เชียงดาว,เล็ก,นอกเมือง,สำนักงานคณะกรรมการการศึกษาขั้นพื้นฐาน,สพป.เชียงใหม่ เขต 3,14,48.81,23.96,52.20,19.43,40.48,36.03,30.95,17.66,42.86,29.35
2565,74,บ้านห้วยจะค่าน ตชด.อนุสรณ์,เชียงดาว,กลาง,นอกเมือง,สำนักงานคณะกรรมการการศึกษาขั้นพื้นฐาน,สพป.เชียงใหม่ เขต 3,19,31.58,24.12,25.26,16.90,36.84,18.40,30.70,14.57,36.84,26.26
2565,75,บ้านห้วยทรายขาว,เชียงดาว,เล็ก,นอกเมือง,สำนักงานคณะกรรมการการศึกษาขั้นพื้นฐาน,สพป.เชียงใหม่ เขต 3,6,58.33,23.07,48.07,17.67,38.89,29.92,30.56,17.79,55.56,31.43
2565,76,บ้านห้วยเป้า,เชียงดาว,เล็ก,นอกเมือง,กรมส่งเสริมการปกครองท้องถิ่น,ท้องถิ่นจังหวัดเชียงใหม่,14,66.67,14.09,57.08,16.14,61.90,21.30,40.48,24.16,64.29,32.03
2565,77,บ้านใหม่,เชียงดาว,เล็ก,นอกเมือง,สำนักงานคณะกรรมการการศึกษาขั้นพื้นฐาน,สพป.เชียงใหม่ เขต 3,6,47.22,17.79,58.18,14.52,66.67,27.22,33.33,19.25,55.56,24.85
2565,78,บ้านอรุโณทัย,เชียงดาว,ใหญ่พิเศษ,นอกเมือง,สำนักงานคณะกรรมการการศึกษาขั้นพื้นฐาน,สพป.เชียงใหม่ เขต 3,71,48.59,24.82,50.87,16.28,52.58,31.97,27.00,20.24,51.64,28.96
2565,79,บ้านออน,เชียงดาว,เล็ก,นอกเมือง,สำนักงานคณะกรรมการการศึกษาขั้นพื้นฐาน,สพป.เชียงใหม่ เขต 3,7,52.38,24.28,56.38,10.52,80.95,24.28,23.81,17.50,38.10,21.30
2565,80,เบญจม 2 บ้านน้ำรู,เชียงดาว,เล็ก,นอกเมือง,สำนักงานคณะกรรมการการศึกษาขั้นพื้นฐาน,สพป.เชียงใหม่ เขต 3,20,37.50,25.21,51.21,18.37,56.67,31.80,30.83,20.60,36.67,27.69
2565,81,พัฒนาต้นน้ำขุนคอง,เชียงดาว,เล็ก,นอกเมือง,สำนักงานคณะกรรมการการศึกษาขั้นพื้นฐาน,สพป.เชียงใหม่ เขต 3,17,53.92,22.53,64.39,15.50,70.59,25.26,37.25,20.24,47.06,32.46
2565,82,มิตรมวลชนเชียงใหม่,เชียงดาว,กลาง,นอกเมือง,สำนักงานคณะกรรมการการศึกษาขั้นพื้นฐาน,สพป.เชียงใหม่ เขต 3,17,51.96,21.30,52.05,14.80,62.75,27.73,29.41,14.61,45.10,27.87
2565,83,วัดจอมคีรี,เชียงดาว,เล็ก,นอกเมือง,สำนักงานคณะกรรมการการศึกษาขั้นพื้นฐาน,สพป.เชียงใหม่ เขต 3,12,70.83,16.84,72.77,12.45,91.67,19.84,47.22,16.43,55.56,28.33
2565,84,วัดปางมะโอ,เชียงดาว,เล็ก,นอกเมือง,สำนักงานคณะกรรมการการศึกษาขั้นพื้นฐาน,สพป.เชียงใหม่ เขต 3,1,66.67,0.00,58.04,0.00,33.33,0.00,66.67,0.00,66.67,0.00
2565,85,ศีลรวี,เชียงดาว,กลาง,นอกเมือง,สำนักงานคณะกรรมการส่งเสริมการศึกษาเอกชน,-,71,59.39,21.44,54.04,16.75,58.69,29.85,33.80,17.69,54.93,33.14
2565,86,ศึกษาสงเคราะห์เชียงดาว,เชียงดาว,กลาง,นอกเมือง,สำนักบริหารงานการศึกษาพิเศษ,-,59,36.72,23.12,33.01,20.38,32.77,23.36,27.12,18.13,31.64,27.74
2565,87,ฉัตรพฤกษ์วิทยา,ไชยปราการ,เล็ก,นอกเมือง,สำนักงานคณะกรรมการส่งเสริมการศึกษาเอกชน,-,17,64.71,26.74,61.50,18.99,66.67,22.87,51.96,22.05,60.78,23.53
2565,88,ชุมชนวัดศรีดงเย็น,ไชยปราการ,กลาง,นอกเมือง,สำนักงานคณะกรรมการการศึกษาขั้นพื้นฐาน,สพป.เชียงใหม่ เขต 3,34,61.27,24.50,59.24,15.75,72.55,28.55,34.31,16.14,62.75,28.88
2565,89,เทศบาล 1 ไชยปราการ,ไชยปราการ,กลาง,นอกเมือง,กรมส่งเสริมการปกครองท้องถิ่น,ท้องถิ่นจังหวัดเชียงใหม่,47,50.35,21.88,48.59,17.35,51.06,28.23,34.75,19.09,32.62,31.12
2565,90,บ้านต้นโชค,ไชยปราการ,เล็ก,นอกเมือง,สำนักงานคณะกรรมการการศึกษาขั้นพื้นฐาน,สพป.เชียงใหม่ เขต 3,18,49.07,22.55,55.90,13.33,35.19,25.99,26.85,13.76,40.74,28.45
2565,91,บ้านถ้ำตับเตา,ไชยปราการ,เล็ก,นอกเมือง,สำนักงานคณะกรรมการการศึกษาขั้นพื้นฐาน,สพป.เชียงใหม่ เขต 3,3,72.22,15.71,71.43,7.68,55.56,15.71,22.22,7.86,44.44,15.71
2565,92,บ้านปง,ไชยปราการ,เล็ก,นอกเมือง,สำนักงานคณะกรรมการการศึกษาขั้นพื้นฐาน,สพป.เชียงใหม่ เขต 3,19,49.12,16.64,52.21,12.63,63.16,34.02,22.81,14.52,50.88,27.29
2565,93,บ้านปงตำ,ไชยปราการ,เล็ก,นอกเมือง,สำนักงานคณะกรรมการการศึกษาขั้นพื้นฐาน,สพป.เชียงใหม่ เขต 3,13,57.69,20.27,57.49,11.80,48.72,24.86,32.05,15.28,51.28,21.14
2565,94,บ้านป่างิ้ว,ไชยปราการ,เล็ก,นอกเมือง,สำนักงานคณะกรรมการการศึกษาขั้นพื้นฐาน,สพป.เชียงใหม่ เขต 3,13,62.82,21.83,59.41,13.15,48.72,30.98,41.03,24.99,41.03,34.97
2565,95,บ้านผาแดง,ไชยปราการ,เล็ก,นอกเมือง,สำนักงานคณะกรรมการการศึกษาขั้นพื้นฐาน,สพป.เชียงใหม่ เขต 3,8,45.83,11.02,54.13,25.99,50.00,23.57,31.25,21.14,50.00,28.87
2565,96,บ้านแม่ขิ,ไชยปราการ,เล็ก,นอกเมือง,สำนักงานคณะกรรมการการศึกษาขั้นพื้นฐาน,สพป.เชียงใหม่ เขต 3,15,60.00,22.61,59.82,15.78,62.22,29.48,41.11,17.07,68.89,30.95
2565,97,บ้านแม่ทะลบ,ไชยปราการ,เล็ก,นอกเมือง,สำนักงานคณะกรรมการการศึกษาขั้นพื้นฐาน,สพป.เชียงใหม่ เขต 3,13,47.44,26.02,60.85,15.77,64.10,27.62,35.90,21.53,48.72,24.86
2565,98,บ้านเวียงผาพัฒนา,ไชยปราการ,เล็ก,นอกเมือง,สำนักงานคณะกรรมการการศึกษาขั้นพื้นฐาน,สพป.เชียงใหม่ เขต 3,7,30.95,13.88,42.47,12.03,33.33,17.82,23.81,17.50,57.14,15.06
2565,99,บ้านห้วยต้นตอง,ไชยปราการ,เล็ก,นอกเมือง,สำนักงานคณะกรรมการการศึกษาขั้นพื้นฐาน,สพป.เชียงใหม่ เขต 3,4,66.67,23.57,43.97,7.37,58.33,14.43,25.00,14.43,50.00,16.67
2565,100,บ้านห้วยบง,ไชยปราการ,เล็ก,นอกเมือง,สำนักงานคณะกรรมการการศึกษาขั้นพื้นฐาน,สพป.เชียงใหม่ เขต 3,6,47.22,33.91,57.74,12.21,38.89,22.91,36.11,14.96,27.78,22.91
2565,101,บ้านห้วยไผ่,ไชยปราการ,เล็ก,นอกเมือง,สำนักงานคณะกรรมการการศึกษาขั้นพื้นฐาน,สพป.เชียงใหม่ เขต 3,14,52.38,25.08,54.02,16.19,54.76,20.34,38.10,17.17,54.76,23.93
2565,102,บ้านหัวฝาย,ไชยปราการ,เล็ก,นอกเมือง,สำนักงานคณะกรรมการการศึกษาขั้นพื้นฐาน,สพป.เชียงใหม่ เขต 3,6,86.11,11.45,72.77,6.97,66.67,27.22,41.67,20.97,44.44,41.57
2565,103,บ้านใหม่หนองบัว,ไชยปราการ,กลาง,นอกเมือง,สำนักงานคณะกรรมการการศึกษาขั้นพื้นฐาน,สพป.เชียงใหม่ เขต 3,76,38.38,22.46,35.34,18.68,36.40,24.88,32.89,19.30,35.96,31.42
2565,104,บ้านอ่าย,ไชยปราการ,เล็ก,นอกเมือง,สำนักงานคณะกรรมการการศึกษาขั้นพื้นฐาน,สพป.เชียงใหม่ เขต 3,25,52.00,25.96,61.36,17.05,61.33,34.87,46.00,18.43,45.33,28.10
2565,105,วัดบ้านท่า,ไชยปราการ,เล็ก,นอกเมือง,สำนักงานคณะกรรมการการศึกษาขั้นพื้นฐาน,สพป.เชียงใหม่ เขต 3,17,66.67,21.39,75.58,10.87,80.39,28.14,40.20,15.19,62.75,34.07
2565,106,วัดป่าแดง,ไชยปราการ,เล็ก,นอกเมือง,สำนักงานคณะกรรมการการศึกษาขั้นพื้นฐาน,สพป.เชียงใหม่ เขต 3,13,52.56,17.10,49.59,12.07,51.28,24.86,29.49,17.48,46.15,27.85
2565,107,วัดอรัญญวาสี,ไชยปราการ,เล็ก,นอกเมือง,สำนักงานคณะกรรมการการศึกษาขั้นพื้นฐาน,สพป.เชียงใหม่ เขต 3,7,66.67,15.43,53.19,16.95,57.14,34.34,33.33,19.92,47.62,34.99
2565,108,เอื้อวิทยา,ไชยปราการ,กลาง,นอกเมือง,สำนักงานคณะกรรมการส่งเสริมการศึกษาเอกชน,-,32,58.85,19.09,64.54,11.91,65.63,25.66,40.63,18.13,54.17,27.32
2565,109,ชุมชนบ้านดอยเต่า,ดอยเต่า,เล็ก,นอกเมือง,สำนักงานคณะกรรมการการศึกษาขั้นพื้นฐาน,สพป.เชียงใหม่ เขต 5,8,68.75,19.43,49.33,14.48,62.50,35.11,22.92,18.52,62.50,19.98
2565,110,ชุมชนศูนย์อพยพแปลง 4,ดอยเต่า,เล็ก,นอกเมือง,สำนักงานคณะกรรมการการศึกษาขั้นพื้นฐาน,สพป.เชียงใหม่ เขต 5,10,65.00,27.34,66.70,20.57,63.33,37.86,38.33,23.63,53.33,33.99
2565,111,บ้านเกาะหลวง,ดอยเต่า,เล็ก,นอกเมือง,สำนักงานคณะกรรมการการศึกษาขั้นพื้นฐาน,สพป.เชียงใหม่ เขต 5,13,82.05,12.16,70.54,11.76,87.18,16.22,42.31,23.22,66.67,34.59
2565,112,บ้านฉิมพลี,ดอยเต่า,เล็ก,นอกเมือง,สำนักงานคณะกรรมการการศึกษาขั้นพื้นฐาน,สพป.เชียงใหม่ เขต 5,5,70.00,12.47,70.54,4.45,100.00,0.00,26.67,20.00,66.67,29.81
2565,113,บ้านถิ่นสำราญ,ดอยเต่า,เล็ก,นอกเมือง,สำนักงานคณะกรรมการการศึกษาขั้นพื้นฐาน,สพป.เชียงใหม่ เขต 5,9,66.67,15.71,55.36,14.61,74.07,26.19,27.78,11.11,62.96,24.57
2565,114,บ้านโท้งวิทยา,ดอยเต่า,เล็ก,นอกเมือง,สำนักงานคณะกรรมการการศึกษาขั้นพื้นฐาน,สพป.เชียงใหม่ เขต 5,7,69.05,16.50,65.18,11.67,76.19,23.33,52.38,18.75,61.90,27.77
2565,115,บ้านน้อยห้วยรินวิทยา,ดอยเต่า,เล็ก,นอกเมือง,สำนักงานคณะกรรมการการศึกษาขั้นพื้นฐาน,สพป.เชียงใหม่ เขต 5,8,41.67,25.00,50.11,9.61,45.83,23.20,35.42,21.14,37.50,30.90
2565,116,บ้านบงตัน,ดอยเต่า,เล็ก,นอกเมือง,สำนักงานคณะกรรมการการศึกษาขั้นพื้นฐาน,สพป.เชียงใหม่ เขต 5,25,46.67,21.08,54.89,14.73,36.00,28.16,34.00,16.65,38.67,33.57
2565,117,บ้านโปง,ดอยเต่า,เล็ก,นอกเมือง,สำนักงานคณะกรรมการการศึกษาขั้นพื้นฐาน,สพป.เชียงใหม่ เขต 5,9,59.26,23.72,59.03,17.22,62.96,29.16,35.19,16.56,48.15,38.84
2565,118,บ้านโปงทุ่ง,ดอยเต่า,เล็ก,นอกเมือง,สำนักงานคณะกรรมการการศึกษาขั้นพื้นฐาน,สพป.เชียงใหม่ เขต 5,1,50.00,0.00,50.00,0.00,66.67,0.00,33.33,0.00,33.33,0.00
2565,119,บ้านผาจุก,ดอยเต่า,เล็ก,นอกเมือง,สำนักงานคณะกรรมการการศึกษาขั้นพื้นฐาน,สพป.เชียงใหม่ เขต 5,3,66.67,13.61,47.32,12.05,55.56,15.71,16.67,13.61,22.22,15.71
2565,120,บ้านแม่บวน,ดอยเต่า,เล็ก,นอกเมือง,สำนักงานคณะกรรมการการศึกษาขั้นพื้นฐาน,สพป.เชียงใหม่ เขต 5,7,59.52,26.51,66.07,7.36,66.67,25.20,38.10,17.17,57.14,29.35
2565,121,บ้านไร่,ดอยเต่า,เล็ก,นอกเมือง,สำนักงานคณะกรรมการการศึกษาขั้นพื้นฐาน,สพป.เชียงใหม่ เขต 5,10,65.00,17.40,69.29,8.80,66.67,29.81,36.67,22.11,43.33,36.67
2565,122,บ้านวังหลวง,ดอยเต่า,เล็ก,นอกเมือง,สำนักงานคณะกรรมการการศึกษาขั้นพื้นฐาน,สพป.เชียงใหม่ เขต 5,8,54.17,24.65,72.99,8.29,79.17,28.57,37.50,16.14,54.17,33.07
2565,123,บ้านสันติสุข,ดอยเต่า,เล็ก,นอกเมือง,สำนักงานคณะกรรมการการศึกษาขั้นพื้นฐาน,สพป.เชียงใหม่ เขต 5,4,54.17,7.22,60.27,18.00,58.33,36.32,25.00,18.63,33.33,0.00
2565,124,บ้านแอ่นจัดสรร,ดอยเต่า,เล็ก,นอกเมือง,สำนักงานคณะกรรมการการศึกษาขั้นพื้นฐาน,สพป.เชียงใหม่ เขต 5,8,56.25,21.95,56.70,16.96,50.00,33.33,22.92,11.60,45.83,28.57
2565,125,ศูนย์อพยพแปลง 2,ดอยเต่า,เล็ก,นอกเมือง,สำนักงานคณะกรรมการการศึกษาขั้นพื้นฐาน,สพป.เชียงใหม่ เขต 5,5,66.67,14.91,66.96,11.75,100.00,0.00,43.33,17.00,66.67,21.08
2565,126,ศูนย์อพยพแปลง 5,ดอยเต่า,เล็ก,นอกเมือง,สำนักงานคณะกรรมการการศึกษาขั้นพื้นฐาน,สพป.เชียงใหม่ เขต 5,14,79.76,21.06,74.87,11.89,92.86,13.68,53.57,19.08,76.19,26.51
2565,127,ศูนย์อพยพแปลง 8,ดอยเต่า,เล็ก,นอกเมือง,สำนักงานคณะกรรมการการศึกษาขั้นพื้นฐาน,สพป.เชียงใหม่ เขต 5,9,59.26,17.76,75.60,8.59,81.48,22.83,46.30,13.09,77.78,15.71
2565,128,ชลประทานผาแตก,ดอยสะเก็ด,กลาง,นอกเมือง,สำนักงานคณะกรรมการการศึกษาขั้นพื้นฐาน,สพป.เชียงใหม่ เขต 1,49,59.52,21.30,64.67,19.25,67.35,23.80,38.10,17.50,51.02,32.37
2565,129,เทพเสด็จวิทยา,ดอยสะเก็ด,เล็ก,นอกเมือง,สำนักงานคณะกรรมการการศึกษาขั้นพื้นฐาน,สพป.เชียงใหม่ เขต 1,9,40.74,32.50,50.35,24.66,62.96,29.16,24.07,17.76,44.44,22.22
2565,130,เทศบาลตลาดใหญ่,ดอยสะเก็ด,เล็ก,นอกเมือง,กรมส่งเสริมการปกครองท้องถิ่น,ท้องถิ่นจังหวัดเชียงใหม่,7,71.43,11.66,62.63,20.06,76.19,23.33,28.57,11.66,61.90,27.77
2565,131,บริรักศึกษาเชียงใหม่,ดอยสะเก็ด,เล็ก,นอกเมือง,สำนักงานคณะกรรมการส่งเสริมการศึกษาเอกชน,-,21,64.29,20.11,51.87,18.10,52.38,21.99,31.75,19.86,53.97,31.67
2565,132,บ้านเชิงดอย(ดอยสะเก็ดศึกษา),ดอยสะเก็ด,กลาง,นอกเมือง,สำนักงานคณะกรรมการการศึกษาขั้นพื้นฐาน,สพป.เชียงใหม่ เขต 1,98,69.90,20.57,70.70,15.21,82.31,27.85,38.10,19.20,56.80,31.30
2565,133,บ้านตลาดขี้เหล็ก,ดอยสะเก็ด,เล็ก,นอกเมือง,สำนักงานคณะกรรมการการศึกษาขั้นพื้นฐาน,สพป.เชียงใหม่ เขต 1,8,66.67,14.43,56.58,13.70,70.83,19.98,41.67,14.43,50.00,23.57
2565,134,บ้านบ่อหิน,ดอยสะเก็ด,เล็ก,นอกเมือง,สำนักงานคณะกรรมการการศึกษาขั้นพื้นฐาน,สพป.เชียงใหม่ เขต 1,20,69.17,19.20,64.29,15.26,73.33,22.61,38.33,15.90,68.33,28.82
2565,135,บ้านป่าขุย,ดอยสะเก็ด,เล็ก,นอกเมือง,สำนักงานคณะกรรมการการศึกษาขั้นพื้นฐาน,สพป.เชียงใหม่ เขต 1,7,59.52,19.63,53.19,16.14,57.14,34.34,33.33,19.92,57.14,34.34
2565,136,บ้านปางแดง,ดอยสะเก็ด,เล็ก,นอกเมือง,สำนักงานคณะกรรมการการศึกษาขั้นพื้นฐาน,สพป.เชียงใหม่ เขต 1,5,63.33,16.33,54.46,25.76,46.67,26.67,36.67,12.47,53.33,16.33
2565,137,บ้านปางน้ำถุ,ดอยสะเก็ด,เล็ก,นอกเมือง,สำนักงานคณะกรรมการการศึกษาขั้นพื้นฐาน,สพป.เชียงใหม่ เขต 1,3,66.67,23.57,53.57,19.11,55.56,31.43,38.89,7.86,44.44,41.57
2565,138,บ้านป่างิ้ว,ดอยสะเก็ด,เล็ก,นอกเมือง,สำนักงานคณะกรรมการการศึกษาขั้นพื้นฐาน,สพป.เชียงใหม่ เขต 1,8,43.75,23.48,38.67,19.45,62.50,35.11,39.58,11.60,58.33,32.27
2565,139,บ้านป่าป้อง,ดอยสะเก็ด,เล็ก,นอกเมือง,สำนักงานคณะกรรมการการศึกษาขั้นพื้นฐาน,สพป.เชียงใหม่ เขต 1,1,66.67,0.00,80.36,0.00,100.00,0.00,16.67,0.00,33.33,0.00
2565,140,บ้านป่าไม้แดง,ดอยสะเก็ด,กลาง,นอกเมือง,สำนักงานคณะกรรมการการศึกษาขั้นพื้นฐาน,สพป.เชียงใหม่ เขต 1,20,68.33,17.40,65.85,9.94,66.67,27.89,45.83,21.65,66.67,25.82
2565,141,บ้านป่าเสร้า,ดอยสะเก็ด,กลาง,นอกเมือง,สำนักงานคณะกรรมการการศึกษาขั้นพื้นฐาน,สพป.เชียงใหม่ เขต 1,31,59.68,21.49,65.35,12.88,52.69,27.79,34.41,15.23,60.22,35.34
2565,142,บ้านป่าเหมือด,ดอยสะเก็ด,เล็ก,นอกเมือง,สำนักงานคณะกรรมการการศึกษาขั้นพื้นฐาน,สพป.เชียงใหม่ เขต 1,32,57.81,22.43,67.41,11.89,72.92,25.60,41.15,18.15,62.50,28.57
2565,143,บ้านโป่งกุ่ม,ดอยสะเก็ด,เล็ก,นอกเมือง,สำนักงานคณะกรรมการการศึกษาขั้นพื้นฐาน,สพป.เชียงใหม่ เขต 1,5,66.67,10.54,56.79,11.83,73.33,24.94,36.67,22.11,60.00,24.94
2565,144,บ้านแม่ดอกแดง,ดอยสะเก็ด,เล็ก,นอกเมือง,สำนักงานคณะกรรมการการศึกษาขั้นพื้นฐาน,สพป.เชียงใหม่ เขต 1,14,58.33,20.65,51.08,16.22,59.52,31.32,29.76,18.02,40.48,31.32
2565,145,บ้านแม่หวาน,ดอยสะเก็ด,เล็ก,นอกเมือง,สำนักงานคณะกรรมการการศึกษาขั้นพื้นฐาน,สพป.เชียงใหม่ เขต 1,7,59.52,24.97,61.99,9.05,71.43,27.77,38.10,19.34,33.33,30.86
2565,146,บ้านแม่ฮ้อยเงิน,ดอยสะเก็ด,เล็ก,นอกเมือง,สำนักงานคณะกรรมการการศึกษาขั้นพื้นฐาน,สพป.เชียงใหม่ เขต 1,10,58.33,13.44,44.11,9.43,36.67,23.33,23.33,8.16,43.33,30.00
2565,147,บ้านร้องขี้เหล็ก,ดอยสะเก็ด,เล็ก,นอกเมือง,สำนักงานคณะกรรมการการศึกษาขั้นพื้นฐาน,สพป.เชียงใหม่ เขต 1,9,48.15,25.39,38.34,21.12,44.44,22.22,27.78,17.57,33.33,27.22
2565,148,บ้านลวงเหนือ,ดอยสะเก็ด,เล็ก,นอกเมือง,สำนักงานคณะกรรมการการศึกษาขั้นพื้นฐาน,สพป.เชียงใหม่ เขต 1,8,60.42,16.54,59.38,9.17,70.83,26.02,27.08,14.28,58.33,27.64
2565,149,บ้านสันต้นม่วงเหนือ,ดอยสะเก็ด,เล็ก,นอกเมือง,สำนักงานคณะกรรมการการศึกษาขั้นพื้นฐาน,สพป.เชียงใหม่ เขต 1,3,55.56,15.71,69.64,11.73,66.67,27.22,27.78,7.86,55.56,15.71
2565,150,เพื่อชีวิตเชียงใหม่,ดอยสะเก็ด,เล็ก,นอกเมือง,สำนักงานคณะกรรมการส่งเสริมการศึกษาเอกชน,-,19,46.49,21.34,39.94,21.15,38.60,32.92,35.09,15.19,54.39,32.82
2565,151,แม่โป่งประชาสามัคคี,ดอยสะเก็ด,เล็ก,นอกเมือง,สำนักงานคณะกรรมการการศึกษาขั้นพื้นฐาน,สพป.เชียงใหม่ เขต 1,16,53.13,22.22,55.80,19.43,41.67,27.64,33.33,19.54,31.25,34.30
2565,152,ไมตรีจิตคริสเตียนเชียงใหม่,ดอยสะเก็ด,กลาง,นอกเมือง,สำนักงานคณะกรรมการส่งเสริมการศึกษาเอกชน,-,16,47.92,28.79,44.92,16.20,58.33,34.36,37.50,18.16,37.50,23.20
2565,153,กรป.กลางอุปถัมภ์,ดอยหล่อ,เล็ก,นอกเมือง,สำนักงานคณะกรรมการการศึกษาขั้นพื้นฐาน,สพป.เชียงใหม่ เขต 4,14,60.71,22.37,56.25,17.64,59.52,28.67,45.24,15.97,50.00,27.46
2565,154,ดอยหล่อวิทยา,ดอยหล่อ,เล็ก,นอกเมือง,กรมส่งเสริมการปกครองท้องถิ่น,ท้องถิ่นจังหวัดเชียงใหม่,7,45.24,19.34,40.18,20.00,52.38,30.12,26.19,12.14,38.10,32.99
2565,155,เทศบาลตำบลวัดสองแคว,ดอยหล่อ,เล็ก,นอกเมือง,กรมส่งเสริมการปกครองท้องถิ่น,ท้องถิ่นจังหวัดเชียงใหม่,4,62.50,27.32,58.48,16.52,50.00,37.27,54.17,7.22,41.67,43.30
2565,156,บ้านดงป่าหวาย,ดอยหล่อ,เล็ก,นอกเมือง,สำนักงานคณะกรรมการการศึกษาขั้นพื้นฐาน,สพป.เชียงใหม่ เขต 4,15,63.33,20.37,55.42,9.99,57.78,25.72,23.33,10.18,53.33,16.33
2565,157,บ้านแม่ขาน,ดอยหล่อ,เล็ก,นอกเมือง,สำนักงานคณะกรรมการการศึกษาขั้นพื้นฐาน,สพป.เชียงใหม่ เขต 4,7,66.67,25.20,70.28,7.20,57.14,29.35,19.05,10.65,66.67,35.63
2565,158,บ้านสามหลัง,ดอยหล่อ,เล็ก,นอกเมือง,สำนักงานคณะกรรมการการศึกษาขั้นพื้นฐาน,สพป.เชียงใหม่ เขต 4,18,55.56,22.91,51.04,19.13,59.26,30.54,34.26,20.39,55.56,19.25
2565,159,บ้านห้วยน้ำขาว,ดอยหล่อ,เล็ก,นอกเมือง,สำนักงานคณะกรรมการการศึกษาขั้นพื้นฐาน,สพป.เชียงใหม่ เขต 4,6,69.44,14.96,72.02,7.69,66.67,27.22,38.89,18.43,72.22,22.91
2565,160,บ้านเหล่าเป้า,ดอยหล่อ,เล็ก,นอกเมือง,สำนักงานคณะกรรมการการศึกษาขั้นพื้นฐาน,สพป.เชียงใหม่ เขต 4,13,58.97,24.12,59.13,14.55,53.85,33.43,28.21,16.52,53.85,30.77
2565,161,บ้านใหม่หนองหอย,ดอยหล่อ,เล็ก,นอกเมือง,สำนักงานคณะกรรมการการศึกษาขั้นพื้นฐาน,สพป.เชียงใหม่ เขต 4,20,51.67,21.02,47.23,16.48,40.00,32.66,23.33,17.80,35.00,26.82
2565,162,วัดดอนชื่น,ดอยหล่อ,เล็ก,นอกเมือง,สำนักงานคณะกรรมการการศึกษาขั้นพื้นฐาน,สพป.เชียงใหม่ เขต 4,5,90.00,13.33,81.07,9.34,93.33,13.33,40.00,13.33,80.00,16.33
2565,163,วัดวังขามป้อม,ดอยหล่อ,เล็ก,นอกเมือง,สำนักงานคณะกรรมการการศึกษาขั้นพื้นฐาน,สพป.เชียงใหม่ เขต 4,11,60.61,14.69,66.72,14.00,78.79,21.43,33.33,23.57,69.70,33.20
2565,164,วัดศรีดอนชัย,ดอยหล่อ,เล็ก,นอกเมือง,สำนักงานคณะกรรมการการศึกษาขั้นพื้นฐาน,สพป.เชียงใหม่ เขต 4,13,62.82,20.83,57.14,15.32,69.23,38.03,26.92,15.38,53.85,42.44
2565,165,วัดหนองหลั้ว,ดอยหล่อ,เล็ก,นอกเมือง,สำนักงานคณะกรรมการการศึกษาขั้นพื้นฐาน,สพป.เชียงใหม่ เขต 4,4,66.67,20.41,64.96,16.78,66.67,23.57,45.83,18.16,50.00,28.87
2565,166,เจ้าแม่หลวงอุปถัมภ์ 1,ฝาง,กลาง,นอกเมือง,สำนักงานคณะกรรมการการศึกษาขั้นพื้นฐาน,สพป.เชียงใหม่ เขต 3,24,50.00,19.84,47.77,15.40,52.78,30.30,22.22,14.96,45.83,30.14
2565,167,ฉือจี้เชียงใหม่,ฝาง,กลาง,นอกเมือง,สำนักงานคณะกรรมการส่งเสริมการศึกษาเอกชน,-,84,69.44,24.64,59.32,16.89,70.63,30.60,35.32,17.33,54.37,32.44
2565,168,ชุมชนบ้านแม่สูนหลวง,ฝาง,เล็ก,นอกเมือง,สำนักงานคณะกรรมการการศึกษาขั้นพื้นฐาน,สพป.เชียงใหม่ เขต 3,2,50.00,16.67,52.23,8.48,66.67,0.00,41.67,8.33,16.67,16.67
2565,169,เทพศิรินทร์๙โครงการหลวงในพระบรมราชูปถัมภ์,ฝาง,เล็ก,นอกเมือง,สำนักงานคณะกรรมการการศึกษาขั้นพื้นฐาน,สพป.เชียงใหม่ เขต 3,8,64.58,21.14,51.00,8.87,50.00,33.33,20.83,16.14,29.17,19.98
2565,170,เทศบาลเวียงฝาง,ฝาง,กลาง,นอกเมือง,กรมส่งเสริมการปกครองท้องถิ่น,ท้องถิ่นจังหวัดเชียงใหม่,34,54.41,27.80,44.43,17.55,48.04,21.68,26.47,17.21,44.12,29.95
2565,171,บ้านขอบด้ง,ฝาง,กลาง,นอกเมือง,สำนักงานคณะกรรมการการศึกษาขั้นพื้นฐาน,สพป.เชียงใหม่ เขต 3,13,66.67,20.67,54.12,12.85,46.15,20.83,30.77,17.10,71.79,22.06
2565,172,บ้านดงป่าลัน,ฝาง,เล็ก,นอกเมือง,สำนักงานคณะกรรมการการศึกษาขั้นพื้นฐาน,สพป.เชียงใหม่ เขต 3,6,58.33,18.63,52.38,16.39,66.67,27.22,30.56,22.40,50.00,25.46
2565,173,บ้านเด่นใหม่,ฝาง,เล็ก,นอกเมือง,สำนักงานคณะกรรมการการศึกษาขั้นพื้นฐาน,สพป.เชียงใหม่ เขต 3,17,61.76,19.61,59.61,16.97,68.63,33.28,39.22,13.93,54.90,34.19
2565,174,บ้านต้นผึ้ง,ฝาง,เล็ก,นอกเมือง,สำนักงานคณะกรรมการการศึกษาขั้นพื้นฐาน,สพป.เชียงใหม่ เขต 3,10,61.67,26.93,54.64,17.25,50.00,34.16,36.67,12.47,56.67,30.00
2565,175,บ้านต้นส้าน,ฝาง,เล็ก,นอกเมือง,สำนักงานคณะกรรมการการศึกษาขั้นพื้นฐาน,สพป.เชียงใหม่ เขต 3,9,57.41,30.54,72.42,16.42,55.56,22.22,46.30,18.89,48.15,27.72
2565,176,บ้านทุ่งหลุก,ฝาง,เล็ก,นอกเมือง,สำนักงานคณะกรรมการการศึกษาขั้นพื้นฐาน,สพป.เชียงใหม่ เขต 3,8,83.33,16.67,63.62,13.23,66.67,23.57,22.92,11.60,54.17,23.20
2565,177,บ้านปางปอย,ฝาง,กลาง,นอกเมือง,สำนักงานคณะกรรมการการศึกษาขั้นพื้นฐาน,สพป.เชียงใหม่ เขต 3,36,53.70,22.60,45.36,16.70,43.52,27.01,29.63,21.20,40.74,31.54
2565,178,บ้านปางสัก,ฝาง,เล็ก,นอกเมือง,สำนักงานคณะกรรมการการศึกษาขั้นพื้นฐาน,สพป.เชียงใหม่ เขต 3,9,59.26,27.34,57.24,16.94,59.26,26.19,38.89,23.57,70.37,24.57
2565,179,บ้านป่าบง,ฝาง,เล็ก,นอกเมือง,สำนักงานคณะกรรมการการศึกษาขั้นพื้นฐาน,สพป.เชียงใหม่ เขต 3,11,63.64,24.43,58.36,11.71,54.55,21.43,31.82,20.66,48.48,29.69
2565,180,บ้านโป่งถืบ,ฝาง,กลาง,นอกเมือง,สำนักงานคณะกรรมการการศึกษาขั้นพื้นฐาน,สพป.เชียงใหม่ เขต 3,36,54.17,20.93,49.85,16.24,60.19,27.01,29.17,16.37,49.07,33.78
2565,181,บ้านโป่งนก,ฝาง,กลาง,นอกเมือง,สำนักงานคณะกรรมการการศึกษาขั้นพื้นฐาน,สพป.เชียงใหม่ เขต 3,21,51.59,17.75,47.92,18.06,41.27,25.00,50.79,20.23,53.97,34.85
2565,182,บ้านโป่งน้ำร้อน,ฝาง,เล็ก,นอกเมือง,สำนักงานคณะกรรมการการศึกษาขั้นพื้นฐาน,สพป.เชียงใหม่ เขต 3,10,61.67,25.87,55.63,15.43,50.00,30.73,35.00,15.72,63.33,27.69
2565,183,บ้านม่วงชุม,ฝาง,กลาง,นอกเมือง,สำนักงานคณะกรรมการการศึกษาขั้นพื้นฐาน,สพป.เชียงใหม่ เขต 3,24,54.86,20.68,55.21,18.14,58.33,27.64,34.72,20.37,62.50,29.36
2565,184,บ้านม่อนปิ่น,ฝาง,กลาง,นอกเมือง,สำนักงานคณะกรรมการการศึกษาขั้นพื้นฐาน,สพป.เชียงใหม่ เขต 3,18,66.67,22.22,69.54,9.24,75.93,24.36,39.81,19.36,68.52,23.50
2565,185,บ้านแม่ข่า,ฝาง,กลาง,นอกเมือง,สำนักงานคณะกรรมการการศึกษาขั้นพื้นฐาน,สพป.เชียงใหม่ เขต 3,17,62.75,20.24,59.09,14.58,54.90,30.12,46.08,15.69,60.78,28.55
2565,186,บ้านแม่คะ,ฝาง,กลาง,นอกเมือง,สำนักงานคณะกรรมการการศึกษาขั้นพื้นฐาน,สพป.เชียงใหม่ เขต 3,27,56.17,19.32,58.56,12.17,40.74,20.95,30.25,21.77,50.62,34.39
2565,187,บ้านแม่งอนกลาง,ฝาง,เล็ก,นอกเมือง,สำนักงานคณะกรรมการการศึกษาขั้นพื้นฐาน,สพป.เชียงใหม่ เขต 3,10,46.67,24.49,52.14,12.70,56.67,26.03,21.67,15.00,43.33,26.03
2565,188,บ้านแม่งอนขี้เหล็ก,ฝาง,กลาง,นอกเมือง,กรมส่งเสริมการปกครองท้องถิ่น,ท้องถิ่นจังหวัดเชียงใหม่,34,54.90,20.82,56.39,15.85,48.04,23.14,37.25,21.41,54.90,32.22
2565,189,บ้านแม่ใจ,ฝาง,เล็ก,นอกเมือง,สำนักงานคณะกรรมการการศึกษาขั้นพื้นฐาน,สพป.เชียงใหม่ เขต 3,2,75.00,25.00,54.46,4.46,100.00,0.00,8.33,8.33,83.33,16.67
2565,190,บ้านแม่สูนน้อย,ฝาง,เล็ก,นอกเมือง,สำนักงานคณะกรรมการการศึกษาขั้นพื้นฐาน,สพป.เชียงใหม่ เขต 3,9,79.63,6.93,71.63,13.60,77.78,22.22,55.56,19.25,66.67,27.22
2565,191,บ้านยาง,ฝาง,เล็ก,นอกเมือง,สำนักงานคณะกรรมการการศึกษาขั้นพื้นฐาน,สพป.เชียงใหม่ เขต 3,4,50.00,26.35,48.66,6.45,41.67,14.43,37.50,24.65,25.00,14.43
2565,192,บ้านล้องอ้อ,ฝาง,เล็ก,นอกเมือง,กรมส่งเสริมการปกครองท้องถิ่น,ท้องถิ่นจังหวัดเชียงใหม่,21,49.21,27.45,43.43,19.62,38.10,31.35,36.51,18.98,33.33,32.53
2565,193,บ้านลาน,ฝาง,กลาง,นอกเมือง,สำนักงานคณะกรรมการการศึกษาขั้นพื้นฐาน,สพป.เชียงใหม่ เขต 3,11,56.06,20.44,53.73,12.79,66.67,28.43,42.42,13.03,63.64,26.42
2565,194,บ้านเวียงฝาง,ฝาง,ใหญ่,นอกเมือง,สำนักงานคณะกรรมการการศึกษาขั้นพื้นฐาน,สพป.เชียงใหม่ เขต 3,18,55.56,27.78,58.28,13.06,66.67,24.85,39.81,19.36,59.26,26.19
2565,195,บ้านเวียงหวาย,ฝาง,กลาง,นอกเมือง,สำนักงานคณะกรรมการการศึกษาขั้นพื้นฐาน,สพป.เชียงใหม่ เขต 3,12,62.50,25.57,73.29,12.81,80.56,21.34,41.67,22.05,63.89,21.34
2565,196,บ้านศรีดอนชัย,ฝาง,เล็ก,นอกเมือง,สำนักงานคณะกรรมการการศึกษาขั้นพื้นฐาน,สพป.เชียงใหม่ เขต 3,4,33.33,20.41,66.52,11.48,66.67,0.00,37.50,21.65,50.00,28.87
2565,197,บ้านสันต้นดู่,ฝาง,เล็ก,นอกเมือง,สำนักงานคณะกรรมการการศึกษาขั้นพื้นฐาน,สพป.เชียงใหม่ เขต 3,12,68.06,28.43,73.14,13.08,80.56,25.31,44.44,17.12,61.11,32.87
2565,198,บ้านสันต้นเปา,ฝาง,เล็ก,นอกเมือง,สำนักงานคณะกรรมการการศึกษาขั้นพื้นฐาน,สพป.เชียงใหม่ เขต 3,1,100.00,0.00,62.50,0.00,100.00,0.00,66.67,0.00,66.67,0.00
2565,199,บ้านสันทราย,ฝาง,เล็ก,นอกเมือง,สำนักงานคณะกรรมการการศึกษาขั้นพื้นฐาน,สพป.เชียงใหม่ เขต 3,9,53.70,20.45,58.83,10.30,51.85,27.72,16.67,15.71,44.44,22.22
2565,200,บ้านสันทรายคองน้อย,ฝาง,กลาง,นอกเมือง,สำนักงานคณะกรรมการการศึกษาขั้นพื้นฐาน,สพป.เชียงใหม่ เขต 3,18,66.67,20.03,69.30,11.49,70.37,24.57,33.33,20.03,53.70,29.69
2565,201,บ้านสันป่าแดง,ฝาง,เล็ก,นอกเมือง,สำนักงานคณะกรรมการการศึกษาขั้นพื้นฐาน,สพป.เชียงใหม่ เขต 3,13,50.00,29.96,52.75,11.72,53.85,24.59,26.92,22.21,35.90,27.62
2565,202,บ้านสันม่วง,ฝาง,เล็ก,นอกเมือง,สำนักงานคณะกรรมการการศึกษาขั้นพื้นฐาน,สพป.เชียงใหม่ เขต 3,3,44.44,7.86,73.21,4.43,77.78,15.71,38.89,20.79,33.33,27.22
2565,203,บ้านหนองขวาง,ฝาง,เล็ก,นอกเมือง,สำนักงานคณะกรรมการการศึกษาขั้นพื้นฐาน,สพป.เชียงใหม่ เขต 3,2,58.33,8.33,68.75,9.82,83.33,16.67,33.33,0.00,66.67,0.00
2565,204,บ้านหนองยาว,ฝาง,เล็ก,นอกเมือง,สำนักงานคณะกรรมการการศึกษาขั้นพื้นฐาน,สพป.เชียงใหม่ เขต 3,14,63.10,14.34,76.34,10.04,71.43,11.66,40.48,17.50,52.38,24.28
2565,205,บ้านหลวง,ฝาง,กลาง,นอกเมือง,สำนักงานคณะกรรมการการศึกษาขั้นพื้นฐาน,สพป.เชียงใหม่ เขต 3,41,42.68,23.58,36.37,20.82,35.77,24.85,25.61,19.16,42.28,36.83
2565,206,บ้านหล่ายฝาง,ฝาง,เล็ก,นอกเมือง,กรมส่งเสริมการปกครองท้องถิ่น,ท้องถิ่นจังหวัดเชียงใหม่,23,55.80,26.74,47.57,18.16,52.17,30.81,36.96,17.69,49.28,30.88
2565,207,บ้านห้วยไคร้,ฝาง,เล็ก,นอกเมือง,สำนักงานคณะกรรมการการศึกษาขั้นพื้นฐาน,สพป.เชียงใหม่ เขต 3,20,40.00,23.80,48.66,21.72,40.00,27.08,23.33,20.00,30.00,25.60
2565,208,บ้านห้วยงูกลาง,ฝาง,เล็ก,นอกเมือง,สำนักงานคณะกรรมการการศึกษาขั้นพื้นฐาน,สพป.เชียงใหม่ เขต 3,11,65.15,16.60,75.73,8.18,66.67,28.43,39.39,19.17,57.58,28.75
2565,209,บ้านห้วยบอน,ฝาง,เล็ก,นอกเมือง,สำนักงานคณะกรรมการการศึกษาขั้นพื้นฐาน,สพป.เชียงใหม่ เขต 3,3,38.89,7.86,33.33,4.45,11.11,15.71,38.89,15.71,33.33,27.22
2565,210,บ้านห้วยหมากเลี่ยม,ฝาง,กลาง,นอกเมือง,สำนักงานคณะกรรมการการศึกษาขั้นพื้นฐาน,สพป.เชียงใหม่ เขต 3,37,59.91,23.40,61.00,19.19,54.95,24.77,30.18,15.42,55.86,29.05
2565,211,บ้านห้วยห้อม,ฝาง,เล็ก,นอกเมือง,สำนักงานคณะกรรมการการศึกษาขั้นพื้นฐาน,สพป.เชียงใหม่ เขต 3,5,43.33,20.00,52.86,5.52,53.33,16.33,40.00,20.00,60.00,24.94
2565,212,บ้านห้วยเฮี่ยน,ฝาง,เล็ก,นอกเมือง,สำนักงานคณะกรรมการการศึกษาขั้นพื้นฐาน,สพป.เชียงใหม่ เขต 3,8,54.17,13.82,46.43,16.80,45.83,16.14,29.17,18.16,33.33,23.57
2565,213,บ้านหัวนา,ฝาง,เล็ก,นอกเมือง,สำนักงานคณะกรรมการการศึกษาขั้นพื้นฐาน,สพป.เชียงใหม่ เขต 3,20,60.00,20.68,65.54,15.05,75.00,27.64,39.17,19.20,53.33,28.67
2565,214,บ้านหัวฝาย,ฝาง,เล็ก,นอกเมือง,สำนักงานคณะกรรมการการศึกษาขั้นพื้นฐาน,สพป.เชียงใหม่ เขต 3,3,55.56,34.25,54.17,6.89,55.56,15.71,44.44,7.86,33.33,47.14
2565,215,บ้านเหมืองแร่,ฝาง,กลาง,นอกเมือง,สำนักงานคณะกรรมการการศึกษาขั้นพื้นฐาน,สพป.เชียงใหม่ เขต 3,33,57.07,21.72,46.29,13.82,47.47,24.66,30.81,15.42,45.45,28.21
2565,216,รังษีวิทยา,ฝาง,ใหญ่พิเศษ,นอกเมือง,สำนักงานคณะกรรมการส่งเสริมการศึกษาเอกชน,-,194,60.31,22.70,63.45,18.01,61.51,29.25,42.44,21.87,55.15,32.98
2565,217,รัตนาเอื้อวิทยา,ฝาง,ใหญ่,นอกเมือง,สำนักงานคณะกรรมการส่งเสริมการศึกษาเอกชน,-,81,56.58,21.22,58.99,16.91,56.79,32.90,36.42,18.72,44.86,31.06
2565,218,วัดนันทาราม,ฝาง,กลาง,นอกเมือง,สำนักงานคณะกรรมการการศึกษาขั้นพื้นฐาน,สพป.เชียงใหม่ เขต 3,11,54.55,16.03,52.92,12.64,36.36,33.20,31.82,13.21,30.30,17.14
2565,219,วัดศรีบุญเรือง,ฝาง,เล็ก,นอกเมือง,สำนักงานคณะกรรมการการศึกษาขั้นพื้นฐาน,สพป.เชียงใหม่ เขต 3,6,47.22,26.21,51.93,8.17,38.89,29.92,33.33,9.62,55.56,15.71
2565,220,วิรุณเทพ,ฝาง,เล็ก,นอกเมือง,สำนักงานคณะกรรมการการศึกษาขั้นพื้นฐาน,สพป.เชียงใหม่ เขต 3,10,36.67,14.53,49.91,17.93,50.00,26.87,23.33,22.61,50.00,30.73
2565,221,สายอักษร,ฝาง,กลาง,นอกเมือง,สำนักงานคณะกรรมการส่งเสริมการศึกษาเอกชน,-,57,67.25,22.29,67.21,14.52,64.91,31.48,31.87,16.31,47.37,29.91
2565,222,อาโอยาม่า,ฝาง,เล็ก,นอกเมือง,กองบัญชาการตำรวจตระเวนชายแดน,-,11,37.88,21.43,35.35,17.12,39.39,23.86,25.76,10.93,42.42,24.99
2565,223,เจ้าพ่อหลวงอุปถัมภ์ 2,พร้าว,เล็ก,นอกเมือง,กองบัญชาการตำรวจตระเวนชายแดน,-,11,57.58,23.96,66.72,13.89,66.67,31.78,40.91,17.93,51.52,26.07
2565,224,ชุมชนบ้านโป่ง,พร้าว,เล็ก,นอกเมือง,สำนักงานคณะกรรมการการศึกษาขั้นพื้นฐาน,สพป.เชียงใหม่ เขต 2,6,72.22,24.85,65.48,18.26,55.56,36.85,52.78,14.96,55.56,31.43
2565,225,ชุมชนสหกรณ์นิคมวิทยา,พร้าว,เล็ก,นอกเมือง,สำนักงานคณะกรรมการการศึกษาขั้นพื้นฐาน,สพป.เชียงใหม่ เขต 2,23,49.28,25.29,54.87,19.83,36.23,23.90,26.81,12.76,42.03,35.74
2565,226,บ้านขุนแจ๋,พร้าว,เล็ก,นอกเมือง,สำนักงานคณะกรรมการการศึกษาขั้นพื้นฐาน,สพป.เชียงใหม่ เขต 2,6,58.33,28.46,51.19,16.57,38.89,35.57,33.33,16.67,61.11,22.91
2565,227,บ้านแจ่งกู่เรือง,พร้าว,กลาง,นอกเมือง,สำนักงานคณะกรรมการการศึกษาขั้นพื้นฐาน,สพป.เชียงใหม่ เขต 2,95,67.72,19.47,66.21,14.17,63.51,27.81,45.26,19.89,53.68,33.26
2565,228,บ้านต้นรุง,พร้าว,เล็ก,นอกเมือง,สำนักงานคณะกรรมการการศึกษาขั้นพื้นฐาน,สพป.เชียงใหม่ เขต 2,8,43.75,20.31,54.13,5.05,45.83,16.14,29.17,13.82,50.00,28.87
2565,229,บ้านท่ามะเกี๋ยง,พร้าว,เล็ก,นอกเมือง,สำนักงานคณะกรรมการการศึกษาขั้นพื้นฐาน,สพป.เชียงใหม่ เขต 2,2,33.33,0.00,70.54,3.57,100.00,0.00,58.33,8.33,50.00,16.67
2565,230,บ้านนาบุญโหล่งขอด,พร้าว,เล็ก,นอกเมือง,สำนักงานคณะกรรมการการศึกษาขั้นพื้นฐาน,สพป.เชียงใหม่ เขต 2,7,73.81,21.56,75.89,7.50,76.19,23.33,50.00,17.82,66.67,25.20
2565,231,บ้านป่าตุ้ม,พร้าว,กลาง,นอกเมือง,สำนักงานคณะกรรมการการศึกษาขั้นพื้นฐาน,สพป.เชียงใหม่ เขต 2,12,75.00,12.73,65.10,8.88,63.89,21.34,38.89,20.79,61.11,26.64
2565,232,บ้านป่าไหน่,พร้าว,เล็ก,นอกเมือง,สำนักงานคณะกรรมการการศึกษาขั้นพื้นฐาน,สพป.เชียงใหม่ เขต 2,6,55.56,20.79,65.33,9.28,66.67,19.25,25.00,15.96,55.56,15.71
2565,233,บ้านแม่ปั๋ง,พร้าว,เล็ก,นอกเมือง,สำนักงานคณะกรรมการการศึกษาขั้นพื้นฐาน,สพป.เชียงใหม่ เขต 2,6,75.00,20.97,63.10,6.93,77.78,15.71,58.33,15.96,72.22,22.91
2565,234,บ้านแม่ปาคี,พร้าว,เล็ก,นอกเมือง,สำนักงานคณะกรรมการการศึกษาขั้นพื้นฐาน,สพป.เชียงใหม่ เขต 2,12,48.61,22.00,56.40,12.65,36.11,28.73,30.56,25.31,58.33,33.68
2565,235,บ้านแม่เหียะ,พร้าว,เล็ก,นอกเมือง,สำนักงานคณะกรรมการการศึกษาขั้นพื้นฐาน,สพป.เชียงใหม่ เขต 2,21,58.73,23.36,58.89,14.67,57.14,25.50,36.51,15.95,55.56,21.41
2565,236,บ้านสันกลาง,พร้าว,เล็ก,นอกเมือง,สำนักงานคณะกรรมการการศึกษาขั้นพื้นฐาน,สพป.เชียงใหม่ เขต 2,2,66.67,0.00,62.95,5.80,83.33,16.67,33.33,16.67,83.33,16.67
2565,237,บ้านสันปง,พร้าว,เล็ก,นอกเมือง,สำนักงานคณะกรรมการการศึกษาขั้นพื้นฐาน,สพป.เชียงใหม่ เขต 2,4,95.83,7.22,62.95,22.18,83.33,16.67,33.33,23.57,66.67,33.33
2565,238,บ้านหนองปิด,พร้าว,เล็ก,นอกเมือง,สำนักงานคณะกรรมการการศึกษาขั้นพื้นฐาน,สพป.เชียงใหม่ เขต 2,13,60.26,22.21,61.33,12.34,56.41,20.19,28.21,20.03,41.03,26.65
2565,239,บ้านหลวง,พร้าว,เล็ก,นอกเมือง,สำนักงานคณะกรรมการการศึกษาขั้นพื้นฐาน,สพป.เชียงใหม่ เขต 2,5,43.33,17.00,63.21,9.66,40.00,32.66,30.00,12.47,46.67,33.99
2565,240,บ้านห้วยบง,พร้าว,เล็ก,นอกเมือง,สำนักงานคณะกรรมการการศึกษาขั้นพื้นฐาน,สพป.เชียงใหม่ เขต 2,5,73.33,8.16,73.39,8.09,80.00,26.67,36.67,19.44,53.33,33.99
2565,241,ประชาสามัคคีวิทยา,พร้าว,เล็ก,นอกเมือง,สำนักงานคณะกรรมการการศึกษาขั้นพื้นฐาน,สพป.เชียงใหม่ เขต 2,5,50.00,31.62,51.25,18.75,53.33,26.67,40.00,22.61,66.67,21.08
2565,242,ประดู่วิทยา,พร้าว,เล็ก,นอกเมือง,สำนักงานคณะกรรมการการศึกษาขั้นพื้นฐาน,สพป.เชียงใหม่ เขต 2,4,62.50,21.65,68.08,7.32,83.33,16.67,37.50,13.82,50.00,16.67
2565,243,พร้าวบูรพา,พร้าว,เล็ก,นอกเมือง,สำนักงานคณะกรรมการการศึกษาขั้นพื้นฐาน,สพป.เชียงใหม่ เขต 2,15,47.78,15.95,57.62,9.62,55.56,33.70,26.67,15.87,42.22,30.95
2565,244,สหกรณ์ดำริ,พร้าว,เล็ก,นอกเมือง,สำนักงานคณะกรรมการการศึกษาขั้นพื้นฐาน,สพป.เชียงใหม่ เขต 2,5,56.67,17.00,68.21,18.55,73.33,38.87,50.00,18.26,46.67,40.00
2565,245,กสิณธร เซนต์เจมส์ เชียงใหม่,เมืองเชียงใหม่,เล็ก,ในเมือง,สำนักงานคณะกรรมการส่งเสริมการศึกษาเอกชน,-,16,60.42,18.52,55.02,19.27,81.25,28.79,42.71,20.39,66.67,26.35
2565,246,โกวิทธำรงเชียงใหม่,เมืองเชียงใหม่,ใหญ่,ในเมือง,สำนักงานคณะกรรมการส่งเสริมการศึกษาเอกชน,-,123,67.62,21.07,66.14,13.15,79.67,23.91,50.00,20.38,65.31,25.99
2565,247,ขาลสุวรรณอนุสรณ์,เมืองเชียงใหม่,กลาง,ในเมือง,สำนักงานคณะกรรมการส่งเสริมการศึกษาเอกชน,-,36,57.87,26.49,57.74,20.67,51.85,21.44,35.19,21.44,45.37,35.27
2565,248,คำเที่ยงอนุสสรณ์,เมืองเชียงใหม่,กลาง,ในเมือง,สำนักงานคณะกรรมการการศึกษาขั้นพื้นฐาน,สพป.เชียงใหม่ เขต 1,93,60.04,25.30,61.75,17.90,62.72,31.62,36.56,23.22,45.52,34.84
2565,249,จิตราวิทยา,เมืองเชียงใหม่,ใหญ่,ในเมือง,สำนักงานคณะกรรมการส่งเสริมการศึกษาเอกชน,-,114,61.40,22.00,61.70,14.21,66.96,28.10,34.80,20.30,57.60,32.23
2565,250,เจ้าพ่อหลวงอุปถัมภ์ 1,เมืองเชียงใหม่,เล็ก,ในเมือง,สำนักงานคณะกรรมการการศึกษาขั้นพื้นฐาน,สพป.เชียงใหม่ เขต 1,15,52.22,28.46,67.14,13.92,64.44,28.46,30.00,17.43,44.44,28.97
2565,251,ชุมชนเทศบาลวัดศรีดอนไชย,เมืองเชียงใหม่,กลาง,ในเมือง,กรมส่งเสริมการปกครองท้องถิ่น,ท้องถิ่นจังหวัดเชียงใหม่,25,72.00,18.69,66.96,12.58,64.00,26.53,40.00,21.60,61.33,26.13
2565,252,ชุมชนบ้านบวกครกน้อย,เมืองเชียงใหม่,กลาง,ในเมือง,สำนักงานคณะกรรมการการศึกษาขั้นพื้นฐาน,สพป.เชียงใหม่ เขต 1,37,62.16,30.18,56.52,15.90,61.26,27.41,30.18,14.93,58.56,23.77
2565,253,ชุมชนวัดท่าเดื่อ,เมืองเชียงใหม่,เล็ก,ในเมือง,สำนักงานคณะกรรมการการศึกษาขั้นพื้นฐาน,สพป.เชียงใหม่ เขต 1,16,59.38,26.98,67.35,11.54,58.33,34.36,41.67,20.41,58.33,30.05
2565,254,เชียงใหม่คริสเตียน,เมืองเชียงใหม่,ใหญ่,ในเมือง,สำนักงานคณะกรรมการส่งเสริมการศึกษาเอกชน,-,91,60.81,22.29,54.27,16.44,53.11,27.06,32.97,22.10,49.08,30.60
2565,255,ดาราวิทยาลัย,เมืองเชียงใหม่,ใหญ่พิเศษ,ในเมือง,สำนักงานคณะกรรมการส่งเสริมการศึกษาเอกชน,-,247,71.46,21.12,69.56,14.97,75.71,26.22,42.38,20.87,61.81,30.35
2565,256,ท่าศาลา,เมืองเชียงใหม่,เล็ก,ในเมือง,สำนักงานคณะกรรมการการศึกษาขั้นพื้นฐาน,สพป.เชียงใหม่ เขต 1,18,61.11,24.22,61.36,11.69,66.67,29.40,35.19,16.56,57.41,32.97
2565,257,เทพบดินทร์วิทยาเชียงใหม่,เมืองเชียงใหม่,ใหญ่,ในเมือง,สำนักงานคณะกรรมการส่งเสริมการศึกษาเอกชน,-,139,56.83,21.70,56.32,19.28,59.47,29.59,41.01,20.99,49.88,31.07
2565,258,เทศบาลดอกเงิน,เมืองเชียงใหม่,เล็ก,ในเมือง,กรมส่งเสริมการปกครองท้องถิ่น,ท้องถิ่นจังหวัดเชียงใหม่,13,69.23,20.51,70.60,7.07,79.49,20.83,33.33,14.62,66.67,22.65
2565,259,เทศบาลวัดกู่คำ,เมืองเชียงใหม่,เล็ก,ในเมือง,กรมส่งเสริมการปกครองท้องถิ่น,ท้องถิ่นจังหวัดเชียงใหม่,12,56.94,24.02,67.93,9.22,86.11,25.31,40.28,10.67,61.11,32.87
2565,260,เทศบาลวัดเกตการาม,เมืองเชียงใหม่,เล็ก,ในเมือง,กรมส่งเสริมการปกครองท้องถิ่น,ท้องถิ่นจังหวัดเชียงใหม่,15,57.78,20.96,64.11,14.20,73.33,24.94,32.22,23.15,64.44,25.72
2565,261,เทศบาลวัดเชียงยืน,เมืองเชียงใหม่,กลาง,ในเมือง,กรมส่งเสริมการปกครองท้องถิ่น,ท้องถิ่นจังหวัดเชียงใหม่,32,54.69,25.08,61.61,13.13,64.58,28.79,38.54,17.89,58.33,28.87
2565,262,เทศบาลวัดท่าสะต๋อย,เมืองเชียงใหม่,กลาง,ในเมือง,กรมส่งเสริมการปกครองท้องถิ่น,ท้องถิ่นจังหวัดเชียงใหม่,48,70.49,18.71,73.12,11.37,87.50,21.11,37.85,23.01,68.06,24.49
2565,263,เทศบาลวัดป่าแพ่ง,เมืองเชียงใหม่,กลาง,ในเมือง,กรมส่งเสริมการปกครองท้องถิ่น,ท้องถิ่นจังหวัดเชียงใหม่,32,63.02,20.30,69.14,13.11,63.54,31.58,30.73,16.72,66.67,33.33
2565,264,เทศบาลวัดพวกช้าง,เมืองเชียงใหม่,เล็ก,ในเมือง,กรมส่งเสริมการปกครองท้องถิ่น,ท้องถิ่นจังหวัดเชียงใหม่,11,77.27,14.69,65.10,12.15,84.85,29.69,33.33,20.10,60.61,31.20
2565,265,เทศบาลวัดศรีปิงเมือง,เมืองเชียงใหม่,กลาง,ในเมือง,กรมส่งเสริมการปกครองท้องถิ่น,ท้องถิ่นจังหวัดเชียงใหม่,19,61.40,26.52,65.79,14.32,84.21,19.85,38.60,20.98,63.16,30.39
2565,266,เทศบาลวัดศรีสุพรรณ,เมืองเชียงใหม่,กลาง,ในเมือง,กรมส่งเสริมการปกครองท้องถิ่น,ท้องถิ่นจังหวัดเชียงใหม่,14,60.71,22.37,67.09,15.11,73.81,31.32,34.52,22.24,61.90,32.99
2565,267,เทศบาลวัดหมื่นเงินกอง,เมืองเชียงใหม่,เล็ก,ในเมือง,กรมส่งเสริมการปกครองท้องถิ่น,ท้องถิ่นจังหวัดเชียงใหม่,20,66.67,22.97,65.80,18.35,83.33,24.72,30.83,16.89,63.33,29.63
2565,268,บ้านเชิงดอยสุเทพ,เมืองเชียงใหม่,เล็ก,ในเมือง,สำนักงานคณะกรรมการการศึกษาขั้นพื้นฐาน,สพป.เชียงใหม่ เขต 1,16,67.71,22.41,69.25,12.86,89.58,22.73,46.88,17.89,64.58,24.91
2565,269,บ้านดอนปิน,เมืองเชียงใหม่,เล็ก,ในเมือง,สำนักงานคณะกรรมการการศึกษาขั้นพื้นฐาน,สพป.เชียงใหม่ เขต 1,29,52.87,27.36,54.40,16.24,59.77,33.19,30.46,18.61,42.53,30.19
2565,270,บ้านท่าหลุกสันทราย,เมืองเชียงใหม่,กลาง,ในเมือง,สำนักงานคณะกรรมการการศึกษาขั้นพื้นฐาน,สพป.เชียงใหม่ เขต 1,14,79.76,19.08,67.28,11.59,90.48,19.63,52.38,22.59,64.29,32.03
2565,271,บ้านโป่งน้อย,เมืองเชียงใหม่,กลาง,ในเมือง,สำนักงานคณะกรรมการการศึกษาขั้นพื้นฐาน,สพป.เชียงใหม่ เขต 1,57,60.82,24.48,59.62,13.89,70.76,31.88,33.33,19.25,41.52,28.80
2565,272,บ้านแม่เหียะสามัคคี,เมืองเชียงใหม่,เล็ก,ในเมือง,สำนักงานคณะกรรมการการศึกษาขั้นพื้นฐาน,สพป.เชียงใหม่ เขต 1,10,73.33,13.33,64.46,14.85,70.00,31.45,38.33,23.63,53.33,37.12
2565,273,บ้านห้วยทราย,เมืองเชียงใหม่,เล็ก,ในเมือง,สำนักงานคณะกรรมการการศึกษาขั้นพื้นฐาน,สพป.เชียงใหม่ เขต 1,8,60.42,18.52,53.79,15.82,66.67,28.87,29.17,11.02,45.83,23.20
2565,274,ปรินส์รอยแยลส์วิทยาลัย,เมืองเชียงใหม่,ใหญ่พิเศษ,ในเมือง,สำนักงานคณะกรรมการส่งเสริมการศึกษาเอกชน,-,498,80.42,19.07,72.58,14.55,90.29,20.63,47.49,22.40,64.93,30.05
2565,275,พระหฤทัยเชียงใหม่,เมืองเชียงใหม่,ใหญ่,ในเมือง,สำนักงานคณะกรรมการส่งเสริมการศึกษาเอกชน,-,112,63.54,21.31,60.83,17.23,68.45,28.12,37.95,21.39,57.14,34.63
2565,276,พิงครัตน์,เมืองเชียงใหม่,เล็ก,ในเมือง,สำนักงานคณะกรรมการส่งเสริมการศึกษาเอกชน,-,9,70.37,6.93,71.43,9.35,81.48,22.83,48.15,14.58,66.67,27.22
2565,277,พิมานเด็กเชียงใหม่,เมืองเชียงใหม่,กลาง,ในเมือง,สำนักงานคณะกรรมการส่งเสริมการศึกษาเอกชน,-,26,66.03,17.59,68.82,13.81,76.92,22.21,30.13,16.68,71.79,30.23
2565,278,พุทธิโศภน,เมืองเชียงใหม่,ใหญ่,ในเมือง,สำนักงานคณะกรรมการการศึกษาขั้นพื้นฐาน,สพป.เชียงใหม่ เขต 1,180,62.96,24.00,59.72,16.27,69.63,28.82,37.31,19.90,51.85,32.25
2565,279,มงฟอร์ตวิทยาลัย แผนกประถม,เมืองเชียงใหม่,ใหญ่พิเศษ,ในเมือง,สำนักงานคณะกรรมการส่งเสริมการศึกษาเอกชน,-,350,78.38,19.17,64.57,14.51,84.48,24.50,43.57,20.64,60.67,28.27
2565,280,ยุวฑูตศึกษาพัฒนาราชพฤกษ์,เมืองเชียงใหม่,เล็ก,ในเมือง,สำนักงานคณะกรรมการส่งเสริมการศึกษาเอกชน,-,1,66.67,0.00,44.64,0.00,100.00,0.00,50.00,0.00,33.33,0.00
2565,281,เรยีนาเชลีวิทยาลัย,เมืองเชียงใหม่,ใหญ่,ในเมือง,สำนักงานคณะกรรมการส่งเสริมการศึกษาเอกชน,-,152,70.50,22.50,65.93,15.94,79.61,24.50,38.16,18.79,57.89,31.93
2565,282,วชิรวิทย์ เชียงใหม่,เมืองเชียงใหม่,กลาง,ในเมือง,สำนักงานคณะกรรมการส่งเสริมการศึกษาเอกชน,-,68,66.42,23.48,55.44,21.02,68.14,30.48,36.52,21.25,48.53,27.67
2565,283,วัดข่วงสิงห์,เมืองเชียงใหม่,กลาง,ในเมือง,สำนักงานคณะกรรมการการศึกษาขั้นพื้นฐาน,สพป.เชียงใหม่ เขต 1,23,69.57,23.90,70.50,13.12,85.51,19.23,45.65,22.64,59.42,29.42
2565,284,วัดขะจาว,เมืองเชียงใหม่,เล็ก,ในเมือง,สำนักงานคณะกรรมการการศึกษาขั้นพื้นฐาน,สพป.เชียงใหม่ เขต 1,24,59.72,19.19,64.03,17.43,69.44,27.07,29.86,19.83,48.61,31.88
2565,285,วัดเจ็ดยอด,เมืองเชียงใหม่,เล็ก,ในเมือง,สำนักงานคณะกรรมการการศึกษาขั้นพื้นฐาน,สพป.เชียงใหม่ เขต 1,7,64.29,22.59,54.97,11.47,76.19,29.35,35.71,16.50,61.90,21.30
2565,286,วัดช่างเคี่ยน,เมืองเชียงใหม่,กลาง,ในเมือง,สำนักงานคณะกรรมการการศึกษาขั้นพื้นฐาน,สพป.เชียงใหม่ เขต 1,26,55.77,26.93,48.71,20.05,57.69,28.58,30.77,15.12,44.87,29.15
2565,287,วัดดอนจั่น,เมืองเชียงใหม่,กลาง,ในเมือง,สำนักงานคณะกรรมการการศึกษาขั้นพื้นฐาน,สพป.เชียงใหม่ เขต 1,30,48.33,18.93,41.98,17.57,34.44,25.07,33.89,18.50,34.44,31.60
2565,288,วัดป่าข่อยใต้,เมืองเชียงใหม่,เล็ก,ในเมือง,สำนักงานคณะกรรมการการศึกษาขั้นพื้นฐาน,สพป.เชียงใหม่ เขต 1,24,56.94,23.53,48.55,23.48,54.17,35.76,34.72,20.37,51.39,28.83
2565,289,วัดป่าแดด,เมืองเชียงใหม่,เล็ก,ในเมือง,สำนักงานคณะกรรมการการศึกษาขั้นพื้นฐาน,สพป.เชียงใหม่ เขต 1,21,70.63,21.76,62.71,13.94,77.78,23.76,49.21,18.88,55.56,27.86
2565,290,วัดป่าตัน,เมืองเชียงใหม่,เล็ก,ในเมือง,สำนักงานคณะกรรมการการศึกษาขั้นพื้นฐาน,สพป.เชียงใหม่ เขต 1,12,68.06,19.79,60.12,14.33,75.00,27.64,37.50,19.39,55.56,24.85
2565,291,วัดเมืองสาตร,เมืองเชียงใหม่,เล็ก,ในเมือง,สำนักงานคณะกรรมการการศึกษาขั้นพื้นฐาน,สพป.เชียงใหม่ เขต 1,13,71.79,24.79,68.61,8.66,92.31,14.04,43.59,16.72,66.67,22.65
2565,292,วัดร้องอ้อ,เมืองเชียงใหม่,กลาง,ในเมือง,สำนักงานคณะกรรมการการศึกษาขั้นพื้นฐาน,สพป.เชียงใหม่ เขต 1,18,65.74,22.55,66.37,13.07,64.81,32.34,44.44,17.57,70.37,24.57
2565,293,วัดวังสิงห์คำ,เมืองเชียงใหม่,เล็ก,ในเมือง,สำนักงานคณะกรรมการการศึกษาขั้นพื้นฐาน,สพป.เชียงใหม่ เขต 1,26,58.97,22.75,66.96,10.75,73.08,22.68,30.77,15.12,57.69,27.04
2565,294,วัดสวนดอก,เมืองเชียงใหม่,กลาง,ในเมือง,สำนักงานคณะกรรมการการศึกษาขั้นพื้นฐาน,สพป.เชียงใหม่ เขต 1,39,71.79,18.93,61.31,14.98,85.47,21.07,37.18,18.67,65.81,28.73
2565,295,วัดเสาหิน,เมืองเชียงใหม่,เล็ก,ในเมือง,สำนักงานคณะกรรมการการศึกษาขั้นพื้นฐาน,สพป.เชียงใหม่ เขต 1,9,68.52,28.81,62.20,11.63,85.19,22.83,33.33,19.25,70.37,18.89
2565,296,วัดหนองป่าครั่ง,เมืองเชียงใหม่,เล็ก,ในเมือง,สำนักงานคณะกรรมการการศึกษาขั้นพื้นฐาน,สพป.เชียงใหม่ เขต 1,4,66.67,20.41,72.10,9.69,83.33,16.67,41.67,14.43,66.67,23.57
2565,297,วารีเชียงใหม่,เมืองเชียงใหม่,ใหญ่พิเศษ,ในเมือง,สำนักงานคณะกรรมการส่งเสริมการศึกษาเอกชน,-,119,73.67,19.14,70.05,14.07,89.08,21.22,42.02,21.70,63.59,28.33
2565,298,วิชัยวิทยา,เมืองเชียงใหม่,กลาง,ในเมือง,สำนักงานคณะกรรมการส่งเสริมการศึกษาเอกชน,-,10,65.00,15.72,51.61,10.19,73.33,29.06,38.33,16.75,40.00,24.94
2565,299,ศรีเนห์รู,เมืองเชียงใหม่,เล็ก,ในเมือง,สำนักงานคณะกรรมการการศึกษาขั้นพื้นฐาน,สพป.เชียงใหม่ เขต 1,12,41.67,22.05,41.22,14.28,61.11,40.45,31.94,17.29,50.00,31.91
2565,300,ศิริมังคลาจารย์,เมืองเชียงใหม่,เล็ก,ในเมือง,สำนักงานคณะกรรมการการศึกษาขั้นพื้นฐาน,สพป.เชียงใหม่ เขต 1,10,60.00,21.34,70.36,15.87,90.00,15.28,36.67,16.33,53.33,33.99
2565,301,สังวาลย์วิทยา,เมืองเชียงใหม่,เล็ก,ในเมือง,สำนักงานคณะกรรมการการศึกษาขั้นพื้นฐาน,สพป.เชียงใหม่ เขต 1,4,37.50,24.65,50.45,14.12,50.00,37.27,20.83,7.22,16.67,16.67
2565,302,สันติศึกษา,เมืองเชียงใหม่,เล็ก,ในเมือง,สำนักงานคณะกรรมการส่งเสริมการศึกษาเอกชน,-,18,69.44,29.53,69.99,20.95,81.48,27.72,41.67,20.97,62.96,34.94
2565,303,สาธิตมหาวิทยาลัยราชภัฏเชียงใหม่,เมืองเชียงใหม่,กลาง,ในเมือง,สำนักงานปลัดกระทรวงการอุดมศึกษาฯ,-,86,62.60,22.58,57.67,18.09,60.85,29.29,38.37,21.58,52.71,30.27
2565,304,สารสาสน์วิเทศเชียงใหม่,เมืองเชียงใหม่,ใหญ่,ในเมือง,สำนักงานคณะกรรมการส่งเสริมการศึกษาเอกชน,-,76,70.39,22.88,68.04,14.79,78.07,27.86,50.66,21.70,65.79,27.02
2565,305,สารสาสน์วิเทศล้านนา,เมืองเชียงใหม่,ใหญ่,ในเมือง,สำนักงานคณะกรรมการส่งเสริมการศึกษาเอกชน,-,155,68.82,21.64,65.42,16.25,75.05,26.66,38.92,16.86,58.71,29.35
2565,306,โสตศึกษาอนุสารสุนทร,เมืองเชียงใหม่,เล็ก,ในเมือง,สำนักบริหารงานการศึกษาพิเศษ,-,0,-,-,-,-,-,-,-,-,-,-
2565,307,อนุบาลเชียงใหม่,เมืองเชียงใหม่,ใหญ่พิเศษ,ในเมือง,สำนักงานคณะกรรมการการศึกษาขั้นพื้นฐาน,สพป.เชียงใหม่ เขต 1,299,68.34,21.79,67.63,16.09,79.15,26.43,45.60,24.95,61.65,33.40
2565,308,อนุบาลบ้านท่อเมืองลัง,เมืองเชียงใหม่,กลาง,ในเมือง,สำนักงานคณะกรรมการการศึกษาขั้นพื้นฐาน,สพป.เชียงใหม่ เขต 1,27,54.32,18.48,61.21,11.69,65.43,32.05,33.95,14.69,56.79,31.18
2565,309,อนุบาลหนองป่าครั่ง,เมืองเชียงใหม่,เล็ก,ในเมือง,กรมส่งเสริมการปกครองท้องถิ่น,ท้องถิ่นจังหวัดเชียงใหม่,11,57.58,19.28,64.85,10.40,75.76,28.75,40.91,10.93,60.61,19.17
2565,310,ชุมชนตำบลท่าผา,แม่แจ่ม,เล็ก,นอกเมือง,สำนักงานคณะกรรมการการศึกษาขั้นพื้นฐาน,สพป.เชียงใหม่ เขต 6,13,73.08,19.10,63.60,10.58,89.74,20.19,41.03,16.81,71.79,22.06
2565,311,ชุมชนบ้านช่างเคิ่ง,แม่แจ่ม,กลาง,นอกเมือง,สำนักงานคณะกรรมการการศึกษาขั้นพื้นฐาน,สพป.เชียงใหม่ เขต 6,24,62.50,22.18,57.48,15.78,48.61,28.83,38.89,18.43,48.61,28.83
2565,312,ชุมชนบ้านพร้าวหนุ่ม,แม่แจ่ม,เล็ก,นอกเมือง,สำนักงานคณะกรรมการการศึกษาขั้นพื้นฐาน,สพป.เชียงใหม่ เขต 6,19,70.18,22.02,64.71,13.46,84.21,19.85,47.37,26.64,56.14,28.72
2565,313,เซนต์โยเซฟแม่แจ่ม,แม่แจ่ม,กลาง,นอกเมือง,สำนักงานคณะกรรมการส่งเสริมการศึกษาเอกชน,-,36,59.26,22.72,56.99,15.51,65.74,26.63,45.37,16.01,50.00,29.92
2565,314,ตำรวจตระเวนชายแดนบางกอก เชฟ แชร์ริตี้ บ้านแม่ขอ,แม่แจ่ม,เล็ก,นอกเมือง,กองบัญชาการตำรวจตระเวนชายแดน,-,6,41.67,18.63,41.22,17.57,61.11,22.91,22.22,7.86,38.89,22.91
2565,315,บ้านกองแขก,แม่แจ่ม,เล็ก,นอกเมือง,สำนักงานคณะกรรมการการศึกษาขั้นพื้นฐาน,สพป.เชียงใหม่ เขต 6,10,60.00,33.50,67.14,15.03,66.67,29.81,30.00,17.95,60.00,41.63
2565,316,บ้านกองแขก สาขาบ้านแม่หลุ,แม่แจ่ม,เล็ก,นอกเมือง,สำนักงานคณะกรรมการการศึกษาขั้นพื้นฐาน,สพป.เชียงใหม่ เขต 6,0,-,-,-,-,-,-,-,-,-,-
2565,317,บ้านขุนแม่นาย,แม่แจ่ม,เล็ก,นอกเมือง,สำนักงานคณะกรรมการการศึกษาขั้นพื้นฐาน,สพป.เชียงใหม่ เขต 6,13,46.15,20.83,58.86,14.48,46.15,27.85,34.62,23.08,66.67,32.03
2565,318,บ้านขุนแม่หยอด,แม่แจ่ม,เล็ก,นอกเมือง,สำนักงานคณะกรรมการการศึกษาขั้นพื้นฐาน,สพป.เชียงใหม่ เขต 6,10,50.00,18.26,41.79,12.64,46.67,30.55,21.67,21.15,43.33,26.03
2565,319,บ้านต่อเรือ,แม่แจ่ม,เล็ก,นอกเมือง,สำนักงานคณะกรรมการการศึกษาขั้นพื้นฐาน,สพป.เชียงใหม่ เขต 6,5,63.33,30.55,65.00,15.52,86.67,16.33,43.33,32.66,73.33,13.33
2565,320,บ้านทัพ,แม่แจ่ม,เล็ก,นอกเมือง,สำนักงานคณะกรรมการการศึกษาขั้นพื้นฐาน,สพป.เชียงใหม่ เขต 6,9,81.48,18.33,61.31,13.34,74.07,26.19,33.33,13.61,59.26,26.19
2565,321,บ้านทุ่งแก,แม่แจ่ม,เล็ก,นอกเมือง,สำนักงานคณะกรรมการการศึกษาขั้นพื้นฐาน,สพป.เชียงใหม่ เขต 6,4,70.83,24.65,74.33,12.66,91.67,14.43,37.50,27.32,66.67,23.57
2565,322,บ้านทุ่งแก สาขาแม่แอบ,แม่แจ่ม,เล็ก,นอกเมือง,สำนักงานคณะกรรมการการศึกษาขั้นพื้นฐาน,สพป.เชียงใหม่ เขต 6,19,48.25,22.23,56.86,18.68,57.89,28.29,31.58,17.85,43.86,28.72
2565,323,บ้านทุ่งยาว,แม่แจ่ม,เล็ก,นอกเมือง,สำนักงานคณะกรรมการการศึกษาขั้นพื้นฐาน,สพป.เชียงใหม่ เขต 6,12,58.33,24.06,58.11,20.23,52.78,39.58,26.39,22.00,52.78,37.16
2565,324,บ้านนากลาง,แม่แจ่ม,เล็ก,นอกเมือง,สำนักงานคณะกรรมการการศึกษาขั้นพื้นฐาน,สพป.เชียงใหม่ เขต 6,6,52.78,11.45,38.69,21.35,50.00,37.27,13.89,6.21,50.00,16.67
2565,325,บ้านนากลาง สาขาห้วยผักกูด,แม่แจ่ม,เล็ก,นอกเมือง,สำนักงานคณะกรรมการการศึกษาขั้นพื้นฐาน,สพป.เชียงใหม่ เขต 6,5,56.67,27.08,57.14,14.71,46.67,33.99,30.00,12.47,40.00,24.94
2565,326,บ้านปางเกี๊ยะ,แม่แจ่ม,กลาง,นอกเมือง,สำนักงานคณะกรรมการการศึกษาขั้นพื้นฐาน,สพป.เชียงใหม่ เขต 6,28,50.00,21.82,48.15,14.13,36.90,33.73,33.93,17.53,39.29,29.62
2565,327,บ้านปางหินฝน,แม่แจ่ม,เล็ก,นอกเมือง,สำนักงานคณะกรรมการการศึกษาขั้นพื้นฐาน,สพป.เชียงใหม่ เขต 6,7,73.81,12.14,56.82,17.93,71.43,21.30,50.00,19.92,76.19,23.33
2565,328,บ้านปางอุ๋ง,แม่แจ่ม,กลาง,นอกเมือง,สำนักงานคณะกรรมการการศึกษาขั้นพื้นฐาน,สพป.เชียงใหม่ เขต 6,22,34.09,19.77,45.50,21.86,21.21,21.43,21.97,16.96,27.27,23.86
2565,329,บ้านปางอุ๋ง สาขาแม่สะต๊อป,แม่แจ่ม,เล็ก,นอกเมือง,สำนักงานคณะกรรมการการศึกษาขั้นพื้นฐาน,สพป.เชียงใหม่ เขต 6,10,38.33,19.79,56.07,18.57,46.67,33.99,31.67,26.30,26.67,24.94
2565,330,บ้านแปะสามัคคี,แม่แจ่ม,เล็ก,นอกเมือง,สำนักงานคณะกรรมการการศึกษาขั้นพื้นฐาน,สพป.เชียงใหม่ เขต 6,7,66.67,17.82,62.24,13.60,47.62,16.50,35.71,18.75,57.14,29.35
2565,331,บ้านผานัง,แม่แจ่ม,เล็ก,นอกเมือง,สำนักงานคณะกรรมการการศึกษาขั้นพื้นฐาน,สพป.เชียงใหม่ เขต 6,5,56.67,22.61,72.68,10.81,53.33,26.67,30.00,12.47,60.00,24.94
2565,332,บ้านผาละปิ,แม่แจ่ม,เล็ก,นอกเมือง,สำนักงานคณะกรรมการการศึกษาขั้นพื้นฐาน,สพป.เชียงใหม่ เขต 6,14,46.43,20.10,55.29,16.09,61.90,27.77,30.95,15.25,52.38,16.50
2565,333,บ้านพุย สาขาพุยใต้,แม่แจ่ม,เล็ก,นอกเมือง,สำนักงานคณะกรรมการการศึกษาขั้นพื้นฐาน,สพป.เชียงใหม่ เขต 6,1,100.00,0.00,48.21,0.00,100.00,0.00,66.67,0.00,66.67,0.00
2565,334,บ้านแม่ซา,แม่แจ่ม,เล็ก,นอกเมือง,สำนักงานคณะกรรมการการศึกษาขั้นพื้นฐาน,สพป.เชียงใหม่ เขต 6,7,52.38,10.65,48.21,11.24,47.62,30.12,38.10,11.66,52.38,30.12
2565,335,บ้านแม่ตูม,แม่แจ่ม,เล็ก,นอกเมือง,สำนักงานคณะกรรมการการศึกษาขั้นพื้นฐาน,สพป.เชียงใหม่ เขต 6,3,55.56,20.79,53.87,15.59,44.44,41.57,38.89,20.79,44.44,15.71
2565,336,บ้านแม่นาจร,แม่แจ่ม,กลาง,นอกเมือง,สำนักงานคณะกรรมการการศึกษาขั้นพื้นฐาน,สพป.เชียงใหม่ เขต 6,12,54.17,28.97,48.03,19.24,55.56,28.33,33.33,15.21,50.00,21.52
2565,337,บ้านแม่ปาน,แม่แจ่ม,เล็ก,นอกเมือง,สำนักงานคณะกรรมการการศึกษาขั้นพื้นฐาน,สพป.เชียงใหม่ เขต 6,9,77.78,20.79,74.90,6.46,96.30,10.48,40.74,11.42,55.56,35.14
2565,338,บ้านแม่มะลอ,แม่แจ่ม,เล็ก,นอกเมือง,สำนักงานคณะกรรมการการศึกษาขั้นพื้นฐาน,สพป.เชียงใหม่ เขต 6,11,46.97,35.40,41.52,20.92,48.48,35.86,27.27,14.69,42.42,42.85
2565,339,บ้านแม่มุ,แม่แจ่ม,เล็ก,นอกเมือง,สำนักงานคณะกรรมการการศึกษาขั้นพื้นฐาน,สพป.เชียงใหม่ เขต 6,11,54.55,27.61,49.35,19.32,39.39,27.77,40.91,19.28,45.45,25.71
2565,340,บ้านแม่ลอง,แม่แจ่ม,เล็ก,นอกเมือง,กองบัญชาการตำรวจตระเวนชายแดน,-,11,65.15,18.06,55.28,16.16,63.64,22.27,31.82,18.06,54.55,29.38
2565,341,บ้านแม่วาก,แม่แจ่ม,เล็ก,นอกเมือง,สำนักงานคณะกรรมการการศึกษาขั้นพื้นฐาน,สพป.เชียงใหม่ เขต 6,15,41.11,33.26,34.49,19.71,40.00,27.76,28.89,14.23,51.11,26.85
2565,342,บ้านแม่ศึก (มูลนิธิธรรมมาภิรักษ์อุปถัมภ์ที่ 2),แม่แจ่ม,เล็ก,นอกเมือง,สำนักงานคณะกรรมการการศึกษาขั้นพื้นฐาน,สพป.เชียงใหม่ เขต 6,6,55.56,28.33,61.46,11.91,55.56,24.85,36.11,6.21,27.78,29.92
2565,343,บ้านแม่หงานหลวง,แม่แจ่ม,เล็ก,นอกเมือง,สำนักงานคณะกรรมการการศึกษาขั้นพื้นฐาน,สพป.เชียงใหม่ เขต 6,10,48.33,32.02,46.88,23.34,40.00,20.00,31.67,8.98,40.00,24.94
2565,344,บ้านแม่เอาะ,แม่แจ่ม,เล็ก,นอกเมือง,สำนักงานคณะกรรมการการศึกษาขั้นพื้นฐาน,สพป.เชียงใหม่ เขต 6,8,43.75,24.91,38.39,13.61,33.33,33.33,22.92,16.54,29.17,30.90
2565,345,บ้านแม่แฮใต้,แม่แจ่ม,เล็ก,นอกเมือง,สำนักงานคณะกรรมการการศึกษาขั้นพื้นฐาน,สพป.เชียงใหม่ เขต 6,16,55.21,21.01,61.83,11.67,62.50,28.57,35.42,15.45,45.83,30.90
2565,346,บ้านแม่แฮเหนือ,แม่แจ่ม,กลาง,นอกเมือง,สำนักงานคณะกรรมการการศึกษาขั้นพื้นฐาน,สพป.เชียงใหม่ เขต 6,12,59.72,23.03,60.34,14.11,61.11,22.91,43.06,15.90,69.44,16.43
2565,347,บ้านแม่แฮเหนือ สาขาแม่แจ๊ะ,แม่แจ่ม,เล็ก,นอกเมือง,สำนักงานคณะกรรมการการศึกษาขั้นพื้นฐาน,สพป.เชียงใหม่ เขต 6,4,62.50,13.82,67.86,5.36,83.33,16.67,41.67,18.63,75.00,27.64
2565,348,บ้านโม่งหลวง,แม่แจ่ม,เล็ก,นอกเมือง,สำนักงานคณะกรรมการการศึกษาขั้นพื้นฐาน,สพป.เชียงใหม่ เขต 6,10,36.67,20.82,36.03,14.26,26.67,20.00,33.33,12.91,40.00,29.06
2565,349,บ้านโม่งหลวง สาขาบ้านแม่อมลานใน,แม่แจ่ม,เล็ก,นอกเมือง,สำนักงานคณะกรรมการการศึกษาขั้นพื้นฐาน,สพป.เชียงใหม่ เขต 6,3,72.22,15.71,45.24,6.20,33.33,27.22,33.33,13.61,55.56,15.71
2565,350,บ้านสามสบ,แม่แจ่ม,เล็ก,นอกเมือง,สำนักงานคณะกรรมการการศึกษาขั้นพื้นฐาน,สพป.เชียงใหม่ เขต 6,1,33.33,0.00,72.32,0.00,33.33,0.00,33.33,0.00,66.67,0.00
2565,351,บ้านใหม่พัฒนาสันติ,แม่แจ่ม,เล็ก,นอกเมือง,กองบัญชาการตำรวจตระเวนชายแดน,-,6,33.33,16.67,51.49,11.81,55.56,15.71,30.56,22.40,38.89,22.91
2565,352,บ้านอมขูด,แม่แจ่ม,เล็ก,นอกเมือง,สำนักงานคณะกรรมการการศึกษาขั้นพื้นฐาน,สพป.เชียงใหม่ เขต 6,0,-,-,-,-,-,-,-,-,-,-
2565,353,บ้านอมเม็ง,แม่แจ่ม,เล็ก,นอกเมือง,สำนักงานคณะกรรมการการศึกษาขั้นพื้นฐาน,สพป.เชียงใหม่ เขต 6,11,42.42,25.98,63.96,21.81,57.58,40.43,36.36,18.56,48.48,21.85
2565,354,บ้านเฮาะวิทยา,แม่แจ่ม,เล็ก,นอกเมือง,สำนักงานคณะกรรมการการศึกษาขั้นพื้นฐาน,สพป.เชียงใหม่ เขต 6,0,-,-,-,-,-,-,-,-,-,-
2565,355,เมืองเด็กวิทยา,แม่แจ่ม,เล็ก,นอกเมือง,สำนักงานคณะกรรมการส่งเสริมการศึกษาเอกชน,-,23,75.36,16.20,72.01,11.80,89.86,20.70,38.41,17.33,65.22,26.88
2565,356,ราชประชานุเคราะห์ 31,แม่แจ่ม,กลาง,นอกเมือง,สำนักบริหารงานการศึกษาพิเศษ,-,23,52.90,17.48,60.25,12.83,56.52,28.55,26.81,13.67,39.13,25.35
2565,357,ศูนย์การเรียนตำรวจตระเวนชายแดนบ้านแม่มุใน บริษัทซีเค พาวเวอร์ จำกัด (มหาชน) อุปถัมภ์,แม่แจ่ม,เล็ก,นอกเมือง,กองบัญชาการตำรวจตระเวนชายแดน,-,3,61.11,15.71,41.37,1.11,44.44,41.57,22.22,7.86,55.56,41.57
2565,358,ออป.13,แม่แจ่ม,เล็ก,นอกเมือง,สำนักงานคณะกรรมการการศึกษาขั้นพื้นฐาน,สพป.เชียงใหม่ เขต 6,23,63.77,19.44,68.05,11.66,73.91,23.99,40.58,20.75,66.67,29.49
2565,359,อินทนนท์วิทยา,แม่แจ่ม,เล็ก,นอกเมือง,สำนักงานคณะกรรมการการศึกษาขั้นพื้นฐาน,สพป.เชียงใหม่ เขต 6,6,66.67,16.67,72.62,10.34,55.56,24.85,27.78,15.71,66.67,0.00
2565,360,ชุมชนวัดช่อแล,แม่แตง,เล็ก,นอกเมือง,สำนักงานคณะกรรมการการศึกษาขั้นพื้นฐาน,สพป.เชียงใหม่ เขต 2,27,62.96,26.96,62.60,16.89,74.07,27.72,43.83,17.65,60.49,25.72
2565,361,เชียงใหม่มัธยม,แม่แตง,ใหญ่,นอกเมือง,สำนักงานคณะกรรมการส่งเสริมการศึกษาเอกชน,-,3,55.56,20.79,61.31,16.44,55.56,41.57,44.44,34.25,66.67,0.00
2565,362,ตชด.ไลออนส์มหาจักร 9,แม่แตง,เล็ก,นอกเมือง,กองบัญชาการตำรวจตระเวนชายแดน,-,8,47.92,15.45,51.23,12.18,54.17,23.20,37.50,23.20,45.83,33.07
2565,363,เทศบาลตำบลสันมหาพน,แม่แตง,เล็ก,นอกเมือง,กรมส่งเสริมการปกครองท้องถิ่น,ท้องถิ่นจังหวัดเชียงใหม่,29,51.72,18.75,50.82,17.43,45.98,26.86,34.48,19.54,36.78,26.76
2565,364,บ้านก๋ายน้อย,แม่แตง,เล็ก,นอกเมือง,สำนักงานคณะกรรมการการศึกษาขั้นพื้นฐาน,สพป.เชียงใหม่ เขต 2,4,41.67,25.00,58.04,11.76,66.67,0.00,29.17,7.22,50.00,37.27
2565,365,บ้านช้างใน,แม่แตง,เล็ก,นอกเมือง,สำนักงานคณะกรรมการการศึกษาขั้นพื้นฐาน,สพป.เชียงใหม่ เขต 2,5,66.67,18.26,73.39,6.57,86.67,16.33,43.33,13.33,73.33,24.94
2565,366,บ้านทับเดื่อ,แม่แตง,เล็ก,นอกเมือง,สำนักงานคณะกรรมการการศึกษาขั้นพื้นฐาน,สพป.เชียงใหม่ เขต 2,4,41.67,25.00,52.68,7.23,41.67,14.43,33.33,20.41,33.33,23.57
2565,367,บ้านบวกหมื้อ,แม่แตง,เล็ก,นอกเมือง,สำนักงานคณะกรรมการการศึกษาขั้นพื้นฐาน,สพป.เชียงใหม่ เขต 2,9,64.81,22.83,68.06,10.35,66.67,27.22,40.74,15.93,66.67,27.22
2565,368,บ้านปง,แม่แตง,เล็ก,นอกเมือง,สำนักงานคณะกรรมการการศึกษาขั้นพื้นฐาน,สพป.เชียงใหม่ เขต 2,16,57.29,24.27,55.80,12.89,70.83,23.20,32.29,14.99,41.67,30.05
2565,369,บ้านปลาดาว,แม่แตง,เล็ก,นอกเมือง,สำนักงานคณะกรรมการส่งเสริมการศึกษาเอกชน,-,24,83.33,17.35,67.39,12.92,80.56,23.41,45.83,19.98,58.33,25.91
2565,370,บ้านปางกว้าง,แม่แตง,เล็ก,นอกเมือง,สำนักงานคณะกรรมการการศึกษาขั้นพื้นฐาน,สพป.เชียงใหม่ เขต 2,4,66.67,16.67,64.96,13.32,83.33,16.67,29.17,18.16,75.00,27.64
2565,371,บ้านปางไม้แดง,แม่แตง,เล็ก,นอกเมือง,สำนักงานคณะกรรมการการศึกษาขั้นพื้นฐาน,สพป.เชียงใหม่ เขต 2,6,63.89,14.96,45.39,9.59,77.78,24.85,52.78,14.96,66.67,19.25
2565,372,บ้านปางห้วยตาด,แม่แตง,เล็ก,นอกเมือง,สำนักงานคณะกรรมการการศึกษาขั้นพื้นฐาน,สพป.เชียงใหม่ เขต 2,6,44.44,15.71,44.20,9.72,72.22,40.45,36.11,17.79,61.11,29.92
2565,373,บ้านปางฮ่าง,แม่แตง,เล็ก,นอกเมือง,สำนักงานคณะกรรมการการศึกษาขั้นพื้นฐาน,สพป.เชียงใหม่ เขต 2,6,72.22,18.43,56.25,15.22,66.67,27.22,38.89,12.42,22.22,15.71
2565,374,บ้านเป้าวิทยาคาร,แม่แตง,เล็ก,นอกเมือง,สำนักงานคณะกรรมการการศึกษาขั้นพื้นฐาน,สพป.เชียงใหม่ เขต 2,12,58.33,19.84,56.81,19.83,61.11,26.64,31.94,20.93,63.89,25.31
2565,375,บ้านผาหมอน,แม่แตง,เล็ก,นอกเมือง,สำนักงานคณะกรรมการการศึกษาขั้นพื้นฐาน,สพป.เชียงใหม่ เขต 2,2,41.67,25.00,52.68,8.93,33.33,0.00,25.00,8.33,33.33,0.00
2565,376,บ้านผึ้ง,แม่แตง,เล็ก,นอกเมือง,สำนักงานคณะกรรมการการศึกษาขั้นพื้นฐาน,สพป.เชียงใหม่ เขต 2,12,73.61,20.93,64.36,12.37,72.22,22.91,38.89,22.91,63.89,28.73
2565,377,บ้านเมืองกื้ด,แม่แตง,เล็ก,นอกเมือง,สำนักงานคณะกรรมการการศึกษาขั้นพื้นฐาน,สพป.เชียงใหม่ เขต 2,21,56.35,21.50,52.59,14.78,50.79,26.47,24.60,18.27,42.86,25.50
2565,378,บ้านแม่ไคร้,แม่แตง,เล็ก,นอกเมือง,สำนักงานคณะกรรมการการศึกษาขั้นพื้นฐาน,สพป.เชียงใหม่ เขต 2,8,56.25,24.91,57.92,12.61,50.00,23.57,37.50,19.98,41.67,36.32
2565,379,บ้านแม่ตะมาน,แม่แตง,เล็ก,นอกเมือง,สำนักงานคณะกรรมการการศึกษาขั้นพื้นฐาน,สพป.เชียงใหม่ เขต 2,11,65.15,16.60,63.15,14.36,63.64,30.00,39.39,21.64,57.58,32.07
2565,380,บ้านแม่แมม,แม่แตง,เล็ก,นอกเมือง,สำนักงานคณะกรรมการการศึกษาขั้นพื้นฐาน,สพป.เชียงใหม่ เขต 2,2,58.33,25.00,44.64,0.89,50.00,16.67,41.67,8.33,50.00,16.67
2565,381,บ้านแม่เลา,แม่แตง,เล็ก,นอกเมือง,สำนักงานคณะกรรมการการศึกษาขั้นพื้นฐาน,สพป.เชียงใหม่ เขต 2,1,66.67,0.00,58.04,0.00,33.33,0.00,33.33,0.00,33.33,0.00
2565,382,บ้านแม่แสะ,แม่แตง,เล็ก,นอกเมือง,สำนักงานคณะกรรมการการศึกษาขั้นพื้นฐาน,สพป.เชียงใหม่ เขต 2,4,58.33,25.00,46.88,12.84,50.00,37.27,20.83,13.82,50.00,16.67
2565,383,ป่าจี้วังแดงวิทยา,แม่แตง,เล็ก,นอกเมือง,สำนักงานคณะกรรมการการศึกษาขั้นพื้นฐาน,สพป.เชียงใหม่ เขต 2,15,63.33,21.26,62.44,10.65,68.89,33.26,36.67,13.88,66.67,32.20
2565,384,ป่าแป๋วิทยา,แม่แตง,เล็ก,นอกเมือง,สำนักงานคณะกรรมการการศึกษาขั้นพื้นฐาน,สพป.เชียงใหม่ เขต 2,17,50.98,20.98,65.91,11.73,84.31,20.19,42.16,15.25,52.94,34.41
2565,385,ภูดินวิทยา,แม่แตง,เล็ก,นอกเมือง,สำนักงานคณะกรรมการการศึกษาขั้นพื้นฐาน,สพป.เชียงใหม่ เขต 2,3,33.33,13.61,52.68,20.57,66.67,27.22,38.89,15.71,55.56,31.43
2565,386,เมฆขจรเชียงใหม่,แม่แตง,เล็ก,นอกเมือง,สำนักงานคณะกรรมการส่งเสริมการศึกษาเอกชน,-,22,55.30,18.39,59.58,18.49,51.52,26.07,45.45,22.58,39.39,32.78
2565,387,ร่ำเปิงวิทยา,แม่แตง,กลาง,นอกเมือง,สำนักงานคณะกรรมการการศึกษาขั้นพื้นฐาน,สพป.เชียงใหม่ เขต 2,11,65.15,18.06,71.59,10.86,54.55,21.43,48.48,15.00,48.48,26.07
2565,388,วัดท่าข้าม,แม่แตง,เล็ก,นอกเมือง,สำนักงานคณะกรรมการการศึกษาขั้นพื้นฐาน,สพป.เชียงใหม่ เขต 2,8,70.83,28.57,71.32,12.98,79.17,23.20,29.17,28.57,58.33,36.32
2565,389,วัดทุ่งหลวง,แม่แตง,เล็ก,นอกเมือง,สำนักงานคณะกรรมการการศึกษาขั้นพื้นฐาน,สพป.เชียงใหม่ เขต 2,6,52.78,17.79,65.77,17.46,50.00,16.67,22.22,15.71,61.11,22.91
2565,390,วัดนาเม็ง,แม่แตง,เล็ก,นอกเมือง,สำนักงานคณะกรรมการการศึกษาขั้นพื้นฐาน,สพป.เชียงใหม่ เขต 2,6,52.78,29.53,64.29,6.92,72.22,29.92,36.11,17.79,27.78,12.42
2565,391,วัดบ้านเหล่า,แม่แตง,เล็ก,นอกเมือง,สำนักงานคณะกรรมการการศึกษาขั้นพื้นฐาน,สพป.เชียงใหม่ เขต 2,8,45.83,18.16,61.72,12.80,50.00,33.33,33.33,20.41,29.17,30.90
2565,392,วัดปางมะกล้วย,แม่แตง,เล็ก,นอกเมือง,สำนักงานคณะกรรมการการศึกษาขั้นพื้นฐาน,สพป.เชียงใหม่ เขต 2,5,63.33,24.49,69.29,5.83,46.67,16.33,36.67,16.33,53.33,26.67
2565,393,วัดแม่กะ,แม่แตง,เล็ก,นอกเมือง,สำนักงานคณะกรรมการการศึกษาขั้นพื้นฐาน,สพป.เชียงใหม่ เขต 2,12,75.00,24.06,69.87,10.17,86.11,21.34,43.06,23.03,61.11,29.92
2565,394,วัดหนองออน,แม่แตง,เล็ก,นอกเมือง,สำนักงานคณะกรรมการการศึกษาขั้นพื้นฐาน,สพป.เชียงใหม่ เขต 2,4,75.00,18.63,61.38,16.70,100.00,0.00,29.17,13.82,75.00,27.64
2565,395,วัดห้วยไร่,แม่แตง,เล็ก,นอกเมือง,สำนักงานคณะกรรมการการศึกษาขั้นพื้นฐาน,สพป.เชียงใหม่ เขต 2,12,56.94,26.75,66.22,12.66,63.89,37.16,47.22,22.40,55.56,34.25
2565,396,สบเปิงวิทยา,แม่แตง,กลาง,นอกเมือง,สำนักงานคณะกรรมการการศึกษาขั้นพื้นฐาน,สพป.เชียงใหม่ เขต 2,13,60.26,17.95,66.62,11.69,69.23,24.33,30.77,12.82,61.54,28.78
2565,397,สันป่ายางวิทยาคาร,แม่แตง,เล็ก,นอกเมือง,สำนักงานคณะกรรมการการศึกษาขั้นพื้นฐาน,สพป.เชียงใหม่ เขต 2,14,60.71,19.53,54.75,20.33,61.90,30.49,33.33,22.71,50.00,35.07
2565,398,สันป่าสักวิทยา,แม่แตง,กลาง,นอกเมือง,สำนักงานคณะกรรมการการศึกษาขั้นพื้นฐาน,สพป.เชียงใหม่ เขต 2,85,65.29,20.80,65.69,15.92,58.82,27.37,40.98,19.39,54.90,32.62
2565,399,สันมหาพนวิทยา,แม่แตง,เล็ก,นอกเมือง,สำนักงานคณะกรรมการการศึกษาขั้นพื้นฐาน,สพป.เชียงใหม่ เขต 2,25,57.33,18.31,54.21,16.23,52.00,28.41,38.00,28.49,45.33,32.50
2565,400,อนุบาลสานสายใยรักเทศบาลเมืองเมืองแกนพัฒนา,แม่แตง,กลาง,นอกเมือง,กรมส่งเสริมการปกครองท้องถิ่น,ท้องถิ่นจังหวัดเชียงใหม่,27,56.79,24.54,55.06,15.68,55.56,30.09,37.65,16.10,45.68,31.62
2565,401,เจ้าพ่อหลวงอุปถัมภ์ 7,แม่ริม,เล็ก,นอกเมือง,สำนักงานคณะกรรมการการศึกษาขั้นพื้นฐาน,สพป.เชียงใหม่ เขต 2,12,65.28,15.90,71.13,11.41,75.00,19.84,27.78,15.71,61.11,32.87
2565,402,เจ้าแม่หลวงอุปถัมภ์ 2,แม่ริม,เล็ก,นอกเมือง,สำนักงานคณะกรรมการการศึกษาขั้นพื้นฐาน,สพป.เชียงใหม่ เขต 2,35,50.48,22.71,47.81,15.80,40.00,27.37,27.14,17.86,45.71,29.91
2565,403,ดอนแก้วเนรมิตปัญญา,แม่ริม,กลาง,นอกเมือง,กรมส่งเสริมการปกครองท้องถิ่น,ท้องถิ่นจังหวัดเชียงใหม่,40,65.00,19.65,58.53,18.00,60.83,28.76,38.75,19.50,47.50,34.06
2565,404,ธีระวัธน์บำเพ็ญ,แม่ริม,กลาง,นอกเมือง,สำนักงานคณะกรรมการส่งเสริมการศึกษาเอกชน,-,58,60.92,21.57,58.51,16.90,72.99,30.61,41.38,23.21,49.43,30.48
2565,405,บ้านกองแหะ,แม่ริม,เล็ก,นอกเมือง,สำนักงานคณะกรรมการการศึกษาขั้นพื้นฐาน,สพป.เชียงใหม่ เขต 2,4,66.67,11.79,58.48,7.21,66.67,23.57,29.17,21.65,58.33,14.43
2565,406,บ้านกาดฮาว,แม่ริม,เล็ก,นอกเมือง,สำนักงานคณะกรรมการการศึกษาขั้นพื้นฐาน,สพป.เชียงใหม่ เขต 2,8,60.42,16.54,55.80,14.07,54.17,16.14,25.00,20.41,75.00,14.43
2565,407,บ้านคุณหมอ,แม่ริม,กลาง,นอกเมือง,สำนักงานคณะกรรมการส่งเสริมการศึกษาเอกชน,-,16,65.63,22.41,67.13,15.42,77.08,25.60,36.46,18.84,60.42,26.92
2565,408,บ้านดอนแก้ว,แม่ริม,กลาง,นอกเมือง,กรมส่งเสริมการปกครองท้องถิ่น,ท้องถิ่นจังหวัดเชียงใหม่,9,64.81,14.58,50.10,15.47,70.37,33.13,37.04,15.27,51.85,27.72
2565,409,บ้านต้นผึ้ง,แม่ริม,เล็ก,นอกเมือง,สำนักงานคณะกรรมการการศึกษาขั้นพื้นฐาน,สพป.เชียงใหม่ เขต 2,10,66.67,19.72,63.48,13.72,66.67,29.81,31.67,8.98,66.67,25.82
2565,410,บ้านทุ่งโป่ง,แม่ริม,กลาง,นอกเมือง,สำนักงานคณะกรรมการการศึกษาขั้นพื้นฐาน,สพป.เชียงใหม่ เขต 2,7,71.43,17.17,54.08,16.10,85.71,24.28,35.71,13.88,57.14,23.33
2565,411,บ้านน้ำริน,แม่ริม,เล็ก,นอกเมือง,สำนักงานคณะกรรมการการศึกษาขั้นพื้นฐาน,สพป.เชียงใหม่ เขต 2,5,80.00,6.67,75.00,10.37,86.67,16.33,30.00,16.33,86.67,16.33
2565,412,บ้านบวกจั่น,แม่ริม,เล็ก,นอกเมือง,สำนักงานคณะกรรมการการศึกษาขั้นพื้นฐาน,สพป.เชียงใหม่ เขต 2,10,68.33,18.93,58.21,14.87,86.67,16.33,38.33,24.78,66.67,25.82
2565,413,บ้านปางไฮ,แม่ริม,กลาง,นอกเมือง,สำนักงานคณะกรรมการการศึกษาขั้นพื้นฐาน,สพป.เชียงใหม่ เขต 2,13,76.92,19.10,61.68,9.90,84.62,21.14,39.74,13.93,51.28,33.63
2565,414,บ้านป่าติ้ว,แม่ริม,เล็ก,นอกเมือง,สำนักงานคณะกรรมการการศึกษาขั้นพื้นฐาน,สพป.เชียงใหม่ เขต 2,8,64.58,28.18,52.90,9.56,45.83,28.57,37.50,18.16,50.00,37.27
2565,415,บ้านโป่งแยงนอก,แม่ริม,เล็ก,นอกเมือง,สำนักงานคณะกรรมการการศึกษาขั้นพื้นฐาน,สพป.เชียงใหม่ เขต 2,13,65.38,25.71,60.92,14.92,74.36,19.19,33.33,14.62,64.10,24.33
2565,416,บ้านโป่งแยงใน,แม่ริม,เล็ก,นอกเมือง,สำนักงานคณะกรรมการการศึกษาขั้นพื้นฐาน,สพป.เชียงใหม่ เขต 2,21,61.11,18.78,64.12,15.86,68.25,26.18,32.54,19.57,52.38,28.31
2565,417,บ้านพระนอน,แม่ริม,เล็ก,นอกเมือง,สำนักงานคณะกรรมการการศึกษาขั้นพื้นฐาน,สพป.เชียงใหม่ เขต 2,25,60.00,20.55,49.75,16.27,49.33,28.47,25.33,18.33,41.33,33.04
2565,418,บ้านเมืองก๊ะ,แม่ริม,เล็ก,นอกเมือง,สำนักงานคณะกรรมการการศึกษาขั้นพื้นฐาน,สพป.เชียงใหม่ เขต 2,2,75.00,8.33,53.57,23.21,33.33,0.00,33.33,0.00,66.67,0.00
2565,419,บ้านแม่สา,แม่ริม,กลาง,นอกเมือง,สำนักงานคณะกรรมการการศึกษาขั้นพื้นฐาน,สพป.เชียงใหม่ เขต 2,16,72.92,16.54,63.78,9.53,66.67,31.18,33.33,14.43,52.08,31.11
2565,420,บ้านริมใต้,แม่ริม,กลาง,นอกเมือง,สำนักงานคณะกรรมการการศึกษาขั้นพื้นฐาน,สพป.เชียงใหม่ เขต 2,95,70.53,18.80,66.48,11.69,78.60,25.55,37.72,17.81,58.25,30.19
2565,421,บ้านศาลา,แม่ริม,กลาง,นอกเมือง,กรมส่งเสริมการปกครองท้องถิ่น,ท้องถิ่นจังหวัดเชียงใหม่,3,61.11,20.79,58.93,10.59,77.78,15.71,27.78,7.86,55.56,41.57
2565,422,บ้านสะลวงนอก,แม่ริม,เล็ก,นอกเมือง,สำนักงานคณะกรรมการการศึกษาขั้นพื้นฐาน,สพป.เชียงใหม่ เขต 2,11,63.64,21.10,66.07,10.98,66.67,28.43,43.94,17.80,60.61,34.28
2565,423,บ้านสันคะยอม,แม่ริม,เล็ก,นอกเมือง,สำนักงานคณะกรรมการการศึกษาขั้นพื้นฐาน,สพป.เชียงใหม่ เขต 2,13,60.26,19.10,62.16,12.54,61.54,28.78,34.62,25.71,38.46,31.61
2565,424,บ้านหนองปลามัน,แม่ริม,เล็ก,นอกเมือง,สำนักงานคณะกรรมการการศึกษาขั้นพื้นฐาน,สพป.เชียงใหม่ เขต 2,16,52.08,17.55,54.85,13.49,52.08,28.79,39.58,15.45,56.25,30.55
2565,425,มูลนิธิมหาราช 5,แม่ริม,เล็ก,นอกเมือง,สำนักงานคณะกรรมการการศึกษาขั้นพื้นฐาน,สพป.เชียงใหม่ เขต 2,13,50.00,22.65,45.60,11.97,58.97,34.97,42.31,19.19,43.59,33.04
2565,426,วัดทรายมูล,แม่ริม,เล็ก,นอกเมือง,สำนักงานคณะกรรมการการศึกษาขั้นพื้นฐาน,สพป.เชียงใหม่ เขต 2,22,69.70,31.64,65.42,15.26,75.76,22.88,40.91,18.62,63.64,33.20
2565,427,ศึกษาสงเคราะห์เชียงใหม่,แม่ริม,กลาง,นอกเมือง,สำนักบริหารงานการศึกษาพิเศษ,-,30,47.78,25.36,38.96,17.98,46.67,26.67,29.44,19.09,47.78,29.42
2565,428,บ้านกาด,แม่วาง,กลาง,นอกเมือง,สำนักงานคณะกรรมการการศึกษาขั้นพื้นฐาน,สพป.เชียงใหม่ เขต 4,41,61.38,25.62,62.24,15.25,68.29,26.49,36.99,17.07,48.78,32.17
2565,429,บ้านทุ่งหลวง,แม่วาง,เล็ก,นอกเมือง,สำนักงานคณะกรรมการการศึกษาขั้นพื้นฐาน,สพป.เชียงใหม่ เขต 4,6,16.67,13.61,38.10,7.54,33.33,27.22,33.33,9.62,22.22,24.85
2565,430,บ้านพันตน,แม่วาง,เล็ก,นอกเมือง,สำนักงานคณะกรรมการการศึกษาขั้นพื้นฐาน,สพป.เชียงใหม่ เขต 4,9,59.26,20.95,61.71,15.11,77.78,22.22,46.30,15.27,74.07,20.95
2565,431,บ้านหนองเต่า,แม่วาง,เล็ก,นอกเมือง,สำนักงานคณะกรรมการการศึกษาขั้นพื้นฐาน,สพป.เชียงใหม่ เขต 4,3,55.56,7.86,57.14,14.96,77.78,15.71,38.89,7.86,44.44,31.43
2565,432,บ้านห้วยตอง,แม่วาง,กลาง,นอกเมือง,สำนักงานคณะกรรมการการศึกษาขั้นพื้นฐาน,สพป.เชียงใหม่ เขต 4,13,55.13,23.92,55.22,14.36,43.59,27.38,30.77,14.39,51.28,28.09
2565,433,บ้านเหล่าป่าฝาง,แม่วาง,เล็ก,นอกเมือง,สำนักงานคณะกรรมการการศึกษาขั้นพื้นฐาน,สพป.เชียงใหม่ เขต 4,5,56.67,13.33,56.79,14.25,53.33,16.33,40.00,17.00,73.33,24.94
2565,434,บ้านใหม่สวรรค์,แม่วาง,เล็ก,นอกเมือง,สำนักงานคณะกรรมการการศึกษาขั้นพื้นฐาน,สพป.เชียงใหม่ เขต 4,11,65.15,21.85,58.60,12.84,69.70,26.42,36.36,15.60,54.55,29.38
2565,435,พัฒนาต้นน้ำที่ 5 ขุนวาง,แม่วาง,เล็ก,นอกเมือง,สำนักงานคณะกรรมการการศึกษาขั้นพื้นฐาน,สพป.เชียงใหม่ เขต 4,16,39.58,20.31,45.76,17.29,39.58,21.14,28.13,22.61,37.50,28.57
2565,436,แม่วินสามัคคี,แม่วาง,กลาง,นอกเมือง,สำนักงานคณะกรรมการการศึกษาขั้นพื้นฐาน,สพป.เชียงใหม่ เขต 4,32,52.08,23.84,52.93,20.02,54.17,27.32,31.77,23.33,39.58,34.80
2565,437,วัดดอนเปา,แม่วาง,เล็ก,นอกเมือง,กรมส่งเสริมการปกครองท้องถิ่น,ท้องถิ่นจังหวัดเชียงใหม่,10,46.67,17.95,67.68,11.80,73.33,24.94,45.00,15.00,46.67,37.12
2565,438,วัดทุ่งศาลา,แม่วาง,เล็ก,นอกเมือง,สำนักงานคณะกรรมการการศึกษาขั้นพื้นฐาน,สพป.เชียงใหม่ เขต 4,7,52.38,16.50,63.01,8.21,61.90,41.51,33.33,15.43,52.38,30.12
2565,439,วัดมะกับตองหลวง,แม่วาง,เล็ก,นอกเมือง,สำนักงานคณะกรรมการการศึกษาขั้นพื้นฐาน,สพป.เชียงใหม่ เขต 4,6,66.67,13.61,54.46,11.72,55.56,31.43,22.22,15.71,55.56,31.43
2565,440,วัดศิริชัยนิมิตร,แม่วาง,เล็ก,นอกเมือง,สำนักงานคณะกรรมการการศึกษาขั้นพื้นฐาน,สพป.เชียงใหม่ เขต 4,9,61.11,29.40,56.94,12.44,74.07,20.95,33.33,13.61,59.26,20.95
2565,441,วัดห้วยแก้ว,แม่วาง,เล็ก,นอกเมือง,สำนักงานคณะกรรมการการศึกษาขั้นพื้นฐาน,สพป.เชียงใหม่ เขต 4,2,33.33,0.00,61.61,3.57,50.00,16.67,16.67,16.67,66.67,0.00
2565,442,สโมสรไลออนรัตนโกสินทร์,แม่วาง,เล็ก,นอกเมือง,สำนักงานคณะกรรมการการศึกษาขั้นพื้นฐาน,สพป.เชียงใหม่ เขต 4,5,40.00,22.61,45.71,11.06,33.33,21.08,13.33,12.47,40.00,32.66
2565,443,สารสาสน์วิเทศอุปถัมภ์,แม่วาง,กลาง,นอกเมือง,สำนักงานคณะกรรมการส่งเสริมการศึกษาเอกชน,-,31,49.46,20.51,45.03,17.77,51.61,30.34,29.03,18.44,46.24,20.17
2565,444,ทาเหนือวิทยา,แม่ออน,เล็ก,นอกเมือง,สำนักงานคณะกรรมการการศึกษาขั้นพื้นฐาน,สพป.เชียงใหม่ เขต 1,22,53.79,26.56,53.77,19.26,45.45,31.05,21.21,16.80,40.91,22.32
2565,445,บ้านออนกลาง,แม่ออน,เล็ก,นอกเมือง,สำนักงานคณะกรรมการการศึกษาขั้นพื้นฐาน,สพป.เชียงใหม่ เขต 1,7,64.29,13.88,66.71,13.18,85.71,24.28,26.19,15.06,71.43,21.30
2565,446,บ้านออนหลวย,แม่ออน,เล็ก,นอกเมือง,สำนักงานคณะกรรมการการศึกษาขั้นพื้นฐาน,สพป.เชียงใหม่ เขต 1,6,63.89,14.96,51.19,10.65,83.33,25.46,30.56,11.45,61.11,22.91
2565,447,แม่ตะไคร้,แม่ออน,เล็ก,นอกเมือง,สำนักงานคณะกรรมการการศึกษาขั้นพื้นฐาน,สพป.เชียงใหม่ เขต 1,4,62.50,13.82,59.82,13.29,83.33,16.67,25.00,14.43,50.00,16.67
2565,448,วัดดอนชัย,แม่ออน,เล็ก,นอกเมือง,สำนักงานคณะกรรมการการศึกษาขั้นพื้นฐาน,สพป.เชียงใหม่ เขต 1,6,77.78,12.42,75.30,9.74,94.44,12.42,36.11,20.22,50.00,25.46
2565,449,วัดเปาสามขา,แม่ออน,เล็ก,นอกเมือง,สำนักงานคณะกรรมการการศึกษาขั้นพื้นฐาน,สพป.เชียงใหม่ เขต 1,11,59.09,21.75,51.22,17.31,69.70,33.20,36.36,17.14,45.45,25.71
2565,450,วัดห้วยแก้ว,แม่ออน,เล็ก,นอกเมือง,สำนักงานคณะกรรมการการศึกษาขั้นพื้นฐาน,สพป.เชียงใหม่ เขต 1,15,56.67,20.00,65.71,14.12,68.89,19.12,33.33,13.61,62.22,31.89
2565,451,วัดห้วยทราย,แม่ออน,เล็ก,นอกเมือง,สำนักงานคณะกรรมการการศึกษาขั้นพื้นฐาน,สพป.เชียงใหม่ เขต 1,8,62.50,16.14,51.79,13.82,50.00,23.57,35.42,22.73,58.33,22.05
2565,452,หมู่บ้านสหกรณ์ 2,แม่ออน,เล็ก,นอกเมือง,สำนักงานคณะกรรมการการศึกษาขั้นพื้นฐาน,สพป.เชียงใหม่ เขต 1,20,50.00,16.67,52.72,11.84,55.00,30.32,30.83,18.47,43.33,35.12
2565,453,กมล -เรียม สุโกศล (บ้านผาใต้),แม่อาย,เล็ก,นอกเมือง,สำนักงานคณะกรรมการการศึกษาขั้นพื้นฐาน,สพป.เชียงใหม่ เขต 3,10,50.00,22.36,57.59,12.21,40.00,29.06,16.67,14.91,46.67,30.55
2565,454,เจ้าพ่อหลวงอุปถัมภ์ 9,แม่อาย,กลาง,นอกเมือง,สำนักงานคณะกรรมการการศึกษาขั้นพื้นฐาน,สพป.เชียงใหม่ เขต 3,27,47.53,17.98,49.90,14.72,53.09,31.76,38.27,16.86,55.56,36.29
2565,455,ชุมชนบ้านคาย,แม่อาย,กลาง,นอกเมือง,สำนักงานคณะกรรมการการศึกษาขั้นพื้นฐาน,สพป.เชียงใหม่ เขต 3,5,70.00,12.47,57.14,12.18,66.67,29.81,33.33,14.91,66.67,29.81
2565,456,ชุมชนบ้านแม่ฮ่าง,แม่อาย,กลาง,นอกเมือง,สำนักงานคณะกรรมการการศึกษาขั้นพื้นฐาน,สพป.เชียงใหม่ เขต 3,37,57.66,24.69,62.14,16.05,56.76,34.54,27.48,17.85,48.65,27.50
2565,457,โชติคุณเกษมบ้านเมืองงาม,แม่อาย,กลาง,นอกเมือง,สำนักงานคณะกรรมการการศึกษาขั้นพื้นฐาน,สพป.เชียงใหม่ เขต 3,37,42.79,23.10,47.61,17.72,39.64,26.66,25.23,16.27,37.84,32.11
2565,458,ต.ช.ด. ไลออนส์มหาจักร 8,แม่อาย,เล็ก,นอกเมือง,สำนักงานคณะกรรมการการศึกษาขั้นพื้นฐาน,สพป.เชียงใหม่ เขต 3,22,56.82,24.44,51.10,14.84,56.06,23.33,26.52,15.62,48.48,26.07
2565,459,ต.ช.ด.ศึกษานารีอนุสรณ์ 3,แม่อาย,เล็ก,นอกเมือง,สำนักงานคณะกรรมการการศึกษาขั้นพื้นฐาน,สพป.เชียงใหม่ เขต 3,13,57.69,20.27,65.80,17.83,66.67,29.24,41.03,23.22,56.41,35.53
2565,460,ทุติยะโพธิ์อนุสรณ์,แม่อาย,เล็ก,นอกเมือง,กองบัญชาการตำรวจตระเวนชายแดน,-,7,38.10,19.34,47.83,14.92,38.10,21.30,26.19,17.50,23.81,29.35
2565,461,ไทยทนุบ้านสันต้นดู่,แม่อาย,เล็ก,นอกเมือง,สำนักงานคณะกรรมการการศึกษาขั้นพื้นฐาน,สพป.เชียงใหม่ เขต 3,14,60.71,21.46,56.31,17.91,54.76,34.75,25.00,21.59,61.90,37.50
2565,462,ไทยรัฐวิทยา 12 (บ้านเอก),แม่อาย,กลาง,นอกเมือง,สำนักงานคณะกรรมการการศึกษาขั้นพื้นฐาน,สพป.เชียงใหม่ เขต 3,27,74.07,18.89,64.25,16.43,66.67,24.00,38.89,19.25,71.60,28.26
2565,463,บ้านดง,แม่อาย,กลาง,นอกเมือง,สำนักงานคณะกรรมการการศึกษาขั้นพื้นฐาน,สพป.เชียงใหม่ เขต 3,9,62.96,15.27,65.08,11.35,66.67,35.14,38.89,11.11,51.85,31.86
2565,464,บ้านดอนชัย,แม่อาย,เล็ก,นอกเมือง,สำนักงานคณะกรรมการการศึกษาขั้นพื้นฐาน,สพป.เชียงใหม่ เขต 3,9,29.63,17.17,31.05,22.28,33.33,31.43,33.33,27.22,40.74,34.35
2565,465,บ้านท่ามะแกง,แม่อาย,เล็ก,นอกเมือง,สำนักงานคณะกรรมการการศึกษาขั้นพื้นฐาน,สพป.เชียงใหม่ เขต 3,5,50.00,27.89,58.39,22.05,60.00,13.33,40.00,24.94,46.67,33.99
2565,466,บ้านป่าก๊อ,แม่อาย,กลาง,นอกเมือง,สำนักงานคณะกรรมการการศึกษาขั้นพื้นฐาน,สพป.เชียงใหม่ เขต 3,10,58.33,21.41,38.97,14.96,53.33,30.55,30.00,10.00,53.33,30.55
2565,467,บ้านปางต้นเดื่อ,แม่อาย,กลาง,นอกเมือง,สำนักงานคณะกรรมการการศึกษาขั้นพื้นฐาน,สพป.เชียงใหม่ เขต 3,15,67.78,14.23,56.67,15.32,57.78,22.66,38.89,19.88,48.89,23.93
2565,468,บ้านป่าแดง,แม่อาย,กลาง,นอกเมือง,สำนักงานคณะกรรมการการศึกษาขั้นพื้นฐาน,สพป.เชียงใหม่ เขต 3,39,44.44,19.37,43.04,22.50,32.48,26.67,35.47,16.95,49.57,31.91
2565,469,บ้านโป่งไฮ,แม่อาย,เล็ก,นอกเมือง,สำนักงานคณะกรรมการการศึกษาขั้นพื้นฐาน,สพป.เชียงใหม่ เขต 3,11,39.39,12.86,33.85,16.81,39.39,23.86,24.24,13.03,39.39,31.20
2565,470,บ้านแม่สาว,แม่อาย,กลาง,นอกเมือง,สำนักงานคณะกรรมการการศึกษาขั้นพื้นฐาน,สพป.เชียงใหม่ เขต 3,43,61.63,15.05,70.58,15.28,72.87,28.08,54.26,21.29,53.49,32.26
2565,471,บ้านโละ,แม่อาย,เล็ก,นอกเมือง,สำนักงานคณะกรรมการการศึกษาขั้นพื้นฐาน,สพป.เชียงใหม่ เขต 3,5,66.67,23.57,47.32,13.01,40.00,13.33,23.33,22.61,20.00,16.33
2565,472,บ้านสันต้นหมื้อ,แม่อาย,กลาง,นอกเมือง,สำนักงานคณะกรรมการการศึกษาขั้นพื้นฐาน,สพป.เชียงใหม่ เขต 3,19,57.02,23.77,54.28,12.87,49.12,22.60,21.93,18.77,35.09,27.52
2565,473,บ้านสันปอธง,แม่อาย,เล็ก,นอกเมือง,สำนักงานคณะกรรมการการศึกษาขั้นพื้นฐาน,สพป.เชียงใหม่ เขต 3,13,58.97,20.27,45.05,11.92,61.54,28.78,32.05,16.62,58.97,23.22
2565,474,บ้านสันป่าข่า,แม่อาย,เล็ก,นอกเมือง,สำนักงานคณะกรรมการการศึกษาขั้นพื้นฐาน,สพป.เชียงใหม่ เขต 3,8,68.75,9.99,66.41,16.91,54.17,23.20,37.50,16.14,54.17,23.20
2565,475,บ้านสันป่าเหียว,แม่อาย,เล็ก,นอกเมือง,สำนักงานคณะกรรมการการศึกษาขั้นพื้นฐาน,สพป.เชียงใหม่ เขต 3,8,64.58,24.21,65.74,13.47,66.67,33.33,45.83,18.16,66.67,28.87
2565,476,บ้านสุขฤทัย,แม่อาย,กลาง,นอกเมือง,สำนักงานคณะกรรมการการศึกษาขั้นพื้นฐาน,สพป.เชียงใหม่ เขต 3,50,49.00,27.37,54.51,16.14,55.33,33.07,28.67,17.33,39.33,29.58
2565,477,บ้านหนองขี้นกยาง,แม่อาย,เล็ก,นอกเมือง,สำนักงานคณะกรรมการการศึกษาขั้นพื้นฐาน,สพป.เชียงใหม่ เขต 3,11,62.12,20.21,57.31,8.49,66.67,20.10,39.39,17.80,54.55,25.71
2565,478,บ้านหลวง,แม่อาย,เล็ก,นอกเมือง,สำนักงานคณะกรรมการการศึกษาขั้นพื้นฐาน,สพป.เชียงใหม่ เขต 3,9,48.15,16.56,35.81,16.58,37.04,24.57,25.93,15.93,59.26,37.77
2565,479,บ้านห้วยคอกหมู,แม่อาย,เล็ก,นอกเมือง,สำนักงานคณะกรรมการการศึกษาขั้นพื้นฐาน,สพป.เชียงใหม่ เขต 3,7,40.48,8.25,42.60,9.19,47.62,24.28,28.57,24.74,38.10,21.30
2565,480,บ้านห้วยป่าซาง,แม่อาย,เล็ก,นอกเมือง,สำนักงานคณะกรรมการการศึกษาขั้นพื้นฐาน,สพป.เชียงใหม่ เขต 3,17,65.69,20.98,61.61,13.58,90.20,15.19,32.35,21.75,62.75,22.53
2565,481,บ้านห้วยปู,แม่อาย,เล็ก,นอกเมือง,สำนักงานคณะกรรมการการศึกษาขั้นพื้นฐาน,สพป.เชียงใหม่ เขต 3,6,47.22,17.79,63.84,12.38,66.67,38.49,38.89,20.79,50.00,31.91
2565,482,บ้านห้วยม่วง,แม่อาย,เล็ก,นอกเมือง,สำนักงานคณะกรรมการการศึกษาขั้นพื้นฐาน,สพป.เชียงใหม่ เขต 3,7,69.05,10.65,66.45,10.02,90.48,23.33,40.48,12.14,61.90,37.50
2565,483,บ้านห้วยศาลา,แม่อาย,เล็ก,นอกเมือง,สำนักงานคณะกรรมการการศึกษาขั้นพื้นฐาน,สพป.เชียงใหม่ เขต 3,18,61.11,19.25,57.94,10.52,50.00,22.91,34.26,13.00,48.15,31.86
2565,484,บ้านฮ่างต่ำ,แม่อาย,เล็ก,นอกเมือง,สำนักงานคณะกรรมการการศึกษาขั้นพื้นฐาน,สพป.เชียงใหม่ เขต 3,9,55.56,22.22,63.89,11.54,92.59,13.86,38.89,23.57,66.67,22.22
2565,485,ประพันธ์ - อารีย์ หงษ์สกุล (บ้านห้วยห,แม่อาย,กลาง,นอกเมือง,สำนักงานคณะกรรมการการศึกษาขั้นพื้นฐาน,สพป.เชียงใหม่ เขต 3,3,44.44,20.79,49.40,4.85,33.33,0.00,27.78,7.86,55.56,15.71
2565,486,เพียงหลวง 1 (บ้านท่าตอน),แม่อาย,กลาง,นอกเมือง,สำนักงานคณะกรรมการการศึกษาขั้นพื้นฐาน,สพป.เชียงใหม่ เขต 3,12,68.06,20.93,69.35,14.32,80.56,28.73,36.11,17.79,58.33,27.64
2565,487,ราชประชานุเคราะห์ 30,แม่อาย,กลาง,นอกเมือง,สำนักบริหารงานการศึกษาพิเศษ,-,27,47.53,23.00,47.49,13.50,46.91,29.06,27.16,15.15,48.15,27.72
2565,488,ศึกษานารีอนุสรณ์ 1 บ้านแม่เมืองน้อย,แม่อาย,เล็ก,นอกเมือง,สำนักงานคณะกรรมการการศึกษาขั้นพื้นฐาน,สพป.เชียงใหม่ เขต 3,20,58.33,22.67,49.60,14.76,51.67,32.45,42.50,19.35,45.00,26.40
2565,489,ศึกษานารีอนุสรณ์ 2,แม่อาย,กลาง,นอกเมือง,สำนักงานคณะกรรมการการศึกษาขั้นพื้นฐาน,สพป.เชียงใหม่ เขต 3,16,46.88,18.84,48.07,14.76,45.83,19.98,16.67,14.43,47.92,26.27
2565,490,เฮียงไทยธำรงค์,แม่อาย,เล็ก,นอกเมือง,กองบัญชาการตำรวจตระเวนชายแดน,-,11,27.27,17.80,23.70,18.77,45.45,25.71,34.85,30.53,27.27,23.86
2565,491,ตชด.เบญจมะ1,เวียงแหง,เล็ก,นอกเมือง,กองบัญชาการตำรวจตระเวนชายแดน,-,9,35.19,24.15,41.67,25.27,29.63,24.57,22.22,13.61,33.33,35.14
2565,492,บ้านกองลม,เวียงแหง,กลาง,นอกเมือง,สำนักงานคณะกรรมการการศึกษาขั้นพื้นฐาน,สพป.เชียงใหม่ เขต 3,32,46.35,22.72,55.41,16.35,40.63,31.99,35.94,23.98,43.75,31.66
2565,493,บ้านจอง,เวียงแหง,กลาง,นอกเมือง,สำนักงานคณะกรรมการการศึกษาขั้นพื้นฐาน,สพป.เชียงใหม่ เขต 3,18,66.67,18.43,65.72,16.10,59.26,28.45,43.52,20.89,59.26,20.95
2565,494,บ้านนามน,เวียงแหง,เล็ก,นอกเมือง,สำนักงานคณะกรรมการการศึกษาขั้นพื้นฐาน,สพป.เชียงใหม่ เขต 3,13,61.54,22.06,52.68,13.31,46.15,24.59,39.74,19.10,43.59,27.38
2565,495,บ้านปางป๋อ,เวียงแหง,เล็ก,นอกเมือง,สำนักงานคณะกรรมการการศึกษาขั้นพื้นฐาน,สพป.เชียงใหม่ เขต 3,18,58.33,20.22,64.88,12.04,53.70,29.69,30.56,17.79,57.41,31.04
2565,496,บ้านเปียงหลวง,เวียงแหง,กลาง,นอกเมือง,สำนักงานคณะกรรมการการศึกษาขั้นพื้นฐาน,สพป.เชียงใหม่ เขต 3,59,57.63,23.23,48.21,12.88,65.54,26.73,31.92,16.61,48.02,35.93
2565,497,บ้านม่วงป๊อก,เวียงแหง,กลาง,นอกเมือง,สำนักงานคณะกรรมการการศึกษาขั้นพื้นฐาน,สพป.เชียงใหม่ เขต 3,48,53.82,23.38,54.61,17.26,55.56,25.76,36.11,20.79,54.86,26.78
2565,498,บ้านเวียงแหง,เวียงแหง,กลาง,นอกเมือง,สำนักงานคณะกรรมการการศึกษาขั้นพื้นฐาน,สพป.เชียงใหม่ เขต 3,38,53.51,22.99,50.55,16.01,57.89,31.24,27.63,17.64,43.86,32.54
2565,499,บ้านห้วยไคร้,เวียงแหง,กลาง,นอกเมือง,สำนักงานคณะกรรมการการศึกษาขั้นพื้นฐาน,สพป.เชียงใหม่ เขต 3,14,61.90,22.21,63.65,11.89,69.05,23.45,32.14,20.38,69.05,23.45
2565,500,รัฐราษฎร์อุปถัมภ์,เวียงแหง,กลาง,นอกเมือง,สำนักงานคณะกรรมการการศึกษาขั้นพื้นฐาน,สพป.เชียงใหม่ เขต 3,40,53.33,20.48,65.09,18.61,57.50,24.71,30.00,18.33,45.83,28.57
2565,501,ชุมชนบ้านดง,สะเมิง,เล็ก,นอกเมือง,สำนักงานคณะกรรมการการศึกษาขั้นพื้นฐาน,สพป.เชียงใหม่ เขต 2,20,48.33,26.30,45.51,16.26,50.00,32.49,36.67,20.14,43.33,30.00
2565,502,ชุมชนบ้านแม่สาบ,สะเมิง,เล็ก,นอกเมือง,สำนักงานคณะกรรมการการศึกษาขั้นพื้นฐาน,สพป.เชียงใหม่ เขต 2,1,66.67,0.00,46.43,0.00,33.33,0.00,66.67,0.00,100.00,0.00
2565,503,ทรายทองราษฎร์อุทิศ,สะเมิง,เล็ก,นอกเมือง,สำนักงานคณะกรรมการการศึกษาขั้นพื้นฐาน,สพป.เชียงใหม่ เขต 2,22,55.30,22.13,61.81,21.50,69.70,26.42,28.79,15.23,56.06,30.79
2565,504,บ้านกิ่วเสือ,สะเมิง,เล็ก,นอกเมือง,สำนักงานคณะกรรมการการศึกษาขั้นพื้นฐาน,สพป.เชียงใหม่ เขต 2,6,50.00,19.25,53.72,9.24,72.22,29.92,36.11,11.45,44.44,41.57
2565,505,บ้านนากู่,สะเมิง,เล็ก,นอกเมือง,สำนักงานคณะกรรมการการศึกษาขั้นพื้นฐาน,สพป.เชียงใหม่ เขต 2,0,-,-,-,-,-,-,-,-,-,-
2565,506,บ้านบ่อแก้ว,สะเมิง,กลาง,นอกเมือง,สำนักงานคณะกรรมการการศึกษาขั้นพื้นฐาน,สพป.เชียงใหม่ เขต 2,19,44.74,24.21,38.86,15.38,50.88,31.29,28.07,17.98,43.86,30.69
2565,507,บ้านปางขุม,สะเมิง,เล็ก,นอกเมือง,สำนักงานคณะกรรมการการศึกษาขั้นพื้นฐาน,สพป.เชียงใหม่ เขต 2,5,56.67,17.00,47.32,13.29,40.00,38.87,46.67,12.47,73.33,38.87
2565,508,บ้านป่าลาน,สะเมิง,เล็ก,นอกเมือง,สำนักงานคณะกรรมการการศึกษาขั้นพื้นฐาน,สพป.เชียงใหม่ เขต 2,8,52.08,15.45,50.45,14.04,58.33,27.64,31.25,17.55,37.50,38.86
2565,509,บ้านแม่ขะปู,สะเมิง,เล็ก,นอกเมือง,สำนักงานคณะกรรมการการศึกษาขั้นพื้นฐาน,สพป.เชียงใหม่ เขต 2,7,59.52,19.63,52.30,17.35,38.10,41.51,35.71,20.76,42.86,29.35
2565,510,บ้านแม่โต๋,สะเมิง,เล็ก,นอกเมือง,สำนักงานคณะกรรมการการศึกษาขั้นพื้นฐาน,สพป.เชียงใหม่ เขต 2,20,51.67,17.40,57.97,17.15,58.33,31.40,30.83,17.70,50.00,28.87
2565,511,บ้านแม่ยางห้า,สะเมิง,เล็ก,นอกเมือง,สำนักงานคณะกรรมการการศึกษาขั้นพื้นฐาน,สพป.เชียงใหม่ เขต 2,27,53.09,23.15,56.78,13.58,48.15,24.57,29.63,21.44,32.10,30.74
2565,512,บ้านแม่ลานคำ,สะเมิง,เล็ก,นอกเมือง,สำนักงานคณะกรรมการการศึกษาขั้นพื้นฐาน,สพป.เชียงใหม่ เขต 2,16,65.63,19.07,52.34,18.95,50.00,31.18,31.25,14.28,39.58,29.39
2565,513,บ้านแม่แว,สะเมิง,เล็ก,นอกเมือง,สำนักงานคณะกรรมการการศึกษาขั้นพื้นฐาน,สพป.เชียงใหม่ เขต 2,14,54.76,27.77,52.74,20.58,40.48,28.67,34.52,21.33,47.62,20.76
2565,514,บ้านห้วยน้ำจาง,สะเมิง,เล็ก,นอกเมือง,สำนักงานคณะกรรมการการศึกษาขั้นพื้นฐาน,สพป.เชียงใหม่ เขต 2,7,52.38,24.28,53.44,20.33,61.90,27.77,23.81,17.50,38.10,32.99
2565,515,รัปปาปอร์ต,สะเมิง,เล็ก,นอกเมือง,กองบัญชาการตำรวจตระเวนชายแดน,-,13,55.13,24.79,55.08,17.62,58.97,32.43,34.62,19.02,58.97,34.97
2565,516,วัดงิ้วเฒ่า,สะเมิง,เล็ก,นอกเมือง,สำนักงานคณะกรรมการการศึกษาขั้นพื้นฐาน,สพป.เชียงใหม่ เขต 2,6,63.89,20.22,66.82,8.52,77.78,24.85,36.11,11.45,55.56,31.43
2565,517,วัดบ้านป้อก,สะเมิง,เล็ก,นอกเมือง,สำนักงานคณะกรรมการการศึกษาขั้นพื้นฐาน,สพป.เชียงใหม่ เขต 2,9,66.67,20.79,66.67,15.58,77.78,22.22,37.04,17.17,59.26,26.19
2565,518,วัดปางเติม,สะเมิง,เล็ก,นอกเมือง,สำนักงานคณะกรรมการการศึกษาขั้นพื้นฐาน,สพป.เชียงใหม่ เขต 2,7,57.14,30.68,62.24,11.18,57.14,34.34,38.10,7.53,42.86,23.33
2565,519,วัดแม่เลย,สะเมิง,เล็ก,นอกเมือง,สำนักงานคณะกรรมการการศึกษาขั้นพื้นฐาน,สพป.เชียงใหม่ เขต 2,8,52.08,26.92,42.97,13.07,25.00,22.05,33.33,16.67,37.50,30.90
2565,520,วัดยั้งเมิน,สะเมิง,เล็ก,นอกเมือง,สำนักงานคณะกรรมการการศึกษาขั้นพื้นฐาน,สพป.เชียงใหม่ เขต 2,12,51.39,19.79,60.27,9.67,52.78,28.73,48.61,19.79,61.11,32.87
2565,521,บ้านกอสะเลียม,สันกำแพง,เล็ก,นอกเมือง,สำนักงานคณะกรรมการการศึกษาขั้นพื้นฐาน,สพป.เชียงใหม่ เขต 1,8,45.83,13.82,56.92,15.12,66.67,23.57,35.42,13.01,58.33,22.05
2565,522,บ้านแช่ช้าง (เทพนานุกูล),สันกำแพง,เล็ก,นอกเมือง,สำนักงานคณะกรรมการการศึกษาขั้นพื้นฐาน,สพป.เชียงใหม่ เขต 1,15,71.11,21.49,59.52,14.84,64.44,25.72,35.56,19.12,71.11,23.93
2565,523,บ้านบวกค้าง,สันกำแพง,เล็ก,นอกเมือง,สำนักงานคณะกรรมการการศึกษาขั้นพื้นฐาน,สพป.เชียงใหม่ เขต 1,5,70.00,16.33,67.68,14.12,60.00,24.94,36.67,22.11,46.67,33.99
2565,524,บ้านบ่อสร้างนรากรประสาท,สันกำแพง,กลาง,นอกเมือง,สำนักงานคณะกรรมการการศึกษาขั้นพื้นฐาน,สพป.เชียงใหม่ เขต 1,41,64.23,22.26,64.94,15.23,69.11,22.56,38.21,20.58,57.72,32.94
2565,525,บ้านปงป่าเอื้อง,สันกำแพง,เล็ก,นอกเมือง,สำนักงานคณะกรรมการการศึกษาขั้นพื้นฐาน,สพป.เชียงใหม่ เขต 1,4,50.00,31.18,64.06,15.71,66.67,23.57,45.83,18.16,75.00,27.64
2565,526,บ้านมอญ,สันกำแพง,เล็ก,นอกเมือง,สำนักงานคณะกรรมการการศึกษาขั้นพื้นฐาน,สพป.เชียงใหม่ เขต 1,18,73.15,20.14,63.39,11.80,81.48,22.83,30.56,22.40,55.56,29.40
2565,527,บ้านแม่ปูคา,สันกำแพง,เล็ก,นอกเมือง,สำนักงานคณะกรรมการการศึกษาขั้นพื้นฐาน,สพป.เชียงใหม่ เขต 1,13,66.67,26.15,58.93,9.11,61.54,28.78,37.18,18.67,48.72,24.86
2565,528,บ้านสันกำแพง,สันกำแพง,ใหญ่พิเศษ,นอกเมือง,สำนักงานคณะกรรมการการศึกษาขั้นพื้นฐาน,สพป.เชียงใหม่ เขต 1,285,66.32,22.42,63.26,16.87,71.70,28.24,38.13,19.05,57.89,32.16
2565,529,บ้านหนองโค้ง,สันกำแพง,กลาง,นอกเมือง,สำนักงานคณะกรรมการการศึกษาขั้นพื้นฐาน,สพป.เชียงใหม่ เขต 1,55,59.09,20.31,60.67,14.73,73.94,25.18,33.33,17.12,56.97,29.59
2565,530,วัดทรายมูลรัตนศึกษา,สันกำแพง,เล็ก,นอกเมือง,สำนักงานคณะกรรมการการศึกษาขั้นพื้นฐาน,สพป.เชียงใหม่ เขต 1,5,53.33,12.47,59.82,21.38,53.33,26.67,20.00,12.47,40.00,24.94
2565,531,วัดบ้านน้อย,สันกำแพง,เล็ก,นอกเมือง,สำนักงานคณะกรรมการการศึกษาขั้นพื้นฐาน,สพป.เชียงใหม่ เขต 1,13,66.67,18.49,65.59,9.29,66.67,29.24,38.46,16.52,58.97,23.22
2565,532,วัดบ้านโห้ง,สันกำแพง,เล็ก,นอกเมือง,สำนักงานคณะกรรมการการศึกษาขั้นพื้นฐาน,สพป.เชียงใหม่ เขต 1,8,47.92,36.74,56.92,18.63,54.17,33.07,27.08,18.52,50.00,33.33
2565,533,วัดป่าตาล,สันกำแพง,เล็ก,นอกเมือง,สำนักงานคณะกรรมการการศึกษาขั้นพื้นฐาน,สพป.เชียงใหม่ เขต 1,3,72.22,15.71,54.17,6.20,77.78,15.71,44.44,7.86,55.56,31.43
2565,534,วัดร้องวัวแดงศรีจันทร์วิทยาคาร,สันกำแพง,เล็ก,นอกเมือง,สำนักงานคณะกรรมการการศึกษาขั้นพื้นฐาน,สพป.เชียงใหม่ เขต 1,12,62.50,18.16,64.96,18.68,75.00,24.06,44.44,15.71,50.00,31.91
2565,535,วัดล้านตอง,สันกำแพง,เล็ก,นอกเมือง,สำนักงานคณะกรรมการการศึกษาขั้นพื้นฐาน,สพป.เชียงใหม่ เขต 1,11,69.70,31.64,62.26,15.82,66.67,34.82,51.52,15.00,60.61,42.21
2565,536,วัดสันกลางเหนือ,สันกำแพง,เล็ก,นอกเมือง,สำนักงานคณะกรรมการการศึกษาขั้นพื้นฐาน,สพป.เชียงใหม่ เขต 1,13,62.82,27.85,67.10,10.39,84.62,21.14,42.31,21.30,64.10,30.55
2565,537,วัดสันโค้ง,สันกำแพง,เล็ก,นอกเมือง,สำนักงานคณะกรรมการการศึกษาขั้นพื้นฐาน,สพป.เชียงใหม่ เขต 1,3,61.11,15.71,56.55,2.56,55.56,15.71,38.89,7.86,55.56,15.71
2565,538,วัดสันมะฮกฟ้า,สันกำแพง,เล็ก,นอกเมือง,สำนักงานคณะกรรมการการศึกษาขั้นพื้นฐาน,สพป.เชียงใหม่ เขต 1,9,75.93,17.76,65.77,12.96,100.00,0.00,31.48,14.58,77.78,22.22
2565,539,สวนเด็กสันกำแพง,สันกำแพง,กลาง,นอกเมือง,สำนักงานคณะกรรมการส่งเสริมการศึกษาเอกชน,-,28,73.21,19.08,70.82,14.63,75.00,26.16,49.40,16.95,48.81,32.71
2565,540,สันกำแพงคันธาอนุสรณ์,สันกำแพง,เล็ก,นอกเมือง,สำนักงานคณะกรรมการการศึกษาขั้นพื้นฐาน,สพป.เชียงใหม่ เขต 1,20,62.50,23.50,61.03,18.97,71.67,28.43,30.83,14.22,56.67,31.80
2565,541,ออนใต้วิทยา,สันกำแพง,เล็ก,นอกเมือง,สำนักงานคณะกรรมการการศึกษาขั้นพื้นฐาน,สพป.เชียงใหม่ เขต 1,3,61.11,15.71,67.86,12.00,55.56,15.71,38.89,15.71,33.33,0.00
2565,542,ชลประทานเขื่อนแม่กวงจิราธิวัฒน์อุปถัมภ์,สันทราย,กลาง,นอกเมือง,สำนักงานคณะกรรมการการศึกษาขั้นพื้นฐาน,สพป.เชียงใหม่ เขต 2,28,44.64,24.01,51.42,18.52,41.67,27.64,25.00,16.37,33.33,32.12
2565,543,ต้นกล้า,สันทราย,กลาง,นอกเมือง,สำนักงานคณะกรรมการส่งเสริมการศึกษาเอกชน,-,16,68.75,26.27,57.09,17.81,58.33,30.05,47.92,19.43,47.92,33.27
2565,544,บ้านเจดีย์แม่ครัว,สันทราย,กลาง,นอกเมือง,สำนักงานคณะกรรมการการศึกษาขั้นพื้นฐาน,สพป.เชียงใหม่ เขต 2,61,63.93,25.99,63.14,14.79,64.48,30.10,39.89,21.40,51.37,34.97
2565,545,บ้านท่าเกวียน,สันทราย,เล็ก,นอกเมือง,สำนักงานคณะกรรมการการศึกษาขั้นพื้นฐาน,สพป.เชียงใหม่ เขต 2,23,65.22,21.93,73.29,9.41,69.57,27.65,36.96,22.50,57.97,34.36
2565,546,บ้านบวกเปา,สันทราย,เล็ก,นอกเมือง,สำนักงานคณะกรรมการการศึกษาขั้นพื้นฐาน,สพป.เชียงใหม่ เขต 2,8,79.17,16.14,52.79,13.43,66.67,28.87,39.58,24.91,58.33,36.32
2565,547,บ้านป่าก้าง,สันทราย,เล็ก,นอกเมือง,สำนักงานคณะกรรมการการศึกษาขั้นพื้นฐาน,สพป.เชียงใหม่ เขต 2,9,57.41,23.72,60.62,11.34,51.85,31.86,37.04,18.89,70.37,29.16
2565,548,บ้านป่าบง,สันทราย,เล็ก,นอกเมือง,สำนักงานคณะกรรมการการศึกษาขั้นพื้นฐาน,สพป.เชียงใหม่ เขต 2,19,71.05,22.19,70.49,10.57,82.46,19.85,39.47,18.11,54.39,26.95
2565,549,บ้านป่าเหมือด,สันทราย,เล็ก,นอกเมือง,สำนักงานคณะกรรมการการศึกษาขั้นพื้นฐาน,สพป.เชียงใหม่ เขต 2,12,62.50,18.16,75.97,10.38,83.33,21.52,43.06,24.96,47.22,37.16
2565,550,บ้านโปง,สันทราย,เล็ก,นอกเมือง,สำนักงานคณะกรรมการการศึกษาขั้นพื้นฐาน,สพป.เชียงใหม่ เขต 2,15,66.67,16.10,61.85,11.53,60.00,30.31,30.00,15.15,57.78,37.45
2565,551,บ้านโป่ง,สันทราย,เล็ก,นอกเมือง,สำนักงานคณะกรรมการการศึกษาขั้นพื้นฐาน,สพป.เชียงใหม่ เขต 2,4,62.50,13.82,59.82,11.10,58.33,14.43,33.33,11.79,41.67,36.32
2565,552,บ้านเมืองขอน,สันทราย,เล็ก,นอกเมือง,สำนักงานคณะกรรมการการศึกษาขั้นพื้นฐาน,สพป.เชียงใหม่ เขต 2,10,66.67,21.08,64.02,9.18,70.00,31.45,40.00,21.34,50.00,22.36
2565,553,บ้านแม่โจ้,สันทราย,กลาง,นอกเมือง,สำนักงานคณะกรรมการการศึกษาขั้นพื้นฐาน,สพป.เชียงใหม่ เขต 2,36,68.52,21.79,62.95,13.45,75.93,25.59,41.67,21.70,61.11,26.64
2565,554,บ้านแม่แต,สันทราย,เล็ก,นอกเมือง,สำนักงานคณะกรรมการการศึกษาขั้นพื้นฐาน,สพป.เชียงใหม่ เขต 2,7,64.29,28.77,55.74,13.99,57.14,15.06,19.05,10.65,42.86,34.34
2565,555,บ้านแม่แฝก,สันทราย,เล็ก,นอกเมือง,สำนักงานคณะกรรมการการศึกษาขั้นพื้นฐาน,สพป.เชียงใหม่ เขต 2,11,74.24,21.75,62.18,16.66,60.61,27.77,37.88,12.49,60.61,19.17
2565,556,บ้านแม่ย่อย,สันทราย,เล็ก,นอกเมือง,สำนักงานคณะกรรมการการศึกษาขั้นพื้นฐาน,สพป.เชียงใหม่ เขต 2,11,66.67,23.57,59.90,12.17,75.76,32.07,31.82,20.66,69.70,30.00
2565,557,บ้านร่มหลวง,สันทราย,เล็ก,นอกเมือง,สำนักงานคณะกรรมการการศึกษาขั้นพื้นฐาน,สพป.เชียงใหม่ เขต 2,20,53.33,22.73,63.75,15.99,66.67,25.82,27.50,17.70,61.67,30.32
2565,558,บ้านศรีงาม,สันทราย,เล็ก,นอกเมือง,สำนักงานคณะกรรมการการศึกษาขั้นพื้นฐาน,สพป.เชียงใหม่ เขต 2,4,83.33,0.00,79.69,8.00,83.33,16.67,33.33,11.79,66.67,33.33
2565,559,บ้านศรีบุญเรือง,สันทราย,กลาง,นอกเมือง,สำนักงานคณะกรรมการการศึกษาขั้นพื้นฐาน,สพป.เชียงใหม่ เขต 2,12,54.17,21.65,56.03,14.35,66.67,23.57,41.67,12.73,61.11,22.91
2565,560,บ้านสันพระเนตร,สันทราย,เล็ก,นอกเมือง,สำนักงานคณะกรรมการการศึกษาขั้นพื้นฐาน,สพป.เชียงใหม่ เขต 2,5,63.33,16.33,76.43,8.74,73.33,24.94,46.67,24.49,53.33,33.99
2565,561,บ้านสันศรี,สันทราย,เล็ก,นอกเมือง,สำนักงานคณะกรรมการการศึกษาขั้นพื้นฐาน,สพป.เชียงใหม่ เขต 2,6,69.44,26.21,65.48,9.00,72.22,22.91,36.11,26.21,61.11,22.91
2565,562,บ้านหนองไคร้,สันทราย,กลาง,นอกเมือง,สำนักงานคณะกรรมการการศึกษาขั้นพื้นฐาน,สพป.เชียงใหม่ เขต 2,58,59.20,21.48,71.57,14.24,75.86,28.23,36.78,16.60,50.00,29.85
2565,563,บ้านหนองมะจับ,สันทราย,เล็ก,นอกเมือง,สำนักงานคณะกรรมการการศึกษาขั้นพื้นฐาน,สพป.เชียงใหม่ เขต 2,10,50.00,23.57,55.98,13.67,70.00,27.69,26.67,11.06,43.33,30.00
2565,564,บ้านหนองหาร,สันทราย,เล็ก,นอกเมือง,สำนักงานคณะกรรมการการศึกษาขั้นพื้นฐาน,สพป.เชียงใหม่ เขต 2,7,88.10,11.66,76.66,9.26,90.48,15.06,42.86,21.56,85.71,24.28
2565,565,บ้านหลักปัน,สันทราย,กลาง,นอกเมือง,สำนักงานคณะกรรมการการศึกษาขั้นพื้นฐาน,สพป.เชียงใหม่ เขต 2,6,72.22,15.71,84.08,8.51,100.00,0.00,36.11,22.40,66.67,27.22
2565,566,บ้านห้วยเกี๋ยง,สันทราย,กลาง,นอกเมือง,สำนักงานคณะกรรมการการศึกษาขั้นพื้นฐาน,สพป.เชียงใหม่ เขต 2,28,57.14,25.37,48.74,17.16,48.81,28.84,39.29,20.52,51.19,28.84
2565,567,บ้านหัวฝาย,สันทราย,เล็ก,นอกเมือง,สำนักงานคณะกรรมการการศึกษาขั้นพื้นฐาน,สพป.เชียงใหม่ เขต 2,5,70.00,12.47,66.79,10.91,86.67,16.33,30.00,12.47,73.33,24.94
2565,568,พงษ์พิกุลเชียงใหม่,สันทราย,กลาง,นอกเมือง,สำนักงานคณะกรรมการส่งเสริมการศึกษาเอกชน,-,40,60.00,21.02,52.79,16.57,65.83,25.26,31.67,18.56,54.17,35.50
2565,569,วัดแม่แก้ดน้อย,สันทราย,ใหญ่,นอกเมือง,สำนักงานคณะกรรมการการศึกษาขั้นพื้นฐาน,สพป.เชียงใหม่ เขต 2,29,66.67,20.06,65.79,16.06,77.01,24.92,42.53,17.28,58.62,27.20
2565,570,วัดสันคะยอม,สันทราย,เล็ก,นอกเมือง,สำนักงานคณะกรรมการการศึกษาขั้นพื้นฐาน,สพป.เชียงใหม่ เขต 2,6,63.89,24.37,65.92,8.80,83.33,25.46,44.44,24.85,55.56,31.43
2565,571,วัดสันทรายมูล,สันทราย,เล็ก,นอกเมือง,สำนักงานคณะกรรมการการศึกษาขั้นพื้นฐาน,สพป.เชียงใหม่ เขต 2,16,67.71,25.32,67.97,13.24,64.58,29.97,41.67,18.63,50.00,31.18
2565,572,วีรยาเชียงใหม่,สันทราย,กลาง,นอกเมือง,สำนักงานคณะกรรมการส่งเสริมการศึกษาเอกชน,-,9,68.52,12.28,57.84,15.31,70.37,24.57,37.04,21.91,59.26,26.19
2565,573,สวนองุ่นเชียงใหม่,สันทราย,กลาง,นอกเมือง,สำนักงานคณะกรรมการส่งเสริมการศึกษาเอกชน,-,26,69.87,23.58,59.34,17.09,83.33,23.11,42.95,16.78,53.85,34.69
2565,574,สันทรายหลวง,สันทราย,กลาง,นอกเมือง,สำนักงานคณะกรรมการการศึกษาขั้นพื้นฐาน,สพป.เชียงใหม่ เขต 2,110,60.00,24.74,63.03,21.61,69.70,30.66,38.33,22.20,52.42,30.96
2565,575,กิ่วแลน้อยประสิทธิ์วิทยา,สันป่าตอง,กลาง,นอกเมือง,สำนักงานคณะกรรมการการศึกษาขั้นพื้นฐาน,สพป.เชียงใหม่ เขต 4,9,79.63,23.28,77.28,8.88,74.07,26.19,48.15,18.33,51.85,31.86
2565,576,ชุมชนกิ่วแลหลวงประสิทธิ์วิทยา,สันป่าตอง,เล็ก,นอกเมือง,สำนักงานคณะกรรมการการศึกษาขั้นพื้นฐาน,สพป.เชียงใหม่ เขต 4,4,66.67,26.35,55.13,11.03,41.67,27.64,54.17,13.82,66.67,0.00
2565,577,ทุ่งฟ้าบดราษฎร์บำรุง,สันป่าตอง,กลาง,นอกเมือง,กรมส่งเสริมการปกครองท้องถิ่น,ท้องถิ่นจังหวัดเชียงใหม่,82,70.12,22.95,67.15,13.49,73.58,31.55,34.76,18.63,54.47,29.68
2565,578,บ้านทุ่งเสี้ยว (นวรัฐ),สันป่าตอง,เล็ก,นอกเมือง,สำนักงานคณะกรรมการการศึกษาขั้นพื้นฐาน,สพป.เชียงใหม่ เขต 4,13,61.54,23.92,58.86,7.72,56.41,24.05,33.33,13.07,53.85,33.43
2565,579,บ้านเปียง,สันป่าตอง,เล็ก,นอกเมือง,สำนักงานคณะกรรมการการศึกษาขั้นพื้นฐาน,สพป.เชียงใหม่ เขต 4,11,68.18,20.66,61.40,15.91,69.70,26.42,42.42,22.88,51.52,29.69
2565,580,บ้านม่วงพี่น้อง,สันป่าตอง,เล็ก,นอกเมือง,สำนักงานคณะกรรมการการศึกษาขั้นพื้นฐาน,สพป.เชียงใหม่ เขต 4,7,57.14,15.06,68.24,18.86,66.67,30.86,35.71,10.65,52.38,30.12
2565,581,บ้านแม่กุ้งหลวง,สันป่าตอง,เล็ก,นอกเมือง,สำนักงานคณะกรรมการการศึกษาขั้นพื้นฐาน,สพป.เชียงใหม่ เขต 4,3,61.11,7.86,48.81,8.19,33.33,0.00,27.78,7.86,11.11,15.71
2565,582,บ้านห้วยส้ม,สันป่าตอง,เล็ก,นอกเมือง,สำนักงานคณะกรรมการการศึกษาขั้นพื้นฐาน,สพป.เชียงใหม่ เขต 4,14,72.62,21.46,69.64,11.71,83.33,24.40,47.62,17.66,69.05,23.45
2565,583,บ้านหัวริน,สันป่าตอง,เล็ก,นอกเมือง,สำนักงานคณะกรรมการการศึกษาขั้นพื้นฐาน,สพป.เชียงใหม่ เขต 4,10,71.67,15.00,69.20,14.48,70.00,17.95,31.67,15.72,50.00,22.36
2565,584,พัฒนวิทย์ศึกษา,สันป่าตอง,ใหญ่,นอกเมือง,สำนักงานคณะกรรมการส่งเสริมการศึกษาเอกชน,-,45,57.78,24.49,56.30,16.27,59.26,30.54,36.67,18.46,48.89,30.31
2565,585,วัดกู่คำ,สันป่าตอง,เล็ก,นอกเมือง,สำนักงานคณะกรรมการการศึกษาขั้นพื้นฐาน,สพป.เชียงใหม่ เขต 4,4,70.83,18.16,59.60,18.41,66.67,0.00,33.33,0.00,66.67,33.33
2565,586,วัดท่ากาน,สันป่าตอง,เล็ก,นอกเมือง,สำนักงานคณะกรรมการการศึกษาขั้นพื้นฐาน,สพป.เชียงใหม่ เขต 4,10,63.33,29.63,63.93,10.84,66.67,33.33,36.67,32.32,46.67,33.99
2565,587,วัดน้ำบ่อหลวง,สันป่าตอง,เล็ก,นอกเมือง,สำนักงานคณะกรรมการการศึกษาขั้นพื้นฐาน,สพป.เชียงใหม่ เขต 4,17,68.63,18.86,58.25,12.67,66.67,25.57,45.10,20.42,45.10,30.12
2565,588,วัดโรงวัว,สันป่าตอง,เล็ก,นอกเมือง,สำนักงานคณะกรรมการการศึกษาขั้นพื้นฐาน,สพป.เชียงใหม่ เขต 4,4,95.83,7.22,63.17,10.28,75.00,14.43,50.00,0.00,83.33,16.67
2565,589,วัดสามหลัง,สันป่าตอง,เล็ก,นอกเมือง,สำนักงานคณะกรรมการการศึกษาขั้นพื้นฐาน,สพป.เชียงใหม่ เขต 4,8,70.83,19.98,73.88,7.66,95.83,11.02,39.58,23.48,79.17,23.20
2565,590,วัดอุเม็ง,สันป่าตอง,เล็ก,นอกเมือง,สำนักงานคณะกรรมการการศึกษาขั้นพื้นฐาน,สพป.เชียงใหม่ เขต 4,12,70.83,20.55,66.22,7.15,88.89,20.79,38.89,23.90,61.11,32.87
2565,591,วิมานทิพย์,สันป่าตอง,เล็ก,นอกเมือง,สำนักงานคณะกรรมการส่งเสริมการศึกษาเอกชน,-,12,51.39,19.79,57.07,13.59,69.44,21.34,45.83,16.84,36.11,25.31
2565,592,สันป่าตอง,สันป่าตอง,เล็ก,นอกเมือง,กรมส่งเสริมการปกครองท้องถิ่น,ท้องถิ่นจังหวัดเชียงใหม่,6,63.89,14.96,64.88,9.17,55.56,24.85,38.89,12.42,61.11,35.57
2565,593,สันป่าตอง (สุวรรณราษฎร์วิทยาคาร),สันป่าตอง,ใหญ่,นอกเมือง,สำนักงานคณะกรรมการการศึกษาขั้นพื้นฐาน,สพป.เชียงใหม่ เขต 4,162,67.70,22.35,66.24,13.79,74.49,30.66,40.53,20.28,55.76,30.73
2565,594,อุ่นไอรัก เชียงใหม่,สันป่าตอง,เล็ก,นอกเมือง,สำนักงานคณะกรรมการส่งเสริมการศึกษาเอกชน,-,28,46.43,27.23,47.23,23.33,44.05,23.66,27.38,17.94,39.29,34.56
2565,595,ช่องฟ้าซินเซิงวาณิชบำรุง,สารภี,ใหญ่พิเศษ,นอกเมือง,สำนักงานคณะกรรมการส่งเสริมการศึกษาเอกชน,-,249,69.54,20.41,61.12,14.44,74.30,28.65,43.57,20.40,56.49,32.51
2565,596,ชุมชนวัดปากกอง,สารภี,เล็ก,นอกเมือง,สำนักงานคณะกรรมการการศึกษาขั้นพื้นฐาน,สพป.เชียงใหม่ เขต 4,2,66.67,0.00,58.93,16.07,16.67,16.67,50.00,16.67,33.33,33.33
2565,597,ชุมชนวัดศรีคำชมภู,สารภี,กลาง,นอกเมือง,สำนักงานคณะกรรมการการศึกษาขั้นพื้นฐาน,สพป.เชียงใหม่ เขต 4,10,58.33,26.09,59.91,12.17,70.00,23.33,33.33,19.72,73.33,24.94
2565,598,เทศบาลตำบลยางเนิ้ง,สารภี,กลาง,นอกเมือง,กรมส่งเสริมการปกครองท้องถิ่น,ท้องถิ่นจังหวัดเชียงใหม่,17,51.96,24.84,56.17,15.57,50.98,32.57,34.31,20.98,56.86,33.85
2565,599,บ้านปากเหมือง,สารภี,กลาง,นอกเมือง,สำนักงานคณะกรรมการการศึกษาขั้นพื้นฐาน,สพป.เชียงใหม่ เขต 4,20,66.67,21.08,67.46,15.21,75.00,25.55,43.33,20.68,50.00,28.87
2565,600,บ้านสันทราย,สารภี,เล็ก,นอกเมือง,สำนักงานคณะกรรมการการศึกษาขั้นพื้นฐาน,สพป.เชียงใหม่ เขต 4,9,68.52,21.44,75.99,9.21,92.59,13.86,55.56,26.06,62.96,39.89
2565,601,ยุวฑูตศึกษาพัฒนา,สารภี,ใหญ่,นอกเมือง,สำนักงานคณะกรรมการส่งเสริมการศึกษาเอกชน,-,37,61.26,22.28,59.27,14.97,78.38,24.77,39.19,15.12,51.35,34.31
2565,602,วชิราลัย,สารภี,กลาง,นอกเมือง,สำนักงานคณะกรรมการส่งเสริมการศึกษาเอกชน,-,54,58.33,24.37,53.62,20.87,45.68,30.29,42.59,21.68,47.53,28.40
2565,603,วัดกองทราย,สารภี,เล็ก,นอกเมือง,สำนักงานคณะกรรมการการศึกษาขั้นพื้นฐาน,สพป.เชียงใหม่ เขต 4,10,53.33,24.49,49.96,9.79,60.00,20.00,33.33,18.26,53.33,22.11
2565,604,วัดท่าต้นกวาว,สารภี,เล็ก,นอกเมือง,สำนักงานคณะกรรมการการศึกษาขั้นพื้นฐาน,สพป.เชียงใหม่ เขต 4,15,52.22,19.12,69.82,14.39,73.33,24.94,32.22,22.33,57.78,19.12
2565,605,วัดเทพาราม,สารภี,เล็ก,นอกเมือง,สำนักงานคณะกรรมการการศึกษาขั้นพื้นฐาน,สพป.เชียงใหม่ เขต 4,12,66.67,20.41,61.01,14.51,63.89,28.73,40.28,24.02,58.33,27.64
2565,606,วัดบวกครกเหนือ,สารภี,เล็ก,นอกเมือง,สำนักงานคณะกรรมการการศึกษาขั้นพื้นฐาน,สพป.เชียงใหม่ เขต 4,25,51.33,22.07,56.00,17.74,56.00,26.20,30.67,18.67,60.00,31.27
2565,607,วัดพญาชมภู,สารภี,เล็ก,นอกเมือง,สำนักงานคณะกรรมการการศึกษาขั้นพื้นฐาน,สพป.เชียงใหม่ เขต 4,6,69.44,11.45,74.26,7.71,61.11,12.42,47.22,20.22,66.67,19.25
2565,608,วัดพระนอนหนองผึ้ง,สารภี,เล็ก,นอกเมือง,สำนักงานคณะกรรมการการศึกษาขั้นพื้นฐาน,สพป.เชียงใหม่ เขต 4,17,63.73,22.31,63.87,20.53,74.51,29.22,30.39,14.27,58.82,26.88
2565,609,วัดแม่สะลาบ,สารภี,เล็ก,นอกเมือง,สำนักงานคณะกรรมการการศึกษาขั้นพื้นฐาน,สพป.เชียงใหม่ เขต 4,11,51.52,13.21,62.01,14.11,54.55,25.71,45.45,14.37,45.45,25.71
2565,610,วัดเวฬุวัน,สารภี,ใหญ่,นอกเมือง,สำนักงานคณะกรรมการการศึกษาขั้นพื้นฐาน,สพป.เชียงใหม่ เขต 4,21,73.81,15.91,71.05,12.13,66.67,20.57,42.06,23.92,63.49,22.78
2565,611,วัดศรีดอนชัย,สารภี,เล็ก,นอกเมือง,สำนักงานคณะกรรมการการศึกษาขั้นพื้นฐาน,สพป.เชียงใหม่ เขต 4,4,66.67,11.79,56.47,5.48,66.67,0.00,45.83,18.16,50.00,28.87
2565,612,วัดศรีโพธาราม,สารภี,เล็ก,นอกเมือง,สำนักงานคณะกรรมการการศึกษาขั้นพื้นฐาน,สพป.เชียงใหม่ เขต 4,7,66.67,8.91,58.29,13.74,61.90,27.77,35.71,10.65,47.62,24.28
2565,613,วัดสันดอนมูล,สารภี,เล็ก,นอกเมือง,สำนักงานคณะกรรมการการศึกษาขั้นพื้นฐาน,สพป.เชียงใหม่ เขต 4,6,61.11,12.42,65.63,11.79,77.78,24.85,36.11,17.79,50.00,31.91
2565,614,ศูนย์การเรียนแห่งความหวังและอนาคต,สารภี,เล็ก,นอกเมือง,สำนักงานคณะกรรมการการศึกษาขั้นพื้นฐาน,สพป.เชียงใหม่ เขต 4,4,70.83,13.82,60.04,10.23,66.67,23.57,33.33,16.67,66.67,23.57
2565,615,สืบนทีธรรม,สารภี,กลาง,นอกเมือง,สำนักงานคณะกรรมการส่งเสริมการศึกษาเอกชน,-,14,63.10,25.34,56.63,14.15,59.52,18.60,33.33,16.67,52.38,27.36
2565,616,ต้นแก้วผดุงพิทยาลัย,หางดง,ใหญ่,นอกเมือง,กรมส่งเสริมการปกครองท้องถิ่น,ท้องถิ่นจังหวัดเชียงใหม่,102,56.70,22.54,61.80,21.81,64.71,31.25,33.50,18.74,48.69,29.77
2565,617,เทศบาลหนองตองวิทยา,หางดง,เล็ก,นอกเมือง,กรมส่งเสริมการปกครองท้องถิ่น,ท้องถิ่นจังหวัดเชียงใหม่,11,54.55,27.61,40.34,17.26,48.48,29.69,21.21,17.54,42.42,32.07
2565,618,เทศบาลหางดง (ประชาคมสร้างสรรค์),หางดง,ใหญ่,นอกเมือง,กรมส่งเสริมการปกครองท้องถิ่น,ท้องถิ่นจังหวัดเชียงใหม่,34,65.20,22.28,59.93,15.34,64.71,26.74,31.86,17.79,57.84,30.58
2565,619,นันทชาติ เกรด สคูล,หางดง,เล็ก,นอกเมือง,สำนักงานคณะกรรมการส่งเสริมการศึกษาเอกชน,-,8,66.67,11.79,65.29,10.63,75.00,27.64,45.83,19.98,62.50,35.11
2565,620,บ้านคุณแม่,หางดง,เล็ก,นอกเมือง,สำนักงานคณะกรรมการส่งเสริมการศึกษาเอกชน,-,12,62.50,21.65,51.93,24.09,55.56,15.71,34.72,25.87,33.33,23.57
2565,621,บ้านดง,หางดง,เล็ก,นอกเมือง,สำนักงานคณะกรรมการการศึกษาขั้นพื้นฐาน,สพป.เชียงใหม่ เขต 4,16,77.08,20.31,73.27,9.74,70.83,28.57,41.67,19.54,66.67,28.87
2565,622,บ้านตองกาย,หางดง,เล็ก,นอกเมือง,สำนักงานคณะกรรมการการศึกษาขั้นพื้นฐาน,สพป.เชียงใหม่ เขต 4,12,56.94,23.03,56.47,13.11,66.67,23.57,38.89,14.16,44.44,24.85
2565,623,บ้านทรายมูล,หางดง,กลาง,นอกเมือง,สำนักงานคณะกรรมการการศึกษาขั้นพื้นฐาน,สพป.เชียงใหม่ เขต 4,32,63.54,22.22,62.36,16.88,66.67,30.05,32.81,19.31,57.29,25.32
2565,624,บ้านท้าวบุญเรือง,หางดง,เล็ก,นอกเมือง,สำนักงานคณะกรรมการการศึกษาขั้นพื้นฐาน,สพป.เชียงใหม่ เขต 4,6,75.00,8.33,71.43,12.07,94.44,12.42,41.67,12.73,77.78,15.71
2565,625,บ้านน้ำแพร่,หางดง,เล็ก,นอกเมือง,สำนักงานคณะกรรมการการศึกษาขั้นพื้นฐาน,สพป.เชียงใหม่ เขต 4,13,64.10,19.44,67.99,12.55,84.62,16.62,39.74,20.19,58.97,26.65
2565,626,บ้านปง,หางดง,เล็ก,นอกเมือง,สำนักงานคณะกรรมการการศึกษาขั้นพื้นฐาน,สพป.เชียงใหม่ เขต 4,10,78.33,18.33,71.25,9.54,93.33,13.33,40.00,22.61,63.33,23.33
2565,627,บ้านป่าตาล,หางดง,เล็ก,นอกเมือง,สำนักงานคณะกรรมการการศึกษาขั้นพื้นฐาน,สพป.เชียงใหม่ เขต 4,23,63.04,19.63,55.14,17.15,55.07,27.11,30.43,13.60,56.52,28.55
2565,628,บ้านฟ่อน,หางดง,เล็ก,นอกเมือง,สำนักงานคณะกรรมการการศึกษาขั้นพื้นฐาน,สพป.เชียงใหม่ เขต 4,12,56.94,14.37,59.90,14.10,66.67,27.22,40.28,19.79,52.78,28.73
2565,629,บ้านไร่,หางดง,เล็ก,นอกเมือง,สำนักงานคณะกรรมการการศึกษาขั้นพื้นฐาน,สพป.เชียงใหม่ เขต 4,2,83.33,16.67,92.86,1.79,100.00,0.00,50.00,16.67,83.33,16.67
2565,630,บ้านวังศรี,หางดง,เล็ก,นอกเมือง,สำนักงานคณะกรรมการการศึกษาขั้นพื้นฐาน,สพป.เชียงใหม่ เขต 4,7,76.19,8.25,55.74,16.36,76.19,23.33,30.95,20.76,33.33,30.86
2565,631,บ้านสันทราย,หางดง,เล็ก,นอกเมือง,สำนักงานคณะกรรมการการศึกษาขั้นพื้นฐาน,สพป.เชียงใหม่ เขต 4,10,60.00,17.00,53.21,12.74,66.67,33.33,28.33,13.02,43.33,30.00
2565,632,บ้านสันป่าสัก,หางดง,กลาง,นอกเมือง,สำนักงานคณะกรรมการการศึกษาขั้นพื้นฐาน,สพป.เชียงใหม่ เขต 4,64,56.77,22.96,60.18,18.12,67.19,25.34,39.32,22.70,52.60,32.17
2565,633,บ้านสันผักหวาน,หางดง,เล็ก,นอกเมือง,สำนักงานคณะกรรมการการศึกษาขั้นพื้นฐาน,สพป.เชียงใหม่ เขต 4,12,69.44,19.04,65.55,11.76,80.56,31.79,41.67,15.96,66.67,30.43
2565,634,บ้านแสนตอ,หางดง,เล็ก,นอกเมือง,สำนักงานคณะกรรมการการศึกษาขั้นพื้นฐาน,สพป.เชียงใหม่ เขต 4,8,62.50,28.57,59.49,21.82,79.17,23.20,41.67,20.41,70.83,26.02
2565,635,พันธสัญญา,หางดง,เล็ก,นอกเมือง,สำนักงานคณะกรรมการส่งเสริมการศึกษาเอกชน,-,6,66.67,16.67,40.10,15.38,83.33,16.67,52.78,14.96,83.33,25.46
2565,636,ลักษณ์พงค์วิทยา,หางดง,เล็ก,นอกเมือง,สำนักงานคณะกรรมการส่งเสริมการศึกษาเอกชน,-,13,52.56,21.53,48.83,15.00,64.10,30.55,37.18,26.27,58.97,23.22
2565,637,วัดคีรีเขต,หางดง,เล็ก,นอกเมือง,สำนักงานคณะกรรมการการศึกษาขั้นพื้นฐาน,สพป.เชียงใหม่ เขต 4,1,16.67,0.00,39.29,0.00,33.33,0.00,66.67,0.00,66.67,0.00
2565,638,วัดจอมทอง,หางดง,เล็ก,นอกเมือง,สำนักงานคณะกรรมการการศึกษาขั้นพื้นฐาน,สพป.เชียงใหม่ เขต 4,7,69.05,16.50,65.18,17.35,66.67,25.20,40.48,23.33,57.14,34.34
2565,639,วัดช่างคำ,หางดง,เล็ก,นอกเมือง,สำนักงานคณะกรรมการการศึกษาขั้นพื้นฐาน,สพป.เชียงใหม่ เขต 4,9,53.70,13.09,53.77,7.16,44.44,15.71,29.63,24.57,33.33,35.14
2565,640,วัดประชาเกษม,หางดง,เล็ก,นอกเมือง,สำนักงานคณะกรรมการการศึกษาขั้นพื้นฐาน,สพป.เชียงใหม่ เขต 4,13,56.41,24.93,53.91,12.86,41.03,32.43,23.08,12.30,58.97,29.68
2565,641,วัดพระเจ้าเหลื้อม,หางดง,เล็ก,นอกเมือง,สำนักงานคณะกรรมการการศึกษาขั้นพื้นฐาน,สพป.เชียงใหม่ เขต 4,6,72.22,28.33,71.28,12.74,83.33,16.67,36.11,22.40,72.22,29.92
2565,642,วัดศรีล้อม,หางดง,เล็ก,นอกเมือง,สำนักงานคณะกรรมการการศึกษาขั้นพื้นฐาน,สพป.เชียงใหม่ เขต 4,9,72.22,15.71,77.28,10.95,74.07,20.95,31.48,12.28,55.56,27.22
2565,643,วัดศรีสว่าง,หางดง,เล็ก,นอกเมือง,สำนักงานคณะกรรมการการศึกษาขั้นพื้นฐาน,สพป.เชียงใหม่ เขต 4,5,83.33,14.91,57.68,9.25,73.33,24.94,33.33,10.54,60.00,24.94
2565,644,สาธิตนานาชาติทวิภาษาแห่งมหาวิทยาลัยรังสิต เชียงใหม่,หางดง,กลาง,นอกเมือง,สำนักงานคณะกรรมการส่งเสริมการศึกษาเอกชน,-,5,56.67,29.06,52.41,25.03,86.67,16.33,43.33,13.33,46.67,26.67
2565,645,ชุมชนบ้านใหม่,อมก๋อย,เล็ก,นอกเมือง,สำนักงานคณะกรรมการการศึกษาขั้นพื้นฐาน,สพป.เชียงใหม่ เขต 5,27,59.26,24.98,48.48,14.90,41.98,32.19,27.16,20.36,43.21,29.83
2565,646,ชุมชนบ้านอมก๋อย,อมก๋อย,กลาง,นอกเมือง,สำนักงานคณะกรรมการการศึกษาขั้นพื้นฐาน,สพป.เชียงใหม่ เขต 5,53,50.63,21.71,58.73,14.50,49.69,28.68,32.39,18.15,49.06,32.12
2565,647,ตชด.บางกอกเชฟแชร์ริตี้,อมก๋อย,เล็ก,นอกเมือง,กองบัญชาการตำรวจตระเวนชายแดน,-,13,55.13,25.64,40.04,21.57,61.54,31.61,44.87,24.79,43.59,27.38
2565,648,ตรีมิตรวิทยา,อมก๋อย,กลาง,นอกเมือง,สำนักงานคณะกรรมการการศึกษาขั้นพื้นฐาน,สพป.เชียงใหม่ เขต 5,19,53.51,15.84,50.09,21.05,50.88,31.29,37.72,21.52,45.61,26.95
2565,649,ท่านผู้หญิงประไพ ศิวะโกเศศ,อมก๋อย,เล็ก,นอกเมือง,กองบัญชาการตำรวจตระเวนชายแดน,-,18,62.96,20.45,60.66,15.55,72.22,25.46,43.52,23.66,53.70,35.38
2565,650,บ้านขุนแม่ตื่นน้อย,อมก๋อย,เล็ก,นอกเมือง,สำนักงานคณะกรรมการการศึกษาขั้นพื้นฐาน,สพป.เชียงใหม่ เขต 5,26,40.38,24.97,30.13,13.37,34.62,28.47,26.92,16.72,28.21,30.23
2565,651,บ้านซิแบร,อมก๋อย,เล็ก,นอกเมือง,สำนักงานคณะกรรมการการศึกษาขั้นพื้นฐาน,สพป.เชียงใหม่ เขต 5,42,31.35,20.96,31.23,15.90,30.16,25.00,26.19,16.72,40.48,32.15
2565,652,บ้านตุงลอย,อมก๋อย,กลาง,นอกเมือง,สำนักงานคณะกรรมการการศึกษาขั้นพื้นฐาน,สพป.เชียงใหม่ เขต 5,31,48.39,26.56,44.56,19.15,59.14,27.71,34.41,20.71,49.46,25.22
2565,653,บ้านผีปานเหนือ,อมก๋อย,กลาง,นอกเมือง,สำนักงานคณะกรรมการการศึกษาขั้นพื้นฐาน,สพป.เชียงใหม่ เขต 5,20,31.67,19.65,34.78,25.15,23.33,26.03,25.00,19.36,30.00,31.45
2565,654,บ้านแม่โขง,อมก๋อย,เล็ก,นอกเมือง,สำนักงานคณะกรรมการการศึกษาขั้นพื้นฐาน,สพป.เชียงใหม่ เขต 5,8,50.00,8.33,61.16,20.02,45.83,33.07,47.92,9.99,45.83,28.57
2565,655,บ้านแม่ต๋อม,อมก๋อย,กลาง,นอกเมือง,สำนักงานคณะกรรมการการศึกษาขั้นพื้นฐาน,สพป.เชียงใหม่ เขต 5,40,47.08,26.85,40.74,23.50,45.00,30.32,28.33,15.46,41.67,31.40
2565,656,บ้านแม่สะเต,อมก๋อย,เล็ก,นอกเมือง,สำนักงานคณะกรรมการการศึกษาขั้นพื้นฐาน,สพป.เชียงใหม่ เขต 5,11,46.97,13.89,54.22,9.47,48.48,26.07,39.39,20.44,33.33,31.78
2565,657,บ้านแม่หลองน้อย,อมก๋อย,เล็ก,นอกเมือง,สำนักงานคณะกรรมการการศึกษาขั้นพื้นฐาน,สพป.เชียงใหม่ เขต 5,23,47.10,20.06,55.78,18.04,37.68,33.05,39.86,18.87,40.58,27.73
2565,658,บ้านแม่อ่างขาง,อมก๋อย,เล็ก,นอกเมือง,สำนักงานคณะกรรมการการศึกษาขั้นพื้นฐาน,สพป.เชียงใหม่ เขต 5,13,39.74,21.22,45.47,18.66,51.28,36.08,20.51,17.48,25.64,29.68
2565,659,บ้านยางแก้ว,อมก๋อย,เล็ก,นอกเมือง,สำนักงานคณะกรรมการการศึกษาขั้นพื้นฐาน,สพป.เชียงใหม่ เขต 5,12,51.39,17.29,42.26,15.22,36.11,16.43,23.61,15.90,44.44,24.85
2565,660,บ้านยางครก,อมก๋อย,เล็ก,นอกเมือง,สำนักงานคณะกรรมการการศึกษาขั้นพื้นฐาน,สพป.เชียงใหม่ เขต 5,20,32.50,20.73,37.28,16.00,38.33,28.43,26.67,15.28,36.67,25.60
2565,661,บ้านยางเปา,อมก๋อย,กลาง,นอกเมือง,สำนักงานคณะกรรมการการศึกษาขั้นพื้นฐาน,สพป.เชียงใหม่ เขต 5,25,56.00,25.77,61.79,17.69,56.00,27.84,30.67,18.06,45.33,26.47
2565,662,บ้านยางเปียง,อมก๋อย,เล็ก,นอกเมือง,สำนักงานคณะกรรมการการศึกษาขั้นพื้นฐาน,สพป.เชียงใหม่ เขต 5,11,46.97,15.60,51.06,14.24,39.39,31.20,36.36,15.60,30.30,33.20
2565,663,บ้านสบลาน,อมก๋อย,กลาง,นอกเมือง,สำนักงานคณะกรรมการการศึกษาขั้นพื้นฐาน,สพป.เชียงใหม่ เขต 5,16,34.38,19.96,40.01,25.64,43.75,22.73,25.00,15.59,43.75,25.60
2565,664,บ้านหลวง,อมก๋อย,เล็ก,นอกเมือง,สำนักงานคณะกรรมการการศึกษาขั้นพื้นฐาน,สพป.เชียงใหม่ เขต 5,10,65.00,21.67,67.95,13.53,70.00,27.69,48.33,15.72,76.67,26.03
2565,665,บ้านห้วยโค้ง,อมก๋อย,กลาง,นอกเมือง,สำนักงานคณะกรรมการการศึกษาขั้นพื้นฐาน,สพป.เชียงใหม่ เขต 5,18,25.93,19.42,34.18,20.39,24.07,24.36,19.44,18.63,37.04,26.96
2565,666,บ้านห้วยน้ำขาว,อมก๋อย,กลาง,นอกเมือง,สำนักงานคณะกรรมการการศึกษาขั้นพื้นฐาน,สพป.เชียงใหม่ เขต 5,21,46.83,20.33,41.96,14.98,41.27,22.78,30.16,20.97,50.79,35.06
2565,667,บ้านห้วยหล่อดูก,อมก๋อย,เล็ก,นอกเมือง,สำนักงานคณะกรรมการการศึกษาขั้นพื้นฐาน,สพป.เชียงใหม่ เขต 5,14,54.76,28.47,53.32,19.52,52.38,27.36,30.95,16.50,47.62,27.36
2565,668,บ้านห่างหลวง,อมก๋อย,เล็ก,นอกเมือง,สำนักงานคณะกรรมการการศึกษาขั้นพื้นฐาน,สพป.เชียงใหม่ เขต 5,10,48.33,24.09,41.07,22.16,36.67,23.33,33.33,14.91,20.00,16.33
2565,669,บ้านอูตูม,อมก๋อย,เล็ก,นอกเมือง,สำนักงานคณะกรรมการการศึกษาขั้นพื้นฐาน,สพป.เชียงใหม่ เขต 5,36,41.67,27.36,40.23,18.72,34.26,20.01,24.07,16.41,43.52,31.25
2565,670,รางวัลอินทิราคานธี,อมก๋อย,เล็ก,นอกเมือง,กองบัญชาการตำรวจตระเวนชายแดน,-,9,37.04,13.09,30.56,17.39,40.74,26.19,37.04,18.89,51.85,22.83
2565,671,ชุมชนบ้านท่าข้าม,ฮอด,กลาง,นอกเมือง,สำนักงานคณะกรรมการการศึกษาขั้นพื้นฐาน,สพป.เชียงใหม่ เขต 5,66,55.05,28.42,56.13,18.18,55.05,32.56,35.61,19.44,45.96,33.21
2565,672,ชุมชนบ้านแม่ทัง,ฮอด,เล็ก,นอกเมือง,สำนักงานคณะกรรมการการศึกษาขั้นพื้นฐาน,สพป.เชียงใหม่ เขต 5,7,59.52,23.33,49.62,12.88,57.14,29.35,33.33,12.60,38.10,41.51
2565,673,บ้านกองลอย,ฮอด,กลาง,นอกเมือง,สำนักงานคณะกรรมการการศึกษาขั้นพื้นฐาน,สพป.เชียงใหม่ เขต 5,17,52.94,23.73,56.83,17.74,49.02,28.28,30.39,14.27,50.98,25.86
2565,674,บ้านกองหิน,ฮอด,เล็ก,นอกเมือง,สำนักงานคณะกรรมการการศึกษาขั้นพื้นฐาน,สพป.เชียงใหม่ เขต 5,6,80.56,6.21,76.79,9.02,83.33,25.46,50.00,21.52,72.22,35.57
2565,675,บ้านกิ่วลม,ฮอด,เล็ก,นอกเมือง,สำนักงานคณะกรรมการการศึกษาขั้นพื้นฐาน,สพป.เชียงใหม่ เขต 5,6,36.11,22.40,49.11,14.57,61.11,35.57,13.89,17.79,77.78,24.85
2565,676,บ้านขุน,ฮอด,เล็ก,นอกเมือง,สำนักงานคณะกรรมการการศึกษาขั้นพื้นฐาน,สพป.เชียงใหม่ เขต 5,8,79.17,11.02,62.28,15.73,54.17,28.57,35.42,15.45,58.33,32.27
2565,677,บ้านแควมะกอก,ฮอด,กลาง,นอกเมือง,สำนักงานคณะกรรมการการศึกษาขั้นพื้นฐาน,สพป.เชียงใหม่ เขต 5,19,56.14,20.38,56.39,15.62,49.12,29.36,39.47,14.52,49.12,19.85
2565,678,บ้านโค้งงาม,ฮอด,เล็ก,นอกเมือง,สำนักงานคณะกรรมการการศึกษาขั้นพื้นฐาน,สพป.เชียงใหม่ เขต 5,8,66.67,20.41,42.80,16.32,45.83,33.07,20.83,18.16,58.33,36.32
2565,679,บ้านดงดำ,ฮอด,เล็ก,นอกเมือง,สำนักงานคณะกรรมการการศึกษาขั้นพื้นฐาน,สพป.เชียงใหม่ เขต 5,5,56.67,8.16,48.93,11.92,66.67,21.08,36.67,6.67,46.67,16.33
2565,680,บ้านดอยคำ,ฮอด,เล็ก,นอกเมือง,สำนักงานคณะกรรมการการศึกษาขั้นพื้นฐาน,สพป.เชียงใหม่ เขต 5,10,50.00,23.57,47.86,8.08,46.67,26.67,43.33,22.61,43.33,30.00
2565,681,บ้านเด่นวิทยา,ฮอด,เล็ก,นอกเมือง,สำนักงานคณะกรรมการการศึกษาขั้นพื้นฐาน,สพป.เชียงใหม่ เขต 5,5,60.00,20.00,57.14,17.11,53.33,33.99,33.33,14.91,53.33,40.00
2565,682,บ้านตาลใต้,ฮอด,เล็ก,นอกเมือง,สำนักงานคณะกรรมการการศึกษาขั้นพื้นฐาน,สพป.เชียงใหม่ เขต 5,2,66.67,16.67,34.82,8.04,83.33,16.67,33.33,16.67,66.67,33.33
2565,683,บ้านตาลเหนือ,ฮอด,เล็ก,นอกเมือง,สำนักงานคณะกรรมการการศึกษาขั้นพื้นฐาน,สพป.เชียงใหม่ เขต 5,15,54.44,22.33,50.71,19.46,68.89,28.46,35.56,25.72,51.11,34.14
2565,684,บ้านตีนตก,ฮอด,เล็ก,นอกเมือง,สำนักงานคณะกรรมการการศึกษาขั้นพื้นฐาน,สพป.เชียงใหม่ เขต 5,3,44.44,31.43,49.40,12.40,44.44,41.57,33.33,13.61,33.33,27.22
2565,685,บ้านเตียนอาง,ฮอด,เล็ก,นอกเมือง,สำนักงานคณะกรรมการการศึกษาขั้นพื้นฐาน,สพป.เชียงใหม่ เขต 5,10,61.67,24.78,59.55,13.29,50.00,30.73,40.00,11.06,40.00,32.66
2565,686,บ้านทุ่ง,ฮอด,เล็ก,นอกเมือง,สำนักงานคณะกรรมการการศึกษาขั้นพื้นฐาน,สพป.เชียงใหม่ เขต 5,5,56.67,24.94,77.86,3.97,73.33,13.33,43.33,13.33,66.67,21.08
2565,687,บ้านทุ่งโป่ง,ฮอด,เล็ก,นอกเมือง,สำนักงานคณะกรรมการการศึกษาขั้นพื้นฐาน,สพป.เชียงใหม่ เขต 5,17,41.18,21.48,45.01,10.82,56.86,27.45,25.49,15.25,54.90,34.19
2565,688,บ้านนาคอเรือ,ฮอด,เล็ก,นอกเมือง,สำนักงานคณะกรรมการการศึกษาขั้นพื้นฐาน,สพป.เชียงใหม่ เขต 5,18,62.04,15.52,66.02,14.68,62.96,36.66,41.67,17.79,53.70,31.70
2565,689,บ้านนาฟ่อน,ฮอด,เล็ก,นอกเมือง,สำนักงานคณะกรรมการการศึกษาขั้นพื้นฐาน,สพป.เชียงใหม่ เขต 5,21,53.97,29.05,42.05,16.39,44.44,21.41,27.78,16.53,52.38,30.12
2565,690,บ้านบ่อหลวง,ฮอด,กลาง,นอกเมือง,สำนักงานคณะกรรมการการศึกษาขั้นพื้นฐาน,สพป.เชียงใหม่ เขต 5,16,45.83,19.09,46.26,10.52,58.33,30.05,29.17,16.14,50.00,23.57
2565,691,บ้านผาแตน,ฮอด,เล็ก,นอกเมือง,สำนักงานคณะกรรมการการศึกษาขั้นพื้นฐาน,สพป.เชียงใหม่ เขต 5,3,66.67,0.00,58.04,13.62,77.78,15.71,33.33,13.61,44.44,15.71
2565,692,บ้านพุย,ฮอด,เล็ก,นอกเมือง,สำนักงานคณะกรรมการการศึกษาขั้นพื้นฐาน,สพป.เชียงใหม่ เขต 5,8,58.33,20.41,53.91,21.01,41.67,22.05,25.00,11.79,62.50,26.02
2565,693,บ้านแม่งูด,ฮอด,เล็ก,นอกเมือง,สำนักงานคณะกรรมการการศึกษาขั้นพื้นฐาน,สพป.เชียงใหม่ เขต 5,12,52.78,20.22,61.90,12.39,58.33,24.06,36.11,20.22,55.56,31.43
2565,694,บ้านแม่ลอง,ฮอด,เล็ก,นอกเมือง,สำนักงานคณะกรรมการการศึกษาขั้นพื้นฐาน,สพป.เชียงใหม่ เขต 5,13,71.79,20.03,62.09,14.68,79.49,20.83,35.90,18.31,61.54,34.21
2565,695,บ้านแม่ลาย,ฮอด,เล็ก,นอกเมือง,สำนักงานคณะกรรมการการศึกษาขั้นพื้นฐาน,สพป.เชียงใหม่ เขต 5,20,45.83,24.08,55.54,15.26,48.33,24.66,30.83,21.26,33.33,36.51
2565,696,บ้านแม่ลายเหนือ,ฮอด,เล็ก,นอกเมือง,สำนักงานคณะกรรมการการศึกษาขั้นพื้นฐาน,สพป.เชียงใหม่ เขต 5,19,49.12,29.85,42.46,15.58,45.61,32.82,24.56,18.23,40.35,27.74
2565,697,บ้านแม่สะนาม,ฮอด,เล็ก,นอกเมือง,สำนักงานคณะกรรมการการศึกษาขั้นพื้นฐาน,สพป.เชียงใหม่ เขต 5,6,61.11,20.79,69.35,15.06,66.67,38.49,47.22,11.45,77.78,24.85
2565,698,บ้านแม่อมลอง,ฮอด,เล็ก,นอกเมือง,สำนักงานคณะกรรมการการศึกษาขั้นพื้นฐาน,สพป.เชียงใหม่ เขต 5,3,22.22,7.86,50.60,17.20,22.22,15.71,27.78,7.86,55.56,15.71
2565,699,บ้านวังกอง,ฮอด,เล็ก,นอกเมือง,สำนักงานคณะกรรมการการศึกษาขั้นพื้นฐาน,สพป.เชียงใหม่ เขต 5,4,75.00,8.33,64.29,12.48,83.33,16.67,37.50,7.22,66.67,23.57
2565,700,บ้านวังลุง,ฮอด,เล็ก,นอกเมือง,สำนักงานคณะกรรมการการศึกษาขั้นพื้นฐาน,สพป.เชียงใหม่ เขต 5,7,61.90,27.77,61.22,19.31,57.14,34.34,38.10,21.30,57.14,29.35
2565,701,บ้านหางดง,ฮอด,เล็ก,นอกเมือง,สำนักงานคณะกรรมการการศึกษาขั้นพื้นฐาน,สพป.เชียงใหม่ เขต 5,7,66.67,25.20,80.36,5.59,80.95,16.50,54.76,19.34,76.19,23.33
2565,702,ฟ้าใส,ฮอด,เล็ก,นอกเมือง,สำนักงานคณะกรรมการส่งเสริมการศึกษาเอกชน,-,6,83.33,16.67,69.64,10.65,83.33,16.67,38.89,15.71,66.67,27.22
2565,703,แม่โถวิทยาคม,ฮอด,กลาง,นอกเมือง,สำนักงานคณะกรรมการการศึกษาขั้นพื้นฐาน,สพป.เชียงใหม่ เขต 5,40,44.17,30.40,41.27,20.10,32.50,20.40,33.75,19.54,35.00,27.84