ปี,แถว,ชื่อโรงเรียน,อำเภอที่ตั้งรร.,ขนาดโรงเรียน,ที่ตั้งโรงเรียน,สังกัด,เขตพื้นที่ฯ,จำนวนผู้เข้าสอบ,ท 1.1 (Mean),ท 1.1 (S.D.),ท 2.1 (Mean),ท 2.1 (S.D.),ท 3.1 (Mean),ท 3.1 (S.D.),ท 4.1 (Mean),ท 4.1 (S.D.),ท 5.1 (Mean),ท 5.1 (S.D.)
2568,1,บ้านขุนแม่รวม,กัลยาณิวัฒนา,เล็ก,นอกเมือง,สำนักงานคณะกรรมการการศึกษาขั้นพื้นฐาน,สพป.เชียงใหม่ เขต 6,14,42.06,21.89,38.70,18.51,35.71,15.57,28.30,17.68,42.86,29.35
2568,2,บ้านจันทร์,กัลยาณิวัฒนา,เล็ก,นอกเมือง,สำนักงานคณะกรรมการการศึกษาขั้นพื้นฐาน,สพป.เชียงใหม่ เขต 6,15,51.85,21.72,43.21,19.50,41.67,28.38,37.00,16.80,37.78,16.63
2568,3,บ้านแจ่มหลวง,กัลยาณิวัฒนา,เล็ก,นอกเมือง,สำนักงานคณะกรรมการการศึกษาขั้นพื้นฐาน,สพป.เชียงใหม่ เขต 6,19,60.23,23.45,45.44,20.58,38.16,27.35,37.43,12.24,40.35,33.47
2568,4,บ้านแม่แดดน้อย,กัลยาณิวัฒนา,เล็ก,นอกเมือง,สำนักงานคณะกรรมการการศึกษาขั้นพื้นฐาน,สพป.เชียงใหม่ เขต 6,15,43.70,21.65,34.73,16.39,38.33,30.09,33.41,11.86,33.33,27.22
2568,5,บ้านแม่ตะละ,กัลยาณิวัฒนา,เล็ก,นอกเมือง,สำนักงานคณะกรรมการการศึกษาขั้นพื้นฐาน,สพป.เชียงใหม่ เขต 6,3,44.44,15.71,6.51,4.26,50.00,20.41,19.58,16.91,33.33,27.22
2568,6,บ้านห้วยยา,กัลยาณิวัฒนา,เล็ก,นอกเมือง,สำนักงานคณะกรรมการการศึกษาขั้นพื้นฐาน,สพป.เชียงใหม่ เขต 6,18,45.06,22.67,35.47,20.66,33.33,25.00,35.69,15.03,44.44,29.40
2568,7,มัธยมกัลยาณิวัฒนาเฉลิมพระเกียรติ,กัลยาณิวัฒนา,กลาง,นอกเมือง,สำนักงานคณะกรรมการการศึกษาขั้นพื้นฐาน,สำนักงานเขตพื้นที่การศึกษามัธยมศึกษาเชียงใหม่,31,64.16,19.90,55.27,13.37,50.00,29.10,33.54,15.07,36.56,27.24
2568,8,สหมิตรวิทยา,กัลยาณิวัฒนา,กลาง,นอกเมือง,สำนักงานคณะกรรมการส่งเสริมการศึกษาเอกชน,-,20,47.78,18.29,30.05,12.14,73.75,23.01,32.25,15.79,33.33,31.62
2568,9,สามัคคีสันม่วง,กัลยาณิวัฒนา,เล็ก,นอกเมือง,สำนักงานคณะกรรมการการศึกษาขั้นพื้นฐาน,สพป.เชียงใหม่ เขต 6,28,50.40,19.81,25.74,20.17,34.82,18.10,41.78,16.10,58.33,27.64
2568,10,จอมทอง,จอมทอง,ใหญ่พิเศษ,นอกเมือง,สำนักงานคณะกรรมการการศึกษาขั้นพื้นฐาน,สำนักงานเขตพื้นที่การศึกษามัธยมศึกษาเชียงใหม่,367,59.73,20.18,51.43,20.37,59.26,27.61,40.43,17.86,41.96,30.46
2568,11,ไทยรัฐวิทยา 79 (บ้านหนองอาบช้าง),จอมทอง,เล็ก,นอกเมือง,สำนักงานคณะกรรมการการศึกษาขั้นพื้นฐาน,สพป.เชียงใหม่ เขต 6,17,67.97,19.76,55.34,12.78,47.06,22.50,31.76,17.38,37.25,22.53
2568,12,บ้านขุนกลาง,จอมทอง,กลาง,นอกเมือง,สำนักงานคณะกรรมการการศึกษาขั้นพื้นฐาน,สพป.เชียงใหม่ เขต 6,35,60.00,19.91,41.03,19.17,53.57,21.67,34.71,13.14,42.86,28.25
2568,13,บ้านขุนแปะ,จอมทอง,เล็ก,นอกเมือง,สำนักงานคณะกรรมการการศึกษาขั้นพื้นฐาน,สพป.เชียงใหม่ เขต 6,18,59.88,22.87,39.47,19.11,45.83,19.09,30.48,14.33,31.48,17.47
2568,14,บ้านปากทางท่าลี่,จอมทอง,เล็ก,นอกเมือง,สำนักงานคณะกรรมการการศึกษาขั้นพื้นฐาน,สพป.เชียงใหม่ เขต 6,7,68.25,22.56,61.76,17.74,71.43,15.97,28.03,10.83,52.38,16.50
2568,15,บ้านสบเตี๊ยะ,จอมทอง,กลาง,นอกเมือง,สำนักงานคณะกรรมการการศึกษาขั้นพื้นฐาน,สพป.เชียงใหม่ เขต 6,25,51.11,18.05,45.84,15.17,53.00,24.82,38.55,16.17,36.00,31.16
2568,16,บ้านห้วยทราย,จอมทอง,เล็ก,นอกเมือง,สำนักงานคณะกรรมการการศึกษาขั้นพื้นฐาน,สพป.เชียงใหม่ เขต 6,17,43.79,27.34,37.81,23.36,32.35,26.80,35.14,15.21,47.06,28.14
2568,17,บ้านห้วยส้มป่อย,จอมทอง,เล็ก,นอกเมือง,สำนักงานคณะกรรมการการศึกษาขั้นพื้นฐาน,สพป.เชียงใหม่ เขต 6,7,68.25,19.18,48.96,12.33,46.43,31.13,43.57,9.12,33.33,17.82
2568,18,บ้านใหม่สารภี,จอมทอง,เล็ก,นอกเมือง,สำนักงานคณะกรรมการการศึกษาขั้นพื้นฐาน,สพป.เชียงใหม่ เขต 6,7,60.32,11.66,46.94,19.35,39.29,29.45,40.71,17.55,47.62,34.99
2568,19,วัดพุทธนิมิตรวิทยา,จอมทอง,เล็ก,นอกเมือง,สำนักงานการศึกษาพระปริยัติธรรม แผนกสามัญศึกษา,สำนักเขตการศึกษาพระปริยัติธรรมฯ เขต  5,22,37.88,19.15,20.49,14.10,35.23,28.86,32.21,14.58,22.73,23.33
2568,20,สุทธิวงศ์ดำรงวิทย์,จอมทอง,เล็ก,นอกเมือง,สำนักงานคณะกรรมการส่งเสริมการศึกษาเอกชน,-,3,25.93,13.86,9.65,7.32,66.67,23.57,37.90,14.87,33.33,27.22
2568,21,แกน้อยศึกษา,เชียงดาว,กลาง,นอกเมือง,สำนักงานคณะกรรมการการศึกษาขั้นพื้นฐาน,สพป.เชียงใหม่ เขต 3,19,45.03,15.07,44.74,19.94,52.63,27.97,46.70,20.48,54.39,29.04
2568,22,เจ้าฟ้าอุบลรัตน์,เชียงดาว,เล็ก,นอกเมือง,สำนักงานคณะกรรมการส่งเสริมการศึกษาเอกชน,-,21,42.33,17.36,43.10,18.95,71.43,25.92,35.23,13.32,23.81,25.50
2568,23,ชุมชนบ้านเมืองงาย,เชียงดาว,กลาง,นอกเมือง,สำนักงานคณะกรรมการการศึกษาขั้นพื้นฐาน,สพป.เชียงใหม่ เขต 3,47,57.21,19.31,58.78,13.06,50.00,29.63,43.37,16.52,39.01,26.91
2568,24,ชุมชนบ้านวังจ๊อม,เชียงดาว,กลาง,นอกเมือง,สำนักงานคณะกรรมการการศึกษาขั้นพื้นฐาน,สพป.เชียงใหม่ เขต 3,20,54.44,19.85,51.50,8.86,58.75,19.80,46.36,13.77,68.33,24.66
2568,25,เชียงดาววิทยาคม,เชียงดาว,ใหญ่,นอกเมือง,สำนักงานคณะกรรมการการศึกษาขั้นพื้นฐาน,สำนักงานเขตพื้นที่การศึกษามัธยมศึกษาเชียงใหม่,37,63.06,19.51,53.65,20.55,58.11,25.37,45.47,16.79,44.14,26.91
2568,26,ดอยสามหมื่น,เชียงดาว,เล็ก,นอกเมือง,สำนักงานคณะกรรมการการศึกษาขั้นพื้นฐาน,สพป.เชียงใหม่ เขต 3,3,44.44,15.71,42.35,11.24,25.00,35.36,20.41,4.12,33.33,27.22
2568,27,บ้านเชียงดาว,เชียงดาว,กลาง,นอกเมือง,สำนักงานคณะกรรมการการศึกษาขั้นพื้นฐาน,สพป.เชียงใหม่ เขต 3,59,65.35,20.16,55.24,15.60,68.22,28.68,40.84,20.28,46.33,31.30
2568,28,บ้านทุ่งข้าวพวง,เชียงดาว,กลาง,นอกเมือง,สำนักงานคณะกรรมการการศึกษาขั้นพื้นฐาน,สพป.เชียงใหม่ เขต 3,35,65.40,22.03,54.63,13.36,60.00,23.30,38.21,13.92,39.05,23.21
2568,29,บ้านนาหวาย,เชียงดาว,กลาง,นอกเมือง,สำนักงานคณะกรรมการการศึกษาขั้นพื้นฐาน,สพป.เชียงใหม่ เขต 3,44,59.09,18.16,54.40,17.03,48.86,29.65,39.29,18.15,38.64,21.25
2568,30,บ้านปางเฟือง,เชียงดาว,เล็ก,นอกเมือง,สำนักงานคณะกรรมการการศึกษาขั้นพื้นฐาน,สพป.เชียงใหม่ เขต 3,11,67.68,12.04,58.72,16.84,38.64,12.45,34.09,9.74,45.45,25.71
2568,31,บ้านปางมะเยา,เชียงดาว,กลาง,นอกเมือง,สำนักงานคณะกรรมการการศึกษาขั้นพื้นฐาน,สพป.เชียงใหม่ เขต 3,19,45.03,22.07,30.35,12.44,27.63,17.94,33.74,17.23,40.35,20.46
2568,32,บ้านเมืองคอง,เชียงดาว,เล็ก,นอกเมือง,สำนักงานคณะกรรมการการศึกษาขั้นพื้นฐาน,สพป.เชียงใหม่ เขต 3,8,59.72,9.52,57.48,12.23,56.25,24.21,38.12,13.08,20.83,23.20
2568,33,บ้านเมืองนะ,เชียงดาว,กลาง,นอกเมือง,สำนักงานคณะกรรมการการศึกษาขั้นพื้นฐาน,สพป.เชียงใหม่ เขต 3,34,72.55,13.80,64.96,11.03,68.38,25.94,70.73,15.90,76.47,24.96
2568,34,บ้านแม่กอนใน,เชียงดาว,เล็ก,นอกเมือง,สำนักงานคณะกรรมการการศึกษาขั้นพื้นฐาน,สพป.เชียงใหม่ เขต 3,7,39.68,15.55,42.28,8.74,28.57,20.82,31.78,9.06,28.57,27.77
2568,35,บ้านแม่นะ,เชียงดาว,กลาง,นอกเมือง,สำนักงานคณะกรรมการการศึกษาขั้นพื้นฐาน,สพป.เชียงใหม่ เขต 3,25,66.22,17.35,57.77,13.74,61.00,27.46,36.44,14.46,34.67,24.00
2568,36,บ้านหนองเขียว,เชียงดาว,กลาง,นอกเมือง,สำนักงานคณะกรรมการการศึกษาขั้นพื้นฐาน,สพป.เชียงใหม่ เขต 3,26,52.56,15.58,24.79,16.85,58.65,26.80,39.47,14.69,23.08,24.05
2568,37,บ้านห้วยจะค่าน ตชด.อนุสรณ์,เชียงดาว,กลาง,นอกเมือง,สำนักงานคณะกรรมการการศึกษาขั้นพื้นฐาน,สพป.เชียงใหม่ เขต 3,16,33.33,14.16,33.06,21.39,54.69,20.19,39.77,17.09,45.83,30.90
2568,38,พัฒนาต้นน้ำขุนคอง,เชียงดาว,เล็ก,นอกเมือง,สำนักงานคณะกรรมการการศึกษาขั้นพื้นฐาน,สพป.เชียงใหม่ เขต 3,8,69.44,19.84,67.76,12.03,62.50,33.07,48.43,11.00,58.33,32.27
2568,39,มิตรมวลชนเชียงใหม่,เชียงดาว,กลาง,นอกเมือง,สำนักงานคณะกรรมการการศึกษาขั้นพื้นฐาน,สพป.เชียงใหม่ เขต 3,19,55.56,18.02,51.19,21.98,67.11,24.40,35.32,10.44,28.07,24.81
2568,40,ราชประชานุเคราะห์ 61 จังหวัดเชียงใหม่,เชียงดาว,กลาง,นอกเมือง,สำนักบริหารงานการศึกษาพิเศษ,-,40,41.39,20.49,31.89,18.12,56.88,29.04,29.24,13.78,34.17,27.37
2568,41,ศีลรวี,เชียงดาว,กลาง,นอกเมือง,สำนักงานคณะกรรมการส่งเสริมการศึกษาเอกชน,-,55,60.81,19.97,55.94,16.69,60.45,27.26,32.15,13.71,38.18,25.76
2568,42,อรุโณทัยวิทยาคม,เชียงดาว,ใหญ่,นอกเมือง,สำนักงานคณะกรรมการการศึกษาขั้นพื้นฐาน,สำนักงานเขตพื้นที่การศึกษามัธยมศึกษาเชียงใหม่,152,40.06,18.65,35.43,20.97,49.67,29.38,30.94,16.79,33.33,30.59
2568,43,อินทารามวิทยา,เชียงดาว,เล็ก,นอกเมือง,สำนักงานการศึกษาพระปริยัติธรรม แผนกสามัญศึกษา,สำนักเขตการศึกษาพระปริยัติธรรมฯ เขต  5,22,48.99,17.93,44.63,19.22,57.95,27.58,40.90,22.21,43.94,30.79
2568,44,ฉัตรพฤกษ์วิทยา,ไชยปราการ,เล็ก,นอกเมือง,สำนักงานคณะกรรมการส่งเสริมการศึกษาเอกชน,-,9,60.49,18.23,48.39,15.53,50.00,28.87,45.97,11.80,48.15,16.56
2568,45,ชุมชนวัดศรีดงเย็น,ไชยปราการ,กลาง,นอกเมือง,สำนักงานคณะกรรมการการศึกษาขั้นพื้นฐาน,สพป.เชียงใหม่ เขต 3,29,68.20,20.16,53.13,14.13,68.97,26.79,42.15,16.65,39.08,24.87
2568,46,ไชยปราการ,ไชยปราการ,กลาง,นอกเมือง,สำนักงานคณะกรรมการการศึกษาขั้นพื้นฐาน,สำนักงานเขตพื้นที่การศึกษามัธยมศึกษาเชียงใหม่,116,53.45,20.32,43.45,19.85,60.13,25.00,36.47,15.21,42.24,31.97
2568,47,เทศบาล 1 ไชยปราการ,ไชยปราการ,กลาง,นอกเมือง,กรมส่งเสริมการปกครองท้องถิ่น,ท้องถิ่นจังหวัดเชียงใหม่,23,44.93,19.52,32.72,20.55,50.00,30.40,29.78,16.57,44.93,27.11
2568,48,บ้านปง,ไชยปราการ,เล็ก,นอกเมือง,สำนักงานคณะกรรมการการศึกษาขั้นพื้นฐาน,สพป.เชียงใหม่ เขต 3,8,63.89,19.04,64.57,11.11,50.00,21.65,34.53,18.00,66.67,33.33
2568,49,บ้านปงตำ,ไชยปราการ,เล็ก,นอกเมือง,สำนักงานคณะกรรมการการศึกษาขั้นพื้นฐาน,สพป.เชียงใหม่ เขต 3,18,56.17,19.06,37.96,14.55,59.72,32.42,30.96,10.85,31.48,30.37
2568,50,บ้านหัวฝาย,ไชยปราการ,เล็ก,นอกเมือง,สำนักงานคณะกรรมการการศึกษาขั้นพื้นฐาน,สพป.เชียงใหม่ เขต 3,6,68.52,7.64,64.77,4.13,66.67,11.79,52.50,16.66,66.67,27.22
2568,51,บ้านใหม่หนองบัว,ไชยปราการ,กลาง,นอกเมือง,สำนักงานคณะกรรมการการศึกษาขั้นพื้นฐาน,สพป.เชียงใหม่ เขต 3,47,51.77,20.79,35.95,19.40,46.28,27.76,27.60,14.36,36.88,30.93
2568,52,บ้านอ่าย,ไชยปราการ,เล็ก,นอกเมือง,สำนักงานคณะกรรมการการศึกษาขั้นพื้นฐาน,สพป.เชียงใหม่ เขต 3,12,49.07,13.95,45.28,19.01,81.25,23.11,38.74,14.67,33.33,23.57
2568,53,วัดป่าแดง,ไชยปราการ,เล็ก,นอกเมือง,สำนักงานคณะกรรมการการศึกษาขั้นพื้นฐาน,สพป.เชียงใหม่ เขต 3,13,47.86,13.35,40.14,13.38,69.23,26.23,39.90,12.64,38.46,31.61
2568,54,วัดป่าไม้แดง,ไชยปราการ,เล็ก,นอกเมือง,สำนักงานการศึกษาพระปริยัติธรรม แผนกสามัญศึกษา,สำนักเขตการศึกษาพระปริยัติธรรมฯ เขต  5,10,45.56,22.47,41.20,14.42,45.00,15.00,29.62,11.21,33.33,21.08
2568,55,สันติวนา,ไชยปราการ,เล็ก,นอกเมือง,สำนักงานคณะกรรมการการศึกษาขั้นพื้นฐาน,สพป.เชียงใหม่ เขต 3,21,42.33,18.66,30.78,17.84,38.10,21.30,33.03,17.54,41.27,28.92
2568,56,ดอยเต่าวิทยาคม,ดอยเต่า,กลาง,นอกเมือง,สำนักงานคณะกรรมการการศึกษาขั้นพื้นฐาน,สำนักงานเขตพื้นที่การศึกษามัธยมศึกษาเชียงใหม่,105,60.63,22.28,48.41,20.49,60.24,29.42,38.35,14.04,36.19,26.87
2568,57,บ้านน้อยห้วยรินวิทยา,ดอยเต่า,เล็ก,นอกเมือง,สำนักงานคณะกรรมการการศึกษาขั้นพื้นฐาน,สพป.เชียงใหม่ เขต 5,10,43.33,18.22,43.49,17.96,45.00,18.71,38.24,16.50,43.33,26.03
2568,58,บ้านบงตัน,ดอยเต่า,เล็ก,นอกเมือง,สำนักงานคณะกรรมการการศึกษาขั้นพื้นฐาน,สพป.เชียงใหม่ เขต 5,17,37.25,17.85,41.84,19.92,61.76,25.89,41.76,11.70,27.45,26.16
2568,59,บ้านโปง,ดอยเต่า,เล็ก,นอกเมือง,สำนักงานคณะกรรมการการศึกษาขั้นพื้นฐาน,สพป.เชียงใหม่ เขต 5,27,58.85,15.36,59.35,16.07,56.48,25.99,38.33,17.60,39.51,28.74
2568,60,บ้านแม่ตูบ,ดอยเต่า,เล็ก,นอกเมือง,สำนักงานคณะกรรมการการศึกษาขั้นพื้นฐาน,สพป.เชียงใหม่ เขต 5,7,53.97,17.24,53.02,21.88,50.00,18.90,49.81,16.23,42.86,23.33
2568,61,บ้านแอ่นจัดสรร,ดอยเต่า,เล็ก,นอกเมือง,สำนักงานคณะกรรมการการศึกษาขั้นพื้นฐาน,สพป.เชียงใหม่ เขต 5,5,53.33,12.96,51.77,13.76,55.00,18.71,42.74,10.10,20.00,26.67
2568,62,วัดฉิมพลีวิทยา,ดอยเต่า,เล็ก,นอกเมือง,สำนักงานการศึกษาพระปริยัติธรรม แผนกสามัญศึกษา,สำนักเขตการศึกษาพระปริยัติธรรมฯ เขต  5,6,31.48,14.93,27.57,28.53,50.00,20.41,36.66,19.54,27.78,29.92
2568,63,ชลประทานผาแตก,ดอยสะเก็ด,กลาง,นอกเมือง,สำนักงานคณะกรรมการการศึกษาขั้นพื้นฐาน,สพป.เชียงใหม่ เขต 1,57,56.14,21.37,58.22,16.91,49.12,27.29,38.59,12.50,32.16,27.90
2568,64,ดอยสะเก็ดวิทยาคม,ดอยสะเก็ด,กลาง,นอกเมือง,สำนักงานคณะกรรมการการศึกษาขั้นพื้นฐาน,สำนักงานเขตพื้นที่การศึกษามัธยมศึกษาเชียงใหม่,91,56.17,22.18,43.65,16.88,48.63,29.50,38.03,17.04,48.72,27.21
2568,65,บ้านเชิงดอย(ดอยสะเก็ดศึกษา),ดอยสะเก็ด,ใหญ่,นอกเมือง,สำนักงานคณะกรรมการการศึกษาขั้นพื้นฐาน,สพป.เชียงใหม่ เขต 1,72,65.43,21.48,54.25,16.84,62.50,27.32,46.49,16.48,52.31,26.54
2568,66,บ้านป่าไม้แดง,ดอยสะเก็ด,กลาง,นอกเมือง,สำนักงานคณะกรรมการการศึกษาขั้นพื้นฐาน,สพป.เชียงใหม่ เขต 1,17,59.48,22.20,46.71,13.52,45.59,24.61,42.42,12.23,35.29,21.30
2568,67,บ้านป่าเสร้า,ดอยสะเก็ด,กลาง,นอกเมือง,สำนักงานคณะกรรมการการศึกษาขั้นพื้นฐาน,สพป.เชียงใหม่ เขต 1,27,76.13,12.36,51.00,13.64,74.07,17.32,42.63,18.24,58.02,25.00
2568,68,บ้านแม่หวาน,ดอยสะเก็ด,เล็ก,นอกเมือง,สำนักงานคณะกรรมการการศึกษาขั้นพื้นฐาน,สพป.เชียงใหม่ เขต 1,8,70.83,17.51,50.51,20.06,43.75,29.97,50.78,29.80,62.50,35.11
2568,69,เพื่อชีวิตเชียงใหม่,ดอยสะเก็ด,เล็ก,นอกเมือง,สำนักงานคณะกรรมการส่งเสริมการศึกษาเอกชน,-,8,45.83,15.15,37.17,16.98,62.50,17.68,31.09,15.56,58.33,32.27
2568,70,แม่คือวิทยา,ดอยสะเก็ด,กลาง,นอกเมือง,สำนักงานคณะกรรมการการศึกษาขั้นพื้นฐาน,สพป.เชียงใหม่ เขต 1,35,60.95,20.47,43.32,17.03,45.71,28.34,37.25,16.68,41.90,29.11
2568,71,แม่โป่งประชาสามัคคี,ดอยสะเก็ด,เล็ก,นอกเมือง,สำนักงานคณะกรรมการการศึกษาขั้นพื้นฐาน,สพป.เชียงใหม่ เขต 1,19,63.16,19.76,31.44,16.12,47.37,24.19,36.70,14.18,36.84,26.26
2568,72,ไมตรีจิตคริสเตียนเชียงใหม่,ดอยสะเก็ด,กลาง,นอกเมือง,สำนักงานคณะกรรมการส่งเสริมการศึกษาเอกชน,-,21,51.85,20.09,37.84,23.01,65.48,21.10,34.51,14.46,38.10,34.56
2568,73,กรป.กลางอุปถัมภ์,ดอยหล่อ,เล็ก,นอกเมือง,สำนักงานคณะกรรมการการศึกษาขั้นพื้นฐาน,สพป.เชียงใหม่ เขต 4,11,67.68,17.38,51.64,18.19,72.73,16.70,41.59,16.83,45.45,32.64
2568,74,บ้านสามหลัง,ดอยหล่อ,เล็ก,นอกเมือง,สำนักงานคณะกรรมการการศึกษาขั้นพื้นฐาน,สพป.เชียงใหม่ เขต 4,18,61.73,21.98,54.66,14.35,40.28,22.27,40.20,13.77,53.70,31.70
2568,75,บ้านห้วยน้ำขาว,ดอยหล่อ,เล็ก,นอกเมือง,สำนักงานคณะกรรมการการศึกษาขั้นพื้นฐาน,สพป.เชียงใหม่ เขต 4,2,27.78,5.56,35.10,12.90,50.00,0.00,29.37,11.88,0.00,0.00
2568,76,บ้านเหล่าเป้า,ดอยหล่อ,เล็ก,นอกเมือง,สำนักงานคณะกรรมการการศึกษาขั้นพื้นฐาน,สพป.เชียงใหม่ เขต 4,6,44.44,14.34,49.95,20.89,62.50,23.94,36.66,10.30,55.56,31.43
2568,77,วัดโขงขาววิทยา,ดอยหล่อ,เล็ก,นอกเมือง,สำนักงานการศึกษาพระปริยัติธรรม แผนกสามัญศึกษา,สำนักเขตการศึกษาพระปริยัติธรรมฯ เขต  5,17,34.64,13.68,32.74,18.28,25.00,24.25,32.64,16.12,33.33,28.01
2568,78,สองแคววิทยาคม,ดอยหล่อ,กลาง,นอกเมือง,สำนักงานคณะกรรมการการศึกษาขั้นพื้นฐาน,สำนักงานเขตพื้นที่การศึกษามัธยมศึกษาเชียงใหม่,87,51.09,21.67,52.91,15.74,56.61,22.25,40.54,14.74,49.43,31.51
2568,79,สันติสุข,ดอยหล่อ,กลาง,นอกเมือง,สำนักงานคณะกรรมการการศึกษาขั้นพื้นฐาน,สำนักงานเขตพื้นที่การศึกษามัธยมศึกษาเชียงใหม่,32,44.79,16.78,41.67,22.62,46.09,22.63,39.49,16.82,38.54,31.30
2568,80,เจ้าแม่หลวงอุปถัมภ์ 1,ฝาง,กลาง,นอกเมือง,สำนักงานคณะกรรมการการศึกษาขั้นพื้นฐาน,สพป.เชียงใหม่ เขต 3,20,52.22,17.60,44.23,17.06,40.00,31.02,38.24,12.66,43.33,35.12
2568,81,ฉือจี้เชียงใหม่,ฝาง,กลาง,นอกเมือง,สำนักงานคณะกรรมการส่งเสริมการศึกษาเอกชน,-,95,70.88,18.11,60.28,18.53,63.16,25.09,37.48,16.76,46.67,26.67
2568,82,ชุมชนบ้านแม่สูนหลวง,ฝาง,เล็ก,นอกเมือง,สำนักงานคณะกรรมการการศึกษาขั้นพื้นฐาน,สพป.เชียงใหม่ เขต 3,4,72.22,5.56,63.90,5.85,68.75,20.73,44.06,19.70,58.33,14.43
2568,83,เทพศิรินทร์๙โครงการหลวงในพระบรมราชูปถัมภ์,ฝาง,เล็ก,นอกเมือง,สำนักงานคณะกรรมการการศึกษาขั้นพื้นฐาน,สพป.เชียงใหม่ เขต 3,16,56.25,14.94,32.28,17.13,43.75,18.75,34.06,17.58,35.42,24.91
2568,84,บ้านต้นผึ้ง,ฝาง,เล็ก,นอกเมือง,สำนักงานคณะกรรมการการศึกษาขั้นพื้นฐาน,สพป.เชียงใหม่ เขต 3,24,56.02,18.83,50.34,15.42,47.92,27.87,32.60,13.43,31.94,24.49
2568,85,บ้านทุ่งหลุก,ฝาง,เล็ก,นอกเมือง,สำนักงานคณะกรรมการการศึกษาขั้นพื้นฐาน,สพป.เชียงใหม่ เขต 3,17,61.44,12.12,42.18,14.17,51.47,18.13,28.45,11.87,43.14,27.45
2568,86,บ้านปางปอย,ฝาง,กลาง,นอกเมือง,สำนักงานคณะกรรมการการศึกษาขั้นพื้นฐาน,สพป.เชียงใหม่ เขต 3,14,46.83,18.86,47.66,16.91,53.57,26.49,31.96,13.17,16.67,20.89
2568,87,บ้านปางสัก,ฝาง,เล็ก,นอกเมือง,สำนักงานคณะกรรมการการศึกษาขั้นพื้นฐาน,สพป.เชียงใหม่ เขต 3,8,76.39,18.79,67.11,9.83,40.63,41.34,68.73,10.66,62.50,35.11
2568,88,บ้านโป่งนก,ฝาง,กลาง,นอกเมือง,สำนักงานคณะกรรมการการศึกษาขั้นพื้นฐาน,สพป.เชียงใหม่ เขต 3,31,58.06,24.39,49.61,19.77,47.58,27.94,34.03,18.76,47.31,25.08
2568,89,บ้านม่วงชุม,ฝาง,กลาง,นอกเมือง,สำนักงานคณะกรรมการการศึกษาขั้นพื้นฐาน,สพป.เชียงใหม่ เขต 3,33,66.33,15.83,60.08,16.80,56.06,24.64,38.29,13.09,39.39,30.10
2568,90,บ้านม่อนปิ่น,ฝาง,กลาง,นอกเมือง,สำนักงานคณะกรรมการการศึกษาขั้นพื้นฐาน,สพป.เชียงใหม่ เขต 3,15,81.48,10.48,68.86,11.64,73.33,23.21,48.49,12.92,42.22,22.66
2568,91,บ้านแม่ข่า,ฝาง,กลาง,นอกเมือง,สำนักงานคณะกรรมการการศึกษาขั้นพื้นฐาน,สพป.เชียงใหม่ เขต 3,36,64.51,17.92,51.78,15.98,58.33,25.69,40.38,14.91,46.30,33.59
2568,92,บ้านแม่คะ,ฝาง,กลาง,นอกเมือง,สำนักงานคณะกรรมการการศึกษาขั้นพื้นฐาน,สพป.เชียงใหม่ เขต 3,10,55.56,18.59,32.75,19.42,80.00,21.79,38.12,14.38,43.33,30.00
2568,93,บ้านแม่งอนขี้เหล็ก,ฝาง,กลาง,นอกเมือง,กรมส่งเสริมการปกครองท้องถิ่น,ท้องถิ่นจังหวัดเชียงใหม่,45,57.28,24.90,38.26,19.94,49.44,29.10,33.05,11.17,51.85,24.90
2568,94,บ้านล้องอ้อ,ฝาง,เล็ก,นอกเมือง,กรมส่งเสริมการปกครองท้องถิ่น,ท้องถิ่นจังหวัดเชียงใหม่,12,46.30,18.05,30.42,20.76,41.67,31.18,29.26,14.81,33.33,23.57
2568,95,บ้านเวียงฝาง,ฝาง,ใหญ่,นอกเมือง,สำนักงานคณะกรรมการการศึกษาขั้นพื้นฐาน,สพป.เชียงใหม่ เขต 3,77,55.41,19.74,55.43,18.27,60.06,28.28,33.19,14.25,34.20,25.75
2568,96,บ้านสันทรายคองน้อย,ฝาง,กลาง,นอกเมือง,สำนักงานคณะกรรมการการศึกษาขั้นพื้นฐาน,สพป.เชียงใหม่ เขต 3,5,55.56,15.71,62.73,18.49,80.00,10.00,43.73,13.55,53.33,16.33
2568,97,บ้านสันป่าแดง,ฝาง,เล็ก,นอกเมือง,สำนักงานคณะกรรมการการศึกษาขั้นพื้นฐาน,สพป.เชียงใหม่ เขต 3,6,61.11,20.03,54.40,10.19,58.33,27.64,41.45,10.74,22.22,24.85
2568,98,บ้านหลวง,ฝาง,กลาง,นอกเมือง,สำนักงานคณะกรรมการการศึกษาขั้นพื้นฐาน,สพป.เชียงใหม่ เขต 3,23,61.84,18.77,46.83,17.84,41.30,27.20,47.33,17.53,55.07,30.47
2568,99,บ้านห้วยงูกลาง,ฝาง,เล็ก,นอกเมือง,สำนักงานคณะกรรมการการศึกษาขั้นพื้นฐาน,สพป.เชียงใหม่ เขต 3,11,53.54,20.00,59.37,12.65,56.82,18.74,50.11,13.02,42.42,20.55
2568,100,บ้านห้วยหมากเลี่ยม,ฝาง,กลาง,นอกเมือง,สำนักงานคณะกรรมการการศึกษาขั้นพื้นฐาน,สพป.เชียงใหม่ เขต 3,20,38.89,18.43,28.10,16.42,66.25,25.34,38.49,11.96,26.67,22.61
2568,101,บ้านห้วยเฮี่ยน,ฝาง,เล็ก,นอกเมือง,สำนักงานคณะกรรมการการศึกษาขั้นพื้นฐาน,สพป.เชียงใหม่ เขต 3,13,39.32,17.22,30.73,18.93,69.23,29.67,26.05,12.46,33.33,34.59
2568,102,บ้านเหมืองแร่,ฝาง,กลาง,นอกเมือง,สำนักงานคณะกรรมการการศึกษาขั้นพื้นฐาน,สพป.เชียงใหม่ เขต 3,11,60.61,15.25,57.63,10.28,88.64,12.45,42.49,12.31,42.42,24.99
2568,103,ฝางชนูปถัมภ์,ฝาง,ใหญ่,นอกเมือง,สำนักงานคณะกรรมการการศึกษาขั้นพื้นฐาน,สำนักงานเขตพื้นที่การศึกษามัธยมศึกษาเชียงใหม่,235,49.41,19.98,49.66,18.95,52.77,23.70,34.56,18.10,52.48,27.80
2568,104,ฝางธรรมศึกษา,ฝาง,เล็ก,นอกเมือง,สำนักงานการศึกษาพระปริยัติธรรม แผนกสามัญศึกษา,สำนักเขตการศึกษาพระปริยัติธรรมฯ เขต  5,14,46.03,19.63,40.30,17.20,41.07,26.06,32.32,14.59,45.24,27.04
2568,105,รังษีวิทยา,ฝาง,ใหญ่พิเศษ,นอกเมือง,สำนักงานคณะกรรมการส่งเสริมการศึกษาเอกชน,-,190,59.88,17.94,62.31,17.19,57.76,25.82,37.12,17.59,47.37,30.62
2568,106,รัตนาเอื้อวิทยา,ฝาง,ใหญ่,นอกเมือง,สำนักงานคณะกรรมการส่งเสริมการศึกษาเอกชน,-,93,59.98,19.56,56.71,19.27,51.61,26.13,39.83,15.60,46.59,28.14
2568,107,วัดเจดีย์งามปริยัติวิทยา,ฝาง,เล็ก,นอกเมือง,สำนักงานการศึกษาพระปริยัติธรรม แผนกสามัญศึกษา,สำนักเขตการศึกษาพระปริยัติธรรมฯ เขต  5,16,26.39,17.95,22.40,14.73,42.19,21.14,31.09,13.38,39.58,26.92
2568,108,วัดนันทาราม,ฝาง,กลาง,นอกเมือง,สำนักงานคณะกรรมการการศึกษาขั้นพื้นฐาน,สพป.เชียงใหม่ เขต 3,7,57.14,26.84,50.57,20.59,39.29,18.21,32.67,17.47,42.86,38.69
2568,109,วัดพระบาทอุดม,ฝาง,เล็ก,นอกเมือง,สำนักงานการศึกษาพระปริยัติธรรม แผนกสามัญศึกษา,สำนักเขตการศึกษาพระปริยัติธรรมฯ เขต  5,14,39.68,15.55,32.58,20.06,51.79,22.09,34.37,20.88,54.76,34.75
2568,110,สายอักษร,ฝาง,กลาง,นอกเมือง,สำนักงานคณะกรรมการส่งเสริมการศึกษาเอกชน,-,30,66.30,21.18,50.37,18.15,56.67,24.09,38.32,15.74,48.89,35.21
2568,111,เขื่อนผากวิทยา,พร้าว,เล็ก,นอกเมือง,สำนักงานการศึกษาพระปริยัติธรรม แผนกสามัญศึกษา,สำนักเขตการศึกษาพระปริยัติธรรมฯ เขต  5,10,38.89,18.76,34.51,17.31,70.00,24.49,34.74,14.58,26.67,29.06
2568,112,ชุมชนบ้านโป่ง,พร้าว,เล็ก,นอกเมือง,สำนักงานคณะกรรมการการศึกษาขั้นพื้นฐาน,สพป.เชียงใหม่ เขต 2,5,75.56,12.96,54.88,16.93,45.00,18.71,40.00,9.46,33.33,29.81
2568,113,บ้านนาบุญโหล่งขอด,พร้าว,เล็ก,นอกเมือง,สำนักงานคณะกรรมการการศึกษาขั้นพื้นฐาน,สพป.เชียงใหม่ เขต 2,15,74.81,15.43,49.75,19.61,55.00,26.14,34.16,12.72,31.11,28.46
2568,114,บ้านแม่ปั๋ง,พร้าว,เล็ก,นอกเมือง,สำนักงานคณะกรรมการการศึกษาขั้นพื้นฐาน,สพป.เชียงใหม่ เขต 2,17,63.40,25.50,52.16,15.36,52.94,24.07,27.28,11.85,58.82,24.33
2568,115,บ้านแม่ปาคี,พร้าว,เล็ก,นอกเมือง,สำนักงานคณะกรรมการการศึกษาขั้นพื้นฐาน,สพป.เชียงใหม่ เขต 2,8,44.44,18.43,35.09,14.31,71.88,19.52,41.56,11.27,29.17,19.98
2568,116,บ้านแม่เหียะ,พร้าว,เล็ก,นอกเมือง,สำนักงานคณะกรรมการการศึกษาขั้นพื้นฐาน,สพป.เชียงใหม่ เขต 2,14,69.84,15.39,52.35,7.41,46.43,24.74,36.69,16.49,38.10,35.32
2568,117,บ้านสันกลาง,พร้าว,เล็ก,นอกเมือง,สำนักงานคณะกรรมการการศึกษาขั้นพื้นฐาน,สพป.เชียงใหม่ เขต 2,5,66.67,18.59,56.31,10.77,70.00,10.00,43.73,7.82,60.00,32.66
2568,118,บ้านสันปง,พร้าว,เล็ก,นอกเมือง,สำนักงานคณะกรรมการการศึกษาขั้นพื้นฐาน,สพป.เชียงใหม่ เขต 2,6,48.15,24.57,33.25,25.03,62.50,19.09,44.36,14.41,11.11,24.85
2568,119,บ้านหนองปิด,พร้าว,เล็ก,นอกเมือง,สำนักงานคณะกรรมการการศึกษาขั้นพื้นฐาน,สพป.เชียงใหม่ เขต 2,8,56.94,12.95,42.50,15.44,90.63,12.10,52.17,10.49,37.50,26.02
2568,120,พร้าวบูรพา,พร้าว,เล็ก,นอกเมือง,สำนักงานคณะกรรมการการศึกษาขั้นพื้นฐาน,สพป.เชียงใหม่ เขต 2,5,62.22,20.61,57.22,13.59,45.00,18.71,34.99,9.58,33.33,21.08
2568,121,พร้าววิทยาคม,พร้าว,ใหญ่,นอกเมือง,สำนักงานคณะกรรมการการศึกษาขั้นพื้นฐาน,สำนักงานเขตพื้นที่การศึกษามัธยมศึกษาเชียงใหม่,156,61.04,21.88,55.16,16.87,47.76,29.60,39.31,17.39,37.61,29.17
2568,122,สหกรณ์ดำริ,พร้าว,เล็ก,นอกเมือง,สำนักงานคณะกรรมการการศึกษาขั้นพื้นฐาน,สพป.เชียงใหม่ เขต 2,4,47.22,21.34,42.76,19.96,50.00,35.36,32.80,9.53,8.33,14.43
2568,123,กสิณธร เซนต์เจมส์ เชียงใหม่,เมืองเชียงใหม่,เล็ก,ในเมือง,สำนักงานคณะกรรมการส่งเสริมการศึกษาเอกชน,-,9,54.32,19.21,48.06,13.89,63.89,23.90,37.77,20.12,85.19,27.72
2568,124,กาวิละวิทยาลัย,เมืองเชียงใหม่,ใหญ่,ในเมือง,สำนักงานคณะกรรมการการศึกษาขั้นพื้นฐาน,สำนักงานเขตพื้นที่การศึกษามัธยมศึกษาเชียงใหม่,211,50.08,20.51,43.58,19.70,63.15,25.21,40.09,16.87,48.18,32.46
2568,125,โกวิทธำรงเชียงใหม่,เมืองเชียงใหม่,ใหญ่,ในเมือง,สำนักงานคณะกรรมการส่งเสริมการศึกษาเอกชน,-,133,60.74,21.82,48.05,18.08,60.15,27.77,34.59,16.74,43.36,29.75
2568,126,จิตราวิทยา,เมืองเชียงใหม่,ใหญ่,ในเมือง,สำนักงานคณะกรรมการส่งเสริมการศึกษาเอกชน,-,70,60.16,19.38,55.61,17.29,66.43,27.67,46.28,20.99,55.24,35.58
2568,127,ชุมชนบ้านบวกครกน้อย,เมืองเชียงใหม่,กลาง,ในเมือง,สำนักงานคณะกรรมการการศึกษาขั้นพื้นฐาน,สพป.เชียงใหม่ เขต 1,32,71.88,21.51,55.71,18.33,78.13,18.49,51.13,14.57,50.00,27.64
2568,128,ชุมชนวัดท่าเดื่อ,เมืองเชียงใหม่,เล็ก,ในเมือง,สำนักงานคณะกรรมการการศึกษาขั้นพื้นฐาน,สพป.เชียงใหม่ เขต 1,43,67.18,18.08,52.63,16.47,57.56,22.58,43.77,17.16,48.84,28.16
2568,129,เชตุพนศึกษา,เมืองเชียงใหม่,เล็ก,ในเมือง,สำนักงานการศึกษาพระปริยัติธรรม แผนกสามัญศึกษา,สำนักเขตการศึกษาพระปริยัติธรรมฯ เขต  5,44,38.13,20.16,29.08,21.04,27.27,20.52,27.87,13.82,32.58,26.10
2568,130,เชียงใหม่คริสเตียน,เมืองเชียงใหม่,ใหญ่,ในเมือง,สำนักงานคณะกรรมการส่งเสริมการศึกษาเอกชน,-,75,65.48,20.65,47.18,18.12,59.00,27.28,39.40,15.15,50.22,30.00
2568,131,ดาราวิทยาลัย,เมืองเชียงใหม่,ใหญ่พิเศษ,ในเมือง,สำนักงานคณะกรรมการส่งเสริมการศึกษาเอกชน,-,329,60.22,19.04,57.23,17.41,71.73,24.86,45.76,20.00,57.75,32.69
2568,132,เทพบดินทร์วิทยาเชียงใหม่,เมืองเชียงใหม่,ใหญ่,ในเมือง,สำนักงานคณะกรรมการส่งเสริมการศึกษาเอกชน,-,163,54.60,21.86,39.44,21.41,58.74,27.90,32.77,13.59,34.97,28.07
2568,133,เทศบาลวัดท่าสะต๋อย,เมืองเชียงใหม่,กลาง,ในเมือง,กรมส่งเสริมการปกครองท้องถิ่น,ท้องถิ่นจังหวัดเชียงใหม่,51,65.80,21.20,57.48,14.02,50.98,27.99,36.64,16.60,46.41,27.28
2568,134,เทศบาลวัดศรีปิงเมือง,เมืองเชียงใหม่,กลาง,ในเมือง,กรมส่งเสริมการปกครองท้องถิ่น,ท้องถิ่นจังหวัดเชียงใหม่,31,49.82,22.38,36.49,20.12,69.35,29.59,30.84,16.62,33.33,26.77
2568,135,ธรรมเมธีศึกษา,เมืองเชียงใหม่,เล็ก,ในเมือง,สำนักงานการศึกษาพระปริยัติธรรม แผนกสามัญศึกษา,สำนักเขตการศึกษาพระปริยัติธรรมฯ เขต  5,9,40.74,18.14,28.18,16.37,38.89,26.64,30.55,8.17,44.44,31.43
2568,136,ธรรมราชศึกษา,เมืองเชียงใหม่,กลาง,ในเมือง,สำนักงานคณะกรรมการส่งเสริมการศึกษาเอกชน,-,137,52.15,22.53,40.79,20.01,62.59,28.52,32.56,16.11,40.88,30.40
2568,137,บ้านดอนปิน,เมืองเชียงใหม่,กลาง,ในเมือง,สำนักงานคณะกรรมการการศึกษาขั้นพื้นฐาน,สพป.เชียงใหม่ เขต 1,32,64.24,19.98,48.84,17.46,62.50,33.66,50.70,18.27,45.83,29.76
2568,138,บ้านโป่งน้อย,เมืองเชียงใหม่,กลาง,ในเมือง,สำนักงานคณะกรรมการการศึกษาขั้นพื้นฐาน,สพป.เชียงใหม่ เขต 1,18,67.28,18.32,64.66,16.38,76.39,26.97,47.43,15.80,42.59,26.77
2568,139,ปรินส์รอยแยลส์วิทยาลัย,เมืองเชียงใหม่,ใหญ่พิเศษ,ในเมือง,สำนักงานคณะกรรมการส่งเสริมการศึกษาเอกชน,-,544,70.67,17.82,63.42,17.10,72.38,24.23,52.49,20.51,65.26,30.98
2568,140,พระหฤทัยเชียงใหม่,เมืองเชียงใหม่,ใหญ่,ในเมือง,สำนักงานคณะกรรมการส่งเสริมการศึกษาเอกชน,-,88,72.22,18.20,46.62,17.71,67.61,24.76,40.38,14.08,48.86,28.40
2568,141,พิงครัตน์,เมืองเชียงใหม่,เล็ก,ในเมือง,สำนักงานคณะกรรมการส่งเสริมการศึกษาเอกชน,-,2,72.22,5.56,30.38,5.02,37.50,37.50,50.00,17.49,33.33,0.00
2568,142,มงฟอร์ตวิทยาลัย แผนกมัธยม,เมืองเชียงใหม่,ใหญ่พิเศษ,ในเมือง,สำนักงานคณะกรรมการส่งเสริมการศึกษาเอกชน,-,125,83.38,16.31,64.10,16.84,81.40,20.71,55.79,19.00,67.73,25.62
2568,143,เมตตาศึกษา,เมืองเชียงใหม่,กลาง,ในเมือง,สำนักงานคณะกรรมการส่งเสริมการศึกษาเอกชน,-,59,49.53,20.59,40.56,21.55,50.00,23.92,35.40,18.52,48.02,33.77
2568,144,ยุพราชวิทยาลัย,เมืองเชียงใหม่,ใหญ่พิเศษ,ในเมือง,สำนักงานคณะกรรมการการศึกษาขั้นพื้นฐาน,สำนักงานเขตพื้นที่การศึกษามัธยมศึกษาเชียงใหม่,550,74.30,17.60,58.47,16.17,65.82,25.54,50.10,17.59,64.48,26.19
2568,145,ยุวฑูตศึกษาพัฒนาราชพฤกษ์,เมืองเชียงใหม่,กลาง,ในเมือง,สำนักงานคณะกรรมการส่งเสริมการศึกษาเอกชน,-,21,49.74,18.66,44.35,20.15,70.24,18.29,48.09,11.62,69.84,27.03
2568,146,เรยีนาเชลีวิทยาลัย,เมืองเชียงใหม่,ใหญ่,ในเมือง,สำนักงานคณะกรรมการส่งเสริมการศึกษาเอกชน,-,125,69.24,20.99,60.75,17.83,71.00,24.17,44.34,19.66,50.13,32.01
2568,147,วชิรวิทย์ เชียงใหม่,เมืองเชียงใหม่,กลาง,ในเมือง,สำนักงานคณะกรรมการส่งเสริมการศึกษาเอกชน,-,54,49.79,18.49,45.63,20.97,77.31,22.70,35.48,15.02,38.27,32.97
2568,148,วัฒโนทัยพายัพ,เมืองเชียงใหม่,ใหญ่พิเศษ,ในเมือง,สำนักงานคณะกรรมการการศึกษาขั้นพื้นฐาน,สำนักงานเขตพื้นที่การศึกษามัธยมศึกษาเชียงใหม่,469,69.86,19.63,52.46,16.95,65.88,26.29,45.65,16.10,59.56,29.31
2568,149,วัดช่างเคี่ยน,เมืองเชียงใหม่,กลาง,ในเมือง,สำนักงานคณะกรรมการการศึกษาขั้นพื้นฐาน,สพป.เชียงใหม่ เขต 1,16,67.36,22.04,41.06,17.72,67.19,24.56,32.26,16.03,56.25,25.60
2568,150,วัดดอนจั่น,เมืองเชียงใหม่,กลาง,ในเมือง,สำนักงานคณะกรรมการการศึกษาขั้นพื้นฐาน,สพป.เชียงใหม่ เขต 1,30,53.70,22.24,31.44,18.16,50.00,25.00,35.78,13.28,46.67,30.55
2568,151,วัดวังสิงห์คำ,เมืองเชียงใหม่,กลาง,ในเมือง,สำนักงานคณะกรรมการการศึกษาขั้นพื้นฐาน,สพป.เชียงใหม่ เขต 1,19,70.18,14.89,50.27,11.57,71.05,24.69,50.06,14.82,61.40,24.81
2568,152,วารีเชียงใหม่,เมืองเชียงใหม่,ใหญ่พิเศษ,ในเมือง,สำนักงานคณะกรรมการส่งเสริมการศึกษาเอกชน,-,173,69.30,22.08,58.32,19.58,71.10,24.55,45.80,16.33,53.56,32.38
2568,153,วิชัยวิทยา,เมืองเชียงใหม่,กลาง,ในเมือง,สำนักงานคณะกรรมการส่งเสริมการศึกษาเอกชน,-,9,64.20,19.44,47.64,19.51,50.00,20.41,32.49,10.80,59.26,30.54
2568,154,วิทยาลัยนาฎศิลปเชียงใหม่,เมืองเชียงใหม่,กลาง,ในเมือง,สถาบันบัณฑิตพัฒนศิลป์ (ปวช.),-,37,56.16,28.17,42.33,20.10,49.32,29.34,39.08,13.91,44.14,26.91
2568,155,สมเด็จพระพุทธชินวงศ์,เมืองเชียงใหม่,กลาง,ในเมือง,สำนักงานการศึกษาพระปริยัติธรรม แผนกสามัญศึกษา,สำนักเขตการศึกษาพระปริยัติธรรมฯ เขต  5,21,37.57,19.54,16.20,11.56,41.67,25.97,31.31,16.18,30.16,25.00
2568,156,สอนคนตาบอดภาคเหนือ,เมืองเชียงใหม่,เล็ก,ในเมือง,สำนักบริหารงานการศึกษาพิเศษ,-,0,-,-,-,-,-,-,-,-,-,-
2568,157,สังวาลย์วิทยา,เมืองเชียงใหม่,เล็ก,ในเมือง,สำนักงานคณะกรรมการการศึกษาขั้นพื้นฐาน,สพป.เชียงใหม่ เขต 1,17,46.41,19.52,36.50,20.72,39.71,25.81,37.05,16.37,35.29,24.17
2568,158,สาธิตมหาวิทยาลัยเชียงใหม่,เมืองเชียงใหม่,ใหญ่,ในเมือง,สำนักงานปลัดกระทรวงการอุดมศึกษาฯ,-,205,79.73,13.92,63.49,18.13,78.29,21.77,57.74,18.32,66.02,27.73
2568,159,สามัคคีวิทยาทาน,เมืองเชียงใหม่,เล็ก,ในเมือง,สำนักงานการศึกษาพระปริยัติธรรม แผนกสามัญศึกษา,สำนักเขตการศึกษาพระปริยัติธรรมฯ เขต  5,30,38.52,19.82,28.50,20.11,28.33,22.11,24.75,18.35,27.78,28.65
2568,160,สารสาสน์วิเทศเชียงใหม่,เมืองเชียงใหม่,ใหญ่,ในเมือง,สำนักงานคณะกรรมการส่งเสริมการศึกษาเอกชน,-,59,69.49,19.58,55.56,17.71,64.41,25.30,35.10,14.69,41.24,32.67
2568,161,สารสาสน์วิเทศล้านนา,เมืองเชียงใหม่,ใหญ่,ในเมือง,สำนักงานคณะกรรมการส่งเสริมการศึกษาเอกชน,-,33,59.60,16.37,58.12,14.14,62.12,23.93,44.24,24.75,65.66,26.57
2568,162,โสตศึกษาอนุสารสุนทร,เมืองเชียงใหม่,เล็ก,ในเมือง,สำนักบริหารงานการศึกษาพิเศษ,-,0,-,-,-,-,-,-,-,-,-,-
2568,163,หอพระ,เมืองเชียงใหม่,กลาง,ในเมือง,สำนักงานคณะกรรมการการศึกษาขั้นพื้นฐาน,สำนักงานเขตพื้นที่การศึกษามัธยมศึกษาเชียงใหม่,81,53.50,17.81,50.91,17.35,47.53,30.33,40.89,17.18,41.56,29.87
2568,164,อนุบาลหนองป่าครั่ง,เมืองเชียงใหม่,เล็ก,ในเมือง,กรมส่งเสริมการปกครองท้องถิ่น,ท้องถิ่นจังหวัดเชียงใหม่,10,64.44,18.46,47.49,12.07,60.00,12.25,53.12,12.00,73.33,24.94
2568,165,อภัยอริยศึกษา,เมืองเชียงใหม่,เล็ก,ในเมือง,สำนักงานการศึกษาพระปริยัติธรรม แผนกสามัญศึกษา,สำนักเขตการศึกษาพระปริยัติธรรมฯ เขต  5,5,53.33,25.72,32.35,20.32,50.00,27.39,42.25,15.56,26.67,24.94
2568,166,เซนต์โยเซฟแม่แจ่ม,แม่แจ่ม,กลาง,นอกเมือง,สำนักงานคณะกรรมการส่งเสริมการศึกษาเอกชน,-,31,54.84,19.33,51.87,14.51,78.23,19.82,47.29,17.34,39.78,24.57
2568,167,บ้านกองแขก,แม่แจ่ม,เล็ก,นอกเมือง,สำนักงานคณะกรรมการการศึกษาขั้นพื้นฐาน,สพป.เชียงใหม่ เขต 6,13,59.83,14.80,53.22,24.24,51.92,24.93,35.67,21.13,46.15,30.77
2568,168,บ้านขุนแม่หยอด,แม่แจ่ม,เล็ก,นอกเมือง,สำนักงานคณะกรรมการการศึกษาขั้นพื้นฐาน,สพป.เชียงใหม่ เขต 6,8,47.22,19.84,38.03,19.33,34.38,27.78,33.75,13.08,37.50,26.02
2568,169,บ้านทุ่งแก,แม่แจ่ม,เล็ก,นอกเมือง,สำนักงานคณะกรรมการการศึกษาขั้นพื้นฐาน,สพป.เชียงใหม่ เขต 6,11,60.61,20.85,44.24,16.74,54.55,25.71,49.88,14.76,54.55,29.38
2568,170,บ้านปางหินฝน,แม่แจ่ม,เล็ก,นอกเมือง,สำนักงานคณะกรรมการการศึกษาขั้นพื้นฐาน,สพป.เชียงใหม่ เขต 6,13,59.83,27.06,44.68,22.45,48.08,26.79,32.69,16.37,58.97,23.22
2568,171,บ้านปางอุ๋ง,แม่แจ่ม,กลาง,นอกเมือง,สำนักงานคณะกรรมการการศึกษาขั้นพื้นฐาน,สพป.เชียงใหม่ เขต 6,9,45.68,28.90,21.35,17.56,36.11,23.90,21.80,6.70,25.93,26.19
2568,172,บ้านแม่ซา,แม่แจ่ม,เล็ก,นอกเมือง,สำนักงานคณะกรรมการการศึกษาขั้นพื้นฐาน,สพป.เชียงใหม่ เขต 6,7,50.79,27.77,43.19,21.96,28.57,24.74,24.64,5.58,42.86,23.33
2568,173,บ้านแม่นาจร,แม่แจ่ม,กลาง,นอกเมือง,สำนักงานคณะกรรมการการศึกษาขั้นพื้นฐาน,สพป.เชียงใหม่ เขต 6,21,52.38,21.18,29.96,18.17,42.86,24.57,27.43,13.82,34.92,29.95
2568,174,บ้านแม่ศึก (มูลนิธิธรรมมาภิรักษ์อุปถัมภ์ที่ 2),แม่แจ่ม,เล็ก,นอกเมือง,สำนักงานคณะกรรมการการศึกษาขั้นพื้นฐาน,สพป.เชียงใหม่ เขต 6,4,55.56,7.86,33.25,14.73,93.75,10.83,40.93,12.00,41.67,27.64
2568,175,บ้านแม่หงานหลวง,แม่แจ่ม,เล็ก,นอกเมือง,สำนักงานคณะกรรมการการศึกษาขั้นพื้นฐาน,สพป.เชียงใหม่ เขต 6,4,52.78,27.64,33.61,16.94,37.50,27.95,32.80,11.36,41.67,36.32
2568,176,บ้านแม่เอาะ,แม่แจ่ม,เล็ก,นอกเมือง,สำนักงานคณะกรรมการการศึกษาขั้นพื้นฐาน,สพป.เชียงใหม่ เขต 6,7,58.73,19.44,33.39,18.49,35.71,12.37,35.17,10.51,28.57,27.77
2568,177,บ้านแม่แฮเหนือ,แม่แจ่ม,กลาง,นอกเมือง,สำนักงานคณะกรรมการการศึกษาขั้นพื้นฐาน,สพป.เชียงใหม่ เขต 6,37,62.16,19.75,40.72,19.40,45.95,24.32,28.88,15.22,30.63,23.73
2568,178,บ้านโม่งหลวง,แม่แจ่ม,เล็ก,นอกเมือง,สำนักงานคณะกรรมการการศึกษาขั้นพื้นฐาน,สพป.เชียงใหม่ เขต 6,17,36.60,12.50,28.56,15.68,32.35,22.30,30.22,15.72,47.06,23.03
2568,179,แม่แจ่ม,แม่แจ่ม,ใหญ่,นอกเมือง,สำนักงานคณะกรรมการการศึกษาขั้นพื้นฐาน,สำนักงานเขตพื้นที่การศึกษามัธยมศึกษาเชียงใหม่,167,59.88,20.34,52.51,18.89,57.19,27.24,37.44,16.65,42.32,29.51
2568,180,แม่แจ่มปริยัติศึกษา,แม่แจ่ม,เล็ก,นอกเมือง,สำนักงานการศึกษาพระปริยัติธรรม แผนกสามัญศึกษา,สำนักเขตการศึกษาพระปริยัติธรรมฯ เขต  5,18,48.77,20.33,31.15,19.69,33.33,22.05,37.71,10.89,44.44,24.85
2568,181,ราชประชานุเคราะห์ 31,แม่แจ่ม,กลาง,นอกเมือง,สำนักบริหารงานการศึกษาพิเศษ,-,134,46.52,19.16,43.77,18.23,53.17,28.88,32.36,16.07,32.09,28.04
2568,182,สาธิตชุมชนการเรียนรู้สมเด็จย่า วิทยาลัยโพธิวิชชาลัย มหาวิทยาลัยศรีนครินทรวิโรฒ แม่แจ่ม,แม่แจ่ม,เล็ก,นอกเมือง,สำนักงานปลัดกระทรวงการอุดมศึกษาฯ,-,23,39.13,19.62,41.21,22.01,77.17,17.93,36.95,15.00,31.88,26.88
2568,183,อินทนนท์วิทยา,แม่แจ่ม,เล็ก,นอกเมือง,สำนักงานคณะกรรมการการศึกษาขั้นพื้นฐาน,สพป.เชียงใหม่ เขต 6,12,59.26,18.89,46.20,28.37,50.00,20.41,23.02,10.47,38.89,35.57
2568,184,ชุมชนวัดช่อแล,แม่แตง,เล็ก,นอกเมือง,สำนักงานคณะกรรมการการศึกษาขั้นพื้นฐาน,สพป.เชียงใหม่ เขต 2,22,46.97,21.95,42.86,21.13,79.55,25.71,37.61,15.61,30.30,24.43
2568,185,เชียงใหม่มัธยม,แม่แตง,ใหญ่,นอกเมือง,สำนักงานคณะกรรมการส่งเสริมการศึกษาเอกชน,-,39,65.81,19.87,49.34,15.15,64.10,25.19,38.36,17.90,53.85,28.86
2568,186,บ้านปง,แม่แตง,เล็ก,นอกเมือง,สำนักงานคณะกรรมการการศึกษาขั้นพื้นฐาน,สพป.เชียงใหม่ เขต 2,8,63.89,22.05,52.01,11.22,59.38,17.40,51.09,10.15,70.83,30.90
2568,187,บ้านปางไม้แดง,แม่แตง,เล็ก,นอกเมือง,สำนักงานคณะกรรมการการศึกษาขั้นพื้นฐาน,สพป.เชียงใหม่ เขต 2,11,69.70,17.14,49.20,14.20,93.18,11.13,64.42,19.03,54.55,21.43
2568,188,บ้านปางห้วยตาด,แม่แตง,เล็ก,นอกเมือง,สำนักงานคณะกรรมการการศึกษาขั้นพื้นฐาน,สพป.เชียงใหม่ เขต 2,3,33.33,15.71,22.66,5.07,58.33,31.18,40.82,10.91,33.33,27.22
2568,189,บ้านเป้าวิทยาคาร,แม่แตง,เล็ก,นอกเมือง,สำนักงานคณะกรรมการการศึกษาขั้นพื้นฐาน,สพป.เชียงใหม่ เขต 2,5,37.78,25.92,32.49,17.88,90.00,12.25,33.99,16.52,40.00,24.94
2568,190,บ้านเมืองกื้ด,แม่แตง,เล็ก,นอกเมือง,สำนักงานคณะกรรมการการศึกษาขั้นพื้นฐาน,สพป.เชียงใหม่ เขต 2,19,66.08,18.90,45.53,9.60,51.32,18.98,32.56,11.16,50.88,31.29
2568,191,บ้านแม่ไคร้,แม่แตง,เล็ก,นอกเมือง,สำนักงานคณะกรรมการการศึกษาขั้นพื้นฐาน,สพป.เชียงใหม่ เขต 2,7,41.27,7.78,30.55,11.27,71.43,20.82,38.57,15.01,38.10,32.99
2568,192,บ้านแม่ตะมาน,แม่แตง,เล็ก,นอกเมือง,สำนักงานคณะกรรมการการศึกษาขั้นพื้นฐาน,สพป.เชียงใหม่ เขต 2,10,70.00,17.25,62.93,11.27,67.50,16.01,35.63,14.73,63.33,17.95
2568,193,ป่าจี้วังแดงวิทยา,แม่แตง,เล็ก,นอกเมือง,สำนักงานคณะกรรมการการศึกษาขั้นพื้นฐาน,สพป.เชียงใหม่ เขต 2,15,62.22,19.79,42.39,19.57,85.00,25.50,37.74,11.30,40.00,30.31
2568,194,ป่าแป๋วิทยา,แม่แตง,เล็ก,นอกเมือง,สำนักงานคณะกรรมการการศึกษาขั้นพื้นฐาน,สพป.เชียงใหม่ เขต 2,20,65.00,18.35,57.83,14.96,58.75,22.74,29.31,12.13,45.00,33.79
2568,195,พระปริยัติธรรมแม่แตงวิทยา,แม่แตง,เล็ก,นอกเมือง,สำนักงานการศึกษาพระปริยัติธรรม แผนกสามัญศึกษา,สำนักเขตการศึกษาพระปริยัติธรรมฯ เขต  5,7,46.03,21.76,28.58,17.12,71.43,24.74,34.63,9.88,42.86,23.33
2568,196,แม่แตง,แม่แตง,กลาง,นอกเมือง,สำนักงานคณะกรรมการการศึกษาขั้นพื้นฐาน,สำนักงานเขตพื้นที่การศึกษามัธยมศึกษาเชียงใหม่,98,61.45,21.66,50.45,16.24,56.12,24.50,36.59,16.15,51.36,27.84
2568,197,แม่หอพระวิทยาคม,แม่แตง,เล็ก,นอกเมือง,สำนักงานคณะกรรมการการศึกษาขั้นพื้นฐาน,สำนักงานเขตพื้นที่การศึกษามัธยมศึกษาเชียงใหม่,28,58.73,17.53,54.00,14.80,54.46,24.14,41.24,18.84,70.24,30.00
2568,198,ร่ำเปิงวิทยา,แม่แตง,กลาง,นอกเมือง,สำนักงานคณะกรรมการการศึกษาขั้นพื้นฐาน,สพป.เชียงใหม่ เขต 2,15,65.93,15.96,56.98,15.38,91.67,11.79,69.74,15.20,35.56,22.66
2568,199,วัดท่าข้าม,แม่แตง,เล็ก,นอกเมือง,สำนักงานคณะกรรมการการศึกษาขั้นพื้นฐาน,สพป.เชียงใหม่ เขต 2,8,61.11,17.57,61.13,12.13,46.88,23.18,38.59,12.21,50.00,23.57
2568,200,วัดบ้านเหล่า,แม่แตง,เล็ก,นอกเมือง,สำนักงานคณะกรรมการการศึกษาขั้นพื้นฐาน,สพป.เชียงใหม่ เขต 2,7,58.73,15.39,43.74,22.50,42.86,22.02,29.28,11.00,42.86,29.35
2568,201,วัดปางมะกล้วย,แม่แตง,เล็ก,นอกเมือง,สำนักงานคณะกรรมการการศึกษาขั้นพื้นฐาน,สพป.เชียงใหม่ เขต 2,8,65.28,17.07,60.29,10.89,68.75,16.54,34.68,7.25,41.67,14.43
2568,202,สบเปิงวิทยา,แม่แตง,กลาง,นอกเมือง,สำนักงานคณะกรรมการการศึกษาขั้นพื้นฐาน,สพป.เชียงใหม่ เขต 2,25,54.22,20.68,48.09,19.11,41.00,23.32,36.54,15.32,26.67,24.94
2568,203,สันป่ายางวิทยาคม,แม่แตง,เล็ก,นอกเมือง,สำนักงานคณะกรรมการการศึกษาขั้นพื้นฐาน,สำนักงานเขตพื้นที่การศึกษามัธยมศึกษาเชียงใหม่,16,61.11,20.03,45.70,13.82,84.38,14.99,36.40,13.73,35.42,27.56
2568,204,สันมหาพนวิทยา,แม่แตง,เล็ก,นอกเมือง,สำนักงานคณะกรรมการการศึกษาขั้นพื้นฐาน,สพป.เชียงใหม่ เขต 2,19,66.08,15.07,49.77,17.86,64.47,26.05,30.39,13.89,52.63,29.25
2568,205,อนุบาลสานสายใยรักเทศบาลเมืองเมืองแกนพัฒนา,แม่แตง,กลาง,นอกเมือง,กรมส่งเสริมการปกครองท้องถิ่น,ท้องถิ่นจังหวัดเชียงใหม่,11,59.60,20.25,38.63,21.47,40.91,16.07,31.93,9.79,27.27,19.17
2568,206,เจ้าพ่อหลวงอุปถัมภ์ 7,แม่ริม,เล็ก,นอกเมือง,สำนักงานคณะกรรมการการศึกษาขั้นพื้นฐาน,สพป.เชียงใหม่ เขต 2,5,68.89,8.31,52.64,16.66,95.00,10.00,49.74,24.51,33.33,36.51
2568,207,นวมินทราชูทิศ พายัพ,แม่ริม,ใหญ่,นอกเมือง,สำนักงานคณะกรรมการการศึกษาขั้นพื้นฐาน,สำนักงานเขตพื้นที่การศึกษามัธยมศึกษาเชียงใหม่,331,62.44,22.10,45.68,19.00,54.00,28.58,40.83,16.01,54.78,30.21
2568,208,บ้านทุ่งโป่ง,แม่ริม,กลาง,นอกเมือง,สำนักงานคณะกรรมการการศึกษาขั้นพื้นฐาน,สพป.เชียงใหม่ เขต 2,16,53.47,18.10,53.90,16.35,85.94,15.23,30.78,17.24,43.75,22.73
2568,209,บ้านป่าติ้ว,แม่ริม,เล็ก,นอกเมือง,สำนักงานคณะกรรมการการศึกษาขั้นพื้นฐาน,สพป.เชียงใหม่ เขต 2,11,50.51,20.30,39.22,16.62,84.09,24.48,39.08,11.63,45.45,25.71
2568,210,บ้านแม่สา,แม่ริม,กลาง,นอกเมือง,สำนักงานคณะกรรมการการศึกษาขั้นพื้นฐาน,สพป.เชียงใหม่ เขต 2,6,77.78,12.83,65.82,9.16,91.67,11.79,61.03,16.38,38.89,22.91
2568,211,บ้านศาลา,แม่ริม,กลาง,นอกเมือง,กรมส่งเสริมการปกครองท้องถิ่น,ท้องถิ่นจังหวัดเชียงใหม่,55,49.90,22.21,39.77,20.91,70.91,22.24,38.20,13.83,29.70,26.72
2568,212,บ้านสะลวงนอก,แม่ริม,เล็ก,นอกเมือง,สำนักงานคณะกรรมการการศึกษาขั้นพื้นฐาน,สพป.เชียงใหม่ เขต 2,17,62.09,20.19,45.53,18.17,48.53,23.44,35.36,14.82,43.14,27.45
2568,213,บ้านสันคะยอม,แม่ริม,เล็ก,นอกเมือง,สำนักงานคณะกรรมการการศึกษาขั้นพื้นฐาน,สพป.เชียงใหม่ เขต 2,6,64.81,21.68,41.19,25.17,33.33,18.63,35.62,10.96,44.44,24.85
2568,214,บ้านหนองปลามัน,แม่ริม,เล็ก,นอกเมือง,สำนักงานคณะกรรมการการศึกษาขั้นพื้นฐาน,สพป.เชียงใหม่ เขต 2,11,54.55,12.04,51.98,10.67,81.82,21.56,40.79,19.92,48.48,26.07
2568,215,แม่ริมวิทยา,แม่ริม,เล็ก,นอกเมือง,สำนักงานการศึกษาพระปริยัติธรรม แผนกสามัญศึกษา,สำนักเขตการศึกษาพระปริยัติธรรมฯ เขต  5,18,40.12,15.33,22.70,16.79,54.17,31.46,33.39,11.91,11.11,19.25
2568,216,แม่ริมวิทยาคม,แม่ริม,ใหญ่,นอกเมือง,สำนักงานคณะกรรมการการศึกษาขั้นพื้นฐาน,สำนักงานเขตพื้นที่การศึกษามัธยมศึกษาเชียงใหม่,311,57.13,21.16,44.95,18.26,50.32,26.97,36.94,16.09,47.80,30.50
2568,217,ราชประชานุเคราะห์ 60 จังหวัดเชียงใหม่,แม่ริม,กลาง,นอกเมือง,สำนักบริหารงานการศึกษาพิเศษ,-,103,57.71,20.49,39.53,18.50,41.50,23.77,29.43,13.24,32.36,27.27
2568,218,บ้านห้วยตอง,แม่วาง,กลาง,นอกเมือง,สำนักงานคณะกรรมการการศึกษาขั้นพื้นฐาน,สพป.เชียงใหม่ เขต 4,24,44.44,18.14,19.96,15.26,36.46,26.00,36.50,12.46,40.28,25.42
2568,219,แม่วางวิทยาคม,แม่วาง,กลาง,นอกเมือง,สำนักงานคณะกรรมการการศึกษาขั้นพื้นฐาน,สำนักงานเขตพื้นที่การศึกษามัธยมศึกษาเชียงใหม่,105,58.31,20.04,43.07,20.20,51.67,27.44,38.83,15.64,46.03,29.59
2568,220,แม่วินสามัคคี,แม่วาง,กลาง,นอกเมือง,สำนักงานคณะกรรมการการศึกษาขั้นพื้นฐาน,สพป.เชียงใหม่ เขต 4,65,54.53,22.11,34.97,19.27,43.46,30.47,34.11,13.92,35.38,26.72
2568,221,วัดมะกับตองหลวง,แม่วาง,เล็ก,นอกเมือง,สำนักงานคณะกรรมการการศึกษาขั้นพื้นฐาน,สพป.เชียงใหม่ เขต 4,7,55.56,14.55,40.27,16.64,50.00,29.88,33.38,9.51,38.10,21.30
2568,222,วัดห้วยแก้ว,แม่วาง,เล็ก,นอกเมือง,สำนักงานคณะกรรมการการศึกษาขั้นพื้นฐาน,สพป.เชียงใหม่ เขต 4,7,49.21,25.10,37.16,16.63,42.86,17.50,36.96,14.54,42.86,15.06
2568,223,สัพพัญญูวิทยา,แม่วาง,เล็ก,นอกเมือง,สำนักงานการศึกษาพระปริยัติธรรม แผนกสามัญศึกษา,สำนักเขตการศึกษาพระปริยัติธรรมฯ เขต  5,2,44.44,33.33,19.91,2.54,37.50,12.50,17.49,8.75,33.33,0.00
2568,224,ทาเหนือวิทยา,แม่ออน,เล็ก,นอกเมือง,สำนักงานคณะกรรมการการศึกษาขั้นพื้นฐาน,สพป.เชียงใหม่ เขต 1,16,59.03,19.53,49.24,19.44,51.56,33.62,38.74,18.40,41.67,32.27
2568,225,แม่ออนวิทยาลัย,แม่ออน,กลาง,นอกเมือง,สำนักงานคณะกรรมการการศึกษาขั้นพื้นฐาน,สำนักงานเขตพื้นที่การศึกษามัธยมศึกษาเชียงใหม่,44,52.53,22.64,48.61,20.81,81.25,20.03,38.17,12.82,36.36,29.14
2568,226,วัดห้วยแก้ว,แม่ออน,เล็ก,นอกเมือง,สำนักงานคณะกรรมการการศึกษาขั้นพื้นฐาน,สพป.เชียงใหม่ เขต 1,14,72.22,16.13,56.00,15.23,64.29,20.52,42.94,18.26,52.38,24.28
2568,227,วัดห้วยทราย,แม่ออน,เล็ก,นอกเมือง,สำนักงานคณะกรรมการการศึกษาขั้นพื้นฐาน,สพป.เชียงใหม่ เขต 1,13,77.78,29.56,44.91,19.33,73.08,26.79,43.45,19.58,46.15,27.85
2568,228,เจ้าพ่อหลวงอุปถัมภ์ 9,แม่อาย,กลาง,นอกเมือง,สำนักงานคณะกรรมการการศึกษาขั้นพื้นฐาน,สพป.เชียงใหม่ เขต 3,31,56.63,22.99,47.91,19.69,45.16,25.73,36.61,14.26,36.56,24.47
2568,229,ชุมชนบ้านคาย,แม่อาย,กลาง,นอกเมือง,สำนักงานคณะกรรมการการศึกษาขั้นพื้นฐาน,สพป.เชียงใหม่ เขต 3,28,46.03,20.08,45.04,16.10,38.39,29.49,35.84,15.46,28.57,24.74
2568,230,ชุมชนบ้านแม่ฮ่าง,แม่อาย,กลาง,นอกเมือง,สำนักงานคณะกรรมการการศึกษาขั้นพื้นฐาน,สพป.เชียงใหม่ เขต 3,26,53.42,21.58,48.47,21.77,50.96,27.28,37.01,15.65,32.05,21.64
2568,231,โชติคุณเกษมบ้านเมืองงาม,แม่อาย,กลาง,นอกเมือง,สำนักงานคณะกรรมการการศึกษาขั้นพื้นฐาน,สพป.เชียงใหม่ เขต 3,30,49.26,19.81,53.59,15.70,54.17,21.49,43.62,20.25,53.33,35.07
2568,232,ไทยรัฐวิทยา 12 (บ้านเอก),แม่อาย,กลาง,นอกเมือง,สำนักงานคณะกรรมการการศึกษาขั้นพื้นฐาน,สพป.เชียงใหม่ เขต 3,29,75.48,17.60,60.47,17.80,74.14,24.99,55.04,16.79,41.38,29.89
2568,233,บ้านท่ามะแกง,แม่อาย,เล็ก,นอกเมือง,สำนักงานคณะกรรมการการศึกษาขั้นพื้นฐาน,สพป.เชียงใหม่ เขต 3,24,46.30,21.20,45.27,17.25,54.17,27.64,35.51,11.67,29.17,29.36
2568,234,บ้านป่าก๊อ,แม่อาย,กลาง,นอกเมือง,สำนักงานคณะกรรมการการศึกษาขั้นพื้นฐาน,สพป.เชียงใหม่ เขต 3,25,44.44,18.86,32.15,19.25,52.00,29.93,30.25,11.44,26.67,23.09
2568,235,บ้านปางต้นเดื่อ,แม่อาย,กลาง,นอกเมือง,สำนักงานคณะกรรมการการศึกษาขั้นพื้นฐาน,สพป.เชียงใหม่ เขต 3,16,58.33,17.35,43.68,18.84,53.13,19.52,31.94,9.66,31.25,32.21
2568,236,บ้านป่าแดง,แม่อาย,กลาง,นอกเมือง,สำนักงานคณะกรรมการการศึกษาขั้นพื้นฐาน,สพป.เชียงใหม่ เขต 3,14,38.89,15.57,42.05,14.29,51.79,25.82,34.55,16.66,35.71,26.62
2568,237,บ้านสันต้นหมื้อ,แม่อาย,กลาง,นอกเมือง,สำนักงานคณะกรรมการการศึกษาขั้นพื้นฐาน,สพป.เชียงใหม่ เขต 3,40,46.94,23.11,40.83,17.83,39.38,29.52,34.78,14.75,28.33,24.21
2568,238,บ้านสุขฤทัย,แม่อาย,กลาง,นอกเมือง,สำนักงานคณะกรรมการการศึกษาขั้นพื้นฐาน,สพป.เชียงใหม่ เขต 3,42,51.32,19.99,42.05,18.59,39.88,26.20,30.05,15.66,38.10,27.77
2568,239,บ้านห้วยคอกหมู,แม่อาย,เล็ก,นอกเมือง,สำนักงานคณะกรรมการการศึกษาขั้นพื้นฐาน,สพป.เชียงใหม่ เขต 3,14,31.75,20.08,28.74,15.45,21.43,8.75,30.00,16.68,16.67,24.40
2568,240,พระปริยัติธรรมวัดท่าตอน,แม่อาย,เล็ก,นอกเมือง,สำนักงานการศึกษาพระปริยัติธรรม แผนกสามัญศึกษา,สำนักเขตการศึกษาพระปริยัติธรรมฯ เขต  5,23,43.96,11.10,38.92,19.41,44.57,23.26,32.60,15.42,28.99,26.57
2568,241,เพียงหลวง 1 (บ้านท่าตอน),แม่อาย,กลาง,นอกเมือง,สำนักงานคณะกรรมการการศึกษาขั้นพื้นฐาน,สพป.เชียงใหม่ เขต 3,59,71.94,20.08,51.43,20.50,64.41,25.71,53.94,17.19,48.59,29.64
2568,242,แม่อายวิทยาคม,แม่อาย,ใหญ่,นอกเมือง,กรมส่งเสริมการปกครองท้องถิ่น,ท้องถิ่นจังหวัดเชียงใหม่,74,57.36,19.33,49.06,18.29,58.78,28.01,36.23,17.02,41.89,27.98
2568,243,ราชประชานุเคราะห์ 30,แม่อาย,กลาง,นอกเมือง,สำนักบริหารงานการศึกษาพิเศษ,-,39,52.14,17.09,43.01,17.61,38.46,29.33,34.71,16.96,22.22,23.06
2568,244,บ้านนามน,เวียงแหง,เล็ก,นอกเมือง,สำนักงานคณะกรรมการการศึกษาขั้นพื้นฐาน,สพป.เชียงใหม่ เขต 3,16,63.89,15.96,58.80,13.48,54.69,28.25,45.46,18.99,43.75,28.18
2568,245,บ้านปางป๋อ,เวียงแหง,เล็ก,นอกเมือง,สำนักงานคณะกรรมการการศึกษาขั้นพื้นฐาน,สพป.เชียงใหม่ เขต 3,15,54.81,12.48,53.44,14.99,48.33,29.53,44.07,17.01,26.67,27.76
2568,246,บ้านเปียงหลวง,เวียงแหง,กลาง,นอกเมือง,สำนักงานคณะกรรมการการศึกษาขั้นพื้นฐาน,สพป.เชียงใหม่ เขต 3,69,54.75,20.66,45.35,14.83,51.45,28.20,38.53,13.74,40.10,27.56
2568,247,เวียงแหงปริยัติศึกษา,เวียงแหง,เล็ก,นอกเมือง,สำนักงานการศึกษาพระปริยัติธรรม แผนกสามัญศึกษา,สำนักเขตการศึกษาพระปริยัติธรรมฯ เขต  5,12,41.67,24.90,40.64,17.94,50.00,22.82,40.20,18.65,36.11,21.34
2568,248,เวียงแหงวิทยาคม,เวียงแหง,ใหญ่,นอกเมือง,สำนักงานคณะกรรมการการศึกษาขั้นพื้นฐาน,สำนักงานเขตพื้นที่การศึกษามัธยมศึกษาเชียงใหม่,158,58.02,19.63,48.87,18.39,53.64,25.13,41.22,14.79,47.47,28.88
2568,249,บ้านบ่อแก้ว,สะเมิง,กลาง,นอกเมือง,สำนักงานคณะกรรมการการศึกษาขั้นพื้นฐาน,สพป.เชียงใหม่ เขต 2,19,42.11,16.35,27.53,18.94,52.63,22.79,34.66,11.61,42.11,28.29
2568,250,บ้านปางขุม,สะเมิง,เล็ก,นอกเมือง,สำนักงานคณะกรรมการการศึกษาขั้นพื้นฐาน,สพป.เชียงใหม่ เขต 2,2,66.67,22.22,35.93,16.41,37.50,12.50,25.00,16.25,33.33,0.00
2568,251,บ้านป่าลาน,สะเมิง,เล็ก,นอกเมือง,สำนักงานคณะกรรมการการศึกษาขั้นพื้นฐาน,สพป.เชียงใหม่ เขต 2,8,48.61,19.19,48.81,12.19,78.13,19.52,49.53,16.55,41.67,27.64
2568,252,บ้านแม่ขะปู,สะเมิง,เล็ก,นอกเมือง,สำนักงานคณะกรรมการการศึกษาขั้นพื้นฐาน,สพป.เชียงใหม่ เขต 2,9,40.74,17.37,42.12,18.67,58.33,23.57,38.32,11.35,40.74,26.19
2568,253,บ้านแม่โต๋,สะเมิง,เล็ก,นอกเมือง,สำนักงานคณะกรรมการการศึกษาขั้นพื้นฐาน,สพป.เชียงใหม่ เขต 2,31,51.25,17.78,46.04,20.00,62.10,26.84,37.90,16.11,31.18,30.45
2568,254,บ้านแม่ยางห้า,สะเมิง,เล็ก,นอกเมือง,สำนักงานคณะกรรมการการศึกษาขั้นพื้นฐาน,สพป.เชียงใหม่ เขต 2,17,55.56,17.46,41.69,23.16,26.47,23.44,31.69,14.57,31.37,35.19
2568,255,บ้านแม่ลานคำ,สะเมิง,เล็ก,นอกเมือง,สำนักงานคณะกรรมการการศึกษาขั้นพื้นฐาน,สพป.เชียงใหม่ เขต 2,14,58.73,21.18,42.96,17.71,48.21,33.36,32.05,14.50,30.95,26.62
2568,256,บ้านแม่แว,สะเมิง,เล็ก,นอกเมือง,สำนักงานคณะกรรมการการศึกษาขั้นพื้นฐาน,สพป.เชียงใหม่ เขต 2,18,46.91,20.81,35.70,18.82,31.94,26.09,36.66,15.23,35.19,25.99
2568,257,วัดงิ้วเฒ่า,สะเมิง,เล็ก,นอกเมือง,สำนักงานคณะกรรมการการศึกษาขั้นพื้นฐาน,สพป.เชียงใหม่ เขต 2,16,47.92,17.00,44.84,19.69,71.88,29.15,38.04,17.15,37.50,30.90
2568,258,วัดยั้งเมิน,สะเมิง,เล็ก,นอกเมือง,สำนักงานคณะกรรมการการศึกษาขั้นพื้นฐาน,สพป.เชียงใหม่ เขต 2,11,55.56,21.19,52.41,15.33,77.27,19.81,43.40,12.49,42.42,14.85
2568,259,วัดสะเมิงวิทยา,สะเมิง,เล็ก,นอกเมือง,สำนักงานการศึกษาพระปริยัติธรรม แผนกสามัญศึกษา,สำนักเขตการศึกษาพระปริยัติธรรมฯ เขต  5,3,37.04,27.72,25.37,20.46,25.00,20.41,27.50,7.08,22.22,15.71
2568,260,สะเมิงพิทยาคม,สะเมิง,กลาง,นอกเมือง,สำนักงานคณะกรรมการการศึกษาขั้นพื้นฐาน,สำนักงานเขตพื้นที่การศึกษามัธยมศึกษาเชียงใหม่,75,60.89,21.80,45.84,18.56,49.67,26.61,35.08,17.80,36.44,28.37
2568,261,บ้านบวกค้าง,สันกำแพง,เล็ก,นอกเมือง,สำนักงานคณะกรรมการการศึกษาขั้นพื้นฐาน,สพป.เชียงใหม่ เขต 1,6,81.48,5.24,59.43,4.11,75.00,28.87,43.32,17.42,66.67,19.25
2568,262,บ้านแม่ปูคา,สันกำแพง,เล็ก,นอกเมือง,สำนักงานคณะกรรมการการศึกษาขั้นพื้นฐาน,สพป.เชียงใหม่ เขต 1,12,46.30,14.93,44.06,19.04,45.83,30.33,44.16,11.13,30.56,25.31
2568,263,บ้านหนองโค้ง,สันกำแพง,กลาง,นอกเมือง,สำนักงานคณะกรรมการการศึกษาขั้นพื้นฐาน,สพป.เชียงใหม่ เขต 1,45,67.65,17.02,50.59,15.71,60.56,23.86,46.97,14.99,51.85,28.59
2568,264,วัดล้านตอง,สันกำแพง,เล็ก,นอกเมือง,สำนักงานคณะกรรมการการศึกษาขั้นพื้นฐาน,สพป.เชียงใหม่ เขต 1,3,77.78,24.00,50.78,15.48,50.00,20.41,47.08,18.89,66.67,27.22
2568,265,สันกำแพง,สันกำแพง,ใหญ่พิเศษ,นอกเมือง,สำนักงานคณะกรรมการการศึกษาขั้นพื้นฐาน,สำนักงานเขตพื้นที่การศึกษามัธยมศึกษาเชียงใหม่,457,61.76,23.09,47.41,19.96,55.58,28.34,42.32,17.57,53.25,29.99
2568,266,สันกำแพงคันธาอนุสรณ์,สันกำแพง,เล็ก,นอกเมือง,สำนักงานคณะกรรมการการศึกษาขั้นพื้นฐาน,สพป.เชียงใหม่ เขต 1,12,57.41,21.20,43.11,19.15,52.08,27.87,37.18,19.68,58.33,36.32
2568,267,ชลประทานเขื่อนแม่กวงจิราธิวัฒน์อุปถัมภ์,สันทราย,กลาง,นอกเมือง,สำนักงานคณะกรรมการการศึกษาขั้นพื้นฐาน,สพป.เชียงใหม่ เขต 2,26,53.42,22.23,39.99,20.59,33.65,20.73,29.95,11.83,42.31,25.42
2568,268,บ้านเจดีย์แม่ครัว,สันทราย,กลาง,นอกเมือง,สำนักงานคณะกรรมการการศึกษาขั้นพื้นฐาน,สพป.เชียงใหม่ เขต 2,43,55.56,19.47,54.01,18.22,51.74,22.49,33.10,16.44,34.11,26.40
2568,269,บ้านบวกเปา,สันทราย,เล็ก,นอกเมือง,สำนักงานคณะกรรมการการศึกษาขั้นพื้นฐาน,สพป.เชียงใหม่ เขต 2,17,58.17,18.49,46.71,15.03,63.24,21.21,54.19,17.02,68.63,31.25
2568,270,บ้านแม่โจ้,สันทราย,กลาง,นอกเมือง,สำนักงานคณะกรรมการการศึกษาขั้นพื้นฐาน,สพป.เชียงใหม่ เขต 2,12,48.15,17.76,43.74,19.50,75.00,20.41,40.72,21.14,33.33,27.22
2568,271,บ้านร่มหลวง,สันทราย,เล็ก,นอกเมือง,สำนักงานคณะกรรมการการศึกษาขั้นพื้นฐาน,สพป.เชียงใหม่ เขต 2,21,70.90,16.26,48.82,19.94,61.90,23.93,34.16,19.76,41.27,30.70
2568,272,บ้านศรีบุญเรือง,สันทราย,กลาง,นอกเมือง,สำนักงานคณะกรรมการการศึกษาขั้นพื้นฐาน,สพป.เชียงใหม่ เขต 2,19,57.89,15.11,46.42,20.62,47.37,24.19,37.03,16.66,29.82,23.93
2568,273,บ้านหนองไคร้,สันทราย,กลาง,นอกเมือง,สำนักงานคณะกรรมการการศึกษาขั้นพื้นฐาน,สพป.เชียงใหม่ เขต 2,44,62.88,17.72,56.88,13.49,71.02,26.62,36.73,15.46,37.88,26.20
2568,274,บ้านหลักปัน,สันทราย,กลาง,นอกเมือง,สำนักงานคณะกรรมการการศึกษาขั้นพื้นฐาน,สพป.เชียงใหม่ เขต 2,19,61.40,20.19,57.55,16.58,88.16,14.89,50.65,18.14,59.65,33.47
2568,275,พงษ์พิกุลเชียงใหม่,สันทราย,กลาง,นอกเมือง,สำนักงานคณะกรรมการส่งเสริมการศึกษาเอกชน,-,12,57.41,18.61,41.71,19.49,83.33,18.63,37.80,16.03,36.11,25.31
2568,276,วัดแม่แก้ดน้อย,สันทราย,ใหญ่,นอกเมือง,สำนักงานคณะกรรมการการศึกษาขั้นพื้นฐาน,สพป.เชียงใหม่ เขต 2,64,53.13,22.44,39.11,18.14,52.73,27.99,30.68,12.96,38.02,28.79
2568,277,วัดวิเวกวนาราม,สันทราย,เล็ก,นอกเมือง,สำนักงานการศึกษาพระปริยัติธรรม แผนกสามัญศึกษา,สำนักเขตการศึกษาพระปริยัติธรรมฯ เขต  5,19,52.05,27.94,26.40,18.95,46.05,31.69,30.98,11.72,31.58,22.87
2568,278,ศรีสังวาลย์เชียงใหม่,สันทราย,กลาง,นอกเมือง,สำนักบริหารงานการศึกษาพิเศษ,-,0,-,-,-,-,-,-,-,-,-,-
2568,279,สันทรายวิทยาคม,สันทราย,ใหญ่,นอกเมือง,สำนักงานคณะกรรมการการศึกษาขั้นพื้นฐาน,สำนักงานเขตพื้นที่การศึกษามัธยมศึกษาเชียงใหม่,285,61.95,23.65,46.33,18.35,54.21,26.90,36.67,16.36,51.23,29.21
2568,280,สันทรายหลวง,สันทราย,กลาง,นอกเมือง,สำนักงานคณะกรรมการการศึกษาขั้นพื้นฐาน,สพป.เชียงใหม่ เขต 2,85,59.48,21.20,48.30,17.27,71.18,26.15,39.23,18.90,41.18,27.84
2568,281,ทุ่งฟ้าบดราษฎร์บำรุง,สันป่าตอง,กลาง,นอกเมือง,กรมส่งเสริมการปกครองท้องถิ่น,ท้องถิ่นจังหวัดเชียงใหม่,51,48.80,17.05,46.01,19.32,69.12,26.00,40.61,14.66,47.71,34.46
2568,282,เทพศิรินทร์ เชียงใหม่,สันป่าตอง,กลาง,นอกเมือง,สำนักงานคณะกรรมการการศึกษาขั้นพื้นฐาน,สำนักงานเขตพื้นที่การศึกษามัธยมศึกษาเชียงใหม่,88,48.74,21.80,39.54,18.96,36.93,23.53,37.00,18.33,45.45,26.68
2568,283,บ้านทุ่งเสี้ยว (นวรัฐ),สันป่าตอง,เล็ก,นอกเมือง,สำนักงานคณะกรรมการการศึกษาขั้นพื้นฐาน,สพป.เชียงใหม่ เขต 4,8,54.17,23.20,32.30,17.73,56.25,24.21,29.68,16.08,45.83,33.07
2568,284,บ้านร่องน้ำ,สันป่าตอง,เล็ก,นอกเมือง,สำนักงานคณะกรรมการการศึกษาขั้นพื้นฐาน,สพป.เชียงใหม่ เขต 4,4,55.56,13.61,57.25,9.95,43.75,20.73,49.67,13.90,58.33,43.30
2568,285,บ้านหัวริน,สันป่าตอง,เล็ก,นอกเมือง,สำนักงานคณะกรรมการการศึกษาขั้นพื้นฐาน,สพป.เชียงใหม่ เขต 4,12,78.70,14.67,61.08,9.11,56.25,25.26,41.45,14.93,52.78,16.43
2568,286,พัฒนวิทย์ศึกษา,สันป่าตอง,ใหญ่,นอกเมือง,สำนักงานคณะกรรมการส่งเสริมการศึกษาเอกชน,-,33,48.15,18.48,35.55,18.22,56.82,25.58,29.09,14.53,46.46,32.76
2568,287,วัดกู่คำ,สันป่าตอง,เล็ก,นอกเมือง,สำนักงานคณะกรรมการการศึกษาขั้นพื้นฐาน,สพป.เชียงใหม่ เขต 4,20,53.33,17.07,41.16,17.22,46.25,21.32,33.93,13.10,43.33,30.00
2568,288,วัดโรงวัว,สันป่าตอง,เล็ก,นอกเมือง,สำนักงานคณะกรรมการการศึกษาขั้นพื้นฐาน,สพป.เชียงใหม่ เขต 4,11,51.52,19.11,49.61,18.80,52.27,31.00,42.04,9.58,42.42,24.99
2568,289,สันป่าตองวิทยาคม,สันป่าตอง,ใหญ่พิเศษ,นอกเมือง,สำนักงานคณะกรรมการการศึกษาขั้นพื้นฐาน,สำนักงานเขตพื้นที่การศึกษามัธยมศึกษาเชียงใหม่,339,62.90,22.16,48.87,18.56,54.20,28.59,40.85,16.83,53.69,30.00
2568,290,ช่องฟ้าซินเซิงวาณิชบำรุง,สารภี,ใหญ่พิเศษ,นอกเมือง,สำนักงานคณะกรรมการส่งเสริมการศึกษาเอกชน,-,169,58.91,17.67,55.28,17.69,65.53,21.57,47.61,20.66,66.27,29.90
2568,291,ชุมชนวัดศรีคำชมภู,สารภี,กลาง,นอกเมือง,สำนักงานคณะกรรมการการศึกษาขั้นพื้นฐาน,สพป.เชียงใหม่ เขต 4,25,54.67,18.30,42.44,16.97,42.00,24.21,34.85,14.80,37.33,23.70
2568,292,บ้านปากเหมือง,สารภี,กลาง,นอกเมือง,สำนักงานคณะกรรมการการศึกษาขั้นพื้นฐาน,สพป.เชียงใหม่ เขต 4,16,66.67,16.20,60.18,11.66,57.81,27.55,46.79,16.40,60.42,21.14
2568,293,วชิราลัย,สารภี,กลาง,นอกเมือง,สำนักงานคณะกรรมการส่งเสริมการศึกษาเอกชน,-,35,72.38,14.39,56.21,15.12,77.14,26.97,43.31,15.97,79.05,24.02
2568,294,วัดท่าต้นกวาว,สารภี,เล็ก,นอกเมือง,สำนักงานคณะกรรมการการศึกษาขั้นพื้นฐาน,สพป.เชียงใหม่ เขต 4,25,62.67,20.09,53.62,10.75,75.00,25.50,43.34,16.46,58.67,28.72
2568,295,วัดบวกครกเหนือ,สารภี,เล็ก,นอกเมือง,สำนักงานคณะกรรมการการศึกษาขั้นพื้นฐาน,สพป.เชียงใหม่ เขต 4,21,60.85,23.16,36.32,14.67,46.43,25.92,33.15,10.34,50.79,31.90
2568,296,วัดเวฬุวัน,สารภี,ใหญ่,นอกเมือง,สำนักงานคณะกรรมการการศึกษาขั้นพื้นฐาน,สพป.เชียงใหม่ เขต 4,117,63.25,21.52,43.40,17.17,58.55,26.59,38.56,14.30,46.72,25.43
2568,297,วัดศรีดอนชัย,สารภี,เล็ก,นอกเมือง,สำนักงานคณะกรรมการการศึกษาขั้นพื้นฐาน,สพป.เชียงใหม่ เขต 4,10,56.67,15.28,45.12,17.74,60.00,22.91,39.62,9.64,46.67,26.67
2568,298,สารภีปริยัติศึกษา,สารภี,เล็ก,นอกเมือง,สำนักงานการศึกษาพระปริยัติธรรม แผนกสามัญศึกษา,สำนักเขตการศึกษาพระปริยัติธรรมฯ เขต  5,20,42.78,22.57,23.47,14.09,31.25,19.16,26.37,17.79,40.00,32.66
2568,299,สารภีพิทยาคม,สารภี,กลาง,นอกเมือง,สำนักงานคณะกรรมการการศึกษาขั้นพื้นฐาน,สำนักงานเขตพื้นที่การศึกษามัธยมศึกษาเชียงใหม่,132,61.95,19.64,49.20,17.62,57.01,24.68,44.20,16.03,43.69,25.34
2568,300,สืบนทีธรรม,สารภี,กลาง,นอกเมือง,สำนักงานคณะกรรมการส่งเสริมการศึกษาเอกชน,-,35,54.60,20.98,46.04,22.79,43.57,25.59,27.00,15.16,24.76,24.36
2568,301,ต้นแก้วผดุงพิทยาลัย,หางดง,ใหญ่,นอกเมือง,กรมส่งเสริมการปกครองท้องถิ่น,ท้องถิ่นจังหวัดเชียงใหม่,59,64.78,18.08,38.98,19.33,59.75,25.22,42.58,15.92,53.11,24.64
2568,302,เทศบาลหนองตองวิทยา,หางดง,เล็ก,นอกเมือง,กรมส่งเสริมการปกครองท้องถิ่น,ท้องถิ่นจังหวัดเชียงใหม่,10,57.78,26.20,44.73,6.65,57.50,27.50,40.12,11.85,60.00,20.00
2568,303,บ้านน้ำแพร่,หางดง,เล็ก,นอกเมือง,สำนักงานคณะกรรมการการศึกษาขั้นพื้นฐาน,สพป.เชียงใหม่ เขต 4,21,73.54,16.61,53.20,15.58,61.90,21.30,38.33,13.07,55.56,31.43
2568,304,บ้านปง,หางดง,เล็ก,นอกเมือง,สำนักงานคณะกรรมการการศึกษาขั้นพื้นฐาน,สพป.เชียงใหม่ เขต 4,29,59.77,22.11,53.43,18.51,57.76,26.35,41.67,13.19,56.32,34.02
2568,305,บ้านสันป่าสัก,หางดง,กลาง,นอกเมือง,สำนักงานคณะกรรมการการศึกษาขั้นพื้นฐาน,สพป.เชียงใหม่ เขต 4,77,65.22,21.74,52.01,17.61,57.47,28.79,42.07,16.91,54.11,27.93
2568,306,พันธสัญญา,หางดง,เล็ก,นอกเมือง,สำนักงานคณะกรรมการส่งเสริมการศึกษาเอกชน,-,3,59.26,29.16,47.11,14.94,41.67,31.18,34.16,13.28,44.44,15.71
2568,307,วัดศรีสว่าง,หางดง,เล็ก,นอกเมือง,สำนักงานคณะกรรมการการศึกษาขั้นพื้นฐาน,สพป.เชียงใหม่ เขต 4,8,54.17,31.64,40.97,17.20,43.75,20.73,38.43,19.95,54.17,23.20
2568,308,สาธิตนานาชาติทวิภาษาแห่งมหาวิทยาลัยรังสิต เชียงใหม่,หางดง,กลาง,นอกเมือง,สำนักงานคณะกรรมการส่งเสริมการศึกษาเอกชน,-,7,77.78,8.40,24.47,7.56,78.57,20.82,41.78,9.16,52.38,30.12
2568,309,หางดงรัฐราษฎร์อุปถัมภ์,หางดง,ใหญ่,นอกเมือง,สำนักงานคณะกรรมการการศึกษาขั้นพื้นฐาน,สำนักงานเขตพื้นที่การศึกษามัธยมศึกษาเชียงใหม่,277,52.11,20.13,50.61,18.79,66.16,26.67,38.02,15.59,44.52,31.65
2568,310,หางดงสังฆราษฎร์อุปถัมภ์,หางดง,เล็ก,นอกเมือง,สำนักงานการศึกษาพระปริยัติธรรม แผนกสามัญศึกษา,สำนักเขตการศึกษาพระปริยัติธรรมฯ เขต  5,11,48.48,22.36,45.94,16.60,38.64,22.27,29.66,12.88,36.36,26.42
2568,311,บ้านซิแบร,อมก๋อย,เล็ก,นอกเมือง,สำนักงานคณะกรรมการการศึกษาขั้นพื้นฐาน,สพป.เชียงใหม่ เขต 5,13,29.91,17.64,27.00,15.95,42.31,24.78,37.59,12.99,46.15,24.59
2568,312,บ้านตุงลอย,อมก๋อย,กลาง,นอกเมือง,สำนักงานคณะกรรมการการศึกษาขั้นพื้นฐาน,สพป.เชียงใหม่ เขต 5,25,49.33,19.90,51.44,16.70,56.00,17.72,51.39,18.18,60.00,28.28
2568,313,บ้านนาเกียน,อมก๋อย,เล็ก,นอกเมือง,สำนักงานคณะกรรมการการศึกษาขั้นพื้นฐาน,สพป.เชียงใหม่ เขต 5,24,40.74,18.05,41.28,16.08,58.33,23.57,41.45,14.78,63.89,30.30
2568,314,บ้านมูเซอ,อมก๋อย,กลาง,นอกเมือง,สำนักงานคณะกรรมการการศึกษาขั้นพื้นฐาน,สพป.เชียงใหม่ เขต 5,27,28.81,13.94,22.78,13.90,46.30,24.25,31.34,16.88,51.85,30.54
2568,315,บ้านแม่ต๋อม,อมก๋อย,กลาง,นอกเมือง,สำนักงานคณะกรรมการการศึกษาขั้นพื้นฐาน,สพป.เชียงใหม่ เขต 5,23,36.71,20.83,34.64,24.41,46.74,21.24,39.89,19.49,63.77,35.32
2568,316,บ้านแม่อ่างขาง,อมก๋อย,เล็ก,นอกเมือง,สำนักงานคณะกรรมการการศึกษาขั้นพื้นฐาน,สพป.เชียงใหม่ เขต 5,13,47.01,20.51,22.74,12.49,48.08,18.24,46.24,14.02,64.10,33.23
2568,317,บ้านยางครก,อมก๋อย,เล็ก,นอกเมือง,สำนักงานคณะกรรมการการศึกษาขั้นพื้นฐาน,สพป.เชียงใหม่ เขต 5,22,36.36,23.01,39.51,21.96,40.91,24.48,35.51,15.86,56.06,29.11
2568,318,บ้านยางเปา,อมก๋อย,กลาง,นอกเมือง,สำนักงานคณะกรรมการการศึกษาขั้นพื้นฐาน,สพป.เชียงใหม่ เขต 5,38,46.49,21.00,43.12,20.39,53.29,20.81,38.88,18.04,45.61,23.47
2568,319,บ้านยางเปียง,อมก๋อย,เล็ก,นอกเมือง,สำนักงานคณะกรรมการการศึกษาขั้นพื้นฐาน,สพป.เชียงใหม่ เขต 5,14,44.44,16.27,34.70,19.57,48.21,22.09,33.65,11.04,30.95,19.78
2568,320,บ้านสบลาน,อมก๋อย,กลาง,นอกเมือง,สำนักงานคณะกรรมการการศึกษาขั้นพื้นฐาน,สพป.เชียงใหม่ เขต 5,4,61.11,18.43,43.24,13.98,68.75,20.73,41.55,7.25,75.00,14.43
2568,321,บ้านห้วยโค้ง,อมก๋อย,กลาง,นอกเมือง,สำนักงานคณะกรรมการการศึกษาขั้นพื้นฐาน,สพป.เชียงใหม่ เขต 5,16,34.03,20.59,39.34,17.87,54.69,22.04,32.26,19.19,50.00,28.87
2568,322,บ้านห้วยน้ำขาว,อมก๋อย,กลาง,นอกเมือง,สำนักงานคณะกรรมการการศึกษาขั้นพื้นฐาน,สพป.เชียงใหม่ เขต 5,42,48.15,20.95,48.05,18.53,59.52,24.37,43.42,14.60,55.56,33.86
2568,323,บ้านห้วยไม้หก,อมก๋อย,เล็ก,นอกเมือง,สำนักงานคณะกรรมการการศึกษาขั้นพื้นฐาน,สพป.เชียงใหม่ เขต 5,25,42.22,19.63,45.69,17.20,61.00,17.44,31.40,17.16,56.00,29.39
2568,324,บ้านอูตูม,อมก๋อย,กลาง,นอกเมือง,สำนักงานคณะกรรมการการศึกษาขั้นพื้นฐาน,สพป.เชียงใหม่ เขต 5,49,32.65,19.49,37.14,15.32,48.47,18.49,32.57,15.30,58.50,31.97
2568,325,แม่ตื่นวิทยาคม,อมก๋อย,กลาง,นอกเมือง,สำนักงานคณะกรรมการการศึกษาขั้นพื้นฐาน,สำนักงานเขตพื้นที่การศึกษามัธยมศึกษาเชียงใหม่,107,55.24,24.80,38.78,17.73,45.56,26.21,37.88,14.61,46.42,29.80
2568,326,อมก๋อยวิทยาคม,อมก๋อย,ใหญ่,นอกเมือง,สำนักงานคณะกรรมการการศึกษาขั้นพื้นฐาน,สำนักงานเขตพื้นที่การศึกษามัธยมศึกษาเชียงใหม่,147,47.24,23.11,43.09,21.14,54.25,26.63,34.86,16.04,43.31,30.72
2568,327,ชุมชนบ้านท่าข้าม,ฮอด,กลาง,นอกเมือง,สำนักงานคณะกรรมการการศึกษาขั้นพื้นฐาน,สพป.เชียงใหม่ เขต 5,29,49.81,23.27,50.54,14.29,56.03,25.13,40.64,17.39,58.62,34.64
2568,328,บ้านกองลอย,ฮอด,กลาง,นอกเมือง,สำนักงานคณะกรรมการการศึกษาขั้นพื้นฐาน,สพป.เชียงใหม่ เขต 5,15,44.44,12.83,51.73,16.37,48.33,17.00,42.07,12.01,37.78,20.61
2568,329,บ้านแควมะกอก,ฮอด,กลาง,นอกเมือง,สำนักงานคณะกรรมการการศึกษาขั้นพื้นฐาน,สพป.เชียงใหม่ เขต 5,16,48.61,21.83,54.03,14.57,62.50,27.95,36.48,14.83,43.75,22.73
2568,330,บ้านตาลเหนือ,ฮอด,เล็ก,นอกเมือง,สำนักงานคณะกรรมการการศึกษาขั้นพื้นฐาน,สพป.เชียงใหม่ เขต 5,8,65.28,10.30,57.79,16.37,56.25,24.21,46.25,17.81,79.17,23.20
2568,331,บ้านเตียนอาง,ฮอด,เล็ก,นอกเมือง,สำนักงานคณะกรรมการการศึกษาขั้นพื้นฐาน,สพป.เชียงใหม่ เขต 5,14,46.03,21.76,49.38,14.56,55.36,21.50,42.49,13.50,57.14,31.94
2568,332,บ้านทุ่งโป่ง,ฮอด,เล็ก,นอกเมือง,สำนักงานคณะกรรมการการศึกษาขั้นพื้นฐาน,สพป.เชียงใหม่ เขต 5,9,46.91,26.07,49.22,15.89,63.89,17.12,43.75,13.38,59.26,20.95
2568,333,บ้านนาฟ่อน,ฮอด,เล็ก,นอกเมือง,สำนักงานคณะกรรมการการศึกษาขั้นพื้นฐาน,สพป.เชียงใหม่ เขต 5,14,53.97,18.71,53.67,18.68,48.21,22.09,32.31,15.19,38.10,27.77
2568,334,บ้านบ่อหลวง,ฮอด,กลาง,นอกเมือง,สำนักงานคณะกรรมการการศึกษาขั้นพื้นฐาน,สพป.เชียงใหม่ เขต 5,18,49.38,26.51,44.62,16.26,54.17,22.44,42.22,21.05,59.26,32.50
2568,335,บ้านพุย,ฮอด,เล็ก,นอกเมือง,สำนักงานคณะกรรมการการศึกษาขั้นพื้นฐาน,สพป.เชียงใหม่ เขต 5,9,48.15,17.37,52.21,12.87,44.44,22.91,45.69,13.51,51.85,27.72
2568,336,บ้านแม่งูด,ฮอด,เล็ก,นอกเมือง,สำนักงานคณะกรรมการการศึกษาขั้นพื้นฐาน,สพป.เชียงใหม่ เขต 5,17,58.82,16.94,55.05,13.76,57.35,16.64,48.59,17.97,43.14,19.01
2568,337,บ้านแม่ลาย,ฮอด,เล็ก,นอกเมือง,สำนักงานคณะกรรมการการศึกษาขั้นพื้นฐาน,สพป.เชียงใหม่ เขต 5,16,48.61,18.37,53.98,16.86,48.44,18.68,44.13,14.38,37.50,28.57
2568,338,บ้านวังลุง,ฮอด,เล็ก,นอกเมือง,สำนักงานคณะกรรมการการศึกษาขั้นพื้นฐาน,สพป.เชียงใหม่ เขต 5,15,43.70,16.46,49.22,16.60,53.33,22.11,39.08,14.84,35.56,22.66
2568,339,แม่โถวิทยาคม,ฮอด,กลาง,นอกเมือง,สำนักงานคณะกรรมการการศึกษาขั้นพื้นฐาน,สพป.เชียงใหม่ เขต 5,30,39.63,23.07,23.19,16.51,33.33,27.64,34.83,18.02,33.33,22.77
2568,340,วัดบ้านขุนเตรียมพุทธศาสตร์,ฮอด,เล็ก,นอกเมือง,สำนักงานการศึกษาพระปริยัติธรรม แผนกสามัญศึกษา,สำนักเขตการศึกษาพระปริยัติธรรมฯ เขต  5,34,41.83,17.89,33.09,13.90,44.85,19.91,39.88,16.12,40.20,34.09
2568,341,ฮอดพิทยาคม,ฮอด,ใหญ่,นอกเมือง,สำนักงานคณะกรรมการการศึกษาขั้นพื้นฐาน,สำนักงานเขตพื้นที่การศึกษามัธยมศึกษาเชียงใหม่,146,55.33,20.66,50.23,17.33,73.29,22.98,42.05,17.89,49.54,32.46
2567,1,บ้านขุนแม่รวม,กัลยาณิวัฒนา,เล็ก,นอกเมือง,สำนักงานคณะกรรมการการศึกษาขั้นพื้นฐาน,สพป.เชียงใหม่ เขต 6,18,50.00,18.24,35.34,24.75,33.33,23.57,49.72,16.90,48.15,29.86
2567,2,บ้านจันทร์,กัลยาณิวัฒนา,เล็ก,นอกเมือง,สำนักงานคณะกรรมการการศึกษาขั้นพื้นฐาน,สพป.เชียงใหม่ เขต 6,13,58.97,24.42,38.70,15.13,48.08,24.93,57.40,20.39,56.41,27.38
2567,3,บ้านแจ่มหลวง,กัลยาณิวัฒนา,เล็ก,นอกเมือง,สำนักงานคณะกรรมการการศึกษาขั้นพื้นฐาน,สพป.เชียงใหม่ เขต 6,17,58.17,18.88,38.08,18.30,25.00,21.00,46.40,15.64,45.10,32.22
2567,4,บ้านแม่แดดน้อย,กัลยาณิวัฒนา,เล็ก,นอกเมือง,สำนักงานคณะกรรมการการศึกษาขั้นพื้นฐาน,สพป.เชียงใหม่ เขต 6,2,77.78,0.00,69.62,7.34,50.00,25.00,66.25,16.25,50.00,16.67
2567,5,บ้านแม่ตะละ,กัลยาณิวัฒนา,เล็ก,นอกเมือง,สำนักงานคณะกรรมการการศึกษาขั้นพื้นฐาน,สพป.เชียงใหม่ เขต 6,7,44.44,13.28,34.90,13.96,32.14,22.02,53.04,16.07,47.62,34.99
2567,6,บ้านห้วยยา,กัลยาณิวัฒนา,เล็ก,นอกเมือง,สำนักงานคณะกรรมการการศึกษาขั้นพื้นฐาน,สพป.เชียงใหม่ เขต 6,19,51.46,16.21,36.10,16.17,36.84,16.95,47.17,16.85,38.60,29.15
2567,7,มัธยมกัลยาณิวัฒนาเฉลิมพระเกียรติ,กัลยาณิวัฒนา,กลาง,นอกเมือง,สำนักงานคณะกรรมการการศึกษาขั้นพื้นฐาน,สำนักงานเขตพื้นที่การศึกษามัธยมศึกษาเชียงใหม่,18,59.26,11.11,50.19,10.85,22.22,23.41,58.47,15.32,55.56,35.14
2567,8,สามัคคีสันม่วง,กัลยาณิวัฒนา,เล็ก,นอกเมือง,สำนักงานคณะกรรมการการศึกษาขั้นพื้นฐาน,สพป.เชียงใหม่ เขต 6,22,56.06,21.31,39.24,16.04,35.23,27.86,44.09,24.55,36.36,30.00
2567,9,จอมทอง,จอมทอง,ใหญ่พิเศษ,นอกเมือง,สำนักงานคณะกรรมการการศึกษาขั้นพื้นฐาน,สำนักงานเขตพื้นที่การศึกษามัธยมศึกษาเชียงใหม่,384,63.86,19.69,53.77,16.96,36.07,23.62,54.54,17.18,52.17,32.82
2567,10,ไทยรัฐวิทยา 79 (บ้านหนองอาบช้าง),จอมทอง,เล็ก,นอกเมือง,สำนักงานคณะกรรมการการศึกษาขั้นพื้นฐาน,สพป.เชียงใหม่ เขต 6,22,59.60,16.93,46.00,13.57,29.55,20.83,46.87,17.10,45.45,31.05
2567,11,บ้านขุนกลาง,จอมทอง,กลาง,นอกเมือง,สำนักงานคณะกรรมการการศึกษาขั้นพื้นฐาน,สพป.เชียงใหม่ เขต 6,17,56.21,16.38,34.94,14.85,29.41,17.65,48.16,13.42,41.18,24.33
2567,12,บ้านขุนแปะ,จอมทอง,เล็ก,นอกเมือง,สำนักงานคณะกรรมการการศึกษาขั้นพื้นฐาน,สพป.เชียงใหม่ เขต 6,22,43.43,16.72,31.55,20.12,27.27,19.81,41.70,15.83,33.33,33.33
2567,13,บ้านปากทางท่าลี่,จอมทอง,เล็ก,นอกเมือง,สำนักงานคณะกรรมการการศึกษาขั้นพื้นฐาน,สพป.เชียงใหม่ เขต 6,12,57.41,13.48,49.27,14.33,45.83,24.65,48.85,18.67,50.00,28.87
2567,14,บ้านสบเตี๊ยะ,จอมทอง,กลาง,นอกเมือง,สำนักงานคณะกรรมการการศึกษาขั้นพื้นฐาน,สพป.เชียงใหม่ เขต 6,14,59.52,23.23,47.26,17.55,42.86,25.75,49.10,18.25,57.14,34.34
2567,15,บ้านห้วยทราย,จอมทอง,เล็ก,นอกเมือง,สำนักงานคณะกรรมการการศึกษาขั้นพื้นฐาน,สพป.เชียงใหม่ เขต 6,11,53.54,18.24,44.41,16.20,25.00,18.46,45.23,16.12,30.30,26.42
2567,16,บ้านห้วยส้มป่อย,จอมทอง,เล็ก,นอกเมือง,สำนักงานคณะกรรมการการศึกษาขั้นพื้นฐาน,สพป.เชียงใหม่ เขต 6,7,63.49,9.78,46.06,15.65,46.43,20.82,49.81,9.24,66.67,25.20
2567,17,บ้านใหม่สารภี,จอมทอง,เล็ก,นอกเมือง,สำนักงานคณะกรรมการการศึกษาขั้นพื้นฐาน,สพป.เชียงใหม่ เขต 6,5,48.89,8.89,34.75,13.43,35.00,20.00,40.00,10.96,26.67,24.94
2567,18,วัดพุทธนิมิตรวิทยา,จอมทอง,เล็ก,นอกเมือง,สำนักงานการศึกษาพระปริยัติธรรม แผนกสามัญศึกษา,สำนักเขตการศึกษาพระปริยัติธรรมฯ เขต  5,17,32.68,23.33,19.94,15.07,22.06,22.50,37.51,16.46,29.41,29.99
2567,19,สุทธิวงศ์ดำรงวิทย์,จอมทอง,เล็ก,นอกเมือง,สำนักงานคณะกรรมการส่งเสริมการศึกษาเอกชน,-,4,55.56,17.57,19.82,9.26,31.25,10.83,12.50,7.29,8.33,14.43
2567,20,แกน้อยศึกษา,เชียงดาว,กลาง,นอกเมือง,สำนักงานคณะกรรมการการศึกษาขั้นพื้นฐาน,สพป.เชียงใหม่ เขต 3,5,51.11,18.05,44.96,10.05,40.00,30.00,50.99,17.17,60.00,24.94
2567,21,เจ้าฟ้าอุบลรัตน์,เชียงดาว,เล็ก,นอกเมือง,สำนักงานคณะกรรมการส่งเสริมการศึกษาเอกชน,-,26,70.09,17.09,50.05,15.37,42.31,25.73,53.17,14.71,55.13,29.15
2567,22,ชุมชนบ้านเมืองงาย,เชียงดาว,กลาง,นอกเมือง,สำนักงานคณะกรรมการการศึกษาขั้นพื้นฐาน,สพป.เชียงใหม่ เขต 3,14,66.67,16.27,67.42,10.05,62.50,18.30,70.09,17.93,71.43,35.32
2567,23,ชุมชนบ้านวังจ๊อม,เชียงดาว,กลาง,นอกเมือง,สำนักงานคณะกรรมการการศึกษาขั้นพื้นฐาน,สพป.เชียงใหม่ เขต 3,20,68.89,18.79,50.96,16.62,38.75,29.02,58.43,15.67,63.33,33.17
2567,24,เชียงดาววิทยาคม,เชียงดาว,ใหญ่,นอกเมือง,สำนักงานคณะกรรมการการศึกษาขั้นพื้นฐาน,สำนักงานเขตพื้นที่การศึกษามัธยมศึกษาเชียงใหม่,78,63.82,17.11,51.38,16.84,40.06,24.46,51.33,21.92,50.43,27.60
2567,25,ดอยสามหมื่น,เชียงดาว,เล็ก,นอกเมือง,สำนักงานคณะกรรมการการศึกษาขั้นพื้นฐาน,สพป.เชียงใหม่ เขต 3,4,63.89,12.11,31.49,13.77,31.25,20.73,39.69,2.71,25.00,27.64
2567,26,บ้านเชียงดาว,เชียงดาว,กลาง,นอกเมือง,สำนักงานคณะกรรมการการศึกษาขั้นพื้นฐาน,สพป.เชียงใหม่ เขต 3,51,70.37,16.85,54.70,12.37,45.10,23.75,49.31,17.29,59.48,26.66
2567,27,บ้านทุ่งข้าวพวง,เชียงดาว,กลาง,นอกเมือง,สำนักงานคณะกรรมการการศึกษาขั้นพื้นฐาน,สพป.เชียงใหม่ เขต 3,41,59.89,18.51,47.57,17.72,38.41,20.73,55.22,15.48,47.15,33.72
2567,28,บ้านนาหวาย,เชียงดาว,กลาง,นอกเมือง,สำนักงานคณะกรรมการการศึกษาขั้นพื้นฐาน,สพป.เชียงใหม่ เขต 3,44,60.86,22.41,55.19,17.99,42.61,25.88,56.56,18.80,50.76,27.97
2567,29,บ้านปางเฟือง,เชียงดาว,เล็ก,นอกเมือง,สำนักงานคณะกรรมการการศึกษาขั้นพื้นฐาน,สพป.เชียงใหม่ เขต 3,13,60.68,16.08,56.88,12.92,44.23,26.23,55.09,19.55,61.54,34.21
2567,30,บ้านปางมะเยา,เชียงดาว,กลาง,นอกเมือง,สำนักงานคณะกรรมการการศึกษาขั้นพื้นฐาน,สพป.เชียงใหม่ เขต 3,16,47.92,14.55,24.48,13.70,37.50,23.39,40.78,14.38,33.33,28.87
2567,31,บ้านเมืองคอง,เชียงดาว,เล็ก,นอกเมือง,สำนักงานคณะกรรมการการศึกษาขั้นพื้นฐาน,สพป.เชียงใหม่ เขต 3,10,64.44,22.66,44.16,11.49,30.00,18.71,46.01,18.72,60.00,29.06
2567,32,บ้านเมืองนะ,เชียงดาว,กลาง,นอกเมือง,สำนักงานคณะกรรมการการศึกษาขั้นพื้นฐาน,สพป.เชียงใหม่ เขต 3,40,61.11,20.64,42.61,16.95,48.75,20.12,69.21,15.90,45.00,36.93
2567,33,บ้านแม่กอนใน,เชียงดาว,เล็ก,นอกเมือง,สำนักงานคณะกรรมการการศึกษาขั้นพื้นฐาน,สพป.เชียงใหม่ เขต 3,9,49.38,20.36,39.80,16.79,19.44,22.91,46.11,14.87,29.63,24.57
2567,34,บ้านแม่นะ,เชียงดาว,กลาง,นอกเมือง,สำนักงานคณะกรรมการการศึกษาขั้นพื้นฐาน,สพป.เชียงใหม่ เขต 3,16,59.72,21.11,49.82,18.80,43.75,22.53,56.49,19.75,39.58,31.66
2567,35,บ้านหนองเขียว,เชียงดาว,กลาง,นอกเมือง,สำนักงานคณะกรรมการการศึกษาขั้นพื้นฐาน,สพป.เชียงใหม่ เขต 3,10,51.11,15.07,30.79,17.64,37.50,20.16,43.88,13.95,33.33,29.81
2567,36,บ้านห้วยจะค่าน ตชด.อนุสรณ์,เชียงดาว,กลาง,นอกเมือง,สำนักงานคณะกรรมการการศึกษาขั้นพื้นฐาน,สพป.เชียงใหม่ เขต 3,2,55.56,11.11,27.64,6.69,25.00,0.00,36.88,21.87,50.00,16.67
2567,37,พัฒนาต้นน้ำขุนคอง,เชียงดาว,เล็ก,นอกเมือง,สำนักงานคณะกรรมการการศึกษาขั้นพื้นฐาน,สพป.เชียงใหม่ เขต 3,11,61.62,14.50,44.03,17.86,43.18,24.05,55.57,19.60,60.61,34.28
2567,38,มิตรมวลชนเชียงใหม่,เชียงดาว,กลาง,นอกเมือง,สำนักงานคณะกรรมการการศึกษาขั้นพื้นฐาน,สพป.เชียงใหม่ เขต 3,20,50.00,16.67,45.48,15.41,33.75,22.74,46.06,12.55,43.33,33.50
2567,39,ราชประชานุเคราะห์ 61 จังหวัดเชียงใหม่,เชียงดาว,กลาง,นอกเมือง,สำนักบริหารงานการศึกษาพิเศษ,-,20,53.33,14.32,51.09,15.31,33.75,22.74,53.94,12.62,48.33,30.69
2567,40,ศีลรวี,เชียงดาว,กลาง,นอกเมือง,สำนักงานคณะกรรมการส่งเสริมการศึกษาเอกชน,-,34,64.38,19.20,51.17,14.83,39.71,21.96,46.40,17.31,50.00,35.47
2567,41,อรุโณทัยวิทยาคม,เชียงดาว,ใหญ่,นอกเมือง,สำนักงานคณะกรรมการการศึกษาขั้นพื้นฐาน,สำนักงานเขตพื้นที่การศึกษามัธยมศึกษาเชียงใหม่,166,50.40,20.76,40.64,20.86,29.52,23.33,45.38,17.29,36.35,28.77
2567,42,อินทารามวิทยา,เชียงดาว,เล็ก,นอกเมือง,สำนักงานการศึกษาพระปริยัติธรรม แผนกสามัญศึกษา,สำนักเขตการศึกษาพระปริยัติธรรมฯ เขต  5,16,50.69,21.86,43.62,18.62,32.81,27.55,44.30,12.74,41.67,32.27
2567,43,ฉัตรพฤกษ์วิทยา,ไชยปราการ,เล็ก,นอกเมือง,สำนักงานคณะกรรมการส่งเสริมการศึกษาเอกชน,-,8,59.72,23.53,52.45,11.48,31.25,20.73,56.56,14.96,41.67,39.97
2567,44,ชุมชนวัดศรีดงเย็น,ไชยปราการ,กลาง,นอกเมือง,สำนักงานคณะกรรมการการศึกษาขั้นพื้นฐาน,สพป.เชียงใหม่ เขต 3,24,65.28,20.11,47.56,20.16,39.58,22.73,52.45,18.90,45.83,33.07
2567,45,ไชยปราการ,ไชยปราการ,กลาง,นอกเมือง,สำนักงานคณะกรรมการการศึกษาขั้นพื้นฐาน,สำนักงานเขตพื้นที่การศึกษามัธยมศึกษาเชียงใหม่,100,53.22,21.04,46.37,17.32,36.50,21.91,50.04,15.66,42.33,31.92
2567,46,เทศบาล 1 ไชยปราการ,ไชยปราการ,กลาง,นอกเมือง,กรมส่งเสริมการปกครองท้องถิ่น,ท้องถิ่นจังหวัดเชียงใหม่,20,62.22,15.07,52.58,13.66,35.00,24.24,44.63,13.92,45.00,33.79
2567,47,บ้านปง,ไชยปราการ,เล็ก,นอกเมือง,สำนักงานคณะกรรมการการศึกษาขั้นพื้นฐาน,สพป.เชียงใหม่ เขต 3,11,69.70,10.69,59.57,12.65,50.00,15.08,74.42,12.78,81.82,16.60
2567,48,บ้านปงตำ,ไชยปราการ,เล็ก,นอกเมือง,สำนักงานคณะกรรมการการศึกษาขั้นพื้นฐาน,สพป.เชียงใหม่ เขต 3,12,53.70,19.69,54.78,9.58,33.33,18.63,51.98,15.54,61.11,32.87
2567,49,บ้านหัวฝาย,ไชยปราการ,เล็ก,นอกเมือง,สำนักงานคณะกรรมการการศึกษาขั้นพื้นฐาน,สพป.เชียงใหม่ เขต 3,7,53.97,20.08,45.83,12.12,21.43,15.97,46.79,12.41,42.86,23.33
2567,50,บ้านใหม่หนองบัว,ไชยปราการ,กลาง,นอกเมือง,สำนักงานคณะกรรมการการศึกษาขั้นพื้นฐาน,สพป.เชียงใหม่ เขต 3,55,41.21,23.94,30.69,18.94,25.00,25.23,40.64,15.67,32.73,28.77
2567,51,บ้านอ่าย,ไชยปราการ,เล็ก,นอกเมือง,สำนักงานคณะกรรมการการศึกษาขั้นพื้นฐาน,สพป.เชียงใหม่ เขต 3,15,45.93,19.82,44.45,15.66,45.00,33.17,54.00,12.82,40.00,30.31
2567,52,วัดป่าแดง,ไชยปราการ,เล็ก,นอกเมือง,สำนักงานคณะกรรมการการศึกษาขั้นพื้นฐาน,สพป.เชียงใหม่ เขต 3,19,49.71,16.66,29.45,20.42,31.58,30.18,50.99,20.74,29.82,32.25
2567,53,วัดป่าไม้แดง,ไชยปราการ,เล็ก,นอกเมือง,สำนักงานการศึกษาพระปริยัติธรรม แผนกสามัญศึกษา,สำนักเขตการศึกษาพระปริยัติธรรมฯ เขต  5,12,49.07,13.95,39.74,18.49,33.33,21.25,48.34,14.41,30.56,31.79
2567,54,สันติวนา,ไชยปราการ,เล็ก,นอกเมือง,สำนักงานคณะกรรมการการศึกษาขั้นพื้นฐาน,สพป.เชียงใหม่ เขต 3,13,46.15,15.62,24.58,14.54,34.62,15.62,44.81,13.00,23.08,27.38
2567,55,ดอยเต่าวิทยาคม,ดอยเต่า,กลาง,นอกเมือง,สำนักงานคณะกรรมการการศึกษาขั้นพื้นฐาน,สำนักงานเขตพื้นที่การศึกษามัธยมศึกษาเชียงใหม่,115,61.26,20.64,46.73,18.92,41.74,25.90,54.12,17.23,52.46,30.79
2567,56,บ้านน้อยห้วยรินวิทยา,ดอยเต่า,เล็ก,นอกเมือง,สำนักงานคณะกรรมการการศึกษาขั้นพื้นฐาน,สพป.เชียงใหม่ เขต 5,7,65.08,11.00,46.29,21.63,28.57,28.12,50.90,14.74,38.10,27.77
2567,57,บ้านบงตัน,ดอยเต่า,เล็ก,นอกเมือง,สำนักงานคณะกรรมการการศึกษาขั้นพื้นฐาน,สพป.เชียงใหม่ เขต 5,15,53.33,12.31,56.37,11.53,30.00,16.33,49.91,12.75,53.33,36.11
2567,58,บ้านโปง,ดอยเต่า,เล็ก,นอกเมือง,สำนักงานคณะกรรมการการศึกษาขั้นพื้นฐาน,สพป.เชียงใหม่ เขต 5,28,59.13,23.39,46.54,16.09,28.57,20.82,47.32,14.09,53.57,32.54
2567,59,บ้านแม่ตูบ,ดอยเต่า,เล็ก,นอกเมือง,สำนักงานคณะกรรมการการศึกษาขั้นพื้นฐาน,สพป.เชียงใหม่ เขต 5,14,58.73,17.53,38.03,21.87,39.29,32.34,45.98,17.33,45.24,36.96
2567,60,บ้านแอ่นจัดสรร,ดอยเต่า,เล็ก,นอกเมือง,สำนักงานคณะกรรมการการศึกษาขั้นพื้นฐาน,สพป.เชียงใหม่ เขต 5,13,51.28,15.43,50.31,9.47,28.85,23.71,53.56,15.64,58.97,32.43
2567,61,วัดฉิมพลีวิทยา,ดอยเต่า,เล็ก,นอกเมือง,สำนักงานการศึกษาพระปริยัติธรรม แผนกสามัญศึกษา,สำนักเขตการศึกษาพระปริยัติธรรมฯ เขต  5,8,48.61,24.81,33.00,14.17,31.25,24.21,47.81,21.52,45.83,23.20
2567,62,ชลประทานผาแตก,ดอยสะเก็ด,กลาง,นอกเมือง,สำนักงานคณะกรรมการการศึกษาขั้นพื้นฐาน,สพป.เชียงใหม่ เขต 1,46,62.56,18.15,52.87,19.83,37.50,21.96,56.22,18.41,42.03,31.42
2567,63,ดอยสะเก็ดผดุงศาสน์,ดอยสะเก็ด,เล็ก,นอกเมือง,สำนักงานการศึกษาพระปริยัติธรรม แผนกสามัญศึกษา,สำนักเขตการศึกษาพระปริยัติธรรมฯ เขต  5,0,-,-,-,-,-,-,-,-,-,-
2567,64,ดอยสะเก็ดวิทยาคม,ดอยสะเก็ด,กลาง,นอกเมือง,สำนักงานคณะกรรมการการศึกษาขั้นพื้นฐาน,สำนักงานเขตพื้นที่การศึกษามัธยมศึกษาเชียงใหม่,72,62.81,19.61,48.96,15.04,31.25,25.94,48.18,13.58,47.69,31.83
2567,65,บ้านเชิงดอย(ดอยสะเก็ดศึกษา),ดอยสะเก็ด,ใหญ่,นอกเมือง,สำนักงานคณะกรรมการการศึกษาขั้นพื้นฐาน,สพป.เชียงใหม่ เขต 1,70,60.48,19.84,45.14,16.22,42.14,25.89,52.39,17.21,56.19,33.11
2567,66,บ้านป่าไม้แดง,ดอยสะเก็ด,กลาง,นอกเมือง,สำนักงานคณะกรรมการการศึกษาขั้นพื้นฐาน,สพป.เชียงใหม่ เขต 1,21,52.38,18.51,36.01,19.20,30.95,25.48,55.00,17.42,47.62,30.12
2567,67,บ้านป่าเสร้า,ดอยสะเก็ด,กลาง,นอกเมือง,สำนักงานคณะกรรมการการศึกษาขั้นพื้นฐาน,สพป.เชียงใหม่ เขต 1,13,65.81,17.14,59.09,10.89,50.00,19.61,50.86,12.34,53.85,33.43
2567,68,บ้านแม่หวาน,ดอยสะเก็ด,เล็ก,นอกเมือง,สำนักงานคณะกรรมการการศึกษาขั้นพื้นฐาน,สพป.เชียงใหม่ เขต 1,4,77.78,15.71,44.49,18.75,43.75,32.48,73.43,17.96,91.67,14.43
2567,69,เพื่อชีวิตเชียงใหม่,ดอยสะเก็ด,เล็ก,นอกเมือง,สำนักงานคณะกรรมการส่งเสริมการศึกษาเอกชน,-,10,51.11,11.33,36.63,10.75,32.50,22.50,54.87,14.30,30.00,17.95
2567,70,แม่คือวิทยา,ดอยสะเก็ด,กลาง,นอกเมือง,สำนักงานคณะกรรมการการศึกษาขั้นพื้นฐาน,สพป.เชียงใหม่ เขต 1,42,61.11,20.75,44.64,17.73,36.90,25.14,50.18,20.29,46.83,34.16
2567,71,แม่โป่งประชาสามัคคี,ดอยสะเก็ด,เล็ก,นอกเมือง,สำนักงานคณะกรรมการการศึกษาขั้นพื้นฐาน,สพป.เชียงใหม่ เขต 1,20,61.67,18.42,43.09,19.03,38.75,21.61,56.44,18.94,45.00,39.83
2567,72,ไมตรีจิตคริสเตียนเชียงใหม่,ดอยสะเก็ด,กลาง,นอกเมือง,สำนักงานคณะกรรมการส่งเสริมการศึกษาเอกชน,-,20,52.22,14.53,42.25,20.47,30.00,24.49,49.82,17.34,48.33,30.69
2567,73,กรป.กลางอุปถัมภ์,ดอยหล่อ,เล็ก,นอกเมือง,สำนักงานคณะกรรมการการศึกษาขั้นพื้นฐาน,สพป.เชียงใหม่ เขต 4,11,59.60,15.91,45.97,16.28,38.64,22.27,47.04,9.40,42.42,28.75
2567,74,บ้านสามหลัง,ดอยหล่อ,เล็ก,นอกเมือง,สำนักงานคณะกรรมการการศึกษาขั้นพื้นฐาน,สพป.เชียงใหม่ เขต 4,5,73.33,15.07,55.28,15.22,40.00,25.50,55.74,11.69,60.00,24.94
2567,75,บ้านเหล่าเป้า,ดอยหล่อ,เล็ก,นอกเมือง,สำนักงานคณะกรรมการการศึกษาขั้นพื้นฐาน,สพป.เชียงใหม่ เขต 4,6,72.22,8.49,50.47,17.21,41.67,18.63,61.25,11.23,38.89,22.91
2567,76,วัดโขงขาววิทยา,ดอยหล่อ,เล็ก,นอกเมือง,สำนักงานการศึกษาพระปริยัติธรรม แผนกสามัญศึกษา,สำนักเขตการศึกษาพระปริยัติธรรมฯ เขต  5,4,25.00,12.11,21.91,11.16,25.00,17.68,31.89,15.37,16.67,28.87
2567,77,สองแคววิทยาคม,ดอยหล่อ,กลาง,นอกเมือง,สำนักงานคณะกรรมการการศึกษาขั้นพื้นฐาน,สำนักงานเขตพื้นที่การศึกษามัธยมศึกษาเชียงใหม่,70,53.97,18.90,47.71,14.51,36.79,26.30,49.80,18.32,43.81,31.64
2567,78,สันติสุข,ดอยหล่อ,กลาง,นอกเมือง,สำนักงานคณะกรรมการการศึกษาขั้นพื้นฐาน,สำนักงานเขตพื้นที่การศึกษามัธยมศึกษาเชียงใหม่,34,58.17,21.57,41.87,15.60,33.82,24.16,44.08,15.27,45.10,30.12
2567,79,เจ้าแม่หลวงอุปถัมภ์ 1,ฝาง,กลาง,นอกเมือง,สำนักงานคณะกรรมการการศึกษาขั้นพื้นฐาน,สพป.เชียงใหม่ เขต 3,33,65.66,16.72,47.76,14.43,41.67,24.36,53.98,16.74,54.55,30.50
2567,80,ฉือจี้เชียงใหม่,ฝาง,กลาง,นอกเมือง,สำนักงานคณะกรรมการส่งเสริมการศึกษาเอกชน,-,113,68.53,18.63,52.62,18.77,40.93,24.68,59.76,20.60,57.82,34.07
2567,81,ชุมชนบ้านแม่สูนหลวง,ฝาง,เล็ก,นอกเมือง,สำนักงานคณะกรรมการการศึกษาขั้นพื้นฐาน,สพป.เชียงใหม่ เขต 3,2,66.67,0.00,35.79,18.12,37.50,12.50,50.00,15.01,50.00,16.67
2567,82,เทพศิรินทร์๙โครงการหลวงในพระบรมราชูปถัมภ์,ฝาง,เล็ก,นอกเมือง,สำนักงานคณะกรรมการการศึกษาขั้นพื้นฐาน,สพป.เชียงใหม่ เขต 3,15,44.44,17.21,33.36,13.60,33.33,32.49,50.17,16.42,46.67,23.73
2567,83,บ้านต้นผึ้ง,ฝาง,เล็ก,นอกเมือง,สำนักงานคณะกรรมการการศึกษาขั้นพื้นฐาน,สพป.เชียงใหม่ เขต 3,10,70.00,17.25,68.16,7.16,50.00,19.36,62.87,9.30,76.67,15.28
2567,84,บ้านทุ่งหลุก,ฝาง,เล็ก,นอกเมือง,สำนักงานคณะกรรมการการศึกษาขั้นพื้นฐาน,สพป.เชียงใหม่ เขต 3,6,70.37,8.28,66.71,13.20,62.50,12.50,69.78,10.74,72.22,12.42
2567,85,บ้านปางปอย,ฝาง,กลาง,นอกเมือง,สำนักงานคณะกรรมการการศึกษาขั้นพื้นฐาน,สพป.เชียงใหม่ เขต 3,25,53.33,21.08,49.78,17.18,36.00,27.46,53.40,16.86,38.67,29.33
2567,86,บ้านปางสัก,ฝาง,เล็ก,นอกเมือง,สำนักงานคณะกรรมการการศึกษาขั้นพื้นฐาน,สพป.เชียงใหม่ เขต 3,7,55.56,20.57,55.27,16.33,42.86,17.50,58.39,12.53,52.38,34.99
2567,87,บ้านโป่งนก,ฝาง,กลาง,นอกเมือง,สำนักงานคณะกรรมการการศึกษาขั้นพื้นฐาน,สพป.เชียงใหม่ เขต 3,8,68.06,17.07,58.05,19.33,59.38,21.42,56.56,15.85,66.67,33.33
2567,88,บ้านม่วงชุม,ฝาง,กลาง,นอกเมือง,สำนักงานคณะกรรมการการศึกษาขั้นพื้นฐาน,สพป.เชียงใหม่ เขต 3,45,55.06,20.01,51.05,18.40,36.11,23.31,47.86,15.95,43.70,35.01
2567,89,บ้านม่อนปิ่น,ฝาง,กลาง,นอกเมือง,สำนักงานคณะกรรมการการศึกษาขั้นพื้นฐาน,สพป.เชียงใหม่ เขต 3,15,62.22,15.07,59.82,16.27,45.00,16.33,50.58,19.63,51.11,29.48
2567,90,บ้านแม่ข่า,ฝาง,กลาง,นอกเมือง,สำนักงานคณะกรรมการการศึกษาขั้นพื้นฐาน,สพป.เชียงใหม่ เขต 3,23,57.00,15.82,45.19,13.80,34.78,27.33,56.30,14.20,36.23,32.47
2567,91,บ้านแม่คะ,ฝาง,กลาง,นอกเมือง,สำนักงานคณะกรรมการการศึกษาขั้นพื้นฐาน,สพป.เชียงใหม่ เขต 3,6,59.26,12.28,47.61,11.39,41.67,27.64,54.79,13.65,33.33,19.25
2567,92,บ้านแม่งอนขี้เหล็ก,ฝาง,กลาง,นอกเมือง,กรมส่งเสริมการปกครองท้องถิ่น,ท้องถิ่นจังหวัดเชียงใหม่,34,54.58,18.93,42.84,18.92,30.88,25.77,51.40,15.67,50.00,27.12
2567,93,บ้านล้องอ้อ,ฝาง,เล็ก,นอกเมือง,กรมส่งเสริมการปกครองท้องถิ่น,ท้องถิ่นจังหวัดเชียงใหม่,23,54.11,19.19,39.61,19.69,33.70,20.34,47.07,17.53,40.58,31.02
2567,94,บ้านเวียงฝาง,ฝาง,ใหญ่,นอกเมือง,สำนักงานคณะกรรมการการศึกษาขั้นพื้นฐาน,สพป.เชียงใหม่ เขต 3,100,59.56,18.02,52.30,18.80,35.50,23.76,49.88,19.15,51.33,33.47
2567,95,บ้านสันทรายคองน้อย,ฝาง,กลาง,นอกเมือง,สำนักงานคณะกรรมการการศึกษาขั้นพื้นฐาน,สพป.เชียงใหม่ เขต 3,7,71.43,14.37,67.45,9.45,53.57,24.74,57.14,24.47,61.90,21.30
2567,96,บ้านสันป่าแดง,ฝาง,เล็ก,นอกเมือง,สำนักงานคณะกรรมการการศึกษาขั้นพื้นฐาน,สพป.เชียงใหม่ เขต 3,8,63.89,17.35,43.66,18.70,25.00,25.00,52.19,11.36,41.67,22.05
2567,97,บ้านหลวง,ฝาง,กลาง,นอกเมือง,สำนักงานคณะกรรมการการศึกษาขั้นพื้นฐาน,สพป.เชียงใหม่ เขต 3,16,54.17,12.34,40.59,15.67,18.75,20.73,33.13,12.81,39.58,24.21
2567,98,บ้านห้วยงูกลาง,ฝาง,เล็ก,นอกเมือง,สำนักงานคณะกรรมการการศึกษาขั้นพื้นฐาน,สพป.เชียงใหม่ เขต 3,20,56.67,19.21,50.87,16.29,37.50,32.11,58.50,13.38,45.00,32.10
2567,99,บ้านห้วยหมากเลี่ยม,ฝาง,กลาง,นอกเมือง,สำนักงานคณะกรรมการการศึกษาขั้นพื้นฐาน,สพป.เชียงใหม่ เขต 3,15,49.63,21.03,39.68,21.20,31.67,23.21,43.84,15.42,46.67,29.31
2567,100,บ้านห้วยเฮี่ยน,ฝาง,เล็ก,นอกเมือง,สำนักงานคณะกรรมการการศึกษาขั้นพื้นฐาน,สพป.เชียงใหม่ เขต 3,11,52.53,25.11,28.94,20.34,36.36,28.93,48.75,12.71,39.39,27.77
2567,101,บ้านเหมืองแร่,ฝาง,กลาง,นอกเมือง,สำนักงานคณะกรรมการการศึกษาขั้นพื้นฐาน,สพป.เชียงใหม่ เขต 3,12,69.44,15.13,51.49,25.97,50.00,20.41,52.08,21.58,58.33,24.06
2567,102,ฝางชนูปถัมภ์,ฝาง,ใหญ่,นอกเมือง,สำนักงานคณะกรรมการการศึกษาขั้นพื้นฐาน,สำนักงานเขตพื้นที่การศึกษามัธยมศึกษาเชียงใหม่,172,58.91,19.10,51.27,16.97,37.35,26.34,48.85,18.18,46.12,30.15
2567,103,ฝางธรรมศึกษา,ฝาง,เล็ก,นอกเมือง,สำนักงานการศึกษาพระปริยัติธรรม แผนกสามัญศึกษา,สำนักเขตการศึกษาพระปริยัติธรรมฯ เขต  5,2,61.11,5.56,41.85,1.31,50.00,25.00,42.49,16.25,33.33,33.33
2567,104,รังษีวิทยา,ฝาง,ใหญ่พิเศษ,นอกเมือง,สำนักงานคณะกรรมการส่งเสริมการศึกษาเอกชน,-,117,71.04,16.88,62.98,12.12,47.44,24.76,57.65,15.55,64.10,29.29
2567,105,รัตนาเอื้อวิทยา,ฝาง,ใหญ่,นอกเมือง,สำนักงานคณะกรรมการส่งเสริมการศึกษาเอกชน,-,50,64.67,18.68,52.55,18.74,42.50,26.58,54.12,16.87,60.67,30.32
2567,106,วัดเจดีย์งามปริยัติวิทยา,ฝาง,เล็ก,นอกเมือง,สำนักงานการศึกษาพระปริยัติธรรม แผนกสามัญศึกษา,สำนักเขตการศึกษาพระปริยัติธรรมฯ เขต  5,5,37.78,15.07,20.91,14.29,30.00,10.00,23.00,15.59,26.67,24.94
2567,107,วัดนันทาราม,ฝาง,กลาง,นอกเมือง,สำนักงานคณะกรรมการการศึกษาขั้นพื้นฐาน,สพป.เชียงใหม่ เขต 3,9,61.73,17.46,43.58,13.81,44.44,22.91,40.69,7.02,40.74,34.35
2567,108,วัดพระบาทอุดม,ฝาง,เล็ก,นอกเมือง,สำนักงานการศึกษาพระปริยัติธรรม แผนกสามัญศึกษา,สำนักเขตการศึกษาพระปริยัติธรรมฯ เขต  5,13,52.14,17.09,35.87,17.39,32.69,18.04,50.00,22.16,41.03,37.33
2567,109,สายอักษร,ฝาง,กลาง,นอกเมือง,สำนักงานคณะกรรมการส่งเสริมการศึกษาเอกชน,-,26,66.67,18.49,54.77,15.86,46.15,28.33,52.69,15.10,48.72,29.57
2567,110,เขื่อนผากวิทยา,พร้าว,เล็ก,นอกเมือง,สำนักงานการศึกษาพระปริยัติธรรม แผนกสามัญศึกษา,สำนักเขตการศึกษาพระปริยัติธรรมฯ เขต  5,11,57.58,16.29,43.52,14.49,34.09,34.17,43.07,14.43,54.55,21.43
2567,111,ชุมชนบ้านโป่ง,พร้าว,เล็ก,นอกเมือง,สำนักงานคณะกรรมการการศึกษาขั้นพื้นฐาน,สพป.เชียงใหม่ เขต 2,7,68.25,12.50,48.82,15.37,42.86,17.50,57.50,12.65,66.67,25.20
2567,112,บ้านนาบุญโหล่งขอด,พร้าว,เล็ก,นอกเมือง,สำนักงานคณะกรรมการการศึกษาขั้นพื้นฐาน,สพป.เชียงใหม่ เขต 2,10,67.78,14.44,56.95,14.44,62.50,12.50,53.75,17.90,56.67,30.00
2567,113,บ้านแม่ปั๋ง,พร้าว,เล็ก,นอกเมือง,สำนักงานคณะกรรมการการศึกษาขั้นพื้นฐาน,สพป.เชียงใหม่ เขต 2,13,61.54,14.20,43.99,13.35,38.46,31.95,49.04,12.84,38.46,25.64
2567,114,บ้านแม่ปาคี,พร้าว,เล็ก,นอกเมือง,สำนักงานคณะกรรมการการศึกษาขั้นพื้นฐาน,สพป.เชียงใหม่ เขต 2,4,52.78,4.81,38.13,16.10,12.50,12.50,41.25,14.45,50.00,16.67
2567,115,บ้านแม่เหียะ,พร้าว,เล็ก,นอกเมือง,สำนักงานคณะกรรมการการศึกษาขั้นพื้นฐาน,สพป.เชียงใหม่ เขต 2,16,57.64,20.49,47.51,17.89,46.88,26.33,52.50,12.88,54.17,26.02
2567,116,บ้านสันกลาง,พร้าว,เล็ก,นอกเมือง,สำนักงานคณะกรรมการการศึกษาขั้นพื้นฐาน,สพป.เชียงใหม่ เขต 2,4,66.67,15.71,50.00,9.77,43.75,10.83,49.05,8.39,58.33,27.64
2567,117,บ้านสันปง,พร้าว,เล็ก,นอกเมือง,สำนักงานคณะกรรมการการศึกษาขั้นพื้นฐาน,สพป.เชียงใหม่ เขต 2,3,62.96,27.72,50.50,15.07,41.67,31.18,72.50,3.68,44.44,41.57
2567,118,บ้านหนองปิด,พร้าว,เล็ก,นอกเมือง,สำนักงานคณะกรรมการการศึกษาขั้นพื้นฐาน,สพป.เชียงใหม่ เขต 2,6,68.52,9.97,53.38,5.52,29.17,26.68,61.25,16.21,50.00,37.27
2567,119,พร้าวบูรพา,พร้าว,เล็ก,นอกเมือง,สำนักงานคณะกรรมการการศึกษาขั้นพื้นฐาน,สพป.เชียงใหม่ เขต 2,9,56.79,11.04,34.80,14.52,41.67,31.18,42.23,10.49,29.63,18.89
2567,120,โรงเรียนพร้าววิทยาคม,พร้าว,ใหญ่,นอกเมือง,สำนักงานคณะกรรมการการศึกษาขั้นพื้นฐาน,สำนักงานเขตพื้นที่การศึกษามัธยมศึกษาเชียงใหม่,146,63.47,18.84,51.42,18.90,36.13,25.51,48.73,17.11,46.58,31.81
2567,121,สหกรณ์ดำริ,พร้าว,เล็ก,นอกเมือง,สำนักงานคณะกรรมการการศึกษาขั้นพื้นฐาน,สพป.เชียงใหม่ เขต 2,15,62.22,15.07,41.81,12.78,40.00,12.25,48.25,11.65,44.44,35.83
2567,122,กสิณธร เซนต์เจมส์ เชียงใหม่,เมืองเชียงใหม่,เล็ก,ในเมือง,สำนักงานคณะกรรมการส่งเสริมการศึกษาเอกชน,-,7,69.84,22.78,59.21,15.79,21.43,15.97,44.46,11.49,38.10,32.99
2567,123,กาวิละวิทยาลัย,เมืองเชียงใหม่,ใหญ่,ในเมือง,สำนักงานคณะกรรมการการศึกษาขั้นพื้นฐาน,สำนักงานเขตพื้นที่การศึกษามัธยมศึกษาเชียงใหม่,140,63.81,17.98,50.54,15.72,42.14,24.47,57.05,18.83,56.43,31.09
2567,124,โกวิทธำรงเชียงใหม่,เมืองเชียงใหม่,ใหญ่,ในเมือง,สำนักงานคณะกรรมการส่งเสริมการศึกษาเอกชน,-,53,64.15,18.40,57.21,11.48,43.87,25.19,54.58,17.38,59.75,31.30
2567,125,จิตราวิทยา,เมืองเชียงใหม่,ใหญ่,ในเมือง,สำนักงานคณะกรรมการส่งเสริมการศึกษาเอกชน,-,74,64.56,21.90,50.64,17.32,36.49,22.95,55.49,19.04,40.09,32.41
2567,126,ชุมชนเทศบาลวัดศรีดอนไชย,เมืองเชียงใหม่,กลาง,ในเมือง,กรมส่งเสริมการปกครองท้องถิ่น,ท้องถิ่นจังหวัดเชียงใหม่,26,56.84,20.28,50.85,17.27,40.38,22.01,56.87,15.61,48.72,32.33
2567,127,ชุมชนบ้านบวกครกน้อย,เมืองเชียงใหม่,กลาง,ในเมือง,สำนักงานคณะกรรมการการศึกษาขั้นพื้นฐาน,สพป.เชียงใหม่ เขต 1,17,64.05,15.96,55.67,10.98,30.88,27.82,63.97,12.47,52.94,28.14
2567,128,ชุมชนวัดท่าเดื่อ,เมืองเชียงใหม่,เล็ก,ในเมือง,สำนักงานคณะกรรมการการศึกษาขั้นพื้นฐาน,สพป.เชียงใหม่ เขต 1,32,61.11,15.21,48.68,10.87,39.06,18.68,57.23,18.43,50.00,34.36
2567,129,เชตุพนศึกษา,เมืองเชียงใหม่,เล็ก,ในเมือง,สำนักงานการศึกษาพระปริยัติธรรม แผนกสามัญศึกษา,สำนักเขตการศึกษาพระปริยัติธรรมฯ เขต  5,16,47.22,18.22,18.82,13.58,23.44,16.46,31.72,15.39,37.50,30.90
2567,130,เชียงใหม่คริสเตียน,เมืองเชียงใหม่,ใหญ่,ในเมือง,สำนักงานคณะกรรมการส่งเสริมการศึกษาเอกชน,-,128,58.59,19.18,49.37,15.96,32.03,21.18,41.83,17.25,39.32,29.30
2567,131,ดาราวิทยาลัย,เมืองเชียงใหม่,ใหญ่พิเศษ,ในเมือง,สำนักงานคณะกรรมการส่งเสริมการศึกษาเอกชน,-,235,71.96,18.17,56.98,16.93,45.00,24.17,56.63,16.91,59.57,33.64
2567,132,เทพบดินทร์วิทยาเชียงใหม่,เมืองเชียงใหม่,ใหญ่,ในเมือง,สำนักงานคณะกรรมการส่งเสริมการศึกษาเอกชน,-,106,61.64,18.13,45.68,16.49,39.86,21.66,51.53,16.61,47.48,29.65
2567,133,เทศบาลวัดท่าสะต๋อย,เมืองเชียงใหม่,กลาง,ในเมือง,กรมส่งเสริมการปกครองท้องถิ่น,ท้องถิ่นจังหวัดเชียงใหม่,28,64.68,13.63,46.23,16.98,38.39,27.13,57.81,14.47,52.38,25.86
2567,134,เทศบาลวัดศรีปิงเมือง,เมืองเชียงใหม่,กลาง,ในเมือง,กรมส่งเสริมการปกครองท้องถิ่น,ท้องถิ่นจังหวัดเชียงใหม่,20,52.22,23.07,44.77,16.27,43.75,23.55,47.81,19.41,48.33,26.82
2567,135,ธรรมเมธีศึกษา,เมืองเชียงใหม่,เล็ก,ในเมือง,สำนักงานการศึกษาพระปริยัติธรรม แผนกสามัญศึกษา,สำนักเขตการศึกษาพระปริยัติธรรมฯ เขต  5,6,57.41,19.69,29.99,19.41,33.33,23.57,50.41,21.79,38.89,29.92
2567,136,ธรรมราชศึกษา,เมืองเชียงใหม่,กลาง,ในเมือง,สำนักงานคณะกรรมการส่งเสริมการศึกษาเอกชน,-,97,56.36,22.01,43.23,20.10,33.51,23.78,47.13,17.61,46.74,32.34
2567,137,บ้านดอนปิน,เมืองเชียงใหม่,กลาง,ในเมือง,สำนักงานคณะกรรมการการศึกษาขั้นพื้นฐาน,สพป.เชียงใหม่ เขต 1,24,56.94,19.59,47.73,18.16,34.38,25.83,53.59,16.19,38.89,34.25
2567,138,บ้านโป่งน้อย,เมืองเชียงใหม่,กลาง,ในเมือง,สำนักงานคณะกรรมการการศึกษาขั้นพื้นฐาน,สพป.เชียงใหม่ เขต 1,18,58.02,16.79,40.81,14.61,41.67,26.35,56.53,11.82,48.15,19.95
2567,139,ปรินส์รอยแยลส์วิทยาลัย,เมืองเชียงใหม่,ใหญ่พิเศษ,ในเมือง,สำนักงานคณะกรรมการส่งเสริมการศึกษาเอกชน,-,506,76.39,15.94,60.81,15.21,50.74,21.91,61.62,19.13,67.06,31.78
2567,140,พระหฤทัยเชียงใหม่,เมืองเชียงใหม่,ใหญ่,ในเมือง,สำนักงานคณะกรรมการส่งเสริมการศึกษาเอกชน,-,83,70.28,16.82,54.27,17.73,41.27,26.16,60.17,18.54,57.03,32.12
2567,141,พิงครัตน์,เมืองเชียงใหม่,เล็ก,ในเมือง,สำนักงานคณะกรรมการส่งเสริมการศึกษาเอกชน,-,9,66.67,21.60,55.51,20.89,44.44,19.64,69.31,17.21,59.26,26.19
2567,142,มงฟอร์ตวิทยาลัย แผนกมัธยม,เมืองเชียงใหม่,ใหญ่พิเศษ,ในเมือง,สำนักงานคณะกรรมการส่งเสริมการศึกษาเอกชน,-,96,78.82,12.22,64.69,13.48,58.07,26.64,71.03,19.31,69.10,29.36
2567,143,เมตตาศึกษา,เมืองเชียงใหม่,กลาง,ในเมือง,สำนักงานคณะกรรมการส่งเสริมการศึกษาเอกชน,-,121,58.49,20.79,49.85,17.90,33.26,24.56,48.19,16.24,44.63,33.62
2567,144,ยุพราชวิทยาลัย,เมืองเชียงใหม่,ใหญ่พิเศษ,ในเมือง,สำนักงานคณะกรรมการการศึกษาขั้นพื้นฐาน,สำนักงานเขตพื้นที่การศึกษามัธยมศึกษาเชียงใหม่,543,75.51,17.39,63.90,15.30,47.38,22.73,62.43,17.46,63.17,30.11
2567,145,ยุวฑูตศึกษาพัฒนาราชพฤกษ์,เมืองเชียงใหม่,กลาง,ในเมือง,สำนักงานคณะกรรมการส่งเสริมการศึกษาเอกชน,-,19,65.50,18.34,53.44,19.76,47.37,19.69,60.20,16.26,66.67,35.87
2567,146,เรยีนาเชลีวิทยาลัย,เมืองเชียงใหม่,ใหญ่,ในเมือง,สำนักงานคณะกรรมการส่งเสริมการศึกษาเอกชน,-,128,70.40,19.06,60.36,16.59,42.97,24.59,60.66,18.51,65.89,31.31
2567,147,วชิรวิทย์ เชียงใหม่,เมืองเชียงใหม่,กลาง,ในเมือง,สำนักงานคณะกรรมการส่งเสริมการศึกษาเอกชน,-,52,69.44,18.86,55.70,17.32,43.75,26.35,56.68,14.26,46.79,30.84
2567,148,วัฒโนทัยพายัพ,เมืองเชียงใหม่,ใหญ่พิเศษ,ในเมือง,สำนักงานคณะกรรมการการศึกษาขั้นพื้นฐาน,สำนักงานเขตพื้นที่การศึกษามัธยมศึกษาเชียงใหม่,444,69.34,16.45,59.74,15.12,46.00,24.59,56.71,17.99,59.53,29.79
2567,149,วัดช่างเคี่ยน,เมืองเชียงใหม่,กลาง,ในเมือง,สำนักงานคณะกรรมการการศึกษาขั้นพื้นฐาน,สพป.เชียงใหม่ เขต 1,18,65.43,12.22,55.17,11.66,41.67,25.00,49.10,13.93,61.11,25.46
2567,150,วัดดอนจั่น,เมืองเชียงใหม่,กลาง,ในเมือง,สำนักงานคณะกรรมการการศึกษาขั้นพื้นฐาน,สพป.เชียงใหม่ เขต 1,25,47.56,20.73,27.80,15.86,35.00,24.49,50.85,15.13,32.00,25.79
2567,151,วัดวังสิงห์คำ,เมืองเชียงใหม่,กลาง,ในเมือง,สำนักงานคณะกรรมการการศึกษาขั้นพื้นฐาน,สพป.เชียงใหม่ เขต 1,12,77.78,15.71,60.00,8.06,62.50,23.94,65.10,16.04,66.67,27.22
2567,152,วารีเชียงใหม่,เมืองเชียงใหม่,ใหญ่พิเศษ,ในเมือง,สำนักงานคณะกรรมการส่งเสริมการศึกษาเอกชน,-,175,72.76,19.43,60.01,18.98,46.00,23.26,58.70,20.05,59.05,31.15
2567,153,วิชัยวิทยา,เมืองเชียงใหม่,กลาง,ในเมือง,สำนักงานคณะกรรมการส่งเสริมการศึกษาเอกชน,-,21,75.13,14.91,60.07,16.49,44.05,28.77,60.72,16.67,47.62,30.12
2567,154,วิทยาลัยนาฎศิลปเชียงใหม่,เมืองเชียงใหม่,กลาง,ในเมือง,สถาบันบัณฑิตพัฒนศิลป์ (ปวช.),-,29,62.45,19.88,46.43,18.80,31.03,19.31,49.44,16.76,45.98,29.57
2567,155,สมเด็จพระพุทธชินวงศ์,เมืองเชียงใหม่,กลาง,ในเมือง,สำนักงานการศึกษาพระปริยัติธรรม แผนกสามัญศึกษา,สำนักเขตการศึกษาพระปริยัติธรรมฯ เขต  5,37,41.14,17.68,27.53,16.70,34.46,20.43,41.83,21.06,36.04,32.31
2567,156,สังวาลย์วิทยา,เมืองเชียงใหม่,เล็ก,ในเมือง,สำนักงานคณะกรรมการการศึกษาขั้นพื้นฐาน,สพป.เชียงใหม่ เขต 1,6,44.44,18.14,33.50,12.10,29.17,26.68,46.67,14.06,44.44,36.85
2567,157,สาธิตมหาวิทยาลัยเชียงใหม่,เมืองเชียงใหม่,ใหญ่,ในเมือง,สำนักงานปลัดกระทรวงการอุดมศึกษาฯ,-,217,78.90,14.66,68.49,14.16,55.41,22.69,72.30,19.86,74.50,28.17
2567,158,สามัคคีวิทยาทาน,เมืองเชียงใหม่,เล็ก,ในเมือง,สำนักงานการศึกษาพระปริยัติธรรม แผนกสามัญศึกษา,สำนักเขตการศึกษาพระปริยัติธรรมฯ เขต  5,20,46.11,19.01,39.18,18.81,30.00,23.18,43.56,23.74,36.67,36.36
2567,159,สารสาสน์วิเทศเชียงใหม่,เมืองเชียงใหม่,ใหญ่,ในเมือง,สำนักงานคณะกรรมการส่งเสริมการศึกษาเอกชน,-,49,65.53,18.81,55.19,16.07,40.82,24.06,62.30,19.12,55.78,24.64
2567,160,สารสาสน์วิเทศล้านนา,เมืองเชียงใหม่,ใหญ่,ในเมือง,สำนักงานคณะกรรมการส่งเสริมการศึกษาเอกชน,-,32,61.46,20.22,51.71,17.62,29.69,22.91,50.94,15.71,38.54,29.00
2567,161,โสตศึกษาอนุสารสุนทร,เมืองเชียงใหม่,เล็ก,ในเมือง,สำนักบริหารงานการศึกษาพิเศษ,-,0,-,-,-,-,-,-,-,-,-,-
2567,162,หอพระ,เมืองเชียงใหม่,กลาง,ในเมือง,สำนักงานคณะกรรมการการศึกษาขั้นพื้นฐาน,สำนักงานเขตพื้นที่การศึกษามัธยมศึกษาเชียงใหม่,56,56.55,20.60,48.97,12.70,33.48,23.28,47.48,15.85,38.10,29.83
2567,163,อนุบาลหนองป่าครั่ง,เมืองเชียงใหม่,เล็ก,ในเมือง,กรมส่งเสริมการปกครองท้องถิ่น,ท้องถิ่นจังหวัดเชียงใหม่,7,66.67,10.29,59.94,11.48,53.57,15.97,52.85,13.26,57.14,29.35
2567,164,อภัยอริยศึกษา,เมืองเชียงใหม่,เล็ก,ในเมือง,สำนักงานการศึกษาพระปริยัติธรรม แผนกสามัญศึกษา,สำนักเขตการศึกษาพระปริยัติธรรมฯ เขต  5,10,46.67,15.56,30.84,18.12,25.00,19.36,51.25,15.19,20.00,26.67
2567,165,เซนต์โยเซฟแม่แจ่ม,แม่แจ่ม,กลาง,นอกเมือง,สำนักงานคณะกรรมการส่งเสริมการศึกษาเอกชน,-,43,64.86,19.16,49.85,18.23,38.95,24.29,50.79,13.48,53.49,35.32
2567,166,บ้านกองแขก,แม่แจ่ม,เล็ก,นอกเมือง,สำนักงานคณะกรรมการการศึกษาขั้นพื้นฐาน,สพป.เชียงใหม่ เขต 6,10,51.11,22.33,48.51,20.10,27.50,23.58,53.75,12.62,60.00,38.87
2567,167,บ้านขุนแม่หยอด,แม่แจ่ม,เล็ก,นอกเมือง,สำนักงานคณะกรรมการการศึกษาขั้นพื้นฐาน,สพป.เชียงใหม่ เขต 6,15,61.48,16.16,50.96,16.87,46.67,20.14,54.59,13.54,62.22,20.61
2567,168,บ้านทุ่งแก,แม่แจ่ม,เล็ก,นอกเมือง,สำนักงานคณะกรรมการการศึกษาขั้นพื้นฐาน,สพป.เชียงใหม่ เขต 6,7,46.03,20.94,42.22,14.22,28.57,15.97,56.43,10.19,42.86,15.06
2567,169,บ้านปางหินฝน,แม่แจ่ม,เล็ก,นอกเมือง,สำนักงานคณะกรรมการการศึกษาขั้นพื้นฐาน,สพป.เชียงใหม่ เขต 6,10,57.78,9.69,42.90,15.07,45.00,26.93,53.25,18.83,40.00,24.94
2567,170,บ้านปางอุ๋ง,แม่แจ่ม,กลาง,นอกเมือง,สำนักงานคณะกรรมการการศึกษาขั้นพื้นฐาน,สพป.เชียงใหม่ เขต 6,14,45.24,29.24,31.35,21.57,28.57,15.97,42.68,16.98,38.10,37.50
2567,171,บ้านแม่ซา,แม่แจ่ม,เล็ก,นอกเมือง,สำนักงานคณะกรรมการการศึกษาขั้นพื้นฐาน,สพป.เชียงใหม่ เขต 6,11,54.55,16.72,28.80,16.85,25.00,21.32,48.98,21.62,39.39,37.11
2567,172,บ้านแม่นาจร,แม่แจ่ม,กลาง,นอกเมือง,สำนักงานคณะกรรมการการศึกษาขั้นพื้นฐาน,สพป.เชียงใหม่ เขต 6,22,51.01,15.59,33.81,20.55,30.68,24.92,49.77,27.84,46.97,35.76
2567,173,บ้านแม่ศึก (มูลนิธิธรรมมาภิรักษ์อุปถัมภ์ที่ 2),แม่แจ่ม,เล็ก,นอกเมือง,สำนักงานคณะกรรมการการศึกษาขั้นพื้นฐาน,สพป.เชียงใหม่ เขต 6,5,53.33,14.74,39.75,14.25,45.00,18.71,57.00,13.94,33.33,21.08
2567,174,บ้านแม่หงานหลวง,แม่แจ่ม,เล็ก,นอกเมือง,สำนักงานคณะกรรมการการศึกษาขั้นพื้นฐาน,สพป.เชียงใหม่ เขต 6,19,49.71,19.87,35.86,14.38,22.37,21.30,40.86,16.56,52.63,24.93
2567,175,บ้านแม่เอาะ,แม่แจ่ม,เล็ก,นอกเมือง,สำนักงานคณะกรรมการการศึกษาขั้นพื้นฐาน,สพป.เชียงใหม่ เขต 6,3,62.96,27.72,35.92,27.41,33.33,11.79,47.91,14.08,55.56,31.43
2567,176,บ้านแม่แฮเหนือ,แม่แจ่ม,กลาง,นอกเมือง,สำนักงานคณะกรรมการการศึกษาขั้นพื้นฐาน,สพป.เชียงใหม่ เขต 6,45,56.79,17.09,34.11,18.42,35.00,23.21,54.53,19.54,42.96,31.13
2567,177,บ้านโม่งหลวง,แม่แจ่ม,เล็ก,นอกเมือง,สำนักงานคณะกรรมการการศึกษาขั้นพื้นฐาน,สพป.เชียงใหม่ เขต 6,16,54.86,20.96,37.17,17.37,31.25,20.73,57.58,19.30,50.00,33.33
2567,178,แม่แจ่ม,แม่แจ่ม,ใหญ่,นอกเมือง,สำนักงานคณะกรรมการการศึกษาขั้นพื้นฐาน,สำนักงานเขตพื้นที่การศึกษามัธยมศึกษาเชียงใหม่,145,59.46,19.98,47.99,17.66,34.14,24.00,49.52,17.65,44.60,34.62
2567,179,แม่แจ่มปริยัติศึกษา,แม่แจ่ม,เล็ก,นอกเมือง,สำนักงานการศึกษาพระปริยัติธรรม แผนกสามัญศึกษา,สำนักเขตการศึกษาพระปริยัติธรรมฯ เขต  5,13,52.99,15.81,44.47,17.53,44.23,17.41,47.41,17.84,33.33,22.65
2567,180,ราชประชานุเคราะห์ 31,แม่แจ่ม,กลาง,นอกเมือง,สำนักบริหารงานการศึกษาพิเศษ,-,147,56.01,20.20,42.64,17.32,32.82,23.47,48.83,15.60,47.85,32.08
2567,181,สาธิตชุมชนการเรียนรู้สมเด็จย่า วิทยาลัยโพธิวิชชาลัย มหาวิทยาลัยศรีนครินทรวิโรฒ แม่แจ่ม,แม่แจ่ม,เล็ก,นอกเมือง,สำนักงานปลัดกระทรวงการอุดมศึกษาฯ,-,12,55.56,19.25,56.82,10.92,43.75,32.48,53.23,13.08,25.00,24.06
2567,182,อินทนนท์วิทยา,แม่แจ่ม,เล็ก,นอกเมือง,สำนักงานคณะกรรมการการศึกษาขั้นพื้นฐาน,สพป.เชียงใหม่ เขต 6,18,58.64,23.95,51.67,13.64,31.94,20.08,48.54,14.91,55.56,35.14
2567,183,ชุมชนวัดช่อแล,แม่แตง,เล็ก,นอกเมือง,สำนักงานคณะกรรมการการศึกษาขั้นพื้นฐาน,สพป.เชียงใหม่ เขต 2,11,56.57,23.43,38.33,15.75,36.36,19.55,45.34,20.16,54.55,25.71
2567,184,เชียงใหม่มัธยม,แม่แตง,ใหญ่,นอกเมือง,สำนักงานคณะกรรมการส่งเสริมการศึกษาเอกชน,-,7,73.02,13.09,53.33,8.86,46.43,20.82,51.25,10.84,57.14,23.33
2567,185,บ้านปง,แม่แตง,เล็ก,นอกเมือง,สำนักงานคณะกรรมการการศึกษาขั้นพื้นฐาน,สพป.เชียงใหม่ เขต 2,11,64.65,16.29,49.40,17.28,43.18,24.05,47.50,17.43,63.64,26.42
2567,186,บ้านปางไม้แดง,แม่แตง,เล็ก,นอกเมือง,สำนักงานคณะกรรมการการศึกษาขั้นพื้นฐาน,สพป.เชียงใหม่ เขต 2,11,52.53,20.15,44.98,18.29,40.91,24.48,68.41,18.08,54.55,32.64
2567,187,บ้านปางห้วยตาด,แม่แตง,เล็ก,นอกเมือง,สำนักงานคณะกรรมการการศึกษาขั้นพื้นฐาน,สพป.เชียงใหม่ เขต 2,5,55.56,12.17,29.41,13.68,35.00,30.00,43.50,9.73,33.33,29.81
2567,188,บ้านเป้าวิทยาคาร,แม่แตง,เล็ก,นอกเมือง,สำนักงานคณะกรรมการการศึกษาขั้นพื้นฐาน,สพป.เชียงใหม่ เขต 2,8,63.89,12.11,47.72,12.61,56.25,20.73,58.13,9.98,50.00,28.87
2567,189,บ้านเมืองกื้ด,แม่แตง,เล็ก,นอกเมือง,สำนักงานคณะกรรมการการศึกษาขั้นพื้นฐาน,สพป.เชียงใหม่ เขต 2,26,62.82,19.48,42.86,15.26,41.35,19.54,51.78,19.04,47.44,24.76
2567,190,บ้านแม่ไคร้,แม่แตง,เล็ก,นอกเมือง,สำนักงานคณะกรรมการการศึกษาขั้นพื้นฐาน,สพป.เชียงใหม่ เขต 2,3,40.74,5.24,18.77,17.94,16.67,11.79,36.25,10.05,44.44,15.71
2567,191,บ้านแม่ตะมาน,แม่แตง,เล็ก,นอกเมือง,สำนักงานคณะกรรมการการศึกษาขั้นพื้นฐาน,สพป.เชียงใหม่ เขต 2,10,72.22,15.11,55.15,11.16,40.00,20.00,47.25,12.86,53.33,16.33
2567,192,ป่าจี้วังแดงวิทยา,แม่แตง,เล็ก,นอกเมือง,สำนักงานคณะกรรมการการศึกษาขั้นพื้นฐาน,สพป.เชียงใหม่ เขต 2,11,61.62,14.50,49.42,14.89,38.64,24.69,56.14,11.49,63.64,30.00
2567,193,ป่าแป๋วิทยา,แม่แตง,เล็ก,นอกเมือง,สำนักงานคณะกรรมการการศึกษาขั้นพื้นฐาน,สพป.เชียงใหม่ เขต 2,23,57.49,16.27,50.05,17.68,35.87,20.62,54.61,16.93,60.87,36.32
2567,194,พระปริยัติธรรมแม่แตงวิทยา,แม่แตง,เล็ก,นอกเมือง,สำนักงานการศึกษาพระปริยัติธรรม แผนกสามัญศึกษา,สำนักเขตการศึกษาพระปริยัติธรรมฯ เขต  5,10,52.22,15.75,33.70,11.90,27.50,23.58,44.88,15.86,50.00,26.87
2567,195,แม่แตง,แม่แตง,กลาง,นอกเมือง,สำนักงานคณะกรรมการการศึกษาขั้นพื้นฐาน,สำนักงานเขตพื้นที่การศึกษามัธยมศึกษาเชียงใหม่,136,56.70,21.15,44.75,17.96,33.27,23.49,45.70,16.32,43.38,31.39
2567,196,แม่หอพระวิทยาคม,แม่แตง,เล็ก,นอกเมือง,สำนักงานคณะกรรมการการศึกษาขั้นพื้นฐาน,สำนักงานเขตพื้นที่การศึกษามัธยมศึกษาเชียงใหม่,31,59.50,21.22,45.78,19.61,41.13,23.37,49.72,19.06,43.01,24.24
2567,197,ร่ำเปิงวิทยา,แม่แตง,กลาง,นอกเมือง,สำนักงานคณะกรรมการการศึกษาขั้นพื้นฐาน,สพป.เชียงใหม่ เขต 2,20,53.33,20.37,27.75,14.74,38.75,26.78,58.19,17.57,41.67,29.58
2567,198,วัดท่าข้าม,แม่แตง,เล็ก,นอกเมือง,สำนักงานคณะกรรมการการศึกษาขั้นพื้นฐาน,สพป.เชียงใหม่ เขต 2,6,62.96,12.28,47.97,12.15,41.67,34.36,48.13,9.89,66.67,19.25
2567,199,วัดบ้านเหล่า,แม่แตง,เล็ก,นอกเมือง,สำนักงานคณะกรรมการการศึกษาขั้นพื้นฐาน,สพป.เชียงใหม่ เขต 2,8,47.22,15.47,30.66,17.98,21.88,14.99,42.66,12.88,45.83,37.03
2567,200,วัดปางมะกล้วย,แม่แตง,เล็ก,นอกเมือง,สำนักงานคณะกรรมการการศึกษาขั้นพื้นฐาน,สพป.เชียงใหม่ เขต 2,2,55.56,0.00,52.15,10.06,25.00,25.00,48.76,1.24,50.00,50.00
2567,201,สบเปิงวิทยา,แม่แตง,กลาง,นอกเมือง,สำนักงานคณะกรรมการการศึกษาขั้นพื้นฐาน,สพป.เชียงใหม่ เขต 2,26,59.83,19.26,43.11,17.52,38.46,28.78,49.85,15.60,52.56,28.00
2567,202,สันป่ายางวิทยาคม,แม่แตง,เล็ก,นอกเมือง,สำนักงานคณะกรรมการการศึกษาขั้นพื้นฐาน,สำนักงานเขตพื้นที่การศึกษามัธยมศึกษาเชียงใหม่,25,60.44,19.14,52.67,12.57,41.00,27.28,42.75,18.62,44.00,32.28
2567,203,สันมหาพนวิทยา,แม่แตง,เล็ก,นอกเมือง,สำนักงานคณะกรรมการการศึกษาขั้นพื้นฐาน,สพป.เชียงใหม่ เขต 2,15,60.00,21.77,38.38,17.58,31.67,23.21,50.00,13.11,37.78,34.14
2567,204,อนุบาลสานสายใยรักเทศบาลเมืองเมืองแกนพัฒนา,แม่แตง,กลาง,นอกเมือง,กรมส่งเสริมการปกครองท้องถิ่น,ท้องถิ่นจังหวัดเชียงใหม่,17,62.75,19.03,46.26,19.51,29.41,23.07,47.57,16.36,43.14,27.45
2567,205,เจ้าพ่อหลวงอุปถัมภ์ 7,แม่ริม,เล็ก,นอกเมือง,สำนักงานคณะกรรมการการศึกษาขั้นพื้นฐาน,สพป.เชียงใหม่ เขต 2,1,55.56,0.00,43.70,0.00,50.00,0.00,58.75,0.00,33.33,0.00
2567,206,นวมินทราชูทิศ พายัพ,แม่ริม,ใหญ่,นอกเมือง,สำนักงานคณะกรรมการการศึกษาขั้นพื้นฐาน,สำนักงานเขตพื้นที่การศึกษามัธยมศึกษาเชียงใหม่,260,58.63,23.12,47.85,18.39,37.40,24.27,48.92,19.11,48.46,32.19
2567,207,บ้านทุ่งโป่ง,แม่ริม,กลาง,นอกเมือง,สำนักงานคณะกรรมการการศึกษาขั้นพื้นฐาน,สพป.เชียงใหม่ เขต 2,18,64.20,18.35,50.30,13.09,37.50,22.44,51.25,14.56,53.70,37.08
2567,208,บ้านป่าติ้ว,แม่ริม,เล็ก,นอกเมือง,สำนักงานคณะกรรมการการศึกษาขั้นพื้นฐาน,สพป.เชียงใหม่ เขต 2,20,60.56,18.42,50.54,16.07,43.75,26.07,48.88,17.06,58.33,40.65
2567,209,บ้านแม่สา,แม่ริม,กลาง,นอกเมือง,สำนักงานคณะกรรมการการศึกษาขั้นพื้นฐาน,สพป.เชียงใหม่ เขต 2,10,68.89,18.46,49.55,18.11,50.00,15.81,54.87,17.28,66.67,33.33
2567,210,บ้านศาลา,แม่ริม,กลาง,นอกเมือง,กรมส่งเสริมการปกครองท้องถิ่น,ท้องถิ่นจังหวัดเชียงใหม่,80,62.92,19.56,45.40,15.68,38.75,21.61,42.78,15.95,51.25,30.71
2567,211,บ้านสะลวงนอก,แม่ริม,เล็ก,นอกเมือง,สำนักงานคณะกรรมการการศึกษาขั้นพื้นฐาน,สพป.เชียงใหม่ เขต 2,12,56.48,17.25,42.44,9.74,31.25,20.73,53.44,16.45,38.89,26.64
2567,212,บ้านสันคะยอม,แม่ริม,เล็ก,นอกเมือง,สำนักงานคณะกรรมการการศึกษาขั้นพื้นฐาน,สพป.เชียงใหม่ เขต 2,11,57.58,18.84,46.06,10.10,31.82,18.74,52.96,13.56,69.70,22.27
2567,213,บ้านหนองปลามัน,แม่ริม,เล็ก,นอกเมือง,สำนักงานคณะกรรมการการศึกษาขั้นพื้นฐาน,สพป.เชียงใหม่ เขต 2,17,65.36,18.62,43.99,19.55,30.88,25.04,53.89,12.60,68.63,26.74
2567,214,แม่ริมวิทยา,แม่ริม,เล็ก,นอกเมือง,สำนักงานการศึกษาพระปริยัติธรรม แผนกสามัญศึกษา,สำนักเขตการศึกษาพระปริยัติธรรมฯ เขต  5,19,50.29,21.44,33.60,18.08,28.95,16.75,44.54,12.36,36.84,32.25
2567,215,แม่ริมวิทยาคม,แม่ริม,ใหญ่,นอกเมือง,สำนักงานคณะกรรมการการศึกษาขั้นพื้นฐาน,สำนักงานเขตพื้นที่การศึกษามัธยมศึกษาเชียงใหม่,293,61.43,20.68,48.83,14.82,36.95,26.25,46.68,18.05,45.62,31.89
2567,216,ราชประชานุเคราะห์ 60 จังหวัดเชียงใหม่,แม่ริม,กลาง,นอกเมือง,สำนักบริหารงานการศึกษาพิเศษ,-,85,56.47,15.45,45.73,16.71,32.06,18.63,47.68,15.39,35.69,30.16
2567,217,บ้านกาดวิทยาคม,แม่วาง,กลาง,นอกเมือง,สำนักงานคณะกรรมการการศึกษาขั้นพื้นฐาน,สำนักงานเขตพื้นที่การศึกษามัธยมศึกษาเชียงใหม่,117,53.18,20.17,48.04,17.47,33.12,24.42,50.78,18.76,45.58,30.69
2567,218,บ้านห้วยตอง,แม่วาง,กลาง,นอกเมือง,สำนักงานคณะกรรมการการศึกษาขั้นพื้นฐาน,สพป.เชียงใหม่ เขต 4,17,55.56,19.06,46.31,18.76,27.94,18.95,43.97,13.07,45.10,30.12
2567,219,แม่วินสามัคคี,แม่วาง,กลาง,นอกเมือง,สำนักงานคณะกรรมการการศึกษาขั้นพื้นฐาน,สพป.เชียงใหม่ เขต 4,63,53.44,21.40,42.29,19.52,26.19,24.16,56.37,15.32,43.92,30.18
2567,220,วัดมะกับตองหลวง,แม่วาง,เล็ก,นอกเมือง,สำนักงานคณะกรรมการการศึกษาขั้นพื้นฐาน,สพป.เชียงใหม่ เขต 4,2,77.78,0.00,34.72,22.42,25.00,0.00,63.12,13.12,50.00,16.67
2567,221,วัดห้วยแก้ว,แม่วาง,เล็ก,นอกเมือง,สำนักงานคณะกรรมการการศึกษาขั้นพื้นฐาน,สพป.เชียงใหม่ เขต 4,5,60.00,11.33,45.88,7.13,40.00,20.00,59.50,19.05,53.33,16.33
2567,222,สัพพัญญูวิทยา,แม่วาง,เล็ก,นอกเมือง,สำนักงานการศึกษาพระปริยัติธรรม แผนกสามัญศึกษา,สำนักเขตการศึกษาพระปริยัติธรรมฯ เขต  5,5,31.11,14.74,18.82,15.05,30.00,18.71,35.74,12.01,26.67,32.66
2567,223,ทาเหนือวิทยา,แม่ออน,เล็ก,นอกเมือง,สำนักงานคณะกรรมการการศึกษาขั้นพื้นฐาน,สพป.เชียงใหม่ เขต 1,25,44.89,16.77,34.15,16.07,27.00,19.90,41.45,15.21,32.00,27.46
2567,224,แม่ออนวิทยาลัย,แม่ออน,กลาง,นอกเมือง,สำนักงานคณะกรรมการการศึกษาขั้นพื้นฐาน,สำนักงานเขตพื้นที่การศึกษามัธยมศึกษาเชียงใหม่,55,59.80,18.53,48.55,17.53,35.45,24.63,46.52,17.01,44.24,34.26
2567,225,วัดห้วยแก้ว,แม่ออน,เล็ก,นอกเมือง,สำนักงานคณะกรรมการการศึกษาขั้นพื้นฐาน,สพป.เชียงใหม่ เขต 1,11,58.59,17.14,45.99,17.39,34.09,16.07,49.66,15.90,57.58,32.07
2567,226,วัดห้วยทราย,แม่ออน,เล็ก,นอกเมือง,สำนักงานคณะกรรมการการศึกษาขั้นพื้นฐาน,สพป.เชียงใหม่ เขต 1,13,51.28,16.04,38.88,14.64,44.23,22.26,47.22,13.30,38.46,31.61
2567,227,เจ้าพ่อหลวงอุปถัมภ์ 9,แม่อาย,กลาง,นอกเมือง,สำนักงานคณะกรรมการการศึกษาขั้นพื้นฐาน,สพป.เชียงใหม่ เขต 3,31,53.41,16.07,44.65,18.38,41.13,27.35,47.05,20.38,48.39,36.75
2567,228,ชุมชนบ้านคาย,แม่อาย,กลาง,นอกเมือง,สำนักงานคณะกรรมการการศึกษาขั้นพื้นฐาน,สพป.เชียงใหม่ เขต 3,12,65.74,11.53,50.67,12.61,39.58,25.94,52.92,16.51,69.44,21.34
2567,229,ชุมชนบ้านแม่ฮ่าง,แม่อาย,กลาง,นอกเมือง,สำนักงานคณะกรรมการการศึกษาขั้นพื้นฐาน,สพป.เชียงใหม่ เขต 3,17,60.13,19.45,45.07,13.95,44.12,20.16,66.69,10.71,56.86,35.73
2567,230,โชติคุณเกษมบ้านเมืองงาม,แม่อาย,กลาง,นอกเมือง,สำนักงานคณะกรรมการการศึกษาขั้นพื้นฐาน,สพป.เชียงใหม่ เขต 3,37,54.35,19.29,38.17,18.69,33.11,22.55,46.59,17.19,27.93,27.41
2567,231,ไทยรัฐวิทยา 12 (บ้านเอก),แม่อาย,กลาง,นอกเมือง,สำนักงานคณะกรรมการการศึกษาขั้นพื้นฐาน,สพป.เชียงใหม่ เขต 3,15,76.30,12.08,72.07,10.97,56.67,21.34,77.33,7.91,77.78,28.97
2567,232,บ้านท่ามะแกง,แม่อาย,เล็ก,นอกเมือง,สำนักงานคณะกรรมการการศึกษาขั้นพื้นฐาน,สพป.เชียงใหม่ เขต 3,16,58.33,17.79,53.88,13.06,46.88,30.46,48.91,19.85,56.25,30.55
2567,233,บ้านป่าก๊อ,แม่อาย,กลาง,นอกเมือง,สำนักงานคณะกรรมการการศึกษาขั้นพื้นฐาน,สพป.เชียงใหม่ เขต 3,20,50.00,20.03,32.79,19.77,26.25,25.59,40.50,14.83,31.67,26.82
2567,234,บ้านปางต้นเดื่อ,แม่อาย,กลาง,นอกเมือง,สำนักงานคณะกรรมการการศึกษาขั้นพื้นฐาน,สพป.เชียงใหม่ เขต 3,19,58.48,14.35,48.60,12.30,34.21,20.21,56.64,22.87,56.14,30.69
2567,235,บ้านป่าแดง,แม่อาย,กลาง,นอกเมือง,สำนักงานคณะกรรมการการศึกษาขั้นพื้นฐาน,สพป.เชียงใหม่ เขต 3,16,42.36,17.22,28.48,16.47,28.13,19.52,45.70,12.42,22.92,19.43
2567,236,บ้านสันต้นหมื้อ,แม่อาย,กลาง,นอกเมือง,สำนักงานคณะกรรมการการศึกษาขั้นพื้นฐาน,สพป.เชียงใหม่ เขต 3,42,51.59,20.55,39.75,19.10,29.76,26.86,52.86,14.43,40.48,33.76
2567,237,บ้านสุขฤทัย,แม่อาย,กลาง,นอกเมือง,สำนักงานคณะกรรมการการศึกษาขั้นพื้นฐาน,สพป.เชียงใหม่ เขต 3,38,52.34,20.54,37.04,19.21,36.84,22.02,46.81,15.17,42.11,29.30
2567,238,บ้านห้วยคอกหมู,แม่อาย,เล็ก,นอกเมือง,สำนักงานคณะกรรมการการศึกษาขั้นพื้นฐาน,สพป.เชียงใหม่ เขต 3,18,33.95,17.16,23.62,15.00,34.72,29.03,40.35,13.68,22.22,22.22
2567,239,พระปริยัติธรรมวัดท่าตอน,แม่อาย,เล็ก,นอกเมือง,สำนักงานการศึกษาพระปริยัติธรรม แผนกสามัญศึกษา,สำนักเขตการศึกษาพระปริยัติธรรมฯ เขต  5,14,50.00,18.66,43.95,19.79,30.36,19.32,52.42,13.45,50.00,37.27
2567,240,เพียงหลวง 1 (บ้านท่าตอน),แม่อาย,กลาง,นอกเมือง,สำนักงานคณะกรรมการการศึกษาขั้นพื้นฐาน,สพป.เชียงใหม่ เขต 3,54,58.23,16.42,46.46,17.31,41.20,22.65,56.53,14.39,53.70,31.04
2567,241,แม่อายวิทยาคม,แม่อาย,ใหญ่,นอกเมือง,กรมส่งเสริมการปกครองท้องถิ่น,ท้องถิ่นจังหวัดเชียงใหม่,37,56.76,20.31,51.54,14.45,37.84,24.40,50.81,15.14,46.85,33.30
2567,242,ราชประชานุเคราะห์ 30,แม่อาย,กลาง,นอกเมือง,สำนักบริหารงานการศึกษาพิเศษ,-,45,57.28,18.29,41.97,19.24,31.67,22.61,51.89,11.40,41.48,25.49
2567,243,บ้านนามน,เวียงแหง,เล็ก,นอกเมือง,สำนักงานคณะกรรมการการศึกษาขั้นพื้นฐาน,สพป.เชียงใหม่ เขต 3,14,53.17,22.29,42.48,18.38,30.36,21.50,61.43,18.44,57.14,26.51
2567,244,บ้านปางป๋อ,เวียงแหง,เล็ก,นอกเมือง,สำนักงานคณะกรรมการการศึกษาขั้นพื้นฐาน,สพป.เชียงใหม่ เขต 3,12,62.04,13.95,52.09,12.22,60.42,16.00,50.83,13.66,66.67,30.43
2567,245,บ้านเปียงหลวง,เวียงแหง,กลาง,นอกเมือง,สำนักงานคณะกรรมการการศึกษาขั้นพื้นฐาน,สพป.เชียงใหม่ เขต 3,56,62.50,17.76,47.60,16.41,43.30,23.85,53.08,18.36,49.40,31.49
2567,246,เวียงแหงปริยัติศึกษา,เวียงแหง,เล็ก,นอกเมือง,สำนักงานการศึกษาพระปริยัติธรรม แผนกสามัญศึกษา,สำนักเขตการศึกษาพระปริยัติธรรมฯ เขต  5,32,46.53,18.93,30.23,18.91,28.13,24.80,48.36,15.96,38.54,31.30
2567,247,เวียงแหงวิทยาคม,เวียงแหง,ใหญ่,นอกเมือง,สำนักงานคณะกรรมการการศึกษาขั้นพื้นฐาน,สำนักงานเขตพื้นที่การศึกษามัธยมศึกษาเชียงใหม่,165,59.93,18.66,41.17,17.07,35.15,23.82,48.32,15.97,46.46,30.64
2567,248,บ้านบ่อแก้ว,สะเมิง,กลาง,นอกเมือง,สำนักงานคณะกรรมการการศึกษาขั้นพื้นฐาน,สพป.เชียงใหม่ เขต 2,30,50.74,20.42,31.10,21.62,32.50,27.50,42.92,19.84,36.67,29.00
2567,249,บ้านปางขุม,สะเมิง,เล็ก,นอกเมือง,สำนักงานคณะกรรมการการศึกษาขั้นพื้นฐาน,สพป.เชียงใหม่ เขต 2,5,55.56,15.71,37.23,15.06,45.00,24.49,36.01,8.92,13.33,16.33
2567,250,บ้านป่าลาน,สะเมิง,เล็ก,นอกเมือง,สำนักงานคณะกรรมการการศึกษาขั้นพื้นฐาน,สพป.เชียงใหม่ เขต 2,12,62.04,14.67,53.32,10.37,56.25,20.73,46.04,13.24,58.33,19.84
2567,251,บ้านแม่ขะปู,สะเมิง,เล็ก,นอกเมือง,สำนักงานคณะกรรมการการศึกษาขั้นพื้นฐาน,สพป.เชียงใหม่ เขต 2,6,48.15,8.28,38.94,22.20,25.00,20.41,55.83,15.19,11.11,15.71
2567,252,บ้านแม่โต๋,สะเมิง,เล็ก,นอกเมือง,สำนักงานคณะกรรมการการศึกษาขั้นพื้นฐาน,สพป.เชียงใหม่ เขต 2,26,49.15,19.29,37.92,13.53,31.73,22.53,48.80,18.93,29.49,21.34
2567,253,บ้านแม่ยางห้า,สะเมิง,เล็ก,นอกเมือง,สำนักงานคณะกรรมการการศึกษาขั้นพื้นฐาน,สพป.เชียงใหม่ เขต 2,17,54.90,22.38,41.18,19.63,39.71,24.34,57.50,17.82,52.94,32.46
2567,254,บ้านแม่ลานคำ,สะเมิง,เล็ก,นอกเมือง,สำนักงานคณะกรรมการการศึกษาขั้นพื้นฐาน,สพป.เชียงใหม่ เขต 2,17,58.82,18.58,45.25,17.90,27.94,22.50,51.69,10.35,39.22,32.81
2567,255,บ้านแม่แว,สะเมิง,เล็ก,นอกเมือง,สำนักงานคณะกรรมการการศึกษาขั้นพื้นฐาน,สพป.เชียงใหม่ เขต 2,9,49.38,10.62,37.82,8.75,19.44,15.71,50.70,19.65,48.15,27.72
2567,256,วัดงิ้วเฒ่า,สะเมิง,เล็ก,นอกเมือง,สำนักงานคณะกรรมการการศึกษาขั้นพื้นฐาน,สพป.เชียงใหม่ เขต 2,12,49.07,16.01,43.07,14.50,41.67,15.59,52.19,17.31,44.44,39.28
2567,257,วัดยั้งเมิน,สะเมิง,เล็ก,นอกเมือง,สำนักงานคณะกรรมการการศึกษาขั้นพื้นฐาน,สพป.เชียงใหม่ เขต 2,10,55.56,11.11,35.83,17.56,40.00,22.91,52.62,14.98,46.67,37.12
2567,258,วัดสะเมิงวิทยา,สะเมิง,เล็ก,นอกเมือง,สำนักงานการศึกษาพระปริยัติธรรม แผนกสามัญศึกษา,สำนักเขตการศึกษาพระปริยัติธรรมฯ เขต  5,9,44.44,24.00,37.92,22.42,36.11,23.90,33.06,12.51,33.33,27.22
2567,259,สะเมิงพิทยาคม,สะเมิง,กลาง,นอกเมือง,สำนักงานคณะกรรมการการศึกษาขั้นพื้นฐาน,สำนักงานเขตพื้นที่การศึกษามัธยมศึกษาเชียงใหม่,74,58.71,17.76,49.98,16.04,34.46,22.77,45.93,15.97,46.40,31.87
2567,260,บ้านบวกค้าง,สันกำแพง,เล็ก,นอกเมือง,สำนักงานคณะกรรมการการศึกษาขั้นพื้นฐาน,สพป.เชียงใหม่ เขต 1,5,86.67,12.96,61.30,7.76,65.00,12.25,62.25,14.91,80.00,26.67
2567,261,บ้านแม่ปูคา,สันกำแพง,เล็ก,นอกเมือง,สำนักงานคณะกรรมการการศึกษาขั้นพื้นฐาน,สพป.เชียงใหม่ เขต 1,9,62.96,18.89,57.54,9.84,44.44,15.71,59.44,16.63,55.56,31.43
2567,262,บ้านหนองโค้ง,สันกำแพง,กลาง,นอกเมือง,สำนักงานคณะกรรมการการศึกษาขั้นพื้นฐาน,สพป.เชียงใหม่ เขต 1,46,55.56,19.38,45.23,16.12,34.78,21.16,48.97,15.20,42.03,31.42
2567,263,วัดล้านตอง,สันกำแพง,เล็ก,นอกเมือง,สำนักงานคณะกรรมการการศึกษาขั้นพื้นฐาน,สพป.เชียงใหม่ เขต 1,8,58.33,22.05,45.92,12.45,43.75,24.21,56.09,16.54,45.83,28.57
2567,264,สันกำแพง,สันกำแพง,ใหญ่พิเศษ,นอกเมือง,สำนักงานคณะกรรมการการศึกษาขั้นพื้นฐาน,สำนักงานเขตพื้นที่การศึกษามัธยมศึกษาเชียงใหม่,447,65.50,18.27,51.03,17.51,38.14,24.84,53.92,18.66,52.05,32.39
2567,265,สันกำแพงคันธาอนุสรณ์,สันกำแพง,เล็ก,นอกเมือง,สำนักงานคณะกรรมการการศึกษาขั้นพื้นฐาน,สพป.เชียงใหม่ เขต 1,16,54.86,18.62,31.44,22.12,26.56,20.67,41.25,19.33,25.00,27.64
2567,266,ชลประทานเขื่อนแม่กวงจิราธิวัฒน์อุปถัมภ์,สันทราย,กลาง,นอกเมือง,สำนักงานคณะกรรมการการศึกษาขั้นพื้นฐาน,สพป.เชียงใหม่ เขต 2,30,49.26,20.02,32.50,17.92,32.50,22.50,44.50,16.55,41.11,29.42
2567,267,บ้านเจดีย์แม่ครัว,สันทราย,กลาง,นอกเมือง,สำนักงานคณะกรรมการการศึกษาขั้นพื้นฐาน,สพป.เชียงใหม่ เขต 2,48,65.28,15.98,50.26,13.36,36.98,22.82,53.70,16.63,57.64,33.15
2567,268,บ้านบวกเปา,สันทราย,เล็ก,นอกเมือง,สำนักงานคณะกรรมการการศึกษาขั้นพื้นฐาน,สพป.เชียงใหม่ เขต 2,14,65.87,21.60,53.15,14.07,39.29,24.48,53.39,22.64,57.14,29.35
2567,269,บ้านแม่โจ้,สันทราย,กลาง,นอกเมือง,สำนักงานคณะกรรมการการศึกษาขั้นพื้นฐาน,สพป.เชียงใหม่ เขต 2,29,54.02,21.19,43.86,17.03,31.03,23.36,41.34,15.74,45.98,33.23
2567,270,บ้านร่มหลวง,สันทราย,เล็ก,นอกเมือง,สำนักงานคณะกรรมการการศึกษาขั้นพื้นฐาน,สพป.เชียงใหม่ เขต 2,18,64.20,19.79,47.21,16.30,50.00,26.35,48.82,17.74,55.56,35.14
2567,271,บ้านศรีบุญเรือง,สันทราย,กลาง,นอกเมือง,สำนักงานคณะกรรมการการศึกษาขั้นพื้นฐาน,สพป.เชียงใหม่ เขต 2,14,67.46,21.19,56.84,19.66,44.64,19.32,59.02,15.09,59.52,28.67
2567,272,บ้านหนองไคร้,สันทราย,กลาง,นอกเมือง,สำนักงานคณะกรรมการการศึกษาขั้นพื้นฐาน,สพป.เชียงใหม่ เขต 2,51,61.87,17.36,52.01,15.06,38.73,25.87,58.01,17.25,58.82,29.22
2567,273,บ้านหลักปัน,สันทราย,กลาง,นอกเมือง,สำนักงานคณะกรรมการการศึกษาขั้นพื้นฐาน,สพป.เชียงใหม่ เขต 2,24,67.59,15.35,53.34,9.82,37.50,27.00,54.89,15.73,65.28,26.32
2567,274,พงษ์พิกุลเชียงใหม่,สันทราย,กลาง,นอกเมือง,สำนักงานคณะกรรมการส่งเสริมการศึกษาเอกชน,-,13,63.25,15.94,47.03,14.64,34.62,12.16,46.15,16.65,33.33,29.24
2567,275,วัดแม่แก้ดน้อย,สันทราย,ใหญ่,นอกเมือง,สำนักงานคณะกรรมการการศึกษาขั้นพื้นฐาน,สพป.เชียงใหม่ เขต 2,72,60.65,20.86,44.16,17.09,39.58,24.91,50.42,17.01,50.46,28.86
2567,276,วัดวิเวกวนาราม,สันทราย,เล็ก,นอกเมือง,สำนักงานการศึกษาพระปริยัติธรรม แผนกสามัญศึกษา,สำนักเขตการศึกษาพระปริยัติธรรมฯ เขต  5,17,50.98,21.24,39.98,18.85,30.88,25.04,48.67,18.89,41.18,33.39
2567,277,สันทรายวิทยาคม,สันทราย,ใหญ่,นอกเมือง,สำนักงานคณะกรรมการการศึกษาขั้นพื้นฐาน,สำนักงานเขตพื้นที่การศึกษามัธยมศึกษาเชียงใหม่,268,65.63,19.25,55.29,14.84,44.50,26.27,54.31,18.85,58.21,32.37
2567,278,สันทรายหลวง,สันทราย,กลาง,นอกเมือง,สำนักงานคณะกรรมการการศึกษาขั้นพื้นฐาน,สพป.เชียงใหม่ เขต 2,87,65.26,17.08,48.62,15.99,35.63,26.70,55.85,17.54,53.64,30.89
2567,279,ทุ่งฟ้าบดราษฎร์บำรุง,สันป่าตอง,กลาง,นอกเมือง,กรมส่งเสริมการปกครองท้องถิ่น,ท้องถิ่นจังหวัดเชียงใหม่,55,57.37,21.79,49.11,15.40,30.45,25.09,53.11,14.82,49.09,32.32
2567,280,เทพศิรินทร์ เชียงใหม่,สันป่าตอง,กลาง,นอกเมือง,สำนักงานคณะกรรมการการศึกษาขั้นพื้นฐาน,สำนักงานเขตพื้นที่การศึกษามัธยมศึกษาเชียงใหม่,107,53.69,21.99,41.80,19.71,26.64,21.96,42.31,16.99,38.94,30.74
2567,281,บ้านทุ่งเสี้ยว (นวรัฐ),สันป่าตอง,เล็ก,นอกเมือง,สำนักงานคณะกรรมการการศึกษาขั้นพื้นฐาน,สพป.เชียงใหม่ เขต 4,11,52.53,13.48,51.57,13.74,36.36,19.55,47.61,17.05,66.67,28.43
2567,282,บ้านร่องน้ำ,สันป่าตอง,เล็ก,นอกเมือง,สำนักงานคณะกรรมการการศึกษาขั้นพื้นฐาน,สพป.เชียงใหม่ เขต 4,13,66.67,15.71,58.46,19.61,48.08,11.85,59.61,18.48,56.41,30.34
2567,283,บ้านหัวริน,สันป่าตอง,เล็ก,นอกเมือง,สำนักงานคณะกรรมการการศึกษาขั้นพื้นฐาน,สพป.เชียงใหม่ เขต 4,9,74.07,17.37,57.31,13.05,38.89,20.79,58.20,12.99,59.26,20.95
2567,284,พัฒนวิทย์ศึกษา,สันป่าตอง,ใหญ่,นอกเมือง,สำนักงานคณะกรรมการส่งเสริมการศึกษาเอกชน,-,2,77.78,0.00,50.42,4.03,25.00,0.00,61.88,11.88,50.00,16.67
2567,285,วัดกู่คำ,สันป่าตอง,เล็ก,นอกเมือง,สำนักงานคณะกรรมการการศึกษาขั้นพื้นฐาน,สพป.เชียงใหม่ เขต 4,27,58.85,19.79,49.75,15.06,37.96,22.94,52.32,12.34,48.15,34.35
2567,286,วัดโรงวัว,สันป่าตอง,เล็ก,นอกเมือง,สำนักงานคณะกรรมการการศึกษาขั้นพื้นฐาน,สพป.เชียงใหม่ เขต 4,10,57.78,19.12,52.20,16.83,27.50,23.58,45.38,12.43,50.00,26.87
2567,287,สันป่าตองวิทยาคม,สันป่าตอง,ใหญ่พิเศษ,นอกเมือง,สำนักงานคณะกรรมการการศึกษาขั้นพื้นฐาน,สำนักงานเขตพื้นที่การศึกษามัธยมศึกษาเชียงใหม่,313,63.29,20.08,52.00,18.74,37.46,23.14,52.86,17.67,53.04,33.58
2567,288,ช่องฟ้าซินเซิงวาณิชบำรุง,สารภี,ใหญ่พิเศษ,นอกเมือง,สำนักงานคณะกรรมการส่งเสริมการศึกษาเอกชน,-,122,70.86,16.67,58.15,17.78,40.16,23.64,60.78,16.53,55.74,32.63
2567,289,ชุมชนวัดศรีคำชมภู,สารภี,กลาง,นอกเมือง,สำนักงานคณะกรรมการการศึกษาขั้นพื้นฐาน,สพป.เชียงใหม่ เขต 4,29,60.15,17.39,37.63,20.48,37.93,26.77,46.85,18.24,47.13,29.71
2567,290,บ้านปากเหมือง,สารภี,กลาง,นอกเมือง,สำนักงานคณะกรรมการการศึกษาขั้นพื้นฐาน,สพป.เชียงใหม่ เขต 4,9,64.20,14.61,63.61,9.92,47.22,14.16,65.69,15.82,62.96,29.16
2567,291,วชิราลัย,สารภี,กลาง,นอกเมือง,สำนักงานคณะกรรมการส่งเสริมการศึกษาเอกชน,-,38,59.94,21.41,52.36,16.37,30.92,21.02,44.41,16.53,46.49,27.08
2567,292,วัดท่าต้นกวาว,สารภี,เล็ก,นอกเมือง,สำนักงานคณะกรรมการการศึกษาขั้นพื้นฐาน,สพป.เชียงใหม่ เขต 4,23,56.52,15.34,39.78,15.29,39.13,23.11,57.99,14.24,43.48,30.19
2567,293,วัดบวกครกเหนือ,สารภี,เล็ก,นอกเมือง,สำนักงานคณะกรรมการการศึกษาขั้นพื้นฐาน,สพป.เชียงใหม่ เขต 4,26,55.13,18.36,40.27,15.79,28.85,22.67,41.68,14.46,46.15,32.13
2567,294,วัดเวฬุวัน,สารภี,ใหญ่,นอกเมือง,สำนักงานคณะกรรมการการศึกษาขั้นพื้นฐาน,สพป.เชียงใหม่ เขต 4,144,55.79,20.14,43.80,17.33,33.68,24.35,50.96,16.81,46.76,33.41
2567,295,วัดศรีดอนชัย,สารภี,เล็ก,นอกเมือง,สำนักงานคณะกรรมการการศึกษาขั้นพื้นฐาน,สพป.เชียงใหม่ เขต 4,9,69.14,20.81,59.75,10.07,61.11,20.79,64.85,15.89,66.67,35.14
2567,296,สารภีปริยัติศึกษา,สารภี,เล็ก,นอกเมือง,สำนักงานการศึกษาพระปริยัติธรรม แผนกสามัญศึกษา,สำนักเขตการศึกษาพระปริยัติธรรมฯ เขต  5,12,41.67,23.19,27.03,18.91,20.83,19.98,38.34,14.06,27.78,22.91
2567,297,สารภีพิทยาคม,สารภี,กลาง,นอกเมือง,สำนักงานคณะกรรมการการศึกษาขั้นพื้นฐาน,สำนักงานเขตพื้นที่การศึกษามัธยมศึกษาเชียงใหม่,168,64.15,17.05,54.99,14.38,41.52,22.13,55.82,15.58,58.93,28.86
2567,298,สืบนทีธรรม,สารภี,กลาง,นอกเมือง,สำนักงานคณะกรรมการส่งเสริมการศึกษาเอกชน,-,23,64.73,22.85,52.39,16.56,39.13,23.11,51.69,14.73,55.07,33.49
2567,299,ต้นแก้วผดุงพิทยาลัย,หางดง,ใหญ่,นอกเมือง,กรมส่งเสริมการปกครองท้องถิ่น,ท้องถิ่นจังหวัดเชียงใหม่,39,62.11,16.25,43.28,18.58,45.51,21.83,47.31,16.86,54.70,30.65
2567,300,เทศบาลหนองตองวิทยา,หางดง,เล็ก,นอกเมือง,กรมส่งเสริมการปกครองท้องถิ่น,ท้องถิ่นจังหวัดเชียงใหม่,15,61.48,21.42,54.14,11.42,36.67,25.60,52.17,13.89,46.67,26.67
2567,301,บ้านน้ำแพร่,หางดง,เล็ก,นอกเมือง,สำนักงานคณะกรรมการการศึกษาขั้นพื้นฐาน,สพป.เชียงใหม่ เขต 4,23,60.39,22.18,40.05,19.92,34.78,25.26,56.58,14.31,43.48,28.55
2567,302,บ้านปง,หางดง,เล็ก,นอกเมือง,สำนักงานคณะกรรมการการศึกษาขั้นพื้นฐาน,สพป.เชียงใหม่ เขต 4,18,61.11,16.67,51.32,15.33,40.28,14.76,56.24,16.49,64.81,35.96
2567,303,บ้านสันป่าสัก,หางดง,กลาง,นอกเมือง,สำนักงานคณะกรรมการการศึกษาขั้นพื้นฐาน,สพป.เชียงใหม่ เขต 4,67,69.82,17.04,45.15,16.98,44.40,24.75,51.47,17.98,53.23,33.61
2567,304,พันธสัญญา,หางดง,เล็ก,นอกเมือง,สำนักงานคณะกรรมการส่งเสริมการศึกษาเอกชน,-,12,73.15,15.35,50.93,10.99,39.58,18.98,55.93,16.91,55.56,31.43
2567,305,วัดศรีสว่าง,หางดง,เล็ก,นอกเมือง,สำนักงานคณะกรรมการการศึกษาขั้นพื้นฐาน,สพป.เชียงใหม่ เขต 4,7,66.67,11.88,46.76,15.98,46.43,20.82,49.46,14.89,47.62,34.99
2567,306,หางดงรัฐราษฎร์อุปถัมภ์,หางดง,ใหญ่,นอกเมือง,สำนักงานคณะกรรมการการศึกษาขั้นพื้นฐาน,สำนักงานเขตพื้นที่การศึกษามัธยมศึกษาเชียงใหม่,227,62.85,19.16,52.74,15.67,38.77,25.17,53.41,18.01,49.78,31.50
2567,307,หางดงสังฆราษฎร์อุปถัมภ์,หางดง,เล็ก,นอกเมือง,สำนักงานการศึกษาพระปริยัติธรรม แผนกสามัญศึกษา,สำนักเขตการศึกษาพระปริยัติธรรมฯ เขต  5,15,54.81,27.36,44.90,18.02,30.00,20.82,44.92,15.69,35.56,30.95
2567,308,บ้านซิแบร,อมก๋อย,เล็ก,นอกเมือง,สำนักงานคณะกรรมการการศึกษาขั้นพื้นฐาน,สพป.เชียงใหม่ เขต 5,10,50.00,15.11,31.38,19.42,25.00,11.18,42.00,19.69,16.67,22.36
2567,309,บ้านตุงลอย,อมก๋อย,กลาง,นอกเมือง,สำนักงานคณะกรรมการการศึกษาขั้นพื้นฐาน,สพป.เชียงใหม่ เขต 5,31,45.16,23.77,39.07,17.37,29.03,21.15,46.33,22.28,49.46,32.65
2567,310,บ้านนาเกียน,อมก๋อย,เล็ก,นอกเมือง,สำนักงานคณะกรรมการการศึกษาขั้นพื้นฐาน,สำนักงานเขตพื้นที่การศึกษามัธยมศึกษาเชียงใหม่,15,45.19,20.07,27.68,18.52,31.67,19.29,48.25,21.74,31.11,30.95
2567,311,บ้านมูเซอ,อมก๋อย,กลาง,นอกเมือง,สำนักงานคณะกรรมการการศึกษาขั้นพื้นฐาน,สพป.เชียงใหม่ เขต 5,12,29.63,20.45,10.27,8.46,33.33,15.59,36.98,18.45,27.78,22.91
2567,312,บ้านแม่ต๋อม,อมก๋อย,กลาง,นอกเมือง,สำนักงานคณะกรรมการการศึกษาขั้นพื้นฐาน,สพป.เชียงใหม่ เขต 5,24,54.63,21.01,44.84,21.49,30.21,21.63,45.57,15.05,47.22,33.22
2567,313,บ้านแม่อ่างขาง,อมก๋อย,เล็ก,นอกเมือง,สำนักงานคณะกรรมการการศึกษาขั้นพื้นฐาน,สพป.เชียงใหม่ เขต 5,18,54.94,24.98,50.88,21.42,44.44,17.79,49.72,18.91,38.89,27.78
2567,314,บ้านยางครก,อมก๋อย,เล็ก,นอกเมือง,สำนักงานคณะกรรมการการศึกษาขั้นพื้นฐาน,สพป.เชียงใหม่ เขต 5,20,45.00,13.82,21.97,20.88,36.25,24.33,42.38,16.85,25.00,27.64
2567,315,บ้านยางเปา,อมก๋อย,กลาง,นอกเมือง,สำนักงานคณะกรรมการการศึกษาขั้นพื้นฐาน,สพป.เชียงใหม่ เขต 5,36,48.46,16.80,43.65,17.38,27.08,19.87,50.52,19.05,43.52,30.25
2567,316,บ้านยางเปียง,อมก๋อย,เล็ก,นอกเมือง,สำนักงานคณะกรรมการการศึกษาขั้นพื้นฐาน,สพป.เชียงใหม่ เขต 5,21,40.74,19.19,29.07,18.09,29.76,19.85,38.81,16.62,31.75,28.13
2567,317,บ้านสบลาน,อมก๋อย,กลาง,นอกเมือง,สำนักงานคณะกรรมการการศึกษาขั้นพื้นฐาน,สพป.เชียงใหม่ เขต 5,7,30.16,14.20,20.42,14.51,25.00,13.36,42.86,17.46,23.81,23.33
2567,318,บ้านห้วยโค้ง,อมก๋อย,กลาง,นอกเมือง,สำนักงานคณะกรรมการการศึกษาขั้นพื้นฐาน,สพป.เชียงใหม่ เขต 5,11,53.54,18.24,26.99,15.23,43.18,18.74,51.82,18.65,30.30,26.42
2567,319,บ้านห้วยน้ำขาว,อมก๋อย,กลาง,นอกเมือง,สำนักงานคณะกรรมการการศึกษาขั้นพื้นฐาน,สพป.เชียงใหม่ เขต 5,49,51.70,20.76,34.98,19.18,27.55,24.35,53.39,15.07,37.41,31.32
2567,320,บ้านห้วยไม้หก,อมก๋อย,เล็ก,นอกเมือง,สำนักงานคณะกรรมการการศึกษาขั้นพื้นฐาน,สพป.เชียงใหม่ เขต 5,37,48.05,22.08,30.63,16.51,29.73,19.13,44.76,15.21,34.23,30.50
2567,321,บ้านอูตูม,อมก๋อย,กลาง,นอกเมือง,สำนักงานคณะกรรมการการศึกษาขั้นพื้นฐาน,สพป.เชียงใหม่ เขต 5,26,40.17,18.76,26.69,15.86,32.69,22.75,41.06,17.07,33.33,27.74
2567,322,แม่ตื่นวิทยาคม,อมก๋อย,กลาง,นอกเมือง,สำนักงานคณะกรรมการการศึกษาขั้นพื้นฐาน,สำนักงานเขตพื้นที่การศึกษามัธยมศึกษาเชียงใหม่,78,58.40,20.01,48.10,13.80,33.97,23.33,60.99,17.92,49.57,31.91
2567,323,อมก๋อยวิทยาคม,อมก๋อย,ใหญ่,นอกเมือง,สำนักงานคณะกรรมการการศึกษาขั้นพื้นฐาน,สำนักงานเขตพื้นที่การศึกษามัธยมศึกษาเชียงใหม่,137,55.23,19.86,50.45,16.49,37.41,24.75,50.81,18.63,43.80,30.07
2567,324,ชุมชนบ้านท่าข้าม,ฮอด,กลาง,นอกเมือง,สำนักงานคณะกรรมการการศึกษาขั้นพื้นฐาน,สพป.เชียงใหม่ เขต 5,12,63.89,18.77,52.36,13.13,50.00,17.68,58.02,14.54,44.44,34.25
2567,325,บ้านกองลอย,ฮอด,กลาง,นอกเมือง,สำนักงานคณะกรรมการการศึกษาขั้นพื้นฐาน,สพป.เชียงใหม่ เขต 5,26,48.29,23.25,43.35,19.77,25.96,20.19,52.41,10.52,44.87,30.58
2567,326,บ้านแควมะกอก,ฮอด,กลาง,นอกเมือง,สำนักงานคณะกรรมการการศึกษาขั้นพื้นฐาน,สพป.เชียงใหม่ เขต 5,21,53.97,21.76,43.57,17.17,32.14,24.57,41.79,15.57,46.03,21.76
2567,327,บ้านตาลเหนือ,ฮอด,เล็ก,นอกเมือง,สำนักงานคณะกรรมการการศึกษาขั้นพื้นฐาน,สพป.เชียงใหม่ เขต 5,2,61.11,5.56,41.85,1.31,12.50,12.50,28.13,13.12,33.33,33.33
2567,328,บ้านเตียนอาง,ฮอด,เล็ก,นอกเมือง,สำนักงานคณะกรรมการการศึกษาขั้นพื้นฐาน,สพป.เชียงใหม่ เขต 5,20,47.78,23.33,31.64,19.06,23.75,24.33,45.38,10.28,36.67,29.63
2567,329,บ้านทุ่งโป่ง,ฮอด,เล็ก,นอกเมือง,สำนักงานคณะกรรมการการศึกษาขั้นพื้นฐาน,สพป.เชียงใหม่ เขต 5,3,59.26,18.89,30.67,11.00,41.67,11.79,47.91,14.08,55.56,41.57
2567,330,บ้านนาฟ่อน,ฮอด,เล็ก,นอกเมือง,สำนักงานคณะกรรมการการศึกษาขั้นพื้นฐาน,สพป.เชียงใหม่ เขต 5,7,60.32,13.09,46.26,13.90,32.14,25.75,47.50,23.73,52.38,30.12
2567,331,บ้านบ่อหลวง,ฮอด,กลาง,นอกเมือง,สำนักงานคณะกรรมการการศึกษาขั้นพื้นฐาน,สพป.เชียงใหม่ เขต 5,24,47.69,20.91,40.25,14.30,35.42,21.55,42.19,13.94,36.11,25.31
2567,332,บ้านพุย,ฮอด,เล็ก,นอกเมือง,สำนักงานคณะกรรมการการศึกษาขั้นพื้นฐาน,สพป.เชียงใหม่ เขต 5,13,47.86,15.34,47.31,11.03,30.77,19.99,49.14,19.88,46.15,20.83
2567,333,บ้านแม่งูด,ฮอด,เล็ก,นอกเมือง,สำนักงานคณะกรรมการการศึกษาขั้นพื้นฐาน,สพป.เชียงใหม่ เขต 5,19,55.56,22.22,48.03,20.36,38.16,22.02,50.26,13.81,56.14,32.54
2567,334,บ้านแม่ลาย,ฮอด,เล็ก,นอกเมือง,สำนักงานคณะกรรมการการศึกษาขั้นพื้นฐาน,สพป.เชียงใหม่ เขต 5,14,41.27,18.03,36.04,18.88,21.43,22.87,54.20,19.05,28.57,30.49
2567,335,บ้านวังลุง,ฮอด,เล็ก,นอกเมือง,สำนักงานคณะกรรมการการศึกษาขั้นพื้นฐาน,สพป.เชียงใหม่ เขต 5,10,48.89,20.00,27.05,14.52,35.00,16.58,41.88,14.28,20.00,26.67
2567,336,แม่โถวิทยาคม,ฮอด,กลาง,นอกเมือง,สำนักงานคณะกรรมการการศึกษาขั้นพื้นฐาน,สพป.เชียงใหม่ เขต 5,35,43.81,22.05,32.20,18.37,31.43,26.95,40.82,16.47,31.43,23.83
2567,337,วัดบ้านขุนเตรียมพุทธศาสตร์,ฮอด,เล็ก,นอกเมือง,สำนักงานการศึกษาพระปริยัติธรรม แผนกสามัญศึกษา,สำนักเขตการศึกษาพระปริยัติธรรมฯ เขต  5,27,38.68,17.73,39.96,14.90,24.07,17.32,41.99,13.64,30.86,25.54
2567,338,ฮอดพิทยาคม,ฮอด,ใหญ่,นอกเมือง,สำนักงานคณะกรรมการการศึกษาขั้นพื้นฐาน,สำนักงานเขตพื้นที่การศึกษามัธยมศึกษาเชียงใหม่,119,62.65,18.26,53.16,15.74,38.66,22.86,53.67,17.31,49.86,33.72
2566,1,บ้านขุนแม่รวม,กัลยาณิวัฒนา,เล็ก,นอกเมือง,สำนักงานคณะกรรมการการศึกษาขั้นพื้นฐาน,สพป.เชียงใหม่ เขต 6,3,59.26,13.86,20.00,8.99,58.33,11.79,42.91,8.18,66.67,27.22
2566,2,บ้านจันทร์,กัลยาณิวัฒนา,เล็ก,นอกเมือง,สำนักงานคณะกรรมการการศึกษาขั้นพื้นฐาน,สพป.เชียงใหม่ เขต 6,11,79.80,22.63,57.40,18.14,75.00,30.15,40.22,14.54,57.58,35.08
2566,3,บ้านแจ่มหลวง,กัลยาณิวัฒนา,เล็ก,นอกเมือง,สำนักงานคณะกรรมการการศึกษาขั้นพื้นฐาน,สพป.เชียงใหม่ เขต 6,15,57.04,22.17,39.64,16.79,63.33,25.60,26.16,14.72,42.22,30.95
2566,4,บ้านแม่แดดน้อย,กัลยาณิวัฒนา,เล็ก,นอกเมือง,สำนักงานคณะกรรมการการศึกษาขั้นพื้นฐาน,สพป.เชียงใหม่ เขต 6,19,60.23,31.70,46.33,17.39,63.16,26.12,38.88,19.26,56.14,24.31
2566,5,บ้านแม่ตะละ,กัลยาณิวัฒนา,เล็ก,นอกเมือง,สำนักงานคณะกรรมการการศึกษาขั้นพื้นฐาน,สพป.เชียงใหม่ เขต 6,2,50.00,50.00,39.43,19.85,62.50,37.50,30.61,13.12,66.67,0.00
2566,6,บ้านห้วยยา,กัลยาณิวัฒนา,เล็ก,นอกเมือง,สำนักงานคณะกรรมการการศึกษาขั้นพื้นฐาน,สพป.เชียงใหม่ เขต 6,17,49.67,19.48,25.35,22.01,45.59,29.99,46.39,20.55,37.25,22.53
2566,7,มัธยมกัลยาณิวัฒนาเฉลิมพระเกียรติ,กัลยาณิวัฒนา,กลาง,นอกเมือง,สำนักงานคณะกรรมการการศึกษาขั้นพื้นฐาน,สำนักงานเขตพื้นที่การศึกษามัธยมศึกษาเชียงใหม่,18,51.23,19.65,30.64,14.31,38.89,25.31,38.12,14.20,42.59,32.97
2566,8,สามัคคีสันม่วง,กัลยาณิวัฒนา,เล็ก,นอกเมือง,สำนักงานคณะกรรมการการศึกษาขั้นพื้นฐาน,สพป.เชียงใหม่ เขต 6,8,61.11,14.70,39.96,21.60,56.25,29.97,44.06,16.56,41.67,27.64
2566,9,จอมทอง,จอมทอง,ใหญ่พิเศษ,นอกเมือง,สำนักงานคณะกรรมการการศึกษาขั้นพื้นฐาน,สำนักงานเขตพื้นที่การศึกษามัธยมศึกษาเชียงใหม่,335,67.86,22.57,50.37,19.00,69.93,26.14,46.48,19.85,59.00,33.15
2566,10,ไทยรัฐวิทยา 79 (บ้านหนองอาบช้าง),จอมทอง,เล็ก,นอกเมือง,สำนักงานคณะกรรมการการศึกษาขั้นพื้นฐาน,สพป.เชียงใหม่ เขต 6,17,64.71,24.77,55.29,14.04,77.94,14.56,48.53,14.24,62.75,29.99
2566,11,บ้านขุนกลาง,จอมทอง,กลาง,นอกเมือง,สำนักงานคณะกรรมการการศึกษาขั้นพื้นฐาน,สพป.เชียงใหม่ เขต 6,19,59.06,20.09,38.76,16.06,65.79,25.92,33.87,9.71,59.65,23.14
2566,12,บ้านขุนแปะ,จอมทอง,เล็ก,นอกเมือง,สำนักงานคณะกรรมการการศึกษาขั้นพื้นฐาน,สพป.เชียงใหม่ เขต 6,20,53.89,22.30,38.21,18.97,53.75,28.80,35.87,16.89,50.00,28.87
2566,13,บ้านปากทางท่าลี่,จอมทอง,เล็ก,นอกเมือง,สำนักงานคณะกรรมการการศึกษาขั้นพื้นฐาน,สพป.เชียงใหม่ เขต 6,7,66.67,16.80,50.41,13.78,78.57,15.97,42.32,11.92,52.38,30.12
2566,14,บ้านสบเตี๊ยะ,จอมทอง,กลาง,นอกเมือง,สำนักงานคณะกรรมการการศึกษาขั้นพื้นฐาน,สพป.เชียงใหม่ เขต 6,18,50.62,23.20,40.95,21.71,54.17,27.95,33.19,11.08,50.00,29.92
2566,15,บ้านห้วยทราย,จอมทอง,เล็ก,นอกเมือง,สำนักงานคณะกรรมการการศึกษาขั้นพื้นฐาน,สพป.เชียงใหม่ เขต 6,10,63.33,19.28,43.40,21.09,60.00,25.50,43.62,12.66,66.67,33.33
2566,16,บ้านห้วยส้มป่อย,จอมทอง,เล็ก,นอกเมือง,สำนักงานคณะกรรมการการศึกษาขั้นพื้นฐาน,สพป.เชียงใหม่ เขต 6,11,74.75,12.62,60.37,11.51,77.27,27.08,44.54,13.51,75.76,28.75
2566,17,บ้านใหม่สารภี,จอมทอง,เล็ก,นอกเมือง,สำนักงานคณะกรรมการการศึกษาขั้นพื้นฐาน,สพป.เชียงใหม่ เขต 6,11,65.66,22.95,38.27,19.23,70.45,14.37,42.61,14.37,51.52,32.92
2566,18,วัดพุทธนิมิตรวิทยา,จอมทอง,เล็ก,นอกเมือง,สำนักงานพระพุทธศาสนาแห่งชาติ,กลุ่มโรงเรียนพระปริยัติธรรมฯ กลุ่ม  5,23,45.89,20.01,35.51,18.85,48.91,29.00,39.89,14.21,55.07,37.57
2566,19,สุทธิวงศ์ดำรงวิทย์,จอมทอง,เล็ก,นอกเมือง,สำนักงานคณะกรรมการส่งเสริมการศึกษาเอกชน,-,5,57.78,25.72,15.09,7.56,55.00,29.15,35.74,12.01,46.67,26.67
2566,20,แกน้อยศึกษา,เชียงดาว,กลาง,นอกเมือง,สำนักงานคณะกรรมการการศึกษาขั้นพื้นฐาน,สพป.เชียงใหม่ เขต 3,8,56.94,22.52,34.90,17.89,56.25,20.73,40.78,11.34,58.33,22.05
2566,21,เจ้าฟ้าอุบลรัตน์,เชียงดาว,เล็ก,นอกเมือง,สำนักงานคณะกรรมการส่งเสริมการศึกษาเอกชน,-,32,73.61,19.98,55.74,17.64,75.00,23.39,51.91,17.89,64.58,24.91
2566,22,ชุมชนบ้านเมืองงาย,เชียงดาว,กลาง,นอกเมือง,สำนักงานคณะกรรมการการศึกษาขั้นพื้นฐาน,สพป.เชียงใหม่ เขต 3,36,77.16,17.75,59.10,16.21,79.17,18.16,48.74,23.29,65.74,29.90
2566,23,ชุมชนบ้านวังจ๊อม,เชียงดาว,กลาง,นอกเมือง,สำนักงานคณะกรรมการการศึกษาขั้นพื้นฐาน,สพป.เชียงใหม่ เขต 3,19,64.33,16.35,52.77,15.74,63.16,24.83,43.48,23.11,56.14,26.61
2566,24,เชียงดาววิทยาคม,เชียงดาว,ใหญ่,นอกเมือง,สำนักงานคณะกรรมการการศึกษาขั้นพื้นฐาน,สำนักงานเขตพื้นที่การศึกษามัธยมศึกษาเชียงใหม่,114,63.65,22.04,46.68,16.58,71.05,28.40,42.16,17.23,58.77,33.13
2566,25,ดอยสามหมื่น,เชียงดาว,เล็ก,นอกเมือง,สำนักงานคณะกรรมการการศึกษาขั้นพื้นฐาน,สพป.เชียงใหม่ เขต 3,7,44.44,20.57,21.71,15.39,53.57,20.82,36.78,15.56,52.38,30.12
2566,26,บ้านเชียงดาว,เชียงดาว,กลาง,นอกเมือง,สำนักงานคณะกรรมการการศึกษาขั้นพื้นฐาน,สพป.เชียงใหม่ เขต 3,41,75.61,17.39,57.91,14.49,83.54,20.37,53.68,17.91,64.23,31.57
2566,27,บ้านทุ่งข้าวพวง,เชียงดาว,กลาง,นอกเมือง,สำนักงานคณะกรรมการการศึกษาขั้นพื้นฐาน,สพป.เชียงใหม่ เขต 3,20,57.78,17.43,42.21,21.20,61.25,26.78,47.74,13.71,51.67,28.82
2566,28,บ้านนาหวาย,เชียงดาว,กลาง,นอกเมือง,สำนักงานคณะกรรมการการศึกษาขั้นพื้นฐาน,สพป.เชียงใหม่ เขต 3,34,70.92,17.26,55.11,17.96,77.94,20.80,54.37,20.44,55.88,34.03
2566,29,บ้านปางเฟือง,เชียงดาว,เล็ก,นอกเมือง,สำนักงานคณะกรรมการการศึกษาขั้นพื้นฐาน,สพป.เชียงใหม่ เขต 3,10,75.56,12.96,53.19,14.91,72.50,17.50,47.74,13.64,56.67,30.00
2566,30,บ้านปางมะเยา,เชียงดาว,กลาง,นอกเมือง,สำนักงานคณะกรรมการการศึกษาขั้นพื้นฐาน,สพป.เชียงใหม่ เขต 3,14,54.76,20.77,35.81,21.75,58.93,27.72,38.47,12.24,45.24,27.04
2566,31,บ้านเมืองคอง,เชียงดาว,เล็ก,นอกเมือง,สำนักงานคณะกรรมการการศึกษาขั้นพื้นฐาน,สพป.เชียงใหม่ เขต 3,6,66.67,11.11,58.30,10.07,75.00,20.41,43.32,10.67,61.11,35.57
2566,32,บ้านเมืองนะ,เชียงดาว,กลาง,นอกเมือง,สำนักงานคณะกรรมการการศึกษาขั้นพื้นฐาน,สพป.เชียงใหม่ เขต 3,40,64.44,23.73,56.24,13.07,68.75,30.49,46.93,15.40,58.33,27.64
2566,33,บ้านแม่กอนใน,เชียงดาว,เล็ก,นอกเมือง,สำนักงานคณะกรรมการการศึกษาขั้นพื้นฐาน,สพป.เชียงใหม่ เขต 3,12,52.78,21.81,35.86,20.88,64.58,27.87,41.14,15.39,52.78,28.73
2566,34,บ้านแม่นะ,เชียงดาว,กลาง,นอกเมือง,สำนักงานคณะกรรมการการศึกษาขั้นพื้นฐาน,สพป.เชียงใหม่ เขต 3,22,61.62,19.17,50.58,16.26,70.45,22.15,36.19,12.34,69.70,22.27
2566,35,บ้านหนองเขียว,เชียงดาว,กลาง,นอกเมือง,สำนักงานคณะกรรมการการศึกษาขั้นพื้นฐาน,สพป.เชียงใหม่ เขต 3,40,34.72,25.12,24.64,17.31,39.38,30.05,40.18,14.95,35.00,27.84
2566,36,บ้านห้วยจะค่าน ตชด.อนุสรณ์,เชียงดาว,กลาง,นอกเมือง,สำนักงานคณะกรรมการการศึกษาขั้นพื้นฐาน,สพป.เชียงใหม่ เขต 3,15,38.52,19.82,21.81,15.26,46.67,22.11,36.82,11.23,28.89,31.89
2566,37,พัฒนาต้นน้ำขุนคอง,เชียงดาว,เล็ก,นอกเมือง,สำนักงานคณะกรรมการการศึกษาขั้นพื้นฐาน,สพป.เชียงใหม่ เขต 3,10,50.00,30.33,31.02,23.82,52.50,28.39,38.12,8.93,33.33,36.51
2566,38,มิตรมวลชนเชียงใหม่,เชียงดาว,กลาง,นอกเมือง,สำนักงานคณะกรรมการการศึกษาขั้นพื้นฐาน,สพป.เชียงใหม่ เขต 3,6,81.48,15.27,50.12,16.03,79.17,17.18,42.08,17.23,77.78,15.71
2566,39,ราชประชานุเคราะห์ 61 จังหวัดเชียงใหม่,เชียงดาว,กลาง,นอกเมือง,สำนักบริหารงานการศึกษาพิเศษ,-,13,63.25,19.19,43.26,18.82,61.54,30.41,41.43,18.13,56.41,33.04
2566,40,ศีลรวี,เชียงดาว,กลาง,นอกเมือง,สำนักงานคณะกรรมการส่งเสริมการศึกษาเอกชน,-,41,71.27,21.25,46.79,16.83,70.12,22.24,41.09,19.31,61.79,35.74
2566,41,อรุโณทัยวิทยาคม,เชียงดาว,ใหญ่,นอกเมือง,สำนักงานคณะกรรมการการศึกษาขั้นพื้นฐาน,สำนักงานเขตพื้นที่การศึกษามัธยมศึกษาเชียงใหม่,104,45.83,22.37,32.46,19.01,47.84,30.25,33.34,18.14,41.67,28.02
2566,42,อินทารามวิทยา,เชียงดาว,เล็ก,นอกเมือง,สำนักงานพระพุทธศาสนาแห่งชาติ,กลุ่มโรงเรียนพระปริยัติธรรมฯ กลุ่ม  5,16,65.28,19.98,43.59,21.24,68.75,22.53,38.43,15.82,56.25,34.80
2566,43,ฉัตรพฤกษ์วิทยา,ไชยปราการ,เล็ก,นอกเมือง,สำนักงานคณะกรรมการส่งเสริมการศึกษาเอกชน,-,4,52.78,18.22,40.66,17.17,62.50,37.50,41.55,9.53,58.33,43.30
2566,44,ชุมชนวัดศรีดงเย็น,ไชยปราการ,กลาง,นอกเมือง,สำนักงานคณะกรรมการการศึกษาขั้นพื้นฐาน,สพป.เชียงใหม่ เขต 3,26,63.25,20.39,55.69,12.81,65.38,27.80,40.91,12.49,58.97,26.65
2566,45,ไชยปราการ,ไชยปราการ,กลาง,นอกเมือง,สำนักงานคณะกรรมการการศึกษาขั้นพื้นฐาน,สำนักงานเขตพื้นที่การศึกษามัธยมศึกษาเชียงใหม่,118,63.94,20.76,44.75,17.82,66.95,26.42,39.44,16.49,54.24,30.31
2566,46,เทศบาล 1 ไชยปราการ,ไชยปราการ,กลาง,นอกเมือง,กรมส่งเสริมการปกครองท้องถิ่น,ท้องถิ่นจังหวัดเชียงใหม่,20,60.56,20.33,44.09,18.82,65.00,24.24,36.68,12.15,55.00,36.93
2566,47,บ้านปง,ไชยปราการ,เล็ก,นอกเมือง,สำนักงานคณะกรรมการการศึกษาขั้นพื้นฐาน,สพป.เชียงใหม่ เขต 3,17,71.24,21.24,55.43,19.91,73.53,24.96,45.95,14.74,62.75,32.10
2566,48,บ้านปงตำ,ไชยปราการ,เล็ก,นอกเมือง,สำนักงานคณะกรรมการการศึกษาขั้นพื้นฐาน,สพป.เชียงใหม่ เขต 3,9,69.14,23.29,37.30,15.78,58.33,28.87,58.33,12.76,59.26,34.35
2566,49,บ้านหัวฝาย,ไชยปราการ,เล็ก,นอกเมือง,สำนักงานคณะกรรมการการศึกษาขั้นพื้นฐาน,สพป.เชียงใหม่ เขต 3,9,65.43,24.26,31.30,14.74,55.56,28.33,37.77,15.79,40.74,20.95
2566,50,บ้านใหม่หนองบัว,ไชยปราการ,กลาง,นอกเมือง,สำนักงานคณะกรรมการการศึกษาขั้นพื้นฐาน,สพป.เชียงใหม่ เขต 3,58,47.32,23.21,33.76,19.61,46.98,31.17,34.91,13.29,39.08,31.03
2566,51,บ้านอ่าย,ไชยปราการ,เล็ก,นอกเมือง,สำนักงานคณะกรรมการการศึกษาขั้นพื้นฐาน,สพป.เชียงใหม่ เขต 3,12,61.11,16.04,40.00,19.96,68.75,20.73,38.53,11.56,58.33,30.81
2566,52,วัดป่าแดง,ไชยปราการ,เล็ก,นอกเมือง,สำนักงานคณะกรรมการการศึกษาขั้นพื้นฐาน,สพป.เชียงใหม่ เขต 3,8,59.72,24.18,38.56,16.79,59.38,17.40,40.62,17.29,58.33,39.97
2566,53,วัดป่าไม้แดง,ไชยปราการ,เล็ก,นอกเมือง,สำนักงานพระพุทธศาสนาแห่งชาติ,กลุ่มโรงเรียนพระปริยัติธรรมฯ กลุ่ม  5,14,62.70,19.52,43.84,24.78,76.79,19.96,36.42,15.78,61.90,37.50
2566,54,สันติวนา,ไชยปราการ,เล็ก,นอกเมือง,สำนักงานคณะกรรมการการศึกษาขั้นพื้นฐาน,สพป.เชียงใหม่ เขต 3,25,35.11,19.55,22.86,18.07,53.00,29.43,34.30,16.10,33.33,26.67
2566,55,ดอยเต่าวิทยาคม,ดอยเต่า,กลาง,นอกเมือง,สำนักงานคณะกรรมการการศึกษาขั้นพื้นฐาน,สำนักงานเขตพื้นที่การศึกษามัธยมศึกษาเชียงใหม่,122,67.03,21.67,47.52,21.51,65.16,27.27,37.57,17.41,55.46,32.39
2566,56,บ้านน้อยห้วยรินวิทยา,ดอยเต่า,เล็ก,นอกเมือง,สำนักงานคณะกรรมการการศึกษาขั้นพื้นฐาน,สพป.เชียงใหม่ เขต 5,3,66.67,15.71,50.78,5.27,58.33,11.79,55.00,17.05,77.78,15.71
2566,57,บ้านบงตัน,ดอยเต่า,เล็ก,นอกเมือง,สำนักงานคณะกรรมการการศึกษาขั้นพื้นฐาน,สพป.เชียงใหม่ เขต 5,15,64.44,23.38,47.99,20.80,65.00,32.66,47.33,17.78,60.00,27.76
2566,58,บ้านโปง,ดอยเต่า,เล็ก,นอกเมือง,สำนักงานคณะกรรมการการศึกษาขั้นพื้นฐาน,สพป.เชียงใหม่ เขต 5,28,61.11,19.81,50.57,16.02,63.39,28.72,42.27,16.13,63.10,27.23
2566,59,บ้านแม่ตูบ,ดอยเต่า,เล็ก,นอกเมือง,สำนักงานคณะกรรมการการศึกษาขั้นพื้นฐาน,สพป.เชียงใหม่ เขต 5,6,70.37,15.27,52.44,12.96,70.83,17.18,52.28,18.53,61.11,35.57
2566,60,บ้านแอ่นจัดสรร,ดอยเต่า,เล็ก,นอกเมือง,สำนักงานคณะกรรมการการศึกษาขั้นพื้นฐาน,สพป.เชียงใหม่ เขต 5,17,56.86,19.76,40.24,20.75,52.94,31.95,40.22,12.49,37.25,27.73
2566,61,วัดฉิมพลีวิทยา,ดอยเต่า,เล็ก,นอกเมือง,สำนักงานพระพุทธศาสนาแห่งชาติ,กลุ่มโรงเรียนพระปริยัติธรรมฯ กลุ่ม  5,3,62.96,13.86,47.02,23.26,75.00,0.00,29.16,4.12,44.44,41.57
2566,62,ชลประทานผาแตก,ดอยสะเก็ด,กลาง,นอกเมือง,สำนักงานคณะกรรมการการศึกษาขั้นพื้นฐาน,สพป.เชียงใหม่ เขต 1,32,69.79,18.26,47.12,21.47,62.50,27.95,43.63,17.81,46.88,33.19
2566,63,ดอยสะเก็ดผดุงศาสน์,ดอยสะเก็ด,เล็ก,นอกเมือง,สำนักงานพระพุทธศาสนาแห่งชาติ,กลุ่มโรงเรียนพระปริยัติธรรมฯ กลุ่ม  5,10,41.11,17.25,34.12,15.63,45.00,26.93,39.24,15.50,40.00,32.66
2566,64,ดอยสะเก็ดวิทยาคม,ดอยสะเก็ด,กลาง,นอกเมือง,สำนักงานคณะกรรมการการศึกษาขั้นพื้นฐาน,สำนักงานเขตพื้นที่การศึกษามัธยมศึกษาเชียงใหม่,75,65.33,22.51,44.16,18.42,67.00,25.55,36.75,15.89,50.22,33.28
2566,65,บ้านเชิงดอย(ดอยสะเก็ดศึกษา),ดอยสะเก็ด,ใหญ่,นอกเมือง,สำนักงานคณะกรรมการการศึกษาขั้นพื้นฐาน,สพป.เชียงใหม่ เขต 1,65,66.15,22.17,50.99,18.58,70.00,25.65,46.78,17.88,60.00,31.60
2566,66,บ้านป่าไม้แดง,ดอยสะเก็ด,กลาง,นอกเมือง,สำนักงานคณะกรรมการการศึกษาขั้นพื้นฐาน,สพป.เชียงใหม่ เขต 1,13,61.54,21.18,46.28,18.27,55.77,22.26,39.71,15.42,56.41,27.38
2566,67,บ้านป่าเสร้า,ดอยสะเก็ด,กลาง,นอกเมือง,สำนักงานคณะกรรมการการศึกษาขั้นพื้นฐาน,สพป.เชียงใหม่ เขต 1,11,78.79,10.00,69.61,9.79,84.09,16.07,51.92,16.51,84.85,21.85
2566,68,บ้านแม่หวาน,ดอยสะเก็ด,เล็ก,นอกเมือง,สำนักงานคณะกรรมการการศึกษาขั้นพื้นฐาน,สพป.เชียงใหม่ เขต 1,3,74.07,5.24,45.44,24.00,66.67,31.18,32.07,8.25,66.67,0.00
2566,69,เพื่อชีวิตเชียงใหม่,ดอยสะเก็ด,เล็ก,นอกเมือง,สำนักงานคณะกรรมการส่งเสริมการศึกษาเอกชน,-,10,54.44,25.07,42.64,13.54,67.50,33.63,37.49,17.33,53.33,33.99
2566,70,แม่โป่งประชาสามัคคี,ดอยสะเก็ด,เล็ก,นอกเมือง,สำนักงานคณะกรรมการการศึกษาขั้นพื้นฐาน,สพป.เชียงใหม่ เขต 1,11,67.68,13.78,53.79,19.42,63.64,32.62,39.43,14.79,66.67,31.78
2566,71,ไมตรีจิตคริสเตียนเชียงใหม่,ดอยสะเก็ด,กลาง,นอกเมือง,สำนักงานคณะกรรมการส่งเสริมการศึกษาเอกชน,-,27,57.61,21.60,41.62,21.41,63.89,28.33,43.05,12.08,48.15,30.54
2566,72,กรป.กลางอุปถัมภ์,ดอยหล่อ,เล็ก,นอกเมือง,สำนักงานคณะกรรมการการศึกษาขั้นพื้นฐาน,สพป.เชียงใหม่ เขต 4,6,72.22,21.03,52.65,16.83,79.17,17.18,46.45,11.24,55.56,31.43
2566,73,บ้านสามหลัง,ดอยหล่อ,เล็ก,นอกเมือง,สำนักงานคณะกรรมการการศึกษาขั้นพื้นฐาน,สพป.เชียงใหม่ เขต 4,13,69.23,22.71,51.26,18.03,76.92,22.92,50.95,22.51,61.54,28.78
2566,74,บ้านเหล่าเป้า,ดอยหล่อ,เล็ก,นอกเมือง,สำนักงานคณะกรรมการการศึกษาขั้นพื้นฐาน,สพป.เชียงใหม่ เขต 4,5,75.56,12.96,58.21,13.01,65.00,25.50,50.99,16.73,86.67,16.33
2566,75,วัดโขงขาววิทยา,ดอยหล่อ,เล็ก,นอกเมือง,สำนักงานพระพุทธศาสนาแห่งชาติ,กลุ่มโรงเรียนพระปริยัติธรรมฯ กลุ่ม  5,8,36.11,28.19,25.82,21.06,43.75,24.21,30.78,13.92,29.17,19.98
2566,76,สองแคววิทยาคม,ดอยหล่อ,กลาง,นอกเมือง,สำนักงานคณะกรรมการการศึกษาขั้นพื้นฐาน,สำนักงานเขตพื้นที่การศึกษามัธยมศึกษาเชียงใหม่,70,62.38,22.48,39.82,20.02,68.57,30.67,43.33,14.78,58.10,31.72
2566,77,สันติสุข,ดอยหล่อ,กลาง,นอกเมือง,สำนักงานคณะกรรมการการศึกษาขั้นพื้นฐาน,สำนักงานเขตพื้นที่การศึกษามัธยมศึกษาเชียงใหม่,33,62.63,24.13,40.81,16.78,69.70,25.94,43.06,16.77,62.63,31.52
2566,78,เจ้าแม่หลวงอุปถัมภ์ 1,ฝาง,กลาง,นอกเมือง,สำนักงานคณะกรรมการการศึกษาขั้นพื้นฐาน,สพป.เชียงใหม่ เขต 3,30,67.78,16.81,46.80,15.43,75.00,21.41,45.66,20.26,51.11,34.14
2566,79,ฉือจี้เชียงใหม่,ฝาง,กลาง,นอกเมือง,สำนักงานคณะกรรมการส่งเสริมการศึกษาเอกชน,-,104,70.94,19.69,52.47,18.98,74.04,20.19,48.01,16.34,62.50,27.61
2566,80,ชุมชนบ้านแม่สูนหลวง,ฝาง,เล็ก,นอกเมือง,สำนักงานคณะกรรมการการศึกษาขั้นพื้นฐาน,สพป.เชียงใหม่ เขต 3,2,83.33,16.67,37.55,16.90,75.00,25.00,45.63,19.39,50.00,50.00
2566,81,เทพศิรินทร์๙โครงการหลวงในพระบรมราชูปถัมภ์,ฝาง,เล็ก,นอกเมือง,สำนักงานคณะกรรมการการศึกษาขั้นพื้นฐาน,สพป.เชียงใหม่ เขต 3,18,53.09,23.29,36.02,15.56,63.89,29.13,40.06,19.93,37.04,34.94
2566,82,บ้านต้นผึ้ง,ฝาง,เล็ก,นอกเมือง,สำนักงานคณะกรรมการการศึกษาขั้นพื้นฐาน,สพป.เชียงใหม่ เขต 3,11,61.62,19.17,57.68,15.81,77.27,24.90,44.99,17.88,57.58,32.07
2566,83,บ้านทุ่งหลุก,ฝาง,เล็ก,นอกเมือง,สำนักงานคณะกรรมการการศึกษาขั้นพื้นฐาน,สพป.เชียงใหม่ เขต 3,4,69.44,16.43,71.75,6.30,93.75,10.83,68.11,8.17,50.00,16.67
2566,84,บ้านปางปอย,ฝาง,กลาง,นอกเมือง,สำนักงานคณะกรรมการการศึกษาขั้นพื้นฐาน,สพป.เชียงใหม่ เขต 3,18,52.47,23.66,42.00,18.13,76.39,22.78,36.59,13.00,50.00,35.57
2566,85,บ้านปางสัก,ฝาง,เล็ก,นอกเมือง,สำนักงานคณะกรรมการการศึกษาขั้นพื้นฐาน,สพป.เชียงใหม่ เขต 3,17,69.93,22.79,45.74,18.92,75.00,22.69,36.98,15.58,58.82,35.29
2566,86,บ้านโป่งนก,ฝาง,กลาง,นอกเมือง,สำนักงานคณะกรรมการการศึกษาขั้นพื้นฐาน,สพป.เชียงใหม่ เขต 3,18,62.96,25.12,46.90,20.22,73.61,22.78,46.04,17.69,57.41,32.97
2566,87,บ้านม่วงชุม,ฝาง,กลาง,นอกเมือง,สำนักงานคณะกรรมการการศึกษาขั้นพื้นฐาน,สพป.เชียงใหม่ เขต 3,53,61.22,20.77,48.25,22.50,65.09,25.85,39.99,17.89,50.94,32.76
2566,88,บ้านม่อนปิ่น,ฝาง,กลาง,นอกเมือง,สำนักงานคณะกรรมการการศึกษาขั้นพื้นฐาน,สพป.เชียงใหม่ เขต 3,13,73.50,18.76,66.17,11.57,84.62,15.62,56.44,13.27,84.62,16.62
2566,89,บ้านแม่ข่า,ฝาง,กลาง,นอกเมือง,สำนักงานคณะกรรมการการศึกษาขั้นพื้นฐาน,สพป.เชียงใหม่ เขต 3,31,50.54,18.25,40.78,19.81,62.90,25.30,36.61,15.41,56.99,22.71
2566,90,บ้านแม่คะ,ฝาง,กลาง,นอกเมือง,สำนักงานคณะกรรมการการศึกษาขั้นพื้นฐาน,สพป.เชียงใหม่ เขต 3,19,66.67,15.29,53.67,14.52,73.68,22.17,41.77,15.42,57.89,30.29
2566,91,บ้านแม่งอนขี้เหล็ก,ฝาง,กลาง,นอกเมือง,กรมส่งเสริมการปกครองท้องถิ่น,ท้องถิ่นจังหวัดเชียงใหม่,32,57.99,20.74,35.72,20.33,57.03,25.18,33.98,15.80,47.92,32.21
2566,92,บ้านล้องอ้อ,ฝาง,เล็ก,นอกเมือง,กรมส่งเสริมการปกครองท้องถิ่น,ท้องถิ่นจังหวัดเชียงใหม่,15,58.52,18.35,34.72,29.30,55.00,31.89,39.66,17.25,48.89,29.48
2566,93,บ้านเวียงฝาง,ฝาง,ใหญ่,นอกเมือง,สำนักงานคณะกรรมการการศึกษาขั้นพื้นฐาน,สพป.เชียงใหม่ เขต 3,51,64.92,21.38,46.57,18.68,69.12,26.47,36.88,15.74,52.29,32.51
2566,94,บ้านสันทรายคองน้อย,ฝาง,กลาง,นอกเมือง,สำนักงานคณะกรรมการการศึกษาขั้นพื้นฐาน,สพป.เชียงใหม่ เขต 3,17,69.28,19.26,54.36,19.96,76.47,20.06,42.20,16.04,54.90,36.05
2566,95,บ้านสันป่าแดง,ฝาง,เล็ก,นอกเมือง,สำนักงานคณะกรรมการการศึกษาขั้นพื้นฐาน,สพป.เชียงใหม่ เขต 3,12,51.85,19.95,43.76,11.85,70.83,30.33,38.53,15.82,52.78,31.79
2566,96,บ้านหลวง,ฝาง,กลาง,นอกเมือง,สำนักงานคณะกรรมการการศึกษาขั้นพื้นฐาน,สพป.เชียงใหม่ เขต 3,17,57.52,23.57,47.88,12.82,57.35,31.81,39.26,12.76,50.98,28.28
2566,97,บ้านห้วยงูกลาง,ฝาง,เล็ก,นอกเมือง,สำนักงานคณะกรรมการการศึกษาขั้นพื้นฐาน,สพป.เชียงใหม่ เขต 3,9,76.54,18.48,45.42,17.85,77.78,24.85,39.44,19.38,59.26,37.77
2566,98,บ้านห้วยหมากเลี่ยม,ฝาง,กลาง,นอกเมือง,สำนักงานคณะกรรมการการศึกษาขั้นพื้นฐาน,สพป.เชียงใหม่ เขต 3,16,45.83,23.53,26.04,16.15,56.25,25.77,35.31,14.94,43.75,22.73
2566,99,บ้านห้วยเฮี่ยน,ฝาง,เล็ก,นอกเมือง,สำนักงานคณะกรรมการการศึกษาขั้นพื้นฐาน,สพป.เชียงใหม่ เขต 3,13,46.15,20.37,29.21,15.33,57.69,30.04,42.78,13.10,43.59,35.53
2566,100,บ้านเหมืองแร่,ฝาง,กลาง,นอกเมือง,สำนักงานคณะกรรมการการศึกษาขั้นพื้นฐาน,สพป.เชียงใหม่ เขต 3,11,65.66,17.38,43.66,22.32,63.64,24.69,44.99,17.88,54.55,25.71
2566,101,ฝางชนูปถัมภ์,ฝาง,ใหญ่,นอกเมือง,สำนักงานคณะกรรมการการศึกษาขั้นพื้นฐาน,สำนักงานเขตพื้นที่การศึกษามัธยมศึกษาเชียงใหม่,217,57.50,22.80,42.28,20.63,63.13,29.20,37.56,17.63,48.54,31.67
2566,102,ฝางธรรมศึกษา,ฝาง,เล็ก,นอกเมือง,สำนักงานพระพุทธศาสนาแห่งชาติ,กลุ่มโรงเรียนพระปริยัติธรรมฯ กลุ่ม  5,11,54.55,22.95,32.88,19.95,52.27,32.78,33.86,11.61,39.39,23.86
2566,103,รังษีวิทยา,ฝาง,ใหญ่พิเศษ,นอกเมือง,สำนักงานคณะกรรมการส่งเสริมการศึกษาเอกชน,-,143,71.56,20.08,54.42,17.97,73.60,25.05,45.87,16.90,62.70,30.66
2566,104,รัตนาเอื้อวิทยา,ฝาง,ใหญ่,นอกเมือง,สำนักงานคณะกรรมการส่งเสริมการศึกษาเอกชน,-,51,78.21,15.08,60.91,12.70,84.80,17.21,51.07,16.92,64.05,32.23
2566,105,วัดเจดีย์งามปริยัติวิทยา,ฝาง,เล็ก,นอกเมือง,สำนักงานพระพุทธศาสนาแห่งชาติ,กลุ่มโรงเรียนพระปริยัติธรรมฯ กลุ่ม  5,14,38.10,20.45,17.09,12.78,41.07,29.29,33.12,12.39,33.33,28.17
2566,106,วัดนันทาราม,ฝาง,กลาง,นอกเมือง,สำนักงานคณะกรรมการการศึกษาขั้นพื้นฐาน,สพป.เชียงใหม่ เขต 3,17,53.59,22.94,39.31,18.92,58.82,27.04,33.08,13.84,47.06,30.38
2566,107,วัดพระบาทอุดม,ฝาง,เล็ก,นอกเมือง,สำนักงานพระพุทธศาสนาแห่งชาติ,กลุ่มโรงเรียนพระปริยัติธรรมฯ กลุ่ม  5,18,46.30,28.75,24.96,14.57,51.39,29.43,40.55,15.50,46.30,31.70
2566,108,สายอักษร,ฝาง,กลาง,นอกเมือง,สำนักงานคณะกรรมการส่งเสริมการศึกษาเอกชน,-,26,74.36,22.60,47.31,21.41,66.35,22.94,40.91,13.03,71.79,25.64
2566,109,เขื่อนผากวิทยา,พร้าว,เล็ก,นอกเมือง,สำนักงานพระพุทธศาสนาแห่งชาติ,กลุ่มโรงเรียนพระปริยัติธรรมฯ กลุ่ม  5,8,44.44,13.61,32.98,21.48,40.63,32.92,42.02,15.16,29.17,35.11
2566,110,ชุมชนบ้านโป่ง,พร้าว,เล็ก,นอกเมือง,สำนักงานคณะกรรมการการศึกษาขั้นพื้นฐาน,สพป.เชียงใหม่ เขต 2,4,69.44,21.34,49.39,17.29,75.00,30.62,38.74,17.61,33.33,23.57
2566,111,บ้านนาบุญโหล่งขอด,พร้าว,เล็ก,นอกเมือง,สำนักงานคณะกรรมการการศึกษาขั้นพื้นฐาน,สพป.เชียงใหม่ เขต 2,26,74.36,16.53,53.82,17.34,76.92,24.93,54.85,16.29,71.79,28.78
2566,112,บ้านแม่ปั๋ง,พร้าว,เล็ก,นอกเมือง,สำนักงานคณะกรรมการการศึกษาขั้นพื้นฐาน,สพป.เชียงใหม่ เขต 2,7,73.02,15.55,43.85,13.19,67.86,25.75,46.07,12.36,57.14,23.33
2566,113,บ้านแม่ปาคี,พร้าว,เล็ก,นอกเมือง,สำนักงานคณะกรรมการการศึกษาขั้นพื้นฐาน,สพป.เชียงใหม่ เขต 2,9,54.32,16.10,24.39,15.59,30.56,22.91,25.69,16.68,48.15,27.72
2566,114,บ้านแม่เหียะ,พร้าว,เล็ก,นอกเมือง,สำนักงานคณะกรรมการการศึกษาขั้นพื้นฐาน,สพป.เชียงใหม่ เขต 2,6,68.52,13.48,35.81,14.39,75.00,25.00,34.57,8.37,55.56,24.85
2566,115,บ้านสันกลาง,พร้าว,เล็ก,นอกเมือง,สำนักงานคณะกรรมการการศึกษาขั้นพื้นฐาน,สพป.เชียงใหม่ เขต 2,4,66.67,7.86,51.72,8.23,68.75,27.24,44.68,12.35,58.33,36.32
2566,116,บ้านสันปง,พร้าว,เล็ก,นอกเมือง,สำนักงานคณะกรรมการการศึกษาขั้นพื้นฐาน,สพป.เชียงใหม่ เขต 2,4,83.33,9.62,54.69,6.60,75.00,25.00,38.12,21.53,58.33,27.64
2566,117,บ้านหนองปิด,พร้าว,เล็ก,นอกเมือง,สำนักงานคณะกรรมการการศึกษาขั้นพื้นฐาน,สพป.เชียงใหม่ เขต 2,2,83.33,5.56,50.54,5.29,87.50,12.50,59.99,16.25,83.33,16.67
2566,118,พร้าวบูรพา,พร้าว,เล็ก,นอกเมือง,สำนักงานคณะกรรมการการศึกษาขั้นพื้นฐาน,สพป.เชียงใหม่ เขต 2,3,66.67,15.71,50.49,11.42,41.67,31.18,41.25,24.39,55.56,15.71
2566,119,โรงเรียนพร้าววิทยาคม,พร้าว,ใหญ่,นอกเมือง,สำนักงานคณะกรรมการการศึกษาขั้นพื้นฐาน,สำนักงานเขตพื้นที่การศึกษามัธยมศึกษาเชียงใหม่,168,65.41,22.07,45.55,19.39,66.22,26.88,41.38,17.62,54.17,30.14
2566,120,สหกรณ์ดำริ,พร้าว,เล็ก,นอกเมือง,สำนักงานคณะกรรมการการศึกษาขั้นพื้นฐาน,สพป.เชียงใหม่ เขต 2,3,62.96,13.86,40.50,11.44,66.67,11.79,34.99,7.14,66.67,27.22
2566,121,กสิณธร เซนต์เจมส์ เชียงใหม่,เมืองเชียงใหม่,เล็ก,ในเมือง,สำนักงานคณะกรรมการส่งเสริมการศึกษาเอกชน,-,5,48.89,11.33,57.63,12.35,55.00,18.71,34.49,5.62,33.33,36.51
2566,122,กาวิละวิทยาลัย,เมืองเชียงใหม่,ใหญ่,ในเมือง,สำนักงานคณะกรรมการการศึกษาขั้นพื้นฐาน,สำนักงานเขตพื้นที่การศึกษามัธยมศึกษาเชียงใหม่,187,68.87,22.40,46.14,19.69,70.05,26.22,43.50,20.32,58.82,31.75
2566,123,โกวิทธำรงเชียงใหม่,เมืองเชียงใหม่,ใหญ่,ในเมือง,สำนักงานคณะกรรมการส่งเสริมการศึกษาเอกชน,-,97,69.42,19.74,52.12,19.58,66.75,22.62,44.30,18.88,59.79,31.00
2566,124,ขาลสุวรรณอนุสรณ์,เมืองเชียงใหม่,เล็ก,ในเมือง,สำนักงานคณะกรรมการส่งเสริมการศึกษาเอกชน,-,12,62.04,25.84,46.88,17.26,66.67,15.59,40.51,13.22,66.67,27.22
2566,125,จิตราวิทยา,เมืองเชียงใหม่,ใหญ่,ในเมือง,สำนักงานคณะกรรมการส่งเสริมการศึกษาเอกชน,-,86,67.83,19.98,49.80,17.44,67.44,28.29,41.14,15.21,59.30,31.50
2566,126,ชุมชนเทศบาลวัดศรีดอนไชย,เมืองเชียงใหม่,กลาง,ในเมือง,กรมส่งเสริมการปกครองท้องถิ่น,ท้องถิ่นจังหวัดเชียงใหม่,31,73.12,23.06,49.94,19.24,65.32,26.70,44.87,13.86,50.54,36.78
2566,127,ชุมชนบ้านบวกครกน้อย,เมืองเชียงใหม่,กลาง,ในเมือง,สำนักงานคณะกรรมการการศึกษาขั้นพื้นฐาน,สพป.เชียงใหม่ เขต 1,28,70.24,15.45,57.88,10.15,75.00,25.88,48.34,22.00,65.48,30.19
2566,128,ชุมชนวัดท่าเดื่อ,เมืองเชียงใหม่,เล็ก,ในเมือง,สำนักงานคณะกรรมการการศึกษาขั้นพื้นฐาน,สพป.เชียงใหม่ เขต 1,39,66.38,23.67,43.06,23.54,76.92,26.18,43.07,19.49,48.72,32.77
2566,129,เชตุพนศึกษา,เมืองเชียงใหม่,เล็ก,ในเมือง,สำนักงานพระพุทธศาสนาแห่งชาติ,กลุ่มโรงเรียนพระปริยัติธรรมฯ กลุ่ม  5,24,43.52,21.26,31.99,21.05,37.50,28.87,35.51,16.32,34.72,35.33
2566,130,เชียงใหม่คริสเตียน,เมืองเชียงใหม่,ใหญ่,ในเมือง,สำนักงานคณะกรรมการส่งเสริมการศึกษาเอกชน,-,136,64.71,24.32,50.71,19.04,68.57,24.25,38.63,18.63,57.11,32.06
2566,131,ดาราวิทยาลัย,เมืองเชียงใหม่,ใหญ่พิเศษ,ในเมือง,สำนักงานคณะกรรมการส่งเสริมการศึกษาเอกชน,-,254,76.20,19.43,57.08,17.35,76.77,22.55,51.59,20.33,67.06,28.75
2566,132,เทพบดินทร์วิทยาเชียงใหม่,เมืองเชียงใหม่,ใหญ่,ในเมือง,สำนักงานคณะกรรมการส่งเสริมการศึกษาเอกชน,-,139,62.43,20.49,46.71,20.64,61.51,26.19,42.12,17.38,52.04,31.51
2566,133,เทศบาลวัดท่าสะต๋อย,เมืองเชียงใหม่,กลาง,ในเมือง,กรมส่งเสริมการปกครองท้องถิ่น,ท้องถิ่นจังหวัดเชียงใหม่,22,78.79,12.94,58.60,15.15,78.41,20.36,53.63,11.54,72.73,29.54
2566,134,เทศบาลวัดศรีปิงเมือง,เมืองเชียงใหม่,กลาง,ในเมือง,กรมส่งเสริมการปกครองท้องถิ่น,ท้องถิ่นจังหวัดเชียงใหม่,24,69.91,25.35,47.25,21.35,68.75,29.09,49.58,21.12,56.94,31.15
2566,135,ธรรมเมธีศึกษา,เมืองเชียงใหม่,เล็ก,ในเมือง,สำนักงานพระพุทธศาสนาแห่งชาติ,กลุ่มโรงเรียนพระปริยัติธรรมฯ กลุ่ม  5,7,41.27,24.28,27.05,20.81,50.00,18.90,33.57,16.81,28.57,27.77
2566,136,ธรรมราชศึกษา,เมืองเชียงใหม่,กลาง,ในเมือง,สำนักงานคณะกรรมการส่งเสริมการศึกษาเอกชน,-,106,49.58,23.41,38.74,21.04,54.95,30.80,34.58,17.17,44.65,31.35
2566,137,บ้านดอนปิน,เมืองเชียงใหม่,กลาง,ในเมือง,สำนักงานคณะกรรมการการศึกษาขั้นพื้นฐาน,สพป.เชียงใหม่ เขต 1,27,69.55,24.30,61.17,16.73,79.63,22.60,53.33,16.91,56.79,36.08
2566,138,บ้านโป่งน้อย,เมืองเชียงใหม่,กลาง,ในเมือง,สำนักงานคณะกรรมการการศึกษาขั้นพื้นฐาน,สพป.เชียงใหม่ เขต 1,14,75.40,19.78,48.07,15.87,80.36,16.85,44.64,13.03,59.52,28.67
2566,139,บาลีสาธิตศึกษา มจร.,เมืองเชียงใหม่,กลาง,ในเมือง,สำนักงานพระพุทธศาสนาแห่งชาติ,กลุ่มโรงเรียนพระปริยัติธรรมฯ กลุ่ม  5,37,47.45,25.53,34.76,21.35,52.03,28.70,30.54,14.80,42.34,33.47
2566,140,ปรินส์รอยแยลส์วิทยาลัย,เมืองเชียงใหม่,ใหญ่พิเศษ,ในเมือง,สำนักงานคณะกรรมการส่งเสริมการศึกษาเอกชน,-,538,81.31,17.06,61.95,17.11,80.67,20.96,53.50,19.75,72.99,27.52
2566,141,พระหฤทัยเชียงใหม่,เมืองเชียงใหม่,ใหญ่,ในเมือง,สำนักงานคณะกรรมการส่งเสริมการศึกษาเอกชน,-,97,69.76,21.27,53.97,20.62,70.88,23.73,48.90,21.02,61.51,32.23
2566,142,พิงครัตน์,เมืองเชียงใหม่,เล็ก,ในเมือง,สำนักงานคณะกรรมการส่งเสริมการศึกษาเอกชน,-,5,73.33,11.33,51.53,20.37,65.00,25.50,56.24,16.09,73.33,24.94
2566,143,มงฟอร์ตวิทยาลัย แผนกมัธยม,เมืองเชียงใหม่,ใหญ่พิเศษ,ในเมือง,สำนักงานคณะกรรมการส่งเสริมการศึกษาเอกชน,-,140,84.05,12.19,65.44,15.21,87.32,16.23,54.19,20.40,78.33,24.54
2566,144,เมตตาศึกษา,เมืองเชียงใหม่,กลาง,ในเมือง,สำนักงานคณะกรรมการส่งเสริมการศึกษาเอกชน,-,53,68.13,19.43,50.23,18.89,70.75,22.11,44.50,17.09,55.97,28.06
2566,145,ยุพราชวิทยาลัย,เมืองเชียงใหม่,ใหญ่พิเศษ,ในเมือง,สำนักงานคณะกรรมการการศึกษาขั้นพื้นฐาน,สำนักงานเขตพื้นที่การศึกษามัธยมศึกษาเชียงใหม่,546,80.26,15.55,60.73,14.91,82.78,19.76,49.81,19.07,73.63,26.77
2566,146,ยุวฑูตศึกษาพัฒนาราชพฤกษ์,เมืองเชียงใหม่,กลาง,ในเมือง,สำนักงานคณะกรรมการส่งเสริมการศึกษาเอกชน,-,18,70.99,19.29,46.75,18.18,65.28,23.77,45.76,16.49,61.11,35.57
2566,147,เรยีนาเชลีวิทยาลัย,เมืองเชียงใหม่,ใหญ่,ในเมือง,สำนักงานคณะกรรมการส่งเสริมการศึกษาเอกชน,-,118,76.93,18.02,60.09,16.39,75.00,21.59,49.13,20.31,69.21,27.84
2566,148,วชิรวิทย์ เชียงใหม่,เมืองเชียงใหม่,กลาง,ในเมือง,สำนักงานคณะกรรมการส่งเสริมการศึกษาเอกชน,-,52,66.03,18.02,47.82,21.77,66.35,30.57,44.73,15.97,48.08,30.25
2566,149,วัฒโนทัยพายัพ,เมืองเชียงใหม่,ใหญ่พิเศษ,ในเมือง,สำนักงานคณะกรรมการการศึกษาขั้นพื้นฐาน,สำนักงานเขตพื้นที่การศึกษามัธยมศึกษาเชียงใหม่,427,75.80,17.34,54.90,16.88,78.16,22.48,44.59,18.17,68.23,30.14
2566,150,วัดช่างเคี่ยน,เมืองเชียงใหม่,กลาง,ในเมือง,สำนักงานคณะกรรมการการศึกษาขั้นพื้นฐาน,สพป.เชียงใหม่ เขต 1,13,48.72,17.18,46.26,11.07,63.46,23.24,38.46,18.90,23.08,24.05
2566,151,วัดดอนจั่น,เมืองเชียงใหม่,กลาง,ในเมือง,สำนักงานคณะกรรมการการศึกษาขั้นพื้นฐาน,สพป.เชียงใหม่ เขต 1,26,40.17,26.16,29.56,19.32,48.08,33.20,31.44,14.17,38.46,28.78
2566,152,วัดวังสิงห์คำ,เมืองเชียงใหม่,กลาง,ในเมือง,สำนักงานคณะกรรมการการศึกษาขั้นพื้นฐาน,สพป.เชียงใหม่ เขต 1,17,72.55,18.32,54.36,13.98,82.35,20.59,51.83,15.32,64.71,31.25
2566,153,วารีเชียงใหม่,เมืองเชียงใหม่,ใหญ่พิเศษ,ในเมือง,สำนักงานคณะกรรมการส่งเสริมการศึกษาเอกชน,-,138,74.07,19.67,56.48,17.35,75.18,23.79,44.57,21.08,62.56,29.88
2566,154,วิชัยวิทยา,เมืองเชียงใหม่,กลาง,ในเมือง,สำนักงานคณะกรรมการส่งเสริมการศึกษาเอกชน,-,25,73.33,17.78,55.24,17.53,61.00,23.54,48.44,16.74,58.67,39.19
2566,155,วิทยาลัยนาฎศิลปเชียงใหม่,เมืองเชียงใหม่,กลาง,ในเมือง,สถาบันบัณฑิตพัฒนศิลป์ (ปวช.),-,36,63.89,21.97,48.01,18.45,68.75,27.24,41.94,19.84,59.26,30.54
2566,156,สมเด็จพระพุทธชินวงศ์,เมืองเชียงใหม่,กลาง,ในเมือง,สำนักงานพระพุทธศาสนาแห่งชาติ,กลุ่มโรงเรียนพระปริยัติธรรมฯ กลุ่ม  5,36,37.35,22.55,21.61,11.62,43.06,26.09,30.48,16.78,37.96,22.43
2566,157,สังวาลย์วิทยา,เมืองเชียงใหม่,เล็ก,ในเมือง,สำนักงานคณะกรรมการการศึกษาขั้นพื้นฐาน,สพป.เชียงใหม่ เขต 1,7,74.60,21.99,52.57,19.02,75.00,23.15,45.00,22.88,47.62,30.12
2566,158,สาธิตมหาวิทยาลัยเชียงใหม่,เมืองเชียงใหม่,ใหญ่,ในเมือง,สำนักงานปลัดกระทรวงการอุดมศึกษาฯ,-,215,85.27,12.75,66.62,13.25,85.81,17.78,60.83,22.20,78.91,22.04
2566,159,สามัคคีวิทยาทาน,เมืองเชียงใหม่,เล็ก,ในเมือง,สำนักงานพระพุทธศาสนาแห่งชาติ,กลุ่มโรงเรียนพระปริยัติธรรมฯ กลุ่ม  5,38,66.08,21.77,42.95,20.99,59.87,24.70,43.55,20.74,50.88,31.29
2566,160,สารสาสน์วิเทศเชียงใหม่,เมืองเชียงใหม่,ใหญ่,ในเมือง,สำนักงานคณะกรรมการส่งเสริมการศึกษาเอกชน,-,41,77.78,12.99,53.40,17.92,70.73,28.10,46.91,17.35,60.16,31.42
2566,161,สารสาสน์วิเทศล้านนา,เมืองเชียงใหม่,ใหญ่,ในเมือง,สำนักงานคณะกรรมการส่งเสริมการศึกษาเอกชน,-,39,68.95,20.62,49.99,19.39,62.18,25.86,38.42,15.65,58.12,27.96
2566,162,โสตศึกษาอนุสารสุนทร,เมืองเชียงใหม่,เล็ก,ในเมือง,สำนักบริหารงานการศึกษาพิเศษ,-,0,-,-,-,-,-,-,-,-,-,-
2566,163,หอพระ,เมืองเชียงใหม่,กลาง,ในเมือง,สำนักงานคณะกรรมการการศึกษาขั้นพื้นฐาน,สำนักงานเขตพื้นที่การศึกษามัธยมศึกษาเชียงใหม่,32,69.10,18.16,51.43,19.23,77.34,22.84,34.92,17.48,72.92,28.18
2566,164,อนุบาลหนองป่าครั่ง,เมืองเชียงใหม่,เล็ก,ในเมือง,กรมส่งเสริมการปกครองท้องถิ่น,ท้องถิ่นจังหวัดเชียงใหม่,5,80.00,10.89,60.28,2.87,80.00,18.71,46.24,17.27,66.67,21.08
2566,165,อภัยอริยศึกษา,เมืองเชียงใหม่,เล็ก,ในเมือง,สำนักงานพระพุทธศาสนาแห่งชาติ,กลุ่มโรงเรียนพระปริยัติธรรมฯ กลุ่ม  5,11,42.42,26.72,25.03,22.19,40.91,28.75,24.54,19.80,33.33,34.82
2566,166,เซนต์โยเซฟแม่แจ่ม,แม่แจ่ม,กลาง,นอกเมือง,สำนักงานคณะกรรมการส่งเสริมการศึกษาเอกชน,-,24,56.48,27.20,47.66,19.59,59.38,29.59,40.46,14.23,56.94,28.02
2566,167,บ้านกองแขก,แม่แจ่ม,เล็ก,นอกเมือง,สำนักงานคณะกรรมการการศึกษาขั้นพื้นฐาน,สพป.เชียงใหม่ เขต 6,13,66.67,17.97,52.20,19.54,75.00,19.61,48.45,12.71,53.85,27.85
2566,168,บ้านขุนแม่หยอด,แม่แจ่ม,เล็ก,นอกเมือง,สำนักงานคณะกรรมการการศึกษาขั้นพื้นฐาน,สพป.เชียงใหม่ เขต 6,7,73.02,10.04,52.94,9.85,78.57,15.97,44.27,16.77,52.38,24.28
2566,169,บ้านทุ่งแก,แม่แจ่ม,เล็ก,นอกเมือง,สำนักงานคณะกรรมการการศึกษาขั้นพื้นฐาน,สพป.เชียงใหม่ เขต 6,10,54.44,25.07,40.74,20.08,65.00,20.00,33.99,16.75,46.67,30.55
2566,170,บ้านปางหินฝน,แม่แจ่ม,เล็ก,นอกเมือง,สำนักงานคณะกรรมการการศึกษาขั้นพื้นฐาน,สพป.เชียงใหม่ เขต 6,13,55.56,19.00,28.62,22.39,61.54,25.22,42.40,13.76,41.03,29.68
2566,171,บ้านปางอุ๋ง,แม่แจ่ม,กลาง,นอกเมือง,สำนักงานคณะกรรมการการศึกษาขั้นพื้นฐาน,สพป.เชียงใหม่ เขต 6,23,49.28,23.36,37.39,20.94,51.09,29.93,42.60,14.74,49.28,23.81
2566,172,บ้านแม่ซา,แม่แจ่ม,เล็ก,นอกเมือง,สำนักงานคณะกรรมการการศึกษาขั้นพื้นฐาน,สพป.เชียงใหม่ เขต 6,12,40.74,24.57,32.12,17.10,41.67,31.18,31.24,17.15,30.56,28.73
2566,173,บ้านแม่นาจร,แม่แจ่ม,กลาง,นอกเมือง,สำนักงานคณะกรรมการการศึกษาขั้นพื้นฐาน,สพป.เชียงใหม่ เขต 6,25,44.44,24.14,30.87,18.61,52.00,22.27,35.74,13.01,50.67,31.44
2566,174,บ้านแม่ศึก (มูลนิธิธรรมมาภิรักษ์อุปถัมภ์ที่ 2),แม่แจ่ม,เล็ก,นอกเมือง,สำนักงานคณะกรรมการการศึกษาขั้นพื้นฐาน,สพป.เชียงใหม่ เขต 6,10,63.33,23.33,39.09,11.93,77.50,20.77,40.12,12.07,36.67,37.86
2566,175,บ้านแม่หงานหลวง,แม่แจ่ม,เล็ก,นอกเมือง,สำนักงานคณะกรรมการการศึกษาขั้นพื้นฐาน,สพป.เชียงใหม่ เขต 6,12,60.19,20.52,44.01,22.76,66.67,23.57,37.80,14.05,66.67,38.49
2566,176,บ้านแม่เอาะ,แม่แจ่ม,เล็ก,นอกเมือง,สำนักงานคณะกรรมการการศึกษาขั้นพื้นฐาน,สพป.เชียงใหม่ เขต 6,8,43.06,17.07,33.41,20.18,53.13,36.31,37.34,10.64,33.33,16.67
2566,177,บ้านแม่แฮเหนือ,แม่แจ่ม,กลาง,นอกเมือง,สำนักงานคณะกรรมการการศึกษาขั้นพื้นฐาน,สพป.เชียงใหม่ เขต 6,29,64.75,24.77,50.04,17.14,62.93,25.10,37.15,19.29,63.22,33.15
2566,178,บ้านโม่งหลวง,แม่แจ่ม,เล็ก,นอกเมือง,สำนักงานคณะกรรมการการศึกษาขั้นพื้นฐาน,สพป.เชียงใหม่ เขต 6,15,52.59,20.87,35.36,19.06,53.33,28.67,43.16,20.17,57.78,30.95
2566,179,แม่แจ่ม,แม่แจ่ม,ใหญ่,นอกเมือง,สำนักงานคณะกรรมการการศึกษาขั้นพื้นฐาน,สำนักงานเขตพื้นที่การศึกษามัธยมศึกษาเชียงใหม่,167,68.33,19.89,48.36,18.07,69.01,24.65,40.06,16.03,58.08,28.95
2566,180,แม่แจ่มปริยัติศึกษา,แม่แจ่ม,เล็ก,นอกเมือง,สำนักงานพระพุทธศาสนาแห่งชาติ,กลุ่มโรงเรียนพระปริยัติธรรมฯ กลุ่ม  5,18,48.77,26.49,37.28,18.15,54.17,25.34,36.94,17.55,42.59,28.99
2566,181,ราชประชานุเคราะห์ 31,แม่แจ่ม,กลาง,นอกเมือง,สำนักบริหารงานการศึกษาพิเศษ,-,119,57.42,22.24,43.38,20.35,62.82,27.28,40.14,18.77,50.42,28.62
2566,182,สาธิตชุมชนการเรียนรู้สมเด็จย่า วิทยาลัยโพธิวิชชาลัย มหาวิทยาลัยศรีนครินทรวิโรฒ แม่แจ่ม,แม่แจ่ม,เล็ก,นอกเมือง,สำนักงานปลัดกระทรวงการอุดมศึกษาฯ,-,8,65.28,23.85,47.10,24.53,62.50,27.95,44.99,9.40,45.83,23.20
2566,183,อินทนนท์วิทยา,แม่แจ่ม,เล็ก,นอกเมือง,สำนักงานคณะกรรมการการศึกษาขั้นพื้นฐาน,สพป.เชียงใหม่ เขต 6,17,49.67,24.44,34.99,18.23,47.06,28.29,28.74,13.58,45.10,27.87
2566,184,ชุมชนวัดช่อแล,แม่แตง,เล็ก,นอกเมือง,สำนักงานคณะกรรมการการศึกษาขั้นพื้นฐาน,สพป.เชียงใหม่ เขต 2,14,63.49,21.99,47.57,17.92,69.64,27.02,34.90,18.14,52.38,32.65
2566,185,เชียงใหม่มัธยม,แม่แตง,ใหญ่,นอกเมือง,สำนักงานคณะกรรมการส่งเสริมการศึกษาเอกชน,-,0,-,-,-,-,-,-,-,-,-,-
2566,186,บ้านปง,แม่แตง,เล็ก,นอกเมือง,สำนักงานคณะกรรมการการศึกษาขั้นพื้นฐาน,สพป.เชียงใหม่ เขต 2,6,57.41,17.47,42.07,19.54,62.50,19.09,42.08,14.42,50.00,31.91
2566,187,บ้านปางไม้แดง,แม่แตง,เล็ก,นอกเมือง,สำนักงานคณะกรรมการการศึกษาขั้นพื้นฐาน,สพป.เชียงใหม่ เขต 2,10,76.67,20.15,68.53,14.20,82.50,16.01,61.24,13.73,70.00,23.33
2566,188,บ้านปางห้วยตาด,แม่แตง,เล็ก,นอกเมือง,สำนักงานคณะกรรมการการศึกษาขั้นพื้นฐาน,สพป.เชียงใหม่ เขต 2,9,71.60,17.46,35.47,13.24,52.78,27.50,41.24,21.32,48.15,27.72
2566,189,บ้านเป้าวิทยาคาร,แม่แตง,เล็ก,นอกเมือง,สำนักงานคณะกรรมการการศึกษาขั้นพื้นฐาน,สพป.เชียงใหม่ เขต 2,0,-,-,-,-,-,-,-,-,-,-
2566,190,บ้านเมืองกื้ด,แม่แตง,เล็ก,นอกเมือง,สำนักงานคณะกรรมการการศึกษาขั้นพื้นฐาน,สพป.เชียงใหม่ เขต 2,22,69.70,22.52,45.51,19.71,64.77,27.86,38.12,17.75,59.09,28.31
2566,191,บ้านแม่ไคร้,แม่แตง,เล็ก,นอกเมือง,สำนักงานคณะกรรมการการศึกษาขั้นพื้นฐาน,สพป.เชียงใหม่ เขต 2,5,51.11,16.63,46.87,12.45,60.00,20.00,48.75,13.46,46.67,16.33
2566,192,บ้านแม่ตะมาน,แม่แตง,เล็ก,นอกเมือง,สำนักงานคณะกรรมการการศึกษาขั้นพื้นฐาน,สพป.เชียงใหม่ เขต 2,11,69.70,20.15,58.85,11.74,79.55,14.37,38.86,21.12,75.76,20.55
2566,193,ป่าจี้วังแดงวิทยา,แม่แตง,เล็ก,นอกเมือง,สำนักงานคณะกรรมการการศึกษาขั้นพื้นฐาน,สพป.เชียงใหม่ เขต 2,14,63.49,20.76,52.52,13.12,67.86,17.50,55.79,13.39,50.00,30.21
2566,194,ป่าแป๋วิทยา,แม่แตง,เล็ก,นอกเมือง,สำนักงานคณะกรรมการการศึกษาขั้นพื้นฐาน,สพป.เชียงใหม่ เขต 2,24,70.37,22.14,48.08,14.75,70.83,17.18,40.57,17.11,52.78,27.07
2566,195,พระปริยัติธรรมแม่แตงวิทยา,แม่แตง,เล็ก,นอกเมือง,สำนักงานพระพุทธศาสนาแห่งชาติ,กลุ่มโรงเรียนพระปริยัติธรรมฯ กลุ่ม  5,5,46.67,17.78,23.49,14.77,65.00,12.25,40.99,20.49,13.33,16.33
2566,196,แม่แตง,แม่แตง,กลาง,นอกเมือง,สำนักงานคณะกรรมการการศึกษาขั้นพื้นฐาน,สำนักงานเขตพื้นที่การศึกษามัธยมศึกษาเชียงใหม่,117,63.72,23.89,43.05,19.83,62.82,27.47,37.75,16.19,51.28,31.29
2566,197,แม่หอพระวิทยาคม,แม่แตง,เล็ก,นอกเมือง,สำนักงานคณะกรรมการการศึกษาขั้นพื้นฐาน,สำนักงานเขตพื้นที่การศึกษามัธยมศึกษาเชียงใหม่,30,68.52,19.05,46.27,18.36,70.83,22.44,43.99,12.74,53.33,31.74
2566,198,ร่ำเปิงวิทยา,แม่แตง,กลาง,นอกเมือง,สำนักงานคณะกรรมการการศึกษาขั้นพื้นฐาน,สพป.เชียงใหม่ เขต 2,9,67.90,21.88,51.54,16.68,80.56,15.71,50.41,9.41,70.37,29.16
2566,199,วัดท่าข้าม,แม่แตง,เล็ก,นอกเมือง,สำนักงานคณะกรรมการการศึกษาขั้นพื้นฐาน,สพป.เชียงใหม่ เขต 2,7,74.60,18.51,45.47,15.83,71.43,24.74,52.85,19.55,52.38,24.28
2566,200,วัดบ้านเหล่า,แม่แตง,เล็ก,นอกเมือง,สำนักงานคณะกรรมการการศึกษาขั้นพื้นฐาน,สพป.เชียงใหม่ เขต 2,8,45.83,33.54,35.72,17.79,56.25,32.48,48.12,21.76,25.00,22.05
2566,201,วัดปางมะกล้วย,แม่แตง,เล็ก,นอกเมือง,สำนักงานคณะกรรมการการศึกษาขั้นพื้นฐาน,สพป.เชียงใหม่ เขต 2,5,64.44,22.66,53.02,13.10,55.00,18.71,41.25,24.71,40.00,38.87
2566,202,สบเปิงวิทยา,แม่แตง,กลาง,นอกเมือง,สำนักงานคณะกรรมการการศึกษาขั้นพื้นฐาน,สพป.เชียงใหม่ เขต 2,40,62.22,19.53,47.61,16.13,66.25,29.34,36.43,16.36,52.50,29.71
2566,203,สันป่ายางวิทยาคม,แม่แตง,เล็ก,นอกเมือง,สำนักงานคณะกรรมการการศึกษาขั้นพื้นฐาน,สำนักงานเขตพื้นที่การศึกษามัธยมศึกษาเชียงใหม่,23,65.22,18.91,48.20,17.63,70.65,32.68,35.05,14.56,53.62,27.34
2566,204,สันมหาพนวิทยา,แม่แตง,เล็ก,นอกเมือง,สำนักงานคณะกรรมการการศึกษาขั้นพื้นฐาน,สพป.เชียงใหม่ เขต 2,15,57.04,23.96,45.79,17.69,61.67,23.92,35.07,13.52,48.89,29.48
2566,205,อนุบาลสานสายใยรักเทศบาลเมืองเมืองแกนพัฒนา,แม่แตง,กลาง,นอกเมือง,กรมส่งเสริมการปกครองท้องถิ่น,ท้องถิ่นจังหวัดเชียงใหม่,15,55.56,22.59,28.47,18.01,48.33,32.23,34.49,11.56,33.33,17.21
2566,206,นวมินทราชูทิศ พายัพ,แม่ริม,ใหญ่,นอกเมือง,สำนักงานคณะกรรมการการศึกษาขั้นพื้นฐาน,สำนักงานเขตพื้นที่การศึกษามัธยมศึกษาเชียงใหม่,92,66.30,17.98,51.93,18.37,74.46,23.01,41.04,18.93,59.78,30.51
2566,207,บ้านทุ่งโป่ง,แม่ริม,กลาง,นอกเมือง,สำนักงานคณะกรรมการการศึกษาขั้นพื้นฐาน,สพป.เชียงใหม่ เขต 2,4,77.78,11.11,60.90,13.76,87.50,21.65,58.75,22.38,66.67,23.57
2566,208,บ้านป่าติ้ว,แม่ริม,เล็ก,นอกเมือง,สำนักงานคณะกรรมการการศึกษาขั้นพื้นฐาน,สพป.เชียงใหม่ เขต 2,7,69.84,20.33,53.66,15.13,75.00,18.90,45.88,11.43,66.67,25.20
2566,209,บ้านแม่สา,แม่ริม,กลาง,นอกเมือง,สำนักงานคณะกรรมการการศึกษาขั้นพื้นฐาน,สพป.เชียงใหม่ เขต 2,17,77.12,17.24,53.33,18.71,61.76,32.22,45.51,14.35,52.94,32.46
2566,210,บ้านศาลา,แม่ริม,กลาง,นอกเมือง,กรมส่งเสริมการปกครองท้องถิ่น,ท้องถิ่นจังหวัดเชียงใหม่,11,68.69,20.00,51.53,17.08,79.55,17.90,33.29,16.51,45.45,32.64
2566,211,บ้านสะลวงนอก,แม่ริม,เล็ก,นอกเมือง,สำนักงานคณะกรรมการการศึกษาขั้นพื้นฐาน,สพป.เชียงใหม่ เขต 2,11,63.64,11.69,49.57,14.44,72.73,24.90,50.11,11.90,45.45,29.38
2566,212,บ้านสันคะยอม,แม่ริม,เล็ก,นอกเมือง,สำนักงานคณะกรรมการการศึกษาขั้นพื้นฐาน,สพป.เชียงใหม่ เขต 2,11,77.78,22.72,63.92,9.04,72.73,24.90,49.99,8.46,72.73,31.20
2566,213,บ้านหนองปลามัน,แม่ริม,เล็ก,นอกเมือง,สำนักงานคณะกรรมการการศึกษาขั้นพื้นฐาน,สพป.เชียงใหม่ เขต 2,15,60.00,20.61,46.82,20.51,63.33,20.14,31.58,20.60,68.89,33.26
2566,214,แม่ริมวิทยา,แม่ริม,เล็ก,นอกเมือง,สำนักงานพระพุทธศาสนาแห่งชาติ,กลุ่มโรงเรียนพระปริยัติธรรมฯ กลุ่ม  5,17,58.17,19.26,32.24,19.80,57.35,29.41,39.85,14.61,49.02,28.28
2566,215,แม่ริมวิทยาคม,แม่ริม,ใหญ่,นอกเมือง,สำนักงานคณะกรรมการการศึกษาขั้นพื้นฐาน,สำนักงานเขตพื้นที่การศึกษามัธยมศึกษาเชียงใหม่,138,70.61,19.37,51.99,17.95,70.65,25.34,38.91,17.59,56.52,31.75
2566,216,ราชประชานุเคราะห์ 60 จังหวัดเชียงใหม่,แม่ริม,กลาง,นอกเมือง,สำนักบริหารงานการศึกษาพิเศษ,-,69,59.10,22.34,41.33,20.04,69.93,22.75,43.82,14.62,58.94,28.46
2566,217,บ้านกาดวิทยาคม,แม่วาง,กลาง,นอกเมือง,สำนักงานคณะกรรมการการศึกษาขั้นพื้นฐาน,สำนักงานเขตพื้นที่การศึกษามัธยมศึกษาเชียงใหม่,108,62.55,26.78,43.54,18.72,69.21,27.13,42.31,18.05,53.09,32.09
2566,218,บ้านห้วยตอง,แม่วาง,กลาง,นอกเมือง,สำนักงานคณะกรรมการการศึกษาขั้นพื้นฐาน,สพป.เชียงใหม่ เขต 4,12,60.19,26.63,32.29,16.82,60.42,27.87,41.45,14.11,44.44,34.25
2566,219,แม่วินสามัคคี,แม่วาง,กลาง,นอกเมือง,สำนักงานคณะกรรมการการศึกษาขั้นพื้นฐาน,สพป.เชียงใหม่ เขต 4,61,53.55,23.42,35.04,20.16,56.15,27.41,38.91,14.46,45.36,29.59
2566,220,วัดห้วยแก้ว,แม่วาง,เล็ก,นอกเมือง,สำนักงานคณะกรรมการการศึกษาขั้นพื้นฐาน,สพป.เชียงใหม่ เขต 4,14,54.76,22.01,33.84,16.37,64.29,26.24,38.30,12.74,59.52,22.46
2566,221,สัพพัญญูวิทยา,แม่วาง,เล็ก,นอกเมือง,สำนักงานพระพุทธศาสนาแห่งชาติ,กลุ่มโรงเรียนพระปริยัติธรรมฯ กลุ่ม  5,4,63.89,26.50,50.10,8.42,43.75,10.83,40.31,18.99,33.33,23.57
2566,222,ทาเหนือวิทยา,แม่ออน,เล็ก,นอกเมือง,สำนักงานคณะกรรมการการศึกษาขั้นพื้นฐาน,สพป.เชียงใหม่ เขต 1,18,42.59,28.27,30.12,16.27,41.67,27.64,36.80,15.95,35.19,23.50
2566,223,แม่ออนวิทยาลัย,แม่ออน,กลาง,นอกเมือง,สำนักงานคณะกรรมการการศึกษาขั้นพื้นฐาน,สำนักงานเขตพื้นที่การศึกษามัธยมศึกษาเชียงใหม่,54,64.40,24.23,44.56,19.44,65.28,25.19,39.60,15.80,50.00,34.99
2566,224,วัดห้วยแก้ว,แม่ออน,เล็ก,นอกเมือง,สำนักงานคณะกรรมการการศึกษาขั้นพื้นฐาน,สพป.เชียงใหม่ เขต 1,11,76.77,16.03,50.28,13.32,75.00,21.32,46.25,19.92,63.64,33.20
2566,225,วัดห้วยทราย,แม่ออน,เล็ก,นอกเมือง,สำนักงานคณะกรรมการการศึกษาขั้นพื้นฐาน,สพป.เชียงใหม่ เขต 1,19,51.46,21.69,38.83,18.08,61.84,24.83,34.40,16.78,56.14,34.29
2566,226,เจ้าพ่อหลวงอุปถัมภ์ 9,แม่อาย,กลาง,นอกเมือง,สำนักงานคณะกรรมการการศึกษาขั้นพื้นฐาน,สพป.เชียงใหม่ เขต 3,19,64.91,16.23,49.93,18.47,69.74,23.76,45.65,12.91,54.39,32.82
2566,227,ชุมชนบ้านคาย,แม่อาย,กลาง,นอกเมือง,สำนักงานคณะกรรมการการศึกษาขั้นพื้นฐาน,สพป.เชียงใหม่ เขต 3,24,59.26,21.44,37.75,19.51,78.13,23.18,42.03,14.75,51.39,28.83
2566,228,ชุมชนบ้านแม่ฮ่าง,แม่อาย,กลาง,นอกเมือง,สำนักงานคณะกรรมการการศึกษาขั้นพื้นฐาน,สพป.เชียงใหม่ เขต 3,31,61.65,19.11,44.54,17.97,80.65,20.78,39.99,15.86,54.84,24.75
2566,229,โชติคุณเกษมบ้านเมืองงาม,แม่อาย,กลาง,นอกเมือง,สำนักงานคณะกรรมการการศึกษาขั้นพื้นฐาน,สพป.เชียงใหม่ เขต 3,24,61.57,20.28,46.18,16.10,59.38,27.78,47.60,16.19,51.39,34.67
2566,230,ไทยรัฐวิทยา 12 (บ้านเอก),แม่อาย,กลาง,นอกเมือง,สำนักงานคณะกรรมการการศึกษาขั้นพื้นฐาน,สพป.เชียงใหม่ เขต 3,12,83.33,9.62,75.02,9.44,93.75,10.83,63.43,14.34,80.56,16.43
2566,231,บ้านท่ามะแกง,แม่อาย,เล็ก,นอกเมือง,สำนักงานคณะกรรมการการศึกษาขั้นพื้นฐาน,สพป.เชียงใหม่ เขต 3,8,68.06,24.49,47.32,14.54,62.50,21.65,50.93,20.82,62.50,35.11
2566,232,บ้านป่าก๊อ,แม่อาย,กลาง,นอกเมือง,สำนักงานคณะกรรมการการศึกษาขั้นพื้นฐาน,สพป.เชียงใหม่ เขต 3,8,68.06,18.79,41.00,20.41,71.88,29.15,41.25,12.61,33.33,28.87
2566,233,บ้านปางต้นเดื่อ,แม่อาย,กลาง,นอกเมือง,สำนักงานคณะกรรมการการศึกษาขั้นพื้นฐาน,สพป.เชียงใหม่ เขต 3,21,56.08,26.89,42.96,15.28,61.90,27.41,39.94,13.46,50.79,24.38
2566,234,บ้านป่าแดง,แม่อาย,กลาง,นอกเมือง,สำนักงานคณะกรรมการการศึกษาขั้นพื้นฐาน,สพป.เชียงใหม่ เขต 3,18,48.15,24.57,26.57,14.01,61.11,23.90,28.19,12.80,42.59,28.99
2566,235,บ้านสันต้นหมื้อ,แม่อาย,กลาง,นอกเมือง,สำนักงานคณะกรรมการการศึกษาขั้นพื้นฐาน,สพป.เชียงใหม่ เขต 3,43,53.49,26.06,36.00,20.31,52.33,34.44,31.89,17.87,44.19,29.40
2566,236,บ้านสุขฤทัย,แม่อาย,กลาง,นอกเมือง,สำนักงานคณะกรรมการการศึกษาขั้นพื้นฐาน,สพป.เชียงใหม่ เขต 3,38,59.94,21.86,43.46,21.59,64.47,29.60,46.64,17.06,48.25,31.25
2566,237,บ้านห้วยคอกหมู,แม่อาย,เล็ก,นอกเมือง,สำนักงานคณะกรรมการการศึกษาขั้นพื้นฐาน,สพป.เชียงใหม่ เขต 3,10,32.22,24.06,23.87,15.13,40.00,35.71,27.49,13.46,26.67,24.94
2566,238,พระปริยัติธรรมวัดท่าตอน,แม่อาย,เล็ก,นอกเมือง,สำนักงานพระพุทธศาสนาแห่งชาติ,กลุ่มโรงเรียนพระปริยัติธรรมฯ กลุ่ม  5,17,39.22,21.93,25.37,13.12,48.53,27.75,38.45,15.86,43.14,31.86
2566,239,เพียงหลวง 1 (บ้านท่าตอน),แม่อาย,กลาง,นอกเมือง,สำนักงานคณะกรรมการการศึกษาขั้นพื้นฐาน,สพป.เชียงใหม่ เขต 3,30,66.67,19.46,51.18,15.10,68.33,24.09,45.03,15.95,61.11,32.30
2566,240,แม่อายวิทยาคม,แม่อาย,ใหญ่,นอกเมือง,กรมส่งเสริมการปกครองท้องถิ่น,ท้องถิ่นจังหวัดเชียงใหม่,37,54.65,24.69,50.91,18.14,70.27,24.55,35.47,15.60,48.65,36.01
2566,241,ราชประชานุเคราะห์ 30,แม่อาย,กลาง,นอกเมือง,สำนักบริหารงานการศึกษาพิเศษ,-,39,68.38,16.79,45.98,17.48,69.23,22.97,41.18,12.80,57.26,34.55
2566,242,บ้านนามน,เวียงแหง,เล็ก,นอกเมือง,สำนักงานคณะกรรมการการศึกษาขั้นพื้นฐาน,สพป.เชียงใหม่ เขต 3,19,67.84,13.91,42.23,19.85,65.79,28.34,43.62,18.72,56.14,28.72
2566,243,บ้านปางป๋อ,เวียงแหง,เล็ก,นอกเมือง,สำนักงานคณะกรรมการการศึกษาขั้นพื้นฐาน,สพป.เชียงใหม่ เขต 3,16,60.42,21.14,41.90,20.62,64.06,27.91,40.63,20.33,43.75,32.74
2566,244,บ้านเปียงหลวง,เวียงแหง,กลาง,นอกเมือง,สำนักงานคณะกรรมการการศึกษาขั้นพื้นฐาน,สพป.เชียงใหม่ เขต 3,79,65.82,20.22,45.97,17.89,71.84,26.20,43.33,15.19,54.01,34.90
2566,245,เวียงแหงปริยัติศึกษา,เวียงแหง,เล็ก,นอกเมือง,สำนักงานพระพุทธศาสนาแห่งชาติ,กลุ่มโรงเรียนพระปริยัติธรรมฯ กลุ่ม  5,23,43.96,23.96,32.16,19.80,57.61,28.01,39.23,10.89,34.78,31.82
2566,246,เวียงแหงวิทยาคม,เวียงแหง,ใหญ่,นอกเมือง,สำนักงานคณะกรรมการการศึกษาขั้นพื้นฐาน,สำนักงานเขตพื้นที่การศึกษามัธยมศึกษาเชียงใหม่,140,63.25,21.53,45.88,18.66,69.11,24.93,42.06,19.14,55.24,33.04
2566,247,บ้านบ่อแก้ว,สะเมิง,กลาง,นอกเมือง,สำนักงานคณะกรรมการการศึกษาขั้นพื้นฐาน,สพป.เชียงใหม่ เขต 2,26,48.72,29.25,32.71,19.70,53.85,21.59,34.46,15.21,43.59,28.90
2566,248,บ้านปางขุม,สะเมิง,เล็ก,นอกเมือง,สำนักงานคณะกรรมการการศึกษาขั้นพื้นฐาน,สพป.เชียงใหม่ เขต 2,6,55.56,27.96,35.29,23.99,50.00,28.87,30.20,13.01,38.89,35.57
2566,249,บ้านป่าลาน,สะเมิง,เล็ก,นอกเมือง,สำนักงานคณะกรรมการการศึกษาขั้นพื้นฐาน,สพป.เชียงใหม่ เขต 2,9,64.20,28.58,44.61,17.54,55.56,38.69,47.64,16.38,51.85,27.72
2566,250,บ้านแม่ขะปู,สะเมิง,เล็ก,นอกเมือง,สำนักงานคณะกรรมการการศึกษาขั้นพื้นฐาน,สพป.เชียงใหม่ เขต 2,11,65.66,24.82,38.66,15.08,65.91,30.66,50.90,24.11,48.48,32.92
2566,251,บ้านแม่โต๋,สะเมิง,เล็ก,นอกเมือง,สำนักงานคณะกรรมการการศึกษาขั้นพื้นฐาน,สพป.เชียงใหม่ เขต 2,19,62.57,19.81,46.66,19.73,56.58,22.71,38.42,14.63,73.68,27.74
2566,252,บ้านแม่ยางห้า,สะเมิง,เล็ก,นอกเมือง,สำนักงานคณะกรรมการการศึกษาขั้นพื้นฐาน,สพป.เชียงใหม่ เขต 2,14,62.70,20.40,45.28,20.91,66.07,17.95,40.35,16.18,45.24,36.96
2566,253,บ้านแม่ลานคำ,สะเมิง,เล็ก,นอกเมือง,สำนักงานคณะกรรมการการศึกษาขั้นพื้นฐาน,สพป.เชียงใหม่ เขต 2,10,60.00,17.36,38.99,17.45,60.00,16.58,35.12,9.16,60.00,20.00
2566,254,บ้านแม่แว,สะเมิง,เล็ก,นอกเมือง,สำนักงานคณะกรรมการการศึกษาขั้นพื้นฐาน,สพป.เชียงใหม่ เขต 2,10,56.67,21.91,46.15,18.61,57.50,19.53,32.99,11.87,40.00,24.94
2566,255,วัดงิ้วเฒ่า,สะเมิง,เล็ก,นอกเมือง,สำนักงานคณะกรรมการการศึกษาขั้นพื้นฐาน,สพป.เชียงใหม่ เขต 2,6,77.78,15.71,45.73,14.45,75.00,20.41,37.08,18.55,55.56,24.85
2566,256,วัดยั้งเมิน,สะเมิง,เล็ก,นอกเมือง,สำนักงานคณะกรรมการการศึกษาขั้นพื้นฐาน,สพป.เชียงใหม่ เขต 2,8,63.89,16.43,46.56,22.98,71.88,19.52,41.09,15.42,58.33,36.32
2566,257,วัดสะเมิงวิทยา,สะเมิง,เล็ก,นอกเมือง,สำนักงานพระพุทธศาสนาแห่งชาติ,กลุ่มโรงเรียนพระปริยัติธรรมฯ กลุ่ม  5,6,37.04,25.39,26.78,8.54,58.33,23.57,29.79,8.46,50.00,31.91
2566,258,สะเมิงพิทยาคม,สะเมิง,กลาง,นอกเมือง,สำนักงานคณะกรรมการการศึกษาขั้นพื้นฐาน,สำนักงานเขตพื้นที่การศึกษามัธยมศึกษาเชียงใหม่,58,62.45,23.69,45.70,18.58,58.62,29.20,44.97,17.78,48.28,31.06
2566,259,บ้านบวกค้าง,สันกำแพง,เล็ก,นอกเมือง,สำนักงานคณะกรรมการการศึกษาขั้นพื้นฐาน,สพป.เชียงใหม่ เขต 1,4,77.78,11.11,48.66,14.85,81.25,20.73,44.68,8.72,33.33,40.82
2566,260,บ้านแม่ปูคา,สันกำแพง,เล็ก,นอกเมือง,สำนักงานคณะกรรมการการศึกษาขั้นพื้นฐาน,สพป.เชียงใหม่ เขต 1,11,70.71,21.33,54.71,16.84,75.00,15.08,42.16,15.53,66.67,24.62
2566,261,บ้านหนองโค้ง,สันกำแพง,กลาง,นอกเมือง,สำนักงานคณะกรรมการการศึกษาขั้นพื้นฐาน,สพป.เชียงใหม่ เขต 1,64,69.10,21.74,48.51,18.44,72.27,25.05,41.81,15.94,56.77,31.56
2566,262,วัดล้านตอง,สันกำแพง,เล็ก,นอกเมือง,สำนักงานคณะกรรมการการศึกษาขั้นพื้นฐาน,สพป.เชียงใหม่ เขต 1,7,69.84,16.50,54.76,12.64,60.71,18.21,48.04,16.05,71.43,27.77
2566,263,สันกำแพง,สันกำแพง,ใหญ่พิเศษ,นอกเมือง,สำนักงานคณะกรรมการการศึกษาขั้นพื้นฐาน,สำนักงานเขตพื้นที่การศึกษามัธยมศึกษาเชียงใหม่,124,76.88,16.61,54.94,14.12,80.85,18.81,50.65,20.21,67.47,25.56
2566,264,สันกำแพงคันธาอนุสรณ์,สันกำแพง,เล็ก,นอกเมือง,สำนักงานคณะกรรมการการศึกษาขั้นพื้นฐาน,สพป.เชียงใหม่ เขต 1,19,70.76,16.21,48.37,18.74,65.79,24.62,49.73,19.26,66.67,26.49
2566,265,ชลประทานเขื่อนแม่กวงจิราธิวัฒน์อุปถัมภ์,สันทราย,กลาง,นอกเมือง,สำนักงานคณะกรรมการการศึกษาขั้นพื้นฐาน,สพป.เชียงใหม่ เขต 2,21,56.61,20.83,37.07,21.01,61.90,19.85,36.19,17.27,47.62,37.90
2566,266,บ้านเจดีย์แม่ครัว,สันทราย,กลาง,นอกเมือง,สำนักงานคณะกรรมการการศึกษาขั้นพื้นฐาน,สพป.เชียงใหม่ เขต 2,40,63.06,24.52,53.38,21.92,70.63,24.29,41.40,14.19,60.00,28.09
2566,267,บ้านบวกเปา,สันทราย,เล็ก,นอกเมือง,สำนักงานคณะกรรมการการศึกษาขั้นพื้นฐาน,สพป.เชียงใหม่ เขต 2,11,79.80,14.07,55.13,14.65,79.55,17.90,46.81,11.61,78.79,21.43
2566,268,บ้านแม่โจ้,สันทราย,กลาง,นอกเมือง,สำนักงานคณะกรรมการการศึกษาขั้นพื้นฐาน,สพป.เชียงใหม่ เขต 2,10,61.11,18.76,41.37,19.18,75.00,22.36,34.37,15.79,46.67,16.33
2566,269,บ้านร่มหลวง,สันทราย,เล็ก,นอกเมือง,สำนักงานคณะกรรมการการศึกษาขั้นพื้นฐาน,สพป.เชียงใหม่ เขต 2,16,68.06,17.07,50.44,12.49,70.31,25.34,39.68,15.53,66.67,26.35
2566,270,บ้านศรีบุญเรือง,สันทราย,กลาง,นอกเมือง,สำนักงานคณะกรรมการการศึกษาขั้นพื้นฐาน,สพป.เชียงใหม่ เขต 2,13,61.54,20.73,44.70,19.61,65.38,33.31,35.38,18.13,48.72,28.09
2566,271,บ้านหนองไคร้,สันทราย,กลาง,นอกเมือง,สำนักงานคณะกรรมการการศึกษาขั้นพื้นฐาน,สพป.เชียงใหม่ เขต 2,62,72.58,19.73,55.67,16.41,79.84,17.30,48.16,19.47,73.66,30.02
2566,272,บ้านหลักปัน,สันทราย,กลาง,นอกเมือง,สำนักงานคณะกรรมการการศึกษาขั้นพื้นฐาน,สพป.เชียงใหม่ เขต 2,23,69.08,17.32,57.21,21.43,76.09,22.70,49.67,16.97,72.46,28.91
2566,273,พงษ์พิกุลเชียงใหม่,สันทราย,กลาง,นอกเมือง,สำนักงานคณะกรรมการส่งเสริมการศึกษาเอกชน,-,15,65.19,21.03,48.21,19.47,78.33,17.95,44.91,15.96,55.56,28.97
2566,274,วัดแม่แก้ดน้อย,สันทราย,ใหญ่,นอกเมือง,สำนักงานคณะกรรมการการศึกษาขั้นพื้นฐาน,สพป.เชียงใหม่ เขต 2,31,73.12,16.64,48.75,14.88,75.00,22.90,44.99,13.82,60.22,27.33
2566,275,วัดวิเวกวนาราม,สันทราย,เล็ก,นอกเมือง,สำนักงานพระพุทธศาสนาแห่งชาติ,กลุ่มโรงเรียนพระปริยัติธรรมฯ กลุ่ม  5,14,40.48,26.76,30.51,21.62,62.50,27.95,38.57,16.14,38.10,27.77
2566,276,สันทรายวิทยาคม,สันทราย,ใหญ่,นอกเมือง,สำนักงานคณะกรรมการการศึกษาขั้นพื้นฐาน,สำนักงานเขตพื้นที่การศึกษามัธยมศึกษาเชียงใหม่,169,68.70,21.58,47.24,18.46,73.52,22.87,45.25,18.27,59.96,28.91
2566,277,สันทรายหลวง,สันทราย,กลาง,นอกเมือง,สำนักงานคณะกรรมการการศึกษาขั้นพื้นฐาน,สพป.เชียงใหม่ เขต 2,86,64.73,22.36,45.86,22.68,70.06,24.36,47.57,16.71,56.98,34.43
2566,278,ทุ่งฟ้าบดราษฎร์บำรุง,สันป่าตอง,กลาง,นอกเมือง,กรมส่งเสริมการปกครองท้องถิ่น,ท้องถิ่นจังหวัดเชียงใหม่,53,67.09,21.03,48.99,19.27,72.64,22.92,41.17,18.72,57.23,32.62
2566,279,เทพศิรินทร์ เชียงใหม่,สันป่าตอง,กลาง,นอกเมือง,สำนักงานคณะกรรมการการศึกษาขั้นพื้นฐาน,สำนักงานเขตพื้นที่การศึกษามัธยมศึกษาเชียงใหม่,111,59.66,24.91,43.45,19.64,61.49,29.97,36.45,17.06,48.65,28.92
2566,280,บ้านทุ่งเสี้ยว (นวรัฐ),สันป่าตอง,เล็ก,นอกเมือง,สำนักงานคณะกรรมการการศึกษาขั้นพื้นฐาน,สพป.เชียงใหม่ เขต 4,14,64.29,12.72,43.86,18.43,62.50,20.59,36.33,11.60,64.29,32.03
2566,281,บ้านร่องน้ำ,สันป่าตอง,เล็ก,นอกเมือง,สำนักงานคณะกรรมการการศึกษาขั้นพื้นฐาน,สพป.เชียงใหม่ เขต 4,12,67.59,23.77,49.54,18.04,72.92,16.00,44.89,15.81,44.44,24.85
2566,282,บ้านหัวริน,สันป่าตอง,เล็ก,นอกเมือง,สำนักงานคณะกรรมการการศึกษาขั้นพื้นฐาน,สพป.เชียงใหม่ เขต 4,3,85.19,10.48,38.61,10.00,66.67,23.57,37.08,9.81,66.67,0.00
2566,283,พัฒนวิทย์ศึกษา,สันป่าตอง,ใหญ่,นอกเมือง,สำนักงานคณะกรรมการส่งเสริมการศึกษาเอกชน,-,13,64.10,19.56,44.03,19.86,65.38,25.07,37.50,15.50,48.72,36.08
2566,284,วัดกู่คำ,สันป่าตอง,เล็ก,นอกเมือง,สำนักงานคณะกรรมการการศึกษาขั้นพื้นฐาน,สพป.เชียงใหม่ เขต 4,1,55.56,0.00,46.75,0.00,75.00,0.00,34.99,0.00,66.67,0.00
2566,285,วัดโรงวัว,สันป่าตอง,เล็ก,นอกเมือง,สำนักงานคณะกรรมการการศึกษาขั้นพื้นฐาน,สพป.เชียงใหม่ เขต 4,8,62.50,19.98,50.46,16.33,75.00,12.50,44.21,10.20,50.00,16.67
2566,286,สันป่าตองวิทยาคม,สันป่าตอง,ใหญ่พิเศษ,นอกเมือง,สำนักงานคณะกรรมการการศึกษาขั้นพื้นฐาน,สำนักงานเขตพื้นที่การศึกษามัธยมศึกษาเชียงใหม่,320,66.81,20.90,47.25,17.89,69.22,27.13,40.65,16.34,58.65,30.07
2566,287,สันป่าตองศึกษา,สันป่าตอง,เล็ก,นอกเมือง,สำนักงานพระพุทธศาสนาแห่งชาติ,กลุ่มโรงเรียนพระปริยัติธรรมฯ กลุ่ม  5,2,72.22,5.56,29.11,17.82,37.50,37.50,33.75,1.24,33.33,33.33
2566,288,ช่องฟ้าซินเซิงวาณิชบำรุง,สารภี,ใหญ่พิเศษ,นอกเมือง,สำนักงานคณะกรรมการส่งเสริมการศึกษาเอกชน,-,100,76.11,17.38,57.17,16.12,78.50,20.92,44.57,18.90,69.33,27.76
2566,289,ชุมชนวัดศรีคำชมภู,สารภี,กลาง,นอกเมือง,สำนักงานคณะกรรมการการศึกษาขั้นพื้นฐาน,สพป.เชียงใหม่ เขต 4,31,63.44,23.13,42.96,22.15,69.35,28.19,41.13,20.74,62.37,35.66
2566,290,บ้านปากเหมือง,สารภี,กลาง,นอกเมือง,สำนักงานคณะกรรมการการศึกษาขั้นพื้นฐาน,สพป.เชียงใหม่ เขต 4,7,74.60,9.78,61.95,13.74,85.71,12.37,64.10,20.49,95.24,11.66
2566,291,วชิราลัย,สารภี,กลาง,นอกเมือง,สำนักงานคณะกรรมการส่งเสริมการศึกษาเอกชน,-,70,57.62,26.11,39.22,21.47,65.36,27.15,37.83,17.79,49.52,30.73
2566,292,วัดท่าต้นกวาว,สารภี,เล็ก,นอกเมือง,สำนักงานคณะกรรมการการศึกษาขั้นพื้นฐาน,สพป.เชียงใหม่ เขต 4,13,74.36,15.34,49.74,16.53,65.38,28.65,36.92,12.41,61.54,28.78
2566,293,วัดบวกครกเหนือ,สารภี,เล็ก,นอกเมือง,สำนักงานคณะกรรมการการศึกษาขั้นพื้นฐาน,สพป.เชียงใหม่ เขต 4,24,64.35,19.50,47.76,17.52,79.17,18.63,47.23,11.16,65.28,29.63
2566,294,วัดเวฬุวัน,สารภี,ใหญ่,นอกเมือง,สำนักงานคณะกรรมการการศึกษาขั้นพื้นฐาน,สพป.เชียงใหม่ เขต 4,68,63.07,19.66,49.60,16.72,68.38,27.99,41.30,16.76,59.80,31.60
2566,295,วัดศรีดอนชัย,สารภี,เล็ก,นอกเมือง,สำนักงานคณะกรรมการการศึกษาขั้นพื้นฐาน,สพป.เชียงใหม่ เขต 4,6,77.78,19.25,49.28,12.10,70.83,17.18,37.49,15.34,61.11,35.57
2566,296,สารภีปริยัติศึกษา,สารภี,เล็ก,นอกเมือง,สำนักงานพระพุทธศาสนาแห่งชาติ,กลุ่มโรงเรียนพระปริยัติธรรมฯ กลุ่ม  5,25,38.67,25.17,23.32,13.52,37.00,20.15,31.99,15.65,28.00,24.37
2566,297,สารภีพิทยาคม,สารภี,กลาง,นอกเมือง,สำนักงานคณะกรรมการการศึกษาขั้นพื้นฐาน,สำนักงานเขตพื้นที่การศึกษามัธยมศึกษาเชียงใหม่,182,68.93,20.66,49.76,17.62,73.35,25.22,42.12,17.41,59.71,29.03
2566,298,สืบนทีธรรม,สารภี,กลาง,นอกเมือง,สำนักงานคณะกรรมการส่งเสริมการศึกษาเอกชน,-,8,73.61,15.65,63.64,14.48,84.38,17.40,39.69,11.72,58.33,22.05
2566,299,ต้นแก้วผดุงพิทยาลัย,หางดง,ใหญ่,นอกเมือง,กรมส่งเสริมการปกครองท้องถิ่น,ท้องถิ่นจังหวัดเชียงใหม่,47,62.41,24.42,43.56,22.64,62.23,31.32,37.28,14.93,54.61,35.35
2566,300,เทศบาลหนองตองวิทยา,หางดง,เล็ก,นอกเมือง,กรมส่งเสริมการปกครองท้องถิ่น,ท้องถิ่นจังหวัดเชียงใหม่,6,70.37,29.86,48.62,21.58,70.83,22.44,40.62,22.31,50.00,31.91
2566,301,บ้านน้ำแพร่,หางดง,เล็ก,นอกเมือง,สำนักงานคณะกรรมการการศึกษาขั้นพื้นฐาน,สพป.เชียงใหม่ เขต 4,8,84.72,13.54,65.49,7.90,84.38,12.10,46.56,15.52,75.00,14.43
2566,302,บ้านปง,หางดง,เล็ก,นอกเมือง,สำนักงานคณะกรรมการการศึกษาขั้นพื้นฐาน,สพป.เชียงใหม่ เขต 4,13,80.34,15.19,59.95,12.93,80.77,19.99,61.72,13.18,61.54,25.64
2566,303,บ้านสันป่าสัก,หางดง,กลาง,นอกเมือง,สำนักงานคณะกรรมการการศึกษาขั้นพื้นฐาน,สพป.เชียงใหม่ เขต 4,77,67.97,20.02,46.64,20.13,66.23,24.10,37.84,15.11,64.50,32.83
2566,304,พันธสัญญา,หางดง,เล็ก,นอกเมือง,สำนักงานคณะกรรมการส่งเสริมการศึกษาเอกชน,-,7,71.43,10.04,48.63,16.54,75.00,13.36,46.42,17.02,61.90,21.30
2566,305,วัดศรีสว่าง,หางดง,เล็ก,นอกเมือง,สำนักงานคณะกรรมการการศึกษาขั้นพื้นฐาน,สพป.เชียงใหม่ เขต 4,8,59.72,26.02,46.87,19.71,62.50,27.95,43.11,16.40,50.00,23.57
2566,306,สาธิตนานาชาติทวิภาษาแห่งมหาวิทยาลัยรังสิต เชียงใหม่,หางดง,กลาง,นอกเมือง,สำนักงานคณะกรรมการส่งเสริมการศึกษาเอกชน,-,1,77.78,0.00,62.45,0.00,75.00,0.00,32.51,0.00,66.67,0.00
2566,307,หางดงรัฐราษฎร์อุปถัมภ์,หางดง,ใหญ่,นอกเมือง,สำนักงานคณะกรรมการการศึกษาขั้นพื้นฐาน,สำนักงานเขตพื้นที่การศึกษามัธยมศึกษาเชียงใหม่,197,60.29,24.66,46.23,18.55,64.34,26.79,37.81,17.51,53.30,31.27
2566,308,หางดงสังฆราษฎร์อุปถัมภ์,หางดง,เล็ก,นอกเมือง,สำนักงานพระพุทธศาสนาแห่งชาติ,กลุ่มโรงเรียนพระปริยัติธรรมฯ กลุ่ม  5,15,62.96,24.57,38.26,17.79,61.67,22.11,41.58,16.60,57.78,33.26
2566,309,บ้านซิแบร,อมก๋อย,เล็ก,นอกเมือง,สำนักงานคณะกรรมการการศึกษาขั้นพื้นฐาน,สพป.เชียงใหม่ เขต 5,11,42.42,22.63,29.30,16.83,31.82,21.56,27.38,16.62,36.36,30.00
2566,310,บ้านตุงลอย,อมก๋อย,กลาง,นอกเมือง,สำนักงานคณะกรรมการการศึกษาขั้นพื้นฐาน,สพป.เชียงใหม่ เขต 5,34,56.21,29.76,40.61,20.74,61.03,32.19,35.95,17.12,57.84,36.43
2566,311,บ้านนาเกียน,อมก๋อย,เล็ก,นอกเมือง,สำนักงานคณะกรรมการการศึกษาขั้นพื้นฐาน,สำนักงานเขตพื้นที่การศึกษามัธยมศึกษาเชียงใหม่,8,51.39,29.36,46.51,23.12,62.50,27.95,34.06,15.90,58.33,32.27
2566,312,บ้านมูเซอ,อมก๋อย,กลาง,นอกเมือง,สำนักงานคณะกรรมการการศึกษาขั้นพื้นฐาน,สพป.เชียงใหม่ เขต 5,23,26.09,15.92,16.04,8.39,38.04,25.40,35.21,12.14,33.33,29.49
2566,313,บ้านแม่ต๋อม,อมก๋อย,กลาง,นอกเมือง,สำนักงานคณะกรรมการการศึกษาขั้นพื้นฐาน,สพป.เชียงใหม่ เขต 5,38,50.88,27.17,37.52,20.81,53.95,29.54,41.08,15.86,38.60,32.01
2566,314,บ้านแม่อ่างขาง,อมก๋อย,เล็ก,นอกเมือง,สำนักงานคณะกรรมการการศึกษาขั้นพื้นฐาน,สพป.เชียงใหม่ เขต 5,17,50.33,22.26,33.56,14.29,60.29,29.78,36.02,10.87,31.37,29.08
2566,315,บ้านยางครก,อมก๋อย,เล็ก,นอกเมือง,สำนักงานคณะกรรมการการศึกษาขั้นพื้นฐาน,สพป.เชียงใหม่ เขต 5,35,58.41,24.96,39.54,21.83,58.57,27.99,39.17,19.75,54.29,31.96
2566,316,บ้านยางเปา,อมก๋อย,กลาง,นอกเมือง,สำนักงานคณะกรรมการการศึกษาขั้นพื้นฐาน,สพป.เชียงใหม่ เขต 5,40,48.33,28.28,39.45,18.75,63.13,29.57,42.71,15.82,59.17,32.05
2566,317,บ้านยางเปียง,อมก๋อย,เล็ก,นอกเมือง,สำนักงานคณะกรรมการการศึกษาขั้นพื้นฐาน,สพป.เชียงใหม่ เขต 5,10,44.44,14.91,21.70,15.08,50.00,25.00,35.50,9.62,46.67,22.11
2566,318,บ้านสบลาน,อมก๋อย,กลาง,นอกเมือง,สำนักงานคณะกรรมการการศึกษาขั้นพื้นฐาน,สพป.เชียงใหม่ เขต 5,11,51.52,21.33,33.11,15.86,45.45,31.66,46.81,11.53,42.42,28.75
2566,319,บ้านห้วยโค้ง,อมก๋อย,กลาง,นอกเมือง,สำนักงานคณะกรรมการการศึกษาขั้นพื้นฐาน,สพป.เชียงใหม่ เขต 5,30,38.52,22.17,30.14,20.63,44.17,23.88,37.54,17.24,40.00,27.76
2566,320,บ้านห้วยน้ำขาว,อมก๋อย,กลาง,นอกเมือง,สำนักงานคณะกรรมการการศึกษาขั้นพื้นฐาน,สพป.เชียงใหม่ เขต 5,51,57.95,23.21,39.38,19.76,64.22,24.38,41.15,15.72,49.67,31.91
2566,321,บ้านห้วยไม้หก,อมก๋อย,เล็ก,นอกเมือง,สำนักงานคณะกรรมการการศึกษาขั้นพื้นฐาน,สพป.เชียงใหม่ เขต 5,28,44.44,26.23,27.94,16.36,52.68,26.17,32.40,15.95,50.00,30.21
2566,322,บ้านอูตูม,อมก๋อย,กลาง,นอกเมือง,สำนักงานคณะกรรมการการศึกษาขั้นพื้นฐาน,สพป.เชียงใหม่ เขต 5,36,49.07,21.50,34.20,18.92,56.25,23.11,38.95,14.93,42.59,31.04
2566,323,แม่ตื่นวิทยาคม,อมก๋อย,กลาง,นอกเมือง,สำนักงานคณะกรรมการการศึกษาขั้นพื้นฐาน,สำนักงานเขตพื้นที่การศึกษามัธยมศึกษาเชียงใหม่,70,52.54,24.84,41.01,21.53,60.36,30.62,36.37,19.09,50.00,30.73
2566,324,อมก๋อยวิทยาคม,อมก๋อย,ใหญ่,นอกเมือง,สำนักงานคณะกรรมการการศึกษาขั้นพื้นฐาน,สำนักงานเขตพื้นที่การศึกษามัธยมศึกษาเชียงใหม่,134,59.04,25.05,43.39,19.00,64.55,27.37,40.45,16.97,47.01,31.34
2566,325,ชุมชนบ้านท่าข้าม,ฮอด,กลาง,นอกเมือง,สำนักงานคณะกรรมการการศึกษาขั้นพื้นฐาน,สพป.เชียงใหม่ เขต 5,13,52.14,27.35,34.21,17.39,65.38,26.92,37.40,14.59,56.41,30.34
2566,326,บ้านกองลอย,ฮอด,กลาง,นอกเมือง,สำนักงานคณะกรรมการการศึกษาขั้นพื้นฐาน,สพป.เชียงใหม่ เขต 5,24,55.56,23.35,44.48,20.86,60.42,32.21,42.23,14.42,43.06,32.60
2566,327,บ้านแควมะกอก,ฮอด,กลาง,นอกเมือง,สำนักงานคณะกรรมการการศึกษาขั้นพื้นฐาน,สพป.เชียงใหม่ เขต 5,19,60.23,23.73,38.92,18.62,63.16,22.02,36.84,17.24,42.11,26.14
2566,328,บ้านตาลเหนือ,ฮอด,เล็ก,นอกเมือง,สำนักงานคณะกรรมการการศึกษาขั้นพื้นฐาน,สพป.เชียงใหม่ เขต 5,1,88.89,0.00,56.84,0.00,100.00,0.00,34.99,0.00,100.00,0.00
2566,329,บ้านเตียนอาง,ฮอด,เล็ก,นอกเมือง,สำนักงานคณะกรรมการการศึกษาขั้นพื้นฐาน,สพป.เชียงใหม่ เขต 5,13,67.52,19.71,40.53,18.25,75.00,16.98,37.88,11.80,53.85,27.85
2566,330,บ้านนาฟ่อน,ฮอด,เล็ก,นอกเมือง,สำนักงานคณะกรรมการการศึกษาขั้นพื้นฐาน,สพป.เชียงใหม่ เขต 5,13,51.28,18.76,29.08,18.19,57.69,35.87,41.92,16.40,35.90,30.55
2566,331,บ้านบ่อหลวง,ฮอด,กลาง,นอกเมือง,สำนักงานคณะกรรมการการศึกษาขั้นพื้นฐาน,สพป.เชียงใหม่ เขต 5,34,56.21,21.72,42.97,19.01,61.76,26.59,37.49,16.65,48.04,29.36
2566,332,บ้านพุย,ฮอด,เล็ก,นอกเมือง,สำนักงานคณะกรรมการการศึกษาขั้นพื้นฐาน,สพป.เชียงใหม่ เขต 5,16,57.64,20.11,41.61,18.77,60.94,23.33,41.16,16.71,41.67,32.27
2566,333,บ้านแม่งูด,ฮอด,เล็ก,นอกเมือง,สำนักงานคณะกรรมการการศึกษาขั้นพื้นฐาน,สพป.เชียงใหม่ เขต 5,20,69.44,21.91,50.34,17.18,76.25,26.78,45.93,19.88,63.33,34.80
2566,334,บ้านแม่ลาย,ฮอด,เล็ก,นอกเมือง,สำนักงานคณะกรรมการการศึกษาขั้นพื้นฐาน,สพป.เชียงใหม่ เขต 5,14,76.98,17.04,58.41,14.99,67.86,25.75,58.83,17.89,66.67,28.17
2566,335,บ้านวังลุง,ฮอด,เล็ก,นอกเมือง,สำนักงานคณะกรรมการการศึกษาขั้นพื้นฐาน,สพป.เชียงใหม่ เขต 5,8,54.17,21.83,34.93,20.77,50.00,25.00,52.50,18.46,50.00,28.87
2566,336,แม่โถวิทยาคม,ฮอด,กลาง,นอกเมือง,สำนักงานคณะกรรมการการศึกษาขั้นพื้นฐาน,สพป.เชียงใหม่ เขต 5,36,40.43,21.46,32.03,21.74,49.31,30.33,40.17,11.82,36.11,31.79
2566,337,วัดบ้านขุนเตรียมพุทธศาสตร์,ฮอด,เล็ก,นอกเมือง,สำนักงานพระพุทธศาสนาแห่งชาติ,กลุ่มโรงเรียนพระปริยัติธรรมฯ กลุ่ม  5,31,45.52,24.50,44.39,17.64,60.48,28.94,37.05,16.97,45.16,29.99
2566,338,ฮอดพิทยาคม,ฮอด,ใหญ่,นอกเมือง,สำนักงานคณะกรรมการการศึกษาขั้นพื้นฐาน,สำนักงานเขตพื้นที่การศึกษามัธยมศึกษาเชียงใหม่,136,67.32,22.74,42.96,17.99,72.43,23.14,44.55,17.42,57.11,29.40
2565,1,บ้านขุนแม่รวม,กัลยาณิวัฒนา,เล็ก,นอกเมือง,สำนักงานคณะกรรมการการศึกษาขั้นพื้นฐาน,สพป.เชียงใหม่ เขต 6,14,46.83,16.89,41.22,16.98,57.14,33.31,37.23,14.65,45.24,32.38
2565,2,บ้านจันทร์,กัลยาณิวัฒนา,เล็ก,นอกเมือง,สำนักงานคณะกรรมการการศึกษาขั้นพื้นฐาน,สพป.เชียงใหม่ เขต 6,19,50.29,18.51,63.07,20.01,59.21,31.63,37.04,16.68,61.40,31.09
2565,3,บ้านแม่แดดน้อย,กัลยาณิวัฒนา,เล็ก,นอกเมือง,สำนักงานคณะกรรมการการศึกษาขั้นพื้นฐาน,สพป.เชียงใหม่ เขต 6,10,58.89,11.17,53.90,9.02,77.50,17.50,40.50,14.33,63.33,37.86
2565,4,บ้านแม่ตะละ,กัลยาณิวัฒนา,เล็ก,นอกเมือง,สำนักงานคณะกรรมการการศึกษาขั้นพื้นฐาน,สพป.เชียงใหม่ เขต 6,3,59.26,22.83,55.52,9.85,91.67,11.79,37.08,14.08,77.78,15.71
2565,5,บ้านห้วยยา,กัลยาณิวัฒนา,เล็ก,นอกเมือง,สำนักงานคณะกรรมการการศึกษาขั้นพื้นฐาน,สพป.เชียงใหม่ เขต 6,16,52.08,25.37,41.99,18.42,67.19,21.14,37.42,15.13,60.42,29.39
2565,6,มัธยมกัลยาณิวัฒนาเฉลิมพระเกียรติ,กัลยาณิวัฒนา,เล็ก,นอกเมือง,สำนักงานคณะกรรมการการศึกษาขั้นพื้นฐาน,สำนักงานเขตพื้นที่การศึกษามัธยมศึกษาเชียงใหม่,9,55.56,28.69,52.94,18.14,61.11,23.90,38.74,8.94,55.56,27.22
2565,7,สามัคคีสันม่วง,กัลยาณิวัฒนา,เล็ก,นอกเมือง,สำนักงานคณะกรรมการการศึกษาขั้นพื้นฐาน,สพป.เชียงใหม่ เขต 6,9,61.73,14.92,60.15,8.90,63.89,20.79,41.11,10.91,85.19,22.83
2565,8,จอมทอง,จอมทอง,ใหญ่,นอกเมือง,สำนักงานคณะกรรมการการศึกษาขั้นพื้นฐาน,สำนักงานเขตพื้นที่การศึกษามัธยมศึกษาเชียงใหม่,366,59.99,20.50,56.13,16.99,70.56,26.83,44.33,17.96,63.66,31.56
2565,9,ไทยรัฐวิทยา 79 (บ้านหนองอาบช้าง),จอมทอง,เล็ก,นอกเมือง,สำนักงานคณะกรรมการการศึกษาขั้นพื้นฐาน,สพป.เชียงใหม่ เขต 6,18,48.77,18.57,56.59,12.43,61.11,27.92,37.98,13.53,42.59,28.99
2565,10,บ้านขุนกลาง,จอมทอง,กลาง,นอกเมือง,สำนักงานคณะกรรมการการศึกษาขั้นพื้นฐาน,สพป.เชียงใหม่ เขต 6,20,52.22,20.52,46.35,17.47,48.75,29.02,31.12,14.57,48.33,38.69
2565,11,บ้านปากทางท่าลี่,จอมทอง,เล็ก,นอกเมือง,สำนักงานคณะกรรมการการศึกษาขั้นพื้นฐาน,สพป.เชียงใหม่ เขต 6,5,55.56,23.31,63.47,14.96,70.00,18.71,56.50,21.36,66.67,29.81
2565,12,บ้านสบเตี๊ยะ,จอมทอง,กลาง,นอกเมือง,สำนักงานคณะกรรมการการศึกษาขั้นพื้นฐาน,สพป.เชียงใหม่ เขต 6,26,45.30,15.99,48.40,16.06,51.92,29.35,29.76,12.12,51.28,34.88
2565,13,บ้านห้วยทราย,จอมทอง,เล็ก,นอกเมือง,สำนักงานคณะกรรมการการศึกษาขั้นพื้นฐาน,สพป.เชียงใหม่ เขต 6,5,60.00,11.33,60.07,9.08,75.00,15.81,27.00,16.06,66.67,21.08
2565,14,บ้านห้วยส้มป่อย,จอมทอง,เล็ก,นอกเมือง,สำนักงานคณะกรรมการการศึกษาขั้นพื้นฐาน,สพป.เชียงใหม่ เขต 6,10,48.89,18.72,54.19,18.54,62.50,20.16,25.50,16.62,56.67,26.03
2565,15,บ้านใหม่สารภี,จอมทอง,เล็ก,นอกเมือง,สำนักงานคณะกรรมการการศึกษาขั้นพื้นฐาน,สพป.เชียงใหม่ เขต 6,16,50.69,16.18,40.05,19.06,56.25,32.48,30.86,16.16,50.00,33.33
2565,16,สุทธิวงศ์ดำรงวิทย์,จอมทอง,เล็ก,นอกเมือง,สำนักงานคณะกรรมการส่งเสริมการศึกษาเอกชน,-,10,53.33,27.13,32.29,15.12,55.00,18.71,30.25,13.07,46.67,22.11
2565,17,แกน้อยศึกษา,เชียงดาว,กลาง,นอกเมือง,สำนักงานคณะกรรมการการศึกษาขั้นพื้นฐาน,สพป.เชียงใหม่ เขต 3,19,45.03,17.47,36.68,16.33,32.89,26.97,41.25,15.74,40.35,35.18
2565,18,เจ้าฟ้าอุบลรัตน์,เชียงดาว,กลาง,นอกเมือง,สำนักงานคณะกรรมการส่งเสริมการศึกษาเอกชน,-,42,59.26,21.91,59.37,13.70,66.07,25.48,45.53,18.23,63.49,29.82
2565,19,ชุมชนบ้านเมืองงาย,เชียงดาว,กลาง,นอกเมือง,สำนักงานคณะกรรมการการศึกษาขั้นพื้นฐาน,สพป.เชียงใหม่ เขต 3,25,76.44,17.30,69.02,10.37,65.00,20.00,50.04,15.08,68.00,25.79
2565,20,ชุมชนบ้านวังจ๊อม,เชียงดาว,กลาง,นอกเมือง,สำนักงานคณะกรรมการการศึกษาขั้นพื้นฐาน,สพป.เชียงใหม่ เขต 3,20,58.89,20.52,57.80,12.29,62.50,26.81,46.74,14.38,61.67,32.10
2565,21,เชียงดาววิทยาคม,เชียงดาว,ใหญ่,นอกเมือง,สำนักงานคณะกรรมการการศึกษาขั้นพื้นฐาน,สำนักงานเขตพื้นที่การศึกษามัธยมศึกษาเชียงใหม่,15,66.67,19.88,63.08,11.86,61.67,28.67,41.99,17.62,68.89,30.95
2565,22,บ้านเชียงดาว,เชียงดาว,กลาง,นอกเมือง,สำนักงานคณะกรรมการการศึกษาขั้นพื้นฐาน,สพป.เชียงใหม่ เขต 3,46,67.87,17.37,62.54,15.21,74.46,23.01,44.91,15.47,62.32,30.78
2565,23,บ้านทุ่งข้าวพวง,เชียงดาว,กลาง,นอกเมือง,สำนักงานคณะกรรมการการศึกษาขั้นพื้นฐาน,สพป.เชียงใหม่ เขต 3,24,62.50,18.09,63.10,13.27,57.29,29.30,35.62,14.64,55.56,31.43
2565,24,บ้านนาหวาย,เชียงดาว,กลาง,นอกเมือง,สำนักงานคณะกรรมการการศึกษาขั้นพื้นฐาน,สพป.เชียงใหม่ เขต 3,39,66.38,18.40,58.32,14.37,68.59,26.98,58.20,21.57,69.23,33.23
2565,25,บ้านปางเฟือง,เชียงดาว,เล็ก,นอกเมือง,สำนักงานคณะกรรมการการศึกษาขั้นพื้นฐาน,สพป.เชียงใหม่ เขต 3,8,61.11,14.70,53.67,15.60,62.50,25.00,44.21,12.91,66.67,33.33
2565,26,บ้านปางมะเยา,เชียงดาว,กลาง,นอกเมือง,สำนักงานคณะกรรมการการศึกษาขั้นพื้นฐาน,สพป.เชียงใหม่ เขต 3,10,57.78,20.96,46.63,19.85,52.50,26.10,39.37,8.36,56.67,39.58
2565,27,บ้านเมืองคอง,เชียงดาว,เล็ก,นอกเมือง,สำนักงานคณะกรรมการการศึกษาขั้นพื้นฐาน,สพป.เชียงใหม่ เขต 3,15,53.33,23.02,51.12,15.64,63.33,25.60,35.58,16.06,55.56,33.70
2565,28,บ้านเมืองนะ,เชียงดาว,กลาง,นอกเมือง,สำนักงานคณะกรรมการการศึกษาขั้นพื้นฐาน,สพป.เชียงใหม่ เขต 3,32,55.56,22.40,55.78,13.94,58.59,32.84,35.58,15.43,55.21,34.97
2565,29,บ้านแม่กอนใน,เชียงดาว,เล็ก,นอกเมือง,สำนักงานคณะกรรมการการศึกษาขั้นพื้นฐาน,สพป.เชียงใหม่ เขต 3,4,66.67,13.61,53.75,18.39,68.75,27.24,51.86,9.71,75.00,14.43
2565,30,บ้านแม่นะ,เชียงดาว,กลาง,นอกเมือง,สำนักงานคณะกรรมการการศึกษาขั้นพื้นฐาน,สพป.เชียงใหม่ เขต 3,8,50.00,16.67,47.07,14.18,53.13,23.18,27.19,11.14,58.33,32.27
2565,31,บ้านหนองเขียว,เชียงดาว,กลาง,นอกเมือง,สำนักงานคณะกรรมการการศึกษาขั้นพื้นฐาน,สพป.เชียงใหม่ เขต 3,30,39.63,18.07,32.03,19.11,43.33,29.53,33.70,12.10,34.44,26.50
2565,32,บ้านห้วยจะค่าน ตชด.อนุสรณ์,เชียงดาว,กลาง,นอกเมือง,สำนักงานคณะกรรมการการศึกษาขั้นพื้นฐาน,สพป.เชียงใหม่ เขต 3,5,55.56,7.03,28.65,14.15,40.00,12.25,34.99,12.37,20.00,26.67
2565,33,พัฒนาต้นน้ำขุนคอง,เชียงดาว,เล็ก,นอกเมือง,สำนักงานคณะกรรมการการศึกษาขั้นพื้นฐาน,สพป.เชียงใหม่ เขต 3,8,65.28,19.59,44.03,9.23,53.13,26.33,55.61,15.39,83.33,23.57
2565,34,มิตรมวลชนเชียงใหม่,เชียงดาว,กลาง,นอกเมือง,สำนักงานคณะกรรมการการศึกษาขั้นพื้นฐาน,สพป.เชียงใหม่ เขต 3,3,70.37,10.48,63.82,8.65,91.67,11.79,29.16,4.12,88.89,15.71
2565,35,ศีลรวี,เชียงดาว,กลาง,นอกเมือง,สำนักงานคณะกรรมการส่งเสริมการศึกษาเอกชน,-,60,57.41,20.40,50.54,17.47,47.08,30.99,35.14,14.78,54.44,34.41
2565,36,ศึกษาสงเคราะห์เชียงดาว,เชียงดาว,กลาง,นอกเมือง,สำนักบริหารงานการศึกษาพิเศษ,-,63,42.50,24.77,36.16,18.48,36.11,30.47,31.47,15.27,43.39,33.40
2565,37,อรุโณทัยวิทยาคม,เชียงดาว,ใหญ่,นอกเมือง,สำนักงานคณะกรรมการการศึกษาขั้นพื้นฐาน,สำนักงานเขตพื้นที่การศึกษามัธยมศึกษาเชียงใหม่,141,46.81,22.21,43.99,18.23,43.44,30.60,39.64,17.28,43.26,35.23
2565,38,อินทารามวิทยา,เชียงดาว,เล็ก,นอกเมือง,สำนักงานพระพุทธศาสนาแห่งชาติ,กลุ่มโรงเรียนพระปริยัติธรรมฯ กลุ่ม  5,25,52.44,22.34,43.96,17.66,53.00,32.65,36.85,10.92,53.33,35.28
2565,39,ฉัตรพฤกษ์วิทยา,ไชยปราการ,เล็ก,นอกเมือง,สำนักงานคณะกรรมการส่งเสริมการศึกษาเอกชน,-,8,59.72,16.61,47.58,20.86,56.25,34.80,37.34,24.91,50.00,28.87
2565,40,ชุมชนวัดศรีดงเย็น,ไชยปราการ,กลาง,นอกเมือง,สำนักงานคณะกรรมการการศึกษาขั้นพื้นฐาน,สพป.เชียงใหม่ เขต 3,23,60.87,17.60,59.85,15.99,65.22,26.31,35.16,15.18,57.97,34.36
2565,41,ไชยปราการ,ไชยปราการ,กลาง,นอกเมือง,สำนักงานคณะกรรมการการศึกษาขั้นพื้นฐาน,สำนักงานเขตพื้นที่การศึกษามัธยมศึกษาเชียงใหม่,109,58.31,21.45,53.71,18.44,62.39,29.64,43.25,15.65,51.07,34.56
2565,42,เทศบาล 1 ไชยปราการ,ไชยปราการ,กลาง,นอกเมือง,กรมส่งเสริมการปกครองท้องถิ่น,ท้องถิ่นจังหวัดเชียงใหม่,22,48.99,19.15,48.91,16.45,59.09,25.61,34.38,16.17,51.52,27.94
2565,43,บ้านปง,ไชยปราการ,เล็ก,นอกเมือง,สำนักงานคณะกรรมการการศึกษาขั้นพื้นฐาน,สพป.เชียงใหม่ เขต 3,7,50.79,14.37,61.04,10.48,67.86,25.75,41.42,14.96,76.19,23.33
2565,44,บ้านปงตำ,ไชยปราการ,เล็ก,นอกเมือง,สำนักงานคณะกรรมการการศึกษาขั้นพื้นฐาน,สพป.เชียงใหม่ เขต 3,6,48.15,21.91,55.23,25.22,45.83,30.33,25.41,14.21,55.56,36.85
2565,45,บ้านหัวฝาย,ไชยปราการ,เล็ก,นอกเมือง,สำนักงานคณะกรรมการการศึกษาขั้นพื้นฐาน,สพป.เชียงใหม่ เขต 3,8,56.94,10.30,63.66,7.47,59.38,12.10,42.82,13.19,58.33,39.97
2565,46,บ้านใหม่หนองบัว,ไชยปราการ,กลาง,นอกเมือง,สำนักงานคณะกรรมการการศึกษาขั้นพื้นฐาน,สพป.เชียงใหม่ เขต 3,68,47.06,21.65,36.05,20.80,45.59,32.35,33.07,16.88,48.04,34.48
2565,47,บ้านอ่าย,ไชยปราการ,เล็ก,นอกเมือง,สำนักงานคณะกรรมการการศึกษาขั้นพื้นฐาน,สพป.เชียงใหม่ เขต 3,17,55.56,25.57,34.10,22.87,52.94,26.96,41.91,13.38,49.02,32.57
2565,48,วัดป่าแดง,ไชยปราการ,เล็ก,นอกเมือง,สำนักงานคณะกรรมการการศึกษาขั้นพื้นฐาน,สพป.เชียงใหม่ เขต 3,15,68.15,17.62,54.77,15.09,68.33,23.21,38.49,15.21,75.56,25.72
2565,49,วัดป่าไม้แดง,ไชยปราการ,เล็ก,นอกเมือง,สำนักงานพระพุทธศาสนาแห่งชาติ,กลุ่มโรงเรียนพระปริยัติธรรมฯ กลุ่ม  5,5,57.78,16.33,53.48,12.96,65.00,12.25,47.99,10.86,66.67,29.81
2565,50,ดอยเต่าวิทยาคม,ดอยเต่า,กลาง,นอกเมือง,สำนักงานคณะกรรมการการศึกษาขั้นพื้นฐาน,สำนักงานเขตพื้นที่การศึกษามัธยมศึกษาเชียงใหม่,114,56.73,21.19,50.07,17.70,63.16,29.84,39.77,17.33,54.09,33.74
2565,51,บ้านน้อยห้วยรินวิทยา,ดอยเต่า,เล็ก,นอกเมือง,สำนักงานคณะกรรมการการศึกษาขั้นพื้นฐาน,สพป.เชียงใหม่ เขต 5,8,47.22,16.43,44.13,12.84,50.00,35.36,35.46,14.13,37.50,35.11
2565,52,บ้านบงตัน,ดอยเต่า,เล็ก,นอกเมือง,สำนักงานคณะกรรมการการศึกษาขั้นพื้นฐาน,สพป.เชียงใหม่ เขต 5,8,44.44,18.43,44.59,17.99,56.25,24.21,38.12,18.53,58.33,32.27
2565,53,บ้านโปง,ดอยเต่า,เล็ก,นอกเมือง,สำนักงานคณะกรรมการการศึกษาขั้นพื้นฐาน,สพป.เชียงใหม่ เขต 5,18,51.85,25.39,51.91,15.36,58.33,32.27,38.26,11.54,46.30,31.70
2565,54,บ้านแอ่นจัดสรร,ดอยเต่า,เล็ก,นอกเมือง,สำนักงานคณะกรรมการการศึกษาขั้นพื้นฐาน,สพป.เชียงใหม่ เขต 5,34,46.73,16.56,47.05,13.16,40.44,28.45,35.88,13.11,41.18,26.88
2565,55,วัดฉิมพลีวิทยา,ดอยเต่า,เล็ก,นอกเมือง,สำนักงานพระพุทธศาสนาแห่งชาติ,กลุ่มโรงเรียนพระปริยัติธรรมฯ กลุ่ม  5,8,50.00,14.70,44.71,17.61,46.88,29.15,45.94,15.67,45.83,33.07
2565,56,ชลประทานผาแตก,ดอยสะเก็ด,กลาง,นอกเมือง,สำนักงานคณะกรรมการการศึกษาขั้นพื้นฐาน,สพป.เชียงใหม่ เขต 1,36,57.10,22.40,58.25,17.44,54.86,24.87,39.55,12.12,50.93,33.78
2565,57,ดอยสะเก็ดผดุงศาสน์,ดอยสะเก็ด,เล็ก,นอกเมือง,สำนักงานพระพุทธศาสนาแห่งชาติ,กลุ่มโรงเรียนพระปริยัติธรรมฯ กลุ่ม  5,18,56.17,22.67,47.83,19.07,55.56,29.53,32.64,13.49,46.30,37.08
2565,58,ดอยสะเก็ดวิทยาคม,ดอยสะเก็ด,กลาง,นอกเมือง,สำนักงานคณะกรรมการการศึกษาขั้นพื้นฐาน,สำนักงานเขตพื้นที่การศึกษามัธยมศึกษาเชียงใหม่,103,55.23,21.25,47.71,18.41,54.85,31.36,36.38,15.82,51.78,32.75
2565,59,บ้านเชิงดอย(ดอยสะเก็ดศึกษา),ดอยสะเก็ด,กลาง,นอกเมือง,สำนักงานคณะกรรมการการศึกษาขั้นพื้นฐาน,สพป.เชียงใหม่ เขต 1,59,59.89,21.06,57.39,17.05,66.10,26.35,45.06,18.01,65.54,30.67
2565,60,บ้านตลาดขี้เหล็ก,ดอยสะเก็ด,เล็ก,นอกเมือง,สำนักงานคณะกรรมการการศึกษาขั้นพื้นฐาน,สพป.เชียงใหม่ เขต 1,6,57.41,20.70,52.06,8.50,54.17,26.68,37.08,12.43,61.11,22.91
2565,61,บ้านป่าไม้แดง,ดอยสะเก็ด,กลาง,นอกเมือง,สำนักงานคณะกรรมการการศึกษาขั้นพื้นฐาน,สพป.เชียงใหม่ เขต 1,15,60.74,20.63,62.70,12.25,63.33,30.09,44.50,14.63,57.78,28.46
2565,62,บ้านป่าเสร้า,ดอยสะเก็ด,กลาง,นอกเมือง,สำนักงานคณะกรรมการการศึกษาขั้นพื้นฐาน,สพป.เชียงใหม่ เขต 1,20,65.56,17.88,63.03,12.50,80.00,20.31,35.56,13.31,66.67,25.82
2565,63,บ้านแม่หวาน,ดอยสะเก็ด,เล็ก,นอกเมือง,สำนักงานคณะกรรมการการศึกษาขั้นพื้นฐาน,สพป.เชียงใหม่ เขต 1,4,61.11,12.42,47.88,14.90,68.75,20.73,29.99,8.97,58.33,36.32
2565,64,เพื่อชีวิตเชียงใหม่,ดอยสะเก็ด,เล็ก,นอกเมือง,สำนักงานคณะกรรมการส่งเสริมการศึกษาเอกชน,-,8,61.11,19.25,51.68,16.61,65.63,32.92,37.34,20.07,62.50,30.90
2565,65,แม่โป่งประชาสามัคคี,ดอยสะเก็ด,เล็ก,นอกเมือง,สำนักงานคณะกรรมการการศึกษาขั้นพื้นฐาน,สพป.เชียงใหม่ เขต 1,16,58.33,24.06,53.37,22.07,53.13,27.78,45.39,14.54,60.42,29.39
2565,66,ไมตรีจิตคริสเตียนเชียงใหม่,ดอยสะเก็ด,กลาง,นอกเมือง,สำนักงานคณะกรรมการส่งเสริมการศึกษาเอกชน,-,42,54.50,22.33,44.59,20.59,52.98,26.84,39.37,17.42,50.00,40.01
2565,67,กรป.กลางอุปถัมภ์,ดอยหล่อ,เล็ก,นอกเมือง,สำนักงานคณะกรรมการการศึกษาขั้นพื้นฐาน,สพป.เชียงใหม่ เขต 4,10,55.56,18.59,51.82,22.71,65.00,30.00,39.13,10.63,60.00,38.87
2565,68,บ้านสามหลัง,ดอยหล่อ,เล็ก,นอกเมือง,สำนักงานคณะกรรมการการศึกษาขั้นพื้นฐาน,สพป.เชียงใหม่ เขต 4,24,56.48,19.49,49.42,17.32,52.08,31.39,41.56,15.72,58.33,35.03
2565,69,บ้านเหล่าเป้า,ดอยหล่อ,เล็ก,นอกเมือง,สำนักงานคณะกรรมการการศึกษาขั้นพื้นฐาน,สพป.เชียงใหม่ เขต 4,5,48.89,18.05,44.14,24.59,40.00,25.50,47.00,8.31,53.33,33.99
2565,70,วัดโขงขาววิทยา,ดอยหล่อ,เล็ก,นอกเมือง,สำนักงานพระพุทธศาสนาแห่งชาติ,กลุ่มโรงเรียนพระปริยัติธรรมฯ กลุ่ม  5,4,55.56,13.61,43.57,9.01,37.50,12.50,31.56,14.77,50.00,37.27
2565,71,สองแคววิทยาคม,ดอยหล่อ,กลาง,นอกเมือง,สำนักงานคณะกรรมการการศึกษาขั้นพื้นฐาน,สำนักงานเขตพื้นที่การศึกษามัธยมศึกษาเชียงใหม่,81,55.69,21.35,51.20,17.13,58.95,28.41,42.62,15.61,53.91,36.13
2565,72,สันติสุข,ดอยหล่อ,กลาง,นอกเมือง,สำนักงานคณะกรรมการการศึกษาขั้นพื้นฐาน,สำนักงานเขตพื้นที่การศึกษามัธยมศึกษาเชียงใหม่,47,60.05,21.21,54.54,15.16,60.11,31.65,40.13,17.67,63.12,27.70
2565,73,เจ้าแม่หลวงอุปถัมภ์ 1,ฝาง,กลาง,นอกเมือง,สำนักงานคณะกรรมการการศึกษาขั้นพื้นฐาน,สพป.เชียงใหม่ เขต 3,31,59.86,25.35,54.50,15.89,65.32,31.54,42.18,13.53,68.82,26.69
2565,74,ฉือจี้เชียงใหม่,ฝาง,กลาง,นอกเมือง,สำนักงานคณะกรรมการส่งเสริมการศึกษาเอกชน,-,118,66.67,19.83,59.50,15.73,68.01,28.17,42.63,16.21,66.95,30.53
2565,75,ชุมชนบ้านแม่สูนหลวง,ฝาง,เล็ก,นอกเมือง,สำนักงานคณะกรรมการการศึกษาขั้นพื้นฐาน,สพป.เชียงใหม่ เขต 3,4,66.67,13.61,68.99,7.79,93.75,10.83,40.31,8.72,83.33,28.87
2565,76,เทพศิรินทร์๙โครงการหลวงในพระบรมราชูปถัมภ์,ฝาง,เล็ก,นอกเมือง,สำนักงานคณะกรรมการการศึกษาขั้นพื้นฐาน,สพป.เชียงใหม่ เขต 3,10,58.89,12.22,59.89,8.76,57.50,16.01,41.12,13.39,70.00,27.69
2565,77,บ้านต้นผึ้ง,ฝาง,เล็ก,นอกเมือง,สำนักงานคณะกรรมการการศึกษาขั้นพื้นฐาน,สพป.เชียงใหม่ เขต 3,11,71.72,15.25,62.92,17.31,75.00,18.46,40.79,13.30,78.79,21.43
2565,78,บ้านทุ่งหลุก,ฝาง,เล็ก,นอกเมือง,สำนักงานคณะกรรมการการศึกษาขั้นพื้นฐาน,สพป.เชียงใหม่ เขต 3,8,58.33,13.32,63.83,20.70,71.88,14.99,40.62,8.31,58.33,22.05
2565,79,บ้านปางปอย,ฝาง,กลาง,นอกเมือง,สำนักงานคณะกรรมการการศึกษาขั้นพื้นฐาน,สพป.เชียงใหม่ เขต 3,28,52.38,20.54,51.66,19.34,49.11,28.72,39.33,19.73,53.57,38.15
2565,80,บ้านปางสัก,ฝาง,เล็ก,นอกเมือง,สำนักงานคณะกรรมการการศึกษาขั้นพื้นฐาน,สพป.เชียงใหม่ เขต 3,11,62.63,21.33,60.05,15.94,75.00,28.20,48.41,17.64,81.82,21.85
2565,81,บ้านโป่งนก,ฝาง,กลาง,นอกเมือง,สำนักงานคณะกรรมการการศึกษาขั้นพื้นฐาน,สพป.เชียงใหม่ เขต 3,12,54.63,20.01,47.95,16.94,60.42,31.39,31.35,14.53,58.33,33.68
2565,82,บ้านม่วงชุม,ฝาง,กลาง,นอกเมือง,สำนักงานคณะกรรมการการศึกษาขั้นพื้นฐาน,สพป.เชียงใหม่ เขต 3,41,52.57,18.37,57.74,11.88,54.88,27.17,36.98,14.13,52.85,34.51
2565,83,บ้านม่อนปิ่น,ฝาง,กลาง,นอกเมือง,สำนักงานคณะกรรมการการศึกษาขั้นพื้นฐาน,สพป.เชียงใหม่ เขต 3,12,57.41,21.68,59.81,9.04,70.83,22.44,40.73,13.08,69.44,28.73
2565,84,บ้านแม่ข่า,ฝาง,กลาง,นอกเมือง,สำนักงานคณะกรรมการการศึกษาขั้นพื้นฐาน,สพป.เชียงใหม่ เขต 3,24,50.93,21.73,45.10,18.85,56.25,34.80,37.39,10.32,47.22,38.39
2565,85,บ้านแม่คะ,ฝาง,กลาง,นอกเมือง,สำนักงานคณะกรรมการการศึกษาขั้นพื้นฐาน,สพป.เชียงใหม่ เขต 3,22,45.96,26.01,50.81,14.56,54.55,29.81,38.35,18.93,57.58,28.75
2565,86,บ้านแม่งอนขี้เหล็ก,ฝาง,กลาง,นอกเมือง,กรมส่งเสริมการปกครองท้องถิ่น,ท้องถิ่นจังหวัดเชียงใหม่,32,48.96,19.81,43.02,16.99,48.44,30.58,35.97,15.44,40.63,37.02
2565,87,บ้านล้องอ้อ,ฝาง,เล็ก,นอกเมือง,กรมส่งเสริมการปกครองท้องถิ่น,ท้องถิ่นจังหวัดเชียงใหม่,20,53.89,19.33,52.05,13.76,50.00,27.39,37.19,9.96,43.33,35.12
2565,88,บ้านเวียงฝาง,ฝาง,ใหญ่,นอกเมือง,สำนักงานคณะกรรมการการศึกษาขั้นพื้นฐาน,สพป.เชียงใหม่ เขต 3,35,60.00,20.95,54.71,21.59,60.71,26.24,39.82,11.03,66.67,30.86
2565,89,บ้านสันทรายคองน้อย,ฝาง,กลาง,นอกเมือง,สำนักงานคณะกรรมการการศึกษาขั้นพื้นฐาน,สพป.เชียงใหม่ เขต 3,26,63.68,16.47,65.97,9.88,69.23,18.74,50.91,14.36,82.05,23.08
2565,90,บ้านสันป่าแดง,ฝาง,เล็ก,นอกเมือง,สำนักงานคณะกรรมการการศึกษาขั้นพื้นฐาน,สพป.เชียงใหม่ เขต 3,11,54.55,20.90,45.48,25.40,50.00,36.93,36.02,10.35,60.61,42.21
2565,91,บ้านหลวง,ฝาง,กลาง,นอกเมือง,สำนักงานคณะกรรมการการศึกษาขั้นพื้นฐาน,สพป.เชียงใหม่ เขต 3,32,53.47,19.73,52.57,19.32,51.56,33.62,35.00,13.15,45.83,28.57
2565,92,บ้านห้วยงูกลาง,ฝาง,เล็ก,นอกเมือง,สำนักงานคณะกรรมการการศึกษาขั้นพื้นฐาน,สพป.เชียงใหม่ เขต 3,13,70.09,20.62,67.50,9.20,75.00,24.02,50.86,10.66,56.41,37.86
2565,93,บ้านห้วยหมากเลี่ยม,ฝาง,กลาง,นอกเมือง,สำนักงานคณะกรรมการการศึกษาขั้นพื้นฐาน,สพป.เชียงใหม่ เขต 3,24,54.63,18.40,50.96,16.03,41.67,25.69,35.83,15.81,37.50,24.18
2565,94,บ้านห้วยเฮี่ยน,ฝาง,เล็ก,นอกเมือง,สำนักงานคณะกรรมการการศึกษาขั้นพื้นฐาน,สพป.เชียงใหม่ เขต 3,8,54.17,17.95,38.70,22.59,53.13,31.72,34.53,16.90,50.00,33.33
2565,95,บ้านเหมืองแร่,ฝาง,กลาง,นอกเมือง,สำนักงานคณะกรรมการการศึกษาขั้นพื้นฐาน,สพป.เชียงใหม่ เขต 3,28,54.37,26.12,51.11,15.66,59.82,29.38,37.31,14.54,48.81,35.05
2565,96,ฝางชนูปถัมภ์,ฝาง,ใหญ่,นอกเมือง,สำนักงานคณะกรรมการการศึกษาขั้นพื้นฐาน,สำนักงานเขตพื้นที่การศึกษามัธยมศึกษาเชียงใหม่,192,58.04,21.51,54.75,17.21,58.07,30.19,36.55,18.49,56.94,32.96
2565,97,ฝางธรรมศึกษา,ฝาง,เล็ก,นอกเมือง,สำนักงานพระพุทธศาสนาแห่งชาติ,กลุ่มโรงเรียนพระปริยัติธรรมฯ กลุ่ม  5,21,42.86,21.22,44.71,13.97,50.00,29.88,32.20,15.12,36.51,28.92
2565,98,รังษีวิทยา,ฝาง,ใหญ่พิเศษ,นอกเมือง,สำนักงานคณะกรรมการส่งเสริมการศึกษาเอกชน,-,162,67.49,19.23,64.24,16.38,68.83,27.23,42.82,15.69,66.67,30.77
2565,99,รัตนาเอื้อวิทยา,ฝาง,ใหญ่,นอกเมือง,สำนักงานคณะกรรมการส่งเสริมการศึกษาเอกชน,-,85,63.79,21.02,54.70,17.70,57.35,29.16,35.03,16.94,60.00,30.16
2565,100,วัดเจดีย์งามปริยัติวิทยา,ฝาง,เล็ก,นอกเมือง,สำนักงานพระพุทธศาสนาแห่งชาติ,กลุ่มโรงเรียนพระปริยัติธรรมฯ กลุ่ม  5,7,33.33,14.55,27.67,14.63,28.57,24.74,40.36,19.02,28.57,27.77
2565,101,วัดนันทาราม,ฝาง,กลาง,นอกเมือง,สำนักงานคณะกรรมการการศึกษาขั้นพื้นฐาน,สพป.เชียงใหม่ เขต 3,13,65.81,20.65,67.88,14.28,73.08,26.79,50.38,20.90,64.10,20.51
2565,102,วัดพระบาทอุดม,ฝาง,เล็ก,นอกเมือง,สำนักงานพระพุทธศาสนาแห่งชาติ,กลุ่มโรงเรียนพระปริยัติธรรมฯ กลุ่ม  5,26,48.72,25.98,49.05,15.93,53.85,35.15,45.05,14.09,50.00,32.36
2565,103,สายอักษร,ฝาง,กลาง,นอกเมือง,สำนักงานคณะกรรมการส่งเสริมการศึกษาเอกชน,-,39,66.10,18.82,61.08,16.79,74.36,29.68,46.12,11.59,66.67,32.03
2565,104,เขื่อนผากวิทยา,พร้าว,เล็ก,นอกเมือง,สำนักงานพระพุทธศาสนาแห่งชาติ,กลุ่มโรงเรียนพระปริยัติธรรมฯ กลุ่ม  5,5,64.44,17.78,56.43,9.24,80.00,29.15,36.50,11.00,53.33,33.99
2565,105,ชุมชนบ้านโป่ง,พร้าว,เล็ก,นอกเมือง,สำนักงานคณะกรรมการการศึกษาขั้นพื้นฐาน,สพป.เชียงใหม่ เขต 2,10,51.11,20.00,51.90,15.34,42.50,25.12,33.12,9.00,46.67,26.67
2565,106,บ้านนาบุญโหล่งขอด,พร้าว,เล็ก,นอกเมือง,สำนักงานคณะกรรมการการศึกษาขั้นพื้นฐาน,สพป.เชียงใหม่ เขต 2,9,70.37,16.56,59.77,20.45,69.44,28.33,52.35,14.84,88.89,15.71
2565,107,บ้านแม่ปั๋ง,พร้าว,เล็ก,นอกเมือง,สำนักงานคณะกรรมการการศึกษาขั้นพื้นฐาน,สพป.เชียงใหม่ เขต 2,4,72.22,12.42,55.91,16.28,75.00,17.68,24.05,9.53,75.00,27.64
2565,108,บ้านแม่ปาคี,พร้าว,เล็ก,นอกเมือง,สำนักงานคณะกรรมการการศึกษาขั้นพื้นฐาน,สพป.เชียงใหม่ เขต 2,15,50.37,18.97,42.14,18.79,43.33,29.53,31.75,15.36,53.33,26.67
2565,109,บ้านแม่เหียะ,พร้าว,เล็ก,นอกเมือง,สำนักงานคณะกรรมการการศึกษาขั้นพื้นฐาน,สพป.เชียงใหม่ เขต 2,13,63.25,21.96,54.24,17.62,75.00,21.93,37.78,13.31,64.10,24.33
2565,110,บ้านสันกลาง,พร้าว,เล็ก,นอกเมือง,สำนักงานคณะกรรมการการศึกษาขั้นพื้นฐาน,สพป.เชียงใหม่ เขต 2,8,50.00,16.67,54.78,12.79,53.13,19.52,47.49,14.36,62.50,30.90
2565,111,บ้านสันปง,พร้าว,เล็ก,นอกเมือง,สำนักงานคณะกรรมการการศึกษาขั้นพื้นฐาน,สพป.เชียงใหม่ เขต 2,4,77.78,20.79,65.37,5.49,75.00,30.62,46.25,12.53,75.00,27.64
2565,112,บ้านหนองปิด,พร้าว,เล็ก,นอกเมือง,สำนักงานคณะกรรมการการศึกษาขั้นพื้นฐาน,สพป.เชียงใหม่ เขต 2,7,53.97,21.76,57.42,16.08,67.86,11.29,35.88,9.28,61.90,37.50
2565,113,พร้าวบูรพา,พร้าว,เล็ก,นอกเมือง,สำนักงานคณะกรรมการการศึกษาขั้นพื้นฐาน,สพป.เชียงใหม่ เขต 2,9,46.91,12.59,43.35,13.26,63.89,31.43,44.72,16.33,48.15,22.83
2565,114,โรงเรียนพร้าววิทยาคม,พร้าว,ใหญ่,นอกเมือง,สำนักงานคณะกรรมการการศึกษาขั้นพื้นฐาน,สำนักงานเขตพื้นที่การศึกษามัธยมศึกษาเชียงใหม่,149,57.42,22.46,54.96,17.43,61.58,29.61,37.90,17.25,58.17,34.79
2565,115,สหกรณ์ดำริ,พร้าว,เล็ก,นอกเมือง,สำนักงานคณะกรรมการการศึกษาขั้นพื้นฐาน,สพป.เชียงใหม่ เขต 2,13,66.67,23.06,51.99,18.16,69.23,24.33,42.12,19.72,69.23,27.62
2565,116,กสิณธร เซนต์เจมส์ เชียงใหม่,เมืองเชียงใหม่,เล็ก,ในเมือง,สำนักงานคณะกรรมการส่งเสริมการศึกษาเอกชน,-,6,55.56,18.14,58.06,17.24,54.17,26.68,53.74,14.83,44.44,36.85
2565,117,กาวิละวิทยาลัย,เมืองเชียงใหม่,ใหญ่,ในเมือง,สำนักงานคณะกรรมการการศึกษาขั้นพื้นฐาน,สำนักงานเขตพื้นที่การศึกษามัธยมศึกษาเชียงใหม่,55,65.05,21.02,55.36,17.01,70.91,26.44,43.97,17.31,69.09,33.55
2565,118,โกวิทธำรงเชียงใหม่,เมืองเชียงใหม่,ใหญ่,ในเมือง,สำนักงานคณะกรรมการส่งเสริมการศึกษาเอกชน,-,85,68.89,17.78,60.92,19.66,61.18,25.87,45.01,18.92,61.96,32.40
2565,119,ขาลสุวรรณอนุสรณ์,เมืองเชียงใหม่,กลาง,ในเมือง,สำนักงานคณะกรรมการส่งเสริมการศึกษาเอกชน,-,10,47.78,19.28,51.68,14.85,57.50,27.50,35.25,7.20,33.33,25.82
2565,120,จิตราวิทยา,เมืองเชียงใหม่,ใหญ่,ในเมือง,สำนักงานคณะกรรมการส่งเสริมการศึกษาเอกชน,-,96,64.24,19.33,63.81,17.98,61.72,29.30,41.92,16.72,61.11,31.79
2565,121,ชุมชนเทศบาลวัดศรีดอนไชย,เมืองเชียงใหม่,กลาง,ในเมือง,กรมส่งเสริมการปกครองท้องถิ่น,ท้องถิ่นจังหวัดเชียงใหม่,32,65.97,17.11,60.02,15.94,66.41,28.37,39.80,14.04,65.63,28.24
2565,122,ชุมชนบ้านบวกครกน้อย,เมืองเชียงใหม่,กลาง,ในเมือง,สำนักงานคณะกรรมการการศึกษาขั้นพื้นฐาน,สพป.เชียงใหม่ เขต 1,34,57.52,23.41,55.00,18.03,64.71,33.82,37.83,17.86,63.73,33.69
2565,123,ชุมชนวัดท่าเดื่อ,เมืองเชียงใหม่,เล็ก,ในเมือง,สำนักงานคณะกรรมการการศึกษาขั้นพื้นฐาน,สพป.เชียงใหม่ เขต 1,22,60.10,23.84,52.55,22.39,64.77,27.86,41.70,17.32,51.52,34.42
2565,124,เชตุพนศึกษา,เมืองเชียงใหม่,เล็ก,ในเมือง,สำนักงานพระพุทธศาสนาแห่งชาติ,กลุ่มโรงเรียนพระปริยัติธรรมฯ กลุ่ม  5,46,54.35,21.14,39.94,16.78,50.00,30.40,38.45,17.67,47.10,28.30
2565,125,เชียงใหม่คริสเตียน,เมืองเชียงใหม่,ใหญ่,ในเมือง,สำนักงานคณะกรรมการส่งเสริมการศึกษาเอกชน,-,131,62.51,19.53,54.88,15.87,59.54,26.83,36.84,16.44,54.45,31.96
2565,126,ดาราวิทยาลัย,เมืองเชียงใหม่,ใหญ่พิเศษ,ในเมือง,สำนักงานคณะกรรมการส่งเสริมการศึกษาเอกชน,-,143,72.11,19.04,62.84,20.06,68.88,24.95,49.38,19.00,69.00,33.60
2565,127,เทพบดินทร์วิทยาเชียงใหม่,เมืองเชียงใหม่,ใหญ่,ในเมือง,สำนักงานคณะกรรมการส่งเสริมการศึกษาเอกชน,-,184,57.61,22.52,55.56,19.18,60.87,29.10,38.82,16.62,56.34,33.27
2565,128,เทศบาลวัดท่าสะต๋อย,เมืองเชียงใหม่,กลาง,ในเมือง,กรมส่งเสริมการปกครองท้องถิ่น,ท้องถิ่นจังหวัดเชียงใหม่,38,58.48,18.68,61.70,14.03,63.16,27.35,43.85,17.79,63.16,31.33
2565,129,เทศบาลวัดศรีปิงเมือง,เมืองเชียงใหม่,กลาง,ในเมือง,กรมส่งเสริมการปกครองท้องถิ่น,ท้องถิ่นจังหวัดเชียงใหม่,24,52.78,19.04,55.45,19.98,67.71,24.45,39.84,17.60,61.11,34.25
2565,130,ธรรมเมธีศึกษา,เมืองเชียงใหม่,เล็ก,ในเมือง,สำนักงานพระพุทธศาสนาแห่งชาติ,กลุ่มโรงเรียนพระปริยัติธรรมฯ กลุ่ม  5,11,46.46,27.55,38.67,20.56,38.64,28.93,43.07,15.46,45.45,38.33
2565,131,ธรรมราชศึกษา,เมืองเชียงใหม่,กลาง,ในเมือง,สำนักงานคณะกรรมการส่งเสริมการศึกษาเอกชน,-,52,62.82,23.05,54.36,19.94,67.31,23.28,38.46,18.04,55.77,31.16
2565,132,บ้านดอนปิน,เมืองเชียงใหม่,เล็ก,ในเมือง,สำนักงานคณะกรรมการการศึกษาขั้นพื้นฐาน,สพป.เชียงใหม่ เขต 1,36,56.48,23.77,54.00,19.25,62.50,32.54,40.87,15.96,52.78,33.68
2565,133,บ้านโป่งน้อย,เมืองเชียงใหม่,กลาง,ในเมือง,สำนักงานคณะกรรมการการศึกษาขั้นพื้นฐาน,สพป.เชียงใหม่ เขต 1,31,58.42,23.44,57.94,18.44,62.10,33.52,47.50,17.17,53.76,31.31
2565,134,บาลีสาธิตศึกษา มจร.,เมืองเชียงใหม่,กลาง,ในเมือง,สำนักงานพระพุทธศาสนาแห่งชาติ,กลุ่มโรงเรียนพระปริยัติธรรมฯ กลุ่ม  5,43,41.86,22.59,31.87,19.98,41.28,27.96,29.86,14.01,48.84,33.22
2565,135,ปรินส์รอยแยลส์วิทยาลัย,เมืองเชียงใหม่,ใหญ่พิเศษ,ในเมือง,สำนักงานคณะกรรมการส่งเสริมการศึกษาเอกชน,-,529,77.76,16.06,71.04,14.51,76.23,22.51,56.25,19.44,81.29,25.69
2565,136,พระหฤทัยเชียงใหม่,เมืองเชียงใหม่,ใหญ่,ในเมือง,สำนักงานคณะกรรมการส่งเสริมการศึกษาเอกชน,-,116,68.87,17.28,63.39,17.55,73.92,25.30,53.00,17.22,67.24,30.00
2565,137,พิงครัตน์,เมืองเชียงใหม่,เล็ก,ในเมือง,สำนักงานคณะกรรมการส่งเสริมการศึกษาเอกชน,-,18,61.11,20.37,58.24,21.09,61.11,33.56,55.14,15.83,72.22,29.92
2565,138,มงฟอร์ตวิทยาลัย แผนกมัธยม,เมืองเชียงใหม่,ใหญ่พิเศษ,ในเมือง,สำนักงานคณะกรรมการส่งเสริมการศึกษาเอกชน,-,172,77.00,16.15,67.07,16.24,77.47,22.50,55.34,19.84,83.33,26.78
2565,139,เมตตาศึกษา,เมืองเชียงใหม่,กลาง,ในเมือง,สำนักงานคณะกรรมการส่งเสริมการศึกษาเอกชน,-,42,61.64,20.74,60.63,17.66,65.48,31.32,43.09,19.13,67.46,29.54
2565,140,ยุพราชวิทยาลัย,เมืองเชียงใหม่,ใหญ่พิเศษ,ในเมือง,สำนักงานคณะกรรมการการศึกษาขั้นพื้นฐาน,สำนักงานเขตพื้นที่การศึกษามัธยมศึกษาเชียงใหม่,539,74.27,16.39,67.01,14.22,76.86,22.41,49.64,18.66,81.01,25.45
2565,141,เรยีนาเชลีวิทยาลัย,เมืองเชียงใหม่,ใหญ่,ในเมือง,สำนักงานคณะกรรมการส่งเสริมการศึกษาเอกชน,-,133,75.86,15.80,66.61,14.01,74.06,24.22,45.60,19.92,76.94,26.86
2565,142,วชิรวิทย์ เชียงใหม่,เมืองเชียงใหม่,กลาง,ในเมือง,สำนักงานคณะกรรมการส่งเสริมการศึกษาเอกชน,-,3,74.07,13.86,59.86,15.27,66.67,23.57,47.08,8.25,88.89,15.71
2565,143,วัฒโนทัยพายัพ,เมืองเชียงใหม่,ใหญ่พิเศษ,ในเมือง,สำนักงานคณะกรรมการการศึกษาขั้นพื้นฐาน,สำนักงานเขตพื้นที่การศึกษามัธยมศึกษาเชียงใหม่,460,65.92,20.03,62.80,16.32,72.61,26.52,48.98,17.72,69.78,31.35
2565,144,วัดช่างเคี่ยน,เมืองเชียงใหม่,กลาง,ในเมือง,สำนักงานคณะกรรมการการศึกษาขั้นพื้นฐาน,สพป.เชียงใหม่ เขต 1,24,56.02,21.39,51.91,12.96,61.46,26.98,31.35,18.66,54.17,35.76
2565,145,วัดดอนจั่น,เมืองเชียงใหม่,กลาง,ในเมือง,สำนักงานคณะกรรมการการศึกษาขั้นพื้นฐาน,สพป.เชียงใหม่ เขต 1,25,40.00,20.85,33.82,14.81,39.00,24.58,36.95,14.80,36.00,26.53
2565,146,วัดวังสิงห์คำ,เมืองเชียงใหม่,เล็ก,ในเมือง,สำนักงานคณะกรรมการการศึกษาขั้นพื้นฐาน,สพป.เชียงใหม่ เขต 1,13,59.83,16.04,60.55,13.37,73.08,20.71,43.07,11.07,61.54,34.21
2565,147,วารีเชียงใหม่,เมืองเชียงใหม่,ใหญ่พิเศษ,ในเมือง,สำนักงานคณะกรรมการส่งเสริมการศึกษาเอกชน,-,62,69.71,16.36,60.73,14.79,59.27,28.48,48.93,17.96,70.97,30.81
2565,148,วิชัยวิทยา,เมืองเชียงใหม่,กลาง,ในเมือง,สำนักงานคณะกรรมการส่งเสริมการศึกษาเอกชน,-,19,70.18,11.98,63.85,13.68,71.05,20.30,53.22,23.42,75.44,28.29
2565,149,วิทยาลัยนาฎศิลปเชียงใหม่,เมืองเชียงใหม่,กลาง,ในเมือง,สถาบันบัณฑิตพัฒนศิลป์ (ปวช.),-,41,62.60,21.22,53.48,16.68,64.02,25.93,35.48,16.71,56.10,32.46
2565,150,สมเด็จพระพุทธชินวงศ์,เมืองเชียงใหม่,กลาง,ในเมือง,สำนักงานพระพุทธศาสนาแห่งชาติ,กลุ่มโรงเรียนพระปริยัติธรรมฯ กลุ่ม  5,40,46.11,19.33,35.63,17.33,41.25,28.26,33.09,14.69,35.00,34.92
2565,151,สังวาลย์วิทยา,เมืองเชียงใหม่,เล็ก,ในเมือง,สำนักงานคณะกรรมการการศึกษาขั้นพื้นฐาน,สพป.เชียงใหม่ เขต 1,4,72.22,16.67,53.61,9.03,87.50,21.65,49.05,21.55,83.33,16.67
2565,152,สันติศึกษา,เมืองเชียงใหม่,เล็ก,ในเมือง,สำนักงานคณะกรรมการส่งเสริมการศึกษาเอกชน,-,7,65.08,20.08,62.34,20.13,60.71,22.59,42.32,14.74,76.19,23.33
2565,153,สาธิตมหาวิทยาลัยเชียงใหม่,เมืองเชียงใหม่,ใหญ่,ในเมือง,สำนักงานปลัดกระทรวงการอุดมศึกษาฯ,-,214,79.39,13.51,69.57,15.59,79.56,21.74,61.71,20.82,86.14,24.54
2565,154,สามัคคีวิทยาทาน,เมืองเชียงใหม่,เล็ก,ในเมือง,สำนักงานพระพุทธศาสนาแห่งชาติ,กลุ่มโรงเรียนพระปริยัติธรรมฯ กลุ่ม  5,33,54.88,17.92,44.15,15.21,52.27,32.19,40.61,14.83,49.49,34.93
2565,155,สารสาสน์วิเทศเชียงใหม่,เมืองเชียงใหม่,ใหญ่,ในเมือง,สำนักงานคณะกรรมการส่งเสริมการศึกษาเอกชน,-,31,70.25,17.26,72.64,12.51,72.58,26.45,55.48,18.25,74.19,28.97
2565,156,สารสาสน์วิเทศล้านนา,เมืองเชียงใหม่,ใหญ่,ในเมือง,สำนักงานคณะกรรมการส่งเสริมการศึกษาเอกชน,-,35,63.17,18.36,54.45,18.45,56.43,28.25,38.50,18.43,59.05,34.81
2565,157,โสตศึกษาอนุสารสุนทร,เมืองเชียงใหม่,เล็ก,ในเมือง,สำนักบริหารงานการศึกษาพิเศษ,-,0,-,-,-,-,-,-,-,-,-,-
2565,158,หอพระ,เมืองเชียงใหม่,กลาง,ในเมือง,สำนักงานคณะกรรมการการศึกษาขั้นพื้นฐาน,สำนักงานเขตพื้นที่การศึกษามัธยมศึกษาเชียงใหม่,81,54.87,21.76,52.71,16.15,57.41,25.89,37.08,18.00,55.97,33.88
2565,159,อนุบาลหนองป่าครั่ง,เมืองเชียงใหม่,เล็ก,ในเมือง,กรมส่งเสริมการปกครองท้องถิ่น,ท้องถิ่นจังหวัดเชียงใหม่,9,67.90,12.22,59.23,10.95,66.67,28.87,44.30,16.74,74.07,30.54
2565,160,อภัยอริยศึกษา,เมืองเชียงใหม่,เล็ก,ในเมือง,สำนักงานพระพุทธศาสนาแห่งชาติ,กลุ่มโรงเรียนพระปริยัติธรรมฯ กลุ่ม  5,10,51.11,24.94,30.28,19.58,30.00,18.71,35.38,15.49,33.33,21.08
2565,161,เซนต์โยเซฟแม่แจ่ม,แม่แจ่ม,กลาง,นอกเมือง,สำนักงานคณะกรรมการส่งเสริมการศึกษาเอกชน,-,42,63.76,19.41,59.56,14.01,60.12,33.21,39.67,15.99,69.05,28.54
2565,162,บ้านกองแขก,แม่แจ่ม,เล็ก,นอกเมือง,สำนักงานคณะกรรมการการศึกษาขั้นพื้นฐาน,สพป.เชียงใหม่ เขต 6,9,54.32,17.72,54.66,9.82,63.89,33.56,37.50,11.55,48.15,16.56
2565,163,บ้านขุนแม่หยอด,แม่แจ่ม,เล็ก,นอกเมือง,สำนักงานคณะกรรมการการศึกษาขั้นพื้นฐาน,สพป.เชียงใหม่ เขต 6,5,57.78,12.96,55.65,8.37,90.00,12.25,36.24,8.22,60.00,24.94
2565,164,บ้านทุ่งแก,แม่แจ่ม,เล็ก,นอกเมือง,สำนักงานคณะกรรมการการศึกษาขั้นพื้นฐาน,สพป.เชียงใหม่ เขต 6,6,55.56,14.34,63.17,11.75,70.83,33.59,46.04,15.59,66.67,27.22
2565,165,บ้านปางหินฝน,แม่แจ่ม,เล็ก,นอกเมือง,สำนักงานคณะกรรมการการศึกษาขั้นพื้นฐาน,สพป.เชียงใหม่ เขต 6,13,59.83,24.08,58.66,17.81,71.15,23.71,42.59,19.63,61.54,31.61
2565,166,บ้านปางอุ๋ง,แม่แจ่ม,กลาง,นอกเมือง,สำนักงานคณะกรรมการการศึกษาขั้นพื้นฐาน,สพป.เชียงใหม่ เขต 6,17,42.48,17.56,41.40,20.29,41.18,27.04,27.79,14.80,52.94,30.38
2565,167,บ้านแม่ซา,แม่แจ่ม,เล็ก,นอกเมือง,สำนักงานคณะกรรมการการศึกษาขั้นพื้นฐาน,สพป.เชียงใหม่ เขต 6,15,45.93,17.15,34.70,23.49,35.00,36.29,37.67,10.75,33.33,34.43
2565,168,บ้านแม่นาจร,แม่แจ่ม,กลาง,นอกเมือง,สำนักงานคณะกรรมการการศึกษาขั้นพื้นฐาน,สพป.เชียงใหม่ เขต 6,29,52.87,19.72,46.82,14.17,60.34,30.45,32.49,13.58,51.72,27.10
2565,169,บ้านแม่ศึก (มูลนิธิธรรมมาภิรักษ์อุปถัมภ์ที่ 2),แม่แจ่ม,เล็ก,นอกเมือง,สำนักงานคณะกรรมการการศึกษาขั้นพื้นฐาน,สพป.เชียงใหม่ เขต 6,11,40.40,12.78,35.23,17.53,38.64,28.93,33.29,13.09,36.36,36.11
2565,170,บ้านแม่หงานหลวง,แม่แจ่ม,เล็ก,นอกเมือง,สำนักงานคณะกรรมการการศึกษาขั้นพื้นฐาน,สพป.เชียงใหม่ เขต 6,11,52.53,19.59,46.72,22.17,40.91,22.03,33.29,12.94,54.55,35.60
2565,171,บ้านแม่เอาะ,แม่แจ่ม,เล็ก,นอกเมือง,สำนักงานคณะกรรมการการศึกษาขั้นพื้นฐาน,สพป.เชียงใหม่ เขต 6,10,42.22,18.46,37.88,19.76,30.00,29.15,47.62,14.52,26.67,29.06
2565,172,บ้านแม่แฮเหนือ,แม่แจ่ม,กลาง,นอกเมือง,สำนักงานคณะกรรมการการศึกษาขั้นพื้นฐาน,สพป.เชียงใหม่ เขต 6,10,74.44,10.00,63.91,7.79,77.50,17.50,29.24,10.61,76.67,26.03
2565,173,บ้านโม่งหลวง,แม่แจ่ม,เล็ก,นอกเมือง,สำนักงานคณะกรรมการการศึกษาขั้นพื้นฐาน,สพป.เชียงใหม่ เขต 6,22,37.88,15.59,37.74,24.32,37.50,20.98,34.43,15.33,51.52,31.35
2565,174,แม่แจ่ม,แม่แจ่ม,ใหญ่,นอกเมือง,สำนักงานคณะกรรมการการศึกษาขั้นพื้นฐาน,สำนักงานเขตพื้นที่การศึกษามัธยมศึกษาเชียงใหม่,199,61.75,19.63,53.19,16.18,65.95,28.57,37.54,15.13,64.66,31.81
2565,175,แม่แจ่มปริยัติศึกษา,แม่แจ่ม,เล็ก,นอกเมือง,สำนักงานพระพุทธศาสนาแห่งชาติ,กลุ่มโรงเรียนพระปริยัติธรรมฯ กลุ่ม  5,23,56.04,17.79,52.52,14.23,58.70,21.63,33.97,13.61,60.87,32.08
2565,176,ราชประชานุเคราะห์ 31,แม่แจ่ม,กลาง,นอกเมือง,สำนักบริหารงานการศึกษาพิเศษ,-,117,51.95,22.64,47.98,17.86,53.63,29.65,33.19,15.57,57.83,32.14
2565,177,สาธิตชุมชนการเรียนรู้สมเด็จย่า วิทยาลัยโพธิวิชชาลัย มหาวิทยาลัยศรีนครินทรวิโรฒ แม่แจ่ม,แม่แจ่ม,เล็ก,นอกเมือง,สำนักงานปลัดกระทรวงการอุดมศึกษาฯ,-,20,55.56,14.05,52.45,12.35,56.25,30.49,32.56,13.13,63.33,27.69
2565,178,อินทนนท์วิทยา,แม่แจ่ม,เล็ก,นอกเมือง,สำนักงานคณะกรรมการการศึกษาขั้นพื้นฐาน,สพป.เชียงใหม่ เขต 6,4,61.11,22.91,61.78,11.42,75.00,17.68,34.37,15.37,58.33,14.43
2565,179,ชุมชนวัดช่อแล,แม่แตง,เล็ก,นอกเมือง,สำนักงานคณะกรรมการการศึกษาขั้นพื้นฐาน,สพป.เชียงใหม่ เขต 2,15,56.30,18.35,62.08,13.85,65.00,21.98,40.16,11.64,64.44,33.26
2565,180,เชียงใหม่มัธยม,แม่แตง,ใหญ่,นอกเมือง,สำนักงานคณะกรรมการส่งเสริมการศึกษาเอกชน,-,4,75.00,9.21,73.84,7.05,81.25,32.48,52.19,12.94,83.33,16.67
2565,181,บ้านปง,แม่แตง,เล็ก,นอกเมือง,สำนักงานคณะกรรมการการศึกษาขั้นพื้นฐาน,สพป.เชียงใหม่ เขต 2,8,51.39,16.61,56.31,15.36,68.75,27.24,26.40,12.37,45.83,33.07
2565,182,บ้านปางไม้แดง,แม่แตง,เล็ก,นอกเมือง,สำนักงานคณะกรรมการการศึกษาขั้นพื้นฐาน,สพป.เชียงใหม่ เขต 2,11,55.56,18.95,58.32,18.29,65.91,30.66,47.95,11.13,75.76,32.07
2565,183,บ้านปางห้วยตาด,แม่แตง,เล็ก,นอกเมือง,สำนักงานคณะกรรมการการศึกษาขั้นพื้นฐาน,สพป.เชียงใหม่ เขต 2,6,38.89,16.67,46.12,24.26,45.83,33.59,37.08,15.79,66.67,19.25
2565,184,บ้านเป้าวิทยาคาร,แม่แตง,เล็ก,นอกเมือง,สำนักงานคณะกรรมการการศึกษาขั้นพื้นฐาน,สพป.เชียงใหม่ เขต 2,4,44.44,20.79,48.01,4.70,56.25,36.98,38.74,14.92,75.00,14.43
2565,185,บ้านเมืองกื้ด,แม่แตง,เล็ก,นอกเมือง,สำนักงานคณะกรรมการการศึกษาขั้นพื้นฐาน,สพป.เชียงใหม่ เขต 2,22,54.04,17.18,54.38,16.88,53.41,27.48,31.81,14.13,48.48,34.42
2565,186,บ้านแม่ไคร้,แม่แตง,เล็ก,นอกเมือง,สำนักงานคณะกรรมการการศึกษาขั้นพื้นฐาน,สพป.เชียงใหม่ เขต 2,8,52.78,20.60,50.84,21.67,62.50,27.95,38.12,11.16,58.33,27.64
2565,187,บ้านแม่ตะมาน,แม่แตง,เล็ก,นอกเมือง,สำนักงานคณะกรรมการการศึกษาขั้นพื้นฐาน,สพป.เชียงใหม่ เขต 2,14,50.00,17.69,52.66,19.85,55.36,30.15,35.62,13.48,59.52,33.76
2565,188,ป่าจี้วังแดงวิทยา,แม่แตง,เล็ก,นอกเมือง,สำนักงานคณะกรรมการการศึกษาขั้นพื้นฐาน,สพป.เชียงใหม่ เขต 2,13,64.10,21.42,59.83,13.50,67.31,26.65,48.45,16.53,82.05,16.62
2565,189,ป่าแป๋วิทยา,แม่แตง,เล็ก,นอกเมือง,สำนักงานคณะกรรมการการศึกษาขั้นพื้นฐาน,สพป.เชียงใหม่ เขต 2,18,68.52,18.61,57.67,16.14,52.78,24.85,44.10,16.91,46.30,31.70
2565,190,พระปริยัติธรรมแม่แตงวิทยา,แม่แตง,เล็ก,นอกเมือง,สำนักงานพระพุทธศาสนาแห่งชาติ,กลุ่มโรงเรียนพระปริยัติธรรมฯ กลุ่ม  5,11,45.45,21.95,41.13,21.19,38.64,26.89,36.81,12.77,33.33,20.10
2565,191,แม่แตง,แม่แตง,กลาง,นอกเมือง,สำนักงานคณะกรรมการการศึกษาขั้นพื้นฐาน,สำนักงานเขตพื้นที่การศึกษามัธยมศึกษาเชียงใหม่,110,56.26,21.15,49.90,17.59,59.77,28.82,35.01,15.51,57.27,30.20
2565,192,แม่หอพระวิทยาคม,แม่แตง,เล็ก,นอกเมือง,สำนักงานคณะกรรมการการศึกษาขั้นพื้นฐาน,สำนักงานเขตพื้นที่การศึกษามัธยมศึกษาเชียงใหม่,30,57.41,19.05,47.99,15.55,55.83,24.73,38.96,14.94,57.78,32.13
2565,193,ร่ำเปิงวิทยา,แม่แตง,กลาง,นอกเมือง,สำนักงานคณะกรรมการการศึกษาขั้นพื้นฐาน,สพป.เชียงใหม่ เขต 2,9,70.37,18.14,66.73,12.22,88.89,12.42,55.41,19.83,92.59,13.86
2565,194,วัดท่าข้าม,แม่แตง,เล็ก,นอกเมือง,สำนักงานคณะกรรมการการศึกษาขั้นพื้นฐาน,สพป.เชียงใหม่ เขต 2,10,56.67,13.56,53.84,11.71,65.00,27.84,50.25,16.50,60.00,24.94
2565,195,วัดบ้านเหล่า,แม่แตง,เล็ก,นอกเมือง,สำนักงานคณะกรรมการการศึกษาขั้นพื้นฐาน,สพป.เชียงใหม่ เขต 2,11,61.62,17.32,54.11,16.32,54.55,29.81,46.48,18.28,54.55,38.33
2565,196,วัดปางมะกล้วย,แม่แตง,เล็ก,นอกเมือง,สำนักงานคณะกรรมการการศึกษาขั้นพื้นฐาน,สพป.เชียงใหม่ เขต 2,5,62.22,22.88,63.56,14.00,75.00,38.73,24.49,6.55,66.67,21.08
2565,197,สบเปิงวิทยา,แม่แตง,กลาง,นอกเมือง,สำนักงานคณะกรรมการการศึกษาขั้นพื้นฐาน,สพป.เชียงใหม่ เขต 2,25,52.89,20.19,52.04,23.99,60.00,37.42,45.70,18.11,53.33,33.99
2565,198,สันป่ายางวิทยาคม,แม่แตง,เล็ก,นอกเมือง,สำนักงานคณะกรรมการการศึกษาขั้นพื้นฐาน,สำนักงานเขตพื้นที่การศึกษามัธยมศึกษาเชียงใหม่,23,56.04,17.18,57.99,14.43,55.43,26.54,40.65,16.84,60.87,30.54
2565,199,สันมหาพนวิทยา,แม่แตง,เล็ก,นอกเมือง,สำนักงานคณะกรรมการการศึกษาขั้นพื้นฐาน,สพป.เชียงใหม่ เขต 2,21,59.79,16.61,53.90,14.76,61.90,26.30,36.19,11.97,55.56,23.76
2565,200,อนุบาลสานสายใยรักเทศบาลเมืองเมืองแกนพัฒนา,แม่แตง,กลาง,นอกเมือง,กรมส่งเสริมการปกครองท้องถิ่น,ท้องถิ่นจังหวัดเชียงใหม่,12,59.26,11.42,62.47,22.31,72.92,31.39,36.87,10.15,69.44,34.58
2565,201,เจ้าพ่อหลวงอุปถัมภ์ 7,แม่ริม,เล็ก,นอกเมือง,สำนักงานคณะกรรมการการศึกษาขั้นพื้นฐาน,สพป.เชียงใหม่ เขต 2,3,70.37,10.48,56.54,15.41,75.00,20.41,39.99,17.05,77.78,15.71
2565,202,นวมินทราชูทิศ พายัพ,แม่ริม,ใหญ่,นอกเมือง,สำนักงานคณะกรรมการการศึกษาขั้นพื้นฐาน,สำนักงานเขตพื้นที่การศึกษามัธยมศึกษาเชียงใหม่,87,64.24,19.39,60.77,14.40,75.86,24.70,47.80,16.47,67.05,33.33
2565,203,บ้านทุ่งโป่ง,แม่ริม,กลาง,นอกเมือง,สำนักงานคณะกรรมการการศึกษาขั้นพื้นฐาน,สพป.เชียงใหม่ เขต 2,3,70.37,5.24,72.57,7.21,83.33,11.79,65.84,18.15,77.78,15.71
2565,204,บ้านแม่สา,แม่ริม,กลาง,นอกเมือง,สำนักงานคณะกรรมการการศึกษาขั้นพื้นฐาน,สพป.เชียงใหม่ เขต 2,7,65.08,17.24,69.66,3.78,85.71,12.37,44.11,14.28,61.90,21.30
2565,205,บ้านศาลา,แม่ริม,กลาง,นอกเมือง,กรมส่งเสริมการปกครองท้องถิ่น,ท้องถิ่นจังหวัดเชียงใหม่,5,68.89,17.78,47.32,22.61,90.00,12.25,37.00,17.11,73.33,24.94
2565,206,บ้านสะลวงนอก,แม่ริม,เล็ก,นอกเมือง,สำนักงานคณะกรรมการการศึกษาขั้นพื้นฐาน,สพป.เชียงใหม่ เขต 2,8,59.72,11.02,58.34,11.01,68.75,24.21,46.25,10.92,66.67,23.57
2565,207,บ้านสันคะยอม,แม่ริม,เล็ก,นอกเมือง,สำนักงานคณะกรรมการการศึกษาขั้นพื้นฐาน,สพป.เชียงใหม่ เขต 2,8,61.11,15.71,49.78,18.23,65.63,21.42,36.55,13.60,54.17,28.57
2565,208,บ้านหนองปลามัน,แม่ริม,เล็ก,นอกเมือง,สำนักงานคณะกรรมการการศึกษาขั้นพื้นฐาน,สพป.เชียงใหม่ เขต 2,15,54.81,19.65,49.58,13.89,63.33,25.60,47.42,18.26,55.56,31.43
2565,209,แม่ริมวิทยาคม,แม่ริม,ใหญ่,นอกเมือง,สำนักงานคณะกรรมการการศึกษาขั้นพื้นฐาน,สำนักงานเขตพื้นที่การศึกษามัธยมศึกษาเชียงใหม่,325,59.86,20.32,54.64,16.71,62.08,28.79,37.73,15.16,61.03,31.69
2565,210,ศึกษาสงเคราะห์เชียงใหม่,แม่ริม,กลาง,นอกเมือง,สำนักบริหารงานการศึกษาพิเศษ,-,94,53.78,21.27,50.09,18.65,58.51,27.18,38.31,13.17,58.51,30.24
2565,211,บ้านกาดวิทยาคม,แม่วาง,กลาง,นอกเมือง,สำนักงานคณะกรรมการการศึกษาขั้นพื้นฐาน,สำนักงานเขตพื้นที่การศึกษามัธยมศึกษาเชียงใหม่,121,54.18,21.74,51.93,17.97,58.26,30.89,38.97,17.30,54.82,32.31
2565,212,บ้านห้วยตอง,แม่วาง,กลาง,นอกเมือง,สำนักงานคณะกรรมการการศึกษาขั้นพื้นฐาน,สพป.เชียงใหม่ เขต 4,16,50.69,23.89,52.72,16.77,64.06,30.58,37.03,19.48,64.58,34.30
2565,213,แม่วินสามัคคี,แม่วาง,กลาง,นอกเมือง,สำนักงานคณะกรรมการการศึกษาขั้นพื้นฐาน,สพป.เชียงใหม่ เขต 4,53,47.80,19.50,40.96,22.48,45.75,31.75,40.61,13.84,52.20,32.70
2565,214,วัดมะกับตองหลวง,แม่วาง,เล็ก,นอกเมือง,สำนักงานคณะกรรมการการศึกษาขั้นพื้นฐาน,สพป.เชียงใหม่ เขต 4,8,68.06,14.10,63.99,11.07,81.25,16.54,51.71,16.37,66.67,28.87
2565,215,วัดห้วยแก้ว,แม่วาง,เล็ก,นอกเมือง,สำนักงานคณะกรรมการการศึกษาขั้นพื้นฐาน,สพป.เชียงใหม่ เขต 4,6,48.15,20.95,41.27,15.53,66.67,23.57,36.25,14.88,38.89,22.91
2565,216,สัพพัญญูวิทยา,แม่วาง,เล็ก,นอกเมือง,สำนักงานพระพุทธศาสนาแห่งชาติ,กลุ่มโรงเรียนพระปริยัติธรรมฯ กลุ่ม  5,7,50.79,22.89,34.78,16.55,50.00,18.90,36.07,15.79,66.67,25.20
2565,217,ทาเหนือวิทยา,แม่ออน,เล็ก,นอกเมือง,สำนักงานคณะกรรมการการศึกษาขั้นพื้นฐาน,สพป.เชียงใหม่ เขต 1,20,48.89,23.41,43.30,18.61,50.00,32.60,35.18,15.19,53.33,33.99
2565,218,แม่ออนวิทยาลัย,แม่ออน,กลาง,นอกเมือง,สำนักงานคณะกรรมการการศึกษาขั้นพื้นฐาน,สำนักงานเขตพื้นที่การศึกษามัธยมศึกษาเชียงใหม่,42,64.02,19.37,58.06,17.25,73.21,22.75,41.19,12.78,61.90,33.78
2565,219,วัดห้วยแก้ว,แม่ออน,เล็ก,นอกเมือง,สำนักงานคณะกรรมการการศึกษาขั้นพื้นฐาน,สพป.เชียงใหม่ เขต 1,10,76.67,10.48,68.59,12.56,77.50,7.50,52.74,19.02,86.67,22.11
2565,220,วัดห้วยทราย,แม่ออน,เล็ก,นอกเมือง,สำนักงานคณะกรรมการการศึกษาขั้นพื้นฐาน,สพป.เชียงใหม่ เขต 1,9,64.20,13.64,57.32,19.53,58.33,26.35,43.05,16.35,59.26,34.35
2565,221,เจ้าพ่อหลวงอุปถัมภ์ 9,แม่อาย,กลาง,นอกเมือง,สำนักงานคณะกรรมการการศึกษาขั้นพื้นฐาน,สพป.เชียงใหม่ เขต 3,23,58.45,22.27,58.86,15.42,68.48,25.77,34.07,14.03,62.32,29.98
2565,222,ชุมชนบ้านคาย,แม่อาย,กลาง,นอกเมือง,สำนักงานคณะกรรมการการศึกษาขั้นพื้นฐาน,สพป.เชียงใหม่ เขต 3,8,59.72,18.37,52.25,15.57,65.63,30.46,35.93,14.49,50.00,33.33
2565,223,ชุมชนบ้านแม่ฮ่าง,แม่อาย,กลาง,นอกเมือง,สำนักงานคณะกรรมการการศึกษาขั้นพื้นฐาน,สพป.เชียงใหม่ เขต 3,39,53.28,21.23,60.80,15.72,58.97,31.26,46.95,15.85,59.83,32.18
2565,224,โชติคุณเกษมบ้านเมืองงาม,แม่อาย,กลาง,นอกเมือง,สำนักงานคณะกรรมการการศึกษาขั้นพื้นฐาน,สพป.เชียงใหม่ เขต 3,36,54.01,19.09,48.37,16.31,56.25,33.01,35.00,15.56,55.56,34.25
2565,225,ไทยรัฐวิทยา 12 (บ้านเอก),แม่อาย,กลาง,นอกเมือง,สำนักงานคณะกรรมการการศึกษาขั้นพื้นฐาน,สพป.เชียงใหม่ เขต 3,20,74.44,19.28,69.54,10.99,81.25,23.55,49.56,21.20,76.67,18.56
2565,226,บ้านท่ามะแกง,แม่อาย,เล็ก,นอกเมือง,สำนักงานคณะกรรมการการศึกษาขั้นพื้นฐาน,สพป.เชียงใหม่ เขต 3,15,56.30,22.76,43.59,13.31,63.33,33.99,44.66,17.48,66.67,24.34
2565,227,บ้านป่าก๊อ,แม่อาย,กลาง,นอกเมือง,สำนักงานคณะกรรมการการศึกษาขั้นพื้นฐาน,สพป.เชียงใหม่ เขต 3,15,37.04,22.83,37.82,12.01,40.00,15.28,32.83,11.10,33.33,27.22
2565,228,บ้านปางต้นเดื่อ,แม่อาย,กลาง,นอกเมือง,สำนักงานคณะกรรมการการศึกษาขั้นพื้นฐาน,สพป.เชียงใหม่ เขต 3,30,49.63,20.83,47.84,19.38,53.33,34.60,34.87,16.50,61.11,34.52
2565,229,บ้านป่าแดง,แม่อาย,กลาง,นอกเมือง,สำนักงานคณะกรรมการการศึกษาขั้นพื้นฐาน,สพป.เชียงใหม่ เขต 3,19,47.95,20.09,28.23,16.35,30.26,26.38,43.16,14.38,28.07,24.81
2565,230,บ้านสันต้นหมื้อ,แม่อาย,กลาง,นอกเมือง,สำนักงานคณะกรรมการการศึกษาขั้นพื้นฐาน,สพป.เชียงใหม่ เขต 3,42,48.94,19.86,43.73,18.69,43.45,30.40,33.36,12.25,38.89,31.64
2565,231,บ้านสุขฤทัย,แม่อาย,กลาง,นอกเมือง,สำนักงานคณะกรรมการการศึกษาขั้นพื้นฐาน,สพป.เชียงใหม่ เขต 3,32,58.68,21.91,48.69,18.03,62.50,29.32,35.77,16.63,57.29,30.32
2565,232,บ้านห้วยคอกหมู,แม่อาย,เล็ก,นอกเมือง,สำนักงานคณะกรรมการการศึกษาขั้นพื้นฐาน,สพป.เชียงใหม่ เขต 3,10,32.22,14.44,33.85,14.42,22.50,20.77,37.25,17.67,43.33,26.03
2565,233,พระปริยัติธรรมวัดท่าตอน,แม่อาย,เล็ก,นอกเมือง,สำนักงานพระพุทธศาสนาแห่งชาติ,กลุ่มโรงเรียนพระปริยัติธรรมฯ กลุ่ม  5,25,50.22,23.96,47.17,18.35,51.00,27.82,36.55,12.28,44.00,33.63
2565,234,เพียงหลวง 1 (บ้านท่าตอน),แม่อาย,กลาง,นอกเมือง,สำนักงานคณะกรรมการการศึกษาขั้นพื้นฐาน,สพป.เชียงใหม่ เขต 3,27,67.90,21.67,59.71,16.01,78.70,22.26,45.55,16.86,80.25,22.70
2565,235,แม่อายวิทยาคม,แม่อาย,ใหญ่,นอกเมือง,กรมส่งเสริมการปกครองท้องถิ่น,ท้องถิ่นจังหวัดเชียงใหม่,39,54.13,23.76,47.78,18.32,60.90,30.38,37.40,16.22,56.41,31.26
2565,236,ราชประชานุเคราะห์ 30,แม่อาย,กลาง,นอกเมือง,สำนักบริหารงานการศึกษาพิเศษ,-,34,54.90,21.38,51.91,16.28,59.56,28.45,31.65,16.51,57.84,28.36
2565,237,บ้านนามน,เวียงแหง,เล็ก,นอกเมือง,สำนักงานคณะกรรมการการศึกษาขั้นพื้นฐาน,สพป.เชียงใหม่ เขต 3,17,48.37,18.65,51.55,17.88,63.24,34.43,35.36,13.97,52.94,36.26
2565,238,บ้านปางป๋อ,เวียงแหง,เล็ก,นอกเมือง,สำนักงานคณะกรรมการการศึกษาขั้นพื้นฐาน,สพป.เชียงใหม่ เขต 3,19,49.71,20.19,53.97,20.20,48.68,24.97,33.55,19.33,68.42,31.48
2565,239,บ้านเปียงหลวง,เวียงแหง,กลาง,นอกเมือง,สำนักงานคณะกรรมการการศึกษาขั้นพื้นฐาน,สพป.เชียงใหม่ เขต 3,99,60.27,20.41,53.68,17.10,62.63,26.91,42.40,19.33,59.60,30.44
2565,240,เวียงแหงปริยัติศึกษา,เวียงแหง,เล็ก,นอกเมือง,สำนักงานพระพุทธศาสนาแห่งชาติ,กลุ่มโรงเรียนพระปริยัติธรรมฯ กลุ่ม  5,16,46.53,20.49,34.11,19.43,35.94,30.58,34.14,11.12,50.00,31.18
2565,241,เวียงแหงวิทยาคม,เวียงแหง,ใหญ่,นอกเมือง,สำนักงานคณะกรรมการการศึกษาขั้นพื้นฐาน,สำนักงานเขตพื้นที่การศึกษามัธยมศึกษาเชียงใหม่,113,58.31,21.04,54.62,15.26,60.40,29.13,43.45,18.66,54.28,32.04
2565,242,บ้านบ่อแก้ว,สะเมิง,กลาง,นอกเมือง,สำนักงานคณะกรรมการการศึกษาขั้นพื้นฐาน,สพป.เชียงใหม่ เขต 2,25,52.89,24.80,47.47,19.90,53.00,31.08,30.65,13.49,54.67,35.13
2565,243,บ้านปางขุม,สะเมิง,เล็ก,นอกเมือง,สำนักงานคณะกรรมการการศึกษาขั้นพื้นฐาน,สพป.เชียงใหม่ เขต 2,4,41.67,27.64,42.42,16.78,56.25,20.73,32.18,9.45,50.00,28.87
2565,244,บ้านป่าลาน,สะเมิง,เล็ก,นอกเมือง,สำนักงานคณะกรรมการการศึกษาขั้นพื้นฐาน,สพป.เชียงใหม่ เขต 2,11,66.67,14.21,61.55,9.50,63.64,19.55,35.79,17.72,57.58,24.99
2565,245,บ้านแม่ขะปู,สะเมิง,เล็ก,นอกเมือง,สำนักงานคณะกรรมการการศึกษาขั้นพื้นฐาน,สพป.เชียงใหม่ เขต 2,13,55.56,19.00,52.75,13.50,65.38,28.65,38.26,13.53,48.72,28.09
2565,246,บ้านแม่โต๋,สะเมิง,เล็ก,นอกเมือง,สำนักงานคณะกรรมการการศึกษาขั้นพื้นฐาน,สพป.เชียงใหม่ เขต 2,15,51.11,21.39,44.27,15.10,40.00,27.08,35.08,17.50,48.89,29.48
2565,247,บ้านแม่ยางห้า,สะเมิง,เล็ก,นอกเมือง,สำนักงานคณะกรรมการการศึกษาขั้นพื้นฐาน,สพป.เชียงใหม่ เขต 2,17,50.98,19.82,46.48,23.11,50.00,24.25,41.91,17.32,45.10,25.41
2565,248,บ้านแม่ลานคำ,สะเมิง,เล็ก,นอกเมือง,สำนักงานคณะกรรมการการศึกษาขั้นพื้นฐาน,สพป.เชียงใหม่ เขต 2,9,54.32,14.29,30.48,10.49,55.56,30.68,39.16,14.05,48.15,27.72
2565,249,บ้านแม่แว,สะเมิง,เล็ก,นอกเมือง,สำนักงานคณะกรรมการการศึกษาขั้นพื้นฐาน,สพป.เชียงใหม่ เขต 2,5,48.89,8.89,40.05,19.70,55.00,29.15,45.25,3.98,66.67,21.08
2565,250,วัดงิ้วเฒ่า,สะเมิง,เล็ก,นอกเมือง,สำนักงานคณะกรรมการการศึกษาขั้นพื้นฐาน,สพป.เชียงใหม่ เขต 2,4,66.67,13.61,63.09,8.72,75.00,17.68,32.18,14.85,58.33,27.64
2565,251,วัดยั้งเมิน,สะเมิง,เล็ก,นอกเมือง,สำนักงานคณะกรรมการการศึกษาขั้นพื้นฐาน,สพป.เชียงใหม่ เขต 2,9,56.79,21.24,53.96,15.58,66.67,26.35,27.36,7.37,55.56,35.14
2565,252,วัดสะเมิงวิทยา,สะเมิง,เล็ก,นอกเมือง,สำนักงานพระพุทธศาสนาแห่งชาติ,กลุ่มโรงเรียนพระปริยัติธรรมฯ กลุ่ม  5,13,51.28,23.69,29.79,18.95,48.08,22.92,38.08,13.39,53.85,38.20
2565,253,สะเมิงพิทยาคม,สะเมิง,กลาง,นอกเมือง,สำนักงานคณะกรรมการการศึกษาขั้นพื้นฐาน,สำนักงานเขตพื้นที่การศึกษามัธยมศึกษาเชียงใหม่,68,52.45,23.56,50.35,17.61,54.78,29.47,39.83,16.80,49.51,35.00
2565,254,บ้านบวกค้าง,สันกำแพง,เล็ก,นอกเมือง,สำนักงานคณะกรรมการการศึกษาขั้นพื้นฐาน,สพป.เชียงใหม่ เขต 1,6,59.26,18.89,54.64,18.50,70.83,26.68,45.00,17.26,61.11,22.91
2565,255,บ้านแม่ปูคา,สันกำแพง,เล็ก,นอกเมือง,สำนักงานคณะกรรมการการศึกษาขั้นพื้นฐาน,สพป.เชียงใหม่ เขต 1,12,50.00,20.54,59.57,17.94,60.42,33.01,37.08,11.20,61.11,22.91
2565,256,บ้านหนองโค้ง,สันกำแพง,กลาง,นอกเมือง,สำนักงานคณะกรรมการการศึกษาขั้นพื้นฐาน,สพป.เชียงใหม่ เขต 1,61,64.66,22.81,60.28,16.40,70.08,27.84,44.62,17.71,63.39,32.90
2565,257,วัดล้านตอง,สันกำแพง,เล็ก,นอกเมือง,สำนักงานคณะกรรมการการศึกษาขั้นพื้นฐาน,สพป.เชียงใหม่ เขต 1,5,68.89,17.78,63.96,7.80,85.00,12.25,45.74,6.60,73.33,24.94
2565,258,สันกำแพง,สันกำแพง,ใหญ่พิเศษ,นอกเมือง,สำนักงานคณะกรรมการการศึกษาขั้นพื้นฐาน,สำนักงานเขตพื้นที่การศึกษามัธยมศึกษาเชียงใหม่,488,62.04,21.10,54.58,17.45,65.73,29.20,41.67,16.78,63.25,33.57
2565,259,สันกำแพงคันธาอนุสรณ์,สันกำแพง,เล็ก,นอกเมือง,สำนักงานคณะกรรมการการศึกษาขั้นพื้นฐาน,สพป.เชียงใหม่ เขต 1,10,50.00,17.39,60.74,15.60,62.50,30.10,41.87,13.93,60.00,32.66
2565,260,ชลประทานเขื่อนแม่กวงจิราธิวัฒน์อุปถัมภ์,สันทราย,กลาง,นอกเมือง,สำนักงานคณะกรรมการการศึกษาขั้นพื้นฐาน,สพป.เชียงใหม่ เขต 2,30,58.52,22.21,47.22,17.93,55.00,29.86,36.54,15.94,53.33,38.10
2565,261,บ้านเจดีย์แม่ครัว,สันทราย,กลาง,นอกเมือง,สำนักงานคณะกรรมการการศึกษาขั้นพื้นฐาน,สพป.เชียงใหม่ เขต 2,36,61.11,16.67,56.70,14.46,62.50,30.33,44.72,16.51,54.63,30.58
2565,262,บ้านบวกเปา,สันทราย,เล็ก,นอกเมือง,สำนักงานคณะกรรมการการศึกษาขั้นพื้นฐาน,สพป.เชียงใหม่ เขต 2,20,64.44,20.37,61.60,13.14,78.75,22.74,44.43,19.82,71.67,30.32
2565,263,บ้านร่มหลวง,สันทราย,เล็ก,นอกเมือง,สำนักงานคณะกรรมการการศึกษาขั้นพื้นฐาน,สพป.เชียงใหม่ เขต 2,10,67.78,18.89,59.78,16.58,70.00,26.93,47.38,16.93,56.67,21.34
2565,264,บ้านศรีบุญเรือง,สันทราย,กลาง,นอกเมือง,สำนักงานคณะกรรมการการศึกษาขั้นพื้นฐาน,สพป.เชียงใหม่ เขต 2,5,55.56,9.94,53.52,13.15,55.00,18.71,40.00,4.69,40.00,38.87
2565,265,บ้านหนองไคร้,สันทราย,กลาง,นอกเมือง,สำนักงานคณะกรรมการการศึกษาขั้นพื้นฐาน,สพป.เชียงใหม่ เขต 2,53,63.52,17.18,65.85,16.54,75.94,23.77,48.16,16.18,64.15,33.55
2565,266,บ้านหลักปัน,สันทราย,กลาง,นอกเมือง,สำนักงานคณะกรรมการการศึกษาขั้นพื้นฐาน,สพป.เชียงใหม่ เขต 2,8,70.83,19.98,67.84,9.54,81.25,24.21,32.96,13.72,70.83,26.02
2565,267,พงษ์พิกุลเชียงใหม่,สันทราย,กลาง,นอกเมือง,สำนักงานคณะกรรมการส่งเสริมการศึกษาเอกชน,-,23,65.22,15.47,57.70,12.28,64.13,28.39,37.82,14.69,63.77,32.47
2565,268,วัดแม่แก้ดน้อย,สันทราย,ใหญ่,นอกเมือง,สำนักงานคณะกรรมการการศึกษาขั้นพื้นฐาน,สพป.เชียงใหม่ เขต 2,41,56.91,17.39,57.84,15.91,70.73,23.36,39.94,15.96,60.98,30.27
2565,269,วัดวิเวกวนาราม,สันทราย,เล็ก,นอกเมือง,สำนักงานพระพุทธศาสนาแห่งชาติ,กลุ่มโรงเรียนพระปริยัติธรรมฯ กลุ่ม  5,20,49.44,22.63,41.54,18.89,43.75,27.24,40.12,12.08,35.00,30.69
2565,270,สันทรายวิทยาคม,สันทราย,ใหญ่,นอกเมือง,สำนักงานคณะกรรมการการศึกษาขั้นพื้นฐาน,สำนักงานเขตพื้นที่การศึกษามัธยมศึกษาเชียงใหม่,279,61.69,18.78,58.44,17.21,66.76,30.51,41.32,16.80,64.40,32.53
2565,271,สันทรายหลวง,สันทราย,กลาง,นอกเมือง,สำนักงานคณะกรรมการการศึกษาขั้นพื้นฐาน,สพป.เชียงใหม่ เขต 2,73,58.75,22.71,54.82,16.27,67.12,30.09,47.77,16.26,62.56,31.18
2565,272,ทุ่งฟ้าบดราษฎร์บำรุง,สันป่าตอง,กลาง,นอกเมือง,กรมส่งเสริมการปกครองท้องถิ่น,ท้องถิ่นจังหวัดเชียงใหม่,57,54.58,19.56,58.49,15.58,56.58,30.54,42.87,16.25,55.56,30.16
2565,273,เทพศิรินทร์ เชียงใหม่,สันป่าตอง,กลาง,นอกเมือง,สำนักงานคณะกรรมการการศึกษาขั้นพื้นฐาน,สำนักงานเขตพื้นที่การศึกษามัธยมศึกษาเชียงใหม่,74,56.01,22.26,44.16,20.24,53.38,31.12,33.80,15.07,45.05,33.08
2565,274,บ้านทุ่งเสี้ยว (นวรัฐ),สันป่าตอง,เล็ก,นอกเมือง,สำนักงานคณะกรรมการการศึกษาขั้นพื้นฐาน,สพป.เชียงใหม่ เขต 4,15,61.48,15.11,55.13,17.82,68.33,28.09,37.16,10.60,60.00,32.66
2565,275,บ้านหัวริน,สันป่าตอง,เล็ก,นอกเมือง,สำนักงานคณะกรรมการการศึกษาขั้นพื้นฐาน,สพป.เชียงใหม่ เขต 4,8,56.94,22.52,52.07,17.87,59.38,27.78,47.81,18.81,62.50,26.02
2565,276,พัฒนวิทย์ศึกษา,สันป่าตอง,ใหญ่,นอกเมือง,สำนักงานคณะกรรมการส่งเสริมการศึกษาเอกชน,-,2,72.22,16.67,55.91,3.07,50.00,0.00,17.49,17.49,50.00,50.00
2565,277,วัดกู่คำ,สันป่าตอง,เล็ก,นอกเมือง,สำนักงานคณะกรรมการการศึกษาขั้นพื้นฐาน,สพป.เชียงใหม่ เขต 4,4,69.44,4.81,65.11,17.05,87.50,12.50,41.25,19.23,58.33,36.32
2565,278,วัดโรงวัว,สันป่าตอง,เล็ก,นอกเมือง,สำนักงานคณะกรรมการการศึกษาขั้นพื้นฐาน,สพป.เชียงใหม่ เขต 4,3,48.15,20.95,53.17,22.33,58.33,31.18,47.08,20.62,66.67,27.22
2565,279,สันป่าตองวิทยาคม,สันป่าตอง,ใหญ่พิเศษ,นอกเมือง,สำนักงานคณะกรรมการการศึกษาขั้นพื้นฐาน,สำนักงานเขตพื้นที่การศึกษามัธยมศึกษาเชียงใหม่,370,61.17,20.08,57.81,18.49,67.84,27.99,43.96,18.65,63.69,32.88
2565,280,ช่องฟ้าซินเซิงวาณิชบำรุง,สารภี,ใหญ่พิเศษ,นอกเมือง,สำนักงานคณะกรรมการส่งเสริมการศึกษาเอกชน,-,168,69.31,17.11,62.56,17.29,67.41,25.11,46.96,17.22,71.43,30.49
2565,281,ชุมชนวัดศรีคำชมภู,สารภี,กลาง,นอกเมือง,สำนักงานคณะกรรมการการศึกษาขั้นพื้นฐาน,สพป.เชียงใหม่ เขต 4,30,62.96,20.75,54.60,16.72,69.17,27.14,41.33,14.88,64.44,28.46
2565,282,บ้านปากเหมือง,สารภี,กลาง,นอกเมือง,สำนักงานคณะกรรมการการศึกษาขั้นพื้นฐาน,สพป.เชียงใหม่ เขต 4,22,59.60,18.52,59.37,13.25,77.27,18.32,52.27,18.86,75.76,22.88
2565,283,ยุวฑูตศึกษาพัฒนา,สารภี,ใหญ่,นอกเมือง,สำนักงานคณะกรรมการส่งเสริมการศึกษาเอกชน,-,7,58.73,28.31,40.05,17.29,64.29,22.59,35.17,21.36,61.90,32.99
2565,284,วชิราลัย,สารภี,กลาง,นอกเมือง,สำนักงานคณะกรรมการส่งเสริมการศึกษาเอกชน,-,63,57.14,24.72,47.47,22.90,54.37,28.36,44.00,18.37,51.32,36.53
2565,285,วัดท่าต้นกวาว,สารภี,เล็ก,นอกเมือง,สำนักงานคณะกรรมการการศึกษาขั้นพื้นฐาน,สพป.เชียงใหม่ เขต 4,16,54.86,21.68,57.83,13.15,67.19,27.55,49.37,15.19,56.25,38.58
2565,286,วัดบวกครกเหนือ,สารภี,เล็ก,นอกเมือง,สำนักงานคณะกรรมการการศึกษาขั้นพื้นฐาน,สพป.เชียงใหม่ เขต 4,30,53.70,22.79,51.07,17.95,58.33,31.84,37.67,17.64,58.89,31.84
2565,287,วัดเวฬุวัน,สารภี,ใหญ่,นอกเมือง,สำนักงานคณะกรรมการการศึกษาขั้นพื้นฐาน,สพป.เชียงใหม่ เขต 4,10,82.22,11.33,62.40,12.44,70.00,18.71,47.62,15.11,86.67,16.33
2565,288,วัดศรีดอนชัย,สารภี,เล็ก,นอกเมือง,สำนักงานคณะกรรมการการศึกษาขั้นพื้นฐาน,สพป.เชียงใหม่ เขต 4,5,57.78,25.72,53.99,15.10,60.00,33.91,40.50,18.42,73.33,24.94
2565,289,สารภีปริยัติศึกษา,สารภี,เล็ก,นอกเมือง,สำนักงานพระพุทธศาสนาแห่งชาติ,กลุ่มโรงเรียนพระปริยัติธรรมฯ กลุ่ม  5,22,44.44,22.97,39.39,16.15,48.86,27.67,34.04,18.10,36.36,30.00
2565,290,สารภีพิทยาคม,สารภี,กลาง,นอกเมือง,สำนักงานคณะกรรมการการศึกษาขั้นพื้นฐาน,สำนักงานเขตพื้นที่การศึกษามัธยมศึกษาเชียงใหม่,133,67.00,16.91,61.59,16.11,73.50,26.86,45.91,17.03,63.41,28.57
2565,291,สืบนทีธรรม,สารภี,กลาง,นอกเมือง,สำนักงานคณะกรรมการส่งเสริมการศึกษาเอกชน,-,15,71.11,20.61,59.95,9.55,71.67,20.14,38.75,13.34,71.11,26.85
2565,292,ต้นแก้วผดุงพิทยาลัย,หางดง,ใหญ่,นอกเมือง,กรมส่งเสริมการปกครองท้องถิ่น,ท้องถิ่นจังหวัดเชียงใหม่,82,59.35,21.48,56.10,16.64,60.98,30.27,40.94,14.00,58.94,31.36
2565,293,เทศบาลหนองตองวิทยา,หางดง,เล็ก,นอกเมือง,กรมส่งเสริมการปกครองท้องถิ่น,ท้องถิ่นจังหวัดเชียงใหม่,9,49.38,21.67,49.01,11.82,55.56,19.64,39.16,20.93,55.56,31.43
2565,294,บ้านน้ำแพร่,หางดง,เล็ก,นอกเมือง,สำนักงานคณะกรรมการการศึกษาขั้นพื้นฐาน,สพป.เชียงใหม่ เขต 4,12,70.37,17.17,59.86,13.70,81.25,14.88,36.25,10.37,77.78,20.79
2565,295,บ้านปง,หางดง,เล็ก,นอกเมือง,สำนักงานคณะกรรมการการศึกษาขั้นพื้นฐาน,สพป.เชียงใหม่ เขต 4,14,64.29,24.19,61.74,14.24,87.50,15.67,61.78,17.25,73.81,22.46
2565,296,บ้านสันป่าสัก,หางดง,กลาง,นอกเมือง,สำนักงานคณะกรรมการการศึกษาขั้นพื้นฐาน,สพป.เชียงใหม่ เขต 4,93,61.05,19.25,50.24,20.29,63.44,29.46,41.49,17.11,53.05,33.24
2565,297,พันธสัญญา,หางดง,เล็ก,นอกเมือง,สำนักงานคณะกรรมการส่งเสริมการศึกษาเอกชน,-,5,73.33,11.33,66.22,10.69,75.00,22.36,53.73,13.14,73.33,24.94
2565,298,วัดศรีสว่าง,หางดง,เล็ก,นอกเมือง,สำนักงานคณะกรรมการการศึกษาขั้นพื้นฐาน,สพป.เชียงใหม่ เขต 4,17,63.40,18.97,58.26,10.85,75.00,22.69,41.03,13.87,58.82,35.29
2565,299,สาธิตนานาชาติทวิภาษาแห่งมหาวิทยาลัยรังสิต เชียงใหม่,หางดง,กลาง,นอกเมือง,สำนักงานคณะกรรมการส่งเสริมการศึกษาเอกชน,-,1,55.56,0.00,47.23,0.00,75.00,0.00,32.51,0.00,33.33,0.00
2565,300,หางดงรัฐราษฎร์อุปถัมภ์,หางดง,ใหญ่,นอกเมือง,สำนักงานคณะกรรมการการศึกษาขั้นพื้นฐาน,สำนักงานเขตพื้นที่การศึกษามัธยมศึกษาเชียงใหม่,205,58.75,21.87,60.91,18.15,64.76,27.70,36.23,15.46,56.91,33.93
2565,301,บ้านซิแบร,อมก๋อย,เล็ก,นอกเมือง,สำนักงานคณะกรรมการการศึกษาขั้นพื้นฐาน,สพป.เชียงใหม่ เขต 5,11,39.39,15.25,29.58,14.68,29.55,23.40,26.70,17.74,48.48,26.07
2565,302,บ้านตุงลอย,อมก๋อย,กลาง,นอกเมือง,สำนักงานคณะกรรมการการศึกษาขั้นพื้นฐาน,สพป.เชียงใหม่ เขต 5,33,55.56,21.54,50.19,14.95,50.00,35.89,38.90,13.10,51.52,34.90
2565,303,บ้านนาเกียน,อมก๋อย,เล็ก,นอกเมือง,สำนักงานคณะกรรมการการศึกษาขั้นพื้นฐาน,สำนักงานเขตพื้นที่การศึกษามัธยมศึกษาเชียงใหม่,15,44.44,20.29,44.28,11.39,43.33,28.09,29.41,12.24,51.11,31.89
2565,304,บ้านแม่ต๋อม,อมก๋อย,กลาง,นอกเมือง,สำนักงานคณะกรรมการการศึกษาขั้นพื้นฐาน,สพป.เชียงใหม่ เขต 5,19,39.18,15.87,35.05,19.38,31.58,27.91,28.69,13.41,35.09,36.63
2565,305,บ้านแม่อ่างขาง,อมก๋อย,เล็ก,นอกเมือง,สำนักงานคณะกรรมการการศึกษาขั้นพื้นฐาน,สพป.เชียงใหม่ เขต 5,18,43.21,21.24,36.80,24.94,40.28,25.19,38.89,13.01,48.15,27.72
2565,306,บ้านยางครก,อมก๋อย,เล็ก,นอกเมือง,สำนักงานคณะกรรมการการศึกษาขั้นพื้นฐาน,สพป.เชียงใหม่ เขต 5,10,62.22,25.43,45.86,11.55,50.00,29.58,45.74,17.00,73.33,32.66
2565,307,บ้านยางเปา,อมก๋อย,กลาง,นอกเมือง,สำนักงานคณะกรรมการการศึกษาขั้นพื้นฐาน,สพป.เชียงใหม่ เขต 5,46,43.48,20.96,39.27,18.10,42.39,33.33,32.85,12.70,54.35,28.96
2565,308,บ้านยางเปียง,อมก๋อย,เล็ก,นอกเมือง,สำนักงานคณะกรรมการการศึกษาขั้นพื้นฐาน,สพป.เชียงใหม่ เขต 5,24,44.44,22.45,41.18,17.82,43.75,26.27,37.18,14.54,50.00,25.46
2565,309,บ้านสบลาน,อมก๋อย,กลาง,นอกเมือง,สำนักงานคณะกรรมการการศึกษาขั้นพื้นฐาน,สพป.เชียงใหม่ เขต 5,9,50.62,15.81,35.36,15.81,38.89,31.43,32.64,10.88,37.04,33.13
2565,310,บ้านห้วยโค้ง,อมก๋อย,กลาง,นอกเมือง,สำนักงานคณะกรรมการการศึกษาขั้นพื้นฐาน,สพป.เชียงใหม่ เขต 5,15,50.37,16.16,28.80,16.33,40.00,31.36,34.50,17.18,57.78,30.95
2565,311,บ้านห้วยน้ำขาว,อมก๋อย,กลาง,นอกเมือง,สำนักงานคณะกรรมการการศึกษาขั้นพื้นฐาน,สพป.เชียงใหม่ เขต 5,59,45.39,22.34,37.95,20.06,42.80,28.39,38.96,12.36,51.98,30.85
2565,312,บ้านห้วยไม้หก,อมก๋อย,เล็ก,นอกเมือง,สำนักงานคณะกรรมการการศึกษาขั้นพื้นฐาน,สำนักงานเขตพื้นที่การศึกษามัธยมศึกษาเชียงใหม่,17,51.63,23.47,48.28,15.93,48.53,31.47,34.48,12.93,41.18,35.29
2565,313,บ้านอูตูม,อมก๋อย,เล็ก,นอกเมือง,สำนักงานคณะกรรมการการศึกษาขั้นพื้นฐาน,สพป.เชียงใหม่ เขต 5,24,33.80,18.00,31.14,17.68,30.21,21.63,34.74,13.48,36.11,31.79
2565,314,แม่ตื่นวิทยาคม,อมก๋อย,กลาง,นอกเมือง,สำนักงานคณะกรรมการการศึกษาขั้นพื้นฐาน,สำนักงานเขตพื้นที่การศึกษามัธยมศึกษาเชียงใหม่,95,50.06,20.76,45.41,18.06,51.05,28.77,35.29,15.08,45.26,31.68
2565,315,อมก๋อยวิทยาคม,อมก๋อย,ใหญ่,นอกเมือง,สำนักงานคณะกรรมการการศึกษาขั้นพื้นฐาน,สำนักงานเขตพื้นที่การศึกษามัธยมศึกษาเชียงใหม่,130,60.00,18.52,51.01,15.23,63.08,25.42,36.79,16.88,64.36,29.58
2565,316,ชุมชนบ้านท่าข้าม,ฮอด,กลาง,นอกเมือง,สำนักงานคณะกรรมการการศึกษาขั้นพื้นฐาน,สพป.เชียงใหม่ เขต 5,8,59.72,13.54,63.50,3.83,59.38,24.80,34.06,15.99,62.50,30.90
2565,317,บ้านกองลอย,ฮอด,กลาง,นอกเมือง,สำนักงานคณะกรรมการการศึกษาขั้นพื้นฐาน,สพป.เชียงใหม่ เขต 5,21,48.15,16.56,49.70,17.74,45.24,39.81,35.41,14.36,47.62,34.99
2565,318,บ้านแควมะกอก,ฮอด,กลาง,นอกเมือง,สำนักงานคณะกรรมการการศึกษาขั้นพื้นฐาน,สพป.เชียงใหม่ เขต 5,15,51.11,22.52,46.84,19.12,55.00,29.15,37.16,13.91,55.56,26.29
2565,319,บ้านตาลเหนือ,ฮอด,เล็ก,นอกเมือง,สำนักงานคณะกรรมการการศึกษาขั้นพื้นฐาน,สพป.เชียงใหม่ เขต 5,13,49.57,16.66,40.34,17.08,50.00,33.97,32.50,12.72,30.77,33.23
2565,320,บ้านเตียนอาง,ฮอด,เล็ก,นอกเมือง,สำนักงานคณะกรรมการการศึกษาขั้นพื้นฐาน,สพป.เชียงใหม่ เขต 5,11,37.37,21.33,37.58,20.81,45.45,23.40,33.41,18.57,39.39,31.20
2565,321,บ้านทุ่งโป่ง,ฮอด,เล็ก,นอกเมือง,สำนักงานคณะกรรมการการศึกษาขั้นพื้นฐาน,สพป.เชียงใหม่ เขต 5,10,57.78,19.12,47.22,21.26,47.50,26.10,37.62,16.73,40.00,35.90
2565,322,บ้านนาฟ่อน,ฮอด,เล็ก,นอกเมือง,สำนักงานคณะกรรมการการศึกษาขั้นพื้นฐาน,สพป.เชียงใหม่ เขต 5,16,42.36,22.98,44.68,17.47,51.56,27.20,43.05,12.32,58.33,30.05
2565,323,บ้านบ่อหลวง,ฮอด,กลาง,นอกเมือง,สำนักงานคณะกรรมการการศึกษาขั้นพื้นฐาน,สพป.เชียงใหม่ เขต 5,24,56.48,22.66,51.83,19.20,53.13,27.30,33.85,15.00,43.06,35.33
2565,324,บ้านพุย,ฮอด,เล็ก,นอกเมือง,สำนักงานคณะกรรมการการศึกษาขั้นพื้นฐาน,สพป.เชียงใหม่ เขต 5,15,43.70,18.80,44.45,15.29,46.67,31.45,36.75,18.32,51.11,26.85
2565,325,บ้านแม่งูด,ฮอด,เล็ก,นอกเมือง,สำนักงานคณะกรรมการการศึกษาขั้นพื้นฐาน,สพป.เชียงใหม่ เขต 5,20,58.89,20.21,55.83,14.87,67.50,19.53,39.25,15.15,60.00,30.91
2565,326,บ้านแม่ลาย,ฮอด,เล็ก,นอกเมือง,สำนักงานคณะกรรมการการศึกษาขั้นพื้นฐาน,สพป.เชียงใหม่ เขต 5,17,37.25,18.65,35.61,19.35,45.59,28.74,38.01,14.16,45.10,34.19
2565,327,บ้านวังลุง,ฮอด,เล็ก,นอกเมือง,สำนักงานคณะกรรมการการศึกษาขั้นพื้นฐาน,สพป.เชียงใหม่ เขต 5,7,41.27,14.20,39.03,25.99,39.29,22.59,27.68,12.23,47.62,30.12
2565,328,แม่โถวิทยาคม,ฮอด,กลาง,นอกเมือง,สำนักงานคณะกรรมการการศึกษาขั้นพื้นฐาน,สพป.เชียงใหม่ เขต 5,45,38.52,22.30,43.24,19.96,41.67,25.82,38.97,15.39,41.48,29.11
2565,329,วัดบ้านขุนเตรียมพุทธศาสตร์,ฮอด,เล็ก,นอกเมือง,สำนักงานพระพุทธศาสนาแห่งชาติ,กลุ่มโรงเรียนพระปริยัติธรรมฯ กลุ่ม  5,40,53.33,18.46,43.35,17.08,35.63,23.64,34.59,13.54,46.67,32.32
2565,330,ฮอดพิทยาคม,ฮอด,ใหญ่,นอกเมือง,สำนักงานคณะกรรมการการศึกษาขั้นพื้นฐาน,สำนักงานเขตพื้นที่การศึกษามัธยมศึกษาเชียงใหม่,159,54.44,23.02,49.35,18.94,58.02,27.94,35.74,14.12,53.88,34.22