ปี,แถว,ชื่อโรงเรียน,อำเภอที่ตั้งรร.,ขนาดโรงเรียน,ที่ตั้งโรงเรียน,สังกัด,เขตพื้นที่ฯ,จำนวนผู้เข้าสอบ,ค 1.1 (Mean),ค 1.1 (S.D.),ค 1.2 (Mean),ค 1.2 (S.D.),ค 1.3 (Mean),ค 1.3 (S.D.),ค 2.1 (Mean),ค 2.1 (S.D.),ค 2.2 (Mean),ค 2.2 (S.D.),ค 3.1 (Mean),ค 3.1 (S.D.),ค 3.2 (Mean),ค 3.2 (S.D.)
2568,1,บ้านขุนแม่รวม,กัลยาณิวัฒนา,เล็ก,นอกเมือง,สำนักงานคณะกรรมการการศึกษาขั้นพื้นฐาน,สพป.เชียงใหม่ เขต 6,14,13.13,15.17,21.43,24.74,19.00,17.59,17.86,23.96,23.07,14.68,25.25,21.87,21.43,41.03
2568,2,บ้านจันทร์,กัลยาณิวัฒนา,เล็ก,นอกเมือง,สำนักงานคณะกรรมการการศึกษาขั้นพื้นฐาน,สพป.เชียงใหม่ เขต 6,15,6.67,13.44,26.67,24.94,11.40,11.61,26.67,35.90,17.73,12.92,31.78,29.20,26.67,44.22
2568,3,บ้านแจ่มหลวง,กัลยาณิวัฒนา,เล็ก,นอกเมือง,สำนักงานคณะกรรมการการศึกษาขั้นพื้นฐาน,สพป.เชียงใหม่ เขต 6,19,20.20,26.78,18.42,29.07,15.00,14.56,44.74,39.39,36.00,21.26,4.65,13.56,57.89,49.37
2568,4,บ้านแม่แดดน้อย,กัลยาณิวัฒนา,เล็ก,นอกเมือง,สำนักงานคณะกรรมการการศึกษาขั้นพื้นฐาน,สพป.เชียงใหม่ เขต 6,15,10.22,14.45,20.00,24.49,21.53,13.64,40.00,37.42,13.93,16.22,24.34,29.24,26.67,44.22
2568,5,บ้านแม่ตะละ,กัลยาณิวัฒนา,เล็ก,นอกเมือง,สำนักงานคณะกรรมการการศึกษาขั้นพื้นฐาน,สพป.เชียงใหม่ เขต 6,3,10.22,14.45,16.67,23.57,6.33,8.96,16.67,23.57,31.67,17.91,0.00,0.00,100.00,0.00
2568,6,บ้านห้วยยา,กัลยาณิวัฒนา,เล็ก,นอกเมือง,สำนักงานคณะกรรมการการศึกษาขั้นพื้นฐาน,สพป.เชียงใหม่ เขต 6,18,8.51,13.73,11.11,20.79,14.78,11.94,27.78,34.25,23.22,19.58,22.09,22.09,27.78,44.79
2568,7,มัธยมกัลยาณิวัฒนาเฉลิมพระเกียรติ,กัลยาณิวัฒนา,กลาง,นอกเมือง,สำนักงานคณะกรรมการการศึกษาขั้นพื้นฐาน,สำนักงานเขตพื้นที่การศึกษามัธยมศึกษาเชียงใหม่,31,27.68,19.62,22.58,30.69,24.52,19.42,50.00,31.11,26.35,17.85,17.48,25.43,51.61,49.97
2568,8,สหมิตรวิทยา,กัลยาณิวัฒนา,กลาง,นอกเมือง,สำนักงานคณะกรรมการส่งเสริมการศึกษาเอกชน,-,20,26.05,22.26,55.00,35.00,26.60,18.42,35.00,27.84,19.00,15.90,7.21,23.36,5.00,21.79
2568,9,สามัคคีสันม่วง,กัลยาณิวัฒนา,เล็ก,นอกเมือง,สำนักงานคณะกรรมการการศึกษาขั้นพื้นฐาน,สพป.เชียงใหม่ เขต 6,28,18.20,20.13,8.93,19.15,20.54,12.65,37.50,34.40,30.46,21.68,49.58,35.59,35.71,47.92
2568,10,จอมทอง,จอมทอง,ใหญ่พิเศษ,นอกเมือง,สำนักงานคณะกรรมการการศึกษาขั้นพื้นฐาน,สำนักงานเขตพื้นที่การศึกษามัธยมศึกษาเชียงใหม่,367,25.18,23.69,31.88,33.51,33.87,23.32,29.84,33.66,24.87,19.87,15.68,25.37,27.79,44.80
2568,11,ไทยรัฐวิทยา 79 (บ้านหนองอาบช้าง),จอมทอง,เล็ก,นอกเมือง,สำนักงานคณะกรรมการการศึกษาขั้นพื้นฐาน,สพป.เชียงใหม่ เขต 6,17,12.62,15.08,32.35,34.05,30.47,23.49,26.47,38.80,21.53,14.40,11.08,20.12,17.65,38.12
2568,12,บ้านขุนกลาง,จอมทอง,กลาง,นอกเมือง,สำนักงานคณะกรรมการการศึกษาขั้นพื้นฐาน,สพป.เชียงใหม่ เขต 6,35,16.64,21.16,35.71,25.56,23.34,17.64,15.71,26.11,16.43,14.52,7.57,16.65,14.29,34.99
2568,13,บ้านขุนแปะ,จอมทอง,เล็ก,นอกเมือง,สำนักงานคณะกรรมการการศึกษาขั้นพื้นฐาน,สพป.เชียงใหม่ เขต 6,18,20.43,17.69,30.56,33.91,27.72,14.72,27.78,24.85,10.56,11.37,14.73,20.83,38.89,48.75
2568,14,บ้านปากทางท่าลี่,จอมทอง,เล็ก,นอกเมือง,สำนักงานคณะกรรมการการศึกษาขั้นพื้นฐาน,สพป.เชียงใหม่ เขต 6,7,8.76,13.84,28.57,36.42,38.00,14.36,50.00,37.80,27.14,17.17,12.62,19.96,14.29,34.99
2568,15,บ้านสบเตี๊ยะ,จอมทอง,กลาง,นอกเมือง,สำนักงานคณะกรรมการการศึกษาขั้นพื้นฐาน,สพป.เชียงใหม่ เขต 6,25,17.16,17.51,48.00,29.93,26.60,16.12,18.00,31.24,13.12,14.32,12.37,19.84,20.00,40.00
2568,16,บ้านห้วยทราย,จอมทอง,เล็ก,นอกเมือง,สำนักงานคณะกรรมการการศึกษาขั้นพื้นฐาน,สพป.เชียงใหม่ เขต 6,17,10.82,14.64,17.65,29.41,20.12,17.81,29.41,29.99,23.76,16.62,13.00,20.13,35.29,47.79
2568,17,บ้านห้วยส้มป่อย,จอมทอง,เล็ก,นอกเมือง,สำนักงานคณะกรรมการการศึกษาขั้นพื้นฐาน,สพป.เชียงใหม่ เขต 6,7,0.00,0.00,14.29,22.59,19.00,17.59,14.29,22.59,29.86,26.59,31.56,19.96,28.57,45.18
2568,18,บ้านใหม่สารภี,จอมทอง,เล็ก,นอกเมือง,สำนักงานคณะกรรมการการศึกษาขั้นพื้นฐาน,สพป.เชียงใหม่ เขต 6,7,8.76,13.84,14.29,22.59,16.29,12.14,0.00,0.00,19.00,10.16,25.25,21.87,42.86,49.49
2568,19,วัดพุทธนิมิตรวิทยา,จอมทอง,เล็ก,นอกเมือง,สำนักงานการศึกษาพระปริยัติธรรม แผนกสามัญศึกษา,สำนักเขตการศึกษาพระปริยัติธรรมฯ เขต  5,22,19.87,17.71,18.18,24.05,20.95,20.21,9.09,19.28,12.32,13.96,8.03,17.04,13.64,34.32
2568,20,สุทธิวงศ์ดำรงวิทย์,จอมทอง,เล็ก,นอกเมือง,สำนักงานคณะกรรมการส่งเสริมการศึกษาเอกชน,-,3,10.22,14.45,66.67,23.57,25.33,17.91,33.33,47.14,12.67,8.96,14.73,20.83,0.00,0.00
2568,21,แกน้อยศึกษา,เชียงดาว,กลาง,นอกเมือง,สำนักงานคณะกรรมการการศึกษาขั้นพื้นฐาน,สพป.เชียงใหม่ เขต 3,19,35.99,15.44,23.68,37.59,47.74,13.71,26.32,29.77,46.42,25.95,60.95,32.89,31.58,46.48
2568,22,เจ้าฟ้าอุบลรัตน์,เชียงดาว,เล็ก,นอกเมือง,สำนักงานคณะกรรมการส่งเสริมการศึกษาเอกชน,-,21,8.76,13.84,45.24,30.49,23.76,18.43,30.95,28.77,26.24,16.03,18.94,21.87,0.00,0.00
2568,23,ชุมชนบ้านเมืองงาย,เชียงดาว,กลาง,นอกเมือง,สำนักงานคณะกรรมการการศึกษาขั้นพื้นฐาน,สพป.เชียงใหม่ เขต 3,47,33.46,27.97,27.66,30.61,34.17,18.01,32.98,36.14,21.83,22.85,16.72,26.66,25.53,43.60
2568,24,ชุมชนบ้านวังจ๊อม,เชียงดาว,กลาง,นอกเมือง,สำนักงานคณะกรรมการการศึกษาขั้นพื้นฐาน,สพป.เชียงใหม่ เขต 3,20,35.24,14.62,22.50,29.47,29.45,20.35,22.50,33.45,27.85,21.31,8.84,17.67,15.00,35.71
2568,25,เชียงดาววิทยาคม,เชียงดาว,ใหญ่,นอกเมือง,สำนักงานคณะกรรมการการศึกษาขั้นพื้นฐาน,สำนักงานเขตพื้นที่การศึกษามัธยมศึกษาเชียงใหม่,37,27.77,20.69,16.22,26.13,36.97,17.08,31.08,31.52,23.11,14.06,15.27,22.23,32.43,46.81
2568,26,ดอยสามหมื่น,เชียงดาว,เล็ก,นอกเมือง,สำนักงานคณะกรรมการการศึกษาขั้นพื้นฐาน,สพป.เชียงใหม่ เขต 3,3,20.43,28.89,33.33,23.57,25.33,8.96,33.33,23.57,6.33,8.96,0.00,0.00,33.33,47.14
2568,27,บ้านเชียงดาว,เชียงดาว,กลาง,นอกเมือง,สำนักงานคณะกรรมการการศึกษาขั้นพื้นฐาน,สพป.เชียงใหม่ เขต 3,59,27.45,29.62,44.07,36.92,37.49,27.20,36.44,31.66,29.25,21.72,22.35,29.99,23.73,42.54
2568,28,บ้านทุ่งข้าวพวง,เชียงดาว,กลาง,นอกเมือง,สำนักงานคณะกรรมการการศึกษาขั้นพื้นฐาน,สพป.เชียงใหม่ เขต 3,35,21.01,19.06,22.86,27.63,28.37,21.08,40.00,35.46,17.37,16.61,10.10,18.55,22.86,41.99
2568,29,บ้านนาหวาย,เชียงดาว,กลาง,นอกเมือง,สำนักงานคณะกรรมการการศึกษาขั้นพื้นฐาน,สพป.เชียงใหม่ เขต 3,44,23.53,20.60,25.00,31.08,26.45,17.26,22.73,31.00,20.73,18.48,21.19,30.69,20.45,40.34
2568,30,บ้านปางเฟือง,เชียงดาว,เล็ก,นอกเมือง,สำนักงานคณะกรรมการการศึกษาขั้นพื้นฐาน,สพป.เชียงใหม่ เขต 3,11,30.65,22.63,22.73,24.90,33.27,18.93,22.73,24.90,20.73,15.06,18.18,24.31,45.45,49.79
2568,31,บ้านปางมะเยา,เชียงดาว,กลาง,นอกเมือง,สำนักงานคณะกรรมการการศึกษาขั้นพื้นฐาน,สพป.เชียงใหม่ เขต 3,19,78.10,29.81,15.79,28.34,31.00,14.07,50.00,36.27,24.00,10.39,9.30,18.01,84.21,36.46
2568,32,บ้านเมืองคอง,เชียงดาว,เล็ก,นอกเมือง,สำนักงานคณะกรรมการการศึกษาขั้นพื้นฐาน,สพป.เชียงใหม่ เขต 3,8,11.49,14.84,6.25,16.54,14.25,12.57,50.00,35.36,21.38,11.39,0.00,0.00,0.00,0.00
2568,33,บ้านเมืองนะ,เชียงดาว,กลาง,นอกเมือง,สำนักงานคณะกรรมการการศึกษาขั้นพื้นฐาน,สพป.เชียงใหม่ เขต 3,34,79.46,21.36,48.53,42.85,67.65,14.27,52.94,20.80,39.38,17.92,18.88,25.71,20.59,40.43
2568,34,บ้านแม่กอนใน,เชียงดาว,เล็ก,นอกเมือง,สำนักงานคณะกรรมการการศึกษาขั้นพื้นฐาน,สพป.เชียงใหม่ เขต 3,7,13.13,15.17,42.86,31.94,21.71,15.83,50.00,37.80,6.14,9.80,6.31,15.46,14.29,34.99
2568,35,บ้านแม่นะ,เชียงดาว,กลาง,นอกเมือง,สำนักงานคณะกรรมการการศึกษาขั้นพื้นฐาน,สพป.เชียงใหม่ เขต 3,26,39.27,21.60,26.92,24.93,29.42,17.20,42.31,33.09,29.23,19.88,12.34,20.45,15.38,36.08
2568,36,บ้านหนองเขียว,เชียงดาว,กลาง,นอกเมือง,สำนักงานคณะกรรมการการศึกษาขั้นพื้นฐาน,สพป.เชียงใหม่ เขต 3,26,42.06,29.24,67.31,33.80,35.81,21.29,40.38,31.07,25.77,17.80,16.99,21.50,38.46,48.65
2568,37,บ้านห้วยจะค่าน ตชด.อนุสรณ์,เชียงดาว,กลาง,นอกเมือง,สำนักงานคณะกรรมการการศึกษาขั้นพื้นฐาน,สพป.เชียงใหม่ เขต 3,16,22.98,17.13,15.63,29.15,13.06,11.08,31.25,29.97,28.25,17.47,8.28,17.25,31.25,46.35
2568,38,พัฒนาต้นน้ำขุนคอง,เชียงดาว,เล็ก,นอกเมือง,สำนักงานคณะกรรมการการศึกษาขั้นพื้นฐาน,สพป.เชียงใหม่ เขต 3,8,30.65,15.32,18.75,24.21,38.00,16.45,37.50,41.46,35.63,24.10,29.07,22.82,37.50,48.41
2568,39,มิตรมวลชนเชียงใหม่,เชียงดาว,กลาง,นอกเมือง,สำนักงานคณะกรรมการการศึกษาขั้นพื้นฐาน,สพป.เชียงใหม่ เขต 3,19,24.62,19.71,31.58,33.29,17.00,14.97,28.95,29.54,18.26,17.99,18.60,21.82,0.00,0.00
2568,40,ราชประชานุเคราะห์ 61 จังหวัดเชียงใหม่,เชียงดาว,กลาง,นอกเมือง,สำนักบริหารงานการศึกษาพิเศษ,-,40,15.32,20.56,30.00,26.93,14.25,16.86,32.50,32.69,20.20,13.43,9.94,18.45,7.50,26.34
2568,41,ศีลรวี,เชียงดาว,กลาง,นอกเมือง,สำนักงานคณะกรรมการส่งเสริมการศึกษาเอกชน,-,55,17.83,19.11,46.36,37.96,26.96,22.82,20.00,29.54,23.60,15.09,5.84,18.04,14.55,35.26
2568,42,อรุโณทัยวิทยาคม,เชียงดาว,ใหญ่,นอกเมือง,สำนักงานคณะกรรมการการศึกษาขั้นพื้นฐาน,สำนักงานเขตพื้นที่การศึกษามัธยมศึกษาเชียงใหม่,152,22.86,23.19,25.66,29.79,21.82,20.03,23.68,26.87,22.86,17.94,14.34,21.95,26.32,44.03
2568,43,อินทารามวิทยา,เชียงดาว,เล็ก,นอกเมือง,สำนักงานการศึกษาพระปริยัติธรรม แผนกสามัญศึกษา,สำนักเขตการศึกษาพระปริยัติธรรมฯ เขต  5,22,10.12,14.90,25.00,29.19,19.86,17.64,20.45,28.84,27.64,20.44,6.03,15.16,27.27,44.54
2568,44,ฉัตรพฤกษ์วิทยา,ไชยปราการ,เล็ก,นอกเมือง,สำนักงานคณะกรรมการส่งเสริมการศึกษาเอกชน,-,9,23.84,24.08,0.00,0.00,15.33,23.47,38.89,20.79,38.00,8.96,4.91,13.89,22.22,41.57
2568,45,ชุมชนวัดศรีดงเย็น,ไชยปราการ,กลาง,นอกเมือง,สำนักงานคณะกรรมการการศึกษาขั้นพื้นฐาน,สพป.เชียงใหม่ เขต 3,29,30.48,29.11,39.66,35.67,36.86,14.10,29.31,36.00,23.10,19.89,14.11,21.14,10.34,30.45
2568,46,ไชยปราการ,ไชยปราการ,กลาง,นอกเมือง,สำนักงานคณะกรรมการการศึกษาขั้นพื้นฐาน,สำนักงานเขตพื้นที่การศึกษามัธยมศึกษาเชียงใหม่,114,20.37,21.09,28.51,30.33,20.64,22.96,27.19,30.45,26.08,19.03,10.08,18.54,18.42,38.77
2568,47,เทศบาล 1 ไชยปราการ,ไชยปราการ,กลาง,นอกเมือง,กรมส่งเสริมการปกครองท้องถิ่น,ท้องถิ่นจังหวัดเชียงใหม่,23,19.99,14.60,52.17,37.53,31.70,24.49,15.22,23.01,33.04,17.01,17.29,21.56,13.04,33.68
2568,48,บ้านปง,ไชยปราการ,เล็ก,นอกเมือง,สำนักงานคณะกรรมการการศึกษาขั้นพื้นฐาน,สพป.เชียงใหม่ เขต 3,8,53.63,13.27,37.50,33.07,41.63,28.84,18.75,24.21,50.63,17.67,16.57,21.39,25.00,43.30
2568,49,บ้านปงตำ,ไชยปราการ,เล็ก,นอกเมือง,สำนักงานคณะกรรมการการศึกษาขั้นพื้นฐาน,สพป.เชียงใหม่ เขต 3,18,15.32,18.42,50.00,37.27,23.22,22.44,19.44,29.53,13.72,16.52,7.36,16.47,22.22,41.57
2568,50,บ้านหัวฝาย,ไชยปราการ,เล็ก,นอกเมือง,สำนักงานคณะกรรมการการศึกษาขั้นพื้นฐาน,สพป.เชียงใหม่ เขต 3,6,10.22,14.45,33.33,37.27,29.33,22.41,16.67,23.57,36.50,22.15,7.36,16.47,33.33,47.14
2568,51,บ้านใหม่หนองบัว,ไชยปราการ,กลาง,นอกเมือง,สำนักงานคณะกรรมการการศึกษาขั้นพื้นฐาน,สพป.เชียงใหม่ เขต 3,47,22.51,20.43,27.66,30.61,28.21,21.26,45.74,33.94,20.53,20.00,12.22,19.77,21.28,40.93
2568,52,บ้านอ่าย,ไชยปราการ,เล็ก,นอกเมือง,สำนักงานคณะกรรมการการศึกษาขั้นพื้นฐาน,สพป.เชียงใหม่ เขต 3,12,30.65,17.69,45.83,32.00,15.83,15.19,25.00,25.00,15.83,17.05,3.68,12.21,0.00,0.00
2568,53,วัดป่าแดง,ไชยปราการ,เล็ก,นอกเมือง,สำนักงานคณะกรรมการการศึกษาขั้นพื้นฐาน,สพป.เชียงใหม่ เขต 3,13,21.22,14.14,30.77,31.25,17.54,15.74,23.08,31.72,24.85,18.83,3.40,11.77,0.00,0.00
2568,54,วัดป่าไม้แดง,ไชยปราการ,เล็ก,นอกเมือง,สำนักงานการศึกษาพระปริยัติธรรม แผนกสามัญศึกษา,สำนักเขตการศึกษาพระปริยัติธรรมฯ เขต  5,10,3.06,9.19,15.00,22.91,13.30,17.10,0.00,0.00,26.60,19.38,4.42,13.26,20.00,40.00
2568,55,สันติวนา,ไชยปราการ,เล็ก,นอกเมือง,สำนักงานคณะกรรมการการศึกษาขั้นพื้นฐาน,สพป.เชียงใหม่ เขต 3,21,29.57,17.75,23.81,29.35,24.43,19.57,14.29,22.59,24.00,13.59,16.83,21.46,14.29,34.99
2568,56,ดอยเต่าวิทยาคม,ดอยเต่า,กลาง,นอกเมือง,สำนักงานคณะกรรมการการศึกษาขั้นพื้นฐาน,สำนักงานเขตพื้นที่การศึกษามัธยมศึกษาเชียงใหม่,105,21.67,21.27,34.76,33.89,36.18,26.54,26.67,30.91,22.41,19.83,15.19,26.04,20.00,40.00
2568,57,บ้านน้อยห้วยรินวิทยา,ดอยเต่า,เล็ก,นอกเมือง,สำนักงานคณะกรรมการการศึกษาขั้นพื้นฐาน,สพป.เชียงใหม่ เขต 5,10,12.26,20.33,25.00,25.00,19.50,19.55,10.00,20.00,32.30,19.09,4.42,13.26,20.00,40.00
2568,58,บ้านบงตัน,ดอยเต่า,เล็ก,นอกเมือง,สำนักงานคณะกรรมการการศึกษาขั้นพื้นฐาน,สพป.เชียงใหม่ เขต 5,17,9.01,13.96,26.47,24.96,14.82,15.81,11.76,21.21,26.82,16.04,13.00,20.13,17.65,38.12
2568,59,บ้านโปง,ดอยเต่า,เล็ก,นอกเมือง,สำนักงานคณะกรรมการการศึกษาขั้นพื้นฐาน,สพป.เชียงใหม่ เขต 5,27,13.38,22.61,18.52,24.15,13.37,17.77,9.26,19.42,21.11,16.62,12.75,25.60,25.93,43.82
2568,60,บ้านแม่ตูบ,ดอยเต่า,เล็ก,นอกเมือง,สำนักงานคณะกรรมการการศึกษาขั้นพื้นฐาน,สพป.เชียงใหม่ เขต 5,7,8.76,13.84,21.43,24.74,41.43,26.77,21.43,24.74,29.86,9.40,18.94,21.87,14.29,34.99
2568,61,บ้านแอ่นจัดสรร,ดอยเต่า,เล็ก,นอกเมือง,สำนักงานคณะกรรมการการศึกษาขั้นพื้นฐาน,สพป.เชียงใหม่ เขต 5,5,12.26,15.01,10.00,20.00,16.20,19.90,10.00,20.00,34.20,14.22,0.00,0.00,0.00,0.00
2568,62,วัดฉิมพลีวิทยา,ดอยเต่า,เล็ก,นอกเมือง,สำนักงานการศึกษาพระปริยัติธรรม แผนกสามัญศึกษา,สำนักเขตการศึกษาพระปริยัติธรรมฯ เขต  5,6,10.22,14.45,16.67,23.57,12.67,14.16,16.67,23.57,25.33,14.16,7.36,16.47,66.67,47.14
2568,63,ชลประทานผาแตก,ดอยสะเก็ด,กลาง,นอกเมือง,สำนักงานคณะกรรมการการศึกษาขั้นพื้นฐาน,สพป.เชียงใหม่ เขต 1,57,23.66,21.49,20.18,27.88,27.33,18.84,42.98,37.97,27.33,18.50,13.79,21.29,24.56,43.05
2568,64,ดอยสะเก็ดวิทยาคม,ดอยสะเก็ด,กลาง,นอกเมือง,สำนักงานคณะกรรมการการศึกษาขั้นพื้นฐาน,สำนักงานเขตพื้นที่การศึกษามัธยมศึกษาเชียงใหม่,91,23.33,21.77,22.53,28.00,26.14,19.90,22.53,30.80,35.40,15.74,12.39,21.51,10.99,31.28
2568,65,บ้านเชิงดอย(ดอยสะเก็ดศึกษา),ดอยสะเก็ด,ใหญ่,นอกเมือง,สำนักงานคณะกรรมการการศึกษาขั้นพื้นฐาน,สพป.เชียงใหม่ เขต 1,72,22.78,25.15,33.33,34.36,30.19,21.58,22.22,28.73,34.25,18.66,10.30,21.09,27.78,44.79
2568,66,บ้านป่าไม้แดง,ดอยสะเก็ด,กลาง,นอกเมือง,สำนักงานคณะกรรมการการศึกษาขั้นพื้นฐาน,สพป.เชียงใหม่ เขต 1,17,24.86,21.86,35.29,28.52,27.18,14.06,29.41,29.99,39.71,14.99,2.60,10.40,11.76,32.22
2568,67,บ้านป่าเสร้า,ดอยสะเก็ด,กลาง,นอกเมือง,สำนักงานคณะกรรมการการศึกษาขั้นพื้นฐาน,สพป.เชียงใหม่ เขต 1,27,35.48,25.33,42.59,35.23,36.67,20.68,22.22,34.25,31.67,16.35,15.16,21.54,14.81,35.52
2568,68,บ้านแม่หวาน,ดอยสะเก็ด,เล็ก,นอกเมือง,สำนักงานคณะกรรมการการศึกษาขั้นพื้นฐาน,สพป.เชียงใหม่ เขต 1,8,59.48,30.96,56.25,29.97,51.25,18.62,31.25,24.21,39.88,23.50,11.05,19.13,87.50,33.07
2568,69,เพื่อชีวิตเชียงใหม่,ดอยสะเก็ด,เล็ก,นอกเมือง,สำนักงานคณะกรรมการส่งเสริมการศึกษาเอกชน,-,8,30.65,15.32,18.75,24.21,29.13,24.57,6.25,16.54,17.25,21.30,5.52,14.61,12.50,33.07
2568,70,แม่คือวิทยา,ดอยสะเก็ด,กลาง,นอกเมือง,สำนักงานคณะกรรมการการศึกษาขั้นพื้นฐาน,สพป.เชียงใหม่ เขต 1,35,20.37,18.04,31.43,26.95,25.86,23.93,17.14,26.57,30.94,15.79,11.69,23.23,22.86,41.99
2568,71,แม่โป่งประชาสามัคคี,ดอยสะเก็ด,เล็ก,นอกเมือง,สำนักงานคณะกรรมการการศึกษาขั้นพื้นฐาน,สพป.เชียงใหม่ เขต 1,19,29.88,24.54,47.37,41.27,24.32,21.59,28.95,29.54,26.00,11.05,6.98,16.11,15.79,36.46
2568,72,ไมตรีจิตคริสเตียนเชียงใหม่,ดอยสะเก็ด,กลาง,นอกเมือง,สำนักงานคณะกรรมการส่งเสริมการศึกษาเอกชน,-,21,21.89,19.25,30.95,32.65,22.62,17.21,21.43,32.99,19.90,17.07,8.42,17.35,9.52,29.35
2568,73,กรป.กลางอุปถัมภ์,ดอยหล่อ,เล็ก,นอกเมือง,สำนักงานคณะกรรมการการศึกษาขั้นพื้นฐาน,สพป.เชียงใหม่ เขต 4,11,65.69,28.88,50.00,36.93,57.64,14.73,4.55,14.37,32.82,19.99,30.44,27.79,45.45,49.79
2568,74,บ้านสามหลัง,ดอยหล่อ,เล็ก,นอกเมือง,สำนักงานคณะกรรมการการศึกษาขั้นพื้นฐาน,สพป.เชียงใหม่ เขต 4,18,15.77,22.09,27.78,38.09,26.39,11.22,25.00,34.36,33.00,24.46,22.09,22.09,50.00,50.00
2568,75,บ้านห้วยน้ำขาว,ดอยหล่อ,เล็ก,นอกเมือง,สำนักงานคณะกรรมการการศึกษาขั้นพื้นฐาน,สพป.เชียงใหม่ เขต 4,2,0.00,0.00,25.00,25.00,40.50,21.50,0.00,0.00,28.50,9.50,22.09,22.09,50.00,50.00
2568,76,บ้านเหล่าเป้า,ดอยหล่อ,เล็ก,นอกเมือง,สำนักงานคณะกรรมการการศึกษาขั้นพื้นฐาน,สพป.เชียงใหม่ เขต 4,6,10.22,14.45,16.67,23.57,15.83,7.08,41.67,34.36,22.17,17.05,14.73,20.83,16.67,37.27
2568,77,วัดโขงขาววิทยา,ดอยหล่อ,เล็ก,นอกเมือง,สำนักงานการศึกษาพระปริยัติธรรม แผนกสามัญศึกษา,สำนักเขตการศึกษาพระปริยัติธรรมฯ เขต  5,17,9.01,17.48,23.53,30.28,21.24,14.40,52.94,36.26,27.12,16.29,10.40,18.74,17.65,38.12
2568,78,สองแคววิทยาคม,ดอยหล่อ,กลาง,นอกเมือง,สำนักงานคณะกรรมการการศึกษาขั้นพื้นฐาน,สำนักงานเขตพื้นที่การศึกษามัธยมศึกษาเชียงใหม่,87,24.05,22.18,26.44,29.20,21.63,19.52,17.24,26.07,24.34,17.19,17.27,21.56,21.84,41.32
2568,79,สันติสุข,ดอยหล่อ,กลาง,นอกเมือง,สำนักงานคณะกรรมการการศึกษาขั้นพื้นฐาน,สำนักงานเขตพื้นที่การศึกษามัธยมศึกษาเชียงใหม่,32,16.28,18.74,28.13,37.37,26.44,22.25,23.44,27.91,25.72,19.71,19.33,21.92,12.50,33.07
2568,80,เจ้าแม่หลวงอุปถัมภ์ 1,ฝาง,กลาง,นอกเมือง,สำนักงานคณะกรรมการการศึกษาขั้นพื้นฐาน,สพป.เชียงใหม่ เขต 3,20,23.39,19.95,17.50,23.85,24.70,13.57,52.50,40.23,28.50,17.52,13.26,20.25,40.00,48.99
2568,81,ฉือจี้เชียงใหม่,ฝาง,กลาง,นอกเมือง,สำนักงานคณะกรรมการส่งเสริมการศึกษาเอกชน,-,96,20.19,21.31,36.46,34.22,41.30,22.28,18.75,30.83,30.95,23.00,25.82,29.80,37.50,48.41
2568,82,ชุมชนบ้านแม่สูนหลวง,ฝาง,เล็ก,นอกเมือง,สำนักงานคณะกรรมการการศึกษาขั้นพื้นฐาน,สพป.เชียงใหม่ เขต 3,4,15.32,15.32,12.50,21.65,42.75,15.75,25.00,25.00,14.25,15.75,22.09,22.09,25.00,43.30
2568,83,เทพศิรินทร์๙โครงการหลวงในพระบรมราชูปถัมภ์,ฝาง,เล็ก,นอกเมือง,สำนักงานคณะกรรมการการศึกษาขั้นพื้นฐาน,สพป.เชียงใหม่ เขต 3,16,52.02,23.97,9.38,19.52,51.56,16.75,28.13,24.80,21.38,18.85,68.17,33.03,25.00,43.30
2568,84,บ้านต้นผึ้ง,ฝาง,เล็ก,นอกเมือง,สำนักงานคณะกรรมการการศึกษาขั้นพื้นฐาน,สพป.เชียงใหม่ เขต 3,24,23.32,19.00,29.17,32.00,33.67,22.24,29.17,32.00,19.00,14.51,14.73,20.83,20.83,40.61
2568,85,บ้านทุ่งหลุก,ฝาง,เล็ก,นอกเมือง,สำนักงานคณะกรรมการการศึกษาขั้นพื้นฐาน,สพป.เชียงใหม่ เขต 3,17,11.29,25.03,32.35,23.89,34.12,24.82,5.88,16.11,20.71,17.91,11.08,20.12,23.53,42.42
2568,86,บ้านปางปอย,ฝาง,กลาง,นอกเมือง,สำนักงานคณะกรรมการการศึกษาขั้นพื้นฐาน,สพป.เชียงใหม่ เขต 3,14,13.13,22.32,35.71,29.45,24.79,20.53,17.86,23.96,18.36,20.75,3.16,11.38,28.57,45.18
2568,87,บ้านปางสัก,ฝาง,เล็ก,นอกเมือง,สำนักงานคณะกรรมการการศึกษาขั้นพื้นฐาน,สพป.เชียงใหม่ เขต 3,8,90.32,16.76,50.00,25.00,45.13,25.02,31.25,34.80,35.63,14.83,94.48,14.61,87.50,33.07
2568,88,บ้านโป่งนก,ฝาง,กลาง,นอกเมือง,สำนักงานคณะกรรมการการศึกษาขั้นพื้นฐาน,สพป.เชียงใหม่ เขต 3,31,13.84,18.81,20.97,30.52,23.29,19.13,24.19,30.77,20.55,15.83,8.55,17.46,22.58,41.81
2568,89,บ้านม่วงชุม,ฝาง,กลาง,นอกเมือง,สำนักงานคณะกรรมการการศึกษาขั้นพื้นฐาน,สพป.เชียงใหม่ เขต 3,33,19.06,22.30,28.79,27.61,31.39,20.68,25.76,24.99,18.73,18.45,5.36,14.42,21.21,40.88
2568,90,บ้านม่อนปิ่น,ฝาง,กลาง,นอกเมือง,สำนักงานคณะกรรมการการศึกษาขั้นพื้นฐาน,สพป.เชียงใหม่ เขต 3,15,41.94,30.86,36.67,28.67,39.27,12.92,26.67,30.91,29.13,15.31,11.78,19.54,20.00,40.00
2568,91,บ้านแม่ข่า,ฝาง,กลาง,นอกเมือง,สำนักงานคณะกรรมการการศึกษาขั้นพื้นฐาน,สพป.เชียงใหม่ เขต 3,36,62.50,30.91,19.44,27.07,34.31,19.43,29.17,34.11,27.58,15.75,46.71,33.45,19.44,39.58
2568,92,บ้านแม่คะ,ฝาง,กลาง,นอกเมือง,สำนักงานคณะกรรมการการศึกษาขั้นพื้นฐาน,สพป.เชียงใหม่ เขต 3,10,6.13,12.26,35.00,32.02,20.90,15.78,20.00,33.17,34.70,21.51,23.26,32.32,0.00,0.00
2568,93,บ้านแม่งอนขี้เหล็ก,ฝาง,กลาง,นอกเมือง,กรมส่งเสริมการปกครองท้องถิ่น,ท้องถิ่นจังหวัดเชียงใหม่,44,16.02,20.13,22.73,31.00,19.23,18.59,31.82,33.86,34.11,14.37,7.29,16.85,15.91,36.58
2568,94,บ้านล้องอ้อ,ฝาง,เล็ก,นอกเมือง,กรมส่งเสริมการปกครองท้องถิ่น,ท้องถิ่นจังหวัดเชียงใหม่,12,15.32,15.32,25.00,32.27,21.08,16.69,12.50,21.65,33.25,11.31,7.36,16.47,25.00,43.30
2568,95,บ้านเวียงฝาง,ฝาง,ใหญ่,นอกเมือง,สำนักงานคณะกรรมการการศึกษาขั้นพื้นฐาน,สพป.เชียงใหม่ เขต 3,77,21.20,22.44,36.36,32.87,22.83,18.71,29.22,30.53,24.81,17.11,15.07,22.61,22.08,41.48
2568,96,บ้านสันทรายคองน้อย,ฝาง,กลาง,นอกเมือง,สำนักงานคณะกรรมการการศึกษาขั้นพื้นฐาน,สพป.เชียงใหม่ เขต 3,5,36.77,22.93,80.00,24.49,26.60,19.38,40.00,20.00,22.80,14.22,35.35,17.67,40.00,48.99
2568,97,บ้านสันป่าแดง,ฝาง,เล็ก,นอกเมือง,สำนักงานคณะกรรมการการศึกษาขั้นพื้นฐาน,สพป.เชียงใหม่ เขต 3,6,37.10,22.83,33.33,23.57,34.83,20.28,41.67,34.36,28.50,9.50,14.73,20.83,66.67,47.14
2568,98,บ้านหลวง,ฝาง,กลาง,นอกเมือง,สำนักงานคณะกรรมการการศึกษาขั้นพื้นฐาน,สพป.เชียงใหม่ เขต 3,23,45.51,27.62,19.57,24.40,27.57,23.33,28.26,28.84,24.83,21.05,30.43,32.33,47.83,49.95
2568,99,บ้านห้วยงูกลาง,ฝาง,เล็ก,นอกเมือง,สำนักงานคณะกรรมการการศึกษาขั้นพื้นฐาน,สพป.เชียงใหม่ เขต 3,11,40.47,24.55,40.91,41.66,31.55,25.86,27.27,24.90,19.00,14.03,16.07,21.26,36.36,48.10
2568,100,บ้านห้วยหมากเลี่ยม,ฝาง,กลาง,นอกเมือง,สำนักงานคณะกรรมการการศึกษาขั้นพื้นฐาน,สพป.เชียงใหม่ เขต 3,20,26.85,25.05,30.00,24.49,16.15,16.21,27.50,33.45,22.10,15.04,2.21,9.63,0.00,0.00
2568,101,บ้านห้วยเฮี่ยน,ฝาง,เล็ก,นอกเมือง,สำนักงานคณะกรรมการการศึกษาขั้นพื้นฐาน,สพป.เชียงใหม่ เขต 3,13,14.14,15.28,34.62,41.07,13.15,11.51,26.92,24.93,14.62,19.93,3.40,11.77,0.00,0.00
2568,102,บ้านเหมืองแร่,ฝาง,กลาง,นอกเมือง,สำนักงานคณะกรรมการการศึกษาขั้นพื้นฐาน,สพป.เชียงใหม่ เขต 3,11,16.72,15.26,45.45,33.40,17.27,18.92,27.27,32.78,26.36,22.15,16.07,21.26,27.27,44.54
2568,103,ฝางชนูปถัมภ์,ฝาง,ใหญ่,นอกเมือง,สำนักงานคณะกรรมการการศึกษาขั้นพื้นฐาน,สำนักงานเขตพื้นที่การศึกษามัธยมศึกษาเชียงใหม่,235,21.52,21.53,24.47,29.67,21.45,21.26,18.09,26.95,25.54,20.23,12.51,21.07,19.15,39.35
2568,104,ฝางธรรมศึกษา,ฝาง,เล็ก,นอกเมือง,สำนักงานการศึกษาพระปริยัติธรรม แผนกสามัญศึกษา,สำนักเขตการศึกษาพระปริยัติธรรมฯ เขต  5,14,17.51,15.17,17.86,23.96,24.43,13.30,25.00,25.00,14.93,12.80,6.31,15.46,50.00,50.00
2568,105,รังษีวิทยา,ฝาง,ใหญ่พิเศษ,นอกเมือง,สำนักงานคณะกรรมการส่งเสริมการศึกษาเอกชน,-,190,24.58,29.76,30.53,29.73,34.59,28.52,13.16,23.18,31.80,20.77,20.17,29.28,54.21,49.82
2568,106,รัตนาเอื้อวิทยา,ฝาง,ใหญ่,นอกเมือง,สำนักงานคณะกรรมการส่งเสริมการศึกษาเอกชน,-,93,14.85,20.00,23.66,28.95,25.91,22.94,18.82,25.31,30.86,18.08,10.70,20.62,38.71,48.71
2568,107,วัดเจดีย์งามปริยัติวิทยา,ฝาง,เล็ก,นอกเมือง,สำนักงานการศึกษาพระปริยัติธรรม แผนกสามัญศึกษา,สำนักเขตการศึกษาพระปริยัติธรรมฯ เขต  5,16,19.15,18.37,15.63,29.15,8.31,9.43,15.63,23.18,19.31,13.92,11.05,19.13,6.25,24.21
2568,108,วัดนันทาราม,ฝาง,กลาง,นอกเมือง,สำนักงานคณะกรรมการการศึกษาขั้นพื้นฐาน,สพป.เชียงใหม่ เขต 3,7,13.13,15.17,14.29,22.59,21.71,15.83,14.29,22.59,24.43,16.73,18.94,21.87,14.29,34.99
2568,109,วัดพระบาทอุดม,ฝาง,เล็ก,นอกเมือง,สำนักงานการศึกษาพระปริยัติธรรม แผนกสามัญศึกษา,สำนักเขตการศึกษาพระปริยัติธรรมฯ เขต  5,14,40.55,28.05,32.14,30.51,38.71,26.26,28.57,31.13,31.29,22.17,15.78,21.17,21.43,41.03
2568,110,สายอักษร,ฝาง,กลาง,นอกเมือง,สำนักงานคณะกรรมการส่งเสริมการศึกษาเอกชน,-,30,21.99,24.89,31.67,35.32,37.13,25.81,13.33,22.11,33.10,18.86,13.26,20.25,16.67,37.27
2568,111,เขื่อนผากวิทยา,พร้าว,เล็ก,นอกเมือง,สำนักงานการศึกษาพระปริยัติธรรม แผนกสามัญศึกษา,สำนักเขตการศึกษาพระปริยัติธรรมฯ เขต  5,10,34.52,23.66,25.00,25.00,40.40,24.00,45.00,41.53,22.80,14.22,13.26,20.25,10.00,30.00
2568,112,ชุมชนบ้านโป่ง,พร้าว,เล็ก,นอกเมือง,สำนักงานคณะกรรมการการศึกษาขั้นพื้นฐาน,สพป.เชียงใหม่ เขต 2,5,27.74,26.08,10.00,20.00,42.80,23.74,30.00,24.49,19.00,12.02,0.00,0.00,40.00,48.99
2568,113,บ้านนาบุญโหล่งขอด,พร้าว,เล็ก,นอกเมือง,สำนักงานคณะกรรมการการศึกษาขั้นพื้นฐาน,สพป.เชียงใหม่ เขต 2,15,22.47,23.65,46.67,38.59,35.80,17.92,43.33,35.90,22.20,22.91,5.89,15.02,13.33,33.99
2568,114,บ้านแม่ปั๋ง,พร้าว,เล็ก,นอกเมือง,สำนักงานคณะกรรมการการศึกษาขั้นพื้นฐาน,สพป.เชียงใหม่ เขต 2,17,11.29,19.40,26.47,30.28,37.47,24.91,23.53,24.96,22.65,17.83,19.56,23.62,23.53,42.42
2568,115,บ้านแม่ปาคี,พร้าว,เล็ก,นอกเมือง,สำนักงานคณะกรรมการการศึกษาขั้นพื้นฐาน,สพป.เชียงใหม่ เขต 2,8,27.82,20.35,56.25,29.97,7.13,9.20,37.50,41.46,23.75,15.75,5.52,14.61,0.00,0.00
2568,116,บ้านแม่เหียะ,พร้าว,เล็ก,นอกเมือง,สำนักงานคณะกรรมการการศึกษาขั้นพื้นฐาน,สพป.เชียงใหม่ เขต 2,14,23.04,29.37,25.00,31.34,27.86,15.75,21.43,24.74,14.93,12.80,3.16,11.38,28.57,45.18
2568,117,บ้านสันกลาง,พร้าว,เล็ก,นอกเมือง,สำนักงานคณะกรรมการการศึกษาขั้นพื้นฐาน,สพป.เชียงใหม่ เขต 2,5,26.13,25.59,60.00,37.42,15.20,7.60,20.00,24.49,11.40,9.31,17.67,21.65,0.00,0.00
2568,118,บ้านสันปง,พร้าว,เล็ก,นอกเมือง,สำนักงานคณะกรรมการการศึกษาขั้นพื้นฐาน,สพป.เชียงใหม่ เขต 2,6,20.43,14.45,33.33,37.27,23.00,8.94,25.00,25.00,25.33,14.16,7.36,16.47,0.00,0.00
2568,119,บ้านหนองปิด,พร้าว,เล็ก,นอกเมือง,สำนักงานคณะกรรมการการศึกษาขั้นพื้นฐาน,สพป.เชียงใหม่ เขต 2,8,47.98,23.31,37.50,21.65,16.63,14.83,25.00,25.00,16.63,14.83,12.50,33.07,12.50,33.07
2568,120,พร้าวบูรพา,พร้าว,เล็ก,นอกเมือง,สำนักงานคณะกรรมการการศึกษาขั้นพื้นฐาน,สพป.เชียงใหม่ เขต 2,5,12.26,15.01,10.00,20.00,15.20,14.22,20.00,24.49,7.60,9.31,26.51,21.65,0.00,0.00
2568,121,พร้าววิทยาคม,พร้าว,ใหญ่,นอกเมือง,สำนักงานคณะกรรมการการศึกษาขั้นพื้นฐาน,สำนักงานเขตพื้นที่การศึกษามัธยมศึกษาเชียงใหม่,156,27.95,26.69,21.79,27.26,33.52,22.41,32.05,32.00,28.79,18.92,16.88,25.99,44.23,49.67
2568,122,สหกรณ์ดำริ,พร้าว,เล็ก,นอกเมือง,สำนักงานคณะกรรมการการศึกษาขั้นพื้นฐาน,สพป.เชียงใหม่ เขต 2,4,15.32,15.32,50.00,35.36,28.50,9.50,50.00,35.36,4.75,8.23,22.09,22.09,25.00,43.30
2568,123,กสิณธร เซนต์เจมส์ เชียงใหม่,เมืองเชียงใหม่,เล็ก,ในเมือง,สำนักงานคณะกรรมการส่งเสริมการศึกษาเอกชน,-,9,45.16,21.85,33.33,33.33,35.89,20.90,16.67,23.57,42.33,11.57,9.82,18.37,0.00,0.00
2568,124,กาวิละวิทยาลัย,เมืองเชียงใหม่,ใหญ่,ในเมือง,สำนักงานคณะกรรมการการศึกษาขั้นพื้นฐาน,สำนักงานเขตพื้นที่การศึกษามัธยมศึกษาเชียงใหม่,211,26.05,24.26,29.62,30.58,24.87,21.25,22.27,30.03,23.10,18.97,17.50,23.57,18.01,38.43
2568,125,โกวิทธำรงเชียงใหม่,เมืองเชียงใหม่,ใหญ่,ในเมือง,สำนักงานคณะกรรมการส่งเสริมการศึกษาเอกชน,-,133,20.82,23.27,36.47,35.82,30.66,22.36,25.19,32.23,24.83,21.60,14.99,22.67,18.80,39.07
2568,126,จิตราวิทยา,เมืองเชียงใหม่,ใหญ่,ในเมือง,สำนักงานคณะกรรมการส่งเสริมการศึกษาเอกชน,-,70,24.75,24.60,34.29,32.23,26.43,21.94,22.14,26.23,25.47,20.40,19.10,22.10,22.86,41.99
2568,127,ชุมชนบ้านบวกครกน้อย,เมืองเชียงใหม่,กลาง,ในเมือง,สำนักงานคณะกรรมการการศึกษาขั้นพื้นฐาน,สพป.เชียงใหม่ เขต 1,32,36.64,20.87,25.00,33.07,33.31,28.87,28.13,30.46,36.22,16.70,15.26,28.82,12.50,33.07
2568,128,ชุมชนวัดท่าเดื่อ,เมืองเชียงใหม่,เล็ก,ในเมือง,สำนักงานคณะกรรมการการศึกษาขั้นพื้นฐาน,สพป.เชียงใหม่ เขต 1,43,15.87,19.89,25.58,31.20,27.91,20.13,20.93,29.00,29.16,14.97,14.66,21.16,30.23,45.93
2568,129,เชตุพนศึกษา,เมืองเชียงใหม่,เล็ก,ในเมือง,สำนักงานการศึกษาพระปริยัติธรรม แผนกสามัญศึกษา,สำนักเขตการศึกษาพระปริยัติธรรมฯ เขต  5,44,10.45,18.41,14.77,25.18,19.86,14.58,30.68,35.70,22.89,15.99,12.05,19.68,31.82,46.58
2568,130,เชียงใหม่คริสเตียน,เมืองเชียงใหม่,ใหญ่,ในเมือง,สำนักงานคณะกรรมการส่งเสริมการศึกษาเอกชน,-,75,23.10,22.43,26.67,29.81,28.85,22.22,33.33,33.00,41.36,16.68,13.30,21.51,21.33,40.97
2568,131,ดาราวิทยาลัย,เมืองเชียงใหม่,ใหญ่พิเศษ,ในเมือง,สำนักงานคณะกรรมการส่งเสริมการศึกษาเอกชน,-,329,35.00,29.13,34.04,33.02,38.73,27.85,25.38,32.17,34.72,24.03,25.36,32.91,36.78,48.22
2568,132,เทพบดินทร์วิทยาเชียงใหม่,เมืองเชียงใหม่,ใหญ่,ในเมือง,สำนักงานคณะกรรมการส่งเสริมการศึกษาเอกชน,-,163,23.06,22.37,35.89,33.47,26.15,21.21,22.09,30.39,19.65,19.57,10.44,18.98,17.18,37.72
2568,133,เทศบาลวัดท่าสะต๋อย,เมืองเชียงใหม่,กลาง,ในเมือง,กรมส่งเสริมการปกครองท้องถิ่น,ท้องถิ่นจังหวัดเชียงใหม่,51,23.59,25.18,34.31,34.99,35.69,21.13,17.65,25.86,19.67,17.39,11.31,24.82,23.53,42.42
2568,134,เทศบาลวัดศรีปิงเมือง,เมืองเชียงใหม่,กลาง,ในเมือง,กรมส่งเสริมการปกครองท้องถิ่น,ท้องถิ่นจังหวัดเชียงใหม่,31,28.20,24.93,35.48,34.06,34.19,24.75,32.26,27.09,27.16,25.05,13.95,28.34,22.58,41.81
2568,135,ธรรมเมธีศึกษา,เมืองเชียงใหม่,เล็ก,ในเมือง,สำนักงานการศึกษาพระปริยัติธรรม แผนกสามัญศึกษา,สำนักเขตการศึกษาพระปริยัติธรรมฯ เขต  5,9,17.03,15.23,38.89,39.28,26.44,13.11,38.89,31.43,29.56,15.80,19.64,21.96,22.22,41.57
2568,136,ธรรมราชศึกษา,เมืองเชียงใหม่,กลาง,ในเมือง,สำนักงานคณะกรรมการส่งเสริมการศึกษาเอกชน,-,135,18.29,21.44,34.81,31.78,25.84,19.08,22.96,32.07,21.27,18.16,8.44,17.78,9.63,29.50
2568,137,บ้านดอนปิน,เมืองเชียงใหม่,กลาง,ในเมือง,สำนักงานคณะกรรมการการศึกษาขั้นพื้นฐาน,สพป.เชียงใหม่ เขต 1,32,25.91,26.62,34.38,34.09,23.22,26.19,25.00,30.62,29.25,15.32,11.05,19.13,40.63,49.11
2568,138,บ้านโป่งน้อย,เมืองเชียงใหม่,กลาง,ในเมือง,สำนักงานคณะกรรมการการศึกษาขั้นพื้นฐาน,สพป.เชียงใหม่ เขต 1,18,49.19,27.89,25.00,30.05,46.56,28.38,44.44,40.45,45.28,25.09,25.19,22.68,55.56,49.69
2568,139,ปรินส์รอยแยลส์วิทยาลัย,เมืองเชียงใหม่,ใหญ่พิเศษ,ในเมือง,สำนักงานคณะกรรมการส่งเสริมการศึกษาเอกชน,-,544,52.38,33.91,48.81,36.42,62.93,28.69,37.13,36.63,52.22,29.44,43.51,39.50,57.90,49.37
2568,140,พระหฤทัยเชียงใหม่,เมืองเชียงใหม่,ใหญ่,ในเมือง,สำนักงานคณะกรรมการส่งเสริมการศึกษาเอกชน,-,88,27.11,28.03,32.95,32.76,30.53,25.49,32.39,30.19,36.44,16.91,16.25,26.24,19.32,39.48
2568,141,พิงครัตน์,เมืองเชียงใหม่,เล็ก,ในเมือง,สำนักงานคณะกรรมการส่งเสริมการศึกษาเอกชน,-,2,0.00,0.00,50.00,0.00,9.50,9.50,25.00,25.00,28.50,9.50,0.00,0.00,0.00,0.00
2568,142,มงฟอร์ตวิทยาลัย แผนกมัธยม,เมืองเชียงใหม่,ใหญ่พิเศษ,ในเมือง,สำนักงานคณะกรรมการส่งเสริมการศึกษาเอกชน,-,126,75.18,32.34,65.48,38.56,79.17,25.44,40.87,40.53,68.95,23.92,56.09,40.75,68.25,46.55
2568,143,เมตตาศึกษา,เมืองเชียงใหม่,กลาง,ในเมือง,สำนักงานคณะกรรมการส่งเสริมการศึกษาเอกชน,-,58,19.55,20.28,26.72,31.09,20.66,19.25,15.52,26.60,28.53,19.05,9.14,17.90,27.59,44.69
2568,144,ยุพราชวิทยาลัย,เมืองเชียงใหม่,ใหญ่พิเศษ,ในเมือง,สำนักงานคณะกรรมการการศึกษาขั้นพื้นฐาน,สำนักงานเขตพื้นที่การศึกษามัธยมศึกษาเชียงใหม่,550,40.07,29.55,42.64,34.84,51.74,28.49,40.27,38.62,49.75,24.71,37.00,36.55,51.27,49.98
2568,145,ยุวฑูตศึกษาพัฒนาราชพฤกษ์,เมืองเชียงใหม่,กลาง,ในเมือง,สำนักงานคณะกรรมการส่งเสริมการศึกษาเอกชน,-,21,48.92,23.90,21.43,29.16,35.81,23.92,23.81,24.97,41.48,22.51,26.36,23.06,23.81,42.59
2568,146,เรยีนาเชลีวิทยาลัย,เมืองเชียงใหม่,ใหญ่,ในเมือง,สำนักงานคณะกรรมการส่งเสริมการศึกษาเอกชน,-,125,30.86,27.70,44.80,35.11,41.44,25.77,30.80,34.52,40.22,25.82,38.62,32.69,47.20,49.92
2568,147,วชิรวิทย์ เชียงใหม่,เมืองเชียงใหม่,กลาง,ในเมือง,สำนักงานคณะกรรมการส่งเสริมการศึกษาเอกชน,-,54,25.84,20.57,37.96,31.82,35.57,26.05,27.78,29.92,23.76,17.41,19.47,28.13,25.93,43.82
2568,148,วัฒโนทัยพายัพ,เมืองเชียงใหม่,ใหญ่พิเศษ,ในเมือง,สำนักงานคณะกรรมการการศึกษาขั้นพื้นฐาน,สำนักงานเขตพื้นที่การศึกษามัธยมศึกษาเชียงใหม่,464,30.80,28.28,38.15,34.42,39.31,25.79,28.34,32.66,37.39,18.89,17.82,24.24,31.68,46.52
2568,149,วัดช่างเคี่ยน,เมืองเชียงใหม่,กลาง,ในเมือง,สำนักงานคณะกรรมการการศึกษาขั้นพื้นฐาน,สพป.เชียงใหม่ เขต 1,16,27.32,18.58,18.75,29.97,19.63,14.39,28.13,30.46,24.94,14.59,14.53,21.71,31.25,46.35
2568,150,วัดดอนจั่น,เมืองเชียงใหม่,กลาง,ในเมือง,สำนักงานคณะกรรมการการศึกษาขั้นพื้นฐาน,สพป.เชียงใหม่ เขต 1,30,14.57,20.80,26.67,24.94,24.57,18.92,28.33,30.78,27.23,18.15,10.31,18.69,16.67,37.27
2568,151,วัดวังสิงห์คำ,เมืองเชียงใหม่,กลาง,ในเมือง,สำนักงานคณะกรรมการการศึกษาขั้นพื้นฐาน,สพป.เชียงใหม่ เขต 1,19,24.62,26.67,28.95,29.54,31.11,26.94,39.47,34.71,36.26,15.69,21.54,27.96,36.84,48.24
2568,152,วารีเชียงใหม่,เมืองเชียงใหม่,ใหญ่พิเศษ,ในเมือง,สำนักงานคณะกรรมการส่งเสริมการศึกษาเอกชน,-,173,30.82,27.95,42.20,33.31,44.26,28.56,32.66,36.30,34.94,26.99,27.11,30.82,27.17,44.48
2568,153,วิชัยวิทยา,เมืองเชียงใหม่,กลาง,ในเมือง,สำนักงานคณะกรรมการส่งเสริมการศึกษาเอกชน,-,8,27.82,29.73,12.50,21.65,30.88,16.28,50.00,35.36,44.00,20.06,27.62,21.39,75.00,43.30
2568,154,วิทยาลัยนาฎศิลปเชียงใหม่,เมืองเชียงใหม่,กลาง,ในเมือง,สถาบันบัณฑิตพัฒนศิลป์ (ปวช.),-,37,20.92,21.89,28.38,29.73,25.49,17.57,20.27,29.54,29.78,16.84,15.84,21.60,40.54,49.10
2568,155,สมเด็จพระพุทธชินวงศ์,เมืองเชียงใหม่,กลาง,ในเมือง,สำนักงานการศึกษาพระปริยัติธรรม แผนกสามัญศึกษา,สำนักเขตการศึกษาพระปริยัติธรรมฯ เขต  5,21,20.43,19.69,9.52,24.97,17.19,18.45,35.71,31.41,20.81,19.36,14.73,20.83,33.33,47.14
2568,156,สอนคนตาบอดภาคเหนือ,เมืองเชียงใหม่,เล็ก,ในเมือง,สำนักบริหารงานการศึกษาพิเศษ,-,0,-,-,-,-,-,-,-,-,-,-,-,-,-,-
2568,157,สังวาลย์วิทยา,เมืองเชียงใหม่,เล็ก,ในเมือง,สำนักงานคณะกรรมการการศึกษาขั้นพื้นฐาน,สพป.เชียงใหม่ เขต 1,17,18.03,18.38,26.47,24.96,20.71,17.60,14.71,22.78,23.47,17.88,45.14,41.85,17.65,38.12
2568,158,สาธิตมหาวิทยาลัยเชียงใหม่,เมืองเชียงใหม่,ใหญ่,ในเมือง,สำนักงานปลัดกระทรวงการอุดมศึกษาฯ,-,205,60.81,35.27,52.93,39.40,65.10,29.44,38.78,38.84,59.17,27.70,40.19,39.97,50.73,49.99
2568,159,สามัคคีวิทยาทาน,เมืองเชียงใหม่,เล็ก,ในเมือง,สำนักงานการศึกษาพระปริยัติธรรม แผนกสามัญศึกษา,สำนักเขตการศึกษาพระปริยัติธรรมฯ เขต  5,30,7.15,17.12,20.00,27.69,17.73,15.46,31.67,37.60,26.30,16.72,13.26,20.25,30.00,45.83
2568,160,สารสาสน์วิเทศเชียงใหม่,เมืองเชียงใหม่,ใหญ่,ในเมือง,สำนักงานคณะกรรมการส่งเสริมการศึกษาเอกชน,-,58,28.20,23.24,34.48,31.08,38.34,23.40,24.14,31.13,33.45,24.01,13.35,22.78,18.97,39.20
2568,161,สารสาสน์วิเทศล้านนา,เมืองเชียงใหม่,ใหญ่,ในเมือง,สำนักงานคณะกรรมการส่งเสริมการศึกษาเอกชน,-,33,35.53,24.61,28.79,34.88,39.33,23.83,16.67,29.30,33.79,27.41,13.74,24.24,24.24,42.85
2568,162,โสตศึกษาอนุสารสุนทร,เมืองเชียงใหม่,เล็ก,ในเมือง,สำนักบริหารงานการศึกษาพิเศษ,-,0,-,-,-,-,-,-,-,-,-,-,-,-,-,-
2568,163,หอพระ,เมืองเชียงใหม่,กลาง,ในเมือง,สำนักงานคณะกรรมการการศึกษาขั้นพื้นฐาน,สำนักงานเขตพื้นที่การศึกษามัธยมศึกษาเชียงใหม่,80,21.65,19.47,20.00,28.06,28.98,18.27,38.75,31.60,27.08,18.46,10.64,19.11,28.75,45.26
2568,164,อนุบาลหนองป่าครั่ง,เมืองเชียงใหม่,เล็ก,ในเมือง,กรมส่งเสริมการปกครองท้องถิ่น,ท้องถิ่นจังหวัดเชียงใหม่,10,49.84,14.20,30.00,24.49,36.60,22.11,35.00,22.91,26.20,18.37,10.00,20.17,10.00,30.00
2568,165,อภัยอริยศึกษา,เมืองเชียงใหม่,เล็ก,ในเมือง,สำนักงานการศึกษาพระปริยัติธรรม แผนกสามัญศึกษา,สำนักเขตการศึกษาพระปริยัติธรรมฯ เขต  5,5,6.13,12.26,30.00,40.00,26.60,19.38,40.00,20.00,30.40,15.20,8.84,17.67,40.00,48.99
2568,166,เซนต์โยเซฟแม่แจ่ม,แม่แจ่ม,กลาง,นอกเมือง,สำนักงานคณะกรรมการส่งเสริมการศึกษาเอกชน,-,31,37.10,23.23,58.06,31.36,19.61,20.18,24.19,33.29,19.00,14.48,8.55,17.46,0.00,0.00
2568,167,บ้านกองแขก,แม่แจ่ม,เล็ก,นอกเมือง,สำนักงานคณะกรรมการการศึกษาขั้นพื้นฐาน,สพป.เชียงใหม่ เขต 6,13,28.29,18.86,15.38,23.08,41.31,22.80,38.46,34.83,15.00,17.49,0.00,0.00,30.77,46.15
2568,168,บ้านขุนแม่หยอด,แม่แจ่ม,เล็ก,นอกเมือง,สำนักงานคณะกรรมการการศึกษาขั้นพื้นฐาน,สพป.เชียงใหม่ เขต 6,8,30.65,21.67,50.00,35.36,30.88,18.85,12.50,21.65,14.25,12.57,11.05,19.13,12.50,33.07
2568,169,บ้านทุ่งแก,แม่แจ่ม,เล็ก,นอกเมือง,สำนักงานคณะกรรมการการศึกษาขั้นพื้นฐาน,สพป.เชียงใหม่ เขต 6,11,19.50,14.74,31.82,38.57,20.73,17.10,27.27,39.10,32.82,11.71,8.03,17.04,36.36,48.10
2568,170,บ้านปางหินฝน,แม่แจ่ม,เล็ก,นอกเมือง,สำนักงานคณะกรรมการการศึกษาขั้นพื้นฐาน,สพป.เชียงใหม่ เขต 6,13,18.86,19.15,46.15,36.49,26.31,11.87,19.23,24.33,20.85,17.85,10.20,18.62,30.77,46.15
2568,171,บ้านปางอุ๋ง,แม่แจ่ม,กลาง,นอกเมือง,สำนักงานคณะกรรมการการศึกษาขั้นพื้นฐาน,สพป.เชียงใหม่ เขต 6,9,17.03,20.99,27.78,34.25,12.67,12.67,22.22,24.85,10.56,13.01,4.91,13.89,22.22,41.57
2568,172,บ้านแม่ซา,แม่แจ่ม,เล็ก,นอกเมือง,สำนักงานคณะกรรมการการศึกษาขั้นพื้นฐาน,สพป.เชียงใหม่ เขต 6,7,4.38,10.72,14.29,22.59,32.57,22.05,28.57,24.74,8.14,9.40,6.31,15.46,0.00,0.00
2568,173,บ้านแม่นาจร,แม่แจ่ม,กลาง,นอกเมือง,สำนักงานคณะกรรมการการศึกษาขั้นพื้นฐาน,สพป.เชียงใหม่ เขต 6,21,14.59,17.99,47.62,36.11,23.52,18.45,19.05,24.28,13.57,13.30,10.52,18.82,28.57,45.18
2568,174,บ้านแม่ศึก (มูลนิธิธรรมมาภิรักษ์อุปถัมภ์ที่ 2),แม่แจ่ม,เล็ก,นอกเมือง,สำนักงานคณะกรรมการการศึกษาขั้นพื้นฐาน,สพป.เชียงใหม่ เขต 6,4,45.97,15.32,12.50,21.65,23.75,20.70,0.00,0.00,23.75,8.23,22.09,22.09,0.00,0.00
2568,175,บ้านแม่หงานหลวง,แม่แจ่ม,เล็ก,นอกเมือง,สำนักงานคณะกรรมการการศึกษาขั้นพื้นฐาน,สพป.เชียงใหม่ เขต 6,4,15.32,15.32,12.50,21.65,33.25,24.68,12.50,21.65,14.25,15.75,44.19,0.00,25.00,43.30
2568,176,บ้านแม่เอาะ,แม่แจ่ม,เล็ก,นอกเมือง,สำนักงานคณะกรรมการการศึกษาขั้นพื้นฐาน,สพป.เชียงใหม่ เขต 6,7,21.89,21.45,7.14,17.50,38.00,14.36,14.29,22.59,16.29,12.14,22.26,25.95,42.86,49.49
2568,177,บ้านแม่แฮเหนือ,แม่แจ่ม,กลาง,นอกเมือง,สำนักงานคณะกรรมการการศึกษาขั้นพื้นฐาน,สพป.เชียงใหม่ เขต 6,37,22.58,20.17,36.49,34.19,23.11,15.39,27.03,29.85,16.05,17.17,16.15,24.92,29.73,45.71
2568,178,บ้านโม่งหลวง,แม่แจ่ม,เล็ก,นอกเมือง,สำนักงานคณะกรรมการการศึกษาขั้นพื้นฐาน,สพป.เชียงใหม่ เขต 6,17,23.43,16.72,20.59,29.99,23.47,13.87,32.35,29.41,6.71,11.18,5.20,14.24,23.53,42.42
2568,179,แม่แจ่ม,แม่แจ่ม,ใหญ่,นอกเมือง,สำนักงานคณะกรรมการการศึกษาขั้นพื้นฐาน,สำนักงานเขตพื้นที่การศึกษามัธยมศึกษาเชียงใหม่,167,22.37,20.64,30.54,29.90,34.44,20.92,33.53,33.48,23.73,19.30,30.61,32.34,23.35,42.31
2568,180,แม่แจ่มปริยัติศึกษา,แม่แจ่ม,เล็ก,นอกเมือง,สำนักงานการศึกษาพระปริยัติธรรม แผนกสามัญศึกษา,สำนักเขตการศึกษาพระปริยัติธรรมฯ เขต  5,18,8.51,13.73,22.22,29.92,23.78,20.57,33.33,33.33,14.78,11.94,14.73,20.83,55.56,49.69
2568,181,ราชประชานุเคราะห์ 31,แม่แจ่ม,กลาง,นอกเมือง,สำนักบริหารงานการศึกษาพิเศษ,-,134,17.56,19.96,29.48,29.43,21.49,16.64,20.90,29.48,16.56,14.51,9.32,19.15,18.66,38.96
2568,182,สาธิตชุมชนการเรียนรู้สมเด็จย่า วิทยาลัยโพธิวิชชาลัย มหาวิทยาลัยศรีนครินทรวิโรฒ แม่แจ่ม,แม่แจ่ม,เล็ก,นอกเมือง,สำนักงานปลัดกระทรวงการอุดมศึกษาฯ,-,23,22.65,18.56,30.43,32.10,22.52,16.96,21.74,28.84,29.74,16.65,13.45,20.33,4.35,20.39
2568,183,อินทนนท์วิทยา,แม่แจ่ม,เล็ก,นอกเมือง,สำนักงานคณะกรรมการการศึกษาขั้นพื้นฐาน,สพป.เชียงใหม่ เขต 6,12,17.88,15.11,37.50,36.08,33.25,20.70,16.67,23.57,11.08,14.42,7.36,16.47,16.67,37.27
2568,184,ชุมชนวัดช่อแล,แม่แตง,เล็ก,นอกเมือง,สำนักงานคณะกรรมการการศึกษาขั้นพื้นฐาน,สพป.เชียงใหม่ เขต 2,22,26.47,19.15,31.82,32.14,28.50,15.95,50.00,36.93,19.86,17.64,19.66,28.19,0.00,0.00
2568,185,เชียงใหม่มัธยม,แม่แตง,ใหญ่,นอกเมือง,สำนักงานคณะกรรมการส่งเสริมการศึกษาเอกชน,-,39,39.74,29.33,47.44,37.47,44.85,23.34,10.26,23.15,31.56,16.17,22.12,27.83,28.21,45.00
2568,186,บ้านปง,แม่แตง,เล็ก,นอกเมือง,สำนักงานคณะกรรมการการศึกษาขั้นพื้นฐาน,สพป.เชียงใหม่ เขต 2,8,34.48,18.37,50.00,25.00,39.25,24.85,18.75,24.21,25.63,20.53,33.14,19.13,12.50,33.07
2568,187,บ้านปางไม้แดง,แม่แตง,เล็ก,นอกเมือง,สำนักงานคณะกรรมการการศึกษาขั้นพื้นฐาน,สพป.เชียงใหม่ เขต 2,11,34.16,20.50,36.36,37.48,16.00,16.53,27.27,24.90,27.64,14.86,16.07,21.26,27.27,44.54
2568,188,บ้านปางห้วยตาด,แม่แตง,เล็ก,นอกเมือง,สำนักงานคณะกรรมการการศึกษาขั้นพื้นฐาน,สพป.เชียงใหม่ เขต 2,3,23.12,16.68,33.33,23.57,19.00,15.51,16.67,23.57,25.33,8.96,0.00,0.00,0.00,0.00
2568,189,บ้านเป้าวิทยาคาร,แม่แตง,เล็ก,นอกเมือง,สำนักงานคณะกรรมการการศึกษาขั้นพื้นฐาน,สพป.เชียงใหม่ เขต 2,5,24.52,22.93,50.00,0.00,38.00,16.99,30.00,40.00,30.40,15.20,26.51,21.65,40.00,48.99
2568,190,บ้านเมืองกื้ด,แม่แตง,เล็ก,นอกเมือง,สำนักงานคณะกรรมการการศึกษาขั้นพื้นฐาน,สพป.เชียงใหม่ เขต 2,19,12.90,15.13,39.47,38.32,23.26,22.52,23.68,29.77,18.26,11.99,4.65,13.56,31.58,46.48
2568,191,บ้านแม่ไคร้,แม่แตง,เล็ก,นอกเมือง,สำนักงานคณะกรรมการการศึกษาขั้นพื้นฐาน,สพป.เชียงใหม่ เขต 2,7,26.27,19.58,21.43,36.42,19.00,10.16,50.00,0.00,13.57,13.30,25.25,21.87,0.00,0.00
2568,192,บ้านแม่ตะมาน,แม่แตง,เล็ก,นอกเมือง,สำนักงานคณะกรรมการการศึกษาขั้นพื้นฐาน,สพป.เชียงใหม่ เขต 2,10,33.71,9.19,45.00,35.00,42.80,26.96,30.00,33.17,31.90,18.72,24.42,33.25,20.00,40.00
2568,193,ป่าจี้วังแดงวิทยา,แม่แตง,เล็ก,นอกเมือง,สำนักงานคณะกรรมการการศึกษาขั้นพื้นฐาน,สพป.เชียงใหม่ เขต 2,15,26.56,10.42,36.67,28.67,26.60,11.61,23.33,30.91,18.07,16.68,8.84,17.67,0.00,0.00
2568,194,ป่าแป๋วิทยา,แม่แตง,เล็ก,นอกเมือง,สำนักงานคณะกรรมการการศึกษาขั้นพื้นฐาน,สพป.เชียงใหม่ เขต 2,20,30.65,19.38,22.50,29.47,46.10,21.92,22.50,29.47,14.25,11.83,14.42,27.22,30.00,45.83
2568,195,พระปริยัติธรรมแม่แตงวิทยา,แม่แตง,เล็ก,นอกเมือง,สำนักงานการศึกษาพระปริยัติธรรม แผนกสามัญศึกษา,สำนักเขตการศึกษาพระปริยัติธรรมฯ เขต  5,7,13.13,15.17,14.29,22.59,27.14,19.95,42.86,41.65,27.86,25.49,6.31,15.46,0.00,0.00
2568,196,แม่แตง,แม่แตง,กลาง,นอกเมือง,สำนักงานคณะกรรมการการศึกษาขั้นพื้นฐาน,สำนักงานเขตพื้นที่การศึกษามัธยมศึกษาเชียงใหม่,98,21.66,20.34,36.73,32.38,27.16,23.42,25.51,32.14,36.51,19.28,10.04,18.69,19.39,39.53
2568,197,แม่หอพระวิทยาคม,แม่แตง,เล็ก,นอกเมือง,สำนักงานคณะกรรมการการศึกษาขั้นพื้นฐาน,สำนักงานเขตพื้นที่การศึกษามัธยมศึกษาเชียงใหม่,28,26.27,22.75,17.86,23.96,31.93,24.50,12.50,25.44,30.96,21.37,12.62,19.96,7.14,25.75
2568,198,ร่ำเปิงวิทยา,แม่แตง,กลาง,นอกเมือง,สำนักงานคณะกรรมการการศึกษาขั้นพื้นฐาน,สพป.เชียงใหม่ เขต 2,15,26.56,18.95,26.67,30.91,41.80,17.28,20.00,24.49,25.33,13.28,25.89,24.57,0.00,0.00
2568,199,วัดท่าข้าม,แม่แตง,เล็ก,นอกเมือง,สำนักงานคณะกรรมการการศึกษาขั้นพื้นฐาน,สพป.เชียงใหม่ เขต 2,8,31.65,17.43,37.50,33.07,16.63,11.39,25.00,25.00,23.75,15.75,12.50,21.84,0.00,0.00
2568,200,วัดบ้านเหล่า,แม่แตง,เล็ก,นอกเมือง,สำนักงานคณะกรรมการการศึกษาขั้นพื้นฐาน,สพป.เชียงใหม่ เขต 2,7,17.51,22.32,21.43,24.74,25.14,29.54,28.57,24.74,13.57,8.58,18.94,21.87,14.29,34.99
2568,201,วัดปางมะกล้วย,แม่แตง,เล็ก,นอกเมือง,สำนักงานคณะกรรมการการศึกษาขั้นพื้นฐาน,สพป.เชียงใหม่ เขต 2,8,26.81,23.92,12.50,21.65,26.13,21.11,6.25,16.54,17.25,15.79,11.05,19.13,12.50,33.07
2568,202,สบเปิงวิทยา,แม่แตง,กลาง,นอกเมือง,สำนักงานคณะกรรมการการศึกษาขั้นพื้นฐาน,สพป.เชียงใหม่ เขต 2,25,22.39,20.56,20.00,28.28,25.28,18.56,32.00,34.29,28.32,18.84,8.84,17.67,48.00,49.96
2568,203,สันป่ายางวิทยาคม,แม่แตง,เล็ก,นอกเมือง,สำนักงานคณะกรรมการการศึกษาขั้นพื้นฐาน,สำนักงานเขตพื้นที่การศึกษามัธยมศึกษาเชียงใหม่,16,27.82,19.58,28.13,24.80,13.06,17.41,18.75,24.21,13.06,14.59,23.55,23.81,6.25,24.21
2568,204,สันมหาพนวิทยา,แม่แตง,เล็ก,นอกเมือง,สำนักงานคณะกรรมการการศึกษาขั้นพื้นฐาน,สพป.เชียงใหม่ เขต 2,19,29.03,18.53,47.37,30.23,32.53,23.34,28.95,33.70,27.00,18.81,4.65,13.56,15.79,36.46
2568,205,อนุบาลสานสายใยรักเทศบาลเมืองเมืองแกนพัฒนา,แม่แตง,กลาง,นอกเมือง,กรมส่งเสริมการปกครองท้องถิ่น,ท้องถิ่นจังหวัดเชียงใหม่,11,16.72,15.26,40.91,35.79,19.00,19.84,40.91,35.79,25.91,14.66,16.07,21.26,9.09,28.75
2568,206,เจ้าพ่อหลวงอุปถัมภ์ 7,แม่ริม,เล็ก,นอกเมือง,สำนักงานคณะกรรมการการศึกษาขั้นพื้นฐาน,สพป.เชียงใหม่ เขต 2,5,42.90,15.01,40.00,37.42,41.80,14.22,30.00,24.49,30.40,19.38,17.67,21.65,0.00,0.00
2568,207,นวมินทราชูทิศ พายัพ,แม่ริม,ใหญ่,นอกเมือง,สำนักงานคณะกรรมการการศึกษาขั้นพื้นฐาน,สำนักงานเขตพื้นที่การศึกษามัธยมศึกษาเชียงใหม่,331,25.49,24.62,29.15,34.16,30.76,23.40,26.59,31.39,34.57,19.73,16.45,23.39,25.68,43.69
2568,208,บ้านทุ่งโป่ง,แม่ริม,กลาง,นอกเมือง,สำนักงานคณะกรรมการการศึกษาขั้นพื้นฐาน,สพป.เชียงใหม่ เขต 2,16,31.15,22.46,34.38,38.40,28.81,26.83,34.38,34.09,16.63,14.83,31.10,27.49,12.50,33.07
2568,209,บ้านป่าติ้ว,แม่ริม,เล็ก,นอกเมือง,สำนักงานคณะกรรมการการศึกษาขั้นพื้นฐาน,สพป.เชียงใหม่ เขต 2,11,19.50,19.70,63.64,22.27,19.00,18.12,31.82,32.14,20.73,9.77,12.05,19.68,18.18,38.57
2568,210,บ้านแม่สา,แม่ริม,กลาง,นอกเมือง,สำนักงานคณะกรรมการการศึกษาขั้นพื้นฐาน,สพป.เชียงใหม่ เขต 2,6,25.54,11.42,50.00,40.82,12.67,14.16,25.00,25.00,32.50,15.69,14.73,20.83,0.00,0.00
2568,211,บ้านศาลา,แม่ริม,กลาง,นอกเมือง,กรมส่งเสริมการปกครองท้องถิ่น,ท้องถิ่นจังหวัดเชียงใหม่,55,29.71,26.28,27.27,34.14,18.84,16.74,29.09,33.97,24.11,20.55,13.87,22.85,9.09,28.75
2568,212,บ้านสะลวงนอก,แม่ริม,เล็ก,นอกเมือง,สำนักงานคณะกรรมการการศึกษาขั้นพื้นฐาน,สพป.เชียงใหม่ เขต 2,17,16.22,15.30,29.41,24.61,26.29,22.45,17.65,23.89,21.24,15.81,13.00,20.13,17.65,38.12
2568,213,บ้านสันคะยอม,แม่ริม,เล็ก,นอกเมือง,สำนักงานคณะกรรมการการศึกษาขั้นพื้นฐาน,สพป.เชียงใหม่ เขต 2,6,25.54,11.42,16.67,23.57,41.17,13.06,25.00,25.00,0.00,0.00,14.73,20.83,16.67,37.27
2568,214,บ้านหนองปลามัน,แม่ริม,เล็ก,นอกเมือง,สำนักงานคณะกรรมการการศึกษาขั้นพื้นฐาน,สพป.เชียงใหม่ เขต 2,11,22.29,18.90,54.55,33.40,22.91,21.93,31.82,32.14,32.82,18.28,8.03,17.04,9.09,28.75
2568,215,แม่ริมวิทยา,แม่ริม,เล็ก,นอกเมือง,สำนักงานการศึกษาพระปริยัติธรรม แผนกสามัญศึกษา,สำนักเขตการศึกษาพระปริยัติธรรมฯ เขต  5,18,13.62,18.34,36.11,27.92,8.44,13.01,25.00,30.05,15.83,14.51,6.20,17.54,0.00,0.00
2568,216,แม่ริมวิทยาคม,แม่ริม,ใหญ่,นอกเมือง,สำนักงานคณะกรรมการการศึกษาขั้นพื้นฐาน,สำนักงานเขตพื้นที่การศึกษามัธยมศึกษาเชียงใหม่,311,21.72,22.35,34.89,34.68,28.23,21.56,26.37,31.76,32.75,19.29,16.98,25.78,26.05,43.89
2568,217,ราชประชานุเคราะห์ 60 จังหวัดเชียงใหม่,แม่ริม,กลาง,นอกเมือง,สำนักบริหารงานการศึกษาพิเศษ,-,103,15.55,19.83,33.01,33.09,28.88,19.57,19.90,28.16,20.35,15.42,10.41,18.92,21.36,40.98
2568,218,บ้านห้วยตอง,แม่วาง,กลาง,นอกเมือง,สำนักงานคณะกรรมการการศึกษาขั้นพื้นฐาน,สพป.เชียงใหม่ เขต 4,24,10.22,16.94,16.67,27.64,19.00,15.51,39.58,32.21,28.71,16.84,16.57,21.39,20.83,40.61
2568,219,แม่วางวิทยาคม,แม่วาง,กลาง,นอกเมือง,สำนักงานคณะกรรมการการศึกษาขั้นพื้นฐาน,สำนักงานเขตพื้นที่การศึกษามัธยมศึกษาเชียงใหม่,105,23.75,21.66,38.57,35.36,23.44,19.61,18.57,27.82,31.81,17.79,11.05,19.30,21.90,41.36
2568,220,แม่วินสามัคคี,แม่วาง,กลาง,นอกเมือง,สำนักงานคณะกรรมการการศึกษาขั้นพื้นฐาน,สพป.เชียงใหม่ เขต 4,65,20.27,15.47,40.00,37.42,22.77,21.16,6.15,18.62,31.28,20.39,17.85,23.58,36.92,48.26
2568,221,วัดมะกับตองหลวง,แม่วาง,เล็ก,นอกเมือง,สำนักงานคณะกรรมการการศึกษาขั้นพื้นฐาน,สพป.เชียงใหม่ เขต 4,7,36.18,26.84,57.14,41.65,25.14,23.15,14.29,22.59,46.86,25.49,33.22,34.08,28.57,45.18
2568,222,วัดห้วยแก้ว,แม่วาง,เล็ก,นอกเมือง,สำนักงานคณะกรรมการการศึกษาขั้นพื้นฐาน,สพป.เชียงใหม่ เขต 4,7,9.91,24.27,7.14,17.50,24.43,8.58,28.57,24.74,13.57,13.30,25.25,21.87,28.57,45.18
2568,223,สัพพัญญูวิทยา,แม่วาง,เล็ก,นอกเมือง,สำนักงานการศึกษาพระปริยัติธรรม แผนกสามัญศึกษา,สำนักเขตการศึกษาพระปริยัติธรรมฯ เขต  5,2,0.00,0.00,25.00,25.00,19.00,0.00,0.00,0.00,19.00,19.00,0.00,0.00,0.00,0.00
2568,224,ทาเหนือวิทยา,แม่ออน,เล็ก,นอกเมือง,สำนักงานคณะกรรมการการศึกษาขั้นพื้นฐาน,สพป.เชียงใหม่ เขต 1,16,30.75,22.11,31.25,29.97,32.19,18.72,12.50,21.65,42.81,21.71,39.53,36.21,37.50,48.41
2568,225,แม่ออนวิทยาลัย,แม่ออน,กลาง,นอกเมือง,สำนักงานคณะกรรมการการศึกษาขั้นพื้นฐาน,สำนักงานเขตพื้นที่การศึกษามัธยมศึกษาเชียงใหม่,44,23.68,22.50,42.05,31.88,19.98,15.43,27.27,32.78,25.48,19.40,11.05,19.13,13.64,34.32
2568,226,วัดห้วยแก้ว,แม่ออน,เล็ก,นอกเมือง,สำนักงานคณะกรรมการการศึกษาขั้นพื้นฐาน,สพป.เชียงใหม่ เขต 1,14,17.51,19.08,28.57,36.42,22.43,18.49,21.43,24.74,33.93,14.68,20.60,24.05,14.29,34.99
2568,227,วัดห้วยทราย,แม่ออน,เล็ก,นอกเมือง,สำนักงานคณะกรรมการการศึกษาขั้นพื้นฐาน,สพป.เชียงใหม่ เขต 1,13,43.18,27.94,46.15,30.77,57.15,22.11,42.31,33.09,50.15,27.48,60.64,29.48,69.23,46.15
2568,228,เจ้าพ่อหลวงอุปถัมภ์ 9,แม่อาย,กลาง,นอกเมือง,สำนักงานคณะกรรมการการศึกษาขั้นพื้นฐาน,สพป.เชียงใหม่ เขต 3,31,14.10,17.43,12.90,25.30,22.06,12.86,29.03,30.52,21.45,14.27,14.25,20.66,12.90,33.52
2568,229,ชุมชนบ้านคาย,แม่อาย,กลาง,นอกเมือง,สำนักงานคณะกรรมการการศึกษาขั้นพื้นฐาน,สพป.เชียงใหม่ เขต 3,28,18.61,18.93,14.29,22.59,22.39,14.41,30.36,33.65,23.07,19.24,4.73,13.67,35.71,47.92
2568,230,ชุมชนบ้านแม่ฮ่าง,แม่อาย,กลาง,นอกเมือง,สำนักงานคณะกรรมการการศึกษาขั้นพื้นฐาน,สพป.เชียงใหม่ เขต 3,26,22.39,16.03,21.15,28.33,24.12,18.67,44.23,34.88,27.04,19.13,11.90,19.60,19.23,39.41
2568,231,โชติคุณเกษมบ้านเมืองงาม,แม่อาย,กลาง,นอกเมือง,สำนักงานคณะกรรมการการศึกษาขั้นพื้นฐาน,สพป.เชียงใหม่ เขต 3,30,22.47,24.94,16.67,23.57,15.83,20.28,16.67,23.57,25.83,20.48,11.78,19.54,13.33,33.99
2568,232,ไทยรัฐวิทยา 12 (บ้านเอก),แม่อาย,กลาง,นอกเมือง,สำนักงานคณะกรรมการการศึกษาขั้นพื้นฐาน,สพป.เชียงใหม่ เขต 3,29,32.26,22.84,27.59,31.03,34.24,19.32,34.48,35.00,21.97,17.83,10.67,18.91,27.59,44.69
2568,233,บ้านท่ามะแกง,แม่อาย,เล็ก,นอกเมือง,สำนักงานคณะกรรมการการศึกษาขั้นพื้นฐาน,สพป.เชียงใหม่ เขต 3,24,15.66,20.61,18.75,31.66,24.54,18.58,35.42,33.79,22.38,17.27,18.02,23.51,25.00,43.30
2568,234,บ้านป่าก๊อ,แม่อาย,กลาง,นอกเมือง,สำนักงานคณะกรรมการการศึกษาขั้นพื้นฐาน,สพป.เชียงใหม่ เขต 3,25,23.29,19.92,34.00,39.29,16.72,15.50,20.00,28.28,20.72,13.38,8.84,17.67,24.00,42.71
2568,235,บ้านปางต้นเดื่อ,แม่อาย,กลาง,นอกเมือง,สำนักงานคณะกรรมการการศึกษาขั้นพื้นฐาน,สพป.เชียงใหม่ เขต 3,16,13.41,18.67,40.63,36.31,31.81,25.41,21.88,24.80,16.06,19.20,0.00,0.00,31.25,46.35
2568,236,บ้านป่าแดง,แม่อาย,กลาง,นอกเมือง,สำนักงานคณะกรรมการการศึกษาขั้นพื้นฐาน,สพป.เชียงใหม่ เขต 3,14,29.03,15.45,25.00,25.00,21.71,15.83,28.57,36.42,13.57,15.11,12.62,19.96,0.00,0.00
2568,237,บ้านสันต้นหมื้อ,แม่อาย,กลาง,นอกเมือง,สำนักงานคณะกรรมการการศึกษาขั้นพื้นฐาน,สพป.เชียงใหม่ เขต 3,40,21.45,19.62,23.75,29.55,26.60,19.38,31.25,32.95,28.03,17.51,11.63,20.27,22.50,41.76
2568,238,บ้านสุขฤทัย,แม่อาย,กลาง,นอกเมือง,สำนักงานคณะกรรมการการศึกษาขั้นพื้นฐาน,สพป.เชียงใหม่ เขต 3,42,27.65,25.71,22.62,24.89,24.67,21.94,27.38,29.28,30.31,22.35,14.23,21.38,45.24,49.77
2568,239,บ้านห้วยคอกหมู,แม่อาย,เล็ก,นอกเมือง,สำนักงานคณะกรรมการการศึกษาขั้นพื้นฐาน,สพป.เชียงใหม่ เขต 3,14,8.76,13.84,28.57,31.13,21.71,17.38,32.14,35.89,28.50,19.99,15.78,21.17,7.14,25.75
2568,240,พระปริยัติธรรมวัดท่าตอน,แม่อาย,เล็ก,นอกเมือง,สำนักงานการศึกษาพระปริยัติธรรม แผนกสามัญศึกษา,สำนักเขตการศึกษาพระปริยัติธรรมฯ เขต  5,23,9.33,16.75,13.04,21.96,15.70,16.48,19.57,28.51,25.61,18.25,9.61,18.23,13.04,33.68
2568,241,เพียงหลวง 1 (บ้านท่าตอน),แม่อาย,กลาง,นอกเมือง,สำนักงานคณะกรรมการการศึกษาขั้นพื้นฐาน,สพป.เชียงใหม่ เขต 3,59,64.13,36.70,56.78,33.77,48.22,26.17,57.63,31.64,57.75,32.53,34.77,31.18,64.41,47.88
2568,242,แม่อายวิทยาคม,แม่อาย,ใหญ่,นอกเมือง,กรมส่งเสริมการปกครองท้องถิ่น,ท้องถิ่นจังหวัดเชียงใหม่,74,17.92,19.13,33.11,33.16,24.15,21.02,25.00,31.03,15.66,16.63,8.08,17.58,17.57,38.05
2568,243,ราชประชานุเคราะห์ 30,แม่อาย,กลาง,นอกเมือง,สำนักบริหารงานการศึกษาพิเศษ,-,39,23.20,16.88,24.36,24.99,22.90,17.31,50.00,37.55,22.90,20.72,7.93,16.96,51.28,49.98
2568,244,บ้านนามน,เวียงแหง,เล็ก,นอกเมือง,สำนักงานคณะกรรมการการศึกษาขั้นพื้นฐาน,สพป.เชียงใหม่ เขต 3,16,55.65,25.77,6.25,16.54,48.69,9.43,68.75,24.21,23.75,15.75,8.28,17.25,25.00,43.30
2568,245,บ้านปางป๋อ,เวียงแหง,เล็ก,นอกเมือง,สำนักงานคณะกรรมการการศึกษาขั้นพื้นฐาน,สพป.เชียงใหม่ เขต 3,15,15.38,29.60,26.67,24.94,22.80,22.16,23.33,24.94,36.13,25.06,14.73,20.83,26.67,44.22
2568,246,บ้านเปียงหลวง,เวียงแหง,กลาง,นอกเมือง,สำนักงานคณะกรรมการการศึกษาขั้นพื้นฐาน,สพป.เชียงใหม่ เขต 3,68,20.52,17.52,22.06,30.17,21.59,17.60,37.50,35.74,24.87,19.35,13.00,20.13,35.29,47.79
2568,247,เวียงแหงปริยัติศึกษา,เวียงแหง,เล็ก,นอกเมือง,สำนักงานการศึกษาพระปริยัติธรรม แผนกสามัญศึกษา,สำนักเขตการศึกษาพระปริยัติธรรมฯ เขต  5,12,10.89,20.95,16.67,31.18,25.75,24.93,8.33,18.63,25.75,18.69,18.41,21.78,41.67,49.30
2568,248,เวียงแหงวิทยาคม,เวียงแหง,ใหญ่,นอกเมือง,สำนักงานคณะกรรมการการศึกษาขั้นพื้นฐาน,สำนักงานเขตพื้นที่การศึกษามัธยมศึกษาเชียงใหม่,158,17.57,21.36,26.27,30.66,21.78,21.01,21.20,28.85,30.37,19.34,10.99,20.41,25.95,43.84
2568,249,บ้านบ่อแก้ว,สะเมิง,กลาง,นอกเมือง,สำนักงานคณะกรรมการการศึกษาขั้นพื้นฐาน,สพป.เชียงใหม่ เขต 2,19,16.13,15.30,23.68,29.77,21.53,21.31,28.95,29.54,13.26,10.97,16.28,21.31,10.53,30.69
2568,250,บ้านปางขุม,สะเมิง,เล็ก,นอกเมือง,สำนักงานคณะกรรมการการศึกษาขั้นพื้นฐาน,สพป.เชียงใหม่ เขต 2,2,30.65,0.00,0.00,0.00,38.00,19.00,25.00,25.00,0.00,0.00,22.09,22.09,50.00,50.00
2568,251,บ้านป่าลาน,สะเมิง,เล็ก,นอกเมือง,สำนักงานคณะกรรมการการศึกษาขั้นพื้นฐาน,สพป.เชียงใหม่ เขต 2,8,22.98,20.27,43.75,29.97,19.63,10.80,12.50,21.65,11.88,9.20,5.52,14.61,0.00,0.00
2568,252,บ้านแม่ขะปู,สะเมิง,เล็ก,นอกเมือง,สำนักงานคณะกรรมการการศึกษาขั้นพื้นฐาน,สพป.เชียงใหม่ เขต 2,9,27.24,9.63,33.33,40.82,25.33,12.67,27.78,34.25,21.11,20.90,9.82,18.37,0.00,0.00
2568,253,บ้านแม่โต๋,สะเมิง,เล็ก,นอกเมือง,สำนักงานคณะกรรมการการศึกษาขั้นพื้นฐาน,สพป.เชียงใหม่ เขต 2,31,14.83,20.40,30.65,35.19,24.06,18.98,24.19,24.99,20.39,16.87,11.40,19.33,12.90,33.52
2568,254,บ้านแม่ยางห้า,สะเมิง,เล็ก,นอกเมือง,สำนักงานคณะกรรมการการศึกษาขั้นพื้นฐาน,สพป.เชียงใหม่ เขต 2,17,10.82,14.64,29.41,38.57,26.82,17.31,17.65,23.89,18.18,18.48,20.79,22.05,29.41,45.56
2568,255,บ้านแม่ลานคำ,สะเมิง,เล็ก,นอกเมือง,สำนักงานคณะกรรมการการศึกษาขั้นพื้นฐาน,สพป.เชียงใหม่ เขต 2,14,17.51,15.17,21.43,24.74,28.50,19.99,35.71,39.77,19.00,16.06,9.47,18.13,7.14,25.75
2568,256,บ้านแม่แว,สะเมิง,เล็ก,นอกเมือง,สำนักงานคณะกรรมการการศึกษาขั้นพื้นฐาน,สพป.เชียงใหม่ เขต 2,18,22.13,24.61,38.89,26.64,36.17,17.86,25.00,34.36,8.44,9.44,9.82,18.37,16.67,37.27
2568,257,วัดงิ้วเฒ่า,สะเมิง,เล็ก,นอกเมือง,สำนักงานคณะกรรมการการศึกษาขั้นพื้นฐาน,สพป.เชียงใหม่ เขต 2,16,28.73,22.90,37.50,27.95,27.63,19.48,43.75,42.85,27.63,17.96,16.57,21.39,6.25,24.21
2568,258,วัดยั้งเมิน,สะเมิง,เล็ก,นอกเมือง,สำนักงานคณะกรรมการการศึกษาขั้นพื้นฐาน,สพป.เชียงใหม่ เขต 2,11,25.07,17.62,50.00,36.93,22.45,15.83,27.27,24.90,22.45,10.92,4.02,12.70,45.45,49.79
2568,259,วัดสะเมิงวิทยา,สะเมิง,เล็ก,นอกเมือง,สำนักงานการศึกษาพระปริยัติธรรม แผนกสามัญศึกษา,สำนักเขตการศึกษาพระปริยัติธรรมฯ เขต  5,3,30.65,0.00,50.00,40.82,31.67,17.91,0.00,0.00,12.67,8.96,0.00,0.00,0.00,0.00
2568,260,สะเมิงพิทยาคม,สะเมิง,กลาง,นอกเมือง,สำนักงานคณะกรรมการการศึกษาขั้นพื้นฐาน,สำนักงานเขตพื้นที่การศึกษามัธยมศึกษาเชียงใหม่,75,14.73,19.90,34.00,28.47,30.47,19.16,22.67,28.63,18.63,16.29,14.29,22.40,25.33,43.49
2568,261,บ้านบวกค้าง,สันกำแพง,เล็ก,นอกเมือง,สำนักงานคณะกรรมการการศึกษาขั้นพื้นฐาน,สพป.เชียงใหม่ เขต 1,6,45.97,23.41,33.33,37.27,31.67,14.16,16.67,23.57,38.00,21.94,29.46,20.83,16.67,37.27
2568,262,บ้านแม่ปูคา,สันกำแพง,เล็ก,นอกเมือง,สำนักงานคณะกรรมการการศึกษาขั้นพื้นฐาน,สพป.เชียงใหม่ เขต 1,12,22.98,18.24,12.50,21.65,12.67,16.15,25.00,25.00,26.92,18.12,11.05,19.13,33.33,47.14
2568,263,บ้านหนองโค้ง,สันกำแพง,กลาง,นอกเมือง,สำนักงานคณะกรรมการการศึกษาขั้นพื้นฐาน,สพป.เชียงใหม่ เขต 1,45,28.46,25.45,32.22,31.89,39.67,25.09,24.44,32.70,36.31,13.77,6.41,19.51,28.89,45.32
2568,264,วัดล้านตอง,สันกำแพง,เล็ก,นอกเมือง,สำนักงานคณะกรรมการการศึกษาขั้นพื้นฐาน,สพป.เชียงใหม่ เขต 1,3,53.76,16.68,16.67,23.57,25.33,23.70,16.67,23.57,44.33,17.91,0.00,0.00,33.33,47.14
2568,265,สันกำแพง,สันกำแพง,ใหญ่พิเศษ,นอกเมือง,สำนักงานคณะกรรมการการศึกษาขั้นพื้นฐาน,สำนักงานเขตพื้นที่การศึกษามัธยมศึกษาเชียงใหม่,457,25.44,25.18,27.90,32.47,31.02,23.71,31.62,32.76,33.92,20.11,19.35,25.99,31.51,46.46
2568,266,สันกำแพงคันธาอนุสรณ์,สันกำแพง,เล็ก,นอกเมือง,สำนักงานคณะกรรมการการศึกษาขั้นพื้นฐาน,สพป.เชียงใหม่ เขต 1,12,12.77,15.11,16.67,23.57,22.58,19.54,25.00,25.00,36.42,14.42,11.05,19.13,25.00,43.30
2568,267,ชลประทานเขื่อนแม่กวงจิราธิวัฒน์อุปถัมภ์,สันทราย,กลาง,นอกเมือง,สำนักงานคณะกรรมการการศึกษาขั้นพื้นฐาน,สพป.เชียงใหม่ เขต 2,26,12.97,17.36,42.31,35.87,19.19,14.23,17.31,23.79,13.15,15.60,5.10,14.12,26.92,44.36
2568,268,บ้านเจดีย์แม่ครัว,สันทราย,กลาง,นอกเมือง,สำนักงานคณะกรรมการการศึกษาขั้นพื้นฐาน,สพป.เชียงใหม่ เขต 2,43,15.15,18.15,33.72,31.84,28.07,21.97,19.77,28.81,19.79,13.94,9.25,17.98,20.93,40.68
2568,269,บ้านบวกเปา,สันทราย,เล็ก,นอกเมือง,สำนักงานคณะกรรมการการศึกษาขั้นพื้นฐาน,สพป.เชียงใหม่ เขต 2,17,36.53,25.20,23.53,34.80,33.29,23.62,35.29,37.44,31.41,16.90,10.40,18.74,17.65,38.12
2568,270,บ้านแม่โจ้,สันทราย,กลาง,นอกเมือง,สำนักงานคณะกรรมการการศึกษาขั้นพื้นฐาน,สพป.เชียงใหม่ เขต 2,12,25.00,24.79,8.33,18.63,25.33,21.01,20.83,24.65,20.58,12.16,11.05,19.13,0.00,0.00
2568,271,บ้านร่มหลวง,สันทราย,เล็ก,นอกเมือง,สำนักงานคณะกรรมการการศึกษาขั้นพื้นฐาน,สพป.เชียงใหม่ เขต 2,21,25.19,23.10,28.57,32.99,31.00,21.25,21.43,32.99,28.76,20.24,15.84,22.60,38.10,48.56
2568,272,บ้านศรีบุญเรือง,สันทราย,กลาง,นอกเมือง,สำนักงานคณะกรรมการการศึกษาขั้นพื้นฐาน,สพป.เชียงใหม่ เขต 2,19,16.13,20.78,36.84,35.70,29.26,24.49,28.95,29.54,13.00,16.37,12.24,20.62,36.84,48.24
2568,273,บ้านหนองไคร้,สันทราย,กลาง,นอกเมือง,สำนักงานคณะกรรมการการศึกษาขั้นพื้นฐาน,สพป.เชียงใหม่ เขต 2,44,30.68,27.48,44.32,40.19,31.00,19.29,25.00,29.19,29.30,22.26,16.91,30.01,11.36,31.74
2568,274,บ้านหลักปัน,สันทราย,กลาง,นอกเมือง,สำนักงานคณะกรรมการการศึกษาขั้นพื้นฐาน,สพป.เชียงใหม่ เขต 2,19,26.66,26.67,26.32,33.91,22.26,18.27,47.37,41.27,22.53,28.13,14.57,21.58,10.53,30.69
2568,275,พงษ์พิกุลเชียงใหม่,สันทราย,กลาง,นอกเมือง,สำนักงานคณะกรรมการส่งเสริมการศึกษาเอกชน,-,12,33.20,19.62,41.67,27.64,22.17,15.19,29.17,24.65,17.42,14.42,7.36,16.47,16.67,37.27
2568,276,วัดแม่แก้ดน้อย,สันทราย,ใหญ่,นอกเมือง,สำนักงานคณะกรรมการการศึกษาขั้นพื้นฐาน,สพป.เชียงใหม่ เขต 2,64,16.41,19.07,32.03,32.32,20.20,18.20,28.91,31.63,19.08,15.23,12.61,20.21,20.31,40.23
2568,277,วัดวิเวกวนาราม,สันทราย,เล็ก,นอกเมือง,สำนักงานการศึกษาพระปริยัติธรรม แผนกสามัญศึกษา,สำนักเขตการศึกษาพระปริยัติธรรมฯ เขต  5,19,11.29,14.78,31.58,24.12,24.26,17.79,26.32,24.97,9.00,11.31,9.30,18.01,26.32,44.03
2568,278,ศรีสังวาลย์เชียงใหม่,สันทราย,กลาง,นอกเมือง,สำนักบริหารงานการศึกษาพิเศษ,-,0,-,-,-,-,-,-,-,-,-,-,-,-,-,-
2568,279,สันทรายวิทยาคม,สันทราย,ใหญ่,นอกเมือง,สำนักงานคณะกรรมการการศึกษาขั้นพื้นฐาน,สำนักงานเขตพื้นที่การศึกษามัธยมศึกษาเชียงใหม่,283,20.97,22.77,26.86,31.51,26.38,21.73,24.03,30.98,34.45,18.48,17.47,23.33,31.80,46.57
2568,280,สันทรายหลวง,สันทราย,กลาง,นอกเมือง,สำนักงานคณะกรรมการการศึกษาขั้นพื้นฐาน,สพป.เชียงใหม่ เขต 2,85,24.17,23.65,35.88,32.19,25.72,21.60,28.24,32.04,22.76,19.82,13.30,21.37,29.41,45.56
2568,281,ทุ่งฟ้าบดราษฎร์บำรุง,สันป่าตอง,กลาง,นอกเมือง,กรมส่งเสริมการปกครองท้องถิ่น,ท้องถิ่นจังหวัดเชียงใหม่,51,26.60,23.57,39.22,33.30,30.20,19.14,22.55,30.22,31.18,21.93,16.46,21.36,5.88,23.53
2568,282,เทพศิรินทร์ เชียงใหม่,สันป่าตอง,กลาง,นอกเมือง,สำนักงานคณะกรรมการการศึกษาขั้นพื้นฐาน,สำนักงานเขตพื้นที่การศึกษามัธยมศึกษาเชียงใหม่,85,9.01,14.73,15.29,26.59,20.96,14.55,35.29,31.46,28.74,17.52,22.35,22.09,36.47,48.13
2568,283,บ้านทุ่งเสี้ยว (นวรัฐ),สันป่าตอง,เล็ก,นอกเมือง,สำนักงานคณะกรรมการการศึกษาขั้นพื้นฐาน,สพป.เชียงใหม่ เขต 4,8,11.49,21.33,0.00,0.00,42.25,25.48,0.00,0.00,28.50,9.50,0.00,0.00,0.00,0.00
2568,284,บ้านร่องน้ำ,สันป่าตอง,เล็ก,นอกเมือง,สำนักงานคณะกรรมการการศึกษาขั้นพื้นฐาน,สพป.เชียงใหม่ เขต 4,4,25.00,28.50,75.00,25.00,20.25,13.61,12.50,21.65,38.00,13.44,22.09,22.09,25.00,43.30
2568,285,บ้านหัวริน,สันป่าตอง,เล็ก,นอกเมือง,สำนักงานคณะกรรมการการศึกษาขั้นพื้นฐาน,สพป.เชียงใหม่ เขต 4,12,10.22,19.11,16.67,31.18,23.75,15.75,29.17,32.00,25.33,17.91,29.46,20.83,25.00,43.30
2568,286,พัฒนวิทย์ศึกษา,สันป่าตอง,ใหญ่,นอกเมือง,สำนักงานคณะกรรมการส่งเสริมการศึกษาเอกชน,-,33,15.79,17.07,19.70,27.36,21.45,14.81,13.64,22.27,24.48,16.01,12.05,19.68,18.18,38.57
2568,287,วัดกู่คำ,สันป่าตอง,เล็ก,นอกเมือง,สำนักงานคณะกรรมการการศึกษาขั้นพื้นฐาน,สพป.เชียงใหม่ เขต 4,20,24.92,19.26,50.00,31.62,19.05,19.16,7.50,17.85,25.90,17.50,24.30,21.98,30.00,45.83
2568,288,วัดโรงวัว,สันป่าตอง,เล็ก,นอกเมือง,สำนักงานคณะกรรมการการศึกษาขั้นพื้นฐาน,สพป.เชียงใหม่ เขต 4,11,33.43,24.29,59.09,19.28,30.36,25.08,0.00,0.00,35.00,23.81,8.03,17.04,54.55,49.79
2568,289,สันป่าตองวิทยาคม,สันป่าตอง,ใหญ่พิเศษ,นอกเมือง,สำนักงานคณะกรรมการการศึกษาขั้นพื้นฐาน,สำนักงานเขตพื้นที่การศึกษามัธยมศึกษาเชียงใหม่,338,27.23,25.92,33.14,33.92,32.34,24.83,26.33,32.21,34.08,18.51,17.10,24.65,34.62,47.57
2568,290,ช่องฟ้าซินเซิงวาณิชบำรุง,สารภี,ใหญ่พิเศษ,นอกเมือง,สำนักงานคณะกรรมการส่งเสริมการศึกษาเอกชน,-,169,31.77,28.03,30.47,32.23,35.96,25.72,15.09,25.40,35.25,23.94,24.91,32.90,27.81,44.81
2568,291,ชุมชนวัดศรีคำชมภู,สารภี,กลาง,นอกเมือง,สำนักงานคณะกรรมการการศึกษาขั้นพื้นฐาน,สพป.เชียงใหม่ เขต 4,25,35.61,20.07,46.00,28.00,36.08,26.33,0.00,0.00,31.20,21.22,21.30,24.32,36.00,48.00
2568,292,บ้านปากเหมือง,สารภี,กลาง,นอกเมือง,สำนักงานคณะกรรมการการศึกษาขั้นพื้นฐาน,สพป.เชียงใหม่ เขต 4,16,26.41,27.07,18.75,29.97,14.25,10.62,28.13,35.22,32.06,20.94,33.14,19.13,31.25,46.35
2568,293,วชิราลัย,สารภี,กลาง,นอกเมือง,สำนักงานคณะกรรมการส่งเสริมการศึกษาเอกชน,-,35,67.10,30.61,64.29,38.86,71.86,25.44,44.29,39.23,47.43,21.01,80.66,33.72,62.86,48.32
2568,294,วัดท่าต้นกวาว,สารภี,เล็ก,นอกเมือง,สำนักงานคณะกรรมการการศึกษาขั้นพื้นฐาน,สพป.เชียงใหม่ เขต 4,25,38.97,19.33,22.00,28.57,19.64,22.53,34.00,30.72,41.24,20.06,9.30,18.72,16.00,36.66
2568,295,วัดบวกครกเหนือ,สารภี,เล็ก,นอกเมือง,สำนักงานคณะกรรมการการศึกษาขั้นพื้นฐาน,สพป.เชียงใหม่ เขต 4,21,23.04,24.99,42.86,31.94,21.10,20.42,9.52,19.63,19.00,14.36,6.31,15.46,23.81,42.59
2568,296,วัดเวฬุวัน,สารภี,ใหญ่,นอกเมือง,สำนักงานคณะกรรมการการศึกษาขั้นพื้นฐาน,สพป.เชียงใหม่ เขต 4,117,25.37,21.51,31.20,33.16,27.51,22.52,21.79,27.26,32.56,15.42,14.55,22.01,20.51,40.38
2568,297,วัดศรีดอนชัย,สารภี,เล็ก,นอกเมือง,สำนักงานคณะกรรมการการศึกษาขั้นพื้นฐาน,สพป.เชียงใหม่ เขต 4,10,30.65,19.38,50.00,31.62,30.50,21.02,5.00,15.00,49.00,16.95,8.84,17.67,40.00,48.99
2568,298,สารภีปริยัติศึกษา,สารภี,เล็ก,นอกเมือง,สำนักงานการศึกษาพระปริยัติธรรม แผนกสามัญศึกษา,สำนักเขตการศึกษาพระปริยัติธรรมฯ เขต  5,20,6.13,12.26,10.00,25.50,16.15,12.42,45.00,41.53,21.85,17.28,15.47,21.08,40.00,48.99
2568,299,สารภีพิทยาคม,สารภี,กลาง,นอกเมือง,สำนักงานคณะกรรมการการศึกษาขั้นพื้นฐาน,สำนักงานเขตพื้นที่การศึกษามัธยมศึกษาเชียงใหม่,131,20.55,23.49,31.30,31.10,27.33,22.69,20.99,27.60,31.59,20.16,16.72,22.95,22.14,41.52
2568,300,สืบนทีธรรม,สารภี,กลาง,นอกเมือง,สำนักงานคณะกรรมการส่งเสริมการศึกษาเอกชน,-,35,8.76,13.84,34.29,33.32,27.03,18.33,21.43,29.97,15.34,14.28,7.91,17.48,22.86,41.99
2568,301,ต้นแก้วผดุงพิทยาลัย,หางดง,ใหญ่,นอกเมือง,กรมส่งเสริมการปกครองท้องถิ่น,ท้องถิ่นจังหวัดเชียงใหม่,59,22.61,23.65,22.03,30.91,27.64,20.63,38.98,34.53,35.51,17.51,10.48,18.80,11.86,32.34
2568,302,เทศบาลหนองตองวิทยา,หางดง,เล็ก,นอกเมือง,กรมส่งเสริมการปกครองท้องถิ่น,ท้องถิ่นจังหวัดเชียงใหม่,10,21.45,19.62,30.00,24.49,35.70,28.29,35.00,32.02,34.20,11.40,4.42,13.26,30.00,45.83
2568,303,บ้านน้ำแพร่,หางดง,เล็ก,นอกเมือง,สำนักงานคณะกรรมการการศึกษาขั้นพื้นฐาน,สพป.เชียงใหม่ เขต 4,21,28.11,18.83,54.76,34.17,45.14,24.01,23.81,24.97,32.57,14.53,19.49,27.33,14.29,34.99
2568,304,บ้านปง,หางดง,เล็ก,นอกเมือง,สำนักงานคณะกรรมการการศึกษาขั้นพื้นฐาน,สพป.เชียงใหม่ เขต 4,29,31.54,25.84,58.62,29.56,34.97,27.24,17.24,23.77,32.14,24.48,15.24,21.00,41.38,49.25
2568,305,บ้านสันป่าสัก,หางดง,กลาง,นอกเมือง,สำนักงานคณะกรรมการการศึกษาขั้นพื้นฐาน,สพป.เชียงใหม่ เขต 4,77,30.27,26.12,32.47,33.97,33.43,25.26,19.48,29.23,33.44,18.08,13.08,20.79,37.66,48.45
2568,306,พันธสัญญา,หางดง,เล็ก,นอกเมือง,สำนักงานคณะกรรมการส่งเสริมการศึกษาเอกชน,-,3,30.65,0.00,16.67,23.57,39.67,33.09,0.00,0.00,39.67,29.23,0.00,0.00,33.33,47.14
2568,307,วัดศรีสว่าง,หางดง,เล็ก,นอกเมือง,สำนักงานคณะกรรมการการศึกษาขั้นพื้นฐาน,สพป.เชียงใหม่ เขต 4,8,30.65,21.67,50.00,35.36,25.00,27.63,18.75,24.21,30.88,13.22,12.50,21.84,0.00,0.00
2568,308,สาธิตนานาชาติทวิภาษาแห่งมหาวิทยาลัยรังสิต เชียงใหม่,หางดง,กลาง,นอกเมือง,สำนักงานคณะกรรมการส่งเสริมการศึกษาเอกชน,-,7,43.78,15.17,42.86,31.94,58.43,27.07,35.71,34.99,24.43,8.58,14.29,22.80,28.57,45.18
2568,309,หางดงรัฐราษฎร์อุปถัมภ์,หางดง,ใหญ่,นอกเมือง,สำนักงานคณะกรรมการการศึกษาขั้นพื้นฐาน,สำนักงานเขตพื้นที่การศึกษามัธยมศึกษาเชียงใหม่,277,25.96,24.18,31.41,31.03,24.54,20.23,18.59,26.99,25.84,19.46,12.81,20.34,23.83,42.60
2568,310,หางดงสังฆราษฎร์อุปถัมภ์,หางดง,เล็ก,นอกเมือง,สำนักงานการศึกษาพระปริยัติธรรม แผนกสามัญศึกษา,สำนักเขตการศึกษาพระปริยัติธรรมฯ เขต  5,11,20.23,20.24,22.73,39.10,29.36,14.86,31.82,32.14,19.00,16.20,12.05,19.68,63.64,48.10
2568,311,บ้านซิแบร,อมก๋อย,เล็ก,นอกเมือง,สำนักงานคณะกรรมการการศึกษาขั้นพื้นฐาน,สพป.เชียงใหม่ เขต 5,13,28.29,14.53,19.23,24.33,21.92,12.57,23.08,24.93,13.54,13.94,10.20,18.62,15.38,36.08
2568,312,บ้านตุงลอย,อมก๋อย,กลาง,นอกเมือง,สำนักงานคณะกรรมการการศึกษาขั้นพื้นฐาน,สพป.เชียงใหม่ เขต 5,25,35.55,20.66,30.00,24.49,20.52,20.05,18.00,24.00,21.32,16.55,12.37,19.84,4.00,19.60
2568,313,บ้านนาเกียน,อมก๋อย,เล็ก,นอกเมือง,สำนักงานคณะกรรมการการศึกษาขั้นพื้นฐาน,สพป.เชียงใหม่ เขต 5,24,39.99,24.45,27.08,28.79,16.63,17.61,20.83,28.57,29.75,23.44,3.68,12.21,4.17,19.98
2568,314,บ้านมูเซอ,อมก๋อย,กลาง,นอกเมือง,สำนักงานคณะกรรมการการศึกษาขั้นพื้นฐาน,สพป.เชียงใหม่ เขต 5,27,25.27,19.35,24.07,28.45,8.44,9.44,20.37,31.21,22.00,17.12,11.46,19.36,14.81,35.52
2568,315,บ้านแม่ต๋อม,อมก๋อย,กลาง,นอกเมือง,สำนักงานคณะกรรมการการศึกษาขั้นพื้นฐาน,สพป.เชียงใหม่ เขต 5,23,38.64,20.64,17.39,23.81,20.65,13.62,17.39,23.81,19.43,16.17,17.29,21.56,17.39,37.90
2568,316,บ้านแม่อ่างขาง,อมก๋อย,เล็ก,นอกเมือง,สำนักงานคณะกรรมการการศึกษาขั้นพื้นฐาน,สพป.เชียงใหม่ เขต 5,13,26.55,24.58,7.69,18.04,17.54,15.74,7.69,18.04,24.92,21.16,0.00,0.00,23.08,42.13
2568,317,บ้านยางครก,อมก๋อย,เล็ก,นอกเมือง,สำนักงานคณะกรรมการการศึกษาขั้นพื้นฐาน,สพป.เชียงใหม่ เขต 5,22,42.16,17.88,13.64,22.27,18.14,17.64,13.64,26.89,26.36,22.53,14.06,20.58,9.09,28.75
2568,318,บ้านยางเปา,อมก๋อย,กลาง,นอกเมือง,สำนักงานคณะกรรมการการศึกษาขั้นพื้นฐาน,สพป.เชียงใหม่ เขต 5,38,19.35,24.78,22.37,27.38,11.13,14.48,22.37,31.82,27.03,19.04,9.30,18.01,18.42,38.77
2568,319,บ้านยางเปียง,อมก๋อย,เล็ก,นอกเมือง,สำนักงานคณะกรรมการการศึกษาขั้นพื้นฐาน,สพป.เชียงใหม่ เขต 5,14,2.19,7.89,28.57,31.13,8.14,11.83,10.71,20.52,21.71,12.14,6.31,15.46,28.57,45.18
2568,320,บ้านสบลาน,อมก๋อย,กลาง,นอกเมือง,สำนักงานคณะกรรมการการศึกษาขั้นพื้นฐาน,สพป.เชียงใหม่ เขต 5,4,40.32,16.76,50.00,35.36,38.00,13.44,0.00,0.00,34.50,17.67,11.05,19.13,0.00,0.00
2568,321,บ้านห้วยโค้ง,อมก๋อย,กลาง,นอกเมือง,สำนักงานคณะกรรมการการศึกษาขั้นพื้นฐาน,สพป.เชียงใหม่ เขต 5,16,26.81,21.33,15.63,29.15,21.38,18.85,21.88,35.22,23.19,14.57,11.05,19.13,6.25,24.21
2568,322,บ้านห้วยน้ำขาว,อมก๋อย,กลาง,นอกเมือง,สำนักงานคณะกรรมการการศึกษาขั้นพื้นฐาน,สพป.เชียงใหม่ เขต 5,42,24.65,23.48,21.43,24.74,17.64,13.37,16.67,25.97,26.93,18.16,18.94,21.87,7.14,25.75
2568,323,บ้านห้วยไม้หก,อมก๋อย,เล็ก,นอกเมือง,สำนักงานคณะกรรมการการศึกษาขั้นพื้นฐาน,สพป.เชียงใหม่ เขต 5,25,31.87,26.69,12.00,21.35,27.36,15.28,22.00,28.57,25.88,15.72,17.67,21.65,28.00,44.90
2568,324,บ้านอูตูม,อมก๋อย,กลาง,นอกเมือง,สำนักงานคณะกรรมการการศึกษาขั้นพื้นฐาน,สพป.เชียงใหม่ เขต 5,49,23.77,21.68,24.49,32.14,15.12,18.00,16.33,23.45,22.22,14.37,13.53,20.36,8.16,27.38
2568,325,แม่ตื่นวิทยาคม,อมก๋อย,กลาง,นอกเมือง,สำนักงานคณะกรรมการการศึกษาขั้นพื้นฐาน,สำนักงานเขตพื้นที่การศึกษามัธยมศึกษาเชียงใหม่,107,22.41,19.51,28.50,26.57,23.04,19.57,24.30,30.85,27.88,16.08,9.19,18.10,20.56,40.41
2568,326,อมก๋อยวิทยาคม,อมก๋อย,ใหญ่,นอกเมือง,สำนักงานคณะกรรมการการศึกษาขั้นพื้นฐาน,สำนักงานเขตพื้นที่การศึกษามัธยมศึกษาเชียงใหม่,147,22.21,20.61,26.53,30.48,23.56,19.14,25.17,31.07,21.67,18.71,12.78,20.25,18.37,38.72
2568,327,ชุมชนบ้านท่าข้าม,ฮอด,กลาง,นอกเมือง,สำนักงานคณะกรรมการการศึกษาขั้นพื้นฐาน,สพป.เชียงใหม่ เขต 5,29,33.04,17.90,20.69,30.84,20.66,19.97,32.76,32.89,26.10,19.38,9.14,17.90,10.34,30.45
2568,328,บ้านกองลอย,ฮอด,กลาง,นอกเมือง,สำนักงานคณะกรรมการการศึกษาขั้นพื้นฐาน,สพป.เชียงใหม่ เขต 5,15,12.26,15.01,13.33,22.11,12.67,14.99,20.00,30.55,12.67,11.33,17.67,21.65,13.33,33.99
2568,329,บ้านแควมะกอก,ฮอด,กลาง,นอกเมือง,สำนักงานคณะกรรมการการศึกษาขั้นพื้นฐาน,สพป.เชียงใหม่ เขต 5,16,9.58,14.20,21.88,30.46,13.06,16.06,12.50,21.65,23.75,15.75,5.52,14.61,31.25,46.35
2568,330,บ้านตาลเหนือ,ฮอด,เล็ก,นอกเมือง,สำนักงานคณะกรรมการการศึกษาขั้นพื้นฐาน,สพป.เชียงใหม่ เขต 5,8,56.65,20.26,18.75,24.21,32.13,34.57,25.00,25.00,28.00,14.20,16.57,21.39,37.50,48.41
2568,331,บ้านเตียนอาง,ฮอด,เล็ก,นอกเมือง,สำนักงานคณะกรรมการการศึกษาขั้นพื้นฐาน,สพป.เชียงใหม่ เขต 5,14,32.83,21.56,17.86,23.96,25.79,15.41,14.29,22.59,22.14,12.45,3.16,11.38,14.29,34.99
2568,332,บ้านทุ่งโป่ง,ฮอด,เล็ก,นอกเมือง,สำนักงานคณะกรรมการการศึกษาขั้นพื้นฐาน,สพป.เชียงใหม่ เขต 5,9,23.84,19.26,27.78,24.85,28.00,21.10,16.67,23.57,30.67,19.88,19.64,21.96,0.00,0.00
2568,333,บ้านนาฟ่อน,ฮอด,เล็ก,นอกเมือง,สำนักงานคณะกรรมการการศึกษาขั้นพื้นฐาน,สพป.เชียงใหม่ เขต 5,14,16.47,34.99,10.71,27.89,27.50,20.84,14.29,22.59,21.71,17.38,13.46,21.44,21.43,41.03
2568,334,บ้านบ่อหลวง,ฮอด,กลาง,นอกเมือง,สำนักงานคณะกรรมการการศึกษาขั้นพื้นฐาน,สพป.เชียงใหม่ เขต 5,18,40.95,30.54,25.00,30.05,26.17,26.82,19.44,24.37,27.00,17.83,14.73,20.83,5.56,22.91
2568,335,บ้านพุย,ฮอด,เล็ก,นอกเมือง,สำนักงานคณะกรรมการการศึกษาขั้นพื้นฐาน,สพป.เชียงใหม่ เขต 5,9,24.73,25.56,16.67,23.57,25.33,17.91,27.78,34.25,20.11,16.95,24.55,21.96,11.11,31.43
2568,336,บ้านแม่งูด,ฮอด,เล็ก,นอกเมือง,สำนักงานคณะกรรมการการศึกษาขั้นพื้นฐาน,สพป.เชียงใหม่ เขต 5,17,7.21,13.00,17.65,23.89,15.65,17.53,26.47,34.80,21.24,12.84,5.20,14.24,35.29,47.79
2568,337,บ้านแม่ลาย,ฮอด,เล็ก,นอกเมือง,สำนักงานคณะกรรมการการศึกษาขั้นพื้นฐาน,สพป.เชียงใหม่ เขต 5,16,6.25,13.11,31.25,34.80,10.69,13.38,6.25,16.54,17.81,14.20,13.81,20.48,43.75,49.61
2568,338,บ้านวังลุง,ฮอด,เล็ก,นอกเมือง,สำนักงานคณะกรรมการการศึกษาขั้นพื้นฐาน,สพป.เชียงใหม่ เขต 5,15,10.22,14.45,36.67,22.11,20.27,12.92,16.67,29.81,20.27,16.22,8.84,17.67,26.67,44.22
2568,339,แม่โถวิทยาคม,ฮอด,กลาง,นอกเมือง,สำนักงานคณะกรรมการการศึกษาขั้นพื้นฐาน,สพป.เชียงใหม่ เขต 5,30,12.53,17.32,21.67,27.94,22.20,24.07,25.00,28.14,30.40,18.74,14.73,20.83,33.33,47.14
2568,340,วัดบ้านขุนเตรียมพุทธศาสตร์,ฮอด,เล็ก,นอกเมือง,สำนักงานการศึกษาพระปริยัติธรรม แผนกสามัญศึกษา,สำนักเขตการศึกษาพระปริยัติธรรมฯ เขต  5,34,18.03,22.44,25.00,27.79,15.09,15.82,17.65,31.81,21.56,17.23,18.19,21.75,20.59,40.43
2568,341,ฮอดพิทยาคม,ฮอด,ใหญ่,นอกเมือง,สำนักงานคณะกรรมการการศึกษาขั้นพื้นฐาน,สำนักงานเขตพื้นที่การศึกษามัธยมศึกษาเชียงใหม่,146,27.67,23.28,33.22,33.25,26.22,22.23,29.79,34.41,26.01,18.56,17.35,24.96,11.64,32.07
2567,1,บ้านขุนแม่รวม,กัลยาณิวัฒนา,เล็ก,นอกเมือง,สำนักงานคณะกรรมการการศึกษาขั้นพื้นฐาน,สพป.เชียงใหม่ เขต 6,18,27.24,17.36,27.78,34.25,24.56,18.24,38.89,31.43,24.28,21.76,14.73,20.83,33.33,47.14
2567,2,บ้านจันทร์,กัลยาณิวัฒนา,เล็ก,นอกเมือง,สำนักงานคณะกรรมการการศึกษาขั้นพื้นฐาน,สพป.เชียงใหม่ เขต 6,13,14.14,19.44,30.77,36.89,29.23,16.01,26.92,24.93,21.92,18.02,6.80,15.94,30.77,46.15
2567,3,บ้านแจ่มหลวง,กัลยาณิวัฒนา,เล็ก,นอกเมือง,สำนักงานคณะกรรมการการศึกษาขั้นพื้นฐาน,สพป.เชียงใหม่ เขต 6,17,16.22,21.33,44.12,37.89,18.18,18.48,38.24,32.22,22.35,20.85,10.40,18.74,23.53,42.42
2567,4,บ้านแม่แดดน้อย,กัลยาณิวัฒนา,เล็ก,นอกเมือง,สำนักงานคณะกรรมการการศึกษาขั้นพื้นฐาน,สพป.เชียงใหม่ เขต 6,2,15.32,15.32,0.00,0.00,40.50,21.50,50.00,0.00,19.00,19.00,0.00,0.00,50.00,50.00
2567,5,บ้านแม่ตะละ,กัลยาณิวัฒนา,เล็ก,นอกเมือง,สำนักงานคณะกรรมการการศึกษาขั้นพื้นฐาน,สพป.เชียงใหม่ เขต 6,7,17.51,22.32,50.00,46.29,13.57,16.73,14.29,22.59,13.57,13.30,0.00,0.00,14.29,34.99
2567,6,บ้านห้วยยา,กัลยาณิวัฒนา,เล็ก,นอกเมือง,สำนักงานคณะกรรมการการศึกษาขั้นพื้นฐาน,สพป.เชียงใหม่ เขต 6,19,12.90,15.13,26.32,29.77,20.00,11.49,31.58,24.12,19.53,15.82,11.63,19.46,10.53,30.69
2567,7,มัธยมกัลยาณิวัฒนาเฉลิมพระเกียรติ,กัลยาณิวัฒนา,กลาง,นอกเมือง,สำนักงานคณะกรรมการการศึกษาขั้นพื้นฐาน,สำนักงานเขตพื้นที่การศึกษามัธยมศึกษาเชียงใหม่,18,13.62,18.34,33.33,33.33,23.22,14.93,25.00,25.00,25.33,16.76,9.82,18.37,22.22,41.57
2567,8,สามัคคีสันม่วง,กัลยาณิวัฒนา,เล็ก,นอกเมือง,สำนักงานคณะกรรมการการศึกษาขั้นพื้นฐาน,สพป.เชียงใหม่ เขต 6,22,22.29,22.97,36.36,37.48,19.86,16.68,36.36,34.32,18.14,18.54,12.05,19.68,31.82,46.58
2567,9,จอมทอง,จอมทอง,ใหญ่พิเศษ,นอกเมือง,สำนักงานคณะกรรมการการศึกษาขั้นพื้นฐาน,สำนักงานเขตพื้นที่การศึกษามัธยมศึกษาเชียงใหม่,384,21.63,21.79,34.90,34.89,29.30,21.28,32.68,33.55,25.90,19.36,15.41,24.43,27.60,44.70
2567,10,ไทยรัฐวิทยา 79 (บ้านหนองอาบช้าง),จอมทอง,เล็ก,นอกเมือง,สำนักงานคณะกรรมการการศึกษาขั้นพื้นฐาน,สพป.เชียงใหม่ เขต 6,22,16.72,20.09,40.91,38.84,25.05,18.46,27.27,29.11,22.68,17.33,19.66,28.19,13.64,34.32
2567,11,บ้านขุนกลาง,จอมทอง,กลาง,นอกเมือง,สำนักงานคณะกรรมการการศึกษาขั้นพื้นฐาน,สพป.เชียงใหม่ เขต 6,17,14.42,18.56,41.18,30.85,27.94,18.57,44.12,29.12,29.06,17.39,8.48,18.47,41.18,49.22
2567,12,บ้านขุนแปะ,จอมทอง,เล็ก,นอกเมือง,สำนักงานคณะกรรมการการศึกษาขั้นพื้นฐาน,สพป.เชียงใหม่ เขต 6,22,15.32,20.14,31.82,38.57,19.00,22.19,29.55,28.84,23.32,19.79,6.03,15.16,36.36,48.10
2567,13,บ้านปากทางท่าลี่,จอมทอง,เล็ก,นอกเมือง,สำนักงานคณะกรรมการการศึกษาขั้นพื้นฐาน,สพป.เชียงใหม่ เขต 6,12,12.77,19.62,20.83,24.65,19.00,15.51,29.17,37.96,25.33,14.16,11.05,19.13,25.00,43.30
2567,14,บ้านสบเตี๊ยะ,จอมทอง,กลาง,นอกเมือง,สำนักงานคณะกรรมการการศึกษาขั้นพื้นฐาน,สพป.เชียงใหม่ เขต 6,14,19.70,18.70,35.71,29.45,24.79,15.92,28.57,31.13,23.07,20.54,20.60,35.82,28.57,45.18
2567,15,บ้านห้วยทราย,จอมทอง,เล็ก,นอกเมือง,สำนักงานคณะกรรมการการศึกษาขั้นพื้นฐาน,สพป.เชียงใหม่ เขต 6,11,13.93,15.26,31.82,24.05,19.00,18.12,36.36,37.48,13.82,14.24,9.09,19.44,36.36,48.10
2567,16,บ้านห้วยส้มป่อย,จอมทอง,เล็ก,นอกเมือง,สำนักงานคณะกรรมการการศึกษาขั้นพื้นฐาน,สพป.เชียงใหม่ เขต 6,7,21.89,21.45,7.14,17.50,16.29,12.14,35.71,22.59,19.00,20.31,12.62,19.96,14.29,34.99
2567,17,บ้านใหม่สารภี,จอมทอง,เล็ก,นอกเมือง,สำนักงานคณะกรรมการการศึกษาขั้นพื้นฐาน,สพป.เชียงใหม่ เขต 6,5,0.00,0.00,60.00,37.42,22.80,14.22,40.00,37.42,15.20,14.22,17.67,21.65,40.00,48.99
2567,18,วัดพุทธนิมิตรวิทยา,จอมทอง,เล็ก,นอกเมือง,สำนักงานการศึกษาพระปริยัติธรรม แผนกสามัญศึกษา,สำนักเขตการศึกษาพระปริยัติธรรมฯ เขต  5,17,7.21,13.00,38.24,32.22,19.00,11.29,29.41,38.57,17.88,15.24,13.00,20.13,29.41,45.56
2567,19,สุทธิวงศ์ดำรงวิทย์,จอมทอง,เล็ก,นอกเมือง,สำนักงานคณะกรรมการส่งเสริมการศึกษาเอกชน,-,4,7.66,13.27,37.50,21.65,14.25,15.75,25.00,25.00,23.75,15.75,11.05,19.13,50.00,50.00
2567,20,แกน้อยศึกษา,เชียงดาว,กลาง,นอกเมือง,สำนักงานคณะกรรมการการศึกษาขั้นพื้นฐาน,สพป.เชียงใหม่ เขต 3,5,57.10,24.52,30.00,24.49,54.40,9.31,30.00,40.00,42.00,18.19,55.81,0.00,40.00,48.99
2567,21,เจ้าฟ้าอุบลรัตน์,เชียงดาว,เล็ก,นอกเมือง,สำนักงานคณะกรรมการส่งเสริมการศึกษาเอกชน,-,26,24.75,20.85,36.54,38.12,23.04,18.08,23.08,31.72,23.58,18.11,12.34,20.45,26.92,44.36
2567,22,ชุมชนบ้านเมืองงาย,เชียงดาว,กลาง,นอกเมือง,สำนักงานคณะกรรมการการศึกษาขั้นพื้นฐาน,สพป.เชียงใหม่ เขต 3,14,32.83,24.47,25.00,31.34,26.86,16.78,32.14,23.96,33.29,24.77,11.13,21.46,21.43,41.03
2567,23,ชุมชนบ้านวังจ๊อม,เชียงดาว,กลาง,นอกเมือง,สำนักงานคณะกรรมการการศึกษาขั้นพื้นฐาน,สพป.เชียงใหม่ เขต 3,19,17.74,20.66,23.68,24.97,27.79,25.35,21.05,24.69,21.26,16.80,2.94,12.46,15.79,36.46
2567,24,เชียงดาววิทยาคม,เชียงดาว,ใหญ่,นอกเมือง,สำนักงานคณะกรรมการการศึกษาขั้นพื้นฐาน,สำนักงานเขตพื้นที่การศึกษามัธยมศึกษาเชียงใหม่,78,18.07,19.89,32.05,34.88,25.59,16.03,31.41,35.90,25.09,17.07,15.06,24.80,37.18,48.33
2567,25,ดอยสามหมื่น,เชียงดาว,เล็ก,นอกเมือง,สำนักงานคณะกรรมการการศึกษาขั้นพื้นฐาน,สพป.เชียงใหม่ เขต 3,4,7.66,13.27,50.00,35.36,9.50,9.50,62.50,21.65,28.50,21.24,0.00,0.00,25.00,43.30
2567,26,บ้านเชียงดาว,เชียงดาว,กลาง,นอกเมือง,สำนักงานคณะกรรมการการศึกษาขั้นพื้นฐาน,สพป.เชียงใหม่ เขต 3,51,26.60,24.34,31.37,32.78,30.00,18.56,48.04,39.56,26.00,15.71,9.76,21.10,21.57,41.13
2567,27,บ้านทุ่งข้าวพวง,เชียงดาว,กลาง,นอกเมือง,สำนักงานคณะกรรมการการศึกษาขั้นพื้นฐาน,สพป.เชียงใหม่ เขต 3,41,14.95,19.29,25.61,31.47,28.05,21.28,32.93,34.23,19.46,19.90,8.91,18.17,21.95,41.39
2567,28,บ้านนาหวาย,เชียงดาว,กลาง,นอกเมือง,สำนักงานคณะกรรมการการศึกษาขั้นพื้นฐาน,สพป.เชียงใหม่ เขต 3,44,24.05,23.17,36.36,32.62,26.80,16.70,30.68,37.26,28.30,18.93,11.58,22.78,25.00,43.30
2567,29,บ้านปางเฟือง,เชียงดาว,เล็ก,นอกเมือง,สำนักงานคณะกรรมการการศึกษาขั้นพื้นฐาน,สพป.เชียงใหม่ เขต 3,13,33.62,29.44,34.62,36.08,30.00,14.75,26.92,24.93,26.69,21.07,6.80,15.94,61.54,48.65
2567,30,บ้านปางมะเยา,เชียงดาว,กลาง,นอกเมือง,สำนักงานคณะกรรมการการศึกษาขั้นพื้นฐาน,สพป.เชียงใหม่ เขต 3,15,18.39,18.72,53.33,22.11,20.27,21.35,26.67,35.90,22.80,14.22,2.95,11.02,13.33,33.99
2567,31,บ้านเมืองคอง,เชียงดาว,เล็ก,นอกเมือง,สำนักงานคณะกรรมการการศึกษาขั้นพื้นฐาน,สพป.เชียงใหม่ เขต 3,10,6.13,12.26,30.00,33.17,37.10,24.16,25.00,25.00,30.40,19.38,0.00,0.00,30.00,45.83
2567,32,บ้านเมืองนะ,เชียงดาว,กลาง,นอกเมือง,สำนักงานคณะกรรมการการศึกษาขั้นพื้นฐาน,สพป.เชียงใหม่ เขต 3,40,13.79,16.71,40.00,35.71,44.43,18.55,47.50,37.00,44.85,21.94,20.06,30.42,32.50,46.84
2567,33,บ้านแม่กอนใน,เชียงดาว,เล็ก,นอกเมือง,สำนักงานคณะกรรมการการศึกษาขั้นพื้นฐาน,สพป.เชียงใหม่ เขต 3,9,17.03,20.99,33.33,40.82,19.00,15.51,33.33,40.82,12.67,8.96,14.73,20.83,22.22,41.57
2567,34,บ้านแม่นะ,เชียงดาว,กลาง,นอกเมือง,สำนักงานคณะกรรมการการศึกษาขั้นพื้นฐาน,สพป.เชียงใหม่ เขต 3,16,24.90,22.25,25.00,35.36,35.38,22.78,31.25,29.97,25.56,23.66,11.77,20.55,12.50,33.07
2567,35,บ้านหนองเขียว,เชียงดาว,กลาง,นอกเมือง,สำนักงานคณะกรรมการการศึกษาขั้นพื้นฐาน,สพป.เชียงใหม่ เขต 3,10,21.45,27.58,40.00,37.42,22.80,14.22,35.00,32.02,27.20,21.36,31.16,40.64,20.00,40.00
2567,36,บ้านห้วยจะค่าน ตชด.อนุสรณ์,เชียงดาว,กลาง,นอกเมือง,สำนักงานคณะกรรมการการศึกษาขั้นพื้นฐาน,สพป.เชียงใหม่ เขต 3,2,0.00,0.00,50.00,50.00,9.50,9.50,0.00,0.00,28.50,9.50,0.00,0.00,0.00,0.00
2567,37,พัฒนาต้นน้ำขุนคอง,เชียงดาว,เล็ก,นอกเมือง,สำนักงานคณะกรรมการการศึกษาขั้นพื้นฐาน,สพป.เชียงใหม่ เขต 3,11,11.14,14.74,31.82,32.14,22.91,22.32,22.73,24.90,24.64,24.09,0.00,0.00,45.45,49.79
2567,38,มิตรมวลชนเชียงใหม่,เชียงดาว,กลาง,นอกเมือง,สำนักงานคณะกรรมการการศึกษาขั้นพื้นฐาน,สพป.เชียงใหม่ เขต 3,20,19.92,22.26,27.50,37.00,33.50,16.97,35.00,32.02,20.20,18.77,13.26,20.25,25.00,43.30
2567,39,ราชประชานุเคราะห์ 61 จังหวัดเชียงใหม่,เชียงดาว,กลาง,นอกเมือง,สำนักบริหารงานการศึกษาพิเศษ,-,20,24.52,22.93,45.00,35.00,25.90,20.59,37.50,34.91,23.75,14.56,11.05,19.13,20.00,40.00
2567,40,ศีลรวี,เชียงดาว,กลาง,นอกเมือง,สำนักงานคณะกรรมการส่งเสริมการศึกษาเอกชน,-,34,19.83,19.50,29.41,36.62,23.76,17.72,29.41,38.57,24.88,18.98,15.32,28.10,20.59,40.43
2567,41,อรุโณทัยวิทยาคม,เชียงดาว,ใหญ่,นอกเมือง,สำนักงานคณะกรรมการการศึกษาขั้นพื้นฐาน,สำนักงานเขตพื้นที่การศึกษามัธยมศึกษาเชียงใหม่,175,17.38,19.00,32.29,32.08,22.64,16.20,28.00,32.76,20.69,17.55,7.64,16.82,24.00,42.71
2567,42,อินทารามวิทยา,เชียงดาว,เล็ก,นอกเมือง,สำนักงานการศึกษาพระปริยัติธรรม แผนกสามัญศึกษา,สำนักเขตการศึกษาพระปริยัติธรรมฯ เขต  5,16,19.15,21.33,18.75,34.80,31.19,24.71,40.63,36.31,27.31,21.21,14.53,27.93,62.50,48.41
2567,43,ฉัตรพฤกษ์วิทยา,ไชยปราการ,เล็ก,นอกเมือง,สำนักงานคณะกรรมการส่งเสริมการศึกษาเอกชน,-,8,11.49,14.84,12.50,33.07,26.13,16.28,31.25,24.21,30.88,9.20,16.57,21.39,37.50,48.41
2567,44,ชุมชนวัดศรีดงเย็น,ไชยปราการ,กลาง,นอกเมือง,สำนักงานคณะกรรมการการศึกษาขั้นพื้นฐาน,สพป.เชียงใหม่ เขต 3,24,16.60,17.65,39.58,35.29,27.92,19.33,41.67,34.36,20.79,17.51,3.68,12.21,20.83,40.61
2567,45,ไชยปราการ,ไชยปราการ,กลาง,นอกเมือง,สำนักงานคณะกรรมการการศึกษาขั้นพื้นฐาน,สำนักงานเขตพื้นที่การศึกษามัธยมศึกษาเชียงใหม่,100,15.32,17.60,29.00,34.04,26.80,17.58,31.00,33.75,23.94,17.75,11.51,21.25,19.00,39.23
2567,46,เทศบาล 1 ไชยปราการ,ไชยปราการ,กลาง,นอกเมือง,กรมส่งเสริมการปกครองท้องถิ่น,ท้องถิ่นจังหวัดเชียงใหม่,20,22.98,21.40,27.50,29.47,20.90,11.87,27.50,29.47,21.85,18.30,4.42,13.26,15.00,35.71
2567,47,บ้านปง,ไชยปราการ,เล็ก,นอกเมือง,สำนักงานคณะกรรมการการศึกษาขั้นพื้นฐาน,สพป.เชียงใหม่ เขต 3,11,30.65,26.13,40.91,28.75,28.09,10.05,40.91,28.75,24.18,14.24,4.02,12.70,36.36,48.10
2567,48,บ้านปงตำ,ไชยปราการ,เล็ก,นอกเมือง,สำนักงานคณะกรรมการการศึกษาขั้นพื้นฐาน,สพป.เชียงใหม่ เขต 3,12,15.32,19.78,50.00,28.87,23.75,15.75,29.17,37.96,20.58,18.12,19.38,30.75,41.67,49.30
2567,49,บ้านหัวฝาย,ไชยปราการ,เล็ก,นอกเมือง,สำนักงานคณะกรรมการการศึกษาขั้นพื้นฐาน,สพป.เชียงใหม่ เขต 3,6,20.43,14.45,25.00,25.00,35.67,20.49,25.00,25.00,25.33,14.16,7.36,16.47,16.67,37.27
2567,50,บ้านใหม่หนองบัว,ไชยปราการ,กลาง,นอกเมือง,สำนักงานคณะกรรมการการศึกษาขั้นพื้นฐาน,สพป.เชียงใหม่ เขต 3,54,14.19,21.03,25.00,34.36,19.70,15.50,30.56,36.54,18.30,14.14,9.22,20.63,18.52,38.84
2567,51,บ้านอ่าย,ไชยปราการ,เล็ก,นอกเมือง,สำนักงานคณะกรรมการการศึกษาขั้นพื้นฐาน,สพป.เชียงใหม่ เขต 3,15,20.43,18.27,30.00,35.59,26.60,16.71,43.33,30.91,29.47,17.75,5.89,15.02,26.67,44.22
2567,52,วัดป่าแดง,ไชยปราการ,เล็ก,นอกเมือง,สำนักงานคณะกรรมการการศึกษาขั้นพื้นฐาน,สพป.เชียงใหม่ เขต 3,19,16.13,23.04,47.37,30.23,22.00,22.45,28.95,33.70,24.00,13.56,6.98,16.11,21.05,40.77
2567,53,วัดป่าไม้แดง,ไชยปราการ,เล็ก,นอกเมือง,สำนักงานการศึกษาพระปริยัติธรรม แผนกสามัญศึกษา,สำนักเขตการศึกษาพระปริยัติธรรมฯ เขต  5,12,15.32,19.78,58.33,34.36,26.92,9.37,29.17,37.96,21.00,12.19,15.70,30.20,16.67,37.27
2567,54,สันติวนา,ไชยปราการ,เล็ก,นอกเมือง,สำนักงานคณะกรรมการการศึกษาขั้นพื้นฐาน,สพป.เชียงใหม่ เขต 3,13,21.22,22.11,38.46,34.83,17.54,17.42,26.92,37.29,20.85,11.72,10.20,18.62,23.08,42.13
2567,55,ดอยเต่าวิทยาคม,ดอยเต่า,กลาง,นอกเมือง,สำนักงานคณะกรรมการการศึกษาขั้นพื้นฐาน,สำนักงานเขตพื้นที่การศึกษามัธยมศึกษาเชียงใหม่,115,25.85,21.23,31.30,35.79,31.33,20.50,25.65,33.21,26.73,19.07,9.52,19.75,33.91,47.34
2567,56,บ้านน้อยห้วยรินวิทยา,ดอยเต่า,เล็ก,นอกเมือง,สำนักงานคณะกรรมการการศึกษาขั้นพื้นฐาน,สพป.เชียงใหม่ เขต 5,7,30.65,23.17,21.43,24.74,19.00,17.59,42.86,31.94,16.29,6.65,6.31,15.46,0.00,0.00
2567,57,บ้านบงตัน,ดอยเต่า,เล็ก,นอกเมือง,สำนักงานคณะกรรมการการศึกษาขั้นพื้นฐาน,สพป.เชียงใหม่ เขต 5,15,18.39,18.72,30.00,24.49,32.33,18.57,46.67,33.99,25.33,20.42,31.78,34.38,20.00,40.00
2567,58,บ้านโปง,ดอยเต่า,เล็ก,นอกเมือง,สำนักงานคณะกรรมการการศึกษาขั้นพื้นฐาน,สพป.เชียงใหม่ เขต 5,28,24.08,20.65,30.36,33.65,21.71,15.83,35.71,37.46,27.32,13.32,4.73,13.67,21.43,41.03
2567,59,บ้านแม่ตูบ,ดอยเต่า,เล็ก,นอกเมือง,สำนักงานคณะกรรมการการศึกษาขั้นพื้นฐาน,สพป.เชียงใหม่ เขต 5,14,32.83,18.18,32.14,35.89,35.64,20.88,25.00,36.60,25.79,13.64,10.30,19.88,35.71,47.92
2567,60,บ้านแอ่นจัดสรร,ดอยเต่า,เล็ก,นอกเมือง,สำนักงานคณะกรรมการการศึกษาขั้นพื้นฐาน,สพป.เชียงใหม่ เขต 5,13,21.22,22.11,23.08,31.72,19.00,16.66,30.77,31.25,20.46,15.74,14.49,21.91,15.38,36.08
2567,61,วัดฉิมพลีวิทยา,ดอยเต่า,เล็ก,นอกเมือง,สำนักงานการศึกษาพระปริยัติธรรม แผนกสามัญศึกษา,สำนักเขตการศึกษาพระปริยัติธรรมฯ เขต  5,8,15.32,15.32,68.75,34.80,21.38,14.83,25.00,25.00,16.63,11.39,5.52,14.61,37.50,48.41
2567,62,ชลประทานผาแตก,ดอยสะเก็ด,กลาง,นอกเมือง,สำนักงานคณะกรรมการการศึกษาขั้นพื้นฐาน,สพป.เชียงใหม่ เขต 1,46,17.32,20.86,40.22,38.48,28.00,22.07,32.61,33.33,23.76,18.55,10.62,20.32,21.74,41.25
2567,63,ดอยสะเก็ดผดุงศาสน์,ดอยสะเก็ด,เล็ก,นอกเมือง,สำนักงานการศึกษาพระปริยัติธรรม แผนกสามัญศึกษา,สำนักเขตการศึกษาพระปริยัติธรรมฯ เขต  5,0,-,-,-,-,-,-,-,-,-,-,-,-,-,-
2567,64,ดอยสะเก็ดวิทยาคม,ดอยสะเก็ด,กลาง,นอกเมือง,สำนักงานคณะกรรมการการศึกษาขั้นพื้นฐาน,สำนักงานเขตพื้นที่การศึกษามัธยมศึกษาเชียงใหม่,70,20.69,20.79,27.86,33.42,24.17,20.53,30.00,29.76,29.11,20.09,7.91,17.48,24.29,42.88
2567,65,บ้านเชิงดอย(ดอยสะเก็ดศึกษา),ดอยสะเก็ด,ใหญ่,นอกเมือง,สำนักงานคณะกรรมการการศึกษาขั้นพื้นฐาน,สพป.เชียงใหม่ เขต 1,70,15.76,20.55,20.71,28.65,29.87,16.78,37.14,34.52,26.07,17.99,9.97,20.96,27.14,44.47
2567,66,บ้านป่าไม้แดง,ดอยสะเก็ด,กลาง,นอกเมือง,สำนักงานคณะกรรมการการศึกษาขั้นพื้นฐาน,สพป.เชียงใหม่ เขต 1,21,13.52,21.19,42.86,35.48,28.05,19.99,26.19,33.16,16.29,10.63,10.52,18.82,33.33,47.14
2567,67,บ้านป่าเสร้า,ดอยสะเก็ด,กลาง,นอกเมือง,สำนักงานคณะกรรมการการศึกษาขั้นพื้นฐาน,สพป.เชียงใหม่ เขต 1,13,31.89,19.33,19.23,31.25,27.77,20.57,19.23,24.33,23.38,18.49,14.49,21.91,30.77,46.15
2567,68,บ้านแม่หวาน,ดอยสะเก็ด,เล็ก,นอกเมือง,สำนักงานคณะกรรมการการศึกษาขั้นพื้นฐาน,สพป.เชียงใหม่ เขต 1,4,15.32,15.32,12.50,21.65,19.00,13.44,12.50,21.65,19.00,13.44,0.00,0.00,50.00,50.00
2567,69,เพื่อชีวิตเชียงใหม่,ดอยสะเก็ด,เล็ก,นอกเมือง,สำนักงานคณะกรรมการส่งเสริมการศึกษาเอกชน,-,10,24.52,22.93,45.00,35.00,17.10,19.84,45.00,41.53,24.70,14.84,10.00,20.17,30.00,45.83
2567,70,แม่คือวิทยา,ดอยสะเก็ด,กลาง,นอกเมือง,สำนักงานคณะกรรมการการศึกษาขั้นพื้นฐาน,สพป.เชียงใหม่ เขต 1,42,21.16,19.48,39.29,35.42,31.24,19.89,35.71,38.24,23.98,15.55,5.54,15.15,30.95,46.23
2567,71,แม่โป่งประชาสามัคคี,ดอยสะเก็ด,เล็ก,นอกเมือง,สำนักงานคณะกรรมการการศึกษาขั้นพื้นฐาน,สพป.เชียงใหม่ เขต 1,20,15.73,20.93,42.50,32.69,30.40,17.41,35.00,35.71,31.60,20.52,8.84,17.67,15.00,35.71
2567,72,ไมตรีจิตคริสเตียนเชียงใหม่,ดอยสะเก็ด,กลาง,นอกเมือง,สำนักงานคณะกรรมการส่งเสริมการศึกษาเอกชน,-,20,16.85,18.07,40.00,33.91,23.75,14.56,32.50,36.31,21.85,17.28,11.05,19.13,10.00,30.00
2567,73,กรป.กลางอุปถัมภ์,ดอยหล่อ,เล็ก,นอกเมือง,สำนักงานคณะกรรมการการศึกษาขั้นพื้นฐาน,สพป.เชียงใหม่ เขต 4,11,23.02,19.36,31.82,24.05,22.91,22.32,50.00,36.93,25.91,16.75,0.00,0.00,36.36,48.10
2567,74,บ้านสามหลัง,ดอยหล่อ,เล็ก,นอกเมือง,สำนักงานคณะกรรมการการศึกษาขั้นพื้นฐาน,สพป.เชียงใหม่ เขต 4,5,12.26,15.01,40.00,20.00,51.40,21.21,20.00,24.49,11.40,9.31,26.51,21.65,0.00,0.00
2567,75,บ้านเหล่าเป้า,ดอยหล่อ,เล็ก,นอกเมือง,สำนักงานคณะกรรมการการศึกษาขั้นพื้นฐาน,สพป.เชียงใหม่ เขต 4,6,20.43,14.45,41.67,34.36,22.17,20.28,16.67,23.57,22.17,20.28,14.73,20.83,16.67,37.27
2567,76,วัดโขงขาววิทยา,ดอยหล่อ,เล็ก,นอกเมือง,สำนักงานการศึกษาพระปริยัติธรรม แผนกสามัญศึกษา,สำนักเขตการศึกษาพระปริยัติธรรมฯ เขต  5,4,38.31,13.27,25.00,25.00,23.75,20.70,12.50,21.65,9.50,9.50,0.00,0.00,25.00,43.30
2567,77,สองแคววิทยาคม,ดอยหล่อ,กลาง,นอกเมือง,สำนักงานคณะกรรมการการศึกษาขั้นพื้นฐาน,สำนักงานเขตพื้นที่การศึกษามัธยมศึกษาเชียงใหม่,70,22.00,20.23,30.71,36.15,28.79,20.99,32.86,32.61,26.94,20.04,12.66,24.02,25.71,43.71
2567,78,สันติสุข,ดอยหล่อ,กลาง,นอกเมือง,สำนักงานคณะกรรมการการศึกษาขั้นพื้นฐาน,สำนักงานเขตพื้นที่การศึกษามัธยมศึกษาเชียงใหม่,34,17.13,22.53,29.41,34.55,18.03,16.94,44.12,33.79,19.56,18.13,5.20,14.24,11.76,32.22
2567,79,เจ้าแม่หลวงอุปถัมภ์ 1,ฝาง,กลาง,นอกเมือง,สำนักงานคณะกรรมการการศึกษาขั้นพื้นฐาน,สพป.เชียงใหม่ เขต 3,33,24.14,21.01,28.79,27.61,28.36,17.05,48.48,35.86,24.76,17.80,14.09,24.76,30.30,45.96
2567,80,ฉือจี้เชียงใหม่,ฝาง,กลาง,นอกเมือง,สำนักงานคณะกรรมการส่งเสริมการศึกษาเอกชน,-,113,31.42,27.61,33.19,34.31,34.39,22.57,31.86,37.07,34.63,23.03,24.24,32.75,30.97,46.24
2567,81,ชุมชนบ้านแม่สูนหลวง,ฝาง,เล็ก,นอกเมือง,สำนักงานคณะกรรมการการศึกษาขั้นพื้นฐาน,สพป.เชียงใหม่ เขต 3,2,45.97,15.32,25.00,25.00,28.50,9.50,0.00,0.00,28.50,28.50,0.00,0.00,50.00,50.00
2567,82,เทพศิรินทร์๙โครงการหลวงในพระบรมราชูปถัมภ์,ฝาง,เล็ก,นอกเมือง,สำนักงานคณะกรรมการการศึกษาขั้นพื้นฐาน,สพป.เชียงใหม่ เขต 3,15,38.49,24.52,46.67,38.59,19.00,15.51,46.67,38.59,13.93,12.92,2.95,11.02,13.33,33.99
2567,83,บ้านต้นผึ้ง,ฝาง,เล็ก,นอกเมือง,สำนักงานคณะกรรมการการศึกษาขั้นพื้นฐาน,สพป.เชียงใหม่ เขต 3,10,18.39,20.33,40.00,30.00,38.10,11.72,15.00,32.02,28.50,12.75,27.67,31.86,40.00,48.99
2567,84,บ้านทุ่งหลุก,ฝาง,เล็ก,นอกเมือง,สำนักงานคณะกรรมการการศึกษาขั้นพื้นฐาน,สพป.เชียงใหม่ เขต 3,6,30.65,0.00,33.33,23.57,19.00,15.51,33.33,23.57,19.00,10.97,16.67,23.81,50.00,50.00
2567,85,บ้านปางปอย,ฝาง,กลาง,นอกเมือง,สำนักงานคณะกรรมการการศึกษาขั้นพื้นฐาน,สพป.เชียงใหม่ เขต 3,25,13.48,17.51,32.00,31.24,35.16,24.79,26.00,37.74,22.80,18.62,7.07,16.20,32.00,46.65
2567,86,บ้านปางสัก,ฝาง,เล็ก,นอกเมือง,สำนักงานคณะกรรมการการศึกษาขั้นพื้นฐาน,สพป.เชียงใหม่ เขต 3,7,13.13,22.32,42.86,31.94,36.00,24.92,28.57,36.42,27.14,9.40,18.94,21.87,28.57,45.18
2567,87,บ้านโป่งนก,ฝาง,กลาง,นอกเมือง,สำนักงานคณะกรรมการการศึกษาขั้นพื้นฐาน,สพป.เชียงใหม่ เขต 3,8,30.65,21.67,43.75,39.03,28.50,9.50,37.50,33.07,14.25,8.23,22.09,22.09,0.00,0.00
2567,88,บ้านม่วงชุม,ฝาง,กลาง,นอกเมือง,สำนักงานคณะกรรมการการศึกษาขั้นพื้นฐาน,สพป.เชียงใหม่ เขต 3,45,19.25,20.11,32.22,35.21,21.76,18.84,36.67,33.99,23.22,16.46,7.86,16.89,20.00,40.00
2567,89,บ้านม่อนปิ่น,ฝาง,กลาง,นอกเมือง,สำนักงานคณะกรรมการการศึกษาขั้นพื้นฐาน,สพป.เชียงใหม่ เขต 3,15,33.23,29.62,43.33,30.91,20.27,12.92,46.67,38.59,19.00,13.88,9.61,19.38,26.67,44.22
2567,90,บ้านแม่ข่า,ฝาง,กลาง,นอกเมือง,สำนักงานคณะกรรมการการศึกษาขั้นพื้นฐาน,สพป.เชียงใหม่ เขต 3,23,22.65,20.64,28.26,35.59,27.26,14.64,50.00,36.12,23.96,17.01,10.11,19.31,8.70,28.18
2567,91,บ้านแม่คะ,ฝาง,กลาง,นอกเมือง,สำนักงานคณะกรรมการการศึกษาขั้นพื้นฐาน,สพป.เชียงใหม่ เขต 3,6,10.22,14.45,25.00,25.00,26.17,13.91,58.33,34.36,25.33,8.96,14.73,20.83,66.67,47.14
2567,92,บ้านแม่งอนขี้เหล็ก,ฝาง,กลาง,นอกเมือง,กรมส่งเสริมการปกครองท้องถิ่น,ท้องถิ่นจังหวัดเชียงใหม่,34,13.52,18.49,29.41,34.55,25.44,21.08,16.18,23.39,20.12,12.99,10.74,22.88,44.12,49.65
2567,93,บ้านล้องอ้อ,ฝาง,เล็ก,นอกเมือง,กรมส่งเสริมการปกครองท้องถิ่น,ท้องถิ่นจังหวัดเชียงใหม่,23,21.32,22.92,32.61,31.65,24.17,19.17,32.61,31.65,24.17,20.74,15.87,21.86,17.39,37.90
2567,94,บ้านเวียงฝาง,ฝาง,ใหญ่,นอกเมือง,สำนักงานคณะกรรมการการศึกษาขั้นพื้นฐาน,สพป.เชียงใหม่ เขต 3,100,20.84,21.18,37.00,36.48,25.00,18.43,30.50,33.83,25.94,19.78,12.49,21.25,20.00,40.00
2567,95,บ้านสันทรายคองน้อย,ฝาง,กลาง,นอกเมือง,สำนักงานคณะกรรมการการศึกษาขั้นพื้นฐาน,สพป.เชียงใหม่ เขต 3,7,30.65,23.17,28.57,24.74,22.43,12.10,21.43,24.74,35.29,18.81,14.29,34.99,14.29,34.99
2567,96,บ้านสันป่าแดง,ฝาง,เล็ก,นอกเมือง,สำนักงานคณะกรรมการการศึกษาขั้นพื้นฐาน,สพป.เชียงใหม่ เขต 3,8,7.66,13.27,37.50,33.07,21.38,17.61,37.50,33.07,21.38,20.01,0.00,0.00,37.50,48.41
2567,97,บ้านหลวง,ฝาง,กลาง,นอกเมือง,สำนักงานคณะกรรมการการศึกษาขั้นพื้นฐาน,สพป.เชียงใหม่ เขต 3,16,41.53,16.30,28.13,30.46,24.94,21.99,40.63,40.38,20.19,14.20,11.05,19.13,18.75,39.03
2567,98,บ้านห้วยงูกลาง,ฝาง,เล็ก,นอกเมือง,สำนักงานคณะกรรมการการศึกษาขั้นพื้นฐาน,สพป.เชียงใหม่ เขต 3,20,24.52,20.78,32.50,32.69,28.05,21.34,42.50,28.61,19.00,15.90,4.42,13.26,40.00,48.99
2567,99,บ้านห้วยหมากเลี่ยม,ฝาง,กลาง,นอกเมือง,สำนักงานคณะกรรมการการศึกษาขั้นพื้นฐาน,สพป.เชียงใหม่ เขต 3,15,16.34,18.95,36.67,38.59,23.13,18.93,40.00,20.00,20.27,18.96,6.67,17.13,13.33,33.99
2567,100,บ้านห้วยเฮี่ยน,ฝาง,เล็ก,นอกเมือง,สำนักงานคณะกรรมการการศึกษาขั้นพื้นฐาน,สพป.เชียงใหม่ เขต 3,11,19.50,19.70,36.36,30.83,19.00,19.84,27.27,39.10,27.64,18.76,0.00,0.00,27.27,44.54
2567,101,บ้านเหมืองแร่,ฝาง,กลาง,นอกเมือง,สำนักงานคณะกรรมการการศึกษาขั้นพื้นฐาน,สพป.เชียงใหม่ เขต 3,12,17.88,19.62,29.17,32.00,30.92,12.83,29.17,32.00,23.75,19.20,12.02,29.18,41.67,49.30
2567,102,ฝางชนูปถัมภ์,ฝาง,ใหญ่,นอกเมือง,สำนักงานคณะกรรมการการศึกษาขั้นพื้นฐาน,สำนักงานเขตพื้นที่การศึกษามัธยมศึกษาเชียงใหม่,171,25.90,20.64,28.95,31.92,25.02,19.36,33.92,34.48,25.43,19.01,10.47,20.45,24.56,43.05
2567,103,ฝางธรรมศึกษา,ฝาง,เล็ก,นอกเมือง,สำนักงานการศึกษาพระปริยัติธรรม แผนกสามัญศึกษา,สำนักเขตการศึกษาพระปริยัติธรรมฯ เขต  5,2,30.65,0.00,50.00,50.00,19.00,19.00,0.00,0.00,31.00,7.00,0.00,0.00,0.00,0.00
2567,104,รังษีวิทยา,ฝาง,ใหญ่พิเศษ,นอกเมือง,สำนักงานคณะกรรมการส่งเสริมการศึกษาเอกชน,-,117,42.71,30.50,37.18,32.79,46.67,28.42,43.59,37.29,37.99,26.55,34.21,34.59,46.15,49.85
2567,105,รัตนาเอื้อวิทยา,ฝาง,ใหญ่,นอกเมือง,สำนักงานคณะกรรมการส่งเสริมการศึกษาเอกชน,-,50,25.45,21.33,36.00,37.47,33.38,20.68,29.00,33.30,31.18,19.28,10.88,22.93,24.00,42.71
2567,106,วัดเจดีย์งามปริยัติวิทยา,ฝาง,เล็ก,นอกเมือง,สำนักงานการศึกษาพระปริยัติธรรม แผนกสามัญศึกษา,สำนักเขตการศึกษาพระปริยัติธรรมฯ เขต  5,5,18.39,24.52,60.00,37.42,7.60,9.31,30.00,24.49,3.80,7.60,17.67,21.65,0.00,0.00
2567,107,วัดนันทาราม,ฝาง,กลาง,นอกเมือง,สำนักงานคณะกรรมการการศึกษาขั้นพื้นฐาน,สพป.เชียงใหม่ เขต 3,9,23.84,19.26,33.33,23.57,30.67,25.63,44.44,49.69,23.22,21.53,9.82,18.37,22.22,41.57
2567,108,วัดพระบาทอุดม,ฝาง,เล็ก,นอกเมือง,สำนักงานการศึกษาพระปริยัติธรรม แผนกสามัญศึกษา,สำนักเขตการศึกษาพระปริยัติธรรมฯ เขต  5,13,11.79,14.91,23.08,24.93,16.08,12.57,38.46,34.83,20.46,20.36,10.20,18.62,30.77,46.15
2567,109,สายอักษร,ฝาง,กลาง,นอกเมือง,สำนักงานคณะกรรมการส่งเสริมการศึกษาเอกชน,-,26,16.50,15.28,32.69,33.80,30.00,19.07,28.85,34.45,26.31,19.06,14.04,25.26,26.92,44.36
2567,110,เขื่อนผากวิทยา,พร้าว,เล็ก,นอกเมือง,สำนักงานการศึกษาพระปริยัติธรรม แผนกสามัญศึกษา,สำนักเขตการศึกษาพระปริยัติธรรมฯ เขต  5,11,16.72,15.26,27.27,32.78,15.55,10.92,36.36,43.12,22.45,10.92,4.02,12.70,0.00,0.00
2567,111,ชุมชนบ้านโป่ง,พร้าว,เล็ก,นอกเมือง,สำนักงานคณะกรรมการการศึกษาขั้นพื้นฐาน,สพป.เชียงใหม่ เขต 2,7,31.80,24.80,42.86,41.65,36.71,25.58,64.29,22.59,29.86,19.95,20.60,35.82,28.57,45.18
2567,112,บ้านนาบุญโหล่งขอด,พร้าว,เล็ก,นอกเมือง,สำนักงานคณะกรรมการการศึกษาขั้นพื้นฐาน,สพป.เชียงใหม่ เขต 2,10,27.58,21.45,20.00,24.49,39.00,25.27,35.00,39.05,30.40,17.41,14.42,31.42,30.00,45.83
2567,113,บ้านแม่ปั๋ง,พร้าว,เล็ก,นอกเมือง,สำนักงานคณะกรรมการการศึกษาขั้นพื้นฐาน,สพป.เชียงใหม่ เขต 2,13,25.93,20.28,15.38,23.08,28.15,15.85,23.08,37.29,22.31,13.12,10.20,18.62,15.38,36.08
2567,114,บ้านแม่ปาคี,พร้าว,เล็ก,นอกเมือง,สำนักงานคณะกรรมการการศึกษาขั้นพื้นฐาน,สพป.เชียงใหม่ เขต 2,4,7.66,13.27,25.00,25.00,23.75,20.70,37.50,41.46,33.25,20.70,11.05,19.13,0.00,0.00
2567,115,บ้านแม่เหียะ,พร้าว,เล็ก,นอกเมือง,สำนักงานคณะกรรมการการศึกษาขั้นพื้นฐาน,สพป.เชียงใหม่ เขต 2,16,13.41,18.67,25.00,30.62,16.94,16.73,15.63,23.18,27.63,16.66,16.57,21.39,6.25,24.21
2567,116,บ้านสันกลาง,พร้าว,เล็ก,นอกเมือง,สำนักงานคณะกรรมการการศึกษาขั้นพื้นฐาน,สพป.เชียงใหม่ เขต 2,4,22.98,25.41,37.50,21.65,34.50,17.67,12.50,21.65,14.25,15.75,0.00,0.00,0.00,0.00
2567,117,บ้านสันปง,พร้าว,เล็ก,นอกเมือง,สำนักงานคณะกรรมการการศึกษาขั้นพื้นฐาน,สพป.เชียงใหม่ เขต 2,3,30.65,0.00,33.33,23.57,31.67,8.96,50.00,0.00,19.00,15.51,0.00,0.00,0.00,0.00
2567,118,บ้านหนองปิด,พร้าว,เล็ก,นอกเมือง,สำนักงานคณะกรรมการการศึกษาขั้นพื้นฐาน,สพป.เชียงใหม่ เขต 2,6,25.54,21.06,16.67,37.27,37.33,24.19,25.00,25.00,22.17,13.06,7.36,16.47,16.67,37.27
2567,119,พร้าวบูรพา,พร้าว,เล็ก,นอกเมือง,สำนักงานคณะกรรมการการศึกษาขั้นพื้นฐาน,สพป.เชียงใหม่ เขต 2,9,10.22,14.45,44.44,36.85,8.44,13.01,5.56,15.71,16.89,18.88,4.91,13.89,0.00,0.00
2567,120,โรงเรียนพร้าววิทยาคม,พร้าว,ใหญ่,นอกเมือง,สำนักงานคณะกรรมการการศึกษาขั้นพื้นฐาน,สำนักงานเขตพื้นที่การศึกษามัธยมศึกษาเชียงใหม่,144,22.19,21.23,30.90,33.33,29.79,22.63,31.25,33.27,25.18,20.77,14.62,25.47,29.86,45.76
2567,121,สหกรณ์ดำริ,พร้าว,เล็ก,นอกเมือง,สำนักงานคณะกรรมการการศึกษาขั้นพื้นฐาน,สพป.เชียงใหม่ เขต 2,15,8.17,13.55,43.33,35.90,32.00,25.31,33.33,39.44,24.40,21.60,8.84,17.67,33.33,47.14
2567,122,กสิณธร เซนต์เจมส์ เชียงใหม่,เมืองเชียงใหม่,เล็ก,ในเมือง,สำนักงานคณะกรรมการส่งเสริมการศึกษาเอกชน,-,7,17.51,15.17,28.57,45.18,13.57,8.58,35.71,34.99,32.57,26.32,12.62,19.96,42.86,49.49
2567,123,กาวิละวิทยาลัย,เมืองเชียงใหม่,ใหญ่,ในเมือง,สำนักงานคณะกรรมการการศึกษาขั้นพื้นฐาน,สำนักงานเขตพื้นที่การศึกษามัธยมศึกษาเชียงใหม่,140,23.86,21.69,35.00,35.20,33.29,21.54,31.79,33.92,26.31,20.50,11.31,22.58,27.86,44.83
2567,124,โกวิทธำรงเชียงใหม่,เมืองเชียงใหม่,ใหญ่,ในเมือง,สำนักงานคณะกรรมการส่งเสริมการศึกษาเอกชน,-,53,32.11,25.11,21.70,28.33,34.47,23.24,31.13,36.63,27.17,19.44,24.48,35.27,41.51,49.27
2567,125,จิตราวิทยา,เมืองเชียงใหม่,ใหญ่,ในเมือง,สำนักงานคณะกรรมการส่งเสริมการศึกษาเอกชน,-,74,13.25,18.22,28.38,28.57,27.55,20.01,25.00,28.77,25.55,19.38,13.92,25.79,21.62,41.17
2567,126,ชุมชนเทศบาลวัดศรีดอนไชย,เมืองเชียงใหม่,กลาง,ในเมือง,กรมส่งเสริมการปกครองท้องถิ่น,ท้องถิ่นจังหวัดเชียงใหม่,26,16.50,17.48,36.54,35.51,15.35,18.27,42.31,33.09,22.65,16.68,10.20,18.62,15.38,36.08
2567,127,ชุมชนบ้านบวกครกน้อย,เมืองเชียงใหม่,กลาง,ในเมือง,สำนักงานคณะกรรมการการศึกษาขั้นพื้นฐาน,สพป.เชียงใหม่ เขต 1,17,23.91,23.24,35.29,33.28,29.94,23.82,17.65,23.89,25.18,23.49,5.20,14.24,23.53,42.42
2567,128,ชุมชนวัดท่าเดื่อ,เมืองเชียงใหม่,เล็ก,ในเมือง,สำนักงานคณะกรรมการการศึกษาขั้นพื้นฐาน,สพป.เชียงใหม่ เขต 1,32,18.45,23.32,28.13,32.92,25.69,13.50,39.06,39.00,25.69,16.83,12.79,20.54,15.62,36.31
2567,129,เชตุพนศึกษา,เมืองเชียงใหม่,เล็ก,ในเมือง,สำนักงานการศึกษาพระปริยัติธรรม แผนกสามัญศึกษา,สำนักเขตการศึกษาพระปริยัติธรรมฯ เขต  5,16,21.07,20.89,53.13,32.92,17.81,20.67,43.75,39.03,23.75,20.70,8.28,17.25,43.75,49.61
2567,130,เชียงใหม่คริสเตียน,เมืองเชียงใหม่,ใหญ่,ในเมือง,สำนักงานคณะกรรมการส่งเสริมการศึกษาเอกชน,-,128,18.91,22.05,34.38,34.09,25.70,20.33,36.33,35.20,23.02,18.26,9.94,19.85,29.69,45.69
2567,131,ดาราวิทยาลัย,เมืองเชียงใหม่,ใหญ่พิเศษ,ในเมือง,สำนักงานคณะกรรมการส่งเสริมการศึกษาเอกชน,-,235,29.08,27.88,33.40,33.91,38.17,25.66,36.38,35.52,37.91,26.44,23.70,33.56,31.49,46.45
2567,132,เทพบดินทร์วิทยาเชียงใหม่,เมืองเชียงใหม่,ใหญ่,ในเมือง,สำนักงานคณะกรรมการส่งเสริมการศึกษาเอกชน,-,106,21.26,20.45,22.64,30.82,29.52,17.89,33.96,34.71,23.62,17.52,17.35,28.39,35.85,47.96
2567,133,เทศบาลวัดท่าสะต๋อย,เมืองเชียงใหม่,กลาง,ในเมือง,กรมส่งเสริมการปกครองท้องถิ่น,ท้องถิ่นจังหวัดเชียงใหม่,28,20.79,18.41,37.50,36.90,31.07,18.31,30.36,30.88,31.93,18.29,17.44,30.19,28.57,45.18
2567,134,เทศบาลวัดศรีปิงเมือง,เมืองเชียงใหม่,กลาง,ในเมือง,กรมส่งเสริมการปกครองท้องถิ่น,ท้องถิ่นจังหวัดเชียงใหม่,20,24.52,20.78,20.00,24.49,21.85,17.28,25.00,37.08,21.85,16.21,4.42,13.26,20.00,40.00
2567,135,ธรรมเมธีศึกษา,เมืองเชียงใหม่,เล็ก,ในเมือง,สำนักงานการศึกษาพระปริยัติธรรม แผนกสามัญศึกษา,สำนักเขตการศึกษาพระปริยัติธรรมฯ เขต  5,6,0.00,0.00,8.33,18.63,15.83,13.06,33.33,23.57,25.33,17.91,7.36,16.47,50.00,50.00
2567,136,ธรรมราชศึกษา,เมืองเชียงใหม่,กลาง,ในเมือง,สำนักงานคณะกรรมการส่งเสริมการศึกษาเอกชน,-,97,17.78,19.80,33.51,34.97,24.21,20.62,35.57,34.40,26.26,17.82,10.02,18.50,25.77,43.74
2567,137,บ้านดอนปิน,เมืองเชียงใหม่,กลาง,ในเมือง,สำนักงานคณะกรรมการการศึกษาขั้นพื้นฐาน,สพป.เชียงใหม่ เขต 1,24,17.88,21.52,29.17,35.11,33.29,17.71,22.92,28.79,24.54,17.76,5.52,14.61,25.00,43.30
2567,138,บ้านโป่งน้อย,เมืองเชียงใหม่,กลาง,ในเมือง,สำนักงานคณะกรรมการการศึกษาขั้นพื้นฐาน,สพป.เชียงใหม่ เขต 1,18,17.03,18.34,47.22,35.25,24.28,13.88,36.11,27.92,21.39,15.71,5.56,22.91,22.22,41.57
2567,139,ปรินส์รอยแยลส์วิทยาลัย,เมืองเชียงใหม่,ใหญ่พิเศษ,ในเมือง,สำนักงานคณะกรรมการส่งเสริมการศึกษาเอกชน,-,505,42.82,28.65,39.80,36.15,53.54,28.56,49.50,38.85,49.25,31.45,37.87,40.68,41.98,49.35
2567,140,พระหฤทัยเชียงใหม่,เมืองเชียงใหม่,ใหญ่,ในเมือง,สำนักงานคณะกรรมการส่งเสริมการศึกษาเอกชน,-,83,24.47,23.49,22.89,29.35,33.47,24.53,34.34,37.97,31.04,21.16,19.08,27.78,33.73,47.28
2567,141,พิงครัตน์,เมืองเชียงใหม่,เล็ก,ในเมือง,สำนักงานคณะกรรมการส่งเสริมการศึกษาเอกชน,-,9,17.03,20.99,61.11,45.81,26.44,24.80,22.22,24.85,30.67,24.01,33.33,40.92,0.00,0.00
2567,142,มงฟอร์ตวิทยาลัย แผนกมัธยม,เมืองเชียงใหม่,ใหญ่พิเศษ,ในเมือง,สำนักงานคณะกรรมการส่งเสริมการศึกษาเอกชน,-,96,50.99,29.15,49.48,38.52,57.69,29.66,53.65,35.54,65.67,27.44,53.92,41.40,53.12,49.90
2567,143,เมตตาศึกษา,เมืองเชียงใหม่,กลาง,ในเมือง,สำนักงานคณะกรรมการส่งเสริมการศึกษาเอกชน,-,121,17.48,20.41,33.06,34.95,23.32,17.14,29.34,33.20,23.12,17.69,9.78,19.83,25.62,43.65
2567,144,ยุพราชวิทยาลัย,เมืองเชียงใหม่,ใหญ่พิเศษ,ในเมือง,สำนักงานคณะกรรมการการศึกษาขั้นพื้นฐาน,สำนักงานเขตพื้นที่การศึกษามัธยมศึกษาเชียงใหม่,542,35.33,28.20,37.45,36.19,49.36,28.32,44.19,37.55,46.25,28.54,35.59,39.09,35.61,47.88
2567,145,ยุวฑูตศึกษาพัฒนาราชพฤกษ์,เมืองเชียงใหม่,กลาง,ในเมือง,สำนักงานคณะกรรมการส่งเสริมการศึกษาเอกชน,-,19,24.62,26.67,31.58,33.29,36.58,21.33,34.21,36.46,41.05,27.02,22.15,28.57,31.58,46.48
2567,146,เรยีนาเชลีวิทยาลัย,เมืองเชียงใหม่,ใหญ่,ในเมือง,สำนักงานคณะกรรมการส่งเสริมการศึกษาเอกชน,-,128,31.79,26.70,37.89,35.77,37.52,25.68,36.33,37.35,33.38,25.05,30.43,37.22,29.69,45.69
2567,147,วชิรวิทย์ เชียงใหม่,เมืองเชียงใหม่,กลาง,ในเมือง,สำนักงานคณะกรรมการส่งเสริมการศึกษาเอกชน,-,51,25.84,21.35,39.22,36.13,33.67,22.44,35.29,31.77,32.35,24.63,18.06,30.79,33.33,47.14
2567,148,วัฒโนทัยพายัพ,เมืองเชียงใหม่,ใหญ่พิเศษ,ในเมือง,สำนักงานคณะกรรมการการศึกษาขั้นพื้นฐาน,สำนักงานเขตพื้นที่การศึกษามัธยมศึกษาเชียงใหม่,443,27.14,23.31,30.59,32.33,34.02,20.65,36.12,36.71,30.40,22.64,16.99,28.84,30.70,46.12
2567,149,วัดช่างเคี่ยน,เมืองเชียงใหม่,กลาง,ในเมือง,สำนักงานคณะกรรมการการศึกษาขั้นพื้นฐาน,สพป.เชียงใหม่ เขต 1,18,18.73,20.78,36.11,22.40,23.50,20.34,36.11,32.51,30.89,22.66,4.91,13.89,27.78,44.79
2567,150,วัดดอนจั่น,เมืองเชียงใหม่,กลาง,ในเมือง,สำนักงานคณะกรรมการการศึกษาขั้นพื้นฐาน,สพป.เชียงใหม่ เขต 1,25,13.48,17.51,30.00,34.64,18.44,18.45,36.00,36.11,22.80,15.20,3.53,11.99,20.00,40.00
2567,151,วัดวังสิงห์คำ,เมืองเชียงใหม่,กลาง,ในเมือง,สำนักงานคณะกรรมการการศึกษาขั้นพื้นฐาน,สพป.เชียงใหม่ เขต 1,12,33.20,23.27,41.67,34.36,33.67,13.92,41.67,39.97,42.83,19.43,27.71,31.24,33.33,47.14
2567,152,วารีเชียงใหม่,เมืองเชียงใหม่,ใหญ่พิเศษ,ในเมือง,สำนักงานคณะกรรมการส่งเสริมการศึกษาเอกชน,-,175,30.49,25.88,35.71,34.58,40.79,24.84,35.43,34.25,39.33,24.75,24.73,34.63,31.43,46.42
2567,153,วิชัยวิทยา,เมืองเชียงใหม่,กลาง,ในเมือง,สำนักงานคณะกรรมการส่งเสริมการศึกษาเอกชน,-,21,48.62,31.97,35.71,41.24,50.57,27.65,33.33,41.79,45.76,32.71,52.82,40.87,38.10,48.56
2567,154,วิทยาลัยนาฎศิลปเชียงใหม่,เมืองเชียงใหม่,กลาง,ในเมือง,สถาบันบัณฑิตพัฒนศิลป์ (ปวช.),-,29,11.62,16.91,20.69,30.84,23.76,20.22,32.76,35.42,19.66,14.53,7.62,16.69,34.48,47.53
2567,155,สมเด็จพระพุทธชินวงศ์,เมืองเชียงใหม่,กลาง,ในเมือง,สำนักงานการศึกษาพระปริยัติธรรม แผนกสามัญศึกษา,สำนักเขตการศึกษาพระปริยัติธรรมฯ เขต  5,37,15.74,15.32,24.32,27.56,20.54,18.42,43.24,37.06,22.59,17.02,10.75,18.96,16.22,36.86
2567,156,สังวาลย์วิทยา,เมืองเชียงใหม่,เล็ก,ในเมือง,สำนักงานคณะกรรมการการศึกษาขั้นพื้นฐาน,สพป.เชียงใหม่ เขต 1,6,0.00,0.00,33.33,23.57,25.33,14.16,41.67,18.63,19.00,15.51,7.36,16.47,16.67,37.27
2567,157,สาธิตมหาวิทยาลัยเชียงใหม่,เมืองเชียงใหม่,ใหญ่,ในเมือง,สำนักงานปลัดกระทรวงการอุดมศึกษาฯ,-,217,50.22,32.07,49.77,40.02,66.07,26.96,47.47,36.63,63.81,29.48,54.15,42.30,41.01,49.19
2567,158,สามัคคีวิทยาทาน,เมืองเชียงใหม่,เล็ก,ในเมือง,สำนักงานการศึกษาพระปริยัติธรรม แผนกสามัญศึกษา,สำนักเขตการศึกษาพระปริยัติธรรมฯ เขต  5,20,12.26,17.87,32.50,28.61,23.05,20.68,17.50,23.85,18.05,16.43,2.21,9.63,25.00,43.30
2567,159,สารสาสน์วิเทศเชียงใหม่,เมืองเชียงใหม่,ใหญ่,ในเมือง,สำนักงานคณะกรรมการส่งเสริมการศึกษาเอกชน,-,49,27.68,23.03,21.43,28.57,33.02,21.75,30.61,33.22,23.20,19.34,16.56,24.02,18.37,38.72
2567,160,สารสาสน์วิเทศล้านนา,เมืองเชียงใหม่,ใหญ่,ในเมือง,สำนักงานคณะกรรมการส่งเสริมการศึกษาเอกชน,-,31,23.00,25.34,38.71,30.35,29.45,17.24,27.42,33.21,30.23,22.17,20.03,32.33,16.13,36.78
2567,161,โสตศึกษาอนุสารสุนทร,เมืองเชียงใหม่,เล็ก,ในเมือง,สำนักบริหารงานการศึกษาพิเศษ,-,0,-,-,-,-,-,-,-,-,-,-,-,-,-,-
2567,162,หอพระ,เมืองเชียงใหม่,กลาง,ในเมือง,สำนักงานคณะกรรมการการศึกษาขั้นพื้นฐาน,สำนักงานเขตพื้นที่การศึกษามัธยมศึกษาเชียงใหม่,56,14.23,18.28,36.61,37.19,23.59,16.63,34.82,36.50,23.84,16.93,4.73,13.67,25.00,43.30
2567,163,อนุบาลหนองป่าครั่ง,เมืองเชียงใหม่,เล็ก,ในเมือง,กรมส่งเสริมการปกครองท้องถิ่น,ท้องถิ่นจังหวัดเชียงใหม่,7,30.65,16.38,35.71,22.59,40.14,21.75,35.71,44.03,20.43,16.30,20.60,24.05,28.57,45.18
2567,164,อภัยอริยศึกษา,เมืองเชียงใหม่,เล็ก,ในเมือง,สำนักงานการศึกษาพระปริยัติธรรม แผนกสามัญศึกษา,สำนักเขตการศึกษาพระปริยัติธรรมฯ เขต  5,10,15.32,20.56,40.00,43.59,17.10,19.84,35.00,32.02,26.60,19.38,22.09,22.09,50.00,50.00
2567,165,เซนต์โยเซฟแม่แจ่ม,แม่แจ่ม,กลาง,นอกเมือง,สำนักงานคณะกรรมการส่งเสริมการศึกษาเอกชน,-,43,24.08,24.65,38.37,33.82,26.77,21.31,44.19,36.10,27.95,22.09,9.25,17.98,27.91,44.85
2567,166,บ้านกองแขก,แม่แจ่ม,เล็ก,นอกเมือง,สำนักงานคณะกรรมการการศึกษาขั้นพื้นฐาน,สพป.เชียงใหม่ เขต 6,10,24.52,22.93,35.00,22.91,19.00,12.02,40.00,37.42,18.10,13.59,4.42,13.26,0.00,0.00
2567,167,บ้านขุนแม่หยอด,แม่แจ่ม,เล็ก,นอกเมือง,สำนักงานคณะกรรมการการศึกษาขั้นพื้นฐาน,สพป.เชียงใหม่ เขต 6,15,16.88,15.91,13.33,22.11,32.93,24.50,26.67,35.90,27.87,16.80,27.29,28.87,13.33,33.99
2567,168,บ้านทุ่งแก,แม่แจ่ม,เล็ก,นอกเมือง,สำนักงานคณะกรรมการการศึกษาขั้นพื้นฐาน,สพป.เชียงใหม่ เขต 6,7,21.89,13.84,21.43,36.42,27.14,13.84,21.43,24.74,38.00,17.59,6.31,15.46,14.29,34.99
2567,169,บ้านปางหินฝน,แม่แจ่ม,เล็ก,นอกเมือง,สำนักงานคณะกรรมการการศึกษาขั้นพื้นฐาน,สพป.เชียงใหม่ เขต 6,10,37.58,28.44,30.00,33.17,34.20,23.73,45.00,41.53,22.80,14.22,10.00,20.17,10.00,30.00
2567,170,บ้านปางอุ๋ง,แม่แจ่ม,กลาง,นอกเมือง,สำนักงานคณะกรรมการการศึกษาขั้นพื้นฐาน,สพป.เชียงใหม่ เขต 6,13,11.79,14.91,34.62,30.28,25.23,22.19,50.00,43.85,23.38,15.19,13.60,20.39,15.38,36.08
2567,171,บ้านแม่ซา,แม่แจ่ม,เล็ก,นอกเมือง,สำนักงานคณะกรรมการการศึกษาขั้นพื้นฐาน,สพป.เชียงใหม่ เขต 6,11,13.93,15.26,54.55,33.40,20.73,20.58,18.18,32.14,30.27,20.15,8.03,17.04,9.09,28.75
2567,172,บ้านแม่นาจร,แม่แจ่ม,กลาง,นอกเมือง,สำนักงานคณะกรรมการการศึกษาขั้นพื้นฐาน,สพป.เชียงใหม่ เขต 6,22,12.54,19.94,27.27,32.78,24.18,15.35,50.00,33.71,21.18,16.91,2.01,9.20,13.64,34.32
2567,173,บ้านแม่ศึก (มูลนิธิธรรมมาภิรักษ์อุปถัมภ์ที่ 2),แม่แจ่ม,เล็ก,นอกเมือง,สำนักงานคณะกรรมการการศึกษาขั้นพื้นฐาน,สพป.เชียงใหม่ เขต 6,5,6.13,12.26,30.00,40.00,31.40,26.86,20.00,24.49,15.20,7.60,8.84,17.67,40.00,48.99
2567,174,บ้านแม่หงานหลวง,แม่แจ่ม,เล็ก,นอกเมือง,สำนักงานคณะกรรมการการศึกษาขั้นพื้นฐาน,สพป.เชียงใหม่ เขต 6,19,17.74,18.10,26.32,29.77,24.26,19.56,26.32,29.77,17.00,13.64,2.33,9.87,15.79,36.46
2567,175,บ้านแม่เอาะ,แม่แจ่ม,เล็ก,นอกเมือง,สำนักงานคณะกรรมการการศึกษาขั้นพื้นฐาน,สพป.เชียงใหม่ เขต 6,3,30.65,25.02,16.67,23.57,33.33,16.86,0.00,0.00,25.33,8.96,0.00,0.00,33.33,47.14
2567,176,บ้านแม่แฮเหนือ,แม่แจ่ม,กลาง,นอกเมือง,สำนักงานคณะกรรมการการศึกษาขั้นพื้นฐาน,สพป.เชียงใหม่ เขต 6,45,23.84,20.32,34.44,33.04,30.62,20.79,26.67,35.90,19.96,14.58,14.26,25.98,20.00,40.00
2567,177,บ้านโม่งหลวง,แม่แจ่ม,เล็ก,นอกเมือง,สำนักงานคณะกรรมการการศึกษาขั้นพื้นฐาน,สพป.เชียงใหม่ เขต 6,16,19.15,14.84,25.00,35.36,23.75,18.40,25.00,35.36,20.19,14.20,5.52,14.61,31.25,46.35
2567,178,แม่แจ่ม,แม่แจ่ม,ใหญ่,นอกเมือง,สำนักงานคณะกรรมการการศึกษาขั้นพื้นฐาน,สำนักงานเขตพื้นที่การศึกษามัธยมศึกษาเชียงใหม่,145,19.92,20.01,35.52,33.69,20.91,18.38,34.83,35.39,22.38,18.65,10.46,20.23,22.76,41.93
2567,179,แม่แจ่มปริยัติศึกษา,แม่แจ่ม,เล็ก,นอกเมือง,สำนักงานการศึกษาพระปริยัติธรรม แผนกสามัญศึกษา,สำนักเขตการศึกษาพระปริยัติธรรมฯ เขต  5,13,11.79,19.15,26.92,31.72,28.15,23.94,15.38,23.08,23.38,16.92,10.20,18.62,23.08,42.13
2567,180,ราชประชานุเคราะห์ 31,แม่แจ่ม,กลาง,นอกเมือง,สำนักบริหารงานการศึกษาพิเศษ,-,147,17.51,20.22,34.69,35.77,24.15,19.39,34.35,33.40,22.27,17.61,9.78,18.58,32.65,46.89
2567,181,สาธิตชุมชนการเรียนรู้สมเด็จย่า วิทยาลัยโพธิวิชชาลัย มหาวิทยาลัยศรีนครินทรวิโรฒ แม่แจ่ม,แม่แจ่ม,เล็ก,นอกเมือง,สำนักงานปลัดกระทรวงการอุดมศึกษาฯ,-,12,17.88,15.11,41.67,34.36,30.08,14.42,37.50,41.46,19.00,17.34,14.73,20.83,41.67,49.30
2567,182,อินทนนท์วิทยา,แม่แจ่ม,เล็ก,นอกเมือง,สำนักงานคณะกรรมการการศึกษาขั้นพื้นฐาน,สพป.เชียงใหม่ เขต 6,18,20.43,20.43,27.78,34.25,28.50,20.28,36.11,40.16,26.39,19.15,9.82,18.37,22.22,41.57
2567,183,ชุมชนวัดช่อแล,แม่แตง,เล็ก,นอกเมือง,สำนักงานคณะกรรมการการศึกษาขั้นพื้นฐาน,สพป.เชียงใหม่ เขต 2,11,11.14,14.74,31.82,24.05,24.18,14.24,18.18,32.14,22.45,15.83,16.07,21.26,27.27,44.54
2567,184,เชียงใหม่มัธยม,แม่แตง,ใหญ่,นอกเมือง,สำนักงานคณะกรรมการส่งเสริมการศึกษาเอกชน,-,7,21.89,21.45,14.29,22.59,32.00,21.59,21.43,24.74,22.43,13.18,6.31,15.46,28.57,45.18
2567,185,บ้านปง,แม่แตง,เล็ก,นอกเมือง,สำนักงานคณะกรรมการการศึกษาขั้นพื้นฐาน,สพป.เชียงใหม่ เขต 2,11,11.14,19.70,18.18,24.05,20.36,23.76,27.27,24.90,22.45,19.54,8.03,17.04,18.18,38.57
2567,186,บ้านปางไม้แดง,แม่แตง,เล็ก,นอกเมือง,สำนักงานคณะกรรมการการศึกษาขั้นพื้นฐาน,สพป.เชียงใหม่ เขต 2,11,11.14,14.74,31.82,38.57,38.45,18.64,45.45,39.63,26.36,12.74,12.05,19.68,9.09,28.75
2567,187,บ้านปางห้วยตาด,แม่แตง,เล็ก,นอกเมือง,สำนักงานคณะกรรมการการศึกษาขั้นพื้นฐาน,สพป.เชียงใหม่ เขต 2,5,12.26,15.01,40.00,20.00,41.80,7.60,50.00,31.62,22.80,18.62,8.84,17.67,0.00,0.00
2567,188,บ้านเป้าวิทยาคาร,แม่แตง,เล็ก,นอกเมือง,สำนักงานคณะกรรมการการศึกษาขั้นพื้นฐาน,สพป.เชียงใหม่ เขต 2,8,23.99,22.25,25.00,25.00,33.25,18.40,25.00,35.36,30.88,21.11,25.00,35.47,12.50,33.07
2567,189,บ้านเมืองกื้ด,แม่แตง,เล็ก,นอกเมือง,สำนักงานคณะกรรมการการศึกษาขั้นพื้นฐาน,สพป.เชียงใหม่ เขต 2,26,20.04,16.88,40.38,36.74,20.46,17.42,23.08,34.62,23.38,16.08,13.60,20.39,30.77,46.15
2567,190,บ้านแม่ไคร้,แม่แตง,เล็ก,นอกเมือง,สำนักงานคณะกรรมการการศึกษาขั้นพื้นฐาน,สพป.เชียงใหม่ เขต 2,3,0.00,0.00,50.00,40.82,12.67,17.91,33.33,23.57,19.00,0.00,14.73,20.83,33.33,47.14
2567,191,บ้านแม่ตะมาน,แม่แตง,เล็ก,นอกเมือง,สำนักงานคณะกรรมการการศึกษาขั้นพื้นฐาน,สพป.เชียงใหม่ เขต 2,10,12.26,20.33,25.00,25.00,30.40,19.38,25.00,33.54,27.60,16.64,4.42,13.26,20.00,40.00
2567,192,ป่าจี้วังแดงวิทยา,แม่แตง,เล็ก,นอกเมือง,สำนักงานคณะกรรมการการศึกษาขั้นพื้นฐาน,สพป.เชียงใหม่ เขต 2,11,2.79,8.81,45.45,39.63,22.45,17.78,45.45,39.63,21.18,15.64,12.05,19.68,36.36,48.10
2567,193,ป่าแป๋วิทยา,แม่แตง,เล็ก,นอกเมือง,สำนักงานคณะกรรมการการศึกษาขั้นพื้นฐาน,สพป.เชียงใหม่ เขต 2,23,29.03,25.34,32.61,34.92,24.17,18.95,19.57,28.51,24.78,14.21,3.84,12.45,26.09,43.91
2567,194,พระปริยัติธรรมแม่แตงวิทยา,แม่แตง,เล็ก,นอกเมือง,สำนักงานการศึกษาพระปริยัติธรรม แผนกสามัญศึกษา,สำนักเขตการศึกษาพระปริยัติธรรมฯ เขต  5,10,15.32,20.56,10.00,20.00,25.70,13.36,30.00,33.17,30.40,12.60,13.26,20.25,10.00,30.00
2567,195,แม่แตง,แม่แตง,กลาง,นอกเมือง,สำนักงานคณะกรรมการการศึกษาขั้นพื้นฐาน,สำนักงานเขตพื้นที่การศึกษามัธยมศึกษาเชียงใหม่,135,17.48,19.22,32.22,37.25,25.53,18.89,33.33,37.02,24.18,17.71,8.92,17.87,25.19,43.41
2567,196,แม่หอพระวิทยาคม,แม่แตง,เล็ก,นอกเมือง,สำนักงานคณะกรรมการการศึกษาขั้นพื้นฐาน,สำนักงานเขตพื้นที่การศึกษามัธยมศึกษาเชียงใหม่,31,16.81,24.42,29.03,30.52,26.06,17.37,46.77,30.94,15.94,15.33,5.70,14.81,12.90,33.52
2567,197,ร่ำเปิงวิทยา,แม่แตง,กลาง,นอกเมือง,สำนักงานคณะกรรมการการศึกษาขั้นพื้นฐาน,สพป.เชียงใหม่ เขต 2,20,17.26,18.45,30.00,33.17,28.50,15.32,32.50,28.61,28.50,16.45,13.84,21.27,10.00,30.00
2567,198,วัดท่าข้าม,แม่แตง,เล็ก,นอกเมือง,สำนักงานคณะกรรมการการศึกษาขั้นพื้นฐาน,สพป.เชียงใหม่ เขต 2,6,15.32,15.32,33.33,23.57,25.33,14.16,33.33,23.57,19.00,15.51,31.40,22.58,50.00,50.00
2567,199,วัดบ้านเหล่า,แม่แตง,เล็ก,นอกเมือง,สำนักงานคณะกรรมการการศึกษาขั้นพื้นฐาน,สพป.เชียงใหม่ เขต 2,8,22.98,13.27,6.25,16.54,21.38,14.83,56.25,39.03,21.38,17.61,16.57,21.39,37.50,48.41
2567,200,วัดปางมะกล้วย,แม่แตง,เล็ก,นอกเมือง,สำนักงานคณะกรรมการการศึกษาขั้นพื้นฐาน,สพป.เชียงใหม่ เขต 2,2,15.32,15.32,25.00,25.00,31.00,7.00,0.00,0.00,31.00,12.00,0.00,0.00,0.00,0.00
2567,201,สบเปิงวิทยา,แม่แตง,กลาง,นอกเมือง,สำนักงานคณะกรรมการการศึกษาขั้นพื้นฐาน,สพป.เชียงใหม่ เขต 2,26,16.50,19.44,53.85,30.77,28.15,16.53,34.62,33.31,20.46,14.83,11.90,19.60,34.62,47.57
2567,202,สันป่ายางวิทยาคม,แม่แตง,เล็ก,นอกเมือง,สำนักงานคณะกรรมการการศึกษาขั้นพื้นฐาน,สำนักงานเขตพื้นที่การศึกษามัธยมศึกษาเชียงใหม่,25,15.94,19.61,38.00,38.16,24.52,17.00,36.00,36.11,20.52,13.08,18.60,26.93,20.00,40.00
2567,203,สันมหาพนวิทยา,แม่แตง,เล็ก,นอกเมือง,สำนักงานคณะกรรมการการศึกษาขั้นพื้นฐาน,สพป.เชียงใหม่ เขต 2,15,16.34,15.29,40.00,32.66,34.20,22.16,33.33,29.81,17.73,14.66,5.89,15.02,6.67,24.94
2567,204,อนุบาลสานสายใยรักเทศบาลเมืองเมืองแกนพัฒนา,แม่แตง,กลาง,นอกเมือง,กรมส่งเสริมการปกครองท้องถิ่น,ท้องถิ่นจังหวัดเชียงใหม่,17,19.83,20.87,32.35,41.80,29.65,23.45,29.41,24.61,19.00,17.24,8.48,18.47,35.29,47.79
2567,205,เจ้าพ่อหลวงอุปถัมภ์ 7,แม่ริม,เล็ก,นอกเมือง,สำนักงานคณะกรรมการการศึกษาขั้นพื้นฐาน,สพป.เชียงใหม่ เขต 2,1,30.65,0.00,0.00,0.00,19.00,0.00,50.00,0.00,19.00,0.00,0.00,0.00,0.00,0.00
2567,206,นวมินทราชูทิศ พายัพ,แม่ริม,ใหญ่,นอกเมือง,สำนักงานคณะกรรมการการศึกษาขั้นพื้นฐาน,สำนักงานเขตพื้นที่การศึกษามัธยมศึกษาเชียงใหม่,262,21.77,22.71,30.15,32.50,29.39,21.98,30.53,33.31,29.55,23.05,14.77,27.22,28.24,45.02
2567,207,บ้านทุ่งโป่ง,แม่ริม,กลาง,นอกเมือง,สำนักงานคณะกรรมการการศึกษาขั้นพื้นฐาน,สพป.เชียงใหม่ เขต 2,18,24.28,19.51,30.56,24.37,33.00,17.52,27.78,29.92,23.00,17.61,8.66,19.49,5.56,22.91
2567,208,บ้านป่าติ้ว,แม่ริม,เล็ก,นอกเมือง,สำนักงานคณะกรรมการการศึกษาขั้นพื้นฐาน,สพป.เชียงใหม่ เขต 2,20,19.92,20.04,55.00,38.41,27.35,24.59,37.50,34.91,27.80,24.36,23.26,28.25,25.00,43.30
2567,209,บ้านแม่สา,แม่ริม,กลาง,นอกเมือง,สำนักงานคณะกรรมการการศึกษาขั้นพื้นฐาน,สพป.เชียงใหม่ เขต 2,10,39.84,19.62,25.00,25.00,24.70,17.10,20.00,33.17,32.30,12.17,13.26,20.25,30.00,45.83
2567,210,บ้านศาลา,แม่ริม,กลาง,นอกเมือง,กรมส่งเสริมการปกครองท้องถิ่น,ท้องถิ่นจังหวัดเชียงใหม่,80,17.24,18.67,28.75,29.34,25.30,17.38,37.50,37.50,22.99,18.31,7.33,16.68,36.25,48.07
2567,211,บ้านสะลวงนอก,แม่ริม,เล็ก,นอกเมือง,สำนักงานคณะกรรมการการศึกษาขั้นพื้นฐาน,สพป.เชียงใหม่ เขต 2,12,23.66,27.26,37.50,36.08,25.33,16.15,41.67,39.97,19.42,14.08,7.36,16.47,16.67,37.27
2567,212,บ้านสันคะยอม,แม่ริม,เล็ก,นอกเมือง,สำนักงานคณะกรรมการการศึกษาขั้นพื้นฐาน,สพป.เชียงใหม่ เขต 2,11,39.00,22.97,13.64,22.27,17.27,9.77,18.18,32.14,20.73,18.92,8.03,17.04,36.36,48.10
2567,213,บ้านหนองปลามัน,แม่ริม,เล็ก,นอกเมือง,สำนักงานคณะกรรมการการศึกษาขั้นพื้นฐาน,สพป.เชียงใหม่ เขต 2,17,12.62,18.38,26.47,34.80,33.88,18.20,47.06,31.95,13.71,14.39,5.20,14.24,29.41,45.56
2567,214,แม่ริมวิทยา,แม่ริม,เล็ก,นอกเมือง,สำนักงานการศึกษาพระปริยัติธรรม แผนกสามัญศึกษา,สำนักเขตการศึกษาพระปริยัติธรรมฯ เขต  5,19,14.52,18.25,26.32,24.97,19.00,16.31,31.58,33.29,20.00,17.94,9.30,18.01,15.79,36.46
2567,215,แม่ริมวิทยาคม,แม่ริม,ใหญ่,นอกเมือง,สำนักงานคณะกรรมการการศึกษาขั้นพื้นฐาน,สำนักงานเขตพื้นที่การศึกษามัธยมศึกษาเชียงใหม่,293,19.61,20.43,34.47,35.14,25.39,20.23,29.01,34.24,26.35,19.99,8.81,20.61,32.76,46.94
2567,216,ราชประชานุเคราะห์ 60 จังหวัดเชียงใหม่,แม่ริม,กลาง,นอกเมือง,สำนักบริหารงานการศึกษาพิเศษ,-,85,17.86,19.34,24.71,27.25,23.87,19.19,32.35,33.17,17.72,16.51,7.69,19.01,27.06,44.43
2567,217,บ้านกาดวิทยาคม,แม่วาง,กลาง,นอกเมือง,สำนักงานคณะกรรมการการศึกษาขั้นพื้นฐาน,สำนักงานเขตพื้นที่การศึกษามัธยมศึกษาเชียงใหม่,117,20.57,19.32,26.50,31.74,28.64,18.45,30.77,34.50,22.79,18.83,13.34,22.88,29.91,45.79
2567,218,บ้านห้วยตอง,แม่วาง,กลาง,นอกเมือง,สำนักงานคณะกรรมการการศึกษาขั้นพื้นฐาน,สพป.เชียงใหม่ เขต 4,17,16.22,21.33,41.18,30.85,24.59,15.65,38.24,27.28,23.47,19.03,7.80,16.84,29.41,45.56
2567,219,แม่วินสามัคคี,แม่วาง,กลาง,นอกเมือง,สำนักงานคณะกรรมการการศึกษาขั้นพื้นฐาน,สพป.เชียงใหม่ เขต 4,63,14.72,20.83,34.13,34.30,24.29,20.72,34.13,35.44,21.95,17.88,9.34,19.42,15.87,36.54
2567,220,วัดมะกับตองหลวง,แม่วาง,เล็ก,นอกเมือง,สำนักงานคณะกรรมการการศึกษาขั้นพื้นฐาน,สพป.เชียงใหม่ เขต 4,2,45.97,15.32,50.00,0.00,31.00,12.00,50.00,50.00,38.00,0.00,22.09,22.09,0.00,0.00
2567,221,วัดห้วยแก้ว,แม่วาง,เล็ก,นอกเมือง,สำนักงานคณะกรรมการการศึกษาขั้นพื้นฐาน,สพป.เชียงใหม่ เขต 4,5,18.39,15.01,60.00,20.00,22.80,18.62,50.00,44.72,19.00,12.02,8.84,17.67,20.00,40.00
2567,222,สัพพัญญูวิทยา,แม่วาง,เล็ก,นอกเมือง,สำนักงานการศึกษาพระปริยัติธรรม แผนกสามัญศึกษา,สำนักเขตการศึกษาพระปริยัติธรรมฯ เขต  5,5,12.26,15.01,50.00,31.62,19.00,16.99,30.00,40.00,26.60,9.31,26.51,21.65,40.00,48.99
2567,223,ทาเหนือวิทยา,แม่ออน,เล็ก,นอกเมือง,สำนักงานคณะกรรมการการศึกษาขั้นพื้นฐาน,สพป.เชียงใหม่ เขต 1,25,13.48,17.51,38.00,32.50,25.08,15.87,22.00,31.87,18.24,18.21,5.77,15.73,24.00,42.71
2567,224,แม่ออนวิทยาลัย,แม่ออน,กลาง,นอกเมือง,สำนักงานคณะกรรมการการศึกษาขั้นพื้นฐาน,สำนักงานเขตพื้นที่การศึกษามัธยมศึกษาเชียงใหม่,55,14.49,19.25,28.18,28.23,26.71,18.82,29.09,31.18,28.85,18.28,5.84,15.35,27.27,44.54
2567,225,วัดห้วยแก้ว,แม่ออน,เล็ก,นอกเมือง,สำนักงานคณะกรรมการการศึกษาขั้นพื้นฐาน,สพป.เชียงใหม่ เขต 1,11,8.36,13.65,31.82,24.05,22.45,13.60,31.82,32.14,20.73,20.58,8.03,17.04,18.18,38.57
2567,226,วัดห้วยทราย,แม่ออน,เล็ก,นอกเมือง,สำนักงานคณะกรรมการการศึกษาขั้นพื้นฐาน,สพป.เชียงใหม่ เขต 1,13,9.43,18.56,11.54,21.07,27.77,19.17,42.31,38.46,22.31,15.57,6.80,15.94,38.46,48.65
2567,227,เจ้าพ่อหลวงอุปถัมภ์ 9,แม่อาย,กลาง,นอกเมือง,สำนักงานคณะกรรมการการศึกษาขั้นพื้นฐาน,สพป.เชียงใหม่ เขต 3,31,15.82,17.18,33.87,29.48,22.23,17.81,25.81,33.29,23.45,15.97,7.13,16.25,19.35,39.51
2567,228,ชุมชนบ้านคาย,แม่อาย,กลาง,นอกเมือง,สำนักงานคณะกรรมการการศึกษาขั้นพื้นฐาน,สพป.เชียงใหม่ เขต 3,12,20.43,19.11,45.83,37.96,27.75,21.03,25.00,32.27,23.75,15.75,0.00,0.00,33.33,47.14
2567,229,ชุมชนบ้านแม่ฮ่าง,แม่อาย,กลาง,นอกเมือง,สำนักงานคณะกรรมการการศึกษาขั้นพื้นฐาน,สพป.เชียงใหม่ เขต 3,17,27.04,25.49,32.35,34.05,26.82,13.13,47.06,36.26,23.76,16.95,26.13,34.71,35.29,47.79
2567,230,โชติคุณเกษมบ้านเมืองงาม,แม่อาย,กลาง,นอกเมือง,สำนักงานคณะกรรมการการศึกษาขั้นพื้นฐาน,สพป.เชียงใหม่ เขต 3,36,14.47,15.30,33.33,33.33,21.11,17.22,34.72,32.96,23.75,16.98,9.24,18.94,19.44,39.58
2567,231,ไทยรัฐวิทยา 12 (บ้านเอก),แม่อาย,กลาง,นอกเมือง,สำนักงานคณะกรรมการการศึกษาขั้นพื้นฐาน,สพป.เชียงใหม่ เขต 3,15,39.35,29.51,33.33,39.44,32.67,17.74,26.67,35.90,24.73,17.89,22.17,30.06,40.00,48.99
2567,232,บ้านท่ามะแกง,แม่อาย,เล็ก,นอกเมือง,สำนักงานคณะกรรมการการศึกษาขั้นพื้นฐาน,สพป.เชียงใหม่ เขต 3,16,15.83,22.80,25.00,30.62,26.44,15.13,21.88,30.46,22.56,12.05,11.05,19.13,50.00,50.00
2567,233,บ้านป่าก๊อ,แม่อาย,กลาง,นอกเมือง,สำนักงานคณะกรรมการการศึกษาขั้นพื้นฐาน,สพป.เชียงใหม่ เขต 3,20,4.60,10.94,40.00,33.91,21.85,16.21,30.00,33.17,26.60,11.08,2.21,9.63,15.00,35.71
2567,234,บ้านปางต้นเดื่อ,แม่อาย,กลาง,นอกเมือง,สำนักงานคณะกรรมการการศึกษาขั้นพื้นฐาน,สพป.เชียงใหม่ เขต 3,19,24.62,30.15,28.95,29.54,24.26,19.56,28.95,29.54,30.00,18.81,6.98,16.11,15.79,36.46
2567,235,บ้านป่าแดง,แม่อาย,กลาง,นอกเมือง,สำนักงานคณะกรรมการการศึกษาขั้นพื้นฐาน,สพป.เชียงใหม่ เขต 3,16,9.58,17.86,18.75,29.97,19.00,11.64,18.75,29.97,20.19,18.36,5.52,14.61,18.75,39.03
2567,236,บ้านสันต้นหมื้อ,แม่อาย,กลาง,นอกเมือง,สำนักงานคณะกรรมการการศึกษาขั้นพื้นฐาน,สพป.เชียงใหม่ เขต 3,42,13.13,19.08,35.71,36.65,23.07,14.68,34.52,36.98,21.50,16.72,5.26,14.31,23.81,42.59
2567,237,บ้านสุขฤทัย,แม่อาย,กลาง,นอกเมือง,สำนักงานคณะกรรมการการศึกษาขั้นพื้นฐาน,สพป.เชียงใหม่ เขต 3,38,18.55,19.30,27.63,27.38,22.26,15.12,28.95,29.54,20.00,15.68,9.61,18.69,18.42,38.77
2567,238,บ้านห้วยคอกหมู,แม่อาย,เล็ก,นอกเมือง,สำนักงานคณะกรรมการการศึกษาขั้นพื้นฐาน,สพป.เชียงใหม่ เขต 3,18,11.92,18.10,30.56,29.53,14.00,12.94,30.56,29.53,16.89,14.00,7.36,16.47,27.78,44.79
2567,239,พระปริยัติธรรมวัดท่าตอน,แม่อาย,เล็ก,นอกเมือง,สำนักงานการศึกษาพระปริยัติธรรม แผนกสามัญศึกษา,สำนักเขตการศึกษาพระปริยัติธรรมฯ เขต  5,14,10.94,14.68,46.43,39.93,19.00,19.00,28.57,36.42,24.43,20.85,3.16,11.38,21.43,41.03
2567,240,เพียงหลวง 1 (บ้านท่าตอน),แม่อาย,กลาง,นอกเมือง,สำนักงานคณะกรรมการการศึกษาขั้นพื้นฐาน,สพป.เชียงใหม่ เขต 3,54,14.34,19.46,32.41,34.90,25.17,21.02,32.41,32.14,23.22,17.41,11.50,22.70,20.37,40.28
2567,241,แม่อายวิทยาคม,แม่อาย,ใหญ่,นอกเมือง,กรมส่งเสริมการปกครองท้องถิ่น,ท้องถิ่นจังหวัดเชียงใหม่,37,23.19,20.66,33.78,32.99,29.03,17.78,37.84,33.70,20.30,14.81,10.18,19.53,32.43,46.81
2567,242,ราชประชานุเคราะห์ 30,แม่อาย,กลาง,นอกเมือง,สำนักบริหารงานการศึกษาพิเศษ,-,45,14.98,20.04,41.11,35.42,26.18,19.33,38.89,39.28,17.00,18.71,9.10,18.26,20.00,40.00
2567,243,บ้านนามน,เวียงแหง,เล็ก,นอกเมือง,สำนักงานคณะกรรมการการศึกษาขั้นพื้นฐาน,สพป.เชียงใหม่ เขต 3,14,17.51,19.08,21.43,24.74,31.93,13.61,25.00,31.34,23.07,14.68,10.30,19.88,35.71,47.92
2567,244,บ้านปางป๋อ,เวียงแหง,เล็ก,นอกเมือง,สำนักงานคณะกรรมการการศึกษาขั้นพื้นฐาน,สพป.เชียงใหม่ เขต 3,12,36.42,28.93,25.00,32.27,30.92,17.79,25.00,25.00,32.08,18.11,12.02,29.18,33.33,47.14
2567,245,บ้านเปียงหลวง,เวียงแหง,กลาง,นอกเมือง,สำนักงานคณะกรรมการการศึกษาขั้นพื้นฐาน,สพป.เชียงใหม่ เขต 3,56,16.42,20.03,25.00,28.35,23.68,16.54,27.68,33.96,21.38,16.87,11.46,22.05,33.93,47.35
2567,246,เวียงแหงปริยัติศึกษา,เวียงแหง,เล็ก,นอกเมือง,สำนักงานการศึกษาพระปริยัติธรรม แผนกสามัญศึกษา,สำนักเขตการศึกษาพระปริยัติธรรมฯ เขต  5,32,20.11,18.15,29.69,30.26,20.78,19.79,37.50,41.46,25.69,20.60,2.76,10.70,28.12,44.96
2567,247,เวียงแหงวิทยาคม,เวียงแหง,ใหญ่,นอกเมือง,สำนักงานคณะกรรมการการศึกษาขั้นพื้นฐาน,สำนักงานเขตพื้นที่การศึกษามัธยมศึกษาเชียงใหม่,165,20.24,19.82,30.91,34.59,25.38,17.83,36.36,36.25,26.03,18.47,10.99,20.99,29.70,45.69
2567,248,บ้านบ่อแก้ว,สะเมิง,กลาง,นอกเมือง,สำนักงานคณะกรรมการการศึกษาขั้นพื้นฐาน,สพป.เชียงใหม่ เขต 2,30,18.39,20.33,30.00,35.59,25.67,16.08,30.00,37.86,20.90,15.00,7.36,16.47,26.67,44.22
2567,249,บ้านปางขุม,สะเมิง,เล็ก,นอกเมือง,สำนักงานคณะกรรมการการศึกษาขั้นพื้นฐาน,สพป.เชียงใหม่ เขต 2,5,30.65,19.38,10.00,20.00,26.60,9.31,20.00,24.49,22.80,14.22,8.84,17.67,60.00,48.99
2567,250,บ้านป่าลาน,สะเมิง,เล็ก,นอกเมือง,สำนักงานคณะกรรมการการศึกษาขั้นพื้นฐาน,สพป.เชียงใหม่ เขต 2,12,10.22,14.45,66.67,31.18,25.75,16.53,29.17,24.65,19.00,13.44,3.68,12.21,25.00,43.30
2567,251,บ้านแม่ขะปู,สะเมิง,เล็ก,นอกเมือง,สำนักงานคณะกรรมการการศึกษาขั้นพื้นฐาน,สพป.เชียงใหม่ เขต 2,6,15.32,15.32,25.00,38.19,25.33,14.16,50.00,28.87,9.50,9.50,0.00,0.00,33.33,47.14
2567,252,บ้านแม่โต๋,สะเมิง,เล็ก,นอกเมือง,สำนักงานคณะกรรมการการศึกษาขั้นพื้นฐาน,สพป.เชียงใหม่ เขต 2,26,16.50,19.44,40.38,34.02,16.46,16.13,40.38,24.10,16.08,17.23,11.90,19.60,19.23,39.41
2567,253,บ้านแม่ยางห้า,สะเมิง,เล็ก,นอกเมือง,สำนักงานคณะกรรมการการศึกษาขั้นพื้นฐาน,สพป.เชียงใหม่ เขต 2,17,27.04,20.71,29.41,24.61,26.00,17.74,26.47,30.28,21.82,21.29,16.28,22.19,23.53,42.42
2567,254,บ้านแม่ลานคำ,สะเมิง,เล็ก,นอกเมือง,สำนักงานคณะกรรมการการศึกษาขั้นพื้นฐาน,สพป.เชียงใหม่ เขต 2,17,23.43,19.75,38.24,36.50,30.47,18.96,35.29,33.28,29.35,19.85,5.20,14.24,17.65,38.12
2567,255,บ้านแม่แว,สะเมิง,เล็ก,นอกเมือง,สำนักงานคณะกรรมการการศึกษาขั้นพื้นฐาน,สพป.เชียงใหม่ เขต 2,9,17.03,20.99,38.89,31.43,21.67,10.77,38.89,39.28,21.11,18.88,14.73,20.83,11.11,31.43
2567,256,วัดงิ้วเฒ่า,สะเมิง,เล็ก,นอกเมือง,สำนักงานคณะกรรมการการศึกษาขั้นพื้นฐาน,สพป.เชียงใหม่ เขต 2,12,18.55,23.74,37.50,36.08,17.83,16.95,20.83,24.65,28.50,18.19,12.02,29.18,41.67,49.30
2567,257,วัดยั้งเมิน,สะเมิง,เล็ก,นอกเมือง,สำนักงานคณะกรรมการการศึกษาขั้นพื้นฐาน,สพป.เชียงใหม่ เขต 2,10,18.39,20.33,25.00,33.54,36.10,21.58,35.00,32.02,28.50,17.52,13.26,20.25,20.00,40.00
2567,258,วัดสะเมิงวิทยา,สะเมิง,เล็ก,นอกเมือง,สำนักงานการศึกษาพระปริยัติธรรม แผนกสามัญศึกษา,สำนักเขตการศึกษาพระปริยัติธรรมฯ เขต  5,9,23.84,19.26,27.78,24.85,14.78,14.93,38.89,31.43,19.00,12.67,4.91,13.89,33.33,47.14
2567,259,สะเมิงพิทยาคม,สะเมิง,กลาง,นอกเมือง,สำนักงานคณะกรรมการการศึกษาขั้นพื้นฐาน,สำนักงานเขตพื้นที่การศึกษามัธยมศึกษาเชียงใหม่,74,19.27,20.30,33.11,37.01,29.61,19.57,31.76,35.43,26.46,18.41,15.40,23.16,21.62,41.17
2567,260,บ้านบวกค้าง,สันกำแพง,เล็ก,นอกเมือง,สำนักงานคณะกรรมการการศึกษาขั้นพื้นฐาน,สพป.เชียงใหม่ เขต 1,5,30.65,19.38,20.00,24.49,30.40,19.38,30.00,24.49,11.40,9.31,8.84,17.67,20.00,40.00
2567,261,บ้านแม่ปูคา,สันกำแพง,เล็ก,นอกเมือง,สำนักงานคณะกรรมการการศึกษาขั้นพื้นฐาน,สพป.เชียงใหม่ เขต 1,9,27.24,22.59,55.56,28.33,27.44,18.16,22.22,24.85,27.44,23.88,14.73,20.83,0.00,0.00
2567,262,บ้านหนองโค้ง,สันกำแพง,กลาง,นอกเมือง,สำนักงานคณะกรรมการการศึกษาขั้นพื้นฐาน,สพป.เชียงใหม่ เขต 1,46,14.34,20.53,29.35,32.26,25.41,18.04,31.52,33.56,26.76,14.71,15.62,23.82,34.78,47.63
2567,263,วัดล้านตอง,สันกำแพง,เล็ก,นอกเมือง,สำนักงานคณะกรรมการการศึกษาขั้นพื้นฐาน,สพป.เชียงใหม่ เขต 1,8,26.81,23.92,25.00,35.36,40.38,20.01,18.75,24.21,33.25,22.78,5.52,14.61,50.00,50.00
2567,264,สันกำแพง,สันกำแพง,ใหญ่พิเศษ,นอกเมือง,สำนักงานคณะกรรมการการศึกษาขั้นพื้นฐาน,สำนักงานเขตพื้นที่การศึกษามัธยมศึกษาเชียงใหม่,446,19.04,20.75,33.97,34.40,29.90,20.63,33.86,35.08,27.57,19.69,12.20,22.76,22.87,42.00
2567,265,สันกำแพงคันธาอนุสรณ์,สันกำแพง,เล็ก,นอกเมือง,สำนักงานคณะกรรมการการศึกษาขั้นพื้นฐาน,สพป.เชียงใหม่ เขต 1,16,17.24,21.58,40.63,40.38,26.13,17.61,37.50,33.07,26.13,22.15,8.28,17.25,37.50,48.41
2567,266,ชลประทานเขื่อนแม่กวงจิราธิวัฒน์อุปถัมภ์,สันทราย,กลาง,นอกเมือง,สำนักงานคณะกรรมการการศึกษาขั้นพื้นฐาน,สพป.เชียงใหม่ เขต 2,30,19.41,21.65,38.33,38.04,25.97,18.01,31.67,37.60,24.70,18.45,4.81,14.52,20.00,40.00
2567,267,บ้านเจดีย์แม่ครัว,สันทราย,กลาง,นอกเมือง,สำนักงานคณะกรรมการการศึกษาขั้นพื้นฐาน,สพป.เชียงใหม่ เขต 2,47,22.82,22.32,30.85,35.06,28.30,15.61,36.17,33.74,30.64,19.15,10.59,19.22,23.40,42.34
2567,268,บ้านบวกเปา,สันทราย,เล็ก,นอกเมือง,สำนักงานคณะกรรมการการศึกษาขั้นพื้นฐาน,สพป.เชียงใหม่ เขต 2,14,24.65,27.24,35.71,29.45,29.21,20.07,17.86,30.51,43.14,24.25,7.14,25.75,42.86,49.49
2567,269,บ้านแม่โจ้,สันทราย,กลาง,นอกเมือง,สำนักงานคณะกรรมการการศึกษาขั้นพื้นฐาน,สพป.เชียงใหม่ เขต 2,29,10.57,14.57,27.59,33.70,32.45,16.04,39.66,30.45,16.72,16.08,8.02,21.97,10.34,30.45
2567,270,บ้านร่มหลวง,สันทราย,เล็ก,นอกเมือง,สำนักงานคณะกรรมการการศึกษาขั้นพื้นฐาน,สพป.เชียงใหม่ เขต 2,18,20.43,17.69,13.89,22.40,31.44,13.09,30.56,33.91,26.17,17.17,17.83,27.93,22.22,41.57
2567,271,บ้านศรีบุญเรือง,สันทราย,กลาง,นอกเมือง,สำนักงานคณะกรรมการการศึกษาขั้นพื้นฐาน,สพป.เชียงใหม่ เขต 2,14,30.65,23.17,50.00,32.73,24.79,15.48,21.43,24.74,23.07,16.34,12.62,19.96,21.43,41.03
2567,272,บ้านหนองไคร้,สันทราย,กลาง,นอกเมือง,สำนักงานคณะกรรมการการศึกษาขั้นพื้นฐาน,สพป.เชียงใหม่ เขต 2,51,31.56,26.69,26.47,28.62,25.08,19.15,40.20,38.37,27.69,21.35,19.38,31.34,23.53,42.42
2567,273,บ้านหลักปัน,สันทราย,กลาง,นอกเมือง,สำนักงานคณะกรรมการการศึกษาขั้นพื้นฐาน,สพป.เชียงใหม่ เขต 2,24,19.15,19.41,27.08,28.79,25.54,14.38,31.25,37.67,28.13,20.76,9.21,17.94,45.83,49.83
2567,274,พงษ์พิกุลเชียงใหม่,สันทราย,กลาง,นอกเมือง,สำนักงานคณะกรรมการส่งเสริมการศึกษาเอกชน,-,13,11.79,14.91,26.92,31.72,21.92,12.57,42.31,38.46,29.23,19.17,10.20,18.62,30.77,46.15
2567,275,วัดแม่แก้ดน้อย,สันทราย,ใหญ่,นอกเมือง,สำนักงานคณะกรรมการการศึกษาขั้นพื้นฐาน,สพป.เชียงใหม่ เขต 2,71,16.08,20.28,34.51,32.06,28.46,17.88,33.80,31.15,25.10,17.02,9.83,20.85,25.35,43.50
2567,276,วัดวิเวกวนาราม,สันทราย,เล็ก,นอกเมือง,สำนักงานการศึกษาพระปริยัติธรรม แผนกสามัญศึกษา,สำนักเขตการศึกษาพระปริยัติธรรมฯ เขต  5,17,9.01,17.48,20.59,24.61,22.35,16.27,26.47,30.28,28.24,22.15,8.48,18.47,23.53,42.42
2567,277,สันทรายวิทยาคม,สันทราย,ใหญ่,นอกเมือง,สำนักงานคณะกรรมการการศึกษาขั้นพื้นฐาน,สำนักงานเขตพื้นที่การศึกษามัธยมศึกษาเชียงใหม่,266,17.97,19.39,34.21,34.34,28.72,20.66,33.46,34.26,23.69,18.71,9.57,20.28,25.56,43.62
2567,278,สันทรายหลวง,สันทราย,กลาง,นอกเมือง,สำนักงานคณะกรรมการการศึกษาขั้นพื้นฐาน,สพป.เชียงใหม่ เขต 2,87,20.43,18.97,34.48,38.14,25.74,21.31,35.06,33.14,23.82,16.20,13.87,25.06,29.89,45.78
2567,279,ทุ่งฟ้าบดราษฎร์บำรุง,สันป่าตอง,กลาง,นอกเมือง,กรมส่งเสริมการปกครองท้องถิ่น,ท้องถิ่นจังหวัดเชียงใหม่,55,23.40,21.04,40.00,37.42,24.91,20.02,41.82,39.04,27.91,20.79,10.06,21.37,21.82,41.30
2567,280,เทพศิรินทร์ เชียงใหม่,สันป่าตอง,กลาง,นอกเมือง,สำนักงานคณะกรรมการการศึกษาขั้นพื้นฐาน,สำนักงานเขตพื้นที่การศึกษามัธยมศึกษาเชียงใหม่,106,13.66,16.97,30.19,32.71,23.90,20.01,29.72,35.54,23.71,17.71,7.72,17.14,29.25,45.49
2567,281,บ้านทุ่งเสี้ยว (นวรัฐ),สันป่าตอง,เล็ก,นอกเมือง,สำนักงานคณะกรรมการการศึกษาขั้นพื้นฐาน,สพป.เชียงใหม่ เขต 4,11,19.50,23.64,18.18,32.14,20.73,15.06,31.82,38.57,12.55,12.55,8.03,17.04,36.36,48.10
2567,282,บ้านร่องน้ำ,สันป่าตอง,เล็ก,นอกเมือง,สำนักงานคณะกรรมการการศึกษาขั้นพื้นฐาน,สพป.เชียงใหม่ เขต 4,13,18.86,19.15,46.15,36.49,23.38,22.55,34.62,36.08,19.38,15.44,10.20,18.62,23.08,42.13
2567,283,บ้านหัวริน,สันป่าตอง,เล็ก,นอกเมือง,สำนักงานคณะกรรมการการศึกษาขั้นพื้นฐาน,สพป.เชียงใหม่ เขต 4,9,20.43,20.43,27.78,34.25,19.56,9.09,33.33,40.82,38.56,19.12,4.91,13.89,22.22,41.57
2567,284,พัฒนวิทย์ศึกษา,สันป่าตอง,ใหญ่,นอกเมือง,สำนักงานคณะกรรมการส่งเสริมการศึกษาเอกชน,-,2,15.32,15.32,25.00,25.00,47.50,28.50,50.00,50.00,38.00,19.00,0.00,0.00,100.00,0.00
2567,285,วัดกู่คำ,สันป่าตอง,เล็ก,นอกเมือง,สำนักงานคณะกรรมการการศึกษาขั้นพื้นฐาน,สพป.เชียงใหม่ เขต 4,27,31.78,17.66,42.59,37.77,30.63,17.57,38.89,31.43,18.30,17.52,8.61,22.65,22.22,41.57
2567,286,วัดโรงวัว,สันป่าตอง,เล็ก,นอกเมือง,สำนักงานคณะกรรมการการศึกษาขั้นพื้นฐาน,สพป.เชียงใหม่ เขต 4,10,21.45,23.93,25.00,33.54,32.30,22.56,45.00,35.00,22.80,18.62,8.84,17.67,50.00,50.00
2567,287,สันป่าตองวิทยาคม,สันป่าตอง,ใหญ่พิเศษ,นอกเมือง,สำนักงานคณะกรรมการการศึกษาขั้นพื้นฐาน,สำนักงานเขตพื้นที่การศึกษามัธยมศึกษาเชียงใหม่,311,22.37,22.91,35.69,33.97,29.12,19.85,33.28,32.97,27.05,20.05,10.75,22.00,26.37,44.06
2567,288,ช่องฟ้าซินเซิงวาณิชบำรุง,สารภี,ใหญ่พิเศษ,นอกเมือง,สำนักงานคณะกรรมการส่งเสริมการศึกษาเอกชน,-,122,32.73,24.82,29.10,34.97,37.43,22.91,30.33,34.21,33.16,21.92,18.62,29.47,27.87,44.84
2567,289,ชุมชนวัดศรีคำชมภู,สารภี,กลาง,นอกเมือง,สำนักงานคณะกรรมการการศึกษาขั้นพื้นฐาน,สพป.เชียงใหม่ เขต 4,29,24.86,25.88,29.31,30.84,25.07,16.59,31.03,38.09,24.90,15.86,6.09,15.24,24.14,42.79
2567,290,บ้านปากเหมือง,สารภี,กลาง,นอกเมือง,สำนักงานคณะกรรมการการศึกษาขั้นพื้นฐาน,สพป.เชียงใหม่ เขต 4,9,13.62,15.23,33.33,40.82,37.00,15.73,38.89,20.79,17.44,16.77,9.82,18.37,22.22,41.57
2567,291,วชิราลัย,สารภี,กลาง,นอกเมือง,สำนักงานคณะกรรมการส่งเสริมการศึกษาเอกชน,-,38,16.13,18.25,27.63,29.69,22.26,19.77,32.89,34.94,25.89,19.95,18.36,28.02,26.32,44.03
2567,292,วัดท่าต้นกวาว,สารภี,เล็ก,นอกเมือง,สำนักงานคณะกรรมการการศึกษาขั้นพื้นฐาน,สพป.เชียงใหม่ เขต 4,23,17.32,19.85,32.61,34.92,28.30,18.84,45.65,35.85,22.74,20.88,11.53,19.40,34.78,47.63
2567,293,วัดบวกครกเหนือ,สารภี,เล็ก,นอกเมือง,สำนักงานคณะกรรมการการศึกษาขั้นพื้นฐาน,สพป.เชียงใหม่ เขต 4,26,17.68,19.33,40.38,34.02,21.19,19.24,34.62,38.65,24.85,17.29,15.74,25.74,26.92,44.36
2567,294,วัดเวฬุวัน,สารภี,ใหญ่,นอกเมือง,สำนักงานคณะกรรมการการศึกษาขั้นพื้นฐาน,สพป.เชียงใหม่ เขต 4,144,19.85,21.32,32.99,35.44,32.85,20.75,36.46,34.47,25.44,19.05,15.31,25.07,36.81,48.23
2567,295,วัดศรีดอนชัย,สารภี,เล็ก,นอกเมือง,สำนักงานคณะกรรมการการศึกษาขั้นพื้นฐาน,สพป.เชียงใหม่ เขต 4,9,20.43,20.43,27.78,24.85,40.67,14.01,33.33,33.33,32.22,15.82,14.73,20.83,22.22,41.57
2567,296,สารภีปริยัติศึกษา,สารภี,เล็ก,นอกเมือง,สำนักงานการศึกษาพระปริยัติธรรม แผนกสามัญศึกษา,สำนักเขตการศึกษาพระปริยัติธรรมฯ เขต  5,12,20.43,14.45,29.17,37.96,14.25,15.75,54.17,32.00,22.17,18.73,7.36,16.47,8.33,27.64
2567,297,สารภีพิทยาคม,สารภี,กลาง,นอกเมือง,สำนักงานคณะกรรมการการศึกษาขั้นพื้นฐาน,สำนักงานเขตพื้นที่การศึกษามัธยมศึกษาเชียงใหม่,168,23.44,22.73,30.06,30.44,29.23,19.79,34.52,34.48,25.43,20.50,11.60,23.57,22.62,41.84
2567,298,สืบนทีธรรม,สารภี,กลาง,นอกเมือง,สำนักงานคณะกรรมการส่งเสริมการศึกษาเอกชน,-,23,14.66,17.78,21.74,28.84,26.43,14.54,32.61,31.65,29.96,17.03,10.62,20.32,21.74,41.25
2567,299,ต้นแก้วผดุงพิทยาลัย,หางดง,ใหญ่,นอกเมือง,กรมส่งเสริมการปกครองท้องถิ่น,ท้องถิ่นจังหวัดเชียงใหม่,38,15.32,19.57,30.26,33.52,29.03,20.31,25.00,29.80,26.13,17.23,15.73,21.95,23.68,42.51
2567,300,เทศบาลหนองตองวิทยา,หางดง,เล็ก,นอกเมือง,กรมส่งเสริมการปกครองท้องถิ่น,ท้องถิ่นจังหวัดเชียงใหม่,15,24.52,22.93,33.33,34.96,27.87,15.31,20.00,30.55,25.33,17.91,5.89,15.02,40.00,48.99
2567,301,บ้านน้ำแพร่,หางดง,เล็ก,นอกเมือง,สำนักงานคณะกรรมการการศึกษาขั้นพื้นฐาน,สพป.เชียงใหม่ เขต 4,23,24.33,24.43,34.78,34.37,24.78,18.10,36.96,36.76,22.52,15.75,17.80,26.69,21.74,41.25
2567,302,บ้านปง,หางดง,เล็ก,นอกเมือง,สำนักงานคณะกรรมการการศึกษาขั้นพื้นฐาน,สพป.เชียงใหม่ เขต 4,18,28.94,21.60,27.78,38.09,22.17,19.26,33.33,37.27,25.11,18.71,8.01,18.05,33.33,47.14
2567,303,บ้านสันป่าสัก,หางดง,กลาง,นอกเมือง,สำนักงานคณะกรรมการการศึกษาขั้นพื้นฐาน,สพป.เชียงใหม่ เขต 4,67,21.28,22.61,29.10,27.52,24.75,18.71,32.84,35.15,22.06,17.07,14.06,26.32,22.39,41.68
2567,304,พันธสัญญา,หางดง,เล็ก,นอกเมือง,สำนักงานคณะกรรมการส่งเสริมการศึกษาเอกชน,-,12,25.54,24.49,25.00,25.00,24.58,27.28,20.83,32.00,14.25,17.56,7.36,16.47,16.67,37.27
2567,305,วัดศรีสว่าง,หางดง,เล็ก,นอกเมือง,สำนักงานคณะกรรมการการศึกษาขั้นพื้นฐาน,สพป.เชียงใหม่ เขต 4,7,18.66,16.38,14.29,22.59,36.00,20.37,42.86,41.65,24.43,16.73,6.31,15.46,57.14,49.49
2567,306,หางดงรัฐราษฎร์อุปถัมภ์,หางดง,ใหญ่,นอกเมือง,สำนักงานคณะกรรมการการศึกษาขั้นพื้นฐาน,สำนักงานเขตพื้นที่การศึกษามัธยมศึกษาเชียงใหม่,227,21.91,21.54,30.62,33.82,29.11,22.31,33.92,35.05,29.32,22.93,12.98,25.74,27.31,44.56
2567,307,หางดงสังฆราษฎร์อุปถัมภ์,หางดง,เล็ก,นอกเมือง,สำนักงานการศึกษาพระปริยัติธรรม แผนกสามัญศึกษา,สำนักเขตการศึกษาพระปริยัติธรรมฯ เขต  5,15,24.52,20.02,33.33,34.96,25.07,17.54,46.67,38.59,24.40,20.45,5.89,15.02,13.33,33.99
2567,308,บ้านซิแบร,อมก๋อย,เล็ก,นอกเมือง,สำนักงานคณะกรรมการการศึกษาขั้นพื้นฐาน,สพป.เชียงใหม่ เขต 5,10,18.39,20.33,20.00,33.17,24.70,14.84,55.00,35.00,9.50,12.75,17.67,21.65,20.00,40.00
2567,309,บ้านตุงลอย,อมก๋อย,กลาง,นอกเมือง,สำนักงานคณะกรรมการการศึกษาขั้นพื้นฐาน,สพป.เชียงใหม่ เขต 5,31,18.78,20.11,30.65,30.26,19.16,16.92,25.81,28.03,19.00,16.01,7.88,18.11,22.58,41.81
2567,310,บ้านนาเกียน,อมก๋อย,เล็ก,นอกเมือง,สำนักงานคณะกรรมการการศึกษาขั้นพื้นฐาน,สำนักงานเขตพื้นที่การศึกษามัธยมศึกษาเชียงใหม่,15,12.26,18.72,23.33,24.94,21.53,15.31,36.67,33.99,25.33,17.91,2.95,11.02,20.00,40.00
2567,311,บ้านมูเซอ,อมก๋อย,กลาง,นอกเมือง,สำนักงานคณะกรรมการการศึกษาขั้นพื้นฐาน,สพป.เชียงใหม่ เขต 5,12,15.32,15.32,33.33,37.27,17.42,18.12,29.17,32.00,14.25,13.71,7.36,16.47,41.67,49.30
2567,312,บ้านแม่ต๋อม,อมก๋อย,กลาง,นอกเมือง,สำนักงานคณะกรรมการการศึกษาขั้นพื้นฐาน,สพป.เชียงใหม่ เขต 5,24,22.98,23.82,25.00,32.27,22.17,10.50,39.58,38.13,17.42,14.42,7.36,16.47,25.00,43.30
2567,313,บ้านแม่อ่างขาง,อมก๋อย,เล็ก,นอกเมือง,สำนักงานคณะกรรมการการศึกษาขั้นพื้นฐาน,สพป.เชียงใหม่ เขต 5,18,22.13,22.39,36.11,32.51,24.83,14.51,36.11,36.54,22.17,19.26,4.91,13.89,16.67,37.27
2567,314,บ้านยางครก,อมก๋อย,เล็ก,นอกเมือง,สำนักงานคณะกรรมการการศึกษาขั้นพื้นฐาน,สพป.เชียงใหม่ เขต 5,20,12.26,17.87,42.50,39.61,14.25,14.56,37.50,34.91,19.00,15.90,4.42,13.26,20.00,40.00
2567,315,บ้านยางเปา,อมก๋อย,กลาง,นอกเมือง,สำนักงานคณะกรรมการการศึกษาขั้นพื้นฐาน,สพป.เชียงใหม่ เขต 5,36,12.77,19.62,29.17,29.76,25.86,16.24,34.72,35.00,22.17,17.63,8.59,17.49,19.44,39.58
2567,316,บ้านยางเปียง,อมก๋อย,เล็ก,นอกเมือง,สำนักงานคณะกรรมการการศึกษาขั้นพื้นฐาน,สพป.เชียงใหม่ เขต 5,21,16.05,17.99,40.48,39.70,19.00,14.36,50.00,34.50,13.57,13.30,6.31,15.46,14.29,34.99
2567,317,บ้านสบลาน,อมก๋อย,กลาง,นอกเมือง,สำนักงานคณะกรรมการการศึกษาขั้นพื้นฐาน,สพป.เชียงใหม่ เขต 5,7,21.89,21.45,42.86,31.94,29.86,24.58,35.71,34.99,21.71,15.83,18.94,21.87,0.00,0.00
2567,318,บ้านห้วยโค้ง,อมก๋อย,กลาง,นอกเมือง,สำนักงานคณะกรรมการการศึกษาขั้นพื้นฐาน,สพป.เชียงใหม่ เขต 5,11,5.57,11.82,40.91,35.79,25.91,14.66,31.82,24.05,19.00,18.12,16.07,21.26,27.27,44.54
2567,319,บ้านห้วยน้ำขาว,อมก๋อย,กลาง,นอกเมือง,สำนักงานคณะกรรมการการศึกษาขั้นพื้นฐาน,สพป.เชียงใหม่ เขต 5,49,21.26,18.78,31.63,34.54,26.08,16.69,28.57,31.94,19.78,16.71,14.43,20.72,16.33,36.96
2567,320,บ้านห้วยไม้หก,อมก๋อย,เล็ก,นอกเมือง,สำนักงานคณะกรรมการการศึกษาขั้นพื้นฐาน,สพป.เชียงใหม่ เขต 5,37,14.91,18.33,31.08,33.59,21.19,19.28,37.84,35.65,17.97,15.27,7.17,16.29,21.62,41.17
2567,321,บ้านอูตูม,อมก๋อย,กลาง,นอกเมือง,สำนักงานคณะกรรมการการศึกษาขั้นพื้นฐาน,สพป.เชียงใหม่ เขต 5,26,16.50,19.44,25.00,28.59,15.35,13.96,42.31,40.89,19.00,16.66,6.80,15.94,26.92,44.36
2567,322,แม่ตื่นวิทยาคม,อมก๋อย,กลาง,นอกเมือง,สำนักงานคณะกรรมการการศึกษาขั้นพื้นฐาน,สำนักงานเขตพื้นที่การศึกษามัธยมศึกษาเชียงใหม่,78,16.11,17.50,25.64,31.77,22.60,19.55,30.77,34.19,24.12,17.65,11.90,19.60,28.21,45.00
2567,323,อมก๋อยวิทยาคม,อมก๋อย,ใหญ่,นอกเมือง,สำนักงานคณะกรรมการการศึกษาขั้นพื้นฐาน,สำนักงานเขตพื้นที่การศึกษามัธยมศึกษาเชียงใหม่,138,13.83,18.64,36.96,33.14,22.28,17.88,27.54,33.01,20.59,16.20,11.29,19.39,20.29,40.22
2567,324,ชุมชนบ้านท่าข้าม,ฮอด,กลาง,นอกเมือง,สำนักงานคณะกรรมการการศึกษาขั้นพื้นฐาน,สพป.เชียงใหม่ เขต 5,12,22.98,18.24,29.17,24.65,34.83,17.05,29.17,32.00,28.50,12.26,20.35,37.62,33.33,47.14
2567,325,บ้านกองลอย,ฮอด,กลาง,นอกเมือง,สำนักงานคณะกรรมการการศึกษาขั้นพื้นฐาน,สพป.เชียงใหม่ เขต 5,26,17.68,22.76,38.46,34.83,27.62,17.46,32.69,39.08,22.85,12.09,13.24,22.01,26.92,44.36
2567,326,บ้านแควมะกอก,ฮอด,กลาง,นอกเมือง,สำนักงานคณะกรรมการการศึกษาขั้นพื้นฐาน,สพป.เชียงใหม่ เขต 5,20,13.79,15.25,30.00,33.17,19.00,14.72,32.50,39.61,19.00,13.44,8.84,17.67,30.00,45.83
2567,327,บ้านตาลเหนือ,ฮอด,เล็ก,นอกเมือง,สำนักงานคณะกรรมการการศึกษาขั้นพื้นฐาน,สพป.เชียงใหม่ เขต 5,2,0.00,0.00,50.00,50.00,9.50,9.50,25.00,25.00,19.00,0.00,0.00,0.00,0.00,0.00
2567,328,บ้านเตียนอาง,ฮอด,เล็ก,นอกเมือง,สำนักงานคณะกรรมการการศึกษาขั้นพื้นฐาน,สพป.เชียงใหม่ เขต 5,20,18.79,23.86,32.50,36.31,20.90,13.30,32.50,32.69,22.10,15.66,8.84,17.67,25.00,43.30
2567,329,บ้านทุ่งโป่ง,ฮอด,เล็ก,นอกเมือง,สำนักงานคณะกรรมการการศึกษาขั้นพื้นฐาน,สพป.เชียงใหม่ เขต 5,3,20.43,14.45,0.00,0.00,31.67,8.96,50.00,0.00,31.67,17.91,14.73,20.83,33.33,47.14
2567,330,บ้านนาฟ่อน,ฮอด,เล็ก,นอกเมือง,สำนักงานคณะกรรมการการศึกษาขั้นพื้นฐาน,สพป.เชียงใหม่ เขต 5,7,8.76,13.84,50.00,46.29,33.29,17.83,57.14,31.94,24.43,16.73,0.00,0.00,14.29,34.99
2567,331,บ้านบ่อหลวง,ฮอด,กลาง,นอกเมือง,สำนักงานคณะกรรมการการศึกษาขั้นพื้นฐาน,สพป.เชียงใหม่ เขต 5,24,20.77,19.36,35.42,39.47,25.54,16.34,27.08,28.79,23.75,18.40,3.68,12.21,16.67,37.27
2567,332,บ้านพุย,ฮอด,เล็ก,นอกเมือง,สำนักงานคณะกรรมการการศึกษาขั้นพื้นฐาน,สพป.เชียงใหม่ เขต 5,13,14.14,19.44,53.85,30.77,27.77,19.17,34.62,36.08,19.38,16.72,0.00,0.00,23.08,42.13
2567,333,บ้านแม่งูด,ฮอด,เล็ก,นอกเมือง,สำนักงานคณะกรรมการการศึกษาขั้นพื้นฐาน,สพป.เชียงใหม่ เขต 5,19,13.33,19.29,39.47,34.71,23.53,16.07,28.95,29.54,29.53,18.43,14.57,26.93,42.11,49.37
2567,334,บ้านแม่ลาย,ฮอด,เล็ก,นอกเมือง,สำนักงานคณะกรรมการการศึกษาขั้นพื้นฐาน,สพป.เชียงใหม่ เขต 5,14,21.89,18.05,21.43,31.13,23.07,22.91,46.43,39.93,14.93,17.85,6.31,15.46,21.43,41.03
2567,335,บ้านวังลุง,ฮอด,เล็ก,นอกเมือง,สำนักงานคณะกรรมการการศึกษาขั้นพื้นฐาน,สพป.เชียงใหม่ เขต 5,9,23.84,19.26,44.44,36.85,27.44,18.16,38.89,20.79,31.67,20.03,9.82,18.37,22.22,41.57
2567,336,แม่โถวิทยาคม,ฮอด,กลาง,นอกเมือง,สำนักงานคณะกรรมการการศึกษาขั้นพื้นฐาน,สพป.เชียงใหม่ เขต 5,35,23.87,21.29,21.43,27.48,23.09,18.88,38.57,36.03,22.80,14.22,12.62,19.96,37.14,48.32
2567,337,วัดบ้านขุนเตรียมพุทธศาสตร์,ฮอด,เล็ก,นอกเมือง,สำนักงานการศึกษาพระปริยัติธรรม แผนกสามัญศึกษา,สำนักเขตการศึกษาพระปริยัติธรรมฯ เขต  5,27,10.22,14.45,38.89,31.43,16.89,18.16,46.30,35.81,21.11,15.80,8.18,17.16,33.33,47.14
2567,338,ฮอดพิทยาคม,ฮอด,ใหญ่,นอกเมือง,สำนักงานคณะกรรมการการศึกษาขั้นพื้นฐาน,สำนักงานเขตพื้นที่การศึกษามัธยมศึกษาเชียงใหม่,119,22.28,21.64,34.87,35.24,29.68,18.19,31.09,32.40,24.63,18.73,13.31,23.95,27.73,44.77
2566,1,บ้านขุนแม่รวม,กัลยาณิวัฒนา,เล็ก,นอกเมือง,สำนักงานคณะกรรมการการศึกษาขั้นพื้นฐาน,สพป.เชียงใหม่ เขต 6,3,30.65,25.02,33.33,23.57,25.33,17.91,16.67,23.57,19.00,15.51,29.46,20.83,0.00,0.00
2566,2,บ้านจันทร์,กัลยาณิวัฒนา,เล็ก,นอกเมือง,สำนักงานคณะกรรมการการศึกษาขั้นพื้นฐาน,สพป.เชียงใหม่ เขต 6,11,25.07,21.94,22.73,32.78,29.36,16.92,13.64,22.27,22.45,21.15,8.03,17.04,36.36,48.10
2566,3,บ้านแจ่มหลวง,กัลยาณิวัฒนา,เล็ก,นอกเมือง,สำนักงานคณะกรรมการการศึกษาขั้นพื้นฐาน,สพป.เชียงใหม่ เขต 6,15,26.56,24.69,26.67,30.91,29.47,29.28,6.67,17.00,20.27,14.66,20.62,22.04,6.67,24.94
2566,4,บ้านแม่แดดน้อย,กัลยาณิวัฒนา,เล็ก,นอกเมือง,สำนักงานคณะกรรมการการศึกษาขั้นพื้นฐาน,สพป.เชียงใหม่ เขต 6,19,19.35,20.40,31.58,33.29,29.26,24.12,18.42,24.12,17.00,14.97,11.63,19.46,31.58,46.48
2566,5,บ้านแม่ตะละ,กัลยาณิวัฒนา,เล็ก,นอกเมือง,สำนักงานคณะกรรมการการศึกษาขั้นพื้นฐาน,สพป.เชียงใหม่ เขต 6,2,30.65,0.00,0.00,0.00,76.00,0.00,50.00,0.00,47.50,9.50,22.09,22.09,0.00,0.00
2566,6,บ้านห้วยยา,กัลยาณิวัฒนา,เล็ก,นอกเมือง,สำนักงานคณะกรรมการการศึกษาขั้นพื้นฐาน,สพป.เชียงใหม่ เขต 6,17,16.22,21.33,17.65,23.89,24.59,22.35,23.53,24.96,19.00,13.03,13.00,20.13,17.65,38.12
2566,7,มัธยมกัลยาณิวัฒนาเฉลิมพระเกียรติ,กัลยาณิวัฒนา,กลาง,นอกเมือง,สำนักงานคณะกรรมการการศึกษาขั้นพื้นฐาน,สำนักงานเขตพื้นที่การศึกษามัธยมศึกษาเชียงใหม่,18,18.73,20.78,30.56,29.53,26.39,19.15,30.56,37.78,22.17,17.05,17.18,21.54,44.44,49.69
2566,8,สามัคคีสันม่วง,กัลยาณิวัฒนา,เล็ก,นอกเมือง,สำนักงานคณะกรรมการการศึกษาขั้นพื้นฐาน,สพป.เชียงใหม่ เขต 6,8,12.50,23.72,31.25,24.21,31.50,19.16,12.50,21.65,14.25,18.40,11.05,19.13,25.00,43.30
2566,9,จอมทอง,จอมทอง,ใหญ่พิเศษ,นอกเมือง,สำนักงานคณะกรรมการการศึกษาขั้นพื้นฐาน,สำนักงานเขตพื้นที่การศึกษามัธยมศึกษาเชียงใหม่,335,24.05,24.33,27.31,30.30,32.57,23.26,20.45,29.55,21.11,19.62,22.99,27.60,23.88,42.64
2566,10,ไทยรัฐวิทยา 79 (บ้านหนองอาบช้าง),จอมทอง,เล็ก,นอกเมือง,สำนักงานคณะกรรมการการศึกษาขั้นพื้นฐาน,สพป.เชียงใหม่ เขต 6,17,23.43,19.75,26.47,30.28,26.00,17.09,23.53,30.28,20.12,17.81,10.40,18.74,17.65,38.12
2566,11,บ้านขุนกลาง,จอมทอง,กลาง,นอกเมือง,สำนักงานคณะกรรมการการศึกษาขั้นพื้นฐาน,สพป.เชียงใหม่ เขต 6,19,25.81,22.81,50.00,28.10,34.00,15.81,23.68,29.77,16.00,12.73,6.98,16.11,5.26,22.33
2566,12,บ้านขุนแปะ,จอมทอง,เล็ก,นอกเมือง,สำนักงานคณะกรรมการการศึกษาขั้นพื้นฐาน,สพป.เชียงใหม่ เขต 6,20,16.85,18.07,30.00,36.74,25.65,13.80,12.50,21.65,21.85,16.21,11.05,19.13,15.00,35.71
2566,13,บ้านปากทางท่าลี่,จอมทอง,เล็ก,นอกเมือง,สำนักงานคณะกรรมการการศึกษาขั้นพื้นฐาน,สพป.เชียงใหม่ เขต 6,7,8.76,13.84,21.43,24.74,27.14,13.84,7.14,17.50,21.71,18.81,26.91,23.61,28.57,45.18
2566,14,บ้านสบเตี๊ยะ,จอมทอง,กลาง,นอกเมือง,สำนักงานคณะกรรมการการศึกษาขั้นพื้นฐาน,สพป.เชียงใหม่ เขต 6,18,24.28,22.63,19.44,29.53,19.00,16.76,13.89,22.40,20.06,17.31,12.27,19.79,11.11,31.43
2566,15,บ้านห้วยทราย,จอมทอง,เล็ก,นอกเมือง,สำนักงานคณะกรรมการการศึกษาขั้นพื้นฐาน,สพป.เชียงใหม่ เขต 6,10,21.45,19.62,40.00,20.00,32.30,25.56,45.00,35.00,22.80,18.62,18.84,32.18,10.00,30.00
2566,16,บ้านห้วยส้มป่อย,จอมทอง,เล็ก,นอกเมือง,สำนักงานคณะกรรมการการศึกษาขั้นพื้นฐาน,สพป.เชียงใหม่ เขต 6,11,19.50,14.74,27.27,32.78,38.45,22.27,13.64,22.27,25.91,9.14,16.07,21.26,36.36,48.10
2566,17,บ้านใหม่สารภี,จอมทอง,เล็ก,นอกเมือง,สำนักงานคณะกรรมการการศึกษาขั้นพื้นฐาน,สพป.เชียงใหม่ เขต 6,11,25.07,21.94,36.36,30.83,31.09,16.75,0.00,0.00,12.09,12.21,24.10,22.00,18.18,38.57
2566,18,วัดพุทธนิมิตรวิทยา,จอมทอง,เล็ก,นอกเมือง,สำนักงานพระพุทธศาสนาแห่งชาติ,กลุ่มโรงเรียนพระปริยัติธรรมฯ กลุ่ม  5,23,29.31,23.00,28.26,28.84,28.91,21.60,21.74,32.39,21.70,17.98,13.45,20.33,13.04,33.68
2566,19,สุทธิวงศ์ดำรงวิทย์,จอมทอง,เล็ก,นอกเมือง,สำนักงานคณะกรรมการส่งเสริมการศึกษาเอกชน,-,5,24.52,12.26,30.00,24.49,15.20,14.22,20.00,24.49,15.20,22.16,17.67,21.65,20.00,40.00
2566,20,แกน้อยศึกษา,เชียงดาว,กลาง,นอกเมือง,สำนักงานคณะกรรมการการศึกษาขั้นพื้นฐาน,สพป.เชียงใหม่ เขต 3,8,7.66,13.27,12.50,21.65,16.63,11.39,12.50,21.65,23.75,18.40,11.05,19.13,12.50,33.07
2566,21,เจ้าฟ้าอุบลรัตน์,เชียงดาว,เล็ก,นอกเมือง,สำนักงานคณะกรรมการส่งเสริมการศึกษาเอกชน,-,32,27.32,26.17,26.56,37.47,30.44,25.49,10.94,20.67,15.31,15.41,18.31,25.46,18.75,39.03
2566,22,ชุมชนบ้านเมืองงาย,เชียงดาว,กลาง,นอกเมือง,สำนักงานคณะกรรมการการศึกษาขั้นพื้นฐาน,สพป.เชียงใหม่ เขต 3,36,28.99,20.90,36.11,27.92,37.61,19.41,13.89,22.40,21.92,17.73,11.05,19.13,25.00,43.30
2566,23,ชุมชนบ้านวังจ๊อม,เชียงดาว,กลาง,นอกเมือง,สำนักงานคณะกรรมการการศึกษาขั้นพื้นฐาน,สพป.เชียงใหม่ เขต 3,19,19.35,20.40,10.53,26.05,19.26,22.92,7.89,18.23,18.00,18.97,25.58,21.82,31.58,46.48
2566,24,เชียงดาววิทยาคม,เชียงดาว,ใหญ่,นอกเมือง,สำนักงานคณะกรรมการการศึกษาขั้นพื้นฐาน,สำนักงานเขตพื้นที่การศึกษามัธยมศึกษาเชียงใหม่,114,22.38,21.45,30.70,33.45,28.72,21.45,25.00,31.93,22.92,18.23,14.16,22.87,18.42,38.77
2566,25,ดอยสามหมื่น,เชียงดาว,เล็ก,นอกเมือง,สำนักงานคณะกรรมการการศึกษาขั้นพื้นฐาน,สพป.เชียงใหม่ เขต 3,7,17.51,15.17,35.71,22.59,19.00,14.36,35.71,34.99,16.29,12.14,37.87,15.46,42.86,49.49
2566,26,บ้านเชียงดาว,เชียงดาว,กลาง,นอกเมือง,สำนักงานคณะกรรมการการศึกษาขั้นพื้นฐาน,สพป.เชียงใหม่ เขต 3,41,25.26,25.56,35.37,33.58,35.80,25.20,17.07,28.39,23.41,19.35,18.89,27.39,4.88,21.54
2566,27,บ้านทุ่งข้าวพวง,เชียงดาว,กลาง,นอกเมือง,สำนักงานคณะกรรมการการศึกษาขั้นพื้นฐาน,สพป.เชียงใหม่ เขต 3,20,27.58,23.54,27.50,29.47,25.65,17.28,20.00,33.17,23.75,15.75,6.63,15.78,25.00,43.30
2566,28,บ้านนาหวาย,เชียงดาว,กลาง,นอกเมือง,สำนักงานคณะกรรมการการศึกษาขั้นพื้นฐาน,สพป.เชียงใหม่ เขต 3,34,32.54,27.12,26.47,32.62,33.53,19.03,25.00,30.32,19.15,17.42,11.08,23.45,23.53,42.42
2566,29,บ้านปางเฟือง,เชียงดาว,เล็ก,นอกเมือง,สำนักงานคณะกรรมการการศึกษาขั้นพื้นฐาน,สพป.เชียงใหม่ เขต 3,10,33.71,21.45,25.00,25.00,20.90,13.30,20.00,24.49,13.30,12.17,4.42,13.26,0.00,0.00
2566,30,บ้านปางมะเยา,เชียงดาว,กลาง,นอกเมือง,สำนักงานคณะกรรมการการศึกษาขั้นพื้นฐาน,สพป.เชียงใหม่ เขต 3,14,8.76,18.05,32.14,35.89,19.00,14.36,39.29,43.01,10.86,11.83,18.94,21.87,14.29,34.99
2566,31,บ้านเมืองคอง,เชียงดาว,เล็ก,นอกเมือง,สำนักงานคณะกรรมการการศึกษาขั้นพื้นฐาน,สพป.เชียงใหม่ เขต 3,6,15.32,15.32,16.67,23.57,25.33,14.16,8.33,18.63,9.50,14.51,29.46,20.83,16.67,37.27
2566,32,บ้านเมืองนะ,เชียงดาว,กลาง,นอกเมือง,สำนักงานคณะกรรมการการศึกษาขั้นพื้นฐาน,สพป.เชียงใหม่ เขต 3,40,16.29,19.87,26.25,31.60,28.98,20.81,37.50,34.91,19.48,16.17,16.57,21.39,17.50,38.00
2566,33,บ้านแม่กอนใน,เชียงดาว,เล็ก,นอกเมือง,สำนักงานคณะกรรมการการศึกษาขั้นพื้นฐาน,สพป.เชียงใหม่ เขต 3,12,20.43,19.11,45.83,37.96,33.25,23.43,12.50,21.65,17.42,16.38,7.36,16.47,0.00,0.00
2566,34,บ้านแม่นะ,เชียงดาว,กลาง,นอกเมือง,สำนักงานคณะกรรมการการศึกษาขั้นพื้นฐาน,สพป.เชียงใหม่ เขต 3,22,25.44,24.87,31.82,32.14,34.55,17.78,11.36,25.81,19.86,13.41,20.61,27.20,9.09,28.75
2566,35,บ้านหนองเขียว,เชียงดาว,กลาง,นอกเมือง,สำนักงานคณะกรรมการการศึกษาขั้นพื้นฐาน,สพป.เชียงใหม่ เขต 3,40,22.22,21.66,27.50,27.27,17.10,16.34,23.75,31.60,20.20,16.73,14.36,20.70,25.00,43.30
2566,36,บ้านห้วยจะค่าน ตชด.อนุสรณ์,เชียงดาว,กลาง,นอกเมือง,สำนักงานคณะกรรมการการศึกษาขั้นพื้นฐาน,สพป.เชียงใหม่ เขต 3,15,22.47,20.83,23.33,24.94,15.20,15.82,13.33,22.11,21.53,13.64,11.78,19.54,20.00,40.00
2566,37,พัฒนาต้นน้ำขุนคอง,เชียงดาว,เล็ก,นอกเมือง,สำนักงานคณะกรรมการการศึกษาขั้นพื้นฐาน,สพป.เชียงใหม่ เขต 3,10,27.58,21.45,40.00,30.00,15.20,14.22,25.00,33.54,19.00,12.02,22.09,22.09,30.00,45.83
2566,38,มิตรมวลชนเชียงใหม่,เชียงดาว,กลาง,นอกเมือง,สำนักงานคณะกรรมการการศึกษาขั้นพื้นฐาน,สพป.เชียงใหม่ เขต 3,6,30.65,17.69,58.33,34.36,38.00,10.97,41.67,44.88,12.67,8.96,29.46,20.83,16.67,37.27
2566,39,ราชประชานุเคราะห์ 61 จังหวัดเชียงใหม่,เชียงดาว,กลาง,นอกเมือง,สำนักบริหารงานการศึกษาพิเศษ,-,13,16.50,19.44,15.38,23.08,26.31,19.06,26.92,31.72,21.92,18.02,16.99,21.50,23.08,42.13
2566,40,ศีลรวี,เชียงดาว,กลาง,นอกเมือง,สำนักงานคณะกรรมการส่งเสริมการศึกษาเอกชน,-,41,21.87,24.29,21.95,27.16,31.29,20.79,21.95,33.22,19.12,18.08,17.24,21.55,24.39,42.94
2566,41,อรุโณทัยวิทยาคม,เชียงดาว,ใหญ่,นอกเมือง,สำนักงานคณะกรรมการการศึกษาขั้นพื้นฐาน,สำนักงานเขตพื้นที่การศึกษามัธยมศึกษาเชียงใหม่,103,20.98,22.18,29.13,28.32,23.06,19.03,20.39,27.37,18.68,17.57,17.70,21.80,17.48,37.98
2566,42,อินทารามวิทยา,เชียงดาว,เล็ก,นอกเมือง,สำนักงานพระพุทธศาสนาแห่งชาติ,กลุ่มโรงเรียนพระปริยัติธรรมฯ กลุ่ม  5,16,22.98,25.41,25.00,25.00,27.31,17.73,25.00,35.36,19.31,16.85,16.57,21.39,25.00,43.30
2566,43,ฉัตรพฤกษ์วิทยา,ไชยปราการ,เล็ก,นอกเมือง,สำนักงานคณะกรรมการส่งเสริมการศึกษาเอกชน,-,4,22.98,13.27,37.50,21.65,28.50,16.45,12.50,21.65,19.00,13.44,44.19,0.00,0.00,0.00
2566,44,ชุมชนวัดศรีดงเย็น,ไชยปราการ,กลาง,นอกเมือง,สำนักงานคณะกรรมการการศึกษาขั้นพื้นฐาน,สพป.เชียงใหม่ เขต 3,26,24.75,20.85,21.15,24.70,21.19,17.74,26.92,28.52,20.46,12.82,15.74,21.74,3.85,19.23
2566,45,ไชยปราการ,ไชยปราการ,กลาง,นอกเมือง,สำนักงานคณะกรรมการการศึกษาขั้นพื้นฐาน,สำนักงานเขตพื้นที่การศึกษามัธยมศึกษาเชียงใหม่,118,17.99,21.85,19.49,29.14,33.37,21.68,21.19,29.41,21.02,18.42,19.29,22.16,8.47,27.85
2566,46,เทศบาล 1 ไชยปราการ,ไชยปราการ,กลาง,นอกเมือง,กรมส่งเสริมการปกครองท้องถิ่น,ท้องถิ่นจังหวัดเชียงใหม่,20,21.85,20.50,32.50,32.69,30.40,15.20,17.50,28.61,25.65,12.42,6.63,15.78,15.00,35.71
2566,47,บ้านปง,ไชยปราการ,เล็ก,นอกเมือง,สำนักงานคณะกรรมการการศึกษาขั้นพื้นฐาน,สพป.เชียงใหม่ เขต 3,17,36.53,27.30,20.59,29.99,40.82,27.23,26.47,30.28,23.76,16.62,18.19,21.75,35.29,47.79
2566,48,บ้านปงตำ,ไชยปราการ,เล็ก,นอกเมือง,สำนักงานคณะกรรมการการศึกษาขั้นพื้นฐาน,สพป.เชียงใหม่ เขต 3,9,17.03,20.99,38.89,31.43,23.22,11.94,33.33,40.82,19.56,10.19,19.64,21.96,22.22,41.57
2566,49,บ้านหัวฝาย,ไชยปราการ,เล็ก,นอกเมือง,สำนักงานคณะกรรมการการศึกษาขั้นพื้นฐาน,สพป.เชียงใหม่ เขต 3,9,23.84,19.26,22.22,24.85,29.56,9.44,16.67,23.57,19.00,15.51,14.73,20.83,11.11,31.43
2566,50,บ้านใหม่หนองบัว,ไชยปราการ,กลาง,นอกเมือง,สำนักงานคณะกรรมการการศึกษาขั้นพื้นฐาน,สพป.เชียงใหม่ เขต 3,58,17.44,18.97,35.34,33.49,20.64,20.96,18.97,33.25,19.66,16.54,12.19,19.75,13.79,34.48
2566,51,บ้านอ่าย,ไชยปราการ,เล็ก,นอกเมือง,สำนักงานคณะกรรมการการศึกษาขั้นพื้นฐาน,สพป.เชียงใหม่ เขต 3,12,10.22,14.45,41.67,34.36,36.83,23.32,25.00,25.00,15.83,13.06,7.36,16.47,8.33,27.64
2566,52,วัดป่าแดง,ไชยปราการ,เล็ก,นอกเมือง,สำนักงานคณะกรรมการการศึกษาขั้นพื้นฐาน,สพป.เชียงใหม่ เขต 3,8,25.00,14.80,25.00,35.36,26.13,16.28,18.75,24.21,19.00,9.50,11.05,19.13,25.00,43.30
2566,53,วัดป่าไม้แดง,ไชยปราการ,เล็ก,นอกเมือง,สำนักงานพระพุทธศาสนาแห่งชาติ,กลุ่มโรงเรียนพระปริยัติธรรมฯ กลุ่ม  5,14,26.27,15.78,7.14,17.50,32.57,24.28,32.14,35.89,24.79,22.61,19.77,23.00,50.00,50.00
2566,54,สันติวนา,ไชยปราการ,เล็ก,นอกเมือง,สำนักงานคณะกรรมการการศึกษาขั้นพื้นฐาน,สพป.เชียงใหม่ เขต 3,25,15.94,19.61,24.00,24.98,27.36,17.89,34.00,39.29,21.28,21.03,10.60,18.87,12.00,32.50
2566,55,ดอยเต่าวิทยาคม,ดอยเต่า,กลาง,นอกเมือง,สำนักงานคณะกรรมการการศึกษาขั้นพื้นฐาน,สำนักงานเขตพื้นที่การศึกษามัธยมศึกษาเชียงใหม่,122,25.07,23.49,23.36,29.47,28.66,23.73,20.49,29.86,21.26,16.98,17.40,24.67,27.87,44.84
2566,56,บ้านน้อยห้วยรินวิทยา,ดอยเต่า,เล็ก,นอกเมือง,สำนักงานคณะกรรมการการศึกษาขั้นพื้นฐาน,สพป.เชียงใหม่ เขต 5,3,10.22,14.45,50.00,0.00,19.00,0.00,50.00,40.82,6.33,8.96,29.46,20.83,0.00,0.00
2566,57,บ้านบงตัน,ดอยเต่า,เล็ก,นอกเมือง,สำนักงานคณะกรรมการการศึกษาขั้นพื้นฐาน,สพป.เชียงใหม่ เขต 5,15,16.34,18.95,26.67,30.91,32.93,18.96,20.00,24.49,22.80,10.29,17.67,21.65,6.67,24.94
2566,58,บ้านโปง,ดอยเต่า,เล็ก,นอกเมือง,สำนักงานคณะกรรมการการศึกษาขั้นพื้นฐาน,สพป.เชียงใหม่ เขต 5,28,20.79,21.75,32.14,33.31,25.46,24.10,12.50,21.65,12.89,15.28,21.76,30.16,25.00,43.30
2566,59,บ้านแม่ตูบ,ดอยเต่า,เล็ก,นอกเมือง,สำนักงานคณะกรรมการการศึกษาขั้นพื้นฐาน,สพป.เชียงใหม่ เขต 5,6,10.22,14.45,33.33,37.27,34.83,23.05,33.33,23.57,12.67,8.96,7.36,16.47,16.67,37.27
2566,60,บ้านแอ่นจัดสรร,ดอยเต่า,เล็ก,นอกเมือง,สำนักงานคณะกรรมการการศึกษาขั้นพื้นฐาน,สพป.เชียงใหม่ เขต 5,17,20.30,28.96,23.53,24.96,23.47,23.97,17.65,23.89,15.65,11.72,10.40,18.74,23.53,42.42
2566,61,วัดฉิมพลีวิทยา,ดอยเต่า,เล็ก,นอกเมือง,สำนักงานพระพุทธศาสนาแห่งชาติ,กลุ่มโรงเรียนพระปริยัติธรรมฯ กลุ่ม  5,3,10.22,14.45,33.33,23.57,27.00,25.94,0.00,0.00,12.67,8.96,29.46,20.83,0.00,0.00
2566,62,ชลประทานผาแตก,ดอยสะเก็ด,กลาง,นอกเมือง,สำนักงานคณะกรรมการการศึกษาขั้นพื้นฐาน,สพป.เชียงใหม่ เขต 1,32,20.36,22.98,35.94,35.87,25.53,21.03,23.44,33.03,19.00,18.40,16.57,21.39,21.87,41.34
2566,63,ดอยสะเก็ดผดุงศาสน์,ดอยสะเก็ด,เล็ก,นอกเมือง,สำนักงานพระพุทธศาสนาแห่งชาติ,กลุ่มโรงเรียนพระปริยัติธรรมฯ กลุ่ม  5,10,27.58,16.50,25.00,33.54,30.40,17.41,15.00,22.91,13.30,12.17,4.42,13.26,10.00,30.00
2566,64,ดอยสะเก็ดวิทยาคม,ดอยสะเก็ด,กลาง,นอกเมือง,สำนักงานคณะกรรมการการศึกษาขั้นพื้นฐาน,สำนักงานเขตพื้นที่การศึกษามัธยมศึกษาเชียงใหม่,74,18.74,24.41,29.05,32.89,31.39,21.88,25.68,31.02,22.03,19.06,22.12,28.10,16.22,36.86
2566,65,บ้านเชิงดอย(ดอยสะเก็ดศึกษา),ดอยสะเก็ด,ใหญ่,นอกเมือง,สำนักงานคณะกรรมการการศึกษาขั้นพื้นฐาน,สพป.เชียงใหม่ เขต 1,65,22.88,25.22,21.54,30.34,31.35,21.94,20.00,27.46,19.00,15.98,14.45,20.97,29.23,45.48
2566,66,บ้านป่าไม้แดง,ดอยสะเก็ด,กลาง,นอกเมือง,สำนักงานคณะกรรมการการศึกษาขั้นพื้นฐาน,สพป.เชียงใหม่ เขต 1,13,18.86,19.15,26.92,31.72,24.85,18.83,23.08,24.93,8.77,12.05,20.39,22.03,30.77,46.15
2566,67,บ้านป่าเสร้า,ดอยสะเก็ด,กลาง,นอกเมือง,สำนักงานคณะกรรมการการศึกษาขั้นพื้นฐาน,สพป.เชียงใหม่ เขต 1,11,37.10,22.47,22.73,32.78,46.64,16.92,18.18,24.05,25.91,16.75,49.47,30.50,45.45,49.79
2566,68,บ้านแม่หวาน,ดอยสะเก็ด,เล็ก,นอกเมือง,สำนักงานคณะกรรมการการศึกษาขั้นพื้นฐาน,สพป.เชียงใหม่ เขต 1,3,10.22,14.45,33.33,23.57,19.00,15.51,16.67,23.57,6.33,8.96,0.00,0.00,33.33,47.14
2566,69,เพื่อชีวิตเชียงใหม่,ดอยสะเก็ด,เล็ก,นอกเมือง,สำนักงานคณะกรรมการส่งเสริมการศึกษาเอกชน,-,10,21.45,23.93,45.00,35.00,30.40,21.16,35.00,39.05,13.30,14.84,13.26,20.25,30.00,45.83
2566,70,แม่โป่งประชาสามัคคี,ดอยสะเก็ด,เล็ก,นอกเมือง,สำนักงานคณะกรรมการการศึกษาขั้นพื้นฐาน,สพป.เชียงใหม่ เขต 1,11,33.43,24.29,36.36,30.83,20.73,17.10,22.73,32.78,29.36,18.76,20.08,22.00,18.18,38.57
2566,71,ไมตรีจิตคริสเตียนเชียงใหม่,ดอยสะเก็ด,กลาง,นอกเมือง,สำนักงานคณะกรรมการส่งเสริมการศึกษาเอกชน,-,27,19.30,16.99,31.48,30.88,27.44,22.74,27.78,34.25,16.89,13.01,18.00,21.71,14.81,35.52
2566,72,กรป.กลางอุปถัมภ์,ดอยหล่อ,เล็ก,นอกเมือง,สำนักงานคณะกรรมการการศึกษาขั้นพื้นฐาน,สพป.เชียงใหม่ เขต 4,6,15.32,15.32,16.67,23.57,34.83,17.05,0.00,0.00,23.00,8.94,14.73,20.83,33.33,47.14
2566,73,บ้านสามหลัง,ดอยหล่อ,เล็ก,นอกเมือง,สำนักงานคณะกรรมการการศึกษาขั้นพื้นฐาน,สพป.เชียงใหม่ เขต 4,13,25.93,11.06,19.23,24.33,29.23,20.57,26.92,37.29,14.62,10.94,13.60,20.39,30.77,46.15
2566,74,บ้านเหล่าเป้า,ดอยหล่อ,เล็ก,นอกเมือง,สำนักงานคณะกรรมการการศึกษาขั้นพื้นฐาน,สพป.เชียงใหม่ เขต 4,5,6.13,12.26,20.00,24.49,26.60,9.31,0.00,0.00,38.00,12.02,26.51,21.65,40.00,48.99
2566,75,วัดโขงขาววิทยา,ดอยหล่อ,เล็ก,นอกเมือง,สำนักงานพระพุทธศาสนาแห่งชาติ,กลุ่มโรงเรียนพระปริยัติธรรมฯ กลุ่ม  5,8,19.15,26.26,31.25,34.80,30.88,9.20,25.00,43.30,14.25,12.57,16.57,21.39,25.00,43.30
2566,76,สองแคววิทยาคม,ดอยหล่อ,กลาง,นอกเมือง,สำนักงานคณะกรรมการการศึกษาขั้นพื้นฐาน,สำนักงานเขตพื้นที่การศึกษามัธยมศึกษาเชียงใหม่,70,21.45,19.62,26.43,27.67,25.51,21.28,35.71,37.93,19.61,17.07,23.52,23.79,12.86,33.47
2566,77,สันติสุข,ดอยหล่อ,กลาง,นอกเมือง,สำนักงานคณะกรรมการการศึกษาขั้นพื้นฐาน,สำนักงานเขตพื้นที่การศึกษามัธยมศึกษาเชียงใหม่,33,18.57,19.87,28.79,34.88,25.33,18.51,19.70,27.36,21.61,15.90,23.11,25.62,21.21,40.88
2566,78,เจ้าแม่หลวงอุปถัมภ์ 1,ฝาง,กลาง,นอกเมือง,สำนักงานคณะกรรมการการศึกษาขั้นพื้นฐาน,สพป.เชียงใหม่ เขต 3,30,31.72,27.90,21.67,24.78,34.37,25.50,25.00,28.14,23.60,24.26,24.73,32.24,20.00,40.00
2566,79,ฉือจี้เชียงใหม่,ฝาง,กลาง,นอกเมือง,สำนักงานคณะกรรมการส่งเสริมการศึกษาเอกชน,-,104,21.53,23.60,24.04,26.84,31.71,21.83,17.31,27.53,24.76,19.19,25.96,27.57,17.31,37.83
2566,80,ชุมชนบ้านแม่สูนหลวง,ฝาง,เล็ก,นอกเมือง,สำนักงานคณะกรรมการการศึกษาขั้นพื้นฐาน,สพป.เชียงใหม่ เขต 3,2,30.65,30.65,25.00,25.00,38.00,0.00,25.00,25.00,28.50,9.50,0.00,0.00,0.00,0.00
2566,81,เทพศิรินทร์๙โครงการหลวงในพระบรมราชูปถัมภ์,ฝาง,เล็ก,นอกเมือง,สำนักงานคณะกรรมการการศึกษาขั้นพื้นฐาน,สพป.เชียงใหม่ เขต 3,18,15.32,15.32,19.44,24.37,16.89,17.79,13.89,27.92,17.94,17.31,14.73,20.83,11.11,31.43
2566,82,บ้านต้นผึ้ง,ฝาง,เล็ก,นอกเมือง,สำนักงานคณะกรรมการการศึกษาขั้นพื้นฐาน,สพป.เชียงใหม่ เขต 3,11,16.72,20.09,27.27,39.10,31.55,15.51,31.82,32.14,19.00,19.84,12.05,19.68,18.18,38.57
2566,83,บ้านทุ่งหลุก,ฝาง,เล็ก,นอกเมือง,สำนักงานคณะกรรมการการศึกษาขั้นพื้นฐาน,สพป.เชียงใหม่ เขต 3,4,47.98,37.03,25.00,25.00,67.75,18.62,25.00,25.00,34.50,16.27,47.09,35.47,25.00,43.30
2566,84,บ้านปางปอย,ฝาง,กลาง,นอกเมือง,สำนักงานคณะกรรมการการศึกษาขั้นพื้นฐาน,สพป.เชียงใหม่ เขต 3,18,11.92,18.10,30.56,29.53,26.39,22.07,19.44,29.53,15.83,15.83,9.82,18.37,22.22,41.57
2566,85,บ้านปางสัก,ฝาง,เล็ก,นอกเมือง,สำนักงานคณะกรรมการการศึกษาขั้นพื้นฐาน,สพป.เชียงใหม่ เขต 3,17,14.42,18.56,23.53,24.96,26.82,21.67,20.59,34.55,15.65,13.41,10.40,18.74,23.53,42.42
2566,86,บ้านโป่งนก,ฝาง,กลาง,นอกเมือง,สำนักงานคณะกรรมการการศึกษาขั้นพื้นฐาน,สพป.เชียงใหม่ เขต 3,18,31.09,26.16,25.00,25.00,29.56,23.03,8.33,18.63,17.94,16.11,19.64,21.96,5.56,22.91
2566,87,บ้านม่วงชุม,ฝาง,กลาง,นอกเมือง,สำนักงานคณะกรรมการการศึกษาขั้นพื้นฐาน,สพป.เชียงใหม่ เขต 3,53,23.13,20.54,22.64,26.72,28.32,21.40,21.70,26.62,20.89,16.83,13.34,20.28,24.53,43.03
2566,88,บ้านม่อนปิ่น,ฝาง,กลาง,นอกเมือง,สำนักงานคณะกรรมการการศึกษาขั้นพื้นฐาน,สพป.เชียงใหม่ เขต 3,13,28.29,25.39,30.77,31.25,36.54,21.68,26.92,37.29,16.85,19.40,10.20,18.62,23.08,42.13
2566,89,บ้านแม่ข่า,ฝาง,กลาง,นอกเมือง,สำนักงานคณะกรรมการการศึกษาขั้นพื้นฐาน,สพป.เชียงใหม่ เขต 3,31,50.42,29.58,25.81,30.77,37.71,24.68,24.19,28.03,26.84,18.39,21.08,26.63,25.81,43.76
2566,90,บ้านแม่คะ,ฝาง,กลาง,นอกเมือง,สำนักงานคณะกรรมการการศึกษาขั้นพื้นฐาน,สพป.เชียงใหม่ เขต 3,19,17.74,20.66,23.68,24.97,23.00,13.19,18.42,29.07,14.00,13.56,18.60,21.82,0.00,0.00
2566,91,บ้านแม่งอนขี้เหล็ก,ฝาง,กลาง,นอกเมือง,กรมส่งเสริมการปกครองท้องถิ่น,ท้องถิ่นจังหวัดเชียงใหม่,32,23.94,16.67,29.69,35.04,26.72,20.07,15.63,29.15,22.13,15.49,8.65,18.10,28.12,44.96
2566,92,บ้านล้องอ้อ,ฝาง,เล็ก,นอกเมือง,กรมส่งเสริมการปกครองท้องถิ่น,ท้องถิ่นจังหวัดเชียงใหม่,15,20.43,21.43,30.00,35.59,19.00,19.62,20.00,30.55,17.73,14.66,14.73,20.83,20.00,40.00
2566,93,บ้านเวียงฝาง,ฝาง,ใหญ่,นอกเมือง,สำนักงานคณะกรรมการการศึกษาขั้นพื้นฐาน,สพป.เชียงใหม่ เขต 3,51,23.43,19.75,26.47,28.62,27.57,20.02,22.55,31.80,18.63,16.18,15.60,21.12,19.61,39.70
2566,94,บ้านสันทรายคองน้อย,ฝาง,กลาง,นอกเมือง,สำนักงานคณะกรรมการการศึกษาขั้นพื้นฐาน,สพป.เชียงใหม่ เขต 3,17,27.04,23.23,29.41,24.61,26.82,13.13,11.76,21.21,16.76,15.81,13.00,20.13,17.65,38.12
2566,95,บ้านสันป่าแดง,ฝาง,เล็ก,นอกเมือง,สำนักงานคณะกรรมการการศึกษาขั้นพื้นฐาน,สพป.เชียงใหม่ เขต 3,12,33.87,30.63,20.83,24.65,28.50,21.24,25.00,32.27,19.00,13.44,7.36,16.47,41.67,49.30
2566,96,บ้านหลวง,ฝาง,กลาง,นอกเมือง,สำนักงานคณะกรรมการการศึกษาขั้นพื้นฐาน,สพป.เชียงใหม่ เขต 3,17,23.91,17.03,29.41,24.61,31.29,18.36,5.88,16.11,16.76,15.81,10.40,18.74,17.65,38.12
2566,97,บ้านห้วยงูกลาง,ฝาง,เล็ก,นอกเมือง,สำนักงานคณะกรรมการการศึกษาขั้นพื้นฐาน,สพป.เชียงใหม่ เขต 3,9,44.27,20.99,50.00,0.00,31.67,12.67,16.67,23.57,21.11,14.00,20.93,33.27,33.33,47.14
2566,98,บ้านห้วยหมากเลี่ยม,ฝาง,กลาง,นอกเมือง,สำนักงานคณะกรรมการการศึกษาขั้นพื้นฐาน,สพป.เชียงใหม่ เขต 3,16,19.15,23.92,37.50,27.95,22.56,12.05,15.63,23.18,21.38,13.22,13.81,20.48,25.00,43.30
2566,99,บ้านห้วยเฮี่ยน,ฝาง,เล็ก,นอกเมือง,สำนักงานคณะกรรมการการศึกษาขั้นพื้นฐาน,สพป.เชียงใหม่ เขต 3,13,23.57,17.64,11.54,21.07,20.46,18.94,23.08,24.93,25.23,18.76,10.20,18.62,15.38,36.08
2566,100,บ้านเหมืองแร่,ฝาง,กลาง,นอกเมือง,สำนักงานคณะกรรมการการศึกษาขั้นพื้นฐาน,สพป.เชียงใหม่ เขต 3,11,22.29,22.97,40.91,35.79,22.45,15.83,9.09,19.28,17.27,12.69,16.07,21.26,18.18,38.57
2566,101,ฝางชนูปถัมภ์,ฝาง,ใหญ่,นอกเมือง,สำนักงานคณะกรรมการการศึกษาขั้นพื้นฐาน,สำนักงานเขตพื้นที่การศึกษามัธยมศึกษาเชียงใหม่,215,20.03,21.76,25.81,28.87,28.50,20.81,20.00,28.85,18.93,15.61,17.58,22.29,13.49,34.16
2566,102,ฝางธรรมศึกษา,ฝาง,เล็ก,นอกเมือง,สำนักงานพระพุทธศาสนาแห่งชาติ,กลุ่มโรงเรียนพระปริยัติธรรมฯ กลุ่ม  5,11,25.07,21.94,22.73,24.90,29.36,16.92,27.27,24.90,15.55,17.78,21.14,31.54,9.09,28.75
2566,103,รังษีวิทยา,ฝาง,ใหญ่พิเศษ,นอกเมือง,สำนักงานคณะกรรมการส่งเสริมการศึกษาเอกชน,-,143,45.10,33.88,29.37,29.17,48.47,27.68,26.92,33.33,31.36,26.99,38.67,34.87,39.16,48.81
2566,104,รัตนาเอื้อวิทยา,ฝาง,ใหญ่,นอกเมือง,สำนักงานคณะกรรมการส่งเสริมการศึกษาเอกชน,-,51,39.44,29.06,36.27,34.41,46.39,23.09,15.69,25.22,28.80,21.63,29.55,31.90,21.57,41.13
2566,105,วัดเจดีย์งามปริยัติวิทยา,ฝาง,เล็ก,นอกเมือง,สำนักงานพระพุทธศาสนาแห่งชาติ,กลุ่มโรงเรียนพระปริยัติธรรมฯ กลุ่ม  5,14,17.51,19.08,25.00,25.00,20.36,16.79,17.86,30.51,16.29,12.14,18.94,21.87,28.57,45.18
2566,106,วัดนันทาราม,ฝาง,กลาง,นอกเมือง,สำนักงานคณะกรรมการการศึกษาขั้นพื้นฐาน,สพป.เชียงใหม่ เขต 3,17,21.63,20.39,29.41,29.99,25.71,18.36,14.71,22.78,19.29,16.01,13.00,20.13,5.88,23.53
2566,107,วัดพระบาทอุดม,ฝาง,เล็ก,นอกเมือง,สำนักงานพระพุทธศาสนาแห่งชาติ,กลุ่มโรงเรียนพระปริยัติธรรมฯ กลุ่ม  5,18,22.13,17.11,41.67,30.05,21.11,22.74,22.22,24.85,21.11,14.00,17.18,21.54,50.00,50.00
2566,108,สายอักษร,ฝาง,กลาง,นอกเมือง,สำนักงานคณะกรรมการส่งเสริมการศึกษาเอกชน,-,26,32.75,30.48,34.62,33.31,46.04,20.53,30.77,34.19,28.69,20.37,28.09,26.30,42.31,49.40
2566,109,เขื่อนผากวิทยา,พร้าว,เล็ก,นอกเมือง,สำนักงานพระพุทธศาสนาแห่งชาติ,กลุ่มโรงเรียนพระปริยัติธรรมฯ กลุ่ม  5,8,19.15,21.33,31.25,24.21,19.00,9.50,31.25,34.80,21.38,17.61,0.00,0.00,0.00,0.00
2566,110,ชุมชนบ้านโป่ง,พร้าว,เล็ก,นอกเมือง,สำนักงานคณะกรรมการการศึกษาขั้นพื้นฐาน,สพป.เชียงใหม่ เขต 2,4,22.98,13.27,37.50,41.46,29.75,18.62,37.50,41.46,23.75,8.23,11.05,19.13,0.00,0.00
2566,111,บ้านนาบุญโหล่งขอด,พร้าว,เล็ก,นอกเมือง,สำนักงานคณะกรรมการการศึกษาขั้นพื้นฐาน,สพป.เชียงใหม่ เขต 2,26,22.39,21.77,25.00,31.77,38.00,22.97,17.31,23.79,25.04,19.18,22.54,26.51,11.54,31.95
2566,112,บ้านแม่ปั๋ง,พร้าว,เล็ก,นอกเมือง,สำนักงานคณะกรรมการการศึกษาขั้นพื้นฐาน,สพป.เชียงใหม่ เขต 2,7,30.65,16.38,28.57,36.42,29.86,17.17,21.43,24.74,13.57,8.58,12.62,19.96,0.00,0.00
2566,113,บ้านแม่ปาคี,พร้าว,เล็ก,นอกเมือง,สำนักงานคณะกรรมการการศึกษาขั้นพื้นฐาน,สพป.เชียงใหม่ เขต 2,9,27.24,22.59,55.56,28.33,25.33,15.51,22.22,34.25,23.22,21.53,4.91,13.89,11.11,31.43
2566,114,บ้านแม่เหียะ,พร้าว,เล็ก,นอกเมือง,สำนักงานคณะกรรมการการศึกษาขั้นพื้นฐาน,สพป.เชียงใหม่ เขต 2,6,25.54,11.42,8.33,18.63,25.33,14.16,8.33,18.63,9.50,9.50,7.36,16.47,0.00,0.00
2566,115,บ้านสันกลาง,พร้าว,เล็ก,นอกเมือง,สำนักงานคณะกรรมการการศึกษาขั้นพื้นฐาน,สพป.เชียงใหม่ เขต 2,4,15.32,15.32,50.00,35.36,33.25,15.75,37.50,21.65,14.25,15.75,22.09,22.09,25.00,43.30
2566,116,บ้านสันปง,พร้าว,เล็ก,นอกเมือง,สำนักงานคณะกรรมการการศึกษาขั้นพื้นฐาน,สพป.เชียงใหม่ เขต 2,4,30.65,21.67,37.50,21.65,33.25,8.23,12.50,21.65,23.75,8.23,22.09,22.09,0.00,0.00
2566,117,บ้านหนองปิด,พร้าว,เล็ก,นอกเมือง,สำนักงานคณะกรรมการการศึกษาขั้นพื้นฐาน,สพป.เชียงใหม่ เขต 2,2,15.32,15.32,50.00,0.00,38.00,19.00,25.00,25.00,19.00,0.00,22.09,22.09,50.00,50.00
2566,118,พร้าวบูรพา,พร้าว,เล็ก,นอกเมือง,สำนักงานคณะกรรมการการศึกษาขั้นพื้นฐาน,สพป.เชียงใหม่ เขต 2,3,30.65,25.02,16.67,23.57,31.67,17.91,50.00,40.82,44.33,8.96,44.19,0.00,0.00,0.00
2566,119,โรงเรียนพร้าววิทยาคม,พร้าว,ใหญ่,นอกเมือง,สำนักงานคณะกรรมการการศึกษาขั้นพื้นฐาน,สำนักงานเขตพื้นที่การศึกษามัธยมศึกษาเชียงใหม่,167,25.22,26.04,29.04,29.12,38.99,25.19,27.84,32.65,25.53,21.56,24.52,29.85,24.55,43.04
2566,120,สหกรณ์ดำริ,พร้าว,เล็ก,นอกเมือง,สำนักงานคณะกรรมการการศึกษาขั้นพื้นฐาน,สพป.เชียงใหม่ เขต 2,3,10.22,14.45,33.33,23.57,25.33,8.96,50.00,40.82,31.67,8.96,14.73,20.83,0.00,0.00
2566,121,กสิณธร เซนต์เจมส์ เชียงใหม่,เมืองเชียงใหม่,เล็ก,ในเมือง,สำนักงานคณะกรรมการส่งเสริมการศึกษาเอกชน,-,5,24.52,22.93,30.00,24.49,38.00,12.02,10.00,20.00,11.40,9.31,8.84,17.67,20.00,40.00
2566,122,กาวิละวิทยาลัย,เมืองเชียงใหม่,ใหญ่,ในเมือง,สำนักงานคณะกรรมการการศึกษาขั้นพื้นฐาน,สำนักงานเขตพื้นที่การศึกษามัธยมศึกษาเชียงใหม่,187,23.53,23.51,29.14,28.67,31.45,21.37,24.06,28.95,21.04,16.89,21.65,27.57,13.37,34.03
2566,123,โกวิทธำรงเชียงใหม่,เมืองเชียงใหม่,ใหญ่,ในเมือง,สำนักงานคณะกรรมการส่งเสริมการศึกษาเอกชน,-,97,27.19,23.74,26.29,27.89,33.99,21.95,23.20,30.51,22.98,18.83,19.25,22.06,26.80,44.29
2566,124,ขาลสุวรรณอนุสรณ์,เมืองเชียงใหม่,เล็ก,ในเมือง,สำนักงานคณะกรรมการส่งเสริมการศึกษาเอกชน,-,12,22.98,22.12,33.33,31.18,34.83,21.71,20.83,24.65,19.00,17.34,19.38,30.75,16.67,37.27
2566,125,จิตราวิทยา,เมืองเชียงใหม่,ใหญ่,ในเมือง,สำนักงานคณะกรรมการส่งเสริมการศึกษาเอกชน,-,86,18.36,21.38,29.07,30.94,32.31,21.23,29.07,32.77,19.06,20.19,14.66,22.48,27.91,44.85
2566,126,ชุมชนเทศบาลวัดศรีดอนไชย,เมืองเชียงใหม่,กลาง,ในเมือง,กรมส่งเสริมการปกครองท้องถิ่น,ท้องถิ่นจังหวัดเชียงใหม่,31,22.74,20.55,27.42,27.94,29.42,20.95,22.58,33.21,22.68,17.68,17.48,22.09,25.81,43.76
2566,127,ชุมชนบ้านบวกครกน้อย,เมืองเชียงใหม่,กลาง,ในเมือง,สำนักงานคณะกรรมการการศึกษาขั้นพื้นฐาน,สพป.เชียงใหม่ เขต 1,28,58.29,26.61,17.86,23.96,48.86,13.84,14.29,22.59,36.00,17.46,49.67,36.81,96.43,18.56
2566,128,ชุมชนวัดท่าเดื่อ,เมืองเชียงใหม่,เล็ก,ในเมือง,สำนักงานคณะกรรมการการศึกษาขั้นพื้นฐาน,สพป.เชียงใหม่ เขต 1,39,25.93,21.43,34.62,30.28,33.74,18.43,29.49,35.30,24.00,17.32,19.56,22.32,23.08,42.13
2566,129,เชตุพนศึกษา,เมืองเชียงใหม่,เล็ก,ในเมือง,สำนักงานพระพุทธศาสนาแห่งชาติ,กลุ่มโรงเรียนพระปริยัติธรรมฯ กลุ่ม  5,24,14.05,19.74,16.67,23.57,22.96,18.98,20.83,32.00,16.63,15.81,16.57,21.39,33.33,47.14
2566,130,เชียงใหม่คริสเตียน,เมืองเชียงใหม่,ใหญ่,ในเมือง,สำนักงานคณะกรรมการส่งเสริมการศึกษาเอกชน,-,136,23.00,24.08,26.47,32.62,29.90,21.07,19.12,29.12,23.69,18.92,19.84,23.97,16.18,36.82
2566,131,ดาราวิทยาลัย,เมืองเชียงใหม่,ใหญ่พิเศษ,ในเมือง,สำนักงานคณะกรรมการส่งเสริมการศึกษาเอกชน,-,253,29.71,28.31,28.06,29.87,39.53,26.29,25.89,32.84,28.74,25.22,27.88,32.19,30.43,46.01
2566,132,เทพบดินทร์วิทยาเชียงใหม่,เมืองเชียงใหม่,ใหญ่,ในเมือง,สำนักงานคณะกรรมการส่งเสริมการศึกษาเอกชน,-,139,23.94,23.89,26.26,30.19,28.88,19.78,16.55,27.08,23.89,19.45,15.11,22.00,20.14,40.11
2566,133,เทศบาลวัดท่าสะต๋อย,เมืองเชียงใหม่,กลาง,ในเมือง,กรมส่งเสริมการปกครองท้องถิ่น,ท้องถิ่นจังหวัดเชียงใหม่,22,35.56,28.24,25.00,29.19,42.32,23.57,18.18,28.39,19.86,16.68,23.68,31.98,27.27,44.54
2566,134,เทศบาลวัดศรีปิงเมือง,เมืองเชียงใหม่,กลาง,ในเมือง,กรมส่งเสริมการปกครองท้องถิ่น,ท้องถิ่นจังหวัดเชียงใหม่,24,25.54,26.04,31.25,31.66,29.29,21.23,16.67,31.18,21.00,16.87,14.73,20.83,37.50,48.41
2566,135,ธรรมเมธีศึกษา,เมืองเชียงใหม่,เล็ก,ในเมือง,สำนักงานพระพุทธศาสนาแห่งชาติ,กลุ่มโรงเรียนพระปริยัติธรรมฯ กลุ่ม  5,7,17.51,15.17,0.00,0.00,24.43,16.73,35.71,22.59,35.29,12.14,0.00,0.00,14.29,34.99
2566,136,ธรรมราชศึกษา,เมืองเชียงใหม่,กลาง,ในเมือง,สำนักงานคณะกรรมการส่งเสริมการศึกษาเอกชน,-,106,17.64,19.27,25.00,31.66,22.27,19.87,22.17,30.00,17.75,15.05,14.59,20.78,14.15,34.85
2566,137,บ้านดอนปิน,เมืองเชียงใหม่,กลาง,ในเมือง,สำนักงานคณะกรรมการการศึกษาขั้นพื้นฐาน,สพป.เชียงใหม่ เขต 1,27,24.13,24.95,24.07,28.45,31.67,21.32,24.07,28.45,16.19,19.83,14.73,20.83,22.22,41.57
2566,138,บ้านโป่งน้อย,เมืองเชียงใหม่,กลาง,ในเมือง,สำนักงานคณะกรรมการการศึกษาขั้นพื้นฐาน,สพป.เชียงใหม่ เขต 1,14,19.70,22.00,35.71,29.45,28.50,18.66,17.86,30.51,18.00,18.70,12.62,19.96,14.29,34.99
2566,139,บาลีสาธิตศึกษา มจร.,เมืองเชียงใหม่,กลาง,ในเมือง,สำนักงานพระพุทธศาสนาแห่งชาติ,กลุ่มโรงเรียนพระปริยัติธรรมฯ กลุ่ม  5,37,14.08,19.63,18.92,24.25,17.97,15.27,16.22,26.13,15.41,17.02,21.50,22.08,10.81,31.05
2566,140,ปรินส์รอยแยลส์วิทยาลัย,เมืองเชียงใหม่,ใหญ่พิเศษ,ในเมือง,สำนักงานคณะกรรมการส่งเสริมการศึกษาเอกชน,-,538,42.93,33.78,32.16,30.90,60.04,28.52,29.74,32.81,45.05,28.25,45.21,37.11,51.30,49.98
2566,141,พระหฤทัยเชียงใหม่,เมืองเชียงใหม่,ใหญ่,ในเมือง,สำนักงานคณะกรรมการส่งเสริมการศึกษาเอกชน,-,96,31.33,28.36,27.60,26.88,38.67,26.13,20.31,28.48,22.81,20.18,25.70,27.92,34.37,47.50
2566,142,พิงครัตน์,เมืองเชียงใหม่,เล็ก,ในเมือง,สำนักงานคณะกรรมการส่งเสริมการศึกษาเอกชน,-,5,24.52,22.93,10.00,20.00,42.80,34.34,30.00,40.00,31.40,27.56,37.67,19.37,20.00,40.00
2566,143,มงฟอร์ตวิทยาลัย แผนกมัธยม,เมืองเชียงใหม่,ใหญ่พิเศษ,ในเมือง,สำนักงานคณะกรรมการส่งเสริมการศึกษาเอกชน,-,140,71.85,30.96,39.29,33.69,79.93,22.05,37.14,37.02,61.17,27.31,66.84,37.26,79.29,40.53
2566,144,เมตตาศึกษา,เมืองเชียงใหม่,กลาง,ในเมือง,สำนักงานคณะกรรมการส่งเสริมการศึกษาเอกชน,-,53,21.97,20.94,22.64,28.43,29.13,19.54,29.25,31.37,18.83,14.81,20.84,22.06,20.75,40.56
2566,145,ยุพราชวิทยาลัย,เมืองเชียงใหม่,ใหญ่พิเศษ,ในเมือง,สำนักงานคณะกรรมการการศึกษาขั้นพื้นฐาน,สำนักงานเขตพื้นที่การศึกษามัธยมศึกษาเชียงใหม่,547,40.79,32.34,28.61,30.68,54.67,26.63,26.51,30.25,38.40,26.14,40.27,36.50,39.12,48.80
2566,146,ยุวฑูตศึกษาพัฒนาราชพฤกษ์,เมืองเชียงใหม่,กลาง,ในเมือง,สำนักงานคณะกรรมการส่งเสริมการศึกษาเอกชน,-,18,22.13,17.11,38.89,31.43,38.06,23.84,19.44,24.37,26.39,16.92,27.65,27.70,11.11,31.43
2566,147,เรยีนาเชลีวิทยาลัย,เมืองเชียงใหม่,ใหญ่,ในเมือง,สำนักงานคณะกรรมการส่งเสริมการศึกษาเอกชน,-,117,35.18,31.22,25.64,28.95,45.78,30.32,18.38,27.42,33.49,27.31,32.96,33.99,48.72,49.98
2566,148,วชิรวิทย์ เชียงใหม่,เมืองเชียงใหม่,กลาง,ในเมือง,สำนักงานคณะกรรมการส่งเสริมการศึกษาเอกชน,-,52,21.99,25.97,25.96,34.66,33.08,24.33,20.19,28.18,23.13,21.27,21.69,26.51,23.08,42.13
2566,149,วัฒโนทัยพายัพ,เมืองเชียงใหม่,ใหญ่พิเศษ,ในเมือง,สำนักงานคณะกรรมการการศึกษาขั้นพื้นฐาน,สำนักงานเขตพื้นที่การศึกษามัธยมศึกษาเชียงใหม่,425,32.50,27.58,27.41,29.03,41.14,24.60,23.06,31.21,26.39,20.18,27.46,28.63,29.41,45.56
2566,150,วัดช่างเคี่ยน,เมืองเชียงใหม่,กลาง,ในเมือง,สำนักงานคณะกรรมการการศึกษาขั้นพื้นฐาน,สพป.เชียงใหม่ เขต 1,13,16.50,15.28,34.62,30.28,20.46,13.87,26.92,31.72,17.54,15.74,10.20,18.62,15.38,36.08
2566,151,วัดดอนจั่น,เมืองเชียงใหม่,กลาง,ในเมือง,สำนักงานคณะกรรมการการศึกษาขั้นพื้นฐาน,สพป.เชียงใหม่ เขต 1,26,23.57,19.58,26.92,31.72,16.08,13.63,19.23,28.00,17.54,14.83,16.99,21.50,26.92,44.36
2566,152,วัดวังสิงห์คำ,เมืองเชียงใหม่,กลาง,ในเมือง,สำนักงานคณะกรรมการการศึกษาขั้นพื้นฐาน,สพป.เชียงใหม่ เขต 1,17,18.03,23.64,38.24,27.28,29.06,18.57,29.41,34.55,19.00,17.24,18.19,21.75,17.65,38.12
2566,153,วารีเชียงใหม่,เมืองเชียงใหม่,ใหญ่พิเศษ,ในเมือง,สำนักงานคณะกรรมการส่งเสริมการศึกษาเอกชน,-,138,30.96,29.16,29.35,30.53,41.91,27.10,17.75,26.10,27.87,23.86,25.68,30.72,31.16,46.31
2566,154,วิชัยวิทยา,เมืองเชียงใหม่,กลาง,ในเมือง,สำนักงานคณะกรรมการส่งเสริมการศึกษาเอกชน,-,25,43.29,29.25,22.00,28.57,53.44,30.07,22.00,31.87,35.36,23.80,27.91,30.44,48.00,49.96
2566,155,วิทยาลัยนาฎศิลปเชียงใหม่,เมืองเชียงใหม่,กลาง,ในเมือง,สถาบันบัณฑิตพัฒนศิลป์ (ปวช.),-,36,21.28,20.20,30.56,29.53,27.58,21.89,15.28,23.03,19.53,19.25,12.27,19.79,22.22,41.57
2566,156,สมเด็จพระพุทธชินวงศ์,เมืองเชียงใหม่,กลาง,ในเมือง,สำนักงานพระพุทธศาสนาแห่งชาติ,กลุ่มโรงเรียนพระปริยัติธรรมฯ กลุ่ม  5,36,21.28,22.63,27.78,27.50,21.11,18.88,13.89,22.40,21.11,16.01,11.05,19.13,38.89,48.75
2566,157,สังวาลย์วิทยา,เมืองเชียงใหม่,เล็ก,ในเมือง,สำนักงานคณะกรรมการการศึกษาขั้นพื้นฐาน,สพป.เชียงใหม่ เขต 1,7,21.89,21.45,28.57,24.74,16.29,15.83,14.29,22.59,21.71,15.83,6.31,15.46,14.29,34.99
2566,158,สาธิตมหาวิทยาลัยเชียงใหม่,เมืองเชียงใหม่,ใหญ่,ในเมือง,สำนักงานปลัดกระทรวงการอุดมศึกษาฯ,-,215,54.31,36.23,37.44,33.14,68.60,26.74,32.79,33.85,50.82,28.21,51.14,39.62,40.47,49.08
2566,159,สามัคคีวิทยาทาน,เมืองเชียงใหม่,เล็ก,ในเมือง,สำนักงานพระพุทธศาสนาแห่งชาติ,กลุ่มโรงเรียนพระปริยัติธรรมฯ กลุ่ม  5,38,18.55,16.55,25.00,29.80,27.00,22.49,28.95,27.22,16.50,16.41,20.93,22.06,26.32,44.03
2566,160,สารสาสน์วิเทศเชียงใหม่,เมืองเชียงใหม่,ใหญ่,ในเมือง,สำนักงานคณะกรรมการส่งเสริมการศึกษาเอกชน,-,41,38.04,32.20,24.39,31.47,47.20,23.98,29.27,31.19,25.73,19.24,28.08,31.57,43.90,49.63
2566,161,สารสาสน์วิเทศล้านนา,เมืองเชียงใหม่,ใหญ่,ในเมือง,สำนักงานคณะกรรมการส่งเสริมการศึกษาเอกชน,-,39,27.13,26.06,35.90,33.87,36.67,21.61,19.23,29.12,20.59,18.22,24.69,25.65,17.95,38.38
2566,162,โสตศึกษาอนุสารสุนทร,เมืองเชียงใหม่,เล็ก,ในเมือง,สำนักบริหารงานการศึกษาพิเศษ,-,0,-,-,-,-,-,-,-,-,-,-,-,-,-,-
2566,163,หอพระ,เมืองเชียงใหม่,กลาง,ในเมือง,สำนักงานคณะกรรมการการศึกษาขั้นพื้นฐาน,สำนักงานเขตพื้นที่การศึกษามัธยมศึกษาเชียงใหม่,32,25.15,23.04,29.69,32.74,32.66,20.83,20.31,30.26,16.03,15.10,17.30,22.49,34.37,47.50
2566,164,อนุบาลหนองป่าครั่ง,เมืองเชียงใหม่,เล็ก,ในเมือง,กรมส่งเสริมการปกครองท้องถิ่น,ท้องถิ่นจังหวัดเชียงใหม่,5,24.52,22.93,40.00,20.00,19.00,12.02,10.00,20.00,0.00,0.00,28.84,23.93,20.00,40.00
2566,165,อภัยอริยศึกษา,เมืองเชียงใหม่,เล็ก,ในเมือง,สำนักงานพระพุทธศาสนาแห่งชาติ,กลุ่มโรงเรียนพระปริยัติธรรมฯ กลุ่ม  5,6,15.32,15.32,33.33,37.27,19.00,10.97,25.00,25.00,22.17,20.28,7.36,16.47,50.00,50.00
2566,166,เซนต์โยเซฟแม่แจ่ม,แม่แจ่ม,กลาง,นอกเมือง,สำนักงานคณะกรรมการส่งเสริมการศึกษาเอกชน,-,24,16.94,20.55,14.58,22.73,27.13,18.49,16.67,31.18,23.75,14.77,14.73,20.83,16.67,37.27
2566,167,บ้านกองแขก,แม่แจ่ม,เล็ก,นอกเมือง,สำนักงานคณะกรรมการการศึกษาขั้นพื้นฐาน,สพป.เชียงใหม่ เขต 6,13,30.65,20.82,15.38,23.08,29.23,23.11,26.92,37.29,13.15,13.71,20.39,22.03,7.69,26.65
2566,168,บ้านขุนแม่หยอด,แม่แจ่ม,เล็ก,นอกเมือง,สำนักงานคณะกรรมการการศึกษาขั้นพื้นฐาน,สพป.เชียงใหม่ เขต 6,7,35.02,19.58,35.71,34.99,40.71,18.81,28.57,24.74,19.00,0.00,12.62,19.96,28.57,45.18
2566,169,บ้านทุ่งแก,แม่แจ่ม,เล็ก,นอกเมือง,สำนักงานคณะกรรมการการศึกษาขั้นพื้นฐาน,สพป.เชียงใหม่ เขต 6,10,18.39,24.52,35.00,39.05,30.90,22.26,30.00,33.17,19.00,16.99,17.67,21.65,20.00,40.00
2566,170,บ้านปางหินฝน,แม่แจ่ม,เล็ก,นอกเมือง,สำนักงานคณะกรรมการการศึกษาขั้นพื้นฐาน,สพป.เชียงใหม่ เขต 6,13,21.22,18.56,19.23,31.25,19.00,14.90,38.46,34.83,17.92,18.32,24.69,23.05,7.69,26.65
2566,171,บ้านปางอุ๋ง,แม่แจ่ม,กลาง,นอกเมือง,สำนักงานคณะกรรมการการศึกษาขั้นพื้นฐาน,สพป.เชียงใหม่ เขต 6,23,19.99,17.17,21.74,28.84,33.04,20.37,28.26,28.84,21.70,16.40,9.61,18.23,21.74,41.25
2566,172,บ้านแม่ซา,แม่แจ่ม,เล็ก,นอกเมือง,สำนักงานคณะกรรมการการศึกษาขั้นพื้นฐาน,สพป.เชียงใหม่ เขต 6,12,17.88,15.11,25.00,32.27,28.92,23.51,29.17,37.96,19.42,17.85,14.73,20.83,16.67,37.27
2566,173,บ้านแม่นาจร,แม่แจ่ม,กลาง,นอกเมือง,สำนักงานคณะกรรมการการศึกษาขั้นพื้นฐาน,สพป.เชียงใหม่ เขต 6,25,23.29,21.72,26.00,32.00,21.28,18.08,20.00,28.28,19.76,14.70,12.37,19.84,28.00,44.90
2566,174,บ้านแม่ศึก (มูลนิธิธรรมมาภิรักษ์อุปถัมภ์ที่ 2),แม่แจ่ม,เล็ก,นอกเมือง,สำนักงานคณะกรรมการการศึกษาขั้นพื้นฐาน,สพป.เชียงใหม่ เขต 6,10,15.32,20.56,45.00,35.00,19.00,14.72,30.00,33.17,20.90,15.78,17.67,21.65,10.00,30.00
2566,175,บ้านแม่หงานหลวง,แม่แจ่ม,เล็ก,นอกเมือง,สำนักงานคณะกรรมการการศึกษาขั้นพื้นฐาน,สพป.เชียงใหม่ เขต 6,12,17.88,23.27,20.83,24.65,20.58,19.71,12.50,21.65,14.25,13.71,22.09,22.09,16.67,37.27
2566,176,บ้านแม่เอาะ,แม่แจ่ม,เล็ก,นอกเมือง,สำนักงานคณะกรรมการการศึกษาขั้นพื้นฐาน,สพป.เชียงใหม่ เขต 6,8,22.98,25.41,12.50,21.65,21.38,20.01,12.50,21.65,14.25,18.40,5.52,14.61,12.50,33.07
2566,177,บ้านแม่แฮเหนือ,แม่แจ่ม,กลาง,นอกเมือง,สำนักงานคณะกรรมการการศึกษาขั้นพื้นฐาน,สพป.เชียงใหม่ เขต 6,29,19.02,18.73,20.69,36.00,30.31,19.91,22.41,28.12,21.79,14.74,21.33,22.08,20.69,40.51
2566,178,บ้านโม่งหลวง,แม่แจ่ม,เล็ก,นอกเมือง,สำนักงานคณะกรรมการการศึกษาขั้นพื้นฐาน,สพป.เชียงใหม่ เขต 6,15,16.34,15.29,26.67,24.94,27.87,13.64,23.33,35.90,11.40,13.52,14.73,20.83,0.00,0.00
2566,179,แม่แจ่ม,แม่แจ่ม,ใหญ่,นอกเมือง,สำนักงานคณะกรรมการการศึกษาขั้นพื้นฐาน,สำนักงานเขตพื้นที่การศึกษามัธยมศึกษาเชียงใหม่,165,22.81,22.51,29.39,29.64,32.99,20.75,21.82,32.24,21.97,17.65,20.63,24.32,16.36,36.99
2566,180,แม่แจ่มปริยัติศึกษา,แม่แจ่ม,เล็ก,นอกเมือง,สำนักงานพระพุทธศาสนาแห่งชาติ,กลุ่มโรงเรียนพระปริยัติธรรมฯ กลุ่ม  5,18,18.73,23.16,19.44,29.53,19.00,12.67,25.00,34.36,14.78,14.93,7.36,16.47,16.67,37.27
2566,181,ราชประชานุเคราะห์ 31,แม่แจ่ม,กลาง,นอกเมือง,สำนักบริหารงานการศึกษาพิเศษ,-,119,21.37,20.85,24.37,27.40,25.11,18.66,18.49,28.89,16.17,15.23,8.91,17.73,23.53,42.42
2566,182,สาธิตชุมชนการเรียนรู้สมเด็จย่า วิทยาลัยโพธิวิชชาลัย มหาวิทยาลัยศรีนครินทรวิโรฒ แม่แจ่ม,แม่แจ่ม,เล็ก,นอกเมือง,สำนักงานปลัดกระทรวงการอุดมศึกษาฯ,-,8,11.49,14.84,12.50,21.65,23.75,8.23,6.25,16.54,16.63,14.83,11.05,19.13,0.00,0.00
2566,183,อินทนนท์วิทยา,แม่แจ่ม,เล็ก,นอกเมือง,สำนักงานคณะกรรมการการศึกษาขั้นพื้นฐาน,สพป.เชียงใหม่ เขต 6,17,19.83,23.37,26.47,30.28,16.76,15.81,20.59,29.99,14.53,16.65,18.88,22.71,5.88,23.53
2566,184,ชุมชนวัดช่อแล,แม่แตง,เล็ก,นอกเมือง,สำนักงานคณะกรรมการการศึกษาขั้นพื้นฐาน,สพป.เชียงใหม่ เขต 2,14,17.51,19.08,14.29,22.59,27.14,21.20,25.00,25.00,21.07,13.91,9.47,18.13,21.43,41.03
2566,185,เชียงใหม่มัธยม,แม่แตง,ใหญ่,นอกเมือง,สำนักงานคณะกรรมการส่งเสริมการศึกษาเอกชน,-,0,-,-,-,-,-,-,-,-,-,-,-,-,-,-
2566,186,บ้านปง,แม่แตง,เล็ก,นอกเมือง,สำนักงานคณะกรรมการการศึกษาขั้นพื้นฐาน,สพป.เชียงใหม่ เขต 2,6,20.43,28.89,33.33,23.57,31.67,14.16,16.67,23.57,19.00,15.51,7.36,16.47,16.67,37.27
2566,187,บ้านปางไม้แดง,แม่แตง,เล็ก,นอกเมือง,สำนักงานคณะกรรมการการศึกษาขั้นพื้นฐาน,สพป.เชียงใหม่ เขต 2,10,22.26,21.33,15.00,22.91,47.10,25.87,30.00,33.17,13.30,12.17,18.84,23.29,20.00,40.00
2566,188,บ้านปางห้วยตาด,แม่แตง,เล็ก,นอกเมือง,สำนักงานคณะกรรมการการศึกษาขั้นพื้นฐาน,สพป.เชียงใหม่ เขต 2,9,17.03,20.99,33.33,23.57,16.89,14.00,5.56,15.71,14.78,7.90,9.82,18.37,22.22,41.57
2566,189,บ้านเป้าวิทยาคาร,แม่แตง,เล็ก,นอกเมือง,สำนักงานคณะกรรมการการศึกษาขั้นพื้นฐาน,สพป.เชียงใหม่ เขต 2,0,-,-,-,-,-,-,-,-,-,-,-,-,-,-
2566,190,บ้านเมืองกื้ด,แม่แตง,เล็ก,นอกเมือง,สำนักงานคณะกรรมการการศึกษาขั้นพื้นฐาน,สพป.เชียงใหม่ เขต 2,22,18.11,19.94,29.55,32.54,31.09,16.75,11.36,20.95,14.68,16.13,14.06,20.58,18.18,38.57
2566,191,บ้านแม่ไคร้,แม่แตง,เล็ก,นอกเมือง,สำนักงานคณะกรรมการการศึกษาขั้นพื้นฐาน,สพป.เชียงใหม่ เขต 2,5,36.77,22.93,10.00,20.00,30.40,19.38,10.00,20.00,30.40,15.20,17.67,21.65,20.00,40.00
2566,192,บ้านแม่ตะมาน,แม่แตง,เล็ก,นอกเมือง,สำนักงานคณะกรรมการการศึกษาขั้นพื้นฐาน,สพป.เชียงใหม่ เขต 2,11,34.16,20.50,63.64,37.48,35.00,18.40,31.82,32.14,24.18,16.39,28.12,21.26,18.18,38.57
2566,193,ป่าจี้วังแดงวิทยา,แม่แตง,เล็ก,นอกเมือง,สำนักงานคณะกรรมการการศึกษาขั้นพื้นฐาน,สพป.เชียงใหม่ เขต 2,14,26.27,22.75,10.71,20.52,33.93,20.54,14.29,29.45,17.64,23.23,25.25,21.87,14.29,34.99
2566,194,ป่าแป๋วิทยา,แม่แตง,เล็ก,นอกเมือง,สำนักงานคณะกรรมการการศึกษาขั้นพื้นฐาน,สพป.เชียงใหม่ เขต 2,24,12.77,17.51,25.00,25.00,20.79,21.56,18.75,24.21,16.63,15.81,11.05,19.13,33.33,47.14
2566,195,พระปริยัติธรรมแม่แตงวิทยา,แม่แตง,เล็ก,นอกเมือง,สำนักงานพระพุทธศาสนาแห่งชาติ,กลุ่มโรงเรียนพระปริยัติธรรมฯ กลุ่ม  5,5,30.65,27.41,20.00,24.49,15.20,14.22,10.00,20.00,22.80,7.60,17.67,21.65,40.00,48.99
2566,196,แม่แตง,แม่แตง,กลาง,นอกเมือง,สำนักงานคณะกรรมการการศึกษาขั้นพื้นฐาน,สำนักงานเขตพื้นที่การศึกษามัธยมศึกษาเชียงใหม่,116,23.00,23.41,32.33,30.97,31.21,21.81,19.40,29.19,19.22,17.47,19.93,24.42,8.62,28.07
2566,197,แม่หอพระวิทยาคม,แม่แตง,เล็ก,นอกเมือง,สำนักงานคณะกรรมการการศึกษาขั้นพื้นฐาน,สำนักงานเขตพื้นที่การศึกษามัธยมศึกษาเชียงใหม่,30,27.58,21.45,30.00,27.69,31.03,20.51,21.67,35.78,21.07,15.79,10.31,18.69,10.00,30.00
2566,198,ร่ำเปิงวิทยา,แม่แตง,กลาง,นอกเมือง,สำนักงานคณะกรรมการการศึกษาขั้นพื้นฐาน,สพป.เชียงใหม่ เขต 2,9,34.05,22.59,27.78,24.85,35.89,20.90,11.11,20.79,15.33,13.07,0.00,0.00,11.11,31.43
2566,199,วัดท่าข้าม,แม่แตง,เล็ก,นอกเมือง,สำนักงานคณะกรรมการการศึกษาขั้นพื้นฐาน,สพป.เชียงใหม่ เขต 2,7,36.18,26.84,50.00,26.73,46.14,17.17,14.29,34.99,27.14,24.58,25.25,21.87,42.86,49.49
2566,200,วัดบ้านเหล่า,แม่แตง,เล็ก,นอกเมือง,สำนักงานคณะกรรมการการศึกษาขั้นพื้นฐาน,สพป.เชียงใหม่ เขต 2,8,15.32,21.67,25.00,35.36,19.00,13.44,6.25,16.54,23.75,12.57,11.05,19.13,12.50,33.07
2566,201,วัดปางมะกล้วย,แม่แตง,เล็ก,นอกเมือง,สำนักงานคณะกรรมการการศึกษาขั้นพื้นฐาน,สพป.เชียงใหม่ เขต 2,5,42.90,24.52,40.00,37.42,19.00,16.99,30.00,24.49,19.00,16.99,35.35,17.67,20.00,40.00
2566,202,สบเปิงวิทยา,แม่แตง,กลาง,นอกเมือง,สำนักงานคณะกรรมการการศึกษาขั้นพื้นฐาน,สพป.เชียงใหม่ เขต 2,40,23.19,22.57,32.50,28.61,28.98,21.24,13.75,22.33,19.48,18.27,16.57,21.39,25.00,43.30
2566,203,สันป่ายางวิทยาคม,แม่แตง,เล็ก,นอกเมือง,สำนักงานคณะกรรมการการศึกษาขั้นพื้นฐาน,สำนักงานเขตพื้นที่การศึกษามัธยมศึกษาเชียงใหม่,23,23.98,27.04,34.78,34.37,27.26,20.83,21.74,35.59,17.35,12.42,7.68,16.75,13.04,33.68
2566,204,สันมหาพนวิทยา,แม่แตง,เล็ก,นอกเมือง,สำนักงานคณะกรรมการการศึกษาขั้นพื้นฐาน,สพป.เชียงใหม่ เขต 2,15,24.52,16.60,36.67,28.67,24.07,18.96,30.00,40.00,17.73,14.66,11.78,19.54,33.33,47.14
2566,205,อนุบาลสานสายใยรักเทศบาลเมืองเมืองแกนพัฒนา,แม่แตง,กลาง,นอกเมือง,กรมส่งเสริมการปกครองท้องถิ่น,ท้องถิ่นจังหวัดเชียงใหม่,15,14.30,22.00,30.00,30.55,17.73,18.96,16.67,29.81,22.80,22.16,15.50,28.58,26.67,44.22
2566,206,นวมินทราชูทิศ พายัพ,แม่ริม,ใหญ่,นอกเมือง,สำนักงานคณะกรรมการการศึกษาขั้นพื้นฐาน,สำนักงานเขตพื้นที่การศึกษามัธยมศึกษาเชียงใหม่,92,25.40,20.18,27.72,27.94,37.08,21.43,16.85,26.86,28.72,19.04,23.46,27.39,13.04,33.68
2566,207,บ้านทุ่งโป่ง,แม่ริม,กลาง,นอกเมือง,สำนักงานคณะกรรมการการศึกษาขั้นพื้นฐาน,สพป.เชียงใหม่ เขต 2,4,22.98,13.27,37.50,21.65,38.00,23.27,25.00,25.00,9.50,9.50,36.05,41.09,25.00,43.30
2566,208,บ้านป่าติ้ว,แม่ริม,เล็ก,นอกเมือง,สำนักงานคณะกรรมการการศึกษาขั้นพื้นฐาน,สพป.เชียงใหม่ เขต 2,7,27.42,27.21,35.71,22.59,24.43,19.57,28.57,36.42,24.43,13.30,18.94,21.87,0.00,0.00
2566,209,บ้านแม่สา,แม่ริม,กลาง,นอกเมือง,สำนักงานคณะกรรมการการศึกษาขั้นพื้นฐาน,สพป.เชียงใหม่ เขต 2,17,34.72,21.41,38.24,21.21,36.88,15.24,20.59,24.61,19.00,17.24,23.39,22.05,5.88,23.53
2566,210,บ้านศาลา,แม่ริม,กลาง,นอกเมือง,กรมส่งเสริมการปกครองท้องถิ่น,ท้องถิ่นจังหวัดเชียงใหม่,11,19.50,23.64,31.82,32.14,27.64,14.86,36.36,43.12,12.09,12.21,8.03,17.04,18.18,38.57
2566,211,บ้านสะลวงนอก,แม่ริม,เล็ก,นอกเมือง,สำนักงานคณะกรรมการการศึกษาขั้นพื้นฐาน,สพป.เชียงใหม่ เขต 2,11,30.65,26.13,18.18,24.05,35.00,23.51,9.09,19.28,17.27,17.10,8.03,17.04,27.27,44.54
2566,212,บ้านสันคะยอม,แม่ริม,เล็ก,นอกเมือง,สำนักงานคณะกรรมการการศึกษาขั้นพื้นฐาน,สพป.เชียงใหม่ เขต 2,11,37.68,18.67,18.18,32.14,36.73,9.96,31.82,24.05,24.18,16.39,17.12,22.86,9.09,28.75
2566,213,บ้านหนองปลามัน,แม่ริม,เล็ก,นอกเมือง,สำนักงานคณะกรรมการการศึกษาขั้นพื้นฐาน,สพป.เชียงใหม่ เขต 2,15,24.52,20.02,30.00,24.49,21.87,23.95,20.00,24.49,20.27,17.64,20.62,22.04,53.33,49.89
2566,214,แม่ริมวิทยา,แม่ริม,เล็ก,นอกเมือง,สำนักงานพระพุทธศาสนาแห่งชาติ,กลุ่มโรงเรียนพระปริยัติธรรมฯ กลุ่ม  5,17,25.24,24.05,29.41,29.99,25.71,15.88,32.35,34.05,21.24,18.30,10.40,18.74,17.65,38.12
2566,215,แม่ริมวิทยาคม,แม่ริม,ใหญ่,นอกเมือง,สำนักงานคณะกรรมการการศึกษาขั้นพื้นฐาน,สำนักงานเขตพื้นที่การศึกษามัธยมศึกษาเชียงใหม่,138,28.28,24.41,26.09,29.00,41.15,25.86,19.57,27.87,25.89,19.73,26.37,26.95,18.12,38.52
2566,216,ราชประชานุเคราะห์ 60 จังหวัดเชียงใหม่,แม่ริม,กลาง,นอกเมือง,สำนักบริหารงานการศึกษาพิเศษ,-,70,19.82,19.68,28.57,29.97,27.14,19.42,17.86,25.40,19.61,16.85,13.75,22.73,20.00,40.00
2566,217,บ้านกาดวิทยาคม,แม่วาง,กลาง,นอกเมือง,สำนักงานคณะกรรมการการศึกษาขั้นพื้นฐาน,สำนักงานเขตพื้นที่การศึกษามัธยมศึกษาเชียงใหม่,108,22.85,21.82,29.63,30.46,26.83,19.56,25.46,30.80,21.73,18.83,17.81,23.94,24.07,42.75
2566,218,บ้านห้วยตอง,แม่วาง,กลาง,นอกเมือง,สำนักงานคณะกรรมการการศึกษาขั้นพื้นฐาน,สพป.เชียงใหม่ เขต 4,12,12.77,15.11,16.67,23.57,17.42,16.38,20.83,24.65,15.83,17.05,14.73,20.83,8.33,27.64
2566,219,แม่วินสามัคคี,แม่วาง,กลาง,นอกเมือง,สำนักงานคณะกรรมการการศึกษาขั้นพื้นฐาน,สพป.เชียงใหม่ เขต 4,61,21.36,22.90,34.43,36.82,26.25,18.24,18.85,28.86,15.57,12.64,10.14,18.58,26.23,43.99
2566,220,วัดห้วยแก้ว,แม่วาง,เล็ก,นอกเมือง,สำนักงานคณะกรรมการการศึกษาขั้นพื้นฐาน,สพป.เชียงใหม่ เขต 4,14,19.70,18.70,10.71,20.52,24.43,16.73,10.71,27.89,14.93,14.68,15.78,21.17,21.43,41.03
2566,221,สัพพัญญูวิทยา,แม่วาง,เล็ก,นอกเมือง,สำนักงานพระพุทธศาสนาแห่งชาติ,กลุ่มโรงเรียนพระปริยัติธรรมฯ กลุ่ม  5,4,22.98,13.27,0.00,0.00,19.00,23.27,25.00,25.00,19.00,13.44,11.05,19.13,0.00,0.00
2566,222,ทาเหนือวิทยา,แม่ออน,เล็ก,นอกเมือง,สำนักงานคณะกรรมการการศึกษาขั้นพื้นฐาน,สพป.เชียงใหม่ เขต 1,18,17.03,18.34,30.56,33.91,17.94,17.31,8.33,25.00,22.17,18.19,17.18,21.54,33.33,47.14
2566,223,แม่ออนวิทยาลัย,แม่ออน,กลาง,นอกเมือง,สำนักงานคณะกรรมการการศึกษาขั้นพื้นฐาน,สำนักงานเขตพื้นที่การศึกษามัธยมศึกษาเชียงใหม่,54,25.12,20.78,27.78,31.43,24.02,17.97,21.30,31.33,21.91,18.16,18.82,21.85,22.22,41.57
2566,224,วัดห้วยแก้ว,แม่ออน,เล็ก,นอกเมือง,สำนักงานคณะกรรมการการศึกษาขั้นพื้นฐาน,สพป.เชียงใหม่ เขต 1,11,22.29,22.97,18.18,24.05,31.09,18.60,18.18,24.05,17.27,12.69,16.07,21.26,18.18,38.57
2566,225,วัดห้วยทราย,แม่ออน,เล็ก,นอกเมือง,สำนักงานคณะกรรมการการศึกษาขั้นพื้นฐาน,สพป.เชียงใหม่ เขต 1,19,19.35,20.40,39.47,30.69,28.26,21.18,23.68,33.91,17.00,12.17,9.30,18.01,10.53,30.69
2566,226,เจ้าพ่อหลวงอุปถัมภ์ 9,แม่อาย,กลาง,นอกเมือง,สำนักงานคณะกรรมการการศึกษาขั้นพื้นฐาน,สพป.เชียงใหม่ เขต 3,19,14.52,15.30,23.68,29.77,29.00,20.78,13.16,22.02,13.00,13.86,9.30,18.01,5.26,22.33
2566,227,ชุมชนบ้านคาย,แม่อาย,กลาง,นอกเมือง,สำนักงานคณะกรรมการการศึกษาขั้นพื้นฐาน,สพป.เชียงใหม่ เขต 3,24,16.60,19.74,39.58,28.79,15.04,15.49,18.75,28.18,15.25,15.58,14.73,20.83,12.50,33.07
2566,228,ชุมชนบ้านแม่ฮ่าง,แม่อาย,กลาง,นอกเมือง,สำนักงานคณะกรรมการการศึกษาขั้นพื้นฐาน,สพป.เชียงใหม่ เขต 3,31,18.78,22.93,29.03,30.52,31.26,20.78,14.52,26.01,26.97,18.55,18.53,21.80,32.26,46.75
2566,229,โชติคุณเกษมบ้านเมืองงาม,แม่อาย,กลาง,นอกเมือง,สำนักงานคณะกรรมการการศึกษาขั้นพื้นฐาน,สพป.เชียงใหม่ เขต 3,24,19.15,19.41,27.08,32.21,19.00,16.45,18.75,28.18,20.58,18.93,9.21,17.94,8.33,27.64
2566,230,ไทยรัฐวิทยา 12 (บ้านเอก),แม่อาย,กลาง,นอกเมือง,สำนักงานคณะกรรมการการศึกษาขั้นพื้นฐาน,สพป.เชียงใหม่ เขต 3,12,24.33,20.09,29.17,32.00,36.83,27.21,12.50,21.65,11.08,14.42,37.79,17.20,8.33,27.64
2566,231,บ้านท่ามะแกง,แม่อาย,เล็ก,นอกเมือง,สำนักงานคณะกรรมการการศึกษาขั้นพื้นฐาน,สพป.เชียงใหม่ เขต 3,8,22.98,20.27,50.00,25.00,45.75,19.92,25.00,25.00,17.25,6.72,22.09,22.09,37.50,48.41
2566,232,บ้านป่าก๊อ,แม่อาย,กลาง,นอกเมือง,สำนักงานคณะกรรมการการศึกษาขั้นพื้นฐาน,สพป.เชียงใหม่ เขต 3,8,7.66,13.27,25.00,35.36,16.63,11.39,12.50,21.65,23.75,12.57,16.57,21.39,37.50,48.41
2566,233,บ้านปางต้นเดื่อ,แม่อาย,กลาง,นอกเมือง,สำนักงานคณะกรรมการการศึกษาขั้นพื้นฐาน,สพป.เชียงใหม่ เขต 3,21,24.81,17.99,16.67,23.57,28.95,22.42,23.81,24.97,19.90,18.05,21.04,22.07,9.52,29.35
2566,234,บ้านป่าแดง,แม่อาย,กลาง,นอกเมือง,สำนักงานคณะกรรมการการศึกษาขั้นพื้นฐาน,สพป.เชียงใหม่ เขต 3,18,25.54,18.42,36.11,32.51,25.33,14.16,19.44,24.37,19.00,17.91,14.73,20.83,27.78,44.79
2566,235,บ้านสันต้นหมื้อ,แม่อาย,กลาง,นอกเมือง,สำนักงานคณะกรรมการการศึกษาขั้นพื้นฐาน,สพป.เชียงใหม่ เขต 3,43,16.39,17.92,22.09,27.07,28.28,18.49,13.95,24.88,23.21,18.13,14.39,20.71,25.58,43.63
2566,236,บ้านสุขฤทัย,แม่อาย,กลาง,นอกเมือง,สำนักงานคณะกรรมการการศึกษาขั้นพื้นฐาน,สพป.เชียงใหม่ เขต 3,38,20.97,22.35,31.58,33.29,22.13,16.34,10.53,23.39,14.63,15.75,11.63,19.46,18.42,38.77
2566,237,บ้านห้วยคอกหมู,แม่อาย,เล็ก,นอกเมือง,สำนักงานคณะกรรมการการศึกษาขั้นพื้นฐาน,สพป.เชียงใหม่ เขต 3,10,15.32,20.56,40.00,37.42,15.20,11.40,30.00,24.49,19.00,12.02,4.42,13.26,20.00,40.00
2566,238,พระปริยัติธรรมวัดท่าตอน,แม่อาย,เล็ก,นอกเมือง,สำนักงานพระพุทธศาสนาแห่งชาติ,กลุ่มโรงเรียนพระปริยัติธรรมฯ กลุ่ม  5,17,16.22,18.56,14.71,22.78,16.76,14.40,14.71,22.78,22.35,16.27,8.48,18.47,11.76,32.22
2566,239,เพียงหลวง 1 (บ้านท่าตอน),แม่อาย,กลาง,นอกเมือง,สำนักงานคณะกรรมการการศึกษาขั้นพื้นฐาน,สพป.เชียงใหม่ เขต 3,30,29.62,23.05,21.67,27.94,32.30,17.10,18.33,27.34,15.20,13.35,5.89,15.02,16.67,37.27
2566,240,แม่อายวิทยาคม,แม่อาย,ใหญ่,นอกเมือง,กรมส่งเสริมการปกครองท้องถิ่น,ท้องถิ่นจังหวัดเชียงใหม่,37,20.71,20.22,28.38,33.97,24.78,18.26,17.57,28.98,19.00,13.97,11.94,19.62,8.11,27.30
2566,241,ราชประชานุเคราะห์ 30,แม่อาย,กลาง,นอกเมือง,สำนักบริหารงานการศึกษาพิเศษ,-,39,15.72,19.47,29.49,33.43,18.51,15.80,17.95,28.84,18.64,15.98,9.06,17.84,10.26,30.34
2566,242,บ้านนามน,เวียงแหง,เล็ก,นอกเมือง,สำนักงานคณะกรรมการการศึกษาขั้นพื้นฐาน,สพป.เชียงใหม่ เขต 3,19,24.19,18.81,34.21,28.34,31.00,20.64,15.79,28.34,25.26,14.15,11.63,19.46,36.84,48.24
2566,243,บ้านปางป๋อ,เวียงแหง,เล็ก,นอกเมือง,สำนักงานคณะกรรมการการศึกษาขั้นพื้นฐาน,สพป.เชียงใหม่ เขต 3,16,33.06,17.96,31.25,29.97,37.13,24.50,28.13,30.46,24.06,20.95,31.83,33.03,31.25,46.35
2566,244,บ้านเปียงหลวง,เวียงแหง,กลาง,นอกเมือง,สำนักงานคณะกรรมการการศึกษาขั้นพื้นฐาน,สพป.เชียงใหม่ เขต 3,79,19.50,21.16,24.05,27.40,29.53,19.37,22.15,32.56,21.95,17.53,19.46,25.11,16.46,37.08
2566,245,เวียงแหงปริยัติศึกษา,เวียงแหง,เล็ก,นอกเมือง,สำนักงานพระพุทธศาสนาแห่งชาติ,กลุ่มโรงเรียนพระปริยัติธรรมฯ กลุ่ม  5,23,17.32,23.61,26.09,29.00,19.00,15.85,19.57,28.51,18.17,15.32,15.37,21.04,30.43,46.01
2566,246,เวียงแหงวิทยาคม,เวียงแหง,ใหญ่,นอกเมือง,สำนักงานคณะกรรมการการศึกษาขั้นพื้นฐาน,สำนักงานเขตพื้นที่การศึกษามัธยมศึกษาเชียงใหม่,140,23.54,23.41,26.43,30.73,29.43,20.39,18.57,29.49,20.33,17.08,22.66,23.92,17.86,38.30
2566,247,บ้านบ่อแก้ว,สะเมิง,กลาง,นอกเมือง,สำนักงานคณะกรรมการการศึกษาขั้นพื้นฐาน,สพป.เชียงใหม่ เขต 2,26,18.86,19.15,28.85,31.54,14.62,14.25,13.46,26.16,19.92,14.69,8.50,17.41,23.08,42.13
2566,248,บ้านปางขุม,สะเมิง,เล็ก,นอกเมือง,สำนักงานคณะกรรมการการศึกษาขั้นพื้นฐาน,สพป.เชียงใหม่ เขต 2,6,10.22,14.45,41.67,34.36,34.83,25.53,25.00,38.19,16.67,14.52,0.00,0.00,16.67,37.27
2566,249,บ้านป่าลาน,สะเมิง,เล็ก,นอกเมือง,สำนักงานคณะกรรมการการศึกษาขั้นพื้นฐาน,สพป.เชียงใหม่ เขต 2,9,27.24,26.81,27.78,24.85,31.67,17.91,22.22,24.85,14.78,7.90,9.82,18.37,33.33,47.14
2566,250,บ้านแม่ขะปู,สะเมิง,เล็ก,นอกเมือง,สำนักงานคณะกรรมการการศึกษาขั้นพื้นฐาน,สพป.เชียงใหม่ เขต 2,11,25.81,22.24,40.91,41.66,27.64,16.92,27.27,24.90,15.55,13.60,12.05,19.68,36.36,48.10
2566,251,บ้านแม่โต๋,สะเมิง,เล็ก,นอกเมือง,สำนักงานคณะกรรมการการศึกษาขั้นพื้นฐาน,สพป.เชียงใหม่ เขต 2,19,24.19,18.81,15.79,23.24,23.00,20.98,18.42,29.07,20.00,15.68,23.26,22.06,15.79,36.46
2566,252,บ้านแม่ยางห้า,สะเมิง,เล็ก,นอกเมือง,สำนักงานคณะกรรมการการศึกษาขั้นพื้นฐาน,สพป.เชียงใหม่ เขต 2,14,30.65,23.17,17.86,30.51,33.93,21.76,21.43,24.74,13.57,15.11,22.92,29.77,28.57,45.18
2566,253,บ้านแม่ลานคำ,สะเมิง,เล็ก,นอกเมือง,สำนักงานคณะกรรมการการศึกษาขั้นพื้นฐาน,สพป.เชียงใหม่ เขต 2,10,18.39,24.52,40.00,43.59,17.10,13.30,20.00,33.17,13.30,8.71,13.26,20.25,10.00,30.00
2566,254,บ้านแม่แว,สะเมิง,เล็ก,นอกเมือง,สำนักงานคณะกรรมการการศึกษาขั้นพื้นฐาน,สพป.เชียงใหม่ เขต 2,10,16.13,16.29,20.00,24.49,28.50,15.32,25.00,25.00,22.80,18.62,17.67,21.65,0.00,0.00
2566,255,วัดงิ้วเฒ่า,สะเมิง,เล็ก,นอกเมือง,สำนักงานคณะกรรมการการศึกษาขั้นพื้นฐาน,สพป.เชียงใหม่ เขต 2,6,40.86,22.84,33.33,37.27,54.67,32.94,25.00,25.00,12.67,14.16,22.09,22.09,33.33,47.14
2566,256,วัดยั้งเมิน,สะเมิง,เล็ก,นอกเมือง,สำนักงานคณะกรรมการการศึกษาขั้นพื้นฐาน,สพป.เชียงใหม่ เขต 2,8,26.81,18.37,25.00,25.00,42.75,22.78,18.75,34.80,21.38,14.83,22.09,22.09,25.00,43.30
2566,257,วัดสะเมิงวิทยา,สะเมิง,เล็ก,นอกเมือง,สำนักงานพระพุทธศาสนาแห่งชาติ,กลุ่มโรงเรียนพระปริยัติธรรมฯ กลุ่ม  5,6,20.43,14.45,33.33,23.57,9.50,14.51,0.00,0.00,22.17,17.05,14.73,20.83,0.00,0.00
2566,258,สะเมิงพิทยาคม,สะเมิง,กลาง,นอกเมือง,สำนักงานคณะกรรมการการศึกษาขั้นพื้นฐาน,สำนักงานเขตพื้นที่การศึกษามัธยมศึกษาเชียงใหม่,58,17.96,17.10,23.28,26.61,24.66,20.58,20.69,27.91,18.43,15.78,16.00,21.24,13.79,34.48
2566,259,บ้านบวกค้าง,สันกำแพง,เล็ก,นอกเมือง,สำนักงานคณะกรรมการการศึกษาขั้นพื้นฐาน,สพป.เชียงใหม่ เขต 1,4,15.32,26.54,37.50,41.46,42.75,20.70,12.50,21.65,33.25,28.10,11.05,19.13,25.00,43.30
2566,260,บ้านแม่ปูคา,สันกำแพง,เล็ก,นอกเมือง,สำนักงานคณะกรรมการการศึกษาขั้นพื้นฐาน,สพป.เชียงใหม่ เขต 1,11,31.38,19.79,22.73,32.78,38.00,16.20,4.55,14.37,28.09,16.75,13.11,30.25,27.27,44.54
2566,261,บ้านหนองโค้ง,สันกำแพง,กลาง,นอกเมือง,สำนักงานคณะกรรมการการศึกษาขั้นพื้นฐาน,สพป.เชียงใหม่ เขต 1,64,25.98,22.87,20.31,28.94,29.17,19.04,29.69,33.91,17.89,17.03,14.50,20.75,18.75,39.03
2566,262,วัดล้านตอง,สันกำแพง,เล็ก,นอกเมือง,สำนักงานคณะกรรมการการศึกษาขั้นพื้นฐาน,สพป.เชียงใหม่ เขต 1,7,26.27,25.53,0.00,0.00,27.14,13.84,21.43,36.42,19.00,14.36,6.31,15.46,28.57,45.18
2566,263,สันกำแพง,สันกำแพง,ใหญ่พิเศษ,นอกเมือง,สำนักงานคณะกรรมการการศึกษาขั้นพื้นฐาน,สำนักงานเขตพื้นที่การศึกษามัธยมศึกษาเชียงใหม่,124,29.29,22.36,30.65,33.43,42.35,25.55,27.82,31.94,24.22,20.02,24.62,28.32,18.55,38.87
2566,264,สันกำแพงคันธาอนุสรณ์,สันกำแพง,เล็ก,นอกเมือง,สำนักงานคณะกรรมการการศึกษาขั้นพื้นฐาน,สพป.เชียงใหม่ เขต 1,19,16.13,18.25,26.32,29.77,32.26,23.03,10.53,20.38,15.00,15.81,18.60,21.82,26.32,44.03
2566,265,ชลประทานเขื่อนแม่กวงจิราธิวัฒน์อุปถัมภ์,สันทราย,กลาง,นอกเมือง,สำนักงานคณะกรรมการการศึกษาขั้นพื้นฐาน,สพป.เชียงใหม่ เขต 2,21,24.81,17.99,28.57,32.99,23.52,18.45,14.29,27.36,22.62,15.09,8.42,17.35,9.52,29.35
2566,266,บ้านเจดีย์แม่ครัว,สันทราย,กลาง,นอกเมือง,สำนักงานคณะกรรมการการศึกษาขั้นพื้นฐาน,สพป.เชียงใหม่ เขต 2,40,21.09,24.14,31.25,32.95,27.93,25.33,17.50,28.61,21.75,16.58,13.26,20.25,17.50,38.00
2566,267,บ้านบวกเปา,สันทราย,เล็ก,นอกเมือง,สำนักงานคณะกรรมการการศึกษาขั้นพื้นฐาน,สพป.เชียงใหม่ เขต 2,11,25.07,21.94,18.18,24.05,32.82,14.24,31.82,24.05,12.09,9.14,24.10,22.00,9.09,28.75
2566,268,บ้านแม่โจ้,สันทราย,กลาง,นอกเมือง,สำนักงานคณะกรรมการการศึกษาขั้นพื้นฐาน,สพป.เชียงใหม่ เขต 2,10,12.26,20.33,50.00,31.62,24.70,12.17,20.00,24.49,20.90,17.92,4.42,13.26,20.00,40.00
2566,269,บ้านร่มหลวง,สันทราย,เล็ก,นอกเมือง,สำนักงานคณะกรรมการการศึกษาขั้นพื้นฐาน,สพป.เชียงใหม่ เขต 2,16,21.07,20.89,18.75,29.97,24.94,11.08,15.63,29.15,10.69,13.38,19.33,21.92,6.25,24.21
2566,270,บ้านศรีบุญเรือง,สันทราย,กลาง,นอกเมือง,สำนักงานคณะกรรมการการศึกษาขั้นพื้นฐาน,สพป.เชียงใหม่ เขต 2,13,25.93,23.57,23.08,31.72,13.15,13.71,11.54,21.07,19.00,14.90,13.60,20.39,7.69,26.65
2566,271,บ้านหนองไคร้,สันทราย,กลาง,นอกเมือง,สำนักงานคณะกรรมการการศึกษาขั้นพื้นฐาน,สพป.เชียงใหม่ เขต 2,62,32.41,27.23,35.48,30.30,37.85,25.34,28.23,35.49,17.24,14.89,21.08,29.46,24.19,42.83
2566,272,บ้านหลักปัน,สันทราย,กลาง,นอกเมือง,สำนักงานคณะกรรมการการศึกษาขั้นพื้นฐาน,สพป.เชียงใหม่ เขต 2,23,25.32,21.48,28.26,32.39,24.78,20.54,13.04,26.45,14.04,12.80,11.53,19.40,0.00,0.00
2566,273,พงษ์พิกุลเชียงใหม่,สันทราย,กลาง,นอกเมือง,สำนักงานคณะกรรมการส่งเสริมการศึกษาเอกชน,-,15,23.01,27.63,26.67,24.94,27.87,19.46,23.33,24.94,16.47,19.46,24.34,29.24,13.33,33.99
2566,274,วัดแม่แก้ดน้อย,สันทราย,ใหญ่,นอกเมือง,สำนักงานคณะกรรมการการศึกษาขั้นพื้นฐาน,สพป.เชียงใหม่ เขต 2,31,21.02,23.05,38.71,27.56,18.39,19.59,16.13,23.37,21.45,18.53,19.95,21.99,19.35,39.51
2566,275,วัดวิเวกวนาราม,สันทราย,เล็ก,นอกเมือง,สำนักงานพระพุทธศาสนาแห่งชาติ,กลุ่มโรงเรียนพระปริยัติธรรมฯ กลุ่ม  5,14,13.13,15.17,21.43,31.13,19.00,12.44,25.00,31.34,17.64,18.26,22.09,22.09,14.29,34.99
2566,276,สันทรายวิทยาคม,สันทราย,ใหญ่,นอกเมือง,สำนักงานคณะกรรมการการศึกษาขั้นพื้นฐาน,สำนักงานเขตพื้นที่การศึกษามัธยมศึกษาเชียงใหม่,166,22.07,22.53,26.51,27.26,28.88,21.64,15.66,25.06,18.80,16.46,21.38,25.61,15.66,36.34
2566,277,สันทรายหลวง,สันทราย,กลาง,นอกเมือง,สำนักงานคณะกรรมการการศึกษาขั้นพื้นฐาน,สพป.เชียงใหม่ เขต 2,86,26.93,24.47,23.26,27.17,32.53,22.96,18.02,29.45,18.51,16.55,26.77,28.52,31.40,46.41
2566,278,ทุ่งฟ้าบดราษฎร์บำรุง,สันป่าตอง,กลาง,นอกเมือง,กรมส่งเสริมการปกครองท้องถิ่น,ท้องถิ่นจังหวัดเชียงใหม่,53,25.90,24.90,27.36,31.57,27.79,20.37,16.98,25.59,20.26,16.50,21.90,22.37,15.09,35.80
2566,279,เทพศิรินทร์ เชียงใหม่,สันป่าตอง,กลาง,นอกเมือง,สำนักงานคณะกรรมการการศึกษาขั้นพื้นฐาน,สำนักงานเขตพื้นที่การศึกษามัธยมศึกษาเชียงใหม่,111,24.92,22.48,24.77,28.37,27.26,19.81,20.27,30.30,20.50,16.64,15.84,23.57,20.72,40.53
2566,280,บ้านทุ่งเสี้ยว (นวรัฐ),สันป่าตอง,เล็ก,นอกเมือง,สำนักงานคณะกรรมการการศึกษาขั้นพื้นฐาน,สพป.เชียงใหม่ เขต 4,14,26.27,19.58,28.57,31.13,29.86,18.61,14.29,29.45,25.79,17.00,6.31,15.46,14.29,34.99
2566,281,บ้านร่องน้ำ,สันป่าตอง,เล็ก,นอกเมือง,สำนักงานคณะกรรมการการศึกษาขั้นพื้นฐาน,สพป.เชียงใหม่ เขต 4,12,12.77,15.11,29.17,24.65,14.25,13.71,20.83,32.00,15.83,17.05,7.36,16.47,16.67,37.27
2566,282,บ้านหัวริน,สันป่าตอง,เล็ก,นอกเมือง,สำนักงานคณะกรรมการการศึกษาขั้นพื้นฐาน,สพป.เชียงใหม่ เขต 4,3,20.43,14.45,33.33,47.14,31.67,23.70,16.67,23.57,31.67,23.70,29.46,20.83,0.00,0.00
2566,283,พัฒนวิทย์ศึกษา,สันป่าตอง,ใหญ่,นอกเมือง,สำนักงานคณะกรรมการส่งเสริมการศึกษาเอกชน,-,13,21.22,22.11,23.08,31.72,29.23,17.66,7.69,18.04,35.85,20.43,13.60,20.39,15.38,36.08
2566,284,วัดกู่คำ,สันป่าตอง,เล็ก,นอกเมือง,สำนักงานคณะกรรมการการศึกษาขั้นพื้นฐาน,สพป.เชียงใหม่ เขต 4,1,0.00,0.00,0.00,0.00,57.00,0.00,50.00,0.00,0.00,0.00,44.19,0.00,0.00,0.00
2566,285,วัดโรงวัว,สันป่าตอง,เล็ก,นอกเมือง,สำนักงานคณะกรรมการการศึกษาขั้นพื้นฐาน,สพป.เชียงใหม่ เขต 4,8,15.32,21.67,6.25,16.54,16.63,14.83,25.00,25.00,16.63,11.39,11.05,19.13,12.50,33.07
2566,286,สันป่าตองวิทยาคม,สันป่าตอง,ใหญ่พิเศษ,นอกเมือง,สำนักงานคณะกรรมการการศึกษาขั้นพื้นฐาน,สำนักงานเขตพื้นที่การศึกษามัธยมศึกษาเชียงใหม่,320,23.27,25.55,26.72,30.05,33.63,23.62,22.34,29.72,21.49,20.17,21.57,26.85,19.06,39.28
2566,287,สันป่าตองศึกษา,สันป่าตอง,เล็ก,นอกเมือง,สำนักงานพระพุทธศาสนาแห่งชาติ,กลุ่มโรงเรียนพระปริยัติธรรมฯ กลุ่ม  5,2,0.00,0.00,25.00,25.00,28.50,9.50,0.00,0.00,9.50,9.50,0.00,0.00,0.00,0.00
2566,288,ช่องฟ้าซินเซิงวาณิชบำรุง,สารภี,ใหญ่พิเศษ,นอกเมือง,สำนักงานคณะกรรมการส่งเสริมการศึกษาเอกชน,-,100,27.53,25.03,23.50,27.80,45.95,21.35,26.00,32.00,25.34,20.71,32.77,30.75,18.00,38.42
2566,289,ชุมชนวัดศรีคำชมภู,สารภี,กลาง,นอกเมือง,สำนักงานคณะกรรมการการศึกษาขั้นพื้นฐาน,สพป.เชียงใหม่ เขต 4,31,33.14,28.09,32.26,34.89,39.23,23.61,29.03,33.05,22.84,19.10,19.28,26.10,25.81,43.76
2566,290,บ้านปากเหมือง,สารภี,กลาง,นอกเมือง,สำนักงานคณะกรรมการการศึกษาขั้นพื้นฐาน,สพป.เชียงใหม่ เขต 4,7,35.02,25.53,35.71,22.59,51.57,19.57,21.43,24.74,24.43,13.30,47.51,27.06,14.29,34.99
2566,291,วชิราลัย,สารภี,กลาง,นอกเมือง,สำนักงานคณะกรรมการส่งเสริมการศึกษาเอกชน,-,70,25.74,23.74,25.71,30.17,27.14,20.46,26.43,27.67,23.14,18.63,18.17,26.68,20.00,40.00
2566,292,วัดท่าต้นกวาว,สารภี,เล็ก,นอกเมือง,สำนักงานคณะกรรมการการศึกษาขั้นพื้นฐาน,สพป.เชียงใหม่ เขต 4,13,25.93,23.57,7.69,18.04,33.62,21.28,26.92,31.72,20.85,16.22,13.60,20.39,23.08,42.13
2566,293,วัดบวกครกเหนือ,สารภี,เล็ก,นอกเมือง,สำนักงานคณะกรรมการการศึกษาขั้นพื้นฐาน,สพป.เชียงใหม่ เขต 4,24,15.32,21.67,31.25,37.67,27.71,24.52,12.50,21.65,20.58,13.34,17.05,26.37,37.50,48.41
2566,294,วัดเวฬุวัน,สารภี,ใหญ่,นอกเมือง,สำนักงานคณะกรรมการการศึกษาขั้นพื้นฐาน,สพป.เชียงใหม่ เขต 4,68,30.79,26.55,25.74,26.42,31.44,18.87,16.18,29.00,25.09,20.72,19.66,23.75,20.59,40.43
2566,295,วัดศรีดอนชัย,สารภี,เล็ก,นอกเมือง,สำนักงานคณะกรรมการการศึกษาขั้นพื้นฐาน,สพป.เชียงใหม่ เขต 4,6,35.75,21.06,41.67,34.36,31.67,14.16,25.00,25.00,9.50,9.50,22.09,22.09,0.00,0.00
2566,296,สารภีปริยัติศึกษา,สารภี,เล็ก,นอกเมือง,สำนักงานพระพุทธศาสนาแห่งชาติ,กลุ่มโรงเรียนพระปริยัติธรรมฯ กลุ่ม  5,25,22.06,22.13,32.00,31.24,15.96,17.56,16.00,27.28,19.76,16.55,14.14,20.61,32.00,46.65
2566,297,สารภีพิทยาคม,สารภี,กลาง,นอกเมือง,สำนักงานคณะกรรมการการศึกษาขั้นพื้นฐาน,สำนักงานเขตพื้นที่การศึกษามัธยมศึกษาเชียงใหม่,182,27.38,24.94,28.30,30.72,33.05,22.97,22.80,28.50,24.12,17.06,21.08,25.97,16.48,37.10
2566,298,สืบนทีธรรม,สารภี,กลาง,นอกเมือง,สำนักงานคณะกรรมการส่งเสริมการศึกษาเอกชน,-,8,35.48,30.50,31.25,24.21,23.75,18.40,18.75,34.80,21.38,14.83,27.62,21.39,0.00,0.00
2566,299,ต้นแก้วผดุงพิทยาลัย,หางดง,ใหญ่,นอกเมือง,กรมส่งเสริมการปกครองท้องถิ่น,ท้องถิ่นจังหวัดเชียงใหม่,47,29.51,22.14,28.72,28.70,28.40,21.31,25.53,34.01,23.55,16.25,12.47,22.68,25.53,43.60
2566,300,เทศบาลหนองตองวิทยา,หางดง,เล็ก,นอกเมือง,กรมส่งเสริมการปกครองท้องถิ่น,ท้องถิ่นจังหวัดเชียงใหม่,6,47.31,31.52,25.00,25.00,38.83,25.85,16.67,23.57,19.00,10.97,36.82,16.47,33.33,47.14
2566,301,บ้านน้ำแพร่,หางดง,เล็ก,นอกเมือง,สำนักงานคณะกรรมการการศึกษาขั้นพื้นฐาน,สพป.เชียงใหม่ เขต 4,8,27.82,29.73,31.25,24.21,52.25,18.40,25.00,25.00,29.75,18.62,45.64,3.85,37.50,48.41
2566,302,บ้านปง,หางดง,เล็ก,นอกเมือง,สำนักงานคณะกรรมการการศึกษาขั้นพื้นฐาน,สพป.เชียงใหม่ เขต 4,13,31.89,26.47,38.46,39.97,35.08,14.62,23.08,31.72,23.77,19.22,10.20,18.62,61.54,48.65
2566,303,บ้านสันป่าสัก,หางดง,กลาง,นอกเมือง,สำนักงานคณะกรรมการการศึกษาขั้นพื้นฐาน,สพป.เชียงใหม่ เขต 4,77,19.21,22.47,20.78,28.32,31.40,19.64,18.18,26.62,23.57,18.60,19.81,25.06,15.58,36.27
2566,304,พันธสัญญา,หางดง,เล็ก,นอกเมือง,สำนักงานคณะกรรมการส่งเสริมการศึกษาเอกชน,-,7,26.27,19.58,28.57,24.74,16.29,12.14,21.43,36.42,21.71,12.14,18.94,21.87,28.57,45.18
2566,305,วัดศรีสว่าง,หางดง,เล็ก,นอกเมือง,สำนักงานคณะกรรมการการศึกษาขั้นพื้นฐาน,สพป.เชียงใหม่ เขต 4,8,34.48,28.41,25.00,25.00,26.13,16.28,0.00,0.00,11.88,16.28,16.57,21.39,0.00,0.00
2566,306,สาธิตนานาชาติทวิภาษาแห่งมหาวิทยาลัยรังสิต เชียงใหม่,หางดง,กลาง,นอกเมือง,สำนักงานคณะกรรมการส่งเสริมการศึกษาเอกชน,-,1,30.65,0.00,0.00,0.00,43.00,0.00,50.00,0.00,38.00,0.00,0.00,0.00,100.00,0.00
2566,307,หางดงรัฐราษฎร์อุปถัมภ์,หางดง,ใหญ่,นอกเมือง,สำนักงานคณะกรรมการการศึกษาขั้นพื้นฐาน,สำนักงานเขตพื้นที่การศึกษามัธยมศึกษาเชียงใหม่,197,21.95,24.56,26.65,30.02,28.60,20.51,21.07,29.81,21.58,18.50,18.30,25.37,14.72,35.43
2566,308,หางดงสังฆราษฎร์อุปถัมภ์,หางดง,เล็ก,นอกเมือง,สำนักงานพระพุทธศาสนาแห่งชาติ,กลุ่มโรงเรียนพระปริยัติธรรมฯ กลุ่ม  5,15,28.60,17.57,16.67,23.57,33.27,25.11,20.00,30.55,19.00,16.99,17.67,21.65,13.33,33.99
2566,309,บ้านซิแบร,อมก๋อย,เล็ก,นอกเมือง,สำนักงานคณะกรรมการการศึกษาขั้นพื้นฐาน,สพป.เชียงใหม่ เขต 5,11,19.50,23.64,22.73,24.90,29.36,14.86,27.27,32.78,22.45,19.54,12.05,19.68,36.36,48.10
2566,310,บ้านตุงลอย,อมก๋อย,กลาง,นอกเมือง,สำนักงานคณะกรรมการการศึกษาขั้นพื้นฐาน,สพป.เชียงใหม่ เขต 5,34,13.52,16.93,20.59,27.43,21.24,15.81,20.59,29.99,14.12,16.10,18.19,21.75,20.59,40.43
2566,311,บ้านนาเกียน,อมก๋อย,เล็ก,นอกเมือง,สำนักงานคณะกรรมการการศึกษาขั้นพื้นฐาน,สำนักงานเขตพื้นที่การศึกษามัธยมศึกษาเชียงใหม่,8,26.81,18.37,25.00,25.00,26.13,21.11,31.25,34.80,7.13,9.20,16.57,21.39,12.50,33.07
2566,312,บ้านมูเซอ,อมก๋อย,กลาง,นอกเมือง,สำนักงานคณะกรรมการการศึกษาขั้นพื้นฐาน,สพป.เชียงใหม่ เขต 5,23,21.32,21.07,32.61,34.92,15.70,14.45,21.74,28.84,21.48,12.90,5.76,14.88,21.74,41.25
2566,313,บ้านแม่ต๋อม,อมก๋อย,กลาง,นอกเมือง,สำนักงานคณะกรรมการการศึกษาขั้นพื้นฐาน,สพป.เชียงใหม่ เขต 5,38,19.35,20.40,22.37,31.82,19.50,16.01,10.53,20.38,20.13,14.61,9.30,18.01,13.16,33.80
2566,314,บ้านแม่อ่างขาง,อมก๋อย,เล็ก,นอกเมือง,สำนักงานคณะกรรมการการศึกษาขั้นพื้นฐาน,สพป.เชียงใหม่ เขต 5,17,16.22,15.30,32.35,34.05,19.00,17.24,14.71,28.52,18.18,15.67,13.00,20.13,35.29,47.79
2566,315,บ้านยางครก,อมก๋อย,เล็ก,นอกเมือง,สำนักงานคณะกรรมการการศึกษาขั้นพื้นฐาน,สพป.เชียงใหม่ เขต 5,35,25.39,22.56,18.57,26.95,19.14,15.93,25.71,30.17,13.57,15.45,6.31,15.46,14.29,34.99
2566,316,บ้านยางเปา,อมก๋อย,กลาง,นอกเมือง,สำนักงานคณะกรรมการการศึกษาขั้นพื้นฐาน,สพป.เชียงใหม่ เขต 5,40,20.69,18.62,26.25,33.52,19.00,19.00,18.75,24.21,21.98,18.06,9.94,18.45,37.50,48.41
2566,317,บ้านยางเปียง,อมก๋อย,เล็ก,นอกเมือง,สำนักงานคณะกรรมการการศึกษาขั้นพื้นฐาน,สพป.เชียงใหม่ เขต 5,10,9.19,19.62,20.00,24.49,22.80,20.46,20.00,33.17,9.50,12.75,13.26,20.25,40.00,48.99
2566,318,บ้านสบลาน,อมก๋อย,กลาง,นอกเมือง,สำนักงานคณะกรรมการการศึกษาขั้นพื้นฐาน,สพป.เชียงใหม่ เขต 5,11,13.93,20.09,36.36,22.27,17.27,15.06,4.55,14.37,17.27,15.06,12.05,19.68,9.09,28.75
2566,319,บ้านห้วยโค้ง,อมก๋อย,กลาง,นอกเมือง,สำนักงานคณะกรรมการการศึกษาขั้นพื้นฐาน,สพป.เชียงใหม่ เขต 5,30,17.63,17.39,20.00,24.49,15.20,14.22,20.00,30.55,20.90,19.22,16.20,21.29,43.33,49.55
2566,320,บ้านห้วยน้ำขาว,อมก๋อย,กลาง,นอกเมือง,สำนักงานคณะกรรมการการศึกษาขั้นพื้นฐาน,สพป.เชียงใหม่ เขต 5,51,19.23,20.09,20.59,28.31,20.86,20.00,15.69,27.10,17.51,16.33,12.13,19.72,21.57,41.13
2566,321,บ้านห้วยไม้หก,อมก๋อย,เล็ก,นอกเมือง,สำนักงานคณะกรรมการการศึกษาขั้นพื้นฐาน,สพป.เชียงใหม่ เขต 5,28,10.94,14.68,25.00,25.00,15.79,16.37,16.07,26.90,16.96,14.66,6.31,15.46,7.14,25.75
2566,322,บ้านอูตูม,อมก๋อย,กลาง,นอกเมือง,สำนักงานคณะกรรมการการศึกษาขั้นพื้นฐาน,สพป.เชียงใหม่ เขต 5,36,18.73,19.49,33.33,33.33,22.69,19.43,27.78,32.16,18.47,15.82,12.27,19.79,16.67,37.27
2566,323,แม่ตื่นวิทยาคม,อมก๋อย,กลาง,นอกเมือง,สำนักงานคณะกรรมการการศึกษาขั้นพื้นฐาน,สำนักงานเขตพื้นที่การศึกษามัธยมศึกษาเชียงใหม่,70,18.39,17.49,30.00,32.07,22.60,19.88,28.57,33.35,19.00,15.06,16.74,21.86,17.14,37.69
2566,324,อมก๋อยวิทยาคม,อมก๋อย,ใหญ่,นอกเมือง,สำนักงานคณะกรรมการการศึกษาขั้นพื้นฐาน,สำนักงานเขตพื้นที่การศึกษามัธยมศึกษาเชียงใหม่,134,21.27,22.53,28.73,31.37,21.31,18.65,17.54,28.16,19.60,16.49,11.63,20.50,16.42,37.04
2566,325,ชุมชนบ้านท่าข้าม,ฮอด,กลาง,นอกเมือง,สำนักงานคณะกรรมการการศึกษาขั้นพื้นฐาน,สพป.เชียงใหม่ เขต 5,13,17.12,24.14,30.77,36.89,19.00,16.66,19.23,24.33,17.54,13.87,10.20,18.62,38.46,48.65
2566,326,บ้านกองลอย,ฮอด,กลาง,นอกเมือง,สำนักงานคณะกรรมการการศึกษาขั้นพื้นฐาน,สพป.เชียงใหม่ เขต 5,24,16.60,23.37,25.00,32.27,23.75,19.20,14.58,26.92,17.42,14.42,7.36,16.47,8.33,27.64
2566,327,บ้านแควมะกอก,ฮอด,กลาง,นอกเมือง,สำนักงานคณะกรรมการการศึกษาขั้นพื้นฐาน,สพป.เชียงใหม่ เขต 5,19,11.29,14.78,23.68,29.77,23.00,19.08,21.05,29.54,18.00,13.04,9.30,18.01,26.32,44.03
2566,328,บ้านตาลเหนือ,ฮอด,เล็ก,นอกเมือง,สำนักงานคณะกรรมการการศึกษาขั้นพื้นฐาน,สพป.เชียงใหม่ เขต 5,1,0.00,0.00,0.00,0.00,19.00,0.00,50.00,0.00,19.00,0.00,0.00,0.00,0.00,0.00
2566,329,บ้านเตียนอาง,ฮอด,เล็ก,นอกเมือง,สำนักงานคณะกรรมการการศึกษาขั้นพื้นฐาน,สพป.เชียงใหม่ เขต 5,13,16.50,19.44,34.62,23.08,24.85,20.25,23.08,31.72,23.77,21.92,10.20,18.62,38.46,48.65
2566,330,บ้านนาฟ่อน,ฮอด,เล็ก,นอกเมือง,สำนักงานคณะกรรมการการศึกษาขั้นพื้นฐาน,สพป.เชียงใหม่ เขต 5,13,21.22,18.56,26.92,24.93,29.23,17.66,7.69,18.04,21.92,16.41,6.80,15.94,15.38,36.08
2566,331,บ้านบ่อหลวง,ฮอด,กลาง,นอกเมือง,สำนักงานคณะกรรมการการศึกษาขั้นพื้นฐาน,สพป.เชียงใหม่ เขต 5,34,22.53,21.42,25.00,25.00,31.85,18.84,25.00,30.32,20.68,12.51,11.70,19.49,26.47,44.12
2566,332,บ้านพุย,ฮอด,เล็ก,นอกเมือง,สำนักงานคณะกรรมการการศึกษาขั้นพื้นฐาน,สพป.เชียงใหม่ เขต 5,16,17.24,15.20,28.13,30.46,22.56,20.40,25.00,30.62,20.19,14.20,2.76,10.70,25.00,43.30
2566,333,บ้านแม่งูด,ฮอด,เล็ก,นอกเมือง,สำนักงานคณะกรรมการการศึกษาขั้นพื้นฐาน,สพป.เชียงใหม่ เขต 5,20,21.85,22.12,27.50,29.47,24.70,20.02,22.50,24.87,19.95,17.49,15.47,21.08,15.00,35.71
2566,334,บ้านแม่ลาย,ฮอด,เล็ก,นอกเมือง,สำนักงานคณะกรรมการการศึกษาขั้นพื้นฐาน,สพป.เชียงใหม่ เขต 5,14,44.47,34.41,35.71,29.45,47.86,25.33,10.71,20.52,16.29,18.81,19.77,29.69,50.00,50.00
2566,335,บ้านวังลุง,ฮอด,เล็ก,นอกเมือง,สำนักงานคณะกรรมการการศึกษาขั้นพื้นฐาน,สพป.เชียงใหม่ เขต 5,8,19.15,14.84,37.50,21.65,16.63,14.83,12.50,21.65,9.50,9.50,22.09,22.09,12.50,33.07
2566,336,แม่โถวิทยาคม,ฮอด,กลาง,นอกเมือง,สำนักงานคณะกรรมการการศึกษาขั้นพื้นฐาน,สพป.เชียงใหม่ เขต 5,36,21.28,20.20,36.11,27.92,23.22,21.99,22.22,32.16,16.89,16.62,17.18,21.54,19.44,39.58
2566,337,วัดบ้านขุนเตรียมพุทธศาสตร์,ฮอด,เล็ก,นอกเมือง,สำนักงานพระพุทธศาสนาแห่งชาติ,กลุ่มโรงเรียนพระปริยัติธรรมฯ กลุ่ม  5,31,14.83,17.18,20.97,27.75,23.90,20.46,9.68,29.57,17.16,16.96,15.68,21.14,16.13,36.78
2566,338,ฮอดพิทยาคม,ฮอด,ใหญ่,นอกเมือง,สำนักงานคณะกรรมการการศึกษาขั้นพื้นฐาน,สำนักงานเขตพื้นที่การศึกษามัธยมศึกษาเชียงใหม่,135,21.40,22.27,26.67,27.76,26.60,20.58,17.04,28.00,21.57,16.20,19.24,23.04,8.89,28.46
2565,1,บ้านขุนแม่รวม,กัลยาณิวัฒนา,เล็ก,นอกเมือง,สำนักงานคณะกรรมการการศึกษาขั้นพื้นฐาน,สพป.เชียงใหม่ เขต 6,14,11.52,20.30,28.57,36.42,23.07,17.85,21.43,24.74,12.21,11.60,3.16,11.38,21.43,41.03
2565,2,บ้านจันทร์,กัลยาณิวัฒนา,เล็ก,นอกเมือง,สำนักงานคณะกรรมการการศึกษาขั้นพื้นฐาน,สพป.เชียงใหม่ เขต 6,19,16.13,15.30,34.21,36.46,28.00,19.85,28.95,33.70,15.00,18.06,13.95,20.54,36.84,48.24
2565,3,บ้านแม่แดดน้อย,กัลยาณิวัฒนา,เล็ก,นอกเมือง,สำนักงานคณะกรรมการการศึกษาขั้นพื้นฐาน,สพป.เชียงใหม่ เขต 6,10,15.32,15.32,25.00,25.00,17.10,10.23,45.00,26.93,17.10,15.78,8.84,17.67,10.00,30.00
2565,4,บ้านแม่ตะละ,กัลยาณิวัฒนา,เล็ก,นอกเมือง,สำนักงานคณะกรรมการการศึกษาขั้นพื้นฐาน,สพป.เชียงใหม่ เขต 6,3,10.22,14.45,33.33,23.57,31.67,17.91,50.00,0.00,25.33,35.83,29.46,20.83,66.67,47.14
2565,5,บ้านห้วยยา,กัลยาณิวัฒนา,เล็ก,นอกเมือง,สำนักงานคณะกรรมการการศึกษาขั้นพื้นฐาน,สพป.เชียงใหม่ เขต 6,16,7.66,17.13,34.38,34.09,20.19,15.71,21.88,30.46,17.25,17.16,19.33,21.92,12.50,33.07
2565,6,มัธยมกัลยาณิวัฒนาเฉลิมพระเกียรติ,กัลยาณิวัฒนา,เล็ก,นอกเมือง,สำนักงานคณะกรรมการการศึกษาขั้นพื้นฐาน,สำนักงานเขตพื้นที่การศึกษามัธยมศึกษาเชียงใหม่,9,17.03,15.23,16.67,23.57,27.44,18.16,16.67,23.57,16.89,14.00,4.91,13.89,22.22,41.57
2565,7,สามัคคีสันม่วง,กัลยาณิวัฒนา,เล็ก,นอกเมือง,สำนักงานคณะกรรมการการศึกษาขั้นพื้นฐาน,สพป.เชียงใหม่ เขต 6,9,10.22,14.45,38.89,31.43,33.78,14.93,50.00,33.33,14.78,14.93,24.55,21.96,33.33,47.14
2565,8,จอมทอง,จอมทอง,ใหญ่,นอกเมือง,สำนักงานคณะกรรมการการศึกษาขั้นพื้นฐาน,สำนักงานเขตพื้นที่การศึกษามัธยมศึกษาเชียงใหม่,366,21.59,22.82,31.01,32.87,30.08,19.50,36.75,34.01,16.70,17.30,17.65,24.16,24.86,43.22
2565,9,ไทยรัฐวิทยา 79 (บ้านหนองอาบช้าง),จอมทอง,เล็ก,นอกเมือง,สำนักงานคณะกรรมการการศึกษาขั้นพื้นฐาน,สพป.เชียงใหม่ เขต 6,18,17.03,18.34,38.89,35.57,19.00,14.16,25.00,30.05,19.56,17.45,14.73,20.83,33.33,47.14
2565,10,บ้านขุนกลาง,จอมทอง,กลาง,นอกเมือง,สำนักงานคณะกรรมการการศึกษาขั้นพื้นฐาน,สพป.เชียงใหม่ เขต 6,20,15.32,15.32,25.00,37.08,29.70,17.65,37.50,34.91,19.50,19.31,19.88,21.98,20.00,40.00
2565,11,บ้านปากทางท่าลี่,จอมทอง,เล็ก,นอกเมือง,สำนักงานคณะกรรมการการศึกษาขั้นพื้นฐาน,สพป.เชียงใหม่ เขต 6,5,12.26,15.01,50.00,31.62,22.80,14.22,20.00,24.49,11.40,15.20,8.84,17.67,0.00,0.00
2565,12,บ้านสบเตี๊ยะ,จอมทอง,กลาง,นอกเมือง,สำนักงานคณะกรรมการการศึกษาขั้นพื้นฐาน,สพป.เชียงใหม่ เขต 6,26,14.45,15.69,30.77,31.25,18.27,16.23,25.00,31.77,18.27,15.35,15.30,21.02,26.92,44.36
2565,13,บ้านห้วยทราย,จอมทอง,เล็ก,นอกเมือง,สำนักงานคณะกรรมการการศึกษาขั้นพื้นฐาน,สพป.เชียงใหม่ เขต 6,5,24.52,22.93,40.00,20.00,22.80,14.22,40.00,48.99,32.40,25.74,17.67,21.65,0.00,0.00
2565,14,บ้านห้วยส้มป่อย,จอมทอง,เล็ก,นอกเมือง,สำนักงานคณะกรรมการการศึกษาขั้นพื้นฐาน,สพป.เชียงใหม่ เขต 6,10,12.26,15.01,20.00,40.00,30.40,12.60,50.00,38.73,13.30,14.84,4.42,13.26,20.00,40.00
2565,15,บ้านใหม่สารภี,จอมทอง,เล็ก,นอกเมือง,สำนักงานคณะกรรมการการศึกษาขั้นพื้นฐาน,สพป.เชียงใหม่ เขต 6,16,19.15,18.37,12.50,21.65,33.25,18.40,37.50,37.50,14.25,14.25,24.85,21.92,18.75,39.03
2565,16,สุทธิวงศ์ดำรงวิทย์,จอมทอง,เล็ก,นอกเมือง,สำนักงานคณะกรรมการส่งเสริมการศึกษาเอกชน,-,10,12.26,15.01,20.00,33.17,20.90,15.78,40.00,43.59,9.50,12.75,22.09,22.09,10.00,30.00
2565,17,แกน้อยศึกษา,เชียงดาว,กลาง,นอกเมือง,สำนักงานคณะกรรมการการศึกษาขั้นพื้นฐาน,สพป.เชียงใหม่ เขต 3,19,29.03,21.03,21.05,29.54,19.00,15.10,36.84,31.80,17.00,14.97,21.54,22.85,21.05,40.77
2565,18,เจ้าฟ้าอุบลรัตน์,เชียงดาว,กลาง,นอกเมือง,สำนักงานคณะกรรมการส่งเสริมการศึกษาเอกชน,-,42,20.08,22.78,21.43,29.16,27.60,13.88,36.90,28.99,16.98,14.28,18.16,22.09,21.43,41.03
2565,19,ชุมชนบ้านเมืองงาย,เชียงดาว,กลาง,นอกเมือง,สำนักงานคณะกรรมการการศึกษาขั้นพื้นฐาน,สพป.เชียงใหม่ เขต 3,25,18.39,17.34,20.00,31.62,27.36,16.19,40.00,34.64,13.88,14.11,15.91,21.21,32.00,46.65
2565,20,ชุมชนบ้านวังจ๊อม,เชียงดาว,กลาง,นอกเมือง,สำนักงานคณะกรรมการการศึกษาขั้นพื้นฐาน,สพป.เชียงใหม่ เขต 3,20,26.85,21.54,12.50,21.65,26.60,17.41,40.00,37.42,16.65,16.65,11.05,19.13,35.00,47.70
2565,21,เชียงดาววิทยาคม,เชียงดาว,ใหญ่,นอกเมือง,สำนักงานคณะกรรมการการศึกษาขั้นพื้นฐาน,สำนักงานเขตพื้นที่การศึกษามัธยมศึกษาเชียงใหม่,15,19.46,23.29,53.33,42.69,40.87,16.11,23.33,30.91,19.33,13.93,26.51,21.65,20.00,40.00
2565,22,บ้านเชียงดาว,เชียงดาว,กลาง,นอกเมือง,สำนักงานคณะกรรมการการศึกษาขั้นพื้นฐาน,สพป.เชียงใหม่ เขต 3,46,19.53,23.22,20.65,33.91,30.98,18.73,35.87,30.69,15.30,16.96,23.56,26.99,23.91,42.66
2565,23,บ้านทุ่งข้าวพวง,เชียงดาว,กลาง,นอกเมือง,สำนักงานคณะกรรมการการศึกษาขั้นพื้นฐาน,สพป.เชียงใหม่ เขต 3,24,17.88,19.62,27.08,28.79,28.50,19.78,33.33,31.18,19.79,16.89,16.57,21.39,29.17,45.45
2565,24,บ้านนาหวาย,เชียงดาว,กลาง,นอกเมือง,สำนักงานคณะกรรมการการศึกษาขั้นพื้นฐาน,สพป.เชียงใหม่ เขต 3,39,24.57,26.69,33.33,28.50,36.79,21.63,30.77,31.25,18.77,16.98,36.08,35.98,28.21,45.00
2565,25,บ้านปางเฟือง,เชียงดาว,เล็ก,นอกเมือง,สำนักงานคณะกรรมการการศึกษาขั้นพื้นฐาน,สพป.เชียงใหม่ เขต 3,8,16.33,16.52,31.25,34.80,21.38,20.01,43.75,39.03,11.88,13.22,11.05,19.13,0.00,0.00
2565,26,บ้านปางมะเยา,เชียงดาว,กลาง,นอกเมือง,สำนักงานคณะกรรมการการศึกษาขั้นพื้นฐาน,สพป.เชียงใหม่ เขต 3,10,13.06,22.32,35.00,32.02,24.70,12.17,25.00,25.00,9.50,15.32,26.51,21.65,70.00,45.83
2565,27,บ้านเมืองคอง,เชียงดาว,เล็ก,นอกเมือง,สำนักงานคณะกรรมการการศึกษาขั้นพื้นฐาน,สพป.เชียงใหม่ เขต 3,15,10.22,14.45,10.00,20.00,24.07,17.64,16.67,23.57,17.73,10.90,14.73,20.83,20.00,40.00
2565,28,บ้านเมืองนะ,เชียงดาว,กลาง,นอกเมือง,สำนักงานคณะกรรมการการศึกษาขั้นพื้นฐาน,สพป.เชียงใหม่ เขต 3,32,20.36,16.67,32.81,32.14,29.25,21.32,28.13,35.22,15.00,14.11,23.47,22.05,9.37,29.15
2565,29,บ้านแม่กอนใน,เชียงดาว,เล็ก,นอกเมือง,สำนักงานคณะกรรมการการศึกษาขั้นพื้นฐาน,สพป.เชียงใหม่ เขต 3,4,7.66,13.27,37.50,41.46,33.25,8.23,12.50,21.65,28.50,21.24,22.09,22.09,25.00,43.30
2565,30,บ้านแม่นะ,เชียงดาว,กลาง,นอกเมือง,สำนักงานคณะกรรมการการศึกษาขั้นพื้นฐาน,สพป.เชียงใหม่ เขต 3,8,22.98,25.41,31.25,24.21,21.38,11.39,31.25,24.21,7.75,10.11,22.09,22.09,25.00,43.30
2565,31,บ้านหนองเขียว,เชียงดาว,กลาง,นอกเมือง,สำนักงานคณะกรรมการการศึกษาขั้นพื้นฐาน,สพป.เชียงใหม่ เขต 3,30,8.17,13.55,25.00,30.96,20.27,16.22,31.67,35.32,17.10,17.24,16.20,21.29,13.33,33.99
2565,32,บ้านห้วยจะค่าน ตชด.อนุสรณ์,เชียงดาว,กลาง,นอกเมือง,สำนักงานคณะกรรมการการศึกษาขั้นพื้นฐาน,สพป.เชียงใหม่ เขต 3,5,6.13,12.26,10.00,20.00,19.00,12.02,30.00,24.49,11.40,15.20,0.00,0.00,40.00,48.99
2565,33,พัฒนาต้นน้ำขุนคอง,เชียงดาว,เล็ก,นอกเมือง,สำนักงานคณะกรรมการการศึกษาขั้นพื้นฐาน,สพป.เชียงใหม่ เขต 3,8,19.15,14.84,25.00,35.36,26.13,18.85,31.25,34.80,14.25,12.57,0.00,0.00,25.00,43.30
2565,34,มิตรมวลชนเชียงใหม่,เชียงดาว,กลาง,นอกเมือง,สำนักงานคณะกรรมการการศึกษาขั้นพื้นฐาน,สพป.เชียงใหม่ เขต 3,3,10.22,14.45,16.67,23.57,6.33,8.96,16.67,23.57,27.00,11.31,29.46,20.83,0.00,0.00
2565,35,ศีลรวี,เชียงดาว,กลาง,นอกเมือง,สำนักงานคณะกรรมการส่งเสริมการศึกษาเอกชน,-,60,18.66,19.97,25.00,32.27,29.45,17.83,37.50,36.08,16.72,13.96,16.94,21.48,21.67,41.20
2565,36,ศึกษาสงเคราะห์เชียงดาว,เชียงดาว,กลาง,นอกเมือง,สำนักบริหารงานการศึกษาพิเศษ,-,63,12.78,17.11,26.19,27.97,22.32,16.07,29.37,31.67,12.67,13.96,11.22,19.23,33.33,47.14
2565,37,อรุโณทัยวิทยาคม,เชียงดาว,ใหญ่,นอกเมือง,สำนักงานคณะกรรมการการศึกษาขั้นพื้นฐาน,สำนักงานเขตพื้นที่การศึกษามัธยมศึกษาเชียงใหม่,141,17.62,20.71,29.43,30.41,26.04,18.15,29.43,31.55,14.12,14.17,20.22,22.22,31.21,46.33
2565,38,อินทารามวิทยา,เชียงดาว,เล็ก,นอกเมือง,สำนักงานพระพุทธศาสนาแห่งชาติ,กลุ่มโรงเรียนพระปริยัติธรรมฯ กลุ่ม  5,25,14.71,17.59,20.00,24.49,20.52,15.12,36.00,30.07,17.68,14.46,17.67,21.65,16.00,36.66
2565,39,ฉัตรพฤกษ์วิทยา,ไชยปราการ,เล็ก,นอกเมือง,สำนักงานคณะกรรมการส่งเสริมการศึกษาเอกชน,-,8,26.81,18.37,37.50,33.07,30.88,18.85,31.25,24.21,9.50,9.50,22.09,22.09,25.00,43.30
2565,40,ชุมชนวัดศรีดงเย็น,ไชยปราการ,กลาง,นอกเมือง,สำนักงานคณะกรรมการการศึกษาขั้นพื้นฐาน,สพป.เชียงใหม่ เขต 3,23,18.02,18.34,45.65,29.17,22.30,14.45,23.91,32.54,19.83,13.11,31.24,20.80,26.09,43.91
2565,41,ไชยปราการ,ไชยปราการ,กลาง,นอกเมือง,สำนักงานคณะกรรมการการศึกษาขั้นพื้นฐาน,สำนักงานเขตพื้นที่การศึกษามัธยมศึกษาเชียงใหม่,109,17.86,20.38,35.32,33.39,26.24,18.42,34.86,32.13,14.61,16.22,15.92,21.35,22.94,42.04
2565,42,เทศบาล 1 ไชยปราการ,ไชยปราการ,กลาง,นอกเมือง,กรมส่งเสริมการปกครองท้องถิ่น,ท้องถิ่นจังหวัดเชียงใหม่,22,18.11,17.67,31.82,35.50,20.73,17.10,34.09,40.97,16.41,20.09,14.06,20.58,18.18,38.57
2565,43,บ้านปง,ไชยปราการ,เล็ก,นอกเมือง,สำนักงานคณะกรรมการการศึกษาขั้นพื้นฐาน,สพป.เชียงใหม่ เขต 3,7,31.80,29.72,14.29,22.59,32.57,13.30,42.86,41.65,17.00,16.04,18.94,21.87,0.00,0.00
2565,44,บ้านปงตำ,ไชยปราการ,เล็ก,นอกเมือง,สำนักงานคณะกรรมการการศึกษาขั้นพื้นฐาน,สพป.เชียงใหม่ เขต 3,6,26.88,23.42,33.33,37.27,15.83,13.06,41.67,18.63,9.50,9.50,22.09,22.09,16.67,37.27
2565,45,บ้านหัวฝาย,ไชยปราการ,เล็ก,นอกเมือง,สำนักงานคณะกรรมการการศึกษาขั้นพื้นฐาน,สพป.เชียงใหม่ เขต 3,8,11.49,14.84,37.50,33.07,26.13,13.22,25.00,25.00,11.88,13.22,16.57,21.39,25.00,43.30
2565,46,บ้านใหม่หนองบัว,ไชยปราการ,กลาง,นอกเมือง,สำนักงานคณะกรรมการการศึกษาขั้นพื้นฐาน,สพป.เชียงใหม่ เขต 3,68,18.03,18.38,27.94,32.52,22.35,17.22,33.09,32.78,11.46,14.98,18.84,21.85,20.59,40.43
2565,47,บ้านอ่าย,ไชยปราการ,เล็ก,นอกเมือง,สำนักงานคณะกรรมการการศึกษาขั้นพื้นฐาน,สพป.เชียงใหม่ เขต 3,17,9.01,13.96,29.41,29.99,25.71,14.49,26.47,30.28,23.47,12.24,18.19,21.75,11.76,32.22
2565,48,วัดป่าแดง,ไชยปราการ,เล็ก,นอกเมือง,สำนักงานคณะกรรมการการศึกษาขั้นพื้นฐาน,สพป.เชียงใหม่ เขต 3,15,32.80,27.76,30.00,30.55,25.33,16.52,20.00,24.49,11.73,13.77,11.78,19.54,6.67,24.94
2565,49,วัดป่าไม้แดง,ไชยปราการ,เล็ก,นอกเมือง,สำนักงานพระพุทธศาสนาแห่งชาติ,กลุ่มโรงเรียนพระปริยัติธรรมฯ กลุ่ม  5,5,44.52,27.74,10.00,20.00,35.20,15.87,40.00,37.42,3.80,7.60,17.67,21.65,60.00,48.99
2565,50,ดอยเต่าวิทยาคม,ดอยเต่า,กลาง,นอกเมือง,สำนักงานคณะกรรมการการศึกษาขั้นพื้นฐาน,สำนักงานเขตพื้นที่การศึกษามัธยมศึกษาเชียงใหม่,114,16.00,17.95,27.63,30.42,27.50,18.51,36.40,35.22,14.84,14.93,19.77,21.97,20.18,40.13
2565,51,บ้านน้อยห้วยรินวิทยา,ดอยเต่า,เล็ก,นอกเมือง,สำนักงานคณะกรรมการการศึกษาขั้นพื้นฐาน,สพป.เชียงใหม่ เขต 5,8,15.32,15.32,43.75,39.03,30.88,16.28,43.75,29.97,7.13,13.22,27.62,21.39,37.50,48.41
2565,52,บ้านบงตัน,ดอยเต่า,เล็ก,นอกเมือง,สำนักงานคณะกรรมการการศึกษาขั้นพื้นฐาน,สพป.เชียงใหม่ เขต 5,8,15.32,21.67,25.00,35.36,28.50,16.45,31.25,24.21,14.25,8.23,27.62,21.39,0.00,0.00
2565,53,บ้านโปง,ดอยเต่า,เล็ก,นอกเมือง,สำนักงานคณะกรรมการการศึกษาขั้นพื้นฐาน,สพป.เชียงใหม่ เขต 5,18,15.32,15.32,22.22,24.85,21.11,16.62,38.89,31.43,26.39,15.69,19.64,21.96,38.89,48.75
2565,54,บ้านแอ่นจัดสรร,ดอยเต่า,เล็ก,นอกเมือง,สำนักงานคณะกรรมการการศึกษาขั้นพื้นฐาน,สพป.เชียงใหม่ เขต 5,34,13.52,15.22,22.06,34.71,23.47,15.32,29.41,29.99,16.76,14.40,13.00,20.13,26.47,44.12
2565,55,วัดฉิมพลีวิทยา,ดอยเต่า,เล็ก,นอกเมือง,สำนักงานพระพุทธศาสนาแห่งชาติ,กลุ่มโรงเรียนพระปริยัติธรรมฯ กลุ่ม  5,8,19.15,21.33,18.75,24.21,26.13,13.22,31.25,34.80,21.38,14.83,5.52,14.61,0.00,0.00
2565,56,ชลประทานผาแตก,ดอยสะเก็ด,กลาง,นอกเมือง,สำนักงานคณะกรรมการการศึกษาขั้นพื้นฐาน,สพป.เชียงใหม่ เขต 1,36,14.70,19.00,23.61,27.60,25.33,16.15,29.17,36.08,21.39,17.94,14.73,20.83,16.67,37.27
2565,57,ดอยสะเก็ดผดุงศาสน์,ดอยสะเก็ด,เล็ก,นอกเมือง,สำนักงานพระพุทธศาสนาแห่งชาติ,กลุ่มโรงเรียนพระปริยัติธรรมฯ กลุ่ม  5,18,11.92,18.10,36.11,36.54,31.67,20.03,27.78,29.92,12.67,15.51,14.73,20.83,16.67,37.27
2565,58,ดอยสะเก็ดวิทยาคม,ดอยสะเก็ด,กลาง,นอกเมือง,สำนักงานคณะกรรมการการศึกษาขั้นพื้นฐาน,สำนักงานเขตพื้นที่การศึกษามัธยมศึกษาเชียงใหม่,103,19.72,19.68,31.07,30.46,24.77,17.68,33.01,34.52,14.85,15.97,17.27,22.78,22.33,41.65
2565,59,บ้านเชิงดอย(ดอยสะเก็ดศึกษา),ดอยสะเก็ด,กลาง,นอกเมือง,สำนักงานคณะกรรมการการศึกษาขั้นพื้นฐาน,สพป.เชียงใหม่ เขต 1,59,19.63,21.72,33.90,29.75,28.42,21.09,28.81,32.16,19.17,14.56,21.17,24.12,32.20,46.73
2565,60,บ้านตลาดขี้เหล็ก,ดอยสะเก็ด,เล็ก,นอกเมือง,สำนักงานคณะกรรมการการศึกษาขั้นพื้นฐาน,สพป.เชียงใหม่ เขต 1,6,15.32,15.32,25.00,25.00,31.67,14.16,25.00,25.00,19.83,15.62,7.36,16.47,16.67,37.27
2565,61,บ้านป่าไม้แดง,ดอยสะเก็ด,กลาง,นอกเมือง,สำนักงานคณะกรรมการการศึกษาขั้นพื้นฐาน,สพป.เชียงใหม่ เขต 1,16,17.74,15.76,40.63,31.72,23.75,15.75,28.13,24.80,17.81,14.20,24.85,21.92,25.00,43.30
2565,62,บ้านป่าเสร้า,ดอยสะเก็ด,กลาง,นอกเมือง,สำนักงานคณะกรรมการการศึกษาขั้นพื้นฐาน,สพป.เชียงใหม่ เขต 1,20,24.52,22.93,32.50,36.31,37.05,21.22,40.00,30.00,15.20,18.62,24.30,21.98,30.00,45.83
2565,63,บ้านแม่หวาน,ดอยสะเก็ด,เล็ก,นอกเมือง,สำนักงานคณะกรรมการการศึกษาขั้นพื้นฐาน,สพป.เชียงใหม่ เขต 1,4,15.32,15.32,0.00,0.00,23.75,8.23,37.50,21.65,19.00,19.00,11.05,19.13,25.00,43.30
2565,64,เพื่อชีวิตเชียงใหม่,ดอยสะเก็ด,เล็ก,นอกเมือง,สำนักงานคณะกรรมการส่งเสริมการศึกษาเอกชน,-,8,11.49,14.84,31.25,34.80,33.25,15.75,31.25,34.80,14.25,12.57,22.09,22.09,37.50,48.41
2565,65,แม่โป่งประชาสามัคคี,ดอยสะเก็ด,เล็ก,นอกเมือง,สำนักงานคณะกรรมการการศึกษาขั้นพื้นฐาน,สพป.เชียงใหม่ เขต 1,16,15.32,18.77,31.25,34.80,30.00,20.57,18.75,24.21,19.00,13.44,8.28,17.25,31.25,46.35
2565,66,ไมตรีจิตคริสเตียนเชียงใหม่,ดอยสะเก็ด,กลาง,นอกเมือง,สำนักงานคณะกรรมการส่งเสริมการศึกษาเอกชน,-,42,12.06,18.44,23.81,27.25,29.86,19.51,32.14,39.07,15.95,15.66,15.78,21.17,26.19,43.97
2565,67,กรป.กลางอุปถัมภ์,ดอยหล่อ,เล็ก,นอกเมือง,สำนักงานคณะกรรมการการศึกษาขั้นพื้นฐาน,สพป.เชียงใหม่ เขต 4,10,16.13,30.46,20.00,24.49,30.40,9.31,20.00,33.17,11.40,15.20,13.26,20.25,40.00,48.99
2565,68,บ้านสามหลัง,ดอยหล่อ,เล็ก,นอกเมือง,สำนักงานคณะกรรมการการศึกษาขั้นพื้นฐาน,สพป.เชียงใหม่ เขต 4,24,16.60,19.74,37.50,36.08,27.13,21.32,27.08,35.29,14.25,13.71,22.58,26.84,12.50,33.07
2565,69,บ้านเหล่าเป้า,ดอยหล่อ,เล็ก,นอกเมือง,สำนักงานคณะกรรมการการศึกษาขั้นพื้นฐาน,สพป.เชียงใหม่ เขต 4,5,12.26,15.01,30.00,24.49,11.40,9.31,30.00,24.49,39.00,22.65,8.84,17.67,40.00,48.99
2565,70,วัดโขงขาววิทยา,ดอยหล่อ,เล็ก,นอกเมือง,สำนักงานพระพุทธศาสนาแห่งชาติ,กลุ่มโรงเรียนพระปริยัติธรรมฯ กลุ่ม  5,4,0.00,0.00,25.00,25.00,28.50,21.24,12.50,21.65,28.50,21.24,22.09,22.09,25.00,43.30
2565,71,สองแคววิทยาคม,ดอยหล่อ,กลาง,นอกเมือง,สำนักงานคณะกรรมการการศึกษาขั้นพื้นฐาน,สำนักงานเขตพื้นที่การศึกษามัธยมศึกษาเชียงใหม่,80,13.99,17.82,32.50,34.55,26.13,17.09,28.75,31.40,14.20,15.35,17.67,21.65,20.00,40.00
2565,72,สันติสุข,ดอยหล่อ,กลาง,นอกเมือง,สำนักงานคณะกรรมการการศึกษาขั้นพื้นฐาน,สำนักงานเขตพื้นที่การศึกษามัธยมศึกษาเชียงใหม่,47,18.43,23.08,35.11,35.60,27.60,20.66,39.36,37.10,15.79,14.68,14.10,20.60,19.15,39.35
2565,73,เจ้าแม่หลวงอุปถัมภ์ 1,ฝาง,กลาง,นอกเมือง,สำนักงานคณะกรรมการการศึกษาขั้นพื้นฐาน,สพป.เชียงใหม่ เขต 3,31,16.81,17.12,33.87,32.10,23.29,17.21,33.87,34.52,16.55,19.15,21.38,22.08,25.81,43.76
2565,74,ฉือจี้เชียงใหม่,ฝาง,กลาง,นอกเมือง,สำนักงานคณะกรรมการส่งเสริมการศึกษาเอกชน,-,118,24.78,22.73,32.63,30.79,32.81,22.54,33.47,33.23,17.64,17.01,18.01,25.32,20.34,40.25
2565,75,ชุมชนบ้านแม่สูนหลวง,ฝาง,เล็ก,นอกเมือง,สำนักงานคณะกรรมการการศึกษาขั้นพื้นฐาน,สพป.เชียงใหม่ เขต 3,4,22.98,25.41,25.00,25.00,38.00,13.44,25.00,25.00,23.75,8.23,22.09,22.09,0.00,0.00
2565,76,เทพศิรินทร์๙โครงการหลวงในพระบรมราชูปถัมภ์,ฝาง,เล็ก,นอกเมือง,สำนักงานคณะกรรมการการศึกษาขั้นพื้นฐาน,สพป.เชียงใหม่ เขต 3,10,12.26,15.01,25.00,25.00,24.70,17.10,40.00,37.42,9.50,12.75,22.09,22.09,20.00,40.00
2565,77,บ้านต้นผึ้ง,ฝาง,เล็ก,นอกเมือง,สำนักงานคณะกรรมการการศึกษาขั้นพื้นฐาน,สพป.เชียงใหม่ เขต 3,11,16.72,20.09,31.82,32.14,31.09,16.75,31.82,38.57,6.91,12.21,20.08,22.00,9.09,28.75
2565,78,บ้านทุ่งหลุก,ฝาง,เล็ก,นอกเมือง,สำนักงานคณะกรรมการการศึกษาขั้นพื้นฐาน,สพป.เชียงใหม่ เขต 3,8,16.33,23.86,43.75,39.03,26.13,23.15,31.25,34.80,11.88,13.22,22.09,22.09,12.50,33.07
2565,79,บ้านปางปอย,ฝาง,กลาง,นอกเมือง,สำนักงานคณะกรรมการการศึกษาขั้นพื้นฐาน,สพป.เชียงใหม่ เขต 3,28,16.42,19.18,26.79,28.29,27.32,18.03,41.07,37.92,16.96,15.52,12.62,19.96,25.00,43.30
2565,80,บ้านปางสัก,ฝาง,เล็ก,นอกเมือง,สำนักงานคณะกรรมการการศึกษาขั้นพื้นฐาน,สพป.เชียงใหม่ เขต 3,11,16.72,15.26,45.45,33.40,22.45,13.60,13.64,22.27,17.27,20.58,16.07,21.26,27.27,44.54
2565,81,บ้านโป่งนก,ฝาง,กลาง,นอกเมือง,สำนักงานคณะกรรมการการศึกษาขั้นพื้นฐาน,สพป.เชียงใหม่ เขต 3,12,17.88,19.62,25.00,25.00,20.58,18.12,33.33,31.18,17.42,16.38,18.41,21.78,16.67,37.27
2565,82,บ้านม่วงชุม,ฝาง,กลาง,นอกเมือง,สำนักงานคณะกรรมการการศึกษาขั้นพื้นฐาน,สพป.เชียงใหม่ เขต 3,41,16.64,22.22,35.37,37.03,28.39,19.36,32.93,35.97,13.56,16.33,22.63,22.09,26.83,44.31
2565,83,บ้านม่อนปิ่น,ฝาง,กลาง,นอกเมือง,สำนักงานคณะกรรมการการศึกษาขั้นพื้นฐาน,สพป.เชียงใหม่ เขต 3,12,12.77,15.11,41.67,34.36,25.33,17.91,29.17,24.65,9.50,12.26,11.05,19.13,8.33,27.64
2565,84,บ้านแม่ข่า,ฝาง,กลาง,นอกเมือง,สำนักงานคณะกรรมการการศึกษาขั้นพื้นฐาน,สพป.เชียงใหม่ เขต 3,24,16.60,17.65,37.50,33.07,22.17,16.15,43.75,39.03,11.88,14.32,7.36,16.47,25.00,43.30
2565,85,บ้านแม่คะ,ฝาง,กลาง,นอกเมือง,สำนักงานคณะกรรมการการศึกษาขั้นพื้นฐาน,สพป.เชียงใหม่ เขต 3,22,22.29,16.48,29.55,38.90,20.73,16.11,40.91,32.46,10.36,12.46,24.10,22.00,18.18,38.57
2565,86,บ้านแม่งอนขี้เหล็ก,ฝาง,กลาง,นอกเมือง,กรมส่งเสริมการปกครองท้องถิ่น,ท้องถิ่นจังหวัดเชียงใหม่,31,14.83,17.18,33.87,34.52,21.45,17.23,33.87,34.52,12.87,13.12,15.68,21.14,16.13,36.78
2565,87,บ้านล้องอ้อ,ฝาง,เล็ก,นอกเมือง,กรมส่งเสริมการปกครองท้องถิ่น,ท้องถิ่นจังหวัดเชียงใหม่,20,12.26,15.01,27.50,33.45,30.40,16.34,27.50,37.00,23.30,21.34,11.05,19.13,10.00,30.00
2565,88,บ้านเวียงฝาง,ฝาง,ใหญ่,นอกเมือง,สำนักงานคณะกรรมการการศึกษาขั้นพื้นฐาน,สพป.เชียงใหม่ เขต 3,35,21.89,18.78,35.71,30.64,26.20,19.70,28.57,32.26,16.97,12.71,16.41,21.35,11.43,31.82
2565,89,บ้านสันทรายคองน้อย,ฝาง,กลาง,นอกเมือง,สำนักงานคณะกรรมการการศึกษาขั้นพื้นฐาน,สพป.เชียงใหม่ เขต 3,26,20.04,20.72,32.69,30.83,31.62,20.81,34.62,33.31,26.50,23.45,23.79,22.03,26.92,44.36
2565,90,บ้านสันป่าแดง,ฝาง,เล็ก,นอกเมือง,สำนักงานคณะกรรมการการศึกษาขั้นพื้นฐาน,สพป.เชียงใหม่ เขต 3,11,19.50,19.70,13.64,22.27,38.45,11.55,27.27,24.90,19.00,11.46,16.07,21.26,9.09,28.75
2565,91,บ้านหลวง,ฝาง,กลาง,นอกเมือง,สำนักงานคณะกรรมการการศึกษาขั้นพื้นฐาน,สพป.เชียงใหม่ เขต 3,32,14.36,18.74,34.38,34.09,20.19,13.38,35.94,37.99,11.28,10.47,23.47,22.05,28.12,44.96
2565,92,บ้านห้วยงูกลาง,ฝาง,เล็ก,นอกเมือง,สำนักงานคณะกรรมการการศึกษาขั้นพื้นฐาน,สพป.เชียงใหม่ เขต 3,13,19.48,15.54,26.92,24.93,24.85,17.29,11.54,21.07,13.15,8.77,31.48,28.80,7.69,26.65
2565,93,บ้านห้วยหมากเลี่ยม,ฝาง,กลาง,นอกเมือง,สำนักงานคณะกรรมการการศึกษาขั้นพื้นฐาน,สพป.เชียงใหม่ เขต 3,24,20.43,16.94,25.00,35.36,25.33,17.91,18.75,24.21,15.04,13.41,29.46,20.83,25.00,43.30
2565,94,บ้านห้วยเฮี่ยน,ฝาง,เล็ก,นอกเมือง,สำนักงานคณะกรรมการการศึกษาขั้นพื้นฐาน,สพป.เชียงใหม่ เขต 3,8,15.32,15.32,50.00,35.36,21.38,17.61,31.25,34.80,11.88,13.22,5.52,14.61,0.00,0.00
2565,95,บ้านเหมืองแร่,ฝาง,กลาง,นอกเมือง,สำนักงานคณะกรรมการการศึกษาขั้นพื้นฐาน,สพป.เชียงใหม่ เขต 3,28,14.23,15.28,23.21,31.29,22.39,17.63,21.43,31.13,19.68,15.64,7.89,16.92,21.43,41.03
2565,96,ฝางชนูปถัมภ์,ฝาง,ใหญ่,นอกเมือง,สำนักงานคณะกรรมการการศึกษาขั้นพื้นฐาน,สำนักงานเขตพื้นที่การศึกษามัธยมศึกษาเชียงใหม่,192,13.85,19.11,25.78,31.45,28.65,17.92,32.29,33.45,15.84,15.18,15.71,21.23,18.75,39.03
2565,97,ฝางธรรมศึกษา,ฝาง,เล็ก,นอกเมือง,สำนักงานพระพุทธศาสนาแห่งชาติ,กลุ่มโรงเรียนพระปริยัติธรรมฯ กลุ่ม  5,21,11.67,14.88,28.57,32.99,19.90,14.92,35.71,34.99,9.95,12.60,21.04,22.07,9.52,29.35
2565,98,รังษีวิทยา,ฝาง,ใหญ่พิเศษ,นอกเมือง,สำนักงานคณะกรรมการส่งเสริมการศึกษาเอกชน,-,162,36.51,31.50,33.33,37.68,41.39,25.42,40.12,36.36,22.59,19.88,25.15,30.64,25.93,43.82
2565,99,รัตนาเอื้อวิทยา,ฝาง,ใหญ่,นอกเมือง,สำนักงานคณะกรรมการส่งเสริมการศึกษาเอกชน,-,85,20.25,23.33,30.59,33.51,32.14,21.84,35.29,36.64,15.93,15.40,20.79,22.05,25.88,43.80
2565,100,วัดเจดีย์งามปริยัติวิทยา,ฝาง,เล็ก,นอกเมือง,สำนักงานพระพุทธศาสนาแห่งชาติ,กลุ่มโรงเรียนพระปริยัติธรรมฯ กลุ่ม  5,7,26.27,19.58,28.57,24.74,21.71,12.14,35.71,34.99,27.14,17.17,25.25,21.87,14.29,34.99
2565,101,วัดนันทาราม,ฝาง,กลาง,นอกเมือง,สำนักงานคณะกรรมการการศึกษาขั้นพื้นฐาน,สพป.เชียงใหม่ เขต 3,13,21.22,22.11,38.46,34.83,30.69,15.88,30.77,31.25,7.69,21.76,31.48,28.80,30.77,46.15
2565,102,วัดพระบาทอุดม,ฝาง,เล็ก,นอกเมือง,สำนักงานพระพุทธศาสนาแห่งชาติ,กลุ่มโรงเรียนพระปริยัติธรรมฯ กลุ่ม  5,25,21.16,19.58,38.00,35.44,24.52,15.89,28.00,34.87,7.60,10.75,17.67,21.65,20.00,40.00
2565,103,สายอักษร,ฝาง,กลาง,นอกเมือง,สำนักงานคณะกรรมการส่งเสริมการศึกษาเอกชน,-,39,20.47,22.78,39.74,32.38,31.79,20.95,28.21,33.58,13.64,14.87,19.26,21.91,25.64,43.67
2565,104,เขื่อนผากวิทยา,พร้าว,เล็ก,นอกเมือง,สำนักงานพระพุทธศาสนาแห่งชาติ,กลุ่มโรงเรียนพระปริยัติธรรมฯ กลุ่ม  5,5,24.52,12.26,40.00,37.42,15.20,14.22,50.00,31.62,0.00,0.00,35.35,17.67,0.00,0.00
2565,105,ชุมชนบ้านโป่ง,พร้าว,เล็ก,นอกเมือง,สำนักงานคณะกรรมการการศึกษาขั้นพื้นฐาน,สพป.เชียงใหม่ เขต 2,10,15.32,15.32,25.00,33.54,19.00,14.72,45.00,41.53,13.30,12.17,22.09,22.09,30.00,45.83
2565,106,บ้านนาบุญโหล่งขอด,พร้าว,เล็ก,นอกเมือง,สำนักงานคณะกรรมการการศึกษาขั้นพื้นฐาน,สพป.เชียงใหม่ เขต 2,9,32.44,31.79,55.56,43.74,35.89,14.00,50.00,33.33,21.11,20.90,29.46,20.83,33.33,47.14
2565,107,บ้านแม่ปั๋ง,พร้าว,เล็ก,นอกเมือง,สำนักงานคณะกรรมการการศึกษาขั้นพื้นฐาน,สพป.เชียงใหม่ เขต 2,4,15.32,15.32,37.50,21.65,23.75,8.23,25.00,25.00,9.50,9.50,22.09,22.09,50.00,50.00
2565,108,บ้านแม่ปาคี,พร้าว,เล็ก,นอกเมือง,สำนักงานคณะกรรมการการศึกษาขั้นพื้นฐาน,สพป.เชียงใหม่ เขต 2,15,6.13,12.26,30.00,35.59,24.07,10.90,40.00,32.66,12.67,16.52,17.67,21.65,26.67,44.22
2565,109,บ้านแม่เหียะ,พร้าว,เล็ก,นอกเมือง,สำนักงานคณะกรรมการการศึกษาขั้นพื้นฐาน,สพป.เชียงใหม่ เขต 2,13,14.14,15.28,19.23,24.33,29.23,16.01,15.38,23.08,11.69,9.24,6.80,15.94,15.38,36.08
2565,110,บ้านสันกลาง,พร้าว,เล็ก,นอกเมือง,สำนักงานคณะกรรมการการศึกษาขั้นพื้นฐาน,สพป.เชียงใหม่ เขต 2,8,15.32,15.32,31.25,42.85,35.63,17.61,25.00,25.00,14.25,12.57,5.52,14.61,25.00,43.30
2565,111,บ้านสันปง,พร้าว,เล็ก,นอกเมือง,สำนักงานคณะกรรมการการศึกษาขั้นพื้นฐาน,สพป.เชียงใหม่ เขต 2,4,22.98,13.27,12.50,21.65,19.00,13.44,25.00,25.00,19.00,13.44,22.09,22.09,0.00,0.00
2565,112,บ้านหนองปิด,พร้าว,เล็ก,นอกเมือง,สำนักงานคณะกรรมการการศึกษาขั้นพื้นฐาน,สพป.เชียงใหม่ เขต 2,7,36.18,13.55,35.71,34.99,46.14,22.38,7.14,17.50,21.71,12.14,31.56,19.96,28.57,45.18
2565,113,พร้าวบูรพา,พร้าว,เล็ก,นอกเมือง,สำนักงานคณะกรรมการการศึกษาขั้นพื้นฐาน,สพป.เชียงใหม่ เขต 2,9,17.03,15.23,11.11,20.79,27.44,15.80,22.22,34.25,10.56,13.01,14.73,20.83,33.33,47.14
2565,114,โรงเรียนพร้าววิทยาคม,พร้าว,ใหญ่,นอกเมือง,สำนักงานคณะกรรมการการศึกษาขั้นพื้นฐาน,สำนักงานเขตพื้นที่การศึกษามัธยมศึกษาเชียงใหม่,147,21.55,24.76,31.97,32.96,30.35,21.34,35.71,35.95,15.39,16.22,15.50,24.60,22.45,41.72
2565,115,สหกรณ์ดำริ,พร้าว,เล็ก,นอกเมือง,สำนักงานคณะกรรมการการศึกษาขั้นพื้นฐาน,สพป.เชียงใหม่ เขต 2,13,36.60,25.07,30.77,24.33,26.31,15.88,57.69,33.09,22.31,24.29,13.60,20.39,30.77,46.15
2565,116,กสิณธร เซนต์เจมส์ เชียงใหม่,เมืองเชียงใหม่,เล็ก,ในเมือง,สำนักงานคณะกรรมการส่งเสริมการศึกษาเอกชน,-,6,20.43,14.45,33.33,37.27,31.67,8.96,25.00,25.00,22.17,13.06,22.09,22.09,16.67,37.27
2565,117,กาวิละวิทยาลัย,เมืองเชียงใหม่,ใหญ่,ในเมือง,สำนักงานคณะกรรมการการศึกษาขั้นพื้นฐาน,สำนักงานเขตพื้นที่การศึกษามัธยมศึกษาเชียงใหม่,53,17.50,16.47,33.02,32.13,28.68,15.93,41.51,37.29,14.17,15.93,18.34,21.77,24.53,43.03
2565,118,โกวิทธำรงเชียงใหม่,เมืองเชียงใหม่,ใหญ่,ในเมือง,สำนักงานคณะกรรมการส่งเสริมการศึกษาเอกชน,-,85,22.37,21.45,34.71,34.32,28.39,18.11,27.65,32.09,16.11,15.26,21.45,22.26,22.35,41.66
2565,119,ขาลสุวรรณอนุสรณ์,เมืองเชียงใหม่,กลาง,ในเมือง,สำนักงานคณะกรรมการส่งเสริมการศึกษาเอกชน,-,10,19.19,20.95,35.00,22.91,20.90,13.30,30.00,33.17,8.10,10.01,18.84,23.29,50.00,50.00
2565,120,จิตราวิทยา,เมืองเชียงใหม่,ใหญ่,ในเมือง,สำนักงานคณะกรรมการส่งเสริมการศึกษาเอกชน,-,96,23.91,26.25,31.77,31.56,30.39,20.87,29.17,35.11,17.27,16.26,17.73,24.19,20.83,40.61
2565,121,ชุมชนเทศบาลวัดศรีดอนไชย,เมืองเชียงใหม่,กลาง,ในเมือง,กรมส่งเสริมการปกครองท้องถิ่น,ท้องถิ่นจังหวัดเชียงใหม่,32,20.61,20.06,25.00,25.00,22.56,11.08,23.44,30.58,16.78,17.35,14.17,24.49,21.87,41.34
2565,122,ชุมชนบ้านบวกครกน้อย,เมืองเชียงใหม่,กลาง,ในเมือง,สำนักงานคณะกรรมการการศึกษาขั้นพื้นฐาน,สพป.เชียงใหม่ เขต 1,34,20.97,21.16,42.65,32.39,58.12,13.78,29.41,34.55,16.21,15.38,18.19,21.75,20.59,40.43
2565,123,ชุมชนวัดท่าเดื่อ,เมืองเชียงใหม่,เล็ก,ในเมือง,สำนักงานคณะกรรมการการศึกษาขั้นพื้นฐาน,สพป.เชียงใหม่ เขต 1,22,15.32,20.14,27.27,32.78,28.73,18.51,22.73,32.78,14.68,11.36,26.64,26.85,18.18,38.57
2565,124,เชตุพนศึกษา,เมืองเชียงใหม่,เล็ก,ในเมือง,สำนักงานพระพุทธศาสนาแห่งชาติ,กลุ่มโรงเรียนพระปริยัติธรรมฯ กลุ่ม  5,45,17.71,17.68,31.11,33.81,23.76,18.20,34.44,33.04,13.93,14.11,21.60,22.09,15.56,36.24
2565,125,เชียงใหม่คริสเตียน,เมืองเชียงใหม่,ใหญ่,ในเมือง,สำนักงานคณะกรรมการส่งเสริมการศึกษาเอกชน,-,132,18.48,22.03,25.76,29.83,29.30,16.90,29.55,33.68,14.43,16.28,19.93,23.83,20.45,40.34
2565,126,ดาราวิทยาลัย,เมืองเชียงใหม่,ใหญ่พิเศษ,ในเมือง,สำนักงานคณะกรรมการส่งเสริมการศึกษาเอกชน,-,143,32.02,30.86,37.41,35.22,39.70,28.38,41.26,34.13,25.46,22.57,25.96,33.85,25.87,43.79
2565,127,เทพบดินทร์วิทยาเชียงใหม่,เมืองเชียงใหม่,ใหญ่,ในเมือง,สำนักงานคณะกรรมการส่งเสริมการศึกษาเอกชน,-,184,17.35,21.18,25.54,28.55,30.16,17.97,33.15,34.01,16.19,17.26,13.64,21.31,19.02,39.25
2565,128,เทศบาลวัดท่าสะต๋อย,เมืองเชียงใหม่,กลาง,ในเมือง,กรมส่งเสริมการปกครองท้องถิ่น,ท้องถิ่นจังหวัดเชียงใหม่,38,25.85,25.82,27.63,27.38,26.63,18.36,36.84,37.49,14.63,12.93,18.91,25.00,23.68,42.51
2565,129,เทศบาลวัดศรีปิงเมือง,เมืองเชียงใหม่,กลาง,ในเมือง,กรมส่งเสริมการปกครองท้องถิ่น,ท้องถิ่นจังหวัดเชียงใหม่,24,7.66,13.27,25.00,25.00,26.92,16.38,35.42,33.79,13.46,18.58,9.21,17.94,33.33,47.14
2565,130,ธรรมเมธีศึกษา,เมืองเชียงใหม่,เล็ก,ในเมือง,สำนักงานพระพุทธศาสนาแห่งชาติ,กลุ่มโรงเรียนพระปริยัติธรรมฯ กลุ่ม  5,11,20.23,21.32,45.45,45.00,26.36,19.40,27.27,24.90,19.00,14.03,29.18,30.75,9.09,28.75
2565,131,ธรรมราชศึกษา,เมืองเชียงใหม่,กลาง,ในเมือง,สำนักงานคณะกรรมการส่งเสริมการศึกษาเอกชน,-,52,17.40,19.91,28.85,31.54,23.85,15.74,35.58,33.02,17.27,12.54,19.54,21.95,21.15,40.84
2565,132,บ้านดอนปิน,เมืองเชียงใหม่,เล็ก,ในเมือง,สำนักงานคณะกรรมการการศึกษาขั้นพื้นฐาน,สพป.เชียงใหม่ เขต 1,36,12.14,15.28,40.28,30.78,29.56,19.75,30.56,33.91,16.11,19.09,14.73,20.83,13.89,34.58
2565,133,บ้านโป่งน้อย,เมืองเชียงใหม่,กลาง,ในเมือง,สำนักงานคณะกรรมการการศึกษาขั้นพื้นฐาน,สพป.เชียงใหม่ เขต 1,31,17.79,18.70,35.48,31.61,25.29,17.13,35.48,38.51,13.97,14.51,16.05,21.74,41.94,49.35
2565,134,บาลีสาธิตศึกษา มจร.,เมืองเชียงใหม่,กลาง,ในเมือง,สำนักงานพระพุทธศาสนาแห่งชาติ,กลุ่มโรงเรียนพระปริยัติธรรมฯ กลุ่ม  5,43,12.83,15.12,17.44,30.28,20.33,17.09,34.88,36.62,15.02,12.67,14.39,20.71,13.95,34.65
2565,135,ปรินส์รอยแยลส์วิทยาลัย,เมืองเชียงใหม่,ใหญ่พิเศษ,ในเมือง,สำนักงานคณะกรรมการส่งเสริมการศึกษาเอกชน,-,529,47.95,34.23,44.42,36.53,54.63,27.41,44.99,36.36,29.33,25.15,38.00,37.11,31.57,46.48
2565,136,พระหฤทัยเชียงใหม่,เมืองเชียงใหม่,ใหญ่,ในเมือง,สำนักงานคณะกรรมการส่งเสริมการศึกษาเอกชน,-,117,28.96,27.25,24.79,30.40,27.53,17.80,35.04,35.96,14.82,14.58,21.82,23.38,18.80,39.07
2565,137,พิงครัตน์,เมืองเชียงใหม่,เล็ก,ในเมือง,สำนักงานคณะกรรมการส่งเสริมการศึกษาเอกชน,-,18,28.58,18.63,33.33,33.33,28.50,17.05,44.44,36.85,16.11,18.56,14.73,20.83,5.56,22.91
2565,138,มงฟอร์ตวิทยาลัย แผนกมัธยม,เมืองเชียงใหม่,ใหญ่พิเศษ,ในเมือง,สำนักงานคณะกรรมการส่งเสริมการศึกษาเอกชน,-,172,55.41,36.59,42.73,38.00,63.35,28.83,48.55,34.70,32.72,27.51,57.98,36.89,51.74,49.97
2565,139,เมตตาศึกษา,เมืองเชียงใหม่,กลาง,ในเมือง,สำนักงานคณะกรรมการส่งเสริมการศึกษาเอกชน,-,42,16.63,19.19,19.05,28.77,28.50,19.11,35.71,38.24,17.76,13.57,12.62,19.96,21.43,41.03
2565,140,ยุพราชวิทยาลัย,เมืองเชียงใหม่,ใหญ่พิเศษ,ในเมือง,สำนักงานคณะกรรมการการศึกษาขั้นพื้นฐาน,สำนักงานเขตพื้นที่การศึกษามัธยมศึกษาเชียงใหม่,537,35.42,30.88,41.62,35.25,49.32,26.58,40.78,36.66,25.14,21.67,32.73,35.31,28.31,45.05
2565,141,เรยีนาเชลีวิทยาลัย,เมืองเชียงใหม่,ใหญ่,ในเมือง,สำนักงานคณะกรรมการส่งเสริมการศึกษาเอกชน,-,133,32.20,30.32,33.83,37.07,43.09,23.14,39.85,32.88,19.54,20.60,30.13,30.00,21.80,41.29
2565,142,วชิรวิทย์ เชียงใหม่,เมืองเชียงใหม่,กลาง,ในเมือง,สำนักงานคณะกรรมการส่งเสริมการศึกษาเอกชน,-,3,43.55,41.83,50.00,40.82,31.67,32.29,33.33,47.14,25.33,17.91,14.73,20.83,66.67,47.14
2565,143,วัฒโนทัยพายัพ,เมืองเชียงใหม่,ใหญ่พิเศษ,ในเมือง,สำนักงานคณะกรรมการการศึกษาขั้นพื้นฐาน,สำนักงานเขตพื้นที่การศึกษามัธยมศึกษาเชียงใหม่,460,23.78,24.37,34.13,35.64,32.26,21.57,34.46,34.15,15.30,16.32,23.00,25.92,20.87,40.64
2565,144,วัดช่างเคี่ยน,เมืองเชียงใหม่,กลาง,ในเมือง,สำนักงานคณะกรรมการการศึกษาขั้นพื้นฐาน,สพป.เชียงใหม่ เขต 1,24,19.15,19.41,31.25,37.67,30.08,16.38,41.67,27.64,21.58,18.28,14.73,20.83,25.00,43.30
2565,145,วัดดอนจั่น,เมืองเชียงใหม่,กลาง,ในเมือง,สำนักงานคณะกรรมการการศึกษาขั้นพื้นฐาน,สพป.เชียงใหม่ เขต 1,25,13.48,15.21,20.00,28.28,24.32,14.74,38.00,25.61,9.12,13.29,14.14,20.61,44.00,49.64
2565,146,วัดวังสิงห์คำ,เมืองเชียงใหม่,เล็ก,ในเมือง,สำนักงานคณะกรรมการการศึกษาขั้นพื้นฐาน,สพป.เชียงใหม่ เขต 1,13,9.43,14.14,30.77,24.33,33.62,19.93,34.62,36.08,2.92,6.86,16.99,21.50,23.08,42.13
2565,147,วารีเชียงใหม่,เมืองเชียงใหม่,ใหญ่พิเศษ,ในเมือง,สำนักงานคณะกรรมการส่งเสริมการศึกษาเอกชน,-,62,34.94,30.34,37.10,35.85,38.56,26.13,39.52,37.18,18.02,18.78,27.16,29.40,25.81,43.76
2565,148,วิชัยวิทยา,เมืองเชียงใหม่,กลาง,ในเมือง,สำนักงานคณะกรรมการส่งเสริมการศึกษาเอกชน,-,19,67.23,30.55,39.47,34.71,66.32,27.75,47.37,30.23,28.00,24.94,39.66,36.81,26.32,44.03
2565,149,วิทยาลัยนาฎศิลปเชียงใหม่,เมืองเชียงใหม่,กลาง,ในเมือง,สถาบันบัณฑิตพัฒนศิลป์ (ปวช.),-,41,15.15,19.80,32.93,30.46,25.02,18.97,24.39,24.99,11.59,13.19,14.29,21.05,21.95,41.39
2565,150,สมเด็จพระพุทธชินวงศ์,เมืองเชียงใหม่,กลาง,ในเมือง,สำนักงานพระพุทธศาสนาแห่งชาติ,กลุ่มโรงเรียนพระปริยัติธรรมฯ กลุ่ม  5,40,13.79,16.71,20.00,26.93,21.38,17.61,31.25,36.55,13.30,13.57,14.36,20.70,30.00,45.83
2565,151,สังวาลย์วิทยา,เมืองเชียงใหม่,เล็ก,ในเมือง,สำนักงานคณะกรรมการการศึกษาขั้นพื้นฐาน,สพป.เชียงใหม่ เขต 1,4,30.65,0.00,25.00,43.30,19.00,19.00,50.00,0.00,19.00,23.27,11.05,19.13,0.00,0.00
2565,152,สันติศึกษา,เมืองเชียงใหม่,เล็ก,ในเมือง,สำนักงานคณะกรรมการส่งเสริมการศึกษาเอกชน,-,7,4.38,10.72,28.57,24.74,35.29,6.65,21.43,24.74,27.14,19.95,12.62,19.96,71.43,45.18
2565,153,สาธิตมหาวิทยาลัยเชียงใหม่,เมืองเชียงใหม่,ใหญ่,ในเมือง,สำนักงานปลัดกระทรวงการอุดมศึกษาฯ,-,214,48.90,32.59,55.84,34.87,65.14,27.05,43.69,35.45,38.82,25.09,54.80,37.33,38.79,48.73
2565,154,สามัคคีวิทยาทาน,เมืองเชียงใหม่,เล็ก,ในเมือง,สำนักงานพระพุทธศาสนาแห่งชาติ,กลุ่มโรงเรียนพระปริยัติธรรมฯ กลุ่ม  5,34,16.22,17.01,23.53,30.28,21.79,15.38,30.88,34.33,18.44,18.13,15.60,21.12,23.53,42.42
2565,155,สารสาสน์วิเทศเชียงใหม่,เมืองเชียงใหม่,ใหญ่,ในเมือง,สำนักงานคณะกรรมการส่งเสริมการศึกษาเอกชน,-,31,32.21,27.79,37.10,35.85,42.45,22.36,51.61,36.99,20.87,19.17,24.61,25.73,32.26,46.75
2565,156,สารสาสน์วิเทศล้านนา,เมืองเชียงใหม่,ใหญ่,ในเมือง,สำนักงานคณะกรรมการส่งเสริมการศึกษาเอกชน,-,35,19.95,20.72,30.00,29.76,27.83,18.46,27.14,34.52,16.97,13.50,14.22,24.20,8.57,27.99
2565,157,โสตศึกษาอนุสารสุนทร,เมืองเชียงใหม่,เล็ก,ในเมือง,สำนักบริหารงานการศึกษาพิเศษ,-,0,-,-,-,-,-,-,-,-,-,-,-,-,-,-
2565,158,หอพระ,เมืองเชียงใหม่,กลาง,ในเมือง,สำนักงานคณะกรรมการการศึกษาขั้นพื้นฐาน,สำนักงานเขตพื้นที่การศึกษามัธยมศึกษาเชียงใหม่,83,18.29,18.17,28.92,31.16,25.70,19.44,26.51,32.32,14.25,14.73,19.31,23.40,18.07,38.48
2565,159,อนุบาลหนองป่าครั่ง,เมืองเชียงใหม่,เล็ก,ในเมือง,กรมส่งเสริมการปกครองท้องถิ่น,ท้องถิ่นจังหวัดเชียงใหม่,9,21.33,22.29,55.56,36.85,27.44,13.01,38.89,31.43,12.67,8.96,0.00,0.00,11.11,31.43
2565,160,อภัยอริยศึกษา,เมืองเชียงใหม่,เล็ก,ในเมือง,สำนักงานพระพุทธศาสนาแห่งชาติ,กลุ่มโรงเรียนพระปริยัติธรรมฯ กลุ่ม  5,10,21.45,19.62,20.00,24.49,22.80,14.22,20.00,24.49,26.60,15.20,13.26,20.25,20.00,40.00
2565,161,เซนต์โยเซฟแม่แจ่ม,แม่แจ่ม,กลาง,นอกเมือง,สำนักงานคณะกรรมการส่งเสริมการศึกษาเอกชน,-,42,23.43,24.74,33.33,32.12,27.14,16.13,33.33,32.12,15.17,18.31,16.83,21.46,14.29,34.99
2565,162,บ้านกองแขก,แม่แจ่ม,เล็ก,นอกเมือง,สำนักงานคณะกรรมการการศึกษาขั้นพื้นฐาน,สพป.เชียงใหม่ เขต 6,9,10.22,14.45,27.78,34.25,31.67,17.91,44.44,28.33,16.89,14.00,14.73,20.83,11.11,31.43
2565,163,บ้านขุนแม่หยอด,แม่แจ่ม,เล็ก,นอกเมือง,สำนักงานคณะกรรมการการศึกษาขั้นพื้นฐาน,สพป.เชียงใหม่ เขต 6,5,50.65,16.59,40.00,37.42,26.60,19.38,30.00,40.00,15.20,14.22,8.84,17.67,60.00,48.99
2565,164,บ้านทุ่งแก,แม่แจ่ม,เล็ก,นอกเมือง,สำนักงานคณะกรรมการการศึกษาขั้นพื้นฐาน,สพป.เชียงใหม่ เขต 6,6,20.43,14.45,16.67,23.57,19.00,10.97,25.00,25.00,22.17,17.05,7.36,16.47,50.00,50.00
2565,165,บ้านปางหินฝน,แม่แจ่ม,เล็ก,นอกเมือง,สำนักงานคณะกรรมการการศึกษาขั้นพื้นฐาน,สพป.เชียงใหม่ เขต 6,13,23.08,27.50,30.77,24.33,24.85,17.29,19.23,24.33,19.77,15.49,10.20,18.62,38.46,48.65
2565,166,บ้านปางอุ๋ง,แม่แจ่ม,กลาง,นอกเมือง,สำนักงานคณะกรรมการการศึกษาขั้นพื้นฐาน,สพป.เชียงใหม่ เขต 6,17,9.49,18.94,23.53,30.28,24.59,14.23,29.41,34.55,13.41,14.23,13.00,20.13,29.41,45.56
2565,167,บ้านแม่ซา,แม่แจ่ม,เล็ก,นอกเมือง,สำนักงานคณะกรรมการการศึกษาขั้นพื้นฐาน,สพป.เชียงใหม่ เขต 6,15,23.01,21.14,26.67,30.91,21.53,15.31,23.33,24.94,18.07,13.01,14.73,20.83,40.00,48.99
2565,168,บ้านแม่นาจร,แม่แจ่ม,กลาง,นอกเมือง,สำนักงานคณะกรรมการการศึกษาขั้นพื้นฐาน,สพป.เชียงใหม่ เขต 6,29,15.85,15.31,24.14,28.23,24.24,14.88,44.83,40.14,17.03,14.41,9.14,17.90,27.59,44.69
2565,169,บ้านแม่ศึก (มูลนิธิธรรมมาภิรักษ์อุปถัมภ์ที่ 2),แม่แจ่ม,เล็ก,นอกเมือง,สำนักงานคณะกรรมการการศึกษาขั้นพื้นฐาน,สพป.เชียงใหม่ เขต 6,11,19.50,19.70,27.27,32.78,20.73,15.06,9.09,19.28,24.18,11.71,4.02,12.70,36.36,48.10
2565,170,บ้านแม่หงานหลวง,แม่แจ่ม,เล็ก,นอกเมือง,สำนักงานคณะกรรมการการศึกษาขั้นพื้นฐาน,สพป.เชียงใหม่ เขต 6,11,19.50,14.74,27.27,32.78,25.91,16.75,22.73,24.90,14.27,14.48,16.07,21.26,0.00,0.00
2565,171,บ้านแม่เอาะ,แม่แจ่ม,เล็ก,นอกเมือง,สำนักงานคณะกรรมการการศึกษาขั้นพื้นฐาน,สพป.เชียงใหม่ เขต 6,10,21.45,23.93,15.00,22.91,36.10,15.78,55.00,35.00,19.00,14.72,4.42,13.26,10.00,30.00
2565,172,บ้านแม่แฮเหนือ,แม่แจ่ม,กลาง,นอกเมือง,สำนักงานคณะกรรมการการศึกษาขั้นพื้นฐาน,สพป.เชียงใหม่ เขต 6,10,22.26,32.68,25.00,25.00,30.40,17.41,45.00,35.00,13.30,12.17,8.84,17.67,40.00,48.99
2565,173,บ้านโม่งหลวง,แม่แจ่ม,เล็ก,นอกเมือง,สำนักงานคณะกรรมการการศึกษาขั้นพื้นฐาน,สพป.เชียงใหม่ เขต 6,22,15.32,15.32,22.73,29.11,27.00,13.85,29.55,28.84,16.41,14.37,20.08,22.00,40.91,49.17
2565,174,แม่แจ่ม,แม่แจ่ม,ใหญ่,นอกเมือง,สำนักงานคณะกรรมการการศึกษาขั้นพื้นฐาน,สำนักงานเขตพื้นที่การศึกษามัธยมศึกษาเชียงใหม่,199,17.26,19.29,29.65,32.10,28.62,18.97,30.40,31.98,16.67,16.64,18.38,22.56,24.62,43.08
2565,175,แม่แจ่มปริยัติศึกษา,แม่แจ่ม,เล็ก,นอกเมือง,สำนักงานพระพุทธศาสนาแห่งชาติ,กลุ่มโรงเรียนพระปริยัติธรรมฯ กลุ่ม  5,23,14.66,17.78,23.91,29.00,28.91,18.47,32.61,34.92,14.04,16.06,17.29,21.56,17.39,37.90
2565,176,ราชประชานุเคราะห์ 31,แม่แจ่ม,กลาง,นอกเมือง,สำนักบริหารงานการศึกษาพิเศษ,-,117,16.38,20.69,29.91,34.63,22.74,16.33,38.46,32.94,16.24,14.54,15.11,20.96,30.77,46.15
2565,177,สาธิตชุมชนการเรียนรู้สมเด็จย่า วิทยาลัยโพธิวิชชาลัย มหาวิทยาลัยศรีนครินทรวิโรฒ แม่แจ่ม,แม่แจ่ม,เล็ก,นอกเมือง,สำนักงานปลัดกระทรวงการอุดมศึกษาฯ,-,20,23.39,24.20,17.50,23.85,21.85,13.80,35.00,32.02,16.15,15.05,11.05,19.13,15.00,35.71
2565,178,อินทนนท์วิทยา,แม่แจ่ม,เล็ก,นอกเมือง,สำนักงานคณะกรรมการการศึกษาขั้นพื้นฐาน,สพป.เชียงใหม่ เขต 6,4,7.66,13.27,50.00,35.36,23.75,20.70,25.00,25.00,19.00,19.00,33.14,19.13,25.00,43.30
2565,179,ชุมชนวัดช่อแล,แม่แตง,เล็ก,นอกเมือง,สำนักงานคณะกรรมการการศึกษาขั้นพื้นฐาน,สพป.เชียงใหม่ เขต 2,15,20.97,22.52,26.67,35.90,28.20,22.55,20.00,30.55,19.33,16.36,14.73,20.83,26.67,44.22
2565,180,เชียงใหม่มัธยม,แม่แตง,ใหญ่,นอกเมือง,สำนักงานคณะกรรมการส่งเสริมการศึกษาเอกชน,-,4,22.98,25.41,25.00,25.00,23.75,15.75,50.00,35.36,9.50,9.50,11.05,19.13,0.00,0.00
2565,181,บ้านปง,แม่แตง,เล็ก,นอกเมือง,สำนักงานคณะกรรมการการศึกษาขั้นพื้นฐาน,สพป.เชียงใหม่ เขต 2,8,27.82,20.35,37.50,33.07,33.25,12.57,25.00,35.36,4.75,8.23,16.57,21.39,12.50,33.07
2565,182,บ้านปางไม้แดง,แม่แตง,เล็ก,นอกเมือง,สำนักงานคณะกรรมการการศึกษาขั้นพื้นฐาน,สพป.เชียงใหม่ เขต 2,11,16.72,15.26,31.82,24.05,17.27,12.69,27.27,24.90,21.18,15.64,24.10,22.00,9.09,28.75
2565,183,บ้านปางห้วยตาด,แม่แตง,เล็ก,นอกเมือง,สำนักงานคณะกรรมการการศึกษาขั้นพื้นฐาน,สพป.เชียงใหม่ เขต 2,6,15.32,15.32,33.33,23.57,25.33,17.91,16.67,23.57,12.67,8.96,7.36,16.47,16.67,37.27
2565,184,บ้านเป้าวิทยาคาร,แม่แตง,เล็ก,นอกเมือง,สำนักงานคณะกรรมการการศึกษาขั้นพื้นฐาน,สพป.เชียงใหม่ เขต 2,1,30.65,0.00,0.00,0.00,19.00,0.00,0.00,0.00,19.00,0.00,0.00,0.00,0.00,0.00
2565,185,บ้านเมืองกื้ด,แม่แตง,เล็ก,นอกเมือง,สำนักงานคณะกรรมการการศึกษาขั้นพื้นฐาน,สพป.เชียงใหม่ เขต 2,22,17.08,20.95,22.73,29.11,25.05,13.30,31.82,32.14,13.41,13.58,18.08,21.72,18.18,38.57
2565,186,บ้านแม่ไคร้,แม่แตง,เล็ก,นอกเมือง,สำนักงานคณะกรรมการการศึกษาขั้นพื้นฐาน,สพป.เชียงใหม่ เขต 2,8,22.98,13.27,12.50,21.65,21.38,11.39,25.00,35.36,9.50,9.50,11.05,19.13,25.00,43.30
2565,187,บ้านแม่ตะมาน,แม่แตง,เล็ก,นอกเมือง,สำนักงานคณะกรรมการการศึกษาขั้นพื้นฐาน,สพป.เชียงใหม่ เขต 2,14,13.13,19.08,42.86,31.94,22.07,14.57,53.57,29.67,14.93,16.34,12.62,19.96,35.71,47.92
2565,188,ป่าจี้วังแดงวิทยา,แม่แตง,เล็ก,นอกเมือง,สำนักงานคณะกรรมการการศึกษาขั้นพื้นฐาน,สพป.เชียงใหม่ เขต 2,13,18.86,19.15,11.54,21.07,26.31,14.02,19.23,31.25,10.23,12.05,16.99,21.50,30.77,46.15
2565,189,ป่าแป๋วิทยา,แม่แตง,เล็ก,นอกเมือง,สำนักงานคณะกรรมการการศึกษาขั้นพื้นฐาน,สพป.เชียงใหม่ เขต 2,18,16.22,23.07,16.67,28.87,23.22,18.52,22.22,29.92,12.67,12.67,14.73,20.83,22.22,41.57
2565,190,พระปริยัติธรรมแม่แตงวิทยา,แม่แตง,เล็ก,นอกเมือง,สำนักงานพระพุทธศาสนาแห่งชาติ,กลุ่มโรงเรียนพระปริยัติธรรมฯ กลุ่ม  5,11,16.72,15.26,22.73,24.90,25.91,20.29,31.82,32.14,17.27,15.06,12.05,19.68,36.36,48.10
2565,191,แม่แตง,แม่แตง,กลาง,นอกเมือง,สำนักงานคณะกรรมการการศึกษาขั้นพื้นฐาน,สำนักงานเขตพื้นที่การศึกษามัธยมศึกษาเชียงใหม่,110,14.84,18.09,28.64,31.23,26.95,17.26,29.09,31.90,14.30,15.16,18.18,22.88,26.36,44.06
2565,192,แม่หอพระวิทยาคม,แม่แตง,เล็ก,นอกเมือง,สำนักงานคณะกรรมการการศึกษาขั้นพื้นฐาน,สำนักงานเขตพื้นที่การศึกษามัธยมศึกษาเชียงใหม่,30,16.88,20.28,30.00,33.17,25.33,17.91,33.33,32.49,11.40,14.39,16.59,25.37,30.00,45.83
2565,193,ร่ำเปิงวิทยา,แม่แตง,กลาง,นอกเมือง,สำนักงานคณะกรรมการการศึกษาขั้นพื้นฐาน,สพป.เชียงใหม่ เขต 2,9,24.73,21.08,38.89,20.79,42.22,19.58,44.44,28.33,14.78,14.93,14.73,20.83,22.22,41.57
2565,194,วัดท่าข้าม,แม่แตง,เล็ก,นอกเมือง,สำนักงานคณะกรรมการการศึกษาขั้นพื้นฐาน,สพป.เชียงใหม่ เขต 2,10,9.19,14.04,35.00,39.05,19.00,12.02,35.00,22.91,19.00,12.02,17.67,21.65,50.00,50.00
2565,195,วัดบ้านเหล่า,แม่แตง,เล็ก,นอกเมือง,สำนักงานคณะกรรมการการศึกษาขั้นพื้นฐาน,สพป.เชียงใหม่ เขต 2,11,14.66,21.87,18.18,24.05,24.18,16.39,22.73,32.78,24.18,16.39,8.03,17.04,0.00,0.00
2565,196,วัดปางมะกล้วย,แม่แตง,เล็ก,นอกเมือง,สำนักงานคณะกรรมการการศึกษาขั้นพื้นฐาน,สพป.เชียงใหม่ เขต 2,5,6.13,12.26,40.00,20.00,41.80,22.16,0.00,0.00,23.80,20.47,26.51,21.65,80.00,40.00
2565,197,สบเปิงวิทยา,แม่แตง,กลาง,นอกเมือง,สำนักงานคณะกรรมการการศึกษาขั้นพื้นฐาน,สพป.เชียงใหม่ เขต 2,25,17.81,18.67,34.00,30.72,28.12,19.47,34.00,27.28,8.36,9.43,17.67,21.65,4.00,19.60
2565,198,สันป่ายางวิทยาคม,แม่แตง,เล็ก,นอกเมือง,สำนักงานคณะกรรมการการศึกษาขั้นพื้นฐาน,สำนักงานเขตพื้นที่การศึกษามัธยมศึกษาเชียงใหม่,23,15.99,17.78,26.09,32.54,26.43,15.59,36.96,36.76,19.00,11.21,17.29,21.56,13.04,33.68
2565,199,สันมหาพนวิทยา,แม่แตง,เล็ก,นอกเมือง,สำนักงานคณะกรรมการการศึกษาขั้นพื้นฐาน,สพป.เชียงใหม่ เขต 2,21,20.43,21.84,23.81,29.35,23.52,17.50,33.33,35.63,20.81,14.25,14.73,20.83,9.52,29.35
2565,200,อนุบาลสานสายใยรักเทศบาลเมืองเมืองแกนพัฒนา,แม่แตง,กลาง,นอกเมือง,กรมส่งเสริมการปกครองท้องถิ่น,ท้องถิ่นจังหวัดเชียงใหม่,12,21.10,20.62,33.33,37.27,25.33,19.52,37.50,21.65,14.25,8.23,14.73,20.83,25.00,43.30
2565,201,เจ้าพ่อหลวงอุปถัมภ์ 7,แม่ริม,เล็ก,นอกเมือง,สำนักงานคณะกรรมการการศึกษาขั้นพื้นฐาน,สพป.เชียงใหม่ เขต 2,3,30.65,0.00,33.33,23.57,44.33,8.96,16.67,23.57,0.00,0.00,14.73,20.83,33.33,47.14
2565,202,นวมินทราชูทิศ พายัพ,แม่ริม,ใหญ่,นอกเมือง,สำนักงานคณะกรรมการการศึกษาขั้นพื้นฐาน,สำนักงานเขตพื้นที่การศึกษามัธยมศึกษาเชียงใหม่,87,26.12,24.40,31.61,31.36,34.30,21.81,33.33,34.46,14.91,14.98,18.20,28.44,22.99,42.08
2565,203,บ้านทุ่งโป่ง,แม่ริม,กลาง,นอกเมือง,สำนักงานคณะกรรมการการศึกษาขั้นพื้นฐาน,สพป.เชียงใหม่ เขต 2,3,23.12,32.69,16.67,23.57,19.00,0.00,50.00,40.82,31.67,8.96,14.73,20.83,0.00,0.00
2565,204,บ้านแม่สา,แม่ริม,กลาง,นอกเมือง,สำนักงานคณะกรรมการการศึกษาขั้นพื้นฐาน,สพป.เชียงใหม่ เขต 2,6,30.65,17.69,16.67,23.57,34.83,17.05,33.33,37.27,15.83,13.06,36.82,16.47,16.67,37.27
2565,205,บ้านศาลา,แม่ริม,กลาง,นอกเมือง,กรมส่งเสริมการปกครองท้องถิ่น,ท้องถิ่นจังหวัดเชียงใหม่,5,24.52,12.26,20.00,40.00,19.00,12.02,50.00,31.62,15.20,14.22,17.67,21.65,20.00,40.00
2565,206,บ้านสะลวงนอก,แม่ริม,เล็ก,นอกเมือง,สำนักงานคณะกรรมการการศึกษาขั้นพื้นฐาน,สพป.เชียงใหม่ เขต 2,8,11.49,14.84,18.75,24.21,16.63,11.39,50.00,35.36,9.50,13.44,27.62,21.39,12.50,33.07
2565,207,บ้านสันคะยอม,แม่ริม,เล็ก,นอกเมือง,สำนักงานคณะกรรมการการศึกษาขั้นพื้นฐาน,สพป.เชียงใหม่ เขต 2,8,19.15,21.33,43.75,39.03,40.38,14.83,18.75,24.21,9.50,9.50,11.05,19.13,25.00,43.30
2565,208,บ้านหนองปลามัน,แม่ริม,เล็ก,นอกเมือง,สำนักงานคณะกรรมการการศึกษาขั้นพื้นฐาน,สพป.เชียงใหม่ เขต 2,15,14.30,18.95,33.33,34.96,17.73,16.22,43.33,35.90,16.47,13.64,11.78,19.54,20.00,40.00
2565,209,แม่ริมวิทยาคม,แม่ริม,ใหญ่,นอกเมือง,สำนักงานคณะกรรมการการศึกษาขั้นพื้นฐาน,สำนักงานเขตพื้นที่การศึกษามัธยมศึกษาเชียงใหม่,324,18.97,21.83,27.62,31.44,28.03,18.28,33.80,34.80,14.45,14.54,18.65,22.64,20.06,40.05
2565,210,ศึกษาสงเคราะห์เชียงใหม่,แม่ริม,กลาง,นอกเมือง,สำนักบริหารงานการศึกษาพิเศษ,-,94,13.04,15.15,28.19,29.68,23.24,15.47,35.64,32.31,17.03,14.54,19.27,21.91,21.28,40.93
2565,211,บ้านกาดวิทยาคม,แม่วาง,กลาง,นอกเมือง,สำนักงานคณะกรรมการการศึกษาขั้นพื้นฐาน,สำนักงานเขตพื้นที่การศึกษามัธยมศึกษาเชียงใหม่,121,18.06,19.51,32.23,30.73,25.52,16.70,35.54,34.88,12.84,14.19,16.99,21.74,24.79,43.18
2565,212,บ้านห้วยตอง,แม่วาง,กลาง,นอกเมือง,สำนักงานคณะกรรมการการศึกษาขั้นพื้นฐาน,สพป.เชียงใหม่ เขต 4,16,17.24,18.67,21.88,30.46,19.00,13.44,34.38,29.15,12.19,15.42,16.57,21.39,6.25,24.21
2565,213,แม่วินสามัคคี,แม่วาง,กลาง,นอกเมือง,สำนักงานคณะกรรมการการศึกษาขั้นพื้นฐาน,สพป.เชียงใหม่ เขต 4,48,15.96,17.68,28.13,35.22,21.77,16.45,17.71,27.93,18.21,15.49,10.13,18.57,22.92,42.03
2565,214,วัดมะกับตองหลวง,แม่วาง,เล็ก,นอกเมือง,สำนักงานคณะกรรมการการศึกษาขั้นพื้นฐาน,สพป.เชียงใหม่ เขต 4,8,19.15,14.84,43.75,39.03,26.13,21.11,31.25,34.80,17.88,17.91,11.05,19.13,12.50,33.07
2565,215,วัดห้วยแก้ว,แม่วาง,เล็ก,นอกเมือง,สำนักงานคณะกรรมการการศึกษาขั้นพื้นฐาน,สพป.เชียงใหม่ เขต 4,6,20.43,22.84,16.67,23.57,28.50,14.51,33.33,37.27,19.00,0.00,14.73,20.83,33.33,47.14
2565,216,สัพพัญญูวิทยา,แม่วาง,เล็ก,นอกเมือง,สำนักงานพระพุทธศาสนาแห่งชาติ,กลุ่มโรงเรียนพระปริยัติธรรมฯ กลุ่ม  5,7,26.27,10.72,42.86,31.94,21.71,12.14,57.14,31.94,21.71,21.37,12.62,19.96,14.29,34.99
2565,217,ทาเหนือวิทยา,แม่ออน,เล็ก,นอกเมือง,สำนักงานคณะกรรมการการศึกษาขั้นพื้นฐาน,สพป.เชียงใหม่ เขต 1,20,10.73,17.54,22.50,33.45,22.80,18.62,35.00,32.02,16.15,10.87,15.47,21.08,15.00,35.71
2565,218,แม่ออนวิทยาลัย,แม่ออน,กลาง,นอกเมือง,สำนักงานคณะกรรมการการศึกษาขั้นพื้นฐาน,สำนักงานเขตพื้นที่การศึกษามัธยมศึกษาเชียงใหม่,42,16.78,19.15,29.76,30.98,27.14,17.66,33.33,32.12,17.43,12.57,15.78,21.17,21.43,41.03
2565,219,วัดห้วยแก้ว,แม่ออน,เล็ก,นอกเมือง,สำนักงานคณะกรรมการการศึกษาขั้นพื้นฐาน,สพป.เชียงใหม่ เขต 1,10,12.26,20.33,35.00,39.05,34.20,18.62,15.00,22.91,15.20,14.22,23.26,32.32,30.00,45.83
2565,220,วัดห้วยทราย,แม่ออน,เล็ก,นอกเมือง,สำนักงานคณะกรรมการการศึกษาขั้นพื้นฐาน,สพป.เชียงใหม่ เขต 1,9,6.81,12.74,33.33,33.33,21.11,5.97,44.44,28.33,16.89,16.62,19.64,21.96,22.22,41.57
2565,221,เจ้าพ่อหลวงอุปถัมภ์ 9,แม่อาย,กลาง,นอกเมือง,สำนักงานคณะกรรมการการศึกษาขั้นพื้นฐาน,สพป.เชียงใหม่ เขต 3,23,17.67,18.60,28.26,32.39,25.61,18.25,28.26,32.39,17.35,12.42,19.21,21.90,21.74,41.25
2565,222,ชุมชนบ้านคาย,แม่อาย,กลาง,นอกเมือง,สำนักงานคณะกรรมการการศึกษาขั้นพื้นฐาน,สพป.เชียงใหม่ เขต 3,8,26.81,18.37,12.50,21.65,33.25,15.75,25.00,35.36,14.25,12.57,27.62,21.39,25.00,43.30
2565,223,ชุมชนบ้านแม่ฮ่าง,แม่อาย,กลาง,นอกเมือง,สำนักงานคณะกรรมการการศึกษาขั้นพื้นฐาน,สพป.เชียงใหม่ เขต 3,39,26.80,28.25,28.21,33.58,32.64,21.49,32.05,30.98,12.18,15.20,13.60,20.39,30.77,46.15
2565,224,โชติคุณเกษมบ้านเมืองงาม,แม่อาย,กลาง,นอกเมือง,สำนักงานคณะกรรมการการศึกษาขั้นพื้นฐาน,สพป.เชียงใหม่ เขต 3,36,12.77,15.11,30.56,35.90,26.00,21.17,34.72,35.00,17.94,16.72,13.50,20.35,30.56,46.06
2565,225,ไทยรัฐวิทยา 12 (บ้านเอก),แม่อาย,กลาง,นอกเมือง,สำนักงานคณะกรรมการการศึกษาขั้นพื้นฐาน,สพป.เชียงใหม่ เขต 3,20,19.19,22.10,30.00,36.74,22.80,14.22,32.50,36.31,19.25,17.58,22.09,22.09,15.00,35.71
2565,226,บ้านท่ามะแกง,แม่อาย,เล็ก,นอกเมือง,สำนักงานคณะกรรมการการศึกษาขั้นพื้นฐาน,สพป.เชียงใหม่ เขต 3,15,18.39,18.72,23.33,30.91,29.47,23.58,30.00,35.59,10.13,13.64,20.62,22.04,20.00,40.00
2565,227,บ้านป่าก๊อ,แม่อาย,กลาง,นอกเมือง,สำนักงานคณะกรรมการการศึกษาขั้นพื้นฐาน,สพป.เชียงใหม่ เขต 3,15,16.34,18.95,23.33,30.91,25.33,17.91,20.00,35.59,13.93,17.64,20.62,22.04,13.33,33.99
2565,228,บ้านปางต้นเดื่อ,แม่อาย,กลาง,นอกเมือง,สำนักงานคณะกรรมการการศึกษาขั้นพื้นฐาน,สพป.เชียงใหม่ เขต 3,30,16.34,18.95,35.00,34.52,24.70,20.90,23.33,33.50,14.57,12.68,16.20,21.29,20.00,40.00
2565,229,บ้านป่าแดง,แม่อาย,กลาง,นอกเมือง,สำนักงานคณะกรรมการการศึกษาขั้นพื้นฐาน,สพป.เชียงใหม่ เขต 3,19,11.29,14.78,15.79,23.24,21.00,14.97,26.32,29.77,15.00,11.66,20.93,22.06,21.05,40.77
2565,230,บ้านสันต้นหมื้อ,แม่อาย,กลาง,นอกเมือง,สำนักงานคณะกรรมการการศึกษาขั้นพื้นฐาน,สพป.เชียงใหม่ เขต 3,41,15.15,16.98,29.27,29.17,24.56,20.66,23.17,33.31,14.61,12.75,21.55,22.09,14.63,35.34
2565,231,บ้านสุขฤทัย,แม่อาย,กลาง,นอกเมือง,สำนักงานคณะกรรมการการศึกษาขั้นพื้นฐาน,สพป.เชียงใหม่ เขต 3,32,12.70,17.22,28.13,32.92,26.13,15.57,32.81,29.61,15.00,15.63,13.81,20.48,37.50,48.41
2565,232,บ้านห้วยคอกหมู,แม่อาย,เล็ก,นอกเมือง,สำนักงานคณะกรรมการการศึกษาขั้นพื้นฐาน,สพป.เชียงใหม่ เขต 3,10,6.13,12.26,35.00,32.02,19.00,19.00,20.00,24.49,17.10,17.92,4.42,13.26,30.00,45.83
2565,233,พระปริยัติธรรมวัดท่าตอน,แม่อาย,เล็ก,นอกเมือง,สำนักงานพระพุทธศาสนาแห่งชาติ,กลุ่มโรงเรียนพระปริยัติธรรมฯ กลุ่ม  5,25,12.26,15.01,32.00,34.29,21.28,13.51,36.00,36.11,12.16,13.03,22.98,22.08,28.00,44.90
2565,234,เพียงหลวง 1 (บ้านท่าตอน),แม่อาย,กลาง,นอกเมือง,สำนักงานคณะกรรมการการศึกษาขั้นพื้นฐาน,สพป.เชียงใหม่ เขต 3,27,18.46,21.53,29.63,34.05,30.96,13.83,31.48,33.74,10.56,13.01,18.43,22.33,29.63,45.66
2565,235,แม่อายวิทยาคม,แม่อาย,ใหญ่,นอกเมือง,กรมส่งเสริมการปกครองท้องถิ่น,ท้องถิ่นจังหวัดเชียงใหม่,39,12.78,18.58,29.49,33.43,21.44,15.02,33.33,30.66,14.13,15.34,16.99,21.50,25.64,43.67
2565,236,ราชประชานุเคราะห์ 30,แม่อาย,กลาง,นอกเมือง,สำนักบริหารงานการศึกษาพิเศษ,-,34,16.22,18.56,22.06,30.17,23.62,16.80,30.88,34.33,10.62,13.19,15.94,24.79,26.47,44.12
2565,237,บ้านนามน,เวียงแหง,เล็ก,นอกเมือง,สำนักงานคณะกรรมการการศึกษาขั้นพื้นฐาน,สพป.เชียงใหม่ เขต 3,17,20.30,18.41,26.47,34.80,22.35,17.53,29.41,34.55,16.76,18.30,18.19,21.75,35.29,47.79
2565,238,บ้านปางป๋อ,เวียงแหง,เล็ก,นอกเมือง,สำนักงานคณะกรรมการการศึกษาขั้นพื้นฐาน,สพป.เชียงใหม่ เขต 3,19,16.13,18.25,15.79,28.34,19.00,17.44,44.74,35.89,18.00,14.42,18.60,21.82,36.84,48.24
2565,239,บ้านเปียงหลวง,เวียงแหง,กลาง,นอกเมือง,สำนักงานคณะกรรมการการศึกษาขั้นพื้นฐาน,สพป.เชียงใหม่ เขต 3,97,19.12,17.73,29.90,32.63,22.13,15.83,36.60,35.55,12.89,14.27,19.25,23.19,23.71,42.53
2565,240,เวียงแหงปริยัติศึกษา,เวียงแหง,เล็ก,นอกเมือง,สำนักงานพระพุทธศาสนาแห่งชาติ,กลุ่มโรงเรียนพระปริยัติธรรมฯ กลุ่ม  5,16,19.15,18.37,31.25,29.97,24.94,18.66,46.88,32.92,11.00,12.35,11.05,19.13,25.00,43.30
2565,241,เวียงแหงวิทยาคม,เวียงแหง,ใหญ่,นอกเมือง,สำนักงานคณะกรรมการการศึกษาขั้นพื้นฐาน,สำนักงานเขตพื้นที่การศึกษามัธยมศึกษาเชียงใหม่,112,18.68,21.58,31.25,30.71,32.23,18.97,35.27,32.49,16.50,15.97,18.75,23.08,19.64,39.73
2565,242,บ้านบ่อแก้ว,สะเมิง,กลาง,นอกเมือง,สำนักงานคณะกรรมการการศึกษาขั้นพื้นฐาน,สพป.เชียงใหม่ เขต 2,25,16.26,18.47,32.00,31.24,28.12,17.92,40.00,40.00,15.40,14.31,19.44,21.93,28.00,44.90
2565,243,บ้านปางขุม,สะเมิง,เล็ก,นอกเมือง,สำนักงานคณะกรรมการการศึกษาขั้นพื้นฐาน,สพป.เชียงใหม่ เขต 2,4,22.98,13.27,37.50,41.46,38.00,13.44,25.00,25.00,14.25,8.23,33.14,19.13,25.00,43.30
2565,244,บ้านป่าลาน,สะเมิง,เล็ก,นอกเมือง,สำนักงานคณะกรรมการการศึกษาขั้นพื้นฐาน,สพป.เชียงใหม่ เขต 2,11,25.07,11.82,40.91,28.75,22.45,19.54,36.36,30.83,17.27,15.06,33.19,29.53,18.18,38.57
2565,245,บ้านแม่ขะปู,สะเมิง,เล็ก,นอกเมือง,สำนักงานคณะกรรมการการศึกษาขั้นพื้นฐาน,สพป.เชียงใหม่ เขต 2,13,25.43,23.06,38.46,39.97,26.31,20.46,26.92,31.72,20.46,15.74,6.80,15.94,15.38,36.08
2565,246,บ้านแม่โต๋,สะเมิง,เล็ก,นอกเมือง,สำนักงานคณะกรรมการการศึกษาขั้นพื้นฐาน,สพป.เชียงใหม่ เขต 2,15,10.22,14.45,16.67,23.57,26.60,20.58,23.33,24.94,15.20,17.28,14.73,20.83,33.33,47.14
2565,247,บ้านแม่ยางห้า,สะเมิง,เล็ก,นอกเมือง,สำนักงานคณะกรรมการการศึกษาขั้นพื้นฐาน,สพป.เชียงใหม่ เขต 2,17,20.87,24.36,17.65,34.05,27.12,16.29,32.35,34.05,12.29,15.88,21.48,28.57,29.41,45.56
2565,248,บ้านแม่ลานคำ,สะเมิง,เล็ก,นอกเมือง,สำนักงานคณะกรรมการการศึกษาขั้นพื้นฐาน,สพป.เชียงใหม่ เขต 2,9,13.62,15.23,16.67,23.57,19.00,21.94,44.44,36.85,21.11,22.74,19.64,21.96,33.33,47.14
2565,249,บ้านแม่แว,สะเมิง,เล็ก,นอกเมือง,สำนักงานคณะกรรมการการศึกษาขั้นพื้นฐาน,สพป.เชียงใหม่ เขต 2,5,6.13,12.26,40.00,20.00,34.20,18.62,20.00,24.49,11.40,9.31,17.67,21.65,20.00,40.00
2565,250,วัดงิ้วเฒ่า,สะเมิง,เล็ก,นอกเมือง,สำนักงานคณะกรรมการการศึกษาขั้นพื้นฐาน,สพป.เชียงใหม่ เขต 2,4,45.97,15.32,62.50,21.65,28.50,21.24,37.50,21.65,9.50,9.50,0.00,0.00,0.00,0.00
2565,251,วัดยั้งเมิน,สะเมิง,เล็ก,นอกเมือง,สำนักงานคณะกรรมการการศึกษาขั้นพื้นฐาน,สพป.เชียงใหม่ เขต 2,9,20.43,14.45,11.11,20.79,21.11,18.88,27.78,24.85,10.56,13.01,9.82,18.37,55.56,49.69
2565,252,วัดสะเมิงวิทยา,สะเมิง,เล็ก,นอกเมือง,สำนักงานพระพุทธศาสนาแห่งชาติ,กลุ่มโรงเรียนพระปริยัติธรรมฯ กลุ่ม  5,13,18.86,14.91,23.08,24.93,17.54,13.87,19.23,24.33,20.46,17.42,23.79,22.03,7.69,26.65
2565,253,สะเมิงพิทยาคม,สะเมิง,กลาง,นอกเมือง,สำนักงานคณะกรรมการการศึกษาขั้นพื้นฐาน,สำนักงานเขตพื้นที่การศึกษามัธยมศึกษาเชียงใหม่,68,22.89,24.93,33.09,32.78,27.94,18.85,36.76,35.99,17.88,16.58,15.77,23.03,25.00,43.30
2565,254,บ้านบวกค้าง,สันกำแพง,เล็ก,นอกเมือง,สำนักงานคณะกรรมการการศึกษาขั้นพื้นฐาน,สพป.เชียงใหม่ เขต 1,6,15.32,15.32,8.33,18.63,31.67,17.91,58.33,18.63,3.17,7.08,22.09,22.09,50.00,50.00
2565,255,บ้านแม่ปูคา,สันกำแพง,เล็ก,นอกเมือง,สำนักงานคณะกรรมการการศึกษาขั้นพื้นฐาน,สพป.เชียงใหม่ เขต 1,12,17.88,15.11,41.67,27.64,19.00,21.94,37.50,29.76,14.25,13.71,30.43,29.73,16.67,37.27
2565,256,บ้านหนองโค้ง,สันกำแพง,กลาง,นอกเมือง,สำนักงานคณะกรรมการการศึกษาขั้นพื้นฐาน,สพป.เชียงใหม่ เขต 1,61,22.13,21.71,32.79,32.50,31.15,15.40,26.23,34.60,17.30,17.99,18.83,21.85,32.79,46.94
2565,257,วัดล้านตอง,สันกำแพง,เล็ก,นอกเมือง,สำนักงานคณะกรรมการการศึกษาขั้นพื้นฐาน,สพป.เชียงใหม่ เขต 1,5,12.26,15.01,70.00,40.00,35.20,26.89,20.00,24.49,11.40,9.31,8.84,17.67,20.00,40.00
2565,258,สันกำแพง,สันกำแพง,ใหญ่พิเศษ,นอกเมือง,สำนักงานคณะกรรมการการศึกษาขั้นพื้นฐาน,สำนักงานเขตพื้นที่การศึกษามัธยมศึกษาเชียงใหม่,488,19.93,20.62,29.92,33.52,30.33,18.77,33.30,35.25,15.65,16.02,19.59,23.76,19.67,39.75
2565,259,สันกำแพงคันธาอนุสรณ์,สันกำแพง,เล็ก,นอกเมือง,สำนักงานคณะกรรมการการศึกษาขั้นพื้นฐาน,สพป.เชียงใหม่ เขต 1,10,15.32,15.32,15.00,22.91,24.70,14.84,45.00,41.53,9.50,9.50,13.26,20.25,30.00,45.83
2565,260,ชลประทานเขื่อนแม่กวงจิราธิวัฒน์อุปถัมภ์,สันทราย,กลาง,นอกเมือง,สำนักงานคณะกรรมการการศึกษาขั้นพื้นฐาน,สพป.เชียงใหม่ เขต 2,30,16.34,17.21,33.33,34.96,24.07,11.95,28.33,33.37,20.27,16.95,17.67,21.65,20.00,40.00
2565,261,บ้านเจดีย์แม่ครัว,สันทราย,กลาง,นอกเมือง,สำนักงานคณะกรรมการการศึกษาขั้นพื้นฐาน,สพป.เชียงใหม่ เขต 2,36,15.59,23.27,25.00,25.00,23.89,16.68,30.56,33.91,12.14,12.79,12.27,19.79,22.22,41.57
2565,262,บ้านบวกเปา,สันทราย,เล็ก,นอกเมือง,สำนักงานคณะกรรมการการศึกษาขั้นพื้นฐาน,สพป.เชียงใหม่ เขต 2,20,22.26,25.36,27.50,24.87,30.40,19.38,50.00,31.62,22.80,12.89,13.26,20.25,15.00,35.71
2565,263,บ้านร่มหลวง,สันทราย,เล็ก,นอกเมือง,สำนักงานคณะกรรมการการศึกษาขั้นพื้นฐาน,สพป.เชียงใหม่ เขต 2,10,27.58,16.50,40.00,37.42,30.40,12.60,40.00,30.00,13.30,12.17,22.09,22.09,10.00,30.00
2565,264,บ้านศรีบุญเรือง,สันทราย,กลาง,นอกเมือง,สำนักงานคณะกรรมการการศึกษาขั้นพื้นฐาน,สพป.เชียงใหม่ เขต 2,5,24.52,22.93,20.00,40.00,34.20,18.62,10.00,20.00,15.20,14.22,26.51,21.65,60.00,48.99
2565,265,บ้านหนองไคร้,สันทราย,กลาง,นอกเมือง,สำนักงานคณะกรรมการการศึกษาขั้นพื้นฐาน,สพป.เชียงใหม่ เขต 2,53,21.12,23.46,38.68,33.14,32.98,15.72,31.13,37.90,13.55,14.97,16.67,21.42,24.53,43.03
2565,266,บ้านหลักปัน,สันทราย,กลาง,นอกเมือง,สำนักงานคณะกรรมการการศึกษาขั้นพื้นฐาน,สพป.เชียงใหม่ เขต 2,8,22.98,25.41,18.75,24.21,28.50,13.44,31.25,42.85,16.63,11.39,22.09,22.09,37.50,48.41
2565,267,พงษ์พิกุลเชียงใหม่,สันทราย,กลาง,นอกเมือง,สำนักงานคณะกรรมการส่งเสริมการศึกษาเอกชน,-,23,15.99,17.78,26.09,29.00,23.96,18.77,39.13,35.98,20.87,16.98,28.82,21.04,26.09,43.91
2565,268,วัดแม่แก้ดน้อย,สันทราย,ใหญ่,นอกเมือง,สำนักงานคณะกรรมการการศึกษาขั้นพื้นฐาน,สพป.เชียงใหม่ เขต 2,41,19.43,18.85,29.27,33.08,24.56,16.38,36.59,38.29,19.71,15.59,14.01,20.56,29.27,45.50
2565,269,วัดวิเวกวนาราม,สันทราย,เล็ก,นอกเมือง,สำนักงานพระพุทธศาสนาแห่งชาติ,กลุ่มโรงเรียนพระปริยัติธรรมฯ กลุ่ม  5,20,13.79,18.07,30.00,40.00,21.85,12.42,35.00,32.02,20.45,16.75,13.26,20.25,20.00,40.00
2565,270,สันทรายวิทยาคม,สันทราย,ใหญ่,นอกเมือง,สำนักงานคณะกรรมการการศึกษาขั้นพื้นฐาน,สำนักงานเขตพื้นที่การศึกษามัธยมศึกษาเชียงใหม่,279,19.70,19.99,32.80,32.92,28.85,19.83,36.92,34.90,16.32,16.17,19.42,24.34,23.66,42.50
2565,271,สันทรายหลวง,สันทราย,กลาง,นอกเมือง,สำนักงานคณะกรรมการการศึกษาขั้นพื้นฐาน,สพป.เชียงใหม่ เขต 2,73,19.47,26.51,35.62,33.60,29.74,19.16,41.10,35.44,16.34,15.05,21.19,22.07,16.44,37.06
2565,272,ทุ่งฟ้าบดราษฎร์บำรุง,สันป่าตอง,กลาง,นอกเมือง,กรมส่งเสริมการปกครองท้องถิ่น,ท้องถิ่นจังหวัดเชียงใหม่,57,16.27,20.32,26.32,28.26,29.67,19.82,30.70,29.25,19.84,15.84,18.81,22.11,19.30,39.46
2565,273,เทพศิรินทร์ เชียงใหม่,สันป่าตอง,กลาง,นอกเมือง,สำนักงานคณะกรรมการการศึกษาขั้นพื้นฐาน,สำนักงานเขตพื้นที่การศึกษามัธยมศึกษาเชียงใหม่,75,16.04,17.71,19.33,29.32,23.37,20.19,35.33,34.42,17.61,16.75,11.78,19.54,20.00,40.00
2565,274,บ้านทุ่งเสี้ยว (นวรัฐ),สันป่าตอง,เล็ก,นอกเมือง,สำนักงานคณะกรรมการการศึกษาขั้นพื้นฐาน,สพป.เชียงใหม่ เขต 4,15,14.30,15.29,36.67,42.69,31.67,16.52,20.00,24.49,17.73,17.64,14.73,20.83,26.67,44.22
2565,275,บ้านหัวริน,สันป่าตอง,เล็ก,นอกเมือง,สำนักงานคณะกรรมการการศึกษาขั้นพื้นฐาน,สพป.เชียงใหม่ เขต 4,8,15.32,21.67,18.75,24.21,26.13,16.28,50.00,35.36,21.38,17.61,22.09,22.09,12.50,33.07
2565,276,พัฒนวิทย์ศึกษา,สันป่าตอง,ใหญ่,นอกเมือง,สำนักงานคณะกรรมการส่งเสริมการศึกษาเอกชน,-,2,15.32,15.32,25.00,25.00,47.50,9.50,50.00,0.00,19.00,19.00,22.09,22.09,50.00,50.00
2565,277,วัดกู่คำ,สันป่าตอง,เล็ก,นอกเมือง,สำนักงานคณะกรรมการการศึกษาขั้นพื้นฐาน,สพป.เชียงใหม่ เขต 4,4,40.32,16.76,50.00,0.00,33.25,15.75,25.00,25.00,19.00,13.44,11.05,19.13,25.00,43.30
2565,278,วัดโรงวัว,สันป่าตอง,เล็ก,นอกเมือง,สำนักงานคณะกรรมการการศึกษาขั้นพื้นฐาน,สพป.เชียงใหม่ เขต 4,3,43.55,18.25,33.33,23.57,38.00,15.51,50.00,0.00,14.33,20.27,48.06,40.92,33.33,47.14
2565,279,สันป่าตองวิทยาคม,สันป่าตอง,ใหญ่พิเศษ,นอกเมือง,สำนักงานคณะกรรมการการศึกษาขั้นพื้นฐาน,สำนักงานเขตพื้นที่การศึกษามัธยมศึกษาเชียงใหม่,370,23.50,24.35,30.00,33.37,29.64,19.37,36.62,35.12,16.51,17.16,19.89,23.39,18.38,38.73
2565,280,ช่องฟ้าซินเซิงวาณิชบำรุง,สารภี,ใหญ่พิเศษ,นอกเมือง,สำนักงานคณะกรรมการส่งเสริมการศึกษาเอกชน,-,168,33.83,30.41,35.42,33.34,40.87,22.37,39.29,35.42,18.48,18.99,27.60,30.92,22.62,41.84
2565,281,ชุมชนวัดศรีคำชมภู,สารภี,กลาง,นอกเมือง,สำนักงานคณะกรรมการการศึกษาขั้นพื้นฐาน,สพป.เชียงใหม่ เขต 4,30,19.41,23.05,36.67,38.59,29.77,20.63,31.67,32.87,17.60,13.92,24.34,29.24,26.67,44.22
2565,282,บ้านปากเหมือง,สารภี,กลาง,นอกเมือง,สำนักงานคณะกรรมการการศึกษาขั้นพื้นฐาน,สพป.เชียงใหม่ เขต 4,22,21.99,20.64,34.09,31.57,28.50,17.89,40.91,35.79,25.50,18.83,16.07,21.26,27.27,44.54
2565,283,ยุวฑูตศึกษาพัฒนา,สารภี,ใหญ่,นอกเมือง,สำนักงานคณะกรรมการส่งเสริมการศึกษาเอกชน,-,7,41.71,38.99,35.71,34.99,42.14,37.98,42.86,41.65,33.29,31.48,47.51,37.91,28.57,45.18
2565,284,วชิราลัย,สารภี,กลาง,นอกเมือง,สำนักงานคณะกรรมการส่งเสริมการศึกษาเอกชน,-,64,17.26,21.89,28.91,30.37,30.36,18.51,31.25,32.48,14.84,15.56,20.89,23.96,25.00,43.30
2565,285,วัดท่าต้นกวาว,สารภี,เล็ก,นอกเมือง,สำนักงานคณะกรรมการการศึกษาขั้นพื้นฐาน,สพป.เชียงใหม่ เขต 4,16,19.66,19.59,37.50,33.07,30.88,20.01,34.38,34.09,15.44,15.35,17.30,28.53,18.75,39.03
2565,286,วัดบวกครกเหนือ,สารภี,เล็ก,นอกเมือง,สำนักงานคณะกรรมการการศึกษาขั้นพื้นฐาน,สพป.เชียงใหม่ เขต 4,30,18.39,18.72,36.67,31.45,22.97,20.01,31.67,35.32,18.53,15.92,7.36,16.47,23.33,42.30
2565,287,วัดเวฬุวัน,สารภี,ใหญ่,นอกเมือง,สำนักงานคณะกรรมการการศึกษาขั้นพื้นฐาน,สพป.เชียงใหม่ เขต 4,10,48.39,34.25,40.00,37.42,51.80,17.87,50.00,31.62,32.80,25.04,36.51,28.95,20.00,40.00
2565,288,วัดศรีดอนชัย,สารภี,เล็ก,นอกเมือง,สำนักงานคณะกรรมการการศึกษาขั้นพื้นฐาน,สพป.เชียงใหม่ เขต 4,5,24.52,12.26,20.00,24.49,11.40,22.80,30.00,24.49,20.00,18.19,8.84,17.67,40.00,48.99
2565,289,สารภีปริยัติศึกษา,สารภี,เล็ก,นอกเมือง,สำนักงานพระพุทธศาสนาแห่งชาติ,กลุ่มโรงเรียนพระปริยัติธรรมฯ กลุ่ม  5,22,18.11,17.67,9.09,19.28,25.91,20.29,36.36,30.83,16.41,11.87,20.08,22.00,18.18,38.57
2565,290,สารภีพิทยาคม,สารภี,กลาง,นอกเมือง,สำนักงานคณะกรรมการการศึกษาขั้นพื้นฐาน,สำนักงานเขตพื้นที่การศึกษามัธยมศึกษาเชียงใหม่,133,18.46,21.62,27.07,32.74,30.04,19.30,36.84,33.52,14.15,15.34,16.03,21.36,28.57,45.18
2565,291,สืบนทีธรรม,สารภี,กลาง,นอกเมือง,สำนักงานคณะกรรมการส่งเสริมการศึกษาเอกชน,-,15,18.92,19.18,26.67,30.91,31.67,19.21,36.67,28.67,14.27,14.83,8.84,17.67,20.00,40.00
2565,292,ต้นแก้วผดุงพิทยาลัย,หางดง,ใหญ่,นอกเมือง,กรมส่งเสริมการปกครองท้องถิ่น,ท้องถิ่นจังหวัดเชียงใหม่,82,15.70,17.42,26.83,30.44,24.16,16.86,30.49,33.82,18.90,17.25,15.63,21.13,17.07,37.63
2565,293,เทศบาลหนองตองวิทยา,หางดง,เล็ก,นอกเมือง,กรมส่งเสริมการปกครองท้องถิ่น,ท้องถิ่นจังหวัดเชียงใหม่,9,10.22,14.45,27.78,34.25,33.78,17.41,44.44,36.85,12.67,12.67,29.46,20.83,33.33,47.14
2565,294,บ้านน้ำแพร่,หางดง,เล็ก,นอกเมือง,สำนักงานคณะกรรมการการศึกษาขั้นพื้นฐาน,สพป.เชียงใหม่ เขต 4,12,8.33,20.24,25.00,32.27,30.08,21.18,41.67,39.97,7.92,9.37,11.05,19.13,25.00,43.30
2565,295,บ้านปง,หางดง,เล็ก,นอกเมือง,สำนักงานคณะกรรมการการศึกษาขั้นพื้นฐาน,สพป.เชียงใหม่ เขต 4,14,27.42,23.89,21.43,31.13,25.79,17.00,35.71,39.77,14.93,19.24,9.47,18.13,28.57,45.18
2565,296,บ้านสันป่าสัก,หางดง,กลาง,นอกเมือง,สำนักงานคณะกรรมการการศึกษาขั้นพื้นฐาน,สพป.เชียงใหม่ เขต 4,90,18.06,17.14,28.89,31.60,25.60,18.33,39.44,33.74,16.42,15.85,16.20,21.29,27.78,44.79
2565,297,พันธสัญญา,หางดง,เล็ก,นอกเมือง,สำนักงานคณะกรรมการส่งเสริมการศึกษาเอกชน,-,5,0.00,0.00,40.00,37.42,31.40,10.29,60.00,37.42,11.40,15.20,44.19,0.00,20.00,40.00
2565,298,วัดศรีสว่าง,หางดง,เล็ก,นอกเมือง,สำนักงานคณะกรรมการการศึกษาขั้นพื้นฐาน,สพป.เชียงใหม่ เขต 4,17,12.62,15.08,32.35,38.12,32.41,15.65,38.24,32.22,21.53,16.50,18.19,21.75,11.76,32.22
2565,299,สาธิตนานาชาติทวิภาษาแห่งมหาวิทยาลัยรังสิต เชียงใหม่,หางดง,กลาง,นอกเมือง,สำนักงานคณะกรรมการส่งเสริมการศึกษาเอกชน,-,1,0.00,0.00,0.00,0.00,19.00,0.00,0.00,0.00,0.00,0.00,44.19,0.00,0.00,0.00
2565,300,หางดงรัฐราษฎร์อุปถัมภ์,หางดง,ใหญ่,นอกเมือง,สำนักงานคณะกรรมการการศึกษาขั้นพื้นฐาน,สำนักงานเขตพื้นที่การศึกษามัธยมศึกษาเชียงใหม่,203,20.59,23.21,30.54,32.21,28.86,18.72,29.80,32.33,18.23,16.95,17.64,23.54,22.17,41.54
2565,301,บ้านซิแบร,อมก๋อย,เล็ก,นอกเมือง,สำนักงานคณะกรรมการการศึกษาขั้นพื้นฐาน,สพป.เชียงใหม่ เขต 5,11,11.14,14.74,9.09,19.28,25.91,12.21,45.45,45.00,27.64,12.46,4.02,12.70,18.18,38.57
2565,302,บ้านตุงลอย,อมก๋อย,กลาง,นอกเมือง,สำนักงานคณะกรรมการการศึกษาขั้นพื้นฐาน,สพป.เชียงใหม่ เขต 5,33,14.86,17.07,30.30,30.00,21.30,18.57,33.33,31.78,16.70,16.71,17.41,21.59,33.33,47.14
2565,303,บ้านนาเกียน,อมก๋อย,เล็ก,นอกเมือง,สำนักงานคณะกรรมการการศึกษาขั้นพื้นฐาน,สำนักงานเขตพื้นที่การศึกษามัธยมศึกษาเชียงใหม่,15,18.39,21.81,33.33,29.81,16.47,9.48,36.67,22.11,19.00,12.02,11.78,19.54,46.67,49.89
2565,304,บ้านแม่ต๋อม,อมก๋อย,กลาง,นอกเมือง,สำนักงานคณะกรรมการการศึกษาขั้นพื้นฐาน,สพป.เชียงใหม่ เขต 5,19,11.29,17.82,28.95,29.54,11.00,14.21,26.32,37.59,20.00,14.42,20.93,22.06,5.26,22.33
2565,305,บ้านแม่อ่างขาง,อมก๋อย,เล็ก,นอกเมือง,สำนักงานคณะกรรมการการศึกษาขั้นพื้นฐาน,สพป.เชียงใหม่ เขต 5,18,17.47,19.48,27.78,34.25,21.39,12.91,19.44,29.53,21.11,10.76,14.73,20.83,27.78,44.79
2565,306,บ้านยางครก,อมก๋อย,เล็ก,นอกเมือง,สำนักงานคณะกรรมการการศึกษาขั้นพื้นฐาน,สพป.เชียงใหม่ เขต 5,10,6.13,12.26,35.00,39.05,28.50,15.32,20.00,24.49,11.40,19.38,17.67,21.65,10.00,30.00
2565,307,บ้านยางเปา,อมก๋อย,กลาง,นอกเมือง,สำนักงานคณะกรรมการการศึกษาขั้นพื้นฐาน,สพป.เชียงใหม่ เขต 5,46,13.32,16.48,26.09,29.00,26.13,19.34,31.52,30.14,14.04,15.05,18.25,21.76,34.78,47.63
2565,308,บ้านยางเปียง,อมก๋อย,เล็ก,นอกเมือง,สำนักงานคณะกรรมการการศึกษาขั้นพื้นฐาน,สพป.เชียงใหม่ เขต 5,24,16.94,20.55,31.25,37.67,18.21,15.97,20.83,28.57,11.08,14.42,18.41,21.78,37.50,48.41
2565,309,บ้านสบลาน,อมก๋อย,กลาง,นอกเมือง,สำนักงานคณะกรรมการการศึกษาขั้นพื้นฐาน,สพป.เชียงใหม่ เขต 5,9,17.03,15.23,5.56,15.71,16.89,14.00,33.33,33.33,11.11,13.46,29.46,20.83,22.22,41.57
2565,310,บ้านห้วยโค้ง,อมก๋อย,กลาง,นอกเมือง,สำนักงานคณะกรรมการการศึกษาขั้นพื้นฐาน,สพป.เชียงใหม่ เขต 5,15,8.17,13.55,23.33,30.91,25.33,22.66,20.00,24.49,7.60,9.31,23.57,22.04,33.33,47.14
2565,311,บ้านห้วยน้ำขาว,อมก๋อย,กลาง,นอกเมือง,สำนักงานคณะกรรมการการศึกษาขั้นพื้นฐาน,สพป.เชียงใหม่ เขต 5,59,8.83,13.88,20.34,27.80,22.95,16.88,35.59,36.88,14.98,17.94,14.98,20.92,33.90,47.34
2565,312,บ้านห้วยไม้หก,อมก๋อย,เล็ก,นอกเมือง,สำนักงานคณะกรรมการการศึกษาขั้นพื้นฐาน,สำนักงานเขตพื้นที่การศึกษามัธยมศึกษาเชียงใหม่,17,11.29,19.40,20.59,34.55,24.59,15.65,35.29,33.28,11.18,13.13,18.19,21.75,11.76,32.22
2565,313,บ้านอูตูม,อมก๋อย,เล็ก,นอกเมือง,สำนักงานคณะกรรมการการศึกษาขั้นพื้นฐาน,สพป.เชียงใหม่ เขต 5,24,7.66,13.27,10.42,24.91,14.25,12.57,29.17,28.57,17.42,15.43,14.73,20.83,29.17,45.45
2565,314,แม่ตื่นวิทยาคม,อมก๋อย,กลาง,นอกเมือง,สำนักงานคณะกรรมการการศึกษาขั้นพื้นฐาน,สำนักงานเขตพื้นที่การศึกษามัธยมศึกษาเชียงใหม่,95,13.80,17.66,33.68,30.30,28.40,17.84,32.63,33.85,13.60,14.24,21.05,23.36,45.26,49.78
2565,315,อมก๋อยวิทยาคม,อมก๋อย,ใหญ่,นอกเมือง,สำนักงานคณะกรรมการการศึกษาขั้นพื้นฐาน,สำนักงานเขตพื้นที่การศึกษามัธยมศึกษาเชียงใหม่,130,18.40,19.20,27.31,34.59,25.65,17.22,36.15,34.54,16.12,16.50,18.69,21.83,19.23,39.41
2565,316,ชุมชนบ้านท่าข้าม,ฮอด,กลาง,นอกเมือง,สำนักงานคณะกรรมการการศึกษาขั้นพื้นฐาน,สพป.เชียงใหม่ เขต 5,8,11.49,21.33,50.00,43.30,14.25,12.57,31.25,34.80,11.88,13.22,16.57,21.39,37.50,48.41
2565,317,บ้านกองลอย,ฮอด,กลาง,นอกเมือง,สำนักงานคณะกรรมการการศึกษาขั้นพื้นฐาน,สพป.เชียงใหม่ เขต 5,21,16.44,20.67,26.19,33.16,26.24,20.71,30.95,39.27,17.19,14.25,16.83,21.46,14.29,34.99
2565,318,บ้านแควมะกอก,ฮอด,กลาง,นอกเมือง,สำนักงานคณะกรรมการการศึกษาขั้นพื้นฐาน,สพป.เชียงใหม่ เขต 5,15,8.17,13.55,40.00,27.08,19.00,16.99,50.00,40.82,15.20,17.28,20.62,22.04,13.33,33.99
2565,319,บ้านตาลเหนือ,ฮอด,เล็ก,นอกเมือง,สำนักงานคณะกรรมการการศึกษาขั้นพื้นฐาน,สพป.เชียงใหม่ เขต 5,13,7.07,12.91,23.08,24.93,21.92,12.57,15.38,23.08,14.62,15.19,16.99,21.50,38.46,48.65
2565,320,บ้านเตียนอาง,ฮอด,เล็ก,นอกเมือง,สำนักงานคณะกรรมการการศึกษาขั้นพื้นฐาน,สพป.เชียงใหม่ เขต 5,11,22.29,18.90,13.64,22.27,24.18,18.28,13.64,30.83,13.82,14.24,16.07,21.26,36.36,48.10
2565,321,บ้านทุ่งโป่ง,ฮอด,เล็ก,นอกเมือง,สำนักงานคณะกรรมการการศึกษาขั้นพื้นฐาน,สพป.เชียงใหม่ เขต 5,10,12.26,20.33,45.00,41.53,24.70,8.71,20.00,33.17,15.20,11.40,13.26,20.25,30.00,45.83
2565,322,บ้านนาฟ่อน,ฮอด,เล็ก,นอกเมือง,สำนักงานคณะกรรมการการศึกษาขั้นพื้นฐาน,สพป.เชียงใหม่ เขต 5,16,11.49,14.84,18.75,24.21,23.75,15.75,9.38,19.52,11.88,13.22,16.57,21.39,37.50,48.41
2565,323,บ้านบ่อหลวง,ฮอด,กลาง,นอกเมือง,สำนักงานคณะกรรมการการศึกษาขั้นพื้นฐาน,สพป.เชียงใหม่ เขต 5,24,20.43,16.94,35.42,30.55,26.13,18.04,14.58,26.92,20.58,14.42,14.73,20.83,4.17,19.98
2565,324,บ้านพุย,ฮอด,เล็ก,นอกเมือง,สำนักงานคณะกรรมการการศึกษาขั้นพื้นฐาน,สพป.เชียงใหม่ เขต 5,15,14.30,15.29,23.33,24.94,20.27,12.92,30.00,30.55,17.73,12.92,8.84,17.67,33.33,47.14
2565,325,บ้านแม่งูด,ฮอด,เล็ก,นอกเมือง,สำนักงานคณะกรรมการการศึกษาขั้นพื้นฐาน,สพป.เชียงใหม่ เขต 5,20,10.73,14.62,20.00,33.17,27.55,16.43,35.00,32.02,15.20,12.89,22.09,22.09,10.00,30.00
2565,326,บ้านแม่ลาย,ฮอด,เล็ก,นอกเมือง,สำนักงานคณะกรรมการการศึกษาขั้นพื้นฐาน,สพป.เชียงใหม่ เขต 5,17,19.83,14.64,17.65,23.89,23.47,13.87,32.35,38.12,17.88,16.58,10.40,18.74,29.41,45.56
2565,327,บ้านวังลุง,ฮอด,เล็ก,นอกเมือง,สำนักงานคณะกรรมการการศึกษาขั้นพื้นฐาน,สพป.เชียงใหม่ เขต 5,7,4.38,10.72,28.57,36.42,19.00,14.36,28.57,24.74,13.57,13.30,18.94,21.87,42.86,49.49
2565,328,แม่โถวิทยาคม,ฮอด,กลาง,นอกเมือง,สำนักงานคณะกรรมการการศึกษาขั้นพื้นฐาน,สพป.เชียงใหม่ เขต 5,45,17.20,17.06,26.67,29.06,27.56,16.64,22.22,28.97,13.93,12.92,21.60,22.09,20.00,40.00
2565,329,วัดบ้านขุนเตรียมพุทธศาสตร์,ฮอด,เล็ก,นอกเมือง,สำนักงานพระพุทธศาสนาแห่งชาติ,กลุ่มโรงเรียนพระปริยัติธรรมฯ กลุ่ม  5,40,11.49,14.84,16.25,25.95,22.33,16.39,36.25,37.06,14.73,16.17,19.88,21.98,35.00,47.70
2565,330,ฮอดพิทยาคม,ฮอด,ใหญ่,นอกเมือง,สำนักงานคณะกรรมการการศึกษาขั้นพื้นฐาน,สำนักงานเขตพื้นที่การศึกษามัธยมศึกษาเชียงใหม่,159,14.31,17.17,27.04,29.54,26.65,17.06,28.93,31.42,14.19,15.56,18.90,21.86,25.16,43.39