ปี,แถว,ชื่อโรงเรียน,อำเภอที่ตั้งรร.,ขนาดโรงเรียน,ที่ตั้งโรงเรียน,สังกัด,เขตพื้นที่ฯ,จำนวนผู้เข้าสอบ,ต 1.1 (Mean),ต 1.1 (S.D.),ต 1.2 (Mean),ต 1.2 (S.D.),ต 1.3 (Mean),ต 1.3 (S.D.),ต 2.1 (Mean),ต 2.1 (S.D.),ต 2.2 (Mean),ต 2.2 (S.D.)
2568,1,บ้านขุนแม่รวม,กัลยาณิวัฒนา,เล็ก,นอกเมือง,สำนักงานคณะกรรมการการศึกษาขั้นพื้นฐาน,สพป.เชียงใหม่ เขต 6,14,29.76,14.34,22.45,12.91,18.37,12.58,30.95,26.62,21.43,27.04
2568,2,บ้านจันทร์,กัลยาณิวัฒนา,เล็ก,นอกเมือง,สำนักงานคณะกรรมการการศึกษาขั้นพื้นฐาน,สพป.เชียงใหม่ เขต 6,15,20.56,9.56,24.76,21.80,27.62,18.42,33.33,29.81,31.11,30.95
2568,3,บ้านแจ่มหลวง,กัลยาณิวัฒนา,เล็ก,นอกเมือง,สำนักงานคณะกรรมการการศึกษาขั้นพื้นฐาน,สพป.เชียงใหม่ เขต 6,19,21.93,9.05,27.82,17.01,24.81,14.54,35.09,25.30,26.32,25.54
2568,4,บ้านแม่แดดน้อย,กัลยาณิวัฒนา,เล็ก,นอกเมือง,สำนักงานคณะกรรมการการศึกษาขั้นพื้นฐาน,สพป.เชียงใหม่ เขต 6,15,30.56,10.39,31.43,20.34,28.57,18.07,26.67,21.77,15.56,23.93
2568,5,บ้านแม่ตะละ,กัลยาณิวัฒนา,เล็ก,นอกเมือง,สำนักงานคณะกรรมการการศึกษาขั้นพื้นฐาน,สพป.เชียงใหม่ เขต 6,3,30.56,3.93,33.33,17.82,23.81,6.73,0.00,0.00,0.00,0.00
2568,6,บ้านห้วยยา,กัลยาณิวัฒนา,เล็ก,นอกเมือง,สำนักงานคณะกรรมการการศึกษาขั้นพื้นฐาน,สพป.เชียงใหม่ เขต 6,18,23.15,14.04,28.57,13.47,30.95,13.68,37.04,29.16,18.52,25.39
2568,7,มัธยมกัลยาณิวัฒนาเฉลิมพระเกียรติ,กัลยาณิวัฒนา,กลาง,นอกเมือง,สำนักงานคณะกรรมการการศึกษาขั้นพื้นฐาน,สำนักงานเขตพื้นที่การศึกษามัธยมศึกษาเชียงใหม่,31,24.73,10.69,23.50,17.23,25.35,16.11,30.11,24.47,31.18,25.31
2568,8,สหมิตรวิทยา,กัลยาณิวัฒนา,กลาง,นอกเมือง,สำนักงานคณะกรรมการส่งเสริมการศึกษาเอกชน,-,20,36.67,20.14,47.14,33.53,34.29,26.88,41.67,33.12,43.33,39.58
2568,9,สามัคคีสันม่วง,กัลยาณิวัฒนา,เล็ก,นอกเมือง,สำนักงานคณะกรรมการการศึกษาขั้นพื้นฐาน,สพป.เชียงใหม่ เขต 6,28,24.70,11.68,28.06,15.02,17.86,15.57,36.90,27.23,30.95,19.78
2568,10,จอมทอง,จอมทอง,ใหญ่พิเศษ,นอกเมือง,สำนักงานคณะกรรมการการศึกษาขั้นพื้นฐาน,สำนักงานเขตพื้นที่การศึกษามัธยมศึกษาเชียงใหม่,367,27.91,15.25,31.96,19.79,26.63,18.53,29.97,29.80,30.06,25.72
2568,11,ไทยรัฐวิทยา 79 (บ้านหนองอาบช้าง),จอมทอง,เล็ก,นอกเมือง,สำนักงานคณะกรรมการการศึกษาขั้นพื้นฐาน,สพป.เชียงใหม่ เขต 6,17,27.45,14.79,25.21,14.31,23.53,12.91,17.65,16.64,17.65,23.20
2568,12,บ้านขุนกลาง,จอมทอง,กลาง,นอกเมือง,สำนักงานคณะกรรมการการศึกษาขั้นพื้นฐาน,สพป.เชียงใหม่ เขต 6,35,19.52,11.26,26.12,14.68,25.31,15.30,19.05,22.94,25.71,28.82
2568,13,บ้านขุนแปะ,จอมทอง,เล็ก,นอกเมือง,สำนักงานคณะกรรมการการศึกษาขั้นพื้นฐาน,สพป.เชียงใหม่ เขต 6,18,29.17,13.39,35.71,17.33,26.98,17.10,22.22,24.85,44.44,24.85
2568,14,บ้านปากทางท่าลี่,จอมทอง,เล็ก,นอกเมือง,สำนักงานคณะกรรมการการศึกษาขั้นพื้นฐาน,สพป.เชียงใหม่ เขต 6,7,16.67,7.72,20.41,7.07,26.53,17.79,23.81,23.33,28.57,27.77
2568,15,บ้านสบเตี๊ยะ,จอมทอง,กลาง,นอกเมือง,สำนักงานคณะกรรมการการศึกษาขั้นพื้นฐาน,สพป.เชียงใหม่ เขต 6,25,24.00,13.40,29.14,19.16,14.86,13.69,26.67,21.08,41.33,25.44
2568,16,บ้านห้วยทราย,จอมทอง,เล็ก,นอกเมือง,สำนักงานคณะกรรมการการศึกษาขั้นพื้นฐาน,สพป.เชียงใหม่ เขต 6,17,20.10,10.72,40.34,20.34,26.89,20.72,21.57,27.87,33.33,22.87
2568,17,บ้านห้วยส้มป่อย,จอมทอง,เล็ก,นอกเมือง,สำนักงานคณะกรรมการการศึกษาขั้นพื้นฐาน,สพป.เชียงใหม่ เขต 6,7,34.52,15.06,30.61,17.79,20.41,21.40,19.05,24.28,23.81,23.33
2568,18,บ้านใหม่สารภี,จอมทอง,เล็ก,นอกเมือง,สำนักงานคณะกรรมการการศึกษาขั้นพื้นฐาน,สพป.เชียงใหม่ เขต 6,7,16.67,8.91,30.61,11.90,30.61,14.14,42.86,23.33,19.05,24.28
2568,19,วัดพุทธนิมิตรวิทยา,จอมทอง,เล็ก,นอกเมือง,สำนักงานการศึกษาพระปริยัติธรรม แผนกสามัญศึกษา,สำนักเขตการศึกษาพระปริยัติธรรมฯ เขต  5,22,21.21,13.23,29.22,18.52,20.78,11.97,28.79,27.15,28.79,23.13
2568,20,สุทธิวงศ์ดำรงวิทย์,จอมทอง,เล็ก,นอกเมือง,สำนักงานคณะกรรมการส่งเสริมการศึกษาเอกชน,-,3,22.22,7.86,38.10,13.47,28.57,11.66,44.44,31.43,66.67,27.22
2568,21,แกน้อยศึกษา,เชียงดาว,กลาง,นอกเมือง,สำนักงานคณะกรรมการการศึกษาขั้นพื้นฐาน,สพป.เชียงใหม่ เขต 3,19,32.02,14.87,46.62,27.36,30.83,17.50,50.88,34.82,52.63,31.19
2568,22,เจ้าฟ้าอุบลรัตน์,เชียงดาว,เล็ก,นอกเมือง,สำนักงานคณะกรรมการส่งเสริมการศึกษาเอกชน,-,21,23.41,11.10,31.97,15.21,29.25,19.46,20.63,29.95,30.16,20.33
2568,23,ชุมชนบ้านเมืองงาย,เชียงดาว,กลาง,นอกเมือง,สำนักงานคณะกรรมการการศึกษาขั้นพื้นฐาน,สพป.เชียงใหม่ เขต 3,47,25.18,13.15,23.71,16.22,26.44,12.84,28.37,25.71,30.50,25.57
2568,24,ชุมชนบ้านวังจ๊อม,เชียงดาว,กลาง,นอกเมือง,สำนักงานคณะกรรมการการศึกษาขั้นพื้นฐาน,สพป.เชียงใหม่ เขต 3,20,25.42,14.55,30.71,15.17,22.14,15.96,21.67,24.21,23.33,23.80
2568,25,เชียงดาววิทยาคม,เชียงดาว,ใหญ่,นอกเมือง,สำนักงานคณะกรรมการการศึกษาขั้นพื้นฐาน,สำนักงานเขตพื้นที่การศึกษามัธยมศึกษาเชียงใหม่,37,29.50,13.51,24.71,16.49,30.89,14.67,28.83,24.71,34.23,31.47
2568,26,ดอยสามหมื่น,เชียงดาว,เล็ก,นอกเมือง,สำนักงานคณะกรรมการการศึกษาขั้นพื้นฐาน,สพป.เชียงใหม่ เขต 3,3,22.22,3.93,42.86,11.66,42.86,0.00,22.22,31.43,22.22,15.71
2568,27,บ้านเชียงดาว,เชียงดาว,กลาง,นอกเมือง,สำนักงานคณะกรรมการการศึกษาขั้นพื้นฐาน,สพป.เชียงใหม่ เขต 3,59,23.31,13.18,37.29,21.04,28.09,16.63,27.12,29.73,35.03,27.05
2568,28,บ้านทุ่งข้าวพวง,เชียงดาว,กลาง,นอกเมือง,สำนักงานคณะกรรมการการศึกษาขั้นพื้นฐาน,สพป.เชียงใหม่ เขต 3,35,21.90,11.46,29.80,18.51,29.39,15.25,22.86,24.91,34.29,20.29
2568,29,บ้านนาหวาย,เชียงดาว,กลาง,นอกเมือง,สำนักงานคณะกรรมการการศึกษาขั้นพื้นฐาน,สพป.เชียงใหม่ เขต 3,44,24.05,10.69,30.52,17.91,25.65,14.47,33.33,28.43,25.76,22.32
2568,30,บ้านปางเฟือง,เชียงดาว,เล็ก,นอกเมือง,สำนักงานคณะกรรมการการศึกษาขั้นพื้นฐาน,สพป.เชียงใหม่ เขต 3,11,37.12,19.25,33.77,13.99,19.48,11.02,21.21,21.43,27.27,19.17
2568,31,บ้านปางมะเยา,เชียงดาว,กลาง,นอกเมือง,สำนักงานคณะกรรมการการศึกษาขั้นพื้นฐาน,สพป.เชียงใหม่ เขต 3,19,26.32,7.77,30.08,11.25,30.83,15.56,47.37,27.18,29.82,26.26
2568,32,บ้านเมืองคอง,เชียงดาว,เล็ก,นอกเมือง,สำนักงานคณะกรรมการการศึกษาขั้นพื้นฐาน,สพป.เชียงใหม่ เขต 3,8,22.92,11.60,32.14,13.83,32.14,11.85,33.33,28.87,50.00,37.27
2568,33,บ้านเมืองนะ,เชียงดาว,กลาง,นอกเมือง,สำนักงานคณะกรรมการการศึกษาขั้นพื้นฐาน,สพป.เชียงใหม่ เขต 3,34,49.51,14.98,76.05,17.23,68.07,19.00,82.35,21.75,65.69,24.90
2568,34,บ้านแม่กอนใน,เชียงดาว,เล็ก,นอกเมือง,สำนักงานคณะกรรมการการศึกษาขั้นพื้นฐาน,สพป.เชียงใหม่ เขต 3,7,16.67,9.96,30.61,24.66,20.41,15.00,14.29,24.28,42.86,34.34
2568,35,บ้านแม่นะ,เชียงดาว,กลาง,นอกเมือง,สำนักงานคณะกรรมการการศึกษาขั้นพื้นฐาน,สพป.เชียงใหม่ เขต 3,25,30.67,13.27,30.86,13.81,30.29,17.29,42.67,27.52,40.00,29.81
2568,36,บ้านหนองเขียว,เชียงดาว,กลาง,นอกเมือง,สำนักงานคณะกรรมการการศึกษาขั้นพื้นฐาน,สพป.เชียงใหม่ เขต 3,26,36.22,13.06,64.84,23.52,22.53,12.00,35.90,27.62,43.59,24.05
2568,37,บ้านห้วยจะค่าน ตชด.อนุสรณ์,เชียงดาว,กลาง,นอกเมือง,สำนักงานคณะกรรมการการศึกษาขั้นพื้นฐาน,สพป.เชียงใหม่ เขต 3,16,17.19,9.53,28.57,14.29,23.21,13.24,25.00,30.05,29.17,35.11
2568,38,พัฒนาต้นน้ำขุนคอง,เชียงดาว,เล็ก,นอกเมือง,สำนักงานคณะกรรมการการศึกษาขั้นพื้นฐาน,สพป.เชียงใหม่ เขต 3,8,35.42,14.28,21.43,17.50,23.21,6.92,29.17,19.98,12.50,33.07
2568,39,มิตรมวลชนเชียงใหม่,เชียงดาว,กลาง,นอกเมือง,สำนักงานคณะกรรมการการศึกษาขั้นพื้นฐาน,สพป.เชียงใหม่ เขต 3,19,27.63,15.31,26.32,14.85,19.55,15.52,19.30,27.18,31.58,22.87
2568,40,ราชประชานุเคราะห์ 61 จังหวัดเชียงใหม่,เชียงดาว,กลาง,นอกเมือง,สำนักบริหารงานการศึกษาพิเศษ,-,40,22.29,13.23,28.93,16.75,21.79,15.65,25.00,20.75,25.83,24.14
2568,41,ศีลรวี,เชียงดาว,กลาง,นอกเมือง,สำนักงานคณะกรรมการส่งเสริมการศึกษาเอกชน,-,55,27.88,15.99,38.70,18.61,29.09,20.38,27.88,27.53,32.73,29.47
2568,42,อรุโณทัยวิทยาคม,เชียงดาว,ใหญ่,นอกเมือง,สำนักงานคณะกรรมการการศึกษาขั้นพื้นฐาน,สำนักงานเขตพื้นที่การศึกษามัธยมศึกษาเชียงใหม่,152,24.29,13.72,30.08,22.18,28.76,19.18,27.63,24.71,30.48,28.85
2568,43,อินทารามวิทยา,เชียงดาว,เล็ก,นอกเมือง,สำนักงานการศึกษาพระปริยัติธรรม แผนกสามัญศึกษา,สำนักเขตการศึกษาพระปริยัติธรรมฯ เขต  5,22,27.65,12.66,29.87,18.73,24.68,15.03,30.30,28.26,25.76,22.32
2568,44,ฉัตรพฤกษ์วิทยา,ไชยปราการ,เล็ก,นอกเมือง,สำนักงานคณะกรรมการส่งเสริมการศึกษาเอกชน,-,9,25.00,18.00,44.44,22.78,44.44,27.31,55.56,27.22,44.44,31.43
2568,45,ชุมชนวัดศรีดงเย็น,ไชยปราการ,กลาง,นอกเมือง,สำนักงานคณะกรรมการการศึกษาขั้นพื้นฐาน,สพป.เชียงใหม่ เขต 3,29,28.16,12.46,27.59,14.97,27.59,12.96,26.44,26.81,34.48,26.96
2568,46,ไชยปราการ,ไชยปราการ,กลาง,นอกเมือง,สำนักงานคณะกรรมการการศึกษาขั้นพื้นฐาน,สำนักงานเขตพื้นที่การศึกษามัธยมศึกษาเชียงใหม่,115,25.80,14.24,33.29,21.29,30.31,21.49,23.48,26.37,29.86,26.87
2568,47,เทศบาล 1 ไชยปราการ,ไชยปราการ,กลาง,นอกเมือง,กรมส่งเสริมการปกครองท้องถิ่น,ท้องถิ่นจังหวัดเชียงใหม่,23,23.55,12.45,35.40,18.30,26.71,17.52,28.99,22.64,43.48,26.80
2568,48,บ้านปง,ไชยปราการ,เล็ก,นอกเมือง,สำนักงานคณะกรรมการการศึกษาขั้นพื้นฐาน,สพป.เชียงใหม่ เขต 3,8,30.21,17.15,32.14,13.83,32.14,19.88,8.33,14.43,20.83,16.14
2568,49,บ้านปงตำ,ไชยปราการ,เล็ก,นอกเมือง,สำนักงานคณะกรรมการการศึกษาขั้นพื้นฐาน,สพป.เชียงใหม่ เขต 3,18,27.78,14.16,33.33,17.82,28.57,16.50,22.22,22.22,18.52,19.95
2568,50,บ้านหัวฝาย,ไชยปราการ,เล็ก,นอกเมือง,สำนักงานคณะกรรมการการศึกษาขั้นพื้นฐาน,สพป.เชียงใหม่ เขต 3,6,18.06,7.48,33.33,13.47,16.67,15.25,16.67,16.67,16.67,16.67
2568,51,บ้านใหม่หนองบัว,ไชยปราการ,กลาง,นอกเมือง,สำนักงานคณะกรรมการการศึกษาขั้นพื้นฐาน,สพป.เชียงใหม่ เขต 3,47,21.45,11.50,26.14,14.23,28.57,15.03,22.70,24.89,16.31,21.61
2568,52,บ้านอ่าย,ไชยปราการ,เล็ก,นอกเมือง,สำนักงานคณะกรรมการการศึกษาขั้นพื้นฐาน,สพป.เชียงใหม่ เขต 3,12,27.08,13.23,34.52,19.74,25.00,16.62,33.33,23.57,19.44,16.43
2568,53,วัดป่าแดง,ไชยปราการ,เล็ก,นอกเมือง,สำนักงานคณะกรรมการการศึกษาขั้นพื้นฐาน,สพป.เชียงใหม่ เขต 3,13,23.08,10.92,31.87,16.00,24.18,16.23,28.21,28.78,25.64,23.22
2568,54,วัดป่าไม้แดง,ไชยปราการ,เล็ก,นอกเมือง,สำนักงานการศึกษาพระปริยัติธรรม แผนกสามัญศึกษา,สำนักเขตการศึกษาพระปริยัติธรรมฯ เขต  5,10,30.00,13.54,28.57,23.90,38.57,11.16,30.00,23.33,23.33,15.28
2568,55,สันติวนา,ไชยปราการ,เล็ก,นอกเมือง,สำนักงานคณะกรรมการการศึกษาขั้นพื้นฐาน,สพป.เชียงใหม่ เขต 3,21,21.83,15.74,29.25,16.18,28.57,14.62,25.40,20.33,34.92,28.13
2568,56,ดอยเต่าวิทยาคม,ดอยเต่า,กลาง,นอกเมือง,สำนักงานคณะกรรมการการศึกษาขั้นพื้นฐาน,สำนักงานเขตพื้นที่การศึกษามัธยมศึกษาเชียงใหม่,105,27.30,16.20,35.65,19.23,24.49,22.11,24.76,23.92,29.52,29.57
2568,57,บ้านน้อยห้วยรินวิทยา,ดอยเต่า,เล็ก,นอกเมือง,สำนักงานคณะกรรมการการศึกษาขั้นพื้นฐาน,สพป.เชียงใหม่ เขต 5,10,28.33,15.00,24.29,15.71,27.14,10.00,20.00,16.33,13.33,22.11
2568,58,บ้านบงตัน,ดอยเต่า,เล็ก,นอกเมือง,สำนักงานคณะกรรมการการศึกษาขั้นพื้นฐาน,สพป.เชียงใหม่ เขต 5,17,21.08,10.74,23.53,18.30,29.41,17.98,27.45,26.16,35.29,26.74
2568,59,บ้านโปง,ดอยเต่า,เล็ก,นอกเมือง,สำนักงานคณะกรรมการการศึกษาขั้นพื้นฐาน,สพป.เชียงใหม่ เขต 5,27,35.19,14.58,36.51,22.78,32.28,18.48,33.33,24.00,27.16,22.29
2568,60,บ้านแม่ตูบ,ดอยเต่า,เล็ก,นอกเมือง,สำนักงานคณะกรรมการการศึกษาขั้นพื้นฐาน,สพป.เชียงใหม่ เขต 5,7,23.81,12.93,28.57,18.70,18.37,12.58,23.81,15.06,38.10,21.30
2568,61,บ้านแอ่นจัดสรร,ดอยเต่า,เล็ก,นอกเมือง,สำนักงานคณะกรรมการการศึกษาขั้นพื้นฐาน,สพป.เชียงใหม่ เขต 5,5,23.33,9.72,17.14,21.00,37.14,11.43,26.67,24.94,0.00,0.00
2568,62,วัดฉิมพลีวิทยา,ดอยเต่า,เล็ก,นอกเมือง,สำนักงานการศึกษาพระปริยัติธรรม แผนกสามัญศึกษา,สำนักเขตการศึกษาพระปริยัติธรรมฯ เขต  5,6,31.94,14.76,21.43,15.97,38.10,13.47,27.78,29.92,38.89,22.91
2568,63,ชลประทานผาแตก,ดอยสะเก็ด,กลาง,นอกเมือง,สำนักงานคณะกรรมการการศึกษาขั้นพื้นฐาน,สพป.เชียงใหม่ เขต 1,57,25.88,10.55,27.57,17.31,26.07,16.52,38.01,27.53,38.60,27.78
2568,64,ดอยสะเก็ดวิทยาคม,ดอยสะเก็ด,กลาง,นอกเมือง,สำนักงานคณะกรรมการการศึกษาขั้นพื้นฐาน,สำนักงานเขตพื้นที่การศึกษามัธยมศึกษาเชียงใหม่,91,32.42,20.69,46.47,29.47,41.13,25.92,34.43,24.93,42.49,31.67
2568,65,บ้านเชิงดอย(ดอยสะเก็ดศึกษา),ดอยสะเก็ด,ใหญ่,นอกเมือง,สำนักงานคณะกรรมการการศึกษาขั้นพื้นฐาน,สพป.เชียงใหม่ เขต 1,72,30.79,17.27,44.64,25.41,38.89,22.99,38.43,27.59,45.83,26.90
2568,66,บ้านป่าไม้แดง,ดอยสะเก็ด,กลาง,นอกเมือง,สำนักงานคณะกรรมการการศึกษาขั้นพื้นฐาน,สพป.เชียงใหม่ เขต 1,17,21.08,13.14,26.89,16.89,25.21,13.45,31.37,26.74,39.22,30.75
2568,67,บ้านป่าเสร้า,ดอยสะเก็ด,กลาง,นอกเมือง,สำนักงานคณะกรรมการการศึกษาขั้นพื้นฐาน,สพป.เชียงใหม่ เขต 1,27,25.93,13.09,51.32,26.73,34.39,16.15,38.27,21.67,48.15,22.83
2568,68,บ้านแม่หวาน,ดอยสะเก็ด,เล็ก,นอกเมือง,สำนักงานคณะกรรมการการศึกษาขั้นพื้นฐาน,สพป.เชียงใหม่ เขต 1,8,50.00,14.43,69.64,25.19,62.50,17.40,41.67,22.05,45.83,23.20
2568,69,เพื่อชีวิตเชียงใหม่,ดอยสะเก็ด,เล็ก,นอกเมือง,สำนักงานคณะกรรมการส่งเสริมการศึกษาเอกชน,-,8,17.71,15.27,21.43,17.50,32.14,19.88,16.67,23.57,33.33,28.87
2568,70,แม่คือวิทยา,ดอยสะเก็ด,กลาง,นอกเมือง,สำนักงานคณะกรรมการการศึกษาขั้นพื้นฐาน,สพป.เชียงใหม่ เขต 1,35,27.38,15.50,37.96,23.89,27.35,16.51,34.29,28.16,26.67,24.94
2568,71,แม่โป่งประชาสามัคคี,ดอยสะเก็ด,เล็ก,นอกเมือง,สำนักงานคณะกรรมการการศึกษาขั้นพื้นฐาน,สพป.เชียงใหม่ เขต 1,19,24.56,12.23,33.08,12.31,27.82,13.49,33.33,26.49,17.54,19.85
2568,72,ไมตรีจิตคริสเตียนเชียงใหม่,ดอยสะเก็ด,กลาง,นอกเมือง,สำนักงานคณะกรรมการส่งเสริมการศึกษาเอกชน,-,21,27.78,13.45,38.78,19.29,24.49,19.29,26.98,22.11,30.16,27.03
2568,73,กรป.กลางอุปถัมภ์,ดอยหล่อ,เล็ก,นอกเมือง,สำนักงานคณะกรรมการการศึกษาขั้นพื้นฐาน,สพป.เชียงใหม่ เขต 4,11,25.00,12.31,32.47,19.35,41.56,9.54,36.36,30.00,27.27,19.17
2568,74,บ้านสามหลัง,ดอยหล่อ,เล็ก,นอกเมือง,สำนักงานคณะกรรมการการศึกษาขั้นพื้นฐาน,สพป.เชียงใหม่ เขต 4,18,24.07,9.58,41.27,22.78,26.19,17.33,33.33,29.40,35.19,28.27
2568,75,บ้านห้วยน้ำขาว,ดอยหล่อ,เล็ก,นอกเมือง,สำนักงานคณะกรรมการการศึกษาขั้นพื้นฐาน,สพป.เชียงใหม่ เขต 4,2,16.67,0.00,28.57,14.29,35.71,7.14,0.00,0.00,16.67,16.67
2568,76,บ้านเหล่าเป้า,ดอยหล่อ,เล็ก,นอกเมือง,สำนักงานคณะกรรมการการศึกษาขั้นพื้นฐาน,สพป.เชียงใหม่ เขต 4,6,33.33,17.35,38.10,17.82,30.95,15.25,38.89,12.42,50.00,41.94
2568,77,วัดโขงขาววิทยา,ดอยหล่อ,เล็ก,นอกเมือง,สำนักงานการศึกษาพระปริยัติธรรม แผนกสามัญศึกษา,สำนักเขตการศึกษาพระปริยัติธรรมฯ เขต  5,17,25.49,11.24,26.05,15.68,28.57,20.20,11.76,15.93,19.61,28.14
2568,78,สองแคววิทยาคม,ดอยหล่อ,กลาง,นอกเมือง,สำนักงานคณะกรรมการการศึกษาขั้นพื้นฐาน,สำนักงานเขตพื้นที่การศึกษามัธยมศึกษาเชียงใหม่,87,24.52,10.37,26.11,14.72,26.60,17.88,22.99,24.92,29.50,27.88
2568,79,สันติสุข,ดอยหล่อ,กลาง,นอกเมือง,สำนักงานคณะกรรมการการศึกษาขั้นพื้นฐาน,สำนักงานเขตพื้นที่การศึกษามัธยมศึกษาเชียงใหม่,32,22.66,13.70,28.57,22.59,30.36,19.15,29.17,28.57,30.21,25.49
2568,80,เจ้าแม่หลวงอุปถัมภ์ 1,ฝาง,กลาง,นอกเมือง,สำนักงานคณะกรรมการการศึกษาขั้นพื้นฐาน,สพป.เชียงใหม่ เขต 3,20,20.00,8.90,24.29,13.63,23.57,15.83,18.33,22.30,23.33,23.80
2568,81,ฉือจี้เชียงใหม่,ฝาง,กลาง,นอกเมือง,สำนักงานคณะกรรมการส่งเสริมการศึกษาเอกชน,-,95,28.77,15.24,40.75,19.44,27.52,18.10,21.75,25.49,31.23,28.94
2568,82,ชุมชนบ้านแม่สูนหลวง,ฝาง,เล็ก,นอกเมือง,สำนักงานคณะกรรมการการศึกษาขั้นพื้นฐาน,สพป.เชียงใหม่ เขต 3,4,22.92,6.91,35.71,15.97,17.86,11.85,25.00,27.64,16.67,16.67
2568,83,เทพศิรินทร์๙โครงการหลวงในพระบรมราชูปถัมภ์,ฝาง,เล็ก,นอกเมือง,สำนักงานคณะกรรมการการศึกษาขั้นพื้นฐาน,สพป.เชียงใหม่ เขต 3,16,25.52,11.96,34.82,16.73,18.75,15.75,45.83,26.02,37.50,26.02
2568,84,บ้านต้นผึ้ง,ฝาง,เล็ก,นอกเมือง,สำนักงานคณะกรรมการการศึกษาขั้นพื้นฐาน,สพป.เชียงใหม่ เขต 3,24,25.00,11.02,32.14,13.83,29.17,16.74,30.56,27.07,33.33,27.22
2568,85,บ้านทุ่งหลุก,ฝาง,เล็ก,นอกเมือง,สำนักงานคณะกรรมการการศึกษาขั้นพื้นฐาน,สพป.เชียงใหม่ เขต 3,17,22.55,10.98,26.05,17.14,21.85,13.96,13.73,20.00,29.41,22.53
2568,86,บ้านปางปอย,ฝาง,กลาง,นอกเมือง,สำนักงานคณะกรรมการการศึกษาขั้นพื้นฐาน,สพป.เชียงใหม่ เขต 3,14,25.60,11.98,28.57,19.47,31.63,15.44,23.81,15.06,21.43,20.34
2568,87,บ้านปางสัก,ฝาง,เล็ก,นอกเมือง,สำนักงานคณะกรรมการการศึกษาขั้นพื้นฐาน,สพป.เชียงใหม่ เขต 3,8,41.67,27.95,67.86,18.56,33.93,18.81,41.67,36.32,29.17,11.02
2568,88,บ้านโป่งนก,ฝาง,กลาง,นอกเมือง,สำนักงานคณะกรรมการการศึกษาขั้นพื้นฐาน,สพป.เชียงใหม่ เขต 3,31,21.77,12.99,23.04,14.37,23.96,13.28,31.18,23.85,32.26,26.07
2568,89,บ้านม่วงชุม,ฝาง,กลาง,นอกเมือง,สำนักงานคณะกรรมการการศึกษาขั้นพื้นฐาน,สพป.เชียงใหม่ เขต 3,33,24.24,16.84,25.97,14.27,25.97,16.29,18.18,20.25,21.21,21.43
2568,90,บ้านม่อนปิ่น,ฝาง,กลาง,นอกเมือง,สำนักงานคณะกรรมการการศึกษาขั้นพื้นฐาน,สพป.เชียงใหม่ เขต 3,15,28.89,13.22,26.67,19.42,34.29,17.14,31.11,25.72,33.33,24.34
2568,91,บ้านแม่ข่า,ฝาง,กลาง,นอกเมือง,สำนักงานคณะกรรมการการศึกษาขั้นพื้นฐาน,สพป.เชียงใหม่ เขต 3,36,29.63,12.18,37.30,23.15,37.30,19.13,35.19,24.78,37.04,30.20
2568,92,บ้านแม่คะ,ฝาง,กลาง,นอกเมือง,สำนักงานคณะกรรมการการศึกษาขั้นพื้นฐาน,สพป.เชียงใหม่ เขต 3,10,22.50,7.50,30.00,10.00,25.71,23.73,20.00,26.67,40.00,29.06
2568,93,บ้านแม่งอนขี้เหล็ก,ฝาง,กลาง,นอกเมือง,กรมส่งเสริมการปกครองท้องถิ่น,ท้องถิ่นจังหวัดเชียงใหม่,45,28.52,13.09,37.14,21.17,33.97,19.35,33.33,22.22,27.41,18.97
2568,94,บ้านล้องอ้อ,ฝาง,เล็ก,นอกเมือง,กรมส่งเสริมการปกครองท้องถิ่น,ท้องถิ่นจังหวัดเชียงใหม่,12,25.69,12.48,33.33,19.63,20.24,17.94,27.78,26.64,19.44,25.31
2568,95,บ้านเวียงฝาง,ฝาง,ใหญ่,นอกเมือง,สำนักงานคณะกรรมการการศึกษาขั้นพื้นฐาน,สพป.เชียงใหม่ เขต 3,77,22.94,10.15,29.68,18.09,23.38,15.26,27.71,24.85,30.30,26.42
2568,96,บ้านสันทรายคองน้อย,ฝาง,กลาง,นอกเมือง,สำนักงานคณะกรรมการการศึกษาขั้นพื้นฐาน,สพป.เชียงใหม่ เขต 3,5,28.33,6.67,45.71,27.70,11.43,5.71,26.67,24.94,20.00,16.33
2568,97,บ้านสันป่าแดง,ฝาง,เล็ก,นอกเมือง,สำนักงานคณะกรรมการการศึกษาขั้นพื้นฐาน,สพป.เชียงใหม่ เขต 3,6,29.17,15.02,16.67,15.25,33.33,6.73,27.78,22.91,38.89,12.42
2568,98,บ้านหลวง,ฝาง,กลาง,นอกเมือง,สำนักงานคณะกรรมการการศึกษาขั้นพื้นฐาน,สพป.เชียงใหม่ เขต 3,23,32.25,15.60,31.68,17.85,21.74,18.30,21.74,30.47,23.19,18.22
2568,99,บ้านห้วยงูกลาง,ฝาง,เล็ก,นอกเมือง,สำนักงานคณะกรรมการการศึกษาขั้นพื้นฐาน,สพป.เชียงใหม่ เขต 3,11,28.79,21.13,23.38,12.59,27.27,17.71,30.30,26.42,24.24,20.55
2568,100,บ้านห้วยหมากเลี่ยม,ฝาง,กลาง,นอกเมือง,สำนักงานคณะกรรมการการศึกษาขั้นพื้นฐาน,สพป.เชียงใหม่ เขต 3,20,31.67,10.41,27.14,18.57,22.14,15.96,13.33,19.44,18.33,22.30
2568,101,บ้านห้วยเฮี่ยน,ฝาง,เล็ก,นอกเมือง,สำนักงานคณะกรรมการการศึกษาขั้นพื้นฐาน,สพป.เชียงใหม่ เขต 3,13,24.36,10.05,28.57,19.41,31.87,16.95,25.64,19.19,25.64,19.19
2568,102,บ้านเหมืองแร่,ฝาง,กลาง,นอกเมือง,สำนักงานคณะกรรมการการศึกษาขั้นพื้นฐาน,สพป.เชียงใหม่ เขต 3,11,21.97,11.39,35.06,11.17,24.68,17.33,27.27,34.28,21.21,21.43
2568,103,ฝางชนูปถัมภ์,ฝาง,ใหญ่,นอกเมือง,สำนักงานคณะกรรมการการศึกษาขั้นพื้นฐาน,สำนักงานเขตพื้นที่การศึกษามัธยมศึกษาเชียงใหม่,235,26.84,12.45,29.67,18.28,29.54,17.90,23.40,22.08,26.95,24.83
2568,104,ฝางธรรมศึกษา,ฝาง,เล็ก,นอกเมือง,สำนักงานการศึกษาพระปริยัติธรรม แผนกสามัญศึกษา,สำนักเขตการศึกษาพระปริยัติธรรมฯ เขต  5,14,25.00,8.91,32.65,14.72,17.35,15.44,19.05,27.36,28.57,24.74
2568,105,รังษีวิทยา,ฝาง,ใหญ่พิเศษ,นอกเมือง,สำนักงานคณะกรรมการส่งเสริมการศึกษาเอกชน,-,190,43.55,20.57,50.08,28.71,39.70,22.68,41.40,26.59,40.00,31.57
2568,106,รัตนาเอื้อวิทยา,ฝาง,ใหญ่,นอกเมือง,สำนักงานคณะกรรมการส่งเสริมการศึกษาเอกชน,-,93,35.93,17.71,44.24,26.34,32.72,21.73,39.43,27.19,43.01,29.16
2568,107,วัดเจดีย์งามปริยัติวิทยา,ฝาง,เล็ก,นอกเมือง,สำนักงานการศึกษาพระปริยัติธรรม แผนกสามัญศึกษา,สำนักเขตการศึกษาพระปริยัติธรรมฯ เขต  5,16,21.35,8.32,22.32,16.73,38.39,15.75,29.17,19.98,20.83,19.98
2568,108,วัดนันทาราม,ฝาง,กลาง,นอกเมือง,สำนักงานคณะกรรมการการศึกษาขั้นพื้นฐาน,สพป.เชียงใหม่ เขต 3,7,16.67,13.36,24.49,10.00,22.45,23.97,38.10,27.77,14.29,16.50
2568,109,วัดพระบาทอุดม,ฝาง,เล็ก,นอกเมือง,สำนักงานการศึกษาพระปริยัติธรรม แผนกสามัญศึกษา,สำนักเขตการศึกษาพระปริยัติธรรมฯ เขต  5,14,23.21,10.53,22.45,15.00,37.76,19.17,16.67,30.21,28.57,17.17
2568,110,สายอักษร,ฝาง,กลาง,นอกเมือง,สำนักงานคณะกรรมการส่งเสริมการศึกษาเอกชน,-,30,30.28,13.52,48.10,23.18,34.29,18.29,31.11,24.24,41.11,23.86
2568,111,เขื่อนผากวิทยา,พร้าว,เล็ก,นอกเมือง,สำนักงานการศึกษาพระปริยัติธรรม แผนกสามัญศึกษา,สำนักเขตการศึกษาพระปริยัติธรรมฯ เขต  5,10,34.17,16.44,50.00,26.53,22.86,21.38,30.00,23.33,30.00,27.69
2568,112,ชุมชนบ้านโป่ง,พร้าว,เล็ก,นอกเมือง,สำนักงานคณะกรรมการการศึกษาขั้นพื้นฐาน,สพป.เชียงใหม่ เขต 2,5,25.00,11.79,37.14,14.57,28.57,9.04,0.00,0.00,26.67,24.94
2568,113,บ้านนาบุญโหล่งขอด,พร้าว,เล็ก,นอกเมือง,สำนักงานคณะกรรมการการศึกษาขั้นพื้นฐาน,สพป.เชียงใหม่ เขต 2,15,27.22,17.34,33.33,27.44,28.57,16.50,15.56,20.61,31.11,28.46
2568,114,บ้านแม่ปั๋ง,พร้าว,เล็ก,นอกเมือง,สำนักงานคณะกรรมการการศึกษาขั้นพื้นฐาน,สพป.เชียงใหม่ เขต 2,17,31.37,16.05,37.82,16.21,31.09,14.89,27.45,26.16,29.41,19.41
2568,115,บ้านแม่ปาคี,พร้าว,เล็ก,นอกเมือง,สำนักงานคณะกรรมการการศึกษาขั้นพื้นฐาน,สพป.เชียงใหม่ เขต 2,8,27.08,13.66,23.21,23.62,26.79,15.05,29.17,30.90,33.33,16.67
2568,116,บ้านแม่เหียะ,พร้าว,เล็ก,นอกเมือง,สำนักงานคณะกรรมการการศึกษาขั้นพื้นฐาน,สพป.เชียงใหม่ เขต 2,14,24.40,8.61,35.71,21.43,26.53,13.07,16.67,16.67,23.81,23.33
2568,117,บ้านสันกลาง,พร้าว,เล็ก,นอกเมือง,สำนักงานคณะกรรมการการศึกษาขั้นพื้นฐาน,สพป.เชียงใหม่ เขต 2,5,30.00,6.67,31.43,10.69,40.00,21.00,6.67,13.33,33.33,36.51
2568,118,บ้านสันปง,พร้าว,เล็ก,นอกเมือง,สำนักงานคณะกรรมการการศึกษาขั้นพื้นฐาน,สพป.เชียงใหม่ เขต 2,7,22.62,7.34,30.61,14.14,34.69,12.91,9.52,15.06,14.29,16.50
2568,119,บ้านหนองปิด,พร้าว,เล็ก,นอกเมือง,สำนักงานคณะกรรมการการศึกษาขั้นพื้นฐาน,สพป.เชียงใหม่ เขต 2,8,27.08,9.08,57.14,21.43,25.00,11.85,4.17,11.02,16.67,16.67
2568,120,พร้าวบูรพา,พร้าว,เล็ก,นอกเมือง,สำนักงานคณะกรรมการการศึกษาขั้นพื้นฐาน,สพป.เชียงใหม่ เขต 2,5,30.00,11.30,31.43,21.00,28.57,9.04,33.33,21.08,26.67,24.94
2568,121,พร้าววิทยาคม,พร้าว,ใหญ่,นอกเมือง,สำนักงานคณะกรรมการการศึกษาขั้นพื้นฐาน,สำนักงานเขตพื้นที่การศึกษามัธยมศึกษาเชียงใหม่,156,29.97,16.01,32.78,21.17,32.05,20.10,34.62,29.21,28.21,23.92
2568,122,สหกรณ์ดำริ,พร้าว,เล็ก,นอกเมือง,สำนักงานคณะกรรมการการศึกษาขั้นพื้นฐาน,สพป.เชียงใหม่ เขต 2,4,18.75,6.91,50.00,12.37,10.71,6.19,16.67,28.87,33.33,23.57
2568,123,กสิณธร เซนต์เจมส์ เชียงใหม่,เมืองเชียงใหม่,เล็ก,ในเมือง,สำนักงานคณะกรรมการส่งเสริมการศึกษาเอกชน,-,9,62.96,23.93,77.78,20.33,47.62,23.33,77.78,31.43,81.48,22.83
2568,124,กาวิละวิทยาลัย,เมืองเชียงใหม่,ใหญ่,ในเมือง,สำนักงานคณะกรรมการการศึกษาขั้นพื้นฐาน,สำนักงานเขตพื้นที่การศึกษามัธยมศึกษาเชียงใหม่,211,27.17,14.83,36.90,22.28,30.26,17.20,28.91,27.37,25.75,24.19
2568,125,โกวิทธำรงเชียงใหม่,เมืองเชียงใหม่,ใหญ่,ในเมือง,สำนักงานคณะกรรมการส่งเสริมการศึกษาเอกชน,-,133,28.88,18.27,37.59,22.94,29.00,18.86,24.06,28.72,35.09,27.52
2568,126,จิตราวิทยา,เมืองเชียงใหม่,ใหญ่,ในเมือง,สำนักงานคณะกรรมการส่งเสริมการศึกษาเอกชน,-,70,29.17,17.58,40.61,24.82,31.02,21.46,35.24,27.54,28.57,24.09
2568,127,ชุมชนบ้านบวกครกน้อย,เมืองเชียงใหม่,กลาง,ในเมือง,สำนักงานคณะกรรมการการศึกษาขั้นพื้นฐาน,สพป.เชียงใหม่ เขต 1,32,46.87,24.00,63.39,27.42,58.04,27.42,43.75,22.73,58.33,33.33
2568,128,ชุมชนวัดท่าเดื่อ,เมืองเชียงใหม่,เล็ก,ในเมือง,สำนักงานคณะกรรมการการศึกษาขั้นพื้นฐาน,สพป.เชียงใหม่ เขต 1,43,26.94,11.20,40.86,18.38,30.23,16.36,28.68,26.49,31.78,28.71
2568,129,เชตุพนศึกษา,เมืองเชียงใหม่,เล็ก,ในเมือง,สำนักงานการศึกษาพระปริยัติธรรม แผนกสามัญศึกษา,สำนักเขตการศึกษาพระปริยัติธรรมฯ เขต  5,44,19.51,11.51,29.22,17.75,25.00,16.44,23.48,29.80,26.52,28.05
2568,130,เชียงใหม่คริสเตียน,เมืองเชียงใหม่,ใหญ่,ในเมือง,สำนักงานคณะกรรมการส่งเสริมการศึกษาเอกชน,-,75,27.56,15.81,44.00,22.35,36.00,23.49,36.00,26.53,49.78,35.01
2568,131,ดาราวิทยาลัย,เมืองเชียงใหม่,ใหญ่พิเศษ,ในเมือง,สำนักงานคณะกรรมการส่งเสริมการศึกษาเอกชน,-,329,39.72,23.07,53.45,27.84,40.90,24.41,46.40,31.96,39.11,31.57
2568,132,เทพบดินทร์วิทยาเชียงใหม่,เมืองเชียงใหม่,ใหญ่,ในเมือง,สำนักงานคณะกรรมการส่งเสริมการศึกษาเอกชน,-,163,25.15,14.25,33.65,18.43,27.70,17.81,22.29,21.55,28.43,25.11
2568,133,เทศบาลวัดท่าสะต๋อย,เมืองเชียงใหม่,กลาง,ในเมือง,กรมส่งเสริมการปกครองท้องถิ่น,ท้องถิ่นจังหวัดเชียงใหม่,51,32.84,16.94,42.30,24.98,33.05,17.55,31.37,30.54,27.45,29.30
2568,134,เทศบาลวัดศรีปิงเมือง,เมืองเชียงใหม่,กลาง,ในเมือง,กรมส่งเสริมการปกครองท้องถิ่น,ท้องถิ่นจังหวัดเชียงใหม่,31,23.39,15.18,45.62,21.29,21.20,16.18,22.58,19.65,29.03,21.98
2568,135,ธรรมเมธีศึกษา,เมืองเชียงใหม่,เล็ก,ในเมือง,สำนักงานการศึกษาพระปริยัติธรรม แผนกสามัญศึกษา,สำนักเขตการศึกษาพระปริยัติธรรมฯ เขต  5,9,23.15,9.44,14.29,11.66,23.81,15.06,22.22,27.22,25.93,13.86
2568,136,ธรรมราชศึกษา,เมืองเชียงใหม่,กลาง,ในเมือง,สำนักงานคณะกรรมการส่งเสริมการศึกษาเอกชน,-,137,24.82,13.45,31.18,18.61,27.95,16.90,22.87,23.40,27.25,23.90
2568,137,บ้านดอนปิน,เมืองเชียงใหม่,กลาง,ในเมือง,สำนักงานคณะกรรมการการศึกษาขั้นพื้นฐาน,สพป.เชียงใหม่ เขต 1,32,27.60,13.08,34.82,20.18,33.48,18.77,33.33,25.00,34.37,25.66
2568,138,บ้านโป่งน้อย,เมืองเชียงใหม่,กลาง,ในเมือง,สำนักงานคณะกรรมการการศึกษาขั้นพื้นฐาน,สพป.เชียงใหม่ เขต 1,18,79.63,26.96,75.40,30.42,80.95,27.77,81.48,29.86,85.19,25.39
2568,139,ปรินส์รอยแยลส์วิทยาลัย,เมืองเชียงใหม่,ใหญ่พิเศษ,ในเมือง,สำนักงานคณะกรรมการส่งเสริมการศึกษาเอกชน,-,544,58.32,24.25,70.96,25.12,57.51,25.88,60.29,33.40,55.76,33.08
2568,140,พระหฤทัยเชียงใหม่,เมืองเชียงใหม่,ใหญ่,ในเมือง,สำนักงานคณะกรรมการส่งเสริมการศึกษาเอกชน,-,88,41.00,20.92,58.12,28.88,56.66,28.12,38.26,24.89,57.20,35.52
2568,141,พิงครัตน์,เมืองเชียงใหม่,เล็ก,ในเมือง,สำนักงานคณะกรรมการส่งเสริมการศึกษาเอกชน,-,2,54.17,20.83,78.57,21.43,71.43,28.57,50.00,16.67,66.67,33.33
2568,142,มงฟอร์ตวิทยาลัย แผนกมัธยม,เมืองเชียงใหม่,ใหญ่พิเศษ,ในเมือง,สำนักงานคณะกรรมการส่งเสริมการศึกษาเอกชน,-,125,56.40,17.64,89.03,18.62,69.37,26.35,65.87,26.49,68.00,24.00
2568,143,เมตตาศึกษา,เมืองเชียงใหม่,กลาง,ในเมือง,สำนักงานคณะกรรมการส่งเสริมการศึกษาเอกชน,-,59,26.27,14.94,29.54,20.01,33.66,22.59,32.77,24.92,33.33,30.07
2568,144,ยุพราชวิทยาลัย,เมืองเชียงใหม่,ใหญ่พิเศษ,ในเมือง,สำนักงานคณะกรรมการการศึกษาขั้นพื้นฐาน,สำนักงานเขตพื้นที่การศึกษามัธยมศึกษาเชียงใหม่,550,44.86,18.80,70.73,25.77,55.58,24.78,53.09,27.22,58.18,29.14
2568,145,ยุวฑูตศึกษาพัฒนาราชพฤกษ์,เมืองเชียงใหม่,กลาง,ในเมือง,สำนักงานคณะกรรมการส่งเสริมการศึกษาเอกชน,-,21,74.60,14.43,86.39,14.94,76.19,16.69,82.54,24.38,87.30,28.13
2568,146,เรยีนาเชลีวิทยาลัย,เมืองเชียงใหม่,ใหญ่,ในเมือง,สำนักงานคณะกรรมการส่งเสริมการศึกษาเอกชน,-,125,39.07,21.20,54.06,24.15,36.11,22.10,40.53,34.15,37.07,28.04
2568,147,วชิรวิทย์ เชียงใหม่,เมืองเชียงใหม่,กลาง,ในเมือง,สำนักงานคณะกรรมการส่งเสริมการศึกษาเอกชน,-,54,38.73,21.41,56.88,25.12,34.66,21.58,45.68,32.90,37.65,27.25
2568,148,วัฒโนทัยพายัพ,เมืองเชียงใหม่,ใหญ่พิเศษ,ในเมือง,สำนักงานคณะกรรมการการศึกษาขั้นพื้นฐาน,สำนักงานเขตพื้นที่การศึกษามัธยมศึกษาเชียงใหม่,469,32.87,16.22,54.10,27.38,42.98,22.27,43.78,25.33,45.77,30.54
2568,149,วัดช่างเคี่ยน,เมืองเชียงใหม่,กลาง,ในเมือง,สำนักงานคณะกรรมการการศึกษาขั้นพื้นฐาน,สพป.เชียงใหม่ เขต 1,16,24.48,9.07,25.89,16.92,24.11,20.65,18.75,20.31,33.33,26.35
2568,150,วัดดอนจั่น,เมืองเชียงใหม่,กลาง,ในเมือง,สำนักงานคณะกรรมการการศึกษาขั้นพื้นฐาน,สพป.เชียงใหม่ เขต 1,30,29.17,14.39,31.90,15.07,25.24,17.57,28.89,25.43,24.44,20.96
2568,151,วัดวังสิงห์คำ,เมืองเชียงใหม่,กลาง,ในเมือง,สำนักงานคณะกรรมการการศึกษาขั้นพื้นฐาน,สพป.เชียงใหม่ เขต 1,19,29.82,16.52,30.83,18.11,38.35,18.57,43.86,34.29,35.09,29.57
2568,152,วารีเชียงใหม่,เมืองเชียงใหม่,ใหญ่พิเศษ,ในเมือง,สำนักงานคณะกรรมการส่งเสริมการศึกษาเอกชน,-,170,51.81,22.44,71.85,25.43,52.77,28.78,55.88,34.79,54.90,33.80
2568,153,วิชัยวิทยา,เมืองเชียงใหม่,กลาง,ในเมือง,สำนักงานคณะกรรมการส่งเสริมการศึกษาเอกชน,-,9,55.56,16.20,82.54,16.19,68.25,21.06,74.07,26.19,66.67,27.22
2568,154,วิทยาลัยนาฎศิลปเชียงใหม่,เมืองเชียงใหม่,กลาง,ในเมือง,สถาบันบัณฑิตพัฒนศิลป์ (ปวช.),-,37,25.45,14.75,37.84,26.20,37.84,21.83,44.14,26.91,29.73,30.79
2568,155,สมเด็จพระพุทธชินวงศ์,เมืองเชียงใหม่,กลาง,ในเมือง,สำนักงานการศึกษาพระปริยัติธรรม แผนกสามัญศึกษา,สำนักเขตการศึกษาพระปริยัติธรรมฯ เขต  5,21,29.76,9.47,28.57,15.27,25.17,15.21,31.75,21.76,28.57,27.77
2568,156,สอนคนตาบอดภาคเหนือ,เมืองเชียงใหม่,เล็ก,ในเมือง,สำนักบริหารงานการศึกษาพิเศษ,-,0,-,-,-,-,-,-,-,-,-,-
2568,157,สังวาลย์วิทยา,เมืองเชียงใหม่,เล็ก,ในเมือง,สำนักงานคณะกรรมการการศึกษาขั้นพื้นฐาน,สพป.เชียงใหม่ เขต 1,17,33.33,13.71,40.34,25.57,26.05,15.68,23.53,27.45,39.22,30.75
2568,158,สาธิตมหาวิทยาลัยเชียงใหม่,เมืองเชียงใหม่,ใหญ่,ในเมือง,สำนักงานปลัดกระทรวงการอุดมศึกษาฯ,-,205,61.26,21.63,83.07,23.12,71.08,24.74,60.33,25.46,72.85,27.25
2568,159,สามัคคีวิทยาทาน,เมืองเชียงใหม่,เล็ก,ในเมือง,สำนักงานการศึกษาพระปริยัติธรรม แผนกสามัญศึกษา,สำนักเขตการศึกษาพระปริยัติธรรมฯ เขต  5,30,22.78,11.17,26.67,14.63,27.14,11.87,16.67,20.64,32.22,27.87
2568,160,สารสาสน์วิเทศเชียงใหม่,เมืองเชียงใหม่,ใหญ่,ในเมือง,สำนักงานคณะกรรมการส่งเสริมการศึกษาเอกชน,-,59,42.51,20.96,57.14,25.09,35.35,25.68,44.07,24.88,40.11,29.29
2568,161,สารสาสน์วิเทศล้านนา,เมืองเชียงใหม่,ใหญ่,ในเมือง,สำนักงานคณะกรรมการส่งเสริมการศึกษาเอกชน,-,33,38.13,20.72,51.52,24.10,42.42,19.10,45.45,36.53,39.39,26.53
2568,162,โสตศึกษาอนุสารสุนทร,เมืองเชียงใหม่,เล็ก,ในเมือง,สำนักบริหารงานการศึกษาพิเศษ,-,0,-,-,-,-,-,-,-,-,-,-
2568,163,หอพระ,เมืองเชียงใหม่,กลาง,ในเมือง,สำนักงานคณะกรรมการการศึกษาขั้นพื้นฐาน,สำนักงานเขตพื้นที่การศึกษามัธยมศึกษาเชียงใหม่,81,26.54,13.10,26.63,16.15,28.57,19.70,32.92,28.45,23.05,22.62
2568,164,อนุบาลหนองป่าครั่ง,เมืองเชียงใหม่,เล็ก,ในเมือง,กรมส่งเสริมการปกครองท้องถิ่น,ท้องถิ่นจังหวัดเชียงใหม่,10,37.50,19.09,38.57,24.78,37.14,22.31,30.00,31.45,30.00,23.33
2568,165,อภัยอริยศึกษา,เมืองเชียงใหม่,เล็ก,ในเมือง,สำนักงานการศึกษาพระปริยัติธรรม แผนกสามัญศึกษา,สำนักเขตการศึกษาพระปริยัติธรรมฯ เขต  5,5,31.67,13.33,42.86,20.20,20.00,14.57,26.67,24.94,33.33,29.81
2568,166,เซนต์โยเซฟแม่แจ่ม,แม่แจ่ม,กลาง,นอกเมือง,สำนักงานคณะกรรมการส่งเสริมการศึกษาเอกชน,-,31,29.57,16.78,35.94,18.46,17.97,13.56,31.18,31.61,30.11,27.24
2568,167,บ้านกองแขก,แม่แจ่ม,เล็ก,นอกเมือง,สำนักงานคณะกรรมการการศึกษาขั้นพื้นฐาน,สพป.เชียงใหม่ เขต 6,13,48.72,19.02,72.53,22.03,45.05,33.08,48.72,30.98,53.85,38.20
2568,168,บ้านขุนแม่หยอด,แม่แจ่ม,เล็ก,นอกเมือง,สำนักงานคณะกรรมการการศึกษาขั้นพื้นฐาน,สพป.เชียงใหม่ เขต 6,8,25.00,11.02,26.79,21.94,19.64,14.17,20.83,33.07,25.00,32.27
2568,169,บ้านทุ่งแก,แม่แจ่ม,เล็ก,นอกเมือง,สำนักงานคณะกรรมการการศึกษาขั้นพื้นฐาน,สพป.เชียงใหม่ เขต 6,11,20.45,11.98,27.27,16.63,35.06,18.64,18.18,21.85,30.30,26.42
2568,170,บ้านปางหินฝน,แม่แจ่ม,เล็ก,นอกเมือง,สำนักงานคณะกรรมการการศึกษาขั้นพื้นฐาน,สพป.เชียงใหม่ เขต 6,13,36.54,8.36,84.62,3.81,41.76,3.81,48.72,21.14,61.54,12.03
2568,171,บ้านปางอุ๋ง,แม่แจ่ม,กลาง,นอกเมือง,สำนักงานคณะกรรมการการศึกษาขั้นพื้นฐาน,สพป.เชียงใหม่ เขต 6,9,25.00,9.62,25.40,16.19,20.63,9.78,11.11,15.71,29.63,24.57
2568,172,บ้านแม่ซา,แม่แจ่ม,เล็ก,นอกเมือง,สำนักงานคณะกรรมการการศึกษาขั้นพื้นฐาน,สพป.เชียงใหม่ เขต 6,7,19.05,10.65,22.45,10.41,16.33,5.00,28.57,27.77,28.57,11.66
2568,173,บ้านแม่นาจร,แม่แจ่ม,กลาง,นอกเมือง,สำนักงานคณะกรรมการการศึกษาขั้นพื้นฐาน,สพป.เชียงใหม่ เขต 6,21,23.02,9.93,29.25,17.34,21.09,12.94,15.87,22.11,38.10,31.35
2568,174,บ้านแม่ศึก (มูลนิธิธรรมมาภิรักษ์อุปถัมภ์ที่ 2),แม่แจ่ม,เล็ก,นอกเมือง,สำนักงานคณะกรรมการการศึกษาขั้นพื้นฐาน,สพป.เชียงใหม่ เขต 6,4,20.83,12.50,35.71,23.69,25.00,18.56,8.33,14.43,33.33,23.57
2568,175,บ้านแม่หงานหลวง,แม่แจ่ม,เล็ก,นอกเมือง,สำนักงานคณะกรรมการการศึกษาขั้นพื้นฐาน,สพป.เชียงใหม่ เขต 6,4,20.83,9.32,28.57,14.29,35.71,15.97,8.33,14.43,33.33,23.57
2568,176,บ้านแม่เอาะ,แม่แจ่ม,เล็ก,นอกเมือง,สำนักงานคณะกรรมการการศึกษาขั้นพื้นฐาน,สพป.เชียงใหม่ เขต 6,7,23.81,10.38,55.10,19.36,18.37,12.58,33.33,17.82,57.14,34.34
2568,177,บ้านแม่แฮเหนือ,แม่แจ่ม,กลาง,นอกเมือง,สำนักงานคณะกรรมการการศึกษาขั้นพื้นฐาน,สพป.เชียงใหม่ เขต 6,37,19.14,13.54,27.80,14.46,24.32,15.88,25.23,26.17,28.83,23.46
2568,178,บ้านโม่งหลวง,แม่แจ่ม,เล็ก,นอกเมือง,สำนักงานคณะกรรมการการศึกษาขั้นพื้นฐาน,สพป.เชียงใหม่ เขต 6,17,23.04,11.62,23.53,12.91,21.01,17.06,45.10,25.41,29.41,29.99
2568,179,แม่แจ่ม,แม่แจ่ม,ใหญ่,นอกเมือง,สำนักงานคณะกรรมการการศึกษาขั้นพื้นฐาน,สำนักงานเขตพื้นที่การศึกษามัธยมศึกษาเชียงใหม่,166,26.91,15.46,30.81,17.88,26.42,17.22,27.51,26.38,29.12,26.43
2568,180,แม่แจ่มปริยัติศึกษา,แม่แจ่ม,เล็ก,นอกเมือง,สำนักงานการศึกษาพระปริยัติธรรม แผนกสามัญศึกษา,สำนักเขตการศึกษาพระปริยัติธรรมฯ เขต  5,18,25.00,13.89,30.16,14.97,35.71,19.78,35.19,28.27,27.78,22.91
2568,181,ราชประชานุเคราะห์ 31,แม่แจ่ม,กลาง,นอกเมือง,สำนักบริหารงานการศึกษาพิเศษ,-,134,22.01,14.05,29.85,19.47,23.56,17.73,25.37,24.83,33.33,27.62
2568,182,สาธิตชุมชนการเรียนรู้สมเด็จย่า วิทยาลัยโพธิวิชชาลัย มหาวิทยาลัยศรีนครินทรวิโรฒ แม่แจ่ม,แม่แจ่ม,เล็ก,นอกเมือง,สำนักงานปลัดกระทรวงการอุดมศึกษาฯ,-,23,22.10,12.44,33.54,14.96,26.09,12.39,24.64,22.45,21.74,21.10
2568,183,อินทนนท์วิทยา,แม่แจ่ม,เล็ก,นอกเมือง,สำนักงานคณะกรรมการการศึกษาขั้นพื้นฐาน,สพป.เชียงใหม่ เขต 6,12,22.92,12.79,33.33,18.75,23.81,10.65,16.67,16.67,16.67,28.87
2568,184,ชุมชนวัดช่อแล,แม่แตง,เล็ก,นอกเมือง,สำนักงานคณะกรรมการการศึกษาขั้นพื้นฐาน,สพป.เชียงใหม่ เขต 2,22,34.09,12.29,39.61,20.17,25.97,15.31,30.30,24.43,37.88,20.83
2568,185,เชียงใหม่มัธยม,แม่แตง,ใหญ่,นอกเมือง,สำนักงานคณะกรรมการส่งเสริมการศึกษาเอกชน,-,41,34.35,16.79,52.26,25.56,40.42,23.38,47.97,24.47,52.85,30.33
2568,186,บ้านปง,แม่แตง,เล็ก,นอกเมือง,สำนักงานคณะกรรมการการศึกษาขั้นพื้นฐาน,สพป.เชียงใหม่ เขต 2,8,23.96,14.69,37.50,21.35,35.71,10.10,29.17,30.90,20.83,23.20
2568,187,บ้านปางไม้แดง,แม่แตง,เล็ก,นอกเมือง,สำนักงานคณะกรรมการการศึกษาขั้นพื้นฐาน,สพป.เชียงใหม่ เขต 2,11,25.76,17.21,38.96,19.35,19.48,15.26,24.24,14.85,30.30,26.42
2568,188,บ้านปางห้วยตาด,แม่แตง,เล็ก,นอกเมือง,สำนักงานคณะกรรมการการศึกษาขั้นพื้นฐาน,สพป.เชียงใหม่ เขต 2,3,19.44,3.93,33.33,6.73,38.10,17.82,11.11,15.71,33.33,27.22
2568,189,บ้านเป้าวิทยาคาร,แม่แตง,เล็ก,นอกเมือง,สำนักงานคณะกรรมการการศึกษาขั้นพื้นฐาน,สพป.เชียงใหม่ เขต 2,5,28.33,17.95,45.71,21.00,20.00,17.14,20.00,16.33,33.33,42.16
2568,190,บ้านเมืองกื้ด,แม่แตง,เล็ก,นอกเมือง,สำนักงานคณะกรรมการการศึกษาขั้นพื้นฐาน,สพป.เชียงใหม่ เขต 2,19,19.74,10.54,24.81,13.78,24.81,18.45,22.81,24.31,36.84,21.34
2568,191,บ้านแม่ไคร้,แม่แตง,เล็ก,นอกเมือง,สำนักงานคณะกรรมการการศึกษาขั้นพื้นฐาน,สพป.เชียงใหม่ เขต 2,7,23.81,12.14,34.69,16.83,6.12,10.41,33.33,30.86,33.33,25.20
2568,192,บ้านแม่ตะมาน,แม่แตง,เล็ก,นอกเมือง,สำนักงานคณะกรรมการการศึกษาขั้นพื้นฐาน,สพป.เชียงใหม่ เขต 2,10,24.17,16.01,35.71,14.64,40.00,17.84,30.00,23.33,20.00,16.33
2568,193,ป่าจี้วังแดงวิทยา,แม่แตง,เล็ก,นอกเมือง,สำนักงานคณะกรรมการการศึกษาขั้นพื้นฐาน,สพป.เชียงใหม่ เขต 2,15,21.11,5.98,29.52,16.05,24.76,18.42,31.11,25.72,22.22,26.29
2568,194,ป่าแป๋วิทยา,แม่แตง,เล็ก,นอกเมือง,สำนักงานคณะกรรมการการศึกษาขั้นพื้นฐาน,สพป.เชียงใหม่ เขต 2,20,23.75,13.76,27.86,17.19,20.00,13.85,20.00,24.49,31.67,19.65
2568,195,พระปริยัติธรรมแม่แตงวิทยา,แม่แตง,เล็ก,นอกเมือง,สำนักงานการศึกษาพระปริยัติธรรม แผนกสามัญศึกษา,สำนักเขตการศึกษาพระปริยัติธรรมฯ เขต  5,7,17.86,9.37,34.69,21.40,26.53,11.90,14.29,16.50,23.81,23.33
2568,196,แม่แตง,แม่แตง,กลาง,นอกเมือง,สำนักงานคณะกรรมการการศึกษาขั้นพื้นฐาน,สำนักงานเขตพื้นที่การศึกษามัธยมศึกษาเชียงใหม่,98,28.66,15.52,40.23,26.00,36.15,19.38,39.46,24.90,39.12,28.18
2568,197,แม่หอพระวิทยาคม,แม่แตง,เล็ก,นอกเมือง,สำนักงานคณะกรรมการการศึกษาขั้นพื้นฐาน,สำนักงานเขตพื้นที่การศึกษามัธยมศึกษาเชียงใหม่,28,18.45,12.86,28.57,21.26,29.59,16.17,33.33,28.17,30.95,26.62
2568,198,ร่ำเปิงวิทยา,แม่แตง,กลาง,นอกเมือง,สำนักงานคณะกรรมการการศึกษาขั้นพื้นฐาน,สพป.เชียงใหม่ เขต 2,15,39.44,9.36,53.33,15.18,30.48,8.83,60.00,21.77,24.44,25.72
2568,199,วัดท่าข้าม,แม่แตง,เล็ก,นอกเมือง,สำนักงานคณะกรรมการการศึกษาขั้นพื้นฐาน,สพป.เชียงใหม่ เขต 2,8,22.92,9.99,23.21,15.87,28.57,17.50,25.00,27.64,25.00,22.05
2568,200,วัดบ้านเหล่า,แม่แตง,เล็ก,นอกเมือง,สำนักงานคณะกรรมการการศึกษาขั้นพื้นฐาน,สพป.เชียงใหม่ เขต 2,7,17.86,8.25,20.41,12.91,22.45,15.00,28.57,21.30,19.05,16.50
2568,201,วัดปางมะกล้วย,แม่แตง,เล็ก,นอกเมือง,สำนักงานคณะกรรมการการศึกษาขั้นพื้นฐาน,สพป.เชียงใหม่ เขต 2,8,18.75,9.08,21.43,10.10,21.43,21.43,20.83,16.14,16.67,16.67
2568,202,สบเปิงวิทยา,แม่แตง,กลาง,นอกเมือง,สำนักงานคณะกรรมการการศึกษาขั้นพื้นฐาน,สพป.เชียงใหม่ เขต 2,25,23.67,12.84,32.00,13.57,28.00,18.73,34.67,27.46,22.67,24.44
2568,203,สันป่ายางวิทยาคม,แม่แตง,เล็ก,นอกเมือง,สำนักงานคณะกรรมการการศึกษาขั้นพื้นฐาน,สำนักงานเขตพื้นที่การศึกษามัธยมศึกษาเชียงใหม่,16,27.08,9.99,28.57,15.15,25.00,11.85,20.83,26.02,27.08,29.39
2568,204,สันมหาพนวิทยา,แม่แตง,เล็ก,นอกเมือง,สำนักงานคณะกรรมการการศึกษาขั้นพื้นฐาน,สพป.เชียงใหม่ เขต 2,19,25.00,12.97,27.82,13.49,27.82,20.45,28.07,24.81,29.82,21.34
2568,205,อนุบาลสานสายใยรักเทศบาลเมืองเมืองแกนพัฒนา,แม่แตง,กลาง,นอกเมือง,กรมส่งเสริมการปกครองท้องถิ่น,ท้องถิ่นจังหวัดเชียงใหม่,11,22.73,10.71,38.96,18.37,18.18,16.22,27.27,31.20,30.30,30.00
2568,206,เจ้าพ่อหลวงอุปถัมภ์ 7,แม่ริม,เล็ก,นอกเมือง,สำนักงานคณะกรรมการการศึกษาขั้นพื้นฐาน,สพป.เชียงใหม่ เขต 2,5,35.00,13.33,28.57,20.20,17.14,10.69,13.33,16.33,6.67,13.33
2568,207,นวมินทราชูทิศ พายัพ,แม่ริม,ใหญ่,นอกเมือง,สำนักงานคณะกรรมการการศึกษาขั้นพื้นฐาน,สำนักงานเขตพื้นที่การศึกษามัธยมศึกษาเชียงใหม่,329,26.98,14.93,39.25,24.93,35.61,22.08,37.39,26.95,35.66,30.94
2568,208,บ้านทุ่งโป่ง,แม่ริม,กลาง,นอกเมือง,สำนักงานคณะกรรมการการศึกษาขั้นพื้นฐาน,สพป.เชียงใหม่ เขต 2,16,21.87,13.46,34.82,24.21,15.18,12.85,33.33,35.36,14.58,16.54
2568,209,บ้านป่าติ้ว,แม่ริม,เล็ก,นอกเมือง,สำนักงานคณะกรรมการการศึกษาขั้นพื้นฐาน,สพป.เชียงใหม่ เขต 2,11,24.24,11.49,32.47,15.03,23.38,16.43,9.09,14.85,27.27,23.86
2568,210,บ้านแม่สา,แม่ริม,กลาง,นอกเมือง,สำนักงานคณะกรรมการการศึกษาขั้นพื้นฐาน,สพป.เชียงใหม่ เขต 2,6,37.50,7.98,42.86,11.66,14.29,11.66,44.44,24.85,27.78,29.92
2568,211,บ้านศาลา,แม่ริม,กลาง,นอกเมือง,กรมส่งเสริมการปกครองท้องถิ่น,ท้องถิ่นจังหวัดเชียงใหม่,55,26.82,13.07,38.18,20.93,28.05,16.78,29.70,29.59,24.85,24.80
2568,212,บ้านสะลวงนอก,แม่ริม,เล็ก,นอกเมือง,สำนักงานคณะกรรมการการศึกษาขั้นพื้นฐาน,สพป.เชียงใหม่ เขต 2,17,23.04,16.05,30.25,16.89,27.73,22.70,25.49,24.33,33.33,19.80
2568,213,บ้านสันคะยอม,แม่ริม,เล็ก,นอกเมือง,สำนักงานคณะกรรมการการศึกษาขั้นพื้นฐาน,สพป.เชียงใหม่ เขต 2,6,25.00,8.33,30.95,12.82,26.19,9.82,22.22,31.43,33.33,19.25
2568,214,บ้านหนองปลามัน,แม่ริม,เล็ก,นอกเมือง,สำนักงานคณะกรรมการการศึกษาขั้นพื้นฐาน,สพป.เชียงใหม่ เขต 2,11,21.21,9.64,42.86,22.79,23.38,21.34,18.18,21.85,30.30,30.00
2568,215,แม่ริมวิทยา,แม่ริม,เล็ก,นอกเมือง,สำนักงานการศึกษาพระปริยัติธรรม แผนกสามัญศึกษา,สำนักเขตการศึกษาพระปริยัติธรรมฯ เขต  5,18,22.22,8.33,27.78,13.02,32.54,10.44,18.52,22.83,37.04,26.96
2568,216,แม่ริมวิทยาคม,แม่ริม,ใหญ่,นอกเมือง,สำนักงานคณะกรรมการการศึกษาขั้นพื้นฐาน,สำนักงานเขตพื้นที่การศึกษามัธยมศึกษาเชียงใหม่,312,25.99,13.40,33.38,22.14,31.32,19.42,35.79,27.30,29.81,27.32
2568,217,ราชประชานุเคราะห์ 60 จังหวัดเชียงใหม่,แม่ริม,กลาง,นอกเมือง,สำนักบริหารงานการศึกษาพิเศษ,-,103,22.25,13.16,28.16,15.61,26.07,15.22,22.33,24.31,27.18,25.76
2568,218,บ้านห้วยตอง,แม่วาง,กลาง,นอกเมือง,สำนักงานคณะกรรมการการศึกษาขั้นพื้นฐาน,สพป.เชียงใหม่ เขต 4,24,25.00,13.18,28.57,14.29,32.74,17.24,27.78,22.91,29.17,27.74
2568,219,แม่วางวิทยาคม,แม่วาง,กลาง,นอกเมือง,สำนักงานคณะกรรมการการศึกษาขั้นพื้นฐาน,สำนักงานเขตพื้นที่การศึกษามัธยมศึกษาเชียงใหม่,105,26.83,14.36,34.97,18.18,33.88,19.54,33.97,22.05,27.94,27.65
2568,220,แม่วินสามัคคี,แม่วาง,กลาง,นอกเมือง,สำนักงานคณะกรรมการการศึกษาขั้นพื้นฐาน,สพป.เชียงใหม่ เขต 4,65,22.18,12.93,34.29,18.38,28.57,17.18,25.64,23.94,32.82,22.26
2568,221,วัดมะกับตองหลวง,แม่วาง,เล็ก,นอกเมือง,สำนักงานคณะกรรมการการศึกษาขั้นพื้นฐาน,สพป.เชียงใหม่ เขต 4,7,16.67,8.91,24.49,18.25,22.45,12.91,14.29,24.28,33.33,17.82
2568,222,วัดห้วยแก้ว,แม่วาง,เล็ก,นอกเมือง,สำนักงานคณะกรรมการการศึกษาขั้นพื้นฐาน,สพป.เชียงใหม่ เขต 4,7,25.00,17.82,22.45,18.48,24.49,14.72,28.57,27.77,23.81,23.33
2568,223,สัพพัญญูวิทยา,แม่วาง,เล็ก,นอกเมือง,สำนักงานการศึกษาพระปริยัติธรรม แผนกสามัญศึกษา,สำนักเขตการศึกษาพระปริยัติธรรมฯ เขต  5,2,20.83,4.17,21.43,7.14,28.57,0.00,66.67,0.00,33.33,33.33
2568,224,ทาเหนือวิทยา,แม่ออน,เล็ก,นอกเมือง,สำนักงานคณะกรรมการการศึกษาขั้นพื้นฐาน,สพป.เชียงใหม่ เขต 1,16,31.25,17.55,36.61,28.56,33.93,27.61,33.33,31.18,33.33,26.35
2568,225,แม่ออนวิทยาลัย,แม่ออน,กลาง,นอกเมือง,สำนักงานคณะกรรมการการศึกษาขั้นพื้นฐาน,สำนักงานเขตพื้นที่การศึกษามัธยมศึกษาเชียงใหม่,44,29.36,13.47,34.42,17.58,25.65,16.28,24.24,25.98,27.27,24.90
2568,226,วัดห้วยแก้ว,แม่ออน,เล็ก,นอกเมือง,สำนักงานคณะกรรมการการศึกษาขั้นพื้นฐาน,สพป.เชียงใหม่ เขต 1,14,25.60,12.78,35.71,26.31,23.47,14.89,33.33,25.20,30.95,19.78
2568,227,วัดห้วยทราย,แม่ออน,เล็ก,นอกเมือง,สำนักงานคณะกรรมการการศึกษาขั้นพื้นฐาน,สพป.เชียงใหม่ เขต 1,13,54.49,21.09,82.42,21.81,65.93,26.60,61.54,38.89,61.54,31.61
2568,228,เจ้าพ่อหลวงอุปถัมภ์ 9,แม่อาย,กลาง,นอกเมือง,สำนักงานคณะกรรมการการศึกษาขั้นพื้นฐาน,สพป.เชียงใหม่ เขต 3,31,28.49,14.32,22.12,16.16,30.41,16.53,25.81,27.71,32.26,19.83
2568,229,ชุมชนบ้านคาย,แม่อาย,กลาง,นอกเมือง,สำนักงานคณะกรรมการการศึกษาขั้นพื้นฐาน,สพป.เชียงใหม่ เขต 3,28,36.31,14.98,29.08,24.89,26.02,19.49,34.52,25.95,28.57,23.08
2568,230,ชุมชนบ้านแม่ฮ่าง,แม่อาย,กลาง,นอกเมือง,สำนักงานคณะกรรมการการศึกษาขั้นพื้นฐาน,สพป.เชียงใหม่ เขต 3,26,27.56,18.31,31.87,20.32,32.97,13.00,28.21,25.64,29.49,28.23
2568,231,โชติคุณเกษมบ้านเมืองงาม,แม่อาย,กลาง,นอกเมือง,สำนักงานคณะกรรมการการศึกษาขั้นพื้นฐาน,สพป.เชียงใหม่ เขต 3,30,23.06,11.92,29.05,14.98,24.76,15.18,17.78,18.72,32.22,23.54
2568,232,ไทยรัฐวิทยา 12 (บ้านเอก),แม่อาย,กลาง,นอกเมือง,สำนักงานคณะกรรมการการศึกษาขั้นพื้นฐาน,สพป.เชียงใหม่ เขต 3,29,27.59,12.01,28.57,18.76,28.57,15.01,29.89,25.29,34.48,23.95
2568,233,บ้านท่ามะแกง,แม่อาย,เล็ก,นอกเมือง,สำนักงานคณะกรรมการการศึกษาขั้นพื้นฐาน,สพป.เชียงใหม่ เขต 3,24,33.68,14.73,25.60,19.77,30.36,20.75,19.44,23.41,29.17,22.18
2568,234,บ้านป่าก๊อ,แม่อาย,กลาง,นอกเมือง,สำนักงานคณะกรรมการการศึกษาขั้นพื้นฐาน,สพป.เชียงใหม่ เขต 3,25,23.33,9.72,32.00,11.63,20.57,11.49,17.33,21.33,29.33,23.70
2568,235,บ้านปางต้นเดื่อ,แม่อาย,กลาง,นอกเมือง,สำนักงานคณะกรรมการการศึกษาขั้นพื้นฐาน,สพป.เชียงใหม่ เขต 3,16,26.56,11.49,26.79,14.17,31.25,15.34,29.17,23.20,25.00,25.00
2568,236,บ้านป่าแดง,แม่อาย,กลาง,นอกเมือง,สำนักงานคณะกรรมการการศึกษาขั้นพื้นฐาน,สพป.เชียงใหม่ เขต 3,14,20.83,9.32,27.55,12.62,19.39,13.88,21.43,20.34,19.05,20.76
2568,237,บ้านสันต้นหมื้อ,แม่อาย,กลาง,นอกเมือง,สำนักงานคณะกรรมการการศึกษาขั้นพื้นฐาน,สพป.เชียงใหม่ เขต 3,40,23.54,10.69,34.29,19.38,24.64,14.98,20.83,24.37,28.33,21.79
2568,238,บ้านสุขฤทัย,แม่อาย,กลาง,นอกเมือง,สำนักงานคณะกรรมการการศึกษาขั้นพื้นฐาน,สพป.เชียงใหม่ เขต 3,42,21.03,11.10,25.85,12.56,21.77,13.31,30.16,23.92,23.81,20.94
2568,239,บ้านห้วยคอกหมู,แม่อาย,เล็ก,นอกเมือง,สำนักงานคณะกรรมการการศึกษาขั้นพื้นฐาน,สพป.เชียงใหม่ เขต 3,14,28.57,13.26,20.41,15.00,24.49,8.41,19.05,24.28,19.05,20.76
2568,240,พระปริยัติธรรมวัดท่าตอน,แม่อาย,เล็ก,นอกเมือง,สำนักงานการศึกษาพระปริยัติธรรม แผนกสามัญศึกษา,สำนักเขตการศึกษาพระปริยัติธรรมฯ เขต  5,23,28.99,15.90,30.43,14.78,36.02,16.24,34.78,26.88,36.23,32.47
2568,241,เพียงหลวง 1 (บ้านท่าตอน),แม่อาย,กลาง,นอกเมือง,สำนักงานคณะกรรมการการศึกษาขั้นพื้นฐาน,สพป.เชียงใหม่ เขต 3,59,52.54,19.54,73.12,23.83,47.70,22.57,53.67,34.18,60.45,25.65
2568,242,แม่อายวิทยาคม,แม่อาย,ใหญ่,นอกเมือง,กรมส่งเสริมการปกครองท้องถิ่น,ท้องถิ่นจังหวัดเชียงใหม่,74,25.45,13.06,25.29,17.50,25.29,15.50,20.72,22.40,28.38,25.52
2568,243,ราชประชานุเคราะห์ 30,แม่อาย,กลาง,นอกเมือง,สำนักบริหารงานการศึกษาพิเศษ,-,39,22.44,12.11,31.50,16.87,26.01,15.81,33.33,26.15,29.91,25.92
2568,244,บ้านนามน,เวียงแหง,เล็ก,นอกเมือง,สำนักงานคณะกรรมการการศึกษาขั้นพื้นฐาน,สพป.เชียงใหม่ เขต 3,16,45.31,11.01,36.61,10.06,51.79,19.48,60.42,21.14,64.58,18.52
2568,245,บ้านปางป๋อ,เวียงแหง,เล็ก,นอกเมือง,สำนักงานคณะกรรมการการศึกษาขั้นพื้นฐาน,สพป.เชียงใหม่ เขต 3,15,28.33,14.84,34.29,18.66,30.48,15.53,26.67,21.77,26.67,27.76
2568,246,บ้านเปียงหลวง,เวียงแหง,กลาง,นอกเมือง,สำนักงานคณะกรรมการการศึกษาขั้นพื้นฐาน,สพป.เชียงใหม่ เขต 3,68,30.02,15.79,27.10,22.34,30.67,16.84,29.90,22.24,29.90,25.65
2568,247,เวียงแหงปริยัติศึกษา,เวียงแหง,เล็ก,นอกเมือง,สำนักงานการศึกษาพระปริยัติธรรม แผนกสามัญศึกษา,สำนักเขตการศึกษาพระปริยัติธรรมฯ เขต  5,12,25.69,11.52,23.81,6.73,33.33,16.84,25.00,14.43,22.22,20.79
2568,248,เวียงแหงวิทยาคม,เวียงแหง,ใหญ่,นอกเมือง,สำนักงานคณะกรรมการการศึกษาขั้นพื้นฐาน,สำนักงานเขตพื้นที่การศึกษามัธยมศึกษาเชียงใหม่,158,30.54,16.92,37.88,25.51,31.65,20.79,33.97,28.18,34.39,31.47
2568,249,บ้านบ่อแก้ว,สะเมิง,กลาง,นอกเมือง,สำนักงานคณะกรรมการการศึกษาขั้นพื้นฐาน,สพป.เชียงใหม่ เขต 2,19,24.12,14.78,28.57,17.34,22.56,15.59,17.54,25.06,24.56,21.20
2568,250,บ้านปางขุม,สะเมิง,เล็ก,นอกเมือง,สำนักงานคณะกรรมการการศึกษาขั้นพื้นฐาน,สพป.เชียงใหม่ เขต 2,2,20.83,12.50,14.29,0.00,14.29,14.29,33.33,0.00,16.67,16.67
2568,251,บ้านป่าลาน,สะเมิง,เล็ก,นอกเมือง,สำนักงานคณะกรรมการการศึกษาขั้นพื้นฐาน,สพป.เชียงใหม่ เขต 2,8,33.33,5.89,28.57,17.50,30.36,18.12,29.17,26.02,25.00,27.64
2568,252,บ้านแม่ขะปู,สะเมิง,เล็ก,นอกเมือง,สำนักงานคณะกรรมการการศึกษาขั้นพื้นฐาน,สพป.เชียงใหม่ เขต 2,9,30.56,10.39,22.22,13.65,20.63,16.65,14.81,16.56,37.04,18.89
2568,253,บ้านแม่โต๋,สะเมิง,เล็ก,นอกเมือง,สำนักงานคณะกรรมการการศึกษาขั้นพื้นฐาน,สพป.เชียงใหม่ เขต 2,31,26.61,11.67,29.49,14.02,20.28,16.54,22.58,19.65,26.88,25.99
2568,254,บ้านแม่ยางห้า,สะเมิง,เล็ก,นอกเมือง,สำนักงานคณะกรรมการการศึกษาขั้นพื้นฐาน,สพป.เชียงใหม่ เขต 2,17,25.49,9.25,25.21,17.34,21.85,13.96,23.53,22.18,29.41,27.73
2568,255,บ้านแม่ลานคำ,สะเมิง,เล็ก,นอกเมือง,สำนักงานคณะกรรมการการศึกษาขั้นพื้นฐาน,สพป.เชียงใหม่ เขต 2,14,26.79,8.44,20.41,12.91,27.55,12.62,35.71,19.78,30.95,23.45
2568,256,บ้านแม่แว,สะเมิง,เล็ก,นอกเมือง,สำนักงานคณะกรรมการการศึกษาขั้นพื้นฐาน,สพป.เชียงใหม่ เขต 2,18,22.22,8.78,35.71,21.95,23.81,12.60,29.63,24.57,31.48,23.50
2568,257,วัดงิ้วเฒ่า,สะเมิง,เล็ก,นอกเมือง,สำนักงานคณะกรรมการการศึกษาขั้นพื้นฐาน,สพป.เชียงใหม่ เขต 2,16,30.21,20.39,45.54,22.14,25.00,15.57,37.50,28.57,20.83,26.02
2568,258,วัดยั้งเมิน,สะเมิง,เล็ก,นอกเมือง,สำนักงานคณะกรรมการการศึกษาขั้นพื้นฐาน,สพป.เชียงใหม่ เขต 2,11,23.48,9.28,37.66,23.01,18.18,18.37,36.36,22.27,24.24,20.55
2568,259,วัดสะเมิงวิทยา,สะเมิง,เล็ก,นอกเมือง,สำนักงานการศึกษาพระปริยัติธรรม แผนกสามัญศึกษา,สำนักเขตการศึกษาพระปริยัติธรรมฯ เขต  5,3,16.67,11.79,28.57,0.00,28.57,11.66,55.56,41.57,22.22,31.43
2568,260,สะเมิงพิทยาคม,สะเมิง,กลาง,นอกเมือง,สำนักงานคณะกรรมการการศึกษาขั้นพื้นฐาน,สำนักงานเขตพื้นที่การศึกษามัธยมศึกษาเชียงใหม่,75,22.89,12.18,30.67,16.28,26.29,16.17,17.33,22.02,31.56,26.61
2568,261,บ้านบวกค้าง,สันกำแพง,เล็ก,นอกเมือง,สำนักงานคณะกรรมการการศึกษาขั้นพื้นฐาน,สพป.เชียงใหม่ เขต 1,6,31.94,17.62,38.10,28.17,30.95,19.20,44.44,36.85,33.33,33.33
2568,262,บ้านแม่ปูคา,สันกำแพง,เล็ก,นอกเมือง,สำนักงานคณะกรรมการการศึกษาขั้นพื้นฐาน,สพป.เชียงใหม่ เขต 1,12,28.47,8.65,34.52,23.66,38.10,14.68,44.44,20.79,16.67,21.52
2568,263,บ้านหนองโค้ง,สันกำแพง,กลาง,นอกเมือง,สำนักงานคณะกรรมการการศึกษาขั้นพื้นฐาน,สพป.เชียงใหม่ เขต 1,45,34.44,16.35,45.08,24.09,41.59,19.48,39.26,22.54,50.37,23.96
2568,264,วัดล้านตอง,สันกำแพง,เล็ก,นอกเมือง,สำนักงานคณะกรรมการการศึกษาขั้นพื้นฐาน,สพป.เชียงใหม่ เขต 1,3,30.56,10.39,42.86,20.20,38.10,6.73,33.33,27.22,11.11,15.71
2568,265,สันกำแพง,สันกำแพง,ใหญ่พิเศษ,นอกเมือง,สำนักงานคณะกรรมการการศึกษาขั้นพื้นฐาน,สำนักงานเขตพื้นที่การศึกษามัธยมศึกษาเชียงใหม่,457,29.21,15.49,37.48,24.20,33.70,19.68,35.08,25.85,37.20,30.83
2568,266,สันกำแพงคันธาอนุสรณ์,สันกำแพง,เล็ก,นอกเมือง,สำนักงานคณะกรรมการการศึกษาขั้นพื้นฐาน,สพป.เชียงใหม่ เขต 1,12,23.61,9.52,35.71,22.96,33.33,22.08,44.44,20.79,16.67,21.52
2568,267,ชลประทานเขื่อนแม่กวงจิราธิวัฒน์อุปถัมภ์,สันทราย,กลาง,นอกเมือง,สำนักงานคณะกรรมการการศึกษาขั้นพื้นฐาน,สพป.เชียงใหม่ เขต 2,26,18.91,12.13,21.43,7.14,22.53,13.82,20.51,20.83,26.92,26.18
2568,268,บ้านเจดีย์แม่ครัว,สันทราย,กลาง,นอกเมือง,สำนักงานคณะกรรมการการศึกษาขั้นพื้นฐาน,สพป.เชียงใหม่ เขต 2,43,26.94,15.13,32.56,16.68,25.58,15.58,25.58,25.76,25.58,25.76
2568,269,บ้านบวกเปา,สันทราย,เล็ก,นอกเมือง,สำนักงานคณะกรรมการการศึกษาขั้นพื้นฐาน,สพป.เชียงใหม่ เขต 2,17,28.43,10.72,32.77,18.83,37.82,18.30,27.45,26.16,31.37,24.17
2568,270,บ้านแม่โจ้,สันทราย,กลาง,นอกเมือง,สำนักงานคณะกรรมการการศึกษาขั้นพื้นฐาน,สพป.เชียงใหม่ เขต 2,12,20.14,11.52,23.81,13.47,21.43,17.98,25.00,27.64,11.11,15.71
2568,271,บ้านร่มหลวง,สันทราย,เล็ก,นอกเมือง,สำนักงานคณะกรรมการการศึกษาขั้นพื้นฐาน,สพป.เชียงใหม่ เขต 2,21,21.83,15.53,31.97,17.02,25.85,13.67,34.92,29.95,22.22,29.70
2568,272,บ้านศรีบุญเรือง,สันทราย,กลาง,นอกเมือง,สำนักงานคณะกรรมการการศึกษาขั้นพื้นฐาน,สพป.เชียงใหม่ เขต 2,19,23.25,11.01,31.58,12.76,26.32,17.50,17.54,22.60,21.05,29.04
2568,273,บ้านหนองไคร้,สันทราย,กลาง,นอกเมือง,สำนักงานคณะกรรมการการศึกษาขั้นพื้นฐาน,สพป.เชียงใหม่ เขต 2,44,26.70,15.95,37.66,19.52,28.57,19.26,29.55,31.15,23.48,22.00
2568,274,บ้านหลักปัน,สันทราย,กลาง,นอกเมือง,สำนักงานคณะกรรมการการศึกษาขั้นพื้นฐาน,สพป.เชียงใหม่ เขต 2,19,29.82,10.58,42.86,19.66,31.58,16.44,22.81,26.61,22.81,28.72
2568,275,พงษ์พิกุลเชียงใหม่,สันทราย,กลาง,นอกเมือง,สำนักงานคณะกรรมการส่งเสริมการศึกษาเอกชน,-,12,31.25,18.67,42.86,30.86,26.19,15.25,33.33,30.43,38.89,26.64
2568,276,วัดแม่แก้ดน้อย,สันทราย,ใหญ่,นอกเมือง,สำนักงานคณะกรรมการการศึกษาขั้นพื้นฐาน,สพป.เชียงใหม่ เขต 2,63,26.85,13.80,32.20,18.35,28.12,19.55,26.98,22.89,25.93,25.51
2568,277,วัดวิเวกวนาราม,สันทราย,เล็ก,นอกเมือง,สำนักงานการศึกษาพระปริยัติธรรม แผนกสามัญศึกษา,สำนักเขตการศึกษาพระปริยัติธรรมฯ เขต  5,19,17.54,10.08,30.08,20.15,26.32,10.63,19.30,24.93,24.56,23.80
2568,278,ศรีสังวาลย์เชียงใหม่,สันทราย,กลาง,นอกเมือง,สำนักบริหารงานการศึกษาพิเศษ,-,0,-,-,-,-,-,-,-,-,-,-
2568,279,สันทรายวิทยาคม,สันทราย,ใหญ่,นอกเมือง,สำนักงานคณะกรรมการการศึกษาขั้นพื้นฐาน,สำนักงานเขตพื้นที่การศึกษามัธยมศึกษาเชียงใหม่,288,26.79,13.88,33.88,22.70,31.85,19.21,34.95,26.74,31.94,28.16
2568,280,สันทรายหลวง,สันทราย,กลาง,นอกเมือง,สำนักงานคณะกรรมการการศึกษาขั้นพื้นฐาน,สพป.เชียงใหม่ เขต 2,85,26.47,12.86,37.48,22.34,30.08,21.58,25.88,26.75,25.49,27.37
2568,281,ทุ่งฟ้าบดราษฎร์บำรุง,สันป่าตอง,กลาง,นอกเมือง,กรมส่งเสริมการปกครองท้องถิ่น,ท้องถิ่นจังหวัดเชียงใหม่,51,27.12,13.08,33.05,18.44,24.09,15.10,30.72,27.09,22.88,25.98
2568,282,เทพศิรินทร์ เชียงใหม่,สันป่าตอง,กลาง,นอกเมือง,สำนักงานคณะกรรมการการศึกษาขั้นพื้นฐาน,สำนักงานเขตพื้นที่การศึกษามัธยมศึกษาเชียงใหม่,85,26.27,15.31,37.31,21.14,34.96,18.66,34.51,27.27,27.06,26.81
2568,283,บ้านทุ่งเสี้ยว (นวรัฐ),สันป่าตอง,เล็ก,นอกเมือง,สำนักงานคณะกรรมการการศึกษาขั้นพื้นฐาน,สพป.เชียงใหม่ เขต 4,8,22.92,8.07,25.00,19.88,30.36,13.24,29.17,26.02,16.67,16.67
2568,284,บ้านร่องน้ำ,สันป่าตอง,เล็ก,นอกเมือง,สำนักงานคณะกรรมการการศึกษาขั้นพื้นฐาน,สพป.เชียงใหม่ เขต 4,4,29.17,27.95,60.71,18.56,35.71,7.14,16.67,16.67,25.00,14.43
2568,285,บ้านหัวริน,สันป่าตอง,เล็ก,นอกเมือง,สำนักงานคณะกรรมการการศึกษาขั้นพื้นฐาน,สพป.เชียงใหม่ เขต 4,12,30.56,10.94,29.76,12.31,23.81,17.82,47.22,25.31,22.22,24.85
2568,286,พัฒนวิทย์ศึกษา,สันป่าตอง,ใหญ่,นอกเมือง,สำนักงานคณะกรรมการส่งเสริมการศึกษาเอกชน,-,33,26.77,14.47,30.74,23.09,32.03,17.24,33.33,27.22,25.25,27.25
2568,287,วัดกู่คำ,สันป่าตอง,เล็ก,นอกเมือง,สำนักงานคณะกรรมการการศึกษาขั้นพื้นฐาน,สพป.เชียงใหม่ เขต 4,20,24.17,13.92,34.29,17.73,28.57,17.50,30.00,33.17,26.67,27.08
2568,288,วัดโรงวัว,สันป่าตอง,เล็ก,นอกเมือง,สำนักงานคณะกรรมการการศึกษาขั้นพื้นฐาน,สพป.เชียงใหม่ เขต 4,11,32.58,13.51,36.36,21.42,32.47,13.74,33.33,24.62,45.45,25.71
2568,289,สันป่าตองวิทยาคม,สันป่าตอง,ใหญ่พิเศษ,นอกเมือง,สำนักงานคณะกรรมการการศึกษาขั้นพื้นฐาน,สำนักงานเขตพื้นที่การศึกษามัธยมศึกษาเชียงใหม่,339,27.93,14.79,42.01,25.81,34.72,19.40,37.27,26.56,41.00,30.19
2568,290,ช่องฟ้าซินเซิงวาณิชบำรุง,สารภี,ใหญ่พิเศษ,นอกเมือง,สำนักงานคณะกรรมการส่งเสริมการศึกษาเอกชน,-,169,39.74,22.08,49.28,26.64,43.79,21.88,44.77,28.79,34.91,29.86
2568,291,ชุมชนวัดศรีคำชมภู,สารภี,กลาง,นอกเมือง,สำนักงานคณะกรรมการการศึกษาขั้นพื้นฐาน,สพป.เชียงใหม่ เขต 4,25,29.67,10.82,51.43,24.91,28.57,12.12,44.00,24.44,45.33,22.86
2568,292,บ้านปากเหมือง,สารภี,กลาง,นอกเมือง,สำนักงานคณะกรรมการการศึกษาขั้นพื้นฐาน,สพป.เชียงใหม่ เขต 4,16,34.90,17.48,50.00,21.43,44.64,14.17,45.83,23.20,58.33,27.64
2568,293,วชิราลัย,สารภี,กลาง,นอกเมือง,สำนักงานคณะกรรมการส่งเสริมการศึกษาเอกชน,-,35,52.62,24.78,66.12,25.57,68.16,30.94,64.76,35.58,49.52,28.03
2568,294,วัดท่าต้นกวาว,สารภี,เล็ก,นอกเมือง,สำนักงานคณะกรรมการการศึกษาขั้นพื้นฐาน,สพป.เชียงใหม่ เขต 4,25,26.67,13.54,38.86,22.32,33.14,19.26,41.33,23.63,34.67,29.03
2568,295,วัดบวกครกเหนือ,สารภี,เล็ก,นอกเมือง,สำนักงานคณะกรรมการการศึกษาขั้นพื้นฐาน,สพป.เชียงใหม่ เขต 4,21,25.40,14.43,30.61,14.14,25.85,15.03,30.16,22.78,23.81,20.94
2568,296,วัดเวฬุวัน,สารภี,ใหญ่,นอกเมือง,สำนักงานคณะกรรมการการศึกษาขั้นพื้นฐาน,สพป.เชียงใหม่ เขต 4,117,27.64,13.33,41.27,24.97,31.75,19.78,33.05,25.97,36.18,28.44
2568,297,วัดศรีดอนชัย,สารภี,เล็ก,นอกเมือง,สำนักงานคณะกรรมการการศึกษาขั้นพื้นฐาน,สพป.เชียงใหม่ เขต 4,10,25.83,12.61,34.29,15.91,42.86,14.29,30.00,23.33,36.67,17.95
2568,298,สารภีปริยัติศึกษา,สารภี,เล็ก,นอกเมือง,สำนักงานการศึกษาพระปริยัติธรรม แผนกสามัญศึกษา,สำนักเขตการศึกษาพระปริยัติธรรมฯ เขต  5,20,26.25,11.27,27.86,13.15,23.57,13.76,21.67,26.40,31.67,22.30
2568,299,สารภีพิทยาคม,สารภี,กลาง,นอกเมือง,สำนักงานคณะกรรมการการศึกษาขั้นพื้นฐาน,สำนักงานเขตพื้นที่การศึกษามัธยมศึกษาเชียงใหม่,132,31.06,15.32,42.32,27.38,36.80,22.39,35.61,26.65,34.09,28.27
2568,300,สืบนทีธรรม,สารภี,กลาง,นอกเมือง,สำนักงานคณะกรรมการส่งเสริมการศึกษาเอกชน,-,35,20.71,12.34,26.94,16.65,23.27,19.04,19.05,22.94,27.62,24.54
2568,301,ต้นแก้วผดุงพิทยาลัย,หางดง,ใหญ่,นอกเมือง,กรมส่งเสริมการปกครองท้องถิ่น,ท้องถิ่นจังหวัดเชียงใหม่,59,25.42,15.83,42.86,24.95,32.20,21.30,31.64,26.34,41.24,26.28
2568,302,เทศบาลหนองตองวิทยา,หางดง,เล็ก,นอกเมือง,กรมส่งเสริมการปกครองท้องถิ่น,ท้องถิ่นจังหวัดเชียงใหม่,10,30.00,15.00,35.71,30.81,32.86,27.14,46.67,22.11,36.67,23.33
2568,303,บ้านน้ำแพร่,หางดง,เล็ก,นอกเมือง,สำนักงานคณะกรรมการการศึกษาขั้นพื้นฐาน,สพป.เชียงใหม่ เขต 4,21,25.79,16.04,46.94,21.66,31.97,22.87,39.68,19.57,46.03,28.13
2568,304,บ้านปง,หางดง,เล็ก,นอกเมือง,สำนักงานคณะกรรมการการศึกษาขั้นพื้นฐาน,สพป.เชียงใหม่ เขต 4,29,29.02,13.95,43.84,29.76,32.51,17.95,40.23,26.81,47.13,29.71
2568,305,บ้านสันป่าสัก,หางดง,กลาง,นอกเมือง,สำนักงานคณะกรรมการการศึกษาขั้นพื้นฐาน,สพป.เชียงใหม่ เขต 4,77,34.09,14.29,41.19,27.91,35.81,21.05,30.30,24.72,39.83,27.93
2568,306,พันธสัญญา,หางดง,เล็ก,นอกเมือง,สำนักงานคณะกรรมการส่งเสริมการศึกษาเอกชน,-,3,50.00,27.22,90.48,13.47,66.67,29.35,33.33,27.22,66.67,0.00
2568,307,วัดศรีสว่าง,หางดง,เล็ก,นอกเมือง,สำนักงานคณะกรรมการการศึกษาขั้นพื้นฐาน,สพป.เชียงใหม่ เขต 4,8,26.04,7.73,19.64,9.94,23.21,14.17,33.33,23.57,33.33,23.57
2568,308,สาธิตนานาชาติทวิภาษาแห่งมหาวิทยาลัยรังสิต เชียงใหม่,หางดง,กลาง,นอกเมือง,สำนักงานคณะกรรมการส่งเสริมการศึกษาเอกชน,-,7,83.33,10.91,97.96,5.00,100.00,0.00,57.14,15.06,100.00,0.00
2568,309,หางดงรัฐราษฎร์อุปถัมภ์,หางดง,ใหญ่,นอกเมือง,สำนักงานคณะกรรมการการศึกษาขั้นพื้นฐาน,สำนักงานเขตพื้นที่การศึกษามัธยมศึกษาเชียงใหม่,277,28.91,15.65,34.50,22.63,29.24,18.73,29.36,26.95,30.20,24.98
2568,310,หางดงสังฆราษฎร์อุปถัมภ์,หางดง,เล็ก,นอกเมือง,สำนักงานการศึกษาพระปริยัติธรรม แผนกสามัญศึกษา,สำนักเขตการศึกษาพระปริยัติธรรมฯ เขต  5,11,25.00,13.30,29.87,9.54,32.47,10.71,33.33,20.10,18.18,16.60
2568,311,บ้านซิแบร,อมก๋อย,เล็ก,นอกเมือง,สำนักงานคณะกรรมการการศึกษาขั้นพื้นฐาน,สพป.เชียงใหม่ เขต 5,13,30.13,13.69,19.78,18.19,23.08,19.03,28.21,22.06,25.64,23.22
2568,312,บ้านตุงลอย,อมก๋อย,กลาง,นอกเมือง,สำนักงานคณะกรรมการการศึกษาขั้นพื้นฐาน,สพป.เชียงใหม่ เขต 5,25,18.67,9.51,30.86,17.46,21.71,13.47,22.67,20.48,29.33,19.60
2568,313,บ้านนาเกียน,อมก๋อย,เล็ก,นอกเมือง,สำนักงานคณะกรรมการการศึกษาขั้นพื้นฐาน,สพป.เชียงใหม่ เขต 5,24,26.04,12.10,23.81,15.25,19.05,12.82,19.44,21.34,30.56,23.41
2568,314,บ้านมูเซอ,อมก๋อย,กลาง,นอกเมือง,สำนักงานคณะกรรมการการศึกษาขั้นพื้นฐาน,สพป.เชียงใหม่ เขต 5,27,18.83,12.34,33.86,21.35,27.51,15.52,28.40,25.18,27.16,27.27
2568,315,บ้านแม่ต๋อม,อมก๋อย,กลาง,นอกเมือง,สำนักงานคณะกรรมการการศึกษาขั้นพื้นฐาน,สพป.เชียงใหม่ เขต 5,23,19.93,12.71,26.71,18.02,27.33,14.54,23.19,24.93,24.64,20.19
2568,316,บ้านแม่อ่างขาง,อมก๋อย,เล็ก,นอกเมือง,สำนักงานคณะกรรมการการศึกษาขั้นพื้นฐาน,สพป.เชียงใหม่ เขต 5,13,22.44,13.63,14.29,9.71,30.77,15.70,33.33,22.65,12.82,16.22
2568,317,บ้านยางครก,อมก๋อย,เล็ก,นอกเมือง,สำนักงานคณะกรรมการการศึกษาขั้นพื้นฐาน,สพป.เชียงใหม่ เขต 5,22,18.94,9.79,36.36,13.43,25.97,20.04,45.45,21.43,36.36,24.43
2568,318,บ้านยางเปา,อมก๋อย,กลาง,นอกเมือง,สำนักงานคณะกรรมการการศึกษาขั้นพื้นฐาน,สพป.เชียงใหม่ เขต 5,38,24.12,10.08,24.81,19.85,32.33,16.93,28.95,29.79,21.05,24.69
2568,319,บ้านยางเปียง,อมก๋อย,เล็ก,นอกเมือง,สำนักงานคณะกรรมการการศึกษาขั้นพื้นฐาน,สพป.เชียงใหม่ เขต 5,14,23.81,10.85,31.63,16.36,31.63,13.42,42.86,29.35,23.81,23.33
2568,320,บ้านสบลาน,อมก๋อย,กลาง,นอกเมือง,สำนักงานคณะกรรมการการศึกษาขั้นพื้นฐาน,สพป.เชียงใหม่ เขต 5,4,29.17,7.22,10.71,6.19,39.29,15.57,25.00,27.64,25.00,14.43
2568,321,บ้านห้วยโค้ง,อมก๋อย,กลาง,นอกเมือง,สำนักงานคณะกรรมการการศึกษาขั้นพื้นฐาน,สพป.เชียงใหม่ เขต 5,16,26.56,9.87,16.96,9.06,26.79,19.48,25.00,25.00,25.00,27.64
2568,322,บ้านห้วยน้ำขาว,อมก๋อย,กลาง,นอกเมือง,สำนักงานคณะกรรมการการศึกษาขั้นพื้นฐาน,สพป.เชียงใหม่ เขต 5,42,23.81,12.28,25.17,15.53,27.21,16.73,22.22,26.89,27.78,21.72
2568,323,บ้านห้วยไม้หก,อมก๋อย,เล็ก,นอกเมือง,สำนักงานคณะกรรมการการศึกษาขั้นพื้นฐาน,สพป.เชียงใหม่ เขต 5,25,16.00,7.79,36.57,20.24,24.57,16.91,33.33,24.94,16.00,23.32
2568,324,บ้านอูตูม,อมก๋อย,กลาง,นอกเมือง,สำนักงานคณะกรรมการการศึกษาขั้นพื้นฐาน,สพป.เชียงใหม่ เขต 5,49,22.62,10.38,32.65,20.20,24.49,16.07,31.29,22.75,27.89,26.38
2568,325,แม่ตื่นวิทยาคม,อมก๋อย,กลาง,นอกเมือง,สำนักงานคณะกรรมการการศึกษาขั้นพื้นฐาน,สำนักงานเขตพื้นที่การศึกษามัธยมศึกษาเชียงใหม่,107,27.96,12.44,31.64,17.80,25.63,17.11,26.79,26.35,24.61,22.94
2568,326,อมก๋อยวิทยาคม,อมก๋อย,ใหญ่,นอกเมือง,สำนักงานคณะกรรมการการศึกษาขั้นพื้นฐาน,สำนักงานเขตพื้นที่การศึกษามัธยมศึกษาเชียงใหม่,147,23.13,12.67,25.46,16.71,25.27,17.72,19.95,21.53,29.93,27.69
2568,327,ชุมชนบ้านท่าข้าม,ฮอด,กลาง,นอกเมือง,สำนักงานคณะกรรมการการศึกษาขั้นพื้นฐาน,สพป.เชียงใหม่ เขต 5,29,29.60,13.42,28.08,15.23,28.08,15.69,24.14,24.60,28.74,22.70
2568,328,บ้านกองลอย,ฮอด,กลาง,นอกเมือง,สำนักงานคณะกรรมการการศึกษาขั้นพื้นฐาน,สพป.เชียงใหม่ เขต 5,15,23.33,11.06,27.62,17.66,32.38,14.25,28.89,23.93,20.00,20.37
2568,329,บ้านแควมะกอก,ฮอด,กลาง,นอกเมือง,สำนักงานคณะกรรมการการศึกษาขั้นพื้นฐาน,สพป.เชียงใหม่ เขต 5,16,33.85,18.27,33.93,19.48,29.46,12.85,37.50,28.57,22.92,32.74
2568,330,บ้านตาลเหนือ,ฮอด,เล็ก,นอกเมือง,สำนักงานคณะกรรมการการศึกษาขั้นพื้นฐาน,สพป.เชียงใหม่ เขต 5,8,18.75,9.08,25.00,9.45,25.00,9.45,25.00,14.43,8.33,14.43
2568,331,บ้านเตียนอาง,ฮอด,เล็ก,นอกเมือง,สำนักงานคณะกรรมการการศึกษาขั้นพื้นฐาน,สพป.เชียงใหม่ เขต 5,14,19.05,10.17,27.55,19.06,20.41,13.99,28.57,24.74,21.43,15.97
2568,332,บ้านทุ่งโป่ง,ฮอด,เล็ก,นอกเมือง,สำนักงานคณะกรรมการการศึกษาขั้นพื้นฐาน,สพป.เชียงใหม่ เขต 5,9,20.37,6.93,36.51,20.33,28.57,17.82,14.81,16.56,29.63,24.57
2568,333,บ้านนาฟ่อน,ฮอด,เล็ก,นอกเมือง,สำนักงานคณะกรรมการการศึกษาขั้นพื้นฐาน,สพป.เชียงใหม่ เขต 5,14,33.93,16.20,40.82,21.50,31.63,21.04,33.33,21.82,33.33,30.86
2568,334,บ้านบ่อหลวง,ฮอด,กลาง,นอกเมือง,สำนักงานคณะกรรมการการศึกษาขั้นพื้นฐาน,สพป.เชียงใหม่ เขต 5,18,37.50,18.06,37.30,19.13,30.16,16.42,50.00,38.89,48.15,27.72
2568,335,บ้านพุย,ฮอด,เล็ก,นอกเมือง,สำนักงานคณะกรรมการการศึกษาขั้นพื้นฐาน,สพป.เชียงใหม่ เขต 5,9,25.93,12.07,15.87,14.20,28.57,15.06,22.22,22.22,29.63,29.16
2568,336,บ้านแม่งูด,ฮอด,เล็ก,นอกเมือง,สำนักงานคณะกรรมการการศึกษาขั้นพื้นฐาน,สพป.เชียงใหม่ เขต 5,17,25.49,11.60,26.05,15.68,31.09,13.18,27.45,20.56,31.37,21.30
2568,337,บ้านแม่ลาย,ฮอด,เล็ก,นอกเมือง,สำนักงานคณะกรรมการการศึกษาขั้นพื้นฐาน,สพป.เชียงใหม่ เขต 5,16,34.37,13.13,39.29,22.87,31.25,23.81,14.58,20.31,41.67,30.05
2568,338,บ้านวังลุง,ฮอด,เล็ก,นอกเมือง,สำนักงานคณะกรรมการการศึกษาขั้นพื้นฐาน,สพป.เชียงใหม่ เขต 5,15,22.22,7.86,26.67,19.42,20.95,13.67,13.33,16.33,35.56,19.12
2568,339,แม่โถวิทยาคม,ฮอด,กลาง,นอกเมือง,สำนักงานคณะกรรมการการศึกษาขั้นพื้นฐาน,สพป.เชียงใหม่ เขต 5,30,23.89,12.31,27.62,16.05,20.48,14.61,30.00,29.00,27.78,27.33
2568,340,วัดบ้านขุนเตรียมพุทธศาสตร์,ฮอด,เล็ก,นอกเมือง,สำนักงานการศึกษาพระปริยัติธรรม แผนกสามัญศึกษา,สำนักเขตการศึกษาพระปริยัติธรรมฯ เขต  5,34,23.77,13.43,24.79,18.76,23.95,14.99,21.57,22.70,32.35,29.69
2568,341,ฮอดพิทยาคม,ฮอด,ใหญ่,นอกเมือง,สำนักงานคณะกรรมการการศึกษาขั้นพื้นฐาน,สำนักงานเขตพื้นที่การศึกษามัธยมศึกษาเชียงใหม่,146,27.23,14.51,31.60,18.78,24.66,17.34,25.34,25.38,28.31,26.84
2567,1,บ้านขุนแม่รวม,กัลยาณิวัฒนา,เล็ก,นอกเมือง,สำนักงานคณะกรรมการการศึกษาขั้นพื้นฐาน,สพป.เชียงใหม่ เขต 6,18,24.07,13.29,25.40,13.93,24.60,11.47,24.07,21.68,24.07,21.68
2567,2,บ้านจันทร์,กัลยาณิวัฒนา,เล็ก,นอกเมือง,สำนักงานคณะกรรมการการศึกษาขั้นพื้นฐาน,สพป.เชียงใหม่ เขต 6,13,30.13,16.84,26.37,14.66,32.97,15.23,10.26,20.19,28.21,22.06
2567,3,บ้านแจ่มหลวง,กัลยาณิวัฒนา,เล็ก,นอกเมือง,สำนักงานคณะกรรมการการศึกษาขั้นพื้นฐาน,สพป.เชียงใหม่ เขต 6,17,28.43,9.51,18.49,12.74,29.41,12.46,27.45,30.75,29.41,27.73
2567,4,บ้านแม่แดดน้อย,กัลยาณิวัฒนา,เล็ก,นอกเมือง,สำนักงานคณะกรรมการการศึกษาขั้นพื้นฐาน,สพป.เชียงใหม่ เขต 6,2,37.50,12.50,35.71,7.14,28.57,14.29,16.67,16.67,16.67,16.67
2567,5,บ้านแม่ตะละ,กัลยาณิวัฒนา,เล็ก,นอกเมือง,สำนักงานคณะกรรมการการศึกษาขั้นพื้นฐาน,สพป.เชียงใหม่ เขต 6,7,21.43,7.53,24.49,12.58,22.45,12.91,9.52,15.06,23.81,29.35
2567,6,บ้านห้วยยา,กัลยาณิวัฒนา,เล็ก,นอกเมือง,สำนักงานคณะกรรมการการศึกษาขั้นพื้นฐาน,สพป.เชียงใหม่ เขต 6,19,28.95,13.07,32.33,15.95,32.33,15.26,22.81,21.77,19.30,22.47
2567,7,มัธยมกัลยาณิวัฒนาเฉลิมพระเกียรติ,กัลยาณิวัฒนา,กลาง,นอกเมือง,สำนักงานคณะกรรมการการศึกษาขั้นพื้นฐาน,สำนักงานเขตพื้นที่การศึกษามัธยมศึกษาเชียงใหม่,18,24.54,15.08,35.71,13.68,28.57,11.66,18.52,19.95,29.63,29.16
2567,8,สามัคคีสันม่วง,กัลยาณิวัฒนา,เล็ก,นอกเมือง,สำนักงานคณะกรรมการการศึกษาขั้นพื้นฐาน,สพป.เชียงใหม่ เขต 6,22,29.17,11.17,31.17,20.94,25.32,20.17,28.79,27.15,30.30,30.00
2567,9,จอมทอง,จอมทอง,ใหญ่พิเศษ,นอกเมือง,สำนักงานคณะกรรมการการศึกษาขั้นพื้นฐาน,สำนักงานเขตพื้นที่การศึกษามัธยมศึกษาเชียงใหม่,384,31.94,15.41,36.64,21.61,26.56,17.35,21.18,25.06,25.26,24.56
2567,10,ไทยรัฐวิทยา 79 (บ้านหนองอาบช้าง),จอมทอง,เล็ก,นอกเมือง,สำนักงานคณะกรรมการการศึกษาขั้นพื้นฐาน,สพป.เชียงใหม่ เขต 6,22,29.17,11.45,28.57,19.26,28.57,19.74,10.61,15.53,18.18,19.40
2567,11,บ้านขุนกลาง,จอมทอง,กลาง,นอกเมือง,สำนักงานคณะกรรมการการศึกษาขั้นพื้นฐาน,สพป.เชียงใหม่ เขต 6,17,23.04,11.26,23.53,15.45,29.41,14.26,31.37,17.97,19.61,20.00
2567,12,บ้านขุนแปะ,จอมทอง,เล็ก,นอกเมือง,สำนักงานคณะกรรมการการศึกษาขั้นพื้นฐาน,สพป.เชียงใหม่ เขต 6,22,28.79,8.23,27.92,15.81,28.57,17.23,19.70,21.69,25.76,22.32
2567,13,บ้านปากทางท่าลี่,จอมทอง,เล็ก,นอกเมือง,สำนักงานคณะกรรมการการศึกษาขั้นพื้นฐาน,สพป.เชียงใหม่ เขต 6,12,29.86,7.95,22.62,15.93,28.57,19.34,25.00,30.81,33.33,19.25
2567,14,บ้านสบเตี๊ยะ,จอมทอง,กลาง,นอกเมือง,สำนักงานคณะกรรมการการศึกษาขั้นพื้นฐาน,สพป.เชียงใหม่ เขต 6,14,31.55,15.49,29.59,17.47,30.61,11.90,28.57,24.74,30.95,26.62
2567,15,บ้านห้วยทราย,จอมทอง,เล็ก,นอกเมือง,สำนักงานคณะกรรมการการศึกษาขั้นพื้นฐาน,สพป.เชียงใหม่ เขต 6,11,31.82,11.13,32.47,17.33,27.27,11.32,27.27,27.77,27.27,19.17
2567,16,บ้านห้วยส้มป่อย,จอมทอง,เล็ก,นอกเมือง,สำนักงานคณะกรรมการการศึกษาขั้นพื้นฐาน,สพป.เชียงใหม่ เขต 6,7,17.86,9.37,22.45,15.00,24.49,16.58,33.33,25.20,14.29,16.50
2567,17,บ้านใหม่สารภี,จอมทอง,เล็ก,นอกเมือง,สำนักงานคณะกรรมการการศึกษาขั้นพื้นฐาน,สพป.เชียงใหม่ เขต 6,5,25.00,9.13,37.14,19.38,34.29,17.14,46.67,16.33,26.67,24.94
2567,18,วัดพุทธนิมิตรวิทยา,จอมทอง,เล็ก,นอกเมือง,สำนักงานการศึกษาพระปริยัติธรรม แผนกสามัญศึกษา,สำนักเขตการศึกษาพระปริยัติธรรมฯ เขต  5,17,25.00,11.79,13.45,11.46,31.93,16.64,27.45,23.53,21.57,27.87
2567,19,สุทธิวงศ์ดำรงวิทย์,จอมทอง,เล็ก,นอกเมือง,สำนักงานคณะกรรมการส่งเสริมการศึกษาเอกชน,-,4,22.92,9.08,21.43,15.97,21.43,15.97,33.33,40.82,16.67,28.87
2567,20,แกน้อยศึกษา,เชียงดาว,กลาง,นอกเมือง,สำนักงานคณะกรรมการการศึกษาขั้นพื้นฐาน,สพป.เชียงใหม่ เขต 3,5,23.33,9.72,14.29,9.04,22.86,7.00,33.33,42.16,20.00,16.33
2567,21,เจ้าฟ้าอุบลรัตน์,เชียงดาว,เล็ก,นอกเมือง,สำนักงานคณะกรรมการส่งเสริมการศึกษาเอกชน,-,26,25.32,10.96,32.97,15.23,26.92,15.51,21.79,24.36,25.64,26.65
2567,22,ชุมชนบ้านเมืองงาย,เชียงดาว,กลาง,นอกเมือง,สำนักงานคณะกรรมการการศึกษาขั้นพื้นฐาน,สพป.เชียงใหม่ เขต 3,14,32.14,8.25,40.82,21.50,33.67,17.59,14.29,20.76,21.43,23.93
2567,23,ชุมชนบ้านวังจ๊อม,เชียงดาว,กลาง,นอกเมือง,สำนักงานคณะกรรมการการศึกษาขั้นพื้นฐาน,สพป.เชียงใหม่ เขต 3,20,28.75,13.04,42.14,22.35,28.57,19.17,13.33,22.11,35.00,22.30
2567,24,เชียงดาววิทยาคม,เชียงดาว,ใหญ่,นอกเมือง,สำนักงานคณะกรรมการการศึกษาขั้นพื้นฐาน,สำนักงานเขตพื้นที่การศึกษามัธยมศึกษาเชียงใหม่,78,29.91,14.34,33.52,20.57,23.63,16.31,28.21,30.23,23.50,26.75
2567,25,ดอยสามหมื่น,เชียงดาว,เล็ก,นอกเมือง,สำนักงานคณะกรรมการการศึกษาขั้นพื้นฐาน,สพป.เชียงใหม่ เขต 3,4,39.58,3.61,21.43,15.97,28.57,14.29,58.33,36.32,58.33,36.32
2567,26,บ้านเชียงดาว,เชียงดาว,กลาง,นอกเมือง,สำนักงานคณะกรรมการการศึกษาขั้นพื้นฐาน,สพป.เชียงใหม่ เขต 3,51,27.94,14.18,29.41,19.48,29.97,16.80,18.30,20.15,24.18,20.96
2567,27,บ้านทุ่งข้าวพวง,เชียงดาว,กลาง,นอกเมือง,สำนักงานคณะกรรมการการศึกษาขั้นพื้นฐาน,สพป.เชียงใหม่ เขต 3,41,27.03,14.35,27.53,17.11,27.87,17.55,29.27,26.74,16.26,23.42
2567,28,บ้านนาหวาย,เชียงดาว,กลาง,นอกเมือง,สำนักงานคณะกรรมการการศึกษาขั้นพื้นฐาน,สพป.เชียงใหม่ เขต 3,44,29.92,14.03,33.12,19.21,25.00,13.66,16.67,23.03,23.48,20.82
2567,29,บ้านปางเฟือง,เชียงดาว,เล็ก,นอกเมือง,สำนักงานคณะกรรมการการศึกษาขั้นพื้นฐาน,สพป.เชียงใหม่ เขต 3,13,27.56,14.01,37.36,17.31,20.88,13.28,17.95,24.86,30.77,27.62
2567,30,บ้านปางมะเยา,เชียงดาว,กลาง,นอกเมือง,สำนักงานคณะกรรมการการศึกษาขั้นพื้นฐาน,สพป.เชียงใหม่ เขต 3,16,21.35,11.77,23.21,19.48,26.79,11.15,33.33,33.33,16.67,26.35
2567,31,บ้านเมืองคอง,เชียงดาว,เล็ก,นอกเมือง,สำนักงานคณะกรรมการการศึกษาขั้นพื้นฐาน,สพป.เชียงใหม่ เขต 3,10,35.83,9.90,28.57,18.07,25.71,15.39,16.67,22.36,30.00,27.69
2567,32,บ้านเมืองนะ,เชียงดาว,กลาง,นอกเมือง,สำนักงานคณะกรรมการการศึกษาขั้นพื้นฐาน,สพป.เชียงใหม่ เขต 3,40,33.33,12.50,23.93,19.27,26.79,15.38,24.17,27.88,33.33,24.72
2567,33,บ้านแม่กอนใน,เชียงดาว,เล็ก,นอกเมือง,สำนักงานคณะกรรมการการศึกษาขั้นพื้นฐาน,สพป.เชียงใหม่ เขต 3,9,27.78,11.79,22.22,11.88,25.40,8.98,25.93,20.95,29.63,18.89
2567,34,บ้านแม่นะ,เชียงดาว,กลาง,นอกเมือง,สำนักงานคณะกรรมการการศึกษาขั้นพื้นฐาน,สพป.เชียงใหม่ เขต 3,16,29.17,11.79,35.71,26.24,26.79,13.24,22.92,25.60,27.08,24.21
2567,35,บ้านหนองเขียว,เชียงดาว,กลาง,นอกเมือง,สำนักงานคณะกรรมการการศึกษาขั้นพื้นฐาน,สพป.เชียงใหม่ เขต 3,10,27.50,14.93,24.29,15.71,34.29,9.48,16.67,16.67,30.00,17.95
2567,36,บ้านห้วยจะค่าน ตชด.อนุสรณ์,เชียงดาว,กลาง,นอกเมือง,สำนักงานคณะกรรมการการศึกษาขั้นพื้นฐาน,สพป.เชียงใหม่ เขต 3,2,41.67,8.33,21.43,7.14,28.57,0.00,16.67,16.67,16.67,16.67
2567,37,พัฒนาต้นน้ำขุนคอง,เชียงดาว,เล็ก,นอกเมือง,สำนักงานคณะกรรมการการศึกษาขั้นพื้นฐาน,สพป.เชียงใหม่ เขต 3,11,34.85,13.21,36.36,11.17,37.66,12.59,24.24,24.99,15.15,16.60
2567,38,มิตรมวลชนเชียงใหม่,เชียงดาว,กลาง,นอกเมือง,สำนักงานคณะกรรมการการศึกษาขั้นพื้นฐาน,สพป.เชียงใหม่ เขต 3,20,30.42,12.44,32.86,15.71,30.71,15.17,16.67,19.72,21.67,21.79
2567,39,ราชประชานุเคราะห์ 61 จังหวัดเชียงใหม่,เชียงดาว,กลาง,นอกเมือง,สำนักบริหารงานการศึกษาพิเศษ,-,20,27.92,11.57,27.14,16.23,27.14,13.48,18.33,16.58,26.67,22.61
2567,40,ศีลรวี,เชียงดาว,กลาง,นอกเมือง,สำนักงานคณะกรรมการส่งเสริมการศึกษาเอกชน,-,34,31.62,18.61,32.35,23.06,24.37,17.51,23.53,28.62,23.53,23.61
2567,41,อรุโณทัยวิทยาคม,เชียงดาว,ใหญ่,นอกเมือง,สำนักงานคณะกรรมการการศึกษาขั้นพื้นฐาน,สำนักงานเขตพื้นที่การศึกษามัธยมศึกษาเชียงใหม่,93,26.70,13.64,27.80,16.68,23.50,16.71,27.24,26.30,31.90,27.61
2567,42,อินทารามวิทยา,เชียงดาว,เล็ก,นอกเมือง,สำนักงานการศึกษาพระปริยัติธรรม แผนกสามัญศึกษา,สำนักเขตการศึกษาพระปริยัติธรรมฯ เขต  5,16,30.73,9.18,33.04,15.75,21.43,16.75,37.50,26.02,25.00,27.64
2567,43,ฉัตรพฤกษ์วิทยา,ไชยปราการ,เล็ก,นอกเมือง,สำนักงานคณะกรรมการส่งเสริมการศึกษาเอกชน,-,8,38.54,16.63,50.00,25.75,23.21,6.92,25.00,22.05,25.00,32.27
2567,44,ชุมชนวัดศรีดงเย็น,ไชยปราการ,กลาง,นอกเมือง,สำนักงานคณะกรรมการการศึกษาขั้นพื้นฐาน,สพป.เชียงใหม่ เขต 3,24,27.43,13.06,25.00,17.62,28.57,17.00,16.67,21.52,25.00,25.91
2567,45,ไชยปราการ,ไชยปราการ,กลาง,นอกเมือง,สำนักงานคณะกรรมการการศึกษาขั้นพื้นฐาน,สำนักงานเขตพื้นที่การศึกษามัธยมศึกษาเชียงใหม่,100,26.67,13.02,27.43,18.81,23.71,15.81,24.67,24.32,28.33,26.82
2567,46,เทศบาล 1 ไชยปราการ,ไชยปราการ,กลาง,นอกเมือง,กรมส่งเสริมการปกครองท้องถิ่น,ท้องถิ่นจังหวัดเชียงใหม่,20,27.92,9.60,30.00,16.84,27.86,18.34,21.67,24.21,30.00,29.63
2567,47,บ้านปง,ไชยปราการ,เล็ก,นอกเมือง,สำนักงานคณะกรรมการการศึกษาขั้นพื้นฐาน,สพป.เชียงใหม่ เขต 3,11,26.52,11.69,41.56,26.87,25.97,15.91,9.09,14.85,21.21,21.43
2567,48,บ้านปงตำ,ไชยปราการ,เล็ก,นอกเมือง,สำนักงานคณะกรรมการการศึกษาขั้นพื้นฐาน,สพป.เชียงใหม่ เขต 3,12,28.47,9.89,36.90,17.94,21.43,14.87,5.56,12.42,11.11,20.79
2567,49,บ้านหัวฝาย,ไชยปราการ,เล็ก,นอกเมือง,สำนักงานคณะกรรมการการศึกษาขั้นพื้นฐาน,สพป.เชียงใหม่ เขต 3,7,28.57,21.30,30.61,19.36,34.69,16.83,14.29,24.28,38.10,21.30
2567,50,บ้านใหม่หนองบัว,ไชยปราการ,กลาง,นอกเมือง,สำนักงานคณะกรรมการการศึกษาขั้นพื้นฐาน,สพป.เชียงใหม่ เขต 3,55,26.06,13.01,30.65,17.32,27.27,14.23,23.64,23.50,25.45,23.75
2567,51,บ้านอ่าย,ไชยปราการ,เล็ก,นอกเมือง,สำนักงานคณะกรรมการการศึกษาขั้นพื้นฐาน,สพป.เชียงใหม่ เขต 3,15,26.11,11.73,20.95,15.53,23.81,14.44,37.78,31.89,26.67,21.77
2567,52,วัดป่าแดง,ไชยปราการ,เล็ก,นอกเมือง,สำนักงานคณะกรรมการการศึกษาขั้นพื้นฐาน,สพป.เชียงใหม่ เขต 3,19,28.07,12.45,15.04,11.79,24.81,12.12,36.84,30.39,14.04,16.46
2567,53,วัดป่าไม้แดง,ไชยปราการ,เล็ก,นอกเมือง,สำนักงานการศึกษาพระปริยัติธรรม แผนกสามัญศึกษา,สำนักเขตการศึกษาพระปริยัติธรรมฯ เขต  5,12,23.61,11.70,27.38,15.93,28.57,11.66,22.22,20.79,16.67,16.67
2567,54,สันติวนา,ไชยปราการ,เล็ก,นอกเมือง,สำนักงานคณะกรรมการการศึกษาขั้นพื้นฐาน,สพป.เชียงใหม่ เขต 3,13,23.08,13.14,24.18,16.23,24.18,16.23,25.64,32.43,30.77,24.33
2567,55,ดอยเต่าวิทยาคม,ดอยเต่า,กลาง,นอกเมือง,สำนักงานคณะกรรมการการศึกษาขั้นพื้นฐาน,สำนักงานเขตพื้นที่การศึกษามัธยมศึกษาเชียงใหม่,115,27.83,14.49,29.44,19.05,28.57,15.65,22.90,23.41,31.01,27.35
2567,56,บ้านน้อยห้วยรินวิทยา,ดอยเต่า,เล็ก,นอกเมือง,สำนักงานคณะกรรมการการศึกษาขั้นพื้นฐาน,สพป.เชียงใหม่ เขต 5,7,33.33,15.43,34.69,16.83,34.69,15.00,19.05,16.50,14.29,24.28
2567,57,บ้านบงตัน,ดอยเต่า,เล็ก,นอกเมือง,สำนักงานคณะกรรมการการศึกษาขั้นพื้นฐาน,สพป.เชียงใหม่ เขต 5,15,26.67,12.62,30.48,14.63,18.10,16.05,15.56,26.85,26.67,27.76
2567,58,บ้านโปง,ดอยเต่า,เล็ก,นอกเมือง,สำนักงานคณะกรรมการการศึกษาขั้นพื้นฐาน,สพป.เชียงใหม่ เขต 5,28,27.98,14.12,27.04,13.94,27.55,12.62,29.76,25.73,36.90,31.29
2567,59,บ้านแม่ตูบ,ดอยเต่า,เล็ก,นอกเมือง,สำนักงานคณะกรรมการการศึกษาขั้นพื้นฐาน,สพป.เชียงใหม่ เขต 5,14,27.98,12.04,27.55,17.47,25.51,15.44,30.95,23.45,28.57,24.74
2567,60,บ้านแอ่นจัดสรร,ดอยเต่า,เล็ก,นอกเมือง,สำนักงานคณะกรรมการการศึกษาขั้นพื้นฐาน,สพป.เชียงใหม่ เขต 5,13,26.92,13.14,19.78,19.84,30.77,15.70,20.51,30.77,17.95,21.14
2567,61,วัดฉิมพลีวิทยา,ดอยเต่า,เล็ก,นอกเมือง,สำนักงานการศึกษาพระปริยัติธรรม แผนกสามัญศึกษา,สำนักเขตการศึกษาพระปริยัติธรรมฯ เขต  5,8,19.79,12.46,26.79,18.12,26.79,13.24,29.17,26.02,25.00,14.43
2567,62,ชลประทานผาแตก,ดอยสะเก็ด,กลาง,นอกเมือง,สำนักงานคณะกรรมการการศึกษาขั้นพื้นฐาน,สพป.เชียงใหม่ เขต 1,46,28.44,15.98,31.99,22.33,27.95,14.88,24.64,24.51,28.99,28.33
2567,63,ดอยสะเก็ดผดุงศาสน์,ดอยสะเก็ด,เล็ก,นอกเมือง,สำนักงานการศึกษาพระปริยัติธรรม แผนกสามัญศึกษา,สำนักเขตการศึกษาพระปริยัติธรรมฯ เขต  5,0,-,-,-,-,-,-,-,-,-,-
2567,64,ดอยสะเก็ดวิทยาคม,ดอยสะเก็ด,กลาง,นอกเมือง,สำนักงานคณะกรรมการการศึกษาขั้นพื้นฐาน,สำนักงานเขตพื้นที่การศึกษามัธยมศึกษาเชียงใหม่,73,30.71,15.10,29.16,19.85,26.22,18.77,21.00,27.87,25.11,25.75
2567,65,บ้านเชิงดอย(ดอยสะเก็ดศึกษา),ดอยสะเก็ด,ใหญ่,นอกเมือง,สำนักงานคณะกรรมการการศึกษาขั้นพื้นฐาน,สพป.เชียงใหม่ เขต 1,70,28.10,16.44,33.47,19.00,25.51,17.73,16.19,22.36,30.00,26.52
2567,66,บ้านป่าไม้แดง,ดอยสะเก็ด,กลาง,นอกเมือง,สำนักงานคณะกรรมการการศึกษาขั้นพื้นฐาน,สพป.เชียงใหม่ เขต 1,21,22.22,7.86,23.13,16.77,27.21,9.76,23.81,18.24,20.63,16.19
2567,67,บ้านป่าเสร้า,ดอยสะเก็ด,กลาง,นอกเมือง,สำนักงานคณะกรรมการการศึกษาขั้นพื้นฐาน,สพป.เชียงใหม่ เขต 1,13,36.54,13.69,47.25,18.91,24.18,22.68,17.95,21.14,30.77,30.55
2567,68,บ้านแม่หวาน,ดอยสะเก็ด,เล็ก,นอกเมือง,สำนักงานคณะกรรมการการศึกษาขั้นพื้นฐาน,สพป.เชียงใหม่ เขต 1,4,22.92,10.83,14.29,10.10,39.29,11.85,8.33,14.43,41.67,27.64
2567,69,เพื่อชีวิตเชียงใหม่,ดอยสะเก็ด,เล็ก,นอกเมือง,สำนักงานคณะกรรมการส่งเสริมการศึกษาเอกชน,-,10,24.17,5.83,21.43,11.52,30.00,10.00,40.00,35.90,20.00,22.11
2567,70,แม่คือวิทยา,ดอยสะเก็ด,กลาง,นอกเมือง,สำนักงานคณะกรรมการการศึกษาขั้นพื้นฐาน,สพป.เชียงใหม่ เขต 1,42,28.57,11.38,26.87,18.50,24.83,15.29,15.87,20.88,19.84,26.29
2567,71,แม่โป่งประชาสามัคคี,ดอยสะเก็ด,เล็ก,นอกเมือง,สำนักงานคณะกรรมการการศึกษาขั้นพื้นฐาน,สพป.เชียงใหม่ เขต 1,20,29.17,10.37,30.00,12.70,22.14,13.15,21.67,24.21,28.33,21.79
2567,72,ไมตรีจิตคริสเตียนเชียงใหม่,ดอยสะเก็ด,กลาง,นอกเมือง,สำนักงานคณะกรรมการส่งเสริมการศึกษาเอกชน,-,20,29.58,11.92,29.29,15.30,26.43,14.48,18.33,22.30,15.00,19.65
2567,73,กรป.กลางอุปถัมภ์,ดอยหล่อ,เล็ก,นอกเมือง,สำนักงานคณะกรรมการการศึกษาขั้นพื้นฐาน,สพป.เชียงใหม่ เขต 4,11,34.85,9.94,19.48,15.26,29.87,14.23,21.21,21.43,24.24,24.99
2567,74,บ้านสามหลัง,ดอยหล่อ,เล็ก,นอกเมือง,สำนักงานคณะกรรมการการศึกษาขั้นพื้นฐาน,สพป.เชียงใหม่ เขต 4,5,33.33,17.48,42.86,18.07,25.71,10.69,20.00,26.67,26.67,24.94
2567,75,บ้านเหล่าเป้า,ดอยหล่อ,เล็ก,นอกเมือง,สำนักงานคณะกรรมการการศึกษาขั้นพื้นฐาน,สพป.เชียงใหม่ เขต 4,6,31.94,10.11,45.24,30.21,23.81,17.82,27.78,29.92,33.33,27.22
2567,76,วัดโขงขาววิทยา,ดอยหล่อ,เล็ก,นอกเมือง,สำนักงานการศึกษาพระปริยัติธรรม แผนกสามัญศึกษา,สำนักเขตการศึกษาพระปริยัติธรรมฯ เขต  5,4,31.25,12.33,25.00,21.13,25.00,15.57,16.67,16.67,25.00,27.64
2567,77,สองแคววิทยาคม,ดอยหล่อ,กลาง,นอกเมือง,สำนักงานคณะกรรมการการศึกษาขั้นพื้นฐาน,สำนักงานเขตพื้นที่การศึกษามัธยมศึกษาเชียงใหม่,70,28.93,12.18,32.65,18.73,28.57,16.20,23.33,23.47,25.24,26.09
2567,78,สันติสุข,ดอยหล่อ,กลาง,นอกเมือง,สำนักงานคณะกรรมการการศึกษาขั้นพื้นฐาน,สำนักงานเขตพื้นที่การศึกษามัธยมศึกษาเชียงใหม่,34,28.43,11.27,30.25,14.60,17.65,14.72,23.53,23.61,24.51,20.31
2567,79,เจ้าแม่หลวงอุปถัมภ์ 1,ฝาง,กลาง,นอกเมือง,สำนักงานคณะกรรมการการศึกษาขั้นพื้นฐาน,สพป.เชียงใหม่ เขต 3,33,31.57,14.03,27.71,15.31,29.00,18.44,26.26,24.28,16.16,20.30
2567,80,ฉือจี้เชียงใหม่,ฝาง,กลาง,นอกเมือง,สำนักงานคณะกรรมการส่งเสริมการศึกษาเอกชน,-,113,38.13,20.04,44.75,24.38,31.73,21.06,30.68,30.12,32.15,28.72
2567,81,ชุมชนบ้านแม่สูนหลวง,ฝาง,เล็ก,นอกเมือง,สำนักงานคณะกรรมการการศึกษาขั้นพื้นฐาน,สพป.เชียงใหม่ เขต 3,2,25.00,0.00,28.57,14.29,14.29,14.29,16.67,16.67,16.67,16.67
2567,82,เทพศิรินทร์๙โครงการหลวงในพระบรมราชูปถัมภ์,ฝาง,เล็ก,นอกเมือง,สำนักงานคณะกรรมการการศึกษาขั้นพื้นฐาน,สพป.เชียงใหม่ เขต 3,15,24.44,10.30,21.90,17.20,25.71,9.33,17.78,23.93,33.33,29.81
2567,83,บ้านต้นผึ้ง,ฝาง,เล็ก,นอกเมือง,สำนักงานคณะกรรมการการศึกษาขั้นพื้นฐาน,สพป.เชียงใหม่ เขต 3,10,30.00,11.90,34.29,22.31,27.14,11.87,13.33,16.33,16.67,22.36
2567,84,บ้านทุ่งหลุก,ฝาง,เล็ก,นอกเมือง,สำนักงานคณะกรรมการการศึกษาขั้นพื้นฐาน,สพป.เชียงใหม่ เขต 3,6,30.56,20.22,40.48,25.31,23.81,13.47,5.56,12.42,33.33,19.25
2567,85,บ้านปางปอย,ฝาง,กลาง,นอกเมือง,สำนักงานคณะกรรมการการศึกษาขั้นพื้นฐาน,สพป.เชียงใหม่ เขต 3,25,30.00,15.28,28.00,18.29,24.00,15.50,25.33,23.63,24.00,24.07
2567,86,บ้านปางสัก,ฝาง,เล็ก,นอกเมือง,สำนักงานคณะกรรมการการศึกษาขั้นพื้นฐาน,สพป.เชียงใหม่ เขต 3,7,16.67,10.91,32.65,14.72,38.78,12.58,28.57,21.30,19.05,24.28
2567,87,บ้านโป่งนก,ฝาง,กลาง,นอกเมือง,สำนักงานคณะกรรมการการศึกษาขั้นพื้นฐาน,สพป.เชียงใหม่ เขต 3,8,25.00,18.16,37.50,17.40,35.71,15.97,25.00,22.05,12.50,16.14
2567,88,บ้านม่วงชุม,ฝาง,กลาง,นอกเมือง,สำนักงานคณะกรรมการการศึกษาขั้นพื้นฐาน,สพป.เชียงใหม่ เขต 3,45,27.59,11.22,32.38,16.61,28.89,13.30,17.78,24.94,15.56,20.61
2567,89,บ้านม่อนปิ่น,ฝาง,กลาง,นอกเมือง,สำนักงานคณะกรรมการการศึกษาขั้นพื้นฐาน,สพป.เชียงใหม่ เขต 3,15,27.78,6.57,35.24,17.97,28.57,14.75,20.00,23.73,20.00,23.73
2567,90,บ้านแม่ข่า,ฝาง,กลาง,นอกเมือง,สำนักงานคณะกรรมการการศึกษาขั้นพื้นฐาน,สพป.เชียงใหม่ เขต 3,23,26.81,10.12,29.19,17.61,28.57,15.19,21.74,23.28,33.33,27.80
2567,91,บ้านแม่คะ,ฝาง,กลาง,นอกเมือง,สำนักงานคณะกรรมการการศึกษาขั้นพื้นฐาน,สพป.เชียงใหม่ เขต 3,6,29.17,6.36,26.19,22.46,28.57,14.29,22.22,15.71,38.89,29.92
2567,92,บ้านแม่งอนขี้เหล็ก,ฝาง,กลาง,นอกเมือง,กรมส่งเสริมการปกครองท้องถิ่น,ท้องถิ่นจังหวัดเชียงใหม่,34,28.43,11.09,24.37,14.51,26.89,17.92,20.59,24.27,26.47,25.28
2567,93,บ้านล้องอ้อ,ฝาง,เล็ก,นอกเมือง,กรมส่งเสริมการปกครองท้องถิ่น,ท้องถิ่นจังหวัดเชียงใหม่,23,30.80,12.15,26.71,17.52,24.22,14.25,26.09,25.93,20.29,21.40
2567,94,บ้านเวียงฝาง,ฝาง,ใหญ่,นอกเมือง,สำนักงานคณะกรรมการการศึกษาขั้นพื้นฐาน,สพป.เชียงใหม่ เขต 3,100,31.83,13.51,28.71,17.20,25.00,14.76,24.33,24.88,24.67,25.22
2567,95,บ้านสันทรายคองน้อย,ฝาง,กลาง,นอกเมือง,สำนักงานคณะกรรมการการศึกษาขั้นพื้นฐาน,สพป.เชียงใหม่ เขต 3,7,28.57,8.75,28.57,15.27,18.37,14.72,19.05,24.28,9.52,15.06
2567,96,บ้านสันป่าแดง,ฝาง,เล็ก,นอกเมือง,สำนักงานคณะกรรมการการศึกษาขั้นพื้นฐาน,สพป.เชียงใหม่ เขต 3,8,20.83,9.32,32.14,9.45,28.57,10.10,16.67,23.57,25.00,27.64
2567,97,บ้านหลวง,ฝาง,กลาง,นอกเมือง,สำนักงานคณะกรรมการการศึกษาขั้นพื้นฐาน,สพป.เชียงใหม่ เขต 3,16,20.31,11.01,30.36,18.81,30.36,15.05,22.92,25.60,10.42,19.43
2567,98,บ้านห้วยงูกลาง,ฝาง,เล็ก,นอกเมือง,สำนักงานคณะกรรมการการศึกษาขั้นพื้นฐาน,สพป.เชียงใหม่ เขต 3,20,22.50,12.67,14.29,11.95,25.71,14.00,13.33,22.11,18.33,24.66
2567,99,บ้านห้วยหมากเลี่ยม,ฝาง,กลาง,นอกเมือง,สำนักงานคณะกรรมการการศึกษาขั้นพื้นฐาน,สพป.เชียงใหม่ เขต 3,15,21.67,10.89,21.90,11.51,31.43,14.94,20.00,23.73,26.67,30.31
2567,100,บ้านห้วยเฮี่ยน,ฝาง,เล็ก,นอกเมือง,สำนักงานคณะกรรมการการศึกษาขั้นพื้นฐาน,สพป.เชียงใหม่ เขต 3,11,19.70,10.82,28.57,17.23,20.78,14.11,27.27,23.86,39.39,31.20
2567,101,บ้านเหมืองแร่,ฝาง,กลาง,นอกเมือง,สำนักงานคณะกรรมการการศึกษาขั้นพื้นฐาน,สพป.เชียงใหม่ เขต 3,12,29.17,10.49,21.43,17.98,29.76,17.94,16.67,21.52,30.56,28.73
2567,102,ฝางชนูปถัมภ์,ฝาง,ใหญ่,นอกเมือง,สำนักงานคณะกรรมการการศึกษาขั้นพื้นฐาน,สำนักงานเขตพื้นที่การศึกษามัธยมศึกษาเชียงใหม่,172,29.12,13.28,28.49,17.19,23.26,16.31,20.16,24.53,24.42,25.88
2567,103,ฝางธรรมศึกษา,ฝาง,เล็ก,นอกเมือง,สำนักงานการศึกษาพระปริยัติธรรม แผนกสามัญศึกษา,สำนักเขตการศึกษาพระปริยัติธรรมฯ เขต  5,2,16.67,8.33,14.29,0.00,14.29,0.00,33.33,33.33,16.67,16.67
2567,104,รังษีวิทยา,ฝาง,ใหญ่พิเศษ,นอกเมือง,สำนักงานคณะกรรมการส่งเสริมการศึกษาเอกชน,-,117,48.50,20.78,55.80,23.40,31.01,20.57,36.47,33.19,41.31,31.02
2567,105,รัตนาเอื้อวิทยา,ฝาง,ใหญ่,นอกเมือง,สำนักงานคณะกรรมการส่งเสริมการศึกษาเอกชน,-,50,34.00,22.90,43.14,22.40,28.86,17.02,25.33,30.96,41.33,34.36
2567,106,วัดเจดีย์งามปริยัติวิทยา,ฝาง,เล็ก,นอกเมือง,สำนักงานการศึกษาพระปริยัติธรรม แผนกสามัญศึกษา,สำนักเขตการศึกษาพระปริยัติธรรมฯ เขต  5,5,31.67,14.34,17.14,14.00,11.43,10.69,20.00,16.33,6.67,13.33
2567,107,วัดนันทาราม,ฝาง,กลาง,นอกเมือง,สำนักงานคณะกรรมการการศึกษาขั้นพื้นฐาน,สพป.เชียงใหม่ เขต 3,9,32.41,8.28,26.98,10.53,33.33,9.52,18.52,16.56,11.11,22.22
2567,108,วัดพระบาทอุดม,ฝาง,เล็ก,นอกเมือง,สำนักงานการศึกษาพระปริยัติธรรม แผนกสามัญศึกษา,สำนักเขตการศึกษาพระปริยัติธรรมฯ เขต  5,13,27.56,13.63,20.88,12.04,26.37,14.66,15.38,21.14,15.38,16.62
2567,109,สายอักษร,ฝาง,กลาง,นอกเมือง,สำนักงานคณะกรรมการส่งเสริมการศึกษาเอกชน,-,26,33.65,12.55,40.11,21.71,25.82,17.28,20.51,26.27,32.05,31.33
2567,110,เขื่อนผากวิทยา,พร้าว,เล็ก,นอกเมือง,สำนักงานการศึกษาพระปริยัติธรรม แผนกสามัญศึกษา,สำนักเขตการศึกษาพระปริยัติธรรมฯ เขต  5,11,31.06,14.25,25.97,15.91,23.38,16.43,33.33,24.62,21.21,21.43
2567,111,ชุมชนบ้านโป่ง,พร้าว,เล็ก,นอกเมือง,สำนักงานคณะกรรมการการศึกษาขั้นพื้นฐาน,สพป.เชียงใหม่ เขต 2,7,29.76,17.17,38.78,14.72,20.41,10.41,19.05,24.28,14.29,16.50
2567,112,บ้านนาบุญโหล่งขอด,พร้าว,เล็ก,นอกเมือง,สำนักงานคณะกรรมการการศึกษาขั้นพื้นฐาน,สพป.เชียงใหม่ เขต 2,10,38.33,17.95,31.43,10.69,25.71,18.95,23.33,21.34,20.00,22.11
2567,113,บ้านแม่ปั๋ง,พร้าว,เล็ก,นอกเมือง,สำนักงานคณะกรรมการการศึกษาขั้นพื้นฐาน,สพป.เชียงใหม่ เขต 2,13,26.28,10.76,36.26,17.38,29.67,15.31,15.38,16.62,23.08,20.19
2567,114,บ้านแม่ปาคี,พร้าว,เล็ก,นอกเมือง,สำนักงานคณะกรรมการการศึกษาขั้นพื้นฐาน,สพป.เชียงใหม่ เขต 2,4,20.83,9.32,32.14,15.57,21.43,15.97,25.00,27.64,16.67,16.67
2567,115,บ้านแม่เหียะ,พร้าว,เล็ก,นอกเมือง,สำนักงานคณะกรรมการการศึกษาขั้นพื้นฐาน,สพป.เชียงใหม่ เขต 2,16,28.13,11.36,35.71,23.69,27.68,17.10,10.42,19.43,22.92,25.60
2567,116,บ้านสันกลาง,พร้าว,เล็ก,นอกเมือง,สำนักงานคณะกรรมการการศึกษาขั้นพื้นฐาน,สพป.เชียงใหม่ เขต 2,4,29.17,7.22,25.00,15.57,35.71,15.97,8.33,14.43,25.00,14.43
2567,117,บ้านสันปง,พร้าว,เล็ก,นอกเมือง,สำนักงานคณะกรรมการการศึกษาขั้นพื้นฐาน,สพป.เชียงใหม่ เขต 2,3,30.56,10.39,23.81,6.73,42.86,30.86,11.11,15.71,11.11,15.71
2567,118,บ้านหนองปิด,พร้าว,เล็ก,นอกเมือง,สำนักงานคณะกรรมการการศึกษาขั้นพื้นฐาน,สพป.เชียงใหม่ เขต 2,6,30.56,6.21,35.71,15.97,30.95,22.46,11.11,15.71,27.78,22.91
2567,119,พร้าวบูรพา,พร้าว,เล็ก,นอกเมือง,สำนักงานคณะกรรมการการศึกษาขั้นพื้นฐาน,สพป.เชียงใหม่ เขต 2,9,27.78,12.42,41.27,15.71,26.98,15.71,11.11,15.71,29.63,29.16
2567,120,โรงเรียนพร้าววิทยาคม,พร้าว,ใหญ่,นอกเมือง,สำนักงานคณะกรรมการการศึกษาขั้นพื้นฐาน,สำนักงานเขตพื้นที่การศึกษามัธยมศึกษาเชียงใหม่,145,31.72,16.47,34.09,19.65,28.37,18.15,22.53,23.45,29.66,29.06
2567,121,สหกรณ์ดำริ,พร้าว,เล็ก,นอกเมือง,สำนักงานคณะกรรมการการศึกษาขั้นพื้นฐาน,สพป.เชียงใหม่ เขต 2,15,31.11,11.97,31.43,18.95,24.76,18.42,26.67,21.77,22.22,19.88
2567,122,กสิณธร เซนต์เจมส์ เชียงใหม่,เมืองเชียงใหม่,เล็ก,ในเมือง,สำนักงานคณะกรรมการส่งเสริมการศึกษาเอกชน,-,7,48.81,24.97,53.06,36.39,40.82,17.79,47.62,43.12,47.62,30.12
2567,123,กาวิละวิทยาลัย,เมืองเชียงใหม่,ใหญ่,ในเมือง,สำนักงานคณะกรรมการการศึกษาขั้นพื้นฐาน,สำนักงานเขตพื้นที่การศึกษามัธยมศึกษาเชียงใหม่,139,31.12,16.20,35.97,21.50,24.25,15.00,24.22,24.91,25.18,24.92
2567,124,โกวิทธำรงเชียงใหม่,เมืองเชียงใหม่,ใหญ่,ในเมือง,สำนักงานคณะกรรมการส่งเสริมการศึกษาเอกชน,-,53,41.35,20.35,53.37,22.74,23.99,20.91,35.22,26.23,40.25,29.22
2567,125,จิตราวิทยา,เมืองเชียงใหม่,ใหญ่,ในเมือง,สำนักงานคณะกรรมการส่งเสริมการศึกษาเอกชน,-,74,32.77,13.79,37.45,21.23,24.52,14.19,22.52,23.32,27.93,25.72
2567,126,ชุมชนเทศบาลวัดศรีดอนไชย,เมืองเชียงใหม่,กลาง,ในเมือง,กรมส่งเสริมการปกครองท้องถิ่น,ท้องถิ่นจังหวัดเชียงใหม่,26,31.09,13.59,29.12,23.60,26.92,13.33,19.23,22.97,24.36,23.67
2567,127,ชุมชนบ้านบวกครกน้อย,เมืองเชียงใหม่,กลาง,ในเมือง,สำนักงานคณะกรรมการการศึกษาขั้นพื้นฐาน,สพป.เชียงใหม่ เขต 1,17,38.73,11.76,31.93,18.02,30.25,17.59,27.45,20.56,29.41,32.10
2567,128,ชุมชนวัดท่าเดื่อ,เมืองเชียงใหม่,เล็ก,ในเมือง,สำนักงานคณะกรรมการการศึกษาขั้นพื้นฐาน,สพป.เชียงใหม่ เขต 1,32,24.22,12.73,25.89,16.54,32.59,15.66,19.79,26.17,25.00,27.64
2567,129,เชตุพนศึกษา,เมืองเชียงใหม่,เล็ก,ในเมือง,สำนักงานการศึกษาพระปริยัติธรรม แผนกสามัญศึกษา,สำนักเขตการศึกษาพระปริยัติธรรมฯ เขต  5,16,28.65,11.01,30.36,18.81,26.79,13.24,18.75,20.31,33.33,23.57
2567,130,เชียงใหม่คริสเตียน,เมืองเชียงใหม่,ใหญ่,ในเมือง,สำนักงานคณะกรรมการส่งเสริมการศึกษาเอกชน,-,127,31.10,17.70,34.20,20.45,30.37,17.47,22.83,22.80,27.82,28.30
2567,131,ดาราวิทยาลัย,เมืองเชียงใหม่,ใหญ่พิเศษ,ในเมือง,สำนักงานคณะกรรมการส่งเสริมการศึกษาเอกชน,-,235,48.33,22.33,51.19,26.96,33.56,22.28,32.48,32.24,36.03,32.21
2567,132,เทพบดินทร์วิทยาเชียงใหม่,เมืองเชียงใหม่,ใหญ่,ในเมือง,สำนักงานคณะกรรมการส่งเสริมการศึกษาเอกชน,-,106,30.27,17.03,38.14,20.65,25.47,18.72,22.01,26.26,29.25,25.78
2567,133,เทศบาลวัดท่าสะต๋อย,เมืองเชียงใหม่,กลาง,ในเมือง,กรมส่งเสริมการปกครองท้องถิ่น,ท้องถิ่นจังหวัดเชียงใหม่,28,33.93,15.74,32.65,18.25,25.00,18.95,23.81,29.35,36.90,20.59
2567,134,เทศบาลวัดศรีปิงเมือง,เมืองเชียงใหม่,กลาง,ในเมือง,กรมส่งเสริมการปกครองท้องถิ่น,ท้องถิ่นจังหวัดเชียงใหม่,20,30.42,17.13,32.86,23.52,31.43,23.30,26.67,24.94,26.67,29.06
2567,135,ธรรมเมธีศึกษา,เมืองเชียงใหม่,เล็ก,ในเมือง,สำนักงานการศึกษาพระปริยัติธรรม แผนกสามัญศึกษา,สำนักเขตการศึกษาพระปริยัติธรรมฯ เขต  5,6,29.17,7.98,23.81,17.82,16.67,12.82,55.56,24.85,22.22,24.85
2567,136,ธรรมราชศึกษา,เมืองเชียงใหม่,กลาง,ในเมือง,สำนักงานคณะกรรมการส่งเสริมการศึกษาเอกชน,-,97,29.30,14.41,29.31,20.86,27.25,15.77,30.58,26.51,24.74,24.54
2567,137,บ้านดอนปิน,เมืองเชียงใหม่,กลาง,ในเมือง,สำนักงานคณะกรรมการการศึกษาขั้นพื้นฐาน,สพป.เชียงใหม่ เขต 1,24,29.51,14.83,34.52,25.06,29.76,19.31,20.83,26.90,20.83,21.11
2567,138,บ้านโป่งน้อย,เมืองเชียงใหม่,กลาง,ในเมือง,สำนักงานคณะกรรมการการศึกษาขั้นพื้นฐาน,สพป.เชียงใหม่ เขต 1,18,27.31,13.55,23.02,12.72,28.57,19.63,27.78,22.91,12.96,19.69
2567,139,ปรินส์รอยแยลส์วิทยาลัย,เมืองเชียงใหม่,ใหญ่พิเศษ,ในเมือง,สำนักงานคณะกรรมการส่งเสริมการศึกษาเอกชน,-,506,60.51,24.61,67.62,26.83,45.57,26.72,55.99,34.31,60.47,34.83
2567,140,พระหฤทัยเชียงใหม่,เมืองเชียงใหม่,ใหญ่,ในเมือง,สำนักงานคณะกรรมการส่งเสริมการศึกษาเอกชน,-,83,40.36,18.94,48.88,25.00,28.57,18.15,29.32,28.06,32.53,31.46
2567,141,พิงครัตน์,เมืองเชียงใหม่,เล็ก,ในเมือง,สำนักงานคณะกรรมการส่งเสริมการศึกษาเอกชน,-,9,50.00,25.46,74.60,27.58,44.44,17.10,44.44,27.22,37.04,33.13
2567,142,มงฟอร์ตวิทยาลัย แผนกมัธยม,เมืองเชียงใหม่,ใหญ่พิเศษ,ในเมือง,สำนักงานคณะกรรมการส่งเสริมการศึกษาเอกชน,-,98,67.69,25.32,75.95,22.41,55.69,29.40,58.16,34.11,70.07,31.40
2567,143,เมตตาศึกษา,เมืองเชียงใหม่,กลาง,ในเมือง,สำนักงานคณะกรรมการส่งเสริมการศึกษาเอกชน,-,121,28.51,14.40,30.81,19.52,22.79,15.65,25.07,26.17,27.82,26.19
2567,144,ยุพราชวิทยาลัย,เมืองเชียงใหม่,ใหญ่พิเศษ,ในเมือง,สำนักงานคณะกรรมการการศึกษาขั้นพื้นฐาน,สำนักงานเขตพื้นที่การศึกษามัธยมศึกษาเชียงใหม่,545,53.33,22.58,62.70,25.30,40.73,24.29,43.36,32.71,49.66,34.63
2567,145,ยุวฑูตศึกษาพัฒนาราชพฤกษ์,เมืองเชียงใหม่,กลาง,ในเมือง,สำนักงานคณะกรรมการส่งเสริมการศึกษาเอกชน,-,19,72.81,22.10,87.22,17.28,69.92,28.91,61.40,36.30,73.68,27.74
2567,146,เรยีนาเชลีวิทยาลัย,เมืองเชียงใหม่,ใหญ่,ในเมือง,สำนักงานคณะกรรมการส่งเสริมการศึกษาเอกชน,-,128,47.85,22.37,54.24,25.65,35.71,25.13,33.59,32.67,42.97,35.15
2567,147,วชิรวิทย์ เชียงใหม่,เมืองเชียงใหม่,กลาง,ในเมือง,สำนักงานคณะกรรมการส่งเสริมการศึกษาเอกชน,-,52,47.44,21.84,60.99,26.15,36.26,23.18,30.77,26.02,37.18,33.75
2567,148,วัฒโนทัยพายัพ,เมืองเชียงใหม่,ใหญ่พิเศษ,ในเมือง,สำนักงานคณะกรรมการการศึกษาขั้นพื้นฐาน,สำนักงานเขตพื้นที่การศึกษามัธยมศึกษาเชียงใหม่,445,37.49,18.18,45.46,22.63,28.99,18.15,28.16,25.88,34.91,29.05
2567,149,วัดช่างเคี่ยน,เมืองเชียงใหม่,กลาง,ในเมือง,สำนักงานคณะกรรมการการศึกษาขั้นพื้นฐาน,สพป.เชียงใหม่ เขต 1,18,30.56,15.21,39.68,22.62,23.02,14.40,22.22,22.22,27.78,25.46
2567,150,วัดดอนจั่น,เมืองเชียงใหม่,กลาง,ในเมือง,สำนักงานคณะกรรมการการศึกษาขั้นพื้นฐาน,สพป.เชียงใหม่ เขต 1,25,24.33,11.28,21.71,17.67,29.71,15.61,24.00,22.15,28.00,26.13
2567,151,วัดวังสิงห์คำ,เมืองเชียงใหม่,กลาง,ในเมือง,สำนักงานคณะกรรมการการศึกษาขั้นพื้นฐาน,สพป.เชียงใหม่ เขต 1,12,32.64,15.39,35.71,20.62,34.52,14.82,22.22,20.79,25.00,24.06
2567,152,วารีเชียงใหม่,เมืองเชียงใหม่,ใหญ่พิเศษ,ในเมือง,สำนักงานคณะกรรมการส่งเสริมการศึกษาเอกชน,-,175,62.00,26.10,70.78,27.27,53.80,29.68,52.19,35.19,59.24,34.76
2567,153,วิชัยวิทยา,เมืองเชียงใหม่,กลาง,ในเมือง,สำนักงานคณะกรรมการส่งเสริมการศึกษาเอกชน,-,21,77.38,16.89,86.39,15.57,67.35,27.23,65.08,37.76,77.78,29.70
2567,154,วิทยาลัยนาฎศิลปเชียงใหม่,เมืองเชียงใหม่,กลาง,ในเมือง,สถาบันบัณฑิตพัฒนศิลป์ (ปวช.),-,29,29.31,10.86,34.48,20.72,26.60,12.29,22.99,26.41,26.44,25.34
2567,155,สมเด็จพระพุทธชินวงศ์,เมืองเชียงใหม่,กลาง,ในเมือง,สำนักงานการศึกษาพระปริยัติธรรม แผนกสามัญศึกษา,สำนักเขตการศึกษาพระปริยัติธรรมฯ เขต  5,37,26.35,14.17,21.24,18.08,26.64,17.31,27.03,27.77,27.03,27.77
2567,156,สังวาลย์วิทยา,เมืองเชียงใหม่,เล็ก,ในเมือง,สำนักงานคณะกรรมการการศึกษาขั้นพื้นฐาน,สพป.เชียงใหม่ เขต 1,6,23.61,13.10,30.95,9.82,16.67,9.82,27.78,12.42,33.33,19.25
2567,157,สาธิตมหาวิทยาลัยเชียงใหม่,เมืองเชียงใหม่,ใหญ่,ในเมือง,สำนักงานปลัดกระทรวงการอุดมศึกษาฯ,-,217,65.21,24.05,72.88,24.99,52.07,28.23,55.45,35.81,61.14,34.17
2567,158,สามัคคีวิทยาทาน,เมืองเชียงใหม่,เล็ก,ในเมือง,สำนักงานการศึกษาพระปริยัติธรรม แผนกสามัญศึกษา,สำนักเขตการศึกษาพระปริยัติธรรมฯ เขต  5,20,30.83,10.24,24.29,12.86,20.00,16.54,33.33,27.89,26.67,22.61
2567,159,สารสาสน์วิเทศเชียงใหม่,เมืองเชียงใหม่,ใหญ่,ในเมือง,สำนักงานคณะกรรมการส่งเสริมการศึกษาเอกชน,-,49,49.66,21.75,64.43,28.15,40.23,23.74,36.73,34.50,43.54,32.44
2567,160,สารสาสน์วิเทศล้านนา,เมืองเชียงใหม่,ใหญ่,ในเมือง,สำนักงานคณะกรรมการส่งเสริมการศึกษาเอกชน,-,33,43.43,25.60,51.95,28.10,31.17,23.71,39.39,33.29,39.39,30.10
2567,161,โสตศึกษาอนุสารสุนทร,เมืองเชียงใหม่,เล็ก,ในเมือง,สำนักบริหารงานการศึกษาพิเศษ,-,0,-,-,-,-,-,-,-,-,-,-
2567,162,หอพระ,เมืองเชียงใหม่,กลาง,ในเมือง,สำนักงานคณะกรรมการการศึกษาขั้นพื้นฐาน,สำนักงานเขตพื้นที่การศึกษามัธยมศึกษาเชียงใหม่,56,29.17,13.27,29.85,16.70,22.96,15.43,23.81,26.51,24.40,19.41
2567,163,อนุบาลหนองป่าครั่ง,เมืองเชียงใหม่,เล็ก,ในเมือง,กรมส่งเสริมการปกครองท้องถิ่น,ท้องถิ่นจังหวัดเชียงใหม่,7,41.67,16.67,40.82,27.98,24.49,10.00,14.29,16.50,14.29,16.50
2567,164,อภัยอริยศึกษา,เมืองเชียงใหม่,เล็ก,ในเมือง,สำนักงานการศึกษาพระปริยัติธรรม แผนกสามัญศึกษา,สำนักเขตการศึกษาพระปริยัติธรรมฯ เขต  5,10,20.00,14.53,31.43,10.69,28.57,9.04,40.00,29.06,26.67,24.94
2567,165,เซนต์โยเซฟแม่แจ่ม,แม่แจ่ม,กลาง,นอกเมือง,สำนักงานคณะกรรมการส่งเสริมการศึกษาเอกชน,-,43,29.46,13.00,36.88,15.17,29.90,16.82,11.63,17.44,34.88,27.80
2567,166,บ้านกองแขก,แม่แจ่ม,เล็ก,นอกเมือง,สำนักงานคณะกรรมการการศึกษาขั้นพื้นฐาน,สพป.เชียงใหม่ เขต 6,10,35.83,15.83,40.00,20.00,31.43,15.39,6.67,13.33,16.67,22.36
2567,167,บ้านขุนแม่หยอด,แม่แจ่ม,เล็ก,นอกเมือง,สำนักงานคณะกรรมการการศึกษาขั้นพื้นฐาน,สพป.เชียงใหม่ เขต 6,15,28.33,11.71,30.48,19.42,33.33,17.04,24.44,22.66,31.11,30.95
2567,168,บ้านทุ่งแก,แม่แจ่ม,เล็ก,นอกเมือง,สำนักงานคณะกรรมการการศึกษาขั้นพื้นฐาน,สพป.เชียงใหม่ เขต 6,7,20.24,11.66,24.49,14.72,30.61,16.07,9.52,23.33,28.57,21.30
2567,169,บ้านปางหินฝน,แม่แจ่ม,เล็ก,นอกเมือง,สำนักงานคณะกรรมการการศึกษาขั้นพื้นฐาน,สพป.เชียงใหม่ เขต 6,10,34.17,14.65,30.00,11.87,25.71,16.66,33.33,33.33,20.00,22.11
2567,170,บ้านปางอุ๋ง,แม่แจ่ม,กลาง,นอกเมือง,สำนักงานคณะกรรมการการศึกษาขั้นพื้นฐาน,สพป.เชียงใหม่ เขต 6,14,25.60,15.26,25.51,15.44,24.49,14.72,23.81,19.63,23.81,29.35
2567,171,บ้านแม่ซา,แม่แจ่ม,เล็ก,นอกเมือง,สำนักงานคณะกรรมการการศึกษาขั้นพื้นฐาน,สพป.เชียงใหม่ เขต 6,11,28.03,10.82,20.78,16.53,22.08,16.53,24.24,20.55,18.18,21.85
2567,172,บ้านแม่นาจร,แม่แจ่ม,กลาง,นอกเมือง,สำนักงานคณะกรรมการการศึกษาขั้นพื้นฐาน,สพป.เชียงใหม่ เขต 6,22,28.03,10.22,28.57,15.53,31.17,15.91,15.15,21.85,16.67,19.46
2567,173,บ้านแม่ศึก (มูลนิธิธรรมมาภิรักษ์อุปถัมภ์ที่ 2),แม่แจ่ม,เล็ก,นอกเมือง,สำนักงานคณะกรรมการการศึกษาขั้นพื้นฐาน,สพป.เชียงใหม่ เขต 6,5,35.00,25.50,25.71,21.00,14.29,9.04,26.67,24.94,33.33,0.00
2567,174,บ้านแม่หงานหลวง,แม่แจ่ม,เล็ก,นอกเมือง,สำนักงานคณะกรรมการการศึกษาขั้นพื้นฐาน,สพป.เชียงใหม่ เขต 6,19,22.37,11.80,33.08,20.76,36.09,14.19,26.32,23.14,19.30,27.18
2567,175,บ้านแม่เอาะ,แม่แจ่ม,เล็ก,นอกเมือง,สำนักงานคณะกรรมการการศึกษาขั้นพื้นฐาน,สพป.เชียงใหม่ เขต 6,3,25.00,6.80,19.05,13.47,33.33,6.73,33.33,0.00,11.11,15.71
2567,176,บ้านแม่แฮเหนือ,แม่แจ่ม,กลาง,นอกเมือง,สำนักงานคณะกรรมการการศึกษาขั้นพื้นฐาน,สพป.เชียงใหม่ เขต 6,45,28.33,15.65,25.40,17.53,23.49,13.18,21.48,20.07,20.00,21.55
2567,177,บ้านโม่งหลวง,แม่แจ่ม,เล็ก,นอกเมือง,สำนักงานคณะกรรมการการศึกษาขั้นพื้นฐาน,สพป.เชียงใหม่ เขต 6,16,32.81,11.59,20.54,13.33,27.68,14.70,29.17,23.20,22.92,25.60
2567,178,แม่แจ่ม,แม่แจ่ม,ใหญ่,นอกเมือง,สำนักงานคณะกรรมการการศึกษาขั้นพื้นฐาน,สำนักงานเขตพื้นที่การศึกษามัธยมศึกษาเชียงใหม่,145,28.79,13.67,30.54,19.54,26.21,16.44,22.07,23.56,27.36,25.87
2567,179,แม่แจ่มปริยัติศึกษา,แม่แจ่ม,เล็ก,นอกเมือง,สำนักงานการศึกษาพระปริยัติธรรม แผนกสามัญศึกษา,สำนักเขตการศึกษาพระปริยัติธรรมฯ เขต  5,13,34.62,13.81,26.37,12.34,27.47,18.97,28.21,22.06,25.64,26.65
2567,180,ราชประชานุเคราะห์ 31,แม่แจ่ม,กลาง,นอกเมือง,สำนักบริหารงานการศึกษาพิเศษ,-,147,28.17,11.64,25.56,15.92,28.18,15.89,24.49,26.18,23.81,24.59
2567,181,สาธิตชุมชนการเรียนรู้สมเด็จย่า วิทยาลัยโพธิวิชชาลัย มหาวิทยาลัยศรีนครินทรวิโรฒ แม่แจ่ม,แม่แจ่ม,เล็ก,นอกเมือง,สำนักงานปลัดกระทรวงการอุดมศึกษาฯ,-,12,27.08,12.79,32.14,10.31,32.14,15.57,13.89,16.43,22.22,20.79
2567,182,อินทนนท์วิทยา,แม่แจ่ม,เล็ก,นอกเมือง,สำนักงานคณะกรรมการการศึกษาขั้นพื้นฐาน,สพป.เชียงใหม่ เขต 6,18,28.70,11.53,32.54,17.69,23.02,15.16,16.67,16.67,20.37,22.60
2567,183,ชุมชนวัดช่อแล,แม่แตง,เล็ก,นอกเมือง,สำนักงานคณะกรรมการการศึกษาขั้นพื้นฐาน,สพป.เชียงใหม่ เขต 2,11,28.03,14.77,22.08,16.53,33.77,18.55,27.27,23.86,27.27,23.86
2567,184,เชียงใหม่มัธยม,แม่แตง,ใหญ่,นอกเมือง,สำนักงานคณะกรรมการส่งเสริมการศึกษาเอกชน,-,7,33.33,16.06,63.27,18.48,36.73,16.83,14.29,16.50,19.05,16.50
2567,185,บ้านปง,แม่แตง,เล็ก,นอกเมือง,สำนักงานคณะกรรมการการศึกษาขั้นพื้นฐาน,สพป.เชียงใหม่ เขต 2,11,28.79,6.52,33.77,21.34,25.97,17.03,33.33,28.43,18.18,21.85
2567,186,บ้านปางไม้แดง,แม่แตง,เล็ก,นอกเมือง,สำนักงานคณะกรรมการการศึกษาขั้นพื้นฐาน,สพป.เชียงใหม่ เขต 2,11,34.09,11.49,20.78,15.37,23.38,17.52,21.21,25.71,27.27,23.86
2567,187,บ้านปางห้วยตาด,แม่แตง,เล็ก,นอกเมือง,สำนักงานคณะกรรมการการศึกษาขั้นพื้นฐาน,สพป.เชียงใหม่ เขต 2,5,21.67,6.67,34.29,26.50,22.86,14.57,26.67,24.94,13.33,16.33
2567,188,บ้านเป้าวิทยาคาร,แม่แตง,เล็ก,นอกเมือง,สำนักงานคณะกรรมการการศึกษาขั้นพื้นฐาน,สพป.เชียงใหม่ เขต 2,8,30.21,9.26,26.79,13.24,25.00,15.57,25.00,14.43,29.17,26.02
2567,189,บ้านเมืองกื้ด,แม่แตง,เล็ก,นอกเมือง,สำนักงานคณะกรรมการการศึกษาขั้นพื้นฐาน,สพป.เชียงใหม่ เขต 2,26,28.53,9.58,25.27,13.32,26.37,13.55,21.79,29.15,21.79,22.54
2567,190,บ้านแม่ไคร้,แม่แตง,เล็ก,นอกเมือง,สำนักงานคณะกรรมการการศึกษาขั้นพื้นฐาน,สพป.เชียงใหม่ เขต 2,3,16.67,11.79,38.10,13.47,28.57,11.66,22.22,15.71,22.22,15.71
2567,191,บ้านแม่ตะมาน,แม่แตง,เล็ก,นอกเมือง,สำนักงานคณะกรรมการการศึกษาขั้นพื้นฐาน,สพป.เชียงใหม่ เขต 2,10,29.17,10.70,31.43,15.39,34.29,15.91,16.67,26.87,26.67,24.94
2567,192,ป่าจี้วังแดงวิทยา,แม่แตง,เล็ก,นอกเมือง,สำนักงานคณะกรรมการการศึกษาขั้นพื้นฐาน,สพป.เชียงใหม่ เขต 2,11,21.97,11.93,23.38,13.99,24.68,15.03,18.18,21.85,18.18,21.85
2567,193,ป่าแป๋วิทยา,แม่แตง,เล็ก,นอกเมือง,สำนักงานคณะกรรมการการศึกษาขั้นพื้นฐาน,สพป.เชียงใหม่ เขต 2,23,27.17,9.27,25.47,15.16,26.71,18.02,21.74,18.67,21.74,23.28
2567,194,พระปริยัติธรรมแม่แตงวิทยา,แม่แตง,เล็ก,นอกเมือง,สำนักงานการศึกษาพระปริยัติธรรม แผนกสามัญศึกษา,สำนักเขตการศึกษาพระปริยัติธรรมฯ เขต  5,10,27.50,12.94,17.14,12.45,24.29,6.55,20.00,26.67,20.00,16.33
2567,195,แม่แตง,แม่แตง,กลาง,นอกเมือง,สำนักงานคณะกรรมการการศึกษาขั้นพื้นฐาน,สำนักงานเขตพื้นที่การศึกษามัธยมศึกษาเชียงใหม่,136,28.19,14.47,30.04,19.16,27.63,16.54,20.59,24.27,24.51,26.88
2567,196,แม่หอพระวิทยาคม,แม่แตง,เล็ก,นอกเมือง,สำนักงานคณะกรรมการการศึกษาขั้นพื้นฐาน,สำนักงานเขตพื้นที่การศึกษามัธยมศึกษาเชียงใหม่,31,26.34,13.40,22.12,18.80,30.88,18.89,24.73,22.35,26.88,25.99
2567,197,ร่ำเปิงวิทยา,แม่แตง,กลาง,นอกเมือง,สำนักงานคณะกรรมการการศึกษาขั้นพื้นฐาน,สพป.เชียงใหม่ เขต 2,20,26.67,11.96,30.00,15.58,25.00,14.90,20.00,22.11,23.33,21.34
2567,198,วัดท่าข้าม,แม่แตง,เล็ก,นอกเมือง,สำนักงานคณะกรรมการการศึกษาขั้นพื้นฐาน,สพป.เชียงใหม่ เขต 2,6,31.94,8.89,23.81,6.73,28.57,11.66,38.89,22.91,27.78,12.42
2567,199,วัดบ้านเหล่า,แม่แตง,เล็ก,นอกเมือง,สำนักงานคณะกรรมการการศึกษาขั้นพื้นฐาน,สพป.เชียงใหม่ เขต 2,8,29.17,13.82,17.86,13.83,26.79,16.66,29.17,11.02,29.17,19.98
2567,200,วัดปางมะกล้วย,แม่แตง,เล็ก,นอกเมือง,สำนักงานคณะกรรมการการศึกษาขั้นพื้นฐาน,สพป.เชียงใหม่ เขต 2,2,37.50,12.50,21.43,21.43,35.71,7.14,0.00,0.00,16.67,16.67
2567,201,สบเปิงวิทยา,แม่แตง,กลาง,นอกเมือง,สำนักงานคณะกรรมการการศึกษาขั้นพื้นฐาน,สพป.เชียงใหม่ เขต 2,26,28.21,14.81,25.27,18.29,24.18,13.59,23.08,25.77,19.23,22.97
2567,202,สันป่ายางวิทยาคม,แม่แตง,เล็ก,นอกเมือง,สำนักงานคณะกรรมการการศึกษาขั้นพื้นฐาน,สำนักงานเขตพื้นที่การศึกษามัธยมศึกษาเชียงใหม่,25,33.00,16.91,38.29,29.06,35.43,19.43,32.00,27.46,24.00,27.52
2567,203,สันมหาพนวิทยา,แม่แตง,เล็ก,นอกเมือง,สำนักงานคณะกรรมการการศึกษาขั้นพื้นฐาน,สพป.เชียงใหม่ เขต 2,15,28.89,10.48,32.38,16.05,26.67,19.42,15.56,16.63,37.78,29.48
2567,204,อนุบาลสานสายใยรักเทศบาลเมืองเมืองแกนพัฒนา,แม่แตง,กลาง,นอกเมือง,กรมส่งเสริมการปกครองท้องถิ่น,ท้องถิ่นจังหวัดเชียงใหม่,17,25.49,15.52,30.25,16.89,22.69,17.71,21.57,19.61,23.53,24.96
2567,205,เจ้าพ่อหลวงอุปถัมภ์ 7,แม่ริม,เล็ก,นอกเมือง,สำนักงานคณะกรรมการการศึกษาขั้นพื้นฐาน,สพป.เชียงใหม่ เขต 2,1,33.33,0.00,57.14,0.00,28.57,0.00,0.00,0.00,0.00,0.00
2567,206,นวมินทราชูทิศ พายัพ,แม่ริม,ใหญ่,นอกเมือง,สำนักงานคณะกรรมการการศึกษาขั้นพื้นฐาน,สำนักงานเขตพื้นที่การศึกษามัธยมศึกษาเชียงใหม่,254,32.19,15.74,35.60,20.94,25.65,17.64,25.33,24.42,29.79,26.96
2567,207,บ้านทุ่งโป่ง,แม่ริม,กลาง,นอกเมือง,สำนักงานคณะกรรมการการศึกษาขั้นพื้นฐาน,สพป.เชียงใหม่ เขต 2,18,30.56,13.32,31.75,19.38,19.84,15.89,27.78,20.03,24.07,24.36
2567,208,บ้านป่าติ้ว,แม่ริม,เล็ก,นอกเมือง,สำนักงานคณะกรรมการการศึกษาขั้นพื้นฐาน,สพป.เชียงใหม่ เขต 2,20,35.83,11.81,27.86,15.30,25.00,14.90,16.67,19.72,26.67,22.61
2567,209,บ้านแม่สา,แม่ริม,กลาง,นอกเมือง,สำนักงานคณะกรรมการการศึกษาขั้นพื้นฐาน,สพป.เชียงใหม่ เขต 2,10,30.83,9.90,22.86,18.29,14.29,11.07,30.00,31.45,30.00,23.33
2567,210,บ้านศาลา,แม่ริม,กลาง,นอกเมือง,กรมส่งเสริมการปกครองท้องถิ่น,ท้องถิ่นจังหวัดเชียงใหม่,80,28.33,12.68,30.54,21.28,24.64,13.73,24.17,26.86,26.67,23.80
2567,211,บ้านสะลวงนอก,แม่ริม,เล็ก,นอกเมือง,สำนักงานคณะกรรมการการศึกษาขั้นพื้นฐาน,สพป.เชียงใหม่ เขต 2,12,29.86,13.80,35.71,17.98,34.52,18.86,27.78,32.87,19.44,25.31
2567,212,บ้านสันคะยอม,แม่ริม,เล็ก,นอกเมือง,สำนักงานคณะกรรมการการศึกษาขั้นพื้นฐาน,สพป.เชียงใหม่ เขต 2,11,27.27,13.34,23.38,17.52,25.97,19.09,21.21,21.43,30.30,22.27
2567,213,บ้านหนองปลามัน,แม่ริม,เล็ก,นอกเมือง,สำนักงานคณะกรรมการการศึกษาขั้นพื้นฐาน,สพป.เชียงใหม่ เขต 2,17,27.45,12.05,23.53,12.91,22.69,12.06,13.73,20.00,33.33,25.57
2567,214,แม่ริมวิทยา,แม่ริม,เล็ก,นอกเมือง,สำนักงานการศึกษาพระปริยัติธรรม แผนกสามัญศึกษา,สำนักเขตการศึกษาพระปริยัติธรรมฯ เขต  5,19,26.32,15.36,28.57,22.23,22.56,13.37,31.58,22.87,17.54,16.64
2567,215,แม่ริมวิทยาคม,แม่ริม,ใหญ่,นอกเมือง,สำนักงานคณะกรรมการการศึกษาขั้นพื้นฐาน,สำนักงานเขตพื้นที่การศึกษามัธยมศึกษาเชียงใหม่,294,29.82,15.41,34.45,21.23,26.00,15.93,22.45,25.10,26.30,26.72
2567,216,ราชประชานุเคราะห์ 60 จังหวัดเชียงใหม่,แม่ริม,กลาง,นอกเมือง,สำนักบริหารงานการศึกษาพิเศษ,-,85,27.55,12.46,27.90,16.96,27.90,16.53,24.31,26.76,29.41,29.11
2567,217,บ้านกาดวิทยาคม,แม่วาง,กลาง,นอกเมือง,สำนักงานคณะกรรมการการศึกษาขั้นพื้นฐาน,สำนักงานเขตพื้นที่การศึกษามัธยมศึกษาเชียงใหม่,116,27.44,11.79,32.64,19.39,27.96,16.18,22.41,27.60,25.00,26.94
2567,218,บ้านห้วยตอง,แม่วาง,กลาง,นอกเมือง,สำนักงานคณะกรรมการการศึกษาขั้นพื้นฐาน,สพป.เชียงใหม่ เขต 4,17,29.41,15.16,21.85,13.07,25.21,13.45,29.41,29.99,27.45,23.53
2567,219,แม่วินสามัคคี,แม่วาง,กลาง,นอกเมือง,สำนักงานคณะกรรมการการศึกษาขั้นพื้นฐาน,สพป.เชียงใหม่ เขต 4,63,27.91,10.83,25.62,16.13,26.30,15.10,26.46,27.32,23.81,22.56
2567,220,วัดมะกับตองหลวง,แม่วาง,เล็ก,นอกเมือง,สำนักงานคณะกรรมการการศึกษาขั้นพื้นฐาน,สพป.เชียงใหม่ เขต 4,2,20.83,4.17,42.86,14.29,21.43,21.43,16.67,16.67,33.33,0.00
2567,221,วัดห้วยแก้ว,แม่วาง,เล็ก,นอกเมือง,สำนักงานคณะกรรมการการศึกษาขั้นพื้นฐาน,สพป.เชียงใหม่ เขต 4,5,30.00,10.00,34.29,21.38,14.29,12.78,0.00,0.00,33.33,21.08
2567,222,สัพพัญญูวิทยา,แม่วาง,เล็ก,นอกเมือง,สำนักงานการศึกษาพระปริยัติธรรม แผนกสามัญศึกษา,สำนักเขตการศึกษาพระปริยัติธรรมฯ เขต  5,5,21.67,11.30,22.86,11.43,37.14,14.57,26.67,13.33,13.33,16.33
2567,223,ทาเหนือวิทยา,แม่ออน,เล็ก,นอกเมือง,สำนักงานคณะกรรมการการศึกษาขั้นพื้นฐาน,สพป.เชียงใหม่ เขต 1,25,22.33,10.73,21.71,16.22,23.43,17.09,22.67,32.28,28.00,26.13
2567,224,แม่ออนวิทยาลัย,แม่ออน,กลาง,นอกเมือง,สำนักงานคณะกรรมการการศึกษาขั้นพื้นฐาน,สำนักงานเขตพื้นที่การศึกษามัธยมศึกษาเชียงใหม่,55,33.48,14.52,27.27,18.53,28.83,16.90,29.09,25.47,25.45,28.40
2567,225,วัดห้วยแก้ว,แม่ออน,เล็ก,นอกเมือง,สำนักงานคณะกรรมการการศึกษาขั้นพื้นฐาน,สพป.เชียงใหม่ เขต 1,11,26.52,16.21,24.68,16.22,20.78,11.17,15.15,16.60,15.15,16.60
2567,226,วัดห้วยทราย,แม่ออน,เล็ก,นอกเมือง,สำนักงานคณะกรรมการการศึกษาขั้นพื้นฐาน,สพป.เชียงใหม่ เขต 1,13,32.05,13.01,35.16,18.26,26.37,14.66,33.33,26.15,28.21,28.78
2567,227,เจ้าพ่อหลวงอุปถัมภ์ 9,แม่อาย,กลาง,นอกเมือง,สำนักงานคณะกรรมการการศึกษาขั้นพื้นฐาน,สพป.เชียงใหม่ เขต 3,31,25.54,9.68,29.03,16.02,26.73,16.92,17.20,20.51,21.51,21.67
2567,228,ชุมชนบ้านคาย,แม่อาย,กลาง,นอกเมือง,สำนักงานคณะกรรมการการศึกษาขั้นพื้นฐาน,สพป.เชียงใหม่ เขต 3,12,31.25,10.28,29.76,15.93,29.76,13.63,25.00,27.64,33.33,36.00
2567,229,ชุมชนบ้านแม่ฮ่าง,แม่อาย,กลาง,นอกเมือง,สำนักงานคณะกรรมการการศึกษาขั้นพื้นฐาน,สพป.เชียงใหม่ เขต 3,17,29.90,15.93,32.77,15.31,24.37,16.08,9.80,15.19,31.37,24.17
2567,230,โชติคุณเกษมบ้านเมืองงาม,แม่อาย,กลาง,นอกเมือง,สำนักงานคณะกรรมการการศึกษาขั้นพื้นฐาน,สพป.เชียงใหม่ เขต 3,37,26.13,13.31,30.12,14.77,26.25,14.67,16.22,19.94,20.72,23.70
2567,231,ไทยรัฐวิทยา 12 (บ้านเอก),แม่อาย,กลาง,นอกเมือง,สำนักงานคณะกรรมการการศึกษาขั้นพื้นฐาน,สพป.เชียงใหม่ เขต 3,15,38.33,14.84,50.48,15.53,29.52,15.18,24.44,22.66,17.78,23.93
2567,232,บ้านท่ามะแกง,แม่อาย,เล็ก,นอกเมือง,สำนักงานคณะกรรมการการศึกษาขั้นพื้นฐาน,สพป.เชียงใหม่ เขต 3,16,23.44,15.09,33.04,18.71,33.93,21.35,16.67,16.67,33.33,28.87
2567,233,บ้านป่าก๊อ,แม่อาย,กลาง,นอกเมือง,สำนักงานคณะกรรมการการศึกษาขั้นพื้นฐาน,สพป.เชียงใหม่ เขต 3,20,27.50,10.57,20.00,14.57,32.86,18.13,28.33,24.21,33.33,21.08
2567,234,บ้านปางต้นเดื่อ,แม่อาย,กลาง,นอกเมือง,สำนักงานคณะกรรมการการศึกษาขั้นพื้นฐาน,สพป.เชียงใหม่ เขต 3,19,26.75,11.34,34.59,19.29,23.31,10.58,12.28,26.95,29.82,23.93
2567,235,บ้านป่าแดง,แม่อาย,กลาง,นอกเมือง,สำนักงานคณะกรรมการการศึกษาขั้นพื้นฐาน,สพป.เชียงใหม่ เขต 3,16,21.88,11.36,25.00,12.88,33.93,17.40,22.92,28.18,18.75,23.48
2567,236,บ้านสันต้นหมื้อ,แม่อาย,กลาง,นอกเมือง,สำนักงานคณะกรรมการการศึกษาขั้นพื้นฐาน,สพป.เชียงใหม่ เขต 3,42,28.37,11.07,23.13,14.94,26.87,14.01,21.43,26.05,19.84,20.65
2567,237,บ้านสุขฤทัย,แม่อาย,กลาง,นอกเมือง,สำนักงานคณะกรรมการการศึกษาขั้นพื้นฐาน,สพป.เชียงใหม่ เขต 3,38,28.29,11.40,27.82,18.81,27.07,14.94,23.68,27.47,25.44,23.49
2567,238,บ้านห้วยคอกหมู,แม่อาย,เล็ก,นอกเมือง,สำนักงานคณะกรรมการการศึกษาขั้นพื้นฐาน,สพป.เชียงใหม่ เขต 3,18,23.15,11.97,21.43,17.33,19.84,15.16,25.93,20.95,14.81,19.95
2567,239,พระปริยัติธรรมวัดท่าตอน,แม่อาย,เล็ก,นอกเมือง,สำนักงานการศึกษาพระปริยัติธรรม แผนกสามัญศึกษา,สำนักเขตการศึกษาพระปริยัติธรรมฯ เขต  5,14,29.17,10.33,28.57,14.29,30.61,16.07,28.57,27.77,16.67,20.89
2567,240,เพียงหลวง 1 (บ้านท่าตอน),แม่อาย,กลาง,นอกเมือง,สำนักงานคณะกรรมการการศึกษาขั้นพื้นฐาน,สพป.เชียงใหม่ เขต 3,54,30.56,16.43,27.51,16.23,29.10,15.05,17.90,18.94,24.07,25.19
2567,241,แม่อายวิทยาคม,แม่อาย,ใหญ่,นอกเมือง,กรมส่งเสริมการปกครองท้องถิ่น,ท้องถิ่นจังหวัดเชียงใหม่,37,33.11,17.49,34.36,22.15,24.32,13.23,19.82,22.54,20.72,26.11
2567,242,ราชประชานุเคราะห์ 30,แม่อาย,กลาง,นอกเมือง,สำนักบริหารงานการศึกษาพิเศษ,-,45,28.33,10.74,23.17,15.73,26.67,14.32,27.41,25.62,22.96,25.16
2567,243,บ้านนามน,เวียงแหง,เล็ก,นอกเมือง,สำนักงานคณะกรรมการการศึกษาขั้นพื้นฐาน,สพป.เชียงใหม่ เขต 3,14,30.95,14.92,22.45,11.72,28.57,18.70,26.19,22.46,16.67,20.89
2567,244,บ้านปางป๋อ,เวียงแหง,เล็ก,นอกเมือง,สำนักงานคณะกรรมการการศึกษาขั้นพื้นฐาน,สพป.เชียงใหม่ เขต 3,12,34.03,13.38,21.43,13.68,28.57,13.04,16.67,16.67,22.22,20.79
2567,245,บ้านเปียงหลวง,เวียงแหง,กลาง,นอกเมือง,สำนักงานคณะกรรมการการศึกษาขั้นพื้นฐาน,สพป.เชียงใหม่ เขต 3,56,26.49,12.51,27.55,17.04,25.26,17.28,32.14,30.19,25.60,24.39
2567,246,เวียงแหงปริยัติศึกษา,เวียงแหง,เล็ก,นอกเมือง,สำนักงานการศึกษาพระปริยัติธรรม แผนกสามัญศึกษา,สำนักเขตการศึกษาพระปริยัติธรรมฯ เขต  5,32,25.78,10.07,33.48,18.07,30.80,16.41,20.83,24.65,30.21,28.09
2567,247,เวียงแหงวิทยาคม,เวียงแหง,ใหญ่,นอกเมือง,สำนักงานคณะกรรมการการศึกษาขั้นพื้นฐาน,สำนักงานเขตพื้นที่การศึกษามัธยมศึกษาเชียงใหม่,165,27.98,15.16,30.82,19.64,27.88,16.41,21.41,25.15,24.65,24.86
2567,248,บ้านบ่อแก้ว,สะเมิง,กลาง,นอกเมือง,สำนักงานคณะกรรมการการศึกษาขั้นพื้นฐาน,สพป.เชียงใหม่ เขต 2,30,28.33,13.54,23.81,17.43,28.57,12.23,21.11,23.54,22.22,23.31
2567,249,บ้านปางขุม,สะเมิง,เล็ก,นอกเมือง,สำนักงานคณะกรรมการการศึกษาขั้นพื้นฐาน,สพป.เชียงใหม่ เขต 2,5,23.33,11.06,20.00,7.00,34.29,17.14,20.00,16.33,40.00,24.94
2567,250,บ้านป่าลาน,สะเมิง,เล็ก,นอกเมือง,สำนักงานคณะกรรมการการศึกษาขั้นพื้นฐาน,สพป.เชียงใหม่ เขต 2,12,31.25,9.70,27.38,10.85,27.38,15.93,19.44,21.34,27.78,18.43
2567,251,บ้านแม่ขะปู,สะเมิง,เล็ก,นอกเมือง,สำนักงานคณะกรรมการการศึกษาขั้นพื้นฐาน,สพป.เชียงใหม่ เขต 2,6,25.00,8.33,21.43,13.68,14.29,8.25,27.78,12.42,22.22,15.71
2567,252,บ้านแม่โต๋,สะเมิง,เล็ก,นอกเมือง,สำนักงานคณะกรรมการการศึกษาขั้นพื้นฐาน,สพป.เชียงใหม่ เขต 2,26,26.28,12.38,26.37,17.13,21.98,14.41,21.79,26.05,25.64,19.19
2567,253,บ้านแม่ยางห้า,สะเมิง,เล็ก,นอกเมือง,สำนักงานคณะกรรมการการศึกษาขั้นพื้นฐาน,สพป.เชียงใหม่ เขต 2,17,30.39,16.65,36.13,21.98,27.73,17.98,23.53,24.96,33.33,22.87
2567,254,บ้านแม่ลานคำ,สะเมิง,เล็ก,นอกเมือง,สำนักงานคณะกรรมการการศึกษาขั้นพื้นฐาน,สพป.เชียงใหม่ เขต 2,17,20.10,11.09,18.49,14.51,24.37,16.08,23.53,24.96,41.18,29.22
2567,255,บ้านแม่แว,สะเมิง,เล็ก,นอกเมือง,สำนักงานคณะกรรมการการศึกษาขั้นพื้นฐาน,สพป.เชียงใหม่ เขต 2,9,25.93,8.28,26.98,17.10,25.40,8.98,22.22,22.22,14.81,22.83
2567,256,วัดงิ้วเฒ่า,สะเมิง,เล็ก,นอกเมือง,สำนักงานคณะกรรมการการศึกษาขั้นพื้นฐาน,สพป.เชียงใหม่ เขต 2,12,27.08,12.33,28.57,22.59,26.19,12.82,19.44,21.34,13.89,21.34
2567,257,วัดยั้งเมิน,สะเมิง,เล็ก,นอกเมือง,สำนักงานคณะกรรมการการศึกษาขั้นพื้นฐาน,สพป.เชียงใหม่ เขต 2,10,30.83,11.81,34.29,11.43,27.14,20.65,10.00,15.28,20.00,16.33
2567,258,วัดสะเมิงวิทยา,สะเมิง,เล็ก,นอกเมือง,สำนักงานการศึกษาพระปริยัติธรรม แผนกสามัญศึกษา,สำนักเขตการศึกษาพระปริยัติธรรมฯ เขต  5,9,29.63,11.19,26.98,15.71,15.87,12.50,37.04,29.16,22.22,22.22
2567,259,สะเมิงพิทยาคม,สะเมิง,กลาง,นอกเมือง,สำนักงานคณะกรรมการการศึกษาขั้นพื้นฐาน,สำนักงานเขตพื้นที่การศึกษามัธยมศึกษาเชียงใหม่,74,27.70,14.11,29.34,16.42,27.41,14.04,21.62,27.09,22.97,24.46
2567,260,บ้านบวกค้าง,สันกำแพง,เล็ก,นอกเมือง,สำนักงานคณะกรรมการการศึกษาขั้นพื้นฐาน,สพป.เชียงใหม่ เขต 1,5,30.00,4.08,48.57,23.21,31.43,16.66,33.33,21.08,46.67,16.33
2567,261,บ้านแม่ปูคา,สันกำแพง,เล็ก,นอกเมือง,สำนักงานคณะกรรมการการศึกษาขั้นพื้นฐาน,สพป.เชียงใหม่ เขต 1,9,28.70,6.93,41.27,21.76,28.57,19.05,25.93,26.19,11.11,15.71
2567,262,บ้านหนองโค้ง,สันกำแพง,กลาง,นอกเมือง,สำนักงานคณะกรรมการการศึกษาขั้นพื้นฐาน,สพป.เชียงใหม่ เขต 1,46,32.43,15.07,33.85,21.35,28.26,17.24,19.57,22.60,34.06,29.89
2567,263,วัดล้านตอง,สันกำแพง,เล็ก,นอกเมือง,สำนักงานคณะกรรมการการศึกษาขั้นพื้นฐาน,สพป.เชียงใหม่ เขต 1,8,21.88,8.27,23.21,18.81,21.43,10.10,29.17,30.90,25.00,22.05
2567,264,สันกำแพง,สันกำแพง,ใหญ่พิเศษ,นอกเมือง,สำนักงานคณะกรรมการการศึกษาขั้นพื้นฐาน,สำนักงานเขตพื้นที่การศึกษามัธยมศึกษาเชียงใหม่,446,33.52,17.89,37.38,22.49,26.20,17.08,23.54,25.96,27.95,26.90
2567,265,สันกำแพงคันธาอนุสรณ์,สันกำแพง,เล็ก,นอกเมือง,สำนักงานคณะกรรมการการศึกษาขั้นพื้นฐาน,สพป.เชียงใหม่ เขต 1,16,20.83,12.15,25.00,17.86,30.36,12.24,29.17,28.57,31.25,29.97
2567,266,ชลประทานเขื่อนแม่กวงจิราธิวัฒน์อุปถัมภ์,สันทราย,กลาง,นอกเมือง,สำนักงานคณะกรรมการการศึกษาขั้นพื้นฐาน,สพป.เชียงใหม่ เขต 2,30,23.61,11.80,30.48,19.77,28.57,18.07,26.67,24.94,21.11,21.91
2567,267,บ้านเจดีย์แม่ครัว,สันทราย,กลาง,นอกเมือง,สำนักงานคณะกรรมการการศึกษาขั้นพื้นฐาน,สพป.เชียงใหม่ เขต 2,48,27.78,15.81,27.68,18.76,26.49,16.23,18.06,21.47,22.22,29.92
2567,268,บ้านบวกเปา,สันทราย,เล็ก,นอกเมือง,สำนักงานคณะกรรมการการศึกษาขั้นพื้นฐาน,สพป.เชียงใหม่ เขต 2,14,43.45,15.16,36.73,22.73,32.65,16.58,28.57,30.49,30.95,19.78
2567,269,บ้านแม่โจ้,สันทราย,กลาง,นอกเมือง,สำนักงานคณะกรรมการการศึกษาขั้นพื้นฐาน,สพป.เชียงใหม่ เขต 2,29,25.86,12.45,24.63,16.73,19.21,16.04,24.14,27.54,32.18,26.96
2567,270,บ้านร่มหลวง,สันทราย,เล็ก,นอกเมือง,สำนักงานคณะกรรมการการศึกษาขั้นพื้นฐาน,สพป.เชียงใหม่ เขต 2,18,29.63,12.18,23.81,12.60,33.33,15.06,14.81,19.95,22.22,22.22
2567,271,บ้านศรีบุญเรือง,สันทราย,กลาง,นอกเมือง,สำนักงานคณะกรรมการการศึกษาขั้นพื้นฐาน,สพป.เชียงใหม่ เขต 2,14,39.29,15.25,43.88,27.78,26.53,19.36,26.19,28.67,19.05,27.36
2567,272,บ้านหนองไคร้,สันทราย,กลาง,นอกเมือง,สำนักงานคณะกรรมการการศึกษาขั้นพื้นฐาน,สพป.เชียงใหม่ เขต 2,51,35.95,15.70,40.34,19.13,26.05,17.14,21.57,22.70,31.37,23.26
2567,273,บ้านหลักปัน,สันทราย,กลาง,นอกเมือง,สำนักงานคณะกรรมการการศึกษาขั้นพื้นฐาน,สพป.เชียงใหม่ เขต 2,24,33.33,11.54,32.74,15.14,26.19,14.68,23.61,22.52,31.94,24.49
2567,274,พงษ์พิกุลเชียงใหม่,สันทราย,กลาง,นอกเมือง,สำนักงานคณะกรรมการส่งเสริมการศึกษาเอกชน,-,13,27.56,13.23,43.96,17.24,17.58,16.00,12.82,20.83,25.64,26.65
2567,275,วัดแม่แก้ดน้อย,สันทราย,ใหญ่,นอกเมือง,สำนักงานคณะกรรมการการศึกษาขั้นพื้นฐาน,สพป.เชียงใหม่ เขต 2,72,28.47,14.28,30.16,20.56,27.18,18.77,22.69,24.11,20.37,25.19
2567,276,วัดวิเวกวนาราม,สันทราย,เล็ก,นอกเมือง,สำนักงานการศึกษาพระปริยัติธรรม แผนกสามัญศึกษา,สำนักเขตการศึกษาพระปริยัติธรรมฯ เขต  5,17,22.06,13.39,27.73,16.60,30.25,18.26,31.37,29.08,25.49,26.88
2567,277,สันทรายวิทยาคม,สันทราย,ใหญ่,นอกเมือง,สำนักงานคณะกรรมการการศึกษาขั้นพื้นฐาน,สำนักงานเขตพื้นที่การศึกษามัธยมศึกษาเชียงใหม่,268,31.78,16.58,37.90,21.64,25.59,18.06,24.13,25.07,29.73,26.54
2567,278,สันทรายหลวง,สันทราย,กลาง,นอกเมือง,สำนักงานคณะกรรมการการศึกษาขั้นพื้นฐาน,สพป.เชียงใหม่ เขต 2,87,29.31,13.42,31.03,16.95,29.06,16.42,22.99,23.87,27.97,27.16
2567,279,ทุ่งฟ้าบดราษฎร์บำรุง,สันป่าตอง,กลาง,นอกเมือง,กรมส่งเสริมการปกครองท้องถิ่น,ท้องถิ่นจังหวัดเชียงใหม่,55,35.76,17.31,38.18,26.14,31.43,18.56,19.39,22.64,26.06,26.74
2567,280,เทพศิรินทร์ เชียงใหม่,สันป่าตอง,กลาง,นอกเมือง,สำนักงานคณะกรรมการการศึกษาขั้นพื้นฐาน,สำนักงานเขตพื้นที่การศึกษามัธยมศึกษาเชียงใหม่,107,27.18,12.81,27.77,17.01,24.03,16.06,25.23,28.77,26.48,25.67
2567,281,บ้านทุ่งเสี้ยว (นวรัฐ),สันป่าตอง,เล็ก,นอกเมือง,สำนักงานคณะกรรมการการศึกษาขั้นพื้นฐาน,สพป.เชียงใหม่ เขต 4,11,29.55,11.98,28.57,17.23,23.38,17.52,15.15,16.60,21.21,29.38
2567,282,บ้านร่องน้ำ,สันป่าตอง,เล็ก,นอกเมือง,สำนักงานคณะกรรมการการศึกษาขั้นพื้นฐาน,สพป.เชียงใหม่ เขต 4,13,28.85,15.20,28.57,11.21,24.18,14.16,17.95,16.62,25.64,26.65
2567,283,บ้านหัวริน,สันป่าตอง,เล็ก,นอกเมือง,สำนักงานคณะกรรมการการศึกษาขั้นพื้นฐาน,สพป.เชียงใหม่ เขต 4,9,28.70,15.27,19.05,15.06,22.22,21.41,18.52,16.56,18.52,16.56
2567,284,พัฒนวิทย์ศึกษา,สันป่าตอง,ใหญ่,นอกเมือง,สำนักงานคณะกรรมการส่งเสริมการศึกษาเอกชน,-,2,29.17,12.50,35.71,21.43,21.43,7.14,50.00,16.67,0.00,0.00
2567,285,วัดกู่คำ,สันป่าตอง,เล็ก,นอกเมือง,สำนักงานคณะกรรมการการศึกษาขั้นพื้นฐาน,สพป.เชียงใหม่ เขต 4,27,32.72,11.99,29.63,16.00,27.51,15.02,18.52,20.95,24.69,28.10
2567,286,วัดโรงวัว,สันป่าตอง,เล็ก,นอกเมือง,สำนักงานคณะกรรมการการศึกษาขั้นพื้นฐาน,สพป.เชียงใหม่ เขต 4,10,32.50,14.65,41.43,21.62,31.43,14.00,26.67,24.94,26.67,24.94
2567,287,สันป่าตองวิทยาคม,สันป่าตอง,ใหญ่พิเศษ,นอกเมือง,สำนักงานคณะกรรมการการศึกษาขั้นพื้นฐาน,สำนักงานเขตพื้นที่การศึกษามัธยมศึกษาเชียงใหม่,312,32.80,17.97,38.37,23.21,25.18,17.35,26.07,26.50,29.70,27.63
2567,288,ช่องฟ้าซินเซิงวาณิชบำรุง,สารภี,ใหญ่พิเศษ,นอกเมือง,สำนักงานคณะกรรมการส่งเสริมการศึกษาเอกชน,-,122,43.37,19.76,51.41,24.10,30.21,22.34,31.15,29.49,36.61,33.17
2567,289,ชุมชนวัดศรีคำชมภู,สารภี,กลาง,นอกเมือง,สำนักงานคณะกรรมการการศึกษาขั้นพื้นฐาน,สพป.เชียงใหม่ เขต 4,29,31.61,15.38,33.00,18.80,24.14,19.17,20.69,20.37,26.44,23.78
2567,290,บ้านปากเหมือง,สารภี,กลาง,นอกเมือง,สำนักงานคณะกรรมการการศึกษาขั้นพื้นฐาน,สพป.เชียงใหม่ เขต 4,9,40.74,11.42,42.86,25.20,31.75,14.72,29.63,24.57,44.44,27.22
2567,291,วชิราลัย,สารภี,กลาง,นอกเมือง,สำนักงานคณะกรรมการส่งเสริมการศึกษาเอกชน,-,38,33.33,20.41,36.84,23.32,23.31,14.81,26.32,27.74,30.70,26.91
2567,292,วัดท่าต้นกวาว,สารภี,เล็ก,นอกเมือง,สำนักงานคณะกรรมการการศึกษาขั้นพื้นฐาน,สพป.เชียงใหม่ เขต 4,23,25.72,14.10,27.95,14.88,30.43,18.98,27.54,23.37,26.09,27.73
2567,293,วัดบวกครกเหนือ,สารภี,เล็ก,นอกเมือง,สำนักงานคณะกรรมการการศึกษาขั้นพื้นฐาน,สพป.เชียงใหม่ เขต 4,25,27.00,11.85,29.14,16.40,28.57,15.65,20.00,26.67,21.33,22.86
2567,294,วัดเวฬุวัน,สารภี,ใหญ่,นอกเมือง,สำนักงานคณะกรรมการการศึกษาขั้นพื้นฐาน,สพป.เชียงใหม่ เขต 4,144,33.10,15.09,33.33,21.36,25.89,18.75,21.53,24.68,26.85,27.30
2567,295,วัดศรีดอนชัย,สารภี,เล็ก,นอกเมือง,สำนักงานคณะกรรมการการศึกษาขั้นพื้นฐาน,สพป.เชียงใหม่ เขต 4,9,34.26,10.72,39.68,16.19,20.63,11.88,18.52,16.56,25.93,13.86
2567,296,สารภีปริยัติศึกษา,สารภี,เล็ก,นอกเมือง,สำนักงานการศึกษาพระปริยัติธรรม แผนกสามัญศึกษา,สำนักเขตการศึกษาพระปริยัติธรรมฯ เขต  5,12,28.47,13.38,22.62,10.85,25.00,13.20,30.56,25.31,36.11,25.31
2567,297,สารภีพิทยาคม,สารภี,กลาง,นอกเมือง,สำนักงานคณะกรรมการการศึกษาขั้นพื้นฐาน,สำนักงานเขตพื้นที่การศึกษามัธยมศึกษาเชียงใหม่,168,32.49,15.29,35.46,21.26,26.96,16.82,16.67,22.42,30.75,26.48
2567,298,สืบนทีธรรม,สารภี,กลาง,นอกเมือง,สำนักงานคณะกรรมการส่งเสริมการศึกษาเอกชน,-,23,30.80,13.78,31.06,16.67,25.47,14.57,23.19,24.93,28.99,28.33
2567,299,ต้นแก้วผดุงพิทยาลัย,หางดง,ใหญ่,นอกเมือง,กรมส่งเสริมการปกครองท้องถิ่น,ท้องถิ่นจังหวัดเชียงใหม่,39,32.26,13.37,32.23,23.04,25.64,17.48,17.95,21.14,25.64,27.70
2567,300,เทศบาลหนองตองวิทยา,หางดง,เล็ก,นอกเมือง,กรมส่งเสริมการปกครองท้องถิ่น,ท้องถิ่นจังหวัดเชียงใหม่,15,28.33,15.46,38.10,23.13,20.00,10.17,17.78,23.93,26.67,21.77
2567,301,บ้านน้ำแพร่,หางดง,เล็ก,นอกเมือง,สำนักงานคณะกรรมการการศึกษาขั้นพื้นฐาน,สพป.เชียงใหม่ เขต 4,23,34.78,12.69,28.57,15.19,21.12,11.04,27.54,23.37,30.43,23.90
2567,302,บ้านปง,หางดง,เล็ก,นอกเมือง,สำนักงานคณะกรรมการการศึกษาขั้นพื้นฐาน,สพป.เชียงใหม่ เขต 4,18,32.41,15.69,42.86,21.30,28.57,15.06,22.22,22.22,35.19,25.99
2567,303,บ้านสันป่าสัก,หางดง,กลาง,นอกเมือง,สำนักงานคณะกรรมการการศึกษาขั้นพื้นฐาน,สพป.เชียงใหม่ เขต 4,67,30.97,18.09,33.05,20.08,26.44,16.04,26.37,27.94,29.85,26.48
2567,304,พันธสัญญา,หางดง,เล็ก,นอกเมือง,สำนักงานคณะกรรมการส่งเสริมการศึกษาเอกชน,-,12,50.69,19.97,64.29,25.75,41.67,20.59,47.22,28.73,52.78,34.58
2567,305,วัดศรีสว่าง,หางดง,เล็ก,นอกเมือง,สำนักงานคณะกรรมการการศึกษาขั้นพื้นฐาน,สพป.เชียงใหม่ เขต 4,7,33.33,10.91,38.78,23.80,18.37,10.00,19.05,24.28,33.33,25.20
2567,306,หางดงรัฐราษฎร์อุปถัมภ์,หางดง,ใหญ่,นอกเมือง,สำนักงานคณะกรรมการการศึกษาขั้นพื้นฐาน,สำนักงานเขตพื้นที่การศึกษามัธยมศึกษาเชียงใหม่,227,32.27,17.01,36.88,22.74,27.82,18.07,23.20,26.18,26.14,26.03
2567,307,หางดงสังฆราษฎร์อุปถัมภ์,หางดง,เล็ก,นอกเมือง,สำนักงานการศึกษาพระปริยัติธรรม แผนกสามัญศึกษา,สำนักเขตการศึกษาพระปริยัติธรรมฯ เขต  5,15,28.33,9.03,25.71,16.66,29.52,14.25,24.44,19.12,28.89,20.61
2567,308,บ้านซิแบร,อมก๋อย,เล็ก,นอกเมือง,สำนักงานคณะกรรมการการศึกษาขั้นพื้นฐาน,สพป.เชียงใหม่ เขต 5,10,25.00,15.37,24.29,16.96,27.14,20.65,16.67,22.36,30.00,31.45
2567,309,บ้านตุงลอย,อมก๋อย,กลาง,นอกเมือง,สำนักงานคณะกรรมการการศึกษาขั้นพื้นฐาน,สพป.เชียงใหม่ เขต 5,31,27.96,11.31,20.28,16.14,29.49,17.75,18.28,25.17,18.28,23.70
2567,310,บ้านนาเกียน,อมก๋อย,เล็ก,นอกเมือง,สำนักงานคณะกรรมการการศึกษาขั้นพื้นฐาน,สำนักงานเขตพื้นที่การศึกษามัธยมศึกษาเชียงใหม่,15,21.11,11.33,28.57,12.78,27.62,16.05,20.00,23.73,24.44,22.66
2567,311,บ้านมูเซอ,อมก๋อย,กลาง,นอกเมือง,สำนักงานคณะกรรมการการศึกษาขั้นพื้นฐาน,สพป.เชียงใหม่ เขต 5,12,25.69,12.01,20.24,14.82,26.19,16.32,33.33,23.57,16.67,16.67
2567,312,บ้านแม่ต๋อม,อมก๋อย,กลาง,นอกเมือง,สำนักงานคณะกรรมการการศึกษาขั้นพื้นฐาน,สพป.เชียงใหม่ เขต 5,24,30.56,13.32,30.36,15.60,25.00,15.57,16.67,23.57,25.00,19.84
2567,313,บ้านแม่อ่างขาง,อมก๋อย,เล็ก,นอกเมือง,สำนักงานคณะกรรมการการศึกษาขั้นพื้นฐาน,สพป.เชียงใหม่ เขต 5,18,25.00,12.42,34.92,19.18,20.63,11.88,22.22,19.25,24.07,21.68
2567,314,บ้านยางครก,อมก๋อย,เล็ก,นอกเมือง,สำนักงานคณะกรรมการการศึกษาขั้นพื้นฐาน,สพป.เชียงใหม่ เขต 5,20,26.67,12.80,20.71,18.88,28.57,16.29,18.33,24.66,26.67,22.61
2567,315,บ้านยางเปา,อมก๋อย,กลาง,นอกเมือง,สำนักงานคณะกรรมการการศึกษาขั้นพื้นฐาน,สพป.เชียงใหม่ เขต 5,36,26.39,11.54,26.59,17.87,26.19,13.26,25.93,26.19,24.07,25.59
2567,316,บ้านยางเปียง,อมก๋อย,เล็ก,นอกเมือง,สำนักงานคณะกรรมการการศึกษาขั้นพื้นฐาน,สพป.เชียงใหม่ เขต 5,21,21.43,10.47,17.69,13.16,27.89,14.27,23.81,23.33,15.87,19.57
2567,317,บ้านสบลาน,อมก๋อย,กลาง,นอกเมือง,สำนักงานคณะกรรมการการศึกษาขั้นพื้นฐาน,สพป.เชียงใหม่ เขต 5,7,26.19,8.25,30.61,17.79,20.41,18.48,23.81,23.33,28.57,21.30
2567,318,บ้านห้วยโค้ง,อมก๋อย,กลาง,นอกเมือง,สำนักงานคณะกรรมการการศึกษาขั้นพื้นฐาน,สพป.เชียงใหม่ เขต 5,11,27.27,10.71,28.57,13.62,36.36,19.61,21.21,21.43,39.39,27.77
2567,319,บ้านห้วยน้ำขาว,อมก๋อย,กลาง,นอกเมือง,สำนักงานคณะกรรมการการศึกษาขั้นพื้นฐาน,สพป.เชียงใหม่ เขต 5,49,27.38,12.82,24.20,15.86,27.41,15.77,19.05,25.20,24.49,25.89
2567,320,บ้านห้วยไม้หก,อมก๋อย,เล็ก,นอกเมือง,สำนักงานคณะกรรมการการศึกษาขั้นพื้นฐาน,สพป.เชียงใหม่ เขต 5,37,20.27,11.22,24.71,14.72,27.41,15.36,16.22,26.42,29.73,21.62
2567,321,บ้านอูตูม,อมก๋อย,กลาง,นอกเมือง,สำนักงานคณะกรรมการการศึกษาขั้นพื้นฐาน,สพป.เชียงใหม่ เขต 5,26,27.24,8.19,23.08,16.85,28.57,17.27,21.79,24.36,25.64,24.99
2567,322,แม่ตื่นวิทยาคม,อมก๋อย,กลาง,นอกเมือง,สำนักงานคณะกรรมการการศึกษาขั้นพื้นฐาน,สำนักงานเขตพื้นที่การศึกษามัธยมศึกษาเชียงใหม่,77,25.11,9.64,31.35,17.39,30.61,17.34,20.78,22.18,31.17,23.62
2567,323,อมก๋อยวิทยาคม,อมก๋อย,ใหญ่,นอกเมือง,สำนักงานคณะกรรมการการศึกษาขั้นพื้นฐาน,สำนักงานเขตพื้นที่การศึกษามัธยมศึกษาเชียงใหม่,135,26.98,11.97,27.41,18.57,26.56,16.51,22.47,24.62,24.20,26.11
2567,324,ชุมชนบ้านท่าข้าม,ฮอด,กลาง,นอกเมือง,สำนักงานคณะกรรมการการศึกษาขั้นพื้นฐาน,สพป.เชียงใหม่ เขต 5,12,31.25,22.08,38.10,18.75,22.62,16.96,19.44,21.34,11.11,15.71
2567,325,บ้านกองลอย,ฮอด,กลาง,นอกเมือง,สำนักงานคณะกรรมการการศึกษาขั้นพื้นฐาน,สพป.เชียงใหม่ เขต 5,26,24.04,13.74,20.33,16.89,24.73,17.96,19.23,28.00,30.77,27.62
2567,326,บ้านแควมะกอก,ฮอด,กลาง,นอกเมือง,สำนักงานคณะกรรมการการศึกษาขั้นพื้นฐาน,สพป.เชียงใหม่ เขต 5,21,28.97,14.23,26.53,13.43,30.61,16.07,28.57,27.77,26.98,30.20
2567,327,บ้านตาลเหนือ,ฮอด,เล็ก,นอกเมือง,สำนักงานคณะกรรมการการศึกษาขั้นพื้นฐาน,สพป.เชียงใหม่ เขต 5,2,25.00,8.33,7.14,7.14,7.14,7.14,16.67,16.67,50.00,16.67
2567,328,บ้านเตียนอาง,ฮอด,เล็ก,นอกเมือง,สำนักงานคณะกรรมการการศึกษาขั้นพื้นฐาน,สพป.เชียงใหม่ เขต 5,20,32.50,12.05,15.71,15.58,30.00,19.11,23.33,15.28,13.33,19.44
2567,329,บ้านทุ่งโป่ง,ฮอด,เล็ก,นอกเมือง,สำนักงานคณะกรรมการการศึกษาขั้นพื้นฐาน,สพป.เชียงใหม่ เขต 5,3,19.44,10.39,33.33,13.47,33.33,29.35,33.33,0.00,22.22,31.43
2567,330,บ้านนาฟ่อน,ฮอด,เล็ก,นอกเมือง,สำนักงานคณะกรรมการการศึกษาขั้นพื้นฐาน,สพป.เชียงใหม่ เขต 5,7,17.86,11.29,20.41,12.91,28.57,13.23,23.81,23.33,14.29,16.50
2567,331,บ้านบ่อหลวง,ฮอด,กลาง,นอกเมือง,สำนักงานคณะกรรมการการศึกษาขั้นพื้นฐาน,สพป.เชียงใหม่ เขต 5,24,23.26,12.02,19.64,13.56,27.38,15.38,31.94,31.15,22.22,22.91
2567,332,บ้านพุย,ฮอด,เล็ก,นอกเมือง,สำนักงานคณะกรรมการการศึกษาขั้นพื้นฐาน,สพป.เชียงใหม่ เขต 5,13,23.08,10.92,21.98,15.46,31.87,14.99,25.64,23.22,23.08,20.19
2567,333,บ้านแม่งูด,ฮอด,เล็ก,นอกเมือง,สำนักงานคณะกรรมการการศึกษาขั้นพื้นฐาน,สพป.เชียงใหม่ เขต 5,19,32.02,16.28,23.31,20.31,22.56,18.14,24.56,23.80,31.58,27.52
2567,334,บ้านแม่ลาย,ฮอด,เล็ก,นอกเมือง,สำนักงานคณะกรรมการการศึกษาขั้นพื้นฐาน,สพป.เชียงใหม่ เขต 5,14,20.24,12.08,33.67,25.10,25.51,15.44,26.19,25.75,42.86,29.35
2567,335,บ้านวังลุง,ฮอด,เล็ก,นอกเมือง,สำนักงานคณะกรรมการการศึกษาขั้นพื้นฐาน,สพป.เชียงใหม่ เขต 5,10,23.33,12.80,22.86,13.09,21.43,14.64,20.00,22.11,20.00,22.11
2567,336,แม่โถวิทยาคม,ฮอด,กลาง,นอกเมือง,สำนักงานคณะกรรมการการศึกษาขั้นพื้นฐาน,สพป.เชียงใหม่ เขต 5,35,25.95,11.23,25.71,16.66,27.35,13.39,25.71,25.31,20.00,22.82
2567,337,วัดบ้านขุนเตรียมพุทธศาสตร์,ฮอด,เล็ก,นอกเมือง,สำนักงานการศึกษาพระปริยัติธรรม แผนกสามัญศึกษา,สำนักเขตการศึกษาพระปริยัติธรรมฯ เขต  5,27,31.48,11.42,24.87,14.85,24.87,12.65,35.80,31.33,27.16,27.27
2567,338,ฮอดพิทยาคม,ฮอด,ใหญ่,นอกเมือง,สำนักงานคณะกรรมการการศึกษาขั้นพื้นฐาน,สำนักงานเขตพื้นที่การศึกษามัธยมศึกษาเชียงใหม่,119,31.51,14.26,28.69,19.11,26.65,14.46,25.49,25.82,26.05,26.69
2566,1,บ้านขุนแม่รวม,กัลยาณิวัฒนา,เล็ก,นอกเมือง,สำนักงานคณะกรรมการการศึกษาขั้นพื้นฐาน,สพป.เชียงใหม่ เขต 6,3,33.33,11.79,14.29,11.66,28.57,11.66,33.33,23.57,25.00,0.00
2566,2,บ้านจันทร์,กัลยาณิวัฒนา,เล็ก,นอกเมือง,สำนักงานคณะกรรมการการศึกษาขั้นพื้นฐาน,สพป.เชียงใหม่ เขต 6,11,31.06,11.29,20.78,11.17,31.17,18.09,40.91,35.79,20.45,20.83
2566,3,บ้านแจ่มหลวง,กัลยาณิวัฒนา,เล็ก,นอกเมือง,สำนักงานคณะกรรมการการศึกษาขั้นพื้นฐาน,สพป.เชียงใหม่ เขต 6,15,21.11,12.86,16.19,14.63,30.48,14.63,63.33,33.99,28.33,20.14
2566,4,บ้านแม่แดดน้อย,กัลยาณิวัฒนา,เล็ก,นอกเมือง,สำนักงานคณะกรรมการการศึกษาขั้นพื้นฐาน,สพป.เชียงใหม่ เขต 6,19,25.44,5.04,24.06,15.41,30.83,23.75,21.05,29.54,21.05,16.75
2566,5,บ้านแม่ตะละ,กัลยาณิวัฒนา,เล็ก,นอกเมือง,สำนักงานคณะกรรมการการศึกษาขั้นพื้นฐาน,สพป.เชียงใหม่ เขต 6,2,29.17,4.17,7.14,7.14,28.57,14.29,75.00,25.00,37.50,12.50
2566,6,บ้านห้วยยา,กัลยาณิวัฒนา,เล็ก,นอกเมือง,สำนักงานคณะกรรมการการศึกษาขั้นพื้นฐาน,สพป.เชียงใหม่ เขต 6,17,29.41,12.50,21.01,15.59,19.33,12.91,17.65,29.41,23.53,18.13
2566,7,มัธยมกัลยาณิวัฒนาเฉลิมพระเกียรติ,กัลยาณิวัฒนา,กลาง,นอกเมือง,สำนักงานคณะกรรมการการศึกษาขั้นพื้นฐาน,สำนักงานเขตพื้นที่การศึกษามัธยมศึกษาเชียงใหม่,18,25.46,15.33,23.81,16.50,26.19,10.91,44.44,28.33,27.78,21.87
2566,8,สามัคคีสันม่วง,กัลยาณิวัฒนา,เล็ก,นอกเมือง,สำนักงานคณะกรรมการการศึกษาขั้นพื้นฐาน,สพป.เชียงใหม่ เขต 6,8,29.17,11.79,23.21,12.24,28.57,14.29,50.00,43.30,34.38,12.10
2566,9,จอมทอง,จอมทอง,ใหญ่พิเศษ,นอกเมือง,สำนักงานคณะกรรมการการศึกษาขั้นพื้นฐาน,สำนักงานเขตพื้นที่การศึกษามัธยมศึกษาเชียงใหม่,335,31.59,15.89,31.47,21.69,36.03,18.50,44.78,33.83,29.40,22.80
2566,10,ไทยรัฐวิทยา 79 (บ้านหนองอาบช้าง),จอมทอง,เล็ก,นอกเมือง,สำนักงานคณะกรรมการการศึกษาขั้นพื้นฐาน,สพป.เชียงใหม่ เขต 6,17,29.90,11.45,21.01,15.59,30.25,16.16,29.41,34.55,29.41,21.41
2566,11,บ้านขุนกลาง,จอมทอง,กลาง,นอกเมือง,สำนักงานคณะกรรมการการศึกษาขั้นพื้นฐาน,สพป.เชียงใหม่ เขต 6,19,28.51,11.25,30.08,17.89,25.56,15.77,36.84,31.80,22.37,19.69
2566,12,บ้านขุนแปะ,จอมทอง,เล็ก,นอกเมือง,สำนักงานคณะกรรมการการศึกษาขั้นพื้นฐาน,สพป.เชียงใหม่ เขต 6,20,27.08,11.75,20.71,17.19,27.14,14.91,32.50,32.69,25.00,20.92
2566,13,บ้านปากทางท่าลี่,จอมทอง,เล็ก,นอกเมือง,สำนักงานคณะกรรมการการศึกษาขั้นพื้นฐาน,สพป.เชียงใหม่ เขต 6,7,23.81,9.37,24.49,22.54,20.41,16.83,35.71,34.99,21.43,20.82
2566,14,บ้านสบเตี๊ยะ,จอมทอง,กลาง,นอกเมือง,สำนักงานคณะกรรมการการศึกษาขั้นพื้นฐาน,สพป.เชียงใหม่ เขต 6,18,26.39,14.76,28.57,14.29,28.57,15.06,47.22,26.21,11.11,12.42
2566,15,บ้านห้วยทราย,จอมทอง,เล็ก,นอกเมือง,สำนักงานคณะกรรมการการศึกษาขั้นพื้นฐาน,สพป.เชียงใหม่ เขต 6,10,26.67,14.81,25.71,15.39,40.00,15.39,55.00,35.00,32.50,25.12
2566,16,บ้านห้วยส้มป่อย,จอมทอง,เล็ก,นอกเมือง,สำนักงานคณะกรรมการการศึกษาขั้นพื้นฐาน,สพป.เชียงใหม่ เขต 6,11,33.33,10.05,11.69,8.21,24.68,13.74,22.73,24.90,29.55,23.40
2566,17,บ้านใหม่สารภี,จอมทอง,เล็ก,นอกเมือง,สำนักงานคณะกรรมการการศึกษาขั้นพื้นฐาน,สพป.เชียงใหม่ เขต 6,11,34.09,13.03,23.38,11.02,24.68,17.33,31.82,32.14,29.55,17.90
2566,18,วัดพุทธนิมิตรวิทยา,จอมทอง,เล็ก,นอกเมือง,สำนักงานพระพุทธศาสนาแห่งชาติ,กลุ่มโรงเรียนพระปริยัติธรรมฯ กลุ่ม  5,23,25.00,13.00,24.84,20.73,22.36,15.66,17.39,23.81,20.65,17.53
2566,19,สุทธิวงศ์ดำรงวิทย์,จอมทอง,เล็ก,นอกเมือง,สำนักงานคณะกรรมการส่งเสริมการศึกษาเอกชน,-,5,33.33,13.94,25.71,16.66,17.14,14.00,10.00,20.00,35.00,25.50
2566,20,แกน้อยศึกษา,เชียงดาว,กลาง,นอกเมือง,สำนักงานคณะกรรมการการศึกษาขั้นพื้นฐาน,สพป.เชียงใหม่ เขต 3,8,27.08,11.60,23.21,15.87,30.36,16.66,12.50,21.65,28.13,23.18
2566,21,เจ้าฟ้าอุบลรัตน์,เชียงดาว,เล็ก,นอกเมือง,สำนักงานคณะกรรมการส่งเสริมการศึกษาเอกชน,-,32,31.77,13.41,19.20,12.68,30.36,16.27,29.69,32.74,32.03,23.58
2566,22,ชุมชนบ้านเมืองงาย,เชียงดาว,กลาง,นอกเมือง,สำนักงานคณะกรรมการการศึกษาขั้นพื้นฐาน,สพป.เชียงใหม่ เขต 3,36,35.19,15.97,25.79,20.71,33.73,19.09,41.67,32.27,27.78,21.06
2566,23,ชุมชนบ้านวังจ๊อม,เชียงดาว,กลาง,นอกเมือง,สำนักงานคณะกรรมการการศึกษาขั้นพื้นฐาน,สพป.เชียงใหม่ เขต 3,18,29.63,7.97,21.43,20.34,26.98,19.57,52.78,35.25,33.33,23.57
2566,24,เชียงดาววิทยาคม,เชียงดาว,ใหญ่,นอกเมือง,สำนักงานคณะกรรมการการศึกษาขั้นพื้นฐาน,สำนักงานเขตพื้นที่การศึกษามัธยมศึกษาเชียงใหม่,114,31.58,15.71,26.94,19.55,28.82,18.15,42.54,29.79,30.48,24.73
2566,25,ดอยสามหมื่น,เชียงดาว,เล็ก,นอกเมือง,สำนักงานคณะกรรมการการศึกษาขั้นพื้นฐาน,สพป.เชียงใหม่ เขต 3,7,32.14,11.29,20.41,12.91,18.37,10.00,7.14,17.50,32.14,17.50
2566,26,บ้านเชียงดาว,เชียงดาว,กลาง,นอกเมือง,สำนักงานคณะกรรมการการศึกษาขั้นพื้นฐาน,สพป.เชียงใหม่ เขต 3,41,34.35,14.86,28.92,19.83,31.71,16.55,51.22,34.02,35.37,23.41
2566,27,บ้านทุ่งข้าวพวง,เชียงดาว,กลาง,นอกเมือง,สำนักงานคณะกรรมการการศึกษาขั้นพื้นฐาน,สพป.เชียงใหม่ เขต 3,20,33.75,17.77,36.43,21.42,31.43,16.04,45.00,26.93,26.25,16.72
2566,28,บ้านนาหวาย,เชียงดาว,กลาง,นอกเมือง,สำนักงานคณะกรรมการการศึกษาขั้นพื้นฐาน,สพป.เชียงใหม่ เขต 3,34,26.96,12.79,24.37,16.81,31.09,18.49,69.12,27.16,36.76,18.43
2566,29,บ้านปางเฟือง,เชียงดาว,เล็ก,นอกเมือง,สำนักงานคณะกรรมการการศึกษาขั้นพื้นฐาน,สพป.เชียงใหม่ เขต 3,10,24.17,6.92,20.00,15.91,40.00,21.00,35.00,32.02,25.00,11.18
2566,30,บ้านปางมะเยา,เชียงดาว,กลาง,นอกเมือง,สำนักงานคณะกรรมการการศึกษาขั้นพื้นฐาน,สพป.เชียงใหม่ เขต 3,14,22.62,12.37,16.33,10.60,30.61,16.95,46.43,39.93,17.86,14.73
2566,31,บ้านเมืองคอง,เชียงดาว,เล็ก,นอกเมือง,สำนักงานคณะกรรมการการศึกษาขั้นพื้นฐาน,สพป.เชียงใหม่ เขต 3,6,27.78,9.21,38.10,10.65,38.10,19.63,50.00,28.87,25.00,28.87
2566,32,บ้านเมืองนะ,เชียงดาว,กลาง,นอกเมือง,สำนักงานคณะกรรมการการศึกษาขั้นพื้นฐาน,สพป.เชียงใหม่ เขต 3,40,32.08,12.85,56.43,21.89,28.21,17.05,45.00,29.15,31.25,23.55
2566,33,บ้านแม่กอนใน,เชียงดาว,เล็ก,นอกเมือง,สำนักงานคณะกรรมการการศึกษาขั้นพื้นฐาน,สพป.เชียงใหม่ เขต 3,12,31.25,7.70,26.19,11.42,22.62,16.96,37.50,29.76,33.33,27.64
2566,34,บ้านแม่นะ,เชียงดาว,กลาง,นอกเมือง,สำนักงานคณะกรรมการการศึกษาขั้นพื้นฐาน,สพป.เชียงใหม่ เขต 3,22,32.58,13.03,24.03,13.88,27.27,13.56,54.55,36.65,35.23,27.86
2566,35,บ้านหนองเขียว,เชียงดาว,กลาง,นอกเมือง,สำนักงานคณะกรรมการการศึกษาขั้นพื้นฐาน,สพป.เชียงใหม่ เขต 3,40,32.08,14.26,46.43,18.83,26.79,16.66,36.25,24.97,21.88,23.18
2566,36,บ้านห้วยจะค่าน ตชด.อนุสรณ์,เชียงดาว,กลาง,นอกเมือง,สำนักงานคณะกรรมการการศึกษาขั้นพื้นฐาน,สพป.เชียงใหม่ เขต 3,15,24.44,10.30,23.81,13.47,34.29,22.01,43.33,35.90,25.00,20.41
2566,37,พัฒนาต้นน้ำขุนคอง,เชียงดาว,เล็ก,นอกเมือง,สำนักงานคณะกรรมการการศึกษาขั้นพื้นฐาน,สพป.เชียงใหม่ เขต 3,10,30.00,17.16,22.86,21.38,24.29,16.96,25.00,40.31,25.00,19.36
2566,38,มิตรมวลชนเชียงใหม่,เชียงดาว,กลาง,นอกเมือง,สำนักงานคณะกรรมการการศึกษาขั้นพื้นฐาน,สพป.เชียงใหม่ เขต 3,6,31.94,5.73,21.43,10.91,28.57,16.50,41.67,34.36,20.83,22.44
2566,39,ราชประชานุเคราะห์ 61 จังหวัดเชียงใหม่,เชียงดาว,กลาง,นอกเมือง,สำนักบริหารงานการศึกษาพิเศษ,-,13,26.92,12.30,28.57,20.20,18.68,15.23,38.46,34.83,30.77,22.26
2566,40,ศีลรวี,เชียงดาว,กลาง,นอกเมือง,สำนักงานคณะกรรมการส่งเสริมการศึกษาเอกชน,-,41,32.11,14.90,34.15,20.66,26.48,15.64,45.12,30.85,25.61,24.37
2566,41,อรุโณทัยวิทยาคม,เชียงดาว,ใหญ่,นอกเมือง,สำนักงานคณะกรรมการการศึกษาขั้นพื้นฐาน,สำนักงานเขตพื้นที่การศึกษามัธยมศึกษาเชียงใหม่,101,26.65,12.90,27.30,17.99,23.34,19.77,39.11,30.35,25.25,19.11
2566,42,อินทารามวิทยา,เชียงดาว,เล็ก,นอกเมือง,สำนักงานพระพุทธศาสนาแห่งชาติ,กลุ่มโรงเรียนพระปริยัติธรรมฯ กลุ่ม  5,16,30.73,11.30,16.07,16.66,28.57,13.36,50.00,30.62,34.38,21.42
2566,43,ฉัตรพฤกษ์วิทยา,ไชยปราการ,เล็ก,นอกเมือง,สำนักงานคณะกรรมการส่งเสริมการศึกษาเอกชน,-,4,20.83,17.18,28.57,17.50,35.71,15.97,50.00,0.00,25.00,17.68
2566,44,ชุมชนวัดศรีดงเย็น,ไชยปราการ,กลาง,นอกเมือง,สำนักงานคณะกรรมการการศึกษาขั้นพื้นฐาน,สพป.เชียงใหม่ เขต 3,26,29.81,14.28,22.53,16.89,28.02,17.03,40.38,24.10,26.92,22.92
2566,45,ไชยปราการ,ไชยปราการ,กลาง,นอกเมือง,สำนักงานคณะกรรมการการศึกษาขั้นพื้นฐาน,สำนักงานเขตพื้นที่การศึกษามัธยมศึกษาเชียงใหม่,118,30.65,14.51,24.58,16.93,24.94,18.33,44.49,33.05,30.51,19.83
2566,46,เทศบาล 1 ไชยปราการ,ไชยปราการ,กลาง,นอกเมือง,กรมส่งเสริมการปกครองท้องถิ่น,ท้องถิ่นจังหวัดเชียงใหม่,20,19.17,12.67,15.00,13.91,22.86,15.91,37.50,21.65,28.75,22.74
2566,47,บ้านปง,ไชยปราการ,เล็ก,นอกเมือง,สำนักงานคณะกรรมการการศึกษาขั้นพื้นฐาน,สพป.เชียงใหม่ เขต 3,17,31.86,10.78,24.37,10.70,31.93,10.43,52.94,36.26,30.88,21.91
2566,48,บ้านปงตำ,ไชยปราการ,เล็ก,นอกเมือง,สำนักงานคณะกรรมการการศึกษาขั้นพื้นฐาน,สพป.เชียงใหม่ เขต 3,9,28.70,12.49,22.22,13.65,26.98,14.20,44.44,36.85,22.22,14.16
2566,49,บ้านหัวฝาย,ไชยปราการ,เล็ก,นอกเมือง,สำนักงานคณะกรรมการการศึกษาขั้นพื้นฐาน,สพป.เชียงใหม่ เขต 3,9,25.00,5.56,14.29,15.06,31.75,11.22,38.89,20.79,25.00,16.67
2566,50,บ้านใหม่หนองบัว,ไชยปราการ,กลาง,นอกเมือง,สำนักงานคณะกรรมการการศึกษาขั้นพื้นฐาน,สพป.เชียงใหม่ เขต 3,58,28.30,13.13,20.94,14.34,25.86,15.80,34.48,31.08,25.86,21.26
2566,51,บ้านอ่าย,ไชยปราการ,เล็ก,นอกเมือง,สำนักงานคณะกรรมการการศึกษาขั้นพื้นฐาน,สพป.เชียงใหม่ เขต 3,12,21.53,14.21,26.19,17.33,21.43,12.37,37.50,21.65,18.75,18.04
2566,52,วัดป่าแดง,ไชยปราการ,เล็ก,นอกเมือง,สำนักงานคณะกรรมการการศึกษาขั้นพื้นฐาน,สพป.เชียงใหม่ เขต 3,8,28.13,13.13,26.79,15.05,32.14,21.13,18.75,24.21,15.63,17.40
2566,53,วัดป่าไม้แดง,ไชยปราการ,เล็ก,นอกเมือง,สำนักงานพระพุทธศาสนาแห่งชาติ,กลุ่มโรงเรียนพระปริยัติธรรมฯ กลุ่ม  5,14,30.36,13.95,35.71,16.86,20.41,11.72,32.14,35.89,26.79,22.09
2566,54,สันติวนา,ไชยปราการ,เล็ก,นอกเมือง,สำนักงานคณะกรรมการการศึกษาขั้นพื้นฐาน,สพป.เชียงใหม่ เขต 3,25,31.33,13.60,26.86,16.32,26.86,14.75,16.00,23.32,25.00,21.21
2566,55,ดอยเต่าวิทยาคม,ดอยเต่า,กลาง,นอกเมือง,สำนักงานคณะกรรมการการศึกษาขั้นพื้นฐาน,สำนักงานเขตพื้นที่การศึกษามัธยมศึกษาเชียงใหม่,122,28.83,14.56,29.51,20.10,27.75,18.59,46.31,33.98,28.07,21.61
2566,56,บ้านน้อยห้วยรินวิทยา,ดอยเต่า,เล็ก,นอกเมือง,สำนักงานคณะกรรมการการศึกษาขั้นพื้นฐาน,สพป.เชียงใหม่ เขต 5,3,16.67,11.79,28.57,11.66,23.81,6.73,33.33,23.57,41.67,11.79
2566,57,บ้านบงตัน,ดอยเต่า,เล็ก,นอกเมือง,สำนักงานคณะกรรมการการศึกษาขั้นพื้นฐาน,สพป.เชียงใหม่ เขต 5,15,24.44,11.57,28.57,17.30,30.48,17.20,23.33,30.91,23.33,19.29
2566,58,บ้านโปง,ดอยเต่า,เล็ก,นอกเมือง,สำนักงานคณะกรรมการการศึกษาขั้นพื้นฐาน,สพป.เชียงใหม่ เขต 5,28,29.17,15.67,26.53,15.14,29.59,18.68,41.07,37.92,25.00,24.09
2566,59,บ้านแม่ตูบ,ดอยเต่า,เล็ก,นอกเมือง,สำนักงานคณะกรรมการการศึกษาขั้นพื้นฐาน,สพป.เชียงใหม่ เขต 5,6,23.61,11.20,30.95,9.82,35.71,13.68,16.67,23.57,29.17,22.44
2566,60,บ้านแอ่นจัดสรร,ดอยเต่า,เล็ก,นอกเมือง,สำนักงานคณะกรรมการการศึกษาขั้นพื้นฐาน,สพป.เชียงใหม่ เขต 5,17,26.96,18.64,19.33,11.94,24.37,13.65,26.47,24.96,27.94,20.80
2566,61,วัดฉิมพลีวิทยา,ดอยเต่า,เล็ก,นอกเมือง,สำนักงานพระพุทธศาสนาแห่งชาติ,กลุ่มโรงเรียนพระปริยัติธรรมฯ กลุ่ม  5,3,27.78,10.39,19.05,6.73,14.29,11.66,33.33,23.57,33.33,23.57
2566,62,ชลประทานผาแตก,ดอยสะเก็ด,กลาง,นอกเมือง,สำนักงานคณะกรรมการการศึกษาขั้นพื้นฐาน,สพป.เชียงใหม่ เขต 1,32,25.26,11.69,29.91,19.35,28.57,17.13,43.75,34.80,37.50,15.31
2566,63,ดอยสะเก็ดผดุงศาสน์,ดอยสะเก็ด,เล็ก,นอกเมือง,สำนักงานพระพุทธศาสนาแห่งชาติ,กลุ่มโรงเรียนพระปริยัติธรรมฯ กลุ่ม  5,10,24.17,10.17,25.71,23.73,20.00,18.29,35.00,32.02,12.50,16.77
2566,64,ดอยสะเก็ดวิทยาคม,ดอยสะเก็ด,กลาง,นอกเมือง,สำนักงานคณะกรรมการการศึกษาขั้นพื้นฐาน,สำนักงานเขตพื้นที่การศึกษามัธยมศึกษาเชียงใหม่,70,27.98,13.80,27.14,17.77,30.00,18.25,44.29,35.40,29.64,24.75
2566,65,บ้านเชิงดอย(ดอยสะเก็ดศึกษา),ดอยสะเก็ด,ใหญ่,นอกเมือง,สำนักงานคณะกรรมการการศึกษาขั้นพื้นฐาน,สพป.เชียงใหม่ เขต 1,65,28.97,16.86,27.25,23.07,37.14,19.70,46.15,31.99,36.15,24.43
2566,66,บ้านป่าไม้แดง,ดอยสะเก็ด,กลาง,นอกเมือง,สำนักงานคณะกรรมการการศึกษาขั้นพื้นฐาน,สพป.เชียงใหม่ เขต 1,13,23.72,13.01,15.38,11.84,23.08,11.94,34.62,30.28,25.00,19.61
2566,67,บ้านป่าเสร้า,ดอยสะเก็ด,กลาง,นอกเมือง,สำนักงานคณะกรรมการการศึกษาขั้นพื้นฐาน,สพป.เชียงใหม่ เขต 1,11,33.33,16.67,41.56,20.62,33.77,15.26,59.09,28.75,36.36,22.27
2566,68,บ้านแม่หวาน,ดอยสะเก็ด,เล็ก,นอกเมือง,สำนักงานคณะกรรมการการศึกษาขั้นพื้นฐาน,สพป.เชียงใหม่ เขต 1,3,27.78,15.71,4.76,6.73,33.33,17.82,16.67,23.57,25.00,20.41
2566,69,เพื่อชีวิตเชียงใหม่,ดอยสะเก็ด,เล็ก,นอกเมือง,สำนักงานคณะกรรมการส่งเสริมการศึกษาเอกชน,-,10,18.33,11.06,20.00,20.40,24.29,12.86,20.00,24.49,12.50,12.50
2566,70,แม่โป่งประชาสามัคคี,ดอยสะเก็ด,เล็ก,นอกเมือง,สำนักงานคณะกรรมการการศึกษาขั้นพื้นฐาน,สพป.เชียงใหม่ เขต 1,11,23.48,12.22,28.57,18.27,27.27,19.70,45.45,25.71,40.91,22.03
2566,71,ไมตรีจิตคริสเตียนเชียงใหม่,ดอยสะเก็ด,กลาง,นอกเมือง,สำนักงานคณะกรรมการส่งเสริมการศึกษาเอกชน,-,27,26.85,11.64,30.16,15.22,26.98,17.53,37.04,25.79,23.15,21.44
2566,72,กรป.กลางอุปถัมภ์,ดอยหล่อ,เล็ก,นอกเมือง,สำนักงานคณะกรรมการการศึกษาขั้นพื้นฐาน,สพป.เชียงใหม่ เขต 4,6,33.33,14.43,30.95,9.82,38.10,21.30,41.67,18.63,45.83,30.33
2566,73,บ้านสามหลัง,ดอยหล่อ,เล็ก,นอกเมือง,สำนักงานคณะกรรมการการศึกษาขั้นพื้นฐาน,สพป.เชียงใหม่ เขต 4,13,30.13,12.88,29.67,18.12,28.57,17.72,61.54,44.52,19.23,14.39
2566,74,บ้านเหล่าเป้า,ดอยหล่อ,เล็ก,นอกเมือง,สำนักงานคณะกรรมการการศึกษาขั้นพื้นฐาน,สพป.เชียงใหม่ เขต 4,5,21.67,4.08,22.86,11.43,31.43,14.00,40.00,37.42,35.00,20.00
2566,75,วัดโขงขาววิทยา,ดอยหล่อ,เล็ก,นอกเมือง,สำนักงานพระพุทธศาสนาแห่งชาติ,กลุ่มโรงเรียนพระปริยัติธรรมฯ กลุ่ม  5,8,25.00,12.50,33.93,17.40,25.00,17.13,31.25,24.21,15.63,12.10
2566,76,สองแคววิทยาคม,ดอยหล่อ,กลาง,นอกเมือง,สำนักงานคณะกรรมการการศึกษาขั้นพื้นฐาน,สำนักงานเขตพื้นที่การศึกษามัธยมศึกษาเชียงใหม่,70,27.50,14.39,28.37,16.82,31.02,19.16,30.71,33.05,32.14,23.58
2566,77,สันติสุข,ดอยหล่อ,กลาง,นอกเมือง,สำนักงานคณะกรรมการการศึกษาขั้นพื้นฐาน,สำนักงานเขตพื้นที่การศึกษามัธยมศึกษาเชียงใหม่,33,27.53,12.39,25.97,16.29,25.11,17.94,46.97,36.80,25.00,19.46
2566,78,เจ้าแม่หลวงอุปถัมภ์ 1,ฝาง,กลาง,นอกเมือง,สำนักงานคณะกรรมการการศึกษาขั้นพื้นฐาน,สพป.เชียงใหม่ เขต 3,30,32.22,15.48,27.62,14.72,24.29,14.82,35.00,32.02,30.00,26.93
2566,79,ฉือจี้เชียงใหม่,ฝาง,กลาง,นอกเมือง,สำนักงานคณะกรรมการส่งเสริมการศึกษาเอกชน,-,104,34.05,16.51,31.46,22.62,31.46,18.41,45.19,32.90,32.69,26.19
2566,80,ชุมชนบ้านแม่สูนหลวง,ฝาง,เล็ก,นอกเมือง,สำนักงานคณะกรรมการการศึกษาขั้นพื้นฐาน,สพป.เชียงใหม่ เขต 3,2,41.67,0.00,14.29,0.00,14.29,0.00,25.00,25.00,25.00,0.00
2566,81,เทพศิรินทร์๙โครงการหลวงในพระบรมราชูปถัมภ์,ฝาง,เล็ก,นอกเมือง,สำนักงานคณะกรรมการการศึกษาขั้นพื้นฐาน,สพป.เชียงใหม่ เขต 3,18,28.24,12.77,24.60,14.91,19.84,14.40,47.22,35.25,18.06,21.74
2566,82,บ้านต้นผึ้ง,ฝาง,เล็ก,นอกเมือง,สำนักงานคณะกรรมการการศึกษาขั้นพื้นฐาน,สพป.เชียงใหม่ เขต 3,11,27.27,14.25,24.68,8.81,25.97,17.03,54.55,25.71,31.82,24.05
2566,83,บ้านทุ่งหลุก,ฝาง,เล็ก,นอกเมือง,สำนักงานคณะกรรมการการศึกษาขั้นพื้นฐาน,สพป.เชียงใหม่ เขต 3,4,31.25,12.33,25.00,11.85,28.57,10.10,50.00,0.00,43.75,32.48
2566,84,บ้านปางปอย,ฝาง,กลาง,นอกเมือง,สำนักงานคณะกรรมการการศึกษาขั้นพื้นฐาน,สพป.เชียงใหม่ เขต 3,18,30.09,13.07,24.60,14.13,23.81,14.29,36.11,32.51,31.94,21.74
2566,85,บ้านปางสัก,ฝาง,เล็ก,นอกเมือง,สำนักงานคณะกรรมการการศึกษาขั้นพื้นฐาน,สพป.เชียงใหม่ เขต 3,17,30.39,17.84,29.41,17.30,26.89,18.26,32.35,34.05,26.47,18.13
2566,86,บ้านโป่งนก,ฝาง,กลาง,นอกเมือง,สำนักงานคณะกรรมการการศึกษาขั้นพื้นฐาน,สพป.เชียงใหม่ เขต 3,18,27.78,10.02,23.02,16.59,25.40,14.72,38.89,31.43,27.78,23.41
2566,87,บ้านม่วงชุม,ฝาง,กลาง,นอกเมือง,สำนักงานคณะกรรมการการศึกษาขั้นพื้นฐาน,สพป.เชียงใหม่ เขต 3,53,26.42,11.64,23.45,15.47,24.80,15.74,42.45,31.32,29.25,21.02
2566,88,บ้านม่อนปิ่น,ฝาง,กลาง,นอกเมือง,สำนักงานคณะกรรมการการศึกษาขั้นพื้นฐาน,สพป.เชียงใหม่ เขต 3,13,30.13,13.29,25.27,24.52,35.16,19.10,53.85,30.77,26.92,20.71
2566,89,บ้านแม่ข่า,ฝาง,กลาง,นอกเมือง,สำนักงานคณะกรรมการการศึกษาขั้นพื้นฐาน,สพป.เชียงใหม่ เขต 3,31,24.73,12.61,23.50,14.76,28.57,15.39,56.45,35.34,38.71,21.85
2566,90,บ้านแม่คะ,ฝาง,กลาง,นอกเมือง,สำนักงานคณะกรรมการการศึกษาขั้นพื้นฐาน,สพป.เชียงใหม่ เขต 3,19,34.21,11.44,20.30,16.27,28.57,19.11,50.00,32.44,30.26,23.76
2566,91,บ้านแม่งอนขี้เหล็ก,ฝาง,กลาง,นอกเมือง,กรมส่งเสริมการปกครองท้องถิ่น,ท้องถิ่นจังหวัดเชียงใหม่,32,26.30,11.43,24.55,14.83,18.75,14.91,39.06,39.00,28.91,17.80
2566,92,บ้านล้องอ้อ,ฝาง,เล็ก,นอกเมือง,กรมส่งเสริมการปกครองท้องถิ่น,ท้องถิ่นจังหวัดเชียงใหม่,15,25.00,8.05,28.57,12.78,25.71,14.00,40.00,32.66,21.67,17.95
2566,93,บ้านเวียงฝาง,ฝาง,ใหญ่,นอกเมือง,สำนักงานคณะกรรมการการศึกษาขั้นพื้นฐาน,สพป.เชียงใหม่ เขต 3,51,27.61,14.81,29.69,18.30,28.29,19.50,48.04,35.65,22.06,21.94
2566,94,บ้านสันทรายคองน้อย,ฝาง,กลาง,นอกเมือง,สำนักงานคณะกรรมการการศึกษาขั้นพื้นฐาน,สพป.เชียงใหม่ เขต 3,17,32.35,18.72,24.37,13.65,27.73,17.98,50.00,34.30,27.94,16.90
2566,95,บ้านสันป่าแดง,ฝาง,เล็ก,นอกเมือง,สำนักงานคณะกรรมการการศึกษาขั้นพื้นฐาน,สพป.เชียงใหม่ เขต 3,12,22.22,11.95,20.24,9.14,27.38,13.63,41.67,34.36,25.00,20.41
2566,96,บ้านหลวง,ฝาง,กลาง,นอกเมือง,สำนักงานคณะกรรมการการศึกษาขั้นพื้นฐาน,สพป.เชียงใหม่ เขต 3,17,23.04,11.62,21.85,11.08,23.53,13.81,23.53,24.96,30.88,20.16
2566,97,บ้านห้วยงูกลาง,ฝาง,เล็ก,นอกเมือง,สำนักงานคณะกรรมการการศึกษาขั้นพื้นฐาน,สพป.เชียงใหม่ เขต 3,9,25.00,10.39,20.63,16.65,26.98,18.37,66.67,23.57,22.22,18.43
2566,98,บ้านห้วยหมากเลี่ยม,ฝาง,กลาง,นอกเมือง,สำนักงานคณะกรรมการการศึกษาขั้นพื้นฐาน,สพป.เชียงใหม่ เขต 3,16,27.60,9.65,33.93,13.24,29.46,20.50,53.12,37.37,26.56,22.48
2566,99,บ้านห้วยเฮี่ยน,ฝาง,เล็ก,นอกเมือง,สำนักงานคณะกรรมการการศึกษาขั้นพื้นฐาน,สพป.เชียงใหม่ เขต 3,13,19.87,11.10,28.57,17.72,20.88,12.04,38.46,39.97,25.00,21.93
2566,100,บ้านเหมืองแร่,ฝาง,กลาง,นอกเมือง,สำนักงานคณะกรรมการการศึกษาขั้นพื้นฐาน,สพป.เชียงใหม่ เขต 3,11,25.00,11.24,25.97,8.21,28.57,10.55,36.36,22.27,31.82,24.05
2566,101,ฝางชนูปถัมภ์,ฝาง,ใหญ่,นอกเมือง,สำนักงานคณะกรรมการการศึกษาขั้นพื้นฐาน,สำนักงานเขตพื้นที่การศึกษามัธยมศึกษาเชียงใหม่,215,26.32,13.17,26.71,18.49,27.64,18.77,39.53,35.04,26.28,21.19
2566,102,ฝางธรรมศึกษา,ฝาง,เล็ก,นอกเมือง,สำนักงานพระพุทธศาสนาแห่งชาติ,กลุ่มโรงเรียนพระปริยัติธรรมฯ กลุ่ม  5,11,26.52,14.57,19.48,9.18,22.08,11.17,40.91,35.79,31.82,18.74
2566,103,รังษีวิทยา,ฝาง,ใหญ่พิเศษ,นอกเมือง,สำนักงานคณะกรรมการส่งเสริมการศึกษาเอกชน,-,143,40.44,19.71,42.86,25.95,38.76,21.94,55.59,31.90,36.89,28.79
2566,104,รัตนาเอื้อวิทยา,ฝาง,ใหญ่,นอกเมือง,สำนักงานคณะกรรมการส่งเสริมการศึกษาเอกชน,-,51,38.40,17.93,35.01,20.66,38.94,17.91,51.96,31.25,29.90,22.15
2566,105,วัดเจดีย์งามปริยัติวิทยา,ฝาง,เล็ก,นอกเมือง,สำนักงานพระพุทธศาสนาแห่งชาติ,กลุ่มโรงเรียนพระปริยัติธรรมฯ กลุ่ม  5,14,25.00,13.73,21.43,14.03,31.63,13.42,14.29,22.59,30.36,28.63
2566,106,วัดนันทาราม,ฝาง,กลาง,นอกเมือง,สำนักงานคณะกรรมการการศึกษาขั้นพื้นฐาน,สพป.เชียงใหม่ เขต 3,17,29.41,10.35,30.25,16.16,20.17,15.54,41.18,35.29,23.53,21.81
2566,107,วัดพระบาทอุดม,ฝาง,เล็ก,นอกเมือง,สำนักงานพระพุทธศาสนาแห่งชาติ,กลุ่มโรงเรียนพระปริยัติธรรมฯ กลุ่ม  5,18,31.94,13.10,26.19,20.34,19.05,11.66,36.11,32.51,19.44,15.71
2566,108,สายอักษร,ฝาง,กลาง,นอกเมือง,สำนักงานคณะกรรมการส่งเสริมการศึกษาเอกชน,-,26,33.01,18.70,38.46,25.61,29.12,19.20,53.85,36.49,29.81,19.64
2566,109,เขื่อนผากวิทยา,พร้าว,เล็ก,นอกเมือง,สำนักงานพระพุทธศาสนาแห่งชาติ,กลุ่มโรงเรียนพระปริยัติธรรมฯ กลุ่ม  5,8,26.04,11.36,19.64,14.17,32.14,6.19,37.50,33.07,28.13,23.18
2566,110,ชุมชนบ้านโป่ง,พร้าว,เล็ก,นอกเมือง,สำนักงานคณะกรรมการการศึกษาขั้นพื้นฐาน,สพป.เชียงใหม่ เขต 2,4,22.92,12.33,21.43,7.14,14.29,10.10,25.00,25.00,31.25,10.83
2566,111,บ้านนาบุญโหล่งขอด,พร้าว,เล็ก,นอกเมือง,สำนักงานคณะกรรมการการศึกษาขั้นพื้นฐาน,สพป.เชียงใหม่ เขต 2,26,30.13,13.09,30.22,17.86,34.62,16.42,46.15,36.49,25.00,19.61
2566,112,บ้านแม่ปั๋ง,พร้าว,เล็ก,นอกเมือง,สำนักงานคณะกรรมการการศึกษาขั้นพื้นฐาน,สพป.เชียงใหม่ เขต 2,7,28.57,16.58,26.53,14.14,36.73,16.83,42.86,31.94,17.86,17.50
2566,113,บ้านแม่ปาคี,พร้าว,เล็ก,นอกเมือง,สำนักงานคณะกรรมการการศึกษาขั้นพื้นฐาน,สพป.เชียงใหม่ เขต 2,9,24.07,9.97,26.98,14.20,19.05,11.66,27.78,34.25,5.56,10.39
2566,114,บ้านแม่เหียะ,พร้าว,เล็ก,นอกเมือง,สำนักงานคณะกรรมการการศึกษาขั้นพื้นฐาน,สพป.เชียงใหม่ เขต 2,6,25.00,12.73,16.67,15.25,26.19,15.25,41.67,34.36,25.00,14.43
2566,115,บ้านสันกลาง,พร้าว,เล็ก,นอกเมือง,สำนักงานคณะกรรมการการศึกษาขั้นพื้นฐาน,สพป.เชียงใหม่ เขต 2,4,25.00,5.89,10.71,11.85,32.14,11.85,75.00,25.00,37.50,27.95
2566,116,บ้านสันปง,พร้าว,เล็ก,นอกเมือง,สำนักงานคณะกรรมการการศึกษาขั้นพื้นฐาน,สพป.เชียงใหม่ เขต 2,4,37.50,4.17,32.14,15.57,39.29,11.85,37.50,21.65,18.75,10.83
2566,117,บ้านหนองปิด,พร้าว,เล็ก,นอกเมือง,สำนักงานคณะกรรมการการศึกษาขั้นพื้นฐาน,สพป.เชียงใหม่ เขต 2,2,33.33,8.33,21.43,7.14,57.14,28.57,50.00,0.00,12.50,12.50
2566,118,พร้าวบูรพา,พร้าว,เล็ก,นอกเมือง,สำนักงานคณะกรรมการการศึกษาขั้นพื้นฐาน,สพป.เชียงใหม่ เขต 2,3,22.22,10.39,4.76,6.73,52.38,6.73,50.00,40.82,16.67,11.79
2566,119,โรงเรียนพร้าววิทยาคม,พร้าว,ใหญ่,นอกเมือง,สำนักงานคณะกรรมการการศึกษาขั้นพื้นฐาน,สำนักงานเขตพื้นที่การศึกษามัธยมศึกษาเชียงใหม่,166,31.68,16.16,29.35,19.79,29.78,17.28,42.47,30.37,26.81,23.70
2566,120,สหกรณ์ดำริ,พร้าว,เล็ก,นอกเมือง,สำนักงานคณะกรรมการการศึกษาขั้นพื้นฐาน,สพป.เชียงใหม่ เขต 2,3,27.78,15.71,9.52,13.47,28.57,11.66,33.33,23.57,16.67,11.79
2566,121,กสิณธร เซนต์เจมส์ เชียงใหม่,เมืองเชียงใหม่,เล็ก,ในเมือง,สำนักงานคณะกรรมการส่งเสริมการศึกษาเอกชน,-,5,58.33,26.35,68.57,30.51,60.00,21.00,60.00,37.42,60.00,33.91
2566,122,กาวิละวิทยาลัย,เมืองเชียงใหม่,ใหญ่,ในเมือง,สำนักงานคณะกรรมการการศึกษาขั้นพื้นฐาน,สำนักงานเขตพื้นที่การศึกษามัธยมศึกษาเชียงใหม่,187,31.11,15.59,27.50,21.38,29.49,17.77,47.59,31.99,28.48,23.01
2566,123,โกวิทธำรงเชียงใหม่,เมืองเชียงใหม่,ใหญ่,ในเมือง,สำนักงานคณะกรรมการส่งเสริมการศึกษาเอกชน,-,97,32.90,18.59,36.52,22.09,34.02,19.94,45.88,31.84,31.70,26.75
2566,124,ขาลสุวรรณอนุสรณ์,เมืองเชียงใหม่,เล็ก,ในเมือง,สำนักงานคณะกรรมการส่งเสริมการศึกษาเอกชน,-,12,28.47,12.01,28.57,10.10,19.05,20.48,33.33,23.57,29.17,24.65
2566,125,จิตราวิทยา,เมืองเชียงใหม่,ใหญ่,ในเมือง,สำนักงานคณะกรรมการส่งเสริมการศึกษาเอกชน,-,86,37.02,17.54,35.22,24.71,31.56,17.31,45.35,32.01,34.01,24.97
2566,126,ชุมชนเทศบาลวัดศรีดอนไชย,เมืองเชียงใหม่,กลาง,ในเมือง,กรมส่งเสริมการปกครองท้องถิ่น,ท้องถิ่นจังหวัดเชียงใหม่,31,28.49,14.32,27.19,17.16,24.88,15.80,43.55,35.34,29.03,22.98
2566,127,ชุมชนบ้านบวกครกน้อย,เมืองเชียงใหม่,กลาง,ในเมือง,สำนักงานคณะกรรมการการศึกษาขั้นพื้นฐาน,สพป.เชียงใหม่ เขต 1,28,41.67,20.53,33.67,24.81,28.57,18.70,57.14,31.94,30.36,20.44
2566,128,ชุมชนวัดท่าเดื่อ,เมืองเชียงใหม่,เล็ก,ในเมือง,สำนักงานคณะกรรมการการศึกษาขั้นพื้นฐาน,สพป.เชียงใหม่ เขต 1,39,24.36,15.94,22.34,14.75,29.67,18.41,33.33,30.66,26.28,19.57
2566,129,เชตุพนศึกษา,เมืองเชียงใหม่,เล็ก,ในเมือง,สำนักงานพระพุทธศาสนาแห่งชาติ,กลุ่มโรงเรียนพระปริยัติธรรมฯ กลุ่ม  5,22,29.55,15.23,28.57,19.74,27.92,19.01,31.82,35.50,28.41,20.36
2566,130,เชียงใหม่คริสเตียน,เมืองเชียงใหม่,ใหญ่,ในเมือง,สำนักงานคณะกรรมการส่งเสริมการศึกษาเอกชน,-,136,33.33,20.31,34.66,24.42,32.46,18.86,45.22,35.29,29.78,24.91
2566,131,ดาราวิทยาลัย,เมืองเชียงใหม่,ใหญ่พิเศษ,ในเมือง,สำนักงานคณะกรรมการส่งเสริมการศึกษาเอกชน,-,254,41.99,20.42,42.63,27.69,39.26,20.32,51.97,32.54,36.32,29.88
2566,132,เทพบดินทร์วิทยาเชียงใหม่,เมืองเชียงใหม่,ใหญ่,ในเมือง,สำนักงานคณะกรรมการส่งเสริมการศึกษาเอกชน,-,139,31.29,18.72,31.24,23.84,31.35,19.38,42.81,34.75,32.55,24.11
2566,133,เทศบาลวัดท่าสะต๋อย,เมืองเชียงใหม่,กลาง,ในเมือง,กรมส่งเสริมการปกครองท้องถิ่น,ท้องถิ่นจังหวัดเชียงใหม่,22,35.23,15.27,29.22,22.99,37.01,17.58,45.45,29.81,40.91,20.71
2566,134,เทศบาลวัดศรีปิงเมือง,เมืองเชียงใหม่,กลาง,ในเมือง,กรมส่งเสริมการปกครองท้องถิ่น,ท้องถิ่นจังหวัดเชียงใหม่,24,27.08,14.08,28.57,23.69,29.17,16.74,43.75,29.97,28.13,18.13
2566,135,ธรรมเมธีศึกษา,เมืองเชียงใหม่,เล็ก,ในเมือง,สำนักงานพระพุทธศาสนาแห่งชาติ,กลุ่มโรงเรียนพระปริยัติธรรมฯ กลุ่ม  5,7,19.05,13.15,28.57,15.27,28.57,15.27,14.29,22.59,17.86,11.29
2566,136,ธรรมราชศึกษา,เมืองเชียงใหม่,กลาง,ในเมือง,สำนักงานคณะกรรมการส่งเสริมการศึกษาเอกชน,-,106,27.12,14.16,23.99,18.88,26.68,17.23,39.62,35.50,26.65,21.79
2566,137,บ้านดอนปิน,เมืองเชียงใหม่,กลาง,ในเมือง,สำนักงานคณะกรรมการการศึกษาขั้นพื้นฐาน,สพป.เชียงใหม่ เขต 1,27,26.54,13.04,27.51,21.27,34.92,19.18,37.04,25.79,32.41,26.19
2566,138,บ้านโป่งน้อย,เมืองเชียงใหม่,กลาง,ในเมือง,สำนักงานคณะกรรมการการศึกษาขั้นพื้นฐาน,สพป.เชียงใหม่ เขต 1,14,29.17,13.27,26.53,10.60,34.69,16.83,60.71,27.89,21.43,18.56
2566,139,บาลีสาธิตศึกษา มจร.,เมืองเชียงใหม่,กลาง,ในเมือง,สำนักงานพระพุทธศาสนาแห่งชาติ,กลุ่มโรงเรียนพระปริยัติธรรมฯ กลุ่ม  5,36,27.31,11.39,23.41,15.85,21.83,15.24,30.56,31.79,21.53,22.94
2566,140,ปรินส์รอยแยลส์วิทยาลัย,เมืองเชียงใหม่,ใหญ่พิเศษ,ในเมือง,สำนักงานคณะกรรมการส่งเสริมการศึกษาเอกชน,-,538,60.05,21.51,66.70,27.48,54.41,23.80,59.94,28.25,64.54,30.58
2566,141,พระหฤทัยเชียงใหม่,เมืองเชียงใหม่,ใหญ่,ในเมือง,สำนักงานคณะกรรมการส่งเสริมการศึกษาเอกชน,-,97,37.89,19.70,43.00,28.01,35.20,22.38,52.58,31.60,36.08,27.80
2566,142,พิงครัตน์,เมืองเชียงใหม่,เล็ก,ในเมือง,สำนักงานคณะกรรมการส่งเสริมการศึกษาเอกชน,-,5,50.00,21.73,68.57,29.14,45.71,24.58,60.00,37.42,60.00,25.50
2566,143,มงฟอร์ตวิทยาลัย แผนกมัธยม,เมืองเชียงใหม่,ใหญ่พิเศษ,ในเมือง,สำนักงานคณะกรรมการส่งเสริมการศึกษาเอกชน,-,140,69.64,20.54,76.43,23.16,67.35,22.08,65.71,26.11,75.18,26.64
2566,144,เมตตาศึกษา,เมืองเชียงใหม่,กลาง,ในเมือง,สำนักงานคณะกรรมการส่งเสริมการศึกษาเอกชน,-,53,26.26,15.56,26.42,20.09,25.61,15.79,46.23,31.99,24.53,19.11
2566,145,ยุพราชวิทยาลัย,เมืองเชียงใหม่,ใหญ่พิเศษ,ในเมือง,สำนักงานคณะกรรมการการศึกษาขั้นพื้นฐาน,สำนักงานเขตพื้นที่การศึกษามัธยมศึกษาเชียงใหม่,547,48.57,20.89,53.20,28.40,45.57,22.01,64.90,32.87,46.85,29.24
2566,146,ยุวฑูตศึกษาพัฒนาราชพฤกษ์,เมืองเชียงใหม่,กลาง,ในเมือง,สำนักงานคณะกรรมการส่งเสริมการศึกษาเอกชน,-,18,61.57,22.07,78.57,18.60,65.08,27.86,63.89,32.51,55.56,39.58
2566,147,เรยีนาเชลีวิทยาลัย,เมืองเชียงใหม่,ใหญ่,ในเมือง,สำนักงานคณะกรรมการส่งเสริมการศึกษาเอกชน,-,118,51.55,20.27,53.27,30.03,46.13,23.85,52.12,26.36,43.64,29.86
2566,148,วชิรวิทย์ เชียงใหม่,เมืองเชียงใหม่,กลาง,ในเมือง,สำนักงานคณะกรรมการส่งเสริมการศึกษาเอกชน,-,52,40.38,21.27,38.46,25.76,39.29,20.94,50.00,27.74,36.06,26.13
2566,149,วัฒโนทัยพายัพ,เมืองเชียงใหม่,ใหญ่พิเศษ,ในเมือง,สำนักงานคณะกรรมการการศึกษาขั้นพื้นฐาน,สำนักงานเขตพื้นที่การศึกษามัธยมศึกษาเชียงใหม่,419,38.98,18.46,40.74,25.19,39.89,19.12,53.10,30.35,35.26,25.48
2566,150,วัดช่างเคี่ยน,เมืองเชียงใหม่,กลาง,ในเมือง,สำนักงานคณะกรรมการการศึกษาขั้นพื้นฐาน,สพป.เชียงใหม่ เขต 1,13,23.08,9.89,25.27,18.71,25.27,11.42,38.46,34.83,26.92,22.92
2566,151,วัดดอนจั่น,เมืองเชียงใหม่,กลาง,ในเมือง,สำนักงานคณะกรรมการการศึกษาขั้นพื้นฐาน,สพป.เชียงใหม่ เขต 1,26,26.28,12.80,24.18,12.38,22.53,18.66,26.92,37.29,27.88,21.18
2566,152,วัดวังสิงห์คำ,เมืองเชียงใหม่,กลาง,ในเมือง,สำนักงานคณะกรรมการการศึกษาขั้นพื้นฐาน,สพป.เชียงใหม่ เขต 1,17,34.31,12.09,29.41,14.26,34.45,16.29,35.29,33.28,27.94,18.95
2566,153,วารีเชียงใหม่,เมืองเชียงใหม่,ใหญ่พิเศษ,ในเมือง,สำนักงานคณะกรรมการส่งเสริมการศึกษาเอกชน,-,137,56.08,24.38,64.55,29.95,54.01,24.82,59.85,30.71,57.85,31.21
2566,154,วิชัยวิทยา,เมืองเชียงใหม่,กลาง,ในเมือง,สำนักงานคณะกรรมการส่งเสริมการศึกษาเอกชน,-,25,65.33,21.82,78.86,22.54,58.86,24.68,72.00,31.87,74.00,34.99
2566,155,วิทยาลัยนาฎศิลปเชียงใหม่,เมืองเชียงใหม่,กลาง,ในเมือง,สถาบันบัณฑิตพัฒนศิลป์ (ปวช.),-,36,27.08,15.26,28.97,21.69,23.81,14.29,34.72,32.96,25.69,20.82
2566,156,สมเด็จพระพุทธชินวงศ์,เมืองเชียงใหม่,กลาง,ในเมือง,สำนักงานพระพุทธศาสนาแห่งชาติ,กลุ่มโรงเรียนพระปริยัติธรรมฯ กลุ่ม  5,36,26.62,11.92,26.19,17.33,25.79,15.36,37.50,29.76,22.22,20.22
2566,157,สังวาลย์วิทยา,เมืองเชียงใหม่,เล็ก,ในเมือง,สำนักงานคณะกรรมการการศึกษาขั้นพื้นฐาน,สพป.เชียงใหม่ เขต 1,7,34.52,9.37,14.29,15.27,26.53,17.79,35.71,34.99,25.00,13.36
2566,158,สาธิตมหาวิทยาลัยเชียงใหม่,เมืองเชียงใหม่,ใหญ่,ในเมือง,สำนักงานปลัดกระทรวงการอุดมศึกษาฯ,-,215,62.40,21.06,72.36,25.65,58.67,22.61,62.79,27.90,64.53,31.82
2566,159,สามัคคีวิทยาทาน,เมืองเชียงใหม่,เล็ก,ในเมือง,สำนักงานพระพุทธศาสนาแห่งชาติ,กลุ่มโรงเรียนพระปริยัติธรรมฯ กลุ่ม  5,38,26.32,14.87,28.57,18.54,30.08,16.32,42.11,26.97,25.66,19.44
2566,160,สารสาสน์วิเทศเชียงใหม่,เมืองเชียงใหม่,ใหญ่,ในเมือง,สำนักงานคณะกรรมการส่งเสริมการศึกษาเอกชน,-,41,53.05,22.45,63.07,29.43,47.39,26.10,59.76,22.68,57.93,29.45
2566,161,สารสาสน์วิเทศล้านนา,เมืองเชียงใหม่,ใหญ่,ในเมือง,สำนักงานคณะกรรมการส่งเสริมการศึกษาเอกชน,-,39,42.74,20.86,48.72,31.32,38.46,25.30,61.54,32.94,33.33,30.14
2566,162,โสตศึกษาอนุสารสุนทร,เมืองเชียงใหม่,เล็ก,ในเมือง,สำนักบริหารงานการศึกษาพิเศษ,-,0,-,-,-,-,-,-,-,-,-,-
2566,163,หอพระ,เมืองเชียงใหม่,กลาง,ในเมือง,สำนักงานคณะกรรมการการศึกษาขั้นพื้นฐาน,สำนักงานเขตพื้นที่การศึกษามัธยมศึกษาเชียงใหม่,32,34.11,17.35,37.05,21.68,38.39,20.65,50.00,21.65,28.91,25.09
2566,164,อนุบาลหนองป่าครั่ง,เมืองเชียงใหม่,เล็ก,ในเมือง,กรมส่งเสริมการปกครองท้องถิ่น,ท้องถิ่นจังหวัดเชียงใหม่,5,35.00,9.72,34.29,11.43,31.43,16.66,30.00,24.49,25.00,15.81
2566,165,อภัยอริยศึกษา,เมืองเชียงใหม่,เล็ก,ในเมือง,สำนักงานพระพุทธศาสนาแห่งชาติ,กลุ่มโรงเรียนพระปริยัติธรรมฯ กลุ่ม  5,11,28.79,13.47,23.38,16.43,31.17,17.03,40.91,41.66,25.00,15.08
2566,166,เซนต์โยเซฟแม่แจ่ม,แม่แจ่ม,กลาง,นอกเมือง,สำนักงานคณะกรรมการส่งเสริมการศึกษาเอกชน,-,24,31.94,12.65,26.19,10.65,29.76,18.40,60.42,32.21,25.00,20.41
2566,167,บ้านกองแขก,แม่แจ่ม,เล็ก,นอกเมือง,สำนักงานคณะกรรมการการศึกษาขั้นพื้นฐาน,สพป.เชียงใหม่ เขต 6,13,26.92,12.30,26.37,14.66,28.57,14.82,34.62,41.07,26.92,18.24
2566,168,บ้านขุนแม่หยอด,แม่แจ่ม,เล็ก,นอกเมือง,สำนักงานคณะกรรมการการศึกษาขั้นพื้นฐาน,สพป.เชียงใหม่ เขต 6,7,22.62,12.37,14.29,7.64,16.33,11.90,35.71,34.99,21.43,28.12
2566,169,บ้านทุ่งแก,แม่แจ่ม,เล็ก,นอกเมือง,สำนักงานคณะกรรมการการศึกษาขั้นพื้นฐาน,สพป.เชียงใหม่ เขต 6,10,20.83,10.70,21.43,11.52,28.57,18.07,50.00,31.62,27.50,23.58
2566,170,บ้านปางหินฝน,แม่แจ่ม,เล็ก,นอกเมือง,สำนักงานคณะกรรมการการศึกษาขั้นพื้นฐาน,สพป.เชียงใหม่ เขต 6,13,32.05,12.16,19.78,15.38,27.47,15.31,50.00,33.97,28.85,23.71
2566,171,บ้านปางอุ๋ง,แม่แจ่ม,กลาง,นอกเมือง,สำนักงานคณะกรรมการการศึกษาขั้นพื้นฐาน,สพป.เชียงใหม่ เขต 6,23,27.54,14.00,19.88,13.81,27.95,14.88,19.57,24.40,21.74,22.49
2566,172,บ้านแม่ซา,แม่แจ่ม,เล็ก,นอกเมือง,สำนักงานคณะกรรมการการศึกษาขั้นพื้นฐาน,สพป.เชียงใหม่ เขต 6,12,32.64,9.29,29.76,13.63,15.48,12.31,8.33,18.63,20.83,17.18
2566,173,บ้านแม่นาจร,แม่แจ่ม,กลาง,นอกเมือง,สำนักงานคณะกรรมการการศึกษาขั้นพื้นฐาน,สพป.เชียงใหม่ เขต 6,25,25.33,10.92,25.14,16.30,24.00,13.83,28.00,31.87,25.00,20.00
2566,174,บ้านแม่ศึก (มูลนิธิธรรมมาภิรักษ์อุปถัมภ์ที่ 2),แม่แจ่ม,เล็ก,นอกเมือง,สำนักงานคณะกรรมการการศึกษาขั้นพื้นฐาน,สพป.เชียงใหม่ เขต 6,10,21.67,12.47,24.29,16.96,27.14,20.65,25.00,33.54,25.00,22.36
2566,175,บ้านแม่หงานหลวง,แม่แจ่ม,เล็ก,นอกเมือง,สำนักงานคณะกรรมการการศึกษาขั้นพื้นฐาน,สพป.เชียงใหม่ เขต 6,12,27.78,15.34,17.86,15.57,27.38,9.14,33.33,23.57,47.92,21.55
2566,176,บ้านแม่เอาะ,แม่แจ่ม,เล็ก,นอกเมือง,สำนักงานคณะกรรมการการศึกษาขั้นพื้นฐาน,สพป.เชียงใหม่ เขต 6,8,28.13,13.78,25.00,17.13,25.00,15.57,12.50,33.07,37.50,12.50
2566,177,บ้านแม่แฮเหนือ,แม่แจ่ม,กลาง,นอกเมือง,สำนักงานคณะกรรมการการศึกษาขั้นพื้นฐาน,สพป.เชียงใหม่ เขต 6,29,23.28,10.35,25.12,16.63,25.12,16.63,36.21,34.48,31.03,21.43
2566,178,บ้านโม่งหลวง,แม่แจ่ม,เล็ก,นอกเมือง,สำนักงานคณะกรรมการการศึกษาขั้นพื้นฐาน,สพป.เชียงใหม่ เขต 6,15,27.22,11.97,20.95,16.39,28.57,18.07,23.33,30.91,30.00,18.71
2566,179,แม่แจ่ม,แม่แจ่ม,ใหญ่,นอกเมือง,สำนักงานคณะกรรมการการศึกษาขั้นพื้นฐาน,สำนักงานเขตพื้นที่การศึกษามัธยมศึกษาเชียงใหม่,167,28.69,15.22,25.83,18.69,32.68,17.49,44.31,32.10,29.94,23.73
2566,180,แม่แจ่มปริยัติศึกษา,แม่แจ่ม,เล็ก,นอกเมือง,สำนักงานพระพุทธศาสนาแห่งชาติ,กลุ่มโรงเรียนพระปริยัติธรรมฯ กลุ่ม  5,18,25.46,13.74,29.37,24.96,29.37,21.01,36.11,43.48,23.61,17.62
2566,181,ราชประชานุเคราะห์ 31,แม่แจ่ม,กลาง,นอกเมือง,สำนักบริหารงานการศึกษาพิเศษ,-,119,26.12,12.69,23.29,16.65,26.29,17.47,39.08,33.78,24.58,21.49
2566,182,สาธิตชุมชนการเรียนรู้สมเด็จย่า วิทยาลัยโพธิวิชชาลัย มหาวิทยาลัยศรีนครินทรวิโรฒ แม่แจ่ม,แม่แจ่ม,เล็ก,นอกเมือง,สำนักงานปลัดกระทรวงการอุดมศึกษาฯ,-,8,22.92,11.60,19.64,14.17,25.00,19.88,56.25,29.97,34.38,24.80
2566,183,อินทนนท์วิทยา,แม่แจ่ม,เล็ก,นอกเมือง,สำนักงานคณะกรรมการการศึกษาขั้นพื้นฐาน,สพป.เชียงใหม่ เขต 6,17,21.08,7.07,25.21,13.45,25.21,16.64,41.18,35.29,29.41,21.41
2566,184,ชุมชนวัดช่อแล,แม่แตง,เล็ก,นอกเมือง,สำนักงานคณะกรรมการการศึกษาขั้นพื้นฐาน,สพป.เชียงใหม่ เขต 2,14,32.74,15.89,34.69,20.71,35.71,17.70,39.29,33.69,32.14,22.02
2566,185,เชียงใหม่มัธยม,แม่แตง,ใหญ่,นอกเมือง,สำนักงานคณะกรรมการส่งเสริมการศึกษาเอกชน,-,0,-,-,-,-,-,-,-,-,-,-
2566,186,บ้านปง,แม่แตง,เล็ก,นอกเมือง,สำนักงานคณะกรรมการการศึกษาขั้นพื้นฐาน,สพป.เชียงใหม่ เขต 2,6,26.39,13.10,33.33,10.65,23.81,15.79,58.33,18.63,37.50,23.94
2566,187,บ้านปางไม้แดง,แม่แตง,เล็ก,นอกเมือง,สำนักงานคณะกรรมการการศึกษาขั้นพื้นฐาน,สพป.เชียงใหม่ เขต 2,10,32.50,18.80,24.29,9.15,28.57,21.19,60.00,20.00,40.00,16.58
2566,188,บ้านปางห้วยตาด,แม่แตง,เล็ก,นอกเมือง,สำนักงานคณะกรรมการการศึกษาขั้นพื้นฐาน,สพป.เชียงใหม่ เขต 2,9,24.07,7.29,25.40,18.78,20.63,13.65,44.44,36.85,33.33,16.67
2566,189,บ้านเป้าวิทยาคาร,แม่แตง,เล็ก,นอกเมือง,สำนักงานคณะกรรมการการศึกษาขั้นพื้นฐาน,สพป.เชียงใหม่ เขต 2,0,-,-,-,-,-,-,-,-,-,-
2566,190,บ้านเมืองกื้ด,แม่แตง,เล็ก,นอกเมือง,สำนักงานคณะกรรมการการศึกษาขั้นพื้นฐาน,สพป.เชียงใหม่ เขต 2,22,22.73,12.61,20.13,15.92,25.97,17.03,45.45,29.81,27.27,21.20
2566,191,บ้านแม่ไคร้,แม่แตง,เล็ก,นอกเมือง,สำนักงานคณะกรรมการการศึกษาขั้นพื้นฐาน,สพป.เชียงใหม่ เขต 2,5,28.33,20.82,31.43,16.66,28.57,12.78,30.00,24.49,20.00,24.49
2566,192,บ้านแม่ตะมาน,แม่แตง,เล็ก,นอกเมือง,สำนักงานคณะกรรมการการศึกษาขั้นพื้นฐาน,สพป.เชียงใหม่ เขต 2,11,26.52,11.69,32.47,20.29,33.77,12.59,59.09,28.75,29.55,9.64
2566,193,ป่าจี้วังแดงวิทยา,แม่แตง,เล็ก,นอกเมือง,สำนักงานคณะกรรมการการศึกษาขั้นพื้นฐาน,สพป.เชียงใหม่ เขต 2,14,22.02,10.73,21.43,19.28,37.76,17.59,46.43,39.93,26.79,19.96
2566,194,ป่าแป๋วิทยา,แม่แตง,เล็ก,นอกเมือง,สำนักงานคณะกรรมการการศึกษาขั้นพื้นฐาน,สพป.เชียงใหม่ เขต 2,24,31.25,14.28,27.98,22.01,26.79,15.60,60.42,32.21,31.25,24.21
2566,195,พระปริยัติธรรมแม่แตงวิทยา,แม่แตง,เล็ก,นอกเมือง,สำนักงานพระพุทธศาสนาแห่งชาติ,กลุ่มโรงเรียนพระปริยัติธรรมฯ กลุ่ม  5,5,21.67,11.30,25.71,16.66,28.57,9.04,20.00,24.49,30.00,18.71
2566,196,แม่แตง,แม่แตง,กลาง,นอกเมือง,สำนักงานคณะกรรมการการศึกษาขั้นพื้นฐาน,สำนักงานเขตพื้นที่การศึกษามัธยมศึกษาเชียงใหม่,115,26.30,13.80,26.46,17.29,27.70,16.02,38.70,30.26,24.78,21.24
2566,197,แม่หอพระวิทยาคม,แม่แตง,เล็ก,นอกเมือง,สำนักงานคณะกรรมการการศึกษาขั้นพื้นฐาน,สำนักงานเขตพื้นที่การศึกษามัธยมศึกษาเชียงใหม่,30,29.17,13.74,24.29,18.13,26.67,16.39,43.33,30.91,24.17,17.66
2566,198,ร่ำเปิงวิทยา,แม่แตง,กลาง,นอกเมือง,สำนักงานคณะกรรมการการศึกษาขั้นพื้นฐาน,สพป.เชียงใหม่ เขต 2,9,30.56,11.11,22.22,11.88,36.51,13.65,44.44,28.33,27.78,24.85
2566,199,วัดท่าข้าม,แม่แตง,เล็ก,นอกเมือง,สำนักงานคณะกรรมการการศึกษาขั้นพื้นฐาน,สพป.เชียงใหม่ เขต 2,7,35.71,17.66,46.94,24.99,44.90,19.36,35.71,34.99,57.14,29.01
2566,200,วัดบ้านเหล่า,แม่แตง,เล็ก,นอกเมือง,สำนักงานคณะกรรมการการศึกษาขั้นพื้นฐาน,สพป.เชียงใหม่ เขต 2,8,21.88,11.74,19.64,14.17,19.64,17.40,31.25,24.21,9.38,12.10
2566,201,วัดปางมะกล้วย,แม่แตง,เล็ก,นอกเมือง,สำนักงานคณะกรรมการการศึกษาขั้นพื้นฐาน,สพป.เชียงใหม่ เขต 2,5,43.33,13.33,28.57,15.65,17.14,5.71,30.00,40.00,25.00,15.81
2566,202,สบเปิงวิทยา,แม่แตง,กลาง,นอกเมือง,สำนักงานคณะกรรมการการศึกษาขั้นพื้นฐาน,สพป.เชียงใหม่ เขต 2,40,30.21,14.03,25.36,14.81,29.29,15.63,33.75,30.39,28.75,17.28
2566,203,สันป่ายางวิทยาคม,แม่แตง,เล็ก,นอกเมือง,สำนักงานคณะกรรมการการศึกษาขั้นพื้นฐาน,สำนักงานเขตพื้นที่การศึกษามัธยมศึกษาเชียงใหม่,23,31.16,12.82,26.09,14.98,23.60,16.64,47.83,37.53,32.61,26.00
2566,204,สันมหาพนวิทยา,แม่แตง,เล็ก,นอกเมือง,สำนักงานคณะกรรมการการศึกษาขั้นพื้นฐาน,สพป.เชียงใหม่ เขต 2,15,30.00,16.89,24.76,23.60,24.76,24.17,33.33,23.57,31.67,23.21
2566,205,อนุบาลสานสายใยรักเทศบาลเมืองเมืองแกนพัฒนา,แม่แตง,กลาง,นอกเมือง,กรมส่งเสริมการปกครองท้องถิ่น,ท้องถิ่นจังหวัดเชียงใหม่,15,26.11,13.90,28.57,23.33,21.90,18.71,33.33,29.81,16.67,17.48
2566,206,นวมินทราชูทิศ พายัพ,แม่ริม,ใหญ่,นอกเมือง,สำนักงานคณะกรรมการการศึกษาขั้นพื้นฐาน,สำนักงานเขตพื้นที่การศึกษามัธยมศึกษาเชียงใหม่,89,31.37,14.83,34.03,21.15,32.10,17.70,46.07,28.27,26.69,22.73
2566,207,บ้านทุ่งโป่ง,แม่ริม,กลาง,นอกเมือง,สำนักงานคณะกรรมการการศึกษาขั้นพื้นฐาน,สพป.เชียงใหม่ เขต 2,4,18.75,6.91,35.71,12.37,28.57,10.10,50.00,35.36,18.75,20.73
2566,208,บ้านป่าติ้ว,แม่ริม,เล็ก,นอกเมือง,สำนักงานคณะกรรมการการศึกษาขั้นพื้นฐาน,สพป.เชียงใหม่ เขต 2,7,27.38,13.15,34.69,18.48,40.82,14.14,57.14,17.50,32.14,17.50
2566,209,บ้านแม่สา,แม่ริม,กลาง,นอกเมือง,สำนักงานคณะกรรมการการศึกษาขั้นพื้นฐาน,สพป.เชียงใหม่ เขต 2,17,27.94,11.41,36.13,18.41,30.25,19.53,52.94,31.95,23.53,15.97
2566,210,บ้านศาลา,แม่ริม,กลาง,นอกเมือง,กรมส่งเสริมการปกครองท้องถิ่น,ท้องถิ่นจังหวัดเชียงใหม่,11,27.27,18.15,31.17,28.45,29.87,19.70,36.36,30.83,29.55,23.40
2566,211,บ้านสะลวงนอก,แม่ริม,เล็ก,นอกเมือง,สำนักงานคณะกรรมการการศึกษาขั้นพื้นฐาน,สพป.เชียงใหม่ เขต 2,11,36.36,15.19,16.88,18.09,25.97,14.69,27.27,24.90,18.18,15.41
2566,212,บ้านสันคะยอม,แม่ริม,เล็ก,นอกเมือง,สำนักงานคณะกรรมการการศึกษาขั้นพื้นฐาน,สพป.เชียงใหม่ เขต 2,11,28.79,9.64,25.97,14.69,32.47,13.74,45.45,33.40,43.18,18.74
2566,213,บ้านหนองปลามัน,แม่ริม,เล็ก,นอกเมือง,สำนักงานคณะกรรมการการศึกษาขั้นพื้นฐาน,สพป.เชียงใหม่ เขต 2,15,34.44,11.33,33.33,21.30,29.52,19.14,40.00,27.08,20.00,16.33
2566,214,แม่ริมวิทยา,แม่ริม,เล็ก,นอกเมือง,สำนักงานพระพุทธศาสนาแห่งชาติ,กลุ่มโรงเรียนพระปริยัติธรรมฯ กลุ่ม  5,17,25.00,12.13,26.05,12.24,22.69,13.91,38.24,32.22,23.53,18.13
2566,215,แม่ริมวิทยาคม,แม่ริม,ใหญ่,นอกเมือง,สำนักงานคณะกรรมการการศึกษาขั้นพื้นฐาน,สำนักงานเขตพื้นที่การศึกษามัธยมศึกษาเชียงใหม่,138,31.22,16.70,30.23,20.64,33.02,18.10,43.84,31.54,30.80,24.87
2566,216,ราชประชานุเคราะห์ 60 จังหวัดเชียงใหม่,แม่ริม,กลาง,นอกเมือง,สำนักบริหารงานการศึกษาพิเศษ,-,69,27.54,13.03,25.88,16.55,27.33,17.32,28.26,28.84,26.45,22.87
2566,217,บ้านกาดวิทยาคม,แม่วาง,กลาง,นอกเมือง,สำนักงานคณะกรรมการการศึกษาขั้นพื้นฐาน,สำนักงานเขตพื้นที่การศึกษามัธยมศึกษาเชียงใหม่,108,29.55,13.48,27.12,15.91,28.97,17.33,41.20,35.24,29.17,21.65
2566,218,บ้านห้วยตอง,แม่วาง,กลาง,นอกเมือง,สำนักงานคณะกรรมการการศึกษาขั้นพื้นฐาน,สพป.เชียงใหม่ เขต 4,12,25.00,11.79,23.81,14.68,22.62,14.82,29.17,32.00,16.67,23.57
2566,219,แม่วินสามัคคี,แม่วาง,กลาง,นอกเมือง,สำนักงานคณะกรรมการการศึกษาขั้นพื้นฐาน,สพป.เชียงใหม่ เขต 4,61,28.55,15.35,25.29,16.84,22.48,14.96,33.61,31.00,27.05,19.36
2566,220,วัดห้วยแก้ว,แม่วาง,เล็ก,นอกเมือง,สำนักงานคณะกรรมการการศึกษาขั้นพื้นฐาน,สพป.เชียงใหม่ เขต 4,14,32.14,11.72,25.51,16.36,32.65,15.68,28.57,24.74,28.57,24.74
2566,221,สัพพัญญูวิทยา,แม่วาง,เล็ก,นอกเมือง,สำนักงานพระพุทธศาสนาแห่งชาติ,กลุ่มโรงเรียนพระปริยัติธรรมฯ กลุ่ม  5,4,22.92,9.08,3.57,6.19,17.86,11.85,12.50,21.65,18.75,20.73
2566,222,ทาเหนือวิทยา,แม่ออน,เล็ก,นอกเมือง,สำนักงานคณะกรรมการการศึกษาขั้นพื้นฐาน,สพป.เชียงใหม่ เขต 1,18,26.85,16.33,22.22,17.96,20.63,13.65,33.33,28.87,20.83,20.83
2566,223,แม่ออนวิทยาลัย,แม่ออน,กลาง,นอกเมือง,สำนักงานคณะกรรมการการศึกษาขั้นพื้นฐาน,สำนักงานเขตพื้นที่การศึกษามัธยมศึกษาเชียงใหม่,53,27.99,13.16,26.68,16.43,28.03,13.58,33.96,33.33,25.94,19.40
2566,224,วัดห้วยแก้ว,แม่ออน,เล็ก,นอกเมือง,สำนักงานคณะกรรมการการศึกษาขั้นพื้นฐาน,สพป.เชียงใหม่ เขต 1,11,21.21,8.96,24.68,8.81,31.17,13.37,40.91,35.79,29.55,17.90
2566,225,วัดห้วยทราย,แม่ออน,เล็ก,นอกเมือง,สำนักงานคณะกรรมการการศึกษาขั้นพื้นฐาน,สพป.เชียงใหม่ เขต 1,19,26.32,11.23,28.57,21.74,29.32,20.45,39.47,30.69,31.58,22.71
2566,226,เจ้าพ่อหลวงอุปถัมภ์ 9,แม่อาย,กลาง,นอกเมือง,สำนักงานคณะกรรมการการศึกษาขั้นพื้นฐาน,สพป.เชียงใหม่ เขต 3,19,24.56,15.64,31.58,17.08,27.82,18.23,39.47,30.69,19.74,13.03
2566,227,ชุมชนบ้านคาย,แม่อาย,กลาง,นอกเมือง,สำนักงานคณะกรรมการการศึกษาขั้นพื้นฐาน,สพป.เชียงใหม่ เขต 3,24,26.74,14.23,29.17,18.20,29.76,16.96,43.75,33.27,20.83,19.98
2566,228,ชุมชนบ้านแม่ฮ่าง,แม่อาย,กลาง,นอกเมือง,สำนักงานคณะกรรมการการศึกษาขั้นพื้นฐาน,สพป.เชียงใหม่ เขต 3,31,28.23,12.46,20.74,11.95,23.04,19.43,46.77,35.78,33.87,18.57
2566,229,โชติคุณเกษมบ้านเมืองงาม,แม่อาย,กลาง,นอกเมือง,สำนักงานคณะกรรมการการศึกษาขั้นพื้นฐาน,สพป.เชียงใหม่ เขต 3,24,25.35,13.50,27.98,15.14,26.19,12.82,33.33,31.18,20.83,19.98
2566,230,ไทยรัฐวิทยา 12 (บ้านเอก),แม่อาย,กลาง,นอกเมือง,สำนักงานคณะกรรมการการศึกษาขั้นพื้นฐาน,สพป.เชียงใหม่ เขต 3,12,38.89,21.61,33.33,24.28,35.71,22.96,58.33,34.36,33.33,25.69
2566,231,บ้านท่ามะแกง,แม่อาย,เล็ก,นอกเมือง,สำนักงานคณะกรรมการการศึกษาขั้นพื้นฐาน,สพป.เชียงใหม่ เขต 3,8,33.33,13.82,26.79,13.24,28.57,17.50,37.50,21.65,25.00,25.00
2566,232,บ้านป่าก๊อ,แม่อาย,กลาง,นอกเมือง,สำนักงานคณะกรรมการการศึกษาขั้นพื้นฐาน,สพป.เชียงใหม่ เขต 3,8,25.00,13.82,23.21,22.52,39.29,18.56,25.00,25.00,34.38,17.40
2566,233,บ้านปางต้นเดื่อ,แม่อาย,กลาง,นอกเมือง,สำนักงานคณะกรรมการการศึกษาขั้นพื้นฐาน,สพป.เชียงใหม่ เขต 3,21,26.59,13.27,22.45,15.00,25.85,20.50,50.00,30.86,27.38,18.75
2566,234,บ้านป่าแดง,แม่อาย,กลาง,นอกเมือง,สำนักงานคณะกรรมการการศึกษาขั้นพื้นฐาน,สพป.เชียงใหม่ เขต 3,18,27.78,14.43,22.22,20.33,23.81,10.65,30.56,29.53,26.39,29.43
2566,235,บ้านสันต้นหมื้อ,แม่อาย,กลาง,นอกเมือง,สำนักงานคณะกรรมการการศึกษาขั้นพื้นฐาน,สพป.เชียงใหม่ เขต 3,43,28.29,12.85,24.58,17.24,22.59,15.48,34.88,31.50,25.00,20.17
2566,236,บ้านสุขฤทัย,แม่อาย,กลาง,นอกเมือง,สำนักงานคณะกรรมการการศึกษาขั้นพื้นฐาน,สพป.เชียงใหม่ เขต 3,38,25.22,13.03,24.06,16.75,26.32,17.81,31.58,26.71,23.03,23.21
2566,237,บ้านห้วยคอกหมู,แม่อาย,เล็ก,นอกเมือง,สำนักงานคณะกรรมการการศึกษาขั้นพื้นฐาน,สพป.เชียงใหม่ เขต 3,10,23.33,11.67,27.14,16.23,18.57,14.36,45.00,35.00,27.50,20.77
2566,238,พระปริยัติธรรมวัดท่าตอน,แม่อาย,เล็ก,นอกเมือง,สำนักงานพระพุทธศาสนาแห่งชาติ,กลุ่มโรงเรียนพระปริยัติธรรมฯ กลุ่ม  5,17,23.04,14.44,26.05,18.49,21.01,16.34,26.47,24.96,29.41,21.41
2566,239,เพียงหลวง 1 (บ้านท่าตอน),แม่อาย,กลาง,นอกเมือง,สำนักงานคณะกรรมการการศึกษาขั้นพื้นฐาน,สพป.เชียงใหม่ เขต 3,30,34.44,12.68,28.57,16.90,24.76,16.47,33.33,32.49,30.00,20.82
2566,240,แม่อายวิทยาคม,แม่อาย,ใหญ่,นอกเมือง,กรมส่งเสริมการปกครองท้องถิ่น,ท้องถิ่นจังหวัดเชียงใหม่,37,27.48,16.31,20.46,15.77,23.94,17.59,50.00,30.76,25.00,21.75
2566,241,ราชประชานุเคราะห์ 30,แม่อาย,กลาง,นอกเมือง,สำนักบริหารงานการศึกษาพิเศษ,-,39,25.85,10.97,24.91,17.64,26.74,15.91,32.05,32.99,25.64,18.33
2566,242,บ้านนามน,เวียงแหง,เล็ก,นอกเมือง,สำนักงานคณะกรรมการการศึกษาขั้นพื้นฐาน,สพป.เชียงใหม่ เขต 3,19,31.14,12.64,27.07,18.48,26.32,14.85,44.74,35.89,19.74,20.80
2566,243,บ้านปางป๋อ,เวียงแหง,เล็ก,นอกเมือง,สำนักงานคณะกรรมการการศึกษาขั้นพื้นฐาน,สพป.เชียงใหม่ เขต 3,16,21.35,9.76,26.79,17.40,23.21,15.05,37.50,33.07,25.00,21.65
2566,244,บ้านเปียงหลวง,เวียงแหง,กลาง,นอกเมือง,สำนักงานคณะกรรมการการศึกษาขั้นพื้นฐาน,สพป.เชียงใหม่ เขต 3,79,24.05,12.79,24.77,16.66,29.48,17.95,39.24,32.48,21.84,21.56
2566,245,เวียงแหงปริยัติศึกษา,เวียงแหง,เล็ก,นอกเมือง,สำนักงานพระพุทธศาสนาแห่งชาติ,กลุ่มโรงเรียนพระปริยัติธรรมฯ กลุ่ม  5,23,25.36,13.57,21.74,14.51,23.60,20.03,21.74,32.39,23.91,17.25
2566,246,เวียงแหงวิทยาคม,เวียงแหง,ใหญ่,นอกเมือง,สำนักงานคณะกรรมการการศึกษาขั้นพื้นฐาน,สำนักงานเขตพื้นที่การศึกษามัธยมศึกษาเชียงใหม่,140,28.45,15.04,26.22,17.04,27.24,18.54,33.57,37.53,27.86,22.58
2566,247,บ้านบ่อแก้ว,สะเมิง,กลาง,นอกเมือง,สำนักงานคณะกรรมการการศึกษาขั้นพื้นฐาน,สพป.เชียงใหม่ เขต 2,26,25.32,12.97,24.73,16.12,24.73,14.04,28.85,28.33,22.12,21.18
2566,248,บ้านปางขุม,สะเมิง,เล็ก,นอกเมือง,สำนักงานคณะกรรมการการศึกษาขั้นพื้นฐาน,สพป.เชียงใหม่ เขต 2,7,32.14,13.68,20.41,15.00,26.53,22.17,57.14,31.94,25.00,18.90
2566,249,บ้านป่าลาน,สะเมิง,เล็ก,นอกเมือง,สำนักงานคณะกรรมการการศึกษาขั้นพื้นฐาน,สพป.เชียงใหม่ เขต 2,9,27.78,13.61,26.98,12.50,31.75,16.19,38.89,31.43,30.56,15.71
2566,250,บ้านแม่ขะปู,สะเมิง,เล็ก,นอกเมือง,สำนักงานคณะกรรมการการศึกษาขั้นพื้นฐาน,สพป.เชียงใหม่ เขต 2,11,17.42,6.60,23.38,11.02,32.47,8.81,31.82,32.14,27.27,16.70
2566,251,บ้านแม่โต๋,สะเมิง,เล็ก,นอกเมือง,สำนักงานคณะกรรมการการศึกษาขั้นพื้นฐาน,สพป.เชียงใหม่ เขต 2,19,28.51,14.13,18.80,15.41,19.55,13.28,34.21,36.46,28.95,18.61
2566,252,บ้านแม่ยางห้า,สะเมิง,เล็ก,นอกเมือง,สำนักงานคณะกรรมการการศึกษาขั้นพื้นฐาน,สพป.เชียงใหม่ เขต 2,14,24.40,10.19,21.43,15.03,24.49,17.44,46.43,29.67,25.00,21.13
2566,253,บ้านแม่ลานคำ,สะเมิง,เล็ก,นอกเมือง,สำนักงานคณะกรรมการการศึกษาขั้นพื้นฐาน,สพป.เชียงใหม่ เขต 2,10,24.17,11.46,28.57,14.29,25.71,21.95,30.00,40.00,27.50,17.50
2566,254,บ้านแม่แว,สะเมิง,เล็ก,นอกเมือง,สำนักงานคณะกรรมการการศึกษาขั้นพื้นฐาน,สพป.เชียงใหม่ เขต 2,10,21.67,13.02,10.00,14.36,21.43,18.35,25.00,33.54,20.00,18.71
2566,255,วัดงิ้วเฒ่า,สะเมิง,เล็ก,นอกเมือง,สำนักงานคณะกรรมการการศึกษาขั้นพื้นฐาน,สพป.เชียงใหม่ เขต 2,6,26.39,7.48,16.67,9.82,23.81,13.47,25.00,38.19,29.17,26.68
2566,256,วัดยั้งเมิน,สะเมิง,เล็ก,นอกเมือง,สำนักงานคณะกรรมการการศึกษาขั้นพื้นฐาน,สพป.เชียงใหม่ เขต 2,8,25.00,12.50,25.00,17.13,32.14,18.56,50.00,25.00,18.75,10.83
2566,257,วัดสะเมิงวิทยา,สะเมิง,เล็ก,นอกเมือง,สำนักงานพระพุทธศาสนาแห่งชาติ,กลุ่มโรงเรียนพระปริยัติธรรมฯ กลุ่ม  5,6,31.94,21.74,23.81,17.82,26.19,15.25,8.33,18.63,12.50,12.50
2566,258,สะเมิงพิทยาคม,สะเมิง,กลาง,นอกเมือง,สำนักงานคณะกรรมการการศึกษาขั้นพื้นฐาน,สำนักงานเขตพื้นที่การศึกษามัธยมศึกษาเชียงใหม่,58,25.72,15.18,29.56,17.97,29.31,18.46,39.66,34.44,31.90,23.58
2566,259,บ้านบวกค้าง,สันกำแพง,เล็ก,นอกเมือง,สำนักงานคณะกรรมการการศึกษาขั้นพื้นฐาน,สพป.เชียงใหม่ เขต 1,4,31.25,9.08,17.86,15.57,25.00,6.19,62.50,21.65,25.00,30.62
2566,260,บ้านแม่ปูคา,สันกำแพง,เล็ก,นอกเมือง,สำนักงานคณะกรรมการการศึกษาขั้นพื้นฐาน,สพป.เชียงใหม่ เขต 1,11,38.64,12.45,32.47,16.22,46.75,16.22,68.18,32.14,20.45,14.37
2566,261,บ้านหนองโค้ง,สันกำแพง,กลาง,นอกเมือง,สำนักงานคณะกรรมการการศึกษาขั้นพื้นฐาน,สพป.เชียงใหม่ เขต 1,64,29.82,13.96,29.02,21.42,32.59,20.28,37.50,31.87,32.03,22.74
2566,262,วัดล้านตอง,สันกำแพง,เล็ก,นอกเมือง,สำนักงานคณะกรรมการการศึกษาขั้นพื้นฐาน,สพป.เชียงใหม่ เขต 1,7,28.57,6.07,26.53,19.36,24.49,12.58,35.71,34.99,21.43,15.97
2566,263,สันกำแพง,สันกำแพง,ใหญ่พิเศษ,นอกเมือง,สำนักงานคณะกรรมการการศึกษาขั้นพื้นฐาน,สำนักงานเขตพื้นที่การศึกษามัธยมศึกษาเชียงใหม่,124,33.27,16.07,30.30,20.25,30.88,17.90,48.79,33.28,23.59,20.16
2566,264,สันกำแพงคันธาอนุสรณ์,สันกำแพง,เล็ก,นอกเมือง,สำนักงานคณะกรรมการการศึกษาขั้นพื้นฐาน,สพป.เชียงใหม่ เขต 1,19,30.26,13.58,27.82,15.00,24.81,13.78,57.89,33.49,22.37,16.01
2566,265,ชลประทานเขื่อนแม่กวงจิราธิวัฒน์อุปถัมภ์,สันทราย,กลาง,นอกเมือง,สำนักงานคณะกรรมการการศึกษาขั้นพื้นฐาน,สพป.เชียงใหม่ เขต 2,21,27.38,10.95,27.21,16.44,21.77,12.94,33.33,28.17,32.14,19.12
2566,266,บ้านเจดีย์แม่ครัว,สันทราย,กลาง,นอกเมือง,สำนักงานคณะกรรมการการศึกษาขั้นพื้นฐาน,สพป.เชียงใหม่ เขต 2,40,30.21,16.42,23.21,17.40,28.93,20.07,38.75,37.89,30.00,23.18
2566,267,บ้านบวกเปา,สันทราย,เล็ก,นอกเมือง,สำนักงานคณะกรรมการการศึกษาขั้นพื้นฐาน,สพป.เชียงใหม่ เขต 2,11,40.15,22.42,37.66,23.81,37.66,15.26,45.45,25.71,27.27,31.00
2566,268,บ้านแม่โจ้,สันทราย,กลาง,นอกเมือง,สำนักงานคณะกรรมการการศึกษาขั้นพื้นฐาน,สพป.เชียงใหม่ เขต 2,10,25.83,15.12,31.43,14.00,20.00,11.43,25.00,33.54,20.00,15.00
2566,269,บ้านร่มหลวง,สันทราย,เล็ก,นอกเมือง,สำนักงานคณะกรรมการการศึกษาขั้นพื้นฐาน,สพป.เชียงใหม่ เขต 2,16,27.60,10.91,20.54,16.73,25.89,18.36,37.50,33.07,25.00,21.65
2566,270,บ้านศรีบุญเรือง,สันทราย,กลาง,นอกเมือง,สำนักงานคณะกรรมการการศึกษาขั้นพื้นฐาน,สพป.เชียงใหม่ เขต 2,13,27.56,12.40,26.37,14.66,25.27,14.99,23.08,37.29,13.46,23.24
2566,271,บ้านหนองไคร้,สันทราย,กลาง,นอกเมือง,สำนักงานคณะกรรมการการศึกษาขั้นพื้นฐาน,สพป.เชียงใหม่ เขต 2,62,32.80,16.52,30.88,18.36,36.87,16.93,53.23,32.22,35.08,24.37
2566,272,บ้านหลักปัน,สันทราย,กลาง,นอกเมือง,สำนักงานคณะกรรมการการศึกษาขั้นพื้นฐาน,สพป.เชียงใหม่ เขต 2,23,25.72,13.88,28.57,15.76,28.57,15.76,43.48,33.96,28.26,22.49
2566,273,พงษ์พิกุลเชียงใหม่,สันทราย,กลาง,นอกเมือง,สำนักงานคณะกรรมการส่งเสริมการศึกษาเอกชน,-,15,30.56,12.04,30.48,19.42,25.71,17.46,40.00,20.00,28.33,17.95
2566,274,วัดแม่แก้ดน้อย,สันทราย,ใหญ่,นอกเมือง,สำนักงานคณะกรรมการการศึกษาขั้นพื้นฐาน,สพป.เชียงใหม่ เขต 2,31,28.76,14.64,29.03,20.03,32.72,15.90,48.39,32.34,37.90,21.88
2566,275,วัดวิเวกวนาราม,สันทราย,เล็ก,นอกเมือง,สำนักงานพระพุทธศาสนาแห่งชาติ,กลุ่มโรงเรียนพระปริยัติธรรมฯ กลุ่ม  5,14,29.76,8.75,31.63,20.33,21.43,17.70,21.43,24.74,17.86,17.50
2566,276,สันทรายวิทยาคม,สันทราย,ใหญ่,นอกเมือง,สำนักงานคณะกรรมการการศึกษาขั้นพื้นฐาน,สำนักงานเขตพื้นที่การศึกษามัธยมศึกษาเชียงใหม่,169,29.44,15.62,28.99,19.37,31.53,17.91,44.08,33.89,29.29,21.42
2566,277,สันทรายหลวง,สันทราย,กลาง,นอกเมือง,สำนักงานคณะกรรมการการศึกษาขั้นพื้นฐาน,สพป.เชียงใหม่ เขต 2,86,31.98,14.48,30.73,19.79,32.06,17.96,40.70,36.97,27.91,20.32
2566,278,ทุ่งฟ้าบดราษฎร์บำรุง,สันป่าตอง,กลาง,นอกเมือง,กรมส่งเสริมการปกครองท้องถิ่น,ท้องถิ่นจังหวัดเชียงใหม่,53,30.03,15.81,31.00,20.90,36.12,19.94,46.23,34.82,28.77,20.26
2566,279,เทพศิรินทร์ เชียงใหม่,สันป่าตอง,กลาง,นอกเมือง,สำนักงานคณะกรรมการการศึกษาขั้นพื้นฐาน,สำนักงานเขตพื้นที่การศึกษามัธยมศึกษาเชียงใหม่,110,28.11,13.38,27.66,16.71,25.32,16.98,36.82,31.39,25.00,19.94
2566,280,บ้านทุ่งเสี้ยว (นวรัฐ),สันป่าตอง,เล็ก,นอกเมือง,สำนักงานคณะกรรมการการศึกษาขั้นพื้นฐาน,สพป.เชียงใหม่ เขต 4,14,26.19,9.37,18.37,14.72,35.71,12.95,39.29,20.52,26.79,19.96
2566,281,บ้านร่องน้ำ,สันป่าตอง,เล็ก,นอกเมือง,สำนักงานคณะกรรมการการศึกษาขั้นพื้นฐาน,สพป.เชียงใหม่ เขต 4,12,36.11,13.75,22.62,20.59,26.19,17.33,50.00,28.87,18.75,20.73
2566,282,บ้านหัวริน,สันป่าตอง,เล็ก,นอกเมือง,สำนักงานคณะกรรมการการศึกษาขั้นพื้นฐาน,สพป.เชียงใหม่ เขต 4,3,27.78,7.86,9.52,6.73,33.33,6.73,50.00,40.82,16.67,23.57
2566,283,พัฒนวิทย์ศึกษา,สันป่าตอง,ใหญ่,นอกเมือง,สำนักงานคณะกรรมการส่งเสริมการศึกษาเอกชน,-,13,30.77,11.50,27.47,15.31,35.16,21.42,34.62,30.28,36.54,30.41
2566,284,วัดกู่คำ,สันป่าตอง,เล็ก,นอกเมือง,สำนักงานคณะกรรมการการศึกษาขั้นพื้นฐาน,สพป.เชียงใหม่ เขต 4,1,33.33,0.00,28.57,0.00,14.29,0.00,100.00,0.00,0.00,0.00
2566,285,วัดโรงวัว,สันป่าตอง,เล็ก,นอกเมือง,สำนักงานคณะกรรมการการศึกษาขั้นพื้นฐาน,สพป.เชียงใหม่ เขต 4,8,25.00,13.82,33.93,17.40,21.43,17.50,37.50,21.65,28.13,26.33
2566,286,สันป่าตองวิทยาคม,สันป่าตอง,ใหญ่พิเศษ,นอกเมือง,สำนักงานคณะกรรมการการศึกษาขั้นพื้นฐาน,สำนักงานเขตพื้นที่การศึกษามัธยมศึกษาเชียงใหม่,316,32.57,16.71,33.63,21.87,29.57,18.33,47.15,32.92,31.88,23.58
2566,287,สันป่าตองศึกษา,สันป่าตอง,เล็ก,นอกเมือง,สำนักงานพระพุทธศาสนาแห่งชาติ,กลุ่มโรงเรียนพระปริยัติธรรมฯ กลุ่ม  5,2,16.67,0.00,14.29,14.29,42.86,0.00,50.00,0.00,25.00,25.00
2566,288,ช่องฟ้าซินเซิงวาณิชบำรุง,สารภี,ใหญ่พิเศษ,นอกเมือง,สำนักงานคณะกรรมการส่งเสริมการศึกษาเอกชน,-,100,41.58,18.73,44.14,24.50,38.43,19.97,57.00,29.17,40.00,29.79
2566,289,ชุมชนวัดศรีคำชมภู,สารภี,กลาง,นอกเมือง,สำนักงานคณะกรรมการการศึกษาขั้นพื้นฐาน,สพป.เชียงใหม่ เขต 4,31,28.49,11.74,24.88,20.19,28.57,15.82,54.84,29.39,26.61,21.94
2566,290,บ้านปากเหมือง,สารภี,กลาง,นอกเมือง,สำนักงานคณะกรรมการการศึกษาขั้นพื้นฐาน,สพป.เชียงใหม่ เขต 4,7,33.33,16.06,24.49,14.72,24.49,14.72,57.14,31.94,14.29,12.37
2566,291,วชิราลัย,สารภี,กลาง,นอกเมือง,สำนักงานคณะกรรมการส่งเสริมการศึกษาเอกชน,-,68,27.70,14.18,29.83,22.01,33.19,19.36,36.03,33.04,25.37,23.68
2566,292,วัดท่าต้นกวาว,สารภี,เล็ก,นอกเมือง,สำนักงานคณะกรรมการการศึกษาขั้นพื้นฐาน,สพป.เชียงใหม่ เขต 4,13,28.21,6.96,23.08,11.94,27.47,18.12,26.92,31.72,21.15,16.54
2566,293,วัดบวกครกเหนือ,สารภี,เล็ก,นอกเมือง,สำนักงานคณะกรรมการการศึกษาขั้นพื้นฐาน,สพป.เชียงใหม่ เขต 4,24,28.47,17.83,30.95,23.21,28.57,19.34,43.75,33.27,36.46,22.80
2566,294,วัดเวฬุวัน,สารภี,ใหญ่,นอกเมือง,สำนักงานคณะกรรมการการศึกษาขั้นพื้นฐาน,สพป.เชียงใหม่ เขต 4,68,32.84,15.52,29.83,19.86,34.03,18.98,42.65,33.50,30.15,19.91
2566,295,วัดศรีดอนชัย,สารภี,เล็ก,นอกเมือง,สำนักงานคณะกรรมการการศึกษาขั้นพื้นฐาน,สพป.เชียงใหม่ เขต 4,6,30.56,14.96,28.57,14.29,35.71,19.78,41.67,34.36,25.00,20.41
2566,296,สารภีปริยัติศึกษา,สารภี,เล็ก,นอกเมือง,สำนักงานพระพุทธศาสนาแห่งชาติ,กลุ่มโรงเรียนพระปริยัติธรรมฯ กลุ่ม  5,25,23.33,12.69,20.57,16.70,26.86,19.93,24.00,28.71,30.00,21.21
2566,297,สารภีพิทยาคม,สารภี,กลาง,นอกเมือง,สำนักงานคณะกรรมการการศึกษาขั้นพื้นฐาน,สำนักงานเขตพื้นที่การศึกษามัธยมศึกษาเชียงใหม่,182,31.55,15.44,27.47,19.38,28.10,16.40,38.19,31.63,26.10,22.97
2566,298,สืบนทีธรรม,สารภี,กลาง,นอกเมือง,สำนักงานคณะกรรมการส่งเสริมการศึกษาเอกชน,-,8,41.67,18.16,42.86,29.45,44.64,21.94,37.50,33.07,37.50,30.62
2566,299,ต้นแก้วผดุงพิทยาลัย,หางดง,ใหญ่,นอกเมือง,กรมส่งเสริมการปกครองท้องถิ่น,ท้องถิ่นจังหวัดเชียงใหม่,47,29.79,13.83,35.26,20.81,35.56,14.70,43.62,33.61,31.91,23.46
2566,300,เทศบาลหนองตองวิทยา,หางดง,เล็ก,นอกเมือง,กรมส่งเสริมการปกครองท้องถิ่น,ท้องถิ่นจังหวัดเชียงใหม่,6,30.56,10.39,23.81,19.63,21.43,13.68,66.67,37.27,16.67,27.64
2566,301,บ้านน้ำแพร่,หางดง,เล็ก,นอกเมือง,สำนักงานคณะกรรมการการศึกษาขั้นพื้นฐาน,สพป.เชียงใหม่ เขต 4,8,32.29,16.37,25.00,13.83,41.07,16.66,62.50,21.65,37.50,21.65
2566,302,บ้านปง,หางดง,เล็ก,นอกเมือง,สำนักงานคณะกรรมการการศึกษาขั้นพื้นฐาน,สพป.เชียงใหม่ เขต 4,13,32.69,15.49,34.07,16.37,31.87,22.52,50.00,19.61,34.62,23.08
2566,303,บ้านสันป่าสัก,หางดง,กลาง,นอกเมือง,สำนักงานคณะกรรมการการศึกษาขั้นพื้นฐาน,สพป.เชียงใหม่ เขต 4,77,25.87,15.35,29.50,21.02,28.57,17.98,48.70,33.20,28.25,22.56
2566,304,พันธสัญญา,หางดง,เล็ก,นอกเมือง,สำนักงานคณะกรรมการส่งเสริมการศึกษาเอกชน,-,7,46.43,18.82,57.14,26.45,51.02,16.83,57.14,31.94,35.71,29.45
2566,305,วัดศรีสว่าง,หางดง,เล็ก,นอกเมือง,สำนักงานคณะกรรมการการศึกษาขั้นพื้นฐาน,สพป.เชียงใหม่ เขต 4,8,27.08,13.66,35.71,12.37,25.00,15.57,43.75,29.97,25.00,21.65
2566,306,สาธิตนานาชาติทวิภาษาแห่งมหาวิทยาลัยรังสิต เชียงใหม่,หางดง,กลาง,นอกเมือง,สำนักงานคณะกรรมการส่งเสริมการศึกษาเอกชน,-,1,75.00,0.00,85.71,0.00,85.71,0.00,100.00,0.00,100.00,0.00
2566,307,หางดงรัฐราษฎร์อุปถัมภ์,หางดง,ใหญ่,นอกเมือง,สำนักงานคณะกรรมการการศึกษาขั้นพื้นฐาน,สำนักงานเขตพื้นที่การศึกษามัธยมศึกษาเชียงใหม่,195,29.62,15.36,28.94,17.86,29.67,18.07,42.05,33.60,25.38,19.36
2566,308,หางดงสังฆราษฎร์อุปถัมภ์,หางดง,เล็ก,นอกเมือง,สำนักงานพระพุทธศาสนาแห่งชาติ,กลุ่มโรงเรียนพระปริยัติธรรมฯ กลุ่ม  5,15,25.00,12.55,21.90,14.63,27.62,17.66,26.67,30.91,26.67,17.00
2566,309,บ้านซิแบร,อมก๋อย,เล็ก,นอกเมือง,สำนักงานคณะกรรมการการศึกษาขั้นพื้นฐาน,สพป.เชียงใหม่ เขต 5,11,26.52,16.97,28.57,16.12,23.38,15.26,13.64,22.27,25.00,26.11
2566,310,บ้านตุงลอย,อมก๋อย,กลาง,นอกเมือง,สำนักงานคณะกรรมการการศึกษาขั้นพื้นฐาน,สพป.เชียงใหม่ เขต 5,34,28.43,14.31,23.95,14.99,21.85,16.70,30.88,24.30,23.53,17.09
2566,311,บ้านนาเกียน,อมก๋อย,เล็ก,นอกเมือง,สำนักงานคณะกรรมการการศึกษาขั้นพื้นฐาน,สำนักงานเขตพื้นที่การศึกษามัธยมศึกษาเชียงใหม่,8,31.25,13.01,23.21,12.24,14.29,7.14,18.75,24.21,28.13,26.33
2566,312,บ้านมูเซอ,อมก๋อย,กลาง,นอกเมือง,สำนักงานคณะกรรมการการศึกษาขั้นพื้นฐาน,สพป.เชียงใหม่ เขต 5,23,27.54,11.90,29.81,23.42,19.25,11.62,21.74,38.52,32.61,24.93
2566,313,บ้านแม่ต๋อม,อมก๋อย,กลาง,นอกเมือง,สำนักงานคณะกรรมการการศึกษาขั้นพื้นฐาน,สพป.เชียงใหม่ เขต 5,38,25.44,14.43,24.81,17.86,22.93,17.81,38.16,29.10,30.26,23.05
2566,314,บ้านแม่อ่างขาง,อมก๋อย,เล็ก,นอกเมือง,สำนักงานคณะกรรมการการศึกษาขั้นพื้นฐาน,สพป.เชียงใหม่ เขต 5,17,28.92,9.95,19.33,15.45,24.37,18.83,32.35,29.41,35.29,21.11
2566,315,บ้านยางครก,อมก๋อย,เล็ก,นอกเมือง,สำนักงานคณะกรรมการการศึกษาขั้นพื้นฐาน,สพป.เชียงใหม่ เขต 5,35,27.62,13.91,22.86,17.14,26.12,16.90,35.71,40.66,21.43,19.95
2566,316,บ้านยางเปา,อมก๋อย,กลาง,นอกเมือง,สำนักงานคณะกรรมการการศึกษาขั้นพื้นฐาน,สพป.เชียงใหม่ เขต 5,40,26.88,12.98,23.93,14.77,30.00,16.54,40.00,27.84,21.88,20.30
2566,317,บ้านยางเปียง,อมก๋อย,เล็ก,นอกเมือง,สำนักงานคณะกรรมการการศึกษาขั้นพื้นฐาน,สพป.เชียงใหม่ เขต 5,10,24.17,9.46,34.29,14.57,25.71,18.95,30.00,33.17,25.00,25.00
2566,318,บ้านสบลาน,อมก๋อย,กลาง,นอกเมือง,สำนักงานคณะกรรมการการศึกษาขั้นพื้นฐาน,สพป.เชียงใหม่ เขต 5,11,24.24,10.33,20.78,15.37,22.08,14.11,40.91,35.79,20.45,17.90
2566,319,บ้านห้วยโค้ง,อมก๋อย,กลาง,นอกเมือง,สำนักงานคณะกรรมการการศึกษาขั้นพื้นฐาน,สพป.เชียงใหม่ เขต 5,30,26.94,13.89,26.67,13.16,20.48,13.14,31.67,32.87,27.50,21.75
2566,320,บ้านห้วยน้ำขาว,อมก๋อย,กลาง,นอกเมือง,สำนักงานคณะกรรมการการศึกษาขั้นพื้นฐาน,สพป.เชียงใหม่ เขต 5,51,26.31,13.03,27.45,18.08,25.21,15.65,32.35,32.57,28.43,20.42
2566,321,บ้านห้วยไม้หก,อมก๋อย,เล็ก,นอกเมือง,สำนักงานคณะกรรมการการศึกษาขั้นพื้นฐาน,สพป.เชียงใหม่ เขต 5,28,22.32,10.22,31.12,19.49,14.29,12.66,37.50,28.74,25.00,20.04
2566,322,บ้านอูตูม,อมก๋อย,กลาง,นอกเมือง,สำนักงานคณะกรรมการการศึกษาขั้นพื้นฐาน,สพป.เชียงใหม่ เขต 5,36,23.38,12.85,21.83,13.67,26.98,16.76,54.17,37.96,32.64,25.56
2566,323,แม่ตื่นวิทยาคม,อมก๋อย,กลาง,นอกเมือง,สำนักงานคณะกรรมการการศึกษาขั้นพื้นฐาน,สำนักงานเขตพื้นที่การศึกษามัธยมศึกษาเชียงใหม่,66,28.79,11.53,32.47,16.41,29.00,17.58,17.42,30.76,21.97,21.98
2566,324,อมก๋อยวิทยาคม,อมก๋อย,ใหญ่,นอกเมือง,สำนักงานคณะกรรมการการศึกษาขั้นพื้นฐาน,สำนักงานเขตพื้นที่การศึกษามัธยมศึกษาเชียงใหม่,133,27.44,15.36,24.17,17.27,27.50,16.68,38.72,32.80,26.13,21.43
2566,325,ชุมชนบ้านท่าข้าม,ฮอด,กลาง,นอกเมือง,สำนักงานคณะกรรมการการศึกษาขั้นพื้นฐาน,สพป.เชียงใหม่ เขต 5,13,23.72,12.59,24.18,15.23,27.47,16.30,34.62,30.28,30.77,22.26
2566,326,บ้านกองลอย,ฮอด,กลาง,นอกเมือง,สำนักงานคณะกรรมการการศึกษาขั้นพื้นฐาน,สพป.เชียงใหม่ เขต 5,24,24.65,12.84,22.62,20.17,18.45,16.74,29.17,32.00,29.17,19.98
2566,327,บ้านแควมะกอก,ฮอด,กลาง,นอกเมือง,สำนักงานคณะกรรมการการศึกษาขั้นพื้นฐาน,สพป.เชียงใหม่ เขต 5,19,28.95,11.59,30.08,17.28,27.82,17.01,28.95,29.54,21.05,16.75
2566,328,บ้านตาลเหนือ,ฮอด,เล็ก,นอกเมือง,สำนักงานคณะกรรมการการศึกษาขั้นพื้นฐาน,สพป.เชียงใหม่ เขต 5,1,41.67,0.00,28.57,0.00,28.57,0.00,100.00,0.00,25.00,0.00
2566,329,บ้านเตียนอาง,ฮอด,เล็ก,นอกเมือง,สำนักงานคณะกรรมการการศึกษาขั้นพื้นฐาน,สพป.เชียงใหม่ เขต 5,13,26.28,10.76,18.68,14.16,29.67,16.30,38.46,34.83,21.15,21.59
2566,330,บ้านนาฟ่อน,ฮอด,เล็ก,นอกเมือง,สำนักงานคณะกรรมการการศึกษาขั้นพื้นฐาน,สพป.เชียงใหม่ เขต 5,13,32.05,15.96,25.27,13.90,26.37,20.08,15.38,23.08,30.77,24.33
2566,331,บ้านบ่อหลวง,ฮอด,กลาง,นอกเมือง,สำนักงานคณะกรรมการการศึกษาขั้นพื้นฐาน,สพป.เชียงใหม่ เขต 5,34,25.74,12.68,23.53,16.21,25.21,15.90,19.12,24.30,24.26,19.63
2566,332,บ้านพุย,ฮอด,เล็ก,นอกเมือง,สำนักงานคณะกรรมการการศึกษาขั้นพื้นฐาน,สพป.เชียงใหม่ เขต 5,16,22.92,12.67,21.43,16.75,18.75,12.08,28.12,24.80,23.44,22.48
2566,333,บ้านแม่งูด,ฮอด,เล็ก,นอกเมือง,สำนักงานคณะกรรมการการศึกษาขั้นพื้นฐาน,สพป.เชียงใหม่ เขต 5,20,26.67,11.37,25.00,15.57,31.43,16.66,30.00,29.15,25.00,25.00
2566,334,บ้านแม่ลาย,ฮอด,เล็ก,นอกเมือง,สำนักงานคณะกรรมการการศึกษาขั้นพื้นฐาน,สพป.เชียงใหม่ เขต 5,14,31.55,16.72,28.57,15.27,26.53,15.14,46.43,29.67,16.07,17.95
2566,335,บ้านวังลุง,ฮอด,เล็ก,นอกเมือง,สำนักงานคณะกรรมการการศึกษาขั้นพื้นฐาน,สพป.เชียงใหม่ เขต 5,8,26.04,21.83,23.21,20.12,28.57,15.97,31.25,34.80,28.13,19.52
2566,336,แม่โถวิทยาคม,ฮอด,กลาง,นอกเมือง,สำนักงานคณะกรรมการการศึกษาขั้นพื้นฐาน,สพป.เชียงใหม่ เขต 5,36,24.77,10.85,28.17,18.59,30.16,18.68,27.78,27.50,22.22,18.43
2566,337,วัดบ้านขุนเตรียมพุทธศาสตร์,ฮอด,เล็ก,นอกเมือง,สำนักงานพระพุทธศาสนาแห่งชาติ,กลุ่มโรงเรียนพระปริยัติธรรมฯ กลุ่ม  5,31,24.46,12.51,29.03,17.58,29.03,17.21,29.03,33.05,22.58,22.32
2566,338,ฮอดพิทยาคม,ฮอด,ใหญ่,นอกเมือง,สำนักงานคณะกรรมการการศึกษาขั้นพื้นฐาน,สำนักงานเขตพื้นที่การศึกษามัธยมศึกษาเชียงใหม่,136,26.10,13.63,27.21,17.14,26.26,15.61,38.24,33.89,25.55,19.99
2565,1,บ้านขุนแม่รวม,กัลยาณิวัฒนา,เล็ก,นอกเมือง,สำนักงานคณะกรรมการการศึกษาขั้นพื้นฐาน,สพป.เชียงใหม่ เขต 6,14,21.43,13.26,23.47,15.84,20.41,17.67,7.14,17.50,26.79,22.09
2565,2,บ้านจันทร์,กัลยาณิวัฒนา,เล็ก,นอกเมือง,สำนักงานคณะกรรมการการศึกษาขั้นพื้นฐาน,สพป.เชียงใหม่ เขต 6,19,34.65,12.76,27.82,15.00,27.82,12.67,34.21,32.66,18.42,17.85
2565,3,บ้านแม่แดดน้อย,กัลยาณิวัฒนา,เล็ก,นอกเมือง,สำนักงานคณะกรรมการการศึกษาขั้นพื้นฐาน,สพป.เชียงใหม่ เขต 6,10,28.33,9.28,21.43,15.97,28.57,16.90,40.00,30.00,25.00,19.36
2565,4,บ้านแม่ตะละ,กัลยาณิวัฒนา,เล็ก,นอกเมือง,สำนักงานคณะกรรมการการศึกษาขั้นพื้นฐาน,สพป.เชียงใหม่ เขต 6,3,16.67,11.79,23.81,13.47,19.05,13.47,0.00,0.00,16.67,23.57
2565,5,บ้านห้วยยา,กัลยาณิวัฒนา,เล็ก,นอกเมือง,สำนักงานคณะกรรมการการศึกษาขั้นพื้นฐาน,สพป.เชียงใหม่ เขต 6,16,27.60,18.57,20.54,15.13,16.07,14.17,37.50,41.46,28.13,19.52
2565,6,มัธยมกัลยาณิวัฒนาเฉลิมพระเกียรติ,กัลยาณิวัฒนา,เล็ก,นอกเมือง,สำนักงานคณะกรรมการการศึกษาขั้นพื้นฐาน,สำนักงานเขตพื้นที่การศึกษามัธยมศึกษาเชียงใหม่,9,12.04,6.93,28.57,11.66,34.92,17.96,11.11,20.79,16.67,16.67
2565,7,สามัคคีสันม่วง,กัลยาณิวัฒนา,เล็ก,นอกเมือง,สำนักงานคณะกรรมการการศึกษาขั้นพื้นฐาน,สพป.เชียงใหม่ เขต 6,9,34.26,11.42,31.75,14.72,28.57,16.50,77.78,34.25,27.78,18.43
2565,8,จอมทอง,จอมทอง,ใหญ่,นอกเมือง,สำนักงานคณะกรรมการการศึกษาขั้นพื้นฐาน,สำนักงานเขตพื้นที่การศึกษามัธยมศึกษาเชียงใหม่,366,34.65,17.21,34.07,23.24,25.02,18.17,48.91,35.43,27.53,22.76
2565,9,ไทยรัฐวิทยา 79 (บ้านหนองอาบช้าง),จอมทอง,เล็ก,นอกเมือง,สำนักงานคณะกรรมการการศึกษาขั้นพื้นฐาน,สพป.เชียงใหม่ เขต 6,18,28.24,13.36,26.98,10.53,24.60,14.91,25.00,34.36,19.44,21.34
2565,10,บ้านขุนกลาง,จอมทอง,กลาง,นอกเมือง,สำนักงานคณะกรรมการการศึกษาขั้นพื้นฐาน,สพป.เชียงใหม่ เขต 6,20,27.50,13.20,20.00,13.85,14.29,14.98,17.50,23.85,22.50,17.50
2565,11,บ้านปากทางท่าลี่,จอมทอง,เล็ก,นอกเมือง,สำนักงานคณะกรรมการการศึกษาขั้นพื้นฐาน,สพป.เชียงใหม่ เขต 6,5,30.00,6.67,28.57,12.78,22.86,19.38,30.00,40.00,40.00,20.00
2565,12,บ้านสบเตี๊ยะ,จอมทอง,กลาง,นอกเมือง,สำนักงานคณะกรรมการการศึกษาขั้นพื้นฐาน,สพป.เชียงใหม่ เขต 6,26,26.92,13.14,20.88,13.28,25.27,16.95,32.69,33.80,21.15,19.23
2565,13,บ้านห้วยทราย,จอมทอง,เล็ก,นอกเมือง,สำนักงานคณะกรรมการการศึกษาขั้นพื้นฐาน,สพป.เชียงใหม่ เขต 6,5,43.33,14.34,17.14,10.69,22.86,24.91,40.00,20.00,15.00,20.00
2565,14,บ้านห้วยส้มป่อย,จอมทอง,เล็ก,นอกเมือง,สำนักงานคณะกรรมการการศึกษาขั้นพื้นฐาน,สพป.เชียงใหม่ เขต 6,10,25.00,7.45,14.29,11.07,30.00,18.57,25.00,33.54,27.50,20.77
2565,15,บ้านใหม่สารภี,จอมทอง,เล็ก,นอกเมือง,สำนักงานคณะกรรมการการศึกษาขั้นพื้นฐาน,สพป.เชียงใหม่ เขต 6,16,33.33,13.82,26.79,18.81,25.00,22.30,43.75,39.03,29.69,15.86
2565,16,สุทธิวงศ์ดำรงวิทย์,จอมทอง,เล็ก,นอกเมือง,สำนักงานคณะกรรมการส่งเสริมการศึกษาเอกชน,-,10,25.83,13.67,24.29,14.36,25.71,12.45,20.00,24.49,37.50,25.62
2565,17,แกน้อยศึกษา,เชียงดาว,กลาง,นอกเมือง,สำนักงานคณะกรรมการการศึกษาขั้นพื้นฐาน,สพป.เชียงใหม่ เขต 3,19,20.18,13.06,30.83,14.11,18.80,13.15,31.58,37.03,22.37,21.30
2565,18,เจ้าฟ้าอุบลรัตน์,เชียงดาว,กลาง,นอกเมือง,สำนักงานคณะกรรมการส่งเสริมการศึกษาเอกชน,-,42,30.95,11.96,21.43,14.70,24.15,18.04,41.67,34.36,24.40,19.28
2565,19,ชุมชนบ้านเมืองงาย,เชียงดาว,กลาง,นอกเมือง,สำนักงานคณะกรรมการการศึกษาขั้นพื้นฐาน,สพป.เชียงใหม่ เขต 3,25,39.33,14.24,23.43,14.50,20.57,15.69,60.00,31.62,20.00,22.36
2565,20,ชุมชนบ้านวังจ๊อม,เชียงดาว,กลาง,นอกเมือง,สำนักงานคณะกรรมการการศึกษาขั้นพื้นฐาน,สพป.เชียงใหม่ เขต 3,20,31.25,13.40,33.57,22.26,22.86,11.43,40.00,37.42,20.00,21.79
2565,21,เชียงดาววิทยาคม,เชียงดาว,ใหญ่,นอกเมือง,สำนักงานคณะกรรมการการศึกษาขั้นพื้นฐาน,สำนักงานเขตพื้นที่การศึกษามัธยมศึกษาเชียงใหม่,15,34.44,13.22,29.52,16.05,24.76,18.42,46.67,28.67,26.67,19.29
2565,22,บ้านเชียงดาว,เชียงดาว,กลาง,นอกเมือง,สำนักงานคณะกรรมการการศึกษาขั้นพื้นฐาน,สพป.เชียงใหม่ เขต 3,46,36.96,19.40,30.75,21.68,25.47,13.94,38.04,31.60,23.91,20.82
2565,23,บ้านทุ่งข้าวพวง,เชียงดาว,กลาง,นอกเมือง,สำนักงานคณะกรรมการการศึกษาขั้นพื้นฐาน,สพป.เชียงใหม่ เขต 3,24,36.46,20.53,20.24,19.31,25.60,15.42,58.33,34.36,26.04,22.22
2565,24,บ้านนาหวาย,เชียงดาว,กลาง,นอกเมือง,สำนักงานคณะกรรมการการศึกษาขั้นพื้นฐาน,สพป.เชียงใหม่ เขต 3,39,35.04,19.35,32.23,19.33,18.68,15.57,39.74,28.15,30.13,18.06
2565,25,บ้านปางเฟือง,เชียงดาว,เล็ก,นอกเมือง,สำนักงานคณะกรรมการการศึกษาขั้นพื้นฐาน,สพป.เชียงใหม่ เขต 3,8,27.08,17.55,19.64,9.94,14.29,10.10,31.25,34.80,37.50,25.00
2565,26,บ้านปางมะเยา,เชียงดาว,กลาง,นอกเมือง,สำนักงานคณะกรรมการการศึกษาขั้นพื้นฐาน,สพป.เชียงใหม่ เขต 3,10,21.67,10.67,24.29,12.86,20.00,9.48,10.00,30.00,20.00,21.79
2565,27,บ้านเมืองคอง,เชียงดาว,เล็ก,นอกเมือง,สำนักงานคณะกรรมการการศึกษาขั้นพื้นฐาน,สพป.เชียงใหม่ เขต 3,15,30.00,13.88,23.81,16.22,15.24,11.02,30.00,35.59,25.00,20.41
2565,28,บ้านเมืองนะ,เชียงดาว,กลาง,นอกเมือง,สำนักงานคณะกรรมการการศึกษาขั้นพื้นฐาน,สพป.เชียงใหม่ เขต 3,32,32.55,9.63,32.14,25.75,30.36,19.15,43.75,39.03,21.09,18.86
2565,29,บ้านแม่กอนใน,เชียงดาว,เล็ก,นอกเมือง,สำนักงานคณะกรรมการการศึกษาขั้นพื้นฐาน,สพป.เชียงใหม่ เขต 3,4,29.17,12.50,21.43,15.97,28.57,10.10,62.50,41.46,18.75,10.83
2565,30,บ้านแม่นะ,เชียงดาว,กลาง,นอกเมือง,สำนักงานคณะกรรมการการศึกษาขั้นพื้นฐาน,สพป.เชียงใหม่ เขต 3,8,25.00,9.32,28.57,15.97,21.43,14.29,50.00,43.30,15.63,12.10
2565,31,บ้านหนองเขียว,เชียงดาว,กลาง,นอกเมือง,สำนักงานคณะกรรมการการศึกษาขั้นพื้นฐาน,สพป.เชียงใหม่ เขต 3,30,26.94,15.76,37.62,23.76,27.62,13.77,40.00,30.00,23.33,21.34
2565,32,บ้านห้วยจะค่าน ตชด.อนุสรณ์,เชียงดาว,กลาง,นอกเมือง,สำนักงานคณะกรรมการการศึกษาขั้นพื้นฐาน,สพป.เชียงใหม่ เขต 3,5,30.00,11.30,22.86,11.43,20.00,17.14,20.00,24.49,10.00,12.25
2565,33,พัฒนาต้นน้ำขุนคอง,เชียงดาว,เล็ก,นอกเมือง,สำนักงานคณะกรรมการการศึกษาขั้นพื้นฐาน,สพป.เชียงใหม่ เขต 3,8,25.00,10.21,16.07,15.05,28.57,14.29,37.50,33.07,31.25,20.73
2565,34,มิตรมวลชนเชียงใหม่,เชียงดาว,กลาง,นอกเมือง,สำนักงานคณะกรรมการการศึกษาขั้นพื้นฐาน,สพป.เชียงใหม่ เขต 3,3,36.11,10.39,19.05,17.82,23.81,13.47,16.67,23.57,33.33,23.57
2565,35,ศีลรวี,เชียงดาว,กลาง,นอกเมือง,สำนักงานคณะกรรมการส่งเสริมการศึกษาเอกชน,-,60,30.56,15.79,28.33,18.16,27.86,16.79,34.17,33.53,30.42,23.31
2565,36,ศึกษาสงเคราะห์เชียงดาว,เชียงดาว,กลาง,นอกเมือง,สำนักบริหารงานการศึกษาพิเศษ,-,63,26.72,11.99,26.53,17.42,25.85,17.05,31.75,37.06,23.02,22.84
2565,37,อรุโณทัยวิทยาคม,เชียงดาว,ใหญ่,นอกเมือง,สำนักงานคณะกรรมการการศึกษาขั้นพื้นฐาน,สำนักงานเขตพื้นที่การศึกษามัธยมศึกษาเชียงใหม่,141,27.60,13.54,25.03,17.11,23.61,15.78,34.40,33.76,26.60,22.12
2565,38,อินทารามวิทยา,เชียงดาว,เล็ก,นอกเมือง,สำนักงานพระพุทธศาสนาแห่งชาติ,กลุ่มโรงเรียนพระปริยัติธรรมฯ กลุ่ม  5,25,32.33,8.92,23.43,14.50,33.14,18.83,38.00,38.16,27.00,19.90
2565,39,ฉัตรพฤกษ์วิทยา,ไชยปราการ,เล็ก,นอกเมือง,สำนักงานคณะกรรมการส่งเสริมการศึกษาเอกชน,-,8,35.42,13.01,28.57,24.74,14.29,15.97,37.50,33.07,31.25,16.54
2565,40,ชุมชนวัดศรีดงเย็น,ไชยปราการ,กลาง,นอกเมือง,สำนักงานคณะกรรมการการศึกษาขั้นพื้นฐาน,สพป.เชียงใหม่ เขต 3,23,28.99,13.65,21.74,16.78,22.98,15.61,34.78,34.37,26.09,22.70
2565,41,ไชยปราการ,ไชยปราการ,กลาง,นอกเมือง,สำนักงานคณะกรรมการการศึกษาขั้นพื้นฐาน,สำนักงานเขตพื้นที่การศึกษามัธยมศึกษาเชียงใหม่,109,32.87,16.58,32.63,16.32,22.94,16.42,43.58,36.54,25.46,21.68
2565,42,เทศบาล 1 ไชยปราการ,ไชยปราการ,กลาง,นอกเมือง,กรมส่งเสริมการปกครองท้องถิ่น,ท้องถิ่นจังหวัดเชียงใหม่,22,32.95,17.67,31.17,16.48,20.78,19.61,40.91,35.79,25.00,18.46
2565,43,บ้านปง,ไชยปราการ,เล็ก,นอกเมือง,สำนักงานคณะกรรมการการศึกษาขั้นพื้นฐาน,สพป.เชียงใหม่ เขต 3,7,30.95,13.15,26.53,30.95,28.57,10.80,50.00,37.80,14.29,12.37
2565,44,บ้านปงตำ,ไชยปราการ,เล็ก,นอกเมือง,สำนักงานคณะกรรมการการศึกษาขั้นพื้นฐาน,สพป.เชียงใหม่ เขต 3,6,30.56,13.32,23.81,21.30,26.19,22.46,58.33,34.36,12.50,12.50
2565,45,บ้านหัวฝาย,ไชยปราการ,เล็ก,นอกเมือง,สำนักงานคณะกรรมการการศึกษาขั้นพื้นฐาน,สพป.เชียงใหม่ เขต 3,8,32.29,11.36,26.79,13.24,28.57,17.50,43.75,29.97,28.13,23.18
2565,46,บ้านใหม่หนองบัว,ไชยปราการ,กลาง,นอกเมือง,สำนักงานคณะกรรมการการศึกษาขั้นพื้นฐาน,สพป.เชียงใหม่ เขต 3,68,25.74,13.61,26.68,17.65,21.64,16.16,36.03,34.13,27.57,25.42
2565,47,บ้านอ่าย,ไชยปราการ,เล็ก,นอกเมือง,สำนักงานคณะกรรมการการศึกษาขั้นพื้นฐาน,สพป.เชียงใหม่ เขต 3,17,22.06,9.01,31.09,19.74,25.21,16.64,38.24,40.33,29.41,23.07
2565,48,วัดป่าแดง,ไชยปราการ,เล็ก,นอกเมือง,สำนักงานคณะกรรมการการศึกษาขั้นพื้นฐาน,สพป.เชียงใหม่ เขต 3,15,30.00,15.46,27.62,21.17,24.76,18.42,33.33,29.81,25.00,27.39
2565,49,วัดป่าไม้แดง,ไชยปราการ,เล็ก,นอกเมือง,สำนักงานพระพุทธศาสนาแห่งชาติ,กลุ่มโรงเรียนพระปริยัติธรรมฯ กลุ่ม  5,5,23.33,11.06,20.00,17.14,20.00,7.00,50.00,31.62,25.00,15.81
2565,50,ดอยเต่าวิทยาคม,ดอยเต่า,กลาง,นอกเมือง,สำนักงานคณะกรรมการการศึกษาขั้นพื้นฐาน,สำนักงานเขตพื้นที่การศึกษามัธยมศึกษาเชียงใหม่,114,25.95,12.72,26.57,18.33,24.19,17.46,42.54,35.81,25.00,22.21
2565,51,บ้านน้อยห้วยรินวิทยา,ดอยเต่า,เล็ก,นอกเมือง,สำนักงานคณะกรรมการการศึกษาขั้นพื้นฐาน,สพป.เชียงใหม่ เขต 5,8,26.04,15.27,25.00,13.83,21.43,17.50,37.50,33.07,18.75,20.73
2565,52,บ้านบงตัน,ดอยเต่า,เล็ก,นอกเมือง,สำนักงานคณะกรรมการการศึกษาขั้นพื้นฐาน,สพป.เชียงใหม่ เขต 5,8,23.96,13.46,16.07,8.56,30.36,19.48,43.75,29.97,21.88,14.99
2565,53,บ้านโปง,ดอยเต่า,เล็ก,นอกเมือง,สำนักงานคณะกรรมการการศึกษาขั้นพื้นฐาน,สพป.เชียงใหม่ เขต 5,18,25.93,13.58,26.98,20.14,23.81,14.29,19.44,24.37,25.00,23.57
2565,54,บ้านแอ่นจัดสรร,ดอยเต่า,เล็ก,นอกเมือง,สำนักงานคณะกรรมการการศึกษาขั้นพื้นฐาน,สพป.เชียงใหม่ เขต 5,34,24.75,10.60,26.05,17.14,27.31,17.45,22.06,30.17,28.68,19.30
2565,55,วัดฉิมพลีวิทยา,ดอยเต่า,เล็ก,นอกเมือง,สำนักงานพระพุทธศาสนาแห่งชาติ,กลุ่มโรงเรียนพระปริยัติธรรมฯ กลุ่ม  5,8,20.83,13.82,16.07,11.15,8.93,6.92,37.50,33.07,28.13,19.52
2565,56,ชลประทานผาแตก,ดอยสะเก็ด,กลาง,นอกเมือง,สำนักงานคณะกรรมการการศึกษาขั้นพื้นฐาน,สพป.เชียงใหม่ เขต 1,36,33.56,15.15,26.98,19.28,21.43,14.09,48.61,34.33,30.56,22.91
2565,57,ดอยสะเก็ดผดุงศาสน์,ดอยสะเก็ด,เล็ก,นอกเมือง,สำนักงานพระพุทธศาสนาแห่งชาติ,กลุ่มโรงเรียนพระปริยัติธรรมฯ กลุ่ม  5,18,26.39,8.89,26.19,14.48,22.22,17.32,25.00,30.05,20.83,17.18
2565,58,ดอยสะเก็ดวิทยาคม,ดอยสะเก็ด,กลาง,นอกเมือง,สำนักงานคณะกรรมการการศึกษาขั้นพื้นฐาน,สำนักงานเขตพื้นที่การศึกษามัธยมศึกษาเชียงใหม่,103,29.37,16.37,27.32,17.02,25.10,18.19,36.89,31.90,25.00,22.03
2565,59,บ้านเชิงดอย(ดอยสะเก็ดศึกษา),ดอยสะเก็ด,กลาง,นอกเมือง,สำนักงานคณะกรรมการการศึกษาขั้นพื้นฐาน,สพป.เชียงใหม่ เขต 1,59,32.34,14.80,30.27,21.86,21.31,15.19,42.37,31.64,24.15,26.43
2565,60,บ้านตลาดขี้เหล็ก,ดอยสะเก็ด,เล็ก,นอกเมือง,สำนักงานคณะกรรมการการศึกษาขั้นพื้นฐาน,สพป.เชียงใหม่ เขต 1,6,19.44,10.39,28.57,14.29,26.19,9.82,33.33,37.27,37.50,23.94
2565,61,บ้านป่าไม้แดง,ดอยสะเก็ด,กลาง,นอกเมือง,สำนักงานคณะกรรมการการศึกษาขั้นพื้นฐาน,สพป.เชียงใหม่ เขต 1,15,30.00,14.21,27.62,17.66,20.00,11.43,23.33,35.90,30.00,22.73
2565,62,บ้านป่าเสร้า,ดอยสะเก็ด,กลาง,นอกเมือง,สำนักงานคณะกรรมการการศึกษาขั้นพื้นฐาน,สพป.เชียงใหม่ เขต 1,20,29.17,12.77,30.00,12.70,25.71,14.71,40.00,33.91,30.00,18.71
2565,63,บ้านแม่หวาน,ดอยสะเก็ด,เล็ก,นอกเมือง,สำนักงานคณะกรรมการการศึกษาขั้นพื้นฐาน,สพป.เชียงใหม่ เขต 1,4,14.58,10.83,35.71,7.14,14.29,14.29,50.00,35.36,18.75,10.83
2565,64,เพื่อชีวิตเชียงใหม่,ดอยสะเก็ด,เล็ก,นอกเมือง,สำนักงานคณะกรรมการส่งเสริมการศึกษาเอกชน,-,8,17.71,11.36,30.36,18.12,23.21,9.94,31.25,34.80,31.25,24.21
2565,65,แม่โป่งประชาสามัคคี,ดอยสะเก็ด,เล็ก,นอกเมือง,สำนักงานคณะกรรมการการศึกษาขั้นพื้นฐาน,สพป.เชียงใหม่ เขต 1,16,23.44,9.87,16.96,17.66,24.11,15.75,37.50,41.46,39.06,26.47
2565,66,ไมตรีจิตคริสเตียนเชียงใหม่,ดอยสะเก็ด,กลาง,นอกเมือง,สำนักงานคณะกรรมการส่งเสริมการศึกษาเอกชน,-,42,30.16,15.95,31.29,20.50,24.49,13.69,42.86,37.12,27.38,22.37
2565,67,กรป.กลางอุปถัมภ์,ดอยหล่อ,เล็ก,นอกเมือง,สำนักงานคณะกรรมการการศึกษาขั้นพื้นฐาน,สพป.เชียงใหม่ เขต 4,10,25.00,10.54,21.43,20.45,18.57,11.16,45.00,35.00,22.50,26.10
2565,68,บ้านสามหลัง,ดอยหล่อ,เล็ก,นอกเมือง,สำนักงานคณะกรรมการการศึกษาขั้นพื้นฐาน,สพป.เชียงใหม่ เขต 4,24,29.17,16.14,25.60,18.89,19.05,15.25,29.17,32.00,19.79,21.63
2565,69,บ้านเหล่าเป้า,ดอยหล่อ,เล็ก,นอกเมือง,สำนักงานคณะกรรมการการศึกษาขั้นพื้นฐาน,สพป.เชียงใหม่ เขต 4,5,33.33,22.97,31.43,10.69,28.57,15.65,50.00,44.72,25.00,27.39
2565,70,วัดโขงขาววิทยา,ดอยหล่อ,เล็ก,นอกเมือง,สำนักงานพระพุทธศาสนาแห่งชาติ,กลุ่มโรงเรียนพระปริยัติธรรมฯ กลุ่ม  5,4,22.92,12.33,35.71,12.37,17.86,11.85,37.50,21.65,12.50,12.50
2565,71,สองแคววิทยาคม,ดอยหล่อ,กลาง,นอกเมือง,สำนักงานคณะกรรมการการศึกษาขั้นพื้นฐาน,สำนักงานเขตพื้นที่การศึกษามัธยมศึกษาเชียงใหม่,81,30.86,13.19,23.63,18.12,22.57,15.53,37.04,37.50,25.31,22.05
2565,72,สันติสุข,ดอยหล่อ,กลาง,นอกเมือง,สำนักงานคณะกรรมการการศึกษาขั้นพื้นฐาน,สำนักงานเขตพื้นที่การศึกษามัธยมศึกษาเชียงใหม่,47,32.27,15.91,25.84,16.58,27.36,19.29,45.74,30.65,23.40,23.86
2565,73,เจ้าแม่หลวงอุปถัมภ์ 1,ฝาง,กลาง,นอกเมือง,สำนักงานคณะกรรมการการศึกษาขั้นพื้นฐาน,สพป.เชียงใหม่ เขต 3,31,28.49,13.52,30.41,16.12,23.96,14.23,29.03,30.52,19.35,19.79
2565,74,ฉือจี้เชียงใหม่,ฝาง,กลาง,นอกเมือง,สำนักงานคณะกรรมการส่งเสริมการศึกษาเอกชน,-,118,42.30,20.42,38.86,24.74,22.76,18.53,49.58,32.87,31.57,25.30
2565,75,ชุมชนบ้านแม่สูนหลวง,ฝาง,เล็ก,นอกเมือง,สำนักงานคณะกรรมการการศึกษาขั้นพื้นฐาน,สพป.เชียงใหม่ เขต 3,4,43.75,3.61,50.00,21.43,14.29,10.10,62.50,21.65,25.00,17.68
2565,76,เทพศิรินทร์๙โครงการหลวงในพระบรมราชูปถัมภ์,ฝาง,เล็ก,นอกเมือง,สำนักงานคณะกรรมการการศึกษาขั้นพื้นฐาน,สพป.เชียงใหม่ เขต 3,10,21.67,7.64,30.00,14.91,31.43,14.00,20.00,24.49,30.00,18.71
2565,77,บ้านต้นผึ้ง,ฝาง,เล็ก,นอกเมือง,สำนักงานคณะกรรมการการศึกษาขั้นพื้นฐาน,สพป.เชียงใหม่ เขต 3,11,34.09,12.03,24.68,13.74,25.97,20.04,40.91,28.75,29.55,14.37
2565,78,บ้านทุ่งหลุก,ฝาง,เล็ก,นอกเมือง,สำนักงานคณะกรรมการการศึกษาขั้นพื้นฐาน,สพป.เชียงใหม่ เขต 3,8,36.46,19.52,26.79,13.24,19.64,9.94,37.50,33.07,21.88,14.99
2565,79,บ้านปางปอย,ฝาง,กลาง,นอกเมือง,สำนักงานคณะกรรมการการศึกษาขั้นพื้นฐาน,สพป.เชียงใหม่ เขต 3,28,26.49,11.80,24.49,11.99,21.43,17.70,32.14,35.89,21.43,15.97
2565,80,บ้านปางสัก,ฝาง,เล็ก,นอกเมือง,สำนักงานคณะกรรมการการศึกษาขั้นพื้นฐาน,สพป.เชียงใหม่ เขต 3,11,37.88,19.90,24.68,19.35,27.27,20.62,40.91,28.75,27.27,29.11
2565,81,บ้านโป่งนก,ฝาง,กลาง,นอกเมือง,สำนักงานคณะกรรมการการศึกษาขั้นพื้นฐาน,สพป.เชียงใหม่ เขต 3,12,23.61,9.52,26.19,14.09,23.81,12.14,25.00,25.00,31.25,14.88
2565,82,บ้านม่วงชุม,ฝาง,กลาง,นอกเมือง,สำนักงานคณะกรรมการการศึกษาขั้นพื้นฐาน,สพป.เชียงใหม่ เขต 3,41,25.41,12.61,27.87,16.38,18.12,15.78,48.78,34.02,21.34,19.57
2565,83,บ้านม่อนปิ่น,ฝาง,กลาง,นอกเมือง,สำนักงานคณะกรรมการการศึกษาขั้นพื้นฐาน,สพป.เชียงใหม่ เขต 3,12,28.47,14.21,22.62,13.63,29.76,17.94,58.33,34.36,25.00,20.41
2565,84,บ้านแม่ข่า,ฝาง,กลาง,นอกเมือง,สำนักงานคณะกรรมการการศึกษาขั้นพื้นฐาน,สพป.เชียงใหม่ เขต 3,24,27.43,14.13,27.38,14.82,22.02,16.99,56.25,39.03,34.38,17.40
2565,85,บ้านแม่คะ,ฝาง,กลาง,นอกเมือง,สำนักงานคณะกรรมการการศึกษาขั้นพื้นฐาน,สพป.เชียงใหม่ เขต 3,22,25.38,6.87,26.62,10.81,29.22,15.21,38.64,36.72,18.18,17.16
2565,86,บ้านแม่งอนขี้เหล็ก,ฝาง,กลาง,นอกเมือง,กรมส่งเสริมการปกครองท้องถิ่น,ท้องถิ่นจังหวัดเชียงใหม่,32,26.56,15.37,29.46,20.18,20.09,17.08,37.50,30.62,33.59,25.47
2565,87,บ้านล้องอ้อ,ฝาง,เล็ก,นอกเมือง,กรมส่งเสริมการปกครองท้องถิ่น,ท้องถิ่นจังหวัดเชียงใหม่,20,22.92,11.45,19.29,14.48,27.14,16.23,25.00,33.54,20.00,20.31
2565,88,บ้านเวียงฝาง,ฝาง,ใหญ่,นอกเมือง,สำนักงานคณะกรรมการการศึกษาขั้นพื้นฐาน,สพป.เชียงใหม่ เขต 3,35,28.10,17.26,29.80,19.13,24.49,18.25,32.86,31.49,24.29,20.25
2565,89,บ้านสันทรายคองน้อย,ฝาง,กลาง,นอกเมือง,สำนักงานคณะกรรมการการศึกษาขั้นพื้นฐาน,สพป.เชียงใหม่ เขต 3,26,28.53,12.48,20.33,14.92,24.73,15.63,57.69,40.89,23.08,18.24
2565,90,บ้านสันป่าแดง,ฝาง,เล็ก,นอกเมือง,สำนักงานคณะกรรมการการศึกษาขั้นพื้นฐาน,สพป.เชียงใหม่ เขต 3,11,32.58,15.26,31.17,20.94,22.08,15.37,45.45,39.63,29.55,20.83
2565,91,บ้านหลวง,ฝาง,กลาง,นอกเมือง,สำนักงานคณะกรรมการการศึกษาขั้นพื้นฐาน,สพป.เชียงใหม่ เขต 3,32,22.40,13.25,27.23,16.11,27.68,16.73,46.87,41.34,32.81,23.75
2565,92,บ้านห้วยงูกลาง,ฝาง,เล็ก,นอกเมือง,สำนักงานคณะกรรมการการศึกษาขั้นพื้นฐาน,สพป.เชียงใหม่ เขต 3,13,16.67,10.34,29.67,15.31,24.18,13.00,23.08,24.93,21.15,19.23
2565,93,บ้านห้วยหมากเลี่ยม,ฝาง,กลาง,นอกเมือง,สำนักงานคณะกรรมการการศึกษาขั้นพื้นฐาน,สพป.เชียงใหม่ เขต 3,24,27.08,11.35,19.05,13.47,28.57,13.68,58.33,34.36,33.33,19.98
2565,94,บ้านห้วยเฮี่ยน,ฝาง,เล็ก,นอกเมือง,สำนักงานคณะกรรมการการศึกษาขั้นพื้นฐาน,สพป.เชียงใหม่ เขต 3,8,25.00,15.59,28.57,21.43,21.43,12.37,37.50,21.65,12.50,12.50
2565,95,บ้านเหมืองแร่,ฝาง,กลาง,นอกเมือง,สำนักงานคณะกรรมการการศึกษาขั้นพื้นฐาน,สพป.เชียงใหม่ เขต 3,28,23.51,9.72,27.55,15.71,26.02,19.49,26.79,28.29,26.79,19.96
2565,96,ฝางชนูปถัมภ์,ฝาง,ใหญ่,นอกเมือง,สำนักงานคณะกรรมการการศึกษาขั้นพื้นฐาน,สำนักงานเขตพื้นที่การศึกษามัธยมศึกษาเชียงใหม่,192,28.04,14.66,26.04,17.74,25.07,17.36,36.72,32.96,25.52,21.79
2565,97,ฝางธรรมศึกษา,ฝาง,เล็ก,นอกเมือง,สำนักงานพระพุทธศาสนาแห่งชาติ,กลุ่มโรงเรียนพระปริยัติธรรมฯ กลุ่ม  5,21,26.19,10.69,25.17,15.84,22.45,19.00,26.19,33.16,28.57,27.04
2565,98,รังษีวิทยา,ฝาง,ใหญ่พิเศษ,นอกเมือง,สำนักงานคณะกรรมการส่งเสริมการศึกษาเอกชน,-,162,43.11,21.25,45.15,25.24,23.19,19.11,61.11,35.14,33.95,24.94
2565,99,รัตนาเอื้อวิทยา,ฝาง,ใหญ่,นอกเมือง,สำนักงานคณะกรรมการส่งเสริมการศึกษาเอกชน,-,85,40.20,18.92,36.64,21.52,21.51,14.64,48.24,36.34,31.18,25.12
2565,100,วัดเจดีย์งามปริยัติวิทยา,ฝาง,เล็ก,นอกเมือง,สำนักงานพระพุทธศาสนาแห่งชาติ,กลุ่มโรงเรียนพระปริยัติธรรมฯ กลุ่ม  5,7,25.00,12.60,18.37,12.58,18.37,12.58,14.29,22.59,28.57,28.12
2565,101,วัดนันทาราม,ฝาง,กลาง,นอกเมือง,สำนักงานคณะกรรมการการศึกษาขั้นพื้นฐาน,สพป.เชียงใหม่ เขต 3,13,28.85,18.67,28.57,16.81,20.88,17.38,46.15,23.71,25.00,21.93
2565,102,วัดพระบาทอุดม,ฝาง,เล็ก,นอกเมือง,สำนักงานพระพุทธศาสนาแห่งชาติ,กลุ่มโรงเรียนพระปริยัติธรรมฯ กลุ่ม  5,25,22.00,10.24,25.71,17.14,16.57,13.20,30.00,28.28,26.00,19.34
2565,103,สายอักษร,ฝาง,กลาง,นอกเมือง,สำนักงานคณะกรรมการส่งเสริมการศึกษาเอกชน,-,39,41.88,16.07,39.93,21.26,19.78,13.19,51.28,40.01,26.92,21.47
2565,104,เขื่อนผากวิทยา,พร้าว,เล็ก,นอกเมือง,สำนักงานพระพุทธศาสนาแห่งชาติ,กลุ่มโรงเรียนพระปริยัติธรรมฯ กลุ่ม  5,5,28.33,6.67,31.43,16.66,22.86,17.14,30.00,24.49,25.00,15.81
2565,105,ชุมชนบ้านโป่ง,พร้าว,เล็ก,นอกเมือง,สำนักงานคณะกรรมการการศึกษาขั้นพื้นฐาน,สพป.เชียงใหม่ เขต 2,10,28.33,11.30,34.29,15.91,25.71,14.00,35.00,32.02,25.00,22.36
2565,106,บ้านนาบุญโหล่งขอด,พร้าว,เล็ก,นอกเมือง,สำนักงานคณะกรรมการการศึกษาขั้นพื้นฐาน,สพป.เชียงใหม่ เขต 2,9,54.63,14.22,39.68,25.00,28.57,16.50,66.67,23.57,44.44,22.91
2565,107,บ้านแม่ปั๋ง,พร้าว,เล็ก,นอกเมือง,สำนักงานคณะกรรมการการศึกษาขั้นพื้นฐาน,สพป.เชียงใหม่ เขต 2,4,29.17,19.09,10.71,6.19,32.14,11.85,50.00,35.36,25.00,17.68
2565,108,บ้านแม่ปาคี,พร้าว,เล็ก,นอกเมือง,สำนักงานคณะกรรมการการศึกษาขั้นพื้นฐาน,สพป.เชียงใหม่ เขต 2,15,25.00,12.55,24.76,12.20,29.52,20.51,13.33,22.11,25.00,24.15
2565,109,บ้านแม่เหียะ,พร้าว,เล็ก,นอกเมือง,สำนักงานคณะกรรมการการศึกษาขั้นพื้นฐาน,สพป.เชียงใหม่ เขต 2,13,25.64,13.26,25.27,11.42,18.68,14.16,23.08,31.72,23.08,22.92
2565,110,บ้านสันกลาง,พร้าว,เล็ก,นอกเมือง,สำนักงานคณะกรรมการการศึกษาขั้นพื้นฐาน,สพป.เชียงใหม่ เขต 2,8,30.21,10.15,7.14,7.14,21.43,18.90,31.25,42.85,25.00,12.50
2565,111,บ้านสันปง,พร้าว,เล็ก,นอกเมือง,สำนักงานคณะกรรมการการศึกษาขั้นพื้นฐาน,สพป.เชียงใหม่ เขต 2,4,25.00,14.43,35.71,12.37,21.43,7.14,62.50,41.46,12.50,12.50
2565,112,บ้านหนองปิด,พร้าว,เล็ก,นอกเมือง,สำนักงานคณะกรรมการการศึกษาขั้นพื้นฐาน,สพป.เชียงใหม่ เขต 2,7,35.71,15.88,40.82,22.17,14.29,13.23,42.86,31.94,32.14,25.75
2565,113,พร้าวบูรพา,พร้าว,เล็ก,นอกเมือง,สำนักงานคณะกรรมการการศึกษาขั้นพื้นฐาน,สพป.เชียงใหม่ เขต 2,9,27.78,16.67,30.16,18.37,22.22,21.41,50.00,33.33,19.44,15.71
2565,114,โรงเรียนพร้าววิทยาคม,พร้าว,ใหญ่,นอกเมือง,สำนักงานคณะกรรมการการศึกษาขั้นพื้นฐาน,สำนักงานเขตพื้นที่การศึกษามัธยมศึกษาเชียงใหม่,148,34.97,19.54,35.33,24.09,22.30,15.24,45.27,35.04,22.64,21.81
2565,115,สหกรณ์ดำริ,พร้าว,เล็ก,นอกเมือง,สำนักงานคณะกรรมการการศึกษาขั้นพื้นฐาน,สพป.เชียงใหม่ เขต 2,13,27.56,10.01,27.47,10.43,31.87,13.90,50.00,43.85,19.23,17.41
2565,116,กสิณธร เซนต์เจมส์ เชียงใหม่,เมืองเชียงใหม่,เล็ก,ในเมือง,สำนักงานคณะกรรมการส่งเสริมการศึกษาเอกชน,-,6,34.72,22.27,54.76,37.27,21.43,10.91,75.00,25.00,33.33,23.57
2565,117,กาวิละวิทยาลัย,เมืองเชียงใหม่,ใหญ่,ในเมือง,สำนักงานคณะกรรมการการศึกษาขั้นพื้นฐาน,สำนักงานเขตพื้นที่การศึกษามัธยมศึกษาเชียงใหม่,54,39.35,15.42,33.86,18.71,23.02,15.89,58.33,34.36,29.17,26.68
2565,118,โกวิทธำรงเชียงใหม่,เมืองเชียงใหม่,ใหญ่,ในเมือง,สำนักงานคณะกรรมการส่งเสริมการศึกษาเอกชน,-,85,39.90,19.05,42.69,25.22,23.53,16.93,56.47,34.97,30.00,23.26
2565,119,ขาลสุวรรณอนุสรณ์,เมืองเชียงใหม่,กลาง,ในเมือง,สำนักงานคณะกรรมการส่งเสริมการศึกษาเอกชน,-,10,25.83,13.67,28.57,14.29,15.71,11.87,20.00,24.49,30.00,26.93
2565,120,จิตราวิทยา,เมืองเชียงใหม่,ใหญ่,ในเมือง,สำนักงานคณะกรรมการส่งเสริมการศึกษาเอกชน,-,96,42.45,17.84,40.03,24.19,24.11,16.79,66.67,32.00,33.85,26.26
2565,121,ชุมชนเทศบาลวัดศรีดอนไชย,เมืองเชียงใหม่,กลาง,ในเมือง,กรมส่งเสริมการปกครองท้องถิ่น,ท้องถิ่นจังหวัดเชียงใหม่,32,26.82,14.09,29.46,15.95,27.23,20.00,40.62,34.09,14.06,18.68
2565,122,ชุมชนบ้านบวกครกน้อย,เมืองเชียงใหม่,กลาง,ในเมือง,สำนักงานคณะกรรมการการศึกษาขั้นพื้นฐาน,สพป.เชียงใหม่ เขต 1,33,31.57,15.04,41.56,22.62,19.05,13.47,37.88,32.64,25.76,17.93
2565,123,ชุมชนวัดท่าเดื่อ,เมืองเชียงใหม่,เล็ก,ในเมือง,สำนักงานคณะกรรมการการศึกษาขั้นพื้นฐาน,สพป.เชียงใหม่ เขต 1,22,29.92,14.79,29.22,14.59,25.97,17.03,31.82,38.57,17.05,23.09
2565,124,เชตุพนศึกษา,เมืองเชียงใหม่,เล็ก,ในเมือง,สำนักงานพระพุทธศาสนาแห่งชาติ,กลุ่มโรงเรียนพระปริยัติธรรมฯ กลุ่ม  5,46,28.99,10.53,25.47,14.57,30.43,16.21,54.35,38.77,29.35,21.68
2565,125,เชียงใหม่คริสเตียน,เมืองเชียงใหม่,ใหญ่,ในเมือง,สำนักงานคณะกรรมการส่งเสริมการศึกษาเอกชน,-,131,33.65,16.96,37.51,23.57,25.08,17.92,46.95,35.89,30.15,24.46
2565,126,ดาราวิทยาลัย,เมืองเชียงใหม่,ใหญ่พิเศษ,ในเมือง,สำนักงานคณะกรรมการส่งเสริมการศึกษาเอกชน,-,143,49.65,22.41,54.15,26.81,29.07,19.95,65.38,34.60,36.71,28.02
2565,127,เทพบดินทร์วิทยาเชียงใหม่,เมืองเชียงใหม่,ใหญ่,ในเมือง,สำนักงานคณะกรรมการส่งเสริมการศึกษาเอกชน,-,184,34.87,18.65,32.92,24.27,25.93,17.93,45.92,35.70,25.54,21.33
2565,128,เทศบาลวัดท่าสะต๋อย,เมืองเชียงใหม่,กลาง,ในเมือง,กรมส่งเสริมการปกครองท้องถิ่น,ท้องถิ่นจังหวัดเชียงใหม่,38,33.77,13.65,25.94,18.50,21.80,14.56,52.63,36.18,26.97,20.18
2565,129,เทศบาลวัดศรีปิงเมือง,เมืองเชียงใหม่,กลาง,ในเมือง,กรมส่งเสริมการปกครองท้องถิ่น,ท้องถิ่นจังหวัดเชียงใหม่,24,32.29,13.67,29.17,18.66,25.60,13.66,31.25,28.18,29.17,23.57
2565,130,ธรรมเมธีศึกษา,เมืองเชียงใหม่,เล็ก,ในเมือง,สำนักงานพระพุทธศาสนาแห่งชาติ,กลุ่มโรงเรียนพระปริยัติธรรมฯ กลุ่ม  5,11,22.73,12.36,25.97,10.23,32.47,17.33,9.09,19.28,34.09,16.07
2565,131,ธรรมราชศึกษา,เมืองเชียงใหม่,กลาง,ในเมือง,สำนักงานคณะกรรมการส่งเสริมการศึกษาเอกชน,-,52,37.50,15.72,28.30,15.21,20.33,15.69,38.46,33.42,22.12,20.01
2565,132,บ้านดอนปิน,เมืองเชียงใหม่,เล็ก,ในเมือง,สำนักงานคณะกรรมการการศึกษาขั้นพื้นฐาน,สพป.เชียงใหม่ เขต 1,36,29.86,15.14,26.19,16.67,30.16,15.71,40.28,35.00,33.33,25.69
2565,133,บ้านโป่งน้อย,เมืองเชียงใหม่,กลาง,ในเมือง,สำนักงานคณะกรรมการการศึกษาขั้นพื้นฐาน,สพป.เชียงใหม่ เขต 1,31,32.53,14.25,28.57,21.16,19.82,15.68,46.77,35.78,20.16,19.49
2565,134,บาลีสาธิตศึกษา มจร.,เมืองเชียงใหม่,กลาง,ในเมือง,สำนักงานพระพุทธศาสนาแห่งชาติ,กลุ่มโรงเรียนพระปริยัติธรรมฯ กลุ่ม  5,43,26.74,14.77,26.25,15.69,22.59,15.48,19.77,28.81,33.72,21.49
2565,135,ปรินส์รอยแยลส์วิทยาลัย,เมืองเชียงใหม่,ใหญ่พิเศษ,ในเมือง,สำนักงานคณะกรรมการส่งเสริมการศึกษาเอกชน,-,529,67.85,22.98,74.56,25.63,43.64,27.61,74.10,29.81,60.73,31.08
2565,136,พระหฤทัยเชียงใหม่,เมืองเชียงใหม่,ใหญ่,ในเมือง,สำนักงานคณะกรรมการส่งเสริมการศึกษาเอกชน,-,117,44.80,20.17,51.04,26.24,26.86,17.74,62.39,33.27,36.97,27.85
2565,137,พิงครัตน์,เมืองเชียงใหม่,เล็ก,ในเมือง,สำนักงานคณะกรรมการส่งเสริมการศึกษาเอกชน,-,18,43.52,26.58,56.35,31.76,35.71,22.46,52.78,26.21,43.06,28.63
2565,138,มงฟอร์ตวิทยาลัย แผนกมัธยม,เมืองเชียงใหม่,ใหญ่พิเศษ,ในเมือง,สำนักงานคณะกรรมการส่งเสริมการศึกษาเอกชน,-,172,65.70,21.19,72.92,25.17,39.37,24.74,73.55,27.72,55.96,29.97
2565,139,เมตตาศึกษา,เมืองเชียงใหม่,กลาง,ในเมือง,สำนักงานคณะกรรมการส่งเสริมการศึกษาเอกชน,-,42,41.27,20.65,38.10,26.39,24.49,15.36,50.00,37.80,26.79,22.75
2565,140,ยุพราชวิทยาลัย,เมืองเชียงใหม่,ใหญ่พิเศษ,ในเมือง,สำนักงานคณะกรรมการการศึกษาขั้นพื้นฐาน,สำนักงานเขตพื้นที่การศึกษามัธยมศึกษาเชียงใหม่,537,57.12,23.53,63.74,25.95,33.07,22.53,65.74,31.84,48.70,30.33
2565,141,เรยีนาเชลีวิทยาลัย,เมืองเชียงใหม่,ใหญ่,ในเมือง,สำนักงานคณะกรรมการส่งเสริมการศึกษาเอกชน,-,133,56.70,20.53,61.55,25.46,29.43,20.71,70.30,30.06,43.80,28.99
2565,142,วชิรวิทย์ เชียงใหม่,เมืองเชียงใหม่,กลาง,ในเมือง,สำนักงานคณะกรรมการส่งเสริมการศึกษาเอกชน,-,3,55.56,32.16,71.43,30.86,33.33,29.35,50.00,40.82,41.67,31.18
2565,143,วัฒโนทัยพายัพ,เมืองเชียงใหม่,ใหญ่พิเศษ,ในเมือง,สำนักงานคณะกรรมการการศึกษาขั้นพื้นฐาน,สำนักงานเขตพื้นที่การศึกษามัธยมศึกษาเชียงใหม่,460,42.74,19.04,42.45,24.52,27.67,17.56,52.83,34.15,31.30,24.47
2565,144,วัดช่างเคี่ยน,เมืองเชียงใหม่,กลาง,ในเมือง,สำนักงานคณะกรรมการการศึกษาขั้นพื้นฐาน,สพป.เชียงใหม่ เขต 1,24,28.47,18.78,27.98,17.73,25.60,13.66,35.42,36.74,28.13,24.27
2565,145,วัดดอนจั่น,เมืองเชียงใหม่,กลาง,ในเมือง,สำนักงานคณะกรรมการการศึกษาขั้นพื้นฐาน,สพป.เชียงใหม่ เขต 1,25,25.00,11.55,18.29,14.30,26.29,14.94,36.00,36.11,25.00,18.71
2565,146,วัดวังสิงห์คำ,เมืองเชียงใหม่,เล็ก,ในเมือง,สำนักงานคณะกรรมการการศึกษาขั้นพื้นฐาน,สพป.เชียงใหม่ เขต 1,13,28.85,11.61,21.98,14.41,32.97,21.25,34.62,30.28,30.77,19.99
2565,147,วารีเชียงใหม่,เมืองเชียงใหม่,ใหญ่พิเศษ,ในเมือง,สำนักงานคณะกรรมการส่งเสริมการศึกษาเอกชน,-,62,63.17,25.95,65.21,30.96,42.63,29.87,67.74,29.91,55.65,34.32
2565,148,วิชัยวิทยา,เมืองเชียงใหม่,กลาง,ในเมือง,สำนักงานคณะกรรมการส่งเสริมการศึกษาเอกชน,-,19,85.09,14.95,88.72,18.29,65.41,30.85,81.58,24.12,81.58,22.71
2565,149,วิทยาลัยนาฎศิลปเชียงใหม่,เมืองเชียงใหม่,กลาง,ในเมือง,สถาบันบัณฑิตพัฒนศิลป์ (ปวช.),-,41,28.46,15.29,32.06,19.90,24.39,18.46,41.46,36.46,24.39,21.02
2565,150,สมเด็จพระพุทธชินวงศ์,เมืองเชียงใหม่,กลาง,ในเมือง,สำนักงานพระพุทธศาสนาแห่งชาติ,กลุ่มโรงเรียนพระปริยัติธรรมฯ กลุ่ม  5,40,28.33,13.67,24.64,17.49,22.86,13.48,30.00,38.41,25.00,25.00
2565,151,สังวาลย์วิทยา,เมืองเชียงใหม่,เล็ก,ในเมือง,สำนักงานคณะกรรมการการศึกษาขั้นพื้นฐาน,สพป.เชียงใหม่ เขต 1,4,31.25,9.08,25.00,11.85,32.14,15.57,50.00,35.36,12.50,12.50
2565,152,สันติศึกษา,เมืองเชียงใหม่,เล็ก,ในเมือง,สำนักงานคณะกรรมการส่งเสริมการศึกษาเอกชน,-,7,32.14,19.12,38.78,27.23,24.49,16.58,35.71,34.99,17.86,17.50
2565,153,สาธิตมหาวิทยาลัยเชียงใหม่,เมืองเชียงใหม่,ใหญ่,ในเมือง,สำนักงานปลัดกระทรวงการอุดมศึกษาฯ,-,214,69.35,24.40,75.43,25.34,46.19,28.44,73.83,30.45,65.65,32.16
2565,154,สามัคคีวิทยาทาน,เมืองเชียงใหม่,เล็ก,ในเมือง,สำนักงานพระพุทธศาสนาแห่งชาติ,กลุ่มโรงเรียนพระปริยัติธรรมฯ กลุ่ม  5,33,27.02,11.61,24.68,14.62,22.51,14.93,36.36,39.45,25.76,19.93
2565,155,สารสาสน์วิเทศเชียงใหม่,เมืองเชียงใหม่,ใหญ่,ในเมือง,สำนักงานคณะกรรมการส่งเสริมการศึกษาเอกชน,-,31,63.71,23.24,70.05,31.71,55.76,30.65,69.35,32.82,55.65,26.72
2565,156,สารสาสน์วิเทศล้านนา,เมืองเชียงใหม่,ใหญ่,ในเมือง,สำนักงานคณะกรรมการส่งเสริมการศึกษาเอกชน,-,35,46.43,23.93,50.20,34.72,28.98,15.83,51.43,34.82,36.43,23.41
2565,157,โสตศึกษาอนุสารสุนทร,เมืองเชียงใหม่,เล็ก,ในเมือง,สำนักบริหารงานการศึกษาพิเศษ,-,0,-,-,-,-,-,-,-,-,-,-
2565,158,หอพระ,เมืองเชียงใหม่,กลาง,ในเมือง,สำนักงานคณะกรรมการการศึกษาขั้นพื้นฐาน,สำนักงานเขตพื้นที่การศึกษามัธยมศึกษาเชียงใหม่,81,27.78,14.16,28.92,19.18,23.63,17.41,38.27,33.58,29.63,20.45
2565,159,อนุบาลหนองป่าครั่ง,เมืองเชียงใหม่,เล็ก,ในเมือง,กรมส่งเสริมการปกครองท้องถิ่น,ท้องถิ่นจังหวัดเชียงใหม่,9,37.04,20.45,31.75,28.39,22.22,15.22,66.67,33.33,38.89,29.13
2565,160,อภัยอริยศึกษา,เมืองเชียงใหม่,เล็ก,ในเมือง,สำนักงานพระพุทธศาสนาแห่งชาติ,กลุ่มโรงเรียนพระปริยัติธรรมฯ กลุ่ม  5,10,23.33,14.34,14.29,9.04,28.57,14.29,65.00,32.02,32.50,25.12
2565,161,เซนต์โยเซฟแม่แจ่ม,แม่แจ่ม,กลาง,นอกเมือง,สำนักงานคณะกรรมการส่งเสริมการศึกษาเอกชน,-,42,36.71,12.87,26.87,17.96,29.59,16.32,59.52,36.58,27.98,19.06
2565,162,บ้านกองแขก,แม่แจ่ม,เล็ก,นอกเมือง,สำนักงานคณะกรรมการการศึกษาขั้นพื้นฐาน,สพป.เชียงใหม่ เขต 6,9,29.63,16.72,22.22,11.88,17.46,8.98,27.78,24.85,13.89,12.42
2565,163,บ้านขุนแม่หยอด,แม่แจ่ม,เล็ก,นอกเมือง,สำนักงานคณะกรรมการการศึกษาขั้นพื้นฐาน,สพป.เชียงใหม่ เขต 6,5,23.33,9.72,14.29,9.04,28.57,9.04,50.00,44.72,30.00,18.71
2565,164,บ้านทุ่งแก,แม่แจ่ม,เล็ก,นอกเมือง,สำนักงานคณะกรรมการการศึกษาขั้นพื้นฐาน,สพป.เชียงใหม่ เขต 6,6,36.11,9.21,21.43,7.14,19.05,10.65,33.33,23.57,33.33,18.63
2565,165,บ้านปางหินฝน,แม่แจ่ม,เล็ก,นอกเมือง,สำนักงานคณะกรรมการการศึกษาขั้นพื้นฐาน,สพป.เชียงใหม่ เขต 6,13,35.26,19.65,35.16,22.14,25.27,25.15,38.46,34.83,21.15,27.47
2565,166,บ้านปางอุ๋ง,แม่แจ่ม,กลาง,นอกเมือง,สำนักงานคณะกรรมการการศึกษาขั้นพื้นฐาน,สพป.เชียงใหม่ เขต 6,17,24.02,11.74,26.89,20.13,23.53,10.89,26.47,34.80,22.06,18.95
2565,167,บ้านแม่ซา,แม่แจ่ม,เล็ก,นอกเมือง,สำนักงานคณะกรรมการการศึกษาขั้นพื้นฐาน,สพป.เชียงใหม่ เขต 6,15,31.11,15.05,24.76,16.88,20.00,20.07,36.67,38.59,28.33,22.11
2565,168,บ้านแม่นาจร,แม่แจ่ม,กลาง,นอกเมือง,สำนักงานคณะกรรมการการศึกษาขั้นพื้นฐาน,สพป.เชียงใหม่ เขต 6,29,22.99,15.11,21.67,15.75,27.09,15.17,29.31,36.00,20.69,21.84
2565,169,บ้านแม่ศึก (มูลนิธิธรรมมาภิรักษ์อุปถัมภ์ที่ 2),แม่แจ่ม,เล็ก,นอกเมือง,สำนักงานคณะกรรมการการศึกษาขั้นพื้นฐาน,สพป.เชียงใหม่ เขต 6,11,26.52,13.68,27.27,15.48,16.88,11.90,13.64,22.27,31.82,15.41
2565,170,บ้านแม่หงานหลวง,แม่แจ่ม,เล็ก,นอกเมือง,สำนักงานคณะกรรมการการศึกษาขั้นพื้นฐาน,สพป.เชียงใหม่ เขต 6,11,22.73,8.77,16.88,11.90,19.48,11.02,18.18,24.05,27.27,19.81
2565,171,บ้านแม่เอาะ,แม่แจ่ม,เล็ก,นอกเมือง,สำนักงานคณะกรรมการการศึกษาขั้นพื้นฐาน,สพป.เชียงใหม่ เขต 6,10,27.50,12.39,24.29,9.15,24.29,18.13,40.00,43.59,25.00,19.36
2565,172,บ้านแม่แฮเหนือ,แม่แจ่ม,กลาง,นอกเมือง,สำนักงานคณะกรรมการการศึกษาขั้นพื้นฐาน,สพป.เชียงใหม่ เขต 6,10,27.50,6.51,22.86,13.09,15.71,16.23,15.00,22.91,32.50,22.50
2565,173,บ้านโม่งหลวง,แม่แจ่ม,เล็ก,นอกเมือง,สำนักงานคณะกรรมการการศึกษาขั้นพื้นฐาน,สพป.เชียงใหม่ เขต 6,22,22.73,14.25,29.87,19.70,22.73,19.10,29.55,32.54,23.86,21.95
2565,174,แม่แจ่ม,แม่แจ่ม,ใหญ่,นอกเมือง,สำนักงานคณะกรรมการการศึกษาขั้นพื้นฐาน,สำนักงานเขตพื้นที่การศึกษามัธยมศึกษาเชียงใหม่,199,33.12,16.80,28.72,20.35,24.34,17.35,44.97,36.83,27.89,22.16
2565,175,แม่แจ่มปริยัติศึกษา,แม่แจ่ม,เล็ก,นอกเมือง,สำนักงานพระพุทธศาสนาแห่งชาติ,กลุ่มโรงเรียนพระปริยัติธรรมฯ กลุ่ม  5,23,23.91,13.07,18.01,14.72,21.74,12.55,34.78,34.37,22.83,20.74
2565,176,ราชประชานุเคราะห์ 31,แม่แจ่ม,กลาง,นอกเมือง,สำนักบริหารงานการศึกษาพิเศษ,-,117,26.42,12.00,24.42,17.33,22.95,17.32,38.46,37.20,22.44,18.31
2565,177,สาธิตชุมชนการเรียนรู้สมเด็จย่า วิทยาลัยโพธิวิชชาลัย มหาวิทยาลัยศรีนครินทรวิโรฒ แม่แจ่ม,แม่แจ่ม,เล็ก,นอกเมือง,สำนักงานปลัดกระทรวงการอุดมศึกษาฯ,-,20,30.83,19.02,25.71,16.04,25.00,16.83,47.50,33.45,25.00,20.92
2565,178,อินทนนท์วิทยา,แม่แจ่ม,เล็ก,นอกเมือง,สำนักงานคณะกรรมการการศึกษาขั้นพื้นฐาน,สพป.เชียงใหม่ เขต 6,4,25.00,5.89,21.43,12.37,17.86,6.19,50.00,35.36,18.75,10.83
2565,179,ชุมชนวัดช่อแล,แม่แตง,เล็ก,นอกเมือง,สำนักงานคณะกรรมการการศึกษาขั้นพื้นฐาน,สพป.เชียงใหม่ เขต 2,15,38.89,15.42,22.86,17.14,24.76,16.05,56.67,24.94,28.33,15.46
2565,180,เชียงใหม่มัธยม,แม่แตง,ใหญ่,นอกเมือง,สำนักงานคณะกรรมการส่งเสริมการศึกษาเอกชน,-,4,37.50,21.65,39.29,18.56,21.43,7.14,62.50,41.46,25.00,17.68
2565,181,บ้านปง,แม่แตง,เล็ก,นอกเมือง,สำนักงานคณะกรรมการการศึกษาขั้นพื้นฐาน,สพป.เชียงใหม่ เขต 2,8,23.96,11.36,35.71,14.29,19.64,17.40,37.50,41.46,28.13,26.33
2565,182,บ้านปางไม้แดง,แม่แตง,เล็ก,นอกเมือง,สำนักงานคณะกรรมการการศึกษาขั้นพื้นฐาน,สพป.เชียงใหม่ เขต 2,11,31.82,21.56,32.47,20.29,16.88,11.90,45.45,33.40,22.73,19.81
2565,183,บ้านปางห้วยตาด,แม่แตง,เล็ก,นอกเมือง,สำนักงานคณะกรรมการการศึกษาขั้นพื้นฐาน,สพป.เชียงใหม่ เขต 2,6,30.56,6.21,19.05,17.82,19.05,15.79,33.33,23.57,37.50,23.94
2565,184,บ้านเป้าวิทยาคาร,แม่แตง,เล็ก,นอกเมือง,สำนักงานคณะกรรมการการศึกษาขั้นพื้นฐาน,สพป.เชียงใหม่ เขต 2,4,25.00,5.89,39.29,21.13,32.14,11.85,50.00,0.00,25.00,17.68
2565,185,บ้านเมืองกื้ด,แม่แตง,เล็ก,นอกเมือง,สำนักงานคณะกรรมการการศึกษาขั้นพื้นฐาน,สพป.เชียงใหม่ เขต 2,22,21.21,11.44,25.32,14.88,18.83,11.71,34.09,38.10,22.73,23.73
2565,186,บ้านแม่ไคร้,แม่แตง,เล็ก,นอกเมือง,สำนักงานคณะกรรมการการศึกษาขั้นพื้นฐาน,สพป.เชียงใหม่ เขต 2,8,25.00,13.18,23.21,14.17,14.29,15.97,31.25,34.80,31.25,16.54
2565,187,บ้านแม่ตะมาน,แม่แตง,เล็ก,นอกเมือง,สำนักงานคณะกรรมการการศึกษาขั้นพื้นฐาน,สพป.เชียงใหม่ เขต 2,14,24.40,14.25,21.43,11.77,25.51,15.44,32.14,30.51,35.71,22.59
2565,188,ป่าจี้วังแดงวิทยา,แม่แตง,เล็ก,นอกเมือง,สำนักงานคณะกรรมการการศึกษาขั้นพื้นฐาน,สพป.เชียงใหม่ เขต 2,13,29.49,19.78,25.27,14.99,30.77,16.67,38.46,21.07,11.54,12.46
2565,189,ป่าแป๋วิทยา,แม่แตง,เล็ก,นอกเมือง,สำนักงานคณะกรรมการการศึกษาขั้นพื้นฐาน,สพป.เชียงใหม่ เขต 2,18,26.85,12.28,26.19,11.90,20.63,19.18,16.67,28.87,25.00,14.43
2565,190,พระปริยัติธรรมแม่แตงวิทยา,แม่แตง,เล็ก,นอกเมือง,สำนักงานพระพุทธศาสนาแห่งชาติ,กลุ่มโรงเรียนพระปริยัติธรรมฯ กลุ่ม  5,11,26.52,8.57,15.58,14.23,19.48,17.52,18.18,32.14,15.91,22.03
2565,191,แม่แตง,แม่แตง,กลาง,นอกเมือง,สำนักงานคณะกรรมการการศึกษาขั้นพื้นฐาน,สำนักงานเขตพื้นที่การศึกษามัธยมศึกษาเชียงใหม่,110,28.71,14.28,29.87,19.41,21.69,14.89,50.91,34.37,25.91,22.09
2565,192,แม่หอพระวิทยาคม,แม่แตง,เล็ก,นอกเมือง,สำนักงานคณะกรรมการการศึกษาขั้นพื้นฐาน,สำนักงานเขตพื้นที่การศึกษามัธยมศึกษาเชียงใหม่,30,28.33,14.21,25.71,15.39,23.33,16.28,35.00,32.02,28.33,23.92
2565,193,ร่ำเปิงวิทยา,แม่แตง,กลาง,นอกเมือง,สำนักงานคณะกรรมการการศึกษาขั้นพื้นฐาน,สพป.เชียงใหม่ เขต 2,9,36.11,13.61,39.68,21.06,19.05,16.50,55.56,36.85,30.56,19.64
2565,194,วัดท่าข้าม,แม่แตง,เล็ก,นอกเมือง,สำนักงานคณะกรรมการการศึกษาขั้นพื้นฐาน,สพป.เชียงใหม่ เขต 2,10,27.50,12.94,20.00,11.43,25.71,10.69,30.00,24.49,25.00,25.00
2565,195,วัดบ้านเหล่า,แม่แตง,เล็ก,นอกเมือง,สำนักงานคณะกรรมการการศึกษาขั้นพื้นฐาน,สพป.เชียงใหม่ เขต 2,11,21.97,10.82,33.77,21.34,27.27,18.73,31.82,32.14,25.00,18.46
2565,196,วัดปางมะกล้วย,แม่แตง,เล็ก,นอกเมือง,สำนักงานคณะกรรมการการศึกษาขั้นพื้นฐาน,สพป.เชียงใหม่ เขต 2,5,33.33,26.35,34.29,19.38,14.29,12.78,30.00,40.00,15.00,20.00
2565,197,สบเปิงวิทยา,แม่แตง,กลาง,นอกเมือง,สำนักงานคณะกรรมการการศึกษาขั้นพื้นฐาน,สพป.เชียงใหม่ เขต 2,25,27.00,13.60,29.14,16.40,20.57,17.65,44.00,35.55,25.00,25.50
2565,198,สันป่ายางวิทยาคม,แม่แตง,เล็ก,นอกเมือง,สำนักงานคณะกรรมการการศึกษาขั้นพื้นฐาน,สำนักงานเขตพื้นที่การศึกษามัธยมศึกษาเชียงใหม่,23,27.54,13.56,21.12,14.51,21.74,12.55,39.13,35.98,28.26,22.49
2565,199,สันมหาพนวิทยา,แม่แตง,เล็ก,นอกเมือง,สำนักงานคณะกรรมการการศึกษาขั้นพื้นฐาน,สพป.เชียงใหม่ เขต 2,21,28.17,12.19,25.85,19.53,29.25,16.77,45.24,34.17,16.67,19.42
2565,200,อนุบาลสานสายใยรักเทศบาลเมืองเมืองแกนพัฒนา,แม่แตง,กลาง,นอกเมือง,กรมส่งเสริมการปกครองท้องถิ่น,ท้องถิ่นจังหวัดเชียงใหม่,12,33.33,14.03,20.24,14.82,28.57,18.44,33.33,31.18,29.17,22.44
2565,201,เจ้าพ่อหลวงอุปถัมภ์ 7,แม่ริม,เล็ก,นอกเมือง,สำนักงานคณะกรรมการการศึกษาขั้นพื้นฐาน,สพป.เชียงใหม่ เขต 2,3,30.56,3.93,33.33,29.35,19.05,6.73,16.67,23.57,33.33,11.79
2565,202,นวมินทราชูทิศ พายัพ,แม่ริม,ใหญ่,นอกเมือง,สำนักงานคณะกรรมการการศึกษาขั้นพื้นฐาน,สำนักงานเขตพื้นที่การศึกษามัธยมศึกษาเชียงใหม่,87,40.04,18.95,38.92,26.14,25.62,17.75,52.30,30.24,33.05,23.82
2565,203,บ้านทุ่งโป่ง,แม่ริม,กลาง,นอกเมือง,สำนักงานคณะกรรมการการศึกษาขั้นพื้นฐาน,สพป.เชียงใหม่ เขต 2,3,33.33,13.61,23.81,17.82,14.29,0.00,50.00,40.82,8.33,11.79
2565,204,บ้านแม่สา,แม่ริม,กลาง,นอกเมือง,สำนักงานคณะกรรมการการศึกษาขั้นพื้นฐาน,สพป.เชียงใหม่ เขต 2,7,39.29,10.65,44.90,22.17,28.57,15.27,42.86,41.65,17.86,22.02
2565,205,บ้านศาลา,แม่ริม,กลาง,นอกเมือง,กรมส่งเสริมการปกครองท้องถิ่น,ท้องถิ่นจังหวัดเชียงใหม่,5,40.00,20.00,42.86,25.56,11.43,5.71,60.00,37.42,30.00,29.15
2565,206,บ้านสะลวงนอก,แม่ริม,เล็ก,นอกเมือง,สำนักงานคณะกรรมการการศึกษาขั้นพื้นฐาน,สพป.เชียงใหม่ เขต 2,8,25.00,7.22,30.36,11.15,28.57,10.10,50.00,35.36,21.88,14.99
2565,207,บ้านสันคะยอม,แม่ริม,เล็ก,นอกเมือง,สำนักงานคณะกรรมการการศึกษาขั้นพื้นฐาน,สพป.เชียงใหม่ เขต 2,8,38.54,16.63,35.71,14.29,21.43,18.90,25.00,35.36,21.88,14.99
2565,208,บ้านหนองปลามัน,แม่ริม,เล็ก,นอกเมือง,สำนักงานคณะกรรมการการศึกษาขั้นพื้นฐาน,สพป.เชียงใหม่ เขต 2,15,24.44,12.72,20.00,10.17,18.10,11.02,43.33,30.91,23.33,17.00
2565,209,แม่ริมวิทยาคม,แม่ริม,ใหญ่,นอกเมือง,สำนักงานคณะกรรมการการศึกษาขั้นพื้นฐาน,สำนักงานเขตพื้นที่การศึกษามัธยมศึกษาเชียงใหม่,324,32.23,16.60,30.60,20.38,22.66,15.92,40.90,34.05,27.55,22.81
2565,210,ศึกษาสงเคราะห์เชียงใหม่,แม่ริม,กลาง,นอกเมือง,สำนักบริหารงานการศึกษาพิเศษ,-,94,26.95,12.66,27.81,15.92,25.68,15.67,32.98,33.86,20.48,21.56
2565,211,บ้านกาดวิทยาคม,แม่วาง,กลาง,นอกเมือง,สำนักงานคณะกรรมการการศึกษาขั้นพื้นฐาน,สำนักงานเขตพื้นที่การศึกษามัธยมศึกษาเชียงใหม่,121,28.65,13.16,25.50,15.17,22.67,15.76,34.71,32.68,25.00,21.56
2565,212,บ้านห้วยตอง,แม่วาง,กลาง,นอกเมือง,สำนักงานคณะกรรมการการศึกษาขั้นพื้นฐาน,สพป.เชียงใหม่ เขต 4,16,28.13,13.46,33.04,14.03,27.68,12.85,25.00,30.62,29.69,22.04
2565,213,แม่วินสามัคคี,แม่วาง,กลาง,นอกเมือง,สำนักงานคณะกรรมการการศึกษาขั้นพื้นฐาน,สพป.เชียงใหม่ เขต 4,53,26.57,13.84,25.88,17.34,21.29,14.32,40.57,35.10,22.64,22.92
2565,214,วัดมะกับตองหลวง,แม่วาง,เล็ก,นอกเมือง,สำนักงานคณะกรรมการการศึกษาขั้นพื้นฐาน,สพป.เชียงใหม่ เขต 4,8,38.54,13.78,25.00,18.56,21.43,10.10,31.25,34.80,28.13,19.52
2565,215,วัดห้วยแก้ว,แม่วาง,เล็ก,นอกเมือง,สำนักงานคณะกรรมการการศึกษาขั้นพื้นฐาน,สพป.เชียงใหม่ เขต 4,6,29.17,14.23,23.81,13.47,23.81,21.30,41.67,44.88,29.17,17.18
2565,216,สัพพัญญูวิทยา,แม่วาง,เล็ก,นอกเมือง,สำนักงานพระพุทธศาสนาแห่งชาติ,กลุ่มโรงเรียนพระปริยัติธรรมฯ กลุ่ม  5,7,25.00,14.77,30.61,22.17,26.53,9.13,35.71,22.59,21.43,24.74
2565,217,ทาเหนือวิทยา,แม่ออน,เล็ก,นอกเมือง,สำนักงานคณะกรรมการการศึกษาขั้นพื้นฐาน,สพป.เชียงใหม่ เขต 1,20,27.08,12.88,22.14,15.96,27.14,11.87,27.50,33.45,20.00,18.71
2565,218,แม่ออนวิทยาลัย,แม่ออน,กลาง,นอกเมือง,สำนักงานคณะกรรมการการศึกษาขั้นพื้นฐาน,สำนักงานเขตพื้นที่การศึกษามัธยมศึกษาเชียงใหม่,42,28.57,16.38,28.91,19.59,27.89,16.77,54.76,30.49,30.95,23.02
2565,219,วัดห้วยแก้ว,แม่ออน,เล็ก,นอกเมือง,สำนักงานคณะกรรมการการศึกษาขั้นพื้นฐาน,สพป.เชียงใหม่ เขต 1,10,26.67,14.34,37.14,28.71,27.14,19.64,35.00,32.02,32.50,25.12
2565,220,วัดห้วยทราย,แม่ออน,เล็ก,นอกเมือง,สำนักงานคณะกรรมการการศึกษาขั้นพื้นฐาน,สพป.เชียงใหม่ เขต 1,9,20.37,13.09,19.05,13.47,22.22,16.65,72.22,24.85,16.67,11.79
2565,221,เจ้าพ่อหลวงอุปถัมภ์ 9,แม่อาย,กลาง,นอกเมือง,สำนักงานคณะกรรมการการศึกษาขั้นพื้นฐาน,สพป.เชียงใหม่ เขต 3,23,25.00,16.85,26.09,18.19,14.91,14.88,36.96,30.28,25.00,24.45
2565,222,ชุมชนบ้านคาย,แม่อาย,กลาง,นอกเมือง,สำนักงานคณะกรรมการการศึกษาขั้นพื้นฐาน,สพป.เชียงใหม่ เขต 3,8,34.38,16.37,33.93,14.17,28.57,17.50,56.25,16.54,21.88,23.18
2565,223,ชุมชนบ้านแม่ฮ่าง,แม่อาย,กลาง,นอกเมือง,สำนักงานคณะกรรมการการศึกษาขั้นพื้นฐาน,สพป.เชียงใหม่ เขต 3,39,33.76,14.73,20.88,16.13,22.71,14.73,47.44,35.71,15.38,16.62
2565,224,โชติคุณเกษมบ้านเมืองงาม,แม่อาย,กลาง,นอกเมือง,สำนักงานคณะกรรมการการศึกษาขั้นพื้นฐาน,สพป.เชียงใหม่ เขต 3,36,22.45,9.98,23.02,12.72,20.24,14.43,36.11,34.58,30.56,27.07
2565,225,ไทยรัฐวิทยา 12 (บ้านเอก),แม่อาย,กลาง,นอกเมือง,สำนักงานคณะกรรมการการศึกษาขั้นพื้นฐาน,สพป.เชียงใหม่ เขต 3,20,32.08,12.71,27.86,14.62,23.57,13.00,45.00,35.00,25.00,20.92
2565,226,บ้านท่ามะแกง,แม่อาย,เล็ก,นอกเมือง,สำนักงานคณะกรรมการการศึกษาขั้นพื้นฐาน,สพป.เชียงใหม่ เขต 3,15,28.89,17.71,30.48,17.97,23.81,12.42,33.33,39.44,28.33,20.14
2565,227,บ้านป่าก๊อ,แม่อาย,กลาง,นอกเมือง,สำนักงานคณะกรรมการการศึกษาขั้นพื้นฐาน,สพป.เชียงใหม่ เขต 3,15,25.00,12.17,27.62,11.02,20.95,13.67,56.67,35.90,33.33,17.48
2565,228,บ้านปางต้นเดื่อ,แม่อาย,กลาง,นอกเมือง,สำนักงานคณะกรรมการการศึกษาขั้นพื้นฐาน,สพป.เชียงใหม่ เขต 3,30,25.56,13.60,20.95,15.53,21.43,14.64,41.67,40.99,30.00,19.79
2565,229,บ้านป่าแดง,แม่อาย,กลาง,นอกเมือง,สำนักงานคณะกรรมการการศึกษาขั้นพื้นฐาน,สพป.เชียงใหม่ เขต 3,19,25.88,12.06,27.07,18.48,21.80,14.92,21.05,29.54,31.58,24.12
2565,230,บ้านสันต้นหมื้อ,แม่อาย,กลาง,นอกเมือง,สำนักงานคณะกรรมการการศึกษาขั้นพื้นฐาน,สพป.เชียงใหม่ เขต 3,42,26.79,15.49,27.21,17.30,25.85,16.86,27.38,31.25,20.24,23.93
2565,231,บ้านสุขฤทัย,แม่อาย,กลาง,นอกเมือง,สำนักงานคณะกรรมการการศึกษาขั้นพื้นฐาน,สพป.เชียงใหม่ เขต 3,32,23.44,12.40,27.68,18.19,25.00,18.56,20.31,27.55,23.44,21.59
2565,232,บ้านห้วยคอกหมู,แม่อาย,เล็ก,นอกเมือง,สำนักงานคณะกรรมการการศึกษาขั้นพื้นฐาน,สพป.เชียงใหม่ เขต 3,10,30.83,9.90,17.14,12.45,22.86,17.14,25.00,25.00,17.50,16.01
2565,233,พระปริยัติธรรมวัดท่าตอน,แม่อาย,เล็ก,นอกเมือง,สำนักงานพระพุทธศาสนาแห่งชาติ,กลุ่มโรงเรียนพระปริยัติธรรมฯ กลุ่ม  5,25,28.33,13.74,28.57,14.57,22.86,15.65,26.00,28.71,21.00,19.60
2565,234,เพียงหลวง 1 (บ้านท่าตอน),แม่อาย,กลาง,นอกเมือง,สำนักงานคณะกรรมการการศึกษาขั้นพื้นฐาน,สพป.เชียงใหม่ เขต 3,27,33.02,16.89,30.16,13.65,27.51,15.02,66.67,33.33,23.15,23.50
2565,235,แม่อายวิทยาคม,แม่อาย,ใหญ่,นอกเมือง,กรมส่งเสริมการปกครองท้องถิ่น,ท้องถิ่นจังหวัดเชียงใหม่,39,29.06,15.55,31.14,20.93,19.41,14.28,37.18,33.43,26.28,21.14
2565,236,ราชประชานุเคราะห์ 30,แม่อาย,กลาง,นอกเมือง,สำนักบริหารงานการศึกษาพิเศษ,-,34,27.21,10.37,25.21,15.13,22.69,17.71,51.47,37.35,30.15,16.91
2565,237,บ้านนามน,เวียงแหง,เล็ก,นอกเมือง,สำนักงานคณะกรรมการการศึกษาขั้นพื้นฐาน,สพป.เชียงใหม่ เขต 3,17,31.37,12.95,27.73,19.27,30.25,18.90,38.24,32.22,23.53,21.81
2565,238,บ้านปางป๋อ,เวียงแหง,เล็ก,นอกเมือง,สำนักงานคณะกรรมการการศึกษาขั้นพื้นฐาน,สพป.เชียงใหม่ เขต 3,19,21.49,9.09,25.56,17.70,22.56,17.54,31.58,33.29,22.37,24.19
2565,239,บ้านเปียงหลวง,เวียงแหง,กลาง,นอกเมือง,สำนักงานคณะกรรมการการศึกษาขั้นพื้นฐาน,สพป.เชียงใหม่ เขต 3,99,27.95,16.93,28.57,18.50,21.50,17.51,36.87,33.77,26.01,20.39
2565,240,เวียงแหงปริยัติศึกษา,เวียงแหง,เล็ก,นอกเมือง,สำนักงานพระพุทธศาสนาแห่งชาติ,กลุ่มโรงเรียนพระปริยัติธรรมฯ กลุ่ม  5,16,22.40,9.18,25.00,14.73,25.89,14.48,31.25,34.80,25.00,19.76
2565,241,เวียงแหงวิทยาคม,เวียงแหง,ใหญ่,นอกเมือง,สำนักงานคณะกรรมการการศึกษาขั้นพื้นฐาน,สำนักงานเขตพื้นที่การศึกษามัธยมศึกษาเชียงใหม่,113,29.79,13.75,24.91,17.70,23.01,14.02,37.17,33.77,23.67,21.51
2565,242,บ้านบ่อแก้ว,สะเมิง,กลาง,นอกเมือง,สำนักงานคณะกรรมการการศึกษาขั้นพื้นฐาน,สพป.เชียงใหม่ เขต 2,25,27.00,12.31,26.86,16.82,18.86,16.52,36.00,33.23,24.00,20.59
2565,243,บ้านปางขุม,สะเมิง,เล็ก,นอกเมือง,สำนักงานคณะกรรมการการศึกษาขั้นพื้นฐาน,สพป.เชียงใหม่ เขต 2,4,43.75,3.61,28.57,10.10,46.43,6.19,37.50,41.46,18.75,32.48
2565,244,บ้านป่าลาน,สะเมิง,เล็ก,นอกเมือง,สำนักงานคณะกรรมการการศึกษาขั้นพื้นฐาน,สพป.เชียงใหม่ เขต 2,11,29.55,17.90,40.26,20.94,24.68,17.33,50.00,30.15,27.27,27.08
2565,245,บ้านแม่ขะปู,สะเมิง,เล็ก,นอกเมือง,สำนักงานคณะกรรมการการศึกษาขั้นพื้นฐาน,สพป.เชียงใหม่ เขต 2,13,26.28,18.73,32.97,21.98,19.78,15.38,19.23,24.33,15.38,18.45
2565,246,บ้านแม่โต๋,สะเมิง,เล็ก,นอกเมือง,สำนักงานคณะกรรมการการศึกษาขั้นพื้นฐาน,สพป.เชียงใหม่ เขต 2,15,31.67,15.28,31.43,20.34,23.81,14.44,36.67,33.99,26.67,19.29
2565,247,บ้านแม่ยางห้า,สะเมิง,เล็ก,นอกเมือง,สำนักงานคณะกรรมการการศึกษาขั้นพื้นฐาน,สพป.เชียงใหม่ เขต 2,17,28.92,10.74,31.93,23.26,17.65,13.45,26.47,30.28,26.47,15.97
2565,248,บ้านแม่ลานคำ,สะเมิง,เล็ก,นอกเมือง,สำนักงานคณะกรรมการการศึกษาขั้นพื้นฐาน,สพป.เชียงใหม่ เขต 2,9,25.93,13.29,23.81,13.47,22.22,11.88,33.33,33.33,25.00,20.41
2565,249,บ้านแม่แว,สะเมิง,เล็ก,นอกเมือง,สำนักงานคณะกรรมการการศึกษาขั้นพื้นฐาน,สพป.เชียงใหม่ เขต 2,5,25.00,9.13,25.71,5.71,17.14,10.69,60.00,20.00,30.00,24.49
2565,250,วัดงิ้วเฒ่า,สะเมิง,เล็ก,นอกเมือง,สำนักงานคณะกรรมการการศึกษาขั้นพื้นฐาน,สพป.เชียงใหม่ เขต 2,4,39.58,14.88,28.57,10.10,25.00,6.19,50.00,35.36,25.00,17.68
2565,251,วัดยั้งเมิน,สะเมิง,เล็ก,นอกเมือง,สำนักงานคณะกรรมการการศึกษาขั้นพื้นฐาน,สพป.เชียงใหม่ เขต 2,9,25.00,10.39,9.52,11.66,33.33,22.34,22.22,24.85,33.33,20.41
2565,252,วัดสะเมิงวิทยา,สะเมิง,เล็ก,นอกเมือง,สำนักงานพระพุทธศาสนาแห่งชาติ,กลุ่มโรงเรียนพระปริยัติธรรมฯ กลุ่ม  5,13,29.49,14.48,32.97,14.16,16.48,15.70,26.92,24.93,23.08,20.71
2565,253,สะเมิงพิทยาคม,สะเมิง,กลาง,นอกเมือง,สำนักงานคณะกรรมการการศึกษาขั้นพื้นฐาน,สำนักงานเขตพื้นที่การศึกษามัธยมศึกษาเชียงใหม่,76,28.95,14.01,26.69,16.93,20.49,12.76,34.21,30.58,20.72,21.22
2565,254,บ้านบวกค้าง,สันกำแพง,เล็ก,นอกเมือง,สำนักงานคณะกรรมการการศึกษาขั้นพื้นฐาน,สพป.เชียงใหม่ เขต 1,6,26.39,16.26,35.71,10.91,16.67,12.82,41.67,18.63,16.67,18.63
2565,255,บ้านแม่ปูคา,สันกำแพง,เล็ก,นอกเมือง,สำนักงานคณะกรรมการการศึกษาขั้นพื้นฐาน,สพป.เชียงใหม่ เขต 1,12,28.47,17.17,40.48,19.20,19.05,14.68,45.83,37.96,20.83,22.44
2565,256,บ้านหนองโค้ง,สันกำแพง,กลาง,นอกเมือง,สำนักงานคณะกรรมการการศึกษาขั้นพื้นฐาน,สพป.เชียงใหม่ เขต 1,61,33.61,15.31,29.98,18.60,25.76,16.32,47.54,34.39,25.82,21.69
2565,257,วัดล้านตอง,สันกำแพง,เล็ก,นอกเมือง,สำนักงานคณะกรรมการการศึกษาขั้นพื้นฐาน,สพป.เชียงใหม่ เขต 1,5,33.33,11.79,20.00,11.43,20.00,19.38,50.00,31.62,30.00,24.49
2565,258,สันกำแพง,สันกำแพง,ใหญ่พิเศษ,นอกเมือง,สำนักงานคณะกรรมการการศึกษาขั้นพื้นฐาน,สำนักงานเขตพื้นที่การศึกษามัธยมศึกษาเชียงใหม่,488,34.14,17.89,33.37,22.26,23.92,16.88,47.23,35.75,27.25,23.85
2565,259,สันกำแพงคันธาอนุสรณ์,สันกำแพง,เล็ก,นอกเมือง,สำนักงานคณะกรรมการการศึกษาขั้นพื้นฐาน,สพป.เชียงใหม่ เขต 1,10,21.67,11.30,40.00,15.39,14.29,6.39,45.00,35.00,30.00,29.15
2565,260,ชลประทานเขื่อนแม่กวงจิราธิวัฒน์อุปถัมภ์,สันทราย,กลาง,นอกเมือง,สำนักงานคณะกรรมการการศึกษาขั้นพื้นฐาน,สพป.เชียงใหม่ เขต 2,30,33.89,14.58,25.24,12.61,28.57,17.69,38.33,38.04,21.67,22.11
2565,261,บ้านเจดีย์แม่ครัว,สันทราย,กลาง,นอกเมือง,สำนักงานคณะกรรมการการศึกษาขั้นพื้นฐาน,สพป.เชียงใหม่ เขต 2,36,28.94,13.68,22.62,17.29,21.03,15.61,36.11,32.51,22.92,20.73
2565,262,บ้านบวกเปา,สันทราย,เล็ก,นอกเมือง,สำนักงานคณะกรรมการการศึกษาขั้นพื้นฐาน,สพป.เชียงใหม่ เขต 2,20,39.58,18.61,41.43,22.54,22.86,14.57,55.00,35.00,37.50,23.05
2565,263,บ้านร่มหลวง,สันทราย,เล็ก,นอกเมือง,สำนักงานคณะกรรมการการศึกษาขั้นพื้นฐาน,สพป.เชียงใหม่ เขต 2,10,34.17,15.12,28.57,23.90,28.57,14.29,50.00,38.73,35.00,22.91
2565,264,บ้านศรีบุญเรือง,สันทราย,กลาง,นอกเมือง,สำนักงานคณะกรรมการการศึกษาขั้นพื้นฐาน,สพป.เชียงใหม่ เขต 2,5,23.33,3.33,34.29,14.57,20.00,7.00,20.00,24.49,40.00,12.25
2565,265,บ้านหนองไคร้,สันทราย,กลาง,นอกเมือง,สำนักงานคณะกรรมการการศึกษาขั้นพื้นฐาน,สพป.เชียงใหม่ เขต 2,53,31.29,17.35,31.81,21.96,21.02,12.90,40.57,32.30,27.83,21.53
2565,266,บ้านหลักปัน,สันทราย,กลาง,นอกเมือง,สำนักงานคณะกรรมการการศึกษาขั้นพื้นฐาน,สพป.เชียงใหม่ เขต 2,8,27.08,11.60,25.00,9.45,21.43,17.50,18.75,24.21,28.13,19.52
2565,267,พงษ์พิกุลเชียงใหม่,สันทราย,กลาง,นอกเมือง,สำนักงานคณะกรรมการส่งเสริมการศึกษาเอกชน,-,23,32.25,17.43,32.30,25.35,29.81,17.83,52.17,31.20,31.52,25.77
2565,268,วัดแม่แก้ดน้อย,สันทราย,ใหญ่,นอกเมือง,สำนักงานคณะกรรมการการศึกษาขั้นพื้นฐาน,สพป.เชียงใหม่ เขต 2,41,29.27,14.97,26.83,15.20,22.30,13.40,36.59,29.27,28.05,22.90
2565,269,วัดวิเวกวนาราม,สันทราย,เล็ก,นอกเมือง,สำนักงานพระพุทธศาสนาแห่งชาติ,กลุ่มโรงเรียนพระปริยัติธรรมฯ กลุ่ม  5,20,29.58,14.06,22.86,16.54,21.43,15.32,27.50,33.45,23.75,23.01
2565,270,สันทรายวิทยาคม,สันทราย,ใหญ่,นอกเมือง,สำนักงานคณะกรรมการการศึกษาขั้นพื้นฐาน,สำนักงานเขตพื้นที่การศึกษามัธยมศึกษาเชียงใหม่,270,33.02,15.94,30.90,20.11,23.60,17.11,42.96,35.05,27.96,22.78
2565,271,สันทรายหลวง,สันทราย,กลาง,นอกเมือง,สำนักงานคณะกรรมการการศึกษาขั้นพื้นฐาน,สพป.เชียงใหม่ เขต 2,73,30.71,13.72,29.16,18.98,24.85,17.22,41.10,33.46,25.34,20.06
2565,272,ทุ่งฟ้าบดราษฎร์บำรุง,สันป่าตอง,กลาง,นอกเมือง,กรมส่งเสริมการปกครองท้องถิ่น,ท้องถิ่นจังหวัดเชียงใหม่,57,30.41,17.21,28.82,17.85,26.07,17.16,51.75,36.23,27.19,21.60
2565,273,เทพศิรินทร์ เชียงใหม่,สันป่าตอง,กลาง,นอกเมือง,สำนักงานคณะกรรมการการศึกษาขั้นพื้นฐาน,สำนักงานเขตพื้นที่การศึกษามัธยมศึกษาเชียงใหม่,74,27.70,12.93,26.83,17.09,25.29,14.77,39.86,31.81,27.36,23.31
2565,274,บ้านทุ่งเสี้ยว (นวรัฐ),สันป่าตอง,เล็ก,นอกเมือง,สำนักงานคณะกรรมการการศึกษาขั้นพื้นฐาน,สพป.เชียงใหม่ เขต 4,15,20.56,13.90,22.86,12.56,20.95,20.11,16.67,23.57,28.33,23.92
2565,275,บ้านหัวริน,สันป่าตอง,เล็ก,นอกเมือง,สำนักงานคณะกรรมการการศึกษาขั้นพื้นฐาน,สพป.เชียงใหม่ เขต 4,8,23.96,11.36,35.71,18.90,21.43,12.37,37.50,21.65,34.38,24.80
2565,276,พัฒนวิทย์ศึกษา,สันป่าตอง,ใหญ่,นอกเมือง,สำนักงานคณะกรรมการส่งเสริมการศึกษาเอกชน,-,2,25.00,8.33,42.86,0.00,21.43,7.14,25.00,25.00,12.50,12.50
2565,277,วัดกู่คำ,สันป่าตอง,เล็ก,นอกเมือง,สำนักงานคณะกรรมการการศึกษาขั้นพื้นฐาน,สพป.เชียงใหม่ เขต 4,4,18.75,3.61,32.14,6.19,17.86,11.85,25.00,25.00,12.50,12.50
2565,278,วัดโรงวัว,สันป่าตอง,เล็ก,นอกเมือง,สำนักงานคณะกรรมการการศึกษาขั้นพื้นฐาน,สพป.เชียงใหม่ เขต 4,3,41.67,11.79,23.81,17.82,28.57,0.00,16.67,23.57,16.67,11.79
2565,279,สันป่าตองวิทยาคม,สันป่าตอง,ใหญ่พิเศษ,นอกเมือง,สำนักงานคณะกรรมการการศึกษาขั้นพื้นฐาน,สำนักงานเขตพื้นที่การศึกษามัธยมศึกษาเชียงใหม่,370,38.47,18.73,35.29,23.58,24.40,17.68,50.95,35.72,30.34,23.33
2565,280,ช่องฟ้าซินเซิงวาณิชบำรุง,สารภี,ใหญ่พิเศษ,นอกเมือง,สำนักงานคณะกรรมการส่งเสริมการศึกษาเอกชน,-,166,50.70,21.11,52.24,26.32,25.04,18.98,60.84,35.61,39.91,29.68
2565,281,ชุมชนวัดศรีคำชมภู,สารภี,กลาง,นอกเมือง,สำนักงานคณะกรรมการการศึกษาขั้นพื้นฐาน,สพป.เชียงใหม่ เขต 4,30,28.33,16.89,25.24,16.36,23.33,14.51,43.33,33.50,19.17,17.89
2565,282,บ้านปากเหมือง,สารภี,กลาง,นอกเมือง,สำนักงานคณะกรรมการการศึกษาขั้นพื้นฐาน,สพป.เชียงใหม่ เขต 4,22,34.85,14.35,32.47,17.33,16.88,14.69,40.91,35.79,26.14,20.61
2565,283,ยุวฑูตศึกษาพัฒนา,สารภี,ใหญ่,นอกเมือง,สำนักงานคณะกรรมการส่งเสริมการศึกษาเอกชน,-,7,88.10,9.82,95.92,6.45,77.55,21.40,85.71,22.59,89.29,12.37
2565,284,วชิราลัย,สารภี,กลาง,นอกเมือง,สำนักงานคณะกรรมการส่งเสริมการศึกษาเอกชน,-,45,44.26,20.70,43.81,27.50,26.35,17.81,56.67,32.66,33.89,25.36
2565,285,วัดท่าต้นกวาว,สารภี,เล็ก,นอกเมือง,สำนักงานคณะกรรมการการศึกษาขั้นพื้นฐาน,สพป.เชียงใหม่ เขต 4,16,31.77,12.23,31.25,20.96,29.46,19.86,53.12,41.34,28.13,21.42
2565,286,วัดบวกครกเหนือ,สารภี,เล็ก,นอกเมือง,สำนักงานคณะกรรมการการศึกษาขั้นพื้นฐาน,สพป.เชียงใหม่ เขต 4,30,25.28,11.88,22.86,17.54,23.81,16.22,41.67,34.36,20.83,19.45
2565,287,วัดเวฬุวัน,สารภี,ใหญ่,นอกเมือง,สำนักงานคณะกรรมการการศึกษาขั้นพื้นฐาน,สพป.เชียงใหม่ เขต 4,10,44.17,9.17,31.43,20.00,32.86,15.71,45.00,26.93,35.00,32.02
2565,288,วัดศรีดอนชัย,สารภี,เล็ก,นอกเมือง,สำนักงานคณะกรรมการการศึกษาขั้นพื้นฐาน,สพป.เชียงใหม่ เขต 4,5,30.00,6.67,28.57,15.65,28.57,20.20,40.00,20.00,20.00,18.71
2565,289,สารภีปริยัติศึกษา,สารภี,เล็ก,นอกเมือง,สำนักงานพระพุทธศาสนาแห่งชาติ,กลุ่มโรงเรียนพระปริยัติธรรมฯ กลุ่ม  5,22,20.08,11.69,23.38,11.83,23.38,15.85,34.09,34.99,30.68,24.92
2565,290,สารภีพิทยาคม,สารภี,กลาง,นอกเมือง,สำนักงานคณะกรรมการการศึกษาขั้นพื้นฐาน,สำนักงานเขตพื้นที่การศึกษามัธยมศึกษาเชียงใหม่,133,34.09,18.63,31.04,21.92,23.95,15.92,48.12,32.68,30.83,25.26
2565,291,สืบนทีธรรม,สารภี,กลาง,นอกเมือง,สำนักงานคณะกรรมการส่งเสริมการศึกษาเอกชน,-,15,34.44,16.63,26.67,17.20,27.62,17.66,70.00,30.55,28.33,15.46
2565,292,ต้นแก้วผดุงพิทยาลัย,หางดง,ใหญ่,นอกเมือง,กรมส่งเสริมการปกครองท้องถิ่น,ท้องถิ่นจังหวัดเชียงใหม่,82,32.11,16.62,28.75,20.14,23.69,19.35,44.51,34.04,31.10,25.47
2565,293,เทศบาลหนองตองวิทยา,หางดง,เล็ก,นอกเมือง,กรมส่งเสริมการปกครองท้องถิ่น,ท้องถิ่นจังหวัดเชียงใหม่,9,27.78,14.70,19.05,21.30,22.22,15.22,27.78,34.25,11.11,17.12
2565,294,บ้านน้ำแพร่,หางดง,เล็ก,นอกเมือง,สำนักงานคณะกรรมการการศึกษาขั้นพื้นฐาน,สพป.เชียงใหม่ เขต 4,12,25.69,17.17,28.57,19.34,26.19,17.33,37.50,36.08,20.83,19.98
2565,295,บ้านปง,หางดง,เล็ก,นอกเมือง,สำนักงานคณะกรรมการการศึกษาขั้นพื้นฐาน,สพป.เชียงใหม่ เขต 4,14,35.12,19.71,45.92,25.43,22.45,13.99,53.57,29.67,25.00,21.13
2565,296,บ้านสันป่าสัก,หางดง,กลาง,นอกเมือง,สำนักงานคณะกรรมการการศึกษาขั้นพื้นฐาน,สพป.เชียงใหม่ เขต 4,91,30.40,16.36,24.96,19.13,23.23,14.31,43.41,34.14,25.55,24.01
2565,297,พันธสัญญา,หางดง,เล็ก,นอกเมือง,สำนักงานคณะกรรมการส่งเสริมการศึกษาเอกชน,-,5,56.67,24.94,68.57,31.82,34.29,32.07,60.00,37.42,35.00,33.91
2565,298,วัดศรีสว่าง,หางดง,เล็ก,นอกเมือง,สำนักงานคณะกรรมการการศึกษาขั้นพื้นฐาน,สพป.เชียงใหม่ เขต 4,17,22.06,12.76,31.09,14.06,21.85,15.59,52.94,36.26,20.59,15.42
2565,299,สาธิตนานาชาติทวิภาษาแห่งมหาวิทยาลัยรังสิต เชียงใหม่,หางดง,กลาง,นอกเมือง,สำนักงานคณะกรรมการส่งเสริมการศึกษาเอกชน,-,1,66.67,0.00,71.43,0.00,28.57,0.00,100.00,0.00,50.00,0.00
2565,300,หางดงรัฐราษฎร์อุปถัมภ์,หางดง,ใหญ่,นอกเมือง,สำนักงานคณะกรรมการการศึกษาขั้นพื้นฐาน,สำนักงานเขตพื้นที่การศึกษามัธยมศึกษาเชียงใหม่,203,34.28,18.79,33.22,22.83,24.77,15.97,45.07,35.45,27.96,23.22
2565,301,บ้านซิแบร,อมก๋อย,เล็ก,นอกเมือง,สำนักงานคณะกรรมการการศึกษาขั้นพื้นฐาน,สพป.เชียงใหม่ เขต 5,11,26.52,14.57,28.57,21.10,16.88,11.90,13.64,22.27,27.27,12.86
2565,302,บ้านตุงลอย,อมก๋อย,กลาง,นอกเมือง,สำนักงานคณะกรรมการการศึกษาขั้นพื้นฐาน,สพป.เชียงใหม่ เขต 5,33,26.01,11.74,21.65,17.27,23.38,13.54,37.88,36.99,29.55,24.97
2565,303,บ้านนาเกียน,อมก๋อย,เล็ก,นอกเมือง,สำนักงานคณะกรรมการการศึกษาขั้นพื้นฐาน,สำนักงานเขตพื้นที่การศึกษามัธยมศึกษาเชียงใหม่,15,26.67,10.63,19.05,17.04,22.86,19.38,26.67,24.94,23.33,17.00
2565,304,บ้านแม่ต๋อม,อมก๋อย,กลาง,นอกเมือง,สำนักงานคณะกรรมการการศึกษาขั้นพื้นฐาน,สพป.เชียงใหม่ เขต 5,19,23.25,11.65,21.80,14.92,27.07,14.58,23.68,33.91,25.00,25.65
2565,305,บ้านแม่อ่างขาง,อมก๋อย,เล็ก,นอกเมือง,สำนักงานคณะกรรมการการศึกษาขั้นพื้นฐาน,สพป.เชียงใหม่ เขต 5,18,26.85,10.60,23.81,18.44,20.63,13.65,33.33,37.27,22.22,18.43
2565,306,บ้านยางครก,อมก๋อย,เล็ก,นอกเมือง,สำนักงานคณะกรรมการการศึกษาขั้นพื้นฐาน,สพป.เชียงใหม่ เขต 5,10,18.33,3.33,31.43,12.45,15.71,17.44,35.00,32.02,20.00,18.71
2565,307,บ้านยางเปา,อมก๋อย,กลาง,นอกเมือง,สำนักงานคณะกรรมการการศึกษาขั้นพื้นฐาน,สพป.เชียงใหม่ เขต 5,46,27.54,11.38,24.22,15.15,23.29,15.00,28.26,30.67,24.46,18.42
2565,308,บ้านยางเปียง,อมก๋อย,เล็ก,นอกเมือง,สำนักงานคณะกรรมการการศึกษาขั้นพื้นฐาน,สพป.เชียงใหม่ เขต 5,24,28.13,11.24,27.98,19.55,23.21,20.95,35.42,36.74,27.08,14.28
2565,309,บ้านสบลาน,อมก๋อย,กลาง,นอกเมือง,สำนักงานคณะกรรมการการศึกษาขั้นพื้นฐาน,สพป.เชียงใหม่ เขต 5,9,26.85,10.96,22.22,21.41,26.98,14.20,27.78,24.85,11.11,17.12
2565,310,บ้านห้วยโค้ง,อมก๋อย,กลาง,นอกเมือง,สำนักงานคณะกรรมการการศึกษาขั้นพื้นฐาน,สพป.เชียงใหม่ เขต 5,15,17.78,11.73,22.86,14.57,30.48,17.20,26.67,24.94,20.00,18.71
2565,311,บ้านห้วยน้ำขาว,อมก๋อย,กลาง,นอกเมือง,สำนักงานคณะกรรมการการศึกษาขั้นพื้นฐาน,สพป.เชียงใหม่ เขต 5,59,23.31,13.44,21.31,14.97,23.97,15.21,24.58,29.65,24.58,22.78
2565,312,บ้านห้วยไม้หก,อมก๋อย,เล็ก,นอกเมือง,สำนักงานคณะกรรมการการศึกษาขั้นพื้นฐาน,สำนักงานเขตพื้นที่การศึกษามัธยมศึกษาเชียงใหม่,17,25.98,9.85,31.93,18.02,21.01,17.75,14.71,22.78,23.53,26.39
2565,313,บ้านอูตูม,อมก๋อย,เล็ก,นอกเมือง,สำนักงานคณะกรรมการการศึกษาขั้นพื้นฐาน,สพป.เชียงใหม่ เขต 5,24,30.56,11.20,23.21,12.24,33.33,17.82,72.92,32.21,23.96,19.74
2565,314,แม่ตื่นวิทยาคม,อมก๋อย,กลาง,นอกเมือง,สำนักงานคณะกรรมการการศึกษาขั้นพื้นฐาน,สำนักงานเขตพื้นที่การศึกษามัธยมศึกษาเชียงใหม่,94,25.27,12.12,26.60,17.38,24.47,15.82,39.36,36.37,26.60,22.12
2565,315,อมก๋อยวิทยาคม,อมก๋อย,ใหญ่,นอกเมือง,สำนักงานคณะกรรมการการศึกษาขั้นพื้นฐาน,สำนักงานเขตพื้นที่การศึกษามัธยมศึกษาเชียงใหม่,130,26.99,13.82,25.71,18.02,22.53,16.03,35.77,32.95,23.65,21.33
2565,316,ชุมชนบ้านท่าข้าม,ฮอด,กลาง,นอกเมือง,สำนักงานคณะกรรมการการศึกษาขั้นพื้นฐาน,สพป.เชียงใหม่ เขต 5,8,34.38,6.51,19.64,14.17,23.21,12.24,43.75,29.97,31.25,20.73
2565,317,บ้านกองลอย,ฮอด,กลาง,นอกเมือง,สำนักงานคณะกรรมการการศึกษาขั้นพื้นฐาน,สพป.เชียงใหม่ เขต 5,21,26.98,8.87,22.45,14.33,20.41,15.63,40.48,33.16,26.19,19.63
2565,318,บ้านแควมะกอก,ฮอด,กลาง,นอกเมือง,สำนักงานคณะกรรมการการศึกษาขั้นพื้นฐาน,สพป.เชียงใหม่ เขต 5,15,26.11,11.73,25.71,17.46,20.00,10.17,43.33,30.91,16.67,19.72
2565,319,บ้านตาลเหนือ,ฮอด,เล็ก,นอกเมือง,สำนักงานคณะกรรมการการศึกษาขั้นพื้นฐาน,สพป.เชียงใหม่ เขต 5,13,23.72,7.20,17.58,13.90,23.08,20.62,34.62,36.08,19.23,17.41
2565,320,บ้านเตียนอาง,ฮอด,เล็ก,นอกเมือง,สำนักงานคณะกรรมการการศึกษาขั้นพื้นฐาน,สพป.เชียงใหม่ เขต 5,11,21.21,13.47,31.17,17.03,28.57,12.18,31.82,32.14,22.73,24.90
2565,321,บ้านทุ่งโป่ง,ฮอด,เล็ก,นอกเมือง,สำนักงานคณะกรรมการการศึกษาขั้นพื้นฐาน,สพป.เชียงใหม่ เขต 5,10,28.33,13.02,27.14,21.62,32.86,16.96,40.00,43.59,37.50,23.05
2565,322,บ้านนาฟ่อน,ฮอด,เล็ก,นอกเมือง,สำนักงานคณะกรรมการการศึกษาขั้นพื้นฐาน,สพป.เชียงใหม่ เขต 5,16,24.48,12.31,25.89,21.56,16.07,21.35,40.62,36.31,28.13,24.80
2565,323,บ้านบ่อหลวง,ฮอด,กลาง,นอกเมือง,สำนักงานคณะกรรมการการศึกษาขั้นพื้นฐาน,สพป.เชียงใหม่ เขต 5,24,25.69,12.01,22.02,15.42,21.43,15.43,43.75,33.27,22.92,24.91
2565,324,บ้านพุย,ฮอด,เล็ก,นอกเมือง,สำนักงานคณะกรรมการการศึกษาขั้นพื้นฐาน,สพป.เชียงใหม่ เขต 5,15,26.67,12.25,22.86,12.56,24.76,14.25,16.67,23.57,13.33,17.95
2565,325,บ้านแม่งูด,ฮอด,เล็ก,นอกเมือง,สำนักงานคณะกรรมการการศึกษาขั้นพื้นฐาน,สพป.เชียงใหม่ เขต 5,20,30.42,14.01,20.71,15.96,21.43,13.92,32.50,28.61,18.75,15.56
2565,326,บ้านแม่ลาย,ฮอด,เล็ก,นอกเมือง,สำนักงานคณะกรรมการการศึกษาขั้นพื้นฐาน,สพป.เชียงใหม่ เขต 5,17,21.57,14.87,21.01,14.80,24.37,17.51,17.65,23.89,27.94,26.96
2565,327,บ้านวังลุง,ฮอด,เล็ก,นอกเมือง,สำนักงานคณะกรรมการการศึกษาขั้นพื้นฐาน,สพป.เชียงใหม่ เขต 5,7,26.19,9.37,14.29,7.64,24.49,6.45,14.29,22.59,25.00,26.73
2565,328,แม่โถวิทยาคม,ฮอด,กลาง,นอกเมือง,สำนักงานคณะกรรมการการศึกษาขั้นพื้นฐาน,สพป.เชียงใหม่ เขต 5,45,24.81,11.98,25.71,15.82,21.90,15.53,31.11,33.81,26.67,24.38
2565,329,วัดบ้านขุนเตรียมพุทธศาสตร์,ฮอด,เล็ก,นอกเมือง,สำนักงานพระพุทธศาสนาแห่งชาติ,กลุ่มโรงเรียนพระปริยัติธรรมฯ กลุ่ม  5,40,27.92,10.63,26.07,18.87,23.21,17.11,27.50,35.27,30.00,24.49
2565,330,ฮอดพิทยาคม,ฮอด,ใหญ่,นอกเมือง,สำนักงานคณะกรรมการการศึกษาขั้นพื้นฐาน,สำนักงานเขตพื้นที่การศึกษามัธยมศึกษาเชียงใหม่,159,28.56,13.62,25.88,16.97,22.37,16.30,40.88,33.58,25.16,22.69