ปีการศึกษา,ชื่อโรงเรียน,อำเภอที่ตั้งรร.,ขนาดโรงเรียน,ที่ตั้งโรงเรียน,สังกัด,เขตพื้นที่ฯ,จำนวนผู้เข้าสอบ,ว 1.1 (Mean),ว 1.1 (S.D.),ว 1.2 (Mean),ว 1.2 (S.D.),ว 1.3 (Mean),ว 1.3 (S.D.),ว 2.1 (Mean),ว 2.1 (S.D.),ว 2.2 (Mean),ว 2.2 (S.D.),ว 2.3 (Mean),ว 2.3 (S.D.),ว 3.1 (Mean),ว 3.1 (S.D.),ว 3.2 (Mean),ว 3.2 (S.D.),ว 4.2 (Mean),ว 4.2 (S.D.)
2568,บ้านขุนแม่รวม,กัลยาณิวัฒนา,เล็ก,นอกเมือง,สำนักงานคณะกรรมการการศึกษาขั้นพื้นฐาน,สพป.เชียงใหม่ เขต 6,11,27.27,44.54,25.00,23.84,27.27,44.54,37.50,23.23,57.58,24.99,27.27,24.90,22.73,24.90,39.39,23.86,18.18,24.05
2568,บ้านจันทร์,กัลยาณิวัฒนา,เล็ก,นอกเมือง,สำนักงานคณะกรรมการการศึกษาขั้นพื้นฐาน,สพป.เชียงใหม่ เขต 6,10,40.00,48.99,32.50,19.53,0.00,0.00,38.75,17.18,50.00,30.73,40.00,37.42,35.00,39.05,36.67,17.95,25.00,25.00
2568,บ้านจันทร์ สาขาแจ่มน้อย,กัลยาณิวัฒนา,เล็ก,นอกเมือง,สำนักงานคณะกรรมการการศึกษาขั้นพื้นฐาน,สพป.เชียงใหม่ เขต 6,12,33.33,47.14,22.92,21.55,8.33,27.64,32.29,17.27,19.44,21.34,20.83,32.00,37.50,29.76,16.67,16.67,33.33,23.57
2568,บ้านแจ่มหลวง,กัลยาณิวัฒนา,เล็ก,นอกเมือง,สำนักงานคณะกรรมการการศึกษาขั้นพื้นฐาน,สพป.เชียงใหม่ เขต 6,8,50.00,50.00,21.88,19.52,12.50,33.07,50.00,27.24,45.83,28.57,37.50,33.07,6.25,16.54,54.17,28.57,31.25,34.80
2568,บ้านแม่แดดน้อย,กัลยาณิวัฒนา,เล็ก,นอกเมือง,สำนักงานคณะกรรมการการศึกษาขั้นพื้นฐาน,สพป.เชียงใหม่ เขต 6,8,25.00,43.30,15.63,12.10,0.00,0.00,31.25,26.52,45.83,16.14,37.50,33.07,31.25,42.85,54.17,23.20,0.00,0.00
2568,บ้านแม่แดดน้อย สาขาบ้านดงสามหมื่น,กัลยาณิวัฒนา,เล็ก,นอกเมือง,สำนักงานคณะกรรมการการศึกษาขั้นพื้นฐาน,สพป.เชียงใหม่ เขต 6,14,28.57,45.18,5.36,13.95,0.00,0.00,29.46,18.06,30.95,23.45,14.29,22.59,17.86,30.51,28.57,21.30,25.00,25.00
2568,บ้านแม่ตะละ,กัลยาณิวัฒนา,เล็ก,นอกเมือง,สำนักงานคณะกรรมการการศึกษาขั้นพื้นฐาน,สพป.เชียงใหม่ เขต 6,25,28.00,44.90,36.00,33.97,36.00,48.00,38.00,25.61,38.67,24.37,16.00,27.28,26.00,28.71,38.67,26.13,20.00,24.49
2568,บ้านแม่ตะละเหนือ,กัลยาณิวัฒนา,เล็ก,นอกเมือง,สำนักงานคณะกรรมการการศึกษาขั้นพื้นฐาน,สพป.เชียงใหม่ เขต 6,6,50.00,50.00,25.00,20.41,0.00,0.00,25.00,20.41,22.22,24.85,25.00,25.00,41.67,34.36,44.44,15.71,16.67,23.57
2568,บ้านห้วยยา,กัลยาณิวัฒนา,เล็ก,นอกเมือง,สำนักงานคณะกรรมการการศึกษาขั้นพื้นฐาน,สพป.เชียงใหม่ เขต 6,15,40.00,48.99,16.67,19.72,13.33,33.99,30.00,19.26,40.00,27.76,16.67,23.57,33.33,34.96,24.44,19.12,16.67,29.81
2568,บ้านหัวยปู,กัลยาณิวัฒนา,เล็ก,นอกเมือง,สำนักงานคณะกรรมการการศึกษาขั้นพื้นฐาน,สพป.เชียงใหม่ เขต 6,14,21.43,41.03,42.86,29.01,28.57,45.18,45.54,26.56,54.76,27.04,28.57,31.13,53.57,35.17,47.62,30.12,21.43,24.74
2568,สหมิตรวิทยา,กัลยาณิวัฒนา,กลาง,นอกเมือง,สำนักงานคณะกรรมการส่งเสริมการศึกษาเอกชน,-,21,28.57,45.18,19.05,20.27,4.76,21.30,26.79,21.23,36.51,25.00,35.71,27.36,19.05,28.77,30.16,32.37,11.90,21.30
2568,สามัคคีสันม่วง,กัลยาณิวัฒนา,เล็ก,นอกเมือง,สำนักงานคณะกรรมการการศึกษาขั้นพื้นฐาน,สพป.เชียงใหม่ เขต 6,19,10.53,30.69,21.05,24.69,5.26,22.33,33.55,21.09,31.58,29.57,28.95,24.69,18.42,24.12,21.05,19.38,26.32,24.97
2568,ณัทชวิทย์,จอมทอง,เล็ก,นอกเมือง,สำนักงานคณะกรรมการส่งเสริมการศึกษาเอกชน,-,13,53.85,49.85,38.46,25.22,15.38,36.08,48.08,21.84,35.90,15.81,23.08,24.93,65.38,36.08,53.85,20.83,3.85,13.32
2568,เทศบาลจอมทอง ๑ (ชุมชนบ้านข่วงเปาเหนือ),จอมทอง,กลาง,นอกเมือง,กรมส่งเสริมการปกครองท้องถิ่น,ท้องถิ่นจังหวัดเชียงใหม่,26,65.38,47.57,33.65,28.54,3.85,19.23,44.23,20.58,30.77,22.50,21.15,31.54,23.08,31.72,35.90,27.62,25.00,28.59
2568,ไทยรัฐวิทยา 79 (บ้านหนองอาบช้าง),จอมทอง,เล็ก,นอกเมือง,สำนักงานคณะกรรมการการศึกษาขั้นพื้นฐาน,สพป.เชียงใหม่ เขต 6,8,25.00,43.30,31.25,20.73,12.50,33.07,42.19,30.58,41.67,32.27,6.25,16.54,37.50,33.07,33.33,28.87,31.25,24.21
2568,นิยมไพรผาหมอนอินทนนท์,จอมทอง,เล็ก,นอกเมือง,สำนักงานคณะกรรมการการศึกษาขั้นพื้นฐาน,สพป.เชียงใหม่ เขต 6,10,30.00,45.83,15.00,30.00,0.00,0.00,31.25,17.90,36.67,27.69,30.00,33.17,25.00,25.00,33.33,21.08,15.00,22.91
2568,บ้านข่วงเปาใต้,จอมทอง,เล็ก,นอกเมือง,สำนักงานคณะกรรมการการศึกษาขั้นพื้นฐาน,สพป.เชียงใหม่ เขต 6,7,14.29,34.99,35.71,26.24,28.57,45.18,41.07,21.87,28.57,21.30,14.29,22.59,28.57,36.42,57.14,23.33,7.14,17.50
2568,บ้านขุนกลาง,จอมทอง,กลาง,นอกเมือง,สำนักงานคณะกรรมการการศึกษาขั้นพื้นฐาน,สพป.เชียงใหม่ เขต 6,72,50.00,50.00,20.83,22.82,13.89,34.58,32.64,23.34,37.96,27.95,26.39,31.15,27.78,31.06,37.50,27.18,15.97,26.12
2568,บ้านขุนกลาง สาขาแม่ยะน้อย,จอมทอง,เล็ก,นอกเมือง,สำนักงานคณะกรรมการการศึกษาขั้นพื้นฐาน,สพป.เชียงใหม่ เขต 6,11,9.09,28.75,20.45,31.66,0.00,0.00,20.45,25.71,39.39,23.86,36.36,22.27,22.73,32.78,30.30,26.42,22.73,24.90
2568,บ้านขุนแตะ,จอมทอง,เล็ก,นอกเมือง,สำนักงานคณะกรรมการการศึกษาขั้นพื้นฐาน,สพป.เชียงใหม่ เขต 6,14,35.71,47.92,12.50,18.30,7.14,25.75,50.89,21.37,42.86,31.94,35.71,34.99,50.00,37.80,50.00,24.40,10.71,20.52
2568,บ้านขุนแปะ,จอมทอง,เล็ก,นอกเมือง,สำนักงานคณะกรรมการการศึกษาขั้นพื้นฐาน,สพป.เชียงใหม่ เขต 6,19,26.32,44.03,25.00,24.33,15.79,36.46,27.63,17.00,40.35,25.54,42.11,24.40,23.68,24.97,22.81,21.77,13.16,27.35
2568,บ้านขุนแปะ สาขาแม่จร,จอมทอง,เล็ก,นอกเมือง,สำนักงานคณะกรรมการการศึกษาขั้นพื้นฐาน,สพป.เชียงใหม่ เขต 6,7,0.00,0.00,14.29,18.21,14.29,34.99,28.57,14.51,47.62,24.28,28.57,36.42,35.71,22.59,42.86,38.69,35.71,34.99
2568,บ้านขุนยะ,จอมทอง,เล็ก,นอกเมือง,สำนักงานคณะกรรมการการศึกษาขั้นพื้นฐาน,สพป.เชียงใหม่ เขต 6,6,16.67,37.27,20.83,17.18,50.00,50.00,29.17,21.25,27.78,29.92,8.33,18.63,66.67,23.57,33.33,33.33,25.00,25.00
2568,บ้านท่าข้าม,จอมทอง,เล็ก,นอกเมือง,สำนักงานคณะกรรมการการศึกษาขั้นพื้นฐาน,สพป.เชียงใหม่ เขต 6,16,25.00,43.30,29.69,25.34,12.50,33.07,43.75,21.19,47.92,28.79,25.00,30.62,59.38,31.72,37.50,11.02,15.63,23.18
2568,บ้านท่าหลุก,จอมทอง,เล็ก,นอกเมือง,สำนักงานคณะกรรมการการศึกษาขั้นพื้นฐาน,สพป.เชียงใหม่ เขต 6,4,100.00,0.00,31.25,10.83,25.00,43.30,34.38,16.24,50.00,16.67,50.00,35.36,75.00,25.00,66.67,0.00,37.50,21.65
2568,บ้านน้ำตกแม่กลาง,จอมทอง,เล็ก,นอกเมือง,สำนักงานคณะกรรมการการศึกษาขั้นพื้นฐาน,สพป.เชียงใหม่ เขต 6,12,25.00,43.30,22.92,27.87,8.33,27.64,50.00,27.48,38.89,26.64,33.33,23.57,41.67,27.64,38.89,29.92,29.17,32.00
2568,บ้านบนนา,จอมทอง,เล็ก,นอกเมือง,สำนักงานคณะกรรมการการศึกษาขั้นพื้นฐาน,สพป.เชียงใหม่ เขต 6,17,70.59,45.56,44.12,21.91,29.41,45.56,38.97,26.73,35.29,26.74,41.18,25.64,32.35,34.05,31.37,26.74,23.53,24.96
2568,บ้านปากทางท่าลี่,จอมทอง,เล็ก,นอกเมือง,สำนักงานคณะกรรมการการศึกษาขั้นพื้นฐาน,สพป.เชียงใหม่ เขต 6,2,100.00,0.00,37.50,12.50,0.00,0.00,75.00,0.00,83.33,16.67,25.00,25.00,50.00,50.00,33.33,0.00,0.00,0.00
2568,บ้านแปะ,จอมทอง,เล็ก,นอกเมือง,สำนักงานคณะกรรมการการศึกษาขั้นพื้นฐาน,สพป.เชียงใหม่ เขต 6,11,45.45,49.79,31.82,24.05,0.00,0.00,31.82,25.76,48.48,26.07,13.64,22.27,40.91,35.79,36.36,30.00,31.82,24.05
2568,บ้านเมืองกลาง,จอมทอง,เล็ก,นอกเมือง,สำนักงานคณะกรรมการการศึกษาขั้นพื้นฐาน,สพป.เชียงใหม่ เขต 6,7,28.57,45.18,21.43,15.97,14.29,34.99,37.50,14.94,52.38,30.12,21.43,24.74,50.00,37.80,28.57,21.30,35.71,22.59
2568,บ้านเมืองอาง,จอมทอง,เล็ก,นอกเมือง,สำนักงานคณะกรรมการการศึกษาขั้นพื้นฐาน,สพป.เชียงใหม่ เขต 6,4,25.00,43.30,6.25,10.83,0.00,0.00,31.25,18.75,25.00,14.43,12.50,21.65,0.00,0.00,16.67,28.87,12.50,21.65
2568,บ้านแม่ปอน,จอมทอง,เล็ก,นอกเมือง,สำนักงานคณะกรรมการการศึกษาขั้นพื้นฐาน,สพป.เชียงใหม่ เขต 6,31,9.68,29.57,21.77,23.54,16.13,36.78,34.68,27.07,45.16,26.16,30.65,35.19,38.71,39.57,34.41,28.69,16.13,23.37
2568,บ้านแม่สอย,จอมทอง,เล็ก,นอกเมือง,สำนักงานคณะกรรมการการศึกษาขั้นพื้นฐาน,สพป.เชียงใหม่ เขต 6,11,45.45,49.79,45.45,25.71,18.18,38.57,32.95,23.40,48.48,26.07,31.82,24.05,50.00,30.15,33.33,28.43,4.55,14.37
2568,บ้านโรงวัว,จอมทอง,เล็ก,นอกเมือง,สำนักงานคณะกรรมการการศึกษาขั้นพื้นฐาน,สพป.เชียงใหม่ เขต 6,7,42.86,49.49,42.86,11.29,14.29,34.99,69.64,37.71,66.67,17.82,42.86,31.94,71.43,45.18,57.14,42.59,42.86,17.50
2568,บ้านสบแจ่มฝั่งซ้าย,จอมทอง,เล็ก,นอกเมือง,สำนักงานคณะกรรมการการศึกษาขั้นพื้นฐาน,สพป.เชียงใหม่ เขต 6,12,41.67,49.30,29.17,22.44,0.00,0.00,43.75,25.26,38.89,22.91,37.50,36.08,41.67,27.64,36.11,16.43,29.17,32.00
2568,บ้านสบเตี๊ยะ,จอมทอง,กลาง,นอกเมือง,สำนักงานคณะกรรมการการศึกษาขั้นพื้นฐาน,สพป.เชียงใหม่ เขต 6,9,33.33,47.14,25.00,23.57,0.00,0.00,48.61,30.87,22.22,22.22,33.33,23.57,33.33,33.33,25.93,20.95,16.67,23.57
2568,บ้านสบแปะ,จอมทอง,เล็ก,นอกเมือง,สำนักงานคณะกรรมการการศึกษาขั้นพื้นฐาน,สพป.เชียงใหม่ เขต 6,6,50.00,50.00,45.83,22.44,33.33,47.14,39.58,23.29,44.44,15.71,25.00,25.00,33.33,37.27,61.11,22.91,8.33,18.63
2568,บ้านหนองคัน,จอมทอง,เล็ก,นอกเมือง,สำนักงานคณะกรรมการการศึกษาขั้นพื้นฐาน,สพป.เชียงใหม่ เขต 6,5,20.00,40.00,40.00,33.91,20.00,40.00,22.50,14.58,33.33,21.08,30.00,40.00,10.00,20.00,33.33,0.00,20.00,24.49
2568,บ้านห้วยทราย,จอมทอง,เล็ก,นอกเมือง,สำนักงานคณะกรรมการการศึกษาขั้นพื้นฐาน,สพป.เชียงใหม่ เขต 6,12,8.33,27.64,14.58,18.98,0.00,0.00,38.54,21.92,44.44,28.33,29.17,32.00,29.17,32.00,50.00,21.52,12.50,21.65
2568,บ้านห้วยน้ำดิบ,จอมทอง,เล็ก,นอกเมือง,สำนักงานคณะกรรมการการศึกษาขั้นพื้นฐาน,สพป.เชียงใหม่ เขต 6,4,25.00,43.30,43.75,10.83,0.00,0.00,9.38,10.36,41.67,27.64,25.00,25.00,37.50,21.65,50.00,16.67,25.00,25.00
2568,บ้านห้วยม่วง,จอมทอง,เล็ก,นอกเมือง,สำนักงานคณะกรรมการการศึกษาขั้นพื้นฐาน,สพป.เชียงใหม่ เขต 6,5,20.00,40.00,35.00,20.00,20.00,40.00,30.00,25.74,40.00,13.33,20.00,24.49,60.00,20.00,53.33,26.67,10.00,20.00
2568,บ้านห้วยม่วงฝั่งซ้าย,จอมทอง,เล็ก,นอกเมือง,สำนักงานคณะกรรมการการศึกษาขั้นพื้นฐาน,สพป.เชียงใหม่ เขต 6,12,83.33,37.27,10.42,16.00,0.00,0.00,21.88,15.42,52.78,31.79,20.83,24.65,25.00,32.27,22.22,20.79,25.00,25.00
2568,บ้านห้วยส้มป่อย,จอมทอง,เล็ก,นอกเมือง,สำนักงานคณะกรรมการการศึกษาขั้นพื้นฐาน,สพป.เชียงใหม่ เขต 6,10,30.00,45.83,25.00,19.36,10.00,30.00,25.00,25.00,46.67,33.99,40.00,30.00,30.00,33.17,26.67,13.33,20.00,24.49
2568,บ้านห้วยสะแพด,จอมทอง,เล็ก,นอกเมือง,สำนักงานคณะกรรมการการศึกษาขั้นพื้นฐาน,สพป.เชียงใหม่ เขต 6,9,55.56,49.69,19.44,22.91,0.00,0.00,41.67,27.00,44.44,35.14,33.33,47.14,22.22,24.85,48.15,16.56,33.33,33.33
2568,บ้านหาดนาค,จอมทอง,เล็ก,นอกเมือง,สำนักงานคณะกรรมการการศึกษาขั้นพื้นฐาน,สพป.เชียงใหม่ เขต 6,4,25.00,43.30,25.00,17.68,0.00,0.00,31.25,10.83,33.33,23.57,12.50,21.65,37.50,41.46,58.33,27.64,12.50,21.65
2568,บ้านใหม่สารภี,จอมทอง,เล็ก,นอกเมือง,สำนักงานคณะกรรมการการศึกษาขั้นพื้นฐาน,สพป.เชียงใหม่ เขต 6,5,40.00,48.99,15.00,12.25,40.00,48.99,30.00,34.10,53.33,16.33,20.00,40.00,60.00,37.42,53.33,16.33,20.00,24.49
2568,ป่ากล้วยพัฒนา,จอมทอง,เล็ก,นอกเมือง,สำนักงานคณะกรรมการการศึกษาขั้นพื้นฐาน,สพป.เชียงใหม่ เขต 6,16,56.25,49.61,14.06,15.23,0.00,0.00,24.22,24.79,35.42,29.97,34.38,29.15,12.50,27.95,31.25,27.56,18.75,24.21
2568,วัดพระบาท,จอมทอง,เล็ก,นอกเมือง,สำนักงานคณะกรรมการการศึกษาขั้นพื้นฐาน,สพป.เชียงใหม่ เขต 6,1,0.00,0.00,0.00,0.00,100.00,0.00,50.00,0.00,66.67,0.00,50.00,0.00,50.00,0.00,33.33,0.00,50.00,0.00
2568,ศรีจอมทอง,จอมทอง,ใหญ่,นอกเมือง,สำนักงานคณะกรรมการการศึกษาขั้นพื้นฐาน,สพป.เชียงใหม่ เขต 6,232,59.48,49.09,37.93,25.10,16.38,37.01,53.13,28.56,48.28,27.63,39.22,30.30,50.00,35.36,45.11,27.77,24.14,27.84
2568,สุทธิวงศ์ดำรงวิทย์,จอมทอง,เล็ก,นอกเมือง,สำนักงานคณะกรรมการส่งเสริมการศึกษาเอกชน,-,7,71.43,45.18,21.43,20.82,0.00,0.00,39.29,12.37,52.38,16.50,42.86,41.65,21.43,36.42,19.05,16.50,28.57,24.74
2568,แกน้อยศึกษา,เชียงดาว,กลาง,นอกเมือง,สำนักงานคณะกรรมการการศึกษาขั้นพื้นฐาน,สพป.เชียงใหม่ เขต 3,10,10.00,30.00,27.50,20.77,0.00,0.00,50.00,31.62,36.67,23.33,25.00,25.00,30.00,24.49,30.00,27.69,30.00,24.49
2568,โครงการหลวงแกน้อย,เชียงดาว,กลาง,นอกเมือง,สำนักงานคณะกรรมการการศึกษาขั้นพื้นฐาน,สพป.เชียงใหม่ เขต 3,1,100.00,0.00,50.00,0.00,0.00,0.00,50.00,0.00,100.00,0.00,50.00,0.00,100.00,0.00,100.00,0.00,0.00,0.00
2568,เจ้าฟ้าอุบลรัตน์,เชียงดาว,เล็ก,นอกเมือง,สำนักงานคณะกรรมการส่งเสริมการศึกษาเอกชน,-,28,28.57,45.18,25.00,28.35,10.71,30.93,35.71,15.20,27.38,23.66,32.14,33.31,26.79,31.29,38.10,27.77,8.93,19.15
2568,ชุมชนบ้านเมืองงาย,เชียงดาว,กลาง,นอกเมือง,สำนักงานคณะกรรมการการศึกษาขั้นพื้นฐาน,สพป.เชียงใหม่ เขต 3,50,42.00,49.36,36.00,29.22,26.00,43.86,42.25,26.91,52.67,22.20,30.00,31.62,49.00,36.73,46.00,30.47,21.00,28.44
2568,ชุมชนบ้านวังจ๊อม,เชียงดาว,กลาง,นอกเมือง,สำนักงานคณะกรรมการการศึกษาขั้นพื้นฐาน,สพป.เชียงใหม่ เขต 3,15,40.00,48.99,26.67,29.53,0.00,0.00,43.33,28.82,42.22,28.46,23.33,30.91,36.67,33.99,37.78,26.85,26.67,24.94
2568,ดอยสามหมื่น,เชียงดาว,เล็ก,นอกเมือง,สำนักงานคณะกรรมการการศึกษาขั้นพื้นฐาน,สพป.เชียงใหม่ เขต 3,9,44.44,49.69,11.11,17.12,11.11,31.43,34.72,21.06,44.44,22.22,22.22,24.85,22.22,34.25,33.33,27.22,16.67,23.57
2568,ตชด.เฉลิมพระเกียรติฯ บ้านแกน้อย,เชียงดาว,เล็ก,นอกเมือง,กองบัญชาการตำรวจตระเวนชายแดน,-,15,20.00,40.00,31.67,26.56,13.33,33.99,35.83,21.83,46.67,23.73,20.00,30.55,33.33,29.81,28.89,26.85,16.67,23.57
2568,บ้านเชียงดาว,เชียงดาว,กลาง,นอกเมือง,สำนักงานคณะกรรมการการศึกษาขั้นพื้นฐาน,สพป.เชียงใหม่ เขต 3,96,52.08,49.96,36.98,31.04,25.00,43.30,42.19,25.85,44.44,25.76,34.90,32.37,41.67,35.11,43.75,26.49,16.67,26.68
2568,บ้านดอน,เชียงดาว,เล็ก,นอกเมือง,สำนักงานคณะกรรมการการศึกษาขั้นพื้นฐาน,สพป.เชียงใหม่ เขต 3,11,18.18,38.57,22.73,19.81,0.00,0.00,37.50,21.32,30.30,17.14,13.64,22.27,13.64,22.27,45.45,21.43,27.27,32.78
2568,บ้านถ้ำ,เชียงดาว,เล็ก,นอกเมือง,สำนักงานคณะกรรมการการศึกษาขั้นพื้นฐาน,สพป.เชียงใหม่ เขต 3,7,42.86,49.49,17.86,11.29,0.00,0.00,16.07,11.01,47.62,24.28,7.14,17.50,42.86,31.94,23.81,23.33,14.29,22.59
2568,บ้านทุ่งข้าวพวง,เชียงดาว,กลาง,นอกเมือง,สำนักงานคณะกรรมการการศึกษาขั้นพื้นฐาน,สพป.เชียงใหม่ เขต 3,27,44.44,49.69,25.00,31.18,11.11,31.43,45.83,23.32,46.91,31.76,31.48,33.74,44.44,36.85,30.86,27.10,12.96,21.91
2568,บ้านทุ่งละคร,เชียงดาว,เล็ก,นอกเมือง,สำนักงานคณะกรรมการการศึกษาขั้นพื้นฐาน,สพป.เชียงใหม่ เขต 3,4,50.00,50.00,50.00,30.62,25.00,43.30,62.50,21.65,58.33,14.43,25.00,25.00,75.00,25.00,58.33,14.43,25.00,25.00
2568,บ้านทุ่งหลุก,เชียงดาว,เล็ก,นอกเมือง,สำนักงานคณะกรรมการการศึกษาขั้นพื้นฐาน,สพป.เชียงใหม่ เขต 3,16,62.50,48.41,50.00,39.53,12.50,33.07,44.53,19.75,54.17,28.57,25.00,25.00,56.25,39.03,35.42,18.52,18.75,29.97
2568,บ้านนาหวาย,เชียงดาว,กลาง,นอกเมือง,สำนักงานคณะกรรมการการศึกษาขั้นพื้นฐาน,สพป.เชียงใหม่ เขต 3,25,28.00,44.90,24.00,20.59,24.00,42.71,29.50,22.33,38.67,27.78,32.00,34.29,28.00,28.57,42.67,25.85,26.00,32.00
2568,บ้านปางแดง,เชียงดาว,เล็ก,นอกเมือง,สำนักงานคณะกรรมการการศึกษาขั้นพื้นฐาน,สพป.เชียงใหม่ เขต 3,11,0.00,0.00,22.73,19.81,9.09,28.75,27.27,21.86,39.39,34.28,9.09,19.28,36.36,37.48,33.33,24.62,31.82,24.05
2568,บ้านปางเฟือง,เชียงดาว,เล็ก,นอกเมือง,สำนักงานคณะกรรมการการศึกษาขั้นพื้นฐาน,สพป.เชียงใหม่ เขต 3,21,23.81,42.59,17.86,15.70,0.00,0.00,33.33,16.96,44.44,21.41,30.95,36.11,21.43,29.16,20.63,28.13,23.81,24.97
2568,บ้านปางมะเยา,เชียงดาว,กลาง,นอกเมือง,สำนักงานคณะกรรมการการศึกษาขั้นพื้นฐาน,สพป.เชียงใหม่ เขต 3,23,13.04,33.68,26.09,22.70,13.04,33.68,25.54,15.41,47.83,23.73,26.09,29.00,39.13,41.59,39.13,30.54,10.87,20.62
2568,บ้านป่าบง,เชียงดาว,เล็ก,นอกเมือง,สำนักงานคณะกรรมการการศึกษาขั้นพื้นฐาน,สพป.เชียงใหม่ เขต 3,10,50.00,50.00,20.00,35.00,0.00,0.00,36.25,16.25,36.67,27.69,25.00,40.31,30.00,40.00,46.67,30.55,25.00,33.54
2568,บ้านเมืองคอง,เชียงดาว,เล็ก,นอกเมือง,สำนักงานคณะกรรมการการศึกษาขั้นพื้นฐาน,สพป.เชียงใหม่ เขต 3,5,60.00,48.99,15.00,12.25,0.00,0.00,25.00,13.69,20.00,16.33,10.00,20.00,10.00,20.00,33.33,21.08,10.00,20.00
2568,บ้านเมืองนะ,เชียงดาว,กลาง,นอกเมือง,สำนักงานคณะกรรมการการศึกษาขั้นพื้นฐาน,สพป.เชียงใหม่ เขต 3,62,62.90,48.31,21.77,24.38,11.29,31.65,38.71,23.41,47.31,27.14,25.00,28.04,39.52,32.55,38.71,26.90,18.55,25.77
2568,บ้านแม่กอนใน,เชียงดาว,เล็ก,นอกเมือง,สำนักงานคณะกรรมการการศึกษาขั้นพื้นฐาน,สพป.เชียงใหม่ เขต 3,18,22.22,41.57,25.00,25.00,16.67,37.27,29.17,20.41,44.44,24.85,33.33,28.87,38.89,39.28,42.59,18.61,16.67,23.57
2568,บ้านแม่นะ,เชียงดาว,กลาง,นอกเมือง,สำนักงานคณะกรรมการการศึกษาขั้นพื้นฐาน,สพป.เชียงใหม่ เขต 3,16,18.75,39.03,39.06,31.83,31.25,46.35,35.16,16.66,50.00,23.57,18.75,34.80,28.13,30.46,33.33,26.35,28.13,24.80
2568,บ้านแม่ป๋าม,เชียงดาว,เล็ก,นอกเมือง,สำนักงานคณะกรรมการการศึกษาขั้นพื้นฐาน,สพป.เชียงใหม่ เขต 3,9,55.56,49.69,27.78,21.87,0.00,0.00,45.83,28.26,62.96,18.89,22.22,24.85,33.33,40.82,44.44,35.14,16.67,23.57
2568,บ้านแม่แมะ,เชียงดาว,เล็ก,นอกเมือง,สำนักงานคณะกรรมการการศึกษาขั้นพื้นฐาน,สพป.เชียงใหม่ เขต 3,10,30.00,45.83,27.50,17.50,30.00,45.83,18.75,17.00,36.67,17.95,15.00,22.91,30.00,33.17,33.33,25.82,20.00,24.49
2568,บ้านแม่อ้อใน,เชียงดาว,เล็ก,นอกเมือง,สำนักงานคณะกรรมการการศึกษาขั้นพื้นฐาน,สพป.เชียงใหม่ เขต 3,10,60.00,48.99,25.00,22.36,50.00,50.00,63.75,18.07,63.33,23.33,65.00,32.02,40.00,37.42,53.33,37.12,10.00,20.00
2568,บ้านรินหลวง,เชียงดาว,เล็ก,นอกเมือง,สำนักงานคณะกรรมการการศึกษาขั้นพื้นฐาน,สพป.เชียงใหม่ เขต 3,24,16.67,37.27,16.67,19.98,12.50,33.07,41.15,20.56,33.33,19.25,20.83,28.57,20.83,32.00,33.33,30.43,27.08,24.91
2568,บ้านวังมะริว,เชียงดาว,เล็ก,นอกเมือง,สำนักงานคณะกรรมการการศึกษาขั้นพื้นฐาน,สพป.เชียงใหม่ เขต 3,7,42.86,49.49,67.86,22.02,14.29,34.99,41.07,19.72,57.14,34.34,28.57,36.42,42.86,31.94,33.33,30.86,14.29,22.59
2568,บ้านสบคาบ,เชียงดาว,เล็ก,นอกเมือง,สำนักงานคณะกรรมการการศึกษาขั้นพื้นฐาน,สพป.เชียงใหม่ เขต 3,4,50.00,50.00,12.50,21.65,0.00,0.00,37.50,21.65,41.67,14.43,50.00,0.00,12.50,21.65,58.33,27.64,0.00,0.00
2568,บ้านสันป่าเกี๊ยะ,เชียงดาว,เล็ก,นอกเมือง,สำนักงานคณะกรรมการการศึกษาขั้นพื้นฐาน,สพป.เชียงใหม่ เขต 3,20,40.00,48.99,33.75,36.46,20.00,40.00,40.00,17.94,35.00,24.66,35.00,35.71,25.00,29.58,30.00,27.69,32.50,36.31
2568,บ้านหนองเขียว,เชียงดาว,กลาง,นอกเมือง,สำนักงานคณะกรรมการการศึกษาขั้นพื้นฐาน,สพป.เชียงใหม่ เขต 3,57,42.11,49.37,25.88,25.63,24.56,43.05,37.50,23.41,29.82,25.50,29.82,32.25,25.44,31.24,28.65,21.12,21.93,28.12
2568,บ้านหนองแขม,เชียงดาว,เล็ก,นอกเมือง,กองบัญชาการตำรวจตระเวนชายแดน,-,10,60.00,48.99,50.00,29.58,10.00,30.00,53.75,23.75,46.67,22.11,40.00,37.42,45.00,41.53,23.33,21.34,30.00,33.17
2568,บ้านหนองบัว,เชียงดาว,เล็ก,นอกเมือง,สำนักงานคณะกรรมการการศึกษาขั้นพื้นฐาน,สพป.เชียงใหม่ เขต 3,8,37.50,48.41,9.38,12.10,12.50,33.07,45.31,22.48,58.33,22.05,18.75,24.21,25.00,25.00,25.00,22.05,12.50,21.65
2568,บ้านห้วยจะค่าน ตชด.อนุสรณ์,เชียงดาว,กลาง,นอกเมือง,สำนักงานคณะกรรมการการศึกษาขั้นพื้นฐาน,สพป.เชียงใหม่ เขต 3,10,20.00,40.00,32.50,22.50,10.00,30.00,26.25,21.25,26.67,29.06,35.00,32.02,25.00,33.54,26.67,24.94,25.00,25.00
2568,บ้านห้วยทรายขาว,เชียงดาว,เล็ก,นอกเมือง,สำนักงานคณะกรรมการการศึกษาขั้นพื้นฐาน,สพป.เชียงใหม่ เขต 3,4,75.00,43.30,37.50,12.50,25.00,43.30,28.13,18.49,16.67,28.87,25.00,25.00,87.50,21.65,25.00,27.64,0.00,0.00
2568,บ้านห้วยเป้า,เชียงดาว,เล็ก,นอกเมือง,กรมส่งเสริมการปกครองท้องถิ่น,ท้องถิ่นจังหวัดเชียงใหม่,15,26.67,44.22,30.00,26.14,6.67,24.94,39.17,21.83,53.33,26.67,33.33,34.96,76.67,30.91,48.89,31.89,13.33,22.11
2568,บ้านใหม่,เชียงดาว,เล็ก,นอกเมือง,สำนักงานคณะกรรมการการศึกษาขั้นพื้นฐาน,สพป.เชียงใหม่ เขต 3,9,11.11,31.43,16.67,20.41,22.22,41.57,33.33,21.25,48.15,35.52,22.22,24.85,38.89,39.28,22.22,22.22,11.11,20.79
2568,บ้านอรุโณทัย,เชียงดาว,ใหญ่พิเศษ,นอกเมือง,สำนักงานคณะกรรมการการศึกษาขั้นพื้นฐาน,สพป.เชียงใหม่ เขต 3,65,30.77,46.15,28.85,28.50,13.85,34.54,30.58,23.41,34.36,24.79,29.23,30.25,27.69,34.00,35.90,25.69,20.00,26.02
2568,บ้านออน,เชียงดาว,เล็ก,นอกเมือง,สำนักงานคณะกรรมการการศึกษาขั้นพื้นฐาน,สพป.เชียงใหม่ เขต 3,4,25.00,43.30,43.75,20.73,0.00,0.00,9.38,16.24,58.33,14.43,50.00,50.00,75.00,25.00,41.67,36.32,50.00,35.36
2568,เบญจม 2 บ้านน้ำรู,เชียงดาว,เล็ก,นอกเมือง,สำนักงานคณะกรรมการการศึกษาขั้นพื้นฐาน,สพป.เชียงใหม่ เขต 3,24,25.00,43.30,17.71,18.37,12.50,33.07,30.21,22.80,31.94,24.49,18.75,24.21,39.58,35.29,26.39,27.18,20.83,28.57
2568,พัฒนาต้นน้ำขุนคอง,เชียงดาว,เล็ก,นอกเมือง,สำนักงานคณะกรรมการการศึกษาขั้นพื้นฐาน,สพป.เชียงใหม่ เขต 3,15,20.00,40.00,28.33,15.46,20.00,40.00,35.00,25.90,37.78,23.93,23.33,30.91,30.00,24.49,22.22,15.71,16.67,23.57
2568,มิตรมวลชนเชียงใหม่,เชียงดาว,กลาง,นอกเมือง,สำนักงานคณะกรรมการการศึกษาขั้นพื้นฐาน,สพป.เชียงใหม่ เขต 3,44,22.73,41.91,17.05,19.05,4.55,20.83,37.50,22.14,39.39,27.77,18.18,26.31,23.86,32.84,25.76,23.42,21.59,24.77
2568,ราชประชานุเคราะห์ 61 จังหวัดเชียงใหม่,เชียงดาว,กลาง,นอกเมือง,สำนักบริหารงานการศึกษาพิเศษ,-,38,28.95,45.35,15.79,21.78,13.16,33.80,25.66,17.67,31.58,26.43,34.21,36.46,17.11,26.35,24.56,22.54,23.68,29.77
2568,วัดจอมคีรี,เชียงดาว,เล็ก,นอกเมือง,สำนักงานคณะกรรมการการศึกษาขั้นพื้นฐาน,สพป.เชียงใหม่ เขต 3,6,16.67,37.27,25.00,14.43,16.67,37.27,14.58,20.94,50.00,16.67,33.33,23.57,8.33,18.63,27.78,22.91,8.33,18.63
2568,วัดปางมะโอ,เชียงดาว,เล็ก,นอกเมือง,สำนักงานคณะกรรมการการศึกษาขั้นพื้นฐาน,สพป.เชียงใหม่ เขต 3,1,100.00,0.00,25.00,0.00,0.00,0.00,50.00,0.00,0.00,0.00,0.00,0.00,100.00,0.00,33.33,0.00,0.00,0.00
2568,ศีลรวี,เชียงดาว,กลาง,นอกเมือง,สำนักงานคณะกรรมการส่งเสริมการศึกษาเอกชน,-,63,33.33,47.14,27.78,21.87,3.17,17.53,39.29,23.87,38.10,25.10,23.02,33.12,27.78,30.57,42.33,26.03,19.84,26.03
2568,ฉัตรพฤกษ์วิทยา,ไชยปราการ,เล็ก,นอกเมือง,สำนักงานคณะกรรมการส่งเสริมการศึกษาเอกชน,-,20,60.00,48.99,25.00,22.36,0.00,0.00,45.00,24.81,45.00,24.21,37.50,26.81,27.50,29.47,33.33,23.57,20.00,24.49
2568,ชุมชนวัดศรีดงเย็น,ไชยปราการ,กลาง,นอกเมือง,สำนักงานคณะกรรมการการศึกษาขั้นพื้นฐาน,สพป.เชียงใหม่ เขต 3,27,44.44,49.69,30.56,21.87,7.41,26.19,32.41,24.59,49.38,22.90,27.78,28.33,37.04,32.18,33.33,30.09,16.67,23.57
2568,เทศบาล 1 ไชยปราการ,ไชยปราการ,กลาง,นอกเมือง,กรมส่งเสริมการปกครองท้องถิ่น,ท้องถิ่นจังหวัดเชียงใหม่,41,34.15,47.42,37.20,29.28,9.76,29.67,40.55,22.90,43.09,26.79,25.61,33.35,28.05,31.33,38.21,28.09,15.85,30.12
2568,บ้านต้นโชค,ไชยปราการ,เล็ก,นอกเมือง,สำนักงานคณะกรรมการการศึกษาขั้นพื้นฐาน,สพป.เชียงใหม่ เขต 3,29,24.14,42.79,14.66,19.16,24.14,42.79,31.03,20.40,33.33,26.26,25.86,31.13,20.69,27.91,28.74,27.30,17.24,27.15
2568,บ้านถ้ำตับเตา,ไชยปราการ,เล็ก,นอกเมือง,สำนักงานคณะกรรมการการศึกษาขั้นพื้นฐาน,สพป.เชียงใหม่ เขต 3,6,0.00,0.00,20.83,9.32,16.67,37.27,33.33,31.18,50.00,37.27,41.67,44.88,16.67,23.57,50.00,31.91,25.00,25.00
2568,บ้านปง,ไชยปราการ,เล็ก,นอกเมือง,สำนักงานคณะกรรมการการศึกษาขั้นพื้นฐาน,สพป.เชียงใหม่ เขต 3,17,52.94,49.91,38.24,28.59,17.65,38.12,41.91,20.98,43.14,27.45,52.94,31.95,50.00,38.35,33.33,30.25,14.71,28.52
2568,บ้านปงตำ,ไชยปราการ,เล็ก,นอกเมือง,สำนักงานคณะกรรมการการศึกษาขั้นพื้นฐาน,สพป.เชียงใหม่ เขต 3,10,30.00,45.83,37.50,34.00,0.00,0.00,41.25,22.40,36.67,17.95,25.00,25.00,30.00,33.17,26.67,24.94,20.00,24.49
2568,บ้านป่างิ้ว,ไชยปราการ,เล็ก,นอกเมือง,สำนักงานคณะกรรมการการศึกษาขั้นพื้นฐาน,สพป.เชียงใหม่ เขต 3,11,9.09,28.75,31.82,30.32,9.09,28.75,37.50,26.65,39.39,23.86,40.91,28.75,40.91,35.79,45.45,35.60,22.73,24.90
2568,บ้านผาแดง,ไชยปราการ,เล็ก,นอกเมือง,สำนักงานคณะกรรมการการศึกษาขั้นพื้นฐาน,สพป.เชียงใหม่ เขต 3,8,50.00,50.00,18.75,16.54,0.00,0.00,28.13,14.99,37.50,19.98,18.75,24.21,12.50,21.65,45.83,28.57,18.75,24.21
2568,บ้านแม่ขิ,ไชยปราการ,เล็ก,นอกเมือง,สำนักงานคณะกรรมการการศึกษาขั้นพื้นฐาน,สพป.เชียงใหม่ เขต 3,9,55.56,49.69,38.89,23.90,11.11,31.43,40.28,14.16,59.26,26.19,38.89,20.79,33.33,40.82,59.26,26.19,11.11,20.79
2568,บ้านแม่ทะลบ,ไชยปราการ,เล็ก,นอกเมือง,สำนักงานคณะกรรมการการศึกษาขั้นพื้นฐาน,สพป.เชียงใหม่ เขต 3,21,14.29,34.99,23.81,22.46,4.76,21.30,33.93,20.46,36.51,22.78,23.81,29.35,38.10,34.17,25.40,20.33,23.81,24.97
2568,บ้านเวียงผาพัฒนา,ไชยปราการ,เล็ก,นอกเมือง,สำนักงานคณะกรรมการการศึกษาขั้นพื้นฐาน,สพป.เชียงใหม่ เขต 3,2,0.00,0.00,0.00,0.00,0.00,0.00,25.00,25.00,50.00,16.67,25.00,25.00,0.00,0.00,33.33,33.33,25.00,25.00
2568,บ้านสินชัย,ไชยปราการ,กลาง,นอกเมือง,สำนักงานคณะกรรมการการศึกษาขั้นพื้นฐาน,สพป.เชียงใหม่ เขต 3,9,88.89,31.43,22.22,21.87,0.00,0.00,44.44,25.76,33.33,22.22,33.33,33.33,11.11,20.79,44.44,22.22,11.11,20.79
2568,บ้านห้วยต้นตอง,ไชยปราการ,เล็ก,นอกเมือง,สำนักงานคณะกรรมการการศึกษาขั้นพื้นฐาน,สพป.เชียงใหม่ เขต 3,4,25.00,43.30,37.50,27.95,0.00,0.00,15.63,20.49,33.33,23.57,25.00,25.00,50.00,35.36,25.00,43.30,50.00,0.00
2568,บ้านห้วยบง,ไชยปราการ,เล็ก,นอกเมือง,สำนักงานคณะกรรมการการศึกษาขั้นพื้นฐาน,สพป.เชียงใหม่ เขต 3,4,25.00,43.30,18.75,20.73,25.00,43.30,37.50,12.50,33.33,23.57,12.50,21.65,50.00,35.36,58.33,27.64,0.00,0.00
2568,บ้านห้วยไผ่,ไชยปราการ,เล็ก,นอกเมือง,สำนักงานคณะกรรมการการศึกษาขั้นพื้นฐาน,สพป.เชียงใหม่ เขต 3,19,57.89,49.37,31.58,31.25,21.05,40.77,23.68,21.42,47.37,19.69,34.21,32.66,26.32,37.59,35.09,20.16,21.05,24.69
2568,บ้านหัวฝาย,ไชยปราการ,เล็ก,นอกเมือง,สำนักงานคณะกรรมการการศึกษาขั้นพื้นฐาน,สพป.เชียงใหม่ เขต 3,8,37.50,48.41,21.88,14.99,0.00,0.00,31.25,16.54,45.83,16.14,31.25,42.85,25.00,25.00,41.67,27.64,31.25,42.85
2568,บ้านใหม่หนองบัว,ไชยปราการ,กลาง,นอกเมือง,สำนักงานคณะกรรมการการศึกษาขั้นพื้นฐาน,สพป.เชียงใหม่ เขต 3,111,20.72,40.53,20.50,25.38,20.72,40.53,26.13,20.24,28.53,25.25,24.32,28.37,21.62,27.36,26.13,23.85,18.92,24.25
2568,บ้านอ่าย,ไชยปราการ,เล็ก,นอกเมือง,สำนักงานคณะกรรมการการศึกษาขั้นพื้นฐาน,สพป.เชียงใหม่ เขต 3,16,25.00,43.30,18.75,18.75,0.00,0.00,35.16,19.87,37.50,26.02,25.00,25.00,12.50,21.65,25.00,22.05,18.75,24.21
2568,วัดบ้านท่า,ไชยปราการ,เล็ก,นอกเมือง,สำนักงานคณะกรรมการการศึกษาขั้นพื้นฐาน,สพป.เชียงใหม่ เขต 3,20,60.00,48.99,33.75,21.32,0.00,0.00,30.63,26.36,48.33,28.82,35.00,27.84,45.00,35.00,30.00,23.33,17.50,23.85
2568,วัดป่าแดง,ไชยปราการ,เล็ก,นอกเมือง,สำนักงานคณะกรรมการการศึกษาขั้นพื้นฐาน,สพป.เชียงใหม่ เขต 3,12,25.00,43.30,18.75,14.88,0.00,0.00,28.13,20.49,38.89,26.64,33.33,31.18,41.67,34.36,30.56,16.43,12.50,21.65
2568,วัดอรัญญวาสี,ไชยปราการ,เล็ก,นอกเมือง,สำนักงานคณะกรรมการการศึกษาขั้นพื้นฐาน,สพป.เชียงใหม่ เขต 3,7,28.57,45.18,46.43,24.74,14.29,34.99,37.50,22.16,38.10,21.30,14.29,22.59,14.29,22.59,33.33,17.82,35.71,22.59
2568,สันติวนา,ไชยปราการ,เล็ก,นอกเมือง,สำนักงานคณะกรรมการการศึกษาขั้นพื้นฐาน,สพป.เชียงใหม่ เขต 3,7,42.86,49.49,42.86,25.75,14.29,34.99,33.93,11.01,42.86,23.33,21.43,24.74,14.29,22.59,28.57,21.30,21.43,24.74
2568,เอื้อวิทยา,ไชยปราการ,กลาง,นอกเมือง,สำนักงานคณะกรรมการส่งเสริมการศึกษาเอกชน,-,33,39.39,48.86,25.00,23.03,15.15,35.86,35.23,22.29,44.44,29.21,30.30,32.43,39.39,34.28,48.48,29.69,25.76,30.45
2568,ชุมชนบ้านดอยเต่า,ดอยเต่า,เล็ก,นอกเมือง,สำนักงานคณะกรรมการการศึกษาขั้นพื้นฐาน,สพป.เชียงใหม่ เขต 5,9,66.67,47.14,22.22,18.43,11.11,31.43,52.78,18.43,51.85,22.83,50.00,23.57,27.78,24.85,25.93,26.19,11.11,20.79
2568,ชุมชนศูนย์อพยพแปลง 4,ดอยเต่า,เล็ก,นอกเมือง,สำนักงานคณะกรรมการการศึกษาขั้นพื้นฐาน,สพป.เชียงใหม่ เขต 5,14,35.71,47.92,16.07,26.06,0.00,0.00,46.43,21.87,47.62,32.65,32.14,35.89,21.43,24.74,30.95,23.45,21.43,24.74
2568,บ้านเกาะหลวง,ดอยเต่า,เล็ก,นอกเมือง,สำนักงานคณะกรรมการการศึกษาขั้นพื้นฐาน,สพป.เชียงใหม่ เขต 5,13,61.54,48.65,38.46,28.78,0.00,0.00,47.12,26.47,43.59,24.05,42.31,33.09,42.31,38.46,51.28,28.09,7.69,18.04
2568,บ้านงิ้วสูง,ดอยเต่า,เล็ก,นอกเมือง,สำนักงานคณะกรรมการการศึกษาขั้นพื้นฐาน,สพป.เชียงใหม่ เขต 5,7,71.43,45.18,42.86,17.50,14.29,34.99,51.79,21.58,47.62,24.28,21.43,24.74,64.29,44.03,52.38,24.28,50.00,26.73
2568,บ้านฉิมพลี,ดอยเต่า,เล็ก,นอกเมือง,สำนักงานคณะกรรมการการศึกษาขั้นพื้นฐาน,สพป.เชียงใหม่ เขต 5,10,50.00,50.00,27.50,23.58,0.00,0.00,37.50,15.81,36.67,23.33,10.00,20.00,20.00,24.49,53.33,22.11,5.00,15.00
2568,บ้านถิ่นสำราญ,ดอยเต่า,เล็ก,นอกเมือง,สำนักงานคณะกรรมการการศึกษาขั้นพื้นฐาน,สพป.เชียงใหม่ เขต 5,6,50.00,50.00,29.17,36.56,0.00,0.00,20.83,17.18,55.56,24.85,25.00,25.00,33.33,37.27,38.89,29.92,16.67,23.57
2568,บ้านโท้งวิทยา,ดอยเต่า,เล็ก,นอกเมือง,สำนักงานคณะกรรมการการศึกษาขั้นพื้นฐาน,สพป.เชียงใหม่ เขต 5,22,68.18,46.58,28.41,32.24,13.64,34.32,45.45,24.87,46.97,31.24,40.91,32.46,43.18,34.69,40.91,19.93,15.91,23.29
2568,บ้านน้อยห้วยรินวิทยา,ดอยเต่า,เล็ก,นอกเมือง,สำนักงานคณะกรรมการการศึกษาขั้นพื้นฐาน,สพป.เชียงใหม่ เขต 5,15,13.33,33.99,21.67,22.11,6.67,24.94,25.83,14.04,37.78,26.85,20.00,30.55,36.67,38.59,35.56,22.66,26.67,30.91
2568,บ้านบงตัน,ดอยเต่า,เล็ก,นอกเมือง,สำนักงานคณะกรรมการการศึกษาขั้นพื้นฐาน,สพป.เชียงใหม่ เขต 5,18,27.78,44.79,13.89,17.12,22.22,41.57,29.17,24.65,37.04,26.96,30.56,37.78,27.78,29.92,29.63,33.13,25.00,30.05
2568,บ้านโปง,ดอยเต่า,เล็ก,นอกเมือง,สำนักงานคณะกรรมการการศึกษาขั้นพื้นฐาน,สพป.เชียงใหม่ เขต 5,13,46.15,49.85,36.54,33.42,23.08,42.13,36.54,23.24,51.28,24.86,30.77,41.78,46.15,30.77,33.33,32.03,11.54,21.07
2568,บ้านโปงทุ่ง,ดอยเต่า,เล็ก,นอกเมือง,สำนักงานคณะกรรมการการศึกษาขั้นพื้นฐาน,สพป.เชียงใหม่ เขต 5,9,44.44,49.69,16.67,20.41,11.11,31.43,40.28,37.16,48.15,16.56,38.89,20.79,27.78,24.85,37.04,24.57,11.11,20.79
2568,บ้านผาจุก,ดอยเต่า,เล็ก,นอกเมือง,สำนักงานคณะกรรมการการศึกษาขั้นพื้นฐาน,สพป.เชียงใหม่ เขต 5,6,50.00,50.00,41.67,18.63,16.67,37.27,54.17,32.81,50.00,16.67,25.00,25.00,58.33,34.36,50.00,25.46,16.67,23.57
2568,บ้านแม่ตูบ,ดอยเต่า,เล็ก,นอกเมือง,สำนักงานคณะกรรมการการศึกษาขั้นพื้นฐาน,สพป.เชียงใหม่ เขต 5,14,28.57,45.18,30.36,19.32,14.29,34.99,48.21,24.48,47.62,20.76,21.43,36.42,25.00,31.34,52.38,16.50,17.86,23.96
2568,บ้านแม่บวน,ดอยเต่า,เล็ก,นอกเมือง,สำนักงานคณะกรรมการการศึกษาขั้นพื้นฐาน,สพป.เชียงใหม่ เขต 5,11,81.82,38.57,52.27,40.53,45.45,49.79,50.00,26.65,42.42,32.07,22.73,32.78,27.27,32.78,39.39,31.20,9.09,19.28
2568,บ้านไร่,ดอยเต่า,เล็ก,นอกเมือง,สำนักงานคณะกรรมการการศึกษาขั้นพื้นฐาน,สพป.เชียงใหม่ เขต 5,11,45.45,49.79,27.27,24.90,18.18,38.57,44.32,22.21,60.61,23.86,40.91,28.75,59.09,35.79,36.36,26.42,9.09,19.28
2568,บ้านวังหม้อ,ดอยเต่า,เล็ก,นอกเมือง,สำนักงานคณะกรรมการการศึกษาขั้นพื้นฐาน,สพป.เชียงใหม่ เขต 5,5,20.00,40.00,0.00,0.00,20.00,40.00,30.00,12.75,40.00,24.94,0.00,0.00,10.00,20.00,6.67,13.33,10.00,20.00
2568,บ้านวังหลวง,ดอยเต่า,เล็ก,นอกเมือง,สำนักงานคณะกรรมการการศึกษาขั้นพื้นฐาน,สพป.เชียงใหม่ เขต 5,6,83.33,37.27,45.83,36.56,16.67,37.27,27.08,20.94,50.00,16.67,25.00,38.19,58.33,44.88,50.00,16.67,8.33,18.63
2568,บ้านสันติสุข,ดอยเต่า,เล็ก,นอกเมือง,สำนักงานคณะกรรมการการศึกษาขั้นพื้นฐาน,สพป.เชียงใหม่ เขต 5,5,40.00,48.99,30.00,36.74,0.00,0.00,25.00,0.00,33.33,29.81,10.00,20.00,30.00,24.49,26.67,13.33,0.00,0.00
2568,บ้านหนองผักบุ้ง,ดอยเต่า,เล็ก,นอกเมือง,สำนักงานคณะกรรมการการศึกษาขั้นพื้นฐาน,สพป.เชียงใหม่ เขต 5,4,0.00,0.00,50.00,25.00,25.00,43.30,37.50,12.50,50.00,16.67,0.00,0.00,37.50,41.46,25.00,27.64,25.00,25.00
2568,บ้านแอ่นจัดสรร,ดอยเต่า,เล็ก,นอกเมือง,สำนักงานคณะกรรมการการศึกษาขั้นพื้นฐาน,สพป.เชียงใหม่ เขต 5,6,50.00,50.00,54.17,22.44,16.67,37.27,20.83,17.18,33.33,27.22,16.67,23.57,25.00,25.00,38.89,22.91,33.33,23.57
2568,บ้านแอ่นใหม่,ดอยเต่า,เล็ก,นอกเมือง,สำนักงานคณะกรรมการการศึกษาขั้นพื้นฐาน,สพป.เชียงใหม่ เขต 5,1,100.00,0.00,0.00,0.00,0.00,0.00,25.00,0.00,33.33,0.00,50.00,0.00,0.00,0.00,33.33,0.00,50.00,0.00
2568,ศูนย์อพยพแปลง 2,ดอยเต่า,เล็ก,นอกเมือง,สำนักงานคณะกรรมการการศึกษาขั้นพื้นฐาน,สพป.เชียงใหม่ เขต 5,5,60.00,48.99,15.00,12.25,20.00,40.00,55.00,18.71,33.33,0.00,50.00,31.62,40.00,48.99,60.00,24.94,10.00,20.00
2568,ศูนย์อพยพแปลง 5,ดอยเต่า,เล็ก,นอกเมือง,สำนักงานคณะกรรมการการศึกษาขั้นพื้นฐาน,สพป.เชียงใหม่ เขต 5,9,44.44,49.69,2.78,7.86,11.11,31.43,45.83,26.35,55.56,31.43,27.78,34.25,38.89,45.81,37.04,33.13,33.33,33.33
2568,ศูนย์อพยพแปลง 8,ดอยเต่า,เล็ก,นอกเมือง,สำนักงานคณะกรรมการการศึกษาขั้นพื้นฐาน,สพป.เชียงใหม่ เขต 5,7,28.57,45.18,21.43,15.97,14.29,34.99,51.79,22.59,47.62,24.28,28.57,24.74,42.86,31.94,42.86,15.06,14.29,22.59
2568,ชลประทานผาแตก,ดอยสะเก็ด,กลาง,นอกเมือง,สำนักงานคณะกรรมการการศึกษาขั้นพื้นฐาน,สพป.เชียงใหม่ เขต 1,57,19.30,39.46,22.37,27.18,10.53,30.69,35.75,22.75,36.84,26.99,21.93,28.12,20.18,27.88,35.67,27.12,14.91,24.72
2568,เทพเสด็จวิทยา,ดอยสะเก็ด,เล็ก,นอกเมือง,สำนักงานคณะกรรมการการศึกษาขั้นพื้นฐาน,สพป.เชียงใหม่ เขต 1,5,20.00,40.00,25.00,15.81,0.00,0.00,35.00,30.00,13.33,16.33,40.00,37.42,20.00,24.49,20.00,26.67,20.00,24.49
2568,เทศบาลตลาดใหญ่,ดอยสะเก็ด,เล็ก,นอกเมือง,กรมส่งเสริมการปกครองท้องถิ่น,ท้องถิ่นจังหวัดเชียงใหม่,6,33.33,47.14,20.83,17.18,0.00,0.00,27.08,16.80,27.78,22.91,16.67,23.57,8.33,18.63,44.44,24.85,8.33,18.63
2568,บริรักศึกษาเชียงใหม่,ดอยสะเก็ด,เล็ก,นอกเมือง,สำนักงานคณะกรรมการส่งเสริมการศึกษาเอกชน,-,17,64.71,47.79,27.94,29.56,5.88,23.53,34.56,24.45,41.18,29.22,17.65,23.89,32.35,29.41,37.25,19.41,26.47,24.96
2568,บ้านเชิงดอย(ดอยสะเก็ดศึกษา),ดอยสะเก็ด,ใหญ่,นอกเมือง,สำนักงานคณะกรรมการการศึกษาขั้นพื้นฐาน,สพป.เชียงใหม่ เขต 1,115,46.09,49.85,30.22,31.54,8.70,28.18,35.87,24.53,43.19,27.09,30.87,32.02,36.09,35.84,37.97,27.06,23.04,28.20
2568,บ้านตลาดขี้เหล็ก,ดอยสะเก็ด,เล็ก,นอกเมือง,สำนักงานคณะกรรมการการศึกษาขั้นพื้นฐาน,สพป.เชียงใหม่ เขต 1,6,66.67,47.14,37.50,12.50,0.00,0.00,43.75,13.98,33.33,19.25,16.67,23.57,25.00,25.00,44.44,15.71,8.33,18.63
2568,บ้านบ่อหิน,ดอยสะเก็ด,เล็ก,นอกเมือง,สำนักงานคณะกรรมการการศึกษาขั้นพื้นฐาน,สพป.เชียงใหม่ เขต 1,19,47.37,49.93,34.21,27.16,10.53,30.69,38.16,22.75,35.09,25.30,28.95,29.54,23.68,24.97,38.60,22.33,10.53,20.38
2568,บ้านป่าขุย,ดอยสะเก็ด,เล็ก,นอกเมือง,สำนักงานคณะกรรมการการศึกษาขั้นพื้นฐาน,สพป.เชียงใหม่ เขต 1,10,30.00,45.83,37.50,23.05,10.00,30.00,41.25,18.58,33.33,14.91,20.00,24.49,55.00,26.93,53.33,30.55,45.00,35.00
2568,บ้านปางแดง,ดอยสะเก็ด,เล็ก,นอกเมือง,สำนักงานคณะกรรมการการศึกษาขั้นพื้นฐาน,สพป.เชียงใหม่ เขต 1,8,50.00,50.00,31.25,29.97,0.00,0.00,26.56,17.04,37.50,26.02,25.00,25.00,56.25,46.35,33.33,16.67,12.50,21.65
2568,บ้านปางน้ำถุ,ดอยสะเก็ด,เล็ก,นอกเมือง,สำนักงานคณะกรรมการการศึกษาขั้นพื้นฐาน,สพป.เชียงใหม่ เขต 1,5,60.00,48.99,10.00,12.25,0.00,0.00,40.00,18.37,33.33,21.08,40.00,20.00,30.00,40.00,40.00,24.94,10.00,20.00
2568,บ้านป่างิ้ว,ดอยสะเก็ด,เล็ก,นอกเมือง,สำนักงานคณะกรรมการการศึกษาขั้นพื้นฐาน,สพป.เชียงใหม่ เขต 1,5,0.00,0.00,20.00,18.71,0.00,0.00,40.00,14.58,40.00,13.33,50.00,44.72,50.00,44.72,40.00,32.66,10.00,20.00
2568,บ้านป่าป้อง,ดอยสะเก็ด,เล็ก,นอกเมือง,สำนักงานคณะกรรมการการศึกษาขั้นพื้นฐาน,สพป.เชียงใหม่ เขต 1,4,50.00,50.00,37.50,21.65,0.00,0.00,31.25,27.24,25.00,27.64,37.50,21.65,12.50,21.65,33.33,23.57,12.50,21.65
2568,บ้านป่าไม้แดง,ดอยสะเก็ด,กลาง,นอกเมือง,สำนักงานคณะกรรมการการศึกษาขั้นพื้นฐาน,สพป.เชียงใหม่ เขต 1,30,23.33,42.30,23.33,27.34,13.33,33.99,32.50,20.56,36.67,26.32,23.33,30.91,31.67,32.87,31.11,27.13,18.33,27.34
2568,บ้านป่าเสร้า,ดอยสะเก็ด,กลาง,นอกเมือง,สำนักงานคณะกรรมการการศึกษาขั้นพื้นฐาน,สพป.เชียงใหม่ เขต 1,30,36.67,48.19,35.83,29.36,26.67,44.22,47.50,25.50,56.67,26.03,33.33,32.49,46.67,31.45,54.44,29.17,20.00,24.49
2568,บ้านป่าเหมือด,ดอยสะเก็ด,เล็ก,นอกเมือง,สำนักงานคณะกรรมการการศึกษาขั้นพื้นฐาน,สพป.เชียงใหม่ เขต 1,33,48.48,49.98,37.88,28.29,18.18,38.57,49.62,27.78,48.48,31.88,28.79,30.23,39.39,36.43,42.42,27.55,22.73,24.90
2568,บ้านโป่งกุ่ม,ดอยสะเก็ด,เล็ก,นอกเมือง,สำนักงานคณะกรรมการการศึกษาขั้นพื้นฐาน,สพป.เชียงใหม่ เขต 1,6,33.33,47.14,25.00,20.41,0.00,0.00,31.25,29.54,44.44,24.85,16.67,23.57,33.33,37.27,16.67,25.46,16.67,23.57
2568,บ้านแม่ดอกแดง,ดอยสะเก็ด,เล็ก,นอกเมือง,สำนักงานคณะกรรมการการศึกษาขั้นพื้นฐาน,สพป.เชียงใหม่ เขต 1,14,42.86,49.49,26.79,27.49,21.43,41.03,33.04,16.78,45.24,20.34,28.57,24.74,46.43,35.17,42.86,29.35,17.86,23.96
2568,บ้านแม่หวาน,ดอยสะเก็ด,เล็ก,นอกเมือง,สำนักงานคณะกรรมการการศึกษาขั้นพื้นฐาน,สพป.เชียงใหม่ เขต 1,9,66.67,47.14,22.22,18.43,11.11,31.43,41.67,17.68,22.22,27.22,11.11,31.43,16.67,23.57,29.63,18.89,22.22,24.85
2568,บ้านแม่ฮ้อยเงิน,ดอยสะเก็ด,เล็ก,นอกเมือง,สำนักงานคณะกรรมการการศึกษาขั้นพื้นฐาน,สพป.เชียงใหม่ เขต 1,3,66.67,47.14,50.00,20.41,66.67,47.14,54.17,5.89,33.33,0.00,0.00,0.00,33.33,23.57,77.78,15.71,16.67,23.57
2568,บ้านร้องขี้เหล็ก,ดอยสะเก็ด,เล็ก,นอกเมือง,สำนักงานคณะกรรมการการศึกษาขั้นพื้นฐาน,สพป.เชียงใหม่ เขต 1,9,33.33,47.14,25.00,20.41,11.11,31.43,18.06,19.64,40.74,30.54,16.67,23.57,33.33,23.57,25.93,13.86,22.22,24.85
2568,บ้านลวงเหนือ,ดอยสะเก็ด,เล็ก,นอกเมือง,สำนักงานคณะกรรมการการศึกษาขั้นพื้นฐาน,สพป.เชียงใหม่ เขต 1,12,33.33,47.14,12.50,19.09,16.67,37.27,30.21,26.25,41.67,30.81,33.33,37.27,33.33,37.27,38.89,18.43,16.67,23.57
2568,บ้านสันทราย,ดอยสะเก็ด,เล็ก,นอกเมือง,สำนักงานคณะกรรมการการศึกษาขั้นพื้นฐาน,สพป.เชียงใหม่ เขต 1,2,50.00,50.00,25.00,25.00,0.00,0.00,62.50,12.50,50.00,16.67,0.00,0.00,0.00,0.00,33.33,33.33,0.00,0.00
2568,เพื่อชีวิตเชียงใหม่,ดอยสะเก็ด,เล็ก,นอกเมือง,สำนักงานคณะกรรมการส่งเสริมการศึกษาเอกชน,-,17,17.65,38.12,13.24,17.40,29.41,45.56,24.26,21.21,29.41,25.26,20.59,29.99,32.35,29.41,19.61,23.03,17.65,29.41
2568,แม่คือวิทยา,ดอยสะเก็ด,กลาง,นอกเมือง,สำนักงานคณะกรรมการการศึกษาขั้นพื้นฐาน,สพป.เชียงใหม่ เขต 1,41,39.02,48.78,20.73,24.01,4.88,21.54,27.74,21.48,38.21,29.96,23.17,29.42,23.17,31.42,30.89,22.56,15.85,23.27
2568,แม่โป่งประชาสามัคคี,ดอยสะเก็ด,เล็ก,นอกเมือง,สำนักงานคณะกรรมการการศึกษาขั้นพื้นฐาน,สพป.เชียงใหม่ เขต 1,10,50.00,50.00,20.00,18.71,30.00,45.83,31.25,16.06,36.67,23.33,20.00,24.49,15.00,32.02,40.00,24.94,45.00,26.93
2568,ไมตรีจิตคริสเตียนเชียงใหม่,ดอยสะเก็ด,กลาง,นอกเมือง,สำนักงานคณะกรรมการส่งเสริมการศึกษาเอกชน,-,18,27.78,44.79,20.83,23.94,16.67,37.27,31.25,14.58,44.44,27.22,27.78,34.25,50.00,40.82,29.63,24.57,13.89,22.40
2568,กรป.กลางอุปถัมภ์,ดอยหล่อ,เล็ก,นอกเมือง,สำนักงานคณะกรรมการการศึกษาขั้นพื้นฐาน,สพป.เชียงใหม่ เขต 4,18,61.11,48.75,26.39,22.78,22.22,41.57,40.28,23.77,51.85,16.56,27.78,24.85,44.44,36.85,53.70,33.59,19.44,24.37
2568,ดอยหล่อวิทยา,ดอยหล่อ,เล็ก,นอกเมือง,กรมส่งเสริมการปกครองท้องถิ่น,ท้องถิ่นจังหวัดเชียงใหม่,15,20.00,40.00,35.00,30.00,13.33,33.99,52.50,25.08,42.22,22.66,26.67,30.91,26.67,30.91,46.67,26.67,20.00,24.49
2568,เทศบาลตำบลวัดสองแคว,ดอยหล่อ,เล็ก,นอกเมือง,กรมส่งเสริมการปกครองท้องถิ่น,ท้องถิ่นจังหวัดเชียงใหม่,9,33.33,47.14,11.11,17.12,11.11,31.43,38.89,19.93,44.44,31.43,38.89,31.43,22.22,34.25,25.93,20.95,5.56,15.71
2568,บ้านดงป่าหวาย,ดอยหล่อ,เล็ก,นอกเมือง,สำนักงานคณะกรรมการการศึกษาขั้นพื้นฐาน,สพป.เชียงใหม่ เขต 4,3,0.00,0.00,50.00,0.00,0.00,0.00,41.67,11.79,11.11,15.71,0.00,0.00,16.67,23.57,33.33,27.22,16.67,23.57
2568,บ้านสามหลัง,ดอยหล่อ,เล็ก,นอกเมือง,สำนักงานคณะกรรมการการศึกษาขั้นพื้นฐาน,สพป.เชียงใหม่ เขต 4,19,26.32,44.03,18.42,21.22,15.79,36.46,35.53,20.38,38.60,19.54,10.53,20.38,26.32,29.77,42.11,18.23,15.79,28.34
2568,บ้านห้วยน้ำขาว,ดอยหล่อ,เล็ก,นอกเมือง,สำนักงานคณะกรรมการการศึกษาขั้นพื้นฐาน,สพป.เชียงใหม่ เขต 4,8,25.00,43.30,21.88,19.52,12.50,33.07,40.63,18.49,37.50,19.98,18.75,24.21,43.75,29.97,37.50,19.98,18.75,24.21
2568,บ้านหัวข่วง,ดอยหล่อ,เล็ก,นอกเมือง,สำนักงานคณะกรรมการการศึกษาขั้นพื้นฐาน,สพป.เชียงใหม่ เขต 4,7,0.00,0.00,17.86,11.29,0.00,0.00,35.71,21.58,47.62,16.50,21.43,24.74,35.71,34.99,42.86,29.35,35.71,34.99
2568,บ้านเหล่าเป้า,ดอยหล่อ,เล็ก,นอกเมือง,สำนักงานคณะกรรมการการศึกษาขั้นพื้นฐาน,สพป.เชียงใหม่ เขต 4,17,70.59,45.56,47.06,36.26,23.53,42.42,50.00,24.63,49.02,28.28,29.41,29.99,29.41,29.99,37.25,25.26,17.65,29.41
2568,บ้านใหม่หนองหอย,ดอยหล่อ,เล็ก,นอกเมือง,สำนักงานคณะกรรมการการศึกษาขั้นพื้นฐาน,สพป.เชียงใหม่ เขต 4,17,58.82,49.22,25.00,21.00,29.41,45.56,36.76,25.53,43.14,27.45,17.65,29.41,32.35,34.05,31.37,24.17,8.82,19.06
2568,วัดดอนชื่น,ดอยหล่อ,เล็ก,นอกเมือง,สำนักงานคณะกรรมการการศึกษาขั้นพื้นฐาน,สพป.เชียงใหม่ เขต 4,4,75.00,43.30,50.00,35.36,0.00,0.00,25.00,17.68,58.33,27.64,12.50,21.65,62.50,41.46,58.33,27.64,25.00,43.30
2568,วัดวังขามป้อม,ดอยหล่อ,เล็ก,นอกเมือง,สำนักงานคณะกรรมการการศึกษาขั้นพื้นฐาน,สพป.เชียงใหม่ เขต 4,6,16.67,37.27,8.33,18.63,0.00,0.00,25.00,21.65,50.00,25.46,0.00,0.00,33.33,23.57,27.78,40.45,33.33,23.57
2568,วัดศรีดอนชัย,ดอยหล่อ,เล็ก,นอกเมือง,สำนักงานคณะกรรมการการศึกษาขั้นพื้นฐาน,สพป.เชียงใหม่ เขต 4,11,45.45,49.79,22.73,27.08,18.18,38.57,34.09,15.16,45.45,25.71,40.91,35.79,36.36,37.48,48.48,29.69,4.55,14.37
2568,วัดหนองหลั้ว,ดอยหล่อ,เล็ก,นอกเมือง,สำนักงานคณะกรรมการการศึกษาขั้นพื้นฐาน,สพป.เชียงใหม่ เขต 4,7,0.00,0.00,28.57,15.97,0.00,0.00,30.36,20.98,38.10,21.30,35.71,34.99,42.86,31.94,28.57,11.66,14.29,22.59
2568,เจ้าแม่หลวงอุปถัมภ์ 1,ฝาง,กลาง,นอกเมือง,สำนักงานคณะกรรมการการศึกษาขั้นพื้นฐาน,สพป.เชียงใหม่ เขต 3,27,18.52,38.84,20.37,23.61,7.41,26.19,33.33,14.43,37.04,16.56,12.96,21.91,22.22,28.33,28.40,28.26,38.89,34.25
2568,ฉือจี้เชียงใหม่,ฝาง,กลาง,นอกเมือง,สำนักงานคณะกรรมการส่งเสริมการศึกษาเอกชน,-,90,42.22,49.39,30.83,28.39,15.56,36.24,49.58,22.93,48.89,29.90,30.56,31.35,36.11,40.16,51.85,28.16,24.44,31.84
2568,ชุมชนบ้านแม่สูนหลวง,ฝาง,เล็ก,นอกเมือง,สำนักงานคณะกรรมการการศึกษาขั้นพื้นฐาน,สพป.เชียงใหม่ เขต 3,9,22.22,41.57,41.67,28.87,22.22,41.57,34.72,21.87,48.15,27.72,33.33,33.33,27.78,34.25,37.04,24.57,27.78,24.85
2568,เทพศิรินทร์๙โครงการหลวงในพระบรมราชูปถัมภ์,ฝาง,เล็ก,นอกเมือง,สำนักงานคณะกรรมการการศึกษาขั้นพื้นฐาน,สพป.เชียงใหม่ เขต 3,10,30.00,45.83,27.50,23.58,10.00,30.00,37.50,23.05,46.67,22.11,60.00,30.00,35.00,32.02,40.00,29.06,20.00,33.17
2568,เทศบาลเวียงฝาง,ฝาง,กลาง,นอกเมือง,กรมส่งเสริมการปกครองท้องถิ่น,ท้องถิ่นจังหวัดเชียงใหม่,31,25.81,43.76,21.77,25.19,19.35,39.51,27.42,18.35,36.56,28.53,37.10,31.02,17.74,27.09,35.48,25.31,17.74,23.92
2568,บ้านขอบด้ง,ฝาง,กลาง,นอกเมือง,สำนักงานคณะกรรมการการศึกษาขั้นพื้นฐาน,สพป.เชียงใหม่ เขต 3,15,26.67,44.22,30.00,22.73,6.67,24.94,40.83,24.35,31.11,14.74,20.00,24.49,36.67,38.59,26.67,18.05,26.67,35.90
2568,บ้านดงป่าลัน,ฝาง,เล็ก,นอกเมือง,สำนักงานคณะกรรมการการศึกษาขั้นพื้นฐาน,สพป.เชียงใหม่ เขต 3,4,75.00,43.30,68.75,20.73,0.00,0.00,37.50,12.50,50.00,16.67,37.50,21.65,12.50,21.65,33.33,33.33,12.50,21.65
2568,บ้านเด่นใหม่,ฝาง,เล็ก,นอกเมือง,สำนักงานคณะกรรมการการศึกษาขั้นพื้นฐาน,สพป.เชียงใหม่ เขต 3,8,87.50,33.07,28.13,19.52,25.00,43.30,23.44,18.15,50.00,16.67,31.25,24.21,75.00,35.36,54.17,23.20,12.50,21.65
2568,บ้านต้นผึ้ง,ฝาง,เล็ก,นอกเมือง,สำนักงานคณะกรรมการการศึกษาขั้นพื้นฐาน,สพป.เชียงใหม่ เขต 3,19,42.11,49.37,34.21,27.16,36.84,48.24,44.74,28.77,49.12,29.36,21.05,24.69,23.68,29.77,36.84,21.34,23.68,24.97
2568,บ้านต้นส้าน,ฝาง,เล็ก,นอกเมือง,สำนักงานคณะกรรมการการศึกษาขั้นพื้นฐาน,สพป.เชียงใหม่ เขต 3,11,45.45,49.79,50.00,36.93,9.09,28.75,22.73,26.55,45.45,25.71,18.18,32.14,36.36,30.83,57.58,28.75,27.27,32.78
2568,บ้านทุ่งหลุก,ฝาง,เล็ก,นอกเมือง,สำนักงานคณะกรรมการการศึกษาขั้นพื้นฐาน,สพป.เชียงใหม่ เขต 3,5,80.00,40.00,40.00,20.00,20.00,40.00,17.50,15.00,53.33,26.67,10.00,20.00,40.00,37.42,33.33,36.51,10.00,20.00
2568,บ้านปางปอย,ฝาง,กลาง,นอกเมือง,สำนักงานคณะกรรมการการศึกษาขั้นพื้นฐาน,สพป.เชียงใหม่ เขต 3,27,29.63,45.66,18.52,17.47,7.41,26.19,38.43,18.30,35.80,29.99,16.67,27.22,25.93,31.54,33.33,24.00,22.22,28.33
2568,บ้านปางสัก,ฝาง,เล็ก,นอกเมือง,สำนักงานคณะกรรมการการศึกษาขั้นพื้นฐาน,สพป.เชียงใหม่ เขต 3,13,38.46,48.65,21.15,29.16,15.38,36.08,28.85,22.67,30.77,30.55,23.08,42.13,53.85,30.77,38.46,25.64,57.69,26.65
2568,บ้านป่าบง,ฝาง,เล็ก,นอกเมือง,สำนักงานคณะกรรมการการศึกษาขั้นพื้นฐาน,สพป.เชียงใหม่ เขต 3,11,18.18,38.57,22.73,24.90,0.00,0.00,10.23,12.86,33.33,31.78,50.00,36.93,18.18,32.14,27.27,31.20,22.73,24.90
2568,บ้านโป่งถืบ,ฝาง,กลาง,นอกเมือง,สำนักงานคณะกรรมการการศึกษาขั้นพื้นฐาน,สพป.เชียงใหม่ เขต 3,11,54.55,49.79,31.82,15.41,27.27,44.54,40.91,20.71,33.33,24.62,50.00,36.93,40.91,35.79,33.33,20.10,13.64,22.27
2568,บ้านโป่งนก,ฝาง,กลาง,นอกเมือง,สำนักงานคณะกรรมการการศึกษาขั้นพื้นฐาน,สพป.เชียงใหม่ เขต 3,21,28.57,45.18,23.81,22.46,9.52,29.35,34.52,26.70,47.62,26.37,38.10,34.17,42.86,35.48,38.10,32.99,21.43,24.74
2568,บ้านโป่งน้ำร้อน,ฝาง,เล็ก,นอกเมือง,สำนักงานคณะกรรมการการศึกษาขั้นพื้นฐาน,สพป.เชียงใหม่ เขต 3,7,28.57,45.18,50.00,18.90,28.57,45.18,44.64,18.73,66.67,17.82,42.86,31.94,64.29,22.59,52.38,24.28,21.43,24.74
2568,บ้านม่วงชุม,ฝาง,กลาง,นอกเมือง,สำนักงานคณะกรรมการการศึกษาขั้นพื้นฐาน,สพป.เชียงใหม่ เขต 3,37,32.43,46.81,18.24,21.47,13.51,34.19,42.91,22.05,35.14,24.44,22.97,27.50,29.73,31.75,41.44,28.37,22.97,24.92
2568,บ้านม่อนปิ่น,ฝาง,กลาง,นอกเมือง,สำนักงานคณะกรรมการการศึกษาขั้นพื้นฐาน,สพป.เชียงใหม่ เขต 3,22,45.45,49.79,35.23,26.82,9.09,28.75,30.68,18.74,37.88,23.13,29.55,28.84,56.82,40.72,42.42,20.55,13.64,22.27
2568,บ้านแม่ข่า,ฝาง,กลาง,นอกเมือง,สำนักงานคณะกรรมการการศึกษาขั้นพื้นฐาน,สพป.เชียงใหม่ เขต 3,16,50.00,50.00,15.63,26.33,12.50,33.07,39.06,22.48,35.42,24.91,40.63,36.31,34.38,34.09,37.50,30.90,34.38,34.09
2568,บ้านแม่คะ,ฝาง,กลาง,นอกเมือง,สำนักงานคณะกรรมการการศึกษาขั้นพื้นฐาน,สพป.เชียงใหม่ เขต 3,11,27.27,44.54,31.82,21.56,9.09,28.75,50.00,21.32,54.55,32.64,31.82,32.14,50.00,36.93,30.30,30.00,22.73,24.90
2568,บ้านแม่งอนกลาง,ฝาง,เล็ก,นอกเมือง,สำนักงานคณะกรรมการการศึกษาขั้นพื้นฐาน,สพป.เชียงใหม่ เขต 3,6,33.33,47.14,62.50,19.09,0.00,0.00,31.25,15.73,33.33,19.25,8.33,18.63,50.00,28.87,22.22,15.71,50.00,0.00
2568,บ้านแม่งอนขี้เหล็ก,ฝาง,กลาง,นอกเมือง,กรมส่งเสริมการปกครองท้องถิ่น,ท้องถิ่นจังหวัดเชียงใหม่,31,41.94,49.35,11.29,17.78,9.68,29.57,29.44,23.23,35.48,28.00,24.19,30.77,19.35,27.47,40.86,30.18,24.19,30.77
2568,บ้านแม่ใจ,ฝาง,เล็ก,นอกเมือง,สำนักงานคณะกรรมการการศึกษาขั้นพื้นฐาน,สพป.เชียงใหม่ เขต 3,4,25.00,43.30,12.50,12.50,0.00,0.00,21.88,18.49,16.67,16.67,0.00,0.00,37.50,41.46,41.67,14.43,37.50,21.65
2568,บ้านแม่สูนน้อย,ฝาง,เล็ก,นอกเมือง,สำนักงานคณะกรรมการการศึกษาขั้นพื้นฐาน,สพป.เชียงใหม่ เขต 3,17,29.41,45.56,29.41,28.74,0.00,0.00,38.24,17.92,56.86,24.96,38.24,36.50,26.47,34.80,23.53,22.18,11.76,21.21
2568,บ้านยาง,ฝาง,เล็ก,นอกเมือง,สำนักงานคณะกรรมการการศึกษาขั้นพื้นฐาน,สพป.เชียงใหม่ เขต 3,6,33.33,47.14,33.33,18.63,0.00,0.00,27.08,15.17,55.56,15.71,33.33,23.57,75.00,25.00,38.89,22.91,0.00,0.00
2568,บ้านล้องอ้อ,ฝาง,เล็ก,นอกเมือง,กรมส่งเสริมการปกครองท้องถิ่น,ท้องถิ่นจังหวัดเชียงใหม่,28,39.29,48.84,28.57,18.56,17.86,38.30,45.54,25.27,30.95,25.08,33.93,37.92,19.64,30.88,30.95,28.07,21.43,24.74
2568,บ้านลาน,ฝาง,กลาง,นอกเมือง,สำนักงานคณะกรรมการการศึกษาขั้นพื้นฐาน,สพป.เชียงใหม่ เขต 3,15,66.67,47.14,43.33,33.50,20.00,40.00,50.83,25.19,55.56,33.70,36.67,28.67,66.67,34.96,46.67,29.31,16.67,29.81
2568,บ้านเวียงฝาง,ฝาง,ใหญ่,นอกเมือง,สำนักงานคณะกรรมการการศึกษาขั้นพื้นฐาน,สพป.เชียงใหม่ เขต 3,119,36.13,48.04,34.24,30.55,13.45,34.11,34.87,23.31,38.94,27.10,34.87,31.46,26.89,32.27,42.30,27.57,24.37,28.89
2568,บ้านเวียงหวาย,ฝาง,กลาง,นอกเมือง,สำนักงานคณะกรรมการการศึกษาขั้นพื้นฐาน,สพป.เชียงใหม่ เขต 3,13,61.54,48.65,28.85,33.75,7.69,26.65,42.31,27.09,41.03,26.65,46.15,30.77,38.46,39.97,30.77,24.33,23.08,24.93
2568,บ้านศรีดอนชัย,ฝาง,เล็ก,นอกเมือง,สำนักงานคณะกรรมการการศึกษาขั้นพื้นฐาน,สพป.เชียงใหม่ เขต 3,3,33.33,47.14,41.67,11.79,0.00,0.00,62.50,17.68,55.56,15.71,50.00,40.82,0.00,0.00,22.22,15.71,33.33,23.57
2568,บ้านสันต้นดู่,ฝาง,เล็ก,นอกเมือง,สำนักงานคณะกรรมการการศึกษาขั้นพื้นฐาน,สพป.เชียงใหม่ เขต 3,12,41.67,49.30,25.00,25.00,8.33,27.64,41.67,21.85,55.56,24.85,25.00,25.00,54.17,43.10,38.89,22.91,29.17,24.65
2568,บ้านสันต้นเปา,ฝาง,เล็ก,นอกเมือง,สำนักงานคณะกรรมการการศึกษาขั้นพื้นฐาน,สพป.เชียงใหม่ เขต 3,1,0.00,0.00,0.00,0.00,0.00,0.00,37.50,0.00,0.00,0.00,100.00,0.00,0.00,0.00,33.33,0.00,50.00,0.00
2568,บ้านสันทราย,ฝาง,เล็ก,นอกเมือง,สำนักงานคณะกรรมการการศึกษาขั้นพื้นฐาน,สพป.เชียงใหม่ เขต 3,11,54.55,49.79,34.09,30.66,27.27,44.54,39.77,21.20,48.48,21.85,31.82,32.14,36.36,30.83,33.33,31.78,18.18,32.14
2568,บ้านสันทรายคองน้อย,ฝาง,กลาง,นอกเมือง,สำนักงานคณะกรรมการการศึกษาขั้นพื้นฐาน,สพป.เชียงใหม่ เขต 3,4,50.00,50.00,50.00,17.68,0.00,0.00,34.38,10.36,41.67,14.43,25.00,25.00,62.50,41.46,16.67,16.67,25.00,25.00
2568,บ้านสันป่าแดง,ฝาง,เล็ก,นอกเมือง,สำนักงานคณะกรรมการการศึกษาขั้นพื้นฐาน,สพป.เชียงใหม่ เขต 3,6,66.67,47.14,45.83,30.33,0.00,0.00,64.58,24.38,61.11,22.91,41.67,18.63,50.00,28.87,55.56,31.43,0.00,0.00
2568,บ้านสันม่วง,ฝาง,เล็ก,นอกเมือง,สำนักงานคณะกรรมการการศึกษาขั้นพื้นฐาน,สพป.เชียงใหม่ เขต 3,6,16.67,37.27,29.17,17.18,16.67,37.27,22.92,25.43,50.00,31.91,0.00,0.00,25.00,25.00,50.00,37.27,16.67,23.57
2568,บ้านหนองขวาง,ฝาง,เล็ก,นอกเมือง,สำนักงานคณะกรรมการการศึกษาขั้นพื้นฐาน,สพป.เชียงใหม่ เขต 3,3,33.33,47.14,33.33,11.79,33.33,47.14,45.83,5.89,33.33,0.00,33.33,23.57,66.67,23.57,22.22,15.71,16.67,23.57
2568,บ้านหนองยาว,ฝาง,เล็ก,นอกเมือง,สำนักงานคณะกรรมการการศึกษาขั้นพื้นฐาน,สพป.เชียงใหม่ เขต 3,14,35.71,47.92,30.36,21.50,14.29,34.99,35.71,26.24,40.48,22.46,17.86,23.96,57.14,31.94,57.14,23.33,25.00,25.00
2568,บ้านหลวง,ฝาง,กลาง,นอกเมือง,สำนักงานคณะกรรมการการศึกษาขั้นพื้นฐาน,สพป.เชียงใหม่ เขต 3,29,24.14,42.79,26.72,20.69,20.69,40.51,29.31,18.94,39.08,23.27,24.14,28.23,29.31,30.84,28.74,19.03,22.41,24.87
2568,บ้านหล่ายฝาง,ฝาง,เล็ก,นอกเมือง,กรมส่งเสริมการปกครองท้องถิ่น,ท้องถิ่นจังหวัดเชียงใหม่,21,47.62,49.94,21.43,25.92,9.52,29.35,33.93,22.87,44.44,31.43,35.71,34.99,26.19,36.58,28.57,27.77,14.29,27.36
2568,บ้านห้วยไคร้,ฝาง,เล็ก,นอกเมือง,สำนักงานคณะกรรมการการศึกษาขั้นพื้นฐาน,สพป.เชียงใหม่ เขต 3,16,25.00,43.30,32.81,30.26,12.50,33.07,28.91,25.28,25.00,22.05,28.13,35.22,18.75,24.21,31.25,18.52,15.63,23.18
2568,บ้านห้วยงูกลาง,ฝาง,เล็ก,นอกเมือง,สำนักงานคณะกรรมการการศึกษาขั้นพื้นฐาน,สพป.เชียงใหม่ เขต 3,14,64.29,47.92,33.93,37.33,28.57,45.18,40.18,20.69,52.38,27.36,42.86,41.65,39.29,27.89,47.62,27.36,21.43,24.74
2568,บ้านห้วยบอน,ฝาง,เล็ก,นอกเมือง,สำนักงานคณะกรรมการการศึกษาขั้นพื้นฐาน,สพป.เชียงใหม่ เขต 3,7,42.86,49.49,32.14,43.74,28.57,45.18,25.00,13.36,28.57,21.30,50.00,37.80,35.71,34.99,38.10,27.77,14.29,22.59
2568,บ้านห้วยหมากเลี่ยม,ฝาง,กลาง,นอกเมือง,สำนักงานคณะกรรมการการศึกษาขั้นพื้นฐาน,สพป.เชียงใหม่ เขต 3,28,21.43,41.03,29.46,25.05,10.71,30.93,35.71,19.40,55.95,33.40,25.00,28.35,46.43,29.67,34.52,27.43,28.57,31.13
2568,บ้านห้วยห้อม,ฝาง,เล็ก,นอกเมือง,สำนักงานคณะกรรมการการศึกษาขั้นพื้นฐาน,สพป.เชียงใหม่ เขต 3,8,25.00,43.30,12.50,12.50,0.00,0.00,35.94,19.20,50.00,28.87,37.50,33.07,6.25,16.54,37.50,19.98,31.25,34.80
2568,บ้านห้วยเฮี่ยน,ฝาง,เล็ก,นอกเมือง,สำนักงานคณะกรรมการการศึกษาขั้นพื้นฐาน,สพป.เชียงใหม่ เขต 3,12,33.33,47.14,18.75,27.24,25.00,43.30,36.46,17.27,22.22,24.85,29.17,32.00,16.67,23.57,30.56,28.73,20.83,32.00
2568,บ้านหัวนา,ฝาง,เล็ก,นอกเมือง,สำนักงานคณะกรรมการการศึกษาขั้นพื้นฐาน,สพป.เชียงใหม่ เขต 3,17,35.29,47.79,33.82,24.16,17.65,38.12,50.00,23.09,47.06,20.00,11.76,27.28,44.12,41.59,35.29,17.97,26.47,24.96
2568,บ้านหัวฝาย,ฝาง,เล็ก,นอกเมือง,สำนักงานคณะกรรมการการศึกษาขั้นพื้นฐาน,สพป.เชียงใหม่ เขต 3,2,0.00,0.00,0.00,0.00,0.00,0.00,43.75,6.25,16.67,16.67,25.00,25.00,0.00,0.00,50.00,16.67,25.00,25.00
2568,บ้านเหมืองแร่,ฝาง,กลาง,นอกเมือง,สำนักงานคณะกรรมการการศึกษาขั้นพื้นฐาน,สพป.เชียงใหม่ เขต 3,10,40.00,48.99,27.50,23.58,30.00,45.83,32.50,21.79,40.00,24.94,15.00,22.91,25.00,25.00,23.33,21.34,20.00,24.49
2568,รังษีวิทยา,ฝาง,ใหญ่พิเศษ,นอกเมือง,สำนักงานคณะกรรมการส่งเสริมการศึกษาเอกชน,-,175,58.86,49.21,31.43,27.74,17.71,38.18,53.57,26.08,53.71,26.38,37.43,30.92,34.57,33.24,51.05,26.62,22.86,29.14
2568,รัตนาเอื้อวิทยา,ฝาง,ใหญ่,นอกเมือง,สำนักงานคณะกรรมการส่งเสริมการศึกษาเอกชน,-,75,49.33,50.00,26.67,26.56,12.00,32.50,34.00,24.96,44.89,26.94,24.00,30.94,32.00,35.25,44.00,28.37,25.33,30.96
2568,วัดนันทาราม,ฝาง,กลาง,นอกเมือง,สำนักงานคณะกรรมการการศึกษาขั้นพื้นฐาน,สพป.เชียงใหม่ เขต 3,6,50.00,50.00,25.00,14.43,16.67,37.27,56.25,26.76,50.00,16.67,33.33,37.27,25.00,25.00,27.78,22.91,16.67,23.57
2568,วัดศรีบุญเรือง,ฝาง,เล็ก,นอกเมือง,สำนักงานคณะกรรมการการศึกษาขั้นพื้นฐาน,สพป.เชียงใหม่ เขต 3,16,56.25,49.61,17.19,17.04,6.25,24.21,37.50,19.26,33.33,16.67,31.25,29.97,34.38,38.40,43.75,32.74,15.63,23.18
2568,วิรุณเทพ,ฝาง,เล็ก,นอกเมือง,สำนักงานคณะกรรมการการศึกษาขั้นพื้นฐาน,สพป.เชียงใหม่ เขต 3,15,26.67,44.22,21.67,15.46,20.00,40.00,29.17,20.75,35.56,19.12,33.33,34.96,26.67,24.94,31.11,22.66,30.00,40.00
2568,สายอักษร,ฝาง,กลาง,นอกเมือง,สำนักงานคณะกรรมการส่งเสริมการศึกษาเอกชน,-,54,72.22,44.79,41.20,37.01,9.26,28.99,54.40,26.48,61.73,25.18,37.04,29.16,37.04,38.71,53.09,25.27,25.93,30.03
2568,อาโอยาม่า,ฝาง,เล็ก,นอกเมือง,กองบัญชาการตำรวจตระเวนชายแดน,-,8,50.00,50.00,15.63,21.42,12.50,33.07,23.44,22.04,37.50,30.90,37.50,41.46,18.75,24.21,37.50,26.02,12.50,21.65
2568,เจ้าพ่อหลวงอุปถัมภ์ 2,พร้าว,เล็ก,นอกเมือง,กองบัญชาการตำรวจตระเวนชายแดน,-,9,33.33,47.14,13.89,17.12,11.11,31.43,33.33,28.26,55.56,27.22,22.22,24.85,33.33,33.33,37.04,18.89,16.67,23.57
2568,ชุมชนบ้านโป่ง,พร้าว,เล็ก,นอกเมือง,สำนักงานคณะกรรมการการศึกษาขั้นพื้นฐาน,สพป.เชียงใหม่ เขต 2,11,54.55,49.79,54.55,27.84,18.18,38.57,40.91,26.70,39.39,23.86,36.36,30.83,59.09,35.79,45.45,21.43,31.82,32.14
2568,ชุมชนสหกรณ์นิคมวิทยา,พร้าว,เล็ก,นอกเมือง,สำนักงานคณะกรรมการการศึกษาขั้นพื้นฐาน,สพป.เชียงใหม่ เขต 2,22,50.00,50.00,20.45,20.83,13.64,34.32,25.00,17.68,34.85,30.94,22.73,24.90,18.18,28.39,36.36,22.27,13.64,22.27
2568,บ้านขุนแจ๋,พร้าว,เล็ก,นอกเมือง,สำนักงานคณะกรรมการการศึกษาขั้นพื้นฐาน,สพป.เชียงใหม่ เขต 2,3,33.33,47.14,16.67,11.79,0.00,0.00,66.67,25.69,11.11,15.71,0.00,0.00,83.33,23.57,44.44,15.71,16.67,23.57
2568,บ้านแจ่งกู่เรือง,พร้าว,กลาง,นอกเมือง,สำนักงานคณะกรรมการการศึกษาขั้นพื้นฐาน,สพป.เชียงใหม่ เขต 2,142,73.24,44.27,38.38,30.35,14.08,34.79,55.90,24.32,58.92,28.16,36.62,30.79,44.37,39.41,52.11,32.49,17.96,24.71
2568,บ้านต้นรุง,พร้าว,เล็ก,นอกเมือง,สำนักงานคณะกรรมการการศึกษาขั้นพื้นฐาน,สพป.เชียงใหม่ เขต 2,16,43.75,49.61,37.50,29.32,6.25,24.21,30.47,15.29,52.08,28.79,28.13,35.22,31.25,34.80,33.33,20.41,21.88,30.46
2568,บ้านท่ามะเกี๋ยง,พร้าว,เล็ก,นอกเมือง,สำนักงานคณะกรรมการการศึกษาขั้นพื้นฐาน,สพป.เชียงใหม่ เขต 2,6,66.67,47.14,45.83,41.87,16.67,37.27,35.42,22.15,33.33,27.22,41.67,34.36,33.33,37.27,22.22,24.85,16.67,23.57
2568,บ้านนาบุญโหล่งขอด,พร้าว,เล็ก,นอกเมือง,สำนักงานคณะกรรมการการศึกษาขั้นพื้นฐาน,สพป.เชียงใหม่ เขต 2,15,26.67,44.22,36.67,20.14,13.33,33.99,44.17,27.34,53.33,23.73,30.00,24.49,40.00,32.66,33.33,24.34,13.33,22.11
2568,บ้านป่าตุ้ม,พร้าว,กลาง,นอกเมือง,สำนักงานคณะกรรมการการศึกษาขั้นพื้นฐาน,สพป.เชียงใหม่ เขต 2,21,33.33,47.14,27.38,29.79,14.29,34.99,33.93,18.95,39.68,31.90,23.81,24.97,21.43,32.99,28.57,23.65,21.43,24.74
2568,บ้านป่าไหน่,พร้าว,เล็ก,นอกเมือง,สำนักงานคณะกรรมการการศึกษาขั้นพื้นฐาน,สพป.เชียงใหม่ เขต 2,8,0.00,0.00,43.75,29.97,0.00,0.00,45.31,33.62,29.17,19.98,12.50,33.07,25.00,35.36,45.83,23.20,25.00,25.00
2568,บ้านแม่ปั๋ง,พร้าว,เล็ก,นอกเมือง,สำนักงานคณะกรรมการการศึกษาขั้นพื้นฐาน,สพป.เชียงใหม่ เขต 2,17,29.41,45.56,35.29,25.81,17.65,38.12,34.56,28.61,31.37,24.17,32.35,23.89,17.65,23.89,41.18,26.88,20.59,29.99
2568,บ้านแม่ปาคี,พร้าว,เล็ก,นอกเมือง,สำนักงานคณะกรรมการการศึกษาขั้นพื้นฐาน,สพป.เชียงใหม่ เขต 2,10,30.00,45.83,20.00,21.79,10.00,30.00,27.50,20.77,36.67,27.69,35.00,39.05,30.00,33.17,16.67,22.36,15.00,22.91
2568,บ้านแม่เหียะ,พร้าว,เล็ก,นอกเมือง,สำนักงานคณะกรรมการการศึกษาขั้นพื้นฐาน,สพป.เชียงใหม่ เขต 2,14,42.86,49.49,25.00,23.15,14.29,34.99,41.07,17.31,35.71,23.45,35.71,34.99,32.14,35.89,33.33,30.86,21.43,24.74
2568,บ้านสันกลาง,พร้าว,เล็ก,นอกเมือง,สำนักงานคณะกรรมการการศึกษาขั้นพื้นฐาน,สพป.เชียงใหม่ เขต 2,4,50.00,50.00,37.50,37.50,25.00,43.30,34.38,16.24,50.00,16.67,37.50,21.65,37.50,41.46,33.33,23.57,50.00,0.00
2568,บ้านสันปง,พร้าว,เล็ก,นอกเมือง,สำนักงานคณะกรรมการการศึกษาขั้นพื้นฐาน,สพป.เชียงใหม่ เขต 2,6,16.67,37.27,37.50,31.46,0.00,0.00,52.08,28.34,44.44,15.71,8.33,18.63,58.33,34.36,38.89,22.91,33.33,23.57
2568,บ้านหนองปิด,พร้าว,เล็ก,นอกเมือง,สำนักงานคณะกรรมการการศึกษาขั้นพื้นฐาน,สพป.เชียงใหม่ เขต 2,6,16.67,37.27,29.17,36.56,16.67,37.27,60.42,26.43,50.00,25.46,33.33,37.27,66.67,23.57,33.33,19.25,0.00,0.00
2568,บ้านหลวง,พร้าว,เล็ก,นอกเมือง,สำนักงานคณะกรรมการการศึกษาขั้นพื้นฐาน,สพป.เชียงใหม่ เขต 2,8,50.00,50.00,21.88,14.99,12.50,33.07,34.38,14.99,25.00,22.05,31.25,34.80,43.75,29.97,45.83,28.57,12.50,21.65
2568,บ้านห้วยบง,พร้าว,เล็ก,นอกเมือง,สำนักงานคณะกรรมการการศึกษาขั้นพื้นฐาน,สพป.เชียงใหม่ เขต 2,8,25.00,43.30,46.88,26.33,25.00,43.30,31.25,15.31,37.50,26.02,31.25,34.80,25.00,25.00,41.67,22.05,18.75,24.21
2568,ประชาสามัคคีวิทยา,พร้าว,เล็ก,นอกเมือง,สำนักงานคณะกรรมการการศึกษาขั้นพื้นฐาน,สพป.เชียงใหม่ เขต 2,7,28.57,45.18,57.14,22.02,0.00,0.00,44.64,33.31,66.67,35.63,42.86,31.94,71.43,36.42,38.10,27.77,21.43,24.74
2568,ประดู่วิทยา,พร้าว,เล็ก,นอกเมือง,สำนักงานคณะกรรมการการศึกษาขั้นพื้นฐาน,สพป.เชียงใหม่ เขต 2,18,38.89,48.75,37.50,17.18,16.67,37.27,52.08,19.65,51.85,16.56,25.00,30.05,50.00,33.33,42.59,14.93,13.89,22.40
2568,พร้าวบูรพา,พร้าว,เล็ก,นอกเมือง,สำนักงานคณะกรรมการการศึกษาขั้นพื้นฐาน,สพป.เชียงใหม่ เขต 2,13,46.15,49.85,13.46,21.07,30.77,46.15,28.85,15.80,53.85,24.59,19.23,24.33,30.77,36.89,28.21,22.06,19.23,31.25
2568,สหกรณ์ดำริ,พร้าว,เล็ก,นอกเมือง,สำนักงานคณะกรรมการการศึกษาขั้นพื้นฐาน,สพป.เชียงใหม่ เขต 2,10,50.00,50.00,25.00,31.62,20.00,40.00,23.75,13.05,53.33,22.11,30.00,24.49,15.00,22.91,53.33,33.99,10.00,20.00
2568,กสิณธร เซนต์เจมส์ เชียงใหม่,เมืองเชียงใหม่,เล็ก,ในเมือง,สำนักงานคณะกรรมการส่งเสริมการศึกษาเอกชน,-,18,77.78,41.57,45.83,26.68,16.67,37.27,53.47,27.26,42.59,21.68,44.44,22.91,58.33,25.00,51.85,22.83,33.33,23.57
2568,โกวิทธำรงเชียงใหม่,เมืองเชียงใหม่,ใหญ่,ในเมือง,สำนักงานคณะกรรมการส่งเสริมการศึกษาเอกชน,-,98,44.90,49.74,29.59,27.28,13.27,33.92,41.45,26.04,50.68,25.30,36.73,30.76,44.90,34.62,49.32,28.26,17.86,25.00
2568,ขาลสุวรรณอนุสรณ์,เมืองเชียงใหม่,เล็ก,ในเมือง,สำนักงานคณะกรรมการส่งเสริมการศึกษาเอกชน,-,22,45.45,49.79,25.00,31.98,13.64,34.32,44.89,25.74,50.00,29.73,25.00,29.19,38.64,39.69,39.39,34.28,34.09,27.74
2568,คำเที่ยงอนุสสรณ์,เมืองเชียงใหม่,กลาง,ในเมือง,สำนักงานคณะกรรมการการศึกษาขั้นพื้นฐาน,สพป.เชียงใหม่ เขต 1,85,64.71,47.79,29.41,28.49,20.00,40.00,35.88,26.83,44.31,29.10,31.18,29.68,40.59,36.38,40.78,29.09,15.29,24.28
2568,จิตราวิทยา,เมืองเชียงใหม่,ใหญ่,ในเมือง,สำนักงานคณะกรรมการส่งเสริมการศึกษาเอกชน,-,150,53.33,49.89,37.17,31.59,11.33,31.70,43.17,26.20,45.33,26.18,26.00,29.84,43.33,37.71,36.67,26.32,22.33,28.60
2568,เจ้าพ่อหลวงอุปถัมภ์ 1,เมืองเชียงใหม่,เล็ก,ในเมือง,สำนักงานคณะกรรมการการศึกษาขั้นพื้นฐาน,สพป.เชียงใหม่ เขต 1,12,33.33,47.14,39.58,31.39,0.00,0.00,42.71,16.50,52.78,25.31,29.17,24.65,29.17,24.65,25.00,19.84,29.17,24.65
2568,ชุมชนเทศบาลวัดศรีดอนไชย,เมืองเชียงใหม่,กลาง,ในเมือง,กรมส่งเสริมการปกครองท้องถิ่น,ท้องถิ่นจังหวัดเชียงใหม่,24,20.83,40.61,21.88,30.88,16.67,37.27,42.71,22.51,54.17,33.07,29.17,35.11,47.92,33.79,43.06,26.32,27.08,28.79
2568,ชุมชนบ้านบวกครกน้อย,เมืองเชียงใหม่,กลาง,ในเมือง,สำนักงานคณะกรรมการการศึกษาขั้นพื้นฐาน,สพป.เชียงใหม่ เขต 1,42,23.81,42.59,26.79,28.03,4.76,21.30,46.43,24.74,46.83,24.19,35.71,33.25,42.86,38.69,47.62,25.35,21.43,27.04
2568,ชุมชนวัดท่าเดื่อ,เมืองเชียงใหม่,เล็ก,ในเมือง,สำนักงานคณะกรรมการการศึกษาขั้นพื้นฐาน,สพป.เชียงใหม่ เขต 1,17,41.18,49.22,30.88,30.35,17.65,38.12,30.88,26.12,43.14,22.18,35.29,33.28,14.71,28.52,35.29,24.17,14.71,28.52
2568,เชียงใหม่คริสเตียน,เมืองเชียงใหม่,ใหญ่,ในเมือง,สำนักงานคณะกรรมการส่งเสริมการศึกษาเอกชน,-,69,40.58,49.10,21.01,23.55,11.59,32.02,36.23,25.10,32.37,25.36,29.71,29.88,28.26,33.49,38.65,27.58,22.46,24.87
2568,ดาราวิทยาลัย,เมืองเชียงใหม่,ใหญ่พิเศษ,ในเมือง,สำนักงานคณะกรรมการส่งเสริมการศึกษาเอกชน,-,395,43.80,49.61,36.84,30.41,11.39,31.77,47.34,27.27,53.76,28.65,34.43,30.26,39.11,35.87,42.19,28.42,18.73,25.97
2568,ท่าศาลา,เมืองเชียงใหม่,เล็ก,ในเมือง,สำนักงานคณะกรรมการการศึกษาขั้นพื้นฐาน,สพป.เชียงใหม่ เขต 1,20,55.00,49.75,33.75,26.55,5.00,21.79,38.13,23.21,31.67,24.66,37.50,34.91,37.50,34.91,38.33,21.79,17.50,23.85
2568,เทพบดินทร์วิทยาเชียงใหม่,เมืองเชียงใหม่,ใหญ่,ในเมือง,สำนักงานคณะกรรมการส่งเสริมการศึกษาเอกชน,-,116,29.31,45.52,25.22,25.74,10.34,30.45,40.63,23.78,40.80,22.78,28.88,32.26,26.72,33.11,38.79,27.31,22.41,28.12
2568,เทศบาลดอกเงิน,เมืองเชียงใหม่,เล็ก,ในเมือง,กรมส่งเสริมการปกครองท้องถิ่น,ท้องถิ่นจังหวัดเชียงใหม่,23,39.13,48.80,30.43,26.54,13.04,33.68,35.33,25.71,50.72,23.81,26.09,29.00,32.61,34.92,36.23,27.65,15.22,23.01
2568,เทศบาลบ้านทรายคำ,เมืองเชียงใหม่,เล็ก,ในเมือง,กรมส่งเสริมการปกครองท้องถิ่น,ท้องถิ่นจังหวัดเชียงใหม่,9,0.00,0.00,38.89,12.42,0.00,0.00,20.83,13.18,33.33,27.22,22.22,24.85,27.78,24.85,22.22,15.71,22.22,24.85
2568,เทศบาลวัดกู่คำ,เมืองเชียงใหม่,เล็ก,ในเมือง,กรมส่งเสริมการปกครองท้องถิ่น,ท้องถิ่นจังหวัดเชียงใหม่,19,31.58,46.48,35.53,31.74,10.53,30.69,50.00,26.59,54.39,22.19,36.84,22.02,36.84,35.70,35.09,25.30,18.42,29.07
2568,เทศบาลวัดเกตการาม,เมืองเชียงใหม่,เล็ก,ในเมือง,กรมส่งเสริมการปกครองท้องถิ่น,ท้องถิ่นจังหวัดเชียงใหม่,18,22.22,41.57,22.22,28.73,5.56,22.91,26.39,22.78,44.44,29.40,30.56,24.37,36.11,36.54,29.63,21.91,25.00,25.00
2568,เทศบาลวัดเชียงยืน,เมืองเชียงใหม่,กลาง,ในเมือง,กรมส่งเสริมการปกครองท้องถิ่น,ท้องถิ่นจังหวัดเชียงใหม่,35,45.71,49.82,40.71,32.23,2.86,16.66,40.71,22.23,51.43,24.36,38.57,29.49,44.29,35.40,49.52,24.39,20.00,24.49
2568,เทศบาลวัดท่าสะต๋อย,เมืองเชียงใหม่,กลาง,ในเมือง,กรมส่งเสริมการปกครองท้องถิ่น,ท้องถิ่นจังหวัดเชียงใหม่,54,46.30,49.86,29.63,26.38,11.11,31.43,37.50,23.69,51.23,29.20,35.19,34.20,43.52,38.55,40.12,28.96,18.52,25.99
2568,เทศบาลวัดป่าแพ่ง,เมืองเชียงใหม่,กลาง,ในเมือง,กรมส่งเสริมการปกครองท้องถิ่น,ท้องถิ่นจังหวัดเชียงใหม่,41,21.95,41.39,41.46,28.48,4.88,21.54,35.06,20.52,36.59,30.18,31.71,32.68,41.46,39.67,44.72,23.98,20.73,27.00
2568,เทศบาลวัดพวกช้าง,เมืองเชียงใหม่,เล็ก,ในเมือง,กรมส่งเสริมการปกครองท้องถิ่น,ท้องถิ่นจังหวัดเชียงใหม่,12,66.67,47.14,58.33,32.81,25.00,43.30,62.50,21.65,66.67,27.22,54.17,24.65,54.17,32.00,36.11,21.34,8.33,18.63
2568,เทศบาลวัดศรีปิงเมือง,เมืองเชียงใหม่,กลาง,ในเมือง,กรมส่งเสริมการปกครองท้องถิ่น,ท้องถิ่นจังหวัดเชียงใหม่,39,51.28,49.98,21.79,20.55,7.69,26.65,30.45,25.76,41.88,29.93,34.62,36.08,29.49,29.35,52.99,25.84,23.08,24.93
2568,เทศบาลวัดศรีสุพรรณ,เมืองเชียงใหม่,กลาง,ในเมือง,กรมส่งเสริมการปกครองท้องถิ่น,ท้องถิ่นจังหวัดเชียงใหม่,25,24.00,42.71,33.00,23.15,16.00,36.66,37.00,20.15,42.67,25.85,20.00,24.49,40.00,40.00,45.33,24.73,14.00,22.45
2568,เทศบาลวัดหมื่นเงินกอง,เมืองเชียงใหม่,เล็ก,ในเมือง,กรมส่งเสริมการปกครองท้องถิ่น,ท้องถิ่นจังหวัดเชียงใหม่,16,31.25,46.35,26.56,20.67,12.50,33.07,31.25,18.75,50.00,23.57,34.38,38.40,46.88,27.78,31.25,21.95,28.13,24.80
2568,บ้านเชิงดอยสุเทพ,เมืองเชียงใหม่,เล็ก,ในเมือง,สำนักงานคณะกรรมการการศึกษาขั้นพื้นฐาน,สพป.เชียงใหม่ เขต 1,9,66.67,47.14,22.22,32.16,22.22,41.57,44.44,34.92,66.67,22.22,50.00,23.57,61.11,31.43,55.56,27.22,22.22,24.85
2568,บ้านดอนปิน,เมืองเชียงใหม่,กลาง,ในเมือง,สำนักงานคณะกรรมการการศึกษาขั้นพื้นฐาน,สพป.เชียงใหม่ เขต 1,36,38.89,48.75,25.00,30.05,8.33,27.64,36.11,25.31,36.11,24.06,30.56,33.91,37.50,36.08,37.96,25.03,20.83,24.65
2568,บ้านท่าหลุกสันทราย,เมืองเชียงใหม่,กลาง,ในเมือง,สำนักงานคณะกรรมการการศึกษาขั้นพื้นฐาน,สพป.เชียงใหม่ เขต 1,20,35.00,47.70,17.50,21.07,5.00,21.79,36.88,23.21,36.67,23.33,25.00,33.54,35.00,42.13,40.00,27.08,12.50,21.65
2568,บ้านโป่งน้อย,เมืองเชียงใหม่,กลาง,ในเมือง,สำนักงานคณะกรรมการการศึกษาขั้นพื้นฐาน,สพป.เชียงใหม่ เขต 1,16,25.00,43.30,29.69,20.19,0.00,0.00,41.41,21.52,52.08,26.27,25.00,25.00,37.50,37.50,43.75,28.18,34.38,23.18
2568,บ้านแม่เหียะสามัคคี,เมืองเชียงใหม่,เล็ก,ในเมือง,สำนักงานคณะกรรมการการศึกษาขั้นพื้นฐาน,สพป.เชียงใหม่ เขต 1,16,87.50,33.07,31.25,24.21,12.50,33.07,45.31,15.86,52.08,20.31,28.13,24.80,56.25,29.97,47.92,26.27,9.38,19.52
2568,ปรินส์รอยแยลส์วิทยาลัย,เมืองเชียงใหม่,ใหญ่พิเศษ,ในเมือง,สำนักงานคณะกรรมการส่งเสริมการศึกษาเอกชน,-,515,60.19,48.95,48.79,28.72,16.50,37.12,67.57,25.07,69.32,26.43,44.37,32.79,59.61,34.69,58.45,30.66,22.82,29.38
2568,พระหฤทัยเชียงใหม่,เมืองเชียงใหม่,ใหญ่,ในเมือง,สำนักงานคณะกรรมการส่งเสริมการศึกษาเอกชน,-,98,29.59,45.65,37.50,25.06,8.16,27.38,42.09,22.83,46.26,25.92,29.08,32.67,25.00,30.51,41.16,27.27,23.47,31.30
2568,พิงครัตน์,เมืองเชียงใหม่,เล็ก,ในเมือง,สำนักงานคณะกรรมการส่งเสริมการศึกษาเอกชน,-,2,50.00,50.00,0.00,0.00,0.00,0.00,81.25,18.75,50.00,16.67,50.00,0.00,75.00,25.00,66.67,0.00,25.00,25.00
2568,พิมานเด็กเชียงใหม่,เมืองเชียงใหม่,กลาง,ในเมือง,สำนักงานคณะกรรมการส่งเสริมการศึกษาเอกชน,-,55,52.73,49.93,48.18,30.84,10.91,31.18,54.77,28.65,52.12,30.99,38.18,35.63,46.36,36.75,48.48,26.07,13.64,22.27
2568,พุทธิโศภน,เมืองเชียงใหม่,ใหญ่,ในเมือง,สำนักงานคณะกรรมการการศึกษาขั้นพื้นฐาน,สพป.เชียงใหม่ เขต 1,136,46.32,49.86,40.26,33.92,13.97,34.67,46.60,27.26,52.70,27.28,31.99,33.58,40.81,35.46,41.67,26.43,20.59,26.06
2568,มงฟอร์ตวิทยาลัย แผนกประถม,เมืองเชียงใหม่,ใหญ่พิเศษ,ในเมือง,สำนักงานคณะกรรมการส่งเสริมการศึกษาเอกชน,-,371,50.94,49.99,43.26,31.39,8.09,27.26,52.29,28.98,58.49,25.94,45.42,30.59,44.07,36.78,45.73,27.29,18.87,27.62
2568,ยุวฑูตศึกษาพัฒนาราชพฤกษ์,เมืองเชียงใหม่,กลาง,ในเมือง,สำนักงานคณะกรรมการส่งเสริมการศึกษาเอกชน,-,16,25.00,43.30,35.94,34.20,6.25,24.21,40.63,21.42,35.42,27.56,31.25,29.97,46.88,32.92,50.00,31.18,3.13,12.10
2568,เรยีนาเชลีวิทยาลัย,เมืองเชียงใหม่,ใหญ่,ในเมือง,สำนักงานคณะกรรมการส่งเสริมการศึกษาเอกชน,-,163,61.35,48.69,35.74,26.12,9.82,29.75,54.60,26.20,53.37,27.27,38.96,32.78,36.20,34.27,46.22,30.96,17.79,24.57
2568,วชิรวิทย์ เชียงใหม่,เมืองเชียงใหม่,กลาง,ในเมือง,สำนักงานคณะกรรมการส่งเสริมการศึกษาเอกชน,-,64,42.19,49.39,38.67,29.29,14.06,34.76,48.05,27.44,50.00,27.64,32.81,26.84,39.84,35.55,32.29,27.62,10.94,22.48
2568,วัดข่วงสิงห์,เมืองเชียงใหม่,กลาง,ในเมือง,สำนักงานคณะกรรมการการศึกษาขั้นพื้นฐาน,สพป.เชียงใหม่ เขต 1,22,59.09,49.17,28.41,18.91,4.55,20.83,49.43,24.27,53.03,23.91,40.91,24.48,38.64,29.89,40.91,30.04,20.45,28.84
2568,วัดขะจาว,เมืองเชียงใหม่,เล็ก,ในเมือง,สำนักงานคณะกรรมการการศึกษาขั้นพื้นฐาน,สพป.เชียงใหม่ เขต 1,24,41.67,49.30,30.21,27.93,12.50,33.07,40.63,23.45,54.17,23.20,35.42,26.92,50.00,35.36,41.67,33.68,27.08,32.21
2568,วัดเจ็ดยอด,เมืองเชียงใหม่,เล็ก,ในเมือง,สำนักงานคณะกรรมการการศึกษาขั้นพื้นฐาน,สพป.เชียงใหม่ เขต 1,9,44.44,49.69,22.22,18.43,33.33,47.14,40.28,14.16,37.04,24.57,55.56,43.74,38.89,31.43,40.74,20.95,11.11,20.79
2568,วัดช่างเคี่ยน,เมืองเชียงใหม่,กลาง,ในเมือง,สำนักงานคณะกรรมการการศึกษาขั้นพื้นฐาน,สพป.เชียงใหม่ เขต 1,21,47.62,49.94,30.95,18.75,9.52,29.35,38.69,26.42,42.86,20.94,14.29,27.36,50.00,30.86,34.92,19.18,19.05,24.28
2568,วัดดอนจั่น,เมืองเชียงใหม่,กลาง,ในเมือง,สำนักงานคณะกรรมการการศึกษาขั้นพื้นฐาน,สพป.เชียงใหม่ เขต 1,59,27.12,44.46,13.14,19.18,13.56,34.24,25.42,19.11,25.99,25.35,16.10,25.11,19.49,26.07,33.33,22.96,18.64,24.18
2568,วัดป่าข่อยใต้,เมืองเชียงใหม่,เล็ก,ในเมือง,สำนักงานคณะกรรมการการศึกษาขั้นพื้นฐาน,สพป.เชียงใหม่ เขต 1,11,36.36,48.10,38.64,12.45,18.18,38.57,56.82,30.32,45.45,21.43,54.55,33.40,50.00,42.64,48.48,29.69,27.27,32.78
2568,วัดป่าแดด,เมืองเชียงใหม่,เล็ก,ในเมือง,สำนักงานคณะกรรมการการศึกษาขั้นพื้นฐาน,สพป.เชียงใหม่ เขต 1,23,47.83,49.95,28.26,23.66,13.04,33.68,36.41,23.86,43.48,30.19,21.74,28.84,26.09,32.54,40.58,25.93,21.74,24.79
2568,วัดป่าตัน,เมืองเชียงใหม่,เล็ก,ในเมือง,สำนักงานคณะกรรมการการศึกษาขั้นพื้นฐาน,สพป.เชียงใหม่ เขต 1,15,33.33,47.14,30.00,27.69,20.00,40.00,40.83,24.35,44.44,23.31,36.67,33.99,30.00,30.55,60.00,27.76,13.33,22.11
2568,วัดเมืองสาตร,เมืองเชียงใหม่,เล็ก,ในเมือง,สำนักงานคณะกรรมการการศึกษาขั้นพื้นฐาน,สพป.เชียงใหม่ เขต 1,6,33.33,47.14,37.50,19.09,16.67,37.27,35.42,18.28,66.67,19.25,58.33,44.88,50.00,50.00,50.00,16.67,16.67,23.57
2568,วัดร้องอ้อ,เมืองเชียงใหม่,กลาง,ในเมือง,สำนักงานคณะกรรมการการศึกษาขั้นพื้นฐาน,สพป.เชียงใหม่ เขต 1,20,25.00,43.30,37.50,25.62,20.00,40.00,31.88,20.72,45.00,30.32,25.00,29.58,32.50,39.61,45.00,30.32,15.00,22.91
2568,วัดวังสิงห์คำ,เมืองเชียงใหม่,กลาง,ในเมือง,สำนักงานคณะกรรมการการศึกษาขั้นพื้นฐาน,สพป.เชียงใหม่ เขต 1,23,56.52,49.57,34.78,30.16,0.00,0.00,53.26,22.18,43.48,22.92,30.43,28.51,45.65,32.68,40.58,27.73,15.22,31.05
2568,วัดสวนดอก,เมืองเชียงใหม่,กลาง,ในเมือง,สำนักงานคณะกรรมการการศึกษาขั้นพื้นฐาน,สพป.เชียงใหม่ เขต 1,35,80.00,40.00,40.71,26.78,8.57,27.99,47.50,26.19,50.48,26.87,57.14,27.11,44.29,37.36,43.81,26.15,24.29,30.17
2568,วัดเสาหิน,เมืองเชียงใหม่,เล็ก,ในเมือง,สำนักงานคณะกรรมการการศึกษาขั้นพื้นฐาน,สพป.เชียงใหม่ เขต 1,18,22.22,41.57,20.83,23.94,22.22,41.57,36.81,29.60,42.59,24.36,22.22,24.85,33.33,33.33,31.48,25.99,25.00,30.05
2568,วัดหนองป่าครั่ง,เมืองเชียงใหม่,เล็ก,ในเมือง,สำนักงานคณะกรรมการการศึกษาขั้นพื้นฐาน,สพป.เชียงใหม่ เขต 1,5,60.00,48.99,60.00,20.00,40.00,48.99,50.00,7.91,66.67,29.81,40.00,37.42,70.00,24.49,46.67,26.67,20.00,24.49
2568,วารีเชียงใหม่,เมืองเชียงใหม่,ใหญ่พิเศษ,ในเมือง,สำนักงานคณะกรรมการส่งเสริมการศึกษาเอกชน,-,176,36.36,48.10,33.66,26.77,10.80,31.03,44.46,26.34,50.38,27.75,31.53,33.50,39.77,35.88,42.61,29.23,21.59,28.99
2568,วิชัยวิทยา,เมืองเชียงใหม่,กลาง,ในเมือง,สำนักงานคณะกรรมการส่งเสริมการศึกษาเอกชน,-,23,34.78,47.63,35.87,31.99,13.04,33.68,51.09,32.74,60.87,25.35,39.13,32.83,32.61,34.92,59.42,33.99,19.57,24.40
2568,ศรีเนห์รู,เมืองเชียงใหม่,เล็ก,ในเมือง,สำนักงานคณะกรรมการการศึกษาขั้นพื้นฐาน,สพป.เชียงใหม่ เขต 1,10,20.00,40.00,30.00,18.71,10.00,30.00,30.00,26.34,60.00,29.06,15.00,32.02,50.00,44.72,30.00,27.69,10.00,20.00
2568,ศิริมังคลาจารย์,เมืองเชียงใหม่,เล็ก,ในเมือง,สำนักงานคณะกรรมการการศึกษาขั้นพื้นฐาน,สพป.เชียงใหม่ เขต 1,6,50.00,50.00,29.17,17.18,0.00,0.00,41.67,27.64,27.78,29.92,25.00,25.00,16.67,23.57,44.44,24.85,25.00,25.00
2568,สอนคนตาบอดภาคเหนือ,เมืองเชียงใหม่,เล็ก,ในเมือง,สำนักบริหารงานการศึกษาพิเศษ,-,0,-,-,-,-,-,-,-,-,-,-,-,-,-,-,-,-,-,-
2568,สังวาลย์วิทยา,เมืองเชียงใหม่,เล็ก,ในเมือง,สำนักงานคณะกรรมการการศึกษาขั้นพื้นฐาน,สพป.เชียงใหม่ เขต 1,6,0.00,0.00,33.33,23.57,0.00,0.00,50.00,23.94,55.56,24.85,16.67,23.57,33.33,37.27,33.33,27.22,8.33,18.63
2568,สันติศึกษา,เมืองเชียงใหม่,เล็ก,ในเมือง,สำนักงานคณะกรรมการส่งเสริมการศึกษาเอกชน,-,22,50.00,50.00,37.50,34.34,9.09,28.75,43.75,24.64,42.42,22.88,47.73,28.11,36.36,34.32,40.91,26.46,29.55,28.84
2568,สาธิตมหาวิทยาลัยเชียงใหม่,เมืองเชียงใหม่,ใหญ่,ในเมือง,สำนักงานปลัดกระทรวงการอุดมศึกษาฯ,-,58,41.38,49.25,51.29,33.93,10.34,30.45,50.86,23.77,54.60,28.83,43.10,31.42,50.00,37.14,45.40,28.16,18.10,25.76
2568,สาธิตมหาวิทยาลัยราชภัฏเชียงใหม่,เมืองเชียงใหม่,กลาง,ในเมือง,สำนักงานปลัดกระทรวงการอุดมศึกษาฯ,-,90,61.11,48.75,31.94,25.28,13.33,33.99,41.39,24.98,43.70,22.58,26.11,28.11,38.33,34.20,40.00,26.39,23.89,24.98
2568,สารสาสน์วิเทศเชียงใหม่,เมืองเชียงใหม่,ใหญ่,ในเมือง,สำนักงานคณะกรรมการส่งเสริมการศึกษาเอกชน,-,102,66.67,47.14,57.60,33.36,8.82,28.36,55.64,24.36,64.38,25.68,42.16,27.78,53.43,35.19,54.58,30.53,20.59,27.43
2568,สารสาสน์วิเทศล้านนา,เมืองเชียงใหม่,ใหญ่,ในเมือง,สำนักงานคณะกรรมการส่งเสริมการศึกษาเอกชน,-,137,50.36,50.00,40.88,33.62,4.38,20.46,49.82,27.64,51.82,28.74,41.61,33.40,36.13,36.11,47.45,28.97,18.98,26.42
2568,โสตศึกษาอนุสารสุนทร,เมืองเชียงใหม่,เล็ก,ในเมือง,สำนักบริหารงานการศึกษาพิเศษ,-,0,-,-,-,-,-,-,-,-,-,-,-,-,-,-,-,-,-,-
2568,อนุบาลเชียงใหม่,เมืองเชียงใหม่,ใหญ่พิเศษ,ในเมือง,สำนักงานคณะกรรมการการศึกษาขั้นพื้นฐาน,สพป.เชียงใหม่ เขต 1,269,65.06,47.68,41.73,27.42,18.96,39.20,57.53,29.38,63.82,29.80,41.26,34.60,51.30,38.42,55.89,31.67,16.73,25.12
2568,อนุบาลบ้านท่อเมืองลัง,เมืองเชียงใหม่,กลาง,ในเมือง,สำนักงานคณะกรรมการการศึกษาขั้นพื้นฐาน,สพป.เชียงใหม่ เขต 1,26,26.92,44.36,32.69,31.60,0.00,0.00,33.17,19.59,47.44,28.00,25.00,31.77,25.00,34.67,37.18,33.75,11.54,21.07
2568,อนุบาลหนองป่าครั่ง,เมืองเชียงใหม่,เล็ก,ในเมือง,กรมส่งเสริมการปกครองท้องถิ่น,ท้องถิ่นจังหวัดเชียงใหม่,14,50.00,50.00,17.86,19.88,7.14,25.75,33.04,24.37,30.95,15.25,35.71,39.77,17.86,30.51,40.48,31.32,7.14,17.50
2568,ชุมชนตำบลท่าผา,แม่แจ่ม,เล็ก,นอกเมือง,สำนักงานคณะกรรมการการศึกษาขั้นพื้นฐาน,สพป.เชียงใหม่ เขต 6,11,36.36,48.10,25.00,21.32,0.00,0.00,43.18,22.84,39.39,19.17,45.45,39.63,27.27,39.10,45.45,32.64,9.09,19.28
2568,ชุมชนบ้านช่างเคิ่ง,แม่แจ่ม,กลาง,นอกเมือง,สำนักงานคณะกรรมการการศึกษาขั้นพื้นฐาน,สพป.เชียงใหม่ เขต 6,14,35.71,47.92,32.14,29.01,14.29,34.99,52.68,28.42,47.62,27.36,28.57,24.74,53.57,35.17,52.38,27.36,14.29,22.59
2568,ชุมชนบ้านพร้าวหนุ่ม,แม่แจ่ม,เล็ก,นอกเมือง,สำนักงานคณะกรรมการการศึกษาขั้นพื้นฐาน,สพป.เชียงใหม่ เขต 6,37,56.76,49.54,40.54,22.77,5.41,22.61,64.86,25.47,52.25,28.52,43.24,26.41,60.81,37.01,48.65,27.50,14.86,22.85
2568,เซนต์โยเซฟแม่แจ่ม,แม่แจ่ม,กลาง,นอกเมือง,สำนักงานคณะกรรมการส่งเสริมการศึกษาเอกชน,-,34,52.94,49.91,25.74,28.11,8.82,28.36,37.13,19.53,41.18,24.33,26.47,27.75,27.94,30.17,39.22,27.38,19.12,27.16
2568,ตำรวจตระเวนชายแดนบางกอก เชฟ แชร์ริตี้ บ้านแม่ขอ,แม่แจ่ม,เล็ก,นอกเมือง,กองบัญชาการตำรวจตระเวนชายแดน,-,7,28.57,45.18,21.43,33.88,14.29,34.99,39.29,22.59,19.05,16.50,21.43,24.74,21.43,24.74,23.81,29.35,14.29,22.59
2568,บ้านกองแขก,แม่แจ่ม,เล็ก,นอกเมือง,สำนักงานคณะกรรมการการศึกษาขั้นพื้นฐาน,สพป.เชียงใหม่ เขต 6,12,25.00,43.30,33.33,25.69,16.67,37.27,37.50,23.94,61.11,18.43,45.83,13.82,33.33,31.18,47.22,31.79,16.67,23.57
2568,บ้านกองแขก สาขาบ้านแม่หลุ,แม่แจ่ม,เล็ก,นอกเมือง,สำนักงานคณะกรรมการการศึกษาขั้นพื้นฐาน,สพป.เชียงใหม่ เขต 6,5,100.00,0.00,10.00,12.25,0.00,0.00,42.50,16.96,20.00,16.33,30.00,24.49,30.00,24.49,33.33,21.08,30.00,24.49
2568,บ้านขุนแม่นาย,แม่แจ่ม,เล็ก,นอกเมือง,สำนักงานคณะกรรมการการศึกษาขั้นพื้นฐาน,สพป.เชียงใหม่ เขต 6,5,20.00,40.00,20.00,18.71,40.00,48.99,35.00,25.50,26.67,13.33,20.00,24.49,40.00,37.42,53.33,16.33,20.00,24.49
2568,บ้านขุนแม่หยอด,แม่แจ่ม,เล็ก,นอกเมือง,สำนักงานคณะกรรมการการศึกษาขั้นพื้นฐาน,สพป.เชียงใหม่ เขต 6,6,16.67,37.27,8.33,18.63,0.00,0.00,45.83,27.64,44.44,15.71,8.33,18.63,33.33,37.27,33.33,38.49,25.00,25.00
2568,บ้านต่อเรือ,แม่แจ่ม,เล็ก,นอกเมือง,สำนักงานคณะกรรมการการศึกษาขั้นพื้นฐาน,สพป.เชียงใหม่ เขต 6,7,85.71,34.99,42.86,29.01,14.29,34.99,35.71,25.38,52.38,16.50,35.71,22.59,42.86,31.94,28.57,21.30,28.57,36.42
2568,บ้านทัพ,แม่แจ่ม,เล็ก,นอกเมือง,สำนักงานคณะกรรมการการศึกษาขั้นพื้นฐาน,สพป.เชียงใหม่ เขต 6,8,87.50,33.07,50.00,35.36,12.50,33.07,42.19,22.48,45.83,23.20,31.25,34.80,37.50,33.07,50.00,28.87,31.25,34.80
2568,บ้านทุ่งแก,แม่แจ่ม,เล็ก,นอกเมือง,สำนักงานคณะกรรมการการศึกษาขั้นพื้นฐาน,สพป.เชียงใหม่ เขต 6,14,57.14,49.49,14.29,15.57,21.43,41.03,31.25,16.19,47.62,30.12,25.00,31.34,32.14,40.56,38.10,32.99,14.29,29.45
2568,บ้านทุ่งแก สาขาแม่แอบ,แม่แจ่ม,เล็ก,นอกเมือง,สำนักงานคณะกรรมการการศึกษาขั้นพื้นฐาน,สพป.เชียงใหม่ เขต 6,12,16.67,37.27,31.25,23.11,16.67,37.27,28.13,15.42,38.89,32.87,25.00,32.27,29.17,37.96,44.44,28.33,29.17,32.00
2568,บ้านทุ่งยาว,แม่แจ่ม,เล็ก,นอกเมือง,สำนักงานคณะกรรมการการศึกษาขั้นพื้นฐาน,สพป.เชียงใหม่ เขต 6,16,25.00,43.30,20.31,15.86,0.00,0.00,43.75,22.53,47.92,26.27,25.00,30.62,40.63,31.72,39.58,31.66,31.25,29.97
2568,บ้านนากลาง,แม่แจ่ม,เล็ก,นอกเมือง,สำนักงานคณะกรรมการการศึกษาขั้นพื้นฐาน,สพป.เชียงใหม่ เขต 6,10,50.00,50.00,27.50,20.77,30.00,45.83,23.75,15.26,36.67,27.69,20.00,33.17,20.00,24.49,23.33,21.34,20.00,33.17
2568,บ้านนากลาง สาขาห้วยผักกูด,แม่แจ่ม,เล็ก,นอกเมือง,สำนักงานคณะกรรมการการศึกษาขั้นพื้นฐาน,สพป.เชียงใหม่ เขต 6,8,25.00,43.30,6.25,10.83,25.00,43.30,21.88,19.52,41.67,27.64,18.75,34.80,56.25,29.97,16.67,23.57,31.25,34.80
2568,บ้านนาฮ่อง,แม่แจ่ม,เล็ก,นอกเมือง,สำนักงานคณะกรรมการการศึกษาขั้นพื้นฐาน,สพป.เชียงใหม่ เขต 6,13,23.08,42.13,13.46,15.86,7.69,26.65,32.69,18.04,23.08,27.38,15.38,23.08,19.23,31.25,25.64,14.04,23.08,31.72
2568,บ้านเนินวิทยา,แม่แจ่ม,เล็ก,นอกเมือง,สำนักงานคณะกรรมการการศึกษาขั้นพื้นฐาน,สพป.เชียงใหม่ เขต 6,16,25.00,43.30,14.06,17.61,0.00,0.00,42.19,20.67,37.50,19.98,40.63,36.31,43.75,42.85,33.33,26.35,12.50,21.65
2568,บ้านปางเกี๊ยะ,แม่แจ่ม,กลาง,นอกเมือง,สำนักงานคณะกรรมการการศึกษาขั้นพื้นฐาน,สพป.เชียงใหม่ เขต 6,39,38.46,48.65,35.26,29.26,20.51,40.38,33.01,21.27,41.03,26.65,37.18,33.43,43.59,34.31,43.59,29.38,21.79,24.79
2568,บ้านปางหินฝน,แม่แจ่ม,เล็ก,นอกเมือง,สำนักงานคณะกรรมการการศึกษาขั้นพื้นฐาน,สพป.เชียงใหม่ เขต 6,11,36.36,48.10,11.36,16.39,0.00,0.00,28.41,23.89,36.36,30.00,9.09,19.28,40.91,35.79,42.42,28.75,27.27,24.90
2568,บ้านปางอุ๋ง,แม่แจ่ม,กลาง,นอกเมือง,สำนักงานคณะกรรมการการศึกษาขั้นพื้นฐาน,สพป.เชียงใหม่ เขต 6,16,12.50,33.07,35.94,27.91,6.25,24.21,42.97,22.95,43.75,22.73,21.88,30.46,56.25,39.03,27.08,21.14,6.25,16.54
2568,บ้านปางอุ๋ง สาขาแม่สะต๊อป,แม่แจ่ม,เล็ก,นอกเมือง,สำนักงานคณะกรรมการการศึกษาขั้นพื้นฐาน,สพป.เชียงใหม่ เขต 6,4,25.00,43.30,18.75,20.73,25.00,43.30,18.75,10.83,25.00,27.64,0.00,0.00,0.00,0.00,41.67,27.64,37.50,21.65
2568,บ้านแปะสามัคคี,แม่แจ่ม,เล็ก,นอกเมือง,สำนักงานคณะกรรมการการศึกษาขั้นพื้นฐาน,สพป.เชียงใหม่ เขต 6,2,0.00,0.00,0.00,0.00,0.00,0.00,25.00,25.00,50.00,16.67,50.00,0.00,75.00,25.00,33.33,0.00,0.00,0.00
2568,บ้านผานัง,แม่แจ่ม,เล็ก,นอกเมือง,สำนักงานคณะกรรมการการศึกษาขั้นพื้นฐาน,สพป.เชียงใหม่ เขต 6,12,75.00,43.30,39.58,25.94,0.00,0.00,38.54,24.72,52.78,28.73,20.83,24.65,41.67,44.88,41.67,24.06,41.67,34.36
2568,บ้านผาละปิ,แม่แจ่ม,เล็ก,นอกเมือง,สำนักงานคณะกรรมการการศึกษาขั้นพื้นฐาน,สพป.เชียงใหม่ เขต 6,6,33.33,47.14,33.33,23.57,0.00,0.00,33.33,31.18,44.44,31.43,16.67,23.57,50.00,28.87,44.44,24.85,16.67,23.57
2568,บ้านพุย สาขาพุยใต้,แม่แจ่ม,เล็ก,นอกเมือง,สำนักงานคณะกรรมการการศึกษาขั้นพื้นฐาน,สพป.เชียงใหม่ เขต 6,3,66.67,47.14,58.33,31.18,0.00,0.00,25.00,0.00,44.44,15.71,50.00,40.82,50.00,40.82,66.67,27.22,0.00,0.00
2568,บ้านแม่ซา,แม่แจ่ม,เล็ก,นอกเมือง,สำนักงานคณะกรรมการการศึกษาขั้นพื้นฐาน,สพป.เชียงใหม่ เขต 6,10,20.00,40.00,30.00,15.00,0.00,0.00,28.75,18.58,30.00,23.33,30.00,33.17,25.00,25.00,40.00,32.66,25.00,25.00
2568,บ้านแม่ตูม,แม่แจ่ม,เล็ก,นอกเมือง,สำนักงานคณะกรรมการการศึกษาขั้นพื้นฐาน,สพป.เชียงใหม่ เขต 6,5,40.00,48.99,10.00,12.25,0.00,0.00,52.50,12.25,33.33,21.08,10.00,20.00,40.00,37.42,26.67,24.94,30.00,24.49
2568,บ้านแม่นาจร,แม่แจ่ม,กลาง,นอกเมือง,สำนักงานคณะกรรมการการศึกษาขั้นพื้นฐาน,สพป.เชียงใหม่ เขต 6,10,40.00,48.99,32.50,19.53,0.00,0.00,37.50,23.05,46.67,26.67,10.00,20.00,25.00,33.54,33.33,21.08,10.00,20.00
2568,บ้านแม่ปาน,แม่แจ่ม,เล็ก,นอกเมือง,สำนักงานคณะกรรมการการศึกษาขั้นพื้นฐาน,สพป.เชียงใหม่ เขต 6,15,33.33,47.14,51.67,26.56,13.33,33.99,44.17,25.36,55.56,28.97,46.67,22.11,46.67,28.67,48.89,29.48,30.00,30.55
2568,บ้านแม่มะลอ,แม่แจ่ม,เล็ก,นอกเมือง,สำนักงานคณะกรรมการการศึกษาขั้นพื้นฐาน,สพป.เชียงใหม่ เขต 6,9,22.22,41.57,27.78,32.16,11.11,31.43,22.22,24.14,33.33,22.22,38.89,31.43,38.89,31.43,33.33,27.22,22.22,24.85
2568,บ้านแม่มุ,แม่แจ่ม,เล็ก,นอกเมือง,สำนักงานคณะกรรมการการศึกษาขั้นพื้นฐาน,สพป.เชียงใหม่ เขต 6,14,0.00,0.00,30.36,30.15,7.14,25.75,32.14,18.12,52.38,27.36,32.14,35.89,25.00,31.34,40.48,36.03,14.29,22.59
2568,บ้านแม่ลอง,แม่แจ่ม,เล็ก,นอกเมือง,กองบัญชาการตำรวจตระเวนชายแดน,-,18,16.67,37.27,20.83,26.68,5.56,22.91,24.31,18.85,31.48,25.99,16.67,28.87,27.78,29.92,27.78,16.67,22.22,24.85
2568,บ้านแม่วาก,แม่แจ่ม,เล็ก,นอกเมือง,สำนักงานคณะกรรมการการศึกษาขั้นพื้นฐาน,สพป.เชียงใหม่ เขต 6,4,100.00,0.00,50.00,17.68,25.00,43.30,31.25,20.73,75.00,14.43,12.50,21.65,37.50,21.65,33.33,23.57,25.00,25.00
2568,บ้านแม่ศึก (มูลนิธิธรรมมาภิรักษ์อุปถัมภ์ที่ 2),แม่แจ่ม,เล็ก,นอกเมือง,สำนักงานคณะกรรมการการศึกษาขั้นพื้นฐาน,สพป.เชียงใหม่ เขต 6,3,33.33,47.14,41.67,11.79,66.67,47.14,50.00,27.00,66.67,27.22,33.33,47.14,50.00,40.82,33.33,0.00,16.67,23.57
2568,บ้านแม่หงานหลวง,แม่แจ่ม,เล็ก,นอกเมือง,สำนักงานคณะกรรมการการศึกษาขั้นพื้นฐาน,สพป.เชียงใหม่ เขต 6,5,40.00,48.99,20.00,18.71,0.00,0.00,37.50,29.58,33.33,21.08,10.00,20.00,40.00,37.42,33.33,29.81,20.00,40.00
2568,บ้านแม่หอย,แม่แจ่ม,เล็ก,นอกเมือง,สำนักงานคณะกรรมการการศึกษาขั้นพื้นฐาน,สพป.เชียงใหม่ เขต 6,4,25.00,43.30,31.25,20.73,25.00,43.30,50.00,30.62,33.33,0.00,0.00,0.00,37.50,21.65,16.67,16.67,25.00,43.30
2568,บ้านแม่เอาะ,แม่แจ่ม,เล็ก,นอกเมือง,สำนักงานคณะกรรมการการศึกษาขั้นพื้นฐาน,สพป.เชียงใหม่ เขต 6,8,37.50,48.41,12.50,12.50,25.00,43.30,37.50,20.73,41.67,27.64,25.00,25.00,6.25,16.54,29.17,11.02,18.75,24.21
2568,บ้านแม่แฮใต้,แม่แจ่ม,เล็ก,นอกเมือง,สำนักงานคณะกรรมการการศึกษาขั้นพื้นฐาน,สพป.เชียงใหม่ เขต 6,20,20.00,40.00,31.25,23.55,0.00,0.00,38.75,21.97,31.67,24.66,35.00,32.02,15.00,22.91,41.67,17.87,17.50,23.85
2568,บ้านแม่แฮเหนือ,แม่แจ่ม,กลาง,นอกเมือง,สำนักงานคณะกรรมการการศึกษาขั้นพื้นฐาน,สพป.เชียงใหม่ เขต 6,54,29.63,45.66,25.46,23.81,5.56,22.91,33.80,20.78,43.83,29.27,28.70,29.82,35.19,35.52,33.95,24.42,19.44,24.37
2568,บ้านแม่แฮเหนือ สาขาแม่แจ๊ะ,แม่แจ่ม,เล็ก,นอกเมือง,สำนักงานคณะกรรมการการศึกษาขั้นพื้นฐาน,สพป.เชียงใหม่ เขต 6,9,33.33,47.14,16.67,16.67,0.00,0.00,29.17,22.05,48.15,27.72,5.56,15.71,16.67,23.57,33.33,22.22,33.33,33.33
2568,บ้านโม่งหลวง,แม่แจ่ม,เล็ก,นอกเมือง,สำนักงานคณะกรรมการการศึกษาขั้นพื้นฐาน,สพป.เชียงใหม่ เขต 6,13,23.08,42.13,23.08,31.72,0.00,0.00,42.31,28.39,43.59,20.19,38.46,28.78,34.62,23.08,20.51,16.22,50.00,19.61
2568,บ้านโม่งหลวง สาขาบ้านแม่อมลานใน,แม่แจ่ม,เล็ก,นอกเมือง,สำนักงานคณะกรรมการการศึกษาขั้นพื้นฐาน,สพป.เชียงใหม่ เขต 6,1,0.00,0.00,50.00,0.00,0.00,0.00,12.50,0.00,33.33,0.00,0.00,0.00,0.00,0.00,66.67,0.00,100.00,0.00
2568,บ้านสบแม่รวม,แม่แจ่ม,เล็ก,นอกเมือง,สำนักงานคณะกรรมการการศึกษาขั้นพื้นฐาน,สพป.เชียงใหม่ เขต 6,8,37.50,48.41,12.50,17.68,12.50,33.07,26.56,17.04,37.50,26.02,25.00,25.00,12.50,21.65,16.67,23.57,37.50,33.07
2568,บ้านสบวาก,แม่แจ่ม,เล็ก,นอกเมือง,สำนักงานคณะกรรมการการศึกษาขั้นพื้นฐาน,สพป.เชียงใหม่ เขต 6,9,11.11,31.43,22.22,18.43,11.11,31.43,31.94,21.34,37.04,24.57,16.67,23.57,5.56,15.71,33.33,27.22,16.67,33.33
2568,บ้านสองธาร,แม่แจ่ม,เล็ก,นอกเมือง,สำนักงานคณะกรรมการการศึกษาขั้นพื้นฐาน,สพป.เชียงใหม่ เขต 6,7,14.29,34.99,21.43,24.74,0.00,0.00,23.21,16.94,52.38,30.12,14.29,22.59,35.71,34.99,9.52,15.06,7.14,17.50
2568,บ้านสามสบ,แม่แจ่ม,เล็ก,นอกเมือง,สำนักงานคณะกรรมการการศึกษาขั้นพื้นฐาน,สพป.เชียงใหม่ เขต 6,5,40.00,48.99,15.00,20.00,20.00,40.00,12.50,15.81,33.33,29.81,40.00,37.42,50.00,31.62,33.33,36.51,30.00,24.49
2568,บ้านห้วยผา,แม่แจ่ม,เล็ก,นอกเมือง,สำนักงานคณะกรรมการการศึกษาขั้นพื้นฐาน,สพป.เชียงใหม่ เขต 6,5,40.00,48.99,30.00,18.71,40.00,48.99,37.50,17.68,46.67,26.67,30.00,24.49,10.00,20.00,26.67,24.94,10.00,20.00
2568,บ้านใหม่พัฒนาสันติ,แม่แจ่ม,เล็ก,นอกเมือง,กองบัญชาการตำรวจตระเวนชายแดน,-,7,0.00,0.00,17.86,22.02,0.00,0.00,32.14,17.50,47.62,24.28,42.86,41.65,7.14,17.50,33.33,17.82,21.43,24.74
2568,บ้านอมขูด,แม่แจ่ม,เล็ก,นอกเมือง,สำนักงานคณะกรรมการการศึกษาขั้นพื้นฐาน,สพป.เชียงใหม่ เขต 6,3,33.33,47.14,50.00,20.41,33.33,47.14,33.33,11.79,77.78,15.71,0.00,0.00,50.00,40.82,11.11,15.71,50.00,0.00
2568,บ้านอมเม็ง,แม่แจ่ม,เล็ก,นอกเมือง,สำนักงานคณะกรรมการการศึกษาขั้นพื้นฐาน,สพป.เชียงใหม่ เขต 6,15,46.67,49.89,20.00,26.14,20.00,40.00,45.00,26.14,44.44,23.31,20.00,30.55,26.67,30.91,55.56,19.88,26.67,24.94
2568,บ้านเฮาะวิทยา,แม่แจ่ม,เล็ก,นอกเมือง,สำนักงานคณะกรรมการการศึกษาขั้นพื้นฐาน,สพป.เชียงใหม่ เขต 6,7,71.43,45.18,57.14,29.01,0.00,0.00,62.50,22.16,52.38,24.28,35.71,22.59,64.29,34.99,42.86,23.33,21.43,24.74
2568,เมืองเด็กวิทยา,แม่แจ่ม,เล็ก,นอกเมือง,สำนักงานคณะกรรมการส่งเสริมการศึกษาเอกชน,-,15,60.00,48.99,53.33,28.67,6.67,24.94,63.33,24.35,53.33,23.73,26.67,24.94,66.67,34.96,51.11,23.93,23.33,24.94
2568,ราชประชานุเคราะห์ 31,แม่แจ่ม,กลาง,นอกเมือง,สำนักบริหารงานการศึกษาพิเศษ,-,22,22.73,41.91,29.55,27.84,18.18,38.57,27.84,19.19,34.85,21.27,20.45,28.84,18.18,24.05,30.30,19.87,15.91,27.74
2568,ศูนย์การเรียนตำรวจตระเวนชายแดนบ้านแม่มุใน บริษัทซีเค พาวเวอร์ จำกัด (มหาชน) อุปถัมภ์,แม่แจ่ม,เล็ก,นอกเมือง,กองบัญชาการตำรวจตระเวนชายแดน,-,7,57.14,49.49,14.29,18.21,0.00,0.00,33.93,21.87,47.62,16.50,28.57,24.74,0.00,0.00,9.52,23.33,21.43,24.74
2568,ศูนย์การเรียนตำรวจตระเวนชายแดนสนั่น-เฉลิมเกตุ นภาศัพท์,แม่แจ่ม,เล็ก,นอกเมือง,กองบัญชาการตำรวจตระเวนชายแดน,-,3,66.67,47.14,16.67,11.79,0.00,0.00,20.83,15.59,33.33,0.00,0.00,0.00,16.67,23.57,33.33,27.22,33.33,23.57
2568,หลวงพัฒนาบ้านพุย,แม่แจ่ม,เล็ก,นอกเมือง,สำนักงานคณะกรรมการการศึกษาขั้นพื้นฐาน,สพป.เชียงใหม่ เขต 6,6,50.00,50.00,33.33,18.63,33.33,47.14,45.83,5.89,38.89,12.42,25.00,25.00,16.67,23.57,22.22,24.85,16.67,23.57
2568,ออป.13,แม่แจ่ม,เล็ก,นอกเมือง,สำนักงานคณะกรรมการการศึกษาขั้นพื้นฐาน,สพป.เชียงใหม่ เขต 6,30,30.00,45.83,30.00,21.79,6.67,24.94,30.83,25.36,36.67,26.32,15.00,29.30,36.67,36.36,36.67,27.69,10.00,20.00
2568,อินทนนท์วิทยา,แม่แจ่ม,เล็ก,นอกเมือง,สำนักงานคณะกรรมการการศึกษาขั้นพื้นฐาน,สพป.เชียงใหม่ เขต 6,11,18.18,38.57,20.45,20.83,9.09,28.75,14.77,22.50,33.33,28.43,31.82,32.14,9.09,19.28,30.30,26.42,18.18,24.05
2568,ชุมชนวัดช่อแล,แม่แตง,เล็ก,นอกเมือง,สำนักงานคณะกรรมการการศึกษาขั้นพื้นฐาน,สพป.เชียงใหม่ เขต 2,28,32.14,46.70,25.89,25.43,10.71,30.93,25.89,21.37,32.14,24.37,25.00,28.35,17.86,27.43,35.71,29.45,8.93,19.15
2568,เชียงใหม่มัธยม,แม่แตง,ใหญ่,นอกเมือง,สำนักงานคณะกรรมการส่งเสริมการศึกษาเอกชน,-,6,83.33,37.27,29.17,17.18,0.00,0.00,47.92,30.12,55.56,31.43,25.00,25.00,25.00,25.00,50.00,16.67,16.67,23.57
2568,ตชด.ไลออนส์มหาจักร 9,แม่แตง,เล็ก,นอกเมือง,กองบัญชาการตำรวจตระเวนชายแดน,-,6,100.00,0.00,66.67,18.63,66.67,47.14,35.42,25.43,66.67,19.25,16.67,23.57,33.33,23.57,27.78,22.91,8.33,18.63
2568,เทศบาลตำบลสันมหาพน,แม่แตง,กลาง,นอกเมือง,กรมส่งเสริมการปกครองท้องถิ่น,ท้องถิ่นจังหวัดเชียงใหม่,21,23.81,42.59,40.48,28.32,9.52,29.35,36.90,17.02,41.27,27.03,19.05,24.28,21.43,29.16,39.68,22.11,28.57,24.74
2568,บ้านก๋ายน้อย,แม่แตง,เล็ก,นอกเมือง,สำนักงานคณะกรรมการการศึกษาขั้นพื้นฐาน,สพป.เชียงใหม่ เขต 2,3,33.33,47.14,16.67,11.79,0.00,0.00,45.83,11.79,22.22,15.71,16.67,23.57,33.33,23.57,11.11,15.71,33.33,23.57
2568,บ้านทับเดื่อ,แม่แตง,เล็ก,นอกเมือง,สำนักงานคณะกรรมการการศึกษาขั้นพื้นฐาน,สพป.เชียงใหม่ เขต 2,6,33.33,47.14,45.83,30.33,16.67,37.27,47.92,13.34,61.11,22.91,8.33,18.63,41.67,34.36,55.56,31.43,25.00,38.19
2568,บ้านบวกหมื้อ,แม่แตง,เล็ก,นอกเมือง,สำนักงานคณะกรรมการการศึกษาขั้นพื้นฐาน,สพป.เชียงใหม่ เขต 2,14,50.00,50.00,35.71,29.45,7.14,25.75,38.39,22.39,52.38,24.28,21.43,31.13,28.57,31.13,35.71,32.03,7.14,17.50
2568,บ้านปง,แม่แตง,เล็ก,นอกเมือง,สำนักงานคณะกรรมการการศึกษาขั้นพื้นฐาน,สพป.เชียงใหม่ เขต 2,10,40.00,48.99,25.00,19.36,20.00,40.00,26.25,25.28,50.00,22.36,20.00,24.49,40.00,30.00,53.33,16.33,15.00,22.91
2568,บ้านปลาดาว,แม่แตง,เล็ก,นอกเมือง,สำนักงานคณะกรรมการส่งเสริมการศึกษาเอกชน,-,15,46.67,49.89,15.00,27.08,20.00,40.00,33.33,24.44,53.33,31.74,20.00,30.55,26.67,35.90,31.11,25.72,6.67,17.00
2568,บ้านปางกว้าง,แม่แตง,เล็ก,นอกเมือง,สำนักงานคณะกรรมการการศึกษาขั้นพื้นฐาน,สพป.เชียงใหม่ เขต 2,6,0.00,0.00,12.50,12.50,0.00,0.00,39.58,16.80,50.00,16.67,16.67,23.57,16.67,23.57,33.33,27.22,33.33,23.57
2568,บ้านปางไม้แดง,แม่แตง,เล็ก,นอกเมือง,สำนักงานคณะกรรมการการศึกษาขั้นพื้นฐาน,สพป.เชียงใหม่ เขต 2,8,25.00,43.30,28.13,19.52,12.50,33.07,50.00,30.62,54.17,23.20,50.00,25.00,75.00,35.36,58.33,32.27,50.00,35.36
2568,บ้านปางห้วยตาด,แม่แตง,เล็ก,นอกเมือง,สำนักงานคณะกรรมการการศึกษาขั้นพื้นฐาน,สพป.เชียงใหม่ เขต 2,13,38.46,48.65,15.38,15.62,7.69,26.65,32.69,16.65,61.54,31.61,11.54,21.07,53.85,36.49,35.90,24.33,38.46,34.83
2568,บ้านปางฮ่าง,แม่แตง,เล็ก,นอกเมือง,สำนักงานคณะกรรมการการศึกษาขั้นพื้นฐาน,สพป.เชียงใหม่ เขต 2,6,16.67,37.27,37.50,31.46,16.67,37.27,37.50,36.80,55.56,24.85,16.67,23.57,16.67,37.27,55.56,36.85,16.67,23.57
2568,บ้านเป้าวิทยาคาร,แม่แตง,เล็ก,นอกเมือง,สำนักงานคณะกรรมการการศึกษาขั้นพื้นฐาน,สพป.เชียงใหม่ เขต 2,11,63.64,48.10,20.45,17.90,0.00,0.00,39.77,31.00,54.55,21.43,31.82,32.14,31.82,32.14,36.36,33.20,22.73,24.90
2568,บ้านผาหมอน,แม่แตง,เล็ก,นอกเมือง,สำนักงานคณะกรรมการการศึกษาขั้นพื้นฐาน,สพป.เชียงใหม่ เขต 2,8,12.50,33.07,18.75,27.24,0.00,0.00,35.94,19.20,12.50,16.14,18.75,24.21,6.25,16.54,37.50,26.02,18.75,24.21
2568,บ้านผึ้ง,แม่แตง,เล็ก,นอกเมือง,สำนักงานคณะกรรมการการศึกษาขั้นพื้นฐาน,สพป.เชียงใหม่ เขต 2,15,46.67,49.89,41.67,25.28,6.67,24.94,42.50,19.26,51.11,26.85,20.00,24.49,46.67,38.59,40.00,27.76,20.00,24.49
2568,บ้านเมืองกื้ด,แม่แตง,เล็ก,นอกเมือง,สำนักงานคณะกรรมการการศึกษาขั้นพื้นฐาน,สพป.เชียงใหม่ เขต 2,16,31.25,46.35,26.56,18.68,6.25,24.21,34.38,20.01,35.42,24.91,31.25,34.80,56.25,39.03,47.92,31.11,34.38,29.15
2568,บ้านแม่ไคร้,แม่แตง,เล็ก,นอกเมือง,สำนักงานคณะกรรมการการศึกษาขั้นพื้นฐาน,สพป.เชียงใหม่ เขต 2,2,50.00,50.00,62.50,37.50,0.00,0.00,25.00,0.00,50.00,16.67,0.00,0.00,50.00,50.00,16.67,16.67,0.00,0.00
2568,บ้านแม่ตะมาน,แม่แตง,เล็ก,นอกเมือง,สำนักงานคณะกรรมการการศึกษาขั้นพื้นฐาน,สพป.เชียงใหม่ เขต 2,21,38.10,48.56,11.90,18.29,9.52,29.35,34.52,23.75,46.03,26.18,23.81,29.35,19.05,24.28,42.86,25.50,30.95,24.28
2568,บ้านแม่แมม,แม่แตง,เล็ก,นอกเมือง,สำนักงานคณะกรรมการการศึกษาขั้นพื้นฐาน,สพป.เชียงใหม่ เขต 2,6,50.00,50.00,12.50,19.09,0.00,0.00,29.17,17.18,50.00,31.91,33.33,23.57,33.33,23.57,27.78,12.42,16.67,23.57
2568,บ้านแม่เลา,แม่แตง,เล็ก,นอกเมือง,สำนักงานคณะกรรมการการศึกษาขั้นพื้นฐาน,สพป.เชียงใหม่ เขต 2,1,100.00,0.00,75.00,0.00,100.00,0.00,75.00,0.00,66.67,0.00,100.00,0.00,100.00,0.00,66.67,0.00,0.00,0.00
2568,บ้านแม่แสะ,แม่แตง,เล็ก,นอกเมือง,สำนักงานคณะกรรมการการศึกษาขั้นพื้นฐาน,สพป.เชียงใหม่ เขต 2,3,0.00,0.00,8.33,11.79,0.00,0.00,33.33,5.89,44.44,15.71,0.00,0.00,50.00,40.82,33.33,0.00,16.67,23.57
2568,ป่าจี้วังแดงวิทยา,แม่แตง,เล็ก,นอกเมือง,สำนักงานคณะกรรมการการศึกษาขั้นพื้นฐาน,สพป.เชียงใหม่ เขต 2,27,40.74,49.14,29.63,24.57,11.11,31.43,23.61,16.43,30.86,23.88,24.07,36.94,18.52,24.15,25.93,26.19,24.07,28.45
2568,ป่าแป๋วิทยา,แม่แตง,เล็ก,นอกเมือง,สำนักงานคณะกรรมการการศึกษาขั้นพื้นฐาน,สพป.เชียงใหม่ เขต 2,9,44.44,49.69,22.22,21.87,11.11,31.43,54.17,23.57,33.33,22.22,22.22,24.85,55.56,36.85,48.15,31.86,27.78,24.85
2568,ภูดินวิทยา,แม่แตง,เล็ก,นอกเมือง,สำนักงานคณะกรรมการการศึกษาขั้นพื้นฐาน,สพป.เชียงใหม่ เขต 2,2,0.00,0.00,0.00,0.00,0.00,0.00,12.50,12.50,0.00,0.00,25.00,25.00,25.00,25.00,0.00,0.00,25.00,25.00
2568,เมฆขจรเชียงใหม่,แม่แตง,เล็ก,นอกเมือง,สำนักงานคณะกรรมการส่งเสริมการศึกษาเอกชน,-,18,61.11,48.75,33.33,22.05,5.56,22.91,34.03,24.58,48.15,31.86,47.22,35.25,58.33,34.36,66.67,29.40,11.11,20.79
2568,ร่ำเปิงวิทยา,แม่แตง,กลาง,นอกเมือง,สำนักงานคณะกรรมการการศึกษาขั้นพื้นฐาน,สพป.เชียงใหม่ เขต 2,33,18.18,38.57,23.48,22.14,9.09,28.75,28.41,21.82,33.33,30.70,27.27,27.77,27.27,30.38,39.39,27.77,16.67,23.57
2568,วัดท่าข้าม,แม่แตง,เล็ก,นอกเมือง,สำนักงานคณะกรรมการการศึกษาขั้นพื้นฐาน,สพป.เชียงใหม่ เขต 2,8,62.50,48.41,25.00,21.65,12.50,33.07,29.69,20.67,33.33,16.67,12.50,21.65,50.00,35.36,37.50,26.02,18.75,34.80
2568,วัดทุ่งหลวง,แม่แตง,เล็ก,นอกเมือง,สำนักงานคณะกรรมการการศึกษาขั้นพื้นฐาน,สพป.เชียงใหม่ เขต 2,10,50.00,50.00,35.00,16.58,30.00,45.83,61.25,25.89,63.33,27.69,65.00,32.02,85.00,22.91,63.33,37.86,20.00,24.49
2568,วัดนาเม็ง,แม่แตง,เล็ก,นอกเมือง,สำนักงานคณะกรรมการการศึกษาขั้นพื้นฐาน,สพป.เชียงใหม่ เขต 2,4,100.00,0.00,12.50,12.50,0.00,0.00,46.88,13.62,50.00,28.87,25.00,25.00,12.50,21.65,33.33,23.57,25.00,43.30
2568,วัดบ้านเหล่า,แม่แตง,เล็ก,นอกเมือง,สำนักงานคณะกรรมการการศึกษาขั้นพื้นฐาน,สพป.เชียงใหม่ เขต 2,13,61.54,48.65,30.77,19.99,7.69,26.65,33.65,21.59,30.77,27.62,11.54,21.07,23.08,31.72,38.46,22.06,30.77,36.89
2568,วัดปางมะกล้วย,แม่แตง,เล็ก,นอกเมือง,สำนักงานคณะกรรมการการศึกษาขั้นพื้นฐาน,สพป.เชียงใหม่ เขต 2,0,-,-,-,-,-,-,-,-,-,-,-,-,-,-,-,-,-,-
2568,วัดแม่กะ,แม่แตง,เล็ก,นอกเมือง,สำนักงานคณะกรรมการการศึกษาขั้นพื้นฐาน,สพป.เชียงใหม่ เขต 2,20,40.00,48.99,28.75,22.74,0.00,0.00,28.75,18.16,46.67,22.11,30.00,24.49,32.50,36.31,41.67,25.55,20.00,24.49
2568,วัดหนองออน,แม่แตง,เล็ก,นอกเมือง,สำนักงานคณะกรรมการการศึกษาขั้นพื้นฐาน,สพป.เชียงใหม่ เขต 2,4,75.00,43.30,37.50,12.50,50.00,50.00,50.00,15.31,50.00,16.67,25.00,25.00,37.50,21.65,41.67,43.30,12.50,21.65
2568,วัดห้วยไร่,แม่แตง,เล็ก,นอกเมือง,สำนักงานคณะกรรมการการศึกษาขั้นพื้นฐาน,สพป.เชียงใหม่ เขต 2,19,26.32,44.03,28.95,25.98,10.53,30.69,32.89,18.68,45.61,24.69,26.32,24.97,57.89,29.30,56.14,26.61,21.05,24.69
2568,สบเปิงวิทยา,แม่แตง,กลาง,นอกเมือง,สำนักงานคณะกรรมการการศึกษาขั้นพื้นฐาน,สพป.เชียงใหม่ เขต 2,18,44.44,49.69,33.33,31.18,16.67,37.27,42.36,24.70,38.89,20.03,13.89,22.40,41.67,38.19,35.19,25.99,13.89,27.92
2568,สันป่ายางวิทยาคาร,แม่แตง,เล็ก,นอกเมือง,สำนักงานคณะกรรมการการศึกษาขั้นพื้นฐาน,สพป.เชียงใหม่ เขต 2,10,30.00,45.83,30.00,29.15,10.00,30.00,23.75,14.20,40.00,29.06,20.00,24.49,20.00,24.49,40.00,20.00,25.00,25.00
2568,สันป่าสักวิทยา,แม่แตง,กลาง,นอกเมือง,สำนักงานคณะกรรมการการศึกษาขั้นพื้นฐาน,สพป.เชียงใหม่ เขต 2,80,33.75,47.29,21.88,24.80,2.50,15.61,37.19,24.12,45.00,26.93,34.38,34.09,34.38,33.16,37.50,28.57,16.88,23.64
2568,สันมหาพนวิทยา,แม่แตง,เล็ก,นอกเมือง,สำนักงานคณะกรรมการการศึกษาขั้นพื้นฐาน,สพป.เชียงใหม่ เขต 2,18,33.33,47.14,22.22,18.43,5.56,22.91,40.97,21.97,38.89,27.78,25.00,34.36,16.67,28.87,35.19,32.34,25.00,25.00
2568,อนุบาลสานสายใยรักเทศบาลเมืองเมืองแกนพัฒนา,แม่แตง,กลาง,นอกเมือง,กรมส่งเสริมการปกครองท้องถิ่น,ท้องถิ่นจังหวัดเชียงใหม่,28,50.00,50.00,20.54,21.19,3.57,18.56,32.59,21.74,33.33,23.57,33.93,32.88,26.79,31.29,39.29,33.40,16.07,23.35
2568,เจ้าพ่อหลวงอุปถัมภ์ 7,แม่ริม,เล็ก,นอกเมือง,สำนักงานคณะกรรมการการศึกษาขั้นพื้นฐาน,สพป.เชียงใหม่ เขต 2,7,0.00,0.00,46.43,15.97,14.29,34.99,41.07,14.51,28.57,32.99,57.14,31.94,35.71,34.99,19.05,24.28,42.86,17.50
2568,เจ้าแม่หลวงอุปถัมภ์ 2,แม่ริม,เล็ก,นอกเมือง,สำนักงานคณะกรรมการการศึกษาขั้นพื้นฐาน,สพป.เชียงใหม่ เขต 2,30,43.33,49.55,40.83,31.28,16.67,37.27,37.08,22.70,47.78,22.25,25.00,30.96,30.00,37.86,45.56,23.54,35.00,36.86
2568,ดอนแก้วเนรมิตปัญญา,แม่ริม,กลาง,นอกเมือง,กรมส่งเสริมการปกครองท้องถิ่น,ท้องถิ่นจังหวัดเชียงใหม่,80,41.25,49.23,29.06,26.05,10.00,30.00,42.19,25.72,49.17,25.26,26.25,28.48,27.50,31.52,40.83,27.88,15.00,22.91
2568,ธีระวัธน์บำเพ็ญ,แม่ริม,กลาง,นอกเมือง,สำนักงานคณะกรรมการส่งเสริมการศึกษาเอกชน,-,78,55.13,49.74,31.09,26.31,8.97,28.58,50.80,19.95,48.29,25.40,21.15,25.97,39.10,34.57,50.00,29.60,13.46,23.58
2568,บ้านกองแหะ,แม่ริม,เล็ก,นอกเมือง,สำนักงานคณะกรรมการการศึกษาขั้นพื้นฐาน,สพป.เชียงใหม่ เขต 2,9,66.67,47.14,25.00,28.87,33.33,47.14,31.94,21.34,18.52,16.56,27.78,41.57,16.67,33.33,48.15,22.83,27.78,24.85
2568,บ้านกาดฮาว,แม่ริม,เล็ก,นอกเมือง,สำนักงานคณะกรรมการการศึกษาขั้นพื้นฐาน,สพป.เชียงใหม่ เขต 2,16,37.50,48.41,23.44,27.20,18.75,39.03,41.41,19.62,33.33,26.35,46.88,27.78,46.88,41.34,47.92,35.29,25.00,35.36
2568,บ้านคุณหมอ,แม่ริม,กลาง,นอกเมือง,สำนักงานคณะกรรมการส่งเสริมการศึกษาเอกชน,-,26,38.46,48.65,38.46,26.16,23.08,42.13,48.56,30.49,56.41,27.38,48.08,35.30,36.54,35.51,35.90,24.33,17.31,23.79
2568,บ้านดอนแก้ว,แม่ริม,กลาง,นอกเมือง,กรมส่งเสริมการปกครองท้องถิ่น,ท้องถิ่นจังหวัดเชียงใหม่,28,39.29,48.84,28.57,23.82,7.14,25.75,36.16,19.29,47.62,20.76,35.71,26.24,48.21,34.02,46.43,25.73,12.50,21.65
2568,บ้านต้นผึ้ง,แม่ริม,เล็ก,นอกเมือง,สำนักงานคณะกรรมการการศึกษาขั้นพื้นฐาน,สพป.เชียงใหม่ เขต 2,10,60.00,48.99,32.50,22.50,20.00,40.00,63.75,18.92,53.33,30.55,45.00,41.53,45.00,47.17,43.33,21.34,15.00,22.91
2568,บ้านทุ่งโป่ง,แม่ริม,กลาง,นอกเมือง,สำนักงานคณะกรรมการการศึกษาขั้นพื้นฐาน,สพป.เชียงใหม่ เขต 2,28,39.29,48.84,22.32,20.42,10.71,30.93,36.61,24.98,47.62,22.59,42.86,34.63,51.79,34.02,41.67,22.93,17.86,27.43
2568,บ้านน้ำริน,แม่ริม,เล็ก,นอกเมือง,สำนักงานคณะกรรมการการศึกษาขั้นพื้นฐาน,สพป.เชียงใหม่ เขต 2,11,36.36,48.10,20.45,17.90,18.18,38.57,37.50,24.43,48.48,26.07,13.64,22.27,40.91,41.66,48.48,29.69,13.64,22.27
2568,บ้านบวกจั่น,แม่ริม,เล็ก,นอกเมือง,สำนักงานคณะกรรมการการศึกษาขั้นพื้นฐาน,สพป.เชียงใหม่ เขต 2,12,58.33,49.30,18.75,23.11,0.00,0.00,29.17,17.92,50.00,16.67,29.17,32.00,41.67,34.36,41.67,27.64,16.67,23.57
2568,บ้านปางไฮ,แม่ริม,กลาง,นอกเมือง,สำนักงานคณะกรรมการการศึกษาขั้นพื้นฐาน,สพป.เชียงใหม่ เขต 2,11,54.55,49.79,54.55,25.71,18.18,38.57,37.50,25.00,51.52,21.85,40.91,19.28,59.09,28.75,48.48,26.07,27.27,24.90
2568,บ้านป่าติ้ว,แม่ริม,เล็ก,นอกเมือง,สำนักงานคณะกรรมการการศึกษาขั้นพื้นฐาน,สพป.เชียงใหม่ เขต 2,18,16.67,37.27,11.11,14.96,11.11,31.43,40.97,24.58,42.59,18.61,33.33,28.87,22.22,29.92,33.33,24.85,27.78,24.85
2568,บ้านโป่งแยงนอก,แม่ริม,เล็ก,นอกเมือง,สำนักงานคณะกรรมการการศึกษาขั้นพื้นฐาน,สพป.เชียงใหม่ เขต 2,20,35.00,47.70,32.50,29.69,5.00,21.79,45.00,29.42,31.67,19.65,30.00,29.15,32.50,36.31,35.00,24.66,27.50,29.47
2568,บ้านโป่งแยงใน,แม่ริม,เล็ก,นอกเมือง,สำนักงานคณะกรรมการการศึกษาขั้นพื้นฐาน,สพป.เชียงใหม่ เขต 2,28,53.57,49.87,45.54,37.23,17.86,38.30,42.86,28.63,48.81,30.19,30.36,36.20,64.29,34.99,39.29,25.28,14.29,22.59
2568,บ้านพระนอน,แม่ริม,เล็ก,นอกเมือง,สำนักงานคณะกรรมการการศึกษาขั้นพื้นฐาน,สพป.เชียงใหม่ เขต 2,20,35.00,47.70,28.75,28.80,5.00,21.79,40.00,23.91,36.67,29.63,30.00,33.17,35.00,39.05,38.33,32.10,20.00,24.49
2568,บ้านเมืองก๊ะ,แม่ริม,เล็ก,นอกเมือง,สำนักงานคณะกรรมการการศึกษาขั้นพื้นฐาน,สพป.เชียงใหม่ เขต 2,8,25.00,43.30,34.38,21.42,12.50,33.07,32.81,22.48,37.50,19.98,31.25,42.85,43.75,29.97,37.50,19.98,6.25,16.54
2568,บ้านแม่สา,แม่ริม,กลาง,นอกเมือง,สำนักงานคณะกรรมการการศึกษาขั้นพื้นฐาน,สพป.เชียงใหม่ เขต 2,9,44.44,49.69,33.33,28.87,11.11,31.43,43.06,29.53,51.85,16.56,22.22,24.85,27.78,34.25,44.44,15.71,16.67,33.33
2568,บ้านริมใต้,แม่ริม,กลาง,นอกเมือง,สำนักงานคณะกรรมการการศึกษาขั้นพื้นฐาน,สพป.เชียงใหม่ เขต 2,151,50.99,49.99,34.77,26.83,13.91,34.60,46.27,24.45,44.81,25.17,33.77,30.75,38.41,39.22,39.51,26.69,18.54,26.75
2568,บ้านศาลา,แม่ริม,กลาง,นอกเมือง,กรมส่งเสริมการปกครองท้องถิ่น,ท้องถิ่นจังหวัดเชียงใหม่,86,37.21,48.34,23.26,20.10,3.49,18.35,36.34,23.00,34.50,28.51,24.42,29.28,25.00,31.21,32.95,27.61,19.19,27.67
2568,บ้านสะลวงนอก,แม่ริม,เล็ก,นอกเมือง,สำนักงานคณะกรรมการการศึกษาขั้นพื้นฐาน,สพป.เชียงใหม่ เขต 2,5,40.00,48.99,20.00,24.49,20.00,40.00,25.00,15.81,33.33,36.51,20.00,24.49,40.00,37.42,33.33,36.51,10.00,20.00
2568,บ้านสันคะยอม,แม่ริม,เล็ก,นอกเมือง,สำนักงานคณะกรรมการการศึกษาขั้นพื้นฐาน,สพป.เชียงใหม่ เขต 2,16,12.50,33.07,34.38,26.33,12.50,33.07,47.66,18.34,52.08,28.79,31.25,24.21,31.25,29.97,37.50,26.02,15.63,29.15
2568,บ้านหนองปลามัน,แม่ริม,เล็ก,นอกเมือง,สำนักงานคณะกรรมการการศึกษาขั้นพื้นฐาน,สพป.เชียงใหม่ เขต 2,21,23.81,42.59,30.95,23.02,9.52,29.35,38.10,20.94,39.68,24.38,14.29,22.59,14.29,22.59,30.16,25.00,14.29,27.36
2568,มูลนิธิมหาราช 5,แม่ริม,เล็ก,นอกเมือง,สำนักงานคณะกรรมการการศึกษาขั้นพื้นฐาน,สพป.เชียงใหม่ เขต 2,12,66.67,47.14,39.58,40.13,0.00,0.00,50.00,20.41,50.00,16.67,25.00,25.00,37.50,29.76,44.44,20.79,20.83,24.65
2568,ราชประชานุเคราะห์ 60 จังหวัดเชียงใหม่,แม่ริม,กลาง,นอกเมือง,สำนักบริหารงานการศึกษาพิเศษ,-,51,29.41,45.56,12.25,19.41,19.61,39.70,33.33,20.96,32.68,23.33,10.78,22.82,20.59,29.99,34.64,25.53,25.49,33.39
2568,วัดทรายมูล,แม่ริม,เล็ก,นอกเมือง,สำนักงานคณะกรรมการการศึกษาขั้นพื้นฐาน,สพป.เชียงใหม่ เขต 2,28,50.00,50.00,15.18,19.29,14.29,34.99,36.16,20.41,30.95,30.77,23.21,34.02,23.21,24.94,29.76,24.13,26.79,24.94
2568,บ้านกาด(เขมวังส์ฯ),แม่วาง,กลาง,นอกเมือง,สำนักงานคณะกรรมการการศึกษาขั้นพื้นฐาน,สพป.เชียงใหม่ เขต 4,51,33.33,47.14,16.67,19.60,5.88,23.53,32.11,23.12,47.06,29.65,24.51,30.31,34.31,34.99,39.22,30.04,26.47,33.36
2568,บ้านทุ่งหลวง,แม่วาง,เล็ก,นอกเมือง,สำนักงานคณะกรรมการการศึกษาขั้นพื้นฐาน,สพป.เชียงใหม่ เขต 4,9,0.00,0.00,22.22,24.85,11.11,31.43,38.89,25.98,66.67,22.22,33.33,33.33,16.67,23.57,33.33,22.22,38.89,31.43
2568,บ้านพันตน,แม่วาง,เล็ก,นอกเมือง,สำนักงานคณะกรรมการการศึกษาขั้นพื้นฐาน,สพป.เชียงใหม่ เขต 4,4,0.00,0.00,31.25,20.73,50.00,50.00,31.25,22.53,41.67,14.43,12.50,21.65,37.50,21.65,33.33,23.57,12.50,21.65
2568,บ้านหนองเต่า,แม่วาง,เล็ก,นอกเมือง,สำนักงานคณะกรรมการการศึกษาขั้นพื้นฐาน,สพป.เชียงใหม่ เขต 4,9,0.00,0.00,25.00,16.67,22.22,41.57,23.61,23.90,44.44,15.71,38.89,20.79,55.56,36.85,37.04,24.57,27.78,34.25
2568,บ้านห้วยข้าวลีบ,แม่วาง,เล็ก,นอกเมือง,สำนักงานคณะกรรมการการศึกษาขั้นพื้นฐาน,สพป.เชียงใหม่ เขต 4,16,6.25,24.21,18.75,13.98,6.25,24.21,35.94,26.47,39.58,17.55,25.00,25.00,15.63,23.18,37.50,19.98,28.13,30.46
2568,บ้านห้วยตอง,แม่วาง,กลาง,นอกเมือง,สำนักงานคณะกรรมการการศึกษาขั้นพื้นฐาน,สพป.เชียงใหม่ เขต 4,17,11.76,32.22,23.53,23.44,11.76,32.22,23.53,23.44,27.45,28.55,32.35,29.41,26.47,38.80,33.33,28.01,20.59,29.99
2568,บ้านเหล่าป่าฝาง,แม่วาง,เล็ก,นอกเมือง,สำนักงานคณะกรรมการการศึกษาขั้นพื้นฐาน,สพป.เชียงใหม่ เขต 4,7,42.86,49.49,28.57,20.82,0.00,0.00,26.79,16.94,28.57,27.77,42.86,41.65,42.86,49.49,19.05,24.28,35.71,34.99
2568,บ้านใหม่สวรรค์,แม่วาง,เล็ก,นอกเมือง,สำนักงานคณะกรรมการการศึกษาขั้นพื้นฐาน,สพป.เชียงใหม่ เขต 4,15,20.00,40.00,48.33,30.91,13.33,33.99,40.83,22.11,46.67,20.37,36.67,28.67,43.33,35.90,53.33,26.67,6.67,17.00
2568,พัฒนาต้นน้ำที่ 5 ขุนวาง,แม่วาง,เล็ก,นอกเมือง,สำนักงานคณะกรรมการการศึกษาขั้นพื้นฐาน,สพป.เชียงใหม่ เขต 4,21,38.10,48.56,29.76,27.41,19.05,39.27,19.64,18.33,47.62,26.37,16.67,23.57,47.62,36.11,30.16,22.78,14.29,27.36
2568,แม่วินสามัคคี,แม่วาง,กลาง,นอกเมือง,สำนักงานคณะกรรมการการศึกษาขั้นพื้นฐาน,สพป.เชียงใหม่ เขต 4,20,15.00,35.71,27.50,26.10,0.00,0.00,32.50,20.69,25.00,25.55,15.00,22.91,22.50,24.87,28.33,24.21,32.50,28.61
2568,วัดดอนเปา,แม่วาง,เล็ก,นอกเมือง,กรมส่งเสริมการปกครองท้องถิ่น,ท้องถิ่นจังหวัดเชียงใหม่,9,44.44,49.69,30.56,30.68,22.22,41.57,45.83,25.69,44.44,15.71,55.56,28.33,22.22,24.85,37.04,24.57,16.67,23.57
2568,วัดทุ่งศาลา,แม่วาง,เล็ก,นอกเมือง,สำนักงานคณะกรรมการการศึกษาขั้นพื้นฐาน,สพป.เชียงใหม่ เขต 4,5,60.00,48.99,25.00,22.36,20.00,40.00,37.50,28.50,20.00,16.33,30.00,40.00,20.00,24.49,46.67,33.99,10.00,20.00
2568,วัดมะกับตองหลวง,แม่วาง,เล็ก,นอกเมือง,สำนักงานคณะกรรมการการศึกษาขั้นพื้นฐาน,สพป.เชียงใหม่ เขต 4,5,40.00,48.99,15.00,12.25,40.00,48.99,32.50,16.96,33.33,29.81,20.00,24.49,20.00,24.49,26.67,24.94,30.00,24.49
2568,วัดศิริชัยนิมิตร,แม่วาง,เล็ก,นอกเมือง,สำนักงานคณะกรรมการการศึกษาขั้นพื้นฐาน,สพป.เชียงใหม่ เขต 4,11,45.45,49.79,36.36,26.89,0.00,0.00,45.45,20.83,57.58,20.55,31.82,32.14,59.09,28.75,54.55,29.38,13.64,22.27
2568,วัดห้วยแก้ว,แม่วาง,เล็ก,นอกเมือง,สำนักงานคณะกรรมการการศึกษาขั้นพื้นฐาน,สพป.เชียงใหม่ เขต 4,5,60.00,48.99,20.00,18.71,20.00,40.00,30.00,25.74,40.00,24.94,50.00,31.62,10.00,20.00,33.33,21.08,30.00,24.49
2568,สโมสรไลออนรัตนโกสินทร์,แม่วาง,เล็ก,นอกเมือง,สำนักงานคณะกรรมการการศึกษาขั้นพื้นฐาน,สพป.เชียงใหม่ เขต 4,5,20.00,40.00,5.00,10.00,20.00,40.00,17.50,18.71,33.33,0.00,10.00,20.00,30.00,24.49,20.00,16.33,20.00,24.49
2568,สารสาสน์วิเทศอุปถัมภ์,แม่วาง,กลาง,นอกเมือง,สำนักงานคณะกรรมการส่งเสริมการศึกษาเอกชน,-,27,22.22,41.57,33.33,30.43,7.41,26.19,49.07,21.76,44.44,25.66,27.78,24.85,18.52,24.15,38.27,29.68,25.93,28.45
2568,หลวงพัฒนาบ้านขุนวาง,แม่วาง,กลาง,นอกเมือง,สำนักงานคณะกรรมการการศึกษาขั้นพื้นฐาน,สพป.เชียงใหม่ เขต 4,21,19.05,39.27,36.90,25.14,4.76,21.30,42.26,20.22,55.56,29.70,40.48,45.30,38.10,34.17,49.21,16.65,16.67,23.57
2568,ทาเหนือวิทยา,แม่ออน,เล็ก,นอกเมือง,สำนักงานคณะกรรมการการศึกษาขั้นพื้นฐาน,สพป.เชียงใหม่ เขต 1,16,50.00,50.00,39.06,27.91,12.50,33.07,40.63,18.49,29.17,28.57,37.50,37.50,46.88,37.37,35.42,32.21,28.13,24.80
2568,บ้านออนกลาง,แม่ออน,เล็ก,นอกเมือง,สำนักงานคณะกรรมการการศึกษาขั้นพื้นฐาน,สพป.เชียงใหม่ เขต 1,7,28.57,45.18,32.14,17.50,0.00,0.00,30.36,14.73,38.10,21.30,42.86,31.94,35.71,34.99,47.62,39.27,21.43,24.74
2568,บ้านออนหลวย,แม่ออน,เล็ก,นอกเมือง,สำนักงานคณะกรรมการการศึกษาขั้นพื้นฐาน,สพป.เชียงใหม่ เขต 1,4,0.00,0.00,43.75,32.48,0.00,0.00,46.88,18.49,16.67,16.67,25.00,25.00,25.00,25.00,33.33,23.57,25.00,25.00
2568,แม่ตะไคร้,แม่ออน,เล็ก,นอกเมือง,สำนักงานคณะกรรมการการศึกษาขั้นพื้นฐาน,สพป.เชียงใหม่ เขต 1,7,28.57,45.18,39.29,29.45,0.00,0.00,25.00,17.68,33.33,35.63,28.57,36.42,42.86,41.65,42.86,23.33,28.57,36.42
2568,วัดดอนชัย,แม่ออน,เล็ก,นอกเมือง,สำนักงานคณะกรรมการการศึกษาขั้นพื้นฐาน,สพป.เชียงใหม่ เขต 1,1,0.00,0.00,50.00,0.00,0.00,0.00,62.50,0.00,66.67,0.00,50.00,0.00,50.00,0.00,33.33,0.00,0.00,0.00
2568,วัดเปาสามขา,แม่ออน,เล็ก,นอกเมือง,สำนักงานคณะกรรมการการศึกษาขั้นพื้นฐาน,สพป.เชียงใหม่ เขต 1,16,62.50,48.41,37.50,35.36,18.75,39.03,28.13,22.32,54.17,30.90,21.88,24.80,43.75,39.03,37.50,30.90,3.13,12.10
2568,วัดห้วยแก้ว,แม่ออน,เล็ก,นอกเมือง,สำนักงานคณะกรรมการการศึกษาขั้นพื้นฐาน,สพป.เชียงใหม่ เขต 1,28,42.86,49.49,47.32,33.63,17.86,38.30,35.71,21.05,51.19,27.43,30.36,33.65,53.57,35.17,42.86,29.35,16.07,30.04
2568,วัดห้วยทราย,แม่ออน,เล็ก,นอกเมือง,สำนักงานคณะกรรมการการศึกษาขั้นพื้นฐาน,สพป.เชียงใหม่ เขต 1,7,42.86,49.49,21.43,15.97,14.29,34.99,42.86,18.73,33.33,25.20,35.71,34.99,57.14,31.94,38.10,27.77,0.00,0.00
2568,หมู่บ้านสหกรณ์ 2,แม่ออน,เล็ก,นอกเมือง,สำนักงานคณะกรรมการการศึกษาขั้นพื้นฐาน,สพป.เชียงใหม่ เขต 1,19,42.11,49.37,28.95,21.86,15.79,36.46,37.50,27.51,43.86,32.54,50.00,39.74,18.42,29.07,45.61,30.99,18.42,24.12
2568,กมล -เรียม สุโกศล (บ้านผาใต้),แม่อาย,เล็ก,นอกเมือง,สำนักงานคณะกรรมการการศึกษาขั้นพื้นฐาน,สพป.เชียงใหม่ เขต 3,8,62.50,48.41,21.88,29.15,12.50,33.07,37.50,20.73,50.00,23.57,43.75,16.54,31.25,34.80,33.33,23.57,43.75,16.54
2568,เจ้าพ่อหลวงอุปถัมภ์ 9,แม่อาย,กลาง,นอกเมือง,สำนักงานคณะกรรมการการศึกษาขั้นพื้นฐาน,สพป.เชียงใหม่ เขต 3,17,58.82,49.22,32.35,26.80,11.76,32.22,45.59,24.23,52.94,23.03,26.47,24.96,38.24,32.22,39.22,30.75,14.71,22.78
2568,ชุมชนบ้านคาย,แม่อาย,กลาง,นอกเมือง,สำนักงานคณะกรรมการการศึกษาขั้นพื้นฐาน,สพป.เชียงใหม่ เขต 3,36,30.56,46.06,27.78,28.12,16.67,37.27,30.90,20.93,53.70,27.53,43.06,29.23,13.89,25.31,32.41,22.89,9.72,19.79
2568,ชุมชนบ้านแม่ฮ่าง,แม่อาย,กลาง,นอกเมือง,สำนักงานคณะกรรมการการศึกษาขั้นพื้นฐาน,สพป.เชียงใหม่ เขต 3,27,25.93,43.82,43.52,28.54,25.93,43.82,45.37,23.36,48.15,24.57,33.33,36.00,51.85,28.81,45.68,24.26,27.78,24.85
2568,โชติคุณเกษมบ้านเมืองงาม,แม่อาย,กลาง,นอกเมือง,สำนักงานคณะกรรมการการศึกษาขั้นพื้นฐาน,สพป.เชียงใหม่ เขต 3,40,37.50,48.41,18.75,19.96,32.50,46.84,31.88,18.32,35.83,27.27,25.00,35.36,25.00,29.58,30.83,30.17,20.00,24.49
2568,ต.ช.ด. ไลออนส์มหาจักร 8,แม่อาย,เล็ก,นอกเมือง,สำนักงานคณะกรรมการการศึกษาขั้นพื้นฐาน,สพป.เชียงใหม่ เขต 3,19,31.58,46.48,21.05,24.69,10.53,30.69,28.29,15.09,29.82,28.40,36.84,27.35,21.05,33.70,31.58,27.52,15.79,23.24
2568,ต.ช.ด.ศึกษานารีอนุสรณ์ 3,แม่อาย,เล็ก,นอกเมือง,สำนักงานคณะกรรมการการศึกษาขั้นพื้นฐาน,สพป.เชียงใหม่ เขต 3,22,63.64,48.10,29.55,20.83,13.64,34.32,31.25,23.16,46.97,21.69,38.64,36.72,27.27,39.10,33.33,31.78,15.91,23.29
2568,ทุติยะโพธิ์อนุสรณ์,แม่อาย,เล็ก,นอกเมือง,กองบัญชาการตำรวจตระเวนชายแดน,-,14,0.00,0.00,25.00,23.15,28.57,45.18,22.32,19.00,19.05,20.76,10.71,20.52,25.00,36.60,40.48,18.60,10.71,27.89
2568,ไทยทนุบ้านสันต้นดู่,แม่อาย,เล็ก,นอกเมือง,สำนักงานคณะกรรมการการศึกษาขั้นพื้นฐาน,สพป.เชียงใหม่ เขต 3,10,50.00,50.00,12.50,16.77,30.00,45.83,32.50,22.50,40.00,29.06,40.00,30.00,35.00,32.02,43.33,30.00,30.00,33.17
2568,ไทยรัฐวิทยา 12 (บ้านเอก),แม่อาย,กลาง,นอกเมือง,สำนักงานคณะกรรมการการศึกษาขั้นพื้นฐาน,สพป.เชียงใหม่ เขต 3,32,40.63,49.11,35.94,30.58,6.25,24.21,54.69,27.20,52.08,23.48,45.31,31.52,56.25,36.98,50.00,32.27,26.56,30.58
2568,บ้านดง,แม่อาย,กลาง,นอกเมือง,สำนักงานคณะกรรมการการศึกษาขั้นพื้นฐาน,สพป.เชียงใหม่ เขต 3,16,43.75,49.61,29.69,26.84,12.50,33.07,39.84,22.63,45.83,35.11,28.13,24.80,40.63,36.31,39.58,31.66,25.00,25.00
2568,บ้านดอนชัย,แม่อาย,เล็ก,นอกเมือง,สำนักงานคณะกรรมการการศึกษาขั้นพื้นฐาน,สพป.เชียงใหม่ เขต 3,10,40.00,48.99,20.00,31.22,20.00,40.00,31.25,18.75,46.67,30.55,35.00,32.02,30.00,33.17,33.33,25.82,25.00,33.54
2568,บ้านท่ามะแกง,แม่อาย,เล็ก,นอกเมือง,สำนักงานคณะกรรมการการศึกษาขั้นพื้นฐาน,สพป.เชียงใหม่ เขต 3,15,73.33,44.22,45.00,26.14,40.00,48.99,54.17,20.24,64.44,30.95,30.00,24.49,50.00,40.82,68.89,33.26,30.00,30.55
2568,บ้านป่าก๊อ,แม่อาย,กลาง,นอกเมือง,สำนักงานคณะกรรมการการศึกษาขั้นพื้นฐาน,สพป.เชียงใหม่ เขต 3,46,15.22,35.92,26.09,27.06,19.57,39.67,27.72,21.48,26.81,25.65,20.65,28.70,28.26,34.03,29.71,19.94,19.57,26.54
2568,บ้านปางต้นเดื่อ,แม่อาย,กลาง,นอกเมือง,สำนักงานคณะกรรมการการศึกษาขั้นพื้นฐาน,สพป.เชียงใหม่ เขต 3,16,18.75,39.03,29.69,25.34,6.25,24.21,24.22,16.81,35.42,24.91,43.75,29.97,37.50,37.50,25.00,25.00,9.38,19.52
2568,บ้านป่าแดง,แม่อาย,กลาง,นอกเมือง,สำนักงานคณะกรรมการการศึกษาขั้นพื้นฐาน,สพป.เชียงใหม่ เขต 3,8,87.50,33.07,15.63,17.40,25.00,43.30,31.25,17.68,29.17,26.02,25.00,35.36,6.25,16.54,37.50,35.11,25.00,25.00
2568,บ้านโป่งไฮ,แม่อาย,เล็ก,นอกเมือง,สำนักงานคณะกรรมการการศึกษาขั้นพื้นฐาน,สพป.เชียงใหม่ เขต 3,14,28.57,45.18,14.29,18.21,28.57,45.18,16.96,16.10,16.67,16.67,21.43,36.42,39.29,33.69,26.19,25.75,14.29,22.59
2568,บ้านแม่สาว,แม่อาย,กลาง,นอกเมือง,สำนักงานคณะกรรมการการศึกษาขั้นพื้นฐาน,สพป.เชียงใหม่ เขต 3,36,19.44,39.58,22.92,22.34,5.56,22.91,38.89,21.61,36.11,24.06,37.50,27.32,37.50,32.00,37.04,29.16,22.22,29.92
2568,บ้านโละ,แม่อาย,เล็ก,นอกเมือง,สำนักงานคณะกรรมการการศึกษาขั้นพื้นฐาน,สพป.เชียงใหม่ เขต 3,4,50.00,50.00,43.75,36.98,0.00,0.00,31.25,27.24,41.67,14.43,37.50,41.46,25.00,25.00,33.33,0.00,25.00,25.00
2568,บ้านสันต้นหมื้อ,แม่อาย,กลาง,นอกเมือง,สำนักงานคณะกรรมการการศึกษาขั้นพื้นฐาน,สพป.เชียงใหม่ เขต 3,34,11.76,32.22,17.65,23.11,11.76,32.22,24.26,17.66,33.33,29.15,5.88,16.11,26.47,34.80,34.31,29.69,14.71,22.78
2568,บ้านสันปอธง,แม่อาย,เล็ก,นอกเมือง,สำนักงานคณะกรรมการการศึกษาขั้นพื้นฐาน,สพป.เชียงใหม่ เขต 3,11,36.36,48.10,38.64,30.83,9.09,28.75,36.36,20.26,36.36,22.27,22.73,24.90,18.18,24.05,45.45,16.03,18.18,24.05
2568,บ้านสันป่าข่า,แม่อาย,เล็ก,นอกเมือง,สำนักงานคณะกรรมการการศึกษาขั้นพื้นฐาน,สพป.เชียงใหม่ เขต 3,12,33.33,47.14,16.67,18.63,16.67,37.27,41.67,23.01,52.78,31.79,16.67,31.18,16.67,23.57,30.56,21.34,33.33,31.18
2568,บ้านสันป่าเหียว,แม่อาย,เล็ก,นอกเมือง,สำนักงานคณะกรรมการการศึกษาขั้นพื้นฐาน,สพป.เชียงใหม่ เขต 3,10,20.00,40.00,25.00,15.81,40.00,48.99,38.75,19.72,46.67,16.33,35.00,32.02,30.00,40.00,53.33,33.99,30.00,33.17
2568,บ้านสุขฤทัย,แม่อาย,กลาง,นอกเมือง,สำนักงานคณะกรรมการการศึกษาขั้นพื้นฐาน,สพป.เชียงใหม่ เขต 3,49,16.33,36.96,17.35,22.13,6.12,23.97,30.61,18.91,42.86,27.77,32.65,32.81,37.76,32.78,36.73,26.29,22.45,28.68
2568,บ้านหนองขี้นกยาง,แม่อาย,เล็ก,นอกเมือง,สำนักงานคณะกรรมการการศึกษาขั้นพื้นฐาน,สพป.เชียงใหม่ เขต 3,7,14.29,34.99,35.71,12.37,0.00,0.00,37.50,18.90,52.38,16.50,21.43,24.74,50.00,26.73,33.33,30.86,21.43,24.74
2568,บ้านหลวง,แม่อาย,เล็ก,นอกเมือง,สำนักงานคณะกรรมการการศึกษาขั้นพื้นฐาน,สพป.เชียงใหม่ เขต 3,5,20.00,40.00,35.00,20.00,40.00,48.99,47.50,16.58,66.67,21.08,60.00,37.42,20.00,24.49,46.67,26.67,20.00,24.49
2568,บ้านห้วยคอกหมู,แม่อาย,เล็ก,นอกเมือง,สำนักงานคณะกรรมการการศึกษาขั้นพื้นฐาน,สพป.เชียงใหม่ เขต 3,18,33.33,47.14,18.06,21.74,16.67,37.27,17.36,14.52,12.96,19.69,27.78,34.25,22.22,34.25,29.63,24.57,16.67,23.57
2568,บ้านห้วยป่าซาง,แม่อาย,เล็ก,นอกเมือง,สำนักงานคณะกรรมการการศึกษาขั้นพื้นฐาน,สพป.เชียงใหม่ เขต 3,21,52.38,49.94,26.19,22.46,4.76,21.30,30.36,20.26,39.68,22.11,14.29,22.59,26.19,29.35,36.51,30.70,30.95,32.65
2568,บ้านห้วยปู,แม่อาย,เล็ก,นอกเมือง,สำนักงานคณะกรรมการการศึกษาขั้นพื้นฐาน,สพป.เชียงใหม่ เขต 3,14,57.14,49.49,23.21,29.07,14.29,34.99,27.68,23.23,45.24,27.04,35.71,29.45,46.43,29.67,26.19,18.60,10.71,20.52
2568,บ้านห้วยม่วง,แม่อาย,เล็ก,นอกเมือง,สำนักงานคณะกรรมการการศึกษาขั้นพื้นฐาน,สพป.เชียงใหม่ เขต 3,7,28.57,45.18,53.57,33.88,0.00,0.00,41.07,14.51,47.62,24.28,21.43,36.42,50.00,37.80,33.33,30.86,7.14,17.50
2568,บ้านห้วยศาลา,แม่อาย,เล็ก,นอกเมือง,สำนักงานคณะกรรมการการศึกษาขั้นพื้นฐาน,สพป.เชียงใหม่ เขต 3,24,37.50,48.41,35.42,32.21,12.50,33.07,30.73,15.72,36.11,30.30,29.17,35.11,35.42,39.47,44.44,20.79,16.67,23.57
2568,บ้านฮ่างต่ำ,แม่อาย,เล็ก,นอกเมือง,สำนักงานคณะกรรมการการศึกษาขั้นพื้นฐาน,สพป.เชียงใหม่ เขต 3,9,33.33,47.14,33.33,31.18,44.44,49.69,44.44,15.71,51.85,27.72,38.89,31.43,44.44,36.85,33.33,22.22,22.22,24.85
2568,ประพันธ์ - อารีย์ หงษ์สกุล (บ้านห้วยห,แม่อาย,กลาง,นอกเมือง,สำนักงานคณะกรรมการการศึกษาขั้นพื้นฐาน,สพป.เชียงใหม่ เขต 3,5,60.00,48.99,40.00,33.91,20.00,40.00,12.50,15.81,53.33,33.99,20.00,24.49,50.00,31.62,40.00,32.66,50.00,31.62
2568,เพียงหลวง 1 (บ้านท่าตอน),แม่อาย,กลาง,นอกเมือง,สำนักงานคณะกรรมการการศึกษาขั้นพื้นฐาน,สพป.เชียงใหม่ เขต 3,60,45.00,49.75,36.67,30.44,10.00,30.00,49.17,28.77,56.11,29.50,29.17,33.28,46.67,40.69,45.00,32.67,24.17,26.60
2568,ราชประชานุเคราะห์ 30,แม่อาย,กลาง,นอกเมือง,สำนักบริหารงานการศึกษาพิเศษ,-,28,17.86,38.30,25.00,24.09,10.71,30.93,25.45,19.90,28.57,23.08,23.21,24.94,30.36,30.88,29.76,22.43,28.57,31.13
2568,วัดห้วยน้ำเย็น,แม่อาย,เล็ก,นอกเมือง,สำนักงานคณะกรรมการการศึกษาขั้นพื้นฐาน,สพป.เชียงใหม่ เขต 3,12,25.00,43.30,31.25,30.83,0.00,0.00,21.88,24.00,25.00,30.81,54.17,37.96,12.50,21.65,41.67,19.84,20.83,32.00
2568,ศึกษานารีอนุสรณ์ 1 บ้านแม่เมืองน้อย,แม่อาย,เล็ก,นอกเมือง,สำนักงานคณะกรรมการการศึกษาขั้นพื้นฐาน,สพป.เชียงใหม่ เขต 3,13,38.46,48.65,30.77,26.23,7.69,26.65,47.12,20.89,56.41,24.05,46.15,23.71,73.08,37.29,43.59,27.38,15.38,23.08
2568,ศึกษานารีอนุสรณ์ 2,แม่อาย,กลาง,นอกเมือง,สำนักงานคณะกรรมการการศึกษาขั้นพื้นฐาน,สพป.เชียงใหม่ เขต 3,9,33.33,47.14,25.00,26.35,11.11,31.43,43.06,18.74,25.93,13.86,22.22,24.85,11.11,20.79,25.93,20.95,11.11,20.79
2568,ศูนย์การเรียนตำรวจตระเวนชายแดนบ้านนามะอื้น,แม่อาย,เล็ก,นอกเมือง,กองบัญชาการตำรวจตระเวนชายแดน,-,8,62.50,48.41,18.75,20.73,0.00,0.00,23.44,15.86,25.00,14.43,37.50,41.46,25.00,25.00,25.00,27.64,31.25,34.80
2568,เฮียงไทยธำรงค์,แม่อาย,เล็ก,นอกเมือง,กองบัญชาการตำรวจตระเวนชายแดน,-,14,14.29,34.99,14.29,22.59,14.29,34.99,14.29,19.96,26.19,22.46,39.29,43.01,25.00,31.34,23.81,26.51,21.43,24.74
2568,ตชด.เบญจมะ1,เวียงแหง,เล็ก,นอกเมือง,กองบัญชาการตำรวจตระเวนชายแดน,-,10,10.00,30.00,7.50,11.46,20.00,40.00,27.50,22.22,40.00,20.00,15.00,22.91,20.00,33.17,26.67,24.94,25.00,25.00
2568,บ้านกองลม,เวียงแหง,กลาง,นอกเมือง,สำนักงานคณะกรรมการการศึกษาขั้นพื้นฐาน,สพป.เชียงใหม่ เขต 3,30,20.00,40.00,40.00,30.00,6.67,24.94,33.75,26.45,42.22,24.24,35.00,29.30,56.67,35.90,38.89,25.94,23.33,30.91
2568,บ้านจอง,เวียงแหง,กลาง,นอกเมือง,สำนักงานคณะกรรมการการศึกษาขั้นพื้นฐาน,สพป.เชียงใหม่ เขต 3,23,39.13,48.80,26.09,20.16,4.35,20.39,28.80,24.57,36.23,25.84,28.26,28.84,32.61,34.92,44.93,28.84,15.22,23.01
2568,บ้านนามน,เวียงแหง,เล็ก,นอกเมือง,สำนักงานคณะกรรมการการศึกษาขั้นพื้นฐาน,สพป.เชียงใหม่ เขต 3,18,44.44,49.69,36.11,33.56,22.22,41.57,24.31,20.61,40.74,28.45,25.00,30.05,33.33,33.33,31.48,32.34,16.67,28.87
2568,บ้านปางป๋อ,เวียงแหง,เล็ก,นอกเมือง,สำนักงานคณะกรรมการการศึกษาขั้นพื้นฐาน,สพป.เชียงใหม่ เขต 3,17,23.53,42.42,27.94,25.56,0.00,0.00,36.76,24.43,37.25,25.26,41.18,35.29,35.29,33.28,31.37,26.74,26.47,24.96
2568,บ้านเปียงหลวง,เวียงแหง,กลาง,นอกเมือง,สำนักงานคณะกรรมการการศึกษาขั้นพื้นฐาน,สพป.เชียงใหม่ เขต 3,53,32.08,46.68,28.30,22.27,16.98,37.55,39.86,21.45,41.51,27.40,18.87,26.11,20.75,24.64,40.88,32.79,23.58,24.96
2568,บ้านม่วงป๊อก,เวียงแหง,กลาง,นอกเมือง,สำนักงานคณะกรรมการการศึกษาขั้นพื้นฐาน,สพป.เชียงใหม่ เขต 3,36,69.44,46.06,32.64,23.44,11.11,31.43,36.81,26.83,51.85,22.83,45.83,29.76,38.89,29.13,40.74,22.38,13.89,25.31
2568,บ้านเวียงแหง,เวียงแหง,กลาง,นอกเมือง,สำนักงานคณะกรรมการการศึกษาขั้นพื้นฐาน,สพป.เชียงใหม่ เขต 3,42,47.62,49.94,20.83,26.12,4.76,21.30,34.82,19.77,42.86,28.44,25.00,25.00,38.10,35.87,28.57,26.80,28.57,24.74
2568,บ้านห้วยไคร้,เวียงแหง,กลาง,นอกเมือง,สำนักงานคณะกรรมการการศึกษาขั้นพื้นฐาน,สพป.เชียงใหม่ เขต 3,23,17.39,37.90,29.35,21.68,8.70,28.18,34.78,20.84,31.88,23.01,21.74,32.39,34.78,27.33,34.78,30.26,19.57,24.40
2568,รัฐราษฎร์อุปถัมภ์,เวียงแหง,กลาง,นอกเมือง,สำนักงานคณะกรรมการการศึกษาขั้นพื้นฐาน,สพป.เชียงใหม่ เขต 3,25,20.00,40.00,39.00,30.89,12.00,32.50,28.00,22.99,52.00,28.41,18.00,31.24,34.00,39.29,37.33,31.72,22.00,28.57
2568,ชุมชนบ้านดง,สะเมิง,เล็ก,นอกเมือง,สำนักงานคณะกรรมการการศึกษาขั้นพื้นฐาน,สพป.เชียงใหม่ เขต 2,19,47.37,49.93,36.84,23.46,5.26,22.33,47.37,24.86,40.35,25.54,21.05,24.69,36.84,31.80,38.60,19.54,23.68,24.97
2568,ชุมชนบ้านแม่สาบ,สะเมิง,เล็ก,นอกเมือง,สำนักงานคณะกรรมการการศึกษาขั้นพื้นฐาน,สพป.เชียงใหม่ เขต 2,9,44.44,49.69,25.00,16.67,0.00,0.00,33.33,15.59,40.74,20.95,27.78,24.85,50.00,40.82,44.44,27.22,16.67,23.57
2568,ทรายทองราษฎร์อุทิศ,สะเมิง,เล็ก,นอกเมือง,สำนักงานคณะกรรมการการศึกษาขั้นพื้นฐาน,สพป.เชียงใหม่ เขต 2,18,44.44,49.69,18.06,23.28,22.22,41.57,35.42,19.65,57.41,21.68,25.00,30.05,44.44,40.45,57.41,28.99,11.11,20.79
2568,บ้านกิ่วเสือ,สะเมิง,เล็ก,นอกเมือง,สำนักงานคณะกรรมการการศึกษาขั้นพื้นฐาน,สพป.เชียงใหม่ เขต 2,7,42.86,49.49,42.86,29.01,14.29,34.99,25.00,24.09,38.10,27.77,42.86,31.94,28.57,24.74,38.10,21.30,21.43,24.74
2568,บ้านนากู่,สะเมิง,เล็ก,นอกเมือง,สำนักงานคณะกรรมการการศึกษาขั้นพื้นฐาน,สพป.เชียงใหม่ เขต 2,5,40.00,48.99,20.00,18.71,20.00,40.00,47.50,5.00,46.67,33.99,40.00,48.99,40.00,48.99,33.33,0.00,30.00,24.49
2568,บ้านบ่อแก้ว,สะเมิง,กลาง,นอกเมือง,สำนักงานคณะกรรมการการศึกษาขั้นพื้นฐาน,สพป.เชียงใหม่ เขต 2,37,45.95,49.84,18.24,22.99,10.81,31.05,36.49,26.22,39.64,25.51,22.97,27.50,32.43,35.29,34.23,25.10,25.68,29.91
2568,บ้านปางขุม,สะเมิง,เล็ก,นอกเมือง,สำนักงานคณะกรรมการการศึกษาขั้นพื้นฐาน,สพป.เชียงใหม่ เขต 2,9,44.44,49.69,27.78,27.50,0.00,0.00,25.00,13.18,44.44,22.22,11.11,20.79,22.22,24.85,33.33,15.71,5.56,15.71
2568,บ้านป่าลาน,สะเมิง,เล็ก,นอกเมือง,สำนักงานคณะกรรมการการศึกษาขั้นพื้นฐาน,สพป.เชียงใหม่ เขต 2,12,58.33,49.30,27.08,31.39,25.00,43.30,45.83,15.59,38.89,32.87,33.33,31.18,37.50,36.08,38.89,29.92,20.83,32.00
2568,บ้านแม่ขะปู,สะเมิง,เล็ก,นอกเมือง,สำนักงานคณะกรรมการการศึกษาขั้นพื้นฐาน,สพป.เชียงใหม่ เขต 2,15,66.67,47.14,26.67,23.21,6.67,24.94,35.00,31.02,48.89,23.93,43.33,30.91,50.00,31.62,42.22,22.66,16.67,29.81
2568,บ้านแม่โต๋,สะเมิง,เล็ก,นอกเมือง,สำนักงานคณะกรรมการการศึกษาขั้นพื้นฐาน,สพป.เชียงใหม่ เขต 2,14,28.57,45.18,25.00,28.35,7.14,25.75,33.04,25.27,45.24,20.34,14.29,22.59,53.57,29.67,26.19,22.46,14.29,22.59
2568,บ้านแม่ยางห้า,สะเมิง,เล็ก,นอกเมือง,สำนักงานคณะกรรมการการศึกษาขั้นพื้นฐาน,สพป.เชียงใหม่ เขต 2,25,44.00,49.64,36.00,33.23,16.00,36.66,34.00,25.87,41.33,23.63,26.00,28.71,32.00,31.24,37.33,30.29,12.00,21.35
2568,บ้านแม่ลานคำ,สะเมิง,เล็ก,นอกเมือง,สำนักงานคณะกรรมการการศึกษาขั้นพื้นฐาน,สพป.เชียงใหม่ เขต 2,16,62.50,48.41,18.75,20.73,0.00,0.00,42.97,21.64,39.58,29.39,37.50,21.65,25.00,35.36,33.33,20.41,18.75,24.21
2568,บ้านแม่แว,สะเมิง,เล็ก,นอกเมือง,สำนักงานคณะกรรมการการศึกษาขั้นพื้นฐาน,สพป.เชียงใหม่ เขต 2,10,30.00,45.83,27.50,20.77,20.00,40.00,30.00,21.07,43.33,26.03,30.00,40.00,35.00,39.05,30.00,27.69,15.00,22.91
2568,บ้านห้วยน้ำจาง,สะเมิง,เล็ก,นอกเมือง,สำนักงานคณะกรรมการการศึกษาขั้นพื้นฐาน,สพป.เชียงใหม่ เขต 2,17,35.29,47.79,39.71,21.11,11.76,32.22,41.91,27.10,47.06,23.03,17.65,23.89,41.18,30.85,49.02,23.20,17.65,29.41
2568,รัปปาปอร์ต,สะเมิง,เล็ก,นอกเมือง,สำนักงานคณะกรรมการการศึกษาขั้นพื้นฐาน,สพป.เชียงใหม่ เขต 2,18,33.33,47.14,20.83,12.50,11.11,31.43,26.39,13.75,51.85,25.39,27.78,29.92,44.44,36.85,35.19,30.37,25.00,30.05
2568,วัดงิ้วเฒ่า,สะเมิง,เล็ก,นอกเมือง,สำนักงานคณะกรรมการการศึกษาขั้นพื้นฐาน,สพป.เชียงใหม่ เขต 2,9,33.33,47.14,36.11,26.64,0.00,0.00,40.28,17.46,48.15,16.56,33.33,33.33,33.33,40.82,33.33,27.22,11.11,20.79
2568,วัดบ้านป้อก,สะเมิง,เล็ก,นอกเมือง,สำนักงานคณะกรรมการการศึกษาขั้นพื้นฐาน,สพป.เชียงใหม่ เขต 2,6,33.33,47.14,37.50,34.61,16.67,37.27,27.08,18.28,38.89,29.92,66.67,37.27,16.67,23.57,50.00,25.46,16.67,23.57
2568,วัดปางเติม,สะเมิง,เล็ก,นอกเมือง,สำนักงานคณะกรรมการการศึกษาขั้นพื้นฐาน,สพป.เชียงใหม่ เขต 2,9,44.44,49.69,22.22,34.25,0.00,0.00,43.06,22.14,48.15,22.83,55.56,36.85,38.89,31.43,44.44,22.22,5.56,15.71
2568,วัดแม่เลย,สะเมิง,เล็ก,นอกเมือง,สำนักงานคณะกรรมการการศึกษาขั้นพื้นฐาน,สพป.เชียงใหม่ เขต 2,10,50.00,50.00,35.00,20.00,20.00,40.00,31.25,15.05,36.67,23.33,20.00,33.17,35.00,45.00,40.00,24.94,30.00,24.49
2568,วัดยั้งเมิน,สะเมิง,เล็ก,นอกเมือง,สำนักงานคณะกรรมการการศึกษาขั้นพื้นฐาน,สพป.เชียงใหม่ เขต 2,10,20.00,40.00,37.50,30.10,0.00,0.00,21.25,16.82,30.00,17.95,35.00,32.02,25.00,33.54,26.67,20.00,30.00,24.49
2568,บ้านกอสะเลียม,สันกำแพง,เล็ก,นอกเมือง,สำนักงานคณะกรรมการการศึกษาขั้นพื้นฐาน,สพป.เชียงใหม่ เขต 1,6,66.67,47.14,20.83,22.44,0.00,0.00,31.25,22.53,44.44,24.85,16.67,23.57,33.33,23.57,44.44,31.43,8.33,18.63
2568,บ้านแช่ช้าง (เทพนานุกูล),สันกำแพง,เล็ก,นอกเมือง,สำนักงานคณะกรรมการการศึกษาขั้นพื้นฐาน,สพป.เชียงใหม่ เขต 1,21,47.62,49.94,20.24,25.14,14.29,34.99,45.24,24.54,58.73,30.70,35.71,31.41,40.48,39.70,50.79,24.38,21.43,24.74
2568,บ้านบวกค้าง,สันกำแพง,เล็ก,นอกเมือง,สำนักงานคณะกรรมการการศึกษาขั้นพื้นฐาน,สพป.เชียงใหม่ เขต 1,8,50.00,50.00,40.63,27.78,12.50,33.07,45.31,28.60,58.33,39.97,25.00,25.00,43.75,29.97,29.17,26.02,6.25,16.54
2568,บ้านบ่อสร้างนรากรประสาท,สันกำแพง,กลาง,นอกเมือง,สำนักงานคณะกรรมการการศึกษาขั้นพื้นฐาน,สพป.เชียงใหม่ เขต 1,40,35.00,47.70,30.00,21.07,15.00,35.71,41.88,24.29,36.67,23.33,25.00,27.39,30.00,31.22,50.00,30.73,25.00,25.00
2568,บ้านมอญ,สันกำแพง,เล็ก,นอกเมือง,สำนักงานคณะกรรมการการศึกษาขั้นพื้นฐาน,สพป.เชียงใหม่ เขต 1,12,50.00,50.00,35.42,18.98,0.00,0.00,47.92,20.31,72.22,18.43,37.50,29.76,54.17,32.00,44.44,28.33,29.17,37.96
2568,บ้านแม่ปูคา,สันกำแพง,เล็ก,นอกเมือง,สำนักงานคณะกรรมการการศึกษาขั้นพื้นฐาน,สพป.เชียงใหม่ เขต 1,19,15.79,36.46,18.42,21.22,15.79,36.46,28.95,21.09,45.61,29.04,15.79,23.24,39.47,26.05,43.86,26.61,21.05,29.54
2568,บ้านสันกำแพง,สันกำแพง,ใหญ่พิเศษ,นอกเมือง,สำนักงานคณะกรรมการการศึกษาขั้นพื้นฐาน,สพป.เชียงใหม่ เขต 1,348,62.64,48.37,38.58,29.55,10.06,30.08,43.35,25.99,49.33,27.27,33.91,31.48,46.12,37.03,41.19,26.66,17.82,25.12
2568,บ้านหนองโค้ง,สันกำแพง,กลาง,นอกเมือง,สำนักงานคณะกรรมการการศึกษาขั้นพื้นฐาน,สพป.เชียงใหม่ เขต 1,46,43.48,49.57,32.07,26.92,17.39,37.90,31.79,21.60,45.65,30.58,33.70,36.20,34.78,35.92,43.48,32.50,22.83,27.00
2568,วัดทรายมูลรัตนศึกษา,สันกำแพง,เล็ก,นอกเมือง,สำนักงานคณะกรรมการการศึกษาขั้นพื้นฐาน,สพป.เชียงใหม่ เขต 1,3,100.00,0.00,16.67,11.79,0.00,0.00,16.67,11.79,33.33,0.00,0.00,0.00,16.67,23.57,44.44,41.57,33.33,47.14
2568,วัดบ้านน้อย,สันกำแพง,เล็ก,นอกเมือง,สำนักงานคณะกรรมการการศึกษาขั้นพื้นฐาน,สพป.เชียงใหม่ เขต 1,13,61.54,48.65,40.38,26.92,0.00,0.00,50.00,14.71,41.03,23.22,23.08,24.93,23.08,24.93,43.59,27.38,23.08,31.72
2568,วัดป่าตาล,สันกำแพง,เล็ก,นอกเมือง,สำนักงานคณะกรรมการการศึกษาขั้นพื้นฐาน,สพป.เชียงใหม่ เขต 1,4,25.00,43.30,31.25,32.48,0.00,0.00,56.25,18.75,66.67,0.00,25.00,25.00,25.00,25.00,33.33,23.57,25.00,25.00
2568,วัดร้องวัวแดงศรีจันทร์วิทยาคาร,สันกำแพง,เล็ก,นอกเมือง,สำนักงานคณะกรรมการการศึกษาขั้นพื้นฐาน,สพป.เชียงใหม่ เขต 1,17,47.06,49.91,30.88,32.69,5.88,23.53,36.76,18.92,31.37,21.30,23.53,24.96,41.18,30.85,47.06,30.38,29.41,24.61
2568,วัดล้านตอง,สันกำแพง,เล็ก,นอกเมือง,สำนักงานคณะกรรมการการศึกษาขั้นพื้นฐาน,สพป.เชียงใหม่ เขต 1,8,50.00,50.00,37.50,30.62,0.00,0.00,43.75,27.95,37.50,11.02,43.75,29.97,62.50,33.07,41.67,32.27,12.50,21.65
2568,วัดสันกลางเหนือ,สันกำแพง,เล็ก,นอกเมือง,สำนักงานคณะกรรมการการศึกษาขั้นพื้นฐาน,สพป.เชียงใหม่ เขต 1,11,36.36,48.10,15.91,16.07,18.18,38.57,55.68,19.48,36.36,30.00,40.91,35.79,54.55,45.00,57.58,32.07,13.64,22.27
2568,วัดสันโค้ง,สันกำแพง,เล็ก,นอกเมือง,สำนักงานคณะกรรมการการศึกษาขั้นพื้นฐาน,สพป.เชียงใหม่ เขต 1,6,33.33,47.14,33.33,18.63,0.00,0.00,43.75,26.76,44.44,31.43,33.33,37.27,41.67,34.36,33.33,27.22,0.00,0.00
2568,วัดสันมะฮกฟ้า,สันกำแพง,เล็ก,นอกเมือง,สำนักงานคณะกรรมการการศึกษาขั้นพื้นฐาน,สพป.เชียงใหม่ เขต 1,19,31.58,46.48,27.63,19.69,31.58,46.48,24.34,21.64,35.09,25.30,36.84,35.70,18.42,24.12,35.09,25.30,21.05,24.69
2568,สวนเด็กสันกำแพง,สันกำแพง,กลาง,นอกเมือง,สำนักงานคณะกรรมการส่งเสริมการศึกษาเอกชน,-,36,38.89,48.75,43.06,37.55,22.22,41.57,53.13,26.08,38.89,26.64,38.89,33.56,34.72,30.78,39.81,31.25,15.28,23.03
2568,สันกำแพงคันธาอนุสรณ์,สันกำแพง,เล็ก,นอกเมือง,สำนักงานคณะกรรมการการศึกษาขั้นพื้นฐาน,สพป.เชียงใหม่ เขต 1,25,40.00,48.99,26.00,25.96,8.00,27.13,32.00,22.38,30.67,28.16,28.00,37.63,20.00,24.49,26.67,26.67,18.00,31.24
2568,ออนใต้วิทยา,สันกำแพง,เล็ก,นอกเมือง,สำนักงานคณะกรรมการการศึกษาขั้นพื้นฐาน,สพป.เชียงใหม่ เขต 1,14,14.29,34.99,28.57,28.12,14.29,34.99,34.82,15.07,50.00,27.46,25.00,25.00,32.14,35.89,26.19,22.46,42.86,31.94
2568,ชลประทานเขื่อนแม่กวงจิราธิวัฒน์อุปถัมภ์,สันทราย,กลาง,นอกเมือง,สำนักงานคณะกรรมการการศึกษาขั้นพื้นฐาน,สพป.เชียงใหม่ เขต 2,31,51.61,49.97,19.35,22.64,12.90,33.52,31.85,23.30,33.33,28.08,16.13,23.37,29.03,33.05,30.11,25.90,24.19,28.03
2568,ต้นกล้า,สันทราย,กลาง,นอกเมือง,สำนักงานคณะกรรมการส่งเสริมการศึกษาเอกชน,-,23,47.83,49.95,55.43,30.36,13.04,33.68,43.48,30.14,63.77,21.79,30.43,28.51,28.26,32.39,49.28,30.88,10.87,20.62
2568,บ้านเจดีย์แม่ครัว,สันทราย,กลาง,นอกเมือง,สำนักงานคณะกรรมการการศึกษาขั้นพื้นฐาน,สพป.เชียงใหม่ เขต 2,63,50.79,49.99,45.24,29.50,19.05,39.27,40.67,24.09,46.56,29.42,38.10,30.49,51.59,39.81,42.86,30.53,23.81,26.51
2568,บ้านท่าเกวียน,สันทราย,เล็ก,นอกเมือง,สำนักงานคณะกรรมการการศึกษาขั้นพื้นฐาน,สพป.เชียงใหม่ เขต 2,18,16.67,37.27,26.39,25.65,5.56,22.91,41.67,31.18,44.44,22.22,25.00,30.05,33.33,33.33,35.19,25.99,11.11,20.79
2568,บ้านบวกเปา,สันทราย,เล็ก,นอกเมือง,สำนักงานคณะกรรมการการศึกษาขั้นพื้นฐาน,สพป.เชียงใหม่ เขต 2,15,33.33,47.14,20.00,22.73,0.00,0.00,26.67,22.30,40.00,24.94,26.67,35.90,26.67,30.91,24.44,22.66,20.00,24.49
2568,บ้านป่าก้าง,สันทราย,เล็ก,นอกเมือง,สำนักงานคณะกรรมการการศึกษาขั้นพื้นฐาน,สพป.เชียงใหม่ เขต 2,8,25.00,43.30,40.63,32.92,0.00,0.00,34.38,24.00,37.50,11.02,18.75,24.21,31.25,34.80,45.83,33.07,12.50,21.65
2568,บ้านป่าบง,สันทราย,เล็ก,นอกเมือง,สำนักงานคณะกรรมการการศึกษาขั้นพื้นฐาน,สพป.เชียงใหม่ เขต 2,15,46.67,49.89,40.00,23.80,13.33,33.99,59.17,23.48,73.33,24.94,46.67,28.67,76.67,24.94,48.89,26.85,43.33,35.90
2568,บ้านป่าเหมือด,สันทราย,เล็ก,นอกเมือง,สำนักงานคณะกรรมการการศึกษาขั้นพื้นฐาน,สพป.เชียงใหม่ เขต 2,18,33.33,47.14,36.11,33.56,0.00,0.00,31.25,18.75,55.56,22.22,22.22,24.85,44.44,32.87,42.59,24.36,19.44,24.37
2568,บ้านโปง,สันทราย,เล็ก,นอกเมือง,สำนักงานคณะกรรมการการศึกษาขั้นพื้นฐาน,สพป.เชียงใหม่ เขต 2,12,16.67,37.27,37.50,29.76,8.33,27.64,35.42,21.55,38.89,22.91,20.83,24.65,29.17,32.00,38.89,22.91,41.67,34.36
2568,บ้านโป่ง,สันทราย,เล็ก,นอกเมือง,สำนักงานคณะกรรมการการศึกษาขั้นพื้นฐาน,สพป.เชียงใหม่ เขต 2,8,25.00,43.30,46.88,19.52,25.00,43.30,18.75,17.68,37.50,19.98,31.25,24.21,25.00,25.00,37.50,19.98,18.75,24.21
2568,บ้านเมืองขอน,สันทราย,เล็ก,นอกเมือง,สำนักงานคณะกรรมการการศึกษาขั้นพื้นฐาน,สพป.เชียงใหม่ เขต 2,6,33.33,47.14,16.67,23.57,0.00,0.00,29.17,17.18,38.89,29.92,25.00,25.00,41.67,44.88,55.56,15.71,8.33,18.63
2568,บ้านแม่โจ้,สันทราย,กลาง,นอกเมือง,สำนักงานคณะกรรมการการศึกษาขั้นพื้นฐาน,สพป.เชียงใหม่ เขต 2,77,36.36,48.10,21.75,19.47,7.79,26.80,30.03,23.77,41.99,23.66,28.57,31.65,25.32,30.82,44.59,27.19,16.88,27.46
2568,บ้านแม่แต,สันทราย,เล็ก,นอกเมือง,สำนักงานคณะกรรมการการศึกษาขั้นพื้นฐาน,สพป.เชียงใหม่ เขต 2,4,0.00,0.00,37.50,21.65,25.00,43.30,40.63,16.24,41.67,27.64,12.50,21.65,62.50,41.46,66.67,23.57,37.50,41.46
2568,บ้านแม่แฝก,สันทราย,เล็ก,นอกเมือง,สำนักงานคณะกรรมการการศึกษาขั้นพื้นฐาน,สพป.เชียงใหม่ เขต 2,17,41.18,49.22,51.47,32.62,23.53,42.42,51.47,23.04,66.67,22.87,32.35,23.89,67.65,29.41,49.02,36.37,14.71,28.52
2568,บ้านแม่ย่อย,สันทราย,เล็ก,นอกเมือง,สำนักงานคณะกรรมการการศึกษาขั้นพื้นฐาน,สพป.เชียงใหม่ เขต 2,18,33.33,47.14,16.67,16.67,11.11,31.43,45.83,27.00,48.15,25.39,36.11,22.40,30.56,33.91,48.15,35.52,25.00,25.00
2568,บ้านร่มหลวง,สันทราย,เล็ก,นอกเมือง,สำนักงานคณะกรรมการการศึกษาขั้นพื้นฐาน,สพป.เชียงใหม่ เขต 2,15,26.67,44.22,26.67,17.00,6.67,24.94,30.00,21.31,46.67,16.33,23.33,30.91,30.00,30.55,33.33,29.81,13.33,22.11
2568,บ้านศรีงาม,สันทราย,เล็ก,นอกเมือง,สำนักงานคณะกรรมการการศึกษาขั้นพื้นฐาน,สพป.เชียงใหม่ เขต 2,7,28.57,45.18,46.43,24.74,0.00,0.00,32.14,16.17,28.57,21.30,14.29,22.59,35.71,44.03,33.33,17.82,14.29,22.59
2568,บ้านศรีบุญเรือง,สันทราย,กลาง,นอกเมือง,สำนักงานคณะกรรมการการศึกษาขั้นพื้นฐาน,สพป.เชียงใหม่ เขต 2,23,34.78,47.63,20.65,20.39,8.70,28.18,31.52,20.15,42.03,32.92,23.91,35.72,34.78,34.37,33.33,27.80,15.22,23.01
2568,บ้านสันพระเนตร,สันทราย,เล็ก,นอกเมือง,สำนักงานคณะกรรมการการศึกษาขั้นพื้นฐาน,สพป.เชียงใหม่ เขต 2,11,27.27,44.54,15.91,22.03,9.09,28.75,36.36,18.81,45.45,25.71,22.73,32.78,27.27,24.90,54.55,21.43,13.64,22.27
2568,บ้านสันศรี,สันทราย,เล็ก,นอกเมือง,สำนักงานคณะกรรมการการศึกษาขั้นพื้นฐาน,สพป.เชียงใหม่ เขต 2,9,77.78,41.57,41.67,26.35,22.22,41.57,40.28,27.50,55.56,22.22,33.33,23.57,55.56,36.85,51.85,31.86,27.78,24.85
2568,บ้านหนองไคร้,สันทราย,กลาง,นอกเมือง,สำนักงานคณะกรรมการการศึกษาขั้นพื้นฐาน,สพป.เชียงใหม่ เขต 2,66,40.91,49.17,32.58,27.51,7.58,26.46,44.89,24.03,50.00,27.37,39.39,34.28,48.48,38.90,41.92,27.41,25.00,30.46
2568,บ้านหนองมะจับ,สันทราย,เล็ก,นอกเมือง,สำนักงานคณะกรรมการการศึกษาขั้นพื้นฐาน,สพป.เชียงใหม่ เขต 2,4,50.00,50.00,50.00,17.68,0.00,0.00,53.13,18.49,41.67,14.43,50.00,0.00,25.00,25.00,91.67,14.43,12.50,21.65
2568,บ้านหนองหาร,สันทราย,เล็ก,นอกเมือง,สำนักงานคณะกรรมการการศึกษาขั้นพื้นฐาน,สพป.เชียงใหม่ เขต 2,11,100.00,0.00,29.55,20.83,9.09,28.75,69.32,22.84,66.67,24.62,27.27,24.90,45.45,33.40,36.36,22.27,18.18,24.05
2568,บ้านหลักปัน,สันทราย,กลาง,นอกเมือง,สำนักงานคณะกรรมการการศึกษาขั้นพื้นฐาน,สพป.เชียงใหม่ เขต 2,17,52.94,49.91,45.59,28.74,17.65,38.12,38.24,23.67,45.10,27.87,26.47,30.28,29.41,38.57,52.94,28.14,5.88,16.11
2568,บ้านห้วยเกี๋ยง,สันทราย,กลาง,นอกเมือง,สำนักงานคณะกรรมการการศึกษาขั้นพื้นฐาน,สพป.เชียงใหม่ เขต 2,49,40.82,49.15,26.02,24.20,6.12,23.97,35.20,22.68,42.86,26.94,17.35,25.85,29.59,30.17,38.10,26.08,16.33,23.45
2568,บ้านหัวฝาย,สันทราย,เล็ก,นอกเมือง,สำนักงานคณะกรรมการการศึกษาขั้นพื้นฐาน,สพป.เชียงใหม่ เขต 2,7,57.14,49.49,50.00,23.15,42.86,49.49,44.64,31.24,57.14,23.33,42.86,17.50,85.71,22.59,42.86,23.33,14.29,22.59
2568,พงษ์พิกุลเชียงใหม่,สันทราย,กลาง,นอกเมือง,สำนักงานคณะกรรมการส่งเสริมการศึกษาเอกชน,-,32,21.88,41.34,24.22,22.08,6.25,24.21,27.73,18.42,39.58,26.92,28.13,35.22,25.00,27.95,32.29,22.80,14.06,22.48
2568,วัดแม่แก้ดน้อย,สันทราย,ใหญ่,นอกเมือง,สำนักงานคณะกรรมการการศึกษาขั้นพื้นฐาน,สพป.เชียงใหม่ เขต 2,114,39.47,48.88,26.75,26.22,6.14,24.01,33.00,22.83,44.44,25.23,31.58,31.94,39.47,38.32,36.26,27.42,18.42,26.71
2568,วัดสันคะยอม,สันทราย,เล็ก,นอกเมือง,สำนักงานคณะกรรมการการศึกษาขั้นพื้นฐาน,สพป.เชียงใหม่ เขต 2,18,44.44,49.69,36.11,27.92,11.11,31.43,45.14,29.21,40.74,26.19,41.67,38.19,50.00,33.33,46.30,22.60,8.33,18.63
2568,วัดสันทรายมูล,สันทราย,เล็ก,นอกเมือง,สำนักงานคณะกรรมการการศึกษาขั้นพื้นฐาน,สพป.เชียงใหม่ เขต 2,16,25.00,43.30,32.81,24.56,18.75,39.03,49.22,24.39,41.67,22.05,25.00,25.00,28.13,30.46,47.92,28.79,9.38,19.52
2568,วีรยาเชียงใหม่,สันทราย,กลาง,นอกเมือง,สำนักงานคณะกรรมการส่งเสริมการศึกษาเอกชน,-,37,43.24,49.54,36.49,27.01,10.81,31.05,48.31,28.35,61.26,25.13,43.24,37.06,41.89,33.92,51.35,29.61,10.81,23.64
2568,ศรีสังวาลย์เชียงใหม่,สันทราย,กลาง,นอกเมือง,สำนักบริหารงานการศึกษาพิเศษ,-,0,-,-,-,-,-,-,-,-,-,-,-,-,-,-,-,-,-,-
2568,สวนองุ่นเชียงใหม่,สันทราย,กลาง,นอกเมือง,สำนักงานคณะกรรมการส่งเสริมการศึกษาเอกชน,-,37,75.68,42.90,35.81,31.05,16.22,36.86,53.38,29.16,49.55,25.26,28.38,31.92,50.00,38.55,43.24,24.34,20.27,27.16
2568,สันทรายหลวง,สันทราย,กลาง,นอกเมือง,สำนักงานคณะกรรมการการศึกษาขั้นพื้นฐาน,สพป.เชียงใหม่ เขต 2,55,50.91,49.99,37.27,25.17,16.36,36.99,49.32,27.94,59.39,28.21,30.91,32.32,47.27,33.60,49.09,31.69,10.00,22.16
2568,กิ่วแลน้อยประสิทธิ์วิทยา,สันป่าตอง,กลาง,นอกเมือง,สำนักงานคณะกรรมการการศึกษาขั้นพื้นฐาน,สพป.เชียงใหม่ เขต 4,16,31.25,46.35,28.13,30.46,25.00,43.30,33.59,22.84,50.00,26.35,28.13,39.40,25.00,30.62,47.92,31.11,21.88,24.80
2568,ชุมชนกิ่วแลหลวงประสิทธิ์วิทยา,สันป่าตอง,เล็ก,นอกเมือง,สำนักงานคณะกรรมการการศึกษาขั้นพื้นฐาน,สพป.เชียงใหม่ เขต 4,7,0.00,0.00,35.71,29.45,14.29,34.99,25.00,6.68,52.38,30.12,28.57,24.74,35.71,22.59,28.57,21.30,28.57,24.74
2568,ทุ่งฟ้าบดราษฎร์บำรุง,สันป่าตอง,กลาง,นอกเมือง,กรมส่งเสริมการปกครองท้องถิ่น,ท้องถิ่นจังหวัดเชียงใหม่,93,37.63,48.45,30.38,24.00,6.45,24.57,40.86,22.76,42.65,24.13,25.27,28.04,36.56,35.27,37.99,26.59,17.74,25.02
2568,บ้านทุ่งเสี้ยว (นวรัฐ),สันป่าตอง,เล็ก,นอกเมือง,สำนักงานคณะกรรมการการศึกษาขั้นพื้นฐาน,สพป.เชียงใหม่ เขต 4,18,44.44,49.69,38.89,33.56,33.33,47.14,34.72,28.73,42.59,31.04,22.22,29.92,36.11,40.16,40.74,26.19,19.44,24.37
2568,บ้านเปียง,สันป่าตอง,เล็ก,นอกเมือง,สำนักงานคณะกรรมการการศึกษาขั้นพื้นฐาน,สพป.เชียงใหม่ เขต 4,9,33.33,47.14,33.33,23.57,0.00,0.00,45.83,28.87,29.63,24.57,27.78,41.57,61.11,31.43,25.93,30.54,16.67,23.57
2568,บ้านม่วงพี่น้อง,สันป่าตอง,เล็ก,นอกเมือง,สำนักงานคณะกรรมการการศึกษาขั้นพื้นฐาน,สพป.เชียงใหม่ เขต 4,9,33.33,47.14,13.89,12.42,0.00,0.00,20.83,8.33,29.63,29.16,22.22,24.85,22.22,24.85,44.44,15.71,27.78,34.25
2568,บ้านแม่กุ้งหลวง,สันป่าตอง,เล็ก,นอกเมือง,สำนักงานคณะกรรมการการศึกษาขั้นพื้นฐาน,สพป.เชียงใหม่ เขต 4,5,40.00,48.99,10.00,12.25,0.00,0.00,35.00,20.00,46.67,16.33,40.00,37.42,20.00,24.49,20.00,26.67,10.00,20.00
2568,บ้านร่องน้ำ,สันป่าตอง,เล็ก,นอกเมือง,สำนักงานคณะกรรมการการศึกษาขั้นพื้นฐาน,สพป.เชียงใหม่ เขต 4,2,50.00,50.00,62.50,37.50,50.00,50.00,25.00,25.00,33.33,33.33,0.00,0.00,25.00,25.00,50.00,16.67,25.00,25.00
2568,บ้านห้วยส้ม,สันป่าตอง,เล็ก,นอกเมือง,สำนักงานคณะกรรมการการศึกษาขั้นพื้นฐาน,สพป.เชียงใหม่ เขต 4,19,73.68,44.03,56.58,29.07,68.42,46.48,75.66,20.47,64.91,22.87,44.74,15.34,73.68,44.03,64.91,25.30,18.42,29.07
2568,บ้านหัวริน,สันป่าตอง,เล็ก,นอกเมือง,สำนักงานคณะกรรมการการศึกษาขั้นพื้นฐาน,สพป.เชียงใหม่ เขต 4,20,60.00,48.99,23.75,20.12,15.00,35.71,51.88,25.70,48.33,22.30,27.50,33.45,27.50,33.45,50.00,28.87,30.00,33.17
2568,พัฒนวิทย์ศึกษา,สันป่าตอง,ใหญ่,นอกเมือง,สำนักงานคณะกรรมการส่งเสริมการศึกษาเอกชน,-,70,27.14,44.47,20.71,23.13,17.14,37.69,37.14,23.90,41.90,25.63,22.14,30.04,19.29,30.81,35.71,31.03,17.14,23.73
2568,วัดกู่คำ,สันป่าตอง,เล็ก,นอกเมือง,สำนักงานคณะกรรมการการศึกษาขั้นพื้นฐาน,สพป.เชียงใหม่ เขต 4,22,18.18,38.57,21.59,18.91,9.09,28.75,30.68,21.23,37.88,20.83,18.18,24.05,18.18,28.39,39.39,19.17,20.45,28.84
2568,วัดช่างกระดาษ,สันป่าตอง,เล็ก,นอกเมือง,สำนักงานคณะกรรมการการศึกษาขั้นพื้นฐาน,สพป.เชียงใหม่ เขต 4,4,0.00,0.00,25.00,17.68,0.00,0.00,37.50,26.52,33.33,23.57,25.00,25.00,12.50,21.65,33.33,23.57,12.50,21.65
2568,วัดดงป่างิ้ว,สันป่าตอง,เล็ก,นอกเมือง,สำนักงานคณะกรรมการการศึกษาขั้นพื้นฐาน,สพป.เชียงใหม่ เขต 4,2,100.00,0.00,0.00,0.00,50.00,50.00,43.75,18.75,16.67,16.67,25.00,25.00,50.00,0.00,33.33,0.00,25.00,25.00
2568,วัดท่ากาน,สันป่าตอง,เล็ก,นอกเมือง,สำนักงานคณะกรรมการการศึกษาขั้นพื้นฐาน,สพป.เชียงใหม่ เขต 4,6,66.67,47.14,33.33,11.79,0.00,0.00,43.75,15.73,38.89,12.42,25.00,25.00,58.33,34.36,44.44,31.43,33.33,23.57
2568,วัดน้ำบ่อหลวง,สันป่าตอง,เล็ก,นอกเมือง,สำนักงานคณะกรรมการการศึกษาขั้นพื้นฐาน,สพป.เชียงใหม่ เขต 4,14,50.00,50.00,19.64,19.32,14.29,34.99,41.96,22.96,35.71,19.78,25.00,25.00,35.71,34.99,38.10,27.77,21.43,24.74
2568,วัดโรงวัว,สันป่าตอง,เล็ก,นอกเมือง,สำนักงานคณะกรรมการการศึกษาขั้นพื้นฐาน,สพป.เชียงใหม่ เขต 4,14,21.43,41.03,25.00,29.88,0.00,0.00,21.43,17.95,30.95,26.62,25.00,36.60,28.57,41.03,26.19,13.68,28.57,24.74
2568,วัดสามหลัง,สันป่าตอง,เล็ก,นอกเมือง,สำนักงานคณะกรรมการการศึกษาขั้นพื้นฐาน,สพป.เชียงใหม่ เขต 4,7,85.71,34.99,46.43,8.75,42.86,49.49,48.21,18.21,71.43,21.30,35.71,22.59,57.14,31.94,52.38,34.99,7.14,17.50
2568,วัดอุเม็ง,สันป่าตอง,เล็ก,นอกเมือง,สำนักงานคณะกรรมการการศึกษาขั้นพื้นฐาน,สพป.เชียงใหม่ เขต 4,8,37.50,48.41,40.63,24.80,0.00,0.00,42.19,18.68,33.33,23.57,18.75,24.21,43.75,29.97,50.00,16.67,25.00,25.00
2568,วิมานทิพย์,สันป่าตอง,เล็ก,นอกเมือง,สำนักงานคณะกรรมการส่งเสริมการศึกษาเอกชน,-,23,56.52,49.57,36.96,25.40,8.70,28.18,66.85,26.99,56.52,28.55,32.61,34.92,52.17,40.32,50.72,30.88,23.91,24.98
2568,สันป่าตอง,สันป่าตอง,เล็ก,นอกเมือง,กรมส่งเสริมการปกครองท้องถิ่น,ท้องถิ่นจังหวัดเชียงใหม่,12,33.33,47.14,45.83,32.00,16.67,37.27,32.29,24.18,61.11,22.91,12.50,21.65,29.17,37.96,36.11,21.34,20.83,24.65
2568,สันป่าตอง (สุวรรณราษฎร์วิทยาคาร),สันป่าตอง,ใหญ่,นอกเมือง,สำนักงานคณะกรรมการการศึกษาขั้นพื้นฐาน,สพป.เชียงใหม่ เขต 4,165,32.12,46.69,43.94,28.22,7.88,26.94,45.68,25.51,51.72,26.57,30.61,31.42,36.06,36.34,42.22,25.46,19.09,28.32
2568,อุ่นไอรัก เชียงใหม่,สันป่าตอง,เล็ก,นอกเมือง,สำนักงานคณะกรรมการส่งเสริมการศึกษาเอกชน,-,23,39.13,48.80,19.57,25.49,13.04,33.68,33.70,21.63,49.28,27.57,19.57,28.51,34.78,27.33,37.68,26.57,15.22,27.33
2568,ช่องฟ้าซินเซิงวาณิชบำรุง,สารภี,ใหญ่พิเศษ,นอกเมือง,สำนักงานคณะกรรมการส่งเสริมการศึกษาเอกชน,-,256,48.83,49.99,42.48,31.40,7.81,26.84,53.86,23.96,50.13,26.02,33.98,33.03,29.88,32.71,48.57,29.43,18.55,26.10
2568,ชุมชนวัดปากกอง,สารภี,เล็ก,นอกเมือง,สำนักงานคณะกรรมการการศึกษาขั้นพื้นฐาน,สพป.เชียงใหม่ เขต 4,11,45.45,49.79,27.27,16.70,9.09,28.75,45.45,27.32,36.36,22.27,27.27,32.78,40.91,46.80,30.30,22.27,36.36,37.48
2568,ชุมชนวัดศรีคำชมภู,สารภี,กลาง,นอกเมือง,สำนักงานคณะกรรมการการศึกษาขั้นพื้นฐาน,สพป.เชียงใหม่ เขต 4,24,33.33,47.14,26.04,21.01,4.17,19.98,28.65,21.79,45.83,25.12,35.42,26.92,22.92,28.79,37.50,27.74,16.67,23.57
2568,เทศบาลตำบลยางเนิ้ง,สารภี,กลาง,นอกเมือง,กรมส่งเสริมการปกครองท้องถิ่น,ท้องถิ่นจังหวัดเชียงใหม่,31,25.81,43.76,31.45,27.66,22.58,41.81,29.03,18.89,43.01,31.90,17.74,29.91,19.35,32.82,23.66,22.71,14.52,22.70
2568,บ้านปากเหมือง,สารภี,กลาง,นอกเมือง,สำนักงานคณะกรรมการการศึกษาขั้นพื้นฐาน,สพป.เชียงใหม่ เขต 4,30,63.33,48.19,34.17,33.84,10.00,30.00,40.42,23.20,56.67,28.74,36.67,33.99,56.67,35.90,48.89,23.93,21.67,27.94
2568,บ้านสันทราย,สารภี,เล็ก,นอกเมือง,สำนักงานคณะกรรมการการศึกษาขั้นพื้นฐาน,สพป.เชียงใหม่ เขต 4,13,15.38,36.08,30.77,24.33,7.69,26.65,39.42,13.73,51.28,24.86,30.77,31.25,26.92,37.29,43.59,35.53,15.38,23.08
2568,ยุวฑูตศึกษาพัฒนา,สารภี,ใหญ่,นอกเมือง,สำนักงานคณะกรรมการส่งเสริมการศึกษาเอกชน,-,22,45.45,49.79,42.05,33.19,27.27,44.54,42.05,26.26,46.97,25.94,22.73,32.78,40.91,38.84,34.85,23.52,25.00,25.00
2568,วชิราลัย,สารภี,กลาง,นอกเมือง,สำนักงานคณะกรรมการส่งเสริมการศึกษาเอกชน,-,53,32.08,46.68,25.47,25.46,18.87,39.13,37.50,24.52,49.69,27.94,22.64,30.04,28.30,34.35,42.14,29.07,16.04,25.28
2568,วัดกองทราย,สารภี,เล็ก,นอกเมือง,สำนักงานคณะกรรมการการศึกษาขั้นพื้นฐาน,สพป.เชียงใหม่ เขต 4,12,25.00,43.30,31.25,18.04,0.00,0.00,38.54,21.92,47.22,28.73,4.17,13.82,29.17,32.00,41.67,38.79,16.67,23.57
2568,วัดท่าต้นกวาว,สารภี,เล็ก,นอกเมือง,สำนักงานคณะกรรมการการศึกษาขั้นพื้นฐาน,สพป.เชียงใหม่ เขต 4,18,44.44,49.69,30.56,27.07,16.67,37.27,33.33,19.09,50.00,27.78,27.78,29.92,30.56,29.53,42.59,28.99,19.44,24.37
2568,วัดเทพาราม,สารภี,เล็ก,นอกเมือง,สำนักงานคณะกรรมการการศึกษาขั้นพื้นฐาน,สพป.เชียงใหม่ เขต 4,14,78.57,41.03,33.93,27.72,7.14,25.75,46.43,28.12,57.14,26.51,32.14,30.51,25.00,36.60,40.48,33.76,14.29,22.59
2568,วัดนันทาราม,สารภี,เล็ก,นอกเมือง,สำนักงานคณะกรรมการการศึกษาขั้นพื้นฐาน,สพป.เชียงใหม่ เขต 4,9,33.33,47.14,41.67,16.67,0.00,0.00,50.00,22.82,37.04,24.57,22.22,24.85,50.00,40.82,48.15,27.72,11.11,20.79
2568,วัดบวกครกเหนือ,สารภี,เล็ก,นอกเมือง,สำนักงานคณะกรรมการการศึกษาขั้นพื้นฐาน,สพป.เชียงใหม่ เขต 4,13,23.08,42.13,28.85,29.16,15.38,36.08,19.23,26.68,41.03,26.65,23.08,31.72,23.08,24.93,28.21,22.06,23.08,24.93
2568,วัดพญาชมภู,สารภี,เล็ก,นอกเมือง,สำนักงานคณะกรรมการการศึกษาขั้นพื้นฐาน,สพป.เชียงใหม่ เขต 4,12,66.67,47.14,54.17,36.56,0.00,0.00,54.17,21.85,66.67,30.43,25.00,32.27,75.00,25.00,30.56,25.31,20.83,24.65
2568,วัดพระนอนหนองผึ้ง,สารภี,เล็ก,นอกเมือง,สำนักงานคณะกรรมการการศึกษาขั้นพื้นฐาน,สพป.เชียงใหม่ เขต 4,30,30.00,45.83,24.17,23.70,10.00,30.00,32.92,18.68,34.44,23.54,26.67,30.91,26.67,30.91,47.78,26.78,15.00,22.91
2568,วัดแม่สะลาบ,สารภี,เล็ก,นอกเมือง,สำนักงานคณะกรรมการการศึกษาขั้นพื้นฐาน,สพป.เชียงใหม่ เขต 4,22,40.91,49.17,43.18,26.31,0.00,0.00,39.20,18.96,45.45,29.38,36.36,34.32,36.36,34.32,36.36,28.26,22.73,29.11
2568,วัดเวฬุวัน,สารภี,ใหญ่,นอกเมือง,สำนักงานคณะกรรมการการศึกษาขั้นพื้นฐาน,สพป.เชียงใหม่ เขต 4,171,36.26,48.07,27.49,28.44,7.02,25.54,36.26,24.73,40.74,28.56,26.90,30.71,32.75,33.91,40.94,26.75,20.18,25.12
2568,วัดศรีดอนชัย,สารภี,เล็ก,นอกเมือง,สำนักงานคณะกรรมการการศึกษาขั้นพื้นฐาน,สพป.เชียงใหม่ เขต 4,12,25.00,43.30,20.83,28.57,8.33,27.64,40.63,17.02,36.11,28.73,20.83,24.65,20.83,24.65,38.89,22.91,8.33,18.63
2568,วัดศรีโพธาราม,สารภี,เล็ก,นอกเมือง,สำนักงานคณะกรรมการการศึกษาขั้นพื้นฐาน,สพป.เชียงใหม่ เขต 4,10,30.00,45.83,35.00,30.00,0.00,0.00,30.00,16.01,40.00,20.00,45.00,26.93,35.00,39.05,33.33,33.33,25.00,25.00
2568,วัดสันดอนมูล,สารภี,เล็ก,นอกเมือง,สำนักงานคณะกรรมการการศึกษาขั้นพื้นฐาน,สพป.เชียงใหม่ เขต 4,13,53.85,49.85,50.00,32.52,0.00,0.00,23.08,20.12,35.90,20.51,15.38,23.08,11.54,21.07,30.77,27.62,19.23,31.25
2568,เวียงเศรษฐีวิทยา,สารภี,เล็ก,นอกเมือง,สำนักงานคณะกรรมการการศึกษาขั้นพื้นฐาน,สพป.เชียงใหม่ เขต 4,15,40.00,48.99,33.33,21.73,6.67,24.94,40.83,20.65,40.00,30.31,30.00,35.59,30.00,30.55,42.22,19.12,13.33,22.11
2568,ศูนย์การเรียนแห่งความหวังและอนาคต,สารภี,เล็ก,นอกเมือง,สำนักงานคณะกรรมการการศึกษาขั้นพื้นฐาน,สพป.เชียงใหม่ เขต 4,2,100.00,0.00,62.50,12.50,0.00,0.00,50.00,0.00,50.00,16.67,50.00,0.00,100.00,0.00,66.67,33.33,25.00,25.00
2568,สืบนทีธรรม,สารภี,กลาง,นอกเมือง,สำนักงานคณะกรรมการส่งเสริมการศึกษาเอกชน,-,39,51.28,49.98,17.95,20.37,10.26,30.34,34.29,26.05,40.17,26.34,29.49,33.43,28.21,29.52,32.48,23.25,23.08,27.38
2568,ต้นแก้วผดุงพิทยาลัย,หางดง,ใหญ่,นอกเมือง,กรมส่งเสริมการปกครองท้องถิ่น,ท้องถิ่นจังหวัดเชียงใหม่,134,29.10,45.42,28.54,27.17,14.18,34.88,32.74,19.60,35.57,26.77,28.36,33.15,23.51,30.96,30.85,25.64,15.67,23.99
2568,เทศบาลหนองตองวิทยา,หางดง,เล็ก,นอกเมือง,กรมส่งเสริมการปกครองท้องถิ่น,ท้องถิ่นจังหวัดเชียงใหม่,19,47.37,49.93,39.47,32.76,5.26,22.33,43.42,26.40,42.11,30.29,21.05,29.54,26.32,24.97,36.84,32.25,13.16,22.02
2568,เทศบาลหางดง (ประชาคมสร้างสรรค์),หางดง,ใหญ่,นอกเมือง,กรมส่งเสริมการปกครองท้องถิ่น,ท้องถิ่นจังหวัดเชียงใหม่,65,50.77,49.99,32.31,26.21,6.15,24.03,47.69,27.98,45.13,26.43,32.31,34.45,34.62,36.08,45.64,29.57,18.46,24.13
2568,นันทชาติ เกรด สคูล,หางดง,เล็ก,นอกเมือง,สำนักงานคณะกรรมการส่งเสริมการศึกษาเอกชน,-,2,50.00,50.00,25.00,0.00,0.00,0.00,62.50,12.50,83.33,16.67,25.00,25.00,100.00,0.00,66.67,0.00,25.00,25.00
2568,บ้านคุณแม่,หางดง,เล็ก,นอกเมือง,สำนักงานคณะกรรมการส่งเสริมการศึกษาเอกชน,-,20,50.00,50.00,36.25,31.10,0.00,0.00,37.50,27.95,51.67,30.69,42.50,32.69,40.00,33.91,56.67,28.09,15.00,22.91
2568,บ้านดง,หางดง,เล็ก,นอกเมือง,สำนักงานคณะกรรมการการศึกษาขั้นพื้นฐาน,สพป.เชียงใหม่ เขต 4,18,44.44,49.69,30.56,28.33,16.67,37.27,43.75,26.10,40.74,23.72,41.67,34.36,50.00,33.33,46.30,19.69,22.22,24.85
2568,บ้านตองกาย,หางดง,เล็ก,นอกเมือง,สำนักงานคณะกรรมการการศึกษาขั้นพื้นฐาน,สพป.เชียงใหม่ เขต 4,15,33.33,47.14,13.33,22.11,6.67,24.94,30.00,21.31,33.33,21.08,26.67,24.94,23.33,30.91,22.22,23.31,26.67,30.91
2568,บ้านทรายมูล,หางดง,กลาง,นอกเมือง,สำนักงานคณะกรรมการการศึกษาขั้นพื้นฐาน,สพป.เชียงใหม่ เขต 4,48,31.25,46.35,22.92,26.92,8.33,27.64,40.89,22.64,40.28,26.32,32.29,33.06,44.79,38.51,42.36,30.23,17.71,27.93
2568,บ้านท้าวบุญเรือง,หางดง,เล็ก,นอกเมือง,สำนักงานคณะกรรมการการศึกษาขั้นพื้นฐาน,สพป.เชียงใหม่ เขต 4,16,31.25,46.35,20.31,18.15,12.50,33.07,36.72,18.47,45.83,23.20,34.38,29.15,28.13,30.46,33.33,28.87,28.13,30.46
2568,บ้านน้ำแพร่,หางดง,เล็ก,นอกเมือง,สำนักงานคณะกรรมการการศึกษาขั้นพื้นฐาน,สพป.เชียงใหม่ เขต 4,13,53.85,49.85,36.54,31.95,15.38,36.08,38.46,19.28,51.28,21.14,50.00,27.74,46.15,36.49,46.15,16.22,34.62,30.28
2568,บ้านปง,หางดง,เล็ก,นอกเมือง,สำนักงานคณะกรรมการการศึกษาขั้นพื้นฐาน,สพป.เชียงใหม่ เขต 4,19,26.32,44.03,26.32,24.97,15.79,36.46,35.53,19.56,38.60,24.81,21.05,29.54,28.95,33.70,38.60,22.33,10.53,20.38
2568,บ้านป่าตาล,หางดง,เล็ก,นอกเมือง,สำนักงานคณะกรรมการการศึกษาขั้นพื้นฐาน,สพป.เชียงใหม่ เขต 4,31,38.71,48.71,25.00,22.90,3.23,17.67,52.02,24.61,38.71,30.64,32.26,34.89,51.61,39.11,40.86,27.71,16.13,23.37
2568,บ้านฟ่อน,หางดง,เล็ก,นอกเมือง,สำนักงานคณะกรรมการการศึกษาขั้นพื้นฐาน,สพป.เชียงใหม่ เขต 4,5,0.00,0.00,55.00,24.49,40.00,48.99,45.00,36.74,66.67,21.08,20.00,24.49,70.00,24.49,40.00,13.33,0.00,0.00
2568,บ้านไร่,หางดง,เล็ก,นอกเมือง,สำนักงานคณะกรรมการการศึกษาขั้นพื้นฐาน,สพป.เชียงใหม่ เขต 4,6,50.00,50.00,54.17,22.44,0.00,0.00,39.58,30.97,44.44,24.85,16.67,23.57,33.33,23.57,44.44,15.71,8.33,18.63
2568,บ้านวังศรี,หางดง,เล็ก,นอกเมือง,สำนักงานคณะกรรมการการศึกษาขั้นพื้นฐาน,สพป.เชียงใหม่ เขต 4,7,85.71,34.99,28.57,20.82,0.00,0.00,41.07,25.63,28.57,32.99,21.43,36.42,50.00,46.29,33.33,17.82,7.14,17.50
2568,บ้านสันทราย,หางดง,เล็ก,นอกเมือง,สำนักงานคณะกรรมการการศึกษาขั้นพื้นฐาน,สพป.เชียงใหม่ เขต 4,9,22.22,41.57,22.22,18.43,11.11,31.43,45.83,19.54,40.74,20.95,27.78,34.25,27.78,24.85,33.33,31.43,11.11,20.79
2568,บ้านสันป่าสัก,หางดง,กลาง,นอกเมือง,สำนักงานคณะกรรมการการศึกษาขั้นพื้นฐาน,สพป.เชียงใหม่ เขต 4,49,42.86,49.49,30.10,29.44,6.12,23.97,38.27,24.41,44.22,28.08,34.69,35.29,48.98,43.44,39.46,25.80,26.53,32.11
2568,บ้านสันผักหวาน,หางดง,เล็ก,นอกเมือง,สำนักงานคณะกรรมการการศึกษาขั้นพื้นฐาน,สพป.เชียงใหม่ เขต 4,18,22.22,41.57,37.50,26.68,5.56,22.91,34.03,17.58,44.44,22.22,33.33,40.82,41.67,41.67,48.15,25.39,19.44,24.37
2568,บ้านแสนตอ,หางดง,เล็ก,นอกเมือง,สำนักงานคณะกรรมการการศึกษาขั้นพื้นฐาน,สพป.เชียงใหม่ เขต 4,11,36.36,48.10,9.09,12.03,18.18,38.57,21.59,20.71,42.42,28.75,31.82,24.05,27.27,24.90,36.36,33.20,22.73,24.90
2568,พันธสัญญา,หางดง,เล็ก,นอกเมือง,สำนักงานคณะกรรมการส่งเสริมการศึกษาเอกชน,-,8,50.00,50.00,37.50,33.07,0.00,0.00,57.81,27.91,75.00,22.05,50.00,35.36,50.00,35.36,37.50,19.98,12.50,21.65
2568,ลักษณ์พงค์วิทยา,หางดง,เล็ก,นอกเมือง,สำนักงานคณะกรรมการส่งเสริมการศึกษาเอกชน,-,10,40.00,48.99,27.50,20.77,0.00,0.00,32.50,18.71,40.00,20.00,25.00,25.00,25.00,40.31,43.33,33.50,10.00,20.00
2568,วัดคีรีเขต,หางดง,เล็ก,นอกเมือง,สำนักงานคณะกรรมการการศึกษาขั้นพื้นฐาน,สพป.เชียงใหม่ เขต 4,5,40.00,48.99,25.00,22.36,20.00,40.00,20.00,25.74,20.00,16.33,10.00,20.00,20.00,40.00,20.00,16.33,20.00,24.49
2568,วัดจอมทอง,หางดง,เล็ก,นอกเมือง,สำนักงานคณะกรรมการการศึกษาขั้นพื้นฐาน,สพป.เชียงใหม่ เขต 4,8,0.00,0.00,37.50,12.50,25.00,43.30,25.00,17.68,58.33,22.05,37.50,33.07,56.25,39.03,37.50,35.11,18.75,24.21
2568,วัดช่างคำ,หางดง,เล็ก,นอกเมือง,สำนักงานคณะกรรมการการศึกษาขั้นพื้นฐาน,สพป.เชียงใหม่ เขต 4,4,50.00,50.00,50.00,50.00,25.00,43.30,43.75,25.77,50.00,28.87,37.50,41.46,37.50,41.46,33.33,33.33,12.50,21.65
2568,วัดประชาเกษม,หางดง,เล็ก,นอกเมือง,สำนักงานคณะกรรมการการศึกษาขั้นพื้นฐาน,สพป.เชียงใหม่ เขต 4,24,37.50,48.41,32.29,27.46,8.33,27.64,26.04,16.89,33.33,25.46,25.00,28.87,27.08,38.13,36.11,25.31,22.92,24.91
2568,วัดพระเจ้าเหลื้อม,หางดง,เล็ก,นอกเมือง,สำนักงานคณะกรรมการการศึกษาขั้นพื้นฐาน,สพป.เชียงใหม่ เขต 4,6,16.67,37.27,33.33,23.57,50.00,50.00,56.25,31.25,66.67,27.22,41.67,18.63,50.00,0.00,72.22,35.57,8.33,18.63
2568,วัดศรีล้อม,หางดง,เล็ก,นอกเมือง,สำนักงานคณะกรรมการการศึกษาขั้นพื้นฐาน,สพป.เชียงใหม่ เขต 4,6,66.67,47.14,25.00,28.87,33.33,47.14,45.83,15.59,61.11,29.92,16.67,23.57,8.33,18.63,50.00,16.67,16.67,37.27
2568,วัดศรีสว่าง,หางดง,เล็ก,นอกเมือง,สำนักงานคณะกรรมการการศึกษาขั้นพื้นฐาน,สพป.เชียงใหม่ เขต 4,11,27.27,44.54,25.00,18.46,0.00,0.00,25.00,27.18,36.36,26.42,40.91,28.75,45.45,39.63,30.30,22.27,18.18,24.05
2568,สาธิตนานาชาติทวิภาษาแห่งมหาวิทยาลัยรังสิต เชียงใหม่,หางดง,กลาง,นอกเมือง,สำนักงานคณะกรรมการส่งเสริมการศึกษาเอกชน,-,1,100.00,0.00,50.00,0.00,0.00,0.00,25.00,0.00,100.00,0.00,0.00,0.00,50.00,0.00,66.67,0.00,0.00,0.00
2568,ชุมชนบ้านใหม่,อมก๋อย,เล็ก,นอกเมือง,สำนักงานคณะกรรมการการศึกษาขั้นพื้นฐาน,สพป.เชียงใหม่ เขต 5,18,61.11,48.75,33.33,28.87,22.22,41.57,22.92,14.58,40.74,32.50,22.22,24.85,27.78,29.92,33.33,19.25,27.78,24.85
2568,ชุมชนบ้านอมก๋อย,อมก๋อย,กลาง,นอกเมือง,สำนักงานคณะกรรมการการศึกษาขั้นพื้นฐาน,สพป.เชียงใหม่ เขต 5,38,21.05,40.77,29.61,24.90,2.63,16.01,40.46,28.01,43.86,24.31,21.05,29.54,30.26,31.50,34.21,30.09,17.11,23.72
2568,ตชด.บางกอกเชฟแชร์ริตี้,อมก๋อย,เล็ก,นอกเมือง,กองบัญชาการตำรวจตระเวนชายแดน,-,14,0.00,0.00,14.29,15.57,21.43,41.03,30.36,16.17,38.10,24.74,21.43,31.13,28.57,24.74,33.33,28.17,17.86,23.96
2568,ตรีมิตรวิทยา,อมก๋อย,กลาง,นอกเมือง,สำนักงานคณะกรรมการการศึกษาขั้นพื้นฐาน,สพป.เชียงใหม่ เขต 5,8,12.50,33.07,31.25,24.21,12.50,33.07,43.75,33.07,41.67,27.64,37.50,21.65,43.75,46.35,37.50,19.98,31.25,24.21
2568,ท่านผู้หญิงประไพ ศิวะโกเศศ,อมก๋อย,เล็ก,นอกเมือง,กองบัญชาการตำรวจตระเวนชายแดน,-,9,11.11,31.43,30.56,15.71,0.00,0.00,52.78,23.41,33.33,22.22,22.22,24.85,22.22,24.85,29.63,24.57,11.11,20.79
2568,ทุ่งต้นงิ้ว,อมก๋อย,เล็ก,นอกเมือง,สำนักงานคณะกรรมการการศึกษาขั้นพื้นฐาน,สพป.เชียงใหม่ เขต 5,26,15.38,36.08,21.15,20.44,26.92,44.36,23.08,20.71,24.36,23.67,19.23,24.33,25.00,34.67,24.36,23.67,13.46,22.18
2568,บ้านขุนตื่น,อมก๋อย,เล็ก,นอกเมือง,สำนักงานคณะกรรมการการศึกษาขั้นพื้นฐาน,สพป.เชียงใหม่ เขต 5,8,50.00,50.00,18.75,16.54,0.00,0.00,34.38,17.40,29.17,26.02,37.50,21.65,6.25,16.54,33.33,33.33,31.25,24.21
2568,บ้านขุนแม่ตื่นน้อย,อมก๋อย,เล็ก,นอกเมือง,สำนักงานคณะกรรมการการศึกษาขั้นพื้นฐาน,สพป.เชียงใหม่ เขต 5,5,60.00,48.99,45.00,18.71,20.00,40.00,40.00,9.35,66.67,21.08,10.00,20.00,10.00,20.00,26.67,13.33,30.00,24.49
2568,บ้านซิแบร,อมก๋อย,เล็ก,นอกเมือง,สำนักงานคณะกรรมการการศึกษาขั้นพื้นฐาน,สพป.เชียงใหม่ เขต 5,18,22.22,41.57,15.28,18.89,22.22,41.57,34.03,23.50,24.07,21.68,22.22,24.85,22.22,29.92,20.37,25.19,27.78,24.85
2568,บ้านตุงติง,อมก๋อย,เล็ก,นอกเมือง,สำนักงานคณะกรรมการการศึกษาขั้นพื้นฐาน,สพป.เชียงใหม่ เขต 5,18,27.78,44.79,20.83,19.09,16.67,37.27,29.17,22.82,14.81,19.95,27.78,29.92,19.44,24.37,37.04,18.89,25.00,30.05
2568,บ้านตุงลอย,อมก๋อย,กลาง,นอกเมือง,สำนักงานคณะกรรมการการศึกษาขั้นพื้นฐาน,สพป.เชียงใหม่ เขต 5,34,23.53,42.42,22.79,19.52,23.53,42.42,26.47,20.95,42.16,31.63,23.53,24.96,45.59,32.92,33.33,30.25,25.00,27.79
2568,บ้านทุ่งจำเริง,อมก๋อย,เล็ก,นอกเมือง,สำนักงานคณะกรรมการการศึกษาขั้นพื้นฐาน,สพป.เชียงใหม่ เขต 5,15,46.67,49.89,23.33,23.21,26.67,44.22,28.33,20.65,40.00,21.77,33.33,23.57,33.33,29.81,28.89,23.93,43.33,24.94
2568,บ้านนาเกียน,อมก๋อย,เล็ก,นอกเมือง,สำนักงานคณะกรรมการการศึกษาขั้นพื้นฐาน,สพป.เชียงใหม่ เขต 5,13,0.00,0.00,17.31,24.78,15.38,36.08,26.92,20.71,33.33,22.65,30.77,31.25,46.15,30.77,23.08,27.38,42.31,33.09
2568,บ้านนาไคร้,อมก๋อย,เล็ก,นอกเมือง,สำนักงานคณะกรรมการการศึกษาขั้นพื้นฐาน,สพป.เชียงใหม่ เขต 5,7,14.29,34.99,17.86,22.02,14.29,34.99,17.86,17.50,33.33,25.20,42.86,31.94,14.29,22.59,38.10,32.99,21.43,24.74
2568,บ้านใบหนา,อมก๋อย,เล็ก,นอกเมือง,สำนักงานคณะกรรมการการศึกษาขั้นพื้นฐาน,สพป.เชียงใหม่ เขต 5,11,9.09,28.75,15.91,16.07,18.18,38.57,25.00,18.46,24.24,32.07,31.82,32.14,18.18,24.05,15.15,26.07,13.64,22.27
2568,บ้านผาปูน,อมก๋อย,เล็ก,นอกเมือง,สำนักงานคณะกรรมการการศึกษาขั้นพื้นฐาน,สพป.เชียงใหม่ เขต 5,12,41.67,49.30,20.83,24.65,25.00,43.30,22.92,15.17,41.67,27.64,25.00,25.00,33.33,37.27,25.00,30.81,25.00,32.27
2568,บ้านผีปานเหนือ,อมก๋อย,กลาง,นอกเมือง,สำนักงานคณะกรรมการการศึกษาขั้นพื้นฐาน,สพป.เชียงใหม่ เขต 5,22,40.91,49.17,26.14,24.40,13.64,34.32,25.00,20.64,21.21,21.43,22.73,29.11,20.45,24.58,30.30,24.43,18.18,24.05
2568,บ้านมูเซอ,อมก๋อย,กลาง,นอกเมือง,สำนักงานคณะกรรมการการศึกษาขั้นพื้นฐาน,สพป.เชียงใหม่ เขต 5,26,19.23,39.41,26.92,29.35,11.54,31.95,24.52,15.69,25.64,21.30,23.08,28.52,15.38,26.92,30.77,26.02,32.69,33.80
2568,บ้านแม่โขง,อมก๋อย,เล็ก,นอกเมือง,สำนักงานคณะกรรมการการศึกษาขั้นพื้นฐาน,สพป.เชียงใหม่ เขต 5,7,14.29,34.99,17.86,17.50,14.29,34.99,30.36,16.17,23.81,23.33,21.43,24.74,7.14,17.50,28.57,21.30,14.29,22.59
2568,บ้านแม่ต๋อม,อมก๋อย,กลาง,นอกเมือง,สำนักงานคณะกรรมการการศึกษาขั้นพื้นฐาน,สพป.เชียงใหม่ เขต 5,27,44.44,49.69,24.07,28.45,14.81,35.52,30.56,20.51,32.10,27.94,22.22,34.25,33.33,38.49,34.57,24.81,22.22,28.33
2568,บ้านแม่ตื่น,อมก๋อย,เล็ก,นอกเมือง,สำนักงานคณะกรรมการการศึกษาขั้นพื้นฐาน,สพป.เชียงใหม่ เขต 5,7,0.00,0.00,14.29,12.37,0.00,0.00,25.00,20.04,23.81,29.35,28.57,36.42,21.43,24.74,28.57,21.30,35.71,22.59
2568,บ้านแม่ลานหลวง,อมก๋อย,เล็ก,นอกเมือง,สำนักงานคณะกรรมการการศึกษาขั้นพื้นฐาน,สพป.เชียงใหม่ เขต 5,23,13.04,33.68,31.52,29.69,4.35,20.39,31.52,21.13,39.13,28.91,19.57,28.51,28.26,28.84,36.23,27.65,13.04,21.96
2568,บ้านแม่ลานหลวง สาขาบ้านดอยซาง,อมก๋อย,เล็ก,นอกเมือง,สำนักงานคณะกรรมการการศึกษาขั้นพื้นฐาน,สพป.เชียงใหม่ เขต 5,14,42.86,49.49,16.07,15.26,7.14,25.75,19.64,13.95,28.57,21.30,28.57,24.74,25.00,25.00,26.19,25.75,17.86,23.96
2568,บ้านแม่สะเต,อมก๋อย,เล็ก,นอกเมือง,สำนักงานคณะกรรมการการศึกษาขั้นพื้นฐาน,สพป.เชียงใหม่ เขต 5,11,18.18,38.57,25.00,18.46,18.18,38.57,35.23,15.83,21.21,25.71,27.27,24.90,22.73,24.90,39.39,34.28,22.73,24.90
2568,บ้านแม่หลองน้อย,อมก๋อย,เล็ก,นอกเมือง,สำนักงานคณะกรรมการการศึกษาขั้นพื้นฐาน,สพป.เชียงใหม่ เขต 5,19,47.37,49.93,22.37,17.94,21.05,40.77,40.79,22.52,35.09,25.30,26.32,29.77,23.68,24.97,33.33,28.61,18.42,24.12
2568,บ้านแม่อ่างขาง,อมก๋อย,เล็ก,นอกเมือง,สำนักงานคณะกรรมการการศึกษาขั้นพื้นฐาน,สพป.เชียงใหม่ เขต 5,19,31.58,46.48,22.37,13.80,21.05,40.77,22.37,16.01,33.33,21.63,31.58,33.29,31.58,33.29,24.56,21.20,13.16,27.35
2568,บ้านยางแก้ว,อมก๋อย,เล็ก,นอกเมือง,สำนักงานคณะกรรมการการศึกษาขั้นพื้นฐาน,สพป.เชียงใหม่ เขต 5,20,25.00,43.30,11.25,16.72,15.00,35.71,31.88,21.82,23.33,18.56,27.50,24.87,27.50,29.47,18.33,22.30,17.50,23.85
2568,บ้านยางครก,อมก๋อย,เล็ก,นอกเมือง,สำนักงานคณะกรรมการการศึกษาขั้นพื้นฐาน,สพป.เชียงใหม่ เขต 5,17,29.41,45.56,20.59,24.61,11.76,32.22,32.35,18.22,33.33,19.80,11.76,27.28,50.00,34.30,37.25,25.26,20.59,24.61
2568,บ้านยางเปา,อมก๋อย,กลาง,นอกเมือง,สำนักงานคณะกรรมการการศึกษาขั้นพื้นฐาน,สพป.เชียงใหม่ เขต 5,26,19.23,39.41,15.38,26.01,15.38,36.08,27.88,21.18,34.62,26.92,25.00,25.00,28.85,28.33,29.49,23.25,19.23,24.33
2568,บ้านยางเปียง,อมก๋อย,เล็ก,นอกเมือง,สำนักงานคณะกรรมการการศึกษาขั้นพื้นฐาน,สพป.เชียงใหม่ เขต 5,6,33.33,47.14,25.00,20.41,16.67,37.27,35.42,23.29,38.89,12.42,25.00,25.00,8.33,18.63,16.67,16.67,33.33,23.57
2568,บ้านสบลาน,อมก๋อย,กลาง,นอกเมือง,สำนักงานคณะกรรมการการศึกษาขั้นพื้นฐาน,สพป.เชียงใหม่ เขต 5,18,11.11,31.43,11.11,14.96,11.11,31.43,30.56,24.37,33.33,19.25,30.56,33.91,16.67,23.57,25.93,20.95,30.56,37.78
2568,บ้านหลวง,อมก๋อย,เล็ก,นอกเมือง,สำนักงานคณะกรรมการการศึกษาขั้นพื้นฐาน,สพป.เชียงใหม่ เขต 5,26,65.38,47.57,32.69,25.73,30.77,46.15,34.62,27.58,47.44,26.43,21.15,24.70,34.62,36.08,37.18,31.11,13.46,22.18
2568,บ้านห้วยโค้ง,อมก๋อย,กลาง,นอกเมือง,สำนักงานคณะกรรมการการศึกษาขั้นพื้นฐาน,สพป.เชียงใหม่ เขต 5,19,31.58,46.48,18.42,26.71,31.58,46.48,28.29,15.62,35.09,27.52,26.32,33.91,21.05,29.54,31.58,25.30,15.79,23.24
2568,บ้านห้วยน้ำขาว,อมก๋อย,กลาง,นอกเมือง,สำนักงานคณะกรรมการการศึกษาขั้นพื้นฐาน,สพป.เชียงใหม่ เขต 5,31,35.48,47.85,20.16,19.49,6.45,24.57,19.76,18.45,27.96,25.54,27.42,30.69,20.97,30.52,33.33,29.33,17.74,23.92
2568,บ้านห้วยปูลิง,อมก๋อย,เล็ก,นอกเมือง,สำนักงานคณะกรรมการการศึกษาขั้นพื้นฐาน,สพป.เชียงใหม่ เขต 5,16,37.50,48.41,14.06,17.61,6.25,24.21,26.56,20.67,41.67,27.64,9.38,19.52,25.00,30.62,39.58,24.21,25.00,25.00
2568,บ้านห้วยไม้หก,อมก๋อย,เล็ก,นอกเมือง,สำนักงานคณะกรรมการการศึกษาขั้นพื้นฐาน,สพป.เชียงใหม่ เขต 5,15,33.33,47.14,21.67,23.92,13.33,33.99,39.17,20.85,31.11,22.66,23.33,24.94,23.33,30.91,42.22,25.72,53.33,33.99
2568,บ้านห้วยหล่อดูก,อมก๋อย,เล็ก,นอกเมือง,สำนักงานคณะกรรมการการศึกษาขั้นพื้นฐาน,สพป.เชียงใหม่ เขต 5,25,32.00,46.65,34.00,28.18,16.00,36.66,28.50,21.37,37.33,27.19,38.00,38.16,28.00,31.87,36.00,26.53,24.00,28.71
2568,บ้านห่างหลวง,อมก๋อย,เล็ก,นอกเมือง,สำนักงานคณะกรรมการการศึกษาขั้นพื้นฐาน,สพป.เชียงใหม่ เขต 5,9,22.22,41.57,30.56,30.68,22.22,41.57,31.94,20.51,51.85,27.72,16.67,23.57,11.11,20.79,37.04,29.16,27.78,24.85
2568,บ้านอูตูม,อมก๋อย,กลาง,นอกเมือง,สำนักงานคณะกรรมการการศึกษาขั้นพื้นฐาน,สพป.เชียงใหม่ เขต 5,41,26.83,44.31,21.95,24.19,29.27,45.50,26.22,18.06,25.20,26.32,21.95,27.16,15.85,23.27,35.77,24.85,21.95,29.32
2568,รางวัลอินทิราคานธี,อมก๋อย,เล็ก,นอกเมือง,กองบัญชาการตำรวจตระเวนชายแดน,-,7,28.57,45.18,17.86,17.50,28.57,45.18,19.64,13.12,33.33,30.86,50.00,37.80,14.29,22.59,19.05,24.28,21.43,24.74
2568,ชุมชนบ้านท่าข้าม,ฮอด,กลาง,นอกเมือง,สำนักงานคณะกรรมการการศึกษาขั้นพื้นฐาน,สพป.เชียงใหม่ เขต 5,32,43.75,49.61,35.94,29.27,31.25,46.35,29.30,20.16,42.71,22.41,29.69,32.74,34.38,36.31,33.33,26.35,17.19,29.61
2568,ชุมชนบ้านแม่ทัง,ฮอด,เล็ก,นอกเมือง,สำนักงานคณะกรรมการการศึกษาขั้นพื้นฐาน,สพป.เชียงใหม่ เขต 5,18,22.22,41.57,25.00,28.87,11.11,31.43,32.64,19.60,38.89,20.03,38.89,31.43,27.78,29.92,55.56,24.85,25.00,30.05
2568,บ้านกองลอย,ฮอด,กลาง,นอกเมือง,สำนักงานคณะกรรมการการศึกษาขั้นพื้นฐาน,สพป.เชียงใหม่ เขต 5,14,28.57,45.18,14.29,20.52,7.14,25.75,28.57,11.98,47.62,16.50,32.14,35.89,50.00,26.73,40.48,22.46,28.57,24.74
2568,บ้านกองหิน,ฮอด,เล็ก,นอกเมือง,สำนักงานคณะกรรมการการศึกษาขั้นพื้นฐาน,สพป.เชียงใหม่ เขต 5,4,25.00,43.30,6.25,10.83,0.00,0.00,25.00,0.00,50.00,28.87,12.50,21.65,12.50,21.65,25.00,27.64,12.50,21.65
2568,บ้านกิ่วลม,ฮอด,เล็ก,นอกเมือง,สำนักงานคณะกรรมการการศึกษาขั้นพื้นฐาน,สพป.เชียงใหม่ เขต 5,9,44.44,49.69,25.00,16.67,0.00,0.00,22.22,19.34,29.63,24.57,27.78,24.85,44.44,28.33,37.04,24.57,5.56,15.71
2568,บ้านขุน,ฮอด,เล็ก,นอกเมือง,สำนักงานคณะกรรมการการศึกษาขั้นพื้นฐาน,สพป.เชียงใหม่ เขต 5,13,30.77,46.15,36.54,25.22,30.77,46.15,30.77,23.83,64.10,33.23,19.23,24.33,50.00,33.97,41.03,23.22,19.23,36.89
2568,บ้านแควมะกอก,ฮอด,กลาง,นอกเมือง,สำนักงานคณะกรรมการการศึกษาขั้นพื้นฐาน,สพป.เชียงใหม่ เขต 5,16,31.25,46.35,23.44,20.67,12.50,33.07,53.91,22.84,37.50,23.20,9.38,19.52,31.25,34.80,43.75,32.74,15.63,23.18
2568,บ้านโค้งงาม,ฮอด,เล็ก,นอกเมือง,สำนักงานคณะกรรมการการศึกษาขั้นพื้นฐาน,สพป.เชียงใหม่ เขต 5,7,28.57,45.18,85.71,22.59,14.29,34.99,33.93,17.31,52.38,24.28,14.29,22.59,64.29,22.59,57.14,23.33,14.29,22.59
2568,บ้านดงดำ,ฮอด,เล็ก,นอกเมือง,สำนักงานคณะกรรมการการศึกษาขั้นพื้นฐาน,สพป.เชียงใหม่ เขต 5,6,50.00,50.00,8.33,18.63,0.00,0.00,27.08,23.29,38.89,22.91,25.00,25.00,25.00,25.00,44.44,15.71,0.00,0.00
2568,บ้านดอกแดง,ฮอด,เล็ก,นอกเมือง,สำนักงานคณะกรรมการการศึกษาขั้นพื้นฐาน,สพป.เชียงใหม่ เขต 5,10,30.00,45.83,7.50,11.46,0.00,0.00,36.25,38.10,16.67,16.67,35.00,32.02,25.00,33.54,36.67,27.69,15.00,22.91
2568,บ้านดอยคำ,ฮอด,เล็ก,นอกเมือง,สำนักงานคณะกรรมการการศึกษาขั้นพื้นฐาน,สพป.เชียงใหม่ เขต 5,4,75.00,43.30,12.50,21.65,0.00,0.00,25.00,17.68,33.33,33.33,37.50,41.46,25.00,25.00,16.67,16.67,12.50,21.65
2568,บ้านเด่นวิทยา,ฮอด,เล็ก,นอกเมือง,สำนักงานคณะกรรมการการศึกษาขั้นพื้นฐาน,สพป.เชียงใหม่ เขต 5,5,0.00,0.00,25.00,15.81,0.00,0.00,32.50,26.93,60.00,13.33,20.00,24.49,30.00,40.00,53.33,40.00,30.00,24.49
2568,บ้านตาลใต้,ฮอด,เล็ก,นอกเมือง,สำนักงานคณะกรรมการการศึกษาขั้นพื้นฐาน,สพป.เชียงใหม่ เขต 5,6,16.67,37.27,16.67,18.63,16.67,37.27,31.25,24.74,38.89,22.91,33.33,23.57,33.33,37.27,27.78,12.42,16.67,23.57
2568,บ้านตาลเหนือ,ฮอด,เล็ก,นอกเมือง,สำนักงานคณะกรรมการการศึกษาขั้นพื้นฐาน,สพป.เชียงใหม่ เขต 5,12,41.67,49.30,39.58,23.84,33.33,47.14,33.33,31.18,44.44,20.79,37.50,29.76,45.83,37.96,30.56,21.34,33.33,37.27
2568,บ้านตีนตก,ฮอด,เล็ก,นอกเมือง,สำนักงานคณะกรรมการการศึกษาขั้นพื้นฐาน,สพป.เชียงใหม่ เขต 5,4,25.00,43.30,6.25,10.83,0.00,0.00,28.13,13.62,41.67,36.32,37.50,41.46,25.00,43.30,41.67,14.43,0.00,0.00
2568,บ้านเตียนอาง,ฮอด,เล็ก,นอกเมือง,สำนักงานคณะกรรมการการศึกษาขั้นพื้นฐาน,สพป.เชียงใหม่ เขต 5,6,33.33,47.14,33.33,18.63,16.67,37.27,35.42,19.65,55.56,15.71,25.00,38.19,16.67,37.27,33.33,27.22,16.67,23.57
2568,บ้านทุ่ง,ฮอด,เล็ก,นอกเมือง,สำนักงานคณะกรรมการการศึกษาขั้นพื้นฐาน,สพป.เชียงใหม่ เขต 5,7,28.57,45.18,46.43,15.97,0.00,0.00,30.36,24.87,66.67,25.20,21.43,24.74,50.00,37.80,28.57,27.77,21.43,24.74
2568,บ้านทุ่งโป่ง,ฮอด,เล็ก,นอกเมือง,สำนักงานคณะกรรมการการศึกษาขั้นพื้นฐาน,สพป.เชียงใหม่ เขต 5,10,40.00,48.99,12.50,12.50,10.00,30.00,38.75,15.26,33.33,21.08,30.00,33.17,50.00,50.00,33.33,25.82,30.00,24.49
2568,บ้านนาคอเรือ,ฮอด,เล็ก,นอกเมือง,สำนักงานคณะกรรมการการศึกษาขั้นพื้นฐาน,สพป.เชียงใหม่ เขต 5,18,50.00,50.00,36.11,31.43,0.00,0.00,49.31,28.10,55.56,24.85,36.11,32.51,52.78,35.25,40.74,28.45,16.67,23.57
2568,บ้านนาฟ่อน,ฮอด,เล็ก,นอกเมือง,สำนักงานคณะกรรมการการศึกษาขั้นพื้นฐาน,สพป.เชียงใหม่ เขต 5,16,37.50,48.41,10.94,17.61,12.50,33.07,31.25,24.61,45.83,26.02,28.13,35.22,28.13,30.46,33.33,26.35,15.63,23.18
2568,บ้านบ่อสลี,ฮอด,เล็ก,นอกเมือง,สำนักงานคณะกรรมการการศึกษาขั้นพื้นฐาน,สพป.เชียงใหม่ เขต 5,6,16.67,37.27,33.33,23.57,0.00,0.00,16.67,17.18,38.89,22.91,33.33,37.27,25.00,38.19,38.89,35.57,8.33,18.63
2568,บ้านบ่อหลวง,ฮอด,กลาง,นอกเมือง,สำนักงานคณะกรรมการการศึกษาขั้นพื้นฐาน,สพป.เชียงใหม่ เขต 5,24,50.00,50.00,32.29,31.85,12.50,33.07,36.46,23.64,50.00,27.22,29.17,35.11,68.75,31.66,50.00,23.57,12.50,21.65
2568,บ้านผาแตน,ฮอด,เล็ก,นอกเมือง,สำนักงานคณะกรรมการการศึกษาขั้นพื้นฐาน,สพป.เชียงใหม่ เขต 5,3,0.00,0.00,16.67,11.79,66.67,47.14,12.50,10.21,22.22,15.71,16.67,23.57,66.67,23.57,22.22,15.71,33.33,23.57
2568,บ้านพุย,ฮอด,เล็ก,นอกเมือง,สำนักงานคณะกรรมการการศึกษาขั้นพื้นฐาน,สพป.เชียงใหม่ เขต 5,17,17.65,38.12,10.29,12.30,0.00,0.00,23.53,17.09,33.33,25.57,14.71,22.78,29.41,24.61,37.25,27.73,23.53,24.96
2568,บ้านแม่งูด,ฮอด,เล็ก,นอกเมือง,สำนักงานคณะกรรมการการศึกษาขั้นพื้นฐาน,สพป.เชียงใหม่ เขต 5,8,37.50,48.41,28.13,19.52,12.50,33.07,23.44,15.86,45.83,23.20,31.25,34.80,37.50,41.46,29.17,30.90,18.75,24.21
2568,บ้านแม่ลอง,ฮอด,เล็ก,นอกเมือง,สำนักงานคณะกรรมการการศึกษาขั้นพื้นฐาน,สพป.เชียงใหม่ เขต 5,4,50.00,50.00,25.00,17.68,0.00,0.00,31.25,18.75,50.00,16.67,25.00,25.00,12.50,21.65,50.00,16.67,25.00,25.00
2568,บ้านแม่ลาย,ฮอด,เล็ก,นอกเมือง,สำนักงานคณะกรรมการการศึกษาขั้นพื้นฐาน,สพป.เชียงใหม่ เขต 5,24,37.50,48.41,29.17,31.18,8.33,27.64,33.85,24.60,36.11,25.31,35.42,30.55,25.00,38.19,34.72,24.49,18.75,28.18
2568,บ้านแม่ลายเหนือ,ฮอด,เล็ก,นอกเมือง,สำนักงานคณะกรรมการการศึกษาขั้นพื้นฐาน,สพป.เชียงใหม่ เขต 5,13,46.15,49.85,19.23,19.99,7.69,26.65,35.58,20.71,35.90,24.33,30.77,41.78,42.31,38.46,43.59,20.19,11.54,21.07
2568,บ้านแม่สะนาม,ฮอด,เล็ก,นอกเมือง,สำนักงานคณะกรรมการการศึกษาขั้นพื้นฐาน,สพป.เชียงใหม่ เขต 5,2,0.00,0.00,12.50,12.50,0.00,0.00,18.75,18.75,50.00,16.67,25.00,25.00,0.00,0.00,16.67,16.67,25.00,25.00
2568,บ้านแม่อมลอง,ฮอด,เล็ก,นอกเมือง,สำนักงานคณะกรรมการการศึกษาขั้นพื้นฐาน,สพป.เชียงใหม่ เขต 5,3,0.00,0.00,8.33,11.79,66.67,47.14,25.00,20.41,33.33,27.22,16.67,23.57,33.33,23.57,11.11,15.71,66.67,23.57
2568,บ้านวังกอง,ฮอด,เล็ก,นอกเมือง,สำนักงานคณะกรรมการการศึกษาขั้นพื้นฐาน,สพป.เชียงใหม่ เขต 5,6,0.00,0.00,29.17,22.44,0.00,0.00,25.00,26.02,44.44,15.71,16.67,23.57,33.33,37.27,61.11,22.91,16.67,23.57
2568,บ้านวังลุง,ฮอด,เล็ก,นอกเมือง,สำนักงานคณะกรรมการการศึกษาขั้นพื้นฐาน,สพป.เชียงใหม่ เขต 5,12,8.33,27.64,20.83,19.98,25.00,43.30,51.04,20.06,44.44,20.79,20.83,24.65,33.33,31.18,38.89,32.87,16.67,23.57
2568,บ้านหางดง,ฮอด,เล็ก,นอกเมือง,สำนักงานคณะกรรมการการศึกษาขั้นพื้นฐาน,สพป.เชียงใหม่ เขต 5,11,18.18,38.57,18.18,30.32,27.27,44.54,30.68,23.45,33.33,24.62,18.18,32.14,22.73,32.78,27.27,27.77,13.64,22.27
2568,ฟ้าใส,ฮอด,เล็ก,นอกเมือง,สำนักงานคณะกรรมการส่งเสริมการศึกษาเอกชน,-,10,50.00,50.00,37.50,27.95,30.00,45.83,61.25,21.97,63.33,27.69,35.00,32.02,25.00,25.00,60.00,24.94,25.00,25.00
2568,แม่โถวิทยาคม,ฮอด,กลาง,นอกเมือง,สำนักงานคณะกรรมการการศึกษาขั้นพื้นฐาน,สพป.เชียงใหม่ เขต 5,39,23.08,42.13,29.49,24.59,5.13,22.06,36.22,22.79,47.01,24.71,28.21,29.52,35.90,29.85,30.77,24.33,20.51,27.08
2567,บ้านขุนแม่รวม,กัลยาณิวัฒนา,เล็ก,นอกเมือง,สำนักงานคณะกรรมการการศึกษาขั้นพื้นฐาน,สพป.เชียงใหม่ เขต 6,22,72.73,44.54,40.91,28.75,31.82,46.58,34.66,16.83,31.82,27.48,31.82,32.14,20.45,28.84,33.33,28.43,31.82,35.50
2567,บ้านจันทร์,กัลยาณิวัฒนา,เล็ก,นอกเมือง,สำนักงานคณะกรรมการการศึกษาขั้นพื้นฐาน,สพป.เชียงใหม่ เขต 6,12,83.33,37.27,35.42,23.84,83.33,37.27,57.29,18.72,52.78,28.73,41.67,27.64,16.67,23.57,63.89,31.79,54.17,37.96
2567,บ้านจันทร์ สาขาแจ่มน้อย,กัลยาณิวัฒนา,เล็ก,นอกเมือง,สำนักงานคณะกรรมการการศึกษาขั้นพื้นฐาน,สพป.เชียงใหม่ เขต 6,9,66.67,47.14,44.44,36.85,55.56,49.69,23.61,13.75,29.63,24.57,11.11,20.79,5.56,15.71,37.04,18.89,33.33,23.57
2567,บ้านแจ่มหลวง,กัลยาณิวัฒนา,เล็ก,นอกเมือง,สำนักงานคณะกรรมการการศึกษาขั้นพื้นฐาน,สพป.เชียงใหม่ เขต 6,8,100.00,0.00,56.25,27.24,50.00,50.00,54.69,33.03,45.83,28.57,25.00,25.00,18.75,24.21,45.83,16.14,50.00,35.36
2567,บ้านแม่แดดน้อย,กัลยาณิวัฒนา,เล็ก,นอกเมือง,สำนักงานคณะกรรมการการศึกษาขั้นพื้นฐาน,สพป.เชียงใหม่ เขต 6,3,100.00,0.00,50.00,20.41,33.33,47.14,29.17,15.59,33.33,27.22,33.33,23.57,16.67,23.57,55.56,15.71,16.67,23.57
2567,บ้านแม่แดดน้อย สาขาบ้านดงสามหมื่น,กัลยาณิวัฒนา,เล็ก,นอกเมือง,สำนักงานคณะกรรมการการศึกษาขั้นพื้นฐาน,สพป.เชียงใหม่ เขต 6,10,0.00,0.00,35.00,22.91,40.00,48.99,30.00,12.75,23.33,26.03,40.00,30.00,20.00,33.17,36.67,23.33,55.00,35.00
2567,บ้านแม่ตะละ,กัลยาณิวัฒนา,เล็ก,นอกเมือง,สำนักงานคณะกรรมการการศึกษาขั้นพื้นฐาน,สพป.เชียงใหม่ เขต 6,23,43.48,49.57,41.30,35.05,47.83,49.95,36.41,27.56,26.09,29.42,39.13,32.83,26.09,29.00,52.17,30.81,39.13,29.33
2567,บ้านแม่ตะละเหนือ,กัลยาณิวัฒนา,เล็ก,นอกเมือง,สำนักงานคณะกรรมการการศึกษาขั้นพื้นฐาน,สพป.เชียงใหม่ เขต 6,2,0.00,0.00,25.00,25.00,100.00,0.00,31.25,6.25,33.33,0.00,0.00,0.00,25.00,25.00,50.00,16.67,25.00,25.00
2567,บ้านห้วยยา,กัลยาณิวัฒนา,เล็ก,นอกเมือง,สำนักงานคณะกรรมการการศึกษาขั้นพื้นฐาน,สพป.เชียงใหม่ เขต 6,10,80.00,40.00,25.00,19.36,60.00,48.99,41.25,23.75,33.33,29.81,30.00,33.17,30.00,24.49,50.00,30.73,50.00,31.62
2567,บ้านหัวยปู,กัลยาณิวัฒนา,เล็ก,นอกเมือง,สำนักงานคณะกรรมการการศึกษาขั้นพื้นฐาน,สพป.เชียงใหม่ เขต 6,6,83.33,37.27,29.17,36.56,50.00,50.00,45.83,29.46,38.89,22.91,58.33,18.63,25.00,25.00,38.89,22.91,58.33,18.63
2567,สามัคคีสันม่วง,กัลยาณิวัฒนา,เล็ก,นอกเมือง,สำนักงานคณะกรรมการการศึกษาขั้นพื้นฐาน,สพป.เชียงใหม่ เขต 6,15,73.33,44.22,38.33,31.45,33.33,47.14,27.50,24.24,35.56,35.42,40.00,32.66,26.67,30.91,28.89,23.93,30.00,24.49
2567,ณัทชวิทย์,จอมทอง,เล็ก,นอกเมือง,สำนักงานคณะกรรมการส่งเสริมการศึกษาเอกชน,-,22,95.45,20.83,43.18,28.39,54.55,49.79,38.07,25.14,51.52,29.69,45.45,42.40,40.91,32.46,57.58,20.55,72.73,29.11
2567,เทศบาลจอมทอง ๑ (ชุมชนบ้านข่วงเปาเหนือ),จอมทอง,กลาง,นอกเมือง,กรมส่งเสริมการปกครองท้องถิ่น,ท้องถิ่นจังหวัดเชียงใหม่,32,81.25,39.03,36.72,28.63,40.63,49.11,39.84,21.97,25.00,23.57,39.06,29.93,18.75,24.21,42.71,29.15,59.38,31.72
2567,ไทยรัฐวิทยา 79 (บ้านหนองอาบช้าง),จอมทอง,เล็ก,นอกเมือง,สำนักงานคณะกรรมการการศึกษาขั้นพื้นฐาน,สพป.เชียงใหม่ เขต 6,10,70.00,45.83,35.00,22.91,50.00,50.00,42.50,16.96,36.67,23.33,30.00,33.17,25.00,33.54,46.67,16.33,35.00,32.02
2567,นิยมไพรผาหมอนอินทนนท์,จอมทอง,เล็ก,นอกเมือง,สำนักงานคณะกรรมการการศึกษาขั้นพื้นฐาน,สพป.เชียงใหม่ เขต 6,26,69.23,46.15,47.12,33.49,38.46,48.65,35.10,24.27,25.64,26.65,36.54,32.69,17.31,23.79,47.44,30.90,57.69,35.87
2567,บ้านข่วงเปาใต้,จอมทอง,เล็ก,นอกเมือง,สำนักงานคณะกรรมการการศึกษาขั้นพื้นฐาน,สพป.เชียงใหม่ เขต 6,8,100.00,0.00,46.88,36.31,25.00,43.30,40.63,13.62,37.50,19.98,18.75,24.21,18.75,24.21,33.33,16.67,12.50,21.65
2567,บ้านขุนกลาง,จอมทอง,กลาง,นอกเมือง,สำนักงานคณะกรรมการการศึกษาขั้นพื้นฐาน,สพป.เชียงใหม่ เขต 6,47,68.09,46.61,31.38,27.03,42.55,49.44,41.76,22.81,32.62,29.57,41.49,34.70,23.40,33.98,46.10,27.98,53.19,33.27
2567,บ้านขุนกลาง สาขาแม่ยะน้อย,จอมทอง,เล็ก,นอกเมือง,สำนักงานคณะกรรมการการศึกษาขั้นพื้นฐาน,สพป.เชียงใหม่ เขต 6,12,33.33,47.14,56.25,23.11,75.00,43.30,36.46,18.01,22.22,28.33,58.33,27.64,25.00,25.00,41.67,33.68,41.67,39.97
2567,บ้านขุนแตะ,จอมทอง,เล็ก,นอกเมือง,สำนักงานคณะกรรมการการศึกษาขั้นพื้นฐาน,สพป.เชียงใหม่ เขต 6,8,75.00,43.30,46.88,31.72,62.50,48.41,39.06,18.15,29.17,19.98,43.75,16.54,6.25,16.54,41.67,27.64,18.75,24.21
2567,บ้านขุนแปะ,จอมทอง,เล็ก,นอกเมือง,สำนักงานคณะกรรมการการศึกษาขั้นพื้นฐาน,สพป.เชียงใหม่ เขต 6,36,75.00,43.30,48.61,17.62,47.22,49.92,36.11,18.35,28.70,29.56,38.89,31.43,19.44,27.07,44.44,29.40,50.00,31.18
2567,บ้านขุนแปะ สาขาแม่จร,จอมทอง,เล็ก,นอกเมือง,สำนักงานคณะกรรมการการศึกษาขั้นพื้นฐาน,สพป.เชียงใหม่ เขต 6,10,80.00,40.00,40.00,22.91,40.00,48.99,30.00,19.53,26.67,24.94,45.00,35.00,20.00,40.00,56.67,21.34,60.00,30.00
2567,บ้านขุนยะ,จอมทอง,เล็ก,นอกเมือง,สำนักงานคณะกรรมการการศึกษาขั้นพื้นฐาน,สพป.เชียงใหม่ เขต 6,4,100.00,0.00,31.25,40.98,50.00,50.00,56.25,18.75,16.67,16.67,62.50,21.65,75.00,25.00,58.33,27.64,50.00,35.36
2567,บ้านท่าข้าม,จอมทอง,เล็ก,นอกเมือง,สำนักงานคณะกรรมการการศึกษาขั้นพื้นฐาน,สพป.เชียงใหม่ เขต 6,14,57.14,49.49,26.79,24.02,35.71,47.92,36.61,16.00,33.33,28.17,50.00,37.80,25.00,25.00,57.14,26.51,71.43,24.74
2567,บ้านท่าหลุก,จอมทอง,เล็ก,นอกเมือง,สำนักงานคณะกรรมการการศึกษาขั้นพื้นฐาน,สพป.เชียงใหม่ เขต 6,6,33.33,47.14,25.00,20.41,16.67,37.27,31.25,32.87,33.33,27.22,25.00,25.00,33.33,37.27,55.56,31.43,33.33,23.57
2567,บ้านน้ำตกแม่กลาง,จอมทอง,เล็ก,นอกเมือง,สำนักงานคณะกรรมการการศึกษาขั้นพื้นฐาน,สพป.เชียงใหม่ เขต 6,6,33.33,47.14,41.67,23.57,50.00,50.00,56.25,23.66,38.89,22.91,50.00,40.82,8.33,18.63,61.11,29.92,58.33,34.36
2567,บ้านบนนา,จอมทอง,เล็ก,นอกเมือง,สำนักงานคณะกรรมการการศึกษาขั้นพื้นฐาน,สพป.เชียงใหม่ เขต 6,11,90.91,28.75,27.27,22.50,63.64,48.10,48.86,29.89,24.24,24.99,31.82,32.14,13.64,30.83,42.42,35.08,50.00,30.15
2567,บ้านปากทางท่าลี่,จอมทอง,เล็ก,นอกเมือง,สำนักงานคณะกรรมการการศึกษาขั้นพื้นฐาน,สพป.เชียงใหม่ เขต 6,4,50.00,50.00,37.50,21.65,0.00,0.00,40.63,13.62,33.33,23.57,50.00,0.00,12.50,21.65,33.33,0.00,50.00,0.00
2567,บ้านแปะ,จอมทอง,เล็ก,นอกเมือง,สำนักงานคณะกรรมการการศึกษาขั้นพื้นฐาน,สพป.เชียงใหม่ เขต 6,3,66.67,47.14,33.33,23.57,66.67,47.14,41.67,5.89,33.33,27.22,66.67,23.57,16.67,23.57,77.78,31.43,33.33,23.57
2567,บ้านเมืองกลาง,จอมทอง,เล็ก,นอกเมือง,สำนักงานคณะกรรมการการศึกษาขั้นพื้นฐาน,สพป.เชียงใหม่ เขต 6,4,75.00,43.30,12.50,21.65,0.00,0.00,40.63,24.00,66.67,0.00,25.00,25.00,12.50,21.65,66.67,33.33,75.00,25.00
2567,บ้านเมืองอาง,จอมทอง,เล็ก,นอกเมือง,สำนักงานคณะกรรมการการศึกษาขั้นพื้นฐาน,สพป.เชียงใหม่ เขต 6,5,80.00,40.00,25.00,22.36,40.00,48.99,35.00,5.00,46.67,26.67,30.00,24.49,30.00,24.49,26.67,24.94,30.00,40.00
2567,บ้านแม่ปอน,จอมทอง,เล็ก,นอกเมือง,สำนักงานคณะกรรมการการศึกษาขั้นพื้นฐาน,สพป.เชียงใหม่ เขต 6,19,84.21,36.46,35.53,31.74,21.05,40.77,40.79,23.59,42.11,21.20,34.21,32.66,28.95,33.70,42.11,28.29,44.74,32.01
2567,บ้านแม่สอย,จอมทอง,เล็ก,นอกเมือง,สำนักงานคณะกรรมการการศึกษาขั้นพื้นฐาน,สพป.เชียงใหม่ เขต 6,12,100.00,0.00,58.33,29.46,66.67,47.14,59.38,21.73,41.67,19.84,58.33,34.36,29.17,43.10,72.22,26.64,79.17,24.65
2567,บ้านโรงวัว,จอมทอง,เล็ก,นอกเมือง,สำนักงานคณะกรรมการการศึกษาขั้นพื้นฐาน,สพป.เชียงใหม่ เขต 6,14,64.29,47.92,33.93,17.95,35.71,47.92,56.25,22.53,33.33,28.17,46.43,35.17,21.43,24.74,69.05,34.42,57.14,31.94
2567,บ้านสบแจ่มฝั่งซ้าย,จอมทอง,เล็ก,นอกเมือง,สำนักงานคณะกรรมการการศึกษาขั้นพื้นฐาน,สพป.เชียงใหม่ เขต 6,9,22.22,41.57,25.00,33.33,44.44,49.69,22.22,21.87,37.04,18.89,22.22,24.85,16.67,23.57,29.63,24.57,33.33,33.33
2567,บ้านสบเตี๊ยะ,จอมทอง,กลาง,นอกเมือง,สำนักงานคณะกรรมการการศึกษาขั้นพื้นฐาน,สพป.เชียงใหม่ เขต 6,7,100.00,0.00,39.29,22.59,57.14,49.49,32.14,14.73,28.57,32.99,50.00,37.80,7.14,17.50,61.90,37.50,71.43,24.74
2567,บ้านสบแปะ,จอมทอง,เล็ก,นอกเมือง,สำนักงานคณะกรรมการการศึกษาขั้นพื้นฐาน,สพป.เชียงใหม่ เขต 6,8,75.00,43.30,53.13,26.33,25.00,43.30,37.50,22.53,37.50,26.02,25.00,25.00,12.50,33.07,45.83,37.03,43.75,39.03
2567,บ้านหนองคัน,จอมทอง,เล็ก,นอกเมือง,สำนักงานคณะกรรมการการศึกษาขั้นพื้นฐาน,สพป.เชียงใหม่ เขต 6,7,57.14,49.49,50.00,18.90,42.86,49.49,30.36,27.43,42.86,29.35,64.29,34.99,35.71,22.59,61.90,27.77,57.14,17.50
2567,บ้านห้วยทราย,จอมทอง,เล็ก,นอกเมือง,สำนักงานคณะกรรมการการศึกษาขั้นพื้นฐาน,สพป.เชียงใหม่ เขต 6,18,55.56,49.69,48.61,26.97,50.00,50.00,40.28,21.47,33.33,24.85,50.00,33.33,41.67,34.36,44.44,27.22,44.44,36.85
2567,บ้านห้วยน้ำดิบ,จอมทอง,เล็ก,นอกเมือง,สำนักงานคณะกรรมการการศึกษาขั้นพื้นฐาน,สพป.เชียงใหม่ เขต 6,6,83.33,37.27,33.33,18.63,50.00,50.00,27.08,19.65,33.33,27.22,16.67,23.57,16.67,23.57,44.44,15.71,66.67,23.57
2567,บ้านห้วยม่วง,จอมทอง,เล็ก,นอกเมือง,สำนักงานคณะกรรมการการศึกษาขั้นพื้นฐาน,สพป.เชียงใหม่ เขต 6,5,100.00,0.00,40.00,12.25,80.00,40.00,50.00,23.72,60.00,24.94,30.00,24.49,30.00,24.49,80.00,26.67,50.00,31.62
2567,บ้านห้วยม่วงฝั่งซ้าย,จอมทอง,เล็ก,นอกเมือง,สำนักงานคณะกรรมการการศึกษาขั้นพื้นฐาน,สพป.เชียงใหม่ เขต 6,11,81.82,38.57,36.36,12.45,27.27,44.54,38.64,18.81,30.30,30.00,22.73,32.78,9.09,28.75,24.24,24.99,54.55,45.00
2567,บ้านห้วยส้มป่อย,จอมทอง,เล็ก,นอกเมือง,สำนักงานคณะกรรมการการศึกษาขั้นพื้นฐาน,สพป.เชียงใหม่ เขต 6,12,75.00,43.30,16.67,25.69,41.67,49.30,36.46,16.50,38.89,35.57,29.17,32.00,12.50,21.65,47.22,34.58,41.67,34.36
2567,บ้านห้วยสะแพด,จอมทอง,เล็ก,นอกเมือง,สำนักงานคณะกรรมการการศึกษาขั้นพื้นฐาน,สพป.เชียงใหม่ เขต 6,8,100.00,0.00,31.25,20.73,75.00,43.30,37.50,23.39,45.83,33.07,31.25,34.80,25.00,25.00,66.67,33.33,50.00,25.00
2567,บ้านหาดนาค,จอมทอง,เล็ก,นอกเมือง,สำนักงานคณะกรรมการการศึกษาขั้นพื้นฐาน,สพป.เชียงใหม่ เขต 6,4,50.00,50.00,37.50,41.46,50.00,50.00,25.00,12.50,66.67,23.57,37.50,21.65,12.50,21.65,50.00,37.27,25.00,25.00
2567,บ้านใหม่สารภี,จอมทอง,เล็ก,นอกเมือง,สำนักงานคณะกรรมการการศึกษาขั้นพื้นฐาน,สพป.เชียงใหม่ เขต 6,3,100.00,0.00,41.67,11.79,33.33,47.14,83.33,11.79,66.67,27.22,83.33,23.57,66.67,23.57,100.00,0.00,66.67,23.57
2567,ป่ากล้วยพัฒนา,จอมทอง,เล็ก,นอกเมือง,สำนักงานคณะกรรมการการศึกษาขั้นพื้นฐาน,สพป.เชียงใหม่ เขต 6,6,16.67,37.27,45.83,22.44,50.00,50.00,22.92,23.29,38.89,22.91,8.33,18.63,0.00,0.00,27.78,22.91,58.33,34.36
2567,วัดพระบาท,จอมทอง,เล็ก,นอกเมือง,สำนักงานคณะกรรมการการศึกษาขั้นพื้นฐาน,สพป.เชียงใหม่ เขต 6,1,100.00,0.00,0.00,0.00,100.00,0.00,37.50,0.00,33.33,0.00,0.00,0.00,100.00,0.00,100.00,0.00,50.00,0.00
2567,ศรีจอมทอง,จอมทอง,ใหญ่,นอกเมือง,สำนักงานคณะกรรมการการศึกษาขั้นพื้นฐาน,สพป.เชียงใหม่ เขต 6,233,82.83,37.71,39.27,27.16,44.64,49.71,44.90,24.60,47.50,29.70,53.22,36.48,27.04,30.35,64.23,30.24,58.37,35.05
2567,สุทธิวงศ์ดำรงวิทย์,จอมทอง,เล็ก,นอกเมือง,สำนักงานคณะกรรมการส่งเสริมการศึกษาเอกชน,-,13,69.23,46.15,34.62,34.72,30.77,46.15,32.69,23.28,23.08,15.38,38.46,34.83,30.77,31.25,35.90,20.51,42.31,26.65
2567,แกน้อยศึกษา,เชียงดาว,กลาง,นอกเมือง,สำนักงานคณะกรรมการการศึกษาขั้นพื้นฐาน,สพป.เชียงใหม่ เขต 3,8,50.00,50.00,40.63,30.46,37.50,48.41,34.38,19.52,29.17,26.02,25.00,35.36,18.75,24.21,29.17,30.90,56.25,39.03
2567,โครงการหลวงแกน้อย,เชียงดาว,กลาง,นอกเมือง,สำนักงานคณะกรรมการการศึกษาขั้นพื้นฐาน,สพป.เชียงใหม่ เขต 3,4,0.00,0.00,25.00,25.00,75.00,43.30,34.38,24.00,16.67,16.67,62.50,41.46,12.50,21.65,33.33,23.57,87.50,21.65
2567,เจ้าฟ้าอุบลรัตน์,เชียงดาว,เล็ก,นอกเมือง,สำนักงานคณะกรรมการส่งเสริมการศึกษาเอกชน,-,24,83.33,37.27,23.96,25.49,50.00,50.00,33.33,20.94,33.33,21.52,29.17,35.11,12.50,26.02,37.50,27.74,45.83,35.11
2567,ชุมชนบ้านเมืองงาย,เชียงดาว,กลาง,นอกเมือง,สำนักงานคณะกรรมการการศึกษาขั้นพื้นฐาน,สพป.เชียงใหม่ เขต 3,21,90.48,29.35,38.10,27.41,66.67,47.14,52.98,24.97,46.03,29.95,52.38,28.77,19.05,28.77,61.90,27.77,69.05,32.65
2567,ชุมชนบ้านวังจ๊อม,เชียงดาว,กลาง,นอกเมือง,สำนักงานคณะกรรมการการศึกษาขั้นพื้นฐาน,สพป.เชียงใหม่ เขต 3,15,86.67,33.99,40.00,17.80,66.67,47.14,60.00,25.08,40.00,18.05,53.33,38.59,20.00,24.49,64.44,28.46,56.67,30.91
2567,ดอยสามหมื่น,เชียงดาว,เล็ก,นอกเมือง,สำนักงานคณะกรรมการการศึกษาขั้นพื้นฐาน,สพป.เชียงใหม่ เขต 3,7,57.14,49.49,46.43,15.97,14.29,34.99,28.57,28.12,19.05,16.50,35.71,22.59,21.43,24.74,47.62,39.27,50.00,37.80
2567,ตชด.เฉลิมพระเกียรติฯ บ้านแกน้อย,เชียงดาว,เล็ก,นอกเมือง,กองบัญชาการตำรวจตระเวนชายแดน,-,29,51.72,49.97,28.45,27.64,20.69,40.51,29.31,22.09,24.14,19.37,32.76,37.77,17.24,27.15,28.74,27.30,36.21,39.16
2567,บ้านเชียงดาว,เชียงดาว,กลาง,นอกเมือง,สำนักงานคณะกรรมการการศึกษาขั้นพื้นฐาน,สพป.เชียงใหม่ เขต 3,83,62.65,48.37,31.02,23.15,56.63,49.56,39.01,23.64,29.72,25.88,42.77,33.95,31.33,32.66,49.80,29.44,57.83,32.45
2567,บ้านดอน,เชียงดาว,เล็ก,นอกเมือง,สำนักงานคณะกรรมการการศึกษาขั้นพื้นฐาน,สพป.เชียงใหม่ เขต 3,9,55.56,49.69,52.78,29.92,66.67,47.14,40.28,24.85,7.41,13.86,44.44,36.85,16.67,23.57,33.33,22.22,61.11,31.43
2567,บ้านถ้ำ,เชียงดาว,เล็ก,นอกเมือง,สำนักงานคณะกรรมการการศึกษาขั้นพื้นฐาน,สพป.เชียงใหม่ เขต 3,5,60.00,48.99,45.00,24.49,40.00,48.99,32.50,15.00,33.33,21.08,50.00,31.62,10.00,20.00,53.33,26.67,60.00,37.42
2567,บ้านทุ่งข้าวพวง,เชียงดาว,กลาง,นอกเมือง,สำนักงานคณะกรรมการการศึกษาขั้นพื้นฐาน,สพป.เชียงใหม่ เขต 3,18,88.89,31.43,41.67,26.35,50.00,50.00,50.00,29.46,25.93,20.95,44.44,40.45,19.44,24.37,57.41,32.97,58.33,34.36
2567,บ้านทุ่งละคร,เชียงดาว,เล็ก,นอกเมือง,สำนักงานคณะกรรมการการศึกษาขั้นพื้นฐาน,สพป.เชียงใหม่ เขต 3,2,100.00,0.00,25.00,25.00,50.00,50.00,12.50,12.50,50.00,16.67,75.00,25.00,25.00,25.00,66.67,0.00,50.00,0.00
2567,บ้านทุ่งหลุก,เชียงดาว,เล็ก,นอกเมือง,สำนักงานคณะกรรมการการศึกษาขั้นพื้นฐาน,สพป.เชียงใหม่ เขต 3,11,90.91,28.75,43.18,24.05,63.64,48.10,65.91,27.23,60.61,34.28,63.64,43.12,31.82,24.05,66.67,28.43,59.09,28.75
2567,บ้านนาหวาย,เชียงดาว,กลาง,นอกเมือง,สำนักงานคณะกรรมการการศึกษาขั้นพื้นฐาน,สพป.เชียงใหม่ เขต 3,35,68.57,46.42,40.00,31.74,42.86,49.49,49.29,25.17,30.48,33.21,32.86,31.49,31.43,29.49,50.48,33.21,57.14,29.62
2567,บ้านปางแดง,เชียงดาว,เล็ก,นอกเมือง,สำนักงานคณะกรรมการการศึกษาขั้นพื้นฐาน,สพป.เชียงใหม่ เขต 3,9,33.33,47.14,47.22,24.85,44.44,49.69,34.72,18.43,22.22,22.22,33.33,33.33,16.67,33.33,33.33,15.71,44.44,15.71
2567,บ้านปางเฟือง,เชียงดาว,เล็ก,นอกเมือง,สำนักงานคณะกรรมการการศึกษาขั้นพื้นฐาน,สพป.เชียงใหม่ เขต 3,7,57.14,49.49,50.00,13.36,57.14,49.49,37.50,32.04,28.57,21.30,42.86,17.50,21.43,24.74,47.62,24.28,50.00,37.80
2567,บ้านปางมะเยา,เชียงดาว,กลาง,นอกเมือง,สำนักงานคณะกรรมการการศึกษาขั้นพื้นฐาน,สพป.เชียงใหม่ เขต 3,24,45.83,49.83,31.25,26.27,37.50,48.41,22.40,20.41,18.06,19.19,31.25,34.80,37.50,43.90,31.94,28.02,37.50,33.07
2567,บ้านป่าบง,เชียงดาว,เล็ก,นอกเมือง,สำนักงานคณะกรรมการการศึกษาขั้นพื้นฐาน,สพป.เชียงใหม่ เขต 3,13,30.77,46.15,53.85,32.29,38.46,48.65,30.77,21.71,28.21,22.06,53.85,23.71,23.08,31.72,30.77,15.81,50.00,33.97
2567,บ้านเมืองคอง,เชียงดาว,เล็ก,นอกเมือง,สำนักงานคณะกรรมการการศึกษาขั้นพื้นฐาน,สพป.เชียงใหม่ เขต 3,6,83.33,37.27,29.17,17.18,50.00,50.00,35.42,26.43,22.22,24.85,58.33,44.88,16.67,23.57,44.44,24.85,58.33,18.63
2567,บ้านเมืองนะ,เชียงดาว,กลาง,นอกเมือง,สำนักงานคณะกรรมการการศึกษาขั้นพื้นฐาน,สพป.เชียงใหม่ เขต 3,52,26.92,44.36,36.54,24.74,46.15,49.85,35.34,19.87,33.97,24.01,46.15,32.29,14.42,22.65,51.28,34.26,45.19,34.33
2567,บ้านแม่กอนใน,เชียงดาว,เล็ก,นอกเมือง,สำนักงานคณะกรรมการการศึกษาขั้นพื้นฐาน,สพป.เชียงใหม่ เขต 3,16,81.25,39.03,35.94,29.27,62.50,48.41,35.16,27.68,33.33,23.57,37.50,33.07,25.00,30.62,43.75,28.18,46.88,32.92
2567,บ้านแม่นะ,เชียงดาว,กลาง,นอกเมือง,สำนักงานคณะกรรมการการศึกษาขั้นพื้นฐาน,สพป.เชียงใหม่ เขต 3,22,72.73,44.54,32.95,29.57,31.82,46.58,37.50,26.11,31.82,25.58,34.09,34.99,13.64,22.27,39.39,25.89,47.73,35.28
2567,บ้านแม่ป๋าม,เชียงดาว,เล็ก,นอกเมือง,สำนักงานคณะกรรมการการศึกษาขั้นพื้นฐาน,สพป.เชียงใหม่ เขต 3,7,71.43,45.18,14.29,18.21,28.57,45.18,39.29,20.52,52.38,24.28,42.86,31.94,14.29,22.59,57.14,34.34,50.00,26.73
2567,บ้านแม่แมะ,เชียงดาว,เล็ก,นอกเมือง,สำนักงานคณะกรรมการการศึกษาขั้นพื้นฐาน,สพป.เชียงใหม่ เขต 3,4,50.00,50.00,25.00,17.68,0.00,0.00,28.13,13.62,41.67,36.32,50.00,0.00,25.00,25.00,50.00,28.87,37.50,21.65
2567,บ้านแม่อ้อใน,เชียงดาว,เล็ก,นอกเมือง,สำนักงานคณะกรรมการการศึกษาขั้นพื้นฐาน,สพป.เชียงใหม่ เขต 3,7,85.71,34.99,25.00,18.90,42.86,49.49,48.21,18.21,66.67,17.82,42.86,31.94,42.86,41.65,66.67,0.00,57.14,31.94
2567,บ้านรินหลวง,เชียงดาว,เล็ก,นอกเมือง,สำนักงานคณะกรรมการการศึกษาขั้นพื้นฐาน,สพป.เชียงใหม่ เขต 3,27,66.67,47.14,44.44,27.50,33.33,47.14,22.69,16.33,35.80,29.99,35.19,38.04,22.22,31.43,44.44,28.69,44.44,41.57
2567,บ้านวังมะริว,เชียงดาว,เล็ก,นอกเมือง,สำนักงานคณะกรรมการการศึกษาขั้นพื้นฐาน,สพป.เชียงใหม่ เขต 3,9,33.33,47.14,33.33,23.57,22.22,41.57,30.56,15.71,22.22,35.14,50.00,33.33,5.56,15.71,40.74,20.95,38.89,20.79
2567,บ้านสบคาบ,เชียงดาว,เล็ก,นอกเมือง,สำนักงานคณะกรรมการการศึกษาขั้นพื้นฐาน,สพป.เชียงใหม่ เขต 3,6,50.00,50.00,33.33,23.57,16.67,37.27,29.17,15.59,16.67,16.67,33.33,23.57,8.33,18.63,27.78,12.42,25.00,25.00
2567,บ้านสันป่าเกี๊ยะ,เชียงดาว,เล็ก,นอกเมือง,สำนักงานคณะกรรมการการศึกษาขั้นพื้นฐาน,สพป.เชียงใหม่ เขต 3,7,85.71,34.99,50.00,26.73,71.43,45.18,26.79,21.58,23.81,23.33,42.86,17.50,7.14,17.50,52.38,30.12,57.14,31.94
2567,บ้านหนองเขียว,เชียงดาว,กลาง,นอกเมือง,สำนักงานคณะกรรมการการศึกษาขั้นพื้นฐาน,สพป.เชียงใหม่ เขต 3,21,57.14,49.49,45.24,29.50,52.38,49.94,29.17,20.53,31.75,26.18,26.19,24.97,14.29,27.36,26.98,22.11,47.62,28.77
2567,บ้านหนองแขม,เชียงดาว,เล็ก,นอกเมือง,กองบัญชาการตำรวจตระเวนชายแดน,-,14,71.43,45.18,44.64,21.50,57.14,49.49,37.50,29.50,30.95,26.62,39.29,38.63,21.43,24.74,52.38,16.50,39.29,33.69
2567,บ้านหนองบัว,เชียงดาว,เล็ก,นอกเมือง,สำนักงานคณะกรรมการการศึกษาขั้นพื้นฐาน,สพป.เชียงใหม่ เขต 3,12,66.67,47.14,27.08,21.55,41.67,49.30,25.00,22.82,16.67,16.67,50.00,28.87,20.83,32.00,30.56,25.31,25.00,25.00
2567,บ้านห้วยจะค่าน ตชด.อนุสรณ์,เชียงดาว,กลาง,นอกเมือง,สำนักงานคณะกรรมการการศึกษาขั้นพื้นฐาน,สพป.เชียงใหม่ เขต 3,3,100.00,0.00,25.00,20.41,100.00,0.00,41.67,5.89,33.33,0.00,66.67,23.57,0.00,0.00,33.33,27.22,50.00,0.00
2567,บ้านห้วยทรายขาว,เชียงดาว,เล็ก,นอกเมือง,สำนักงานคณะกรรมการการศึกษาขั้นพื้นฐาน,สพป.เชียงใหม่ เขต 3,11,54.55,49.79,15.91,22.03,54.55,49.79,37.50,19.94,18.18,21.85,27.27,24.90,13.64,22.27,39.39,27.77,27.27,32.78
2567,บ้านห้วยเป้า,เชียงดาว,เล็ก,นอกเมือง,กรมส่งเสริมการปกครองท้องถิ่น,ท้องถิ่นจังหวัดเชียงใหม่,17,82.35,38.12,33.82,24.16,35.29,47.79,44.12,19.23,43.14,27.45,41.18,39.24,23.53,24.96,58.82,35.29,55.88,23.53
2567,บ้านใหม่,เชียงดาว,เล็ก,นอกเมือง,สำนักงานคณะกรรมการการศึกษาขั้นพื้นฐาน,สพป.เชียงใหม่ เขต 3,9,77.78,41.57,27.78,18.43,33.33,47.14,51.39,20.79,25.93,20.95,61.11,20.79,33.33,23.57,55.56,27.22,61.11,39.28
2567,บ้านอรุโณทัย,เชียงดาว,ใหญ่พิเศษ,นอกเมือง,สำนักงานคณะกรรมการการศึกษาขั้นพื้นฐาน,สพป.เชียงใหม่ เขต 3,68,47.06,49.91,42.28,27.54,32.35,46.78,32.17,18.36,25.98,24.82,30.88,35.39,13.97,25.50,39.22,30.75,47.06,36.26
2567,บ้านออน,เชียงดาว,เล็ก,นอกเมือง,สำนักงานคณะกรรมการการศึกษาขั้นพื้นฐาน,สพป.เชียงใหม่ เขต 3,6,33.33,47.14,33.33,37.27,66.67,47.14,29.17,21.25,22.22,15.71,25.00,25.00,25.00,25.00,33.33,33.33,66.67,37.27
2567,เบญจม 2 บ้านน้ำรู,เชียงดาว,เล็ก,นอกเมือง,สำนักงานคณะกรรมการการศึกษาขั้นพื้นฐาน,สพป.เชียงใหม่ เขต 3,18,16.67,37.27,33.33,22.05,33.33,47.14,28.47,18.54,24.07,24.36,30.56,33.91,22.22,34.25,35.19,28.27,50.00,37.27
2567,พัฒนาต้นน้ำขุนคอง,เชียงดาว,เล็ก,นอกเมือง,สำนักงานคณะกรรมการการศึกษาขั้นพื้นฐาน,สพป.เชียงใหม่ เขต 3,16,56.25,49.61,32.81,30.26,50.00,50.00,34.38,20.49,43.75,15.45,34.38,38.40,9.38,19.52,37.50,30.90,37.50,33.07
2567,มิตรมวลชนเชียงใหม่,เชียงดาว,กลาง,นอกเมือง,สำนักงานคณะกรรมการการศึกษาขั้นพื้นฐาน,สพป.เชียงใหม่ เขต 3,29,89.66,30.45,36.21,20.33,48.28,49.97,34.05,19.39,33.33,29.03,36.21,36.90,17.24,23.77,52.87,25.55,60.34,35.67
2567,ราชประชานุเคราะห์ 61 จังหวัดเชียงใหม่,เชียงดาว,กลาง,นอกเมือง,สำนักบริหารงานการศึกษาพิเศษ,-,26,53.85,49.85,34.62,35.41,38.46,48.65,25.96,21.63,33.33,24.46,34.62,33.31,17.31,27.53,37.18,33.75,48.08,35.30
2567,วัดจอมคีรี,เชียงดาว,เล็ก,นอกเมือง,สำนักงานคณะกรรมการการศึกษาขั้นพื้นฐาน,สพป.เชียงใหม่ เขต 3,9,55.56,49.69,25.00,16.67,66.67,47.14,50.00,19.54,22.22,27.22,38.89,39.28,44.44,43.74,51.85,31.86,55.56,28.33
2567,วัดปางมะโอ,เชียงดาว,เล็ก,นอกเมือง,สำนักงานคณะกรรมการการศึกษาขั้นพื้นฐาน,สพป.เชียงใหม่ เขต 3,3,100.00,0.00,58.33,31.18,100.00,0.00,41.67,15.59,55.56,15.71,16.67,23.57,33.33,23.57,66.67,0.00,66.67,23.57
2567,ศีลรวี,เชียงดาว,กลาง,นอกเมือง,สำนักงานคณะกรรมการส่งเสริมการศึกษาเอกชน,-,72,69.44,46.06,35.07,30.24,44.44,49.69,35.42,20.09,37.50,28.29,45.83,34.11,28.47,35.18,51.39,27.74,48.61,31.15
2567,ฉัตรพฤกษ์วิทยา,ไชยปราการ,เล็ก,นอกเมือง,สำนักงานคณะกรรมการส่งเสริมการศึกษาเอกชน,-,28,71.43,45.18,47.32,23.47,35.71,47.92,33.48,18.91,27.38,23.66,37.50,31.69,28.57,31.13,48.81,25.95,51.79,36.55
2567,ชุมชนวัดศรีดงเย็น,ไชยปราการ,กลาง,นอกเมือง,สำนักงานคณะกรรมการการศึกษาขั้นพื้นฐาน,สพป.เชียงใหม่ เขต 3,25,72.00,44.90,23.00,28.21,48.00,49.96,34.00,19.53,29.33,27.19,40.00,34.64,24.00,24.98,36.00,22.94,46.00,34.41
2567,เทศบาล 1 ไชยปราการ,ไชยปราการ,กลาง,นอกเมือง,กรมส่งเสริมการปกครองท้องถิ่น,ท้องถิ่นจังหวัดเชียงใหม่,41,70.73,45.50,28.66,25.04,43.90,49.63,35.37,19.70,34.15,28.02,40.24,33.53,21.95,29.32,53.66,27.43,50.00,31.23
2567,บ้านต้นโชค,ไชยปราการ,เล็ก,นอกเมือง,สำนักงานคณะกรรมการการศึกษาขั้นพื้นฐาน,สพป.เชียงใหม่ เขต 3,32,46.88,49.90,29.69,29.61,31.25,46.35,26.56,18.15,23.96,22.41,31.25,32.48,20.31,27.55,25.00,28.87,40.63,42.27
2567,บ้านถ้ำตับเตา,ไชยปราการ,เล็ก,นอกเมือง,สำนักงานคณะกรรมการการศึกษาขั้นพื้นฐาน,สพป.เชียงใหม่ เขต 3,9,22.22,41.57,22.22,21.87,44.44,49.69,33.33,17.68,22.22,15.71,50.00,40.82,22.22,24.85,33.33,22.22,38.89,20.79
2567,บ้านปง,ไชยปราการ,เล็ก,นอกเมือง,สำนักงานคณะกรรมการการศึกษาขั้นพื้นฐาน,สพป.เชียงใหม่ เขต 3,10,90.00,30.00,60.00,37.42,60.00,48.99,58.75,23.08,33.33,29.81,55.00,26.93,25.00,25.00,66.67,21.08,75.00,33.54
2567,บ้านปงตำ,ไชยปราการ,เล็ก,นอกเมือง,สำนักงานคณะกรรมการการศึกษาขั้นพื้นฐาน,สพป.เชียงใหม่ เขต 3,14,78.57,41.03,53.57,29.67,57.14,49.49,41.96,25.27,26.19,22.46,39.29,38.63,17.86,30.51,50.00,24.40,53.57,35.17
2567,บ้านป่างิ้ว,ไชยปราการ,เล็ก,นอกเมือง,สำนักงานคณะกรรมการการศึกษาขั้นพื้นฐาน,สพป.เชียงใหม่ เขต 3,14,100.00,0.00,64.29,26.24,42.86,49.49,41.07,20.82,47.62,30.12,46.43,39.93,28.57,31.13,61.90,35.32,57.14,25.75
2567,บ้านผาแดง,ไชยปราการ,เล็ก,นอกเมือง,สำนักงานคณะกรรมการการศึกษาขั้นพื้นฐาน,สพป.เชียงใหม่ เขต 3,13,76.92,42.13,51.92,22.92,38.46,48.65,31.73,21.71,30.77,24.33,46.15,30.77,19.23,31.25,53.85,27.85,53.85,36.49
2567,บ้านแม่ขิ,ไชยปราการ,เล็ก,นอกเมือง,สำนักงานคณะกรรมการการศึกษาขั้นพื้นฐาน,สพป.เชียงใหม่ เขต 3,18,72.22,44.79,41.67,30.05,50.00,50.00,45.83,16.14,29.63,21.91,36.11,32.51,27.78,24.85,46.30,25.19,52.78,31.06
2567,บ้านแม่ทะลบ,ไชยปราการ,เล็ก,นอกเมือง,สำนักงานคณะกรรมการการศึกษาขั้นพื้นฐาน,สพป.เชียงใหม่ เขต 3,13,69.23,46.15,40.38,28.65,38.46,48.65,41.35,22.14,25.64,26.65,26.92,24.93,7.69,18.04,35.90,27.62,53.85,36.49
2567,บ้านเวียงผาพัฒนา,ไชยปราการ,เล็ก,นอกเมือง,สำนักงานคณะกรรมการการศึกษาขั้นพื้นฐาน,สพป.เชียงใหม่ เขต 3,6,100.00,0.00,33.33,23.57,33.33,47.14,29.17,17.18,16.67,16.67,50.00,28.87,33.33,23.57,66.67,19.25,25.00,25.00
2567,บ้านสินชัย,ไชยปราการ,กลาง,นอกเมือง,สำนักงานคณะกรรมการการศึกษาขั้นพื้นฐาน,สพป.เชียงใหม่ เขต 3,11,90.91,28.75,56.82,33.86,45.45,49.79,60.23,22.50,45.45,25.71,27.27,32.78,40.91,35.79,87.88,21.43,45.45,33.40
2567,บ้านห้วยต้นตอง,ไชยปราการ,เล็ก,นอกเมือง,สำนักงานคณะกรรมการการศึกษาขั้นพื้นฐาน,สพป.เชียงใหม่ เขต 3,4,75.00,43.30,31.25,20.73,0.00,0.00,34.38,28.47,25.00,14.43,50.00,0.00,37.50,21.65,41.67,27.64,62.50,21.65
2567,บ้านห้วยบง,ไชยปราการ,เล็ก,นอกเมือง,สำนักงานคณะกรรมการการศึกษาขั้นพื้นฐาน,สพป.เชียงใหม่ เขต 3,5,80.00,40.00,30.00,18.71,40.00,48.99,20.00,10.00,33.33,21.08,30.00,40.00,20.00,24.49,60.00,13.33,60.00,20.00
2567,บ้านห้วยไผ่,ไชยปราการ,เล็ก,นอกเมือง,สำนักงานคณะกรรมการการศึกษาขั้นพื้นฐาน,สพป.เชียงใหม่ เขต 3,22,50.00,50.00,36.36,28.93,40.91,49.17,21.59,18.91,16.67,24.10,29.55,32.54,25.00,29.19,24.24,24.99,38.64,33.48
2567,บ้านหัวฝาย,ไชยปราการ,เล็ก,นอกเมือง,สำนักงานคณะกรรมการการศึกษาขั้นพื้นฐาน,สพป.เชียงใหม่ เขต 3,10,90.00,30.00,25.00,25.00,40.00,48.99,28.75,13.75,26.67,20.00,30.00,24.49,10.00,20.00,36.67,27.69,35.00,39.05
2567,บ้านใหม่หนองบัว,ไชยปราการ,กลาง,นอกเมือง,สำนักงานคณะกรรมการการศึกษาขั้นพื้นฐาน,สพป.เชียงใหม่ เขต 3,89,35.96,47.99,35.39,27.23,30.34,45.97,26.69,21.79,23.97,23.96,32.02,32.88,20.22,29.72,27.34,24.76,38.20,35.17
2567,บ้านอ่าย,ไชยปราการ,เล็ก,นอกเมือง,สำนักงานคณะกรรมการการศึกษาขั้นพื้นฐาน,สพป.เชียงใหม่ เขต 3,16,37.50,48.41,39.06,31.83,37.50,48.41,23.44,19.70,29.17,19.98,40.63,31.72,21.88,35.22,39.58,31.66,50.00,39.53
2567,วัดบ้านท่า,ไชยปราการ,เล็ก,นอกเมือง,สำนักงานคณะกรรมการการศึกษาขั้นพื้นฐาน,สพป.เชียงใหม่ เขต 3,16,100.00,0.00,48.44,29.93,56.25,49.61,46.09,26.04,50.00,23.57,65.63,34.09,28.13,35.22,75.00,25.00,65.63,29.15
2567,วัดป่าแดง,ไชยปราการ,เล็ก,นอกเมือง,สำนักงานคณะกรรมการการศึกษาขั้นพื้นฐาน,สพป.เชียงใหม่ เขต 3,20,85.00,35.71,38.75,32.09,45.00,49.75,34.38,20.11,23.33,21.34,30.00,29.15,22.50,37.00,40.00,30.91,52.50,29.47
2567,วัดอรัญญวาสี,ไชยปราการ,เล็ก,นอกเมือง,สำนักงานคณะกรรมการการศึกษาขั้นพื้นฐาน,สพป.เชียงใหม่ เขต 3,6,50.00,50.00,33.33,18.63,66.67,47.14,56.25,25.77,27.78,29.92,50.00,0.00,16.67,23.57,77.78,24.85,50.00,0.00
2567,สันติวนา,ไชยปราการ,เล็ก,นอกเมือง,สำนักงานคณะกรรมการการศึกษาขั้นพื้นฐาน,สพป.เชียงใหม่ เขต 3,9,66.67,47.14,30.56,25.76,33.33,47.14,31.94,18.74,18.52,22.83,38.89,31.43,16.67,23.57,51.85,35.52,27.78,34.25
2567,เอื้อวิทยา,ไชยปราการ,กลาง,นอกเมือง,สำนักงานคณะกรรมการส่งเสริมการศึกษาเอกชน,-,36,77.78,41.57,39.58,26.60,41.67,49.30,39.24,25.88,41.67,26.50,43.06,35.65,43.06,37.55,53.70,26.38,47.22,28.73
2567,ชุมชนบ้านดอยเต่า,ดอยเต่า,เล็ก,นอกเมือง,สำนักงานคณะกรรมการการศึกษาขั้นพื้นฐาน,สพป.เชียงใหม่ เขต 5,7,85.71,34.99,32.14,25.75,28.57,45.18,42.86,29.77,47.62,34.99,57.14,17.50,21.43,24.74,23.81,23.33,42.86,31.94
2567,ชุมชนศูนย์อพยพแปลง 4,ดอยเต่า,เล็ก,นอกเมือง,สำนักงานคณะกรรมการการศึกษาขั้นพื้นฐาน,สพป.เชียงใหม่ เขต 5,13,30.77,46.15,55.77,17.41,53.85,49.85,40.38,25.55,41.03,26.65,57.69,26.65,30.77,31.25,33.33,29.24,50.00,39.22
2567,บ้านเกาะหลวง,ดอยเต่า,เล็ก,นอกเมือง,สำนักงานคณะกรรมการการศึกษาขั้นพื้นฐาน,สพป.เชียงใหม่ เขต 5,13,100.00,0.00,40.38,26.92,61.54,48.65,32.69,19.33,48.72,24.86,38.46,44.52,38.46,28.78,48.72,28.09,53.85,36.49
2567,บ้านงิ้วสูง,ดอยเต่า,เล็ก,นอกเมือง,สำนักงานคณะกรรมการการศึกษาขั้นพื้นฐาน,สพป.เชียงใหม่ เขต 5,5,100.00,0.00,60.00,37.42,60.00,48.99,72.50,22.91,66.67,21.08,80.00,24.49,40.00,37.42,86.67,26.67,80.00,24.49
2567,บ้านฉิมพลี,ดอยเต่า,เล็ก,นอกเมือง,สำนักงานคณะกรรมการการศึกษาขั้นพื้นฐาน,สพป.เชียงใหม่ เขต 5,7,42.86,49.49,35.71,26.24,57.14,49.49,44.64,11.29,38.10,21.30,35.71,44.03,21.43,24.74,57.14,15.06,50.00,26.73
2567,บ้านถิ่นสำราญ,ดอยเต่า,เล็ก,นอกเมือง,สำนักงานคณะกรรมการการศึกษาขั้นพื้นฐาน,สพป.เชียงใหม่ เขต 5,11,81.82,38.57,29.55,35.06,63.64,48.10,27.27,16.70,33.33,20.10,31.82,38.57,18.18,24.05,33.33,28.43,40.91,19.28
2567,บ้านโท้งวิทยา,ดอยเต่า,เล็ก,นอกเมือง,สำนักงานคณะกรรมการการศึกษาขั้นพื้นฐาน,สพป.เชียงใหม่ เขต 5,13,92.31,26.65,44.23,29.67,53.85,49.85,39.42,21.28,33.33,32.03,53.85,36.49,26.92,24.93,66.67,26.15,61.54,44.52
2567,บ้านน้อยห้วยรินวิทยา,ดอยเต่า,เล็ก,นอกเมือง,สำนักงานคณะกรรมการการศึกษาขั้นพื้นฐาน,สพป.เชียงใหม่ เขต 5,9,22.22,41.57,27.78,24.85,0.00,0.00,31.94,21.34,44.44,22.22,22.22,24.85,33.33,33.33,59.26,34.35,50.00,33.33
2567,บ้านบงตัน,ดอยเต่า,เล็ก,นอกเมือง,สำนักงานคณะกรรมการการศึกษาขั้นพื้นฐาน,สพป.เชียงใหม่ เขต 5,21,76.19,42.59,40.48,26.14,57.14,49.49,32.14,23.33,28.57,23.65,28.57,29.16,16.67,23.57,38.10,29.61,42.86,17.50
2567,บ้านโปง,ดอยเต่า,เล็ก,นอกเมือง,สำนักงานคณะกรรมการการศึกษาขั้นพื้นฐาน,สพป.เชียงใหม่ เขต 5,16,37.50,48.41,31.25,33.66,50.00,50.00,27.34,17.80,27.08,26.92,34.38,34.09,15.63,23.18,43.75,25.60,40.63,31.72
2567,บ้านโปงทุ่ง,ดอยเต่า,เล็ก,นอกเมือง,สำนักงานคณะกรรมการการศึกษาขั้นพื้นฐาน,สพป.เชียงใหม่ เขต 5,2,0.00,0.00,25.00,25.00,0.00,0.00,50.00,25.00,33.33,0.00,50.00,0.00,0.00,0.00,33.33,0.00,50.00,0.00
2567,บ้านผาจุก,ดอยเต่า,เล็ก,นอกเมือง,สำนักงานคณะกรรมการการศึกษาขั้นพื้นฐาน,สพป.เชียงใหม่ เขต 5,5,60.00,48.99,10.00,12.25,40.00,48.99,45.00,15.00,13.33,16.33,20.00,24.49,10.00,20.00,33.33,36.51,30.00,40.00
2567,บ้านแม่ตูบ,ดอยเต่า,เล็ก,นอกเมือง,สำนักงานคณะกรรมการการศึกษาขั้นพื้นฐาน,สพป.เชียงใหม่ เขต 5,13,38.46,48.65,17.31,20.53,53.85,49.85,19.23,13.53,20.51,33.43,38.46,28.78,42.31,26.65,56.41,24.05,53.85,41.42
2567,บ้านแม่บวน,ดอยเต่า,เล็ก,นอกเมือง,สำนักงานคณะกรรมการการศึกษาขั้นพื้นฐาน,สพป.เชียงใหม่ เขต 5,13,76.92,42.13,36.54,23.24,30.77,46.15,46.15,21.02,41.03,23.22,46.15,23.71,11.54,21.07,56.41,24.05,57.69,26.65
2567,บ้านไร่,ดอยเต่า,เล็ก,นอกเมือง,สำนักงานคณะกรรมการการศึกษาขั้นพื้นฐาน,สพป.เชียงใหม่ เขต 5,11,72.73,44.54,36.36,22.27,54.55,49.79,45.45,21.50,39.39,23.86,40.91,35.79,18.18,24.05,54.55,29.38,45.45,25.71
2567,บ้านวังหม้อ,ดอยเต่า,เล็ก,นอกเมือง,สำนักงานคณะกรรมการการศึกษาขั้นพื้นฐาน,สพป.เชียงใหม่ เขต 5,6,50.00,50.00,33.33,37.27,100.00,0.00,35.42,15.17,22.22,15.71,50.00,40.82,25.00,25.00,50.00,31.91,50.00,28.87
2567,บ้านวังหลวง,ดอยเต่า,เล็ก,นอกเมือง,สำนักงานคณะกรรมการการศึกษาขั้นพื้นฐาน,สพป.เชียงใหม่ เขต 5,5,100.00,0.00,35.00,12.25,60.00,48.99,37.50,23.72,73.33,24.94,40.00,20.00,30.00,24.49,66.67,21.08,60.00,20.00
2567,บ้านสันติสุข,ดอยเต่า,เล็ก,นอกเมือง,สำนักงานคณะกรรมการการศึกษาขั้นพื้นฐาน,สพป.เชียงใหม่ เขต 5,4,50.00,50.00,43.75,44.63,25.00,43.30,28.13,18.49,16.67,16.67,12.50,21.65,12.50,21.65,16.67,16.67,50.00,35.36
2567,บ้านหนองผักบุ้ง,ดอยเต่า,เล็ก,นอกเมือง,สำนักงานคณะกรรมการการศึกษาขั้นพื้นฐาน,สพป.เชียงใหม่ เขต 5,4,50.00,50.00,25.00,30.62,0.00,0.00,56.25,28.64,16.67,16.67,37.50,21.65,12.50,21.65,50.00,16.67,25.00,25.00
2567,บ้านแอ่นจัดสรร,ดอยเต่า,เล็ก,นอกเมือง,สำนักงานคณะกรรมการการศึกษาขั้นพื้นฐาน,สพป.เชียงใหม่ เขต 5,13,0.00,0.00,46.15,27.47,30.77,46.15,31.73,19.99,20.51,27.85,50.00,33.97,26.92,31.72,20.51,24.59,42.31,43.17
2567,บ้านแอ่นใหม่,ดอยเต่า,เล็ก,นอกเมือง,สำนักงานคณะกรรมการการศึกษาขั้นพื้นฐาน,สพป.เชียงใหม่ เขต 5,7,28.57,45.18,35.71,26.24,57.14,49.49,42.86,25.75,28.57,21.30,28.57,24.74,14.29,22.59,47.62,16.50,35.71,34.99
2567,ศูนย์อพยพแปลง 2,ดอยเต่า,เล็ก,นอกเมือง,สำนักงานคณะกรรมการการศึกษาขั้นพื้นฐาน,สพป.เชียงใหม่ เขต 5,6,66.67,47.14,45.83,22.44,66.67,47.14,37.50,10.21,33.33,27.22,58.33,44.88,25.00,25.00,38.89,22.91,75.00,25.00
2567,ศูนย์อพยพแปลง 5,ดอยเต่า,เล็ก,นอกเมือง,สำนักงานคณะกรรมการการศึกษาขั้นพื้นฐาน,สพป.เชียงใหม่ เขต 5,11,81.82,38.57,25.00,30.15,45.45,49.79,38.64,19.55,39.39,34.28,45.45,25.71,13.64,22.27,51.52,29.69,54.55,39.63
2567,ศูนย์อพยพแปลง 8,ดอยเต่า,เล็ก,นอกเมือง,สำนักงานคณะกรรมการการศึกษาขั้นพื้นฐาน,สพป.เชียงใหม่ เขต 5,6,100.00,0.00,29.17,36.56,33.33,47.14,54.17,27.64,44.44,31.43,58.33,34.36,25.00,25.00,55.56,15.71,66.67,37.27
2567,ชลประทานผาแตก,ดอยสะเก็ด,กลาง,นอกเมือง,สำนักงานคณะกรรมการการศึกษาขั้นพื้นฐาน,สพป.เชียงใหม่ เขต 1,62,54.84,49.77,27.82,30.16,40.32,49.05,33.47,20.18,28.49,27.98,45.16,35.59,20.16,29.04,40.86,28.97,44.35,36.04
2567,เทพเสด็จวิทยา,ดอยสะเก็ด,เล็ก,นอกเมือง,สำนักงานคณะกรรมการการศึกษาขั้นพื้นฐาน,สพป.เชียงใหม่ เขต 1,11,81.82,38.57,36.36,26.89,54.55,49.79,25.00,23.23,24.24,24.99,40.91,28.75,13.64,30.83,42.42,32.07,54.55,39.63
2567,เทศบาลตลาดใหญ่,ดอยสะเก็ด,เล็ก,นอกเมือง,กรมส่งเสริมการปกครองท้องถิ่น,ท้องถิ่นจังหวัดเชียงใหม่,4,50.00,50.00,12.50,12.50,50.00,50.00,31.25,10.83,41.67,14.43,37.50,21.65,12.50,21.65,50.00,16.67,50.00,35.36
2567,บริรักศึกษาเชียงใหม่,ดอยสะเก็ด,เล็ก,นอกเมือง,สำนักงานคณะกรรมการส่งเสริมการศึกษาเอกชน,-,22,81.82,38.57,34.09,24.48,50.00,50.00,38.64,20.61,36.36,22.27,34.09,23.29,31.82,28.39,68.18,32.53,56.82,27.37
2567,บ้านเชิงดอย(ดอยสะเก็ดศึกษา),ดอยสะเก็ด,ใหญ่,นอกเมือง,สำนักงานคณะกรรมการการศึกษาขั้นพื้นฐาน,สพป.เชียงใหม่ เขต 1,98,83.67,36.96,42.35,30.39,46.94,49.91,37.88,22.83,34.01,25.19,43.37,35.45,17.86,25.00,46.26,30.73,50.00,37.80
2567,บ้านตลาดขี้เหล็ก,ดอยสะเก็ด,เล็ก,นอกเมือง,สำนักงานคณะกรรมการการศึกษาขั้นพื้นฐาน,สพป.เชียงใหม่ เขต 1,5,20.00,40.00,55.00,33.17,40.00,48.99,42.50,18.71,20.00,26.67,20.00,24.49,20.00,24.49,53.33,26.67,50.00,44.72
2567,บ้านบ่อหิน,ดอยสะเก็ด,เล็ก,นอกเมือง,สำนักงานคณะกรรมการการศึกษาขั้นพื้นฐาน,สพป.เชียงใหม่ เขต 1,17,41.18,49.22,44.12,21.91,58.82,49.22,27.21,22.38,23.53,19.01,35.29,33.28,23.53,34.80,43.14,24.96,52.94,36.26
2567,บ้านป่าขุย,ดอยสะเก็ด,เล็ก,นอกเมือง,สำนักงานคณะกรรมการการศึกษาขั้นพื้นฐาน,สพป.เชียงใหม่ เขต 1,4,100.00,0.00,50.00,35.36,50.00,50.00,40.63,22.32,25.00,27.64,62.50,41.46,37.50,21.65,83.33,16.67,75.00,25.00
2567,บ้านปางแดง,ดอยสะเก็ด,เล็ก,นอกเมือง,สำนักงานคณะกรรมการการศึกษาขั้นพื้นฐาน,สพป.เชียงใหม่ เขต 1,5,60.00,48.99,40.00,20.00,0.00,0.00,30.00,15.00,40.00,24.94,40.00,37.42,10.00,20.00,53.33,16.33,50.00,31.62
2567,บ้านปางน้ำถุ,ดอยสะเก็ด,เล็ก,นอกเมือง,สำนักงานคณะกรรมการการศึกษาขั้นพื้นฐาน,สพป.เชียงใหม่ เขต 1,2,50.00,50.00,62.50,37.50,50.00,50.00,68.75,6.25,50.00,16.67,25.00,25.00,25.00,25.00,16.67,16.67,50.00,50.00
2567,บ้านป่างิ้ว,ดอยสะเก็ด,เล็ก,นอกเมือง,สำนักงานคณะกรรมการการศึกษาขั้นพื้นฐาน,สพป.เชียงใหม่ เขต 1,10,70.00,45.83,32.50,31.72,30.00,45.83,33.75,23.75,33.33,21.08,45.00,41.53,20.00,24.49,33.33,21.08,65.00,32.02
2567,บ้านป่าป้อง,ดอยสะเก็ด,เล็ก,นอกเมือง,สำนักงานคณะกรรมการการศึกษาขั้นพื้นฐาน,สพป.เชียงใหม่ เขต 1,4,100.00,0.00,37.50,21.65,50.00,50.00,50.00,8.84,25.00,43.30,50.00,35.36,25.00,25.00,50.00,16.67,75.00,25.00
2567,บ้านป่าไม้แดง,ดอยสะเก็ด,กลาง,นอกเมือง,สำนักงานคณะกรรมการการศึกษาขั้นพื้นฐาน,สพป.เชียงใหม่ เขต 1,12,41.67,49.30,20.83,28.57,16.67,37.27,21.88,13.62,27.78,26.64,33.33,31.18,16.67,23.57,36.11,21.34,58.33,34.36
2567,บ้านป่าเสร้า,ดอยสะเก็ด,กลาง,นอกเมือง,สำนักงานคณะกรรมการการศึกษาขั้นพื้นฐาน,สพป.เชียงใหม่ เขต 1,20,45.00,49.75,36.25,29.02,45.00,49.75,45.63,25.09,46.67,35.59,55.00,38.41,25.00,33.54,53.33,28.67,50.00,31.62
2567,บ้านป่าเหมือด,ดอยสะเก็ด,เล็ก,นอกเมือง,สำนักงานคณะกรรมการการศึกษาขั้นพื้นฐาน,สพป.เชียงใหม่ เขต 1,32,78.13,41.34,60.94,35.32,43.75,49.61,55.47,25.95,45.83,30.90,53.13,37.37,40.63,38.40,58.33,32.27,73.44,27.91
2567,บ้านโป่งกุ่ม,ดอยสะเก็ด,เล็ก,นอกเมือง,สำนักงานคณะกรรมการการศึกษาขั้นพื้นฐาน,สพป.เชียงใหม่ เขต 1,3,33.33,47.14,16.67,23.57,0.00,0.00,54.17,15.59,22.22,15.71,83.33,23.57,33.33,47.14,55.56,31.43,66.67,23.57
2567,บ้านแม่ดอกแดง,ดอยสะเก็ด,เล็ก,นอกเมือง,สำนักงานคณะกรรมการการศึกษาขั้นพื้นฐาน,สพป.เชียงใหม่ เขต 1,19,68.42,46.48,40.79,24.62,47.37,49.93,44.08,17.85,40.35,23.14,55.26,32.01,55.26,45.58,64.91,27.52,68.42,33.29
2567,บ้านแม่หวาน,ดอยสะเก็ด,เล็ก,นอกเมือง,สำนักงานคณะกรรมการการศึกษาขั้นพื้นฐาน,สพป.เชียงใหม่ เขต 1,7,85.71,34.99,42.86,29.01,28.57,45.18,30.36,19.88,28.57,21.30,28.57,24.74,14.29,22.59,38.10,27.77,35.71,34.99
2567,บ้านแม่ฮ้อยเงิน,ดอยสะเก็ด,เล็ก,นอกเมือง,สำนักงานคณะกรรมการการศึกษาขั้นพื้นฐาน,สพป.เชียงใหม่ เขต 1,10,80.00,40.00,20.00,18.71,50.00,50.00,50.00,20.92,33.33,25.82,20.00,24.49,25.00,25.00,40.00,29.06,35.00,32.02
2567,บ้านร้องขี้เหล็ก,ดอยสะเก็ด,เล็ก,นอกเมือง,สำนักงานคณะกรรมการการศึกษาขั้นพื้นฐาน,สพป.เชียงใหม่ เขต 1,11,72.73,44.54,31.82,35.50,27.27,44.54,34.09,27.23,24.24,24.99,45.45,33.40,45.45,33.40,51.52,29.69,59.09,28.75
2567,บ้านลวงเหนือ,ดอยสะเก็ด,เล็ก,นอกเมือง,สำนักงานคณะกรรมการการศึกษาขั้นพื้นฐาน,สพป.เชียงใหม่ เขต 1,12,66.67,47.14,33.33,25.69,58.33,49.30,33.33,20.62,27.78,26.64,45.83,37.96,37.50,36.08,50.00,28.87,50.00,40.82
2567,เพื่อชีวิตเชียงใหม่,ดอยสะเก็ด,เล็ก,นอกเมือง,สำนักงานคณะกรรมการส่งเสริมการศึกษาเอกชน,-,17,35.29,47.79,33.82,20.90,47.06,49.91,24.26,15.74,25.49,31.37,35.29,28.52,23.53,34.80,45.10,22.70,38.24,36.50
2567,แม่คือวิทยา,ดอยสะเก็ด,กลาง,นอกเมือง,สำนักงานคณะกรรมการการศึกษาขั้นพื้นฐาน,สพป.เชียงใหม่ เขต 1,25,68.00,46.65,39.00,35.41,12.00,32.50,36.50,23.43,24.00,22.15,44.00,29.39,14.00,26.53,44.00,34.92,58.00,39.19
2567,แม่โป่งประชาสามัคคี,ดอยสะเก็ด,เล็ก,นอกเมือง,สำนักงานคณะกรรมการการศึกษาขั้นพื้นฐาน,สพป.เชียงใหม่ เขต 1,18,55.56,49.69,55.56,27.07,33.33,47.14,35.42,20.94,24.07,26.77,47.22,38.99,22.22,29.92,40.74,26.19,55.56,36.85
2567,ไมตรีจิตคริสเตียนเชียงใหม่,ดอยสะเก็ด,กลาง,นอกเมือง,สำนักงานคณะกรรมการส่งเสริมการศึกษาเอกชน,-,22,45.45,49.79,37.50,30.85,45.45,49.79,32.39,22.82,28.79,23.13,29.55,35.86,18.18,28.39,34.85,29.26,63.64,30.83
2567,กรป.กลางอุปถัมภ์,ดอยหล่อ,เล็ก,นอกเมือง,สำนักงานคณะกรรมการการศึกษาขั้นพื้นฐาน,สพป.เชียงใหม่ เขต 4,11,72.73,44.54,40.91,26.70,36.36,48.10,42.05,22.78,39.39,19.17,36.36,22.27,27.27,32.78,48.48,26.07,72.73,24.90
2567,ดอยหล่อวิทยา,ดอยหล่อ,เล็ก,นอกเมือง,กรมส่งเสริมการปกครองท้องถิ่น,ท้องถิ่นจังหวัดเชียงใหม่,6,100.00,0.00,29.17,26.68,66.67,47.14,47.92,31.80,50.00,16.67,83.33,23.57,25.00,25.00,88.89,15.71,100.00,0.00
2567,เทศบาลตำบลวัดสองแคว,ดอยหล่อ,เล็ก,นอกเมือง,กรมส่งเสริมการปกครองท้องถิ่น,ท้องถิ่นจังหวัดเชียงใหม่,6,16.67,37.27,33.33,34.36,66.67,47.14,18.75,15.73,27.78,22.91,33.33,37.27,16.67,23.57,27.78,22.91,50.00,40.82
2567,บ้านดงป่าหวาย,ดอยหล่อ,เล็ก,นอกเมือง,สำนักงานคณะกรรมการการศึกษาขั้นพื้นฐาน,สพป.เชียงใหม่ เขต 4,9,66.67,47.14,44.44,30.68,55.56,49.69,40.28,24.14,25.93,26.19,27.78,24.85,16.67,23.57,33.33,31.43,38.89,31.43
2567,บ้านสามหลัง,ดอยหล่อ,เล็ก,นอกเมือง,สำนักงานคณะกรรมการการศึกษาขั้นพื้นฐาน,สพป.เชียงใหม่ เขต 4,9,66.67,47.14,47.22,7.86,66.67,47.14,23.61,19.04,37.04,24.57,38.89,31.43,22.22,24.85,37.04,24.57,44.44,15.71
2567,บ้านห้วยน้ำขาว,ดอยหล่อ,เล็ก,นอกเมือง,สำนักงานคณะกรรมการการศึกษาขั้นพื้นฐาน,สพป.เชียงใหม่ เขต 4,12,83.33,37.27,27.08,23.84,33.33,47.14,46.88,19.85,36.11,28.73,33.33,31.18,58.33,27.64,38.89,18.43,62.50,41.46
2567,บ้านหัวข่วง,ดอยหล่อ,เล็ก,นอกเมือง,สำนักงานคณะกรรมการการศึกษาขั้นพื้นฐาน,สพป.เชียงใหม่ เขต 4,4,100.00,0.00,25.00,17.68,25.00,43.30,37.50,8.84,25.00,27.64,50.00,35.36,25.00,25.00,66.67,40.82,75.00,25.00
2567,บ้านเหล่าเป้า,ดอยหล่อ,เล็ก,นอกเมือง,สำนักงานคณะกรรมการการศึกษาขั้นพื้นฐาน,สพป.เชียงใหม่ เขต 4,11,100.00,0.00,36.36,19.55,72.73,44.54,32.95,17.90,27.27,23.86,36.36,37.48,18.18,24.05,42.42,20.55,54.55,33.40
2567,บ้านใหม่หนองหอย,ดอยหล่อ,เล็ก,นอกเมือง,สำนักงานคณะกรรมการการศึกษาขั้นพื้นฐาน,สพป.เชียงใหม่ เขต 4,19,63.16,48.24,31.58,19.60,26.32,44.03,39.47,25.41,26.32,27.74,52.63,37.95,21.05,24.69,43.86,26.61,44.74,32.01
2567,วัดดอนชื่น,ดอยหล่อ,เล็ก,นอกเมือง,สำนักงานคณะกรรมการการศึกษาขั้นพื้นฐาน,สพป.เชียงใหม่ เขต 4,7,85.71,34.99,53.57,20.82,71.43,45.18,50.00,13.36,33.33,25.20,42.86,31.94,0.00,0.00,66.67,17.82,78.57,24.74
2567,วัดวังขามป้อม,ดอยหล่อ,เล็ก,นอกเมือง,สำนักงานคณะกรรมการการศึกษาขั้นพื้นฐาน,สพป.เชียงใหม่ เขต 4,6,83.33,37.27,45.83,36.56,16.67,37.27,45.83,9.32,22.22,24.85,41.67,34.36,0.00,0.00,11.11,15.71,58.33,18.63
2567,วัดศรีดอนชัย,ดอยหล่อ,เล็ก,นอกเมือง,สำนักงานคณะกรรมการการศึกษาขั้นพื้นฐาน,สพป.เชียงใหม่ เขต 4,7,71.43,45.18,35.71,22.59,14.29,34.99,44.64,20.98,28.57,27.77,42.86,31.94,28.57,24.74,47.62,30.12,78.57,24.74
2567,วัดหนองหลั้ว,ดอยหล่อ,เล็ก,นอกเมือง,สำนักงานคณะกรรมการการศึกษาขั้นพื้นฐาน,สพป.เชียงใหม่ เขต 4,6,50.00,50.00,62.50,37.50,83.33,37.27,18.75,17.31,38.89,22.91,75.00,38.19,25.00,25.00,33.33,27.22,66.67,37.27
2567,เจ้าแม่หลวงอุปถัมภ์ 1,ฝาง,กลาง,นอกเมือง,สำนักงานคณะกรรมการการศึกษาขั้นพื้นฐาน,สพป.เชียงใหม่ เขต 3,29,58.62,49.25,44.83,24.01,44.83,49.73,29.31,18.65,27.59,24.87,41.38,32.35,8.62,18.89,34.48,29.66,39.66,33.16
2567,ฉือจี้เชียงใหม่,ฝาง,กลาง,นอกเมือง,สำนักงานคณะกรรมการส่งเสริมการศึกษาเอกชน,-,103,82.52,37.98,43.93,31.05,45.63,49.81,41.50,24.27,31.39,27.01,48.06,35.47,44.17,35.73,64.08,28.13,62.14,31.52
2567,ชุมชนบ้านแม่สูนหลวง,ฝาง,เล็ก,นอกเมือง,สำนักงานคณะกรรมการการศึกษาขั้นพื้นฐาน,สพป.เชียงใหม่ เขต 3,4,75.00,43.30,25.00,25.00,0.00,0.00,50.00,12.50,33.33,23.57,75.00,25.00,50.00,35.36,58.33,27.64,62.50,21.65
2567,เทพศิรินทร์๙โครงการหลวงในพระบรมราชูปถัมภ์,ฝาง,เล็ก,นอกเมือง,สำนักงานคณะกรรมการการศึกษาขั้นพื้นฐาน,สพป.เชียงใหม่ เขต 3,11,63.64,48.10,40.91,28.75,63.64,48.10,26.14,11.25,33.33,24.62,59.09,28.75,22.73,32.78,48.48,21.85,68.18,44.07
2567,เทศบาลเวียงฝาง,ฝาง,กลาง,นอกเมือง,กรมส่งเสริมการปกครองท้องถิ่น,ท้องถิ่นจังหวัดเชียงใหม่,32,40.63,49.11,31.25,28.64,21.88,41.34,35.55,20.04,34.38,28.24,37.50,37.50,17.19,26.84,40.63,24.63,42.19,28.25
2567,บ้านขอบด้ง,ฝาง,กลาง,นอกเมือง,สำนักงานคณะกรรมการการศึกษาขั้นพื้นฐาน,สพป.เชียงใหม่ เขต 3,23,60.87,48.80,40.22,31.05,73.91,43.91,38.59,14.23,24.64,29.84,43.48,33.96,30.43,32.10,46.38,27.34,65.22,37.40
2567,บ้านดงป่าลัน,ฝาง,เล็ก,นอกเมือง,สำนักงานคณะกรรมการการศึกษาขั้นพื้นฐาน,สพป.เชียงใหม่ เขต 3,13,53.85,49.85,50.00,29.42,46.15,49.85,31.73,29.26,46.15,30.77,46.15,36.49,30.77,31.25,38.46,25.64,46.15,30.77
2567,บ้านเด่นใหม่,ฝาง,เล็ก,นอกเมือง,สำนักงานคณะกรรมการการศึกษาขั้นพื้นฐาน,สพป.เชียงใหม่ เขต 3,9,33.33,47.14,50.00,26.35,33.33,47.14,38.89,25.31,48.15,27.72,16.67,23.57,5.56,15.71,55.56,27.22,55.56,36.85
2567,บ้านต้นผึ้ง,ฝาง,เล็ก,นอกเมือง,สำนักงานคณะกรรมการการศึกษาขั้นพื้นฐาน,สพป.เชียงใหม่ เขต 3,9,77.78,41.57,16.67,20.41,55.56,49.69,37.50,31.73,29.63,24.57,50.00,33.33,11.11,20.79,44.44,27.22,55.56,28.33
2567,บ้านต้นส้าน,ฝาง,เล็ก,นอกเมือง,สำนักงานคณะกรรมการการศึกษาขั้นพื้นฐาน,สพป.เชียงใหม่ เขต 3,3,66.67,47.14,41.67,11.79,33.33,47.14,58.33,29.46,44.44,15.71,50.00,40.82,16.67,23.57,33.33,0.00,33.33,23.57
2567,บ้านทุ่งหลุก,ฝาง,เล็ก,นอกเมือง,สำนักงานคณะกรรมการการศึกษาขั้นพื้นฐาน,สพป.เชียงใหม่ เขต 3,5,80.00,40.00,40.00,33.91,80.00,40.00,45.00,16.96,66.67,21.08,50.00,31.62,50.00,31.62,93.33,13.33,40.00,20.00
2567,บ้านปางปอย,ฝาง,กลาง,นอกเมือง,สำนักงานคณะกรรมการการศึกษาขั้นพื้นฐาน,สพป.เชียงใหม่ เขต 3,22,40.91,49.17,39.77,28.86,50.00,50.00,38.07,18.65,28.79,32.25,27.27,32.78,9.09,19.28,36.36,30.00,40.91,28.75
2567,บ้านปางสัก,ฝาง,เล็ก,นอกเมือง,สำนักงานคณะกรรมการการศึกษาขั้นพื้นฐาน,สพป.เชียงใหม่ เขต 3,11,36.36,48.10,43.18,37.07,18.18,38.57,29.55,17.90,18.18,21.85,31.82,24.05,22.73,32.78,36.36,26.42,45.45,33.40
2567,บ้านป่าบง,ฝาง,เล็ก,นอกเมือง,สำนักงานคณะกรรมการการศึกษาขั้นพื้นฐาน,สพป.เชียงใหม่ เขต 3,8,62.50,48.41,28.13,14.99,37.50,48.41,37.50,20.73,29.17,11.02,56.25,16.54,12.50,21.65,54.17,28.57,50.00,25.00
2567,บ้านโป่งถืบ,ฝาง,กลาง,นอกเมือง,สำนักงานคณะกรรมการการศึกษาขั้นพื้นฐาน,สพป.เชียงใหม่ เขต 3,7,71.43,45.18,46.43,28.12,57.14,49.49,48.21,32.34,33.33,25.20,71.43,24.74,21.43,24.74,47.62,16.50,57.14,31.94
2567,บ้านโป่งนก,ฝาง,กลาง,นอกเมือง,สำนักงานคณะกรรมการการศึกษาขั้นพื้นฐาน,สพป.เชียงใหม่ เขต 3,15,93.33,24.94,50.00,24.15,40.00,48.99,40.83,23.92,51.11,26.85,36.67,33.99,20.00,24.49,53.33,31.74,66.67,34.96
2567,บ้านโป่งน้ำร้อน,ฝาง,เล็ก,นอกเมือง,สำนักงานคณะกรรมการการศึกษาขั้นพื้นฐาน,สพป.เชียงใหม่ เขต 3,9,77.78,41.57,41.67,23.57,22.22,41.57,58.33,16.67,37.04,24.57,38.89,31.43,11.11,20.79,62.96,29.16,55.56,28.33
2567,บ้านม่วงชุม,ฝาง,กลาง,นอกเมือง,สำนักงานคณะกรรมการการศึกษาขั้นพื้นฐาน,สพป.เชียงใหม่ เขต 3,37,62.16,48.50,42.57,30.68,48.65,49.98,37.16,25.91,27.93,28.49,33.78,34.98,21.62,31.92,49.55,30.63,52.70,28.35
2567,บ้านม่อนปิ่น,ฝาง,กลาง,นอกเมือง,สำนักงานคณะกรรมการการศึกษาขั้นพื้นฐาน,สพป.เชียงใหม่ เขต 3,19,78.95,40.77,31.58,26.71,36.84,48.24,40.13,26.77,28.07,27.07,47.37,34.31,34.21,32.66,57.89,26.14,57.89,29.30
2567,บ้านแม่ข่า,ฝาง,กลาง,นอกเมือง,สำนักงานคณะกรรมการการศึกษาขั้นพื้นฐาน,สพป.เชียงใหม่ เขต 3,25,88.00,32.50,39.00,33.97,72.00,44.90,58.50,29.31,50.67,31.44,72.00,28.57,54.00,37.20,65.33,25.79,74.00,32.00
2567,บ้านแม่คะ,ฝาง,กลาง,นอกเมือง,สำนักงานคณะกรรมการการศึกษาขั้นพื้นฐาน,สพป.เชียงใหม่ เขต 3,9,66.67,47.14,38.89,37.47,55.56,49.69,50.00,19.54,14.81,16.56,44.44,28.33,38.89,31.43,48.15,27.72,55.56,28.33
2567,บ้านแม่งอนกลาง,ฝาง,เล็ก,นอกเมือง,สำนักงานคณะกรรมการการศึกษาขั้นพื้นฐาน,สพป.เชียงใหม่ เขต 3,5,20.00,40.00,30.00,18.71,20.00,40.00,47.50,9.35,33.33,21.08,40.00,20.00,30.00,40.00,40.00,24.94,40.00,20.00
2567,บ้านแม่งอนขี้เหล็ก,ฝาง,กลาง,นอกเมือง,กรมส่งเสริมการปกครองท้องถิ่น,ท้องถิ่นจังหวัดเชียงใหม่,23,52.17,49.95,15.22,20.51,34.78,47.63,32.61,23.53,26.09,21.88,30.43,32.10,10.87,20.62,36.23,21.79,41.30,35.05
2567,บ้านแม่ใจ,ฝาง,เล็ก,นอกเมือง,สำนักงานคณะกรรมการการศึกษาขั้นพื้นฐาน,สพป.เชียงใหม่ เขต 3,3,33.33,47.14,33.33,11.79,66.67,47.14,29.17,5.89,33.33,27.22,50.00,40.82,16.67,23.57,22.22,15.71,50.00,0.00
2567,บ้านแม่สูนน้อย,ฝาง,เล็ก,นอกเมือง,สำนักงานคณะกรรมการการศึกษาขั้นพื้นฐาน,สพป.เชียงใหม่ เขต 3,11,81.82,38.57,34.09,19.28,36.36,48.10,42.05,29.33,21.21,29.38,45.45,39.63,27.27,32.78,42.42,28.75,54.55,33.40
2567,บ้านยาง,ฝาง,เล็ก,นอกเมือง,สำนักงานคณะกรรมการการศึกษาขั้นพื้นฐาน,สพป.เชียงใหม่ เขต 3,11,72.73,44.54,36.36,26.89,27.27,44.54,35.23,12.86,18.18,21.85,40.91,41.66,9.09,19.28,15.15,21.85,40.91,35.79
2567,บ้านล้องอ้อ,ฝาง,เล็ก,นอกเมือง,กรมส่งเสริมการปกครองท้องถิ่น,ท้องถิ่นจังหวัดเชียงใหม่,25,48.00,49.96,41.00,25.38,52.00,49.96,35.50,27.08,29.33,27.19,34.00,27.28,22.00,28.57,40.00,28.28,50.00,34.64
2567,บ้านลาน,ฝาง,กลาง,นอกเมือง,สำนักงานคณะกรรมการการศึกษาขั้นพื้นฐาน,สพป.เชียงใหม่ เขต 3,9,66.67,47.14,55.56,25.76,22.22,41.57,50.00,22.05,51.85,27.72,44.44,36.85,16.67,23.57,66.67,31.43,55.56,28.33
2567,บ้านเวียงฝาง,ฝาง,ใหญ่,นอกเมือง,สำนักงานคณะกรรมการการศึกษาขั้นพื้นฐาน,สพป.เชียงใหม่ เขต 3,130,56.15,49.62,39.81,32.18,44.62,49.71,35.67,22.47,24.36,22.94,45.77,35.64,21.92,28.42,38.21,28.97,50.77,36.15
2567,บ้านเวียงหวาย,ฝาง,กลาง,นอกเมือง,สำนักงานคณะกรรมการการศึกษาขั้นพื้นฐาน,สพป.เชียงใหม่ เขต 3,11,81.82,38.57,40.91,24.48,45.45,49.79,71.59,23.29,45.45,25.71,50.00,36.93,22.73,32.78,69.70,30.00,68.18,24.05
2567,บ้านศรีดอนชัย,ฝาง,เล็ก,นอกเมือง,สำนักงานคณะกรรมการการศึกษาขั้นพื้นฐาน,สพป.เชียงใหม่ เขต 3,2,0.00,0.00,37.50,12.50,100.00,0.00,31.25,6.25,33.33,0.00,25.00,25.00,0.00,0.00,66.67,0.00,75.00,25.00
2567,บ้านสันต้นดู่,ฝาง,เล็ก,นอกเมือง,สำนักงานคณะกรรมการการศึกษาขั้นพื้นฐาน,สพป.เชียงใหม่ เขต 3,5,80.00,40.00,45.00,33.17,80.00,40.00,55.00,18.71,40.00,24.94,50.00,44.72,50.00,31.62,60.00,24.94,70.00,24.49
2567,บ้านสันต้นเปา,ฝาง,เล็ก,นอกเมือง,สำนักงานคณะกรรมการการศึกษาขั้นพื้นฐาน,สพป.เชียงใหม่ เขต 3,2,100.00,0.00,100.00,0.00,50.00,50.00,62.50,0.00,66.67,0.00,100.00,0.00,50.00,0.00,66.67,33.33,75.00,25.00
2567,บ้านสันทราย,ฝาง,เล็ก,นอกเมือง,สำนักงานคณะกรรมการการศึกษาขั้นพื้นฐาน,สพป.เชียงใหม่ เขต 3,7,71.43,45.18,46.43,8.75,85.71,34.99,51.79,27.89,28.57,27.77,21.43,36.42,50.00,26.73,47.62,34.99,50.00,26.73
2567,บ้านสันทรายคองน้อย,ฝาง,กลาง,นอกเมือง,สำนักงานคณะกรรมการการศึกษาขั้นพื้นฐาน,สพป.เชียงใหม่ เขต 3,7,85.71,34.99,32.14,22.02,42.86,49.49,60.71,21.58,42.86,23.33,42.86,31.94,28.57,24.74,66.67,25.20,50.00,0.00
2567,บ้านสันป่าแดง,ฝาง,เล็ก,นอกเมือง,สำนักงานคณะกรรมการการศึกษาขั้นพื้นฐาน,สพป.เชียงใหม่ เขต 3,6,50.00,50.00,45.83,30.33,33.33,47.14,35.42,13.34,5.56,12.42,41.67,34.36,33.33,23.57,38.89,29.92,66.67,23.57
2567,บ้านสันม่วง,ฝาง,เล็ก,นอกเมือง,สำนักงานคณะกรรมการการศึกษาขั้นพื้นฐาน,สพป.เชียงใหม่ เขต 3,8,75.00,43.30,68.75,42.85,62.50,48.41,71.88,20.49,45.83,23.20,62.50,33.07,68.75,42.85,79.17,23.20,81.25,34.80
2567,บ้านหนองขวาง,ฝาง,เล็ก,นอกเมือง,สำนักงานคณะกรรมการการศึกษาขั้นพื้นฐาน,สพป.เชียงใหม่ เขต 3,5,80.00,40.00,25.00,22.36,60.00,48.99,40.00,16.58,40.00,38.87,40.00,37.42,10.00,20.00,33.33,29.81,60.00,37.42
2567,บ้านหนองยาว,ฝาง,เล็ก,นอกเมือง,สำนักงานคณะกรรมการการศึกษาขั้นพื้นฐาน,สพป.เชียงใหม่ เขต 3,16,81.25,39.03,51.56,22.48,37.50,48.41,44.53,21.64,41.67,34.36,31.25,24.21,25.00,35.36,54.17,23.20,62.50,33.07
2567,บ้านหลวง,ฝาง,กลาง,นอกเมือง,สำนักงานคณะกรรมการการศึกษาขั้นพื้นฐาน,สพป.เชียงใหม่ เขต 3,35,68.57,46.42,40.00,21.71,62.86,48.32,39.64,19.25,38.10,27.77,48.57,32.70,41.43,32.70,52.38,29.04,67.14,37.69
2567,บ้านหล่ายฝาง,ฝาง,เล็ก,นอกเมือง,กรมส่งเสริมการปกครองท้องถิ่น,ท้องถิ่นจังหวัดเชียงใหม่,33,42.42,49.42,36.36,33.20,36.36,48.10,28.41,18.53,26.26,29.31,27.27,30.38,21.21,24.71,29.29,26.91,36.36,33.20
2567,บ้านห้วยไคร้,ฝาง,เล็ก,นอกเมือง,สำนักงานคณะกรรมการการศึกษาขั้นพื้นฐาน,สพป.เชียงใหม่ เขต 3,28,39.29,48.84,41.96,32.77,42.86,49.49,31.25,19.34,27.38,23.66,41.07,32.88,12.50,21.65,34.52,24.37,51.79,28.29
2567,บ้านห้วยงูกลาง,ฝาง,เล็ก,นอกเมือง,สำนักงานคณะกรรมการการศึกษาขั้นพื้นฐาน,สพป.เชียงใหม่ เขต 3,15,80.00,40.00,25.00,22.36,73.33,44.22,27.50,16.58,28.89,26.85,43.33,30.91,33.33,34.96,64.44,35.42,63.33,28.67
2567,บ้านห้วยบอน,ฝาง,เล็ก,นอกเมือง,สำนักงานคณะกรรมการการศึกษาขั้นพื้นฐาน,สพป.เชียงใหม่ เขต 3,8,37.50,48.41,43.75,36.98,50.00,50.00,15.63,13.62,8.33,14.43,31.25,24.21,25.00,35.36,12.50,23.20,12.50,33.07
2567,บ้านห้วยหมากเลี่ยม,ฝาง,กลาง,นอกเมือง,สำนักงานคณะกรรมการการศึกษาขั้นพื้นฐาน,สพป.เชียงใหม่ เขต 3,34,58.82,49.22,34.56,29.09,35.29,47.79,31.25,17.22,26.47,28.90,38.24,24.43,14.71,22.78,40.20,28.90,36.76,37.00
2567,บ้านห้วยห้อม,ฝาง,เล็ก,นอกเมือง,สำนักงานคณะกรรมการการศึกษาขั้นพื้นฐาน,สพป.เชียงใหม่ เขต 3,8,62.50,48.41,28.13,26.33,50.00,50.00,43.75,21.65,20.83,28.57,37.50,41.46,12.50,21.65,37.50,30.90,43.75,39.03
2567,บ้านห้วยเฮี่ยน,ฝาง,เล็ก,นอกเมือง,สำนักงานคณะกรรมการการศึกษาขั้นพื้นฐาน,สพป.เชียงใหม่ เขต 3,18,33.33,47.14,29.17,20.83,27.78,44.79,31.94,21.34,27.78,20.03,38.89,20.79,25.00,30.05,38.89,27.78,41.67,25.00
2567,บ้านหัวนา,ฝาง,เล็ก,นอกเมือง,สำนักงานคณะกรรมการการศึกษาขั้นพื้นฐาน,สพป.เชียงใหม่ เขต 3,15,93.33,24.94,28.33,27.18,60.00,48.99,46.67,24.78,35.56,25.72,46.67,38.59,33.33,29.81,66.67,29.81,60.00,20.00
2567,บ้านหัวฝาย,ฝาง,เล็ก,นอกเมือง,สำนักงานคณะกรรมการการศึกษาขั้นพื้นฐาน,สพป.เชียงใหม่ เขต 3,11,27.27,44.54,34.09,30.66,54.55,49.79,34.09,16.93,27.27,12.86,45.45,39.63,13.64,22.27,36.36,26.42,59.09,28.75
2567,บ้านเหมืองแร่,ฝาง,กลาง,นอกเมือง,สำนักงานคณะกรรมการการศึกษาขั้นพื้นฐาน,สพป.เชียงใหม่ เขต 3,19,57.89,49.37,51.32,35.79,31.58,46.48,30.26,21.58,29.82,28.40,52.63,30.23,13.16,22.02,29.82,28.40,50.00,36.27
2567,รังษีวิทยา,ฝาง,ใหญ่พิเศษ,นอกเมือง,สำนักงานคณะกรรมการส่งเสริมการศึกษาเอกชน,-,170,77.06,42.05,41.62,28.69,41.76,49.32,43.60,23.49,40.59,30.78,57.35,32.84,35.29,33.71,66.86,26.93,64.71,32.38
2567,รัตนาเอื้อวิทยา,ฝาง,ใหญ่,นอกเมือง,สำนักงานคณะกรรมการส่งเสริมการศึกษาเอกชน,-,71,74.65,43.50,36.97,27.79,42.25,49.40,40.49,23.50,41.78,28.37,47.89,29.59,46.48,39.65,70.42,25.36,58.45,29.05
2567,วัดนันทาราม,ฝาง,กลาง,นอกเมือง,สำนักงานคณะกรรมการการศึกษาขั้นพื้นฐาน,สพป.เชียงใหม่ เขต 3,5,100.00,0.00,45.00,10.00,20.00,40.00,62.50,19.36,33.33,21.08,40.00,37.42,30.00,24.49,60.00,24.94,80.00,24.49
2567,วัดศรีบุญเรือง,ฝาง,เล็ก,นอกเมือง,สำนักงานคณะกรรมการการศึกษาขั้นพื้นฐาน,สพป.เชียงใหม่ เขต 3,13,46.15,49.85,30.77,29.67,30.77,46.15,36.54,11.46,38.46,28.78,26.92,31.72,7.69,18.04,41.03,23.22,53.85,23.71
2567,วิรุณเทพ,ฝาง,เล็ก,นอกเมือง,สำนักงานคณะกรรมการการศึกษาขั้นพื้นฐาน,สพป.เชียงใหม่ เขต 3,8,87.50,33.07,25.00,21.65,37.50,48.41,43.75,21.65,41.67,27.64,56.25,29.97,25.00,25.00,62.50,19.98,56.25,16.54
2567,สายอักษร,ฝาง,กลาง,นอกเมือง,สำนักงานคณะกรรมการส่งเสริมการศึกษาเอกชน,-,57,70.18,45.75,35.53,29.23,45.61,49.81,39.69,23.43,36.84,29.08,51.75,36.23,17.54,27.29,67.25,28.95,62.28,30.03
2567,อาโอยาม่า,ฝาง,เล็ก,นอกเมือง,กองบัญชาการตำรวจตระเวนชายแดน,-,12,50.00,50.00,14.58,18.98,50.00,50.00,39.58,16.80,16.67,21.52,37.50,29.76,8.33,18.63,19.44,16.43,50.00,35.36
2567,เจ้าพ่อหลวงอุปถัมภ์ 2,พร้าว,เล็ก,นอกเมือง,กองบัญชาการตำรวจตระเวนชายแดน,-,12,58.33,49.30,43.75,23.11,66.67,47.14,39.58,23.29,27.78,22.91,20.83,24.65,20.83,24.65,41.67,24.06,54.17,37.96
2567,ชุมชนบ้านโป่ง,พร้าว,เล็ก,นอกเมือง,สำนักงานคณะกรรมการการศึกษาขั้นพื้นฐาน,สพป.เชียงใหม่ เขต 2,10,80.00,40.00,30.00,24.49,60.00,48.99,42.50,16.96,26.67,24.94,30.00,24.49,15.00,22.91,50.00,30.73,70.00,40.00
2567,ชุมชนสหกรณ์นิคมวิทยา,พร้าว,เล็ก,นอกเมือง,สำนักงานคณะกรรมการการศึกษาขั้นพื้นฐาน,สพป.เชียงใหม่ เขต 2,17,64.71,47.79,33.82,32.02,41.18,49.22,32.35,23.11,27.45,26.16,47.06,31.95,11.76,21.21,37.25,27.73,50.00,29.70
2567,บ้านขุนแจ๋,พร้าว,เล็ก,นอกเมือง,สำนักงานคณะกรรมการการศึกษาขั้นพื้นฐาน,สพป.เชียงใหม่ เขต 2,5,100.00,0.00,35.00,12.25,40.00,48.99,30.00,10.00,46.67,26.67,60.00,20.00,30.00,24.49,40.00,24.94,40.00,20.00
2567,บ้านแจ่งกู่เรือง,พร้าว,กลาง,นอกเมือง,สำนักงานคณะกรรมการการศึกษาขั้นพื้นฐาน,สพป.เชียงใหม่ เขต 2,123,78.86,40.83,41.06,29.07,60.98,48.78,48.37,26.19,42.55,27.97,44.72,38.16,36.99,35.41,59.08,30.00,58.13,32.74
2567,บ้านต้นรุง,พร้าว,เล็ก,นอกเมือง,สำนักงานคณะกรรมการการศึกษาขั้นพื้นฐาน,สพป.เชียงใหม่ เขต 2,11,72.73,44.54,40.91,34.17,36.36,48.10,26.14,14.55,21.21,32.64,40.91,35.79,22.73,24.90,36.36,26.42,31.82,32.14
2567,บ้านท่ามะเกี๋ยง,พร้าว,เล็ก,นอกเมือง,สำนักงานคณะกรรมการการศึกษาขั้นพื้นฐาน,สพป.เชียงใหม่ เขต 2,2,50.00,50.00,50.00,0.00,100.00,0.00,25.00,12.50,33.33,33.33,25.00,25.00,75.00,25.00,33.33,33.33,25.00,25.00
2567,บ้านนาบุญโหล่งขอด,พร้าว,เล็ก,นอกเมือง,สำนักงานคณะกรรมการการศึกษาขั้นพื้นฐาน,สพป.เชียงใหม่ เขต 2,12,83.33,37.27,22.92,21.55,58.33,49.30,50.00,20.41,30.56,21.34,45.83,24.65,41.67,34.36,55.56,28.33,66.67,23.57
2567,บ้านป่าตุ้ม,พร้าว,กลาง,นอกเมือง,สำนักงานคณะกรรมการการศึกษาขั้นพื้นฐาน,สพป.เชียงใหม่ เขต 2,8,62.50,48.41,50.00,33.07,25.00,43.30,37.50,23.39,29.17,11.02,37.50,33.07,6.25,16.54,37.50,26.02,25.00,25.00
2567,บ้านป่าไหน่,พร้าว,เล็ก,นอกเมือง,สำนักงานคณะกรรมการการศึกษาขั้นพื้นฐาน,สพป.เชียงใหม่ เขต 2,5,60.00,48.99,45.00,10.00,40.00,48.99,35.00,16.58,40.00,24.94,10.00,20.00,20.00,40.00,40.00,24.94,70.00,24.49
2567,บ้านแม่ปั๋ง,พร้าว,เล็ก,นอกเมือง,สำนักงานคณะกรรมการการศึกษาขั้นพื้นฐาน,สพป.เชียงใหม่ เขต 2,29,55.17,49.73,31.90,29.28,48.28,49.97,37.07,23.32,25.29,24.22,41.38,39.54,27.59,33.70,47.13,28.39,51.72,35.92
2567,บ้านแม่ปาคี,พร้าว,เล็ก,นอกเมือง,สำนักงานคณะกรรมการการศึกษาขั้นพื้นฐาน,สพป.เชียงใหม่ เขต 2,15,46.67,49.89,56.67,30.91,20.00,40.00,30.00,13.54,24.44,22.66,43.33,35.90,16.67,23.57,31.11,30.95,23.33,30.91
2567,บ้านแม่เหียะ,พร้าว,เล็ก,นอกเมือง,สำนักงานคณะกรรมการการศึกษาขั้นพื้นฐาน,สพป.เชียงใหม่ เขต 2,12,50.00,50.00,43.75,27.24,25.00,43.30,44.79,15.69,13.89,21.34,41.67,34.36,29.17,24.65,55.56,20.79,75.00,25.00
2567,บ้านสันกลาง,พร้าว,เล็ก,นอกเมือง,สำนักงานคณะกรรมการการศึกษาขั้นพื้นฐาน,สพป.เชียงใหม่ เขต 2,7,85.71,34.99,39.29,18.21,42.86,49.49,58.93,21.87,47.62,24.28,57.14,41.65,42.86,41.65,76.19,15.06,57.14,17.50
2567,บ้านสันปง,พร้าว,เล็ก,นอกเมือง,สำนักงานคณะกรรมการการศึกษาขั้นพื้นฐาน,สพป.เชียงใหม่ เขต 2,11,72.73,44.54,45.45,31.66,36.36,48.10,32.95,18.67,24.24,20.55,27.27,32.78,27.27,32.78,21.21,21.43,50.00,36.93
2567,บ้านหนองปิด,พร้าว,เล็ก,นอกเมือง,สำนักงานคณะกรรมการการศึกษาขั้นพื้นฐาน,สพป.เชียงใหม่ เขต 2,6,66.67,47.14,33.33,18.63,66.67,47.14,33.33,29.46,33.33,19.25,50.00,0.00,41.67,34.36,55.56,36.85,41.67,34.36
2567,บ้านหลวง,พร้าว,เล็ก,นอกเมือง,สำนักงานคณะกรรมการการศึกษาขั้นพื้นฐาน,สพป.เชียงใหม่ เขต 2,6,66.67,47.14,37.50,27.95,50.00,50.00,39.58,19.65,33.33,19.25,41.67,18.63,8.33,18.63,50.00,16.67,50.00,40.82
2567,บ้านห้วยบง,พร้าว,เล็ก,นอกเมือง,สำนักงานคณะกรรมการการศึกษาขั้นพื้นฐาน,สพป.เชียงใหม่ เขต 2,8,50.00,50.00,31.25,16.54,62.50,48.41,48.44,22.04,41.67,27.64,37.50,21.65,12.50,21.65,66.67,28.87,37.50,21.65
2567,ประชาสามัคคีวิทยา,พร้าว,เล็ก,นอกเมือง,สำนักงานคณะกรรมการการศึกษาขั้นพื้นฐาน,สพป.เชียงใหม่ เขต 2,10,80.00,40.00,25.00,22.36,40.00,48.99,32.50,17.85,40.00,32.66,40.00,37.42,25.00,25.00,53.33,30.55,40.00,20.00
2567,ประดู่วิทยา,พร้าว,เล็ก,นอกเมือง,สำนักงานคณะกรรมการการศึกษาขั้นพื้นฐาน,สพป.เชียงใหม่ เขต 2,7,71.43,45.18,60.71,26.24,42.86,49.49,37.50,23.15,42.86,29.35,42.86,17.50,28.57,24.74,76.19,23.33,50.00,26.73
2567,พร้าวบูรพา,พร้าว,เล็ก,นอกเมือง,สำนักงานคณะกรรมการการศึกษาขั้นพื้นฐาน,สพป.เชียงใหม่ เขต 2,15,73.33,44.22,28.33,27.18,40.00,48.99,43.33,22.76,31.11,22.66,40.00,27.08,16.67,23.57,40.00,21.77,50.00,36.51
2567,สหกรณ์ดำริ,พร้าว,เล็ก,นอกเมือง,สำนักงานคณะกรรมการการศึกษาขั้นพื้นฐาน,สพป.เชียงใหม่ เขต 2,8,62.50,48.41,25.00,17.68,50.00,50.00,39.06,21.14,29.17,26.02,50.00,25.00,62.50,33.07,41.67,36.32,37.50,33.07
2567,กสิณธร เซนต์เจมส์ เชียงใหม่,เมืองเชียงใหม่,เล็ก,ในเมือง,สำนักงานคณะกรรมการส่งเสริมการศึกษาเอกชน,-,28,75.00,43.30,35.71,24.48,35.71,47.92,43.30,25.11,39.29,28.25,51.79,41.15,32.14,35.89,53.57,30.00,66.07,35.49
2567,โกวิทธำรงเชียงใหม่,เมืองเชียงใหม่,ใหญ่,ในเมือง,สำนักงานคณะกรรมการส่งเสริมการศึกษาเอกชน,-,73,84.93,35.77,34.93,26.73,49.32,50.00,50.34,25.00,45.21,27.24,46.58,37.31,37.67,30.72,73.97,22.24,67.12,26.46
2567,ขาลสุวรรณอนุสรณ์,เมืองเชียงใหม่,เล็ก,ในเมือง,สำนักงานคณะกรรมการส่งเสริมการศึกษาเอกชน,-,42,78.57,41.03,36.90,30.49,33.33,47.14,36.90,24.54,32.54,26.71,28.57,31.13,27.38,31.25,45.24,22.80,55.95,33.10
2567,คำเที่ยงอนุสสรณ์,เมืองเชียงใหม่,กลาง,ในเมือง,สำนักงานคณะกรรมการการศึกษาขั้นพื้นฐาน,สพป.เชียงใหม่ เขต 1,101,67.33,46.90,41.09,28.92,47.52,49.94,42.45,23.21,41.25,27.41,39.60,38.74,48.51,36.87,60.73,31.25,64.85,30.30
2567,จิตราวิทยา,เมืองเชียงใหม่,ใหญ่,ในเมือง,สำนักงานคณะกรรมการส่งเสริมการศึกษาเอกชน,-,138,76.81,42.20,40.94,27.08,53.62,49.87,44.75,24.72,38.16,30.18,34.78,33.30,27.90,32.43,52.90,28.01,60.87,32.83
2567,เจ้าพ่อหลวงอุปถัมภ์ 1,เมืองเชียงใหม่,เล็ก,ในเมือง,สำนักงานคณะกรรมการการศึกษาขั้นพื้นฐาน,สพป.เชียงใหม่ เขต 1,18,61.11,48.75,40.28,25.19,44.44,49.69,32.64,17.25,27.78,27.78,41.67,34.36,11.11,20.79,40.74,28.45,52.78,31.06
2567,ชุมชนเทศบาลวัดศรีดอนไชย,เมืองเชียงใหม่,กลาง,ในเมือง,กรมส่งเสริมการปกครองท้องถิ่น,ท้องถิ่นจังหวัดเชียงใหม่,29,86.21,34.48,49.14,32.49,51.72,49.97,68.10,27.97,62.07,25.86,63.79,34.48,51.72,24.50,66.67,26.26,79.31,27.91
2567,ชุมชนบ้านบวกครกน้อย,เมืองเชียงใหม่,กลาง,ในเมือง,สำนักงานคณะกรรมการการศึกษาขั้นพื้นฐาน,สพป.เชียงใหม่ เขต 1,43,72.09,44.85,50.58,28.27,34.88,47.66,47.38,22.96,34.88,22.68,52.33,38.81,31.40,30.54,65.89,30.06,66.28,29.96
2567,ชุมชนวัดท่าเดื่อ,เมืองเชียงใหม่,เล็ก,ในเมือง,สำนักงานคณะกรรมการการศึกษาขั้นพื้นฐาน,สพป.เชียงใหม่ เขต 1,22,45.45,49.79,38.64,30.83,50.00,50.00,35.23,23.43,25.76,30.04,38.64,33.48,22.73,32.78,39.39,25.89,54.55,33.40
2567,เชียงใหม่คริสเตียน,เมืองเชียงใหม่,ใหญ่,ในเมือง,สำนักงานคณะกรรมการส่งเสริมการศึกษาเอกชน,-,87,72.41,44.69,28.16,26.48,29.89,45.78,35.92,23.96,24.90,24.35,44.25,35.09,12.07,21.40,60.54,27.46,55.17,31.29
2567,ดาราวิทยาลัย,เมืองเชียงใหม่,ใหญ่พิเศษ,ในเมือง,สำนักงานคณะกรรมการส่งเสริมการศึกษาเอกชน,-,394,78.17,41.31,41.94,28.89,47.72,49.95,50.10,26.87,36.21,27.55,55.46,35.11,44.92,36.50,62.27,29.72,61.42,32.20
2567,ท่าศาลา,เมืองเชียงใหม่,เล็ก,ในเมือง,สำนักงานคณะกรรมการการศึกษาขั้นพื้นฐาน,สพป.เชียงใหม่ เขต 1,13,46.15,49.85,38.46,31.95,38.46,48.65,30.77,17.41,25.64,26.65,50.00,27.74,11.54,21.07,64.10,24.33,53.85,36.49
2567,เทพบดินทร์วิทยาเชียงใหม่,เมืองเชียงใหม่,ใหญ่,ในเมือง,สำนักงานคณะกรรมการส่งเสริมการศึกษาเอกชน,-,118,61.86,48.57,30.30,28.53,50.00,50.00,36.44,21.50,41.24,28.68,44.07,34.55,25.42,34.29,52.82,32.86,62.71,32.01
2567,เทศบาลดอกเงิน,เมืองเชียงใหม่,เล็ก,ในเมือง,กรมส่งเสริมการปกครองท้องถิ่น,ท้องถิ่นจังหวัดเชียงใหม่,8,50.00,50.00,37.50,17.68,37.50,48.41,45.31,13.89,25.00,27.64,31.25,24.21,18.75,24.21,37.50,30.90,56.25,29.97
2567,เทศบาลวัดกู่คำ,เมืองเชียงใหม่,เล็ก,ในเมือง,กรมส่งเสริมการปกครองท้องถิ่น,ท้องถิ่นจังหวัดเชียงใหม่,15,73.33,44.22,40.00,25.50,60.00,48.99,57.50,29.15,44.44,26.29,46.67,33.99,33.33,23.57,57.78,28.46,60.00,32.66
2567,เทศบาลวัดเกตการาม,เมืองเชียงใหม่,เล็ก,ในเมือง,กรมส่งเสริมการปกครองท้องถิ่น,ท้องถิ่นจังหวัดเชียงใหม่,8,75.00,43.30,43.75,34.80,62.50,48.41,53.13,24.00,45.83,23.20,43.75,29.97,31.25,34.80,79.17,28.57,68.75,34.80
2567,เทศบาลวัดเชียงยืน,เมืองเชียงใหม่,กลาง,ในเมือง,กรมส่งเสริมการปกครองท้องถิ่น,ท้องถิ่นจังหวัดเชียงใหม่,38,60.53,48.88,32.89,23.72,39.47,48.88,35.20,23.97,24.56,22.54,36.84,29.66,26.32,31.91,42.11,30.29,52.63,34.31
2567,เทศบาลวัดท่าสะต๋อย,เมืองเชียงใหม่,กลาง,ในเมือง,กรมส่งเสริมการปกครองท้องถิ่น,ท้องถิ่นจังหวัดเชียงใหม่,33,72.73,44.54,34.09,25.24,45.45,49.79,51.52,30.89,39.39,35.25,45.45,39.63,31.82,34.42,61.62,26.11,54.55,33.40
2567,เทศบาลวัดป่าแพ่ง,เมืองเชียงใหม่,กลาง,ในเมือง,กรมส่งเสริมการปกครองท้องถิ่น,ท้องถิ่นจังหวัดเชียงใหม่,28,64.29,47.92,36.61,31.68,28.57,45.18,45.54,24.82,41.67,24.60,35.71,32.34,44.64,40.84,61.90,36.42,51.79,28.29
2567,เทศบาลวัดพวกช้าง,เมืองเชียงใหม่,เล็ก,ในเมือง,กรมส่งเสริมการปกครองท้องถิ่น,ท้องถิ่นจังหวัดเชียงใหม่,16,75.00,43.30,31.25,25.77,50.00,50.00,42.19,26.10,33.33,23.57,34.38,29.15,46.88,32.92,47.92,35.29,59.38,26.33
2567,เทศบาลวัดศรีปิงเมือง,เมืองเชียงใหม่,กลาง,ในเมือง,กรมส่งเสริมการปกครองท้องถิ่น,ท้องถิ่นจังหวัดเชียงใหม่,45,75.56,42.98,32.78,28.78,35.56,47.87,43.33,29.53,32.59,28.54,40.00,34.32,25.56,32.70,54.07,30.86,46.67,37.12
2567,เทศบาลวัดศรีสุพรรณ,เมืองเชียงใหม่,กลาง,ในเมือง,กรมส่งเสริมการปกครองท้องถิ่น,ท้องถิ่นจังหวัดเชียงใหม่,33,42.42,49.42,42.42,31.67,48.48,49.98,43.18,26.31,27.27,22.41,25.76,27.86,22.73,32.78,47.47,28.46,54.55,33.40
2567,เทศบาลวัดหมื่นเงินกอง,เมืองเชียงใหม่,เล็ก,ในเมือง,กรมส่งเสริมการปกครองท้องถิ่น,ท้องถิ่นจังหวัดเชียงใหม่,22,95.45,20.83,44.32,30.09,36.36,48.10,35.80,23.63,51.52,26.07,38.64,33.48,22.73,29.11,54.55,25.71,65.91,27.74
2567,บ้านเชิงดอยสุเทพ,เมืองเชียงใหม่,เล็ก,ในเมือง,สำนักงานคณะกรรมการการศึกษาขั้นพื้นฐาน,สพป.เชียงใหม่ เขต 1,15,46.67,49.89,36.67,30.09,60.00,48.99,50.00,23.27,46.67,26.67,66.67,29.81,23.33,35.90,68.89,28.46,43.33,35.90
2567,บ้านดอนปิน,เมืองเชียงใหม่,กลาง,ในเมือง,สำนักงานคณะกรรมการการศึกษาขั้นพื้นฐาน,สพป.เชียงใหม่ เขต 1,42,64.29,47.92,39.88,25.62,42.86,49.49,37.20,23.86,34.13,26.71,44.05,33.10,29.76,30.98,52.38,30.98,54.76,32.38
2567,บ้านท่าหลุกสันทราย,เมืองเชียงใหม่,กลาง,ในเมือง,สำนักงานคณะกรรมการการศึกษาขั้นพื้นฐาน,สพป.เชียงใหม่ เขต 1,17,76.47,42.42,33.82,28.36,11.76,32.22,33.82,21.76,39.22,38.32,41.18,30.85,23.53,24.96,50.98,23.20,70.59,29.99
2567,บ้านโป่งน้อย,เมืองเชียงใหม่,กลาง,ในเมือง,สำนักงานคณะกรรมการการศึกษาขั้นพื้นฐาน,สพป.เชียงใหม่ เขต 1,23,52.17,49.95,31.52,29.69,30.43,46.01,41.85,26.22,36.23,25.84,45.65,38.77,26.09,29.00,60.87,28.91,56.52,30.59
2567,บ้านแม่เหียะสามัคคี,เมืองเชียงใหม่,เล็ก,ในเมือง,สำนักงานคณะกรรมการการศึกษาขั้นพื้นฐาน,สพป.เชียงใหม่ เขต 1,16,81.25,39.03,43.75,22.53,50.00,50.00,47.66,28.03,41.67,25.00,28.13,24.80,34.38,29.15,58.33,32.27,56.25,29.97
2567,บ้านห้วยทราย,เมืองเชียงใหม่,เล็ก,ในเมือง,กรมส่งเสริมการปกครองท้องถิ่น,ท้องถิ่นจังหวัดเชียงใหม่,14,57.14,49.49,48.21,22.09,21.43,41.03,38.39,25.65,33.33,30.86,28.57,41.03,21.43,36.42,50.00,24.40,46.43,29.67
2567,ปรินส์รอยแยลส์วิทยาลัย,เมืองเชียงใหม่,ใหญ่พิเศษ,ในเมือง,สำนักงานคณะกรรมการส่งเสริมการศึกษาเอกชน,-,512,90.04,29.95,46.88,24.71,53.13,49.90,60.42,24.43,56.90,28.94,62.50,34.52,56.35,37.94,78.19,24.82,69.14,30.05
2567,พระหฤทัยเชียงใหม่,เมืองเชียงใหม่,ใหญ่,ในเมือง,สำนักงานคณะกรรมการส่งเสริมการศึกษาเอกชน,-,115,70.43,45.63,37.39,27.85,45.22,49.77,45.98,26.40,35.07,27.75,42.17,36.47,25.65,31.18,54.20,28.64,55.65,32.81
2567,พิงครัตน์,เมืองเชียงใหม่,เล็ก,ในเมือง,สำนักงานคณะกรรมการส่งเสริมการศึกษาเอกชน,-,8,75.00,43.30,43.75,20.73,50.00,50.00,48.44,35.04,50.00,28.87,56.25,39.03,50.00,43.30,66.67,33.33,62.50,41.46
2567,พิมานเด็กเชียงใหม่,เมืองเชียงใหม่,กลาง,ในเมือง,สำนักงานคณะกรรมการส่งเสริมการศึกษาเอกชน,-,38,76.32,42.51,42.76,28.04,52.63,49.93,55.92,21.60,36.84,29.41,68.42,31.25,36.84,31.80,64.04,25.80,68.42,29.07
2567,พุทธิโศภน,เมืองเชียงใหม่,ใหญ่,ในเมือง,สำนักงานคณะกรรมการการศึกษาขั้นพื้นฐาน,สพป.เชียงใหม่ เขต 1,171,59.65,49.06,41.23,29.30,49.71,50.00,44.01,26.29,37.82,31.83,47.08,37.74,26.32,33.47,58.48,27.42,58.19,34.07
2567,มงฟอร์ตวิทยาลัย แผนกประถม,เมืองเชียงใหม่,ใหญ่พิเศษ,ในเมือง,สำนักงานคณะกรรมการส่งเสริมการศึกษาเอกชน,-,408,87.01,33.62,43.81,25.96,45.83,49.83,50.31,25.33,39.05,29.89,64.83,34.93,40.07,36.63,63.81,27.51,65.56,31.84
2567,ยุวฑูตศึกษาพัฒนาราชพฤกษ์,เมืองเชียงใหม่,กลาง,ในเมือง,สำนักงานคณะกรรมการส่งเสริมการศึกษาเอกชน,-,9,66.67,47.14,44.44,34.92,66.67,47.14,41.67,16.67,59.26,20.95,38.89,39.28,38.89,39.28,48.15,16.56,50.00,33.33
2567,เรยีนาเชลีวิทยาลัย,เมืองเชียงใหม่,ใหญ่,ในเมือง,สำนักงานคณะกรรมการส่งเสริมการศึกษาเอกชน,-,171,76.61,42.33,39.18,28.36,33.33,47.14,44.44,23.42,35.48,29.32,48.83,35.85,40.35,37.20,63.94,26.10,68.71,31.07
2567,วชิรวิทย์ เชียงใหม่,เมืองเชียงใหม่,กลาง,ในเมือง,สำนักงานคณะกรรมการส่งเสริมการศึกษาเอกชน,-,76,75.00,43.30,43.42,28.78,51.32,49.98,50.00,24.42,35.53,28.78,55.26,35.89,21.71,30.71,62.72,28.60,54.61,33.62
2567,วัดข่วงสิงห์,เมืองเชียงใหม่,กลาง,ในเมือง,สำนักงานคณะกรรมการการศึกษาขั้นพื้นฐาน,สพป.เชียงใหม่ เขต 1,10,80.00,40.00,42.50,35.44,30.00,45.83,63.75,24.01,46.67,26.67,60.00,20.00,45.00,26.93,63.33,17.95,65.00,32.02
2567,วัดขะจาว,เมืองเชียงใหม่,เล็ก,ในเมือง,สำนักงานคณะกรรมการการศึกษาขั้นพื้นฐาน,สพป.เชียงใหม่ เขต 1,38,81.58,38.77,51.32,31.91,42.11,49.37,39.47,23.91,35.96,29.00,43.42,34.74,28.95,35.60,41.23,31.00,56.58,28.50
2567,วัดเจ็ดยอด,เมืองเชียงใหม่,เล็ก,ในเมือง,สำนักงานคณะกรรมการการศึกษาขั้นพื้นฐาน,สพป.เชียงใหม่ เขต 1,8,37.50,48.41,43.75,27.24,25.00,43.30,35.94,23.75,33.33,16.67,43.75,39.03,43.75,39.03,50.00,33.33,56.25,39.03
2567,วัดช่างเคี่ยน,เมืองเชียงใหม่,กลาง,ในเมือง,สำนักงานคณะกรรมการการศึกษาขั้นพื้นฐาน,สพป.เชียงใหม่ เขต 1,21,52.38,49.94,30.95,32.65,38.10,48.56,35.71,20.52,36.51,32.37,38.10,34.17,23.81,29.35,39.68,24.38,57.14,31.94
2567,วัดดอนจั่น,เมืองเชียงใหม่,กลาง,ในเมือง,สำนักงานคณะกรรมการการศึกษาขั้นพื้นฐาน,สพป.เชียงใหม่ เขต 1,51,56.86,49.53,35.29,32.53,29.41,45.56,34.56,24.58,22.22,23.49,37.25,32.60,20.59,26.53,32.03,24.66,30.39,29.83
2567,วัดป่าข่อยใต้,เมืองเชียงใหม่,เล็ก,ในเมือง,สำนักงานคณะกรรมการการศึกษาขั้นพื้นฐาน,สพป.เชียงใหม่ เขต 1,7,71.43,45.18,42.86,22.02,57.14,49.49,50.00,14.94,42.86,29.35,35.71,34.99,7.14,17.50,47.62,30.12,64.29,22.59
2567,วัดป่าแดด,เมืองเชียงใหม่,เล็ก,ในเมือง,สำนักงานคณะกรรมการการศึกษาขั้นพื้นฐาน,สพป.เชียงใหม่ เขต 1,23,86.96,33.68,36.96,24.31,52.17,49.95,42.39,27.02,39.13,28.91,47.83,42.93,13.04,21.96,47.83,33.80,63.04,21.96
2567,วัดป่าตัน,เมืองเชียงใหม่,เล็ก,ในเมือง,สำนักงานคณะกรรมการการศึกษาขั้นพื้นฐาน,สพป.เชียงใหม่ เขต 1,19,52.63,49.93,42.11,24.40,31.58,46.48,38.82,19.82,38.60,29.15,50.00,28.10,18.42,29.07,49.12,29.36,71.05,33.70
2567,วัดเมืองสาตร,เมืองเชียงใหม่,เล็ก,ในเมือง,สำนักงานคณะกรรมการการศึกษาขั้นพื้นฐาน,สพป.เชียงใหม่ เขต 1,15,66.67,47.14,20.00,22.73,26.67,44.22,45.00,17.56,33.33,29.81,40.00,32.66,20.00,30.55,48.89,31.89,43.33,30.91
2567,วัดร้องอ้อ,เมืองเชียงใหม่,กลาง,ในเมือง,สำนักงานคณะกรรมการการศึกษาขั้นพื้นฐาน,สพป.เชียงใหม่ เขต 1,18,88.89,31.43,38.89,22.40,33.33,47.14,41.67,22.44,35.19,25.99,47.22,35.25,30.56,33.91,59.26,28.45,58.33,30.05
2567,วัดวังสิงห์คำ,เมืองเชียงใหม่,กลาง,ในเมือง,สำนักงานคณะกรรมการการศึกษาขั้นพื้นฐาน,สพป.เชียงใหม่ เขต 1,20,75.00,43.30,42.50,21.07,45.00,49.75,38.13,15.55,41.67,31.40,30.00,36.74,15.00,22.91,46.67,28.67,50.00,35.36
2567,วัดสวนดอก,เมืองเชียงใหม่,กลาง,ในเมือง,สำนักงานคณะกรรมการการศึกษาขั้นพื้นฐาน,สพป.เชียงใหม่ เขต 1,31,74.19,43.76,42.74,27.82,51.61,49.97,49.19,24.17,44.09,33.21,41.94,28.67,24.19,28.03,68.82,25.31,59.68,32.18
2567,วัดเสาหิน,เมืองเชียงใหม่,เล็ก,ในเมือง,สำนักงานคณะกรรมการการศึกษาขั้นพื้นฐาน,สพป.เชียงใหม่ เขต 1,10,40.00,48.99,47.50,26.10,80.00,40.00,47.50,23.58,26.67,24.94,60.00,43.59,25.00,33.54,46.67,37.12,40.00,30.00
2567,วัดหนองป่าครั่ง,เมืองเชียงใหม่,เล็ก,ในเมือง,สำนักงานคณะกรรมการการศึกษาขั้นพื้นฐาน,สพป.เชียงใหม่ เขต 1,3,33.33,47.14,58.33,11.79,0.00,0.00,70.83,21.25,55.56,15.71,50.00,0.00,33.33,23.57,55.56,31.43,50.00,0.00
2567,วารีเชียงใหม่,เมืองเชียงใหม่,ใหญ่พิเศษ,ในเมือง,สำนักงานคณะกรรมการส่งเสริมการศึกษาเอกชน,-,186,77.42,41.81,40.46,28.15,38.17,48.58,48.45,25.37,35.84,29.43,44.35,36.41,37.10,36.96,57.89,33.34,60.75,33.88
2567,วิชัยวิทยา,เมืองเชียงใหม่,กลาง,ในเมือง,สำนักงานคณะกรรมการส่งเสริมการศึกษาเอกชน,-,27,96.30,18.89,46.30,24.25,44.44,49.69,67.13,18.37,41.98,25.00,59.26,38.58,44.44,36.85,71.60,28.26,68.52,36.38
2567,ศรีเนห์รู,เมืองเชียงใหม่,เล็ก,ในเมือง,สำนักงานคณะกรรมการการศึกษาขั้นพื้นฐาน,สพป.เชียงใหม่ เขต 1,15,73.33,44.22,53.33,32.74,33.33,47.14,33.33,18.63,13.33,20.37,26.67,30.91,33.33,29.81,48.89,26.85,36.67,33.99
2567,ศิริมังคลาจารย์,เมืองเชียงใหม่,เล็ก,ในเมือง,สำนักงานคณะกรรมการการศึกษาขั้นพื้นฐาน,สพป.เชียงใหม่ เขต 1,5,100.00,0.00,35.00,12.25,60.00,48.99,32.50,12.75,33.33,29.81,50.00,44.72,30.00,24.49,60.00,24.94,60.00,20.00
2567,สังวาลย์วิทยา,เมืองเชียงใหม่,เล็ก,ในเมือง,สำนักงานคณะกรรมการการศึกษาขั้นพื้นฐาน,สพป.เชียงใหม่ เขต 1,4,50.00,50.00,12.50,12.50,75.00,43.30,25.00,12.50,33.33,23.57,50.00,35.36,12.50,21.65,50.00,28.87,50.00,35.36
2567,สันติศึกษา,เมืองเชียงใหม่,เล็ก,ในเมือง,สำนักงานคณะกรรมการส่งเสริมการศึกษาเอกชน,-,23,82.61,37.90,53.26,34.03,47.83,49.95,44.02,28.76,40.58,25.93,47.83,40.32,21.74,28.84,56.52,24.93,54.35,29.17
2567,สาธิตมหาวิทยาลัยราชภัฏเชียงใหม่,เมืองเชียงใหม่,กลาง,ในเมือง,สำนักงานปลัดกระทรวงการอุดมศึกษาฯ,-,100,74.00,43.86,41.00,27.28,31.00,46.25,41.00,25.87,37.00,27.85,45.00,34.28,31.00,33.75,52.67,31.33,57.50,34.19
2567,สารสาสน์วิเทศเชียงใหม่,เมืองเชียงใหม่,ใหญ่,ในเมือง,สำนักงานคณะกรรมการส่งเสริมการศึกษาเอกชน,-,106,92.45,26.42,44.81,23.47,60.38,48.91,48.11,27.14,52.20,31.40,53.77,36.79,47.17,33.53,67.92,28.57,64.15,30.53
2567,สารสาสน์วิเทศล้านนา,เมืองเชียงใหม่,ใหญ่,ในเมือง,สำนักงานคณะกรรมการส่งเสริมการศึกษาเอกชน,-,165,81.82,38.57,42.42,26.89,46.67,49.89,45.83,23.41,42.22,29.16,51.21,37.72,32.73,34.66,56.36,31.70,63.03,32.52
2567,โสตศึกษาอนุสารสุนทร,เมืองเชียงใหม่,เล็ก,ในเมือง,สำนักบริหารงานการศึกษาพิเศษ,-,0,-,-,-,-,-,-,-,-,-,-,-,-,-,-,-,-,-,-
2567,อนุบาลเชียงใหม่,เมืองเชียงใหม่,ใหญ่พิเศษ,ในเมือง,สำนักงานคณะกรรมการการศึกษาขั้นพื้นฐาน,สพป.เชียงใหม่ เขต 1,295,82.03,38.39,44.15,27.73,48.47,49.98,52.25,24.72,46.78,28.32,52.54,37.31,53.73,37.32,70.40,29.13,64.07,32.11
2567,อนุบาลบ้านท่อเมืองลัง,เมืองเชียงใหม่,กลาง,ในเมือง,สำนักงานคณะกรรมการการศึกษาขั้นพื้นฐาน,สพป.เชียงใหม่ เขต 1,32,87.50,33.07,34.38,28.47,43.75,49.61,47.27,24.95,40.63,29.74,46.88,30.46,32.81,29.61,61.46,30.17,64.06,31.21
2567,อนุบาลหนองป่าครั่ง,เมืองเชียงใหม่,เล็ก,ในเมือง,กรมส่งเสริมการปกครองท้องถิ่น,ท้องถิ่นจังหวัดเชียงใหม่,18,44.44,49.69,30.56,32.87,83.33,37.27,27.78,17.46,31.48,28.27,19.44,24.37,5.56,15.71,57.41,26.77,52.78,42.40
2567,ชุมชนตำบลท่าผา,แม่แจ่ม,เล็ก,นอกเมือง,สำนักงานคณะกรรมการการศึกษาขั้นพื้นฐาน,สพป.เชียงใหม่ เขต 6,16,87.50,33.07,40.63,23.18,31.25,46.35,42.19,16.46,37.50,28.57,40.63,36.31,31.25,34.80,50.00,28.87,62.50,33.07
2567,ชุมชนบ้านช่างเคิ่ง,แม่แจ่ม,กลาง,นอกเมือง,สำนักงานคณะกรรมการการศึกษาขั้นพื้นฐาน,สพป.เชียงใหม่ เขต 6,19,89.47,30.69,43.42,29.07,57.89,49.37,55.92,25.12,43.86,28.72,57.89,33.49,36.84,27.35,59.65,35.18,57.89,29.30
2567,ชุมชนบ้านพร้าวหนุ่ม,แม่แจ่ม,เล็ก,นอกเมือง,สำนักงานคณะกรรมการการศึกษาขั้นพื้นฐาน,สพป.เชียงใหม่ เขต 6,23,82.61,37.90,41.30,25.12,52.17,49.95,52.72,21.79,55.07,28.84,54.35,35.85,39.13,32.83,62.32,34.48,60.87,29.33
2567,เซนต์โยเซฟแม่แจ่ม,แม่แจ่ม,กลาง,นอกเมือง,สำนักงานคณะกรรมการส่งเสริมการศึกษาเอกชน,-,30,56.67,49.55,50.83,32.59,30.00,45.83,31.67,19.83,30.00,27.69,41.67,34.36,18.33,30.23,51.11,26.85,41.67,34.36
2567,ตำรวจตระเวนชายแดนบางกอก เชฟ แชร์ริตี้ บ้านแม่ขอ,แม่แจ่ม,เล็ก,นอกเมือง,กองบัญชาการตำรวจตระเวนชายแดน,-,13,30.77,46.15,51.92,28.52,30.77,46.15,25.00,21.93,33.33,29.24,30.77,36.89,19.23,24.33,23.08,24.05,38.46,34.83
2567,บ้านกองแขก,แม่แจ่ม,เล็ก,นอกเมือง,สำนักงานคณะกรรมการการศึกษาขั้นพื้นฐาน,สพป.เชียงใหม่ เขต 6,9,100.00,0.00,61.11,31.43,66.67,47.14,38.89,17.12,40.74,34.35,50.00,40.82,11.11,20.79,59.26,13.86,38.89,31.43
2567,บ้านกองแขก สาขาบ้านแม่หลุ,แม่แจ่ม,เล็ก,นอกเมือง,สำนักงานคณะกรรมการการศึกษาขั้นพื้นฐาน,สพป.เชียงใหม่ เขต 6,6,50.00,50.00,54.17,36.56,16.67,37.27,43.75,13.98,33.33,27.22,33.33,23.57,16.67,23.57,38.89,22.91,41.67,44.88
2567,บ้านขุนแม่นาย,แม่แจ่ม,เล็ก,นอกเมือง,สำนักงานคณะกรรมการการศึกษาขั้นพื้นฐาน,สพป.เชียงใหม่ เขต 6,3,33.33,47.14,33.33,23.57,66.67,47.14,12.50,10.21,44.44,41.57,50.00,0.00,16.67,23.57,11.11,15.71,33.33,23.57
2567,บ้านขุนแม่หยอด,แม่แจ่ม,เล็ก,นอกเมือง,สำนักงานคณะกรรมการการศึกษาขั้นพื้นฐาน,สพป.เชียงใหม่ เขต 6,10,60.00,48.99,42.50,22.50,10.00,30.00,37.50,27.95,40.00,29.06,25.00,25.00,30.00,33.17,43.33,26.03,40.00,30.00
2567,บ้านต่อเรือ,แม่แจ่ม,เล็ก,นอกเมือง,สำนักงานคณะกรรมการการศึกษาขั้นพื้นฐาน,สพป.เชียงใหม่ เขต 6,3,100.00,0.00,50.00,0.00,66.67,47.14,54.17,15.59,66.67,27.22,16.67,23.57,50.00,0.00,66.67,27.22,50.00,0.00
2567,บ้านทัพ,แม่แจ่ม,เล็ก,นอกเมือง,สำนักงานคณะกรรมการการศึกษาขั้นพื้นฐาน,สพป.เชียงใหม่ เขต 6,10,100.00,0.00,65.00,25.50,50.00,50.00,31.25,13.98,33.33,29.81,60.00,30.00,20.00,33.17,53.33,33.99,50.00,31.62
2567,บ้านทุ่งแก,แม่แจ่ม,เล็ก,นอกเมือง,สำนักงานคณะกรรมการการศึกษาขั้นพื้นฐาน,สพป.เชียงใหม่ เขต 6,15,53.33,49.89,36.67,28.67,40.00,48.99,31.67,19.29,37.78,23.93,56.67,30.91,13.33,22.11,44.44,37.84,40.00,32.66
2567,บ้านทุ่งแก สาขาแม่แอบ,แม่แจ่ม,เล็ก,นอกเมือง,สำนักงานคณะกรรมการการศึกษาขั้นพื้นฐาน,สพป.เชียงใหม่ เขต 6,9,66.67,47.14,27.78,21.87,22.22,41.57,43.06,25.08,33.33,22.22,27.78,24.85,11.11,20.79,44.44,22.22,27.78,24.85
2567,บ้านทุ่งยาว,แม่แจ่ม,เล็ก,นอกเมือง,สำนักงานคณะกรรมการการศึกษาขั้นพื้นฐาน,สพป.เชียงใหม่ เขต 6,17,76.47,42.42,35.29,28.52,47.06,49.91,42.65,22.71,31.37,31.25,44.12,37.89,17.65,34.05,39.22,30.75,38.24,32.22
2567,บ้านนากลาง,แม่แจ่ม,เล็ก,นอกเมือง,สำนักงานคณะกรรมการการศึกษาขั้นพื้นฐาน,สพป.เชียงใหม่ เขต 6,9,66.67,47.14,27.78,24.85,55.56,49.69,30.56,22.14,37.04,39.89,44.44,36.85,16.67,33.33,29.63,33.13,50.00,23.57
2567,บ้านนากลาง สาขาห้วยผักกูด,แม่แจ่ม,เล็ก,นอกเมือง,สำนักงานคณะกรรมการการศึกษาขั้นพื้นฐาน,สพป.เชียงใหม่ เขต 6,10,90.00,30.00,30.00,18.71,70.00,45.83,47.50,26.10,26.67,24.94,20.00,24.49,30.00,33.17,40.00,24.94,40.00,30.00
2567,บ้านนาฮ่อง,แม่แจ่ม,เล็ก,นอกเมือง,สำนักงานคณะกรรมการการศึกษาขั้นพื้นฐาน,สพป.เชียงใหม่ เขต 6,24,58.33,49.30,47.92,29.68,54.17,49.83,33.85,20.25,33.33,28.87,37.50,33.07,18.75,28.18,33.33,27.22,52.08,39.47
2567,บ้านเนินวิทยา,แม่แจ่ม,เล็ก,นอกเมือง,สำนักงานคณะกรรมการการศึกษาขั้นพื้นฐาน,สพป.เชียงใหม่ เขต 6,15,80.00,40.00,35.00,25.50,46.67,49.89,42.50,25.33,28.89,29.48,33.33,34.96,40.00,27.08,40.00,21.77,26.67,24.94
2567,บ้านปางเกี๊ยะ,แม่แจ่ม,กลาง,นอกเมือง,สำนักงานคณะกรรมการการศึกษาขั้นพื้นฐาน,สพป.เชียงใหม่ เขต 6,34,70.59,45.56,34.56,24.26,32.35,46.78,44.85,23.31,25.49,25.64,42.65,27.47,27.94,30.17,39.22,27.38,51.47,39.27
2567,บ้านปางหินฝน,แม่แจ่ม,เล็ก,นอกเมือง,สำนักงานคณะกรรมการการศึกษาขั้นพื้นฐาน,สพป.เชียงใหม่ เขต 6,13,61.54,48.65,48.08,24.93,53.85,49.85,53.85,28.33,28.21,28.78,26.92,31.72,23.08,24.93,51.28,30.98,46.15,23.71
2567,บ้านปางอุ๋ง,แม่แจ่ม,กลาง,นอกเมือง,สำนักงานคณะกรรมการการศึกษาขั้นพื้นฐาน,สพป.เชียงใหม่ เขต 6,13,30.77,46.15,30.77,19.99,30.77,46.15,29.81,17.36,30.77,35.71,19.23,24.33,11.54,21.07,28.21,22.06,34.62,36.08
2567,บ้านปางอุ๋ง สาขาแม่สะต๊อป,แม่แจ่ม,เล็ก,นอกเมือง,สำนักงานคณะกรรมการการศึกษาขั้นพื้นฐาน,สพป.เชียงใหม่ เขต 6,6,83.33,37.27,54.17,9.32,50.00,50.00,37.50,16.14,16.67,25.46,16.67,23.57,8.33,18.63,38.89,29.92,33.33,23.57
2567,บ้านแปะสามัคคี,แม่แจ่ม,เล็ก,นอกเมือง,สำนักงานคณะกรรมการการศึกษาขั้นพื้นฐาน,สพป.เชียงใหม่ เขต 6,5,80.00,40.00,40.00,25.50,40.00,48.99,27.50,28.94,26.67,24.94,50.00,44.72,20.00,24.49,53.33,26.67,70.00,40.00
2567,บ้านผานัง,แม่แจ่ม,เล็ก,นอกเมือง,สำนักงานคณะกรรมการการศึกษาขั้นพื้นฐาน,สพป.เชียงใหม่ เขต 6,10,50.00,50.00,35.00,30.00,50.00,50.00,46.25,14.84,26.67,13.33,55.00,35.00,15.00,22.91,26.67,13.33,50.00,31.62
2567,บ้านผาละปิ,แม่แจ่ม,เล็ก,นอกเมือง,สำนักงานคณะกรรมการการศึกษาขั้นพื้นฐาน,สพป.เชียงใหม่ เขต 6,9,77.78,41.57,41.67,26.35,77.78,41.57,27.78,18.43,14.81,22.83,38.89,45.81,38.89,39.28,51.85,16.56,66.67,33.33
2567,บ้านพุย สาขาพุยใต้,แม่แจ่ม,เล็ก,นอกเมือง,สำนักงานคณะกรรมการการศึกษาขั้นพื้นฐาน,สพป.เชียงใหม่ เขต 6,4,100.00,0.00,50.00,0.00,50.00,50.00,37.50,15.31,25.00,27.64,25.00,25.00,0.00,0.00,41.67,14.43,25.00,25.00
2567,บ้านแม่ซา,แม่แจ่ม,เล็ก,นอกเมือง,สำนักงานคณะกรรมการการศึกษาขั้นพื้นฐาน,สพป.เชียงใหม่ เขต 6,7,42.86,49.49,32.14,22.02,14.29,34.99,39.29,23.56,19.05,16.50,14.29,22.59,21.43,24.74,33.33,30.86,35.71,22.59
2567,บ้านแม่ตูม,แม่แจ่ม,เล็ก,นอกเมือง,สำนักงานคณะกรรมการการศึกษาขั้นพื้นฐาน,สพป.เชียงใหม่ เขต 6,8,87.50,33.07,46.88,8.27,37.50,48.41,28.13,17.40,20.83,23.20,6.25,16.54,6.25,16.54,37.50,35.11,43.75,39.03
2567,บ้านแม่นาจร,แม่แจ่ม,กลาง,นอกเมือง,สำนักงานคณะกรรมการการศึกษาขั้นพื้นฐาน,สพป.เชียงใหม่ เขต 6,17,58.82,49.22,29.41,21.41,17.65,38.12,33.09,17.12,39.22,30.75,47.06,31.95,5.88,16.11,37.25,25.26,29.41,29.99
2567,บ้านแม่ปาน,แม่แจ่ม,เล็ก,นอกเมือง,สำนักงานคณะกรรมการการศึกษาขั้นพื้นฐาน,สพป.เชียงใหม่ เขต 6,12,83.33,37.27,35.42,29.68,33.33,47.14,45.83,27.16,47.22,28.73,50.00,35.36,29.17,32.00,55.56,31.43,41.67,27.64
2567,บ้านแม่มะลอ,แม่แจ่ม,เล็ก,นอกเมือง,สำนักงานคณะกรรมการการศึกษาขั้นพื้นฐาน,สพป.เชียงใหม่ เขต 6,6,50.00,50.00,37.50,19.09,83.33,37.27,37.50,27.00,27.78,29.92,33.33,23.57,25.00,38.19,38.89,29.92,33.33,37.27
2567,บ้านแม่มุ,แม่แจ่ม,เล็ก,นอกเมือง,สำนักงานคณะกรรมการการศึกษาขั้นพื้นฐาน,สพป.เชียงใหม่ เขต 6,14,50.00,50.00,48.21,33.36,50.00,50.00,23.21,24.94,35.71,29.45,57.14,31.94,21.43,31.13,42.86,23.33,53.57,35.17
2567,บ้านแม่ลอง,แม่แจ่ม,เล็ก,นอกเมือง,กองบัญชาการตำรวจตระเวนชายแดน,-,15,66.67,47.14,53.33,30.09,53.33,49.89,30.83,30.57,24.44,22.66,43.33,24.94,10.00,20.00,42.22,33.26,56.67,24.94
2567,บ้านแม่วาก,แม่แจ่ม,เล็ก,นอกเมือง,สำนักงานคณะกรรมการการศึกษาขั้นพื้นฐาน,สพป.เชียงใหม่ เขต 6,3,66.67,47.14,41.67,11.79,0.00,0.00,29.17,23.57,22.22,15.71,16.67,23.57,33.33,23.57,11.11,15.71,50.00,40.82
2567,บ้านแม่ศึก (มูลนิธิธรรมมาภิรักษ์อุปถัมภ์ที่ 2),แม่แจ่ม,เล็ก,นอกเมือง,สำนักงานคณะกรรมการการศึกษาขั้นพื้นฐาน,สพป.เชียงใหม่ เขต 6,12,75.00,43.30,39.58,38.81,58.33,49.30,29.17,25.17,22.22,28.33,58.33,39.97,29.17,24.65,36.11,31.79,54.17,32.00
2567,บ้านแม่หงานหลวง,แม่แจ่ม,เล็ก,นอกเมือง,สำนักงานคณะกรรมการการศึกษาขั้นพื้นฐาน,สพป.เชียงใหม่ เขต 6,11,18.18,38.57,25.00,31.98,54.55,49.79,19.32,18.74,27.27,27.77,31.82,32.14,22.73,32.78,39.39,34.28,45.45,25.71
2567,บ้านแม่หอย,แม่แจ่ม,เล็ก,นอกเมือง,สำนักงานคณะกรรมการการศึกษาขั้นพื้นฐาน,สพป.เชียงใหม่ เขต 6,6,83.33,37.27,45.83,30.33,50.00,50.00,41.67,26.68,55.56,24.85,58.33,34.36,25.00,25.00,50.00,31.91,25.00,25.00
2567,บ้านแม่เอาะ,แม่แจ่ม,เล็ก,นอกเมือง,สำนักงานคณะกรรมการการศึกษาขั้นพื้นฐาน,สพป.เชียงใหม่ เขต 6,10,50.00,50.00,27.50,30.52,30.00,45.83,33.75,20.19,16.67,22.36,25.00,33.54,15.00,32.02,40.00,29.06,55.00,35.00
2567,บ้านแม่แฮใต้,แม่แจ่ม,เล็ก,นอกเมือง,สำนักงานคณะกรรมการการศึกษาขั้นพื้นฐาน,สพป.เชียงใหม่ เขต 6,10,90.00,30.00,55.00,24.49,70.00,45.83,36.25,20.50,36.67,17.95,40.00,43.59,30.00,24.49,50.00,16.67,50.00,31.62
2567,บ้านแม่แฮเหนือ,แม่แจ่ม,กลาง,นอกเมือง,สำนักงานคณะกรรมการการศึกษาขั้นพื้นฐาน,สพป.เชียงใหม่ เขต 6,63,68.25,46.55,41.27,35.12,36.51,48.15,31.94,21.91,26.98,27.12,31.75,32.49,14.29,24.28,35.98,29.87,31.75,32.49
2567,บ้านแม่แฮเหนือ สาขาแม่แจ๊ะ,แม่แจ่ม,เล็ก,นอกเมือง,สำนักงานคณะกรรมการการศึกษาขั้นพื้นฐาน,สพป.เชียงใหม่ เขต 6,7,57.14,49.49,28.57,36.42,28.57,45.18,32.14,16.17,42.86,29.35,42.86,31.94,21.43,36.42,61.90,11.66,42.86,31.94
2567,บ้านโม่งหลวง,แม่แจ่ม,เล็ก,นอกเมือง,สำนักงานคณะกรรมการการศึกษาขั้นพื้นฐาน,สพป.เชียงใหม่ เขต 6,14,85.71,34.99,35.71,22.59,71.43,45.18,33.93,21.87,35.71,26.62,28.57,31.13,25.00,25.00,23.81,23.33,32.14,23.96
2567,บ้านโม่งหลวง สาขาบ้านแม่อมลานใน,แม่แจ่ม,เล็ก,นอกเมือง,สำนักงานคณะกรรมการการศึกษาขั้นพื้นฐาน,สพป.เชียงใหม่ เขต 6,2,50.00,50.00,37.50,12.50,100.00,0.00,50.00,12.50,33.33,0.00,0.00,0.00,25.00,25.00,33.33,33.33,25.00,25.00
2567,บ้านสบแม่รวม,แม่แจ่ม,เล็ก,นอกเมือง,สำนักงานคณะกรรมการการศึกษาขั้นพื้นฐาน,สพป.เชียงใหม่ เขต 6,5,100.00,0.00,35.00,37.42,80.00,40.00,55.00,23.18,46.67,33.99,30.00,40.00,20.00,24.49,60.00,24.94,40.00,37.42
2567,บ้านสบวาก,แม่แจ่ม,เล็ก,นอกเมือง,สำนักงานคณะกรรมการการศึกษาขั้นพื้นฐาน,สพป.เชียงใหม่ เขต 6,4,50.00,50.00,62.50,21.65,50.00,50.00,15.63,5.41,8.33,14.43,25.00,43.30,25.00,25.00,58.33,27.64,25.00,25.00
2567,บ้านสองธาร,แม่แจ่ม,เล็ก,นอกเมือง,สำนักงานคณะกรรมการการศึกษาขั้นพื้นฐาน,สพป.เชียงใหม่ เขต 6,7,14.29,34.99,28.57,20.82,71.43,45.18,19.64,16.17,33.33,30.86,35.71,22.59,28.57,36.42,66.67,25.20,50.00,26.73
2567,บ้านสามสบ,แม่แจ่ม,เล็ก,นอกเมือง,สำนักงานคณะกรรมการการศึกษาขั้นพื้นฐาน,สพป.เชียงใหม่ เขต 6,7,57.14,49.49,35.71,26.24,28.57,45.18,26.79,14.06,23.81,23.33,21.43,24.74,14.29,22.59,57.14,23.33,7.14,17.50
2567,บ้านห้วยผา,แม่แจ่ม,เล็ก,นอกเมือง,สำนักงานคณะกรรมการการศึกษาขั้นพื้นฐาน,สพป.เชียงใหม่ เขต 6,11,27.27,44.54,59.09,35.79,54.55,49.79,34.09,20.71,18.18,16.60,31.82,24.05,4.55,14.37,21.21,25.71,27.27,32.78
2567,บ้านใหม่พัฒนาสันติ,แม่แจ่ม,เล็ก,นอกเมือง,กองบัญชาการตำรวจตระเวนชายแดน,-,3,66.67,47.14,66.67,23.57,66.67,47.14,50.00,17.68,44.44,41.57,16.67,23.57,16.67,23.57,44.44,31.43,50.00,0.00
2567,บ้านอมขูด,แม่แจ่ม,เล็ก,นอกเมือง,สำนักงานคณะกรรมการการศึกษาขั้นพื้นฐาน,สพป.เชียงใหม่ เขต 6,4,50.00,50.00,31.25,10.83,25.00,43.30,34.38,10.36,25.00,27.64,37.50,41.46,0.00,0.00,8.33,14.43,50.00,35.36
2567,บ้านอมเม็ง,แม่แจ่ม,เล็ก,นอกเมือง,สำนักงานคณะกรรมการการศึกษาขั้นพื้นฐาน,สพป.เชียงใหม่ เขต 6,11,63.64,48.10,43.18,15.41,45.45,49.79,42.05,24.00,42.42,28.75,31.82,32.14,13.64,22.27,36.36,30.00,40.91,28.75
2567,บ้านเฮาะวิทยา,แม่แจ่ม,เล็ก,นอกเมือง,สำนักงานคณะกรรมการการศึกษาขั้นพื้นฐาน,สพป.เชียงใหม่ เขต 6,9,55.56,49.69,55.56,19.64,55.56,49.69,37.50,24.30,29.63,18.89,33.33,33.33,22.22,24.85,40.74,30.54,50.00,40.82
2567,เมืองเด็กวิทยา,แม่แจ่ม,เล็ก,นอกเมือง,สำนักงานคณะกรรมการส่งเสริมการศึกษาเอกชน,-,17,94.12,23.53,50.00,27.12,41.18,49.22,46.32,23.78,47.06,23.03,23.53,34.80,76.47,30.28,52.94,16.41,64.71,33.28
2567,ราชประชานุเคราะห์ 31,แม่แจ่ม,กลาง,นอกเมือง,สำนักบริหารงานการศึกษาพิเศษ,-,31,41.94,49.35,38.71,28.28,38.71,48.71,29.84,20.98,29.03,26.43,37.10,35.85,32.26,27.09,43.01,36.11,43.55,35.34
2567,ศูนย์การเรียนตำรวจตระเวนชายแดนบ้านแม่มุใน บริษัทซีเค พาวเวอร์ จำกัด (มหาชน) อุปถัมภ์,แม่แจ่ม,เล็ก,นอกเมือง,กองบัญชาการตำรวจตระเวนชายแดน,-,9,44.44,49.69,33.33,20.41,55.56,49.69,25.00,27.00,40.74,30.54,22.22,24.85,22.22,24.85,37.04,29.16,22.22,34.25
2567,ศูนย์การเรียนตำรวจตระเวนชายแดนสนั่น-เฉลิมเกตุ นภาศัพท์,แม่แจ่ม,เล็ก,นอกเมือง,กองบัญชาการตำรวจตระเวนชายแดน,-,8,87.50,33.07,12.50,17.68,50.00,50.00,32.81,21.59,41.67,22.05,56.25,29.97,6.25,16.54,58.33,27.64,31.25,24.21
2567,หลวงพัฒนาบ้านพุย,แม่แจ่ม,เล็ก,นอกเมือง,สำนักงานคณะกรรมการการศึกษาขั้นพื้นฐาน,สพป.เชียงใหม่ เขต 6,4,50.00,50.00,31.25,20.73,25.00,43.30,65.63,18.49,50.00,16.67,50.00,0.00,25.00,43.30,50.00,28.87,50.00,0.00
2567,ออป.13,แม่แจ่ม,เล็ก,นอกเมือง,สำนักงานคณะกรรมการการศึกษาขั้นพื้นฐาน,สพป.เชียงใหม่ เขต 6,22,86.36,34.32,37.50,30.85,40.91,49.17,34.09,21.05,24.24,26.93,36.36,37.48,25.00,29.19,33.33,24.62,47.73,35.28
2567,อินทนนท์วิทยา,แม่แจ่ม,เล็ก,นอกเมือง,สำนักงานคณะกรรมการการศึกษาขั้นพื้นฐาน,สพป.เชียงใหม่ เขต 6,8,75.00,43.30,37.50,27.95,25.00,43.30,34.38,19.52,29.17,19.98,18.75,24.21,18.75,24.21,58.33,36.32,62.50,21.65
2567,ชุมชนวัดช่อแล,แม่แตง,เล็ก,นอกเมือง,สำนักงานคณะกรรมการการศึกษาขั้นพื้นฐาน,สพป.เชียงใหม่ เขต 2,21,42.86,49.49,32.14,29.01,52.38,49.94,31.55,20.64,31.75,29.95,28.57,32.99,9.52,19.63,42.86,29.35,45.24,34.17
2567,เชียงใหม่มัธยม,แม่แตง,ใหญ่,นอกเมือง,สำนักงานคณะกรรมการส่งเสริมการศึกษาเอกชน,-,1,0.00,0.00,0.00,0.00,0.00,0.00,12.50,0.00,33.33,0.00,50.00,0.00,0.00,0.00,33.33,0.00,0.00,0.00
2567,ตชด.ไลออนส์มหาจักร 9,แม่แตง,เล็ก,นอกเมือง,กองบัญชาการตำรวจตระเวนชายแดน,-,12,66.67,47.14,27.08,29.68,8.33,27.64,21.88,11.55,36.11,31.79,29.17,37.96,16.67,23.57,38.89,29.92,45.83,37.96
2567,เทศบาลตำบลสันมหาพน,แม่แตง,กลาง,นอกเมือง,กรมส่งเสริมการปกครองท้องถิ่น,ท้องถิ่นจังหวัดเชียงใหม่,32,34.38,47.50,38.28,28.63,46.88,49.90,33.20,22.45,31.25,33.27,29.69,32.74,12.50,25.00,35.42,34.30,56.25,32.48
2567,บ้านก๋ายน้อย,แม่แตง,เล็ก,นอกเมือง,สำนักงานคณะกรรมการการศึกษาขั้นพื้นฐาน,สพป.เชียงใหม่ เขต 2,2,50.00,50.00,0.00,0.00,50.00,50.00,25.00,25.00,16.67,16.67,25.00,25.00,0.00,0.00,16.67,16.67,50.00,50.00
2567,บ้านช้างใน,แม่แตง,เล็ก,นอกเมือง,สำนักงานคณะกรรมการการศึกษาขั้นพื้นฐาน,สพป.เชียงใหม่ เขต 2,1,0.00,0.00,0.00,0.00,100.00,0.00,25.00,0.00,33.33,0.00,50.00,0.00,0.00,0.00,33.33,0.00,0.00,0.00
2567,บ้านทับเดื่อ,แม่แตง,เล็ก,นอกเมือง,สำนักงานคณะกรรมการการศึกษาขั้นพื้นฐาน,สพป.เชียงใหม่ เขต 2,4,75.00,43.30,43.75,10.83,50.00,50.00,53.13,13.62,66.67,23.57,50.00,0.00,12.50,21.65,58.33,14.43,87.50,21.65
2567,บ้านบวกหมื้อ,แม่แตง,เล็ก,นอกเมือง,สำนักงานคณะกรรมการการศึกษาขั้นพื้นฐาน,สพป.เชียงใหม่ เขต 2,12,75.00,43.30,39.58,33.01,41.67,49.30,39.58,20.94,41.67,38.79,54.17,24.65,33.33,42.49,75.00,19.84,45.83,24.65
2567,บ้านปง,แม่แตง,เล็ก,นอกเมือง,สำนักงานคณะกรรมการการศึกษาขั้นพื้นฐาน,สพป.เชียงใหม่ เขต 2,12,58.33,49.30,39.58,33.01,33.33,47.14,31.25,16.54,30.56,31.79,29.17,32.00,33.33,37.27,55.56,34.25,62.50,36.08
2567,บ้านปลาดาว,แม่แตง,เล็ก,นอกเมือง,สำนักงานคณะกรรมการส่งเสริมการศึกษาเอกชน,-,20,80.00,40.00,46.25,19.80,45.00,49.75,40.00,23.58,36.67,31.45,47.50,33.45,15.00,22.91,56.67,28.09,75.00,25.00
2567,บ้านปางกว้าง,แม่แตง,เล็ก,นอกเมือง,สำนักงานคณะกรรมการการศึกษาขั้นพื้นฐาน,สพป.เชียงใหม่ เขต 2,3,66.67,47.14,50.00,0.00,66.67,47.14,41.67,15.59,22.22,15.71,33.33,23.57,33.33,23.57,66.67,0.00,66.67,23.57
2567,บ้านปางไม้แดง,แม่แตง,เล็ก,นอกเมือง,สำนักงานคณะกรรมการการศึกษาขั้นพื้นฐาน,สพป.เชียงใหม่ เขต 2,5,60.00,48.99,35.00,37.42,40.00,48.99,37.50,20.92,33.33,21.08,60.00,20.00,40.00,48.99,73.33,13.33,70.00,24.49
2567,บ้านปางห้วยตาด,แม่แตง,เล็ก,นอกเมือง,สำนักงานคณะกรรมการการศึกษาขั้นพื้นฐาน,สพป.เชียงใหม่ เขต 2,10,30.00,45.83,35.00,32.02,20.00,40.00,26.25,21.25,43.33,21.34,55.00,35.00,15.00,22.91,53.33,22.11,50.00,44.72
2567,บ้านปางฮ่าง,แม่แตง,เล็ก,นอกเมือง,สำนักงานคณะกรรมการการศึกษาขั้นพื้นฐาน,สพป.เชียงใหม่ เขต 2,12,83.33,37.27,54.17,24.65,50.00,50.00,33.33,20.62,33.33,27.22,62.50,36.08,33.33,37.27,44.44,20.79,50.00,28.87
2567,บ้านเป้าวิทยาคาร,แม่แตง,เล็ก,นอกเมือง,สำนักงานคณะกรรมการการศึกษาขั้นพื้นฐาน,สพป.เชียงใหม่ เขต 2,16,62.50,48.41,40.63,31.72,62.50,48.41,33.59,22.41,37.50,28.57,43.75,34.80,43.75,34.80,45.83,19.98,59.38,31.72
2567,บ้านผาหมอน,แม่แตง,เล็ก,นอกเมือง,สำนักงานคณะกรรมการการศึกษาขั้นพื้นฐาน,สพป.เชียงใหม่ เขต 2,1,100.00,0.00,0.00,0.00,0.00,0.00,37.50,0.00,0.00,0.00,100.00,0.00,0.00,0.00,33.33,0.00,50.00,0.00
2567,บ้านผึ้ง,แม่แตง,เล็ก,นอกเมือง,สำนักงานคณะกรรมการการศึกษาขั้นพื้นฐาน,สพป.เชียงใหม่ เขต 2,16,75.00,43.30,46.88,41.34,75.00,43.30,45.31,30.90,29.17,30.90,56.25,46.35,25.00,25.00,52.08,20.31,53.13,27.78
2567,บ้านเมืองกื้ด,แม่แตง,เล็ก,นอกเมือง,สำนักงานคณะกรรมการการศึกษาขั้นพื้นฐาน,สพป.เชียงใหม่ เขต 2,19,42.11,49.37,39.47,32.76,36.84,48.24,34.87,18.40,21.05,22.19,26.32,24.97,15.79,23.24,49.12,22.60,60.53,30.69
2567,บ้านแม่ไคร้,แม่แตง,เล็ก,นอกเมือง,สำนักงานคณะกรรมการการศึกษาขั้นพื้นฐาน,สพป.เชียงใหม่ เขต 2,10,40.00,48.99,37.50,20.16,50.00,50.00,33.75,13.75,20.00,22.11,45.00,26.93,20.00,33.17,50.00,30.73,45.00,35.00
2567,บ้านแม่ตะมาน,แม่แตง,เล็ก,นอกเมือง,สำนักงานคณะกรรมการการศึกษาขั้นพื้นฐาน,สพป.เชียงใหม่ เขต 2,12,66.67,47.14,45.83,19.98,75.00,43.30,59.38,23.45,47.22,31.79,45.83,47.69,25.00,32.27,47.22,21.34,58.33,27.64
2567,บ้านแม่แมม,แม่แตง,เล็ก,นอกเมือง,สำนักงานคณะกรรมการการศึกษาขั้นพื้นฐาน,สพป.เชียงใหม่ เขต 2,4,75.00,43.30,31.25,20.73,75.00,43.30,37.50,15.31,16.67,16.67,50.00,35.36,25.00,25.00,41.67,14.43,75.00,25.00
2567,บ้านแม่เลา,แม่แตง,เล็ก,นอกเมือง,สำนักงานคณะกรรมการการศึกษาขั้นพื้นฐาน,สพป.เชียงใหม่ เขต 2,3,0.00,0.00,50.00,40.82,33.33,47.14,45.83,41.25,22.22,31.43,66.67,23.57,16.67,23.57,55.56,15.71,33.33,23.57
2567,บ้านแม่แสะ,แม่แตง,เล็ก,นอกเมือง,สำนักงานคณะกรรมการการศึกษาขั้นพื้นฐาน,สพป.เชียงใหม่ เขต 2,7,42.86,49.49,14.29,22.59,28.57,45.18,23.21,19.40,19.05,24.28,28.57,24.74,21.43,24.74,28.57,21.30,21.43,24.74
2567,ป่าจี้วังแดงวิทยา,แม่แตง,เล็ก,นอกเมือง,สำนักงานคณะกรรมการการศึกษาขั้นพื้นฐาน,สพป.เชียงใหม่ เขต 2,23,34.78,47.63,32.61,27.02,47.83,49.95,34.24,25.06,24.64,22.45,36.96,30.28,13.04,21.96,46.38,25.52,54.35,29.17
2567,ป่าแป๋วิทยา,แม่แตง,เล็ก,นอกเมือง,สำนักงานคณะกรรมการการศึกษาขั้นพื้นฐาน,สพป.เชียงใหม่ เขต 2,18,94.44,22.91,51.39,26.97,72.22,44.79,44.44,28.02,42.59,31.04,55.56,28.33,19.44,29.53,57.41,14.93,72.22,29.92
2567,ภูดินวิทยา,แม่แตง,เล็ก,นอกเมือง,สำนักงานคณะกรรมการการศึกษาขั้นพื้นฐาน,สพป.เชียงใหม่ เขต 2,2,50.00,50.00,50.00,25.00,100.00,0.00,68.75,18.75,33.33,0.00,25.00,25.00,75.00,25.00,33.33,0.00,50.00,0.00
2567,เมฆขจรเชียงใหม่,แม่แตง,เล็ก,นอกเมือง,สำนักงานคณะกรรมการส่งเสริมการศึกษาเอกชน,-,13,84.62,36.08,34.62,30.28,61.54,48.65,34.62,23.08,41.03,23.22,42.31,33.09,46.15,36.49,61.54,22.06,57.69,26.65
2567,ร่ำเปิงวิทยา,แม่แตง,กลาง,นอกเมือง,สำนักงานคณะกรรมการการศึกษาขั้นพื้นฐาน,สพป.เชียงใหม่ เขต 2,32,28.13,44.96,30.47,29.14,40.63,49.11,34.77,24.55,36.46,26.82,42.19,35.60,18.75,24.21,40.63,26.00,40.63,36.31
2567,วัดท่าข้าม,แม่แตง,เล็ก,นอกเมือง,สำนักงานคณะกรรมการการศึกษาขั้นพื้นฐาน,สพป.เชียงใหม่ เขต 2,10,30.00,45.83,45.00,33.17,50.00,50.00,28.75,20.19,30.00,23.33,25.00,33.54,20.00,24.49,33.33,21.08,70.00,33.17
2567,วัดทุ่งหลวง,แม่แตง,เล็ก,นอกเมือง,สำนักงานคณะกรรมการการศึกษาขั้นพื้นฐาน,สพป.เชียงใหม่ เขต 2,7,71.43,45.18,50.00,35.36,14.29,34.99,50.00,18.90,61.90,21.30,28.57,36.42,42.86,17.50,80.95,24.28,57.14,17.50
2567,วัดนาเม็ง,แม่แตง,เล็ก,นอกเมือง,สำนักงานคณะกรรมการการศึกษาขั้นพื้นฐาน,สพป.เชียงใหม่ เขต 2,5,40.00,48.99,45.00,24.49,60.00,48.99,42.50,10.00,53.33,26.67,50.00,31.62,40.00,37.42,60.00,24.94,70.00,24.49
2567,วัดบ้านเหล่า,แม่แตง,เล็ก,นอกเมือง,สำนักงานคณะกรรมการการศึกษาขั้นพื้นฐาน,สพป.เชียงใหม่ เขต 2,12,83.33,37.27,37.50,34.61,50.00,50.00,31.25,15.73,27.78,29.92,33.33,31.18,8.33,18.63,44.44,28.33,50.00,35.36
2567,วัดปางมะกล้วย,แม่แตง,เล็ก,นอกเมือง,สำนักงานคณะกรรมการการศึกษาขั้นพื้นฐาน,สพป.เชียงใหม่ เขต 2,7,71.43,45.18,35.71,18.21,71.43,45.18,39.29,21.58,23.81,23.33,35.71,22.59,21.43,36.42,42.86,23.33,35.71,44.03
2567,วัดแม่กะ,แม่แตง,เล็ก,นอกเมือง,สำนักงานคณะกรรมการการศึกษาขั้นพื้นฐาน,สพป.เชียงใหม่ เขต 2,20,80.00,40.00,38.75,25.59,60.00,48.99,42.50,20.31,41.67,27.64,37.50,31.12,27.50,29.47,50.00,22.36,62.50,21.65
2567,วัดหนองออน,แม่แตง,เล็ก,นอกเมือง,สำนักงานคณะกรรมการการศึกษาขั้นพื้นฐาน,สพป.เชียงใหม่ เขต 2,8,87.50,33.07,40.63,24.80,62.50,48.41,37.50,21.65,33.33,23.57,43.75,39.03,31.25,24.21,58.33,14.43,75.00,35.36
2567,วัดห้วยไร่,แม่แตง,เล็ก,นอกเมือง,สำนักงานคณะกรรมการการศึกษาขั้นพื้นฐาน,สพป.เชียงใหม่ เขต 2,16,81.25,39.03,42.19,33.91,18.75,39.03,45.31,22.91,41.67,34.36,68.75,29.97,40.63,26.33,75.00,25.00,62.50,27.95
2567,สบเปิงวิทยา,แม่แตง,กลาง,นอกเมือง,สำนักงานคณะกรรมการการศึกษาขั้นพื้นฐาน,สพป.เชียงใหม่ เขต 2,21,90.48,29.35,59.52,29.35,52.38,49.94,52.38,30.77,36.51,25.00,42.86,27.97,30.95,32.65,41.27,27.03,64.29,34.99
2567,สันป่ายางวิทยาคาร,แม่แตง,เล็ก,นอกเมือง,สำนักงานคณะกรรมการการศึกษาขั้นพื้นฐาน,สพป.เชียงใหม่ เขต 2,12,75.00,43.30,41.67,25.69,25.00,43.30,18.75,13.98,22.22,20.79,37.50,36.08,8.33,18.63,47.22,25.31,29.17,24.65
2567,สันป่าสักวิทยา,แม่แตง,กลาง,นอกเมือง,สำนักงานคณะกรรมการการศึกษาขั้นพื้นฐาน,สพป.เชียงใหม่ เขต 2,84,50.00,50.00,35.71,22.59,50.00,50.00,40.48,24.60,37.30,29.28,39.29,36.25,30.95,36.11,55.95,28.25,64.29,34.13
2567,สันมหาพนวิทยา,แม่แตง,เล็ก,นอกเมือง,สำนักงานคณะกรรมการการศึกษาขั้นพื้นฐาน,สพป.เชียงใหม่ เขต 2,22,54.55,49.79,25.00,23.84,50.00,50.00,36.93,20.46,25.76,28.31,47.73,38.37,18.18,32.14,42.42,24.99,50.00,33.71
2567,อนุบาลสานสายใยรักเทศบาลเมืองเมืองแกนพัฒนา,แม่แตง,กลาง,นอกเมือง,กรมส่งเสริมการปกครองท้องถิ่น,ท้องถิ่นจังหวัดเชียงใหม่,22,72.73,44.54,38.64,31.74,27.27,44.54,45.45,27.32,27.27,31.20,34.09,34.99,20.45,24.58,40.91,31.67,47.73,35.28
2567,เจ้าพ่อหลวงอุปถัมภ์ 7,แม่ริม,เล็ก,นอกเมือง,สำนักงานคณะกรรมการการศึกษาขั้นพื้นฐาน,สพป.เชียงใหม่ เขต 2,2,50.00,50.00,62.50,37.50,50.00,50.00,43.75,31.25,33.33,33.33,50.00,0.00,75.00,25.00,83.33,16.67,25.00,25.00
2567,เจ้าแม่หลวงอุปถัมภ์ 2,แม่ริม,เล็ก,นอกเมือง,สำนักงานคณะกรรมการการศึกษาขั้นพื้นฐาน,สพป.เชียงใหม่ เขต 2,25,56.00,49.64,36.00,25.57,60.00,48.99,36.50,22.62,36.00,28.16,28.00,31.87,14.00,26.53,56.00,32.28,58.00,27.13
2567,ดอนแก้วเนรมิตปัญญา,แม่ริม,กลาง,นอกเมือง,กรมส่งเสริมการปกครองท้องถิ่น,ท้องถิ่นจังหวัดเชียงใหม่,70,75.71,42.88,39.64,27.55,40.00,48.99,40.54,20.86,33.33,29.81,52.14,36.29,22.86,26.30,55.24,30.28,57.86,31.21
2567,ธีระวัธน์บำเพ็ญ,แม่ริม,กลาง,นอกเมือง,สำนักงานคณะกรรมการส่งเสริมการศึกษาเอกชน,-,78,73.08,44.36,41.67,30.14,46.15,49.85,47.12,24.43,43.59,28.90,46.15,30.77,33.33,36.40,55.13,32.83,58.33,31.44
2567,บ้านกองแหะ,แม่ริม,เล็ก,นอกเมือง,สำนักงานคณะกรรมการการศึกษาขั้นพื้นฐาน,สพป.เชียงใหม่ เขต 2,13,61.54,48.65,48.08,22.92,46.15,49.85,41.35,22.14,30.77,33.23,34.62,23.08,23.08,31.72,53.85,30.77,53.85,30.77
2567,บ้านกาดฮาว,แม่ริม,เล็ก,นอกเมือง,สำนักงานคณะกรรมการการศึกษาขั้นพื้นฐาน,สพป.เชียงใหม่ เขต 2,18,72.22,44.79,33.33,32.27,55.56,49.69,43.06,22.52,25.93,23.72,27.78,29.92,11.11,20.79,50.00,33.79,55.56,36.85
2567,บ้านคุณหมอ,แม่ริม,กลาง,นอกเมือง,สำนักงานคณะกรรมการส่งเสริมการศึกษาเอกชน,-,40,77.50,41.76,40.00,26.69,52.50,49.94,40.94,23.22,30.00,23.33,55.00,38.41,30.00,35.00,53.33,20.82,63.75,35.33
2567,บ้านดอนแก้ว,แม่ริม,กลาง,นอกเมือง,กรมส่งเสริมการปกครองท้องถิ่น,ท้องถิ่นจังหวัดเชียงใหม่,21,66.67,47.14,33.33,30.21,28.57,45.18,48.21,29.20,23.81,23.33,33.33,28.17,16.67,23.57,49.21,24.38,54.76,30.49
2567,บ้านต้นผึ้ง,แม่ริม,เล็ก,นอกเมือง,สำนักงานคณะกรรมการการศึกษาขั้นพื้นฐาน,สพป.เชียงใหม่ เขต 2,8,87.50,33.07,43.75,27.24,75.00,43.30,56.25,26.52,45.83,28.57,56.25,39.03,43.75,39.03,45.83,33.07,62.50,21.65
2567,บ้านทุ่งโป่ง,แม่ริม,กลาง,นอกเมือง,สำนักงานคณะกรรมการการศึกษาขั้นพื้นฐาน,สพป.เชียงใหม่ เขต 2,19,78.95,40.77,48.68,28.65,63.16,48.24,30.92,19.18,35.09,29.57,65.79,36.46,18.42,24.12,47.37,24.93,39.47,38.32
2567,บ้านน้ำริน,แม่ริม,เล็ก,นอกเมือง,สำนักงานคณะกรรมการการศึกษาขั้นพื้นฐาน,สพป.เชียงใหม่ เขต 2,6,33.33,47.14,50.00,38.19,50.00,50.00,45.83,25.69,27.78,12.42,33.33,23.57,33.33,37.27,61.11,29.92,33.33,23.57
2567,บ้านบวกจั่น,แม่ริม,เล็ก,นอกเมือง,สำนักงานคณะกรรมการการศึกษาขั้นพื้นฐาน,สพป.เชียงใหม่ เขต 2,13,69.23,46.15,50.00,24.02,46.15,49.85,27.88,22.01,28.21,22.06,34.62,30.28,26.92,31.72,35.90,24.33,50.00,19.61
2567,บ้านปางไฮ,แม่ริม,กลาง,นอกเมือง,สำนักงานคณะกรรมการการศึกษาขั้นพื้นฐาน,สพป.เชียงใหม่ เขต 2,13,84.62,36.08,42.31,28.39,53.85,49.85,46.15,26.58,30.77,30.55,34.62,36.08,3.85,13.32,53.85,24.59,46.15,23.71
2567,บ้านป่าติ้ว,แม่ริม,เล็ก,นอกเมือง,สำนักงานคณะกรรมการการศึกษาขั้นพื้นฐาน,สพป.เชียงใหม่ เขต 2,26,80.77,39.41,36.54,29.61,53.85,49.85,33.17,19.59,25.64,28.21,28.85,31.54,15.38,26.92,44.87,33.26,59.62,27.80
2567,บ้านโป่งแยงนอก,แม่ริม,เล็ก,นอกเมือง,สำนักงานคณะกรรมการการศึกษาขั้นพื้นฐาน,สพป.เชียงใหม่ เขต 2,17,58.82,49.22,35.29,25.81,23.53,42.42,46.32,26.00,39.22,23.53,38.24,27.28,20.59,29.99,58.82,24.33,61.76,27.28
2567,บ้านโป่งแยงใน,แม่ริม,เล็ก,นอกเมือง,สำนักงานคณะกรรมการการศึกษาขั้นพื้นฐาน,สพป.เชียงใหม่ เขต 2,18,66.67,47.14,41.67,28.87,50.00,50.00,49.31,26.83,37.04,29.16,38.89,31.43,22.22,24.85,55.56,33.33,47.22,31.06
2567,บ้านพระนอน,แม่ริม,เล็ก,นอกเมือง,สำนักงานคณะกรรมการการศึกษาขั้นพื้นฐาน,สพป.เชียงใหม่ เขต 2,21,76.19,42.59,32.14,22.02,57.14,49.49,35.71,21.58,36.51,30.70,33.33,28.17,14.29,22.59,44.44,27.86,47.62,28.77
2567,บ้านเมืองก๊ะ,แม่ริม,เล็ก,นอกเมือง,สำนักงานคณะกรรมการการศึกษาขั้นพื้นฐาน,สพป.เชียงใหม่ เขต 2,4,50.00,50.00,56.25,27.24,100.00,0.00,53.13,22.32,41.67,27.64,87.50,21.65,37.50,41.46,58.33,36.32,50.00,35.36
2567,บ้านแม่สา,แม่ริม,กลาง,นอกเมือง,สำนักงานคณะกรรมการการศึกษาขั้นพื้นฐาน,สพป.เชียงใหม่ เขต 2,21,66.67,47.14,40.48,29.35,57.14,49.49,55.36,29.52,36.51,27.03,52.38,42.19,42.86,38.69,52.38,21.99,61.90,30.49
2567,บ้านริมใต้,แม่ริม,กลาง,นอกเมือง,สำนักงานคณะกรรมการการศึกษาขั้นพื้นฐาน,สพป.เชียงใหม่ เขต 2,146,75.34,43.10,38.53,29.57,49.32,50.00,43.24,20.54,37.21,30.35,43.49,33.75,23.97,28.80,59.82,29.17,56.51,31.66
2567,บ้านศาลา,แม่ริม,กลาง,นอกเมือง,กรมส่งเสริมการปกครองท้องถิ่น,ท้องถิ่นจังหวัดเชียงใหม่,62,72.58,44.61,33.87,28.78,38.71,48.71,36.69,22.66,25.81,26.38,46.77,30.94,20.16,27.62,38.17,27.33,56.45,32.98
2567,บ้านสะลวงนอก,แม่ริม,เล็ก,นอกเมือง,สำนักงานคณะกรรมการการศึกษาขั้นพื้นฐาน,สพป.เชียงใหม่ เขต 2,9,66.67,47.14,36.11,29.13,66.67,47.14,51.39,20.79,29.63,33.13,66.67,23.57,22.22,24.85,44.44,27.22,61.11,31.43
2567,บ้านสันคะยอม,แม่ริม,เล็ก,นอกเมือง,สำนักงานคณะกรรมการการศึกษาขั้นพื้นฐาน,สพป.เชียงใหม่ เขต 2,13,69.23,46.15,46.15,23.71,38.46,48.65,41.35,20.44,46.15,38.20,57.69,38.46,34.62,36.08,51.28,28.09,46.15,30.77
2567,บ้านหนองปลามัน,แม่ริม,เล็ก,นอกเมือง,สำนักงานคณะกรรมการการศึกษาขั้นพื้นฐาน,สพป.เชียงใหม่ เขต 2,20,30.00,45.83,46.25,30.90,35.00,47.70,28.13,17.62,26.67,22.61,47.50,37.00,15.00,27.84,43.33,28.09,55.00,38.41
2567,มูลนิธิมหาราช 5,แม่ริม,เล็ก,นอกเมือง,สำนักงานคณะกรรมการการศึกษาขั้นพื้นฐาน,สพป.เชียงใหม่ เขต 2,19,42.11,49.37,34.21,27.16,31.58,46.48,37.50,27.21,36.84,23.93,52.63,34.31,31.58,33.29,40.35,29.77,60.53,30.69
2567,ราชประชานุเคราะห์ 60 จังหวัดเชียงใหม่,แม่ริม,กลาง,นอกเมือง,สำนักบริหารงานการศึกษาพิเศษ,-,28,82.14,38.30,36.61,33.06,42.86,49.49,34.38,20.49,29.76,20.59,32.14,35.89,8.93,19.15,46.43,25.73,48.21,34.02
2567,วัดทรายมูล,แม่ริม,เล็ก,นอกเมือง,สำนักงานคณะกรรมการการศึกษาขั้นพื้นฐาน,สพป.เชียงใหม่ เขต 2,21,80.95,39.27,58.33,30.21,33.33,47.14,46.43,26.77,44.44,36.13,35.71,38.24,45.24,37.50,57.14,35.85,59.52,29.35
2567,บ้านกาด(เขมวังส์ฯ),แม่วาง,กลาง,นอกเมือง,สำนักงานคณะกรรมการการศึกษาขั้นพื้นฐาน,สพป.เชียงใหม่ เขต 4,41,48.78,49.99,34.76,29.15,39.02,48.78,34.45,22.90,27.64,26.44,28.05,31.33,24.39,27.32,46.34,32.82,50.00,31.23
2567,บ้านทุ่งหลวง,แม่วาง,เล็ก,นอกเมือง,สำนักงานคณะกรรมการการศึกษาขั้นพื้นฐาน,สพป.เชียงใหม่ เขต 4,11,54.55,49.79,45.45,38.17,27.27,44.54,25.00,28.70,24.24,28.75,22.73,32.78,27.27,24.90,33.33,20.10,36.36,43.12
2567,บ้านพันตน,แม่วาง,เล็ก,นอกเมือง,สำนักงานคณะกรรมการการศึกษาขั้นพื้นฐาน,สพป.เชียงใหม่ เขต 4,7,100.00,0.00,32.14,22.02,14.29,34.99,32.14,19.88,14.29,24.28,42.86,31.94,35.71,34.99,57.14,34.34,64.29,44.03
2567,บ้านหนองเต่า,แม่วาง,เล็ก,นอกเมือง,สำนักงานคณะกรรมการการศึกษาขั้นพื้นฐาน,สพป.เชียงใหม่ เขต 4,10,50.00,50.00,27.50,20.77,40.00,48.99,23.75,17.18,23.33,30.00,35.00,32.02,25.00,33.54,46.67,16.33,25.00,25.00
2567,บ้านห้วยข้าวลีบ,แม่วาง,เล็ก,นอกเมือง,สำนักงานคณะกรรมการการศึกษาขั้นพื้นฐาน,สพป.เชียงใหม่ เขต 4,10,60.00,48.99,22.50,30.52,20.00,40.00,16.25,14.84,33.33,39.44,40.00,30.00,20.00,24.49,36.67,31.45,45.00,15.00
2567,บ้านห้วยตอง,แม่วาง,กลาง,นอกเมือง,สำนักงานคณะกรรมการการศึกษาขั้นพื้นฐาน,สพป.เชียงใหม่ เขต 4,17,70.59,45.56,36.76,29.85,17.65,38.12,34.56,24.45,9.80,15.19,52.94,31.95,14.71,28.52,41.18,26.88,29.41,34.55
2567,บ้านเหล่าป่าฝาง,แม่วาง,เล็ก,นอกเมือง,สำนักงานคณะกรรมการการศึกษาขั้นพื้นฐาน,สพป.เชียงใหม่ เขต 4,8,50.00,50.00,25.00,21.65,50.00,50.00,26.56,17.04,33.33,28.87,31.25,34.80,18.75,24.21,33.33,23.57,43.75,29.97
2567,บ้านใหม่สวรรค์,แม่วาง,เล็ก,นอกเมือง,สำนักงานคณะกรรมการการศึกษาขั้นพื้นฐาน,สพป.เชียงใหม่ เขต 4,13,84.62,36.08,51.92,20.71,53.85,49.85,28.85,16.54,41.03,26.65,30.77,24.33,42.31,38.46,58.97,29.68,61.54,28.78
2567,พัฒนาต้นน้ำที่ 5 ขุนวาง,แม่วาง,เล็ก,นอกเมือง,สำนักงานคณะกรรมการการศึกษาขั้นพื้นฐาน,สพป.เชียงใหม่ เขต 4,12,75.00,43.30,50.00,28.87,25.00,43.30,43.75,32.07,27.78,22.91,54.17,37.96,33.33,31.18,52.78,28.73,62.50,21.65
2567,แม่วินสามัคคี,แม่วาง,กลาง,นอกเมือง,สำนักงานคณะกรรมการการศึกษาขั้นพื้นฐาน,สพป.เชียงใหม่ เขต 4,20,60.00,48.99,33.75,32.86,45.00,49.75,37.50,18.54,30.00,27.69,47.50,33.45,17.50,28.61,46.67,35.59,40.00,33.91
2567,วัดดอนเปา,แม่วาง,เล็ก,นอกเมือง,กรมส่งเสริมการปกครองท้องถิ่น,ท้องถิ่นจังหวัดเชียงใหม่,12,50.00,50.00,60.42,37.44,50.00,50.00,48.96,24.72,44.44,28.33,37.50,29.76,37.50,21.65,63.89,31.79,54.17,24.65
2567,วัดทุ่งศาลา,แม่วาง,เล็ก,นอกเมือง,สำนักงานคณะกรรมการการศึกษาขั้นพื้นฐาน,สพป.เชียงใหม่ เขต 4,3,66.67,47.14,66.67,23.57,66.67,47.14,41.67,25.69,44.44,15.71,50.00,40.82,16.67,23.57,33.33,27.22,83.33,23.57
2567,วัดมะกับตองหลวง,แม่วาง,เล็ก,นอกเมือง,สำนักงานคณะกรรมการการศึกษาขั้นพื้นฐาน,สพป.เชียงใหม่ เขต 4,4,50.00,50.00,18.75,20.73,50.00,50.00,56.25,18.75,8.33,14.43,50.00,0.00,25.00,43.30,16.67,16.67,50.00,35.36
2567,วัดศิริชัยนิมิตร,แม่วาง,เล็ก,นอกเมือง,สำนักงานคณะกรรมการการศึกษาขั้นพื้นฐาน,สพป.เชียงใหม่ เขต 4,9,88.89,31.43,25.00,16.67,44.44,49.69,37.50,16.67,44.44,31.43,55.56,28.33,33.33,33.33,59.26,34.35,88.89,20.79
2567,วัดห้วยแก้ว,แม่วาง,เล็ก,นอกเมือง,สำนักงานคณะกรรมการการศึกษาขั้นพื้นฐาน,สพป.เชียงใหม่ เขต 4,5,100.00,0.00,35.00,30.00,60.00,48.99,37.50,15.81,33.33,29.81,30.00,24.49,20.00,24.49,60.00,24.94,50.00,31.62
2567,สโมสรไลออนรัตนโกสินทร์,แม่วาง,เล็ก,นอกเมือง,สำนักงานคณะกรรมการการศึกษาขั้นพื้นฐาน,สพป.เชียงใหม่ เขต 4,7,71.43,45.18,28.57,24.74,71.43,45.18,37.50,25.00,28.57,27.77,28.57,24.74,14.29,22.59,47.62,24.28,42.86,17.50
2567,สารสาสน์วิเทศอุปถัมภ์,แม่วาง,กลาง,นอกเมือง,สำนักงานคณะกรรมการส่งเสริมการศึกษาเอกชน,-,28,96.43,18.56,39.29,28.68,53.57,49.87,36.16,20.95,32.14,24.37,39.29,27.89,16.07,23.35,47.62,27.36,51.79,36.55
2567,หลวงพัฒนาบ้านขุนวาง,แม่วาง,กลาง,นอกเมือง,สำนักงานคณะกรรมการการศึกษาขั้นพื้นฐาน,สพป.เชียงใหม่ เขต 4,26,65.38,47.57,37.50,30.42,50.00,50.00,48.56,20.31,41.03,24.99,40.38,31.07,30.77,31.25,67.95,25.29,53.85,33.75
2567,ทาเหนือวิทยา,แม่ออน,เล็ก,นอกเมือง,สำนักงานคณะกรรมการการศึกษาขั้นพื้นฐาน,สพป.เชียงใหม่ เขต 1,16,75.00,43.30,31.25,29.97,50.00,50.00,20.31,17.04,31.25,27.56,28.13,24.80,25.00,30.62,39.58,31.66,31.25,34.80
2567,บ้านออนกลาง,แม่ออน,เล็ก,นอกเมือง,สำนักงานคณะกรรมการการศึกษาขั้นพื้นฐาน,สพป.เชียงใหม่ เขต 1,8,62.50,48.41,53.13,23.18,0.00,0.00,28.13,10.36,33.33,33.33,50.00,25.00,25.00,35.36,29.17,19.98,50.00,35.36
2567,บ้านออนหลวย,แม่ออน,เล็ก,นอกเมือง,สำนักงานคณะกรรมการการศึกษาขั้นพื้นฐาน,สพป.เชียงใหม่ เขต 1,2,50.00,50.00,50.00,0.00,50.00,50.00,12.50,12.50,16.67,16.67,50.00,0.00,0.00,0.00,50.00,16.67,25.00,25.00
2567,แม่ตะไคร้,แม่ออน,เล็ก,นอกเมือง,สำนักงานคณะกรรมการการศึกษาขั้นพื้นฐาน,สพป.เชียงใหม่ เขต 1,5,80.00,40.00,25.00,22.36,80.00,40.00,52.50,20.00,13.33,16.33,60.00,20.00,10.00,20.00,73.33,24.94,80.00,24.49
2567,วัดดอนชัย,แม่ออน,เล็ก,นอกเมือง,สำนักงานคณะกรรมการการศึกษาขั้นพื้นฐาน,สพป.เชียงใหม่ เขต 1,10,80.00,40.00,32.50,19.53,50.00,50.00,50.00,22.36,33.33,25.82,45.00,35.00,20.00,24.49,50.00,30.73,55.00,26.93
2567,วัดเปาสามขา,แม่ออน,เล็ก,นอกเมือง,สำนักงานคณะกรรมการการศึกษาขั้นพื้นฐาน,สพป.เชียงใหม่ เขต 1,20,80.00,40.00,36.25,30.08,80.00,40.00,43.13,26.06,33.33,29.81,42.50,23.85,17.50,28.61,46.67,26.67,57.50,28.61
2567,วัดห้วยแก้ว,แม่ออน,เล็ก,นอกเมือง,สำนักงานคณะกรรมการการศึกษาขั้นพื้นฐาน,สพป.เชียงใหม่ เขต 1,19,42.11,49.37,52.63,29.13,57.89,49.37,51.97,19.14,45.61,32.82,36.84,31.80,31.58,37.03,57.89,32.16,52.63,30.23
2567,วัดห้วยทราย,แม่ออน,เล็ก,นอกเมือง,สำนักงานคณะกรรมการการศึกษาขั้นพื้นฐาน,สพป.เชียงใหม่ เขต 1,23,47.83,49.95,31.52,26.80,43.48,49.57,28.26,21.24,21.74,27.11,28.26,32.39,26.09,24.98,43.48,30.19,43.48,30.59
2567,หมู่บ้านสหกรณ์ 2,แม่ออน,เล็ก,นอกเมือง,สำนักงานคณะกรรมการการศึกษาขั้นพื้นฐาน,สพป.เชียงใหม่ เขต 1,26,61.54,48.65,29.81,23.02,42.31,49.40,34.13,23.66,33.33,20.67,36.54,35.51,15.38,26.92,48.72,28.09,48.08,32.47
2567,กมล -เรียม สุโกศล (บ้านผาใต้),แม่อาย,เล็ก,นอกเมือง,สำนักงานคณะกรรมการการศึกษาขั้นพื้นฐาน,สพป.เชียงใหม่ เขต 3,13,69.23,46.15,55.77,24.33,23.08,42.13,36.54,21.63,38.46,28.78,38.46,28.78,11.54,21.07,48.72,24.86,53.85,36.49
2567,เจ้าพ่อหลวงอุปถัมภ์ 9,แม่อาย,กลาง,นอกเมือง,สำนักงานคณะกรรมการการศึกษาขั้นพื้นฐาน,สพป.เชียงใหม่ เขต 3,39,53.85,49.85,42.31,29.50,43.59,49.59,41.99,29.89,34.19,29.71,41.03,31.77,23.08,29.63,49.57,29.11,51.28,34.88
2567,ชุมชนบ้านคาย,แม่อาย,กลาง,นอกเมือง,สำนักงานคณะกรรมการการศึกษาขั้นพื้นฐาน,สพป.เชียงใหม่ เขต 3,16,100.00,0.00,40.63,30.46,50.00,50.00,29.69,19.20,43.75,30.55,34.38,38.40,25.00,30.62,56.25,25.60,65.63,29.15
2567,ชุมชนบ้านแม่ฮ่าง,แม่อาย,กลาง,นอกเมือง,สำนักงานคณะกรรมการการศึกษาขั้นพื้นฐาน,สพป.เชียงใหม่ เขต 3,46,84.78,35.92,44.02,31.79,60.87,48.80,36.96,24.58,43.48,31.75,55.43,33.34,22.83,30.76,51.45,30.85,55.43,31.67
2567,โชติคุณเกษมบ้านเมืองงาม,แม่อาย,กลาง,นอกเมือง,สำนักงานคณะกรรมการการศึกษาขั้นพื้นฐาน,สพป.เชียงใหม่ เขต 3,40,65.00,47.70,39.38,30.56,55.00,49.75,33.44,21.54,31.67,30.69,46.25,36.03,22.50,33.45,45.83,31.35,42.50,28.61
2567,ต.ช.ด. ไลออนส์มหาจักร 8,แม่อาย,เล็ก,นอกเมือง,สำนักงานคณะกรรมการการศึกษาขั้นพื้นฐาน,สพป.เชียงใหม่ เขต 3,13,53.85,49.85,42.31,31.60,53.85,49.85,41.35,23.20,20.51,20.83,26.92,24.93,19.23,24.33,51.28,33.63,61.54,34.83
2567,ต.ช.ด.ศึกษานารีอนุสรณ์ 3,แม่อาย,เล็ก,นอกเมือง,สำนักงานคณะกรรมการการศึกษาขั้นพื้นฐาน,สพป.เชียงใหม่ เขต 3,11,72.73,44.54,56.82,30.32,18.18,38.57,29.55,21.50,27.27,19.17,36.36,37.48,0.00,0.00,48.48,26.07,54.55,39.63
2567,ทุติยะโพธิ์อนุสรณ์,แม่อาย,เล็ก,นอกเมือง,กองบัญชาการตำรวจตระเวนชายแดน,-,10,10.00,30.00,30.00,33.17,20.00,40.00,30.00,23.18,13.33,16.33,30.00,24.49,40.00,37.42,26.67,24.94,50.00,31.62
2567,ไทยทนุบ้านสันต้นดู่,แม่อาย,เล็ก,นอกเมือง,สำนักงานคณะกรรมการการศึกษาขั้นพื้นฐาน,สพป.เชียงใหม่ เขต 3,13,84.62,36.08,30.77,17.41,53.85,49.85,44.23,33.47,38.46,31.61,34.62,41.07,15.38,23.08,35.90,27.62,53.85,30.77
2567,ไทยรัฐวิทยา 12 (บ้านเอก),แม่อาย,กลาง,นอกเมือง,สำนักงานคณะกรรมการการศึกษาขั้นพื้นฐาน,สพป.เชียงใหม่ เขต 3,18,77.78,41.57,37.50,26.68,44.44,49.69,50.69,25.16,46.30,27.53,58.33,38.19,50.00,40.82,75.93,24.36,63.89,27.92
2567,บ้านดง,แม่อาย,กลาง,นอกเมือง,สำนักงานคณะกรรมการการศึกษาขั้นพื้นฐาน,สพป.เชียงใหม่ เขต 3,14,71.43,45.18,48.21,33.36,42.86,49.49,39.29,16.94,33.33,28.17,39.29,33.69,21.43,31.13,42.86,36.58,42.86,31.94
2567,บ้านดอนชัย,แม่อาย,เล็ก,นอกเมือง,สำนักงานคณะกรรมการการศึกษาขั้นพื้นฐาน,สพป.เชียงใหม่ เขต 3,8,87.50,33.07,43.75,20.73,50.00,50.00,37.50,22.53,29.17,26.02,31.25,34.80,25.00,35.36,50.00,33.33,50.00,35.36
2567,บ้านท่ามะแกง,แม่อาย,เล็ก,นอกเมือง,สำนักงานคณะกรรมการการศึกษาขั้นพื้นฐาน,สพป.เชียงใหม่ เขต 3,16,62.50,48.41,29.69,15.86,50.00,50.00,38.28,31.08,29.17,26.02,50.00,35.36,9.38,19.52,64.58,29.97,62.50,21.65
2567,บ้านป่าก๊อ,แม่อาย,กลาง,นอกเมือง,สำนักงานคณะกรรมการการศึกษาขั้นพื้นฐาน,สพป.เชียงใหม่ เขต 3,23,13.04,33.68,44.57,35.32,30.43,46.01,30.43,17.99,23.19,22.92,52.17,31.20,15.22,23.01,47.83,27.50,43.48,37.02
2567,บ้านปางต้นเดื่อ,แม่อาย,กลาง,นอกเมือง,สำนักงานคณะกรรมการการศึกษาขั้นพื้นฐาน,สพป.เชียงใหม่ เขต 3,21,71.43,45.18,35.71,25.08,57.14,49.49,29.17,19.80,15.87,22.11,28.57,24.74,26.19,33.16,42.86,29.35,50.00,30.86
2567,บ้านป่าแดง,แม่อาย,กลาง,นอกเมือง,สำนักงานคณะกรรมการการศึกษาขั้นพื้นฐาน,สพป.เชียงใหม่ เขต 3,20,5.00,21.79,37.50,25.62,25.00,43.30,21.88,16.24,26.67,17.00,22.50,29.47,20.00,29.15,35.00,26.82,35.00,35.71
2567,บ้านโป่งไฮ,แม่อาย,เล็ก,นอกเมือง,สำนักงานคณะกรรมการการศึกษาขั้นพื้นฐาน,สพป.เชียงใหม่ เขต 3,11,36.36,48.10,50.00,35.36,36.36,48.10,21.59,13.15,15.15,16.60,54.55,33.40,4.55,14.37,24.24,20.55,27.27,32.78
2567,บ้านแม่สาว,แม่อาย,กลาง,นอกเมือง,สำนักงานคณะกรรมการการศึกษาขั้นพื้นฐาน,สพป.เชียงใหม่ เขต 3,56,66.07,47.35,42.41,28.71,55.36,49.71,37.95,23.26,39.29,28.25,49.11,34.71,40.18,30.50,57.14,30.68,51.79,32.68
2567,บ้านโละ,แม่อาย,เล็ก,นอกเมือง,สำนักงานคณะกรรมการการศึกษาขั้นพื้นฐาน,สพป.เชียงใหม่ เขต 3,7,42.86,49.49,25.00,23.15,57.14,49.49,44.64,23.01,71.43,21.30,42.86,41.65,28.57,24.74,57.14,23.33,50.00,37.80
2567,บ้านสันต้นหมื้อ,แม่อาย,กลาง,นอกเมือง,สำนักงานคณะกรรมการการศึกษาขั้นพื้นฐาน,สพป.เชียงใหม่ เขต 3,31,38.71,48.71,33.87,26.60,41.94,49.35,28.23,22.22,31.18,23.85,43.55,30.43,24.19,28.03,31.18,26.69,41.94,33.83
2567,บ้านสันปอธง,แม่อาย,เล็ก,นอกเมือง,สำนักงานคณะกรรมการการศึกษาขั้นพื้นฐาน,สพป.เชียงใหม่ เขต 3,14,35.71,47.92,28.57,31.13,42.86,49.49,43.75,19.34,11.90,20.34,35.71,34.99,21.43,24.74,35.71,19.78,28.57,36.42
2567,บ้านสันป่าข่า,แม่อาย,เล็ก,นอกเมือง,สำนักงานคณะกรรมการการศึกษาขั้นพื้นฐาน,สพป.เชียงใหม่ เขต 3,16,68.75,46.35,45.31,36.68,43.75,49.61,22.66,18.86,25.00,25.00,37.50,33.07,12.50,21.65,39.58,29.39,46.88,32.92
2567,บ้านสันป่าเหียว,แม่อาย,เล็ก,นอกเมือง,สำนักงานคณะกรรมการการศึกษาขั้นพื้นฐาน,สพป.เชียงใหม่ เขต 3,5,40.00,48.99,45.00,24.49,40.00,48.99,47.50,12.25,46.67,16.33,10.00,20.00,20.00,24.49,40.00,32.66,40.00,20.00
2567,บ้านสุขฤทัย,แม่อาย,กลาง,นอกเมือง,สำนักงานคณะกรรมการการศึกษาขั้นพื้นฐาน,สพป.เชียงใหม่ เขต 3,35,40.00,48.99,42.14,25.19,37.14,48.32,31.43,21.62,23.81,24.65,40.00,33.38,20.00,27.26,41.90,27.99,50.00,37.80
2567,บ้านหนองขี้นกยาง,แม่อาย,เล็ก,นอกเมือง,สำนักงานคณะกรรมการการศึกษาขั้นพื้นฐาน,สพป.เชียงใหม่ เขต 3,5,60.00,48.99,30.00,18.71,40.00,48.99,45.00,20.31,46.67,26.67,40.00,48.99,20.00,24.49,53.33,33.99,60.00,20.00
2567,บ้านหลวง,แม่อาย,เล็ก,นอกเมือง,สำนักงานคณะกรรมการการศึกษาขั้นพื้นฐาน,สพป.เชียงใหม่ เขต 3,6,83.33,37.27,62.50,34.61,33.33,47.14,29.17,19.98,16.67,16.67,33.33,23.57,8.33,18.63,33.33,19.25,33.33,23.57
2567,บ้านห้วยคอกหมู,แม่อาย,เล็ก,นอกเมือง,สำนักงานคณะกรรมการการศึกษาขั้นพื้นฐาน,สพป.เชียงใหม่ เขต 3,26,38.46,48.65,41.35,30.18,23.08,42.13,20.67,21.36,30.77,22.50,15.38,26.92,17.31,23.79,26.92,20.71,26.92,34.62
2567,บ้านห้วยป่าซาง,แม่อาย,เล็ก,นอกเมือง,สำนักงานคณะกรรมการการศึกษาขั้นพื้นฐาน,สพป.เชียงใหม่ เขต 3,20,55.00,49.75,46.25,28.80,35.00,47.70,30.63,19.56,40.00,29.06,50.00,38.73,30.00,33.17,36.67,27.69,57.50,28.61
2567,บ้านห้วยปู,แม่อาย,เล็ก,นอกเมือง,สำนักงานคณะกรรมการการศึกษาขั้นพื้นฐาน,สพป.เชียงใหม่ เขต 3,10,80.00,40.00,45.00,24.49,70.00,45.83,58.75,25.03,60.00,20.00,60.00,30.00,35.00,32.02,80.00,22.11,70.00,33.17
2567,บ้านห้วยม่วง,แม่อาย,เล็ก,นอกเมือง,สำนักงานคณะกรรมการการศึกษาขั้นพื้นฐาน,สพป.เชียงใหม่ เขต 3,13,84.62,36.08,32.69,22.75,38.46,48.65,29.81,18.04,23.08,30.34,46.15,41.42,11.54,21.07,51.28,16.62,42.31,33.09
2567,บ้านห้วยศาลา,แม่อาย,เล็ก,นอกเมือง,สำนักงานคณะกรรมการการศึกษาขั้นพื้นฐาน,สพป.เชียงใหม่ เขต 3,20,65.00,47.70,46.25,30.90,50.00,50.00,49.38,27.24,25.00,33.12,55.00,26.93,32.50,32.69,38.33,28.43,45.00,31.22
2567,บ้านฮ่างต่ำ,แม่อาย,เล็ก,นอกเมือง,สำนักงานคณะกรรมการการศึกษาขั้นพื้นฐาน,สพป.เชียงใหม่ เขต 3,13,84.62,36.08,48.08,30.16,53.85,49.85,48.08,21.84,23.08,24.05,42.31,33.09,15.38,23.08,56.41,35.53,50.00,33.97
2567,ประพันธ์ - อารีย์ หงษ์สกุล (บ้านห้วยห,แม่อาย,กลาง,นอกเมือง,สำนักงานคณะกรรมการการศึกษาขั้นพื้นฐาน,สพป.เชียงใหม่ เขต 3,27,37.04,48.29,37.04,24.88,33.33,47.14,26.85,19.46,18.52,24.57,38.89,24.85,18.52,30.88,24.69,23.29,51.85,28.81
2567,เพียงหลวง 1 (บ้านท่าตอน),แม่อาย,กลาง,นอกเมือง,สำนักงานคณะกรรมการการศึกษาขั้นพื้นฐาน,สพป.เชียงใหม่ เขต 3,51,74.51,43.58,44.61,32.20,43.14,49.53,45.10,25.01,41.18,31.37,52.94,28.72,26.47,34.80,55.56,32.78,49.02,32.07
2567,ราชประชานุเคราะห์ 30,แม่อาย,กลาง,นอกเมือง,สำนักบริหารงานการศึกษาพิเศษ,-,39,74.36,43.67,43.59,34.31,41.03,49.19,27.24,23.32,25.64,25.56,32.05,32.99,15.38,25.71,40.17,32.18,48.72,36.67
2567,วัดห้วยน้ำเย็น,แม่อาย,เล็ก,นอกเมือง,สำนักงานคณะกรรมการการศึกษาขั้นพื้นฐาน,สพป.เชียงใหม่ เขต 3,13,23.08,42.13,32.69,26.65,46.15,49.85,26.92,19.52,25.64,26.65,46.15,23.71,23.08,24.93,25.64,29.68,42.31,33.09
2567,ศึกษานารีอนุสรณ์ 1 บ้านแม่เมืองน้อย,แม่อาย,เล็ก,นอกเมือง,สำนักงานคณะกรรมการการศึกษาขั้นพื้นฐาน,สพป.เชียงใหม่ เขต 3,13,69.23,46.15,44.23,24.33,30.77,46.15,38.46,23.75,28.21,25.64,50.00,27.74,50.00,33.97,56.41,27.38,57.69,18.04
2567,ศึกษานารีอนุสรณ์ 2,แม่อาย,กลาง,นอกเมือง,สำนักงานคณะกรรมการการศึกษาขั้นพื้นฐาน,สพป.เชียงใหม่ เขต 3,15,66.67,47.14,26.67,29.53,33.33,47.14,27.50,20.51,24.44,19.12,40.00,37.42,6.67,17.00,40.00,24.94,50.00,31.62
2567,ศูนย์การเรียนตำรวจตระเวนชายแดนบ้านนามะอื้น,แม่อาย,เล็ก,นอกเมือง,กองบัญชาการตำรวจตระเวนชายแดน,-,7,42.86,49.49,28.57,20.82,28.57,45.18,39.29,24.48,19.05,16.50,28.57,24.74,14.29,22.59,23.81,23.33,35.71,22.59
2567,เฮียงไทยธำรงค์,แม่อาย,เล็ก,นอกเมือง,กองบัญชาการตำรวจตระเวนชายแดน,-,13,15.38,36.08,30.77,29.67,46.15,49.85,21.15,11.38,23.08,24.05,42.31,33.09,26.92,31.72,33.33,22.65,30.77,41.78
2567,ตชด.เบญจมะ1,เวียงแหง,เล็ก,นอกเมือง,กองบัญชาการตำรวจตระเวนชายแดน,-,10,10.00,30.00,35.00,30.00,20.00,40.00,25.00,21.65,33.33,25.82,30.00,40.00,20.00,24.49,6.67,13.33,30.00,40.00
2567,บ้านกองลม,เวียงแหง,กลาง,นอกเมือง,สำนักงานคณะกรรมการการศึกษาขั้นพื้นฐาน,สพป.เชียงใหม่ เขต 3,40,40.00,48.99,31.88,32.11,55.00,49.75,43.13,23.87,24.17,21.07,26.25,24.97,31.25,32.95,50.00,29.81,56.25,31.99
2567,บ้านจอง,เวียงแหง,กลาง,นอกเมือง,สำนักงานคณะกรรมการการศึกษาขั้นพื้นฐาน,สพป.เชียงใหม่ เขต 3,18,61.11,48.75,37.50,33.59,61.11,48.75,45.14,24.35,25.93,17.76,30.56,24.37,19.44,24.37,46.30,33.59,66.67,33.33
2567,บ้านนามน,เวียงแหง,เล็ก,นอกเมือง,สำนักงานคณะกรรมการการศึกษาขั้นพื้นฐาน,สพป.เชียงใหม่ เขต 3,22,77.27,41.91,36.36,28.93,50.00,50.00,35.23,21.20,16.67,21.90,34.09,31.57,15.91,27.74,42.42,28.75,43.18,34.69
2567,บ้านปางป๋อ,เวียงแหง,เล็ก,นอกเมือง,สำนักงานคณะกรรมการการศึกษาขั้นพื้นฐาน,สพป.เชียงใหม่ เขต 3,12,83.33,37.27,29.17,22.44,75.00,43.30,53.13,22.89,38.89,22.91,37.50,29.76,37.50,29.76,47.22,34.58,58.33,34.36
2567,บ้านเปียงหลวง,เวียงแหง,กลาง,นอกเมือง,สำนักงานคณะกรรมการการศึกษาขั้นพื้นฐาน,สพป.เชียงใหม่ เขต 3,38,92.11,26.97,39.47,28.46,50.00,50.00,40.79,26.23,33.33,28.61,43.42,30.72,22.37,27.38,57.02,25.26,47.37,36.18
2567,บ้านม่วงป๊อก,เวียงแหง,กลาง,นอกเมือง,สำนักงานคณะกรรมการการศึกษาขั้นพื้นฐาน,สพป.เชียงใหม่ เขต 3,30,80.00,40.00,47.50,23.58,26.67,44.22,46.67,23.92,30.00,24.87,58.33,34.36,31.67,30.23,53.33,29.31,61.67,33.37
2567,บ้านเวียงแหง,เวียงแหง,กลาง,นอกเมือง,สำนักงานคณะกรรมการการศึกษาขั้นพื้นฐาน,สพป.เชียงใหม่ เขต 3,25,52.00,49.96,37.00,30.92,32.00,46.65,39.00,20.41,26.67,23.09,38.00,35.44,32.00,34.29,48.00,25.09,60.00,31.62
2567,บ้านห้วยไคร้,เวียงแหง,กลาง,นอกเมือง,สำนักงานคณะกรรมการการศึกษาขั้นพื้นฐาน,สพป.เชียงใหม่ เขต 3,29,62.07,48.52,45.69,27.91,48.28,49.97,46.12,23.47,42.53,26.11,53.45,26.03,29.31,30.84,55.17,34.21,60.34,35.67
2567,รัฐราษฎร์อุปถัมภ์,เวียงแหง,กลาง,นอกเมือง,สำนักงานคณะกรรมการการศึกษาขั้นพื้นฐาน,สพป.เชียงใหม่ เขต 3,45,80.00,40.00,50.56,30.95,51.11,49.99,34.44,22.07,34.07,27.66,43.33,35.90,20.00,28.67,48.15,30.27,46.67,33.99
2567,ชุมชนบ้านดง,สะเมิง,เล็ก,นอกเมือง,สำนักงานคณะกรรมการการศึกษาขั้นพื้นฐาน,สพป.เชียงใหม่ เขต 2,22,45.45,49.79,30.68,28.14,59.09,49.17,42.61,30.07,28.79,23.13,40.91,41.66,25.00,32.86,48.48,29.69,36.36,30.83
2567,ชุมชนบ้านแม่สาบ,สะเมิง,เล็ก,นอกเมือง,สำนักงานคณะกรรมการการศึกษาขั้นพื้นฐาน,สพป.เชียงใหม่ เขต 2,8,87.50,33.07,40.63,32.92,62.50,48.41,32.81,16.46,29.17,42.29,37.50,33.07,31.25,24.21,50.00,23.57,50.00,43.30
2567,ทรายทองราษฎร์อุทิศ,สะเมิง,เล็ก,นอกเมือง,สำนักงานคณะกรรมการการศึกษาขั้นพื้นฐาน,สพป.เชียงใหม่ เขต 2,12,91.67,27.64,50.00,35.36,41.67,49.30,66.67,22.44,47.22,25.31,41.67,34.36,25.00,25.00,86.11,21.34,54.17,24.65
2567,บ้านกิ่วเสือ,สะเมิง,เล็ก,นอกเมือง,สำนักงานคณะกรรมการการศึกษาขั้นพื้นฐาน,สพป.เชียงใหม่ เขต 2,11,72.73,44.54,38.64,24.69,36.36,48.10,26.14,28.43,42.42,28.75,27.27,24.90,4.55,14.37,66.67,20.10,59.09,35.79
2567,บ้านนากู่,สะเมิง,เล็ก,นอกเมือง,สำนักงานคณะกรรมการการศึกษาขั้นพื้นฐาน,สพป.เชียงใหม่ เขต 2,7,100.00,0.00,53.57,20.82,28.57,45.18,32.14,27.43,14.29,16.50,21.43,24.74,7.14,17.50,33.33,30.86,21.43,24.74
2567,บ้านบ่อแก้ว,สะเมิง,กลาง,นอกเมือง,สำนักงานคณะกรรมการการศึกษาขั้นพื้นฐาน,สพป.เชียงใหม่ เขต 2,37,48.65,49.98,34.46,28.09,29.73,45.71,27.03,19.61,29.73,27.71,33.78,30.87,25.68,27.56,33.33,24.51,37.84,33.70
2567,บ้านปางขุม,สะเมิง,เล็ก,นอกเมือง,สำนักงานคณะกรรมการการศึกษาขั้นพื้นฐาน,สพป.เชียงใหม่ เขต 2,15,80.00,40.00,48.33,37.04,53.33,49.89,25.83,17.36,42.22,30.95,33.33,23.57,16.67,23.57,40.00,30.31,36.67,38.59
2567,บ้านป่าลาน,สะเมิง,เล็ก,นอกเมือง,สำนักงานคณะกรรมการการศึกษาขั้นพื้นฐาน,สพป.เชียงใหม่ เขต 2,11,81.82,38.57,45.45,14.37,36.36,48.10,48.86,24.69,27.27,27.77,40.91,28.75,18.18,24.05,33.33,28.43,27.27,24.90
2567,บ้านแม่ขะปู,สะเมิง,เล็ก,นอกเมือง,สำนักงานคณะกรรมการการศึกษาขั้นพื้นฐาน,สพป.เชียงใหม่ เขต 2,14,78.57,41.03,42.86,22.02,57.14,49.49,27.68,20.69,30.95,23.45,35.71,29.45,28.57,31.13,40.48,36.03,42.86,37.12
2567,บ้านแม่โต๋,สะเมิง,เล็ก,นอกเมือง,สำนักงานคณะกรรมการการศึกษาขั้นพื้นฐาน,สพป.เชียงใหม่ เขต 2,21,19.05,39.27,33.33,31.18,33.33,47.14,27.98,20.74,23.81,23.33,35.71,31.41,19.05,28.77,38.10,31.35,33.33,35.63
2567,บ้านแม่ยางห้า,สะเมิง,เล็ก,นอกเมือง,สำนักงานคณะกรรมการการศึกษาขั้นพื้นฐาน,สพป.เชียงใหม่ เขต 2,20,65.00,47.70,36.25,30.08,50.00,50.00,54.38,27.18,36.67,31.45,42.50,32.69,35.00,39.05,66.67,23.57,55.00,26.93
2567,บ้านแม่ลานคำ,สะเมิง,เล็ก,นอกเมือง,สำนักงานคณะกรรมการการศึกษาขั้นพื้นฐาน,สพป.เชียงใหม่ เขต 2,17,76.47,42.42,33.82,28.36,35.29,47.79,31.62,20.16,35.29,26.74,35.29,41.18,20.59,24.61,47.06,23.03,32.35,29.41
2567,บ้านแม่แว,สะเมิง,เล็ก,นอกเมือง,สำนักงานคณะกรรมการการศึกษาขั้นพื้นฐาน,สพป.เชียงใหม่ เขต 2,8,75.00,43.30,31.25,32.48,50.00,50.00,29.69,17.61,33.33,16.67,43.75,39.03,6.25,16.54,41.67,36.32,18.75,24.21
2567,บ้านห้วยน้ำจาง,สะเมิง,เล็ก,นอกเมือง,สำนักงานคณะกรรมการการศึกษาขั้นพื้นฐาน,สพป.เชียงใหม่ เขต 2,4,75.00,43.30,37.50,21.65,75.00,43.30,31.25,10.83,41.67,14.43,0.00,0.00,12.50,21.65,66.67,23.57,37.50,21.65
2567,รัปปาปอร์ต,สะเมิง,เล็ก,นอกเมือง,สำนักงานคณะกรรมการการศึกษาขั้นพื้นฐาน,สพป.เชียงใหม่ เขต 2,20,35.00,47.70,25.00,27.39,30.00,45.83,23.13,21.02,41.67,25.55,35.00,32.02,15.00,22.91,31.67,26.82,35.00,22.91
2567,วัดงิ้วเฒ่า,สะเมิง,เล็ก,นอกเมือง,สำนักงานคณะกรรมการการศึกษาขั้นพื้นฐาน,สพป.เชียงใหม่ เขต 2,10,70.00,45.83,50.00,25.00,50.00,50.00,36.25,17.18,43.33,26.03,25.00,33.54,20.00,24.49,56.67,26.03,70.00,33.17
2567,วัดบ้านป้อก,สะเมิง,เล็ก,นอกเมือง,สำนักงานคณะกรรมการการศึกษาขั้นพื้นฐาน,สพป.เชียงใหม่ เขต 2,3,100.00,0.00,16.67,11.79,100.00,0.00,54.17,15.59,33.33,27.22,0.00,0.00,0.00,0.00,33.33,27.22,33.33,23.57
2567,วัดปางเติม,สะเมิง,เล็ก,นอกเมือง,สำนักงานคณะกรรมการการศึกษาขั้นพื้นฐาน,สพป.เชียงใหม่ เขต 2,11,90.91,28.75,34.09,30.66,27.27,44.54,32.95,25.71,24.24,24.99,40.91,41.66,22.73,32.78,48.48,21.85,50.00,36.93
2567,วัดแม่เลย,สะเมิง,เล็ก,นอกเมือง,สำนักงานคณะกรรมการการศึกษาขั้นพื้นฐาน,สพป.เชียงใหม่ เขต 2,8,50.00,50.00,31.25,32.48,50.00,50.00,25.00,12.50,33.33,23.57,43.75,29.97,12.50,33.07,41.67,22.05,18.75,24.21
2567,วัดยั้งเมิน,สะเมิง,เล็ก,นอกเมือง,สำนักงานคณะกรรมการการศึกษาขั้นพื้นฐาน,สพป.เชียงใหม่ เขต 2,11,100.00,0.00,27.27,37.62,45.45,49.79,45.45,33.40,42.42,35.08,45.45,33.40,45.45,33.40,60.61,27.77,45.45,33.40
2567,บ้านกอสะเลียม,สันกำแพง,เล็ก,นอกเมือง,สำนักงานคณะกรรมการการศึกษาขั้นพื้นฐาน,สพป.เชียงใหม่ เขต 1,10,70.00,45.83,27.50,20.77,30.00,45.83,42.50,23.18,43.33,21.34,25.00,25.00,10.00,20.00,46.67,22.11,60.00,37.42
2567,บ้านแช่ช้าง (เทพนานุกูล),สันกำแพง,เล็ก,นอกเมือง,สำนักงานคณะกรรมการการศึกษาขั้นพื้นฐาน,สพป.เชียงใหม่ เขต 1,18,44.44,49.69,33.33,32.27,61.11,48.75,38.89,20.79,22.22,27.22,63.89,27.92,44.44,32.87,59.26,28.45,75.00,25.00
2567,บ้านบวกค้าง,สันกำแพง,เล็ก,นอกเมือง,สำนักงานคณะกรรมการการศึกษาขั้นพื้นฐาน,สพป.เชียงใหม่ เขต 1,7,57.14,49.49,35.71,26.24,57.14,49.49,30.36,25.75,28.57,11.66,42.86,31.94,28.57,36.42,42.86,34.34,50.00,26.73
2567,บ้านบ่อสร้างนรากรประสาท,สันกำแพง,กลาง,นอกเมือง,สำนักงานคณะกรรมการการศึกษาขั้นพื้นฐาน,สพป.เชียงใหม่ เขต 1,52,73.08,44.36,42.79,29.96,48.08,49.96,31.73,19.53,23.08,24.93,50.00,37.98,26.92,26.79,42.95,26.42,55.77,32.01
2567,บ้านมอญ,สันกำแพง,เล็ก,นอกเมือง,สำนักงานคณะกรรมการการศึกษาขั้นพื้นฐาน,สพป.เชียงใหม่ เขต 1,3,66.67,47.14,16.67,23.57,100.00,0.00,75.00,20.41,44.44,15.71,50.00,40.82,33.33,23.57,100.00,0.00,83.33,23.57
2567,บ้านแม่ปูคา,สันกำแพง,เล็ก,นอกเมือง,สำนักงานคณะกรรมการการศึกษาขั้นพื้นฐาน,สพป.เชียงใหม่ เขต 1,19,73.68,44.03,39.47,28.46,47.37,49.93,31.58,21.22,31.58,25.30,31.58,37.03,36.84,35.70,38.60,27.07,60.53,34.71
2567,บ้านสันกำแพง,สันกำแพง,ใหญ่พิเศษ,นอกเมือง,สำนักงานคณะกรรมการการศึกษาขั้นพื้นฐาน,สพป.เชียงใหม่ เขต 1,301,77.08,42.03,40.28,26.71,44.52,49.70,44.98,25.15,38.87,27.95,47.51,35.33,23.92,30.38,57.92,28.90,59.97,31.58
2567,บ้านหนองโค้ง,สันกำแพง,กลาง,นอกเมือง,สำนักงานคณะกรรมการการศึกษาขั้นพื้นฐาน,สพป.เชียงใหม่ เขต 1,84,46.43,49.87,39.58,29.93,42.86,49.49,44.64,25.97,38.10,27.77,38.10,36.69,19.05,28.77,58.73,32.37,52.38,32.65
2567,วัดทรายมูลรัตนศึกษา,สันกำแพง,เล็ก,นอกเมือง,สำนักงานคณะกรรมการการศึกษาขั้นพื้นฐาน,สพป.เชียงใหม่ เขต 1,5,40.00,48.99,35.00,37.42,80.00,40.00,50.00,30.62,26.67,13.33,40.00,37.42,30.00,24.49,40.00,38.87,30.00,40.00
2567,วัดบ้านน้อย,สันกำแพง,เล็ก,นอกเมือง,สำนักงานคณะกรรมการการศึกษาขั้นพื้นฐาน,สพป.เชียงใหม่ เขต 1,18,72.22,44.79,45.83,32.54,50.00,50.00,54.86,30.09,35.19,25.99,50.00,33.33,25.00,25.00,51.85,38.84,66.67,33.33
2567,วัดป่าตาล,สันกำแพง,เล็ก,นอกเมือง,สำนักงานคณะกรรมการการศึกษาขั้นพื้นฐาน,สพป.เชียงใหม่ เขต 1,2,50.00,50.00,75.00,25.00,0.00,0.00,62.50,0.00,16.67,16.67,50.00,0.00,0.00,0.00,50.00,16.67,75.00,25.00
2567,วัดร้องวัวแดงศรีจันทร์วิทยาคาร,สันกำแพง,เล็ก,นอกเมือง,สำนักงานคณะกรรมการการศึกษาขั้นพื้นฐาน,สพป.เชียงใหม่ เขต 1,10,100.00,0.00,60.00,30.00,90.00,30.00,46.25,31.65,50.00,22.36,40.00,37.42,25.00,33.54,63.33,31.45,50.00,31.62
2567,วัดล้านตอง,สันกำแพง,เล็ก,นอกเมือง,สำนักงานคณะกรรมการการศึกษาขั้นพื้นฐาน,สพป.เชียงใหม่ เขต 1,19,73.68,44.03,35.53,24.76,68.42,46.48,49.34,30.21,29.82,28.40,60.53,38.32,34.21,36.46,49.12,27.29,57.89,24.40
2567,วัดสันกลางเหนือ,สันกำแพง,เล็ก,นอกเมือง,สำนักงานคณะกรรมการการศึกษาขั้นพื้นฐาน,สพป.เชียงใหม่ เขต 1,20,85.00,35.71,43.75,30.49,45.00,49.75,65.63,22.32,40.00,24.94,52.50,40.23,32.50,32.69,70.00,23.33,75.00,25.00
2567,วัดสันโค้ง,สันกำแพง,เล็ก,นอกเมือง,สำนักงานคณะกรรมการการศึกษาขั้นพื้นฐาน,สพป.เชียงใหม่ เขต 1,9,55.56,49.69,27.78,29.92,33.33,47.14,30.56,18.74,40.74,26.19,16.67,23.57,22.22,24.85,40.74,34.35,50.00,40.82
2567,วัดสันมะฮกฟ้า,สันกำแพง,เล็ก,นอกเมือง,สำนักงานคณะกรรมการการศึกษาขั้นพื้นฐาน,สพป.เชียงใหม่ เขต 1,19,73.68,44.03,36.84,29.66,36.84,48.24,42.76,20.00,36.84,21.34,47.37,37.95,36.84,35.70,63.16,21.34,65.79,32.66
2567,สวนเด็กสันกำแพง,สันกำแพง,กลาง,นอกเมือง,สำนักงานคณะกรรมการส่งเสริมการศึกษาเอกชน,-,32,87.50,33.07,40.63,26.33,53.13,49.90,35.94,19.45,37.50,32.00,46.88,37.37,25.00,35.36,46.88,28.70,65.63,31.72
2567,สันกำแพงคันธาอนุสรณ์,สันกำแพง,เล็ก,นอกเมือง,สำนักงานคณะกรรมการการศึกษาขั้นพื้นฐาน,สพป.เชียงใหม่ เขต 1,19,47.37,49.93,30.26,28.77,57.89,49.37,28.95,22.23,35.09,29.57,39.47,30.69,21.05,29.54,33.33,24.18,42.11,29.30
2567,ออนใต้วิทยา,สันกำแพง,เล็ก,นอกเมือง,สำนักงานคณะกรรมการการศึกษาขั้นพื้นฐาน,สพป.เชียงใหม่ เขต 1,19,57.89,49.37,57.89,32.50,42.11,49.37,38.16,22.75,29.82,23.93,42.11,40.60,26.32,29.77,45.61,26.95,50.00,36.27
2567,ชลประทานเขื่อนแม่กวงจิราธิวัฒน์อุปถัมภ์,สันทราย,กลาง,นอกเมือง,สำนักงานคณะกรรมการการศึกษาขั้นพื้นฐาน,สพป.เชียงใหม่ เขต 2,14,42.86,49.49,39.29,37.46,21.43,41.03,25.89,22.39,19.05,24.28,42.86,31.94,25.00,25.00,40.48,22.46,64.29,29.45
2567,ต้นกล้า,สันทราย,กลาง,นอกเมือง,สำนักงานคณะกรรมการส่งเสริมการศึกษาเอกชน,-,21,85.71,34.99,40.48,24.97,52.38,49.94,42.86,27.43,23.81,25.50,45.24,34.17,21.43,24.74,52.38,21.99,50.00,34.50
2567,บ้านเจดีย์แม่ครัว,สันทราย,กลาง,นอกเมือง,สำนักงานคณะกรรมการการศึกษาขั้นพื้นฐาน,สพป.เชียงใหม่ เขต 2,77,72.73,44.54,43.83,29.65,42.86,49.49,55.68,25.68,48.92,30.67,42.86,34.86,37.01,28.38,59.74,31.94,53.90,29.90
2567,บ้านท่าเกวียน,สันทราย,เล็ก,นอกเมือง,สำนักงานคณะกรรมการการศึกษาขั้นพื้นฐาน,สพป.เชียงใหม่ เขต 2,12,41.67,49.30,39.58,25.94,83.33,37.27,46.88,24.00,33.33,30.43,54.17,32.00,12.50,21.65,63.89,34.58,62.50,29.76
2567,บ้านบวกเปา,สันทราย,เล็ก,นอกเมือง,สำนักงานคณะกรรมการการศึกษาขั้นพื้นฐาน,สพป.เชียงใหม่ เขต 2,5,60.00,48.99,30.00,29.15,0.00,0.00,40.00,16.58,46.67,16.33,40.00,20.00,40.00,20.00,73.33,13.33,60.00,20.00
2567,บ้านป่าก้าง,สันทราย,เล็ก,นอกเมือง,สำนักงานคณะกรรมการการศึกษาขั้นพื้นฐาน,สพป.เชียงใหม่ เขต 2,14,42.86,49.49,16.07,32.19,50.00,50.00,28.57,17.31,35.71,29.45,28.57,24.74,7.14,17.50,40.48,31.32,46.43,29.67
2567,บ้านป่าบง,สันทราย,เล็ก,นอกเมือง,สำนักงานคณะกรรมการการศึกษาขั้นพื้นฐาน,สพป.เชียงใหม่ เขต 2,14,100.00,0.00,42.86,25.75,57.14,49.49,59.82,22.75,42.86,26.51,60.71,33.69,53.57,35.17,76.19,23.33,64.29,39.77
2567,บ้านป่าเหมือด,สันทราย,เล็ก,นอกเมือง,สำนักงานคณะกรรมการการศึกษาขั้นพื้นฐาน,สพป.เชียงใหม่ เขต 2,25,68.00,46.65,41.00,30.72,32.00,46.65,40.50,18.80,52.00,26.80,34.00,33.82,30.00,40.00,54.67,31.10,60.00,28.28
2567,บ้านโปง,สันทราย,เล็ก,นอกเมือง,สำนักงานคณะกรรมการการศึกษาขั้นพื้นฐาน,สพป.เชียงใหม่ เขต 2,19,73.68,44.03,25.00,31.41,47.37,49.93,44.08,19.18,36.84,23.93,44.74,39.39,18.42,29.07,40.35,29.77,47.37,34.31
2567,บ้านโป่ง,สันทราย,เล็ก,นอกเมือง,สำนักงานคณะกรรมการการศึกษาขั้นพื้นฐาน,สพป.เชียงใหม่ เขต 2,4,75.00,43.30,43.75,36.98,50.00,50.00,34.38,10.36,33.33,0.00,50.00,35.36,12.50,21.65,58.33,14.43,12.50,21.65
2567,บ้านเมืองขอน,สันทราย,เล็ก,นอกเมือง,สำนักงานคณะกรรมการการศึกษาขั้นพื้นฐาน,สพป.เชียงใหม่ เขต 2,6,33.33,47.14,20.83,17.18,66.67,47.14,52.08,19.65,33.33,27.22,16.67,23.57,41.67,34.36,22.22,31.43,41.67,34.36
2567,บ้านแม่โจ้,สันทราย,กลาง,นอกเมือง,สำนักงานคณะกรรมการการศึกษาขั้นพื้นฐาน,สพป.เชียงใหม่ เขต 2,58,70.69,45.52,38.79,30.85,48.28,49.97,38.15,24.83,35.06,25.08,40.52,31.43,16.38,28.45,42.53,32.63,45.69,32.54
2567,บ้านแม่แต,สันทราย,เล็ก,นอกเมือง,สำนักงานคณะกรรมการการศึกษาขั้นพื้นฐาน,สพป.เชียงใหม่ เขต 2,3,33.33,47.14,33.33,23.57,33.33,47.14,29.17,11.79,22.22,15.71,33.33,23.57,33.33,23.57,55.56,15.71,66.67,23.57
2567,บ้านแม่แฝก,สันทราย,เล็ก,นอกเมือง,สำนักงานคณะกรรมการการศึกษาขั้นพื้นฐาน,สพป.เชียงใหม่ เขต 2,18,77.78,41.57,43.06,26.09,77.78,41.57,54.17,31.46,42.59,31.04,69.44,37.78,19.44,24.37,62.96,33.13,69.44,24.37
2567,บ้านแม่ย่อย,สันทราย,เล็ก,นอกเมือง,สำนักงานคณะกรรมการการศึกษาขั้นพื้นฐาน,สพป.เชียงใหม่ เขต 2,19,89.47,30.69,32.89,23.02,68.42,46.48,46.05,18.16,38.60,27.07,34.21,28.34,21.05,29.54,56.14,24.31,52.63,37.95
2567,บ้านร่มหลวง,สันทราย,เล็ก,นอกเมือง,สำนักงานคณะกรรมการการศึกษาขั้นพื้นฐาน,สพป.เชียงใหม่ เขต 2,17,47.06,49.91,35.29,39.35,41.18,49.22,27.94,22.50,47.06,30.38,26.47,24.96,20.59,29.99,50.98,28.28,58.82,25.64
2567,บ้านศรีงาม,สันทราย,เล็ก,นอกเมือง,สำนักงานคณะกรรมการการศึกษาขั้นพื้นฐาน,สพป.เชียงใหม่ เขต 2,5,100.00,0.00,70.00,18.71,40.00,48.99,55.00,30.21,53.33,40.00,70.00,24.49,40.00,37.42,93.33,13.33,70.00,24.49
2567,บ้านศรีบุญเรือง,สันทราย,กลาง,นอกเมือง,สำนักงานคณะกรรมการการศึกษาขั้นพื้นฐาน,สพป.เชียงใหม่ เขต 2,33,36.36,48.10,29.55,29.16,36.36,48.10,36.74,25.36,24.24,23.60,34.85,35.86,18.18,24.05,49.49,27.37,45.45,37.67
2567,บ้านสันพระเนตร,สันทราย,เล็ก,นอกเมือง,สำนักงานคณะกรรมการการศึกษาขั้นพื้นฐาน,สพป.เชียงใหม่ เขต 2,5,100.00,0.00,35.00,20.00,20.00,40.00,37.50,23.72,33.33,21.08,30.00,24.49,40.00,37.42,66.67,0.00,80.00,24.49
2567,บ้านสันศรี,สันทราย,เล็ก,นอกเมือง,สำนักงานคณะกรรมการการศึกษาขั้นพื้นฐาน,สพป.เชียงใหม่ เขต 2,6,100.00,0.00,45.83,30.33,16.67,37.27,47.92,20.94,16.67,16.67,58.33,34.36,50.00,40.82,50.00,31.91,75.00,25.00
2567,บ้านหนองไคร้,สันทราย,กลาง,นอกเมือง,สำนักงานคณะกรรมการการศึกษาขั้นพื้นฐาน,สพป.เชียงใหม่ เขต 2,65,75.38,43.08,36.54,28.11,38.46,48.65,52.31,27.55,38.97,28.39,47.69,33.32,30.77,28.68,57.95,28.81,56.92,34.95
2567,บ้านหนองมะจับ,สันทราย,เล็ก,นอกเมือง,สำนักงานคณะกรรมการการศึกษาขั้นพื้นฐาน,สพป.เชียงใหม่ เขต 2,5,100.00,0.00,30.00,10.00,60.00,48.99,47.50,14.58,26.67,24.94,20.00,24.49,30.00,40.00,46.67,16.33,60.00,20.00
2567,บ้านหนองหาร,สันทราย,เล็ก,นอกเมือง,สำนักงานคณะกรรมการการศึกษาขั้นพื้นฐาน,สพป.เชียงใหม่ เขต 2,23,100.00,0.00,45.65,24.06,39.13,48.80,40.22,24.16,28.99,26.57,41.30,38.03,19.57,28.51,47.83,27.50,56.52,30.59
2567,บ้านหลักปัน,สันทราย,กลาง,นอกเมือง,สำนักงานคณะกรรมการการศึกษาขั้นพื้นฐาน,สพป.เชียงใหม่ เขต 2,12,50.00,50.00,50.00,22.82,50.00,50.00,56.25,15.73,36.11,28.73,45.83,13.82,45.83,32.00,75.00,24.06,66.67,31.18
2567,บ้านห้วยเกี๋ยง,สันทราย,กลาง,นอกเมือง,สำนักงานคณะกรรมการการศึกษาขั้นพื้นฐาน,สพป.เชียงใหม่ เขต 2,45,53.33,49.89,28.33,26.67,62.22,48.48,36.94,25.41,36.30,25.16,35.56,32.70,23.33,32.66,42.96,29.50,57.78,36.45
2567,บ้านหัวฝาย,สันทราย,เล็ก,นอกเมือง,สำนักงานคณะกรรมการการศึกษาขั้นพื้นฐาน,สพป.เชียงใหม่ เขต 2,5,60.00,48.99,45.00,33.17,60.00,48.99,30.00,15.00,53.33,16.33,70.00,24.49,50.00,44.72,60.00,13.33,80.00,24.49
2567,พงษ์พิกุลเชียงใหม่,สันทราย,กลาง,นอกเมือง,สำนักงานคณะกรรมการส่งเสริมการศึกษาเอกชน,-,20,70.00,45.83,37.50,27.95,45.00,49.75,41.25,24.08,28.33,26.40,25.00,29.58,25.00,25.00,43.33,28.09,55.00,31.22
2567,วัดแม่แก้ดน้อย,สันทราย,ใหญ่,นอกเมือง,สำนักงานคณะกรรมการการศึกษาขั้นพื้นฐาน,สพป.เชียงใหม่ เขต 2,111,75.68,42.90,33.33,26.92,38.74,48.72,37.84,24.86,33.93,24.91,36.04,31.60,18.02,26.67,52.85,30.83,54.50,35.23
2567,วัดสันคะยอม,สันทราย,เล็ก,นอกเมือง,สำนักงานคณะกรรมการการศึกษาขั้นพื้นฐาน,สพป.เชียงใหม่ เขต 2,22,77.27,41.91,44.32,31.02,45.45,49.79,59.66,24.98,43.94,32.39,40.91,35.79,36.36,34.32,62.12,25.22,63.64,34.32
2567,วัดสันทรายมูล,สันทราย,เล็ก,นอกเมือง,สำนักงานคณะกรรมการการศึกษาขั้นพื้นฐาน,สพป.เชียงใหม่ เขต 2,19,57.89,49.37,56.58,39.61,31.58,46.48,42.76,25.10,31.58,31.48,34.21,39.91,21.05,29.54,42.11,28.29,55.26,27.60
2567,วีรยาเชียงใหม่,สันทราย,กลาง,นอกเมือง,สำนักงานคณะกรรมการส่งเสริมการศึกษาเอกชน,-,36,83.33,37.27,40.28,28.43,44.44,49.69,56.94,25.59,37.04,30.20,43.06,33.65,29.17,32.00,71.30,25.03,65.28,35.00
2567,สวนองุ่นเชียงใหม่,สันทราย,กลาง,นอกเมือง,สำนักงานคณะกรรมการส่งเสริมการศึกษาเอกชน,-,39,89.74,30.34,60.26,28.15,56.41,49.59,58.65,21.77,45.30,24.45,56.41,39.52,35.90,39.14,73.50,25.24,69.23,26.83
2567,สันทรายหลวง,สันทราย,กลาง,นอกเมือง,สำนักงานคณะกรรมการการศึกษาขั้นพื้นฐาน,สพป.เชียงใหม่ เขต 2,62,66.13,47.33,43.95,29.68,50.00,50.00,39.92,21.28,40.32,28.17,45.97,36.25,22.58,29.34,60.75,25.06,55.65,29.93
2567,กิ่วแลน้อยประสิทธิ์วิทยา,สันป่าตอง,กลาง,นอกเมือง,สำนักงานคณะกรรมการการศึกษาขั้นพื้นฐาน,สพป.เชียงใหม่ เขต 4,27,66.67,47.14,40.74,26.48,44.44,49.69,41.67,21.78,32.10,27.94,59.26,36.10,20.37,24.57,58.02,25.00,59.26,33.44
2567,ชุมชนกิ่วแลหลวงประสิทธิ์วิทยา,สันป่าตอง,เล็ก,นอกเมือง,สำนักงานคณะกรรมการการศึกษาขั้นพื้นฐาน,สพป.เชียงใหม่ เขต 4,3,66.67,47.14,66.67,31.18,66.67,47.14,50.00,17.68,11.11,15.71,16.67,23.57,16.67,23.57,33.33,0.00,66.67,23.57
2567,ทุ่งฟ้าบดราษฎร์บำรุง,สันป่าตอง,กลาง,นอกเมือง,กรมส่งเสริมการปกครองท้องถิ่น,ท้องถิ่นจังหวัดเชียงใหม่,111,62.16,48.50,35.59,28.19,47.75,49.95,41.55,24.95,42.64,30.07,51.35,35.17,27.03,31.32,51.95,25.58,51.35,35.17
2567,บ้านทุ่งเสี้ยว (นวรัฐ),สันป่าตอง,เล็ก,นอกเมือง,สำนักงานคณะกรรมการการศึกษาขั้นพื้นฐาน,สพป.เชียงใหม่ เขต 4,15,60.00,48.99,36.67,20.14,53.33,49.89,38.33,19.61,31.11,25.72,43.33,35.90,10.00,20.00,46.67,26.67,50.00,36.51
2567,บ้านเปียง,สันป่าตอง,เล็ก,นอกเมือง,สำนักงานคณะกรรมการการศึกษาขั้นพื้นฐาน,สพป.เชียงใหม่ เขต 4,11,90.91,28.75,29.55,27.84,72.73,44.54,56.82,26.31,27.27,27.77,50.00,21.32,18.18,24.05,48.48,21.85,50.00,21.32
2567,บ้านม่วงพี่น้อง,สันป่าตอง,เล็ก,นอกเมือง,สำนักงานคณะกรรมการการศึกษาขั้นพื้นฐาน,สพป.เชียงใหม่ เขต 4,10,40.00,48.99,60.00,27.84,20.00,40.00,33.75,18.58,23.33,26.03,30.00,40.00,10.00,20.00,43.33,36.67,55.00,35.00
2567,บ้านแม่กุ้งหลวง,สันป่าตอง,เล็ก,นอกเมือง,สำนักงานคณะกรรมการการศึกษาขั้นพื้นฐาน,สพป.เชียงใหม่ เขต 4,8,37.50,48.41,15.63,17.40,62.50,48.41,17.19,22.48,29.17,35.11,37.50,33.07,25.00,35.36,16.67,16.67,37.50,21.65
2567,บ้านร่องน้ำ,สันป่าตอง,เล็ก,นอกเมือง,สำนักงานคณะกรรมการการศึกษาขั้นพื้นฐาน,สพป.เชียงใหม่ เขต 4,9,44.44,49.69,27.78,24.85,66.67,47.14,45.83,25.69,18.52,16.56,27.78,24.85,27.78,34.25,40.74,13.86,50.00,47.14
2567,บ้านห้วยส้ม,สันป่าตอง,เล็ก,นอกเมือง,สำนักงานคณะกรรมการการศึกษาขั้นพื้นฐาน,สพป.เชียงใหม่ เขต 4,15,93.33,24.94,61.67,20.14,73.33,44.22,64.17,28.09,66.67,21.08,70.00,30.55,40.00,27.08,88.89,15.71,60.00,20.00
2567,บ้านหัวริน,สันป่าตอง,เล็ก,นอกเมือง,สำนักงานคณะกรรมการการศึกษาขั้นพื้นฐาน,สพป.เชียงใหม่ เขต 4,12,75.00,43.30,60.42,29.68,41.67,49.30,41.67,27.16,41.67,27.64,37.50,29.76,4.17,13.82,47.22,21.34,58.33,39.97
2567,พัฒนวิทย์ศึกษา,สันป่าตอง,ใหญ่,นอกเมือง,สำนักงานคณะกรรมการส่งเสริมการศึกษาเอกชน,-,74,71.62,45.08,29.73,26.21,33.78,47.30,29.73,20.21,28.38,27.23,48.65,33.86,22.97,28.70,47.75,30.06,58.78,32.21
2567,วัดกู่คำ,สันป่าตอง,เล็ก,นอกเมือง,สำนักงานคณะกรรมการการศึกษาขั้นพื้นฐาน,สพป.เชียงใหม่ เขต 4,21,52.38,49.94,48.81,33.16,28.57,45.18,39.88,24.59,23.81,23.33,33.33,32.12,21.43,24.74,47.62,31.83,61.90,34.17
2567,วัดช่างกระดาษ,สันป่าตอง,เล็ก,นอกเมือง,สำนักงานคณะกรรมการการศึกษาขั้นพื้นฐาน,สพป.เชียงใหม่ เขต 4,4,50.00,50.00,25.00,17.68,25.00,43.30,37.50,15.31,50.00,16.67,37.50,41.46,37.50,21.65,58.33,14.43,37.50,21.65
2567,วัดดงป่างิ้ว,สันป่าตอง,เล็ก,นอกเมือง,สำนักงานคณะกรรมการการศึกษาขั้นพื้นฐาน,สพป.เชียงใหม่ เขต 4,2,100.00,0.00,50.00,0.00,50.00,50.00,87.50,12.50,16.67,16.67,75.00,25.00,50.00,0.00,66.67,33.33,50.00,0.00
2567,วัดท่ากาน,สันป่าตอง,เล็ก,นอกเมือง,สำนักงานคณะกรรมการการศึกษาขั้นพื้นฐาน,สพป.เชียงใหม่ เขต 4,5,60.00,48.99,30.00,24.49,100.00,0.00,52.50,24.24,46.67,40.00,30.00,24.49,30.00,24.49,66.67,29.81,50.00,31.62
2567,วัดน้ำบ่อหลวง,สันป่าตอง,เล็ก,นอกเมือง,สำนักงานคณะกรรมการการศึกษาขั้นพื้นฐาน,สพป.เชียงใหม่ เขต 4,14,85.71,34.99,46.43,26.49,57.14,49.49,33.93,22.37,42.86,29.35,35.71,34.99,21.43,24.74,54.76,23.93,57.14,25.75
2567,วัดโรงวัว,สันป่าตอง,เล็ก,นอกเมือง,สำนักงานคณะกรรมการการศึกษาขั้นพื้นฐาน,สพป.เชียงใหม่ เขต 4,18,77.78,41.57,37.50,17.18,38.89,48.75,36.81,21.03,31.48,28.27,52.78,38.99,30.56,33.91,44.44,36.85,66.67,33.33
2567,วัดสามหลัง,สันป่าตอง,เล็ก,นอกเมือง,สำนักงานคณะกรรมการการศึกษาขั้นพื้นฐาน,สพป.เชียงใหม่ เขต 4,7,85.71,34.99,21.43,28.12,28.57,45.18,71.43,19.72,52.38,34.99,57.14,31.94,28.57,24.74,76.19,15.06,50.00,0.00
2567,วัดอุเม็ง,สันป่าตอง,เล็ก,นอกเมือง,สำนักงานคณะกรรมการการศึกษาขั้นพื้นฐาน,สพป.เชียงใหม่ เขต 4,10,80.00,40.00,40.00,32.02,50.00,50.00,48.75,15.26,50.00,34.16,45.00,35.00,30.00,33.17,60.00,24.94,50.00,0.00
2567,วิมานทิพย์,สันป่าตอง,เล็ก,นอกเมือง,สำนักงานคณะกรรมการส่งเสริมการศึกษาเอกชน,-,27,77.78,41.57,41.67,24.53,74.07,43.82,34.72,20.51,45.68,31.62,74.07,31.54,24.07,28.45,66.67,20.29,57.41,29.51
2567,สันป่าตอง,สันป่าตอง,เล็ก,นอกเมือง,กรมส่งเสริมการปกครองท้องถิ่น,ท้องถิ่นจังหวัดเชียงใหม่,12,83.33,37.27,33.33,21.25,58.33,49.30,46.88,20.49,30.56,21.34,50.00,35.36,20.83,24.65,44.44,20.79,50.00,35.36
2567,สันป่าตอง (สุวรรณราษฎร์วิทยาคาร),สันป่าตอง,ใหญ่,นอกเมือง,สำนักงานคณะกรรมการการศึกษาขั้นพื้นฐาน,สพป.เชียงใหม่ เขต 4,176,81.25,39.03,38.64,30.36,46.02,49.84,48.72,24.50,42.23,27.35,48.86,34.93,29.26,32.58,54.17,28.57,63.07,31.07
2567,อุ่นไอรัก เชียงใหม่,สันป่าตอง,เล็ก,นอกเมือง,สำนักงานคณะกรรมการส่งเสริมการศึกษาเอกชน,-,30,60.00,48.99,25.83,25.40,40.00,48.99,37.08,20.02,32.22,23.54,36.67,31.45,23.33,30.91,41.11,31.84,46.67,36.36
2567,ช่องฟ้าซินเซิงวาณิชบำรุง,สารภี,ใหญ่พิเศษ,นอกเมือง,สำนักงานคณะกรรมการส่งเสริมการศึกษาเอกชน,-,229,76.86,42.18,46.29,26.79,44.10,49.65,42.58,22.79,34.50,28.36,48.69,33.34,32.97,32.61,61.43,27.89,65.50,30.46
2567,ชุมชนวัดปากกอง,สารภี,เล็ก,นอกเมือง,สำนักงานคณะกรรมการการศึกษาขั้นพื้นฐาน,สพป.เชียงใหม่ เขต 4,7,85.71,34.99,53.57,43.15,28.57,45.18,46.43,20.82,28.57,27.77,28.57,36.42,14.29,22.59,52.38,30.12,50.00,37.80
2567,ชุมชนวัดศรีคำชมภู,สารภี,กลาง,นอกเมือง,สำนักงานคณะกรรมการการศึกษาขั้นพื้นฐาน,สพป.เชียงใหม่ เขต 4,26,34.62,47.57,38.46,28.78,42.31,49.40,36.06,21.18,28.21,25.64,32.69,33.80,17.31,30.83,33.33,30.66,40.38,27.80
2567,เทศบาลตำบลยางเนิ้ง,สารภี,กลาง,นอกเมือง,กรมส่งเสริมการปกครองท้องถิ่น,ท้องถิ่นจังหวัดเชียงใหม่,29,65.52,47.53,46.55,26.03,34.48,47.53,35.34,18.30,24.14,27.54,43.10,34.05,39.66,38.01,52.87,24.00,58.62,32.35
2567,บ้านปากเหมือง,สารภี,กลาง,นอกเมือง,สำนักงานคณะกรรมการการศึกษาขั้นพื้นฐาน,สพป.เชียงใหม่ เขต 4,12,75.00,43.30,35.42,21.55,66.67,47.14,43.75,15.73,47.22,21.34,45.83,32.00,16.67,23.57,69.44,25.31,75.00,32.27
2567,บ้านสันทราย,สารภี,เล็ก,นอกเมือง,สำนักงานคณะกรรมการการศึกษาขั้นพื้นฐาน,สพป.เชียงใหม่ เขต 4,16,93.75,24.21,42.19,22.91,62.50,48.41,46.88,24.00,41.67,25.00,53.13,32.92,18.75,29.97,54.17,30.90,62.50,21.65
2567,ยุวฑูตศึกษาพัฒนา,สารภี,ใหญ่,นอกเมือง,สำนักงานคณะกรรมการส่งเสริมการศึกษาเอกชน,-,19,100.00,0.00,32.89,25.72,26.32,44.03,40.79,23.59,43.86,26.61,50.00,39.74,36.84,31.80,56.14,30.69,57.89,29.30
2567,วชิราลัย,สารภี,กลาง,นอกเมือง,สำนักงานคณะกรรมการส่งเสริมการศึกษาเอกชน,-,60,58.33,49.30,34.58,26.65,46.67,49.89,36.25,21.73,38.89,27.33,40.83,37.07,32.50,33.94,53.89,32.82,54.17,34.51
2567,วัดกองทราย,สารภี,เล็ก,นอกเมือง,สำนักงานคณะกรรมการการศึกษาขั้นพื้นฐาน,สพป.เชียงใหม่ เขต 4,9,100.00,0.00,47.22,21.87,33.33,47.14,36.11,13.75,25.93,30.54,33.33,33.33,27.78,24.85,55.56,27.22,55.56,28.33
2567,วัดท่าต้นกวาว,สารภี,เล็ก,นอกเมือง,สำนักงานคณะกรรมการการศึกษาขั้นพื้นฐาน,สพป.เชียงใหม่ เขต 4,24,25.00,43.30,52.08,29.68,33.33,47.14,48.44,20.83,23.61,24.49,45.83,32.00,31.25,34.80,47.22,25.31,52.08,30.55
2567,วัดเทพาราม,สารภี,เล็ก,นอกเมือง,สำนักงานคณะกรรมการการศึกษาขั้นพื้นฐาน,สพป.เชียงใหม่ เขต 4,17,94.12,23.53,41.18,24.16,52.94,49.91,59.56,29.56,52.94,32.46,67.65,34.05,29.41,24.61,68.63,21.30,70.59,24.61
2567,วัดนันทาราม,สารภี,เล็ก,นอกเมือง,สำนักงานคณะกรรมการการศึกษาขั้นพื้นฐาน,สพป.เชียงใหม่ เขต 4,9,100.00,0.00,33.33,20.41,33.33,47.14,61.11,21.61,62.96,36.66,50.00,40.82,11.11,20.79,48.15,22.83,72.22,24.85
2567,วัดบวกครกเหนือ,สารภี,เล็ก,นอกเมือง,สำนักงานคณะกรรมการการศึกษาขั้นพื้นฐาน,สพป.เชียงใหม่ เขต 4,26,50.00,50.00,36.54,34.13,57.69,49.40,42.79,22.25,29.49,31.11,36.54,35.51,17.31,23.79,48.72,32.33,63.46,32.69
2567,วัดพญาชมภู,สารภี,เล็ก,นอกเมือง,สำนักงานคณะกรรมการการศึกษาขั้นพื้นฐาน,สพป.เชียงใหม่ เขต 4,7,100.00,0.00,50.00,29.88,14.29,34.99,46.43,25.63,47.62,16.50,57.14,31.94,21.43,24.74,80.95,16.50,42.86,17.50
2567,วัดพระนอนหนองผึ้ง,สารภี,เล็ก,นอกเมือง,สำนักงานคณะกรรมการการศึกษาขั้นพื้นฐาน,สพป.เชียงใหม่ เขต 4,32,68.75,46.35,33.59,31.63,46.88,49.90,41.80,25.31,21.88,19.74,51.56,34.20,21.88,30.46,47.92,29.97,60.94,34.76
2567,วัดแม่สะลาบ,สารภี,เล็ก,นอกเมือง,สำนักงานคณะกรรมการการศึกษาขั้นพื้นฐาน,สพป.เชียงใหม่ เขต 4,12,66.67,47.14,29.17,22.44,41.67,49.30,53.13,19.18,38.89,29.92,16.67,23.57,33.33,31.18,41.67,24.06,54.17,24.65
2567,วัดเวฬุวัน,สารภี,ใหญ่,นอกเมือง,สำนักงานคณะกรรมการการศึกษาขั้นพื้นฐาน,สพป.เชียงใหม่ เขต 4,195,65.13,47.66,36.67,30.09,52.31,49.95,38.59,26.49,30.60,26.65,35.90,32.72,24.87,32.18,50.43,32.27,49.74,36.69
2567,วัดศรีดอนชัย,สารภี,เล็ก,นอกเมือง,สำนักงานคณะกรรมการการศึกษาขั้นพื้นฐาน,สพป.เชียงใหม่ เขต 4,4,75.00,43.30,43.75,10.83,25.00,43.30,28.13,28.47,25.00,27.64,12.50,21.65,12.50,21.65,41.67,27.64,50.00,0.00
2567,วัดศรีโพธาราม,สารภี,เล็ก,นอกเมือง,สำนักงานคณะกรรมการการศึกษาขั้นพื้นฐาน,สพป.เชียงใหม่ เขต 4,14,64.29,47.92,30.36,28.63,28.57,45.18,36.61,24.30,28.57,30.49,42.86,37.12,21.43,24.74,45.24,32.38,50.00,32.73
2567,วัดสันดอนมูล,สารภี,เล็ก,นอกเมือง,สำนักงานคณะกรรมการการศึกษาขั้นพื้นฐาน,สพป.เชียงใหม่ เขต 4,3,100.00,0.00,25.00,20.41,33.33,47.14,50.00,27.00,77.78,15.71,33.33,23.57,33.33,47.14,44.44,31.43,33.33,23.57
2567,เวียงเศรษฐีวิทยา,สารภี,เล็ก,นอกเมือง,สำนักงานคณะกรรมการการศึกษาขั้นพื้นฐาน,สพป.เชียงใหม่ เขต 4,12,91.67,27.64,25.00,22.82,33.33,47.14,47.92,22.73,41.67,19.84,58.33,39.97,4.17,13.82,36.11,25.31,58.33,18.63
2567,ศูนย์การเรียนแห่งความหวังและอนาคต,สารภี,เล็ก,นอกเมือง,สำนักงานคณะกรรมการการศึกษาขั้นพื้นฐาน,สพป.เชียงใหม่ เขต 4,4,75.00,43.30,43.75,36.98,50.00,50.00,68.75,20.73,25.00,14.43,50.00,0.00,25.00,25.00,66.67,23.57,62.50,21.65
2567,สืบนทีธรรม,สารภี,กลาง,นอกเมือง,สำนักงานคณะกรรมการส่งเสริมการศึกษาเอกชน,-,42,76.19,42.59,31.55,30.89,30.95,46.23,30.36,21.33,30.95,31.20,34.52,35.34,22.62,31.25,51.59,30.17,48.81,29.86
2567,ต้นแก้วผดุงพิทยาลัย,หางดง,ใหญ่,นอกเมือง,กรมส่งเสริมการปกครองท้องถิ่น,ท้องถิ่นจังหวัดเชียงใหม่,95,61.05,48.76,36.58,27.82,35.79,47.94,37.76,21.91,34.39,25.34,34.74,33.30,25.26,29.80,49.47,30.15,54.21,32.98
2567,เทศบาลหนองตองวิทยา,หางดง,เล็ก,นอกเมือง,กรมส่งเสริมการปกครองท้องถิ่น,ท้องถิ่นจังหวัดเชียงใหม่,19,52.63,49.93,30.26,26.38,57.89,49.37,40.13,22.43,43.86,28.72,47.37,30.23,31.58,37.03,52.63,22.47,57.89,29.30
2567,เทศบาลหางดง (ประชาคมสร้างสรรค์),หางดง,ใหญ่,นอกเมือง,กรมส่งเสริมการปกครองท้องถิ่น,ท้องถิ่นจังหวัดเชียงใหม่,66,83.33,37.27,28.79,30.54,50.00,50.00,36.36,21.07,40.91,27.09,39.39,30.79,24.24,32.85,61.11,28.18,62.88,32.93
2567,นันทชาติ เกรด สคูล,หางดง,เล็ก,นอกเมือง,สำนักงานคณะกรรมการส่งเสริมการศึกษาเอกชน,-,5,80.00,40.00,65.00,30.00,100.00,0.00,65.00,20.00,60.00,32.66,70.00,40.00,30.00,24.49,93.33,13.33,60.00,37.42
2567,บ้านคุณแม่,หางดง,เล็ก,นอกเมือง,สำนักงานคณะกรรมการส่งเสริมการศึกษาเอกชน,-,11,90.91,28.75,50.00,18.46,72.73,44.54,57.95,28.34,51.52,29.69,54.55,45.00,31.82,32.14,69.70,26.42,77.27,24.90
2567,บ้านดง,หางดง,เล็ก,นอกเมือง,สำนักงานคณะกรรมการการศึกษาขั้นพื้นฐาน,สพป.เชียงใหม่ เขต 4,19,78.95,40.77,38.16,29.66,36.84,48.24,40.13,19.27,22.81,21.77,39.47,34.71,10.53,20.38,43.86,32.54,50.00,36.27
2567,บ้านตองกาย,หางดง,เล็ก,นอกเมือง,สำนักงานคณะกรรมการการศึกษาขั้นพื้นฐาน,สพป.เชียงใหม่ เขต 4,8,62.50,48.41,59.38,24.80,37.50,48.41,25.00,13.98,8.33,22.05,31.25,34.80,12.50,21.65,33.33,37.27,37.50,33.07
2567,บ้านทรายมูล,หางดง,กลาง,นอกเมือง,สำนักงานคณะกรรมการการศึกษาขั้นพื้นฐาน,สพป.เชียงใหม่ เขต 4,30,60.00,48.99,32.50,25.12,50.00,50.00,41.67,21.97,37.78,28.20,43.33,30.91,25.00,33.54,41.11,30.65,46.67,33.99
2567,บ้านท้าวบุญเรือง,หางดง,เล็ก,นอกเมือง,สำนักงานคณะกรรมการการศึกษาขั้นพื้นฐาน,สพป.เชียงใหม่ เขต 4,6,66.67,47.14,41.67,11.79,33.33,47.14,50.00,31.46,33.33,27.22,33.33,37.27,33.33,23.57,55.56,24.85,50.00,40.82
2567,บ้านน้ำแพร่,หางดง,เล็ก,นอกเมือง,สำนักงานคณะกรรมการการศึกษาขั้นพื้นฐาน,สพป.เชียงใหม่ เขต 4,19,57.89,49.37,36.84,22.02,36.84,48.24,36.18,21.80,35.09,22.87,23.68,24.97,15.79,28.34,59.65,31.68,68.42,29.07
2567,บ้านปง,หางดง,เล็ก,นอกเมือง,สำนักงานคณะกรรมการการศึกษาขั้นพื้นฐาน,สพป.เชียงใหม่ เขต 4,21,47.62,49.94,33.33,25.97,38.10,48.56,45.24,17.88,31.75,26.18,33.33,38.83,23.81,36.58,36.51,27.03,45.24,34.17
2567,บ้านป่าตาล,หางดง,เล็ก,นอกเมือง,สำนักงานคณะกรรมการการศึกษาขั้นพื้นฐาน,สพป.เชียงใหม่ เขต 4,21,66.67,47.14,34.52,34.05,61.90,48.56,26.19,23.43,28.57,27.77,40.48,33.16,14.29,22.59,49.21,31.90,47.62,32.65
2567,บ้านฟ่อน,หางดง,เล็ก,นอกเมือง,สำนักงานคณะกรรมการการศึกษาขั้นพื้นฐาน,สพป.เชียงใหม่ เขต 4,12,75.00,43.30,43.75,18.04,50.00,50.00,31.25,20.09,33.33,19.25,29.17,24.65,16.67,31.18,38.89,22.91,58.33,34.36
2567,บ้านไร่,หางดง,เล็ก,นอกเมือง,สำนักงานคณะกรรมการการศึกษาขั้นพื้นฐาน,สพป.เชียงใหม่ เขต 4,8,50.00,50.00,31.25,24.21,50.00,50.00,39.06,32.74,20.83,23.20,25.00,25.00,12.50,21.65,58.33,22.05,50.00,35.36
2567,บ้านวังศรี,หางดง,เล็ก,นอกเมือง,สำนักงานคณะกรรมการการศึกษาขั้นพื้นฐาน,สพป.เชียงใหม่ เขต 4,8,87.50,33.07,56.25,24.21,50.00,50.00,43.75,21.65,54.17,23.20,62.50,33.07,12.50,21.65,66.67,16.67,68.75,24.21
2567,บ้านสันทราย,หางดง,เล็ก,นอกเมือง,สำนักงานคณะกรรมการการศึกษาขั้นพื้นฐาน,สพป.เชียงใหม่ เขต 4,8,62.50,48.41,53.13,38.40,12.50,33.07,28.13,10.36,54.17,16.14,31.25,34.80,0.00,0.00,58.33,22.05,62.50,41.46
2567,บ้านสันป่าสัก,หางดง,กลาง,นอกเมือง,สำนักงานคณะกรรมการการศึกษาขั้นพื้นฐาน,สพป.เชียงใหม่ เขต 4,49,75.51,43.00,33.16,24.43,42.86,49.49,40.05,23.96,27.21,25.80,55.10,35.35,22.45,28.68,55.78,31.86,56.12,35.90
2567,บ้านสันผักหวาน,หางดง,เล็ก,นอกเมือง,สำนักงานคณะกรรมการการศึกษาขั้นพื้นฐาน,สพป.เชียงใหม่ เขต 4,17,35.29,47.79,38.24,34.43,17.65,38.12,23.53,20.95,35.29,26.74,58.82,25.64,17.65,23.89,47.06,25.72,67.65,34.05
2567,บ้านแสนตอ,หางดง,เล็ก,นอกเมือง,สำนักงานคณะกรรมการการศึกษาขั้นพื้นฐาน,สพป.เชียงใหม่ เขต 4,10,40.00,48.99,40.00,22.91,50.00,50.00,36.25,20.50,26.67,20.00,15.00,22.91,15.00,22.91,30.00,23.33,70.00,24.49
2567,พันธสัญญา,หางดง,เล็ก,นอกเมือง,สำนักงานคณะกรรมการส่งเสริมการศึกษาเอกชน,-,19,63.16,48.24,40.79,29.48,42.11,49.37,41.45,32.20,22.81,28.72,36.84,35.70,18.42,29.07,45.61,24.69,52.63,37.95
2567,ลักษณ์พงค์วิทยา,หางดง,เล็ก,นอกเมือง,สำนักงานคณะกรรมการส่งเสริมการศึกษาเอกชน,-,15,86.67,33.99,38.33,25.60,46.67,49.89,31.67,20.85,40.00,27.76,43.33,24.94,30.00,35.59,48.89,29.48,50.00,25.82
2567,วัดคีรีเขต,หางดง,เล็ก,นอกเมือง,สำนักงานคณะกรรมการการศึกษาขั้นพื้นฐาน,สพป.เชียงใหม่ เขต 4,6,83.33,37.27,25.00,25.00,16.67,37.27,18.75,15.73,22.22,24.85,33.33,23.57,16.67,23.57,38.89,29.92,50.00,40.82
2567,วัดจอมทอง,หางดง,เล็ก,นอกเมือง,สำนักงานคณะกรรมการการศึกษาขั้นพื้นฐาน,สพป.เชียงใหม่ เขต 4,8,62.50,48.41,25.00,25.00,37.50,48.41,26.56,23.75,41.67,14.43,37.50,33.07,18.75,24.21,33.33,23.57,25.00,25.00
2567,วัดช่างคำ,หางดง,เล็ก,นอกเมือง,สำนักงานคณะกรรมการการศึกษาขั้นพื้นฐาน,สพป.เชียงใหม่ เขต 4,7,71.43,45.18,32.14,22.02,42.86,49.49,46.43,20.82,57.14,34.34,78.57,24.74,28.57,24.74,76.19,23.33,57.14,31.94
2567,วัดประชาเกษม,หางดง,เล็ก,นอกเมือง,สำนักงานคณะกรรมการการศึกษาขั้นพื้นฐาน,สพป.เชียงใหม่ เขต 4,26,26.92,44.36,46.15,35.82,46.15,49.85,43.75,23.06,34.62,23.54,25.00,25.00,13.46,22.18,35.90,27.62,46.15,36.49
2567,วัดพระเจ้าเหลื้อม,หางดง,เล็ก,นอกเมือง,สำนักงานคณะกรรมการการศึกษาขั้นพื้นฐาน,สพป.เชียงใหม่ เขต 4,13,69.23,46.15,36.54,28.78,46.15,49.85,41.35,25.18,23.08,27.38,50.00,33.97,23.08,31.72,51.28,36.08,65.38,30.28
2567,วัดศรีล้อม,หางดง,เล็ก,นอกเมือง,สำนักงานคณะกรรมการการศึกษาขั้นพื้นฐาน,สพป.เชียงใหม่ เขต 4,4,75.00,43.30,43.75,27.24,50.00,50.00,65.63,16.24,41.67,27.64,50.00,35.36,50.00,35.36,25.00,27.64,62.50,21.65
2567,วัดศรีสว่าง,หางดง,เล็ก,นอกเมือง,สำนักงานคณะกรรมการการศึกษาขั้นพื้นฐาน,สพป.เชียงใหม่ เขต 4,11,45.45,49.79,38.64,24.69,36.36,48.10,40.91,17.75,18.18,16.60,40.91,28.75,18.18,24.05,36.36,17.14,50.00,30.15
2567,ชุมชนบ้านใหม่,อมก๋อย,เล็ก,นอกเมือง,สำนักงานคณะกรรมการการศึกษาขั้นพื้นฐาน,สพป.เชียงใหม่ เขต 5,19,78.95,40.77,38.16,33.80,57.89,49.37,26.97,17.33,24.56,28.29,47.37,34.31,18.42,24.12,33.33,21.63,47.37,25.51
2567,ชุมชนบ้านอมก๋อย,อมก๋อย,กลาง,นอกเมือง,สำนักงานคณะกรรมการการศึกษาขั้นพื้นฐาน,สพป.เชียงใหม่ เขต 5,36,52.78,49.92,40.97,34.44,50.00,50.00,25.00,25.34,35.19,28.27,29.17,37.96,15.28,25.87,47.22,29.79,44.44,30.68
2567,ตชด.บางกอกเชฟแชร์ริตี้,อมก๋อย,เล็ก,นอกเมือง,กองบัญชาการตำรวจตระเวนชายแดน,-,14,50.00,50.00,30.36,30.15,42.86,49.49,24.11,20.84,19.05,24.28,25.00,31.34,14.29,22.59,23.81,19.63,32.14,35.89
2567,ตรีมิตรวิทยา,อมก๋อย,กลาง,นอกเมือง,สำนักงานคณะกรรมการการศึกษาขั้นพื้นฐาน,สพป.เชียงใหม่ เขต 5,7,57.14,49.49,35.71,22.59,57.14,49.49,35.71,16.94,42.86,34.34,35.71,34.99,21.43,36.42,52.38,30.12,57.14,31.94
2567,ท่านผู้หญิงประไพ ศิวะโกเศศ,อมก๋อย,เล็ก,นอกเมือง,กองบัญชาการตำรวจตระเวนชายแดน,-,13,53.85,49.85,17.31,22.75,46.15,49.85,23.08,18.24,17.95,24.86,19.23,24.33,11.54,21.07,25.64,19.19,15.38,23.08
2567,ทุ่งต้นงิ้ว,อมก๋อย,เล็ก,นอกเมือง,สำนักงานคณะกรรมการการศึกษาขั้นพื้นฐาน,สพป.เชียงใหม่ เขต 5,24,29.17,45.45,43.75,30.83,41.67,49.30,26.04,20.39,23.61,22.52,22.92,32.21,25.00,28.87,36.11,30.30,35.42,39.47
2567,บ้านขุนตื่น,อมก๋อย,เล็ก,นอกเมือง,สำนักงานคณะกรรมการการศึกษาขั้นพื้นฐาน,สพป.เชียงใหม่ เขต 5,6,16.67,37.27,29.17,17.18,33.33,47.14,37.50,23.94,16.67,16.67,41.67,34.36,8.33,18.63,38.89,35.57,41.67,34.36
2567,บ้านขุนแม่ตื่นน้อย,อมก๋อย,เล็ก,นอกเมือง,สำนักงานคณะกรรมการการศึกษาขั้นพื้นฐาน,สพป.เชียงใหม่ เขต 5,9,100.00,0.00,50.00,23.57,0.00,0.00,31.94,17.79,22.22,35.14,38.89,20.79,11.11,20.79,40.74,20.95,33.33,33.33
2567,บ้านซิแบร,อมก๋อย,เล็ก,นอกเมือง,สำนักงานคณะกรรมการการศึกษาขั้นพื้นฐาน,สพป.เชียงใหม่ เขต 5,41,36.59,48.17,20.73,28.64,21.95,41.39,21.04,18.40,32.52,22.68,30.49,38.06,14.63,27.59,28.46,27.11,34.15,33.93
2567,บ้านตุงติง,อมก๋อย,เล็ก,นอกเมือง,สำนักงานคณะกรรมการการศึกษาขั้นพื้นฐาน,สพป.เชียงใหม่ เขต 5,18,38.89,48.75,30.56,27.07,27.78,44.79,34.03,25.28,18.52,22.83,41.67,34.36,11.11,20.79,42.59,26.77,41.67,30.05
2567,บ้านตุงลอย,อมก๋อย,กลาง,นอกเมือง,สำนักงานคณะกรรมการการศึกษาขั้นพื้นฐาน,สพป.เชียงใหม่ เขต 5,33,81.82,38.57,36.36,29.57,42.42,49.42,24.24,18.45,30.30,26.42,36.36,28.26,10.61,20.44,36.36,26.42,43.94,34.28
2567,บ้านทุ่งจำเริง,อมก๋อย,เล็ก,นอกเมือง,สำนักงานคณะกรรมการการศึกษาขั้นพื้นฐาน,สพป.เชียงใหม่ เขต 5,9,55.56,49.69,44.44,25.76,22.22,41.57,33.33,18.63,29.63,18.89,50.00,23.57,16.67,23.57,59.26,46.55,33.33,33.33
2567,บ้านนาเกียน,อมก๋อย,เล็ก,นอกเมือง,สำนักงานคณะกรรมการการศึกษาขั้นพื้นฐาน,สำนักงานเขตพื้นที่การศึกษามัธยมศึกษาเชียงใหม่,20,50.00,50.00,40.00,30.00,50.00,50.00,37.50,18.11,13.33,22.11,45.00,35.00,7.50,17.85,33.33,31.62,45.00,21.79
2567,บ้านนาไคร้,อมก๋อย,เล็ก,นอกเมือง,สำนักงานคณะกรรมการการศึกษาขั้นพื้นฐาน,สพป.เชียงใหม่ เขต 5,13,38.46,48.65,26.92,28.52,23.08,42.13,25.96,17.99,30.77,20.51,38.46,34.83,15.38,30.28,35.90,24.33,50.00,39.22
2567,บ้านใบหนา,อมก๋อย,เล็ก,นอกเมือง,สำนักงานคณะกรรมการการศึกษาขั้นพื้นฐาน,สพป.เชียงใหม่ เขต 5,15,13.33,33.99,50.00,12.91,33.33,47.14,29.17,24.86,22.22,28.97,20.00,24.49,0.00,0.00,40.00,30.31,40.00,37.42
2567,บ้านผาปูน,อมก๋อย,เล็ก,นอกเมือง,สำนักงานคณะกรรมการการศึกษาขั้นพื้นฐาน,สพป.เชียงใหม่ เขต 5,26,19.23,39.41,50.96,26.39,34.62,47.57,34.62,26.47,34.62,29.93,38.46,34.83,25.00,28.59,43.59,33.04,38.46,25.22
2567,บ้านผีปานเหนือ,อมก๋อย,กลาง,นอกเมือง,สำนักงานคณะกรรมการการศึกษาขั้นพื้นฐาน,สพป.เชียงใหม่ เขต 5,36,30.56,46.06,34.03,32.89,52.78,49.92,25.69,22.81,22.22,20.79,30.56,33.91,12.50,21.65,32.41,26.63,44.44,34.92
2567,บ้านมูเซอ,อมก๋อย,กลาง,นอกเมือง,สำนักงานคณะกรรมการการศึกษาขั้นพื้นฐาน,สพป.เชียงใหม่ เขต 5,22,31.82,46.58,47.73,29.11,18.18,38.57,23.30,23.32,27.27,25.89,36.36,26.89,11.36,25.81,19.70,21.69,31.82,32.14
2567,บ้านแม่โขง,อมก๋อย,เล็ก,นอกเมือง,สำนักงานคณะกรรมการการศึกษาขั้นพื้นฐาน,สพป.เชียงใหม่ เขต 5,6,16.67,37.27,50.00,28.87,0.00,0.00,22.92,20.94,16.67,16.67,41.67,18.63,25.00,38.19,38.89,40.45,58.33,44.88
2567,บ้านแม่ต๋อม,อมก๋อย,กลาง,นอกเมือง,สำนักงานคณะกรรมการการศึกษาขั้นพื้นฐาน,สพป.เชียงใหม่ เขต 5,38,76.32,42.51,39.47,29.04,44.74,49.72,25.33,16.84,21.93,23.29,38.16,35.23,15.79,25.92,48.25,26.15,43.42,36.58
2567,บ้านแม่ตื่น,อมก๋อย,เล็ก,นอกเมือง,สำนักงานคณะกรรมการการศึกษาขั้นพื้นฐาน,สพป.เชียงใหม่ เขต 5,5,60.00,48.99,30.00,36.74,40.00,48.99,22.50,20.00,46.67,26.67,30.00,24.49,50.00,31.62,26.67,13.33,40.00,37.42
2567,บ้านแม่ลานหลวง,อมก๋อย,เล็ก,นอกเมือง,สำนักงานคณะกรรมการการศึกษาขั้นพื้นฐาน,สพป.เชียงใหม่ เขต 5,17,52.94,49.91,41.18,29.63,23.53,42.42,36.03,15.97,29.41,27.73,20.59,29.99,14.71,28.52,45.10,30.12,47.06,20.80
2567,บ้านแม่ลานหลวง สาขาบ้านดอยซาง,อมก๋อย,เล็ก,นอกเมือง,สำนักงานคณะกรรมการการศึกษาขั้นพื้นฐาน,สพป.เชียงใหม่ เขต 5,12,66.67,47.14,39.58,37.44,25.00,43.30,34.38,19.85,19.44,16.43,45.83,24.65,8.33,18.63,41.67,27.64,25.00,25.00
2567,บ้านแม่สะเต,อมก๋อย,เล็ก,นอกเมือง,สำนักงานคณะกรรมการการศึกษาขั้นพื้นฐาน,สพป.เชียงใหม่ เขต 5,14,50.00,50.00,37.50,33.74,28.57,45.18,12.50,11.57,26.19,28.67,25.00,25.00,25.00,25.00,19.05,20.76,17.86,23.96
2567,บ้านแม่หลองน้อย,อมก๋อย,เล็ก,นอกเมือง,สำนักงานคณะกรรมการการศึกษาขั้นพื้นฐาน,สพป.เชียงใหม่ เขต 5,12,33.33,47.14,27.08,18.98,41.67,49.30,16.67,11.79,19.44,21.34,25.00,32.27,25.00,25.00,47.22,28.73,54.17,37.96
2567,บ้านแม่อ่างขาง,อมก๋อย,เล็ก,นอกเมือง,สำนักงานคณะกรรมการการศึกษาขั้นพื้นฐาน,สพป.เชียงใหม่ เขต 5,21,28.57,45.18,34.52,34.05,38.10,48.56,36.31,18.05,20.63,28.13,40.48,24.97,21.43,32.99,46.03,28.13,40.48,39.70
2567,บ้านยางแก้ว,อมก๋อย,เล็ก,นอกเมือง,สำนักงานคณะกรรมการการศึกษาขั้นพื้นฐาน,สพป.เชียงใหม่ เขต 5,19,63.16,48.24,38.16,24.83,52.63,49.93,24.34,13.12,21.05,22.19,26.32,33.91,21.05,24.69,35.09,29.57,26.32,33.91
2567,บ้านยางครก,อมก๋อย,เล็ก,นอกเมือง,สำนักงานคณะกรรมการการศึกษาขั้นพื้นฐาน,สพป.เชียงใหม่ เขต 5,26,65.38,47.57,28.85,27.47,34.62,47.57,21.15,24.94,26.92,22.68,42.31,30.04,30.77,28.00,44.87,27.65,46.15,33.75
2567,บ้านยางเปา,อมก๋อย,กลาง,นอกเมือง,สำนักงานคณะกรรมการการศึกษาขั้นพื้นฐาน,สพป.เชียงใหม่ เขต 5,36,47.22,49.92,36.81,29.75,25.00,43.30,35.07,23.90,31.48,25.99,26.39,30.01,20.83,24.65,37.96,25.03,38.89,33.56
2567,บ้านยางเปียง,อมก๋อย,เล็ก,นอกเมือง,สำนักงานคณะกรรมการการศึกษาขั้นพื้นฐาน,สพป.เชียงใหม่ เขต 5,19,68.42,46.48,43.42,31.25,42.11,49.37,42.11,22.66,19.30,22.47,42.11,33.49,21.05,24.69,35.09,35.00,50.00,22.94
2567,บ้านสบลาน,อมก๋อย,กลาง,นอกเมือง,สำนักงานคณะกรรมการการศึกษาขั้นพื้นฐาน,สพป.เชียงใหม่ เขต 5,22,22.73,41.91,38.64,20.95,13.64,34.32,31.82,18.74,22.73,25.40,38.64,33.48,18.18,28.39,27.27,27.77,36.36,34.32
2567,บ้านหลวง,อมก๋อย,เล็ก,นอกเมือง,สำนักงานคณะกรรมการการศึกษาขั้นพื้นฐาน,สพป.เชียงใหม่ เขต 5,22,77.27,41.91,40.91,24.48,45.45,49.79,40.91,24.19,30.30,31.64,54.55,36.65,22.73,29.11,54.55,35.60,47.73,31.90
2567,บ้านห้วยโค้ง,อมก๋อย,กลาง,นอกเมือง,สำนักงานคณะกรรมการการศึกษาขั้นพื้นฐาน,สพป.เชียงใหม่ เขต 5,41,31.71,46.53,33.54,33.41,19.51,39.63,27.44,15.67,28.46,25.03,29.27,36.59,21.95,27.16,26.02,21.48,37.80,32.72
2567,บ้านห้วยน้ำขาว,อมก๋อย,กลาง,นอกเมือง,สำนักงานคณะกรรมการการศึกษาขั้นพื้นฐาน,สพป.เชียงใหม่ เขต 5,32,43.75,49.61,27.34,27.50,56.25,49.61,20.31,14.91,26.04,23.18,35.94,37.99,23.44,30.58,36.46,26.82,35.94,33.62
2567,บ้านห้วยไม้หก,อมก๋อย,เล็ก,นอกเมือง,สำนักงานคณะกรรมการการศึกษาขั้นพื้นฐาน,สพป.เชียงใหม่ เขต 5,13,38.46,48.65,55.77,32.75,30.77,46.15,38.46,19.89,33.33,22.65,53.85,41.42,11.54,21.07,53.85,27.85,50.00,33.97
2567,บ้านห้วยหล่อดูก,อมก๋อย,เล็ก,นอกเมือง,สำนักงานคณะกรรมการการศึกษาขั้นพื้นฐาน,สพป.เชียงใหม่ เขต 5,15,46.67,49.89,46.67,28.67,40.00,48.99,23.33,13.59,24.44,22.66,56.67,30.91,20.00,30.55,42.22,30.95,53.33,38.59
2567,บ้านห่างหลวง,อมก๋อย,เล็ก,นอกเมือง,สำนักงานคณะกรรมการการศึกษาขั้นพื้นฐาน,สพป.เชียงใหม่ เขต 5,13,38.46,48.65,30.77,29.67,30.77,46.15,32.69,12.54,35.90,27.62,38.46,28.78,0.00,0.00,23.08,24.05,38.46,28.78
2567,บ้านอูตูม,อมก๋อย,กลาง,นอกเมือง,สำนักงานคณะกรรมการการศึกษาขั้นพื้นฐาน,สพป.เชียงใหม่ เขต 5,39,17.95,38.38,32.69,30.57,46.15,49.85,27.24,17.65,23.93,27.16,42.31,38.46,24.36,29.68,23.08,28.40,34.62,36.08
2567,รางวัลอินทิราคานธี,อมก๋อย,เล็ก,นอกเมือง,กองบัญชาการตำรวจตระเวนชายแดน,-,10,10.00,30.00,50.00,29.58,40.00,48.99,32.50,16.01,43.33,36.67,25.00,33.54,25.00,40.31,33.33,25.82,30.00,33.17
2567,ชุมชนบ้านท่าข้าม,ฮอด,กลาง,นอกเมือง,สำนักงานคณะกรรมการการศึกษาขั้นพื้นฐาน,สพป.เชียงใหม่ เขต 5,48,62.50,48.41,34.90,30.93,39.58,48.90,39.58,21.40,27.08,29.39,45.83,30.33,26.04,28.85,45.14,27.63,48.96,34.60
2567,ชุมชนบ้านแม่ทัง,ฮอด,เล็ก,นอกเมือง,สำนักงานคณะกรรมการการศึกษาขั้นพื้นฐาน,สพป.เชียงใหม่ เขต 5,5,20.00,40.00,45.00,40.00,20.00,40.00,30.00,26.93,6.67,13.33,40.00,37.42,30.00,24.49,53.33,45.22,70.00,24.49
2567,บ้านกองลอย,ฮอด,กลาง,นอกเมือง,สำนักงานคณะกรรมการการศึกษาขั้นพื้นฐาน,สพป.เชียงใหม่ เขต 5,29,41.38,49.25,39.66,31.15,51.72,49.97,28.88,17.09,32.18,26.96,39.66,38.01,17.24,27.15,39.08,33.98,51.72,35.92
2567,บ้านกองหิน,ฮอด,เล็ก,นอกเมือง,สำนักงานคณะกรรมการการศึกษาขั้นพื้นฐาน,สพป.เชียงใหม่ เขต 5,5,80.00,40.00,40.00,20.00,40.00,48.99,45.00,16.96,26.67,24.94,50.00,31.62,30.00,40.00,60.00,24.94,60.00,20.00
2567,บ้านกิ่วลม,ฮอด,เล็ก,นอกเมือง,สำนักงานคณะกรรมการการศึกษาขั้นพื้นฐาน,สพป.เชียงใหม่ เขต 5,9,33.33,47.14,25.00,20.41,66.67,47.14,38.89,18.11,37.04,24.57,27.78,34.25,5.56,15.71,44.44,31.43,61.11,39.28
2567,บ้านขุน,ฮอด,เล็ก,นอกเมือง,สำนักงานคณะกรรมการการศึกษาขั้นพื้นฐาน,สพป.เชียงใหม่ เขต 5,6,66.67,47.14,29.17,22.44,33.33,47.14,27.08,18.28,27.78,22.91,41.67,34.36,25.00,25.00,33.33,19.25,41.67,34.36
2567,บ้านแควมะกอก,ฮอด,กลาง,นอกเมือง,สำนักงานคณะกรรมการการศึกษาขั้นพื้นฐาน,สพป.เชียงใหม่ เขต 5,17,41.18,49.22,30.88,30.35,64.71,47.79,27.21,18.31,23.53,22.18,41.18,30.85,8.82,19.06,56.86,29.74,61.76,27.28
2567,บ้านโค้งงาม,ฮอด,เล็ก,นอกเมือง,สำนักงานคณะกรรมการการศึกษาขั้นพื้นฐาน,สพป.เชียงใหม่ เขต 5,4,25.00,43.30,25.00,17.68,75.00,43.30,37.50,17.68,33.33,23.57,12.50,21.65,25.00,43.30,25.00,14.43,37.50,21.65
2567,บ้านดงดำ,ฮอด,เล็ก,นอกเมือง,สำนักงานคณะกรรมการการศึกษาขั้นพื้นฐาน,สพป.เชียงใหม่ เขต 5,6,66.67,47.14,25.00,35.36,83.33,37.27,29.17,22.44,33.33,27.22,41.67,44.88,33.33,23.57,16.67,16.67,66.67,23.57
2567,บ้านดอกแดง,ฮอด,เล็ก,นอกเมือง,สำนักงานคณะกรรมการการศึกษาขั้นพื้นฐาน,สพป.เชียงใหม่ เขต 5,9,33.33,47.14,50.00,26.35,22.22,41.57,33.33,24.30,33.33,15.71,16.67,23.57,5.56,15.71,48.15,22.83,44.44,43.74
2567,บ้านดอยคำ,ฮอด,เล็ก,นอกเมือง,สำนักงานคณะกรรมการการศึกษาขั้นพื้นฐาน,สพป.เชียงใหม่ เขต 5,9,77.78,41.57,50.00,35.36,66.67,47.14,31.94,22.14,25.93,20.95,33.33,33.33,5.56,15.71,25.93,26.19,38.89,20.79
2567,บ้านเด่นวิทยา,ฮอด,เล็ก,นอกเมือง,สำนักงานคณะกรรมการการศึกษาขั้นพื้นฐาน,สพป.เชียงใหม่ เขต 5,6,66.67,47.14,41.67,18.63,66.67,47.14,31.25,20.09,16.67,16.67,41.67,44.88,25.00,38.19,38.89,22.91,58.33,18.63
2567,บ้านตาลใต้,ฮอด,เล็ก,นอกเมือง,สำนักงานคณะกรรมการการศึกษาขั้นพื้นฐาน,สพป.เชียงใหม่ เขต 5,6,83.33,37.27,12.50,12.50,50.00,50.00,18.75,11.97,33.33,27.22,16.67,23.57,16.67,23.57,55.56,24.85,33.33,23.57
2567,บ้านตาลเหนือ,ฮอด,เล็ก,นอกเมือง,สำนักงานคณะกรรมการการศึกษาขั้นพื้นฐาน,สพป.เชียงใหม่ เขต 5,14,50.00,50.00,28.57,32.54,64.29,47.92,21.43,16.66,19.05,16.50,46.43,29.67,35.71,29.45,30.95,32.03,53.57,22.87
2567,บ้านตีนตก,ฮอด,เล็ก,นอกเมือง,สำนักงานคณะกรรมการการศึกษาขั้นพื้นฐาน,สพป.เชียงใหม่ เขต 5,4,50.00,50.00,37.50,27.95,25.00,43.30,28.13,18.49,16.67,16.67,50.00,0.00,37.50,21.65,25.00,14.43,37.50,21.65
2567,บ้านเตียนอาง,ฮอด,เล็ก,นอกเมือง,สำนักงานคณะกรรมการการศึกษาขั้นพื้นฐาน,สพป.เชียงใหม่ เขต 5,9,44.44,49.69,33.33,28.87,55.56,49.69,43.06,21.34,18.52,27.72,33.33,40.82,44.44,36.85,22.22,22.22,55.56,28.33
2567,บ้านทุ่ง,ฮอด,เล็ก,นอกเมือง,สำนักงานคณะกรรมการการศึกษาขั้นพื้นฐาน,สพป.เชียงใหม่ เขต 5,3,33.33,47.14,66.67,23.57,66.67,47.14,37.50,0.00,44.44,31.43,66.67,23.57,50.00,40.82,44.44,15.71,50.00,0.00
2567,บ้านทุ่งโป่ง,ฮอด,เล็ก,นอกเมือง,สำนักงานคณะกรรมการการศึกษาขั้นพื้นฐาน,สพป.เชียงใหม่ เขต 5,12,16.67,37.27,35.42,34.55,41.67,49.30,26.04,18.01,16.67,21.52,41.67,27.64,4.17,13.82,22.22,24.85,41.67,34.36
2567,บ้านนาคอเรือ,ฮอด,เล็ก,นอกเมือง,สำนักงานคณะกรรมการการศึกษาขั้นพื้นฐาน,สพป.เชียงใหม่ เขต 5,20,90.00,30.00,46.25,18.16,45.00,49.75,54.38,17.35,55.00,26.40,50.00,35.36,30.00,29.15,63.33,27.69,55.00,15.00
2567,บ้านนาฟ่อน,ฮอด,เล็ก,นอกเมือง,สำนักงานคณะกรรมการการศึกษาขั้นพื้นฐาน,สพป.เชียงใหม่ เขต 5,13,61.54,48.65,44.23,29.67,61.54,48.65,47.12,14.83,41.03,26.65,38.46,34.83,38.46,28.78,56.41,27.38,53.85,36.49
2567,บ้านบ่อสลี,ฮอด,เล็ก,นอกเมือง,สำนักงานคณะกรรมการการศึกษาขั้นพื้นฐาน,สพป.เชียงใหม่ เขต 5,3,100.00,0.00,50.00,0.00,33.33,47.14,45.83,21.25,22.22,31.43,33.33,47.14,66.67,23.57,22.22,31.43,66.67,23.57
2567,บ้านบ่อหลวง,ฮอด,กลาง,นอกเมือง,สำนักงานคณะกรรมการการศึกษาขั้นพื้นฐาน,สพป.เชียงใหม่ เขต 5,21,80.95,39.27,32.14,29.01,33.33,47.14,27.98,17.21,26.98,28.39,64.29,34.99,14.29,22.59,50.79,31.90,64.29,31.41
2567,บ้านผาแตน,ฮอด,เล็ก,นอกเมือง,สำนักงานคณะกรรมการการศึกษาขั้นพื้นฐาน,สพป.เชียงใหม่ เขต 5,11,18.18,38.57,38.64,19.55,54.55,49.79,29.55,24.00,24.24,24.99,22.73,32.78,4.55,14.37,33.33,20.10,36.36,30.83
2567,บ้านพุย,ฮอด,เล็ก,นอกเมือง,สำนักงานคณะกรรมการการศึกษาขั้นพื้นฐาน,สพป.เชียงใหม่ เขต 5,25,32.00,46.65,32.00,26.94,48.00,49.96,31.50,22.67,24.00,24.07,28.00,28.57,24.00,28.71,36.00,28.16,36.00,30.07
2567,บ้านแม่งูด,ฮอด,เล็ก,นอกเมือง,สำนักงานคณะกรรมการการศึกษาขั้นพื้นฐาน,สพป.เชียงใหม่ เขต 5,8,87.50,33.07,37.50,17.68,37.50,48.41,26.56,20.19,20.83,23.20,50.00,25.00,37.50,41.46,70.83,26.02,62.50,33.07
2567,บ้านแม่ลอง,ฮอด,เล็ก,นอกเมือง,สำนักงานคณะกรรมการการศึกษาขั้นพื้นฐาน,สพป.เชียงใหม่ เขต 5,6,100.00,0.00,37.50,34.61,83.33,37.27,43.75,17.31,16.67,25.46,41.67,34.36,16.67,37.27,55.56,36.85,75.00,25.00
2567,บ้านแม่ลาย,ฮอด,เล็ก,นอกเมือง,สำนักงานคณะกรรมการการศึกษาขั้นพื้นฐาน,สพป.เชียงใหม่ เขต 5,14,92.86,25.75,32.14,22.02,50.00,50.00,29.46,19.82,28.57,24.74,25.00,25.00,3.57,12.88,47.62,27.36,53.57,35.17
2567,บ้านแม่ลายเหนือ,ฮอด,เล็ก,นอกเมือง,สำนักงานคณะกรรมการการศึกษาขั้นพื้นฐาน,สพป.เชียงใหม่ เขต 5,15,73.33,44.22,33.33,23.57,40.00,48.99,40.83,21.15,40.00,24.94,33.33,29.81,13.33,22.11,35.56,25.72,40.00,20.00
2567,บ้านแม่สะนาม,ฮอด,เล็ก,นอกเมือง,สำนักงานคณะกรรมการการศึกษาขั้นพื้นฐาน,สพป.เชียงใหม่ เขต 5,4,25.00,43.30,12.50,12.50,0.00,0.00,37.50,38.53,41.67,43.30,37.50,21.65,25.00,43.30,58.33,27.64,37.50,41.46
2567,บ้านแม่อมลอง,ฮอด,เล็ก,นอกเมือง,สำนักงานคณะกรรมการการศึกษาขั้นพื้นฐาน,สพป.เชียงใหม่ เขต 5,9,22.22,41.57,41.67,31.18,55.56,49.69,33.33,17.68,11.11,15.71,27.78,41.57,16.67,23.57,14.81,22.83,22.22,24.85
2567,บ้านวังกอง,ฮอด,เล็ก,นอกเมือง,สำนักงานคณะกรรมการการศึกษาขั้นพื้นฐาน,สพป.เชียงใหม่ เขต 5,8,50.00,50.00,25.00,25.00,87.50,33.07,37.50,16.54,41.67,32.27,50.00,35.36,12.50,21.65,58.33,27.64,68.75,34.80
2567,บ้านวังลุง,ฮอด,เล็ก,นอกเมือง,สำนักงานคณะกรรมการการศึกษาขั้นพื้นฐาน,สพป.เชียงใหม่ เขต 5,12,91.67,27.64,41.67,25.69,58.33,49.30,34.38,17.77,25.00,19.84,54.17,13.82,16.67,23.57,38.89,38.09,54.17,37.96
2567,บ้านหางดง,ฮอด,เล็ก,นอกเมือง,สำนักงานคณะกรรมการการศึกษาขั้นพื้นฐาน,สพป.เชียงใหม่ เขต 5,6,100.00,0.00,37.50,19.09,50.00,50.00,33.33,22.44,22.22,15.71,41.67,34.36,8.33,18.63,27.78,29.92,41.67,18.63
2567,ฟ้าใส,ฮอด,เล็ก,นอกเมือง,สำนักงานคณะกรรมการส่งเสริมการศึกษาเอกชน,-,12,83.33,37.27,43.75,30.83,50.00,50.00,55.21,19.40,41.67,27.64,54.17,32.00,16.67,23.57,83.33,16.67,75.00,25.00
2567,แม่โถวิทยาคม,ฮอด,กลาง,นอกเมือง,สำนักงานคณะกรรมการการศึกษาขั้นพื้นฐาน,สพป.เชียงใหม่ เขต 5,51,52.94,49.91,39.22,27.68,68.63,46.40,29.66,20.70,26.14,22.20,30.39,32.96,36.27,28.14,32.03,28.74,44.12,36.58
2566,บ้านขุนแม่รวม,กัลยาณิวัฒนา,เล็ก,นอกเมือง,สำนักงานคณะกรรมการการศึกษาขั้นพื้นฐาน,สพป.เชียงใหม่ เขต 6,21,23.81,42.59,30.95,26.62,23.81,42.59,33.93,19.34,15.87,19.57,40.48,33.16,38.10,34.17,22.22,21.41,38.10,37.50
2566,บ้านจันทร์,กัลยาณิวัฒนา,เล็ก,นอกเมือง,สำนักงานคณะกรรมการการศึกษาขั้นพื้นฐาน,สพป.เชียงใหม่ เขต 6,12,58.33,49.30,31.25,25.26,41.67,49.30,41.67,26.19,30.56,31.79,54.17,32.00,37.50,29.76,38.89,32.87,29.17,32.00
2566,บ้านจันทร์ สาขาแจ่มน้อย,กัลยาณิวัฒนา,เล็ก,นอกเมือง,สำนักงานคณะกรรมการการศึกษาขั้นพื้นฐาน,สพป.เชียงใหม่ เขต 6,11,63.64,48.10,31.82,18.74,9.09,28.75,40.91,26.16,39.39,31.20,18.18,24.05,40.91,28.75,15.15,21.85,40.91,35.79
2566,บ้านแจ่มหลวง,กัลยาณิวัฒนา,เล็ก,นอกเมือง,สำนักงานคณะกรรมการการศึกษาขั้นพื้นฐาน,สพป.เชียงใหม่ เขต 6,13,38.46,48.65,26.92,34.62,46.15,49.85,31.73,16.71,51.28,30.98,38.46,39.97,30.77,24.33,28.21,12.03,34.62,36.08
2566,บ้านแม่แดดน้อย,กัลยาณิวัฒนา,เล็ก,นอกเมือง,สำนักงานคณะกรรมการการศึกษาขั้นพื้นฐาน,สพป.เชียงใหม่ เขต 6,6,50.00,50.00,37.50,37.50,33.33,47.14,41.67,23.57,33.33,27.22,41.67,44.88,41.67,34.36,33.33,19.25,41.67,18.63
2566,บ้านแม่แดดน้อย สาขาบ้านดงสามหมื่น,กัลยาณิวัฒนา,เล็ก,นอกเมือง,สำนักงานคณะกรรมการการศึกษาขั้นพื้นฐาน,สพป.เชียงใหม่ เขต 6,14,50.00,50.00,57.14,19.88,28.57,45.18,14.29,17.59,11.90,20.34,46.43,35.17,28.57,31.13,28.57,24.74,39.29,43.01
2566,บ้านแม่ตะละ,กัลยาณิวัฒนา,เล็ก,นอกเมือง,สำนักงานคณะกรรมการการศึกษาขั้นพื้นฐาน,สพป.เชียงใหม่ เขต 6,18,33.33,47.14,37.50,33.59,33.33,47.14,47.22,14.76,38.89,31.91,44.44,43.74,41.67,34.36,27.78,22.91,22.22,29.92
2566,บ้านแม่ตะละเหนือ,กัลยาณิวัฒนา,เล็ก,นอกเมือง,สำนักงานคณะกรรมการการศึกษาขั้นพื้นฐาน,สพป.เชียงใหม่ เขต 6,6,16.67,37.27,41.67,23.57,0.00,0.00,45.83,11.79,44.44,24.85,16.67,23.57,41.67,34.36,22.22,24.85,41.67,44.88
2566,บ้านห้วยยา,กัลยาณิวัฒนา,เล็ก,นอกเมือง,สำนักงานคณะกรรมการการศึกษาขั้นพื้นฐาน,สพป.เชียงใหม่ เขต 6,16,50.00,50.00,25.00,27.95,31.25,46.35,36.72,18.99,29.17,23.20,34.38,38.40,34.38,29.15,39.58,17.55,28.13,30.46
2566,บ้านหัวยปู,กัลยาณิวัฒนา,เล็ก,นอกเมือง,สำนักงานคณะกรรมการการศึกษาขั้นพื้นฐาน,สพป.เชียงใหม่ เขต 6,16,56.25,49.61,39.06,33.03,18.75,39.03,47.66,26.60,54.17,37.03,40.63,26.33,37.50,37.50,20.83,28.57,31.25,34.80
2566,สามัคคีสันม่วง,กัลยาณิวัฒนา,เล็ก,นอกเมือง,สำนักงานคณะกรรมการการศึกษาขั้นพื้นฐาน,สพป.เชียงใหม่ เขต 6,22,45.45,49.79,39.77,31.68,27.27,44.54,34.66,21.95,30.30,28.26,27.27,24.90,15.91,23.29,33.33,24.62,27.27,29.11
2566,ณัทชวิทย์,จอมทอง,เล็ก,นอกเมือง,สำนักงานคณะกรรมการส่งเสริมการศึกษาเอกชน,-,9,100.00,0.00,33.33,23.57,22.22,41.57,63.89,18.11,48.15,31.86,77.78,24.85,77.78,34.25,40.74,30.54,55.56,36.85
2566,เทศบาลจอมทอง ๑ (ชุมชนบ้านข่วงเปาเหนือ),จอมทอง,กลาง,นอกเมือง,กรมส่งเสริมการปกครองท้องถิ่น,ท้องถิ่นจังหวัดเชียงใหม่,34,55.88,49.65,41.91,30.75,5.88,23.53,51.47,23.24,32.35,30.77,35.29,35.42,38.24,32.22,33.33,28.01,45.59,32.92
2566,ไทยรัฐวิทยา 79 (บ้านหนองอาบช้าง),จอมทอง,เล็ก,นอกเมือง,สำนักงานคณะกรรมการการศึกษาขั้นพื้นฐาน,สพป.เชียงใหม่ เขต 6,11,90.91,28.75,38.64,35.93,36.36,48.10,44.32,24.64,42.42,24.99,40.91,19.28,31.82,38.57,33.33,24.62,40.91,35.79
2566,นิยมไพรผาหมอนอินทนนท์,จอมทอง,เล็ก,นอกเมือง,สำนักงานคณะกรรมการการศึกษาขั้นพื้นฐาน,สพป.เชียงใหม่ เขต 6,14,21.43,41.03,33.93,29.29,14.29,34.99,51.79,20.52,26.19,31.32,25.00,31.34,42.86,37.12,26.19,25.75,35.71,29.45
2566,บ้านข่วงเปาใต้,จอมทอง,เล็ก,นอกเมือง,สำนักงานคณะกรรมการการศึกษาขั้นพื้นฐาน,สพป.เชียงใหม่ เขต 6,5,80.00,40.00,65.00,30.00,40.00,48.99,47.50,12.25,20.00,26.67,30.00,24.49,50.00,31.62,26.67,24.94,40.00,37.42
2566,บ้านขุนกลาง,จอมทอง,กลาง,นอกเมือง,สำนักงานคณะกรรมการการศึกษาขั้นพื้นฐาน,สพป.เชียงใหม่ เขต 6,42,59.52,49.08,44.05,26.62,19.05,39.27,51.19,20.38,40.48,30.46,30.95,34.42,47.62,32.65,26.98,23.27,30.95,26.62
2566,บ้านขุนกลาง สาขาแม่ยะน้อย,จอมทอง,เล็ก,นอกเมือง,สำนักงานคณะกรรมการการศึกษาขั้นพื้นฐาน,สพป.เชียงใหม่ เขต 6,9,44.44,49.69,38.89,33.56,22.22,41.57,34.72,31.06,14.81,22.83,22.22,24.85,38.89,39.28,18.52,16.56,22.22,24.85
2566,บ้านขุนแตะ,จอมทอง,เล็ก,นอกเมือง,สำนักงานคณะกรรมการการศึกษาขั้นพื้นฐาน,สพป.เชียงใหม่ เขต 6,13,38.46,48.65,30.77,22.26,30.77,46.15,42.31,13.46,25.64,19.19,30.77,24.33,34.62,30.28,28.21,34.21,11.54,21.07
2566,บ้านขุนแปะ,จอมทอง,เล็ก,นอกเมือง,สำนักงานคณะกรรมการการศึกษาขั้นพื้นฐาน,สพป.เชียงใหม่ เขต 6,24,33.33,47.14,27.08,35.29,20.83,40.61,35.94,23.19,19.44,23.41,37.50,36.08,27.08,35.29,22.22,24.85,47.92,36.74
2566,บ้านขุนแปะ สาขาแม่จร,จอมทอง,เล็ก,นอกเมือง,สำนักงานคณะกรรมการการศึกษาขั้นพื้นฐาน,สพป.เชียงใหม่ เขต 6,4,75.00,43.30,56.25,36.98,50.00,50.00,34.38,18.49,41.67,27.64,62.50,21.65,25.00,25.00,33.33,23.57,25.00,25.00
2566,บ้านขุนยะ,จอมทอง,เล็ก,นอกเมือง,สำนักงานคณะกรรมการการศึกษาขั้นพื้นฐาน,สพป.เชียงใหม่ เขต 6,7,0.00,0.00,46.43,31.13,28.57,45.18,30.36,18.73,42.86,34.34,42.86,31.94,57.14,41.65,33.33,25.20,50.00,26.73
2566,บ้านท่าข้าม,จอมทอง,เล็ก,นอกเมือง,สำนักงานคณะกรรมการการศึกษาขั้นพื้นฐาน,สพป.เชียงใหม่ เขต 6,5,60.00,48.99,15.00,20.00,20.00,40.00,60.00,25.50,26.67,38.87,20.00,24.49,50.00,44.72,26.67,13.33,50.00,31.62
2566,บ้านท่าหลุก,จอมทอง,เล็ก,นอกเมือง,สำนักงานคณะกรรมการการศึกษาขั้นพื้นฐาน,สพป.เชียงใหม่ เขต 6,4,75.00,43.30,25.00,25.00,0.00,0.00,53.13,18.49,25.00,27.64,62.50,21.65,50.00,50.00,16.67,16.67,25.00,25.00
2566,บ้านน้ำตกแม่กลาง,จอมทอง,เล็ก,นอกเมือง,สำนักงานคณะกรรมการการศึกษาขั้นพื้นฐาน,สพป.เชียงใหม่ เขต 6,8,37.50,48.41,28.13,23.18,25.00,43.30,35.94,19.20,33.33,33.33,37.50,33.07,25.00,25.00,37.50,19.98,50.00,35.36
2566,บ้านบนนา,จอมทอง,เล็ก,นอกเมือง,สำนักงานคณะกรรมการการศึกษาขั้นพื้นฐาน,สพป.เชียงใหม่ เขต 6,9,55.56,49.69,38.89,31.43,11.11,31.43,40.28,21.06,14.81,31.86,16.67,23.57,55.56,36.85,22.22,22.22,16.67,23.57
2566,บ้านปากทางท่าลี่,จอมทอง,เล็ก,นอกเมือง,สำนักงานคณะกรรมการการศึกษาขั้นพื้นฐาน,สพป.เชียงใหม่ เขต 6,4,25.00,43.30,25.00,17.68,50.00,50.00,50.00,25.00,41.67,27.64,37.50,21.65,75.00,25.00,33.33,0.00,37.50,21.65
2566,บ้านแปะ,จอมทอง,เล็ก,นอกเมือง,สำนักงานคณะกรรมการการศึกษาขั้นพื้นฐาน,สพป.เชียงใหม่ เขต 6,11,90.91,28.75,40.91,32.46,18.18,38.57,51.14,20.26,33.33,31.78,54.55,25.71,54.55,45.00,36.36,33.20,50.00,30.15
2566,บ้านเมืองกลาง,จอมทอง,เล็ก,นอกเมือง,สำนักงานคณะกรรมการการศึกษาขั้นพื้นฐาน,สพป.เชียงใหม่ เขต 6,7,28.57,45.18,50.00,29.88,42.86,49.49,48.21,14.06,33.33,35.63,21.43,24.74,57.14,31.94,28.57,27.77,35.71,22.59
2566,บ้านเมืองอาง,จอมทอง,เล็ก,นอกเมือง,สำนักงานคณะกรรมการการศึกษาขั้นพื้นฐาน,สพป.เชียงใหม่ เขต 6,9,22.22,41.57,41.67,28.87,11.11,31.43,13.89,19.93,25.93,34.35,33.33,23.57,27.78,24.85,33.33,27.22,50.00,40.82
2566,บ้านแม่ปอน,จอมทอง,เล็ก,นอกเมือง,สำนักงานคณะกรรมการการศึกษาขั้นพื้นฐาน,สพป.เชียงใหม่ เขต 6,19,31.58,46.48,26.32,30.86,42.11,49.37,16.45,15.73,28.07,24.81,26.32,29.77,34.21,28.34,17.54,16.64,34.21,36.46
2566,บ้านแม่สอย,จอมทอง,เล็ก,นอกเมือง,สำนักงานคณะกรรมการการศึกษาขั้นพื้นฐาน,สพป.เชียงใหม่ เขต 6,9,88.89,31.43,41.67,40.82,44.44,49.69,41.67,18.63,40.74,30.54,50.00,23.57,66.67,33.33,40.74,20.95,55.56,28.33
2566,บ้านโรงวัว,จอมทอง,เล็ก,นอกเมือง,สำนักงานคณะกรรมการการศึกษาขั้นพื้นฐาน,สพป.เชียงใหม่ เขต 6,12,33.33,47.14,33.33,25.69,25.00,43.30,57.29,19.40,61.11,35.57,70.83,32.00,58.33,18.63,61.11,35.57,41.67,34.36
2566,บ้านสบแจ่มฝั่งซ้าย,จอมทอง,เล็ก,นอกเมือง,สำนักงานคณะกรรมการการศึกษาขั้นพื้นฐาน,สพป.เชียงใหม่ เขต 6,20,30.00,45.83,22.50,29.47,35.00,47.70,31.25,21.47,36.67,27.69,30.00,33.17,27.50,29.47,25.00,25.55,42.50,36.31
2566,บ้านสบเตี๊ยะ,จอมทอง,กลาง,นอกเมือง,สำนักงานคณะกรรมการการศึกษาขั้นพื้นฐาน,สพป.เชียงใหม่ เขต 6,9,66.67,47.14,11.11,17.12,55.56,49.69,34.72,21.87,22.22,27.22,33.33,33.33,33.33,33.33,40.74,26.19,50.00,33.33
2566,บ้านสบแปะ,จอมทอง,เล็ก,นอกเมือง,สำนักงานคณะกรรมการการศึกษาขั้นพื้นฐาน,สพป.เชียงใหม่ เขต 6,7,42.86,49.49,67.86,22.02,14.29,34.99,39.29,26.24,57.14,15.06,42.86,17.50,57.14,41.65,23.81,23.33,50.00,37.80
2566,บ้านหนองคัน,จอมทอง,เล็ก,นอกเมือง,สำนักงานคณะกรรมการการศึกษาขั้นพื้นฐาน,สพป.เชียงใหม่ เขต 6,4,75.00,43.30,43.75,10.83,25.00,43.30,62.50,12.50,50.00,16.67,37.50,21.65,50.00,0.00,58.33,36.32,62.50,21.65
2566,บ้านห้วยทราย,จอมทอง,เล็ก,นอกเมือง,สำนักงานคณะกรรมการการศึกษาขั้นพื้นฐาน,สพป.เชียงใหม่ เขต 6,10,30.00,45.83,40.00,25.50,20.00,40.00,40.00,19.20,30.00,23.33,45.00,41.53,20.00,33.17,26.67,29.06,30.00,24.49
2566,บ้านห้วยน้ำดิบ,จอมทอง,เล็ก,นอกเมือง,สำนักงานคณะกรรมการการศึกษาขั้นพื้นฐาน,สพป.เชียงใหม่ เขต 6,6,66.67,47.14,20.83,17.18,33.33,47.14,45.83,11.79,16.67,16.67,33.33,37.27,33.33,23.57,22.22,15.71,50.00,28.87
2566,บ้านห้วยม่วง,จอมทอง,เล็ก,นอกเมือง,สำนักงานคณะกรรมการการศึกษาขั้นพื้นฐาน,สพป.เชียงใหม่ เขต 6,4,75.00,43.30,37.50,41.46,50.00,50.00,25.00,23.39,33.33,40.82,50.00,35.36,25.00,25.00,16.67,16.67,37.50,21.65
2566,บ้านห้วยม่วงฝั่งซ้าย,จอมทอง,เล็ก,นอกเมือง,สำนักงานคณะกรรมการการศึกษาขั้นพื้นฐาน,สพป.เชียงใหม่ เขต 6,20,30.00,45.83,38.75,30.08,25.00,43.30,26.88,22.46,23.33,21.34,20.00,24.49,25.00,29.58,28.33,26.40,37.50,31.12
2566,บ้านห้วยส้มป่อย,จอมทอง,เล็ก,นอกเมือง,สำนักงานคณะกรรมการการศึกษาขั้นพื้นฐาน,สพป.เชียงใหม่ เขต 6,13,69.23,46.15,26.92,26.79,23.08,42.13,34.62,22.01,12.82,24.59,46.15,36.49,42.31,43.17,15.38,16.62,46.15,36.49
2566,บ้านห้วยสะแพด,จอมทอง,เล็ก,นอกเมือง,สำนักงานคณะกรรมการการศึกษาขั้นพื้นฐาน,สพป.เชียงใหม่ เขต 6,15,46.67,49.89,25.00,27.39,26.67,44.22,38.33,22.11,13.33,20.37,43.33,35.90,43.33,30.91,46.67,31.74,50.00,36.51
2566,บ้านหาดนาค,จอมทอง,เล็ก,นอกเมือง,สำนักงานคณะกรรมการการศึกษาขั้นพื้นฐาน,สพป.เชียงใหม่ เขต 6,6,50.00,50.00,50.00,28.87,16.67,37.27,37.50,10.21,33.33,27.22,25.00,25.00,50.00,40.82,27.78,29.92,33.33,23.57
2566,บ้านใหม่สารภี,จอมทอง,เล็ก,นอกเมือง,สำนักงานคณะกรรมการการศึกษาขั้นพื้นฐาน,สพป.เชียงใหม่ เขต 6,2,50.00,50.00,75.00,25.00,0.00,0.00,62.50,12.50,50.00,16.67,75.00,25.00,0.00,0.00,0.00,0.00,50.00,50.00
2566,ป่ากล้วยพัฒนา,จอมทอง,เล็ก,นอกเมือง,สำนักงานคณะกรรมการการศึกษาขั้นพื้นฐาน,สพป.เชียงใหม่ เขต 6,13,30.77,46.15,51.92,22.92,0.00,0.00,45.19,31.60,43.59,37.86,42.31,26.65,34.62,30.28,23.08,24.05,26.92,37.29
2566,วัดพระบาท,จอมทอง,เล็ก,นอกเมือง,สำนักงานคณะกรรมการการศึกษาขั้นพื้นฐาน,สพป.เชียงใหม่ เขต 6,4,25.00,43.30,75.00,30.62,0.00,0.00,28.13,18.49,33.33,23.57,37.50,21.65,25.00,25.00,41.67,27.64,50.00,35.36
2566,ศรีจอมทอง,จอมทอง,ใหญ่,นอกเมือง,สำนักงานคณะกรรมการการศึกษาขั้นพื้นฐาน,สพป.เชียงใหม่ เขต 6,114,71.93,44.93,48.90,33.83,34.21,47.44,61.84,24.83,56.43,31.26,56.14,33.86,47.37,34.31,40.35,24.77,57.46,30.52
2566,สุทธิวงศ์ดำรงวิทย์,จอมทอง,เล็ก,นอกเมือง,สำนักงานคณะกรรมการส่งเสริมการศึกษาเอกชน,-,9,66.67,47.14,50.00,28.87,11.11,31.43,62.50,13.18,22.22,22.22,44.44,36.85,50.00,40.82,37.04,18.89,55.56,36.85
2566,แกน้อยศึกษา,เชียงดาว,กลาง,นอกเมือง,สำนักงานคณะกรรมการการศึกษาขั้นพื้นฐาน,สพป.เชียงใหม่ เขต 3,12,16.67,37.27,37.50,23.94,8.33,27.64,42.71,25.75,19.44,16.43,37.50,36.08,20.83,24.65,30.56,21.34,45.83,37.96
2566,โครงการหลวงแกน้อย,เชียงดาว,กลาง,นอกเมือง,สำนักงานคณะกรรมการการศึกษาขั้นพื้นฐาน,สพป.เชียงใหม่ เขต 3,7,71.43,45.18,35.71,26.24,14.29,34.99,42.86,16.17,57.14,42.59,28.57,36.42,42.86,41.65,33.33,17.82,50.00,37.80
2566,เจ้าฟ้าอุบลรัตน์,เชียงดาว,เล็ก,นอกเมือง,สำนักงานคณะกรรมการส่งเสริมการศึกษาเอกชน,-,33,51.52,49.98,29.55,29.16,27.27,44.54,33.33,18.12,28.28,28.57,28.79,30.23,31.82,34.42,29.29,25.63,48.48,33.68
2566,ชุมชนบ้านเมืองงาย,เชียงดาว,กลาง,นอกเมือง,สำนักงานคณะกรรมการการศึกษาขั้นพื้นฐาน,สพป.เชียงใหม่ เขต 3,29,58.62,49.25,41.38,32.35,37.93,48.52,60.34,21.29,47.13,35.58,43.10,36.49,41.38,34.91,33.33,23.16,48.28,33.43
2566,ชุมชนบ้านวังจ๊อม,เชียงดาว,กลาง,นอกเมือง,สำนักงานคณะกรรมการการศึกษาขั้นพื้นฐาน,สพป.เชียงใหม่ เขต 3,11,54.55,49.79,38.64,22.27,0.00,0.00,57.95,22.15,39.39,34.28,31.82,24.05,27.27,24.90,30.30,22.27,40.91,28.75
2566,ดอยสามหมื่น,เชียงดาว,เล็ก,นอกเมือง,สำนักงานคณะกรรมการการศึกษาขั้นพื้นฐาน,สพป.เชียงใหม่ เขต 3,3,66.67,47.14,66.67,11.79,33.33,47.14,66.67,11.79,44.44,15.71,66.67,23.57,33.33,23.57,22.22,15.71,16.67,23.57
2566,ตชด.เฉลิมพระเกียรติฯ บ้านแกน้อย,เชียงดาว,เล็ก,นอกเมือง,กองบัญชาการตำรวจตระเวนชายแดน,-,22,27.27,44.54,34.09,29.72,18.18,38.57,37.50,25.00,24.24,32.07,29.55,32.54,29.55,28.84,27.27,25.89,31.82,32.14
2566,บ้านเชียงดาว,เชียงดาว,กลาง,นอกเมือง,สำนักงานคณะกรรมการการศึกษาขั้นพื้นฐาน,สพป.เชียงใหม่ เขต 3,94,45.74,49.82,36.17,29.09,20.21,40.16,53.72,23.19,41.49,29.85,39.89,31.44,44.15,34.87,32.62,25.72,47.34,29.51
2566,บ้านดอน,เชียงดาว,เล็ก,นอกเมือง,สำนักงานคณะกรรมการการศึกษาขั้นพื้นฐาน,สพป.เชียงใหม่ เขต 3,7,71.43,45.18,42.86,34.63,28.57,45.18,28.57,14.51,23.81,15.06,50.00,37.80,42.86,31.94,19.05,16.50,14.29,22.59
2566,บ้านถ้ำ,เชียงดาว,เล็ก,นอกเมือง,สำนักงานคณะกรรมการการศึกษาขั้นพื้นฐาน,สพป.เชียงใหม่ เขต 3,14,35.71,47.92,60.71,26.24,28.57,45.18,44.64,17.50,45.24,29.83,28.57,24.74,50.00,37.80,33.33,25.20,28.57,31.13
2566,บ้านทุ่งข้าวพวง,เชียงดาว,กลาง,นอกเมือง,สำนักงานคณะกรรมการการศึกษาขั้นพื้นฐาน,สพป.เชียงใหม่ เขต 3,17,58.82,49.22,33.82,27.04,35.29,47.79,38.24,17.92,35.29,26.74,52.94,26.96,29.41,24.61,29.41,25.26,47.06,26.96
2566,บ้านทุ่งละคร,เชียงดาว,เล็ก,นอกเมือง,สำนักงานคณะกรรมการการศึกษาขั้นพื้นฐาน,สพป.เชียงใหม่ เขต 3,3,100.00,0.00,33.33,23.57,33.33,47.14,37.50,27.00,44.44,15.71,33.33,23.57,33.33,47.14,33.33,0.00,66.67,23.57
2566,บ้านทุ่งหลุก,เชียงดาว,เล็ก,นอกเมือง,สำนักงานคณะกรรมการการศึกษาขั้นพื้นฐาน,สพป.เชียงใหม่ เขต 3,6,50.00,50.00,41.67,31.18,66.67,47.14,50.00,19.09,33.33,27.22,50.00,28.87,16.67,23.57,22.22,15.71,25.00,25.00
2566,บ้านนาหวาย,เชียงดาว,กลาง,นอกเมือง,สำนักงานคณะกรรมการการศึกษาขั้นพื้นฐาน,สพป.เชียงใหม่ เขต 3,30,43.33,49.55,41.67,27.64,16.67,37.27,52.08,22.38,47.78,34.08,48.33,37.60,43.33,35.90,37.78,25.43,46.67,25.60
2566,บ้านปางแดง,เชียงดาว,เล็ก,นอกเมือง,สำนักงานคณะกรรมการการศึกษาขั้นพื้นฐาน,สพป.เชียงใหม่ เขต 3,14,57.14,49.49,39.29,20.52,50.00,50.00,37.50,17.03,35.71,15.25,28.57,24.74,17.86,23.96,33.33,21.82,25.00,36.60
2566,บ้านปางเฟือง,เชียงดาว,เล็ก,นอกเมือง,สำนักงานคณะกรรมการการศึกษาขั้นพื้นฐาน,สพป.เชียงใหม่ เขต 3,10,50.00,50.00,42.50,29.69,40.00,48.99,53.75,18.58,40.00,29.06,55.00,26.93,20.00,33.17,23.33,21.34,30.00,33.17
2566,บ้านปางมะเยา,เชียงดาว,กลาง,นอกเมือง,สำนักงานคณะกรรมการการศึกษาขั้นพื้นฐาน,สพป.เชียงใหม่ เขต 3,16,62.50,48.41,50.00,31.87,25.00,43.30,43.75,18.75,43.75,32.74,34.38,34.09,25.00,30.62,29.17,26.02,50.00,35.36
2566,บ้านป่าบง,เชียงดาว,เล็ก,นอกเมือง,สำนักงานคณะกรรมการการศึกษาขั้นพื้นฐาน,สพป.เชียงใหม่ เขต 3,21,52.38,49.94,21.43,20.82,14.29,34.99,39.88,27.17,20.63,24.07,30.95,36.11,40.48,33.16,30.16,20.33,38.10,26.30
2566,บ้านเมืองคอง,เชียงดาว,เล็ก,นอกเมือง,สำนักงานคณะกรรมการการศึกษาขั้นพื้นฐาน,สพป.เชียงใหม่ เขต 3,9,77.78,41.57,50.00,23.57,33.33,47.14,58.33,22.82,40.74,26.19,38.89,39.28,16.67,23.57,37.04,24.57,50.00,23.57
2566,บ้านเมืองนะ,เชียงดาว,กลาง,นอกเมือง,สำนักงานคณะกรรมการการศึกษาขั้นพื้นฐาน,สพป.เชียงใหม่ เขต 3,29,37.93,48.52,38.79,30.50,31.03,46.26,43.53,24.48,36.78,29.48,34.48,32.44,39.66,27.48,27.59,27.78,53.45,31.98
2566,บ้านแม่กอนใน,เชียงดาว,เล็ก,นอกเมือง,สำนักงานคณะกรรมการการศึกษาขั้นพื้นฐาน,สพป.เชียงใหม่ เขต 3,14,64.29,47.92,50.00,34.07,0.00,0.00,30.36,26.61,21.43,20.34,28.57,31.13,42.86,45.74,38.10,24.74,28.57,36.42
2566,บ้านแม่นะ,เชียงดาว,กลาง,นอกเมือง,สำนักงานคณะกรรมการการศึกษาขั้นพื้นฐาน,สพป.เชียงใหม่ เขต 3,17,52.94,49.91,41.18,27.04,23.53,42.42,47.79,21.54,27.45,28.55,32.35,34.05,35.29,33.28,25.49,24.33,44.12,37.89
2566,บ้านแม่ป๋าม,เชียงดาว,เล็ก,นอกเมือง,สำนักงานคณะกรรมการการศึกษาขั้นพื้นฐาน,สพป.เชียงใหม่ เขต 3,14,21.43,41.03,46.43,37.63,7.14,25.75,34.82,16.49,45.24,27.04,42.86,31.94,46.43,29.67,23.81,15.06,35.71,22.59
2566,บ้านแม่แมะ,เชียงดาว,เล็ก,นอกเมือง,สำนักงานคณะกรรมการการศึกษาขั้นพื้นฐาน,สพป.เชียงใหม่ เขต 3,4,50.00,50.00,12.50,21.65,0.00,0.00,25.00,23.39,41.67,14.43,12.50,21.65,37.50,41.46,16.67,28.87,37.50,41.46
2566,บ้านแม่อ้อใน,เชียงดาว,เล็ก,นอกเมือง,สำนักงานคณะกรรมการการศึกษาขั้นพื้นฐาน,สพป.เชียงใหม่ เขต 3,21,38.10,48.56,21.43,23.51,33.33,47.14,47.62,24.59,53.97,34.85,33.33,23.57,38.10,26.30,23.81,27.49,33.33,38.83
2566,บ้านรินหลวง,เชียงดาว,เล็ก,นอกเมือง,สำนักงานคณะกรรมการการศึกษาขั้นพื้นฐาน,สพป.เชียงใหม่ เขต 3,24,66.67,47.14,31.25,24.21,33.33,47.14,35.94,24.56,20.83,18.79,22.92,32.21,29.17,32.00,22.22,20.79,27.08,28.79
2566,บ้านวังมะริว,เชียงดาว,เล็ก,นอกเมือง,สำนักงานคณะกรรมการการศึกษาขั้นพื้นฐาน,สพป.เชียงใหม่ เขต 3,10,40.00,48.99,42.50,31.72,30.00,45.83,36.25,20.50,13.33,16.33,30.00,33.17,35.00,32.02,30.00,23.33,35.00,39.05
2566,บ้านสบคาบ,เชียงดาว,เล็ก,นอกเมือง,สำนักงานคณะกรรมการการศึกษาขั้นพื้นฐาน,สพป.เชียงใหม่ เขต 3,8,75.00,43.30,18.75,20.73,25.00,43.30,51.56,28.25,25.00,27.64,43.75,39.03,62.50,33.07,29.17,30.90,25.00,25.00
2566,บ้านสันป่าเกี๊ยะ,เชียงดาว,เล็ก,นอกเมือง,สำนักงานคณะกรรมการการศึกษาขั้นพื้นฐาน,สพป.เชียงใหม่ เขต 3,5,40.00,48.99,40.00,25.50,20.00,40.00,40.00,25.50,33.33,29.81,40.00,20.00,30.00,40.00,40.00,24.94,30.00,40.00
2566,บ้านหนองเขียว,เชียงดาว,กลาง,นอกเมือง,สำนักงานคณะกรรมการการศึกษาขั้นพื้นฐาน,สพป.เชียงใหม่ เขต 3,24,50.00,50.00,22.92,30.55,33.33,47.14,26.04,18.37,26.39,23.53,27.08,35.29,29.17,32.00,20.83,23.20,29.17,35.11
2566,บ้านหนองแขม,เชียงดาว,เล็ก,นอกเมือง,กองบัญชาการตำรวจตระเวนชายแดน,-,10,30.00,45.83,25.00,11.18,30.00,45.83,35.00,18.37,13.33,22.11,35.00,32.02,5.00,15.00,16.67,22.36,25.00,25.00
2566,บ้านหนองบัว,เชียงดาว,เล็ก,นอกเมือง,สำนักงานคณะกรรมการการศึกษาขั้นพื้นฐาน,สพป.เชียงใหม่ เขต 3,13,53.85,49.85,26.92,22.92,23.08,42.13,24.04,15.86,12.82,20.83,34.62,30.28,34.62,30.28,28.21,25.64,53.85,36.49
2566,บ้านห้วยจะค่าน ตชด.อนุสรณ์,เชียงดาว,กลาง,นอกเมือง,สำนักงานคณะกรรมการการศึกษาขั้นพื้นฐาน,สพป.เชียงใหม่ เขต 3,20,30.00,45.83,35.00,32.98,15.00,35.71,31.25,20.35,15.00,16.58,30.00,29.15,27.50,29.47,21.67,21.79,25.00,29.58
2566,บ้านห้วยทรายขาว,เชียงดาว,เล็ก,นอกเมือง,สำนักงานคณะกรรมการการศึกษาขั้นพื้นฐาน,สพป.เชียงใหม่ เขต 3,6,83.33,37.27,29.17,9.32,50.00,50.00,45.83,31.18,27.78,22.91,50.00,28.87,33.33,23.57,44.44,24.85,33.33,37.27
2566,บ้านห้วยเป้า,เชียงดาว,เล็ก,นอกเมือง,กรมส่งเสริมการปกครองท้องถิ่น,ท้องถิ่นจังหวัดเชียงใหม่,19,63.16,48.24,56.58,41.23,10.53,30.69,61.18,23.26,43.86,35.95,50.00,36.27,50.00,36.27,42.11,30.29,52.63,30.23
2566,บ้านใหม่,เชียงดาว,เล็ก,นอกเมือง,สำนักงานคณะกรรมการการศึกษาขั้นพื้นฐาน,สพป.เชียงใหม่ เขต 3,6,83.33,37.27,41.67,34.36,33.33,47.14,50.00,31.46,38.89,22.91,33.33,37.27,33.33,23.57,22.22,15.71,41.67,18.63
2566,บ้านอรุโณทัย,เชียงดาว,ใหญ่พิเศษ,นอกเมือง,สำนักงานคณะกรรมการการศึกษาขั้นพื้นฐาน,สพป.เชียงใหม่ เขต 3,79,34.18,47.43,36.39,33.23,25.32,43.48,42.56,23.49,34.18,29.04,28.48,31.51,40.51,33.82,26.16,24.69,35.44,35.71
2566,บ้านออน,เชียงดาว,เล็ก,นอกเมือง,สำนักงานคณะกรรมการการศึกษาขั้นพื้นฐาน,สพป.เชียงใหม่ เขต 3,8,37.50,48.41,50.00,27.95,12.50,33.07,31.25,22.53,37.50,26.02,43.75,29.97,31.25,34.80,25.00,27.64,31.25,34.80
2566,เบญจม 2 บ้านน้ำรู,เชียงดาว,เล็ก,นอกเมือง,สำนักงานคณะกรรมการการศึกษาขั้นพื้นฐาน,สพป.เชียงใหม่ เขต 3,14,35.71,47.92,50.00,32.73,50.00,50.00,46.43,32.19,28.57,21.30,25.00,25.00,50.00,26.73,23.81,23.33,32.14,30.51
2566,พัฒนาต้นน้ำขุนคอง,เชียงดาว,เล็ก,นอกเมือง,สำนักงานคณะกรรมการการศึกษาขั้นพื้นฐาน,สพป.เชียงใหม่ เขต 3,26,34.62,47.57,36.54,27.93,30.77,46.15,44.71,26.89,26.92,22.68,23.08,28.52,30.77,31.25,25.64,21.30,40.38,34.02
2566,มิตรมวลชนเชียงใหม่,เชียงดาว,กลาง,นอกเมือง,สำนักงานคณะกรรมการการศึกษาขั้นพื้นฐาน,สพป.เชียงใหม่ เขต 3,9,77.78,41.57,30.56,34.92,11.11,31.43,37.50,29.46,40.74,43.82,33.33,33.33,50.00,23.57,29.63,18.89,50.00,33.33
2566,ราชประชานุเคราะห์ 61 จังหวัดเชียงใหม่,เชียงดาว,กลาง,นอกเมือง,สำนักบริหารงานการศึกษาพิเศษ,-,18,55.56,49.69,18.06,26.09,5.56,22.91,50.69,20.19,18.52,19.95,41.67,38.19,33.33,28.87,18.52,16.56,30.56,33.91
2566,วัดจอมคีรี,เชียงดาว,เล็ก,นอกเมือง,สำนักงานคณะกรรมการการศึกษาขั้นพื้นฐาน,สพป.เชียงใหม่ เขต 3,4,100.00,0.00,62.50,27.95,50.00,50.00,40.63,20.49,41.67,36.32,25.00,43.30,37.50,21.65,50.00,28.87,50.00,0.00
2566,วัดปางมะโอ,เชียงดาว,เล็ก,นอกเมือง,สำนักงานคณะกรรมการการศึกษาขั้นพื้นฐาน,สพป.เชียงใหม่ เขต 3,1,0.00,0.00,0.00,0.00,0.00,0.00,12.50,0.00,66.67,0.00,50.00,0.00,50.00,0.00,33.33,0.00,50.00,0.00
2566,ศีลรวี,เชียงดาว,กลาง,นอกเมือง,สำนักงานคณะกรรมการส่งเสริมการศึกษาเอกชน,-,54,40.74,49.14,25.46,25.23,27.78,44.79,58.56,23.79,38.27,32.34,37.04,30.71,55.56,36.85,32.72,23.56,42.59,31.04
2566,ฉัตรพฤกษ์วิทยา,ไชยปราการ,เล็ก,นอกเมือง,สำนักงานคณะกรรมการส่งเสริมการศึกษาเอกชน,-,17,52.94,49.91,23.53,27.75,23.53,42.42,40.44,25.19,43.14,29.74,38.24,27.28,38.24,36.50,23.53,22.18,47.06,31.95
2566,ชุมชนวัดศรีดงเย็น,ไชยปราการ,กลาง,นอกเมือง,สำนักงานคณะกรรมการการศึกษาขั้นพื้นฐาน,สพป.เชียงใหม่ เขต 3,36,50.00,50.00,52.78,32.69,19.44,39.58,39.24,27.66,43.52,27.01,48.61,32.24,52.78,33.22,25.93,29.51,37.50,27.32
2566,เทศบาล 1 ไชยปราการ,ไชยปราการ,กลาง,นอกเมือง,กรมส่งเสริมการปกครองท้องถิ่น,ท้องถิ่นจังหวัดเชียงใหม่,52,53.85,49.85,30.29,30.75,23.08,42.13,44.23,23.70,30.13,30.84,48.08,30.95,42.31,33.09,32.69,24.88,34.62,31.83
2566,บ้านต้นโชค,ไชยปราการ,เล็ก,นอกเมือง,สำนักงานคณะกรรมการการศึกษาขั้นพื้นฐาน,สพป.เชียงใหม่ เขต 3,25,60.00,48.99,45.00,29.15,32.00,46.65,26.50,20.10,22.67,24.44,38.00,32.50,34.00,33.82,30.67,22.94,42.00,27.13
2566,บ้านถ้ำตับเตา,ไชยปราการ,เล็ก,นอกเมือง,สำนักงานคณะกรรมการการศึกษาขั้นพื้นฐาน,สพป.เชียงใหม่ เขต 3,1,100.00,0.00,0.00,0.00,0.00,0.00,37.50,0.00,0.00,0.00,50.00,0.00,50.00,0.00,0.00,0.00,0.00,0.00
2566,บ้านปง,ไชยปราการ,เล็ก,นอกเมือง,สำนักงานคณะกรรมการการศึกษาขั้นพื้นฐาน,สพป.เชียงใหม่ เขต 3,15,33.33,47.14,38.33,31.45,40.00,48.99,60.00,25.90,33.33,32.20,36.67,33.99,50.00,36.51,35.56,22.66,40.00,27.08
2566,บ้านปงตำ,ไชยปราการ,เล็ก,นอกเมือง,สำนักงานคณะกรรมการการศึกษาขั้นพื้นฐาน,สพป.เชียงใหม่ เขต 3,4,50.00,50.00,43.75,36.98,25.00,43.30,31.25,25.77,16.67,16.67,25.00,25.00,25.00,25.00,33.33,23.57,62.50,21.65
2566,บ้านป่างิ้ว,ไชยปราการ,เล็ก,นอกเมือง,สำนักงานคณะกรรมการการศึกษาขั้นพื้นฐาน,สพป.เชียงใหม่ เขต 3,19,31.58,46.48,30.26,29.89,26.32,44.03,43.42,21.60,52.63,27.18,28.95,24.69,44.74,15.34,43.86,28.72,52.63,30.23
2566,บ้านผาแดง,ไชยปราการ,เล็ก,นอกเมือง,สำนักงานคณะกรรมการการศึกษาขั้นพื้นฐาน,สพป.เชียงใหม่ เขต 3,5,60.00,48.99,35.00,20.00,20.00,40.00,50.00,17.68,46.67,33.99,20.00,40.00,40.00,37.42,40.00,32.66,40.00,37.42
2566,บ้านแม่ขิ,ไชยปราการ,เล็ก,นอกเมือง,สำนักงานคณะกรรมการการศึกษาขั้นพื้นฐาน,สพป.เชียงใหม่ เขต 3,11,36.36,48.10,34.09,19.28,27.27,44.54,54.55,17.08,30.30,26.42,18.18,32.14,40.91,35.79,39.39,23.86,45.45,25.71
2566,บ้านแม่ทะลบ,ไชยปราการ,เล็ก,นอกเมือง,สำนักงานคณะกรรมการการศึกษาขั้นพื้นฐาน,สพป.เชียงใหม่ เขต 3,12,41.67,49.30,50.00,38.19,16.67,37.27,43.75,21.35,38.89,22.91,45.83,37.96,25.00,32.27,30.56,21.34,45.83,24.65
2566,บ้านเวียงผาพัฒนา,ไชยปราการ,เล็ก,นอกเมือง,สำนักงานคณะกรรมการการศึกษาขั้นพื้นฐาน,สพป.เชียงใหม่ เขต 3,8,37.50,48.41,21.88,19.52,25.00,43.30,9.38,12.10,20.83,23.20,12.50,21.65,37.50,33.07,25.00,27.64,43.75,39.03
2566,บ้านสินชัย,ไชยปราการ,กลาง,นอกเมือง,สำนักงานคณะกรรมการการศึกษาขั้นพื้นฐาน,สพป.เชียงใหม่ เขต 3,10,80.00,40.00,37.50,34.00,10.00,30.00,53.75,23.75,53.33,22.11,25.00,40.31,45.00,26.93,30.00,27.69,35.00,39.05
2566,บ้านห้วยต้นตอง,ไชยปราการ,เล็ก,นอกเมือง,สำนักงานคณะกรรมการการศึกษาขั้นพื้นฐาน,สพป.เชียงใหม่ เขต 3,4,50.00,50.00,18.75,20.73,50.00,50.00,56.25,10.83,66.67,0.00,25.00,25.00,75.00,25.00,16.67,16.67,37.50,41.46
2566,บ้านห้วยบง,ไชยปราการ,เล็ก,นอกเมือง,สำนักงานคณะกรรมการการศึกษาขั้นพื้นฐาน,สพป.เชียงใหม่ เขต 3,10,50.00,50.00,27.50,34.37,50.00,50.00,35.00,17.50,53.33,26.67,55.00,41.53,45.00,26.93,26.67,20.00,40.00,20.00
2566,บ้านห้วยไผ่,ไชยปราการ,เล็ก,นอกเมือง,สำนักงานคณะกรรมการการศึกษาขั้นพื้นฐาน,สพป.เชียงใหม่ เขต 3,21,23.81,42.59,34.52,32.25,14.29,34.99,46.43,22.87,33.33,37.09,28.57,24.74,30.95,28.77,38.10,27.77,40.48,24.97
2566,บ้านหัวฝาย,ไชยปราการ,เล็ก,นอกเมือง,สำนักงานคณะกรรมการการศึกษาขั้นพื้นฐาน,สพป.เชียงใหม่ เขต 3,10,40.00,48.99,25.00,25.00,10.00,30.00,51.25,14.20,56.67,26.03,30.00,33.17,55.00,35.00,10.00,15.28,35.00,32.02
2566,บ้านใหม่หนองบัว,ไชยปราการ,กลาง,นอกเมือง,สำนักงานคณะกรรมการการศึกษาขั้นพื้นฐาน,สพป.เชียงใหม่ เขต 3,92,43.48,49.57,31.25,27.98,26.09,43.91,28.26,18.05,25.00,24.39,26.63,31.67,25.54,31.70,22.83,23.02,20.11,27.64
2566,บ้านอ่าย,ไชยปราการ,เล็ก,นอกเมือง,สำนักงานคณะกรรมการการศึกษาขั้นพื้นฐาน,สพป.เชียงใหม่ เขต 3,22,31.82,46.58,26.14,21.95,13.64,34.32,39.77,27.08,19.70,21.69,20.45,28.84,34.09,38.10,37.88,23.13,38.64,29.89
2566,วัดบ้านท่า,ไชยปราการ,เล็ก,นอกเมือง,สำนักงานคณะกรรมการการศึกษาขั้นพื้นฐาน,สพป.เชียงใหม่ เขต 3,19,47.37,49.93,31.58,25.45,15.79,36.46,65.13,22.79,59.65,23.14,52.63,11.16,52.63,30.23,31.58,25.30,42.11,37.22
2566,วัดป่าแดง,ไชยปราการ,เล็ก,นอกเมือง,สำนักงานคณะกรรมการการศึกษาขั้นพื้นฐาน,สพป.เชียงใหม่ เขต 3,11,36.36,48.10,47.73,31.00,18.18,38.57,34.09,26.16,21.21,21.43,27.27,32.78,40.91,28.75,12.12,16.03,22.73,32.78
2566,วัดอรัญญวาสี,ไชยปราการ,เล็ก,นอกเมือง,สำนักงานคณะกรรมการการศึกษาขั้นพื้นฐาน,สพป.เชียงใหม่ เขต 3,8,50.00,50.00,59.38,37.37,12.50,33.07,50.00,22.53,50.00,37.27,68.75,34.80,68.75,24.21,20.83,23.20,43.75,29.97
2566,สันติวนา,ไชยปราการ,เล็ก,นอกเมือง,สำนักงานคณะกรรมการการศึกษาขั้นพื้นฐาน,สพป.เชียงใหม่ เขต 3,7,14.29,34.99,28.57,24.74,14.29,34.99,46.43,20.82,14.29,16.50,28.57,24.74,42.86,31.94,9.52,15.06,35.71,34.99
2566,เอื้อวิทยา,ไชยปราการ,กลาง,นอกเมือง,สำนักงานคณะกรรมการส่งเสริมการศึกษาเอกชน,-,27,51.85,49.97,38.89,29.92,25.93,43.82,40.74,22.20,43.21,25.36,48.15,34.64,37.04,32.18,29.63,26.19,62.96,34.94
2566,ชุมชนบ้านดอยเต่า,ดอยเต่า,เล็ก,นอกเมือง,สำนักงานคณะกรรมการการศึกษาขั้นพื้นฐาน,สพป.เชียงใหม่ เขต 5,7,71.43,45.18,21.43,28.12,28.57,45.18,30.36,6.19,14.29,16.50,35.71,34.99,21.43,36.42,19.05,24.28,14.29,22.59
2566,ชุมชนศูนย์อพยพแปลง 4,ดอยเต่า,เล็ก,นอกเมือง,สำนักงานคณะกรรมการการศึกษาขั้นพื้นฐาน,สพป.เชียงใหม่ เขต 5,22,59.09,49.17,39.77,36.66,40.91,49.17,60.80,22.07,48.48,27.94,56.82,27.37,40.91,35.79,50.00,19.46,54.55,25.71
2566,บ้านเกาะหลวง,ดอยเต่า,เล็ก,นอกเมือง,สำนักงานคณะกรรมการการศึกษาขั้นพื้นฐาน,สพป.เชียงใหม่ เขต 5,17,58.82,49.22,47.06,31.95,29.41,45.56,50.74,23.67,47.06,39.70,55.88,29.12,32.35,29.41,33.33,25.57,41.18,39.24
2566,บ้านงิ้วสูง,ดอยเต่า,เล็ก,นอกเมือง,สำนักงานคณะกรรมการการศึกษาขั้นพื้นฐาน,สพป.เชียงใหม่ เขต 5,4,75.00,43.30,50.00,30.62,0.00,0.00,40.63,32.33,50.00,16.67,62.50,41.46,12.50,21.65,16.67,16.67,12.50,21.65
2566,บ้านฉิมพลี,ดอยเต่า,เล็ก,นอกเมือง,สำนักงานคณะกรรมการการศึกษาขั้นพื้นฐาน,สพป.เชียงใหม่ เขต 5,8,50.00,50.00,56.25,29.97,12.50,33.07,59.38,20.49,37.50,19.98,31.25,24.21,43.75,29.97,33.33,16.67,43.75,29.97
2566,บ้านถิ่นสำราญ,ดอยเต่า,เล็ก,นอกเมือง,สำนักงานคณะกรรมการการศึกษาขั้นพื้นฐาน,สพป.เชียงใหม่ เขต 5,3,33.33,47.14,50.00,40.82,66.67,47.14,41.67,11.79,33.33,47.14,16.67,23.57,16.67,23.57,44.44,15.71,33.33,23.57
2566,บ้านโท้งวิทยา,ดอยเต่า,เล็ก,นอกเมือง,สำนักงานคณะกรรมการการศึกษาขั้นพื้นฐาน,สพป.เชียงใหม่ เขต 5,12,58.33,49.30,35.42,25.94,50.00,50.00,47.92,17.55,44.44,28.33,37.50,41.46,37.50,41.46,36.11,25.31,29.17,32.00
2566,บ้านน้อยห้วยรินวิทยา,ดอยเต่า,เล็ก,นอกเมือง,สำนักงานคณะกรรมการการศึกษาขั้นพื้นฐาน,สพป.เชียงใหม่ เขต 5,11,54.55,49.79,40.91,34.17,18.18,38.57,23.86,23.51,21.21,25.71,31.82,32.14,36.36,30.83,21.21,25.71,31.82,32.14
2566,บ้านบงตัน,ดอยเต่า,เล็ก,นอกเมือง,สำนักงานคณะกรรมการการศึกษาขั้นพื้นฐาน,สพป.เชียงใหม่ เขต 5,15,73.33,44.22,35.00,27.08,26.67,44.22,31.67,20.34,31.11,25.72,26.67,35.90,30.00,30.55,31.11,25.72,30.00,30.55
2566,บ้านโปง,ดอยเต่า,เล็ก,นอกเมือง,สำนักงานคณะกรรมการการศึกษาขั้นพื้นฐาน,สพป.เชียงใหม่ เขต 5,9,77.78,41.57,27.78,24.85,11.11,31.43,44.44,16.78,11.11,15.71,66.67,33.33,33.33,33.33,18.52,22.83,22.22,24.85
2566,บ้านโปงทุ่ง,ดอยเต่า,เล็ก,นอกเมือง,สำนักงานคณะกรรมการการศึกษาขั้นพื้นฐาน,สพป.เชียงใหม่ เขต 5,9,33.33,47.14,41.67,33.33,11.11,31.43,47.22,24.85,29.63,24.57,50.00,40.82,38.89,39.28,25.93,20.95,55.56,36.85
2566,บ้านผาจุก,ดอยเต่า,เล็ก,นอกเมือง,สำนักงานคณะกรรมการการศึกษาขั้นพื้นฐาน,สพป.เชียงใหม่ เขต 5,2,50.00,50.00,37.50,12.50,0.00,0.00,56.25,6.25,16.67,16.67,25.00,25.00,50.00,0.00,33.33,0.00,25.00,25.00
2566,บ้านแม่ตูบ,ดอยเต่า,เล็ก,นอกเมือง,สำนักงานคณะกรรมการการศึกษาขั้นพื้นฐาน,สพป.เชียงใหม่ เขต 5,11,45.45,49.79,40.91,37.34,18.18,38.57,44.32,31.70,27.27,27.77,31.82,38.57,22.73,24.90,30.30,26.42,31.82,32.14
2566,บ้านแม่บวน,ดอยเต่า,เล็ก,นอกเมือง,สำนักงานคณะกรรมการการศึกษาขั้นพื้นฐาน,สพป.เชียงใหม่ เขต 5,11,27.27,44.54,27.27,27.08,9.09,28.75,48.86,18.81,39.39,37.11,45.45,25.71,31.82,24.05,30.30,30.00,31.82,24.05
2566,บ้านไร่,ดอยเต่า,เล็ก,นอกเมือง,สำนักงานคณะกรรมการการศึกษาขั้นพื้นฐาน,สพป.เชียงใหม่ เขต 5,10,50.00,50.00,50.00,35.36,30.00,45.83,61.25,18.92,63.33,31.45,45.00,15.00,25.00,33.54,36.67,17.95,50.00,22.36
2566,บ้านวังหม้อ,ดอยเต่า,เล็ก,นอกเมือง,สำนักงานคณะกรรมการการศึกษาขั้นพื้นฐาน,สพป.เชียงใหม่ เขต 5,5,60.00,48.99,30.00,36.74,20.00,40.00,47.50,14.58,13.33,16.33,20.00,24.49,20.00,24.49,40.00,24.94,40.00,20.00
2566,บ้านวังหลวง,ดอยเต่า,เล็ก,นอกเมือง,สำนักงานคณะกรรมการการศึกษาขั้นพื้นฐาน,สพป.เชียงใหม่ เขต 5,4,50.00,50.00,56.25,10.83,25.00,43.30,46.88,35.77,58.33,36.32,50.00,35.36,37.50,21.65,41.67,36.32,37.50,21.65
2566,บ้านสันติสุข,ดอยเต่า,เล็ก,นอกเมือง,สำนักงานคณะกรรมการการศึกษาขั้นพื้นฐาน,สพป.เชียงใหม่ เขต 5,3,0.00,0.00,66.67,23.57,0.00,0.00,33.33,11.79,44.44,41.57,50.00,40.82,50.00,0.00,11.11,15.71,33.33,23.57
2566,บ้านหนองผักบุ้ง,ดอยเต่า,เล็ก,นอกเมือง,สำนักงานคณะกรรมการการศึกษาขั้นพื้นฐาน,สพป.เชียงใหม่ เขต 5,6,66.67,47.14,50.00,25.00,0.00,0.00,47.92,19.65,27.78,22.91,33.33,23.57,33.33,23.57,16.67,25.46,33.33,23.57
2566,บ้านแอ่นจัดสรร,ดอยเต่า,เล็ก,นอกเมือง,สำนักงานคณะกรรมการการศึกษาขั้นพื้นฐาน,สพป.เชียงใหม่ เขต 5,9,33.33,47.14,38.89,37.47,22.22,41.57,31.94,22.91,33.33,31.43,61.11,20.79,38.89,20.79,22.22,22.22,22.22,34.25
2566,บ้านแอ่นใหม่,ดอยเต่า,เล็ก,นอกเมือง,สำนักงานคณะกรรมการการศึกษาขั้นพื้นฐาน,สพป.เชียงใหม่ เขต 5,3,33.33,47.14,50.00,0.00,0.00,0.00,37.50,27.00,11.11,15.71,33.33,23.57,50.00,0.00,22.22,15.71,16.67,23.57
2566,ศูนย์อพยพแปลง 2,ดอยเต่า,เล็ก,นอกเมือง,สำนักงานคณะกรรมการการศึกษาขั้นพื้นฐาน,สพป.เชียงใหม่ เขต 5,10,70.00,45.83,32.50,35.44,10.00,30.00,55.00,15.00,43.33,36.67,60.00,30.00,35.00,32.02,23.33,26.03,30.00,24.49
2566,ศูนย์อพยพแปลง 5,ดอยเต่า,เล็ก,นอกเมือง,สำนักงานคณะกรรมการการศึกษาขั้นพื้นฐาน,สพป.เชียงใหม่ เขต 5,12,58.33,49.30,52.08,21.55,33.33,47.14,42.71,21.32,50.00,37.27,54.17,32.00,45.83,37.96,33.33,23.57,50.00,28.87
2566,ศูนย์อพยพแปลง 8,ดอยเต่า,เล็ก,นอกเมือง,สำนักงานคณะกรรมการการศึกษาขั้นพื้นฐาน,สพป.เชียงใหม่ เขต 5,7,42.86,49.49,67.86,22.02,71.43,45.18,75.00,25.88,71.43,27.77,64.29,22.59,57.14,41.65,33.33,35.63,78.57,24.74
2566,ชลประทานผาแตก,ดอยสะเก็ด,กลาง,นอกเมือง,สำนักงานคณะกรรมการการศึกษาขั้นพื้นฐาน,สพป.เชียงใหม่ เขต 1,46,56.52,49.57,28.26,24.79,19.57,39.67,49.46,26.45,34.78,25.97,40.22,33.97,39.13,37.46,28.26,28.63,44.57,34.94
2566,เทพเสด็จวิทยา,ดอยสะเก็ด,เล็ก,นอกเมือง,สำนักงานคณะกรรมการการศึกษาขั้นพื้นฐาน,สพป.เชียงใหม่ เขต 1,5,80.00,40.00,25.00,31.62,0.00,0.00,62.50,22.36,60.00,38.87,90.00,20.00,80.00,24.49,26.67,13.33,30.00,24.49
2566,เทศบาลตลาดใหญ่,ดอยสะเก็ด,เล็ก,นอกเมือง,กรมส่งเสริมการปกครองท้องถิ่น,ท้องถิ่นจังหวัดเชียงใหม่,5,60.00,48.99,50.00,27.39,20.00,40.00,47.50,5.00,20.00,26.67,30.00,24.49,40.00,20.00,20.00,26.67,40.00,37.42
2566,บริรักศึกษาเชียงใหม่,ดอยสะเก็ด,เล็ก,นอกเมือง,สำนักงานคณะกรรมการส่งเสริมการศึกษาเอกชน,-,26,61.54,48.65,51.92,33.91,19.23,39.41,43.75,23.06,62.82,25.02,48.08,29.35,42.31,33.09,37.18,25.02,44.23,32.01
2566,บ้านเชิงดอย(ดอยสะเก็ดศึกษา),ดอยสะเก็ด,ใหญ่,นอกเมือง,สำนักงานคณะกรรมการการศึกษาขั้นพื้นฐาน,สพป.เชียงใหม่ เขต 1,112,52.68,49.93,33.71,30.38,22.32,41.64,48.55,25.21,38.69,31.04,41.96,35.07,44.20,35.82,32.14,23.96,42.41,34.85
2566,บ้านตลาดขี้เหล็ก,ดอยสะเก็ด,เล็ก,นอกเมือง,สำนักงานคณะกรรมการการศึกษาขั้นพื้นฐาน,สพป.เชียงใหม่ เขต 1,5,0.00,0.00,45.00,36.74,20.00,40.00,32.50,15.00,53.33,16.33,30.00,24.49,50.00,31.62,6.67,13.33,60.00,20.00
2566,บ้านบ่อหิน,ดอยสะเก็ด,เล็ก,นอกเมือง,สำนักงานคณะกรรมการการศึกษาขั้นพื้นฐาน,สพป.เชียงใหม่ เขต 1,26,34.62,47.57,33.65,30.18,19.23,39.41,52.40,24.76,24.36,27.04,28.85,31.54,36.54,38.12,24.36,23.67,48.08,37.93
2566,บ้านป่าขุย,ดอยสะเก็ด,เล็ก,นอกเมือง,สำนักงานคณะกรรมการการศึกษาขั้นพื้นฐาน,สพป.เชียงใหม่ เขต 1,7,42.86,49.49,46.43,15.97,14.29,34.99,57.14,11.29,28.57,32.99,35.71,22.59,50.00,37.80,33.33,25.20,57.14,31.94
2566,บ้านปางแดง,ดอยสะเก็ด,เล็ก,นอกเมือง,สำนักงานคณะกรรมการการศึกษาขั้นพื้นฐาน,สพป.เชียงใหม่ เขต 1,13,53.85,49.85,30.77,29.67,30.77,46.15,58.65,27.90,41.03,32.43,38.46,28.78,42.31,38.46,33.33,26.15,30.77,31.25
2566,บ้านปางน้ำถุ,ดอยสะเก็ด,เล็ก,นอกเมือง,สำนักงานคณะกรรมการการศึกษาขั้นพื้นฐาน,สพป.เชียงใหม่ เขต 1,2,50.00,50.00,25.00,25.00,0.00,0.00,37.50,12.50,66.67,33.33,25.00,25.00,25.00,25.00,33.33,0.00,50.00,0.00
2566,บ้านป่างิ้ว,ดอยสะเก็ด,เล็ก,นอกเมือง,สำนักงานคณะกรรมการการศึกษาขั้นพื้นฐาน,สพป.เชียงใหม่ เขต 1,9,44.44,49.69,52.78,34.25,11.11,31.43,30.56,22.91,40.74,37.77,55.56,36.85,33.33,23.57,37.04,29.16,61.11,20.79
2566,บ้านป่าป้อง,ดอยสะเก็ด,เล็ก,นอกเมือง,สำนักงานคณะกรรมการการศึกษาขั้นพื้นฐาน,สพป.เชียงใหม่ เขต 1,3,100.00,0.00,50.00,35.36,33.33,47.14,70.83,15.59,55.56,31.43,83.33,23.57,50.00,40.82,33.33,27.22,33.33,23.57
2566,บ้านป่าไม้แดง,ดอยสะเก็ด,กลาง,นอกเมือง,สำนักงานคณะกรรมการการศึกษาขั้นพื้นฐาน,สพป.เชียงใหม่ เขต 1,9,22.22,41.57,19.44,22.91,22.22,41.57,30.56,16.78,37.04,24.57,27.78,24.85,38.89,31.43,25.93,26.19,27.78,34.25
2566,บ้านป่าเสร้า,ดอยสะเก็ด,กลาง,นอกเมือง,สำนักงานคณะกรรมการการศึกษาขั้นพื้นฐาน,สพป.เชียงใหม่ เขต 1,30,63.33,48.19,38.33,31.45,23.33,42.30,38.75,16.88,21.11,23.54,36.67,28.67,38.33,30.78,31.11,25.72,38.33,30.78
2566,บ้านป่าเหมือด,ดอยสะเก็ด,เล็ก,นอกเมือง,สำนักงานคณะกรรมการการศึกษาขั้นพื้นฐาน,สพป.เชียงใหม่ เขต 1,16,43.75,49.61,32.81,27.55,25.00,43.30,44.53,22.95,41.67,25.00,37.50,27.95,46.88,32.92,31.25,24.91,43.75,24.21
2566,บ้านโป่งกุ่ม,ดอยสะเก็ด,เล็ก,นอกเมือง,สำนักงานคณะกรรมการการศึกษาขั้นพื้นฐาน,สพป.เชียงใหม่ เขต 1,4,50.00,50.00,50.00,35.36,25.00,43.30,50.00,8.84,8.33,14.43,37.50,41.46,50.00,35.36,25.00,27.64,50.00,0.00
2566,บ้านแม่ดอกแดง,ดอยสะเก็ด,เล็ก,นอกเมือง,สำนักงานคณะกรรมการการศึกษาขั้นพื้นฐาน,สพป.เชียงใหม่ เขต 1,17,35.29,47.79,47.06,29.56,41.18,49.22,39.71,24.34,45.10,27.87,44.12,23.53,47.06,31.95,27.45,28.55,47.06,31.95
2566,บ้านแม่หวาน,ดอยสะเก็ด,เล็ก,นอกเมือง,สำนักงานคณะกรรมการการศึกษาขั้นพื้นฐาน,สพป.เชียงใหม่ เขต 1,5,40.00,48.99,50.00,35.36,40.00,48.99,25.00,7.91,33.33,21.08,40.00,37.42,30.00,40.00,26.67,24.94,20.00,24.49
2566,บ้านแม่ฮ้อยเงิน,ดอยสะเก็ด,เล็ก,นอกเมือง,สำนักงานคณะกรรมการการศึกษาขั้นพื้นฐาน,สพป.เชียงใหม่ เขต 1,4,50.00,50.00,25.00,30.62,50.00,50.00,37.50,21.65,25.00,27.64,50.00,0.00,37.50,21.65,33.33,23.57,50.00,35.36
2566,บ้านร้องขี้เหล็ก,ดอยสะเก็ด,เล็ก,นอกเมือง,สำนักงานคณะกรรมการการศึกษาขั้นพื้นฐาน,สพป.เชียงใหม่ เขต 1,12,25.00,43.30,41.67,21.25,16.67,37.27,47.92,26.92,30.56,25.31,25.00,25.00,50.00,28.87,33.33,27.22,41.67,27.64
2566,บ้านลวงเหนือ,ดอยสะเก็ด,เล็ก,นอกเมือง,สำนักงานคณะกรรมการการศึกษาขั้นพื้นฐาน,สพป.เชียงใหม่ เขต 1,14,92.86,25.75,32.14,17.50,35.71,47.92,46.43,20.82,40.48,33.76,21.43,24.74,50.00,37.80,28.57,24.74,32.14,30.51
2566,บ้านสันทราย,ดอยสะเก็ด,เล็ก,นอกเมือง,สำนักงานคณะกรรมการการศึกษาขั้นพื้นฐาน,สพป.เชียงใหม่ เขต 1,3,33.33,47.14,16.67,11.79,0.00,0.00,29.17,21.25,44.44,31.43,33.33,23.57,50.00,0.00,11.11,15.71,50.00,0.00
2566,เพื่อชีวิตเชียงใหม่,ดอยสะเก็ด,เล็ก,นอกเมือง,สำนักงานคณะกรรมการส่งเสริมการศึกษาเอกชน,-,17,41.18,49.22,29.41,29.99,29.41,45.56,46.32,26.69,9.80,15.19,26.47,24.96,29.41,29.99,25.49,26.88,35.29,33.28
2566,แม่โป่งประชาสามัคคี,ดอยสะเก็ด,เล็ก,นอกเมือง,สำนักงานคณะกรรมการการศึกษาขั้นพื้นฐาน,สพป.เชียงใหม่ เขต 1,14,28.57,45.18,57.14,27.43,7.14,25.75,39.29,21.05,35.71,19.78,35.71,34.99,53.57,22.87,38.10,21.30,60.71,33.69
2566,ไมตรีจิตคริสเตียนเชียงใหม่,ดอยสะเก็ด,กลาง,นอกเมือง,สำนักงานคณะกรรมการส่งเสริมการศึกษาเอกชน,-,20,50.00,50.00,22.50,29.47,25.00,43.30,43.75,27.81,20.00,19.44,47.50,33.45,42.50,32.69,25.00,23.27,32.50,36.31
2566,กรป.กลางอุปถัมภ์,ดอยหล่อ,เล็ก,นอกเมือง,สำนักงานคณะกรรมการการศึกษาขั้นพื้นฐาน,สพป.เชียงใหม่ เขต 4,13,46.15,49.85,63.46,33.42,30.77,46.15,44.23,16.71,51.28,24.86,50.00,43.85,46.15,36.49,35.90,20.51,61.54,44.52
2566,ดอยหล่อวิทยา,ดอยหล่อ,เล็ก,นอกเมือง,กรมส่งเสริมการปกครองท้องถิ่น,ท้องถิ่นจังหวัดเชียงใหม่,6,16.67,37.27,54.17,33.59,0.00,0.00,39.58,22.15,50.00,31.91,41.67,18.63,41.67,34.36,33.33,27.22,41.67,34.36
2566,เทศบาลตำบลวัดสองแคว,ดอยหล่อ,เล็ก,นอกเมือง,กรมส่งเสริมการปกครองท้องถิ่น,ท้องถิ่นจังหวัดเชียงใหม่,5,60.00,48.99,20.00,18.71,40.00,48.99,37.50,25.00,26.67,13.33,10.00,20.00,10.00,20.00,46.67,16.33,30.00,24.49
2566,บ้านดงป่าหวาย,ดอยหล่อ,เล็ก,นอกเมือง,สำนักงานคณะกรรมการการศึกษาขั้นพื้นฐาน,สพป.เชียงใหม่ เขต 4,12,33.33,47.14,25.00,25.00,16.67,37.27,42.71,21.92,50.00,31.91,45.83,37.96,83.33,23.57,22.22,20.79,50.00,40.82
2566,บ้านสามหลัง,ดอยหล่อ,เล็ก,นอกเมือง,สำนักงานคณะกรรมการการศึกษาขั้นพื้นฐาน,สพป.เชียงใหม่ เขต 4,16,50.00,50.00,43.75,35.90,6.25,24.21,41.41,20.60,52.08,31.11,37.50,21.65,43.75,39.03,29.17,19.98,40.63,36.31
2566,บ้านห้วยน้ำขาว,ดอยหล่อ,เล็ก,นอกเมือง,สำนักงานคณะกรรมการการศึกษาขั้นพื้นฐาน,สพป.เชียงใหม่ เขต 4,8,62.50,48.41,34.38,32.92,50.00,50.00,51.56,17.04,54.17,28.57,81.25,34.80,56.25,29.97,25.00,14.43,37.50,21.65
2566,บ้านหัวข่วง,ดอยหล่อ,เล็ก,นอกเมือง,สำนักงานคณะกรรมการการศึกษาขั้นพื้นฐาน,สพป.เชียงใหม่ เขต 4,3,66.67,47.14,75.00,20.41,0.00,0.00,33.33,21.25,22.22,15.71,66.67,23.57,33.33,23.57,33.33,27.22,66.67,23.57
2566,บ้านเหล่าเป้า,ดอยหล่อ,เล็ก,นอกเมือง,สำนักงานคณะกรรมการการศึกษาขั้นพื้นฐาน,สพป.เชียงใหม่ เขต 4,9,66.67,47.14,22.22,34.25,11.11,31.43,41.67,22.82,40.74,30.54,50.00,23.57,33.33,23.57,22.22,22.22,61.11,31.43
2566,บ้านใหม่หนองหอย,ดอยหล่อ,เล็ก,นอกเมือง,สำนักงานคณะกรรมการการศึกษาขั้นพื้นฐาน,สพป.เชียงใหม่ เขต 4,19,73.68,44.03,35.53,27.28,10.53,30.69,29.61,24.40,17.54,19.85,31.58,37.03,23.68,29.77,29.82,26.26,47.37,25.51
2566,วัดดอนชื่น,ดอยหล่อ,เล็ก,นอกเมือง,สำนักงานคณะกรรมการการศึกษาขั้นพื้นฐาน,สพป.เชียงใหม่ เขต 4,7,42.86,49.49,50.00,26.73,14.29,34.99,51.79,28.68,66.67,17.82,50.00,26.73,35.71,22.59,42.86,15.06,42.86,31.94
2566,วัดวังขามป้อม,ดอยหล่อ,เล็ก,นอกเมือง,สำนักงานคณะกรรมการการศึกษาขั้นพื้นฐาน,สพป.เชียงใหม่ เขต 4,6,66.67,47.14,37.50,40.18,16.67,37.27,50.00,23.94,22.22,24.85,50.00,28.87,75.00,25.00,38.89,22.91,66.67,23.57
2566,วัดศรีดอนชัย,ดอยหล่อ,เล็ก,นอกเมือง,สำนักงานคณะกรรมการการศึกษาขั้นพื้นฐาน,สพป.เชียงใหม่ เขต 4,8,62.50,48.41,46.88,29.15,25.00,43.30,39.06,15.86,25.00,27.64,43.75,29.97,37.50,41.46,37.50,19.98,62.50,21.65
2566,วัดหนองหลั้ว,ดอยหล่อ,เล็ก,นอกเมือง,สำนักงานคณะกรรมการการศึกษาขั้นพื้นฐาน,สพป.เชียงใหม่ เขต 4,6,33.33,47.14,33.33,27.64,0.00,0.00,37.50,19.09,22.22,24.85,58.33,18.63,33.33,23.57,16.67,16.67,50.00,40.82
2566,เจ้าแม่หลวงอุปถัมภ์ 1,ฝาง,กลาง,นอกเมือง,สำนักงานคณะกรรมการการศึกษาขั้นพื้นฐาน,สพป.เชียงใหม่ เขต 3,29,41.38,49.25,37.93,25.95,17.24,37.77,30.60,20.65,14.94,22.47,20.69,33.52,37.93,33.87,24.14,24.60,41.38,29.56
2566,ฉือจี้เชียงใหม่,ฝาง,กลาง,นอกเมือง,สำนักงานคณะกรรมการส่งเสริมการศึกษาเอกชน,-,103,52.43,49.94,46.60,34.85,32.04,46.66,57.16,26.85,44.66,31.69,42.23,31.74,50.97,37.51,37.86,29.76,45.63,34.21
2566,ชุมชนบ้านแม่สูนหลวง,ฝาง,เล็ก,นอกเมือง,สำนักงานคณะกรรมการการศึกษาขั้นพื้นฐาน,สพป.เชียงใหม่ เขต 3,2,50.00,50.00,25.00,25.00,50.00,50.00,50.00,0.00,83.33,16.67,25.00,25.00,75.00,25.00,33.33,0.00,50.00,0.00
2566,เทพศิรินทร์๙โครงการหลวงในพระบรมราชูปถัมภ์,ฝาง,เล็ก,นอกเมือง,สำนักงานคณะกรรมการการศึกษาขั้นพื้นฐาน,สพป.เชียงใหม่ เขต 3,17,35.29,47.79,26.47,26.39,23.53,42.42,39.71,19.29,31.37,24.17,14.71,22.78,23.53,24.96,33.33,25.57,38.24,32.22
2566,เทศบาลเวียงฝาง,ฝาง,กลาง,นอกเมือง,กรมส่งเสริมการปกครองท้องถิ่น,ท้องถิ่นจังหวัดเชียงใหม่,26,57.69,49.40,31.73,33.65,23.08,42.13,39.90,19.62,16.67,23.11,32.69,33.80,23.08,28.52,21.79,22.54,38.46,31.95
2566,บ้านขอบด้ง,ฝาง,กลาง,นอกเมือง,สำนักงานคณะกรรมการการศึกษาขั้นพื้นฐาน,สพป.เชียงใหม่ เขต 3,27,33.33,47.14,39.81,35.52,22.22,41.57,38.89,21.87,22.22,20.29,35.19,35.52,29.63,28.08,27.16,20.36,31.48,33.74
2566,บ้านดงป่าลัน,ฝาง,เล็ก,นอกเมือง,สำนักงานคณะกรรมการการศึกษาขั้นพื้นฐาน,สพป.เชียงใหม่ เขต 3,7,57.14,49.49,10.71,18.21,14.29,34.99,21.43,12.88,9.52,15.06,28.57,24.74,57.14,31.94,19.05,16.50,64.29,34.99
2566,บ้านเด่นใหม่,ฝาง,เล็ก,นอกเมือง,สำนักงานคณะกรรมการการศึกษาขั้นพื้นฐาน,สพป.เชียงใหม่ เขต 3,10,50.00,50.00,40.00,22.91,10.00,30.00,47.50,15.61,46.67,33.99,40.00,30.00,45.00,41.53,30.00,23.33,45.00,41.53
2566,บ้านต้นผึ้ง,ฝาง,เล็ก,นอกเมือง,สำนักงานคณะกรรมการการศึกษาขั้นพื้นฐาน,สพป.เชียงใหม่ เขต 3,8,87.50,33.07,50.00,25.00,12.50,33.07,56.25,23.39,45.83,33.07,43.75,39.03,56.25,39.03,16.67,23.57,56.25,29.97
2566,บ้านต้นส้าน,ฝาง,เล็ก,นอกเมือง,สำนักงานคณะกรรมการการศึกษาขั้นพื้นฐาน,สพป.เชียงใหม่ เขต 3,12,83.33,37.27,29.17,30.33,25.00,43.30,60.42,23.29,44.44,34.25,29.17,24.65,41.67,27.64,47.22,28.73,33.33,31.18
2566,บ้านทุ่งหลุก,ฝาง,เล็ก,นอกเมือง,สำนักงานคณะกรรมการการศึกษาขั้นพื้นฐาน,สพป.เชียงใหม่ เขต 3,6,50.00,50.00,50.00,14.43,16.67,37.27,33.33,22.44,61.11,35.57,33.33,23.57,41.67,34.36,27.78,12.42,66.67,23.57
2566,บ้านปางปอย,ฝาง,กลาง,นอกเมือง,สำนักงานคณะกรรมการการศึกษาขั้นพื้นฐาน,สพป.เชียงใหม่ เขต 3,26,42.31,49.40,33.65,31.73,26.92,44.36,38.46,22.45,34.62,28.47,38.46,31.95,34.62,36.08,24.36,21.79,42.31,26.65
2566,บ้านปางสัก,ฝาง,เล็ก,นอกเมือง,สำนักงานคณะกรรมการการศึกษาขั้นพื้นฐาน,สพป.เชียงใหม่ เขต 3,20,45.00,49.75,36.25,23.01,30.00,45.83,31.25,20.73,20.00,24.49,17.50,28.61,22.50,33.45,25.00,23.27,20.00,33.17
2566,บ้านป่าบง,ฝาง,เล็ก,นอกเมือง,สำนักงานคณะกรรมการการศึกษาขั้นพื้นฐาน,สพป.เชียงใหม่ เขต 3,12,33.33,47.14,12.50,21.65,16.67,37.27,42.71,24.18,36.11,25.31,33.33,23.57,29.17,32.00,30.56,16.43,45.83,37.96
2566,บ้านโป่งถืบ,ฝาง,กลาง,นอกเมือง,สำนักงานคณะกรรมการการศึกษาขั้นพื้นฐาน,สพป.เชียงใหม่ เขต 3,17,41.18,49.22,22.06,26.96,41.18,49.22,44.12,19.23,33.33,30.25,38.24,32.22,29.41,29.99,39.22,23.53,47.06,31.95
2566,บ้านโป่งนก,ฝาง,กลาง,นอกเมือง,สำนักงานคณะกรรมการการศึกษาขั้นพื้นฐาน,สพป.เชียงใหม่ เขต 3,25,36.00,48.00,30.00,30.00,40.00,48.99,53.50,28.62,29.33,33.09,42.00,33.70,44.00,32.62,28.00,20.40,50.00,37.42
2566,บ้านโป่งน้ำร้อน,ฝาง,เล็ก,นอกเมือง,สำนักงานคณะกรรมการการศึกษาขั้นพื้นฐาน,สพป.เชียงใหม่ เขต 3,5,60.00,48.99,60.00,25.50,20.00,40.00,30.00,23.18,6.67,13.33,30.00,24.49,50.00,0.00,26.67,13.33,30.00,24.49
2566,บ้านม่วงชุม,ฝาง,กลาง,นอกเมือง,สำนักงานคณะกรรมการการศึกษาขั้นพื้นฐาน,สพป.เชียงใหม่ เขต 3,40,60.00,48.99,33.13,24.61,30.00,45.83,34.06,18.33,26.67,23.80,35.00,33.91,40.00,32.02,20.00,23.33,43.75,33.89
2566,บ้านม่อนปิ่น,ฝาง,กลาง,นอกเมือง,สำนักงานคณะกรรมการการศึกษาขั้นพื้นฐาน,สพป.เชียงใหม่ เขต 3,23,60.87,48.80,48.91,34.95,34.78,47.63,55.98,21.13,46.38,29.06,50.00,32.97,58.70,31.80,26.09,29.42,52.17,27.50
2566,บ้านแม่ข่า,ฝาง,กลาง,นอกเมือง,สำนักงานคณะกรรมการการศึกษาขั้นพื้นฐาน,สพป.เชียงใหม่ เขต 3,28,64.29,47.92,46.43,27.32,25.00,43.30,50.00,21.65,35.71,29.45,50.00,29.88,41.07,37.92,33.33,28.17,60.71,33.69
2566,บ้านแม่คะ,ฝาง,กลาง,นอกเมือง,สำนักงานคณะกรรมการการศึกษาขั้นพื้นฐาน,สพป.เชียงใหม่ เขต 3,15,40.00,48.99,41.67,31.18,13.33,33.99,41.67,26.48,48.89,26.85,36.67,28.67,43.33,30.91,24.44,25.72,46.67,33.99
2566,บ้านแม่งอนกลาง,ฝาง,เล็ก,นอกเมือง,สำนักงานคณะกรรมการการศึกษาขั้นพื้นฐาน,สพป.เชียงใหม่ เขต 3,4,75.00,43.30,68.75,27.24,75.00,43.30,53.13,16.24,58.33,14.43,37.50,21.65,37.50,21.65,8.33,14.43,37.50,21.65
2566,บ้านแม่งอนขี้เหล็ก,ฝาง,กลาง,นอกเมือง,กรมส่งเสริมการปกครองท้องถิ่น,ท้องถิ่นจังหวัดเชียงใหม่,36,50.00,50.00,34.72,29.63,8.33,27.64,29.86,21.91,28.70,27.39,27.78,29.92,40.28,32.96,24.07,21.68,37.50,34.11
2566,บ้านแม่ใจ,ฝาง,เล็ก,นอกเมือง,สำนักงานคณะกรรมการการศึกษาขั้นพื้นฐาน,สพป.เชียงใหม่ เขต 3,5,60.00,48.99,20.00,24.49,40.00,48.99,52.50,16.58,66.67,29.81,30.00,24.49,40.00,37.42,26.67,13.33,30.00,24.49
2566,บ้านแม่สูนน้อย,ฝาง,เล็ก,นอกเมือง,สำนักงานคณะกรรมการการศึกษาขั้นพื้นฐาน,สพป.เชียงใหม่ เขต 3,14,78.57,41.03,53.57,29.67,21.43,41.03,46.43,19.72,50.00,35.07,35.71,29.45,50.00,42.26,23.81,23.33,35.71,34.99
2566,บ้านยาง,ฝาง,เล็ก,นอกเมือง,สำนักงานคณะกรรมการการศึกษาขั้นพื้นฐาน,สพป.เชียงใหม่ เขต 3,10,30.00,45.83,45.00,21.79,40.00,48.99,40.00,21.51,33.33,29.81,30.00,33.17,50.00,38.73,20.00,30.55,30.00,24.49
2566,บ้านล้องอ้อ,ฝาง,เล็ก,นอกเมือง,กรมส่งเสริมการปกครองท้องถิ่น,ท้องถิ่นจังหวัดเชียงใหม่,25,52.00,49.96,41.00,27.28,16.00,36.66,45.50,19.33,28.00,26.13,28.00,28.57,28.00,28.57,25.33,25.44,30.00,31.62
2566,บ้านลาน,ฝาง,กลาง,นอกเมือง,สำนักงานคณะกรรมการการศึกษาขั้นพื้นฐาน,สพป.เชียงใหม่ เขต 3,12,50.00,50.00,25.00,36.80,33.33,47.14,47.92,18.28,38.89,29.92,50.00,28.87,25.00,32.27,27.78,26.64,33.33,42.49
2566,บ้านเวียงฝาง,ฝาง,ใหญ่,นอกเมือง,สำนักงานคณะกรรมการการศึกษาขั้นพื้นฐาน,สพป.เชียงใหม่ เขต 3,29,58.62,49.25,32.76,27.93,20.69,40.51,45.26,19.81,25.29,27.20,34.48,23.13,43.10,34.05,26.44,22.11,50.00,32.16
2566,บ้านเวียงหวาย,ฝาง,กลาง,นอกเมือง,สำนักงานคณะกรรมการการศึกษาขั้นพื้นฐาน,สพป.เชียงใหม่ เขต 3,12,50.00,50.00,45.83,33.59,33.33,47.14,52.08,20.31,52.78,21.34,41.67,18.63,33.33,31.18,19.44,16.43,50.00,35.36
2566,บ้านศรีดอนชัย,ฝาง,เล็ก,นอกเมือง,สำนักงานคณะกรรมการการศึกษาขั้นพื้นฐาน,สพป.เชียงใหม่ เขต 3,3,100.00,0.00,41.67,31.18,0.00,0.00,70.83,5.89,66.67,27.22,83.33,23.57,83.33,23.57,33.33,27.22,66.67,23.57
2566,บ้านสันต้นดู่,ฝาง,เล็ก,นอกเมือง,สำนักงานคณะกรรมการการศึกษาขั้นพื้นฐาน,สพป.เชียงใหม่ เขต 3,15,60.00,48.99,50.00,36.51,20.00,40.00,60.83,21.34,48.89,36.24,63.33,28.67,36.67,28.67,31.11,19.12,60.00,32.66
2566,บ้านสันต้นเปา,ฝาง,เล็ก,นอกเมือง,สำนักงานคณะกรรมการการศึกษาขั้นพื้นฐาน,สพป.เชียงใหม่ เขต 3,1,0.00,0.00,0.00,0.00,0.00,0.00,50.00,0.00,0.00,0.00,50.00,0.00,0.00,0.00,0.00,0.00,50.00,0.00
2566,บ้านสันทราย,ฝาง,เล็ก,นอกเมือง,สำนักงานคณะกรรมการการศึกษาขั้นพื้นฐาน,สพป.เชียงใหม่ เขต 3,6,66.67,47.14,25.00,28.87,16.67,37.27,52.08,30.12,66.67,27.22,50.00,28.87,58.33,34.36,50.00,25.46,50.00,0.00
2566,บ้านสันทรายคองน้อย,ฝาง,กลาง,นอกเมือง,สำนักงานคณะกรรมการการศึกษาขั้นพื้นฐาน,สพป.เชียงใหม่ เขต 3,16,56.25,49.61,26.56,25.72,18.75,39.03,46.09,19.62,47.92,37.21,40.63,40.38,34.38,29.15,22.92,19.43,34.38,29.15
2566,บ้านสันป่าแดง,ฝาง,เล็ก,นอกเมือง,สำนักงานคณะกรรมการการศึกษาขั้นพื้นฐาน,สพป.เชียงใหม่ เขต 3,13,15.38,36.08,32.69,28.39,46.15,49.85,26.92,18.89,23.08,24.05,23.08,24.93,26.92,24.93,28.21,17.76,46.15,30.77
2566,บ้านสันม่วง,ฝาง,เล็ก,นอกเมือง,สำนักงานคณะกรรมการการศึกษาขั้นพื้นฐาน,สพป.เชียงใหม่ เขต 3,5,40.00,48.99,30.00,29.15,0.00,0.00,37.50,11.18,26.67,24.94,40.00,20.00,50.00,0.00,40.00,24.94,50.00,31.62
2566,บ้านหนองขวาง,ฝาง,เล็ก,นอกเมือง,สำนักงานคณะกรรมการการศึกษาขั้นพื้นฐาน,สพป.เชียงใหม่ เขต 3,5,20.00,40.00,75.00,31.62,20.00,40.00,27.50,14.58,40.00,38.87,70.00,24.49,30.00,24.49,46.67,16.33,50.00,0.00
2566,บ้านหนองยาว,ฝาง,เล็ก,นอกเมือง,สำนักงานคณะกรรมการการศึกษาขั้นพื้นฐาน,สพป.เชียงใหม่ เขต 3,13,53.85,49.85,48.08,24.93,23.08,42.13,48.08,17.57,43.59,35.53,34.62,36.08,53.85,36.49,35.90,27.62,30.77,24.33
2566,บ้านหลวง,ฝาง,กลาง,นอกเมือง,สำนักงานคณะกรรมการการศึกษาขั้นพื้นฐาน,สพป.เชียงใหม่ เขต 3,40,45.00,49.75,30.00,25.74,25.00,43.30,36.56,23.62,22.50,25.15,27.50,31.52,31.25,31.00,26.67,23.80,35.00,32.02
2566,บ้านหล่ายฝาง,ฝาง,เล็ก,นอกเมือง,กรมส่งเสริมการปกครองท้องถิ่น,ท้องถิ่นจังหวัดเชียงใหม่,25,32.00,46.65,33.00,32.95,8.00,27.13,35.50,23.63,32.00,31.94,24.00,28.71,34.00,33.82,21.33,24.73,36.00,30.07
2566,บ้านห้วยไคร้,ฝาง,เล็ก,นอกเมือง,สำนักงานคณะกรรมการการศึกษาขั้นพื้นฐาน,สพป.เชียงใหม่ เขต 3,20,20.00,40.00,33.75,31.89,30.00,45.83,41.25,19.41,20.00,22.11,42.50,32.69,17.50,28.61,26.67,22.61,25.00,29.58
2566,บ้านห้วยงูกลาง,ฝาง,เล็ก,นอกเมือง,สำนักงานคณะกรรมการการศึกษาขั้นพื้นฐาน,สพป.เชียงใหม่ เขต 3,14,71.43,45.18,46.43,39.93,35.71,47.92,53.57,27.32,73.81,36.03,46.43,29.67,46.43,35.17,40.48,25.75,57.14,31.94
2566,บ้านห้วยบอน,ฝาง,เล็ก,นอกเมือง,สำนักงานคณะกรรมการการศึกษาขั้นพื้นฐาน,สพป.เชียงใหม่ เขต 3,7,42.86,49.49,39.29,32.34,14.29,34.99,30.36,22.02,19.05,16.50,14.29,22.59,42.86,31.94,14.29,24.28,21.43,24.74
2566,บ้านห้วยหมากเลี่ยม,ฝาง,กลาง,นอกเมือง,สำนักงานคณะกรรมการการศึกษาขั้นพื้นฐาน,สพป.เชียงใหม่ เขต 3,48,43.75,49.61,40.63,29.15,27.08,44.44,22.66,20.04,25.00,18.63,34.38,30.88,25.00,28.87,22.92,23.72,30.21,30.17
2566,บ้านห้วยห้อม,ฝาง,เล็ก,นอกเมือง,สำนักงานคณะกรรมการการศึกษาขั้นพื้นฐาน,สพป.เชียงใหม่ เขต 3,10,40.00,48.99,40.00,33.91,10.00,30.00,45.00,22.50,33.33,25.82,50.00,38.73,30.00,33.17,23.33,30.00,50.00,31.62
2566,บ้านห้วยเฮี่ยน,ฝาง,เล็ก,นอกเมือง,สำนักงานคณะกรรมการการศึกษาขั้นพื้นฐาน,สพป.เชียงใหม่ เขต 3,11,27.27,44.54,36.36,30.83,9.09,28.75,52.27,22.50,9.09,14.85,27.27,32.78,40.91,35.79,27.27,23.86,45.45,39.63
2566,บ้านหัวนา,ฝาง,เล็ก,นอกเมือง,สำนักงานคณะกรรมการการศึกษาขั้นพื้นฐาน,สพป.เชียงใหม่ เขต 3,37,51.35,49.98,46.62,31.39,27.03,44.41,39.19,21.78,42.34,32.56,51.35,33.86,45.95,31.58,25.23,27.30,36.49,36.11
2566,บ้านหัวฝาย,ฝาง,เล็ก,นอกเมือง,สำนักงานคณะกรรมการการศึกษาขั้นพื้นฐาน,สพป.เชียงใหม่ เขต 3,5,100.00,0.00,25.00,22.36,20.00,40.00,42.50,29.15,40.00,24.94,10.00,20.00,40.00,37.42,20.00,16.33,30.00,24.49
2566,บ้านเหมืองแร่,ฝาง,กลาง,นอกเมือง,สำนักงานคณะกรรมการการศึกษาขั้นพื้นฐาน,สพป.เชียงใหม่ เขต 3,15,46.67,49.89,35.00,27.08,13.33,33.99,30.00,21.31,13.33,20.37,36.67,33.99,43.33,35.90,22.22,15.71,43.33,30.91
2566,รังษีวิทยา,ฝาง,ใหญ่พิเศษ,นอกเมือง,สำนักงานคณะกรรมการส่งเสริมการศึกษาเอกชน,-,178,48.31,49.97,52.81,31.90,15.17,35.87,54.49,23.46,56.18,32.99,55.90,38.68,50.56,35.55,40.45,29.12,52.25,29.90
2566,รัตนาเอื้อวิทยา,ฝาง,ใหญ่,นอกเมือง,สำนักงานคณะกรรมการส่งเสริมการศึกษาเอกชน,-,56,55.36,49.71,42.86,27.02,25.00,43.30,51.12,25.91,36.31,32.29,47.32,30.50,41.96,31.02,44.05,24.48,50.00,32.73
2566,วัดนันทาราม,ฝาง,กลาง,นอกเมือง,สำนักงานคณะกรรมการการศึกษาขั้นพื้นฐาน,สพป.เชียงใหม่ เขต 3,7,28.57,45.18,35.71,37.46,14.29,34.99,44.64,17.50,61.90,27.77,35.71,34.99,57.14,31.94,23.81,23.33,57.14,17.50
2566,วัดศรีบุญเรือง,ฝาง,เล็ก,นอกเมือง,สำนักงานคณะกรรมการการศึกษาขั้นพื้นฐาน,สพป.เชียงใหม่ เขต 3,9,33.33,47.14,41.67,37.27,11.11,31.43,54.17,26.35,59.26,34.35,44.44,36.85,27.78,34.25,40.74,20.95,33.33,33.33
2566,วิรุณเทพ,ฝาง,เล็ก,นอกเมือง,สำนักงานคณะกรรมการการศึกษาขั้นพื้นฐาน,สพป.เชียงใหม่ เขต 3,13,23.08,42.13,42.31,33.09,7.69,26.65,48.08,31.33,51.28,28.09,19.23,24.33,30.77,31.25,33.33,26.15,30.77,31.25
2566,สายอักษร,ฝาง,กลาง,นอกเมือง,สำนักงานคณะกรรมการส่งเสริมการศึกษาเอกชน,-,62,61.29,48.71,47.18,32.10,22.58,41.81,59.48,21.02,48.39,30.34,58.87,34.22,48.39,35.88,50.54,27.27,42.74,33.42
2566,อาโอยาม่า,ฝาง,เล็ก,นอกเมือง,กองบัญชาการตำรวจตระเวนชายแดน,-,3,33.33,47.14,50.00,0.00,0.00,0.00,29.17,41.25,0.00,0.00,50.00,40.82,66.67,23.57,33.33,0.00,16.67,23.57
2566,เจ้าพ่อหลวงอุปถัมภ์ 2,พร้าว,เล็ก,นอกเมือง,กองบัญชาการตำรวจตระเวนชายแดน,-,7,14.29,34.99,28.57,28.12,28.57,45.18,42.86,18.73,42.86,34.34,14.29,22.59,35.71,34.99,47.62,24.28,42.86,41.65
2566,ชุมชนบ้านโป่ง,พร้าว,เล็ก,นอกเมือง,สำนักงานคณะกรรมการการศึกษาขั้นพื้นฐาน,สพป.เชียงใหม่ เขต 2,8,37.50,48.41,40.63,35.22,25.00,43.30,46.88,19.52,45.83,28.57,50.00,25.00,62.50,33.07,45.83,16.14,56.25,39.03
2566,ชุมชนสหกรณ์นิคมวิทยา,พร้าว,เล็ก,นอกเมือง,สำนักงานคณะกรรมการการศึกษาขั้นพื้นฐาน,สพป.เชียงใหม่ เขต 2,12,50.00,50.00,31.25,27.24,41.67,49.30,56.25,24.74,50.00,28.87,45.83,24.65,33.33,23.57,16.67,21.52,58.33,27.64
2566,บ้านขุนแจ๋,พร้าว,เล็ก,นอกเมือง,สำนักงานคณะกรรมการการศึกษาขั้นพื้นฐาน,สพป.เชียงใหม่ เขต 2,2,100.00,0.00,37.50,12.50,50.00,50.00,56.25,31.25,83.33,16.67,25.00,25.00,25.00,25.00,16.67,16.67,25.00,25.00
2566,บ้านแจ่งกู่เรือง,พร้าว,กลาง,นอกเมือง,สำนักงานคณะกรรมการการศึกษาขั้นพื้นฐาน,สพป.เชียงใหม่ เขต 2,128,56.25,49.61,48.05,31.66,20.31,40.23,62.79,24.08,56.51,33.22,63.28,36.17,58.59,36.50,39.06,26.72,51.17,31.54
2566,บ้านต้นรุง,พร้าว,เล็ก,นอกเมือง,สำนักงานคณะกรรมการการศึกษาขั้นพื้นฐาน,สพป.เชียงใหม่ เขต 2,13,23.08,42.13,32.69,30.04,38.46,48.65,28.85,22.67,35.90,30.55,26.92,31.72,46.15,36.49,12.82,16.22,38.46,28.78
2566,บ้านท่ามะเกี๋ยง,พร้าว,เล็ก,นอกเมือง,สำนักงานคณะกรรมการการศึกษาขั้นพื้นฐาน,สพป.เชียงใหม่ เขต 2,3,0.00,0.00,0.00,0.00,0.00,0.00,62.50,10.21,33.33,0.00,33.33,23.57,33.33,23.57,66.67,27.22,50.00,0.00
2566,บ้านนาบุญโหล่งขอด,พร้าว,เล็ก,นอกเมือง,สำนักงานคณะกรรมการการศึกษาขั้นพื้นฐาน,สพป.เชียงใหม่ เขต 2,17,41.18,49.22,50.00,32.08,11.76,32.22,44.12,21.91,27.45,20.56,61.76,27.28,44.12,33.79,19.61,23.03,50.00,34.30
2566,บ้านป่าตุ้ม,พร้าว,กลาง,นอกเมือง,สำนักงานคณะกรรมการการศึกษาขั้นพื้นฐาน,สพป.เชียงใหม่ เขต 2,11,36.36,48.10,40.91,40.27,27.27,44.54,37.50,20.64,36.36,26.42,63.64,37.48,45.45,33.40,18.18,16.60,45.45,25.71
2566,บ้านป่าไหน่,พร้าว,เล็ก,นอกเมือง,สำนักงานคณะกรรมการการศึกษาขั้นพื้นฐาน,สพป.เชียงใหม่ เขต 2,2,50.00,50.00,37.50,37.50,0.00,0.00,56.25,6.25,50.00,50.00,75.00,25.00,50.00,0.00,50.00,16.67,75.00,25.00
2566,บ้านแม่ปั๋ง,พร้าว,เล็ก,นอกเมือง,สำนักงานคณะกรรมการการศึกษาขั้นพื้นฐาน,สพป.เชียงใหม่ เขต 2,7,71.43,45.18,25.00,23.15,42.86,49.49,41.07,20.82,33.33,25.20,28.57,24.74,35.71,34.99,23.81,23.33,50.00,26.73
2566,บ้านแม่ปาคี,พร้าว,เล็ก,นอกเมือง,สำนักงานคณะกรรมการการศึกษาขั้นพื้นฐาน,สพป.เชียงใหม่ เขต 2,9,44.44,49.69,30.56,32.87,33.33,47.14,36.11,28.53,37.04,29.16,22.22,34.25,50.00,47.14,18.52,16.56,22.22,34.25
2566,บ้านแม่เหียะ,พร้าว,เล็ก,นอกเมือง,สำนักงานคณะกรรมการการศึกษาขั้นพื้นฐาน,สพป.เชียงใหม่ เขต 2,17,58.82,49.22,44.12,31.54,5.88,23.53,39.71,23.96,39.22,26.16,50.00,34.30,38.24,36.50,21.57,22.70,47.06,26.96
2566,บ้านสันกลาง,พร้าว,เล็ก,นอกเมือง,สำนักงานคณะกรรมการการศึกษาขั้นพื้นฐาน,สพป.เชียงใหม่ เขต 2,5,100.00,0.00,20.00,40.00,40.00,48.99,67.50,24.49,53.33,16.33,70.00,24.49,60.00,20.00,33.33,21.08,40.00,20.00
2566,บ้านสันปง,พร้าว,เล็ก,นอกเมือง,สำนักงานคณะกรรมการการศึกษาขั้นพื้นฐาน,สพป.เชียงใหม่ เขต 2,2,100.00,0.00,25.00,25.00,0.00,0.00,75.00,0.00,33.33,0.00,50.00,50.00,75.00,25.00,16.67,16.67,25.00,25.00
2566,บ้านหนองปิด,พร้าว,เล็ก,นอกเมือง,สำนักงานคณะกรรมการการศึกษาขั้นพื้นฐาน,สพป.เชียงใหม่ เขต 2,7,57.14,49.49,3.57,8.75,42.86,49.49,46.43,17.31,28.57,37.50,57.14,17.50,42.86,17.50,19.05,24.28,42.86,41.65
2566,บ้านหลวง,พร้าว,เล็ก,นอกเมือง,สำนักงานคณะกรรมการการศึกษาขั้นพื้นฐาน,สพป.เชียงใหม่ เขต 2,3,0.00,0.00,41.67,42.49,0.00,0.00,58.33,15.59,33.33,0.00,83.33,23.57,66.67,47.14,22.22,15.71,33.33,23.57
2566,บ้านห้วยบง,พร้าว,เล็ก,นอกเมือง,สำนักงานคณะกรรมการการศึกษาขั้นพื้นฐาน,สพป.เชียงใหม่ เขต 2,7,85.71,34.99,28.57,20.82,14.29,34.99,46.43,23.82,33.33,30.86,50.00,26.73,28.57,24.74,33.33,30.86,42.86,17.50
2566,ประชาสามัคคีวิทยา,พร้าว,เล็ก,นอกเมือง,สำนักงานคณะกรรมการการศึกษาขั้นพื้นฐาน,สพป.เชียงใหม่ เขต 2,6,16.67,37.27,62.50,31.46,0.00,0.00,66.67,22.44,27.78,22.91,33.33,23.57,50.00,28.87,55.56,31.43,50.00,28.87
2566,ประดู่วิทยา,พร้าว,เล็ก,นอกเมือง,สำนักงานคณะกรรมการการศึกษาขั้นพื้นฐาน,สพป.เชียงใหม่ เขต 2,5,60.00,48.99,60.00,12.25,20.00,40.00,52.50,18.37,66.67,21.08,60.00,37.42,40.00,37.42,40.00,24.94,40.00,20.00
2566,พร้าวบูรพา,พร้าว,เล็ก,นอกเมือง,สำนักงานคณะกรรมการการศึกษาขั้นพื้นฐาน,สพป.เชียงใหม่ เขต 2,11,54.55,49.79,29.55,23.40,27.27,44.54,47.73,25.46,30.30,33.20,31.82,32.14,36.36,37.48,21.21,21.43,31.82,24.05
2566,สหกรณ์ดำริ,พร้าว,เล็ก,นอกเมือง,สำนักงานคณะกรรมการการศึกษาขั้นพื้นฐาน,สพป.เชียงใหม่ เขต 2,7,28.57,45.18,35.71,34.99,14.29,34.99,35.71,10.41,33.33,17.82,35.71,34.99,28.57,36.42,9.52,15.06,28.57,24.74
2566,กสิณธร เซนต์เจมส์ เชียงใหม่,เมืองเชียงใหม่,เล็ก,ในเมือง,สำนักงานคณะกรรมการส่งเสริมการศึกษาเอกชน,-,10,60.00,48.99,40.00,30.00,20.00,40.00,56.25,15.05,50.00,26.87,55.00,35.00,50.00,38.73,30.00,17.95,55.00,26.93
2566,โกวิทธำรงเชียงใหม่,เมืองเชียงใหม่,ใหญ่,ในเมือง,สำนักงานคณะกรรมการส่งเสริมการศึกษาเอกชน,-,104,63.46,48.15,53.61,29.30,20.19,40.14,55.53,21.91,48.72,32.33,62.98,33.25,48.08,32.47,31.09,27.06,50.48,26.40
2566,ขาลสุวรรณอนุสรณ์,เมืองเชียงใหม่,เล็ก,ในเมือง,สำนักงานคณะกรรมการส่งเสริมการศึกษาเอกชน,-,34,41.18,49.22,39.71,28.52,11.76,32.22,45.96,26.38,31.37,29.08,30.88,29.74,38.24,29.85,36.27,24.74,42.65,34.58
2566,คำเที่ยงอนุสสรณ์,เมืองเชียงใหม่,กลาง,ในเมือง,สำนักงานคณะกรรมการการศึกษาขั้นพื้นฐาน,สพป.เชียงใหม่ เขต 1,85,55.29,49.72,41.47,30.09,31.76,46.56,51.62,26.48,49.80,30.52,45.88,35.32,52.35,33.35,30.59,25.16,45.88,30.88
2566,จิตราวิทยา,เมืองเชียงใหม่,ใหญ่,ในเมือง,สำนักงานคณะกรรมการส่งเสริมการศึกษาเอกชน,-,128,47.66,49.95,45.90,32.74,17.19,37.73,54.79,23.81,40.63,31.99,49.22,34.79,54.30,34.25,29.95,25.29,46.48,34.34
2566,เจ้าพ่อหลวงอุปถัมภ์ 1,เมืองเชียงใหม่,เล็ก,ในเมือง,สำนักงานคณะกรรมการการศึกษาขั้นพื้นฐาน,สพป.เชียงใหม่ เขต 1,17,64.71,47.79,30.88,27.82,41.18,49.22,49.26,24.05,19.61,23.03,35.29,28.52,35.29,28.52,33.33,28.01,38.24,32.22
2566,ชุมชนเทศบาลวัดศรีดอนไชย,เมืองเชียงใหม่,กลาง,ในเมือง,กรมส่งเสริมการปกครองท้องถิ่น,ท้องถิ่นจังหวัดเชียงใหม่,28,75.00,43.30,58.93,34.86,14.29,34.99,52.68,24.86,71.43,30.49,60.71,38.63,64.29,32.34,39.29,30.93,50.00,23.15
2566,ชุมชนบ้านบวกครกน้อย,เมืองเชียงใหม่,กลาง,ในเมือง,สำนักงานคณะกรรมการการศึกษาขั้นพื้นฐาน,สพป.เชียงใหม่ เขต 1,41,63.41,48.17,45.12,35.02,31.71,46.53,46.95,23.39,34.96,29.40,40.24,36.99,47.56,36.54,28.46,33.38,52.44,33.04
2566,ชุมชนวัดท่าเดื่อ,เมืองเชียงใหม่,เล็ก,ในเมือง,สำนักงานคณะกรรมการการศึกษาขั้นพื้นฐาน,สพป.เชียงใหม่ เขต 1,21,47.62,49.94,22.62,24.28,14.29,34.99,45.83,24.19,33.33,23.00,54.76,34.17,40.48,36.58,26.98,22.11,38.10,26.30
2566,เชียงใหม่คริสเตียน,เมืองเชียงใหม่,ใหญ่,ในเมือง,สำนักงานคณะกรรมการส่งเสริมการศึกษาเอกชน,-,90,56.67,49.55,34.17,26.73,14.44,35.15,43.19,19.47,30.00,29.83,39.44,30.27,39.44,35.35,32.22,27.87,41.67,31.84
2566,ดาราวิทยาลัย,เมืองเชียงใหม่,ใหญ่พิเศษ,ในเมือง,สำนักงานคณะกรรมการส่งเสริมการศึกษาเอกชน,-,340,57.94,49.37,45.74,31.51,22.35,41.66,48.93,22.01,37.55,30.44,53.53,34.33,50.74,35.24,50.78,29.08,56.32,29.90
2566,ท่าศาลา,เมืองเชียงใหม่,เล็ก,ในเมือง,สำนักงานคณะกรรมการการศึกษาขั้นพื้นฐาน,สพป.เชียงใหม่ เขต 1,18,66.67,47.14,36.11,31.43,16.67,37.27,43.75,22.53,35.19,30.37,38.89,31.43,55.56,36.85,33.33,27.22,44.44,32.87
2566,เทพบดินทร์วิทยาเชียงใหม่,เมืองเชียงใหม่,ใหญ่,ในเมือง,สำนักงานคณะกรรมการส่งเสริมการศึกษาเอกชน,-,131,59.54,49.08,41.22,33.11,19.08,39.30,52.10,24.33,39.19,30.95,44.27,33.64,38.17,34.30,33.33,28.83,48.09,29.89
2566,เทศบาลดอกเงิน,เมืองเชียงใหม่,เล็ก,ในเมือง,กรมส่งเสริมการปกครองท้องถิ่น,ท้องถิ่นจังหวัดเชียงใหม่,20,70.00,45.83,42.50,26.34,30.00,45.83,38.75,23.35,43.33,21.34,50.00,38.73,37.50,31.12,28.33,30.32,52.50,29.47
2566,เทศบาลวัดกู่คำ,เมืองเชียงใหม่,เล็ก,ในเมือง,กรมส่งเสริมการปกครองท้องถิ่น,ท้องถิ่นจังหวัดเชียงใหม่,12,25.00,43.30,54.17,24.65,8.33,27.64,53.13,21.73,72.22,26.64,54.17,37.96,45.83,37.96,50.00,34.69,45.83,32.00
2566,เทศบาลวัดเกตการาม,เมืองเชียงใหม่,เล็ก,ในเมือง,กรมส่งเสริมการปกครองท้องถิ่น,ท้องถิ่นจังหวัดเชียงใหม่,13,69.23,46.15,51.92,30.16,30.77,46.15,28.85,24.21,43.59,33.04,57.69,33.09,42.31,38.46,30.77,20.51,38.46,28.78
2566,เทศบาลวัดเชียงยืน,เมืองเชียงใหม่,กลาง,ในเมือง,กรมส่งเสริมการปกครองท้องถิ่น,ท้องถิ่นจังหวัดเชียงใหม่,46,47.83,49.95,40.22,31.48,23.91,42.66,51.90,21.49,33.33,29.49,50.00,34.58,47.83,36.05,35.51,25.44,51.09,35.34
2566,เทศบาลวัดท่าสะต๋อย,เมืองเชียงใหม่,กลาง,ในเมือง,กรมส่งเสริมการปกครองท้องถิ่น,ท้องถิ่นจังหวัดเชียงใหม่,45,35.56,47.87,35.00,32.23,20.00,40.00,52.50,23.21,36.30,28.82,47.78,31.54,33.33,34.96,37.04,29.16,51.11,32.47
2566,เทศบาลวัดป่าแพ่ง,เมืองเชียงใหม่,กลาง,ในเมือง,กรมส่งเสริมการปกครองท้องถิ่น,ท้องถิ่นจังหวัดเชียงใหม่,26,42.31,49.40,39.42,31.14,19.23,39.41,51.44,23.85,53.85,29.35,51.92,21.84,61.54,34.83,33.33,30.66,55.77,25.29
2566,เทศบาลวัดพวกช้าง,เมืองเชียงใหม่,เล็ก,ในเมือง,กรมส่งเสริมการปกครองท้องถิ่น,ท้องถิ่นจังหวัดเชียงใหม่,10,40.00,48.99,37.50,34.00,40.00,48.99,56.25,25.16,36.67,23.33,60.00,30.00,25.00,25.00,33.33,25.82,55.00,26.93
2566,เทศบาลวัดศรีปิงเมือง,เมืองเชียงใหม่,กลาง,ในเมือง,กรมส่งเสริมการปกครองท้องถิ่น,ท้องถิ่นจังหวัดเชียงใหม่,35,48.57,49.98,40.00,33.91,17.14,37.69,50.36,20.59,43.81,31.64,44.29,31.10,40.00,33.38,23.81,21.93,38.57,26.95
2566,เทศบาลวัดศรีสุพรรณ,เมืองเชียงใหม่,กลาง,ในเมือง,กรมส่งเสริมการปกครองท้องถิ่น,ท้องถิ่นจังหวัดเชียงใหม่,21,33.33,47.14,42.86,33.76,19.05,39.27,47.62,27.45,25.40,20.33,40.48,36.58,47.62,36.11,22.22,18.78,33.33,35.63
2566,เทศบาลวัดหมื่นเงินกอง,เมืองเชียงใหม่,เล็ก,ในเมือง,กรมส่งเสริมการปกครองท้องถิ่น,ท้องถิ่นจังหวัดเชียงใหม่,21,47.62,49.94,40.48,36.58,9.52,29.35,50.60,26.86,57.14,34.34,50.00,37.80,57.14,31.94,28.57,29.61,30.95,28.77
2566,บ้านเชิงดอยสุเทพ,เมืองเชียงใหม่,เล็ก,ในเมือง,สำนักงานคณะกรรมการการศึกษาขั้นพื้นฐาน,สพป.เชียงใหม่ เขต 1,10,40.00,48.99,55.00,36.74,10.00,30.00,48.75,24.65,63.33,27.69,55.00,26.93,70.00,33.17,33.33,29.81,60.00,30.00
2566,บ้านดอนปิน,เมืองเชียงใหม่,กลาง,ในเมือง,สำนักงานคณะกรรมการการศึกษาขั้นพื้นฐาน,สพป.เชียงใหม่ เขต 1,27,40.74,49.14,39.81,28.27,25.93,43.82,48.61,28.12,38.27,35.95,48.15,31.86,37.04,29.16,23.46,26.94,40.74,33.44
2566,บ้านท่าหลุกสันทราย,เมืองเชียงใหม่,กลาง,ในเมือง,สำนักงานคณะกรรมการการศึกษาขั้นพื้นฐาน,สพป.เชียงใหม่ เขต 1,26,50.00,50.00,43.27,33.65,34.62,47.57,50.96,25.93,30.77,24.33,34.62,36.08,46.15,36.49,42.31,27.04,44.23,25.29
2566,บ้านโป่งน้อย,เมืองเชียงใหม่,กลาง,ในเมือง,สำนักงานคณะกรรมการการศึกษาขั้นพื้นฐาน,สพป.เชียงใหม่ เขต 1,17,58.82,49.22,30.88,31.54,11.76,32.22,46.32,22.99,41.18,21.48,38.24,36.50,50.00,34.30,25.49,21.48,41.18,35.29
2566,บ้านแม่เหียะสามัคคี,เมืองเชียงใหม่,เล็ก,ในเมือง,สำนักงานคณะกรรมการการศึกษาขั้นพื้นฐาน,สพป.เชียงใหม่ เขต 1,18,66.67,47.14,43.06,33.13,16.67,37.27,41.67,13.82,27.78,33.79,41.67,34.36,55.56,28.33,22.22,19.25,38.89,31.43
2566,บ้านห้วยทราย,เมืองเชียงใหม่,เล็ก,ในเมือง,กรมส่งเสริมการปกครองท้องถิ่น,ท้องถิ่นจังหวัดเชียงใหม่,9,55.56,49.69,36.11,33.56,22.22,41.57,45.83,28.87,48.15,38.84,38.89,31.43,44.44,36.85,22.22,15.71,61.11,31.43
2566,ปรินส์รอยแยลส์วิทยาลัย,เมืองเชียงใหม่,ใหญ่พิเศษ,ในเมือง,สำนักงานคณะกรรมการส่งเสริมการศึกษาเอกชน,-,515,53.59,49.87,55.53,31.56,20.19,40.14,60.95,24.40,64.14,32.91,67.28,33.59,62.04,35.40,46.21,27.95,61.94,27.84
2566,พระหฤทัยเชียงใหม่,เมืองเชียงใหม่,ใหญ่,ในเมือง,สำนักงานคณะกรรมการส่งเสริมการศึกษาเอกชน,-,118,52.54,49.94,50.42,35.35,21.19,40.86,58.16,26.06,55.08,31.11,52.97,27.84,44.49,35.53,34.18,28.28,53.81,26.96
2566,พิงครัตน์,เมืองเชียงใหม่,เล็ก,ในเมือง,สำนักงานคณะกรรมการส่งเสริมการศึกษาเอกชน,-,7,85.71,34.99,57.14,34.63,14.29,34.99,53.57,37.03,61.90,27.77,50.00,26.73,71.43,24.74,47.62,24.28,57.14,17.50
2566,พิมานเด็กเชียงใหม่,เมืองเชียงใหม่,กลาง,ในเมือง,สำนักงานคณะกรรมการส่งเสริมการศึกษาเอกชน,-,50,80.00,40.00,55.00,33.91,24.00,42.71,59.75,25.04,48.67,33.47,55.00,32.02,46.00,31.37,44.00,30.87,54.00,31.37
2566,พุทธิโศภน,เมืองเชียงใหม่,ใหญ่,ในเมือง,สำนักงานคณะกรรมการการศึกษาขั้นพื้นฐาน,สพป.เชียงใหม่ เขต 1,172,49.42,50.00,41.42,30.43,21.51,41.09,45.86,23.47,37.21,30.25,46.22,34.95,46.22,34.53,35.47,29.23,50.29,31.21
2566,มงฟอร์ตวิทยาลัย แผนกประถม,เมืองเชียงใหม่,ใหญ่พิเศษ,ในเมือง,สำนักงานคณะกรรมการส่งเสริมการศึกษาเอกชน,-,365,68.22,46.56,50.75,33.38,26.58,44.17,55.65,23.90,45.57,30.96,59.59,34.58,55.89,38.64,40.82,25.50,59.73,30.65
2566,ยุวฑูตศึกษาพัฒนาราชพฤกษ์,เมืองเชียงใหม่,กลาง,ในเมือง,สำนักงานคณะกรรมการส่งเสริมการศึกษาเอกชน,-,11,72.73,44.54,47.73,19.81,27.27,44.54,39.77,19.08,24.24,24.99,59.09,35.79,59.09,41.66,39.39,27.77,54.55,33.40
2566,เรยีนาเชลีวิทยาลัย,เมืองเชียงใหม่,ใหญ่,ในเมือง,สำนักงานคณะกรรมการส่งเสริมการศึกษาเอกชน,-,157,60.51,48.88,50.96,30.64,23.57,42.44,56.69,21.93,44.59,31.60,53.50,33.91,51.91,36.08,41.61,30.02,56.05,29.51
2566,วชิรวิทย์ เชียงใหม่,เมืองเชียงใหม่,กลาง,ในเมือง,สำนักงานคณะกรรมการส่งเสริมการศึกษาเอกชน,-,56,60.71,48.84,44.20,29.50,28.57,45.18,44.42,24.77,29.17,26.02,38.39,34.06,43.75,35.43,29.76,21.53,44.64,27.84
2566,วัดข่วงสิงห์,เมืองเชียงใหม่,กลาง,ในเมือง,สำนักงานคณะกรรมการการศึกษาขั้นพื้นฐาน,สพป.เชียงใหม่ เขต 1,28,57.14,49.49,28.57,24.74,25.00,43.30,51.79,22.83,46.43,31.29,57.14,31.94,39.29,33.69,50.00,30.21,53.57,22.87
2566,วัดขะจาว,เมืองเชียงใหม่,เล็ก,ในเมือง,สำนักงานคณะกรรมการการศึกษาขั้นพื้นฐาน,สพป.เชียงใหม่ เขต 1,22,54.55,49.79,36.36,25.81,18.18,38.57,52.27,20.52,25.76,31.67,36.36,22.27,43.18,37.83,27.27,23.86,38.64,33.48
2566,วัดเจ็ดยอด,เมืองเชียงใหม่,เล็ก,ในเมือง,สำนักงานคณะกรรมการการศึกษาขั้นพื้นฐาน,สพป.เชียงใหม่ เขต 1,9,55.56,49.69,50.00,35.36,22.22,41.57,54.17,18.63,66.67,27.22,55.56,28.33,55.56,36.85,22.22,22.22,61.11,39.28
2566,วัดช่างเคี่ยน,เมืองเชียงใหม่,กลาง,ในเมือง,สำนักงานคณะกรรมการการศึกษาขั้นพื้นฐาน,สพป.เชียงใหม่ เขต 1,31,51.61,49.97,48.39,29.74,38.71,48.71,36.69,23.96,35.48,31.61,38.71,30.35,38.71,32.90,24.73,28.04,41.94,28.67
2566,วัดดอนจั่น,เมืองเชียงใหม่,กลาง,ในเมือง,สำนักงานคณะกรรมการการศึกษาขั้นพื้นฐาน,สพป.เชียงใหม่ เขต 1,25,40.00,48.99,25.00,22.36,12.00,32.50,34.00,21.37,25.33,27.13,26.00,28.71,24.00,28.71,22.67,22.55,24.00,24.98
2566,วัดป่าข่อยใต้,เมืองเชียงใหม่,เล็ก,ในเมือง,สำนักงานคณะกรรมการการศึกษาขั้นพื้นฐาน,สพป.เชียงใหม่ เขต 1,9,66.67,47.14,47.22,36.22,11.11,31.43,55.56,8.56,77.78,31.43,55.56,15.71,94.44,15.71,37.04,18.89,55.56,15.71
2566,วัดป่าแดด,เมืองเชียงใหม่,เล็ก,ในเมือง,สำนักงานคณะกรรมการการศึกษาขั้นพื้นฐาน,สพป.เชียงใหม่ เขต 1,14,71.43,45.18,44.64,31.59,35.71,47.92,50.89,11.04,47.62,32.65,50.00,32.73,64.29,34.99,33.33,28.17,28.57,24.74
2566,วัดป่าตัน,เมืองเชียงใหม่,เล็ก,ในเมือง,สำนักงานคณะกรรมการการศึกษาขั้นพื้นฐาน,สพป.เชียงใหม่ เขต 1,24,87.50,33.07,32.29,28.39,25.00,43.30,36.98,18.92,26.39,28.83,45.83,35.11,33.33,31.18,33.33,25.46,45.83,28.57
2566,วัดเมืองสาตร,เมืองเชียงใหม่,เล็ก,ในเมือง,สำนักงานคณะกรรมการการศึกษาขั้นพื้นฐาน,สพป.เชียงใหม่ เขต 1,8,12.50,33.07,21.88,31.72,25.00,43.30,64.06,18.15,20.83,28.57,43.75,29.97,43.75,29.97,33.33,23.57,37.50,33.07
2566,วัดร้องอ้อ,เมืองเชียงใหม่,กลาง,ในเมือง,สำนักงานคณะกรรมการการศึกษาขั้นพื้นฐาน,สพป.เชียงใหม่ เขต 1,17,58.82,49.22,44.12,27.82,11.76,32.22,52.21,20.22,49.02,30.50,41.18,30.85,50.00,24.25,41.18,18.18,64.71,22.78
2566,วัดวังสิงห์คำ,เมืองเชียงใหม่,กลาง,ในเมือง,สำนักงานคณะกรรมการการศึกษาขั้นพื้นฐาน,สพป.เชียงใหม่ เขต 1,22,59.09,49.17,55.68,33.65,13.64,34.32,57.39,24.33,62.12,28.95,31.82,28.39,59.09,35.79,48.48,24.05,54.55,29.81
2566,วัดสวนดอก,เมืองเชียงใหม่,กลาง,ในเมือง,สำนักงานคณะกรรมการการศึกษาขั้นพื้นฐาน,สพป.เชียงใหม่ เขต 1,24,50.00,50.00,32.29,29.30,25.00,43.30,50.52,22.38,55.56,32.87,50.00,32.27,60.42,38.13,41.67,24.06,47.92,22.73
2566,วัดเสาหิน,เมืองเชียงใหม่,เล็ก,ในเมือง,สำนักงานคณะกรรมการการศึกษาขั้นพื้นฐาน,สพป.เชียงใหม่ เขต 1,10,30.00,45.83,47.50,28.39,10.00,30.00,51.25,29.29,33.33,33.33,60.00,43.59,40.00,30.00,26.67,20.00,50.00,38.73
2566,วัดหนองป่าครั่ง,เมืองเชียงใหม่,เล็ก,ในเมือง,สำนักงานคณะกรรมการการศึกษาขั้นพื้นฐาน,สพป.เชียงใหม่ เขต 1,3,66.67,47.14,75.00,20.41,0.00,0.00,54.17,5.89,66.67,27.22,83.33,23.57,83.33,23.57,33.33,27.22,50.00,0.00
2566,วารีเชียงใหม่,เมืองเชียงใหม่,ใหญ่พิเศษ,ในเมือง,สำนักงานคณะกรรมการส่งเสริมการศึกษาเอกชน,-,196,56.63,49.56,43.49,30.92,19.90,39.92,48.79,22.68,43.20,33.40,54.34,34.91,48.98,34.24,36.56,29.27,51.53,31.91
2566,วิชัยวิทยา,เมืองเชียงใหม่,กลาง,ในเมือง,สำนักงานคณะกรรมการส่งเสริมการศึกษาเอกชน,-,27,48.15,49.97,40.74,28.18,25.93,43.82,49.54,21.91,35.80,29.99,37.04,34.94,48.15,34.64,29.63,24.57,40.74,33.44
2566,ศรีเนห์รู,เมืองเชียงใหม่,เล็ก,ในเมือง,สำนักงานคณะกรรมการการศึกษาขั้นพื้นฐาน,สพป.เชียงใหม่ เขต 1,13,30.77,46.15,51.92,33.20,15.38,36.08,41.35,31.16,53.85,27.85,42.31,33.09,23.08,31.72,35.90,24.33,42.31,43.17
2566,ศิริมังคลาจารย์,เมืองเชียงใหม่,เล็ก,ในเมือง,สำนักงานคณะกรรมการการศึกษาขั้นพื้นฐาน,สพป.เชียงใหม่ เขต 1,6,50.00,50.00,33.33,31.18,16.67,37.27,31.25,22.53,27.78,29.92,41.67,18.63,41.67,34.36,27.78,22.91,25.00,38.19
2566,สังวาลย์วิทยา,เมืองเชียงใหม่,เล็ก,ในเมือง,สำนักงานคณะกรรมการการศึกษาขั้นพื้นฐาน,สพป.เชียงใหม่ เขต 1,0,-,-,-,-,-,-,-,-,-,-,-,-,-,-,-,-,-,-
2566,สันติศึกษา,เมืองเชียงใหม่,เล็ก,ในเมือง,สำนักงานคณะกรรมการส่งเสริมการศึกษาเอกชน,-,22,50.00,50.00,42.05,33.19,13.64,34.32,46.59,16.93,42.42,32.07,50.00,42.64,50.00,39.89,40.91,31.67,45.45,36.65
2566,สาธิตมหาวิทยาลัยราชภัฏเชียงใหม่,เมืองเชียงใหม่,กลาง,ในเมือง,สำนักงานปลัดกระทรวงการอุดมศึกษาฯ,-,82,43.90,49.63,46.95,30.09,15.85,36.52,49.39,24.99,39.02,31.15,46.34,32.93,47.56,30.14,29.67,22.70,45.12,31.82
2566,สารสาสน์วิเทศเชียงใหม่,เมืองเชียงใหม่,ใหญ่,ในเมือง,สำนักงานคณะกรรมการส่งเสริมการศึกษาเอกชน,-,121,69.42,46.07,52.69,30.96,23.97,42.69,53.10,23.85,55.92,30.37,59.09,33.40,51.65,37.45,40.77,27.93,58.26,28.27
2566,สารสาสน์วิเทศล้านนา,เมืองเชียงใหม่,ใหญ่,ในเมือง,สำนักงานคณะกรรมการส่งเสริมการศึกษาเอกชน,-,127,66.93,47.05,51.57,33.02,16.54,37.15,57.19,26.08,51.97,33.63,59.45,34.78,51.18,35.20,40.68,30.14,48.82,31.04
2566,โสตศึกษาอนุสารสุนทร,เมืองเชียงใหม่,เล็ก,ในเมือง,สำนักบริหารงานการศึกษาพิเศษ,-,0,-,-,-,-,-,-,-,-,-,-,-,-,-,-,-,-,-,-
2566,อนุบาลเชียงใหม่,เมืองเชียงใหม่,ใหญ่พิเศษ,ในเมือง,สำนักงานคณะกรรมการการศึกษาขั้นพื้นฐาน,สพป.เชียงใหม่ เขต 1,288,63.89,48.03,51.48,33.14,20.49,40.36,54.34,25.49,55.90,34.08,59.38,34.09,52.60,33.88,50.23,31.55,57.99,34.19
2566,อนุบาลบ้านท่อเมืองลัง,เมืองเชียงใหม่,กลาง,ในเมือง,สำนักงานคณะกรรมการการศึกษาขั้นพื้นฐาน,สพป.เชียงใหม่ เขต 1,26,46.15,49.85,41.35,26.80,30.77,46.15,55.29,21.97,21.79,27.65,51.92,32.47,53.85,36.49,34.62,26.92,40.38,31.07
2566,อนุบาลหนองป่าครั่ง,เมืองเชียงใหม่,เล็ก,ในเมือง,กรมส่งเสริมการปกครองท้องถิ่น,ท้องถิ่นจังหวัดเชียงใหม่,15,40.00,48.99,55.00,31.89,13.33,33.99,59.17,16.75,31.11,30.95,46.67,38.59,33.33,34.96,22.22,23.31,40.00,27.08
2566,ชุมชนตำบลท่าผา,แม่แจ่ม,เล็ก,นอกเมือง,สำนักงานคณะกรรมการการศึกษาขั้นพื้นฐาน,สพป.เชียงใหม่ เขต 6,16,75.00,43.30,35.94,31.83,18.75,39.03,59.38,24.41,31.25,29.97,40.63,26.33,56.25,34.80,29.17,33.07,40.63,31.72
2566,ชุมชนบ้านช่างเคิ่ง,แม่แจ่ม,กลาง,นอกเมือง,สำนักงานคณะกรรมการการศึกษาขั้นพื้นฐาน,สพป.เชียงใหม่ เขต 6,19,63.16,48.24,40.79,31.63,42.11,49.37,36.18,28.07,47.37,31.19,42.11,37.22,42.11,37.22,29.82,23.93,36.84,31.80
2566,ชุมชนบ้านพร้าวหนุ่ม,แม่แจ่ม,เล็ก,นอกเมือง,สำนักงานคณะกรรมการการศึกษาขั้นพื้นฐาน,สพป.เชียงใหม่ เขต 6,32,62.50,48.41,63.28,30.61,21.88,41.34,55.08,26.12,35.42,32.21,65.63,34.09,64.06,28.60,44.79,28.39,60.94,27.20
2566,เซนต์โยเซฟแม่แจ่ม,แม่แจ่ม,กลาง,นอกเมือง,สำนักงานคณะกรรมการส่งเสริมการศึกษาเอกชน,-,54,55.56,49.69,47.22,33.91,25.93,43.82,45.60,24.67,37.04,26.96,31.48,29.34,50.00,33.33,37.04,26.96,35.19,32.81
2566,ตำรวจตระเวนชายแดนบางกอก เชฟ แชร์ริตี้ บ้านแม่ขอ,แม่แจ่ม,เล็ก,นอกเมือง,กองบัญชาการตำรวจตระเวนชายแดน,-,12,33.33,47.14,29.17,41.87,16.67,37.27,26.04,27.22,22.22,20.79,20.83,32.00,29.17,32.00,25.00,19.84,16.67,23.57
2566,บ้านกองแขก,แม่แจ่ม,เล็ก,นอกเมือง,สำนักงานคณะกรรมการการศึกษาขั้นพื้นฐาน,สพป.เชียงใหม่ เขต 6,15,40.00,48.99,48.33,26.56,26.67,44.22,50.00,24.15,42.22,33.26,40.00,27.08,43.33,35.90,24.44,33.26,36.67,28.67
2566,บ้านกองแขก สาขาบ้านแม่หลุ,แม่แจ่ม,เล็ก,นอกเมือง,สำนักงานคณะกรรมการการศึกษาขั้นพื้นฐาน,สพป.เชียงใหม่ เขต 6,7,14.29,34.99,42.86,29.01,42.86,49.49,50.00,17.68,14.29,24.28,21.43,24.74,35.71,34.99,38.10,41.51,21.43,24.74
2566,บ้านขุนแม่นาย,แม่แจ่ม,เล็ก,นอกเมือง,สำนักงานคณะกรรมการการศึกษาขั้นพื้นฐาน,สพป.เชียงใหม่ เขต 6,8,50.00,50.00,28.13,26.33,12.50,33.07,39.06,26.84,16.67,16.67,31.25,34.80,31.25,24.21,16.67,23.57,31.25,24.21
2566,บ้านขุนแม่หยอด,แม่แจ่ม,เล็ก,นอกเมือง,สำนักงานคณะกรรมการการศึกษาขั้นพื้นฐาน,สพป.เชียงใหม่ เขต 6,5,20.00,40.00,75.00,22.36,40.00,48.99,22.50,27.84,60.00,38.87,60.00,20.00,30.00,24.49,13.33,26.67,30.00,40.00
2566,บ้านต่อเรือ,แม่แจ่ม,เล็ก,นอกเมือง,สำนักงานคณะกรรมการการศึกษาขั้นพื้นฐาน,สพป.เชียงใหม่ เขต 6,1,0.00,0.00,0.00,0.00,100.00,0.00,37.50,0.00,0.00,0.00,50.00,0.00,50.00,0.00,33.33,0.00,0.00,0.00
2566,บ้านทัพ,แม่แจ่ม,เล็ก,นอกเมือง,สำนักงานคณะกรรมการการศึกษาขั้นพื้นฐาน,สพป.เชียงใหม่ เขต 6,9,66.67,47.14,38.89,39.28,0.00,0.00,36.11,21.61,29.63,33.13,22.22,24.85,22.22,24.85,25.93,13.86,38.89,20.79
2566,บ้านทุ่งแก,แม่แจ่ม,เล็ก,นอกเมือง,สำนักงานคณะกรรมการการศึกษาขั้นพื้นฐาน,สพป.เชียงใหม่ เขต 6,7,14.29,34.99,46.43,36.42,28.57,45.18,42.86,17.50,33.33,39.84,35.71,22.59,28.57,36.42,28.57,27.77,28.57,24.74
2566,บ้านทุ่งแก สาขาแม่แอบ,แม่แจ่ม,เล็ก,นอกเมือง,สำนักงานคณะกรรมการการศึกษาขั้นพื้นฐาน,สพป.เชียงใหม่ เขต 6,14,50.00,50.00,21.43,24.74,42.86,49.49,33.04,25.71,35.71,29.45,39.29,33.69,28.57,31.13,33.33,28.17,35.71,34.99
2566,บ้านทุ่งยาว,แม่แจ่ม,เล็ก,นอกเมือง,สำนักงานคณะกรรมการการศึกษาขั้นพื้นฐาน,สพป.เชียงใหม่ เขต 6,18,72.22,44.79,48.61,31.70,38.89,48.75,44.44,23.65,62.96,29.16,38.89,39.28,33.33,37.27,38.89,29.92,52.78,31.06
2566,บ้านนากลาง,แม่แจ่ม,เล็ก,นอกเมือง,สำนักงานคณะกรรมการการศึกษาขั้นพื้นฐาน,สพป.เชียงใหม่ เขต 6,11,36.36,48.10,43.18,35.50,18.18,38.57,26.14,27.41,9.09,14.85,45.45,33.40,13.64,30.83,30.30,22.27,40.91,41.66
2566,บ้านนากลาง สาขาห้วยผักกูด,แม่แจ่ม,เล็ก,นอกเมือง,สำนักงานคณะกรรมการการศึกษาขั้นพื้นฐาน,สพป.เชียงใหม่ เขต 6,12,75.00,43.30,43.75,27.24,16.67,37.27,31.25,29.09,47.22,28.73,33.33,31.18,20.83,24.65,27.78,18.43,33.33,31.18
2566,บ้านนาฮ่อง,แม่แจ่ม,เล็ก,นอกเมือง,สำนักงานคณะกรรมการการศึกษาขั้นพื้นฐาน,สพป.เชียงใหม่ เขต 6,22,54.55,49.79,36.36,35.14,18.18,38.57,46.02,20.78,42.42,33.61,36.36,34.32,40.91,38.84,30.30,26.42,34.09,27.74
2566,บ้านเนินวิทยา,แม่แจ่ม,เล็ก,นอกเมือง,สำนักงานคณะกรรมการการศึกษาขั้นพื้นฐาน,สพป.เชียงใหม่ เขต 6,16,50.00,50.00,17.19,19.20,18.75,39.03,45.31,28.94,35.42,34.30,34.38,34.09,21.88,35.22,27.08,17.55,37.50,37.50
2566,บ้านปางเกี๊ยะ,แม่แจ่ม,กลาง,นอกเมือง,สำนักงานคณะกรรมการการศึกษาขั้นพื้นฐาน,สพป.เชียงใหม่ เขต 6,25,68.00,46.65,36.00,30.89,12.00,32.50,40.50,20.40,40.00,32.66,42.00,33.70,32.00,34.29,26.67,23.09,24.00,24.98
2566,บ้านปางหินฝน,แม่แจ่ม,เล็ก,นอกเมือง,สำนักงานคณะกรรมการการศึกษาขั้นพื้นฐาน,สพป.เชียงใหม่ เขต 6,12,41.67,49.30,43.75,29.09,25.00,43.30,39.58,28.34,47.22,31.79,50.00,28.87,29.17,37.96,44.44,31.43,54.17,24.65
2566,บ้านปางอุ๋ง,แม่แจ่ม,กลาง,นอกเมือง,สำนักงานคณะกรรมการการศึกษาขั้นพื้นฐาน,สพป.เชียงใหม่ เขต 6,18,33.33,47.14,20.83,20.83,11.11,31.43,45.14,26.07,37.04,31.21,25.00,30.05,25.00,34.36,27.78,25.46,16.67,28.87
2566,บ้านปางอุ๋ง สาขาแม่สะต๊อป,แม่แจ่ม,เล็ก,นอกเมือง,สำนักงานคณะกรรมการการศึกษาขั้นพื้นฐาน,สพป.เชียงใหม่ เขต 6,18,22.22,41.57,40.28,29.03,16.67,37.27,49.31,23.38,31.48,28.27,38.89,31.43,8.33,18.63,22.22,15.71,25.00,30.05
2566,บ้านแปะสามัคคี,แม่แจ่ม,เล็ก,นอกเมือง,สำนักงานคณะกรรมการการศึกษาขั้นพื้นฐาน,สพป.เชียงใหม่ เขต 6,7,42.86,49.49,21.43,20.82,28.57,45.18,66.07,18.56,38.10,27.77,50.00,0.00,64.29,22.59,33.33,17.82,64.29,22.59
2566,บ้านผานัง,แม่แจ่ม,เล็ก,นอกเมือง,สำนักงานคณะกรรมการการศึกษาขั้นพื้นฐาน,สพป.เชียงใหม่ เขต 6,4,75.00,43.30,18.75,20.73,50.00,50.00,28.13,10.36,25.00,27.64,87.50,21.65,37.50,41.46,33.33,0.00,37.50,41.46
2566,บ้านผาละปิ,แม่แจ่ม,เล็ก,นอกเมือง,สำนักงานคณะกรรมการการศึกษาขั้นพื้นฐาน,สพป.เชียงใหม่ เขต 6,13,46.15,49.85,21.15,25.66,46.15,49.85,46.15,19.85,46.15,35.90,50.00,39.22,30.77,31.25,33.33,22.65,38.46,39.97
2566,บ้านพุย สาขาพุยใต้,แม่แจ่ม,เล็ก,นอกเมือง,สำนักงานคณะกรรมการการศึกษาขั้นพื้นฐาน,สพป.เชียงใหม่ เขต 6,2,50.00,50.00,25.00,25.00,50.00,50.00,18.75,6.25,33.33,33.33,25.00,25.00,50.00,0.00,33.33,33.33,50.00,0.00
2566,บ้านแม่ซา,แม่แจ่ม,เล็ก,นอกเมือง,สำนักงานคณะกรรมการการศึกษาขั้นพื้นฐาน,สพป.เชียงใหม่ เขต 6,13,23.08,42.13,25.00,27.74,7.69,26.65,29.81,12.54,17.95,16.62,19.23,24.33,19.23,24.33,28.21,31.61,23.08,31.72
2566,บ้านแม่ตูม,แม่แจ่ม,เล็ก,นอกเมือง,สำนักงานคณะกรรมการการศึกษาขั้นพื้นฐาน,สพป.เชียงใหม่ เขต 6,6,33.33,47.14,20.83,22.44,16.67,37.27,37.50,20.41,16.67,16.67,25.00,25.00,58.33,18.63,27.78,12.42,41.67,34.36
2566,บ้านแม่นาจร,แม่แจ่ม,กลาง,นอกเมือง,สำนักงานคณะกรรมการการศึกษาขั้นพื้นฐาน,สพป.เชียงใหม่ เขต 6,14,50.00,50.00,25.00,35.36,28.57,45.18,39.29,13.24,42.86,29.35,35.71,34.99,32.14,30.51,23.81,23.33,39.29,27.89
2566,บ้านแม่ปาน,แม่แจ่ม,เล็ก,นอกเมือง,สำนักงานคณะกรรมการการศึกษาขั้นพื้นฐาน,สพป.เชียงใหม่ เขต 6,21,47.62,49.94,45.24,32.38,9.52,29.35,49.40,22.98,60.32,30.20,30.95,24.28,38.10,30.49,33.33,29.10,40.48,24.97
2566,บ้านแม่มะลอ,แม่แจ่ม,เล็ก,นอกเมือง,สำนักงานคณะกรรมการการศึกษาขั้นพื้นฐาน,สพป.เชียงใหม่ เขต 6,11,18.18,38.57,43.18,38.57,18.18,38.57,30.68,20.20,15.15,16.60,36.36,43.12,22.73,32.78,21.21,16.03,31.82,32.14
2566,บ้านแม่มุ,แม่แจ่ม,เล็ก,นอกเมือง,สำนักงานคณะกรรมการการศึกษาขั้นพื้นฐาน,สพป.เชียงใหม่ เขต 6,12,41.67,49.30,37.50,31.46,16.67,37.27,35.42,27.40,30.56,34.58,20.83,24.65,29.17,24.65,8.33,14.43,29.17,32.00
2566,บ้านแม่ลอง,แม่แจ่ม,เล็ก,นอกเมือง,กองบัญชาการตำรวจตระเวนชายแดน,-,16,50.00,50.00,40.63,31.72,43.75,49.61,50.00,29.97,25.00,25.00,28.13,30.46,40.63,36.31,37.50,23.20,34.38,34.09
2566,บ้านแม่วาก,แม่แจ่ม,เล็ก,นอกเมือง,สำนักงานคณะกรรมการการศึกษาขั้นพื้นฐาน,สพป.เชียงใหม่ เขต 6,6,66.67,47.14,33.33,27.64,0.00,0.00,35.42,29.24,5.56,12.42,33.33,23.57,25.00,25.00,0.00,0.00,16.67,23.57
2566,บ้านแม่ศึก (มูลนิธิธรรมมาภิรักษ์อุปถัมภ์ที่ 2),แม่แจ่ม,เล็ก,นอกเมือง,สำนักงานคณะกรรมการการศึกษาขั้นพื้นฐาน,สพป.เชียงใหม่ เขต 6,3,66.67,47.14,41.67,31.18,0.00,0.00,41.67,21.25,33.33,0.00,16.67,23.57,33.33,23.57,22.22,31.43,50.00,0.00
2566,บ้านแม่หงานหลวง,แม่แจ่ม,เล็ก,นอกเมือง,สำนักงานคณะกรรมการการศึกษาขั้นพื้นฐาน,สพป.เชียงใหม่ เขต 6,13,38.46,48.65,32.69,34.51,15.38,36.08,33.65,22.14,33.33,18.49,30.77,36.89,38.46,28.78,28.21,22.06,38.46,39.97
2566,บ้านแม่หอย,แม่แจ่ม,เล็ก,นอกเมือง,สำนักงานคณะกรรมการการศึกษาขั้นพื้นฐาน,สพป.เชียงใหม่ เขต 6,6,33.33,47.14,33.33,34.36,0.00,0.00,43.75,27.72,33.33,33.33,33.33,23.57,41.67,34.36,22.22,31.43,33.33,37.27
2566,บ้านแม่เอาะ,แม่แจ่ม,เล็ก,นอกเมือง,สำนักงานคณะกรรมการการศึกษาขั้นพื้นฐาน,สพป.เชียงใหม่ เขต 6,17,41.18,49.22,39.71,19.29,11.76,32.22,35.29,23.96,27.45,28.55,38.24,36.50,23.53,30.28,23.53,19.01,20.59,29.99
2566,บ้านแม่แฮใต้,แม่แจ่ม,เล็ก,นอกเมือง,สำนักงานคณะกรรมการการศึกษาขั้นพื้นฐาน,สพป.เชียงใหม่ เขต 6,11,63.64,48.10,50.00,23.84,18.18,38.57,36.36,15.50,48.48,26.07,40.91,35.79,36.36,30.83,27.27,23.86,68.18,24.05
2566,บ้านแม่แฮเหนือ,แม่แจ่ม,กลาง,นอกเมือง,สำนักงานคณะกรรมการการศึกษาขั้นพื้นฐาน,สพป.เชียงใหม่ เขต 6,49,55.10,49.74,37.76,27.72,18.37,38.72,51.28,28.49,42.18,30.70,38.78,29.04,39.80,33.47,25.85,25.44,43.88,29.68
2566,บ้านแม่แฮเหนือ สาขาแม่แจ๊ะ,แม่แจ่ม,เล็ก,นอกเมือง,สำนักงานคณะกรรมการการศึกษาขั้นพื้นฐาน,สพป.เชียงใหม่ เขต 6,12,25.00,43.30,50.00,30.62,25.00,43.30,60.42,16.00,36.11,31.79,25.00,25.00,41.67,27.64,27.78,22.91,50.00,28.87
2566,บ้านโม่งหลวง,แม่แจ่ม,เล็ก,นอกเมือง,สำนักงานคณะกรรมการการศึกษาขั้นพื้นฐาน,สพป.เชียงใหม่ เขต 6,12,41.67,49.30,50.00,27.00,33.33,47.14,37.50,18.40,27.78,22.91,16.67,23.57,45.83,32.00,22.22,28.33,29.17,32.00
2566,บ้านโม่งหลวง สาขาบ้านแม่อมลานใน,แม่แจ่ม,เล็ก,นอกเมือง,สำนักงานคณะกรรมการการศึกษาขั้นพื้นฐาน,สพป.เชียงใหม่ เขต 6,3,33.33,47.14,0.00,0.00,66.67,47.14,29.17,25.69,44.44,15.71,33.33,23.57,0.00,0.00,33.33,27.22,50.00,40.82
2566,บ้านสบแม่รวม,แม่แจ่ม,เล็ก,นอกเมือง,สำนักงานคณะกรรมการการศึกษาขั้นพื้นฐาน,สพป.เชียงใหม่ เขต 6,8,62.50,48.41,43.75,32.48,37.50,48.41,48.44,18.15,75.00,22.05,50.00,35.36,62.50,33.07,8.33,14.43,56.25,29.97
2566,บ้านสบวาก,แม่แจ่ม,เล็ก,นอกเมือง,สำนักงานคณะกรรมการการศึกษาขั้นพื้นฐาน,สพป.เชียงใหม่ เขต 6,6,50.00,50.00,62.50,34.61,50.00,50.00,37.50,30.62,38.89,40.45,33.33,37.27,66.67,23.57,22.22,15.71,33.33,23.57
2566,บ้านสองธาร,แม่แจ่ม,เล็ก,นอกเมือง,สำนักงานคณะกรรมการการศึกษาขั้นพื้นฐาน,สพป.เชียงใหม่ เขต 6,7,57.14,49.49,14.29,18.21,28.57,45.18,32.14,18.73,9.52,15.06,28.57,36.42,42.86,31.94,14.29,16.50,28.57,36.42
2566,บ้านสามสบ,แม่แจ่ม,เล็ก,นอกเมือง,สำนักงานคณะกรรมการการศึกษาขั้นพื้นฐาน,สพป.เชียงใหม่ เขต 6,3,0.00,0.00,33.33,47.14,33.33,47.14,50.00,20.41,33.33,27.22,33.33,23.57,33.33,23.57,55.56,15.71,50.00,0.00
2566,บ้านห้วยผา,แม่แจ่ม,เล็ก,นอกเมือง,สำนักงานคณะกรรมการการศึกษาขั้นพื้นฐาน,สพป.เชียงใหม่ เขต 6,3,33.33,47.14,16.67,23.57,0.00,0.00,54.17,21.25,33.33,0.00,0.00,0.00,16.67,23.57,11.11,15.71,16.67,23.57
2566,บ้านใหม่พัฒนาสันติ,แม่แจ่ม,เล็ก,นอกเมือง,กองบัญชาการตำรวจตระเวนชายแดน,-,3,0.00,0.00,16.67,23.57,0.00,0.00,41.67,23.57,44.44,41.57,50.00,40.82,16.67,23.57,44.44,15.71,66.67,47.14
2566,บ้านอมเม็ง,แม่แจ่ม,เล็ก,นอกเมือง,สำนักงานคณะกรรมการการศึกษาขั้นพื้นฐาน,สพป.เชียงใหม่ เขต 6,7,42.86,49.49,28.57,28.12,42.86,49.49,39.29,25.38,23.81,23.33,28.57,24.74,42.86,41.65,19.05,24.28,42.86,17.50
2566,บ้านเฮาะวิทยา,แม่แจ่ม,เล็ก,นอกเมือง,สำนักงานคณะกรรมการการศึกษาขั้นพื้นฐาน,สพป.เชียงใหม่ เขต 6,7,14.29,34.99,17.86,34.63,28.57,45.18,33.93,23.82,28.57,11.66,28.57,36.42,35.71,22.59,42.86,23.33,35.71,34.99
2566,เมืองเด็กวิทยา,แม่แจ่ม,เล็ก,นอกเมือง,สำนักงานคณะกรรมการส่งเสริมการศึกษาเอกชน,-,15,46.67,49.89,50.00,32.91,20.00,40.00,70.83,22.20,37.78,31.89,60.00,32.66,40.00,32.66,48.89,23.93,60.00,27.08
2566,ราชประชานุเคราะห์ 31,แม่แจ่ม,กลาง,นอกเมือง,สำนักบริหารงานการศึกษาพิเศษ,-,33,39.39,48.86,35.61,33.16,27.27,44.54,36.74,22.60,25.25,24.66,28.79,30.23,36.36,37.48,26.26,22.86,33.33,34.08
2566,ศูนย์การเรียนตำรวจตระเวนชายแดนบ้านแม่มุใน บริษัทซีเค พาวเวอร์ จำกัด (มหาชน) อุปถัมภ์,แม่แจ่ม,เล็ก,นอกเมือง,กองบัญชาการตำรวจตระเวนชายแดน,-,5,0.00,0.00,40.00,37.42,20.00,40.00,35.00,16.58,13.33,16.33,30.00,24.49,20.00,24.49,20.00,16.33,0.00,0.00
2566,ศูนย์การเรียนตำรวจตระเวนชายแดนสนั่น-เฉลิมเกตุ นภาศัพท์,แม่แจ่ม,เล็ก,นอกเมือง,กองบัญชาการตำรวจตระเวนชายแดน,-,14,85.71,34.99,23.21,24.02,7.14,25.75,39.29,21.05,16.67,20.89,25.00,25.00,39.29,38.63,23.81,26.51,42.86,31.94
2566,หลวงพัฒนาบ้านพุย,แม่แจ่ม,เล็ก,นอกเมือง,สำนักงานคณะกรรมการการศึกษาขั้นพื้นฐาน,สพป.เชียงใหม่ เขต 6,13,38.46,48.65,23.08,26.79,15.38,36.08,51.92,19.52,28.21,28.78,38.46,34.83,46.15,36.49,30.77,24.33,42.31,33.09
2566,ออป.13,แม่แจ่ม,เล็ก,นอกเมือง,สำนักงานคณะกรรมการการศึกษาขั้นพื้นฐาน,สพป.เชียงใหม่ เขต 6,15,26.67,44.22,35.00,28.58,26.67,44.22,53.33,21.15,53.33,31.74,50.00,36.51,26.67,30.91,22.22,19.88,43.33,35.90
2566,อินทนนท์วิทยา,แม่แจ่ม,เล็ก,นอกเมือง,สำนักงานคณะกรรมการการศึกษาขั้นพื้นฐาน,สพป.เชียงใหม่ เขต 6,6,50.00,50.00,50.00,14.43,16.67,37.27,33.33,23.57,16.67,25.46,33.33,23.57,16.67,23.57,55.56,24.85,25.00,38.19
2566,ชุมชนวัดช่อแล,แม่แตง,เล็ก,นอกเมือง,สำนักงานคณะกรรมการการศึกษาขั้นพื้นฐาน,สพป.เชียงใหม่ เขต 2,21,47.62,49.94,23.81,26.14,38.10,48.56,40.48,24.97,17.46,26.47,28.57,32.99,45.24,30.49,30.16,25.00,40.48,36.58
2566,เชียงใหม่มัธยม,แม่แตง,ใหญ่,นอกเมือง,สำนักงานคณะกรรมการส่งเสริมการศึกษาเอกชน,-,1,0.00,0.00,50.00,0.00,100.00,0.00,100.00,0.00,33.33,0.00,50.00,0.00,0.00,0.00,66.67,0.00,0.00,0.00
2566,ตชด.ไลออนส์มหาจักร 9,แม่แตง,เล็ก,นอกเมือง,กองบัญชาการตำรวจตระเวนชายแดน,-,10,30.00,45.83,52.50,28.39,20.00,40.00,46.25,12.56,23.33,26.03,25.00,25.00,35.00,39.05,13.33,16.33,35.00,22.91
2566,เทศบาลตำบลสันมหาพน,แม่แตง,กลาง,นอกเมือง,กรมส่งเสริมการปกครองท้องถิ่น,ท้องถิ่นจังหวัดเชียงใหม่,32,40.63,49.11,28.91,31.32,21.88,41.34,39.84,18.07,29.17,26.02,46.88,30.46,20.31,30.26,20.83,23.20,39.06,27.20
2566,บ้านก๋ายน้อย,แม่แตง,เล็ก,นอกเมือง,สำนักงานคณะกรรมการการศึกษาขั้นพื้นฐาน,สพป.เชียงใหม่ เขต 2,3,100.00,0.00,16.67,23.57,33.33,47.14,37.50,17.68,44.44,15.71,16.67,23.57,50.00,0.00,22.22,15.71,50.00,0.00
2566,บ้านทับเดื่อ,แม่แตง,เล็ก,นอกเมือง,สำนักงานคณะกรรมการการศึกษาขั้นพื้นฐาน,สพป.เชียงใหม่ เขต 2,10,40.00,48.99,42.50,16.01,40.00,48.99,43.75,26.37,13.33,16.33,25.00,33.54,40.00,37.42,33.33,25.82,25.00,25.00
2566,บ้านบวกหมื้อ,แม่แตง,เล็ก,นอกเมือง,สำนักงานคณะกรรมการการศึกษาขั้นพื้นฐาน,สพป.เชียงใหม่ เขต 2,10,40.00,48.99,35.00,30.00,30.00,45.83,42.50,23.18,36.67,34.80,40.00,20.00,35.00,39.05,26.67,24.94,50.00,31.62
2566,บ้านปง,แม่แตง,เล็ก,นอกเมือง,สำนักงานคณะกรรมการการศึกษาขั้นพื้นฐาน,สพป.เชียงใหม่ เขต 2,11,36.36,48.10,31.82,21.56,45.45,49.79,53.41,16.07,45.45,35.60,36.36,37.48,54.55,39.63,30.30,26.42,36.36,30.83
2566,บ้านปลาดาว,แม่แตง,เล็ก,นอกเมือง,สำนักงานคณะกรรมการส่งเสริมการศึกษาเอกชน,-,7,42.86,49.49,53.57,15.97,14.29,34.99,35.71,23.56,57.14,42.59,50.00,26.73,57.14,31.94,33.33,25.20,57.14,31.94
2566,บ้านปางกว้าง,แม่แตง,เล็ก,นอกเมือง,สำนักงานคณะกรรมการการศึกษาขั้นพื้นฐาน,สพป.เชียงใหม่ เขต 2,6,66.67,47.14,33.33,27.64,0.00,0.00,39.58,23.29,33.33,19.25,58.33,34.36,58.33,34.36,16.67,16.67,33.33,37.27
2566,บ้านปางไม้แดง,แม่แตง,เล็ก,นอกเมือง,สำนักงานคณะกรรมการการศึกษาขั้นพื้นฐาน,สพป.เชียงใหม่ เขต 2,9,33.33,47.14,36.11,17.12,33.33,47.14,50.00,19.54,37.04,29.16,44.44,36.85,44.44,36.85,14.81,16.56,16.67,23.57
2566,บ้านปางห้วยตาด,แม่แตง,เล็ก,นอกเมือง,สำนักงานคณะกรรมการการศึกษาขั้นพื้นฐาน,สพป.เชียงใหม่ เขต 2,13,61.54,48.65,34.62,34.72,46.15,49.85,44.23,15.97,23.08,24.05,26.92,31.72,26.92,31.72,38.46,25.64,34.62,30.28
2566,บ้านปางฮ่าง,แม่แตง,เล็ก,นอกเมือง,สำนักงานคณะกรรมการการศึกษาขั้นพื้นฐาน,สพป.เชียงใหม่ เขต 2,4,25.00,43.30,12.50,12.50,50.00,50.00,56.25,10.83,41.67,27.64,37.50,21.65,25.00,25.00,25.00,14.43,37.50,21.65
2566,บ้านเป้าวิทยาคาร,แม่แตง,เล็ก,นอกเมือง,สำนักงานคณะกรรมการการศึกษาขั้นพื้นฐาน,สพป.เชียงใหม่ เขต 2,12,58.33,49.30,37.50,36.08,8.33,27.64,42.71,20.06,27.78,18.43,50.00,20.41,29.17,32.00,27.78,18.43,37.50,29.76
2566,บ้านผาหมอน,แม่แตง,เล็ก,นอกเมือง,สำนักงานคณะกรรมการการศึกษาขั้นพื้นฐาน,สพป.เชียงใหม่ เขต 2,4,50.00,50.00,87.50,21.65,0.00,0.00,25.00,23.39,41.67,27.64,50.00,35.36,12.50,21.65,25.00,27.64,37.50,41.46
2566,บ้านผึ้ง,แม่แตง,เล็ก,นอกเมือง,สำนักงานคณะกรรมการการศึกษาขั้นพื้นฐาน,สพป.เชียงใหม่ เขต 2,12,66.67,47.14,43.75,23.11,16.67,37.27,42.71,29.96,38.89,26.64,50.00,28.87,41.67,27.64,38.89,22.91,41.67,34.36
2566,บ้านเมืองกื้ด,แม่แตง,เล็ก,นอกเมือง,สำนักงานคณะกรรมการการศึกษาขั้นพื้นฐาน,สพป.เชียงใหม่ เขต 2,29,44.83,49.73,41.38,33.01,20.69,40.51,40.95,21.75,35.63,24.65,29.31,36.00,39.66,33.16,41.38,31.14,44.83,27.37
2566,บ้านแม่ไคร้,แม่แตง,เล็ก,นอกเมือง,สำนักงานคณะกรรมการการศึกษาขั้นพื้นฐาน,สพป.เชียงใหม่ เขต 2,8,25.00,43.30,21.88,34.09,37.50,48.41,31.25,21.65,8.33,14.43,25.00,35.36,25.00,25.00,29.17,30.90,43.75,39.03
2566,บ้านแม่ตะมาน,แม่แตง,เล็ก,นอกเมือง,สำนักงานคณะกรรมการการศึกษาขั้นพื้นฐาน,สพป.เชียงใหม่ เขต 2,17,52.94,49.91,42.65,29.41,17.65,38.12,43.38,22.73,31.37,26.74,44.12,29.12,29.41,34.55,27.45,20.56,38.24,27.28
2566,บ้านแม่แมม,แม่แตง,เล็ก,นอกเมือง,สำนักงานคณะกรรมการการศึกษาขั้นพื้นฐาน,สพป.เชียงใหม่ เขต 2,3,66.67,47.14,16.67,11.79,0.00,0.00,20.83,15.59,0.00,0.00,16.67,23.57,50.00,0.00,33.33,27.22,50.00,0.00
2566,บ้านแม่เลา,แม่แตง,เล็ก,นอกเมือง,สำนักงานคณะกรรมการการศึกษาขั้นพื้นฐาน,สพป.เชียงใหม่ เขต 2,1,0.00,0.00,50.00,0.00,0.00,0.00,25.00,0.00,33.33,0.00,0.00,0.00,50.00,0.00,0.00,0.00,0.00,0.00
2566,บ้านแม่แสะ,แม่แตง,เล็ก,นอกเมือง,สำนักงานคณะกรรมการการศึกษาขั้นพื้นฐาน,สพป.เชียงใหม่ เขต 2,6,50.00,50.00,41.67,31.18,0.00,0.00,35.42,23.29,66.67,19.25,33.33,23.57,50.00,28.87,27.78,29.92,41.67,18.63
2566,ป่าจี้วังแดงวิทยา,แม่แตง,เล็ก,นอกเมือง,สำนักงานคณะกรรมการการศึกษาขั้นพื้นฐาน,สพป.เชียงใหม่ เขต 2,21,57.14,49.49,19.05,23.02,4.76,21.30,33.93,23.82,20.63,24.07,47.62,28.77,26.19,33.16,23.81,20.94,47.62,32.65
2566,ป่าแป๋วิทยา,แม่แตง,เล็ก,นอกเมือง,สำนักงานคณะกรรมการการศึกษาขั้นพื้นฐาน,สพป.เชียงใหม่ เขต 2,11,54.55,49.79,31.82,24.05,45.45,49.79,50.00,20.64,48.48,29.69,22.73,32.78,27.27,32.78,36.36,26.42,40.91,28.75
2566,ภูดินวิทยา,แม่แตง,เล็ก,นอกเมือง,สำนักงานคณะกรรมการการศึกษาขั้นพื้นฐาน,สพป.เชียงใหม่ เขต 2,1,100.00,0.00,75.00,0.00,0.00,0.00,50.00,0.00,0.00,0.00,50.00,0.00,0.00,0.00,66.67,0.00,0.00,0.00
2566,เมฆขจรเชียงใหม่,แม่แตง,เล็ก,นอกเมือง,สำนักงานคณะกรรมการส่งเสริมการศึกษาเอกชน,-,24,50.00,50.00,31.25,24.21,20.83,40.61,41.67,21.55,36.11,25.31,43.75,26.27,50.00,40.82,29.17,24.18,45.83,32.00
2566,ร่ำเปิงวิทยา,แม่แตง,กลาง,นอกเมือง,สำนักงานคณะกรรมการการศึกษาขั้นพื้นฐาน,สพป.เชียงใหม่ เขต 2,34,58.82,49.22,25.74,23.86,26.47,44.12,33.46,19.82,23.53,20.66,30.88,29.74,35.29,33.28,23.53,24.96,41.18,35.29
2566,วัดท่าข้าม,แม่แตง,เล็ก,นอกเมือง,สำนักงานคณะกรรมการการศึกษาขั้นพื้นฐาน,สพป.เชียงใหม่ เขต 2,10,30.00,45.83,27.50,34.37,10.00,30.00,53.75,23.75,40.00,32.66,55.00,26.93,35.00,22.91,33.33,33.33,45.00,26.93
2566,วัดทุ่งหลวง,แม่แตง,เล็ก,นอกเมือง,สำนักงานคณะกรรมการการศึกษาขั้นพื้นฐาน,สพป.เชียงใหม่ เขต 2,15,60.00,48.99,65.00,27.08,20.00,40.00,66.67,25.69,80.00,26.67,73.33,30.91,46.67,28.67,31.11,19.12,53.33,33.99
2566,วัดนาเม็ง,แม่แตง,เล็ก,นอกเมือง,สำนักงานคณะกรรมการการศึกษาขั้นพื้นฐาน,สพป.เชียงใหม่ เขต 2,8,50.00,50.00,40.63,12.10,12.50,33.07,28.13,24.00,33.33,16.67,50.00,35.36,31.25,34.80,29.17,19.98,43.75,29.97
2566,วัดบ้านเหล่า,แม่แตง,เล็ก,นอกเมือง,สำนักงานคณะกรรมการการศึกษาขั้นพื้นฐาน,สพป.เชียงใหม่ เขต 2,16,31.25,46.35,57.81,32.74,12.50,33.07,39.84,20.36,16.67,23.57,25.00,30.62,53.13,21.42,29.17,23.20,34.38,34.09
2566,วัดปางมะกล้วย,แม่แตง,เล็ก,นอกเมือง,สำนักงานคณะกรรมการการศึกษาขั้นพื้นฐาน,สพป.เชียงใหม่ เขต 2,4,50.00,50.00,37.50,21.65,0.00,0.00,43.75,20.73,58.33,14.43,37.50,21.65,50.00,0.00,33.33,23.57,25.00,25.00
2566,วัดแม่กะ,แม่แตง,เล็ก,นอกเมือง,สำนักงานคณะกรรมการการศึกษาขั้นพื้นฐาน,สพป.เชียงใหม่ เขต 2,10,70.00,45.83,62.50,32.11,20.00,40.00,70.00,12.75,53.33,33.99,70.00,33.17,50.00,31.62,46.67,26.67,65.00,32.02
2566,วัดหนองออน,แม่แตง,เล็ก,นอกเมือง,สำนักงานคณะกรรมการการศึกษาขั้นพื้นฐาน,สพป.เชียงใหม่ เขต 2,5,40.00,48.99,35.00,43.59,40.00,48.99,57.50,21.79,60.00,13.33,20.00,24.49,10.00,20.00,40.00,38.87,50.00,0.00
2566,วัดห้วยไร่,แม่แตง,เล็ก,นอกเมือง,สำนักงานคณะกรรมการการศึกษาขั้นพื้นฐาน,สพป.เชียงใหม่ เขต 2,11,45.45,49.79,47.73,31.00,45.45,49.79,59.09,30.19,24.24,24.99,31.82,24.05,40.91,35.79,39.39,23.86,27.27,24.90
2566,สบเปิงวิทยา,แม่แตง,กลาง,นอกเมือง,สำนักงานคณะกรรมการการศึกษาขั้นพื้นฐาน,สพป.เชียงใหม่ เขต 2,13,76.92,42.13,57.69,31.60,38.46,48.65,47.12,14.00,35.90,27.62,73.08,24.93,57.69,33.09,38.46,31.61,73.08,24.93
2566,สันป่ายางวิทยาคาร,แม่แตง,เล็ก,นอกเมือง,สำนักงานคณะกรรมการการศึกษาขั้นพื้นฐาน,สพป.เชียงใหม่ เขต 2,14,21.43,41.03,37.50,30.98,14.29,34.99,31.25,25.77,16.67,27.46,28.57,36.42,35.71,39.77,21.43,20.34,42.86,25.75
2566,สันป่าสักวิทยา,แม่แตง,กลาง,นอกเมือง,สำนักงานคณะกรรมการการศึกษาขั้นพื้นฐาน,สพป.เชียงใหม่ เขต 2,86,53.49,49.88,36.63,31.14,19.77,39.82,52.76,24.37,45.35,31.30,46.51,32.16,45.93,33.42,29.07,26.31,45.35,31.09
2566,สันมหาพนวิทยา,แม่แตง,เล็ก,นอกเมือง,สำนักงานคณะกรรมการการศึกษาขั้นพื้นฐาน,สพป.เชียงใหม่ เขต 2,26,53.85,49.85,28.85,30.77,19.23,39.41,32.21,21.70,21.79,27.65,32.69,39.08,32.69,30.83,29.49,26.68,36.54,29.61
2566,อนุบาลสานสายใยรักเทศบาลเมืองเมืองแกนพัฒนา,แม่แตง,กลาง,นอกเมือง,กรมส่งเสริมการปกครองท้องถิ่น,ท้องถิ่นจังหวัดเชียงใหม่,22,59.09,49.17,25.00,31.98,36.36,48.10,41.48,23.65,34.85,30.94,43.18,37.83,45.45,36.65,24.24,22.88,45.45,29.81
2566,เจ้าพ่อหลวงอุปถัมภ์ 7,แม่ริม,เล็ก,นอกเมือง,สำนักงานคณะกรรมการการศึกษาขั้นพื้นฐาน,สพป.เชียงใหม่ เขต 2,11,54.55,49.79,43.18,24.05,18.18,38.57,40.91,17.75,27.27,27.77,59.09,28.75,63.64,30.83,33.33,24.62,45.45,25.71
2566,เจ้าแม่หลวงอุปถัมภ์ 2,แม่ริม,เล็ก,นอกเมือง,สำนักงานคณะกรรมการการศึกษาขั้นพื้นฐาน,สพป.เชียงใหม่ เขต 2,17,52.94,49.91,33.82,30.85,29.41,45.56,36.76,15.74,37.25,25.26,23.53,30.28,35.29,41.18,43.14,33.85,29.41,34.55
2566,ดอนแก้วเนรมิตปัญญา,แม่ริม,กลาง,นอกเมือง,กรมส่งเสริมการปกครองท้องถิ่น,ท้องถิ่นจังหวัดเชียงใหม่,47,59.57,49.07,45.74,31.92,17.02,37.58,44.68,23.74,31.21,26.99,50.00,34.21,43.62,33.61,29.08,22.41,44.68,31.34
2566,ธีระวัธน์บำเพ็ญ,แม่ริม,กลาง,นอกเมือง,สำนักงานคณะกรรมการส่งเสริมการศึกษาเอกชน,-,72,45.83,49.83,45.49,31.55,13.89,34.58,61.63,25.29,60.19,30.75,61.81,33.84,59.03,34.69,48.15,26.58,54.86,35.51
2566,บ้านกองแหะ,แม่ริม,เล็ก,นอกเมือง,สำนักงานคณะกรรมการการศึกษาขั้นพื้นฐาน,สพป.เชียงใหม่ เขต 2,3,66.67,47.14,33.33,23.57,66.67,47.14,41.67,23.57,44.44,15.71,33.33,23.57,33.33,23.57,22.22,15.71,50.00,0.00
2566,บ้านกาดฮาว,แม่ริม,เล็ก,นอกเมือง,สำนักงานคณะกรรมการการศึกษาขั้นพื้นฐาน,สพป.เชียงใหม่ เขต 2,8,75.00,43.30,28.13,31.72,25.00,43.30,59.38,17.40,33.33,33.33,43.75,29.97,43.75,39.03,16.67,23.57,56.25,29.97
2566,บ้านคุณหมอ,แม่ริม,กลาง,นอกเมือง,สำนักงานคณะกรรมการส่งเสริมการศึกษาเอกชน,-,22,63.64,48.10,61.36,28.93,22.73,41.91,54.55,25.15,62.12,25.22,43.18,34.69,68.18,32.14,37.88,28.95,56.82,31.24
2566,บ้านดอนแก้ว,แม่ริม,กลาง,นอกเมือง,กรมส่งเสริมการปกครองท้องถิ่น,ท้องถิ่นจังหวัดเชียงใหม่,14,50.00,50.00,37.50,29.50,28.57,45.18,55.36,24.87,52.38,24.28,50.00,32.73,57.14,31.94,28.57,27.77,28.57,31.13
2566,บ้านต้นผึ้ง,แม่ริม,เล็ก,นอกเมือง,สำนักงานคณะกรรมการการศึกษาขั้นพื้นฐาน,สพป.เชียงใหม่ เขต 2,18,61.11,48.75,34.72,30.21,27.78,44.79,43.06,20.08,33.33,35.14,47.22,35.25,25.00,30.05,16.67,20.03,44.44,28.33
2566,บ้านทุ่งโป่ง,แม่ริม,กลาง,นอกเมือง,สำนักงานคณะกรรมการการศึกษาขั้นพื้นฐาน,สพป.เชียงใหม่ เขต 2,14,71.43,45.18,28.57,24.74,21.43,41.03,41.96,17.43,23.81,19.63,25.00,31.34,39.29,27.89,19.05,27.36,46.43,35.17
2566,บ้านน้ำริน,แม่ริม,เล็ก,นอกเมือง,สำนักงานคณะกรรมการการศึกษาขั้นพื้นฐาน,สพป.เชียงใหม่ เขต 2,6,50.00,50.00,33.33,37.27,66.67,47.14,56.25,17.31,66.67,33.33,50.00,28.87,25.00,25.00,38.89,22.91,41.67,44.88
2566,บ้านบวกจั่น,แม่ริม,เล็ก,นอกเมือง,สำนักงานคณะกรรมการการศึกษาขั้นพื้นฐาน,สพป.เชียงใหม่ เขต 2,7,42.86,49.49,50.00,13.36,14.29,34.99,32.14,24.87,47.62,30.12,28.57,36.42,50.00,37.80,9.52,15.06,42.86,41.65
2566,บ้านปางไฮ,แม่ริม,กลาง,นอกเมือง,สำนักงานคณะกรรมการการศึกษาขั้นพื้นฐาน,สพป.เชียงใหม่ เขต 2,10,90.00,30.00,65.00,22.91,10.00,30.00,56.25,23.22,53.33,16.33,45.00,15.00,50.00,44.72,30.00,23.33,60.00,30.00
2566,บ้านป่าติ้ว,แม่ริม,เล็ก,นอกเมือง,สำนักงานคณะกรรมการการศึกษาขั้นพื้นฐาน,สพป.เชียงใหม่ เขต 2,21,52.38,49.94,23.81,29.35,23.81,42.59,33.33,22.27,20.63,24.07,42.86,27.97,40.48,39.70,34.92,24.07,40.48,29.35
2566,บ้านโป่งแยงนอก,แม่ริม,เล็ก,นอกเมือง,สำนักงานคณะกรรมการการศึกษาขั้นพื้นฐาน,สพป.เชียงใหม่ เขต 2,13,38.46,48.65,50.00,37.98,46.15,49.85,41.35,15.80,43.59,27.38,42.31,26.65,30.77,36.89,35.90,27.62,30.77,24.33
2566,บ้านโป่งแยงใน,แม่ริม,เล็ก,นอกเมือง,สำนักงานคณะกรรมการการศึกษาขั้นพื้นฐาน,สพป.เชียงใหม่ เขต 2,20,60.00,48.99,40.00,24.24,15.00,35.71,56.25,28.37,66.67,31.62,30.00,29.15,47.50,33.45,40.00,27.08,45.00,35.00
2566,บ้านพระนอน,แม่ริม,เล็ก,นอกเมือง,สำนักงานคณะกรรมการการศึกษาขั้นพื้นฐาน,สพป.เชียงใหม่ เขต 2,18,33.33,47.14,30.56,32.87,11.11,31.43,34.72,18.89,29.63,26.96,30.56,33.91,50.00,37.27,40.74,32.50,33.33,23.57
2566,บ้านเมืองก๊ะ,แม่ริม,เล็ก,นอกเมือง,สำนักงานคณะกรรมการการศึกษาขั้นพื้นฐาน,สพป.เชียงใหม่ เขต 2,9,66.67,47.14,22.22,21.87,11.11,31.43,48.61,19.04,29.63,24.57,61.11,39.28,44.44,36.85,25.93,26.19,55.56,43.74
2566,บ้านแม่สา,แม่ริม,กลาง,นอกเมือง,สำนักงานคณะกรรมการการศึกษาขั้นพื้นฐาน,สพป.เชียงใหม่ เขต 2,15,53.33,49.89,46.67,31.45,13.33,33.99,50.00,15.81,55.56,28.97,56.67,24.94,43.33,35.90,37.78,29.48,56.67,30.91
2566,บ้านริมใต้,แม่ริม,กลาง,นอกเมือง,สำนักงานคณะกรรมการการศึกษาขั้นพื้นฐาน,สพป.เชียงใหม่ เขต 2,95,52.63,49.93,39.21,29.61,17.89,38.33,60.79,23.20,52.98,33.68,55.26,35.15,44.74,37.33,32.98,25.36,51.05,31.61
2566,บ้านศาลา,แม่ริม,กลาง,นอกเมือง,กรมส่งเสริมการปกครองท้องถิ่น,ท้องถิ่นจังหวัดเชียงใหม่,12,66.67,47.14,27.08,33.01,16.67,37.27,41.67,21.85,22.22,15.71,45.83,32.00,33.33,31.18,25.00,24.06,50.00,28.87
2566,บ้านสะลวงนอก,แม่ริม,เล็ก,นอกเมือง,สำนักงานคณะกรรมการการศึกษาขั้นพื้นฐาน,สพป.เชียงใหม่ เขต 2,11,63.64,48.10,47.73,22.50,18.18,38.57,53.41,32.02,51.52,26.07,27.27,24.90,36.36,37.48,27.27,23.86,54.55,25.71
2566,บ้านสันคะยอม,แม่ริม,เล็ก,นอกเมือง,สำนักงานคณะกรรมการการศึกษาขั้นพื้นฐาน,สพป.เชียงใหม่ เขต 2,8,75.00,43.30,59.38,37.37,25.00,43.30,45.31,16.46,50.00,16.67,25.00,35.36,50.00,35.36,41.67,27.64,43.75,16.54
2566,บ้านหนองปลามัน,แม่ริม,เล็ก,นอกเมือง,สำนักงานคณะกรรมการการศึกษาขั้นพื้นฐาน,สพป.เชียงใหม่ เขต 2,23,47.83,49.95,23.91,27.06,21.74,41.25,29.89,22.94,30.43,23.90,39.13,29.33,41.30,31.80,34.78,26.88,63.04,33.68
2566,มูลนิธิมหาราช 5,แม่ริม,เล็ก,นอกเมือง,สำนักงานคณะกรรมการการศึกษาขั้นพื้นฐาน,สพป.เชียงใหม่ เขต 2,9,44.44,49.69,25.00,23.57,22.22,41.57,54.17,27.00,48.15,31.86,44.44,36.85,50.00,23.57,33.33,15.71,55.56,28.33
2566,ราชประชานุเคราะห์ 60 จังหวัดเชียงใหม่,แม่ริม,กลาง,นอกเมือง,สำนักบริหารงานการศึกษาพิเศษ,-,20,55.00,49.75,37.50,32.11,15.00,35.71,50.63,26.95,46.67,28.67,42.50,36.31,30.00,36.74,30.00,14.53,40.00,33.91
2566,วัดทรายมูล,แม่ริม,เล็ก,นอกเมือง,สำนักงานคณะกรรมการการศึกษาขั้นพื้นฐาน,สพป.เชียงใหม่ เขต 2,24,58.33,49.30,28.13,27.30,37.50,48.41,49.48,15.93,34.72,28.02,52.08,39.47,37.50,33.07,37.50,19.98,37.50,29.76
2566,บ้านกาด(เขมวังส์ฯ),แม่วาง,กลาง,นอกเมือง,สำนักงานคณะกรรมการการศึกษาขั้นพื้นฐาน,สพป.เชียงใหม่ เขต 4,43,46.51,49.88,29.07,27.98,23.26,42.25,47.38,23.43,41.86,37.42,40.70,30.98,47.67,37.28,29.46,26.13,43.02,33.38
2566,บ้านทุ่งหลวง,แม่วาง,เล็ก,นอกเมือง,สำนักงานคณะกรรมการการศึกษาขั้นพื้นฐาน,สพป.เชียงใหม่ เขต 4,9,44.44,49.69,36.11,33.56,22.22,41.57,33.33,27.00,18.52,22.83,27.78,34.25,16.67,23.57,22.22,22.22,38.89,31.43
2566,บ้านพันตน,แม่วาง,เล็ก,นอกเมือง,สำนักงานคณะกรรมการการศึกษาขั้นพื้นฐาน,สพป.เชียงใหม่ เขต 4,8,50.00,50.00,68.75,34.80,0.00,0.00,48.44,22.04,37.50,26.02,37.50,21.65,37.50,21.65,8.33,14.43,50.00,25.00
2566,บ้านหนองเต่า,แม่วาง,เล็ก,นอกเมือง,สำนักงานคณะกรรมการการศึกษาขั้นพื้นฐาน,สพป.เชียงใหม่ เขต 4,5,40.00,48.99,25.00,31.62,0.00,0.00,35.00,18.37,13.33,16.33,40.00,20.00,50.00,44.72,33.33,36.51,70.00,24.49
2566,บ้านห้วยข้าวลีบ,แม่วาง,เล็ก,นอกเมือง,สำนักงานคณะกรรมการการศึกษาขั้นพื้นฐาน,สพป.เชียงใหม่ เขต 4,14,42.86,49.49,28.57,24.74,21.43,41.03,37.50,21.13,23.81,26.51,46.43,35.17,28.57,31.13,21.43,20.34,10.71,20.52
2566,บ้านห้วยตอง,แม่วาง,กลาง,นอกเมือง,สำนักงานคณะกรรมการการศึกษาขั้นพื้นฐาน,สพป.เชียงใหม่ เขต 4,20,55.00,49.75,46.25,34.71,40.00,48.99,38.75,25.59,33.33,25.82,30.00,24.49,25.00,29.58,25.00,23.27,50.00,35.36
2566,บ้านเหล่าป่าฝาง,แม่วาง,เล็ก,นอกเมือง,สำนักงานคณะกรรมการการศึกษาขั้นพื้นฐาน,สพป.เชียงใหม่ เขต 4,4,75.00,43.30,50.00,35.36,25.00,43.30,53.13,18.49,50.00,16.67,87.50,21.65,62.50,41.46,50.00,37.27,37.50,21.65
2566,บ้านใหม่สวรรค์,แม่วาง,เล็ก,นอกเมือง,สำนักงานคณะกรรมการการศึกษาขั้นพื้นฐาน,สพป.เชียงใหม่ เขต 4,13,53.85,49.85,48.08,33.20,23.08,42.13,46.15,19.23,46.15,24.59,38.46,28.78,30.77,31.25,35.90,30.55,57.69,26.65
2566,พัฒนาต้นน้ำที่ 5 ขุนวาง,แม่วาง,เล็ก,นอกเมือง,สำนักงานคณะกรรมการการศึกษาขั้นพื้นฐาน,สพป.เชียงใหม่ เขต 4,20,65.00,47.70,23.75,25.59,25.00,43.30,36.25,21.25,18.33,24.66,30.00,24.49,27.50,29.47,16.67,19.72,50.00,35.36
2566,แม่วินสามัคคี,แม่วาง,กลาง,นอกเมือง,สำนักงานคณะกรรมการการศึกษาขั้นพื้นฐาน,สพป.เชียงใหม่ เขต 4,28,46.43,49.87,41.96,29.17,21.43,41.03,29.91,19.86,32.14,22.68,30.36,27.84,23.21,31.29,30.95,25.08,26.79,31.29
2566,วัดดอนเปา,แม่วาง,เล็ก,นอกเมือง,กรมส่งเสริมการปกครองท้องถิ่น,ท้องถิ่นจังหวัดเชียงใหม่,14,42.86,49.49,41.07,24.29,14.29,34.99,33.04,25.71,52.38,24.28,46.43,39.93,46.43,35.17,26.19,22.46,57.14,31.94
2566,วัดทุ่งศาลา,แม่วาง,เล็ก,นอกเมือง,สำนักงานคณะกรรมการการศึกษาขั้นพื้นฐาน,สพป.เชียงใหม่ เขต 4,10,40.00,48.99,42.50,25.12,30.00,45.83,42.50,25.12,33.33,25.82,25.00,25.00,35.00,32.02,33.33,29.81,25.00,25.00
2566,วัดมะกับตองหลวง,แม่วาง,เล็ก,นอกเมือง,สำนักงานคณะกรรมการการศึกษาขั้นพื้นฐาน,สพป.เชียงใหม่ เขต 4,2,0.00,0.00,50.00,0.00,0.00,0.00,18.75,6.25,0.00,0.00,50.00,50.00,25.00,25.00,0.00,0.00,0.00,0.00
2566,วัดศิริชัยนิมิตร,แม่วาง,เล็ก,นอกเมือง,สำนักงานคณะกรรมการการศึกษาขั้นพื้นฐาน,สพป.เชียงใหม่ เขต 4,10,70.00,45.83,50.00,27.39,10.00,30.00,55.00,22.50,20.00,22.11,20.00,24.49,45.00,26.93,26.67,20.00,45.00,26.93
2566,วัดห้วยแก้ว,แม่วาง,เล็ก,นอกเมือง,สำนักงานคณะกรรมการการศึกษาขั้นพื้นฐาน,สพป.เชียงใหม่ เขต 4,5,20.00,40.00,20.00,18.71,40.00,48.99,52.50,26.69,53.33,33.99,30.00,24.49,50.00,0.00,33.33,21.08,50.00,31.62
2566,สโมสรไลออนรัตนโกสินทร์,แม่วาง,เล็ก,นอกเมือง,สำนักงานคณะกรรมการการศึกษาขั้นพื้นฐาน,สพป.เชียงใหม่ เขต 4,4,0.00,0.00,25.00,25.00,0.00,0.00,21.88,18.49,25.00,14.43,0.00,0.00,0.00,0.00,33.33,23.57,25.00,43.30
2566,สารสาสน์วิเทศอุปถัมภ์,แม่วาง,กลาง,นอกเมือง,สำนักงานคณะกรรมการส่งเสริมการศึกษาเอกชน,-,26,42.31,49.40,41.35,29.37,15.38,36.08,49.04,25.46,44.87,33.26,42.31,35.87,48.08,29.35,33.33,26.15,46.15,33.75
2566,หลวงพัฒนาบ้านขุนวาง,แม่วาง,กลาง,นอกเมือง,สำนักงานคณะกรรมการการศึกษาขั้นพื้นฐาน,สพป.เชียงใหม่ เขต 4,25,28.00,44.90,40.00,26.46,32.00,46.65,38.00,24.36,41.33,23.63,52.00,36.00,40.00,34.64,29.33,33.09,30.00,24.49
2566,ทาเหนือวิทยา,แม่ออน,เล็ก,นอกเมือง,สำนักงานคณะกรรมการการศึกษาขั้นพื้นฐาน,สพป.เชียงใหม่ เขต 1,22,45.45,49.79,42.05,27.58,18.18,38.57,38.07,17.47,34.85,34.05,29.55,24.58,31.82,32.14,24.24,26.93,40.91,32.46
2566,บ้านออนกลาง,แม่ออน,เล็ก,นอกเมือง,สำนักงานคณะกรรมการการศึกษาขั้นพื้นฐาน,สพป.เชียงใหม่ เขต 1,7,71.43,45.18,39.29,32.34,14.29,34.99,42.86,13.12,28.57,32.99,57.14,17.50,7.14,17.50,47.62,30.12,50.00,37.80
2566,บ้านออนหลวย,แม่ออน,เล็ก,นอกเมือง,สำนักงานคณะกรรมการการศึกษาขั้นพื้นฐาน,สพป.เชียงใหม่ เขต 1,6,33.33,47.14,33.33,23.57,16.67,37.27,50.00,27.95,27.78,22.91,33.33,37.27,50.00,28.87,16.67,16.67,41.67,34.36
2566,แม่ตะไคร้,แม่ออน,เล็ก,นอกเมือง,สำนักงานคณะกรรมการการศึกษาขั้นพื้นฐาน,สพป.เชียงใหม่ เขต 1,5,60.00,48.99,50.00,27.39,0.00,0.00,45.00,18.71,20.00,16.33,40.00,20.00,20.00,24.49,26.67,24.94,40.00,20.00
2566,วัดดอนชัย,แม่ออน,เล็ก,นอกเมือง,สำนักงานคณะกรรมการการศึกษาขั้นพื้นฐาน,สพป.เชียงใหม่ เขต 1,4,75.00,43.30,56.25,20.73,25.00,43.30,56.25,28.64,50.00,16.67,75.00,25.00,62.50,41.46,16.67,16.67,62.50,41.46
2566,วัดเปาสามขา,แม่ออน,เล็ก,นอกเมือง,สำนักงานคณะกรรมการการศึกษาขั้นพื้นฐาน,สพป.เชียงใหม่ เขต 1,9,77.78,41.57,25.00,23.57,22.22,41.57,34.72,22.65,25.93,30.54,44.44,36.85,44.44,28.33,22.22,22.22,38.89,31.43
2566,วัดห้วยแก้ว,แม่ออน,เล็ก,นอกเมือง,สำนักงานคณะกรรมการการศึกษาขั้นพื้นฐาน,สพป.เชียงใหม่ เขต 1,16,68.75,46.35,51.56,31.21,25.00,43.30,66.41,14.47,66.67,28.87,53.13,32.92,56.25,29.97,25.00,18.63,62.50,33.07
2566,วัดห้วยทราย,แม่ออน,เล็ก,นอกเมือง,สำนักงานคณะกรรมการการศึกษาขั้นพื้นฐาน,สพป.เชียงใหม่ เขต 1,16,62.50,48.41,43.75,32.48,12.50,33.07,45.31,22.91,43.75,30.55,37.50,37.50,43.75,39.03,25.00,25.00,53.13,32.92
2566,หมู่บ้านสหกรณ์ 2,แม่ออน,เล็ก,นอกเมือง,สำนักงานคณะกรรมการการศึกษาขั้นพื้นฐาน,สพป.เชียงใหม่ เขต 1,22,54.55,49.79,42.05,34.86,27.27,44.54,48.30,18.58,43.94,27.31,29.55,32.54,38.64,25.81,22.73,23.33,50.00,33.71
2566,กมล -เรียม สุโกศล (บ้านผาใต้),แม่อาย,เล็ก,นอกเมือง,สำนักงานคณะกรรมการการศึกษาขั้นพื้นฐาน,สพป.เชียงใหม่ เขต 3,13,76.92,42.13,28.85,36.49,30.77,46.15,27.88,17.78,17.95,21.14,38.46,28.78,34.62,30.28,25.64,23.22,26.92,24.93
2566,เจ้าพ่อหลวงอุปถัมภ์ 9,แม่อาย,กลาง,นอกเมือง,สำนักงานคณะกรรมการการศึกษาขั้นพื้นฐาน,สพป.เชียงใหม่ เขต 3,27,48.15,49.97,37.04,31.45,33.33,47.14,49.07,18.92,25.93,26.19,37.04,39.89,42.59,29.51,28.40,25.18,35.19,38.04
2566,ชุมชนบ้านคาย,แม่อาย,กลาง,นอกเมือง,สำนักงานคณะกรรมการการศึกษาขั้นพื้นฐาน,สพป.เชียงใหม่ เขต 3,28,60.71,48.84,25.89,24.53,28.57,45.18,41.52,24.79,26.19,24.16,32.14,30.51,37.50,25.44,22.62,25.28,44.64,30.88
2566,ชุมชนบ้านแม่ฮ่าง,แม่อาย,กลาง,นอกเมือง,สำนักงานคณะกรรมการการศึกษาขั้นพื้นฐาน,สพป.เชียงใหม่ เขต 3,39,56.41,49.59,40.38,26.92,20.51,40.38,52.24,28.00,51.28,31.89,47.44,35.71,43.59,37.86,28.21,25.64,35.90,27.62
2566,โชติคุณเกษมบ้านเมืองงาม,แม่อาย,กลาง,นอกเมือง,สำนักงานคณะกรรมการการศึกษาขั้นพื้นฐาน,สพป.เชียงใหม่ เขต 3,38,44.74,49.72,48.68,33.42,13.16,33.80,34.54,22.48,28.95,25.56,42.11,35.40,32.89,34.94,20.18,22.35,28.95,31.69
2566,ต.ช.ด. ไลออนส์มหาจักร 8,แม่อาย,เล็ก,นอกเมือง,สำนักงานคณะกรรมการการศึกษาขั้นพื้นฐาน,สพป.เชียงใหม่ เขต 3,27,33.33,47.14,28.70,26.96,37.04,48.29,37.50,20.97,25.93,24.57,35.19,35.52,35.19,26.58,22.22,20.29,40.74,38.58
2566,ต.ช.ด.ศึกษานารีอนุสรณ์ 3,แม่อาย,เล็ก,นอกเมือง,สำนักงานคณะกรรมการการศึกษาขั้นพื้นฐาน,สพป.เชียงใหม่ เขต 3,18,50.00,50.00,40.28,27.81,22.22,41.57,40.28,21.06,33.33,27.22,52.78,38.99,41.67,38.19,35.19,20.70,50.00,33.33
2566,ทุติยะโพธิ์อนุสรณ์,แม่อาย,เล็ก,นอกเมือง,กองบัญชาการตำรวจตระเวนชายแดน,-,6,33.33,47.14,37.50,37.50,16.67,37.27,27.08,15.17,5.56,12.42,33.33,23.57,25.00,25.00,33.33,19.25,8.33,18.63
2566,ไทยทนุบ้านสันต้นดู่,แม่อาย,เล็ก,นอกเมือง,สำนักงานคณะกรรมการการศึกษาขั้นพื้นฐาน,สพป.เชียงใหม่ เขต 3,19,47.37,49.93,32.89,30.41,21.05,40.77,55.92,21.98,36.84,30.39,15.79,23.24,52.63,30.23,19.30,19.69,52.63,37.95
2566,ไทยรัฐวิทยา 12 (บ้านเอก),แม่อาย,กลาง,นอกเมือง,สำนักงานคณะกรรมการการศึกษาขั้นพื้นฐาน,สพป.เชียงใหม่ เขต 3,18,66.67,47.14,44.44,24.37,22.22,41.57,59.03,15.48,42.59,31.04,61.11,31.43,58.33,30.05,42.59,24.36,50.00,23.57
2566,บ้านดง,แม่อาย,กลาง,นอกเมือง,สำนักงานคณะกรรมการการศึกษาขั้นพื้นฐาน,สพป.เชียงใหม่ เขต 3,11,100.00,0.00,31.82,32.14,45.45,49.79,60.23,16.70,63.64,22.27,50.00,21.32,50.00,21.32,33.33,20.10,45.45,25.71
2566,บ้านดอนชัย,แม่อาย,เล็ก,นอกเมือง,สำนักงานคณะกรรมการการศึกษาขั้นพื้นฐาน,สพป.เชียงใหม่ เขต 3,10,30.00,45.83,35.00,20.00,30.00,45.83,36.25,19.72,40.00,20.00,55.00,35.00,20.00,33.17,23.33,21.34,35.00,22.91
2566,บ้านท่ามะแกง,แม่อาย,เล็ก,นอกเมือง,สำนักงานคณะกรรมการการศึกษาขั้นพื้นฐาน,สพป.เชียงใหม่ เขต 3,11,72.73,44.54,43.18,38.57,45.45,49.79,47.73,17.53,27.27,23.86,45.45,33.40,36.36,30.83,33.33,24.62,40.91,19.28
2566,บ้านป่าก๊อ,แม่อาย,กลาง,นอกเมือง,สำนักงานคณะกรรมการการศึกษาขั้นพื้นฐาน,สพป.เชียงใหม่ เขต 3,13,46.15,49.85,28.85,23.71,15.38,36.08,32.69,21.11,28.21,25.64,30.77,31.25,23.08,24.93,15.38,21.14,26.92,31.72
2566,บ้านปางต้นเดื่อ,แม่อาย,กลาง,นอกเมือง,สำนักงานคณะกรรมการการศึกษาขั้นพื้นฐาน,สพป.เชียงใหม่ เขต 3,17,23.53,42.42,36.76,29.85,29.41,45.56,31.62,15.53,15.69,16.64,26.47,34.80,47.06,31.95,33.33,25.57,47.06,36.26
2566,บ้านป่าแดง,แม่อาย,กลาง,นอกเมือง,สำนักงานคณะกรรมการการศึกษาขั้นพื้นฐาน,สพป.เชียงใหม่ เขต 3,16,31.25,46.35,34.38,31.72,18.75,39.03,42.19,21.59,14.58,16.54,31.25,34.80,25.00,30.62,27.08,26.92,37.50,37.50
2566,บ้านโป่งไฮ,แม่อาย,เล็ก,นอกเมือง,สำนักงานคณะกรรมการการศึกษาขั้นพื้นฐาน,สพป.เชียงใหม่ เขต 3,7,42.86,49.49,28.57,20.82,28.57,45.18,33.93,23.82,14.29,16.50,14.29,22.59,21.43,24.74,9.52,15.06,21.43,24.74
2566,บ้านแม่สาว,แม่อาย,กลาง,นอกเมือง,สำนักงานคณะกรรมการการศึกษาขั้นพื้นฐาน,สพป.เชียงใหม่ เขต 3,42,47.62,49.94,36.90,31.45,23.81,42.59,54.17,22.60,47.62,30.12,40.48,33.16,46.43,38.41,35.71,23.45,50.00,32.73
2566,บ้านโละ,แม่อาย,เล็ก,นอกเมือง,สำนักงานคณะกรรมการการศึกษาขั้นพื้นฐาน,สพป.เชียงใหม่ เขต 3,8,0.00,0.00,53.13,36.31,25.00,43.30,45.31,27.20,54.17,23.20,37.50,41.46,31.25,42.85,29.17,26.02,43.75,29.97
2566,บ้านสันต้นหมื้อ,แม่อาย,กลาง,นอกเมือง,สำนักงานคณะกรรมการการศึกษาขั้นพื้นฐาน,สพป.เชียงใหม่ เขต 3,46,50.00,50.00,34.78,27.33,28.26,45.03,33.42,19.34,32.61,27.35,31.52,31.89,31.52,30.14,28.99,23.68,39.13,27.41
2566,บ้านสันปอธง,แม่อาย,เล็ก,นอกเมือง,สำนักงานคณะกรรมการการศึกษาขั้นพื้นฐาน,สพป.เชียงใหม่ เขต 3,15,60.00,48.99,33.33,29.81,33.33,47.14,30.83,19.83,31.11,28.46,20.00,24.49,33.33,29.81,17.78,23.93,30.00,35.59
2566,บ้านสันป่าข่า,แม่อาย,เล็ก,นอกเมือง,สำนักงานคณะกรรมการการศึกษาขั้นพื้นฐาน,สพป.เชียงใหม่ เขต 3,6,50.00,50.00,45.83,33.59,16.67,37.27,50.00,31.46,27.78,22.91,33.33,23.57,25.00,25.00,27.78,22.91,25.00,25.00
2566,บ้านสันป่าเหียว,แม่อาย,เล็ก,นอกเมือง,สำนักงานคณะกรรมการการศึกษาขั้นพื้นฐาน,สพป.เชียงใหม่ เขต 3,10,40.00,48.99,52.50,26.10,20.00,40.00,53.75,20.95,43.33,26.03,45.00,35.00,30.00,33.17,33.33,39.44,50.00,31.62
2566,บ้านสุขฤทัย,แม่อาย,กลาง,นอกเมือง,สำนักงานคณะกรรมการการศึกษาขั้นพื้นฐาน,สพป.เชียงใหม่ เขต 3,40,40.00,48.99,36.88,34.91,27.50,44.65,35.00,27.13,22.50,21.59,23.75,29.55,32.50,30.72,30.83,25.15,32.50,32.69
2566,บ้านหนองขี้นกยาง,แม่อาย,เล็ก,นอกเมือง,สำนักงานคณะกรรมการการศึกษาขั้นพื้นฐาน,สพป.เชียงใหม่ เขต 3,11,54.55,49.79,34.09,22.03,27.27,44.54,50.00,16.85,33.33,24.62,31.82,32.14,54.55,45.00,12.12,16.03,36.36,22.27
2566,บ้านหลวง,แม่อาย,เล็ก,นอกเมือง,สำนักงานคณะกรรมการการศึกษาขั้นพื้นฐาน,สพป.เชียงใหม่ เขต 3,6,50.00,50.00,25.00,25.00,16.67,37.27,33.33,13.82,33.33,27.22,41.67,18.63,0.00,0.00,38.89,22.91,41.67,34.36
2566,บ้านห้วยคอกหมู,แม่อาย,เล็ก,นอกเมือง,สำนักงานคณะกรรมการการศึกษาขั้นพื้นฐาน,สพป.เชียงใหม่ เขต 3,20,45.00,49.75,33.75,30.90,35.00,47.70,37.50,18.11,15.00,19.65,27.50,29.47,30.00,36.74,18.33,19.65,37.50,34.91
2566,บ้านห้วยป่าซาง,แม่อาย,เล็ก,นอกเมือง,สำนักงานคณะกรรมการการศึกษาขั้นพื้นฐาน,สพป.เชียงใหม่ เขต 3,17,58.82,49.22,42.65,30.64,17.65,38.12,38.97,26.73,29.41,27.73,41.18,30.85,47.06,36.26,35.29,21.30,41.18,25.64
2566,บ้านห้วยปู,แม่อาย,เล็ก,นอกเมือง,สำนักงานคณะกรรมการการศึกษาขั้นพื้นฐาน,สพป.เชียงใหม่ เขต 3,15,66.67,47.14,30.00,22.73,13.33,33.99,60.00,15.94,73.33,24.94,63.33,38.59,56.67,35.90,35.56,30.95,33.33,29.81
2566,บ้านห้วยม่วง,แม่อาย,เล็ก,นอกเมือง,สำนักงานคณะกรรมการการศึกษาขั้นพื้นฐาน,สพป.เชียงใหม่ เขต 3,6,66.67,47.14,16.67,18.63,16.67,37.27,25.00,14.43,16.67,16.67,8.33,18.63,41.67,18.63,16.67,25.46,33.33,23.57
2566,บ้านห้วยศาลา,แม่อาย,เล็ก,นอกเมือง,สำนักงานคณะกรรมการการศึกษาขั้นพื้นฐาน,สพป.เชียงใหม่ เขต 3,17,82.35,38.12,44.12,32.69,11.76,32.22,43.38,29.12,35.29,29.08,47.06,26.96,50.00,38.35,27.45,26.16,50.00,38.35
2566,บ้านฮ่างต่ำ,แม่อาย,เล็ก,นอกเมือง,สำนักงานคณะกรรมการการศึกษาขั้นพื้นฐาน,สพป.เชียงใหม่ เขต 3,16,37.50,48.41,39.06,29.27,37.50,48.41,58.59,22.84,50.00,37.27,59.38,31.72,50.00,35.36,45.83,23.20,53.13,27.78
2566,ประพันธ์ - อารีย์ หงษ์สกุล (บ้านห้วยห,แม่อาย,กลาง,นอกเมือง,สำนักงานคณะกรรมการการศึกษาขั้นพื้นฐาน,สพป.เชียงใหม่ เขต 3,10,20.00,40.00,45.00,31.22,20.00,40.00,25.00,13.69,26.67,20.00,20.00,24.49,45.00,35.00,30.00,34.80,30.00,33.17
2566,เพียงหลวง 1 (บ้านท่าตอน),แม่อาย,กลาง,นอกเมือง,สำนักงานคณะกรรมการการศึกษาขั้นพื้นฐาน,สพป.เชียงใหม่ เขต 3,23,60.87,48.80,65.22,33.57,21.74,41.25,60.87,20.62,63.77,23.90,50.00,32.97,60.87,41.59,37.68,17.87,43.48,30.59
2566,ราชประชานุเคราะห์ 30,แม่อาย,กลาง,นอกเมือง,สำนักบริหารงานการศึกษาพิเศษ,-,30,60.00,48.99,36.67,23.92,26.67,44.22,35.42,18.84,31.11,24.24,38.33,30.78,41.67,34.36,31.11,24.24,36.67,25.60
2566,วัดห้วยน้ำเย็น,แม่อาย,เล็ก,นอกเมือง,สำนักงานคณะกรรมการการศึกษาขั้นพื้นฐาน,สพป.เชียงใหม่ เขต 3,10,60.00,48.99,37.50,23.05,40.00,48.99,28.75,27.98,30.00,23.33,45.00,35.00,30.00,33.17,23.33,26.03,25.00,33.54
2566,ศึกษานารีอนุสรณ์ 1 บ้านแม่เมืองน้อย,แม่อาย,เล็ก,นอกเมือง,สำนักงานคณะกรรมการการศึกษาขั้นพื้นฐาน,สพป.เชียงใหม่ เขต 3,14,50.00,50.00,42.86,33.31,14.29,34.99,52.68,21.22,50.00,27.46,46.43,35.17,35.71,34.99,21.43,20.34,42.86,31.94
2566,ศึกษานารีอนุสรณ์ 2,แม่อาย,กลาง,นอกเมือง,สำนักงานคณะกรรมการการศึกษาขั้นพื้นฐาน,สพป.เชียงใหม่ เขต 3,16,50.00,50.00,29.69,28.25,37.50,48.41,27.34,20.36,29.17,28.57,31.25,29.97,25.00,30.62,20.83,19.98,34.38,34.09
2566,เฮียงไทยธำรงค์,แม่อาย,เล็ก,นอกเมือง,กองบัญชาการตำรวจตระเวนชายแดน,-,9,44.44,49.69,27.78,21.87,44.44,49.69,37.50,27.00,18.52,22.83,27.78,34.25,33.33,33.33,37.04,24.57,22.22,24.85
2566,ตชด.เบญจมะ1,เวียงแหง,เล็ก,นอกเมือง,กองบัญชาการตำรวจตระเวนชายแดน,-,9,44.44,49.69,16.67,16.67,11.11,31.43,23.61,13.75,11.11,15.71,33.33,33.33,22.22,24.85,22.22,15.71,22.22,24.85
2566,บ้านกองลม,เวียงแหง,กลาง,นอกเมือง,สำนักงานคณะกรรมการการศึกษาขั้นพื้นฐาน,สพป.เชียงใหม่ เขต 3,38,50.00,50.00,32.89,31.47,26.32,44.03,44.41,21.21,28.07,30.13,30.26,29.33,39.47,36.56,29.82,22.67,42.11,33.49
2566,บ้านจอง,เวียงแหง,กลาง,นอกเมือง,สำนักงานคณะกรรมการการศึกษาขั้นพื้นฐาน,สพป.เชียงใหม่ เขต 3,16,25.00,43.30,43.75,40.02,12.50,33.07,53.13,18.49,60.42,29.39,50.00,35.36,37.50,37.50,35.42,29.97,59.38,31.72
2566,บ้านนามน,เวียงแหง,เล็ก,นอกเมือง,สำนักงานคณะกรรมการการศึกษาขั้นพื้นฐาน,สพป.เชียงใหม่ เขต 3,16,50.00,50.00,31.25,29.97,43.75,49.61,37.50,26.88,37.50,26.02,21.88,30.46,46.88,37.37,29.17,23.20,37.50,21.65
2566,บ้านปางป๋อ,เวียงแหง,เล็ก,นอกเมือง,สำนักงานคณะกรรมการการศึกษาขั้นพื้นฐาน,สพป.เชียงใหม่ เขต 3,26,57.69,49.40,36.54,36.18,11.54,31.95,43.27,24.08,37.18,29.71,46.15,39.03,48.08,32.47,25.64,24.99,44.23,34.88
2566,บ้านเปียงหลวง,เวียงแหง,กลาง,นอกเมือง,สำนักงานคณะกรรมการการศึกษาขั้นพื้นฐาน,สพป.เชียงใหม่ เขต 3,69,33.33,47.14,39.13,28.70,20.29,40.22,45.83,25.06,33.82,29.76,27.54,30.14,33.33,32.60,28.02,24.49,32.61,30.49
2566,บ้านม่วงป๊อก,เวียงแหง,กลาง,นอกเมือง,สำนักงานคณะกรรมการการศึกษาขั้นพื้นฐาน,สพป.เชียงใหม่ เขต 3,35,45.71,49.82,33.57,26.01,20.00,40.00,49.64,24.73,35.24,33.75,54.29,34.58,38.57,31.82,28.57,26.60,47.14,35.74
2566,บ้านเวียงแหง,เวียงแหง,กลาง,นอกเมือง,สำนักงานคณะกรรมการการศึกษาขั้นพื้นฐาน,สพป.เชียงใหม่ เขต 3,19,63.16,48.24,42.11,29.30,36.84,48.24,51.32,26.87,42.11,26.14,28.95,29.54,42.11,33.49,26.32,27.74,52.63,25.51
2566,บ้านห้วยไคร้,เวียงแหง,กลาง,นอกเมือง,สำนักงานคณะกรรมการการศึกษาขั้นพื้นฐาน,สพป.เชียงใหม่ เขต 3,12,33.33,47.14,43.75,32.48,41.67,49.30,35.42,28.79,44.44,31.43,45.83,32.00,54.17,13.82,25.00,19.84,50.00,28.87
2566,รัฐราษฎร์อุปถัมภ์,เวียงแหง,กลาง,นอกเมือง,สำนักงานคณะกรรมการการศึกษาขั้นพื้นฐาน,สพป.เชียงใหม่ เขต 3,40,50.00,50.00,38.75,34.44,15.00,35.71,39.69,24.67,39.17,27.78,36.25,24.97,42.50,36.31,26.67,22.61,37.50,33.07
2566,ชุมชนบ้านดง,สะเมิง,เล็ก,นอกเมือง,สำนักงานคณะกรรมการการศึกษาขั้นพื้นฐาน,สพป.เชียงใหม่ เขต 2,15,60.00,48.99,53.33,35.20,26.67,44.22,41.67,22.20,42.22,28.46,36.67,28.67,40.00,32.66,26.67,24.94,30.00,30.55
2566,ชุมชนบ้านแม่สาบ,สะเมิง,เล็ก,นอกเมือง,สำนักงานคณะกรรมการการศึกษาขั้นพื้นฐาน,สพป.เชียงใหม่ เขต 2,7,28.57,45.18,53.57,28.12,28.57,45.18,39.29,24.48,47.62,24.28,28.57,24.74,71.43,24.74,14.29,16.50,28.57,24.74
2566,ทรายทองราษฎร์อุทิศ,สะเมิง,เล็ก,นอกเมือง,สำนักงานคณะกรรมการการศึกษาขั้นพื้นฐาน,สพป.เชียงใหม่ เขต 2,7,85.71,34.99,46.43,33.88,42.86,49.49,69.64,25.75,76.19,15.06,57.14,17.50,50.00,0.00,42.86,34.34,57.14,31.94
2566,บ้านกิ่วเสือ,สะเมิง,เล็ก,นอกเมือง,สำนักงานคณะกรรมการการศึกษาขั้นพื้นฐาน,สพป.เชียงใหม่ เขต 2,5,60.00,48.99,35.00,20.00,20.00,40.00,15.00,9.35,26.67,13.33,50.00,44.72,40.00,37.42,46.67,16.33,10.00,20.00
2566,บ้านนากู่,สะเมิง,เล็ก,นอกเมือง,สำนักงานคณะกรรมการการศึกษาขั้นพื้นฐาน,สพป.เชียงใหม่ เขต 2,5,0.00,0.00,40.00,20.00,0.00,0.00,40.00,14.58,20.00,26.67,50.00,44.72,30.00,24.49,20.00,16.33,50.00,31.62
2566,บ้านบ่อแก้ว,สะเมิง,กลาง,นอกเมือง,สำนักงานคณะกรรมการการศึกษาขั้นพื้นฐาน,สพป.เชียงใหม่ เขต 2,26,42.31,49.40,28.85,28.33,26.92,44.36,41.83,23.24,11.54,20.55,36.54,32.69,42.31,35.87,25.64,23.22,46.15,33.75
2566,บ้านปางขุม,สะเมิง,เล็ก,นอกเมือง,สำนักงานคณะกรรมการการศึกษาขั้นพื้นฐาน,สพป.เชียงใหม่ เขต 2,10,40.00,48.99,32.50,37.17,10.00,30.00,50.00,24.37,36.67,34.80,45.00,26.93,45.00,35.00,26.67,20.00,25.00,25.00
2566,บ้านป่าลาน,สะเมิง,เล็ก,นอกเมือง,สำนักงานคณะกรรมการการศึกษาขั้นพื้นฐาน,สพป.เชียงใหม่ เขต 2,11,36.36,48.10,50.00,39.89,9.09,28.75,45.45,27.84,48.48,32.92,22.73,24.90,31.82,32.14,27.27,19.17,40.91,35.79
2566,บ้านแม่ขะปู,สะเมิง,เล็ก,นอกเมือง,สำนักงานคณะกรรมการการศึกษาขั้นพื้นฐาน,สพป.เชียงใหม่ เขต 2,18,22.22,41.57,40.28,33.48,22.22,41.57,49.31,19.75,40.74,26.19,25.00,30.05,52.78,35.25,20.37,22.60,22.22,24.85
2566,บ้านแม่โต๋,สะเมิง,เล็ก,นอกเมือง,สำนักงานคณะกรรมการการศึกษาขั้นพื้นฐาน,สพป.เชียงใหม่ เขต 2,20,55.00,49.75,26.25,25.59,35.00,47.70,38.75,19.72,16.67,22.36,32.50,32.69,40.00,37.42,38.33,26.40,35.00,35.71
2566,บ้านแม่ยางห้า,สะเมิง,เล็ก,นอกเมือง,สำนักงานคณะกรรมการการศึกษาขั้นพื้นฐาน,สพป.เชียงใหม่ เขต 2,20,65.00,47.70,38.75,36.64,10.00,30.00,51.88,24.77,36.67,34.80,55.00,35.00,47.50,37.00,30.00,27.69,45.00,35.00
2566,บ้านแม่ลานคำ,สะเมิง,เล็ก,นอกเมือง,สำนักงานคณะกรรมการการศึกษาขั้นพื้นฐาน,สพป.เชียงใหม่ เขต 2,11,63.64,48.10,34.09,26.70,27.27,44.54,63.64,18.81,42.42,32.07,18.18,24.05,36.36,22.27,27.27,23.86,36.36,30.83
2566,บ้านแม่แว,สะเมิง,เล็ก,นอกเมือง,สำนักงานคณะกรรมการการศึกษาขั้นพื้นฐาน,สพป.เชียงใหม่ เขต 2,6,33.33,47.14,25.00,28.87,16.67,37.27,54.17,21.25,22.22,24.85,0.00,0.00,16.67,23.57,33.33,19.25,41.67,18.63
2566,บ้านห้วยน้ำจาง,สะเมิง,เล็ก,นอกเมือง,สำนักงานคณะกรรมการการศึกษาขั้นพื้นฐาน,สพป.เชียงใหม่ เขต 2,4,25.00,43.30,37.50,12.50,50.00,50.00,31.25,20.73,58.33,36.32,50.00,35.36,50.00,35.36,25.00,27.64,37.50,21.65
2566,รัปปาปอร์ต,สะเมิง,เล็ก,นอกเมือง,กองบัญชาการตำรวจตระเวนชายแดน,-,15,33.33,47.14,40.00,23.80,13.33,33.99,27.50,23.80,11.11,19.88,26.67,30.91,53.33,28.67,28.89,29.48,46.67,28.67
2566,วัดงิ้วเฒ่า,สะเมิง,เล็ก,นอกเมือง,สำนักงานคณะกรรมการการศึกษาขั้นพื้นฐาน,สพป.เชียงใหม่ เขต 2,3,33.33,47.14,41.67,11.79,0.00,0.00,37.50,27.00,22.22,15.71,66.67,23.57,33.33,23.57,11.11,15.71,50.00,0.00
2566,วัดบ้านป้อก,สะเมิง,เล็ก,นอกเมือง,สำนักงานคณะกรรมการการศึกษาขั้นพื้นฐาน,สพป.เชียงใหม่ เขต 2,5,60.00,48.99,45.00,24.49,20.00,40.00,35.00,33.91,26.67,13.33,30.00,24.49,30.00,24.49,26.67,32.66,40.00,20.00
2566,วัดปางเติม,สะเมิง,เล็ก,นอกเมือง,สำนักงานคณะกรรมการการศึกษาขั้นพื้นฐาน,สพป.เชียงใหม่ เขต 2,9,33.33,47.14,44.44,38.69,11.11,31.43,56.94,20.51,51.85,38.84,38.89,20.79,33.33,33.33,29.63,24.57,38.89,31.43
2566,วัดแม่เลย,สะเมิง,เล็ก,นอกเมือง,สำนักงานคณะกรรมการการศึกษาขั้นพื้นฐาน,สพป.เชียงใหม่ เขต 2,8,37.50,48.41,21.88,19.52,25.00,43.30,31.25,21.65,29.17,30.90,37.50,33.07,43.75,39.03,29.17,26.02,50.00,25.00
2566,วัดยั้งเมิน,สะเมิง,เล็ก,นอกเมือง,สำนักงานคณะกรรมการการศึกษาขั้นพื้นฐาน,สพป.เชียงใหม่ เขต 2,12,50.00,50.00,29.17,30.33,33.33,47.14,37.50,29.76,22.22,24.85,25.00,25.00,33.33,31.18,16.67,21.52,29.17,24.65
2566,บ้านกอสะเลียม,สันกำแพง,เล็ก,นอกเมือง,สำนักงานคณะกรรมการการศึกษาขั้นพื้นฐาน,สพป.เชียงใหม่ เขต 1,13,30.77,46.15,40.38,31.83,23.08,42.13,55.77,21.71,35.90,33.23,34.62,30.28,38.46,28.78,30.77,27.62,42.31,38.46
2566,บ้านแช่ช้าง (เทพนานุกูล),สันกำแพง,เล็ก,นอกเมือง,สำนักงานคณะกรรมการการศึกษาขั้นพื้นฐาน,สพป.เชียงใหม่ เขต 1,17,35.29,47.79,29.41,26.06,29.41,45.56,31.62,21.49,17.65,23.20,32.35,29.41,44.12,29.12,31.37,21.30,38.24,32.22
2566,บ้านบวกค้าง,สันกำแพง,เล็ก,นอกเมือง,สำนักงานคณะกรรมการการศึกษาขั้นพื้นฐาน,สพป.เชียงใหม่ เขต 1,15,66.67,47.14,53.33,32.74,13.33,33.99,60.83,22.76,60.00,34.85,36.67,28.67,50.00,40.82,35.56,22.66,46.67,28.67
2566,บ้านบ่อสร้างนรากรประสาท,สันกำแพง,กลาง,นอกเมือง,สำนักงานคณะกรรมการการศึกษาขั้นพื้นฐาน,สพป.เชียงใหม่ เขต 1,39,35.90,47.97,26.92,26.79,15.38,36.08,43.27,19.78,26.50,28.42,38.46,32.94,33.33,38.12,26.50,26.34,42.31,28.95
2566,บ้านมอญ,สันกำแพง,เล็ก,นอกเมือง,สำนักงานคณะกรรมการการศึกษาขั้นพื้นฐาน,สพป.เชียงใหม่ เขต 1,4,50.00,50.00,31.25,27.24,0.00,0.00,68.75,6.25,50.00,37.27,37.50,41.46,62.50,21.65,41.67,27.64,37.50,41.46
2566,บ้านแม่ปูคา,สันกำแพง,เล็ก,นอกเมือง,สำนักงานคณะกรรมการการศึกษาขั้นพื้นฐาน,สพป.เชียงใหม่ เขต 1,15,40.00,48.99,38.33,33.99,40.00,48.99,46.67,23.48,17.78,20.61,43.33,35.90,26.67,30.91,37.78,31.89,36.67,33.99
2566,บ้านสันกำแพง,สันกำแพง,ใหญ่พิเศษ,นอกเมือง,สำนักงานคณะกรรมการการศึกษาขั้นพื้นฐาน,สพป.เชียงใหม่ เขต 1,288,53.13,49.90,40.45,33.27,15.97,36.63,48.78,23.03,33.22,30.49,40.45,34.92,44.27,33.75,35.07,27.79,47.22,31.33
2566,บ้านหนองโค้ง,สันกำแพง,กลาง,นอกเมือง,สำนักงานคณะกรรมการการศึกษาขั้นพื้นฐาน,สพป.เชียงใหม่ เขต 1,48,56.25,49.61,43.23,30.93,20.83,40.61,56.51,25.51,34.72,29.63,48.96,34.60,37.50,34.61,35.42,26.71,48.96,34.60
2566,วัดทรายมูลรัตนศึกษา,สันกำแพง,เล็ก,นอกเมือง,สำนักงานคณะกรรมการการศึกษาขั้นพื้นฐาน,สพป.เชียงใหม่ เขต 1,2,50.00,50.00,75.00,0.00,50.00,50.00,81.25,6.25,50.00,16.67,75.00,25.00,0.00,0.00,33.33,33.33,75.00,25.00
2566,วัดบ้านน้อย,สันกำแพง,เล็ก,นอกเมือง,สำนักงานคณะกรรมการการศึกษาขั้นพื้นฐาน,สพป.เชียงใหม่ เขต 1,11,54.55,49.79,36.36,35.93,9.09,28.75,43.18,25.21,45.45,29.38,54.55,25.71,36.36,30.83,42.42,20.55,45.45,33.40
2566,วัดบ้านโห้ง,สันกำแพง,เล็ก,นอกเมือง,สำนักงานคณะกรรมการการศึกษาขั้นพื้นฐาน,สพป.เชียงใหม่ เขต 1,7,14.29,34.99,25.00,23.15,28.57,45.18,48.21,10.41,4.76,11.66,28.57,24.74,42.86,31.94,28.57,21.30,7.14,17.50
2566,วัดป่าตาล,สันกำแพง,เล็ก,นอกเมือง,สำนักงานคณะกรรมการการศึกษาขั้นพื้นฐาน,สพป.เชียงใหม่ เขต 1,6,66.67,47.14,62.50,34.61,50.00,50.00,29.17,11.79,33.33,33.33,58.33,34.36,50.00,0.00,38.89,22.91,50.00,0.00
2566,วัดร้องวัวแดงศรีจันทร์วิทยาคาร,สันกำแพง,เล็ก,นอกเมือง,สำนักงานคณะกรรมการการศึกษาขั้นพื้นฐาน,สพป.เชียงใหม่ เขต 1,10,50.00,50.00,37.50,35.79,50.00,50.00,38.75,23.35,43.33,33.50,40.00,30.00,40.00,20.00,33.33,21.08,45.00,26.93
2566,วัดล้านตอง,สันกำแพง,เล็ก,นอกเมือง,สำนักงานคณะกรรมการการศึกษาขั้นพื้นฐาน,สพป.เชียงใหม่ เขต 1,13,61.54,48.65,50.00,25.94,38.46,48.65,50.96,29.20,51.28,28.09,57.69,33.09,53.85,23.71,25.64,19.19,50.00,27.74
2566,วัดสันกลางเหนือ,สันกำแพง,เล็ก,นอกเมือง,สำนักงานคณะกรรมการการศึกษาขั้นพื้นฐาน,สพป.เชียงใหม่ เขต 1,7,57.14,49.49,46.43,8.75,0.00,0.00,58.93,11.01,42.86,42.59,35.71,22.59,42.86,31.94,47.62,24.28,42.86,31.94
2566,วัดสันโค้ง,สันกำแพง,เล็ก,นอกเมือง,สำนักงานคณะกรรมการการศึกษาขั้นพื้นฐาน,สพป.เชียงใหม่ เขต 1,1,0.00,0.00,75.00,0.00,0.00,0.00,37.50,0.00,66.67,0.00,50.00,0.00,50.00,0.00,33.33,0.00,50.00,0.00
2566,วัดสันมะฮกฟ้า,สันกำแพง,เล็ก,นอกเมือง,สำนักงานคณะกรรมการการศึกษาขั้นพื้นฐาน,สพป.เชียงใหม่ เขต 1,9,22.22,41.57,33.33,28.87,11.11,31.43,37.50,25.00,25.93,26.19,27.78,24.85,38.89,39.28,33.33,27.22,55.56,28.33
2566,สวนเด็กสันกำแพง,สันกำแพง,กลาง,นอกเมือง,สำนักงานคณะกรรมการส่งเสริมการศึกษาเอกชน,-,28,50.00,50.00,49.11,32.38,28.57,45.18,58.93,21.35,46.43,31.29,53.57,29.67,44.64,33.65,34.52,27.43,62.50,25.44
2566,สันกำแพงคันธาอนุสรณ์,สันกำแพง,เล็ก,นอกเมือง,สำนักงานคณะกรรมการการศึกษาขั้นพื้นฐาน,สพป.เชียงใหม่ เขต 1,19,31.58,46.48,17.11,21.54,42.11,49.37,34.87,16.51,26.32,25.54,47.37,34.31,34.21,36.46,26.32,20.46,39.47,38.32
2566,ออนใต้วิทยา,สันกำแพง,เล็ก,นอกเมือง,สำนักงานคณะกรรมการการศึกษาขั้นพื้นฐาน,สพป.เชียงใหม่ เขต 1,11,36.36,48.10,47.73,29.11,18.18,38.57,32.95,13.35,24.24,24.99,40.91,35.79,36.36,30.83,21.21,21.43,40.91,41.66
2566,ชลประทานเขื่อนแม่กวงจิราธิวัฒน์อุปถัมภ์,สันทราย,กลาง,นอกเมือง,สำนักงานคณะกรรมการการศึกษาขั้นพื้นฐาน,สพป.เชียงใหม่ เขต 2,31,54.84,49.77,24.19,26.55,16.13,36.78,31.85,23.08,17.20,20.51,25.81,28.03,32.26,29.91,20.43,26.34,35.48,31.61
2566,ต้นกล้า,สันทราย,กลาง,นอกเมือง,สำนักงานคณะกรรมการส่งเสริมการศึกษาเอกชน,-,20,50.00,50.00,45.00,33.17,25.00,43.30,52.50,21.51,53.33,30.55,50.00,35.36,40.00,33.91,35.00,19.65,57.50,39.61
2566,บ้านเจดีย์แม่ครัว,สันทราย,กลาง,นอกเมือง,สำนักงานคณะกรรมการการศึกษาขั้นพื้นฐาน,สพป.เชียงใหม่ เขต 2,52,59.62,49.07,38.94,30.78,25.00,43.30,57.93,21.93,44.23,30.47,40.38,31.07,50.00,36.69,36.54,24.69,51.92,27.67
2566,บ้านท่าเกวียน,สันทราย,เล็ก,นอกเมือง,สำนักงานคณะกรรมการการศึกษาขั้นพื้นฐาน,สพป.เชียงใหม่ เขต 2,13,69.23,46.15,38.46,36.18,7.69,26.65,52.88,23.59,38.46,31.61,53.85,30.77,50.00,33.97,15.38,24.86,46.15,13.32
2566,บ้านบวกเปา,สันทราย,เล็ก,นอกเมือง,สำนักงานคณะกรรมการการศึกษาขั้นพื้นฐาน,สพป.เชียงใหม่ เขต 2,5,40.00,48.99,55.00,24.49,20.00,40.00,57.50,25.74,40.00,38.87,50.00,31.62,40.00,37.42,33.33,21.08,70.00,24.49
2566,บ้านป่าก้าง,สันทราย,เล็ก,นอกเมือง,สำนักงานคณะกรรมการการศึกษาขั้นพื้นฐาน,สพป.เชียงใหม่ เขต 2,7,57.14,49.49,42.86,25.75,14.29,34.99,44.64,25.75,19.05,24.28,64.29,34.99,50.00,37.80,14.29,16.50,42.86,41.65
2566,บ้านป่าบง,สันทราย,เล็ก,นอกเมือง,สำนักงานคณะกรรมการการศึกษาขั้นพื้นฐาน,สพป.เชียงใหม่ เขต 2,14,42.86,49.49,62.50,35.04,21.43,41.03,62.50,18.30,66.67,25.20,75.00,25.00,67.86,35.89,59.52,31.32,46.43,29.67
2566,บ้านป่าเหมือด,สันทราย,เล็ก,นอกเมือง,สำนักงานคณะกรรมการการศึกษาขั้นพื้นฐาน,สพป.เชียงใหม่ เขต 2,21,47.62,49.94,22.62,27.72,28.57,45.18,60.12,22.37,36.51,27.03,50.00,26.73,50.00,34.50,26.98,24.38,47.62,24.28
2566,บ้านโปง,สันทราย,เล็ก,นอกเมือง,สำนักงานคณะกรรมการการศึกษาขั้นพื้นฐาน,สพป.เชียงใหม่ เขต 2,19,68.42,46.48,39.47,29.60,5.26,22.33,47.37,21.68,33.33,26.49,34.21,36.46,44.74,35.89,35.09,38.20,42.11,37.22
2566,บ้านโป่ง,สันทราย,เล็ก,นอกเมือง,สำนักงานคณะกรรมการการศึกษาขั้นพื้นฐาน,สพป.เชียงใหม่ เขต 2,9,33.33,47.14,44.44,32.87,0.00,0.00,30.56,24.37,33.33,27.22,33.33,33.33,55.56,28.33,7.41,13.86,27.78,34.25
2566,บ้านเมืองขอน,สันทราย,เล็ก,นอกเมือง,สำนักงานคณะกรรมการการศึกษาขั้นพื้นฐาน,สพป.เชียงใหม่ เขต 2,2,100.00,0.00,37.50,12.50,0.00,0.00,62.50,12.50,33.33,0.00,50.00,0.00,25.00,25.00,0.00,0.00,50.00,50.00
2566,บ้านแม่โจ้,สันทราย,กลาง,นอกเมือง,สำนักงานคณะกรรมการการศึกษาขั้นพื้นฐาน,สพป.เชียงใหม่ เขต 2,53,66.04,47.36,33.96,27.94,16.98,37.55,44.34,24.95,31.45,27.79,47.17,35.57,44.34,39.65,26.42,26.19,44.34,35.90
2566,บ้านแม่แต,สันทราย,เล็ก,นอกเมือง,สำนักงานคณะกรรมการการศึกษาขั้นพื้นฐาน,สพป.เชียงใหม่ เขต 2,9,33.33,47.14,25.00,23.57,11.11,31.43,30.56,22.14,40.74,26.19,38.89,31.43,33.33,23.57,11.11,22.22,38.89,20.79
2566,บ้านแม่แฝก,สันทราย,เล็ก,นอกเมือง,สำนักงานคณะกรรมการการศึกษาขั้นพื้นฐาน,สพป.เชียงใหม่ เขต 2,12,58.33,49.30,47.92,31.39,16.67,37.27,55.21,23.08,58.33,36.32,45.83,32.00,50.00,28.87,47.22,31.79,41.67,34.36
2566,บ้านแม่ย่อย,สันทราย,เล็ก,นอกเมือง,สำนักงานคณะกรรมการการศึกษาขั้นพื้นฐาน,สพป.เชียงใหม่ เขต 2,13,69.23,46.15,23.08,22.92,30.77,46.15,54.81,22.75,41.03,26.65,38.46,28.78,42.31,33.09,35.90,27.62,46.15,13.32
2566,บ้านร่มหลวง,สันทราย,เล็ก,นอกเมือง,สำนักงานคณะกรรมการการศึกษาขั้นพื้นฐาน,สพป.เชียงใหม่ เขต 2,16,37.50,48.41,37.50,31.87,12.50,33.07,31.25,23.80,31.25,24.91,34.38,29.15,28.13,24.80,22.92,22.73,31.25,34.80
2566,บ้านศรีงาม,สันทราย,เล็ก,นอกเมือง,สำนักงานคณะกรรมการการศึกษาขั้นพื้นฐาน,สพป.เชียงใหม่ เขต 2,5,100.00,0.00,40.00,33.91,40.00,48.99,77.50,22.91,80.00,16.33,50.00,31.62,60.00,48.99,33.33,29.81,80.00,24.49
2566,บ้านศรีบุญเรือง,สันทราย,กลาง,นอกเมือง,สำนักงานคณะกรรมการการศึกษาขั้นพื้นฐาน,สพป.เชียงใหม่ เขต 2,21,76.19,42.59,30.95,21.69,4.76,21.30,47.02,17.64,20.63,24.07,30.95,36.11,30.95,32.65,31.75,24.07,40.48,36.58
2566,บ้านสันพระเนตร,สันทราย,เล็ก,นอกเมือง,สำนักงานคณะกรรมการการศึกษาขั้นพื้นฐาน,สพป.เชียงใหม่ เขต 2,4,75.00,43.30,25.00,30.62,25.00,43.30,56.25,13.98,58.33,36.32,37.50,21.65,12.50,21.65,16.67,16.67,37.50,21.65
2566,บ้านสันศรี,สันทราย,เล็ก,นอกเมือง,สำนักงานคณะกรรมการการศึกษาขั้นพื้นฐาน,สพป.เชียงใหม่ เขต 2,6,33.33,47.14,37.50,19.09,16.67,37.27,56.25,28.64,66.67,19.25,25.00,38.19,25.00,25.00,33.33,19.25,58.33,18.63
2566,บ้านหนองไคร้,สันทราย,กลาง,นอกเมือง,สำนักงานคณะกรรมการการศึกษาขั้นพื้นฐาน,สพป.เชียงใหม่ เขต 2,59,59.32,49.12,44.92,35.29,27.12,44.46,42.16,20.31,41.81,32.24,50.85,35.04,55.93,34.55,44.07,27.75,53.39,36.67
2566,บ้านหนองมะจับ,สันทราย,เล็ก,นอกเมือง,สำนักงานคณะกรรมการการศึกษาขั้นพื้นฐาน,สพป.เชียงใหม่ เขต 2,7,42.86,49.49,21.43,20.82,14.29,34.99,46.43,17.31,33.33,30.86,42.86,17.50,57.14,31.94,4.76,11.66,21.43,24.74
2566,บ้านหนองหาร,สันทราย,เล็ก,นอกเมือง,สำนักงานคณะกรรมการการศึกษาขั้นพื้นฐาน,สพป.เชียงใหม่ เขต 2,7,42.86,49.49,25.00,26.73,42.86,49.49,48.21,21.58,47.62,24.28,57.14,17.50,57.14,31.94,61.90,32.99,42.86,31.94
2566,บ้านหลักปัน,สันทราย,กลาง,นอกเมือง,สำนักงานคณะกรรมการการศึกษาขั้นพื้นฐาน,สพป.เชียงใหม่ เขต 2,15,33.33,47.14,43.33,43.27,20.00,40.00,52.50,15.94,62.22,23.93,50.00,36.51,60.00,37.42,26.67,21.77,56.67,30.91
2566,บ้านห้วยเกี๋ยง,สันทราย,กลาง,นอกเมือง,สำนักงานคณะกรรมการการศึกษาขั้นพื้นฐาน,สพป.เชียงใหม่ เขต 2,32,37.50,48.41,31.25,28.64,31.25,46.35,29.30,16.42,18.75,21.95,29.69,32.74,42.19,30.90,20.83,21.65,32.81,34.48
2566,บ้านหัวฝาย,สันทราย,เล็ก,นอกเมือง,สำนักงานคณะกรรมการการศึกษาขั้นพื้นฐาน,สพป.เชียงใหม่ เขต 2,5,40.00,48.99,50.00,31.62,0.00,0.00,67.50,12.75,40.00,38.87,90.00,20.00,60.00,20.00,26.67,13.33,40.00,20.00
2566,พงษ์พิกุลเชียงใหม่,สันทราย,กลาง,นอกเมือง,สำนักงานคณะกรรมการส่งเสริมการศึกษาเอกชน,-,40,57.50,49.43,22.50,20.00,20.00,40.00,33.75,23.08,16.67,24.72,35.00,30.00,22.50,29.47,25.00,25.55,32.50,32.69
2566,วัดแม่แก้ดน้อย,สันทราย,ใหญ่,นอกเมือง,สำนักงานคณะกรรมการการศึกษาขั้นพื้นฐาน,สพป.เชียงใหม่ เขต 2,37,64.86,47.74,31.08,26.26,27.03,44.41,40.20,23.63,41.44,29.41,41.89,33.92,52.70,32.77,38.74,30.52,50.00,34.87
2566,วัดสันคะยอม,สันทราย,เล็ก,นอกเมือง,สำนักงานคณะกรรมการการศึกษาขั้นพื้นฐาน,สพป.เชียงใหม่ เขต 2,10,50.00,50.00,40.00,30.00,20.00,40.00,51.25,22.67,30.00,23.33,55.00,26.93,35.00,32.02,43.33,26.03,50.00,31.62
2566,วัดสันทรายมูล,สันทราย,เล็ก,นอกเมือง,สำนักงานคณะกรรมการการศึกษาขั้นพื้นฐาน,สพป.เชียงใหม่ เขต 2,13,53.85,49.85,51.92,35.98,23.08,42.13,62.50,26.85,33.33,32.03,42.31,26.65,50.00,33.97,35.90,24.33,38.46,21.07
2566,วีรยาเชียงใหม่,สันทราย,กลาง,นอกเมือง,สำนักงานคณะกรรมการส่งเสริมการศึกษาเอกชน,-,38,63.16,48.24,50.66,36.49,15.79,36.46,45.07,23.57,40.35,30.74,46.05,33.21,39.47,32.76,49.12,29.36,47.37,30.23
2566,สวนองุ่นเชียงใหม่,สันทราย,กลาง,นอกเมือง,สำนักงานคณะกรรมการส่งเสริมการศึกษาเอกชน,-,30,56.67,49.55,40.83,27.75,23.33,42.30,56.25,22.53,76.67,28.74,41.67,29.11,55.00,35.00,31.11,19.12,45.00,32.53
2566,สันทรายหลวง,สันทราย,กลาง,นอกเมือง,สำนักงานคณะกรรมการการศึกษาขั้นพื้นฐาน,สพป.เชียงใหม่ เขต 2,104,52.88,49.92,41.11,30.99,21.15,40.84,47.96,25.36,45.83,34.65,49.52,33.61,43.75,34.45,35.26,29.17,43.75,30.77
2566,กิ่วแลน้อยประสิทธิ์วิทยา,สันป่าตอง,กลาง,นอกเมือง,สำนักงานคณะกรรมการการศึกษาขั้นพื้นฐาน,สพป.เชียงใหม่ เขต 4,7,85.71,34.99,35.71,37.46,57.14,49.49,60.71,18.21,57.14,29.35,71.43,24.74,57.14,41.65,47.62,16.50,50.00,0.00
2566,ชุมชนกิ่วแลหลวงประสิทธิ์วิทยา,สันป่าตอง,เล็ก,นอกเมือง,สำนักงานคณะกรรมการการศึกษาขั้นพื้นฐาน,สพป.เชียงใหม่ เขต 4,6,50.00,50.00,41.67,18.63,33.33,47.14,70.83,23.57,50.00,25.46,33.33,23.57,58.33,34.36,50.00,16.67,58.33,18.63
2566,ทุ่งฟ้าบดราษฎร์บำรุง,สันป่าตอง,กลาง,นอกเมือง,กรมส่งเสริมการปกครองท้องถิ่น,ท้องถิ่นจังหวัดเชียงใหม่,86,55.81,49.66,38.37,29.46,26.74,44.26,53.05,24.92,37.60,30.84,41.86,33.11,45.93,33.42,30.62,27.48,45.93,31.64
2566,บ้านทุ่งเสี้ยว (นวรัฐ),สันป่าตอง,เล็ก,นอกเมือง,สำนักงานคณะกรรมการการศึกษาขั้นพื้นฐาน,สพป.เชียงใหม่ เขต 4,18,55.56,49.69,23.61,26.97,22.22,41.57,40.97,20.75,27.78,22.91,22.22,29.92,38.89,31.43,31.48,28.27,33.33,28.87
2566,บ้านเปียง,สันป่าตอง,เล็ก,นอกเมือง,สำนักงานคณะกรรมการการศึกษาขั้นพื้นฐาน,สพป.เชียงใหม่ เขต 4,5,80.00,40.00,65.00,25.50,0.00,0.00,35.00,14.58,26.67,24.94,60.00,20.00,60.00,37.42,20.00,26.67,40.00,20.00
2566,บ้านม่วงพี่น้อง,สันป่าตอง,เล็ก,นอกเมือง,สำนักงานคณะกรรมการการศึกษาขั้นพื้นฐาน,สพป.เชียงใหม่ เขต 4,8,50.00,50.00,21.88,23.18,50.00,50.00,50.00,29.97,16.67,23.57,12.50,33.07,37.50,33.07,8.33,14.43,31.25,24.21
2566,บ้านแม่กุ้งหลวง,สันป่าตอง,เล็ก,นอกเมือง,สำนักงานคณะกรรมการการศึกษาขั้นพื้นฐาน,สพป.เชียงใหม่ เขต 4,3,100.00,0.00,0.00,0.00,33.33,47.14,29.17,5.89,44.44,15.71,33.33,23.57,33.33,23.57,22.22,15.71,0.00,0.00
2566,บ้านร่องน้ำ,สันป่าตอง,เล็ก,นอกเมือง,สำนักงานคณะกรรมการการศึกษาขั้นพื้นฐาน,สพป.เชียงใหม่ เขต 4,9,66.67,47.14,16.67,23.57,22.22,41.57,26.39,22.40,37.04,29.16,27.78,24.85,27.78,24.85,29.63,24.57,38.89,20.79
2566,บ้านห้วยส้ม,สันป่าตอง,เล็ก,นอกเมือง,สำนักงานคณะกรรมการการศึกษาขั้นพื้นฐาน,สพป.เชียงใหม่ เขต 4,15,73.33,44.22,50.00,35.36,13.33,33.99,56.67,20.34,62.22,31.89,63.33,28.67,50.00,36.51,42.22,22.66,50.00,31.62
2566,บ้านหัวริน,สันป่าตอง,เล็ก,นอกเมือง,สำนักงานคณะกรรมการการศึกษาขั้นพื้นฐาน,สพป.เชียงใหม่ เขต 4,11,54.55,49.79,36.36,24.69,9.09,28.75,50.00,25.00,33.33,28.43,45.45,25.71,31.82,38.57,27.27,27.77,54.55,25.71
2566,พัฒนวิทย์ศึกษา,สันป่าตอง,ใหญ่,นอกเมือง,สำนักงานคณะกรรมการส่งเสริมการศึกษาเอกชน,-,17,52.94,49.91,41.18,30.85,29.41,45.56,50.74,15.74,33.33,28.01,47.06,31.95,41.18,35.29,23.53,24.96,38.24,27.28
2566,วัดช่างกระดาษ,สันป่าตอง,เล็ก,นอกเมือง,สำนักงานคณะกรรมการการศึกษาขั้นพื้นฐาน,สพป.เชียงใหม่ เขต 4,3,66.67,47.14,16.67,23.57,66.67,47.14,66.67,25.69,33.33,27.22,33.33,23.57,50.00,0.00,33.33,0.00,33.33,23.57
2566,วัดดงป่างิ้ว,สันป่าตอง,เล็ก,นอกเมือง,สำนักงานคณะกรรมการการศึกษาขั้นพื้นฐาน,สพป.เชียงใหม่ เขต 4,5,60.00,48.99,25.00,22.36,20.00,40.00,35.00,20.00,20.00,26.67,0.00,0.00,20.00,24.49,53.33,26.67,10.00,20.00
2566,วัดท่ากาน,สันป่าตอง,เล็ก,นอกเมือง,สำนักงานคณะกรรมการการศึกษาขั้นพื้นฐาน,สพป.เชียงใหม่ เขต 4,12,41.67,49.30,58.33,32.81,33.33,47.14,40.63,12.63,50.00,28.87,41.67,27.64,29.17,32.00,36.11,21.34,54.17,32.00
2566,วัดน้ำบ่อหลวง,สันป่าตอง,เล็ก,นอกเมือง,สำนักงานคณะกรรมการการศึกษาขั้นพื้นฐาน,สพป.เชียงใหม่ เขต 4,25,80.00,40.00,35.00,30.82,28.00,44.90,40.00,24.75,25.33,25.44,34.00,30.72,48.00,41.18,21.33,20.83,32.00,31.24
2566,วัดโรงวัว,สันป่าตอง,เล็ก,นอกเมือง,สำนักงานคณะกรรมการการศึกษาขั้นพื้นฐาน,สพป.เชียงใหม่ เขต 4,11,54.55,49.79,20.45,25.71,27.27,44.54,47.73,27.08,24.24,14.85,50.00,36.93,54.55,39.63,27.27,23.86,54.55,33.40
2566,วัดสามหลัง,สันป่าตอง,เล็ก,นอกเมือง,สำนักงานคณะกรรมการการศึกษาขั้นพื้นฐาน,สพป.เชียงใหม่ เขต 4,6,83.33,37.27,37.50,40.18,16.67,37.27,58.33,29.46,77.78,24.85,41.67,34.36,83.33,23.57,38.89,22.91,25.00,25.00
2566,วัดอุเม็ง,สันป่าตอง,เล็ก,นอกเมือง,สำนักงานคณะกรรมการการศึกษาขั้นพื้นฐาน,สพป.เชียงใหม่ เขต 4,7,71.43,45.18,50.00,40.09,28.57,45.18,55.36,31.24,52.38,24.28,64.29,34.99,42.86,17.50,9.52,15.06,50.00,37.80
2566,วิมานทิพย์,สันป่าตอง,เล็ก,นอกเมือง,สำนักงานคณะกรรมการส่งเสริมการศึกษาเอกชน,-,19,36.84,48.24,52.63,24.19,15.79,36.46,57.89,16.33,59.65,27.74,60.53,38.32,50.00,36.27,40.35,29.77,55.26,42.60
2566,สันป่าตอง,สันป่าตอง,เล็ก,นอกเมือง,กรมส่งเสริมการปกครองท้องถิ่น,ท้องถิ่นจังหวัดเชียงใหม่,3,100.00,0.00,41.67,31.18,0.00,0.00,79.17,21.25,88.89,15.71,33.33,23.57,16.67,23.57,44.44,41.57,66.67,23.57
2566,สันป่าตอง (สุวรรณราษฎร์วิทยาคาร),สันป่าตอง,ใหญ่,นอกเมือง,สำนักงานคณะกรรมการการศึกษาขั้นพื้นฐาน,สพป.เชียงใหม่ เขต 4,157,61.15,48.74,44.59,33.42,22.29,41.62,54.78,25.02,52.02,30.87,50.64,32.41,43.95,33.55,33.33,26.60,50.64,31.92
2566,ช่องฟ้าซินเซิงวาณิชบำรุง,สารภี,ใหญ่พิเศษ,นอกเมือง,สำนักงานคณะกรรมการส่งเสริมการศึกษาเอกชน,-,210,64.76,47.77,39.76,32.40,17.62,38.10,49.17,23.83,37.78,31.39,47.86,33.91,43.57,34.42,39.21,28.59,52.38,29.98
2566,ชุมชนวัดปากกอง,สารภี,เล็ก,นอกเมือง,สำนักงานคณะกรรมการการศึกษาขั้นพื้นฐาน,สพป.เชียงใหม่ เขต 4,2,50.00,50.00,12.50,12.50,0.00,0.00,43.75,6.25,16.67,16.67,0.00,0.00,100.00,0.00,33.33,33.33,0.00,0.00
2566,ชุมชนวัดศรีคำชมภู,สารภี,กลาง,นอกเมือง,สำนักงานคณะกรรมการการศึกษาขั้นพื้นฐาน,สพป.เชียงใหม่ เขต 4,30,43.33,49.55,29.17,26.68,30.00,45.83,51.25,21.73,40.00,26.39,35.00,36.86,33.33,34.96,32.22,25.07,35.00,34.52
2566,เทศบาลตำบลยางเนิ้ง,สารภี,กลาง,นอกเมือง,กรมส่งเสริมการปกครองท้องถิ่น,ท้องถิ่นจังหวัดเชียงใหม่,21,57.14,49.49,41.67,32.12,14.29,34.99,36.90,25.73,31.75,31.67,52.38,24.28,33.33,32.12,30.16,30.70,33.33,32.12
2566,บ้านปากเหมือง,สารภี,กลาง,นอกเมือง,สำนักงานคณะกรรมการการศึกษาขั้นพื้นฐาน,สพป.เชียงใหม่ เขต 4,15,53.33,49.89,33.33,34.96,13.33,33.99,45.83,28.75,40.00,24.94,33.33,34.96,43.33,35.90,42.22,28.46,53.33,42.69
2566,บ้านสันทราย,สารภี,เล็ก,นอกเมือง,สำนักงานคณะกรรมการการศึกษาขั้นพื้นฐาน,สพป.เชียงใหม่ เขต 4,12,58.33,49.30,47.92,38.81,25.00,43.30,61.46,20.70,61.11,32.87,58.33,34.36,41.67,34.36,44.44,20.79,41.67,18.63
2566,ยุวฑูตศึกษาพัฒนา,สารภี,ใหญ่,นอกเมือง,สำนักงานคณะกรรมการส่งเสริมการศึกษาเอกชน,-,36,75.00,43.30,43.06,32.60,22.22,41.57,51.74,20.87,56.48,32.22,52.78,33.22,55.56,32.87,33.33,24.85,70.83,29.76
2566,วชิราลัย,สารภี,กลาง,นอกเมือง,สำนักงานคณะกรรมการส่งเสริมการศึกษาเอกชน,-,59,57.63,49.41,38.98,26.95,28.81,45.29,48.09,26.92,38.42,28.00,50.85,36.23,42.37,38.85,31.64,27.05,45.76,33.56
2566,วัดกองทราย,สารภี,เล็ก,นอกเมือง,สำนักงานคณะกรรมการการศึกษาขั้นพื้นฐาน,สพป.เชียงใหม่ เขต 4,25,60.00,48.99,35.00,30.82,16.00,36.66,45.50,21.47,29.33,28.78,34.00,33.82,48.00,36.00,29.33,25.51,46.00,37.20
2566,วัดท่าต้นกวาว,สารภี,เล็ก,นอกเมือง,สำนักงานคณะกรรมการการศึกษาขั้นพื้นฐาน,สพป.เชียงใหม่ เขต 4,19,31.58,46.48,43.42,30.18,31.58,46.48,55.26,16.38,36.84,28.40,36.84,27.35,47.37,37.95,31.58,29.57,28.95,24.69
2566,วัดเทพาราม,สารภี,เล็ก,นอกเมือง,สำนักงานคณะกรรมการการศึกษาขั้นพื้นฐาน,สพป.เชียงใหม่ เขต 4,10,60.00,48.99,35.00,22.91,40.00,48.99,63.75,19.72,60.00,35.90,55.00,35.00,35.00,32.02,23.33,21.34,60.00,30.00
2566,วัดนันทาราม,สารภี,เล็ก,นอกเมือง,สำนักงานคณะกรรมการการศึกษาขั้นพื้นฐาน,สพป.เชียงใหม่ เขต 4,19,47.37,49.93,47.37,31.30,31.58,46.48,46.05,19.04,31.58,31.48,31.58,29.07,36.84,39.21,29.82,21.34,52.63,19.69
2566,วัดบวกครกเหนือ,สารภี,เล็ก,นอกเมือง,สำนักงานคณะกรรมการการศึกษาขั้นพื้นฐาน,สพป.เชียงใหม่ เขต 4,21,47.62,49.94,21.43,19.34,4.76,21.30,38.10,26.86,26.98,26.47,38.10,37.50,38.10,30.49,36.51,32.37,35.71,27.36
2566,วัดพญาชมภู,สารภี,เล็ก,นอกเมือง,สำนักงานคณะกรรมการการศึกษาขั้นพื้นฐาน,สพป.เชียงใหม่ เขต 4,12,41.67,49.30,25.00,35.36,8.33,27.64,47.92,18.98,33.33,23.57,66.67,37.27,50.00,28.87,25.00,24.06,54.17,24.65
2566,วัดพระนอนหนองผึ้ง,สารภี,เล็ก,นอกเมือง,สำนักงานคณะกรรมการการศึกษาขั้นพื้นฐาน,สพป.เชียงใหม่ เขต 4,33,60.61,48.86,39.39,30.17,12.12,32.64,48.86,23.51,30.30,27.66,42.42,32.85,33.33,34.08,26.26,22.86,48.48,26.07
2566,วัดแม่สะลาบ,สารภี,เล็ก,นอกเมือง,สำนักงานคณะกรรมการการศึกษาขั้นพื้นฐาน,สพป.เชียงใหม่ เขต 4,8,62.50,48.41,31.25,24.21,25.00,43.30,51.56,13.17,70.83,42.29,50.00,35.36,68.75,24.21,33.33,16.67,43.75,39.03
2566,วัดเวฬุวัน,สารภี,ใหญ่,นอกเมือง,สำนักงานคณะกรรมการการศึกษาขั้นพื้นฐาน,สพป.เชียงใหม่ เขต 4,98,62.24,48.48,48.47,34.22,16.33,36.96,52.42,26.41,47.62,29.74,51.02,35.70,51.53,33.85,39.12,28.98,49.49,33.88
2566,วัดศรีดอนชัย,สารภี,เล็ก,นอกเมือง,สำนักงานคณะกรรมการการศึกษาขั้นพื้นฐาน,สพป.เชียงใหม่ เขต 4,9,22.22,41.57,19.44,25.76,22.22,41.57,34.72,17.46,22.22,15.71,50.00,33.33,33.33,23.57,14.81,16.56,27.78,34.25
2566,วัดศรีโพธาราม,สารภี,เล็ก,นอกเมือง,สำนักงานคณะกรรมการการศึกษาขั้นพื้นฐาน,สพป.เชียงใหม่ เขต 4,9,88.89,31.43,38.89,31.43,33.33,47.14,50.00,22.82,40.74,34.35,22.22,34.25,66.67,40.82,22.22,15.71,33.33,33.33
2566,วัดสันดอนมูล,สารภี,เล็ก,นอกเมือง,สำนักงานคณะกรรมการการศึกษาขั้นพื้นฐาน,สพป.เชียงใหม่ เขต 4,8,12.50,33.07,37.50,33.07,37.50,48.41,40.63,16.24,41.67,22.05,43.75,29.97,37.50,33.07,45.83,23.20,25.00,25.00
2566,เวียงเศรษฐีวิทยา,สารภี,เล็ก,นอกเมือง,สำนักงานคณะกรรมการการศึกษาขั้นพื้นฐาน,สพป.เชียงใหม่ เขต 4,3,66.67,47.14,33.33,11.79,0.00,0.00,45.83,21.25,44.44,15.71,50.00,0.00,50.00,40.82,44.44,15.71,66.67,23.57
2566,ศูนย์การเรียนแห่งความหวังและอนาคต,สารภี,เล็ก,นอกเมือง,สำนักงานคณะกรรมการการศึกษาขั้นพื้นฐาน,สพป.เชียงใหม่ เขต 4,6,83.33,37.27,33.33,39.97,33.33,47.14,50.00,22.82,38.89,35.57,41.67,44.88,33.33,23.57,44.44,36.85,58.33,34.36
2566,สืบนทีธรรม,สารภี,กลาง,นอกเมือง,สำนักงานคณะกรรมการส่งเสริมการศึกษาเอกชน,-,7,42.86,49.49,39.29,18.21,28.57,45.18,35.71,26.24,28.57,27.77,42.86,31.94,21.43,36.42,28.57,21.30,28.57,24.74
2566,ต้นแก้วผดุงพิทยาลัย,หางดง,ใหญ่,นอกเมือง,กรมส่งเสริมการปกครองท้องถิ่น,ท้องถิ่นจังหวัดเชียงใหม่,118,53.39,49.88,35.81,29.91,20.34,40.25,44.92,21.85,31.92,26.89,38.56,30.82,40.68,32.51,28.81,26.72,42.80,32.73
2566,เทศบาลหนองตองวิทยา,หางดง,เล็ก,นอกเมือง,กรมส่งเสริมการปกครองท้องถิ่น,ท้องถิ่นจังหวัดเชียงใหม่,13,23.08,42.13,44.23,32.75,23.08,42.13,41.35,22.67,17.95,16.62,34.62,36.08,23.08,24.93,38.46,22.06,57.69,26.65
2566,เทศบาลหางดง (ประชาคมสร้างสรรค์),หางดง,ใหญ่,นอกเมือง,กรมส่งเสริมการปกครองท้องถิ่น,ท้องถิ่นจังหวัดเชียงใหม่,24,58.33,49.30,59.38,30.46,37.50,48.41,60.42,25.69,63.89,30.30,39.58,28.79,54.17,24.65,45.83,23.20,45.83,32.00
2566,นันทชาติ เกรด สคูล,หางดง,เล็ก,นอกเมือง,สำนักงานคณะกรรมการส่งเสริมการศึกษาเอกชน,-,2,50.00,50.00,50.00,0.00,0.00,0.00,87.50,12.50,83.33,16.67,50.00,50.00,75.00,25.00,16.67,16.67,75.00,25.00
2566,บ้านคุณแม่,หางดง,เล็ก,นอกเมือง,สำนักงานคณะกรรมการส่งเสริมการศึกษาเอกชน,-,13,38.46,48.65,48.08,30.16,15.38,36.08,66.35,16.54,28.21,22.06,53.85,36.49,53.85,36.49,25.64,23.22,69.23,36.89
2566,บ้านดง,หางดง,เล็ก,นอกเมือง,สำนักงานคณะกรรมการการศึกษาขั้นพื้นฐาน,สพป.เชียงใหม่ เขต 4,12,91.67,27.64,33.33,35.84,8.33,27.64,42.71,26.74,47.22,37.16,50.00,20.41,37.50,21.65,25.00,24.06,54.17,13.82
2566,บ้านตองกาย,หางดง,เล็ก,นอกเมือง,สำนักงานคณะกรรมการการศึกษาขั้นพื้นฐาน,สพป.เชียงใหม่ เขต 4,11,54.55,49.79,34.09,30.66,18.18,38.57,42.05,20.83,30.30,22.27,36.36,30.83,36.36,30.83,27.27,23.86,18.18,24.05
2566,บ้านทรายมูล,หางดง,กลาง,นอกเมือง,สำนักงานคณะกรรมการการศึกษาขั้นพื้นฐาน,สพป.เชียงใหม่ เขต 4,26,65.38,47.57,35.58,27.01,19.23,39.41,55.29,23.81,50.00,29.60,36.54,35.51,44.23,40.02,29.49,21.34,32.69,36.54
2566,บ้านท้าวบุญเรือง,หางดง,เล็ก,นอกเมือง,สำนักงานคณะกรรมการการศึกษาขั้นพื้นฐาน,สพป.เชียงใหม่ เขต 4,9,66.67,47.14,44.44,36.85,44.44,49.69,36.11,23.16,51.85,31.86,27.78,24.85,44.44,36.85,33.33,22.22,55.56,28.33
2566,บ้านน้ำแพร่,หางดง,เล็ก,นอกเมือง,สำนักงานคณะกรรมการการศึกษาขั้นพื้นฐาน,สพป.เชียงใหม่ เขต 4,17,47.06,49.91,48.53,27.75,23.53,42.42,47.06,15.18,50.98,25.86,35.29,22.78,55.88,29.12,25.49,26.88,64.71,33.28
2566,บ้านปง,หางดง,เล็ก,นอกเมือง,สำนักงานคณะกรรมการการศึกษาขั้นพื้นฐาน,สพป.เชียงใหม่ เขต 4,10,40.00,48.99,62.50,27.95,10.00,30.00,55.00,33.17,50.00,34.16,60.00,30.00,45.00,41.53,33.33,29.81,55.00,26.93
2566,บ้านป่าตาล,หางดง,เล็ก,นอกเมือง,สำนักงานคณะกรรมการการศึกษาขั้นพื้นฐาน,สพป.เชียงใหม่ เขต 4,17,76.47,42.42,57.35,23.89,17.65,38.12,50.00,30.01,37.25,34.07,50.00,29.70,61.76,27.28,27.45,17.09,44.12,29.12
2566,บ้านฟ่อน,หางดง,เล็ก,นอกเมือง,สำนักงานคณะกรรมการการศึกษาขั้นพื้นฐาน,สพป.เชียงใหม่ เขต 4,5,60.00,48.99,55.00,40.00,20.00,40.00,60.00,30.00,26.67,13.33,60.00,20.00,60.00,37.42,33.33,29.81,50.00,31.62
2566,บ้านไร่,หางดง,เล็ก,นอกเมือง,สำนักงานคณะกรรมการการศึกษาขั้นพื้นฐาน,สพป.เชียงใหม่ เขต 4,6,50.00,50.00,29.17,26.68,0.00,0.00,20.83,22.44,38.89,29.92,33.33,23.57,33.33,23.57,22.22,31.43,66.67,37.27
2566,บ้านวังศรี,หางดง,เล็ก,นอกเมือง,สำนักงานคณะกรรมการการศึกษาขั้นพื้นฐาน,สพป.เชียงใหม่ เขต 4,3,0.00,0.00,41.67,31.18,0.00,0.00,66.67,15.59,55.56,31.43,66.67,23.57,66.67,47.14,33.33,0.00,66.67,23.57
2566,บ้านสันทราย,หางดง,เล็ก,นอกเมือง,สำนักงานคณะกรรมการการศึกษาขั้นพื้นฐาน,สพป.เชียงใหม่ เขต 4,10,30.00,45.83,40.00,37.42,0.00,0.00,45.00,17.85,43.33,21.34,35.00,22.91,50.00,38.73,50.00,30.73,35.00,22.91
2566,บ้านสันป่าสัก,หางดง,กลาง,นอกเมือง,สำนักงานคณะกรรมการการศึกษาขั้นพื้นฐาน,สพป.เชียงใหม่ เขต 4,53,58.49,49.27,33.49,30.31,18.87,39.13,37.50,23.16,23.90,23.68,31.13,31.06,42.45,31.32,30.19,25.30,43.40,30.77
2566,บ้านสันผักหวาน,หางดง,เล็ก,นอกเมือง,สำนักงานคณะกรรมการการศึกษาขั้นพื้นฐาน,สพป.เชียงใหม่ เขต 4,14,64.29,47.92,42.86,30.51,28.57,45.18,50.89,20.30,28.57,24.74,46.43,22.87,60.71,38.63,33.33,17.82,39.29,27.89
2566,บ้านแสนตอ,หางดง,เล็ก,นอกเมือง,สำนักงานคณะกรรมการการศึกษาขั้นพื้นฐาน,สพป.เชียงใหม่ เขต 4,7,28.57,45.18,32.14,22.02,42.86,49.49,51.79,4.37,52.38,24.28,21.43,24.74,42.86,41.65,28.57,27.77,35.71,34.99
2566,พันธสัญญา,หางดง,เล็ก,นอกเมือง,สำนักงานคณะกรรมการส่งเสริมการศึกษาเอกชน,-,15,46.67,49.89,40.00,30.00,46.67,49.89,37.50,24.58,20.00,20.37,40.00,37.42,43.33,30.91,31.11,25.72,53.33,22.11
2566,ลักษณ์พงค์วิทยา,หางดง,เล็ก,นอกเมือง,สำนักงานคณะกรรมการส่งเสริมการศึกษาเอกชน,-,8,75.00,43.30,56.25,32.48,25.00,43.30,43.75,10.83,16.67,23.57,68.75,24.21,43.75,39.03,33.33,16.67,56.25,39.03
2566,วัดคีรีเขต,หางดง,เล็ก,นอกเมือง,สำนักงานคณะกรรมการการศึกษาขั้นพื้นฐาน,สพป.เชียงใหม่ เขต 4,5,80.00,40.00,60.00,33.91,40.00,48.99,50.00,20.92,20.00,16.33,20.00,24.49,20.00,24.49,26.67,24.94,20.00,24.49
2566,วัดจอมทอง,หางดง,เล็ก,นอกเมือง,สำนักงานคณะกรรมการการศึกษาขั้นพื้นฐาน,สพป.เชียงใหม่ เขต 4,13,38.46,48.65,42.31,34.51,15.38,36.08,43.27,30.47,69.23,27.62,42.31,33.09,50.00,27.74,28.21,28.78,30.77,31.25
2566,วัดช่างคำ,หางดง,เล็ก,นอกเมือง,สำนักงานคณะกรรมการการศึกษาขั้นพื้นฐาน,สพป.เชียงใหม่ เขต 4,9,22.22,41.57,33.33,33.33,11.11,31.43,47.22,24.85,29.63,24.57,22.22,24.85,44.44,36.85,18.52,22.83,27.78,34.25
2566,วัดประชาเกษม,หางดง,เล็ก,นอกเมือง,สำนักงานคณะกรรมการการศึกษาขั้นพื้นฐาน,สพป.เชียงใหม่ เขต 4,13,38.46,48.65,50.00,35.36,30.77,46.15,28.85,24.21,53.85,27.85,34.62,36.08,42.31,43.17,30.77,27.62,26.92,31.72
2566,วัดพระเจ้าเหลื้อม,หางดง,เล็ก,นอกเมือง,สำนักงานคณะกรรมการการศึกษาขั้นพื้นฐาน,สพป.เชียงใหม่ เขต 4,6,66.67,47.14,20.83,26.68,33.33,47.14,33.33,15.59,44.44,24.85,25.00,25.00,16.67,23.57,22.22,24.85,58.33,18.63
2566,วัดศรีล้อม,หางดง,เล็ก,นอกเมือง,สำนักงานคณะกรรมการการศึกษาขั้นพื้นฐาน,สพป.เชียงใหม่ เขต 4,4,75.00,43.30,50.00,35.36,25.00,43.30,40.63,20.49,25.00,27.64,50.00,0.00,37.50,41.46,25.00,14.43,62.50,21.65
2566,วัดศรีสว่าง,หางดง,เล็ก,นอกเมือง,สำนักงานคณะกรรมการการศึกษาขั้นพื้นฐาน,สพป.เชียงใหม่ เขต 4,4,50.00,50.00,43.75,36.98,0.00,0.00,37.50,12.50,41.67,27.64,50.00,35.36,50.00,35.36,33.33,40.82,50.00,35.36
2566,สาธิตนานาชาติทวิภาษาแห่งมหาวิทยาลัยรังสิต เชียงใหม่,หางดง,กลาง,นอกเมือง,สำนักงานคณะกรรมการส่งเสริมการศึกษาเอกชน,-,7,42.86,49.49,50.00,26.73,42.86,49.49,35.71,21.58,42.86,42.59,57.14,41.65,50.00,37.80,47.62,16.50,42.86,31.94
2566,ชุมชนบ้านใหม่,อมก๋อย,เล็ก,นอกเมือง,สำนักงานคณะกรรมการการศึกษาขั้นพื้นฐาน,สพป.เชียงใหม่ เขต 5,18,38.89,48.75,31.94,34.16,16.67,37.27,56.94,22.91,38.89,31.91,47.22,35.25,44.44,28.33,24.07,21.68,36.11,36.54
2566,ชุมชนบ้านอมก๋อย,อมก๋อย,กลาง,นอกเมือง,สำนักงานคณะกรรมการการศึกษาขั้นพื้นฐาน,สพป.เชียงใหม่ เขต 5,58,36.21,48.06,46.55,32.97,15.52,36.21,41.59,23.72,24.71,28.07,26.72,31.09,44.83,31.74,22.99,22.49,38.79,32.22
2566,ตชด.บางกอกเชฟแชร์ริตี้,อมก๋อย,เล็ก,นอกเมือง,กองบัญชาการตำรวจตระเวนชายแดน,-,12,16.67,37.27,43.75,34.04,25.00,43.30,27.08,16.80,19.44,21.34,33.33,23.57,16.67,23.57,22.22,20.79,12.50,21.65
2566,ตรีมิตรวิทยา,อมก๋อย,กลาง,นอกเมือง,สำนักงานคณะกรรมการการศึกษาขั้นพื้นฐาน,สพป.เชียงใหม่ เขต 5,8,50.00,50.00,28.13,29.15,12.50,33.07,48.44,26.10,54.17,37.03,31.25,34.80,43.75,46.35,20.83,23.20,43.75,29.97
2566,ท่านผู้หญิงประไพ ศิวะโกเศศ,อมก๋อย,เล็ก,นอกเมือง,กองบัญชาการตำรวจตระเวนชายแดน,-,12,8.33,27.64,43.75,29.09,25.00,43.30,38.54,15.69,30.56,25.31,29.17,24.65,29.17,32.00,25.00,14.43,33.33,31.18
2566,ทุ่งต้นงิ้ว,อมก๋อย,เล็ก,นอกเมือง,สำนักงานคณะกรรมการการศึกษาขั้นพื้นฐาน,สพป.เชียงใหม่ เขต 5,33,39.39,48.86,30.30,26.66,18.18,38.57,32.20,23.24,19.19,18.40,24.24,30.45,37.88,24.71,19.19,23.25,24.24,27.86
2566,บ้านขุนตื่น,อมก๋อย,เล็ก,นอกเมือง,สำนักงานคณะกรรมการการศึกษาขั้นพื้นฐาน,สพป.เชียงใหม่ เขต 5,12,8.33,27.64,22.92,21.55,33.33,47.14,38.54,20.06,13.89,16.43,25.00,32.27,16.67,31.18,19.44,21.34,16.67,23.57
2566,บ้านขุนแม่ตื่นน้อย,อมก๋อย,เล็ก,นอกเมือง,สำนักงานคณะกรรมการการศึกษาขั้นพื้นฐาน,สพป.เชียงใหม่ เขต 5,25,36.00,48.00,36.00,29.22,16.00,36.66,33.50,21.13,21.33,26.47,32.00,34.29,32.00,34.29,26.67,24.94,22.00,31.87
2566,บ้านซิแบร,อมก๋อย,เล็ก,นอกเมือง,สำนักงานคณะกรรมการการศึกษาขั้นพื้นฐาน,สพป.เชียงใหม่ เขต 5,28,32.14,46.70,26.79,24.02,17.86,38.30,29.46,18.36,21.43,23.93,14.29,22.59,28.57,31.13,26.19,18.60,33.93,32.88
2566,บ้านตุงติง,อมก๋อย,เล็ก,นอกเมือง,สำนักงานคณะกรรมการการศึกษาขั้นพื้นฐาน,สพป.เชียงใหม่ เขต 5,19,52.63,49.93,27.63,30.23,36.84,48.24,40.79,19.80,26.32,29.77,31.58,37.03,31.58,33.29,29.82,26.26,39.47,34.71
2566,บ้านตุงลอย,อมก๋อย,กลาง,นอกเมือง,สำนักงานคณะกรรมการการศึกษาขั้นพื้นฐาน,สพป.เชียงใหม่ เขต 5,25,68.00,46.65,29.00,28.00,16.00,36.66,42.50,24.75,30.67,28.16,20.00,28.28,26.00,32.00,24.00,20.04,36.00,26.53
2566,บ้านทุ่งจำเริง,อมก๋อย,เล็ก,นอกเมือง,สำนักงานคณะกรรมการการศึกษาขั้นพื้นฐาน,สพป.เชียงใหม่ เขต 5,3,0.00,0.00,50.00,35.36,33.33,47.14,20.83,15.59,22.22,31.43,0.00,0.00,66.67,23.57,22.22,15.71,33.33,23.57
2566,บ้านนาไคร้,อมก๋อย,เล็ก,นอกเมือง,สำนักงานคณะกรรมการการศึกษาขั้นพื้นฐาน,สพป.เชียงใหม่ เขต 5,15,33.33,47.14,20.00,24.49,13.33,33.99,35.83,22.30,26.67,30.31,16.67,23.57,40.00,32.66,20.00,23.73,26.67,35.90
2566,บ้านใบหนา,อมก๋อย,เล็ก,นอกเมือง,สำนักงานคณะกรรมการการศึกษาขั้นพื้นฐาน,สพป.เชียงใหม่ เขต 5,12,25.00,43.30,45.83,26.68,0.00,0.00,37.50,23.94,13.89,16.43,37.50,29.76,29.17,24.65,36.11,21.34,25.00,32.27
2566,บ้านผาปูน,อมก๋อย,เล็ก,นอกเมือง,สำนักงานคณะกรรมการการศึกษาขั้นพื้นฐาน,สพป.เชียงใหม่ เขต 5,30,26.67,44.22,37.50,27.20,13.33,33.99,44.17,21.10,37.78,30.71,28.33,33.37,31.67,27.34,14.44,16.52,31.67,27.34
2566,บ้านผีปานเหนือ,อมก๋อย,กลาง,นอกเมือง,สำนักงานคณะกรรมการการศึกษาขั้นพื้นฐาน,สพป.เชียงใหม่ เขต 5,14,42.86,49.49,35.71,44.03,28.57,45.18,38.39,21.37,14.29,20.76,32.14,30.51,32.14,30.51,23.81,23.33,32.14,30.51
2566,บ้านมูเซอ,อมก๋อย,กลาง,นอกเมือง,สำนักงานคณะกรรมการการศึกษาขั้นพื้นฐาน,สพป.เชียงใหม่ เขต 5,31,32.26,46.75,29.03,31.81,25.81,43.76,24.19,21.98,22.58,21.40,32.26,34.89,22.58,27.94,24.73,23.90,27.42,33.21
2566,บ้านแม่โขง,อมก๋อย,เล็ก,นอกเมือง,สำนักงานคณะกรรมการการศึกษาขั้นพื้นฐาน,สพป.เชียงใหม่ เขต 5,12,33.33,47.14,22.92,23.84,25.00,43.30,39.58,19.65,36.11,21.34,33.33,31.18,50.00,28.87,22.22,20.79,25.00,38.19
2566,บ้านแม่ต๋อม,อมก๋อย,กลาง,นอกเมือง,สำนักงานคณะกรรมการการศึกษาขั้นพื้นฐาน,สพป.เชียงใหม่ เขต 5,46,47.83,49.95,44.02,32.63,30.43,46.01,49.18,26.76,37.68,31.55,30.43,28.51,33.70,36.20,27.54,25.35,36.96,32.02
2566,บ้านแม่ตื่น,อมก๋อย,เล็ก,นอกเมือง,สำนักงานคณะกรรมการการศึกษาขั้นพื้นฐาน,สพป.เชียงใหม่ เขต 5,6,16.67,37.27,45.83,33.59,50.00,50.00,43.75,9.55,16.67,25.46,33.33,37.27,25.00,25.00,16.67,25.46,16.67,23.57
2566,บ้านแม่ลานหลวง,อมก๋อย,เล็ก,นอกเมือง,สำนักงานคณะกรรมการการศึกษาขั้นพื้นฐาน,สพป.เชียงใหม่ เขต 5,18,22.22,41.57,37.50,29.17,22.22,41.57,34.03,19.90,27.78,29.92,27.78,29.92,19.44,29.53,20.37,25.19,27.78,29.92
2566,บ้านแม่ลานหลวง สาขาบ้านดอยซาง,อมก๋อย,เล็ก,นอกเมือง,สำนักงานคณะกรรมการการศึกษาขั้นพื้นฐาน,สพป.เชียงใหม่ เขต 5,19,57.89,49.37,48.68,34.86,10.53,30.69,39.47,19.56,14.04,16.46,23.68,29.77,31.58,24.12,21.05,19.38,26.32,24.97
2566,บ้านแม่สะเต,อมก๋อย,เล็ก,นอกเมือง,สำนักงานคณะกรรมการการศึกษาขั้นพื้นฐาน,สพป.เชียงใหม่ เขต 5,11,54.55,49.79,13.64,19.55,36.36,48.10,27.27,19.08,21.21,21.43,27.27,32.78,36.36,30.83,9.09,20.55,31.82,24.05
2566,บ้านแม่หลองน้อย,อมก๋อย,เล็ก,นอกเมือง,สำนักงานคณะกรรมการการศึกษาขั้นพื้นฐาน,สพป.เชียงใหม่ เขต 5,23,21.74,41.25,28.26,30.67,13.04,33.68,45.65,19.01,33.33,34.05,34.78,27.33,34.78,37.40,15.94,21.69,36.96,39.61
2566,บ้านแม่อ่างขาง,อมก๋อย,เล็ก,นอกเมือง,สำนักงานคณะกรรมการการศึกษาขั้นพื้นฐาน,สพป.เชียงใหม่ เขต 5,27,22.22,41.57,33.33,28.87,33.33,47.14,31.94,16.43,16.05,21.02,12.96,21.91,20.37,34.05,20.99,20.58,33.33,30.43
2566,บ้านยางแก้ว,อมก๋อย,เล็ก,นอกเมือง,สำนักงานคณะกรรมการการศึกษาขั้นพื้นฐาน,สพป.เชียงใหม่ เขต 5,19,63.16,48.24,26.32,22.17,31.58,46.48,30.92,16.90,28.07,27.07,28.95,33.70,36.84,35.70,35.09,27.52,31.58,37.03
2566,บ้านยางครก,อมก๋อย,เล็ก,นอกเมือง,สำนักงานคณะกรรมการการศึกษาขั้นพื้นฐาน,สพป.เชียงใหม่ เขต 5,11,18.18,38.57,38.64,35.93,18.18,38.57,29.55,16.23,24.24,20.55,22.73,24.90,27.27,24.90,24.24,24.99,27.27,24.90
2566,บ้านยางเปา,อมก๋อย,กลาง,นอกเมือง,สำนักงานคณะกรรมการการศึกษาขั้นพื้นฐาน,สพป.เชียงใหม่ เขต 5,20,30.00,45.83,36.25,29.02,10.00,30.00,33.13,29.65,31.67,32.45,40.00,40.62,17.50,28.61,31.67,22.30,37.50,26.81
2566,บ้านยางเปียง,อมก๋อย,เล็ก,นอกเมือง,สำนักงานคณะกรรมการการศึกษาขั้นพื้นฐาน,สพป.เชียงใหม่ เขต 5,9,11.11,31.43,44.44,22.91,0.00,0.00,37.50,13.18,25.93,26.19,27.78,34.25,27.78,34.25,33.33,27.22,38.89,31.43
2566,บ้านสบลาน,อมก๋อย,กลาง,นอกเมือง,สำนักงานคณะกรรมการการศึกษาขั้นพื้นฐาน,สพป.เชียงใหม่ เขต 5,17,11.76,32.22,33.82,24.16,29.41,45.56,32.35,22.71,27.45,23.53,35.29,28.52,26.47,34.80,29.41,25.26,35.29,37.44
2566,บ้านหลวง,อมก๋อย,เล็ก,นอกเมือง,สำนักงานคณะกรรมการการศึกษาขั้นพื้นฐาน,สพป.เชียงใหม่ เขต 5,17,70.59,45.56,25.00,28.44,29.41,45.56,42.65,17.71,33.33,28.01,32.35,29.41,44.12,33.79,33.33,28.01,44.12,29.12
2566,บ้านห้วยโค้ง,อมก๋อย,กลาง,นอกเมือง,สำนักงานคณะกรรมการการศึกษาขั้นพื้นฐาน,สพป.เชียงใหม่ เขต 5,27,25.93,43.82,41.67,34.69,14.81,35.52,32.41,22.38,22.22,25.66,20.37,28.08,29.63,31.21,24.69,19.44,27.78,34.25
2566,บ้านห้วยน้ำขาว,อมก๋อย,กลาง,นอกเมือง,สำนักงานคณะกรรมการการศึกษาขั้นพื้นฐาน,สพป.เชียงใหม่ เขต 5,11,27.27,44.54,36.36,32.62,27.27,44.54,40.91,26.16,33.33,31.78,27.27,24.90,27.27,32.78,36.36,26.42,31.82,32.14
2566,บ้านห้วยไม้หก,อมก๋อย,เล็ก,นอกเมือง,สำนักงานคณะกรรมการการศึกษาขั้นพื้นฐาน,สพป.เชียงใหม่ เขต 5,12,25.00,43.30,25.00,25.00,33.33,47.14,47.92,17.55,22.22,24.85,33.33,31.18,37.50,29.76,38.89,26.64,41.67,27.64
2566,บ้านห้วยหล่อดูก,อมก๋อย,เล็ก,นอกเมือง,สำนักงานคณะกรรมการการศึกษาขั้นพื้นฐาน,สพป.เชียงใหม่ เขต 5,14,57.14,49.49,33.93,29.29,14.29,34.99,30.36,16.17,19.05,24.28,42.86,31.94,25.00,25.00,30.95,32.03,46.43,39.93
2566,บ้านห่างหลวง,อมก๋อย,เล็ก,นอกเมือง,สำนักงานคณะกรรมการการศึกษาขั้นพื้นฐาน,สพป.เชียงใหม่ เขต 5,8,25.00,43.30,50.00,33.07,12.50,33.07,34.38,16.24,33.33,28.87,31.25,34.80,31.25,34.80,29.17,26.02,18.75,24.21
2566,บ้านอูตูม,อมก๋อย,กลาง,นอกเมือง,สำนักงานคณะกรรมการการศึกษาขั้นพื้นฐาน,สพป.เชียงใหม่ เขต 5,35,20.00,40.00,59.29,35.90,22.86,41.99,31.79,24.70,24.76,23.02,24.29,24.99,24.29,30.17,20.95,24.02,34.29,35.40
2566,รางวัลอินทิราคานธี,อมก๋อย,เล็ก,นอกเมือง,กองบัญชาการตำรวจตระเวนชายแดน,-,5,20.00,40.00,20.00,18.71,0.00,0.00,30.00,20.31,13.33,26.67,10.00,20.00,0.00,0.00,40.00,24.94,10.00,20.00
2566,ชุมชนบ้านท่าข้าม,ฮอด,กลาง,นอกเมือง,สำนักงานคณะกรรมการการศึกษาขั้นพื้นฐาน,สพป.เชียงใหม่ เขต 5,76,48.68,49.98,29.61,30.54,22.37,41.67,39.64,20.52,22.81,26.61,37.50,35.47,35.53,32.26,28.51,25.19,38.16,32.31
2566,ชุมชนบ้านแม่ทัง,ฮอด,เล็ก,นอกเมือง,สำนักงานคณะกรรมการการศึกษาขั้นพื้นฐาน,สพป.เชียงใหม่ เขต 5,7,28.57,45.18,50.00,35.36,28.57,45.18,35.71,22.59,42.86,23.33,35.71,22.59,21.43,24.74,28.57,21.30,50.00,26.73
2566,บ้านกองลอย,ฮอด,กลาง,นอกเมือง,สำนักงานคณะกรรมการการศึกษาขั้นพื้นฐาน,สพป.เชียงใหม่ เขต 5,23,47.83,49.95,33.70,30.94,26.09,43.91,35.33,25.18,49.28,33.86,36.96,33.68,36.96,33.68,34.78,31.82,26.09,32.54
2566,บ้านกองหิน,ฮอด,เล็ก,นอกเมือง,สำนักงานคณะกรรมการการศึกษาขั้นพื้นฐาน,สพป.เชียงใหม่ เขต 5,3,33.33,47.14,33.33,47.14,0.00,0.00,33.33,31.18,66.67,0.00,33.33,23.57,16.67,23.57,44.44,15.71,83.33,23.57
2566,บ้านกิ่วลม,ฮอด,เล็ก,นอกเมือง,สำนักงานคณะกรรมการการศึกษาขั้นพื้นฐาน,สพป.เชียงใหม่ เขต 5,4,0.00,0.00,18.75,10.83,50.00,50.00,46.88,28.47,25.00,27.64,37.50,21.65,50.00,0.00,16.67,16.67,62.50,21.65
2566,บ้านขุน,ฮอด,เล็ก,นอกเมือง,สำนักงานคณะกรรมการการศึกษาขั้นพื้นฐาน,สพป.เชียงใหม่ เขต 5,13,46.15,49.85,40.38,28.65,30.77,46.15,41.35,16.54,48.72,36.08,38.46,34.83,42.31,38.46,46.15,27.85,26.92,31.72
2566,บ้านแควมะกอก,ฮอด,กลาง,นอกเมือง,สำนักงานคณะกรรมการการศึกษาขั้นพื้นฐาน,สพป.เชียงใหม่ เขต 5,9,88.89,31.43,38.89,26.64,33.33,47.14,43.06,25.08,14.81,22.83,38.89,31.43,33.33,23.57,25.93,20.95,38.89,31.43
2566,บ้านโค้งงาม,ฮอด,เล็ก,นอกเมือง,สำนักงานคณะกรรมการการศึกษาขั้นพื้นฐาน,สพป.เชียงใหม่ เขต 5,1,100.00,0.00,75.00,0.00,0.00,0.00,12.50,0.00,100.00,0.00,0.00,0.00,0.00,0.00,0.00,0.00,50.00,0.00
2566,บ้านดงดำ,ฮอด,เล็ก,นอกเมือง,สำนักงานคณะกรรมการการศึกษาขั้นพื้นฐาน,สพป.เชียงใหม่ เขต 5,4,50.00,50.00,18.75,20.73,25.00,43.30,50.00,8.84,33.33,23.57,62.50,21.65,62.50,41.46,41.67,27.64,50.00,0.00
2566,บ้านดอกแดง,ฮอด,เล็ก,นอกเมือง,สำนักงานคณะกรรมการการศึกษาขั้นพื้นฐาน,สพป.เชียงใหม่ เขต 5,2,0.00,0.00,50.00,0.00,0.00,0.00,18.75,18.75,33.33,33.33,25.00,25.00,25.00,25.00,16.67,16.67,25.00,25.00
2566,บ้านดอยคำ,ฮอด,เล็ก,นอกเมือง,สำนักงานคณะกรรมการการศึกษาขั้นพื้นฐาน,สพป.เชียงใหม่ เขต 5,11,54.55,49.79,40.91,32.46,18.18,38.57,37.50,21.32,48.48,26.07,36.36,30.83,45.45,33.40,33.33,14.21,31.82,24.05
2566,บ้านเด่นวิทยา,ฮอด,เล็ก,นอกเมือง,สำนักงานคณะกรรมการการศึกษาขั้นพื้นฐาน,สพป.เชียงใหม่ เขต 5,8,25.00,43.30,65.63,32.92,37.50,48.41,42.19,24.16,12.50,16.14,6.25,16.54,37.50,41.46,29.17,26.02,25.00,25.00
2566,บ้านตาลใต้,ฮอด,เล็ก,นอกเมือง,สำนักงานคณะกรรมการการศึกษาขั้นพื้นฐาน,สพป.เชียงใหม่ เขต 5,1,0.00,0.00,75.00,0.00,0.00,0.00,12.50,0.00,0.00,0.00,0.00,0.00,50.00,0.00,33.33,0.00,0.00,0.00
2566,บ้านตาลเหนือ,ฮอด,เล็ก,นอกเมือง,สำนักงานคณะกรรมการการศึกษาขั้นพื้นฐาน,สพป.เชียงใหม่ เขต 5,21,42.86,49.49,58.33,28.17,28.57,45.18,48.81,22.46,25.40,25.00,35.71,34.99,33.33,28.17,25.40,27.03,42.86,31.94
2566,บ้านตีนตก,ฮอด,เล็ก,นอกเมือง,สำนักงานคณะกรรมการการศึกษาขั้นพื้นฐาน,สพป.เชียงใหม่ เขต 5,4,0.00,0.00,43.75,36.98,50.00,50.00,40.63,24.00,16.67,16.67,0.00,0.00,25.00,25.00,25.00,14.43,25.00,25.00
2566,บ้านเตียนอาง,ฮอด,เล็ก,นอกเมือง,สำนักงานคณะกรรมการการศึกษาขั้นพื้นฐาน,สพป.เชียงใหม่ เขต 5,11,18.18,38.57,59.09,41.66,27.27,44.54,39.77,24.32,30.30,22.27,31.82,32.14,54.55,33.40,15.15,21.85,45.45,39.63
2566,บ้านทุ่ง,ฮอด,เล็ก,นอกเมือง,สำนักงานคณะกรรมการการศึกษาขั้นพื้นฐาน,สพป.เชียงใหม่ เขต 5,5,20.00,40.00,55.00,45.83,0.00,0.00,75.00,17.68,33.33,21.08,40.00,20.00,30.00,24.49,0.00,0.00,60.00,20.00
2566,บ้านทุ่งโป่ง,ฮอด,เล็ก,นอกเมือง,สำนักงานคณะกรรมการการศึกษาขั้นพื้นฐาน,สพป.เชียงใหม่ เขต 5,7,57.14,49.49,67.86,25.75,42.86,49.49,55.36,26.61,33.33,25.20,71.43,24.74,42.86,31.94,14.29,16.50,71.43,24.74
2566,บ้านนาคอเรือ,ฮอด,เล็ก,นอกเมือง,สำนักงานคณะกรรมการการศึกษาขั้นพื้นฐาน,สพป.เชียงใหม่ เขต 5,11,63.64,48.10,47.73,43.24,27.27,44.54,44.32,26.31,51.52,32.92,54.55,33.40,40.91,28.75,45.45,21.43,45.45,39.63
2566,บ้านนาฟ่อน,ฮอด,เล็ก,นอกเมือง,สำนักงานคณะกรรมการการศึกษาขั้นพื้นฐาน,สพป.เชียงใหม่ เขต 5,21,28.57,45.18,33.33,27.09,28.57,45.18,26.79,22.59,23.81,23.33,23.81,29.35,52.38,28.77,23.81,18.24,28.57,29.16
2566,บ้านบ่อสลี,ฮอด,เล็ก,นอกเมือง,สำนักงานคณะกรรมการการศึกษาขั้นพื้นฐาน,สพป.เชียงใหม่ เขต 5,12,66.67,47.14,52.08,36.02,25.00,43.30,47.92,29.24,22.22,20.79,29.17,32.00,50.00,35.36,41.67,19.84,33.33,31.18
2566,บ้านบ่อหลวง,ฮอด,กลาง,นอกเมือง,สำนักงานคณะกรรมการการศึกษาขั้นพื้นฐาน,สพป.เชียงใหม่ เขต 5,26,42.31,49.40,43.27,24.57,34.62,47.57,36.06,21.18,39.74,32.05,48.08,32.47,36.54,35.51,29.49,23.25,40.38,36.74
2566,บ้านผาแตน,ฮอด,เล็ก,นอกเมือง,สำนักงานคณะกรรมการการศึกษาขั้นพื้นฐาน,สพป.เชียงใหม่ เขต 5,5,20.00,40.00,65.00,25.50,0.00,0.00,30.00,16.96,33.33,29.81,60.00,37.42,60.00,20.00,33.33,21.08,50.00,31.62
2566,บ้านพุย,ฮอด,เล็ก,นอกเมือง,สำนักงานคณะกรรมการการศึกษาขั้นพื้นฐาน,สพป.เชียงใหม่ เขต 5,15,60.00,48.99,25.00,24.15,26.67,44.22,45.00,29.51,26.67,32.66,30.00,30.55,26.67,30.91,28.89,29.48,33.33,29.81
2566,บ้านแม่งูด,ฮอด,เล็ก,นอกเมือง,สำนักงานคณะกรรมการการศึกษาขั้นพื้นฐาน,สพป.เชียงใหม่ เขต 5,7,57.14,49.49,39.29,41.95,42.86,49.49,53.57,33.22,38.10,27.77,50.00,26.73,42.86,31.94,33.33,17.82,50.00,26.73
2566,บ้านแม่ลอง,ฮอด,เล็ก,นอกเมือง,สำนักงานคณะกรรมการการศึกษาขั้นพื้นฐาน,สพป.เชียงใหม่ เขต 5,15,53.33,49.89,43.33,26.56,13.33,33.99,61.67,27.94,53.33,29.31,60.00,32.66,56.67,30.91,40.00,24.94,53.33,22.11
2566,บ้านแม่ลาย,ฮอด,เล็ก,นอกเมือง,สำนักงานคณะกรรมการการศึกษาขั้นพื้นฐาน,สพป.เชียงใหม่ เขต 5,11,54.55,49.79,50.00,30.15,27.27,44.54,44.32,22.21,36.36,30.00,40.91,28.75,59.09,19.28,27.27,23.86,36.36,37.48
2566,บ้านแม่ลายเหนือ,ฮอด,เล็ก,นอกเมือง,สำนักงานคณะกรรมการการศึกษาขั้นพื้นฐาน,สพป.เชียงใหม่ เขต 5,17,58.82,49.22,27.94,26.96,41.18,49.22,33.82,26.35,45.10,30.12,29.41,38.57,32.35,38.12,27.45,28.55,32.35,34.05
2566,บ้านแม่สะนาม,ฮอด,เล็ก,นอกเมือง,สำนักงานคณะกรรมการการศึกษาขั้นพื้นฐาน,สพป.เชียงใหม่ เขต 5,6,66.67,47.14,33.33,27.64,16.67,37.27,27.08,24.38,16.67,25.46,50.00,28.87,33.33,37.27,33.33,19.25,25.00,25.00
2566,บ้านแม่อมลอง,ฮอด,เล็ก,นอกเมือง,สำนักงานคณะกรรมการการศึกษาขั้นพื้นฐาน,สพป.เชียงใหม่ เขต 5,7,42.86,49.49,35.71,37.46,42.86,49.49,35.71,27.08,19.05,24.28,14.29,22.59,50.00,26.73,14.29,16.50,28.57,24.74
2566,บ้านวังกอง,ฮอด,เล็ก,นอกเมือง,สำนักงานคณะกรรมการการศึกษาขั้นพื้นฐาน,สพป.เชียงใหม่ เขต 5,11,36.36,48.10,36.36,22.27,18.18,38.57,46.59,22.03,30.30,22.27,50.00,36.93,40.91,35.79,27.27,27.77,45.45,25.71
2566,บ้านวังลุง,ฮอด,เล็ก,นอกเมือง,สำนักงานคณะกรรมการการศึกษาขั้นพื้นฐาน,สพป.เชียงใหม่ เขต 5,13,30.77,46.15,36.54,42.31,38.46,48.65,30.77,11.62,15.38,16.62,23.08,31.72,38.46,34.83,23.08,24.05,26.92,24.93
2566,บ้านหางดง,ฮอด,เล็ก,นอกเมือง,สำนักงานคณะกรรมการการศึกษาขั้นพื้นฐาน,สพป.เชียงใหม่ เขต 5,6,50.00,50.00,70.83,26.68,33.33,47.14,31.25,17.31,27.78,22.91,66.67,37.27,41.67,34.36,38.89,22.91,50.00,28.87
2566,ฟ้าใส,ฮอด,เล็ก,นอกเมือง,สำนักงานคณะกรรมการส่งเสริมการศึกษาเอกชน,-,5,40.00,48.99,65.00,25.50,40.00,48.99,65.00,14.58,40.00,24.94,70.00,24.49,30.00,40.00,46.67,26.67,60.00,20.00
2566,แม่โถวิทยาคม,ฮอด,กลาง,นอกเมือง,สำนักงานคณะกรรมการการศึกษาขั้นพื้นฐาน,สพป.เชียงใหม่ เขต 5,47,31.91,46.61,40.96,31.97,29.79,45.73,27.93,18.27,26.95,23.46,28.72,32.20,37.23,33.37,24.11,24.51,30.85,31.88
2565,บ้านขุนแม่รวม,กัลยาณิวัฒนา,เล็ก,นอกเมือง,สำนักงานคณะกรรมการการศึกษาขั้นพื้นฐาน,สพป.เชียงใหม่ เขต 6,15,20.00,40.00,28.33,31.45,13.33,33.99,33.33,25.28,31.11,25.72,30.00,30.55,23.33,24.94,37.78,23.93,30.00,35.59
2565,บ้านจันทร์,กัลยาณิวัฒนา,เล็ก,นอกเมือง,สำนักงานคณะกรรมการการศึกษาขั้นพื้นฐาน,สพป.เชียงใหม่ เขต 6,12,33.33,47.14,33.33,23.57,41.67,49.30,43.75,24.74,41.67,24.06,33.33,23.57,45.83,24.65,44.44,28.33,25.00,32.27
2565,บ้านจันทร์ สาขาแจ่มน้อย,กัลยาณิวัฒนา,เล็ก,นอกเมือง,สำนักงานคณะกรรมการการศึกษาขั้นพื้นฐาน,สพป.เชียงใหม่ เขต 6,5,20.00,40.00,20.00,18.71,20.00,40.00,45.00,32.21,20.00,16.33,20.00,24.49,10.00,20.00,60.00,24.94,0.00,0.00
2565,บ้านแม่แดดน้อย,กัลยาณิวัฒนา,เล็ก,นอกเมือง,สำนักงานคณะกรรมการการศึกษาขั้นพื้นฐาน,สพป.เชียงใหม่ เขต 6,3,33.33,47.14,0.00,0.00,0.00,0.00,50.00,20.41,22.22,15.71,33.33,23.57,50.00,0.00,55.56,41.57,16.67,23.57
2565,บ้านแม่แดดน้อย สาขาบ้านดงสามหมื่น,กัลยาณิวัฒนา,เล็ก,นอกเมือง,สำนักงานคณะกรรมการการศึกษาขั้นพื้นฐาน,สพป.เชียงใหม่ เขต 6,5,20.00,40.00,45.00,40.00,0.00,0.00,30.00,18.71,13.33,16.33,20.00,24.49,60.00,37.42,73.33,24.94,30.00,24.49
2565,บ้านแม่ตะละ,กัลยาณิวัฒนา,เล็ก,นอกเมือง,สำนักงานคณะกรรมการการศึกษาขั้นพื้นฐาน,สพป.เชียงใหม่ เขต 6,4,0.00,0.00,37.50,12.50,25.00,43.30,34.38,10.36,16.67,16.67,37.50,21.65,62.50,21.65,41.67,14.43,12.50,21.65
2565,บ้านแม่ตะละเหนือ,กัลยาณิวัฒนา,เล็ก,นอกเมือง,สำนักงานคณะกรรมการการศึกษาขั้นพื้นฐาน,สพป.เชียงใหม่ เขต 6,3,33.33,47.14,41.67,11.79,100.00,0.00,29.17,32.81,33.33,0.00,0.00,0.00,33.33,23.57,33.33,27.22,16.67,23.57
2565,บ้านห้วยยา,กัลยาณิวัฒนา,เล็ก,นอกเมือง,สำนักงานคณะกรรมการการศึกษาขั้นพื้นฐาน,สพป.เชียงใหม่ เขต 6,9,33.33,47.14,16.67,20.41,33.33,47.14,38.89,13.75,33.33,27.22,27.78,24.85,44.44,36.85,59.26,26.19,16.67,23.57
2565,สามัคคีสันม่วง,กัลยาณิวัฒนา,เล็ก,นอกเมือง,สำนักงานคณะกรรมการการศึกษาขั้นพื้นฐาน,สพป.เชียงใหม่ เขต 6,22,18.18,38.57,29.55,35.06,9.09,28.75,42.05,18.67,33.33,24.62,20.45,32.54,50.00,26.11,31.82,25.58,20.45,28.84
2565,ณัทชวิทย์,จอมทอง,เล็ก,นอกเมือง,สำนักงานคณะกรรมการส่งเสริมการศึกษาเอกชน,-,25,60.00,48.99,42.00,31.40,32.00,46.65,63.00,27.27,38.67,29.33,46.00,34.41,62.00,29.26,69.33,24.80,42.00,39.19
2565,เทศบาลจอมทอง ๑ (ชุมชนบ้านข่วงเปาเหนือ),จอมทอง,เล็ก,นอกเมือง,กรมส่งเสริมการปกครองท้องถิ่น,ท้องถิ่นจังหวัดเชียงใหม่,26,42.31,49.40,35.58,34.79,26.92,44.36,50.48,20.65,24.36,27.04,17.31,27.53,51.92,25.87,50.00,32.36,32.69,33.80
2565,ไทยรัฐวิทยา 79 (บ้านหนองอาบช้าง),จอมทอง,เล็ก,นอกเมือง,สำนักงานคณะกรรมการการศึกษาขั้นพื้นฐาน,สพป.เชียงใหม่ เขต 6,12,16.67,37.27,45.83,41.87,16.67,37.27,41.67,29.46,27.78,26.64,20.83,24.65,62.50,21.65,44.44,28.33,33.33,23.57
2565,นิยมไพรผาหมอนอินทนนท์,จอมทอง,เล็ก,นอกเมือง,สำนักงานคณะกรรมการการศึกษาขั้นพื้นฐาน,สพป.เชียงใหม่ เขต 6,19,42.11,49.37,39.47,28.46,47.37,49.93,32.24,20.80,28.07,29.15,34.21,32.66,44.74,35.89,61.40,27.07,13.16,27.35
2565,บ้านข่วงเปาใต้,จอมทอง,เล็ก,นอกเมือง,สำนักงานคณะกรรมการการศึกษาขั้นพื้นฐาน,สพป.เชียงใหม่ เขต 6,5,20.00,40.00,60.00,20.00,0.00,0.00,42.50,18.71,13.33,16.33,30.00,40.00,50.00,0.00,46.67,26.67,10.00,20.00
2565,บ้านขุนกลาง,จอมทอง,กลาง,นอกเมือง,สำนักงานคณะกรรมการการศึกษาขั้นพื้นฐาน,สพป.เชียงใหม่ เขต 6,32,12.50,33.07,31.25,31.87,0.00,0.00,42.97,22.08,21.88,24.45,26.56,33.03,40.63,34.09,39.58,29.39,26.56,30.58
2565,บ้านขุนกลาง สาขาแม่ยะน้อย,จอมทอง,เล็ก,นอกเมือง,สำนักงานคณะกรรมการการศึกษาขั้นพื้นฐาน,สพป.เชียงใหม่ เขต 6,4,25.00,43.30,12.50,21.65,0.00,0.00,21.88,25.58,8.33,14.43,37.50,41.46,25.00,25.00,25.00,27.64,12.50,21.65
2565,บ้านขุนแตะ,จอมทอง,เล็ก,นอกเมือง,สำนักงานคณะกรรมการการศึกษาขั้นพื้นฐาน,สพป.เชียงใหม่ เขต 6,15,33.33,47.14,40.00,28.58,26.67,44.22,38.33,25.60,44.44,26.29,33.33,34.96,53.33,28.67,44.44,23.31,36.67,33.99
2565,บ้านขุนยะ,จอมทอง,เล็ก,นอกเมือง,สำนักงานคณะกรรมการการศึกษาขั้นพื้นฐาน,สพป.เชียงใหม่ เขต 6,7,14.29,34.99,32.14,17.50,71.43,45.18,50.00,18.90,33.33,25.20,21.43,24.74,42.86,17.50,38.10,27.77,35.71,34.99
2565,บ้านท่าข้าม,จอมทอง,เล็ก,นอกเมือง,สำนักงานคณะกรรมการการศึกษาขั้นพื้นฐาน,สพป.เชียงใหม่ เขต 6,7,0.00,0.00,28.57,20.82,0.00,0.00,42.86,23.01,23.81,29.35,42.86,31.94,50.00,0.00,52.38,34.99,42.86,41.65
2565,บ้านท่าหลุก,จอมทอง,เล็ก,นอกเมือง,สำนักงานคณะกรรมการการศึกษาขั้นพื้นฐาน,สพป.เชียงใหม่ เขต 6,3,0.00,0.00,50.00,0.00,0.00,0.00,29.17,15.59,22.22,15.71,0.00,0.00,33.33,23.57,55.56,15.71,33.33,23.57
2565,บ้านน้ำตกแม่กลาง,จอมทอง,เล็ก,นอกเมือง,สำนักงานคณะกรรมการการศึกษาขั้นพื้นฐาน,สพป.เชียงใหม่ เขต 6,9,11.11,31.43,36.11,29.13,44.44,49.69,31.94,25.76,22.22,22.22,38.89,39.28,50.00,23.57,37.04,36.66,33.33,33.33
2565,บ้านบนนา,จอมทอง,เล็ก,นอกเมือง,สำนักงานคณะกรรมการการศึกษาขั้นพื้นฐาน,สพป.เชียงใหม่ เขต 6,15,33.33,47.14,35.00,35.12,20.00,40.00,26.67,20.85,28.89,31.89,16.67,23.57,40.00,37.42,42.22,35.42,23.33,24.94
2565,บ้านปากทางท่าลี่,จอมทอง,เล็ก,นอกเมือง,สำนักงานคณะกรรมการการศึกษาขั้นพื้นฐาน,สพป.เชียงใหม่ เขต 6,7,57.14,49.49,60.71,18.21,85.71,34.99,46.43,17.31,23.81,23.33,57.14,31.94,42.86,31.94,57.14,29.35,0.00,0.00
2565,บ้านเมืองกลาง,จอมทอง,เล็ก,นอกเมือง,สำนักงานคณะกรรมการการศึกษาขั้นพื้นฐาน,สพป.เชียงใหม่ เขต 6,6,16.67,37.27,25.00,25.00,33.33,47.14,56.25,20.09,33.33,19.25,16.67,23.57,50.00,28.87,61.11,12.42,16.67,23.57
2565,บ้านเมืองอาง,จอมทอง,เล็ก,นอกเมือง,สำนักงานคณะกรรมการการศึกษาขั้นพื้นฐาน,สพป.เชียงใหม่ เขต 6,4,50.00,50.00,31.25,27.24,0.00,0.00,21.88,18.49,50.00,16.67,0.00,0.00,25.00,25.00,41.67,27.64,25.00,25.00
2565,บ้านแม่ปอน,จอมทอง,เล็ก,นอกเมือง,สำนักงานคณะกรรมการการศึกษาขั้นพื้นฐาน,สพป.เชียงใหม่ เขต 6,10,30.00,45.83,35.00,30.00,50.00,50.00,48.75,13.05,43.33,33.50,45.00,35.00,60.00,20.00,36.67,23.33,30.00,33.17
2565,บ้านแม่สอย,จอมทอง,เล็ก,นอกเมือง,สำนักงานคณะกรรมการการศึกษาขั้นพื้นฐาน,สพป.เชียงใหม่ เขต 6,12,8.33,27.64,41.67,34.36,25.00,43.30,70.83,16.40,22.22,31.43,45.83,43.10,54.17,24.65,58.33,33.68,29.17,32.00
2565,บ้านโรงวัว,จอมทอง,เล็ก,นอกเมือง,สำนักงานคณะกรรมการการศึกษาขั้นพื้นฐาน,สพป.เชียงใหม่ เขต 6,11,0.00,0.00,25.00,28.20,18.18,38.57,54.55,23.40,24.24,20.55,40.91,28.75,40.91,28.75,45.45,25.71,27.27,24.90
2565,บ้านสบเตี๊ยะ,จอมทอง,กลาง,นอกเมือง,สำนักงานคณะกรรมการการศึกษาขั้นพื้นฐาน,สพป.เชียงใหม่ เขต 6,7,28.57,45.18,28.57,24.74,14.29,34.99,35.71,31.64,9.52,15.06,28.57,36.42,28.57,36.42,38.10,21.30,21.43,24.74
2565,บ้านสบแปะ,จอมทอง,เล็ก,นอกเมือง,สำนักงานคณะกรรมการการศึกษาขั้นพื้นฐาน,สพป.เชียงใหม่ เขต 6,9,11.11,31.43,36.11,33.56,44.44,49.69,34.72,24.85,18.52,27.72,38.89,31.43,38.89,20.79,48.15,44.75,5.56,15.71
2565,บ้านหนองคัน,จอมทอง,เล็ก,นอกเมือง,สำนักงานคณะกรรมการการศึกษาขั้นพื้นฐาน,สพป.เชียงใหม่ เขต 6,4,25.00,43.30,43.75,27.24,0.00,0.00,59.38,16.24,16.67,28.87,25.00,43.30,50.00,35.36,41.67,14.43,37.50,21.65
2565,บ้านห้วยทราย,จอมทอง,เล็ก,นอกเมือง,สำนักงานคณะกรรมการการศึกษาขั้นพื้นฐาน,สพป.เชียงใหม่ เขต 6,3,33.33,47.14,50.00,40.82,66.67,47.14,58.33,21.25,11.11,15.71,33.33,23.57,33.33,23.57,77.78,15.71,50.00,40.82
2565,บ้านห้วยน้ำดิบ,จอมทอง,เล็ก,นอกเมือง,สำนักงานคณะกรรมการการศึกษาขั้นพื้นฐาน,สพป.เชียงใหม่ เขต 6,6,33.33,47.14,20.83,22.44,16.67,37.27,43.75,20.09,22.22,24.85,33.33,37.27,25.00,38.19,33.33,27.22,41.67,34.36
2565,บ้านห้วยม่วง,จอมทอง,เล็ก,นอกเมือง,สำนักงานคณะกรรมการการศึกษาขั้นพื้นฐาน,สพป.เชียงใหม่ เขต 6,7,57.14,49.49,32.14,34.63,71.43,45.18,51.79,29.45,33.33,25.20,42.86,31.94,50.00,37.80,47.62,24.28,50.00,26.73
2565,บ้านห้วยม่วงฝั่งซ้าย,จอมทอง,เล็ก,นอกเมือง,สำนักงานคณะกรรมการการศึกษาขั้นพื้นฐาน,สพป.เชียงใหม่ เขต 6,0,-,-,-,-,-,-,-,-,-,-,-,-,-,-,-,-,-,-
2565,บ้านห้วยส้มป่อย,จอมทอง,เล็ก,นอกเมือง,สำนักงานคณะกรรมการการศึกษาขั้นพื้นฐาน,สพป.เชียงใหม่ เขต 6,7,57.14,49.49,21.43,28.12,57.14,49.49,53.57,17.31,23.81,15.06,21.43,24.74,21.43,24.74,47.62,24.28,28.57,24.74
2565,บ้านห้วยสะแพด,จอมทอง,เล็ก,นอกเมือง,สำนักงานคณะกรรมการการศึกษาขั้นพื้นฐาน,สพป.เชียงใหม่ เขต 6,10,30.00,45.83,37.50,30.10,20.00,40.00,36.25,17.18,13.33,22.11,30.00,24.49,40.00,30.00,46.67,26.67,25.00,25.00
2565,บ้านหาดนาค,จอมทอง,เล็ก,นอกเมือง,สำนักงานคณะกรรมการการศึกษาขั้นพื้นฐาน,สพป.เชียงใหม่ เขต 6,2,100.00,0.00,50.00,0.00,0.00,0.00,50.00,12.50,33.33,33.33,100.00,0.00,25.00,25.00,66.67,0.00,50.00,0.00
2565,บ้านใหม่สารภี,จอมทอง,เล็ก,นอกเมือง,สำนักงานคณะกรรมการการศึกษาขั้นพื้นฐาน,สพป.เชียงใหม่ เขต 6,11,18.18,38.57,40.91,19.28,36.36,48.10,47.73,24.32,21.21,16.03,59.09,28.75,54.55,33.40,30.30,30.00,45.45,25.71
2565,ป่ากล้วยพัฒนา,จอมทอง,เล็ก,นอกเมือง,สำนักงานคณะกรรมการการศึกษาขั้นพื้นฐาน,สพป.เชียงใหม่ เขต 6,10,20.00,40.00,30.00,24.49,10.00,30.00,38.75,28.20,23.33,21.34,30.00,24.49,15.00,22.91,46.67,30.55,15.00,32.02
2565,วัดพระบาท,จอมทอง,เล็ก,นอกเมือง,สำนักงานคณะกรรมการการศึกษาขั้นพื้นฐาน,สพป.เชียงใหม่ เขต 6,1,0.00,0.00,0.00,0.00,100.00,0.00,62.50,0.00,66.67,0.00,0.00,0.00,100.00,0.00,66.67,0.00,100.00,0.00
2565,ศรีจอมทอง,จอมทอง,ใหญ่,นอกเมือง,สำนักงานคณะกรรมการการศึกษาขั้นพื้นฐาน,สพป.เชียงใหม่ เขต 6,123,21.14,40.83,43.70,30.34,75.61,42.94,60.67,25.09,40.38,29.83,46.34,37.81,57.32,27.56,70.46,27.61,45.12,32.77
2565,สุทธิวงศ์ดำรงวิทย์,จอมทอง,เล็ก,นอกเมือง,สำนักงานคณะกรรมการส่งเสริมการศึกษาเอกชน,-,13,30.77,46.15,30.77,28.00,23.08,42.13,37.50,23.00,33.33,26.15,26.92,31.72,42.31,26.65,53.85,24.59,38.46,34.83
2565,แกน้อยศึกษา,เชียงดาว,กลาง,นอกเมือง,สำนักงานคณะกรรมการการศึกษาขั้นพื้นฐาน,สพป.เชียงใหม่ เขต 3,10,20.00,40.00,30.00,26.93,20.00,40.00,33.75,20.19,30.00,31.45,5.00,15.00,20.00,24.49,60.00,29.06,10.00,20.00
2565,โครงการหลวงแกน้อย,เชียงดาว,เล็ก,นอกเมือง,สำนักงานคณะกรรมการการศึกษาขั้นพื้นฐาน,สพป.เชียงใหม่ เขต 3,7,14.29,34.99,17.86,22.02,0.00,0.00,28.57,23.82,33.33,25.20,28.57,24.74,57.14,17.50,42.86,23.33,7.14,17.50
2565,เจ้าฟ้าอุบลรัตน์,เชียงดาว,กลาง,นอกเมือง,สำนักงานคณะกรรมการส่งเสริมการศึกษาเอกชน,-,19,26.32,44.03,25.00,25.65,21.05,40.77,39.47,28.75,29.82,18.40,23.68,24.97,50.00,16.22,45.61,30.99,31.58,33.29
2565,ชุมชนบ้านเมืองงาย,เชียงดาว,กลาง,นอกเมือง,สำนักงานคณะกรรมการการศึกษาขั้นพื้นฐาน,สพป.เชียงใหม่ เขต 3,23,21.74,41.25,38.04,25.40,43.48,49.57,39.67,21.38,34.78,30.26,36.96,33.68,54.35,32.68,59.42,35.38,30.43,24.40
2565,ชุมชนบ้านวังจ๊อม,เชียงดาว,กลาง,นอกเมือง,สำนักงานคณะกรรมการการศึกษาขั้นพื้นฐาน,สพป.เชียงใหม่ เขต 3,10,20.00,40.00,37.50,27.95,20.00,40.00,50.00,22.36,20.00,22.11,35.00,22.91,60.00,20.00,53.33,33.99,30.00,33.17
2565,ตชด.เฉลิมพระเกียรติฯ บ้านแกน้อย,เชียงดาว,เล็ก,นอกเมือง,กองบัญชาการตำรวจตระเวนชายแดน,-,22,18.18,38.57,32.95,26.53,13.64,34.32,30.68,23.45,19.70,21.69,15.91,23.29,36.36,26.89,21.21,23.67,15.91,23.29
2565,บ้านเชียงดาว,เชียงดาว,กลาง,นอกเมือง,สำนักงานคณะกรรมการการศึกษาขั้นพื้นฐาน,สพป.เชียงใหม่ เขต 3,92,13.04,33.68,33.70,29.13,32.61,46.88,46.47,24.05,29.71,24.31,32.07,30.91,49.46,28.07,46.01,35.04,35.87,34.04
2565,บ้านดอน,เชียงดาว,เล็ก,นอกเมือง,สำนักงานคณะกรรมการการศึกษาขั้นพื้นฐาน,สพป.เชียงใหม่ เขต 3,4,75.00,43.30,43.75,36.98,75.00,43.30,43.75,25.77,8.33,14.43,25.00,25.00,62.50,41.46,41.67,36.32,12.50,21.65
2565,บ้านถ้ำ,เชียงดาว,เล็ก,นอกเมือง,สำนักงานคณะกรรมการการศึกษาขั้นพื้นฐาน,สพป.เชียงใหม่ เขต 3,8,12.50,33.07,43.75,29.97,100.00,0.00,43.75,29.97,33.33,16.67,25.00,35.36,56.25,29.97,58.33,36.32,31.25,24.21
2565,บ้านทุ่งข้าวพวง,เชียงดาว,กลาง,นอกเมือง,สำนักงานคณะกรรมการการศึกษาขั้นพื้นฐาน,สพป.เชียงใหม่ เขต 3,28,35.71,47.92,40.18,32.28,17.86,38.30,45.54,22.21,20.24,22.43,28.57,28.12,41.07,30.04,42.86,27.97,28.57,36.42
2565,บ้านทุ่งละคร,เชียงดาว,เล็ก,นอกเมือง,สำนักงานคณะกรรมการการศึกษาขั้นพื้นฐาน,สพป.เชียงใหม่ เขต 3,6,33.33,47.14,62.50,34.61,16.67,37.27,37.50,23.94,33.33,27.22,25.00,25.00,41.67,34.36,66.67,27.22,16.67,23.57
2565,บ้านทุ่งหลุก,เชียงดาว,เล็ก,นอกเมือง,สำนักงานคณะกรรมการการศึกษาขั้นพื้นฐาน,สพป.เชียงใหม่ เขต 3,6,16.67,37.27,33.33,18.63,66.67,47.14,56.25,30.41,33.33,19.25,25.00,38.19,33.33,23.57,50.00,31.91,16.67,23.57
2565,บ้านนาหวาย,เชียงดาว,กลาง,นอกเมือง,สำนักงานคณะกรรมการการศึกษาขั้นพื้นฐาน,สพป.เชียงใหม่ เขต 3,34,23.53,42.42,38.97,27.25,44.12,49.65,40.81,22.55,29.41,26.52,27.94,34.71,54.41,22.25,43.14,33.85,25.00,32.65
2565,บ้านปางแดง,เชียงดาว,เล็ก,นอกเมือง,สำนักงานคณะกรรมการการศึกษาขั้นพื้นฐาน,สพป.เชียงใหม่ เขต 3,7,42.86,49.49,60.71,29.45,71.43,45.18,60.71,18.21,47.62,24.28,35.71,22.59,42.86,31.94,57.14,38.69,21.43,24.74
2565,บ้านปางเฟือง,เชียงดาว,เล็ก,นอกเมือง,สำนักงานคณะกรรมการการศึกษาขั้นพื้นฐาน,สพป.เชียงใหม่ เขต 3,9,22.22,41.57,47.22,36.22,0.00,0.00,50.00,27.00,11.11,15.71,16.67,23.57,55.56,28.33,62.96,29.16,38.89,31.43
2565,บ้านปางมะเยา,เชียงดาว,กลาง,นอกเมือง,สำนักงานคณะกรรมการการศึกษาขั้นพื้นฐาน,สพป.เชียงใหม่ เขต 3,20,30.00,45.83,28.75,19.80,20.00,40.00,34.38,22.32,30.00,20.82,27.50,33.45,30.00,33.17,21.67,26.40,20.00,29.15
2565,บ้านป่าบง,เชียงดาว,เล็ก,นอกเมือง,สำนักงานคณะกรรมการการศึกษาขั้นพื้นฐาน,สพป.เชียงใหม่ เขต 3,4,25.00,43.30,31.25,20.73,0.00,0.00,53.13,13.62,25.00,27.64,12.50,21.65,37.50,21.65,33.33,23.57,25.00,43.30
2565,บ้านเมืองคอง,เชียงดาว,เล็ก,นอกเมือง,สำนักงานคณะกรรมการการศึกษาขั้นพื้นฐาน,สพป.เชียงใหม่ เขต 3,15,13.33,33.99,43.33,32.23,40.00,48.99,54.17,26.87,26.67,30.31,30.00,24.49,40.00,32.66,40.00,27.76,30.00,24.49
2565,บ้านเมืองนะ,เชียงดาว,กลาง,นอกเมือง,สำนักงานคณะกรรมการการศึกษาขั้นพื้นฐาน,สพป.เชียงใหม่ เขต 3,58,34.48,47.53,25.00,28.99,17.24,37.77,46.34,22.98,25.29,23.42,41.38,37.30,38.79,26.33,43.68,32.29,30.17,32.08
2565,บ้านแม่กอนใน,เชียงดาว,เล็ก,นอกเมือง,สำนักงานคณะกรรมการการศึกษาขั้นพื้นฐาน,สพป.เชียงใหม่ เขต 3,17,29.41,45.56,36.76,35.48,17.65,38.12,44.85,21.03,21.57,25.41,41.18,30.85,64.71,28.52,43.14,24.96,20.59,29.99
2565,บ้านแม่นะ,เชียงดาว,กลาง,นอกเมือง,สำนักงานคณะกรรมการการศึกษาขั้นพื้นฐาน,สพป.เชียงใหม่ เขต 3,21,28.57,45.18,32.14,32.86,0.00,0.00,50.00,23.46,14.29,21.99,40.48,39.70,50.00,21.82,36.51,25.00,28.57,29.16
2565,บ้านแม่ป๋าม,เชียงดาว,เล็ก,นอกเมือง,สำนักงานคณะกรรมการการศึกษาขั้นพื้นฐาน,สพป.เชียงใหม่ เขต 3,8,37.50,48.41,40.63,32.92,12.50,33.07,29.69,19.70,16.67,16.67,18.75,24.21,62.50,21.65,37.50,30.90,12.50,21.65
2565,บ้านแม่แมะ,เชียงดาว,เล็ก,นอกเมือง,สำนักงานคณะกรรมการการศึกษาขั้นพื้นฐาน,สพป.เชียงใหม่ เขต 3,7,28.57,45.18,57.14,22.02,28.57,45.18,35.71,23.56,14.29,24.28,28.57,24.74,35.71,34.99,28.57,21.30,14.29,22.59
2565,บ้านแม่อ้อใน,เชียงดาว,เล็ก,นอกเมือง,สำนักงานคณะกรรมการการศึกษาขั้นพื้นฐาน,สพป.เชียงใหม่ เขต 3,16,18.75,39.03,40.63,31.72,31.25,46.35,51.56,22.48,29.17,28.57,50.00,25.00,46.88,27.78,45.83,35.11,31.25,29.97
2565,บ้านรินหลวง,เชียงดาว,เล็ก,นอกเมือง,สำนักงานคณะกรรมการการศึกษาขั้นพื้นฐาน,สพป.เชียงใหม่ เขต 3,24,50.00,50.00,36.46,32.26,33.33,47.14,42.19,21.29,33.33,23.57,27.08,28.79,41.67,27.64,54.17,28.57,27.08,32.21
2565,บ้านสบคาบ,เชียงดาว,เล็ก,นอกเมือง,สำนักงานคณะกรรมการการศึกษาขั้นพื้นฐาน,สพป.เชียงใหม่ เขต 3,4,25.00,43.30,62.50,27.95,0.00,0.00,31.25,27.24,8.33,14.43,37.50,21.65,25.00,25.00,25.00,14.43,37.50,41.46
2565,บ้านสันป่าเกี๊ยะ,เชียงดาว,เล็ก,นอกเมือง,สำนักงานคณะกรรมการการศึกษาขั้นพื้นฐาน,สพป.เชียงใหม่ เขต 3,4,0.00,0.00,87.50,21.65,75.00,43.30,40.63,29.81,41.67,14.43,62.50,21.65,37.50,41.46,66.67,23.57,37.50,21.65
2565,บ้านหนองเขียว,เชียงดาว,กลาง,นอกเมือง,สำนักงานคณะกรรมการการศึกษาขั้นพื้นฐาน,สพป.เชียงใหม่ เขต 3,40,22.50,41.76,33.13,28.17,25.00,43.30,30.00,21.25,34.17,34.55,12.50,21.65,27.50,27.27,28.33,24.21,18.75,26.66
2565,บ้านหนองแขม,เชียงดาว,เล็ก,นอกเมือง,กองบัญชาการตำรวจตระเวนชายแดน,-,12,16.67,37.27,20.83,30.33,83.33,37.27,34.38,19.85,38.89,26.64,29.17,24.65,45.83,13.82,30.56,28.73,16.67,31.18
2565,บ้านหนองบัว,เชียงดาว,เล็ก,นอกเมือง,สำนักงานคณะกรรมการการศึกษาขั้นพื้นฐาน,สพป.เชียงใหม่ เขต 3,14,28.57,45.18,23.21,27.49,21.43,41.03,33.04,26.56,19.05,20.76,21.43,24.74,21.43,24.74,42.86,34.34,14.29,22.59
2565,บ้านห้วยจะค่าน ตชด.อนุสรณ์,เชียงดาว,กลาง,นอกเมือง,สำนักงานคณะกรรมการการศึกษาขั้นพื้นฐาน,สพป.เชียงใหม่ เขต 3,19,15.79,36.46,34.21,32.66,5.26,22.33,28.29,25.92,22.81,24.31,34.21,32.66,26.32,33.91,26.32,27.74,15.79,28.34
2565,บ้านห้วยทรายขาว,เชียงดาว,เล็ก,นอกเมือง,สำนักงานคณะกรรมการการศึกษาขั้นพื้นฐาน,สพป.เชียงใหม่ เขต 3,6,0.00,0.00,29.17,36.56,16.67,37.27,54.17,31.18,16.67,16.67,33.33,23.57,25.00,25.00,33.33,19.25,16.67,23.57
2565,บ้านห้วยเป้า,เชียงดาว,เล็ก,นอกเมือง,กรมส่งเสริมการปกครองท้องถิ่น,ท้องถิ่นจังหวัดเชียงใหม่,14,42.86,49.49,44.64,32.98,21.43,41.03,58.04,19.82,28.57,24.74,42.86,25.75,53.57,12.88,54.76,29.83,46.43,35.17
2565,บ้านใหม่,เชียงดาว,เล็ก,นอกเมือง,สำนักงานคณะกรรมการการศึกษาขั้นพื้นฐาน,สพป.เชียงใหม่ เขต 3,6,16.67,37.27,25.00,35.36,16.67,37.27,25.00,12.50,22.22,24.85,16.67,23.57,41.67,18.63,50.00,16.67,50.00,28.87
2565,บ้านอรุโณทัย,เชียงดาว,ใหญ่พิเศษ,นอกเมือง,สำนักงานคณะกรรมการการศึกษาขั้นพื้นฐาน,สพป.เชียงใหม่ เขต 3,71,22.54,41.78,35.92,31.88,26.76,44.27,38.20,24.55,26.76,24.78,33.80,32.26,35.21,27.06,32.86,28.80,35.92,32.70
2565,บ้านออน,เชียงดาว,เล็ก,นอกเมือง,สำนักงานคณะกรรมการการศึกษาขั้นพื้นฐาน,สพป.เชียงใหม่ เขต 3,7,0.00,0.00,28.57,36.42,42.86,49.49,25.00,22.16,23.81,15.06,28.57,36.42,57.14,17.50,38.10,21.30,7.14,17.50
2565,เบญจม 2 บ้านน้ำรู,เชียงดาว,เล็ก,นอกเมือง,สำนักงานคณะกรรมการการศึกษาขั้นพื้นฐาน,สพป.เชียงใหม่ เขต 3,20,15.00,35.71,32.50,26.34,20.00,40.00,45.00,27.50,15.00,16.58,30.00,33.17,55.00,21.79,41.67,23.27,22.50,29.47
2565,พัฒนาต้นน้ำขุนคอง,เชียงดาว,เล็ก,นอกเมือง,สำนักงานคณะกรรมการการศึกษาขั้นพื้นฐาน,สพป.เชียงใหม่ เขต 3,17,17.65,38.12,29.41,28.74,17.65,38.12,45.59,20.98,27.45,30.75,29.41,34.55,47.06,26.96,52.94,34.41,29.41,29.99
2565,มิตรมวลชนเชียงใหม่,เชียงดาว,กลาง,นอกเมือง,สำนักงานคณะกรรมการการศึกษาขั้นพื้นฐาน,สพป.เชียงใหม่ เขต 3,17,5.88,23.53,36.76,27.28,5.88,23.53,38.97,24.21,23.53,19.01,29.41,29.99,32.35,34.05,29.41,29.99,23.53,34.80
2565,วัดจอมคีรี,เชียงดาว,เล็ก,นอกเมือง,สำนักงานคณะกรรมการการศึกษาขั้นพื้นฐาน,สพป.เชียงใหม่ เขต 3,12,25.00,43.30,37.50,29.76,8.33,27.64,53.13,17.77,19.44,21.34,25.00,25.00,45.83,32.00,58.33,24.06,25.00,32.27
2565,วัดปางมะโอ,เชียงดาว,เล็ก,นอกเมือง,สำนักงานคณะกรรมการการศึกษาขั้นพื้นฐาน,สพป.เชียงใหม่ เขต 3,1,100.00,0.00,50.00,0.00,0.00,0.00,50.00,0.00,33.33,0.00,50.00,0.00,100.00,0.00,0.00,0.00,50.00,0.00
2565,ศีลรวี,เชียงดาว,กลาง,นอกเมือง,สำนักงานคณะกรรมการส่งเสริมการศึกษาเอกชน,-,71,42.25,49.40,35.56,26.76,26.76,44.27,44.54,24.35,27.70,29.60,38.73,35.80,45.77,28.76,53.99,27.62,36.62,34.56
2565,ศึกษาสงเคราะห์เชียงดาว,เชียงดาว,กลาง,นอกเมือง,สำนักบริหารงานการศึกษาพิเศษ,-,59,20.34,40.25,27.54,27.50,15.25,35.95,36.44,20.36,22.03,25.01,25.42,31.05,37.29,29.96,36.72,30.50,21.19,27.93
2565,ฉัตรพฤกษ์วิทยา,ไชยปราการ,เล็ก,นอกเมือง,สำนักงานคณะกรรมการส่งเสริมการศึกษาเอกชน,-,17,11.76,32.22,38.24,31.06,29.41,45.56,50.00,20.11,29.41,29.99,38.24,36.50,52.94,26.96,60.78,34.75,38.24,32.22
2565,ชุมชนวัดศรีดงเย็น,ไชยปราการ,กลาง,นอกเมือง,สำนักงานคณะกรรมการการศึกษาขั้นพื้นฐาน,สพป.เชียงใหม่ เขต 3,34,35.29,47.79,41.91,33.06,35.29,47.79,50.00,21.22,24.51,24.67,44.12,35.90,36.76,30.46,56.86,30.82,33.82,29.00
2565,เทศบาล 1 ไชยปราการ,ไชยปราการ,กลาง,นอกเมือง,กรมส่งเสริมการปกครองท้องถิ่น,ท้องถิ่นจังหวัดเชียงใหม่,47,34.04,47.39,40.43,29.42,31.91,46.61,40.43,24.49,41.13,24.03,30.85,35.06,37.23,30.01,42.55,28.93,25.53,30.72
2565,บ้านต้นโชค,ไชยปราการ,เล็ก,นอกเมือง,สำนักงานคณะกรรมการการศึกษาขั้นพื้นฐาน,สพป.เชียงใหม่ เขต 3,18,27.78,44.79,33.33,33.33,11.11,31.43,38.89,21.61,24.07,24.36,22.22,34.25,25.00,25.00,33.33,22.22,30.56,24.37
2565,บ้านถ้ำตับเตา,ไชยปราการ,เล็ก,นอกเมือง,สำนักงานคณะกรรมการการศึกษาขั้นพื้นฐาน,สพป.เชียงใหม่ เขต 3,3,33.33,47.14,33.33,23.57,33.33,47.14,45.83,21.25,33.33,27.22,33.33,47.14,66.67,23.57,55.56,15.71,16.67,23.57
2565,บ้านปง,ไชยปราการ,เล็ก,นอกเมือง,สำนักงานคณะกรรมการการศึกษาขั้นพื้นฐาน,สพป.เชียงใหม่ เขต 3,19,26.32,44.03,35.53,32.76,21.05,40.77,42.11,24.74,40.35,27.74,21.05,33.70,50.00,32.44,50.88,29.36,21.05,24.69
2565,บ้านปงตำ,ไชยปราการ,เล็ก,นอกเมือง,สำนักงานคณะกรรมการการศึกษาขั้นพื้นฐาน,สพป.เชียงใหม่ เขต 3,13,46.15,49.85,32.69,34.51,61.54,48.65,48.08,21.28,20.51,20.83,30.77,36.89,42.31,33.09,48.72,28.09,11.54,21.07
2565,บ้านป่างิ้ว,ไชยปราการ,เล็ก,นอกเมือง,สำนักงานคณะกรรมการการศึกษาขั้นพื้นฐาน,สพป.เชียงใหม่ เขต 3,13,0.00,0.00,32.69,28.39,15.38,36.08,48.08,22.39,43.59,33.04,26.92,24.93,53.85,23.71,64.10,30.55,11.54,28.78
2565,บ้านผาแดง,ไชยปราการ,เล็ก,นอกเมือง,สำนักงานคณะกรรมการการศึกษาขั้นพื้นฐาน,สพป.เชียงใหม่ เขต 3,8,37.50,48.41,28.13,34.09,25.00,43.30,45.31,28.60,45.83,33.07,18.75,24.21,37.50,33.07,45.83,33.07,6.25,16.54
2565,บ้านแม่ขิ,ไชยปราการ,เล็ก,นอกเมือง,สำนักงานคณะกรรมการการศึกษาขั้นพื้นฐาน,สพป.เชียงใหม่ เขต 3,15,26.67,44.22,31.67,34.72,46.67,49.89,61.67,23.48,35.56,30.95,43.33,40.28,36.67,33.99,66.67,21.08,33.33,29.81
2565,บ้านแม่ทะลบ,ไชยปราการ,เล็ก,นอกเมือง,สำนักงานคณะกรรมการการศึกษาขั้นพื้นฐาน,สพป.เชียงใหม่ เขต 3,13,30.77,46.15,38.46,27.06,46.15,49.85,46.15,23.71,28.21,22.06,19.23,24.33,34.62,23.08,43.59,30.34,38.46,34.83
2565,บ้านเวียงผาพัฒนา,ไชยปราการ,เล็ก,นอกเมือง,สำนักงานคณะกรรมการการศึกษาขั้นพื้นฐาน,สพป.เชียงใหม่ เขต 3,7,42.86,49.49,14.29,22.59,14.29,34.99,35.71,18.21,14.29,16.50,14.29,22.59,50.00,26.73,19.05,16.50,7.14,17.50
2565,บ้านห้วยต้นตอง,ไชยปราการ,เล็ก,นอกเมือง,สำนักงานคณะกรรมการการศึกษาขั้นพื้นฐาน,สพป.เชียงใหม่ เขต 3,4,25.00,43.30,56.25,36.98,50.00,50.00,43.75,27.24,16.67,16.67,0.00,0.00,37.50,41.46,50.00,37.27,37.50,21.65
2565,บ้านห้วยบง,ไชยปราการ,เล็ก,นอกเมือง,สำนักงานคณะกรรมการการศึกษาขั้นพื้นฐาน,สพป.เชียงใหม่ เขต 3,6,16.67,37.27,37.50,27.95,16.67,37.27,35.42,19.65,27.78,22.91,50.00,28.87,41.67,18.63,27.78,22.91,8.33,18.63
2565,บ้านห้วยไผ่,ไชยปราการ,เล็ก,นอกเมือง,สำนักงานคณะกรรมการการศึกษาขั้นพื้นฐาน,สพป.เชียงใหม่ เขต 3,14,21.43,41.03,33.93,24.29,0.00,0.00,42.86,22.52,14.29,24.28,28.57,31.13,42.86,37.12,40.48,28.67,25.00,25.00
2565,บ้านหัวฝาย,ไชยปราการ,เล็ก,นอกเมือง,สำนักงานคณะกรรมการการศึกษาขั้นพื้นฐาน,สพป.เชียงใหม่ เขต 3,6,16.67,37.27,54.17,9.32,66.67,47.14,35.42,11.22,33.33,33.33,33.33,37.27,50.00,28.87,61.11,35.57,25.00,38.19
2565,บ้านใหม่หนองบัว,ไชยปราการ,กลาง,นอกเมือง,สำนักงานคณะกรรมการการศึกษาขั้นพื้นฐาน,สพป.เชียงใหม่ เขต 3,76,28.95,45.35,35.86,29.06,17.11,37.66,28.29,22.34,22.81,24.31,23.68,29.77,31.58,30.18,32.02,23.84,34.21,34.61
2565,บ้านอ่าย,ไชยปราการ,เล็ก,นอกเมือง,สำนักงานคณะกรรมการการศึกษาขั้นพื้นฐาน,สพป.เชียงใหม่ เขต 3,25,24.00,42.71,31.00,27.64,20.00,40.00,38.00,24.62,17.33,19.14,22.00,24.82,36.00,33.23,33.33,29.81,26.00,24.98
2565,วัดบ้านท่า,ไชยปราการ,เล็ก,นอกเมือง,สำนักงานคณะกรรมการการศึกษาขั้นพื้นฐาน,สพป.เชียงใหม่ เขต 3,17,52.94,49.91,39.71,28.52,29.41,45.56,57.35,20.59,33.33,28.01,47.06,36.26,52.94,26.96,64.71,31.25,38.24,36.50
2565,วัดป่าแดง,ไชยปราการ,เล็ก,นอกเมือง,สำนักงานคณะกรรมการการศึกษาขั้นพื้นฐาน,สพป.เชียงใหม่ เขต 3,13,7.69,26.65,48.08,33.20,15.38,36.08,36.54,19.28,25.64,19.19,30.77,41.78,38.46,34.83,23.08,20.19,19.23,31.25
2565,วัดอรัญญวาสี,ไชยปราการ,เล็ก,นอกเมือง,สำนักงานคณะกรรมการการศึกษาขั้นพื้นฐาน,สพป.เชียงใหม่ เขต 3,7,28.57,45.18,46.43,15.97,71.43,45.18,78.57,5.65,42.86,34.34,42.86,31.94,50.00,26.73,47.62,39.27,42.86,17.50
2565,เอื้อวิทยา,ไชยปราการ,กลาง,นอกเมือง,สำนักงานคณะกรรมการส่งเสริมการศึกษาเอกชน,-,32,31.25,46.35,44.53,33.50,46.88,49.90,47.66,22.63,34.38,28.24,37.50,30.62,56.25,29.97,54.17,33.07,26.56,30.58
2565,ชุมชนบ้านดอยเต่า,ดอยเต่า,เล็ก,นอกเมือง,สำนักงานคณะกรรมการการศึกษาขั้นพื้นฐาน,สพป.เชียงใหม่ เขต 5,8,25.00,43.30,25.00,33.07,25.00,43.30,42.19,29.93,12.50,16.14,18.75,24.21,31.25,24.21,54.17,28.57,18.75,24.21
2565,ชุมชนศูนย์อพยพแปลง 4,ดอยเต่า,เล็ก,นอกเมือง,สำนักงานคณะกรรมการการศึกษาขั้นพื้นฐาน,สพป.เชียงใหม่ เขต 5,10,30.00,45.83,37.50,30.10,10.00,30.00,51.25,19.72,26.67,20.00,35.00,32.02,45.00,26.93,36.67,31.45,50.00,22.36
2565,บ้านเกาะหลวง,ดอยเต่า,เล็ก,นอกเมือง,สำนักงานคณะกรรมการการศึกษาขั้นพื้นฐาน,สพป.เชียงใหม่ เขต 5,13,30.77,46.15,32.69,34.51,61.54,48.65,42.31,23.28,28.21,31.61,61.54,28.78,53.85,23.71,69.23,27.62,30.77,31.25
2565,บ้านฉิมพลี,ดอยเต่า,เล็ก,นอกเมือง,สำนักงานคณะกรรมการการศึกษาขั้นพื้นฐาน,สพป.เชียงใหม่ เขต 5,5,20.00,40.00,35.00,30.00,0.00,0.00,40.00,20.00,6.67,13.33,20.00,24.49,40.00,20.00,33.33,29.81,20.00,24.49
2565,บ้านถิ่นสำราญ,ดอยเต่า,เล็ก,นอกเมือง,สำนักงานคณะกรรมการการศึกษาขั้นพื้นฐาน,สพป.เชียงใหม่ เขต 5,9,11.11,31.43,41.67,40.82,11.11,31.43,40.28,15.34,29.63,33.13,27.78,34.25,55.56,28.33,29.63,10.48,22.22,34.25
2565,บ้านโท้งวิทยา,ดอยเต่า,เล็ก,นอกเมือง,สำนักงานคณะกรรมการการศึกษาขั้นพื้นฐาน,สพป.เชียงใหม่ เขต 5,7,14.29,34.99,25.00,29.88,28.57,45.18,42.86,13.12,38.10,27.77,42.86,31.94,50.00,0.00,61.90,27.77,64.29,22.59
2565,บ้านน้อยห้วยรินวิทยา,ดอยเต่า,เล็ก,นอกเมือง,สำนักงานคณะกรรมการการศึกษาขั้นพื้นฐาน,สพป.เชียงใหม่ เขต 5,8,12.50,33.07,40.63,32.92,12.50,33.07,45.31,18.68,29.17,19.98,31.25,34.80,50.00,25.00,45.83,28.57,31.25,34.80
2565,บ้านบงตัน,ดอยเต่า,เล็ก,นอกเมือง,สำนักงานคณะกรรมการการศึกษาขั้นพื้นฐาน,สพป.เชียงใหม่ เขต 5,25,16.00,36.66,21.00,23.11,8.00,27.13,38.50,25.72,26.67,26.67,36.00,41.28,40.00,31.62,41.33,30.23,26.00,24.98
2565,บ้านโปง,ดอยเต่า,เล็ก,นอกเมือง,สำนักงานคณะกรรมการการศึกษาขั้นพื้นฐาน,สพป.เชียงใหม่ เขต 5,9,22.22,41.57,25.00,31.18,11.11,31.43,37.50,21.25,25.93,20.95,5.56,15.71,55.56,28.33,29.63,18.89,33.33,33.33
2565,บ้านโปงทุ่ง,ดอยเต่า,เล็ก,นอกเมือง,สำนักงานคณะกรรมการการศึกษาขั้นพื้นฐาน,สพป.เชียงใหม่ เขต 5,1,0.00,0.00,50.00,0.00,0.00,0.00,50.00,0.00,33.33,0.00,0.00,0.00,50.00,0.00,100.00,0.00,50.00,0.00
2565,บ้านผาจุก,ดอยเต่า,เล็ก,นอกเมือง,สำนักงานคณะกรรมการการศึกษาขั้นพื้นฐาน,สพป.เชียงใหม่ เขต 5,3,33.33,47.14,8.33,11.79,0.00,0.00,50.00,20.41,0.00,0.00,33.33,23.57,50.00,40.82,66.67,0.00,33.33,47.14
2565,บ้านแม่บวน,ดอยเต่า,เล็ก,นอกเมือง,สำนักงานคณะกรรมการการศึกษาขั้นพื้นฐาน,สพป.เชียงใหม่ เขต 5,7,14.29,34.99,35.71,26.24,85.71,34.99,35.71,29.45,47.62,24.28,35.71,34.99,71.43,24.74,42.86,42.59,21.43,24.74
2565,บ้านไร่,ดอยเต่า,เล็ก,นอกเมือง,สำนักงานคณะกรรมการการศึกษาขั้นพื้นฐาน,สพป.เชียงใหม่ เขต 5,10,50.00,50.00,25.00,33.54,50.00,50.00,61.25,30.85,40.00,32.66,30.00,40.00,30.00,33.17,46.67,37.12,15.00,22.91
2565,บ้านวังหลวง,ดอยเต่า,เล็ก,นอกเมือง,สำนักงานคณะกรรมการการศึกษาขั้นพื้นฐาน,สพป.เชียงใหม่ เขต 5,8,50.00,50.00,50.00,27.95,75.00,43.30,67.19,15.23,41.67,22.05,62.50,41.46,56.25,39.03,70.83,19.98,18.75,24.21
2565,บ้านสันติสุข,ดอยเต่า,เล็ก,นอกเมือง,สำนักงานคณะกรรมการการศึกษาขั้นพื้นฐาน,สพป.เชียงใหม่ เขต 5,4,25.00,43.30,37.50,41.46,0.00,0.00,25.00,19.76,25.00,14.43,25.00,25.00,75.00,25.00,58.33,14.43,50.00,35.36
2565,บ้านแอ่นจัดสรร,ดอยเต่า,เล็ก,นอกเมือง,สำนักงานคณะกรรมการการศึกษาขั้นพื้นฐาน,สพป.เชียงใหม่ เขต 5,8,0.00,0.00,46.88,34.09,50.00,50.00,35.94,26.10,8.33,14.43,62.50,33.07,37.50,33.07,33.33,23.57,37.50,33.07
2565,ศูนย์อพยพแปลง 2,ดอยเต่า,เล็ก,นอกเมือง,สำนักงานคณะกรรมการการศึกษาขั้นพื้นฐาน,สพป.เชียงใหม่ เขต 5,5,60.00,48.99,70.00,18.71,60.00,48.99,60.00,25.50,60.00,13.33,30.00,40.00,50.00,31.62,73.33,24.94,60.00,37.42
2565,ศูนย์อพยพแปลง 5,ดอยเต่า,เล็ก,นอกเมือง,สำนักงานคณะกรรมการการศึกษาขั้นพื้นฐาน,สพป.เชียงใหม่ เขต 5,14,14.29,34.99,42.86,33.31,42.86,49.49,58.93,14.51,40.48,31.32,57.14,37.12,39.29,27.89,69.05,29.45,32.14,30.51
2565,ศูนย์อพยพแปลง 8,ดอยเต่า,เล็ก,นอกเมือง,สำนักงานคณะกรรมการการศึกษาขั้นพื้นฐาน,สพป.เชียงใหม่ เขต 5,9,22.22,41.57,41.67,23.57,66.67,47.14,72.22,22.65,40.74,34.35,55.56,36.85,77.78,24.85,81.48,22.83,44.44,36.85
2565,ชลประทานผาแตก,ดอยสะเก็ด,กลาง,นอกเมือง,สำนักงานคณะกรรมการการศึกษาขั้นพื้นฐาน,สพป.เชียงใหม่ เขต 1,49,30.61,46.09,38.78,30.75,24.49,43.00,48.72,24.65,27.21,23.97,27.55,33.60,44.90,27.19,44.90,34.70,27.55,28.68
2565,เทพเสด็จวิทยา,ดอยสะเก็ด,เล็ก,นอกเมือง,สำนักงานคณะกรรมการการศึกษาขั้นพื้นฐาน,สพป.เชียงใหม่ เขต 1,9,11.11,31.43,11.11,23.90,22.22,41.57,31.94,16.78,33.33,15.71,27.78,41.57,50.00,33.33,29.63,29.16,11.11,20.79
2565,เทศบาลตลาดใหญ่,ดอยสะเก็ด,เล็ก,นอกเมือง,กรมส่งเสริมการปกครองท้องถิ่น,ท้องถิ่นจังหวัดเชียงใหม่,7,28.57,45.18,50.00,29.88,28.57,45.18,42.86,20.98,14.29,16.50,21.43,24.74,42.86,31.94,33.33,0.00,14.29,22.59
2565,บริรักศึกษาเชียงใหม่,ดอยสะเก็ด,เล็ก,นอกเมือง,สำนักงานคณะกรรมการส่งเสริมการศึกษาเอกชน,-,21,28.57,45.18,40.48,36.58,23.81,42.59,48.81,29.35,26.98,28.39,42.86,38.69,50.00,26.73,65.08,29.95,23.81,24.97
2565,บ้านเชิงดอย(ดอยสะเก็ดศึกษา),ดอยสะเก็ด,กลาง,นอกเมือง,สำนักงานคณะกรรมการการศึกษาขั้นพื้นฐาน,สพป.เชียงใหม่ เขต 1,98,28.57,45.18,35.71,29.88,50.00,50.00,52.30,24.83,32.65,26.07,47.96,38.41,48.47,32.30,52.38,29.74,28.06,34.31
2565,บ้านตลาดขี้เหล็ก,ดอยสะเก็ด,เล็ก,นอกเมือง,สำนักงานคณะกรรมการการศึกษาขั้นพื้นฐาน,สพป.เชียงใหม่ เขต 1,8,25.00,43.30,40.63,37.37,12.50,33.07,54.69,28.60,8.33,14.43,37.50,21.65,31.25,34.80,54.17,23.20,31.25,24.21
2565,บ้านบ่อหิน,ดอยสะเก็ด,เล็ก,นอกเมือง,สำนักงานคณะกรรมการการศึกษาขั้นพื้นฐาน,สพป.เชียงใหม่ เขต 1,20,35.00,47.70,36.25,36.64,10.00,30.00,47.50,23.25,21.67,21.79,42.50,28.61,37.50,31.12,51.67,32.45,35.00,32.02
2565,บ้านป่าขุย,ดอยสะเก็ด,เล็ก,นอกเมือง,สำนักงานคณะกรรมการการศึกษาขั้นพื้นฐาน,สพป.เชียงใหม่ เขต 1,7,28.57,45.18,10.71,12.37,14.29,34.99,37.50,18.90,57.14,29.35,57.14,31.94,35.71,22.59,52.38,30.12,42.86,31.94
2565,บ้านปางแดง,ดอยสะเก็ด,เล็ก,นอกเมือง,สำนักงานคณะกรรมการการศึกษาขั้นพื้นฐาน,สพป.เชียงใหม่ เขต 1,5,40.00,48.99,45.00,18.71,0.00,0.00,42.50,10.00,33.33,21.08,40.00,37.42,60.00,20.00,26.67,13.33,10.00,20.00
2565,บ้านปางน้ำถุ,ดอยสะเก็ด,เล็ก,นอกเมือง,สำนักงานคณะกรรมการการศึกษาขั้นพื้นฐาน,สพป.เชียงใหม่ เขต 1,3,0.00,0.00,33.33,31.18,0.00,0.00,50.00,20.41,22.22,15.71,0.00,0.00,16.67,23.57,33.33,27.22,0.00,0.00
2565,บ้านป่างิ้ว,ดอยสะเก็ด,เล็ก,นอกเมือง,สำนักงานคณะกรรมการการศึกษาขั้นพื้นฐาน,สพป.เชียงใหม่ เขต 1,8,12.50,33.07,37.50,27.95,12.50,33.07,28.13,14.99,29.17,35.11,18.75,24.21,37.50,33.07,33.33,33.33,12.50,21.65
2565,บ้านป่าป้อง,ดอยสะเก็ด,เล็ก,นอกเมือง,สำนักงานคณะกรรมการการศึกษาขั้นพื้นฐาน,สพป.เชียงใหม่ เขต 1,1,0.00,0.00,0.00,0.00,0.00,0.00,62.50,0.00,33.33,0.00,0.00,0.00,100.00,0.00,33.33,0.00,50.00,0.00
2565,บ้านป่าไม้แดง,ดอยสะเก็ด,กลาง,นอกเมือง,สำนักงานคณะกรรมการการศึกษาขั้นพื้นฐาน,สพป.เชียงใหม่ เขต 1,20,5.00,21.79,33.75,31.89,25.00,43.30,37.50,25.00,20.00,22.11,35.00,32.02,45.00,26.93,41.67,25.55,35.00,35.71
2565,บ้านป่าเสร้า,ดอยสะเก็ด,กลาง,นอกเมือง,สำนักงานคณะกรรมการการศึกษาขั้นพื้นฐาน,สพป.เชียงใหม่ เขต 1,31,22.58,41.81,34.68,30.90,9.68,29.57,43.15,24.35,26.88,23.06,38.71,35.26,41.94,25.71,35.48,25.31,27.42,30.69
2565,บ้านป่าเหมือด,ดอยสะเก็ด,เล็ก,นอกเมือง,สำนักงานคณะกรรมการการศึกษาขั้นพื้นฐาน,สพป.เชียงใหม่ เขต 1,32,25.00,43.30,41.41,32.24,37.50,48.41,56.25,22.96,29.17,24.65,28.13,32.92,48.44,29.27,43.75,26.92,39.06,27.20
2565,บ้านโป่งกุ่ม,ดอยสะเก็ด,เล็ก,นอกเมือง,สำนักงานคณะกรรมการการศึกษาขั้นพื้นฐาน,สพป.เชียงใหม่ เขต 1,5,0.00,0.00,55.00,33.17,80.00,40.00,47.50,14.58,26.67,24.94,10.00,20.00,60.00,20.00,80.00,16.33,40.00,20.00
2565,บ้านแม่ดอกแดง,ดอยสะเก็ด,เล็ก,นอกเมือง,สำนักงานคณะกรรมการการศึกษาขั้นพื้นฐาน,สพป.เชียงใหม่ เขต 1,14,35.71,47.92,33.93,27.72,28.57,45.18,50.89,24.30,26.19,22.46,46.43,39.93,46.43,22.87,54.76,23.93,39.29,27.89
2565,บ้านแม่หวาน,ดอยสะเก็ด,เล็ก,นอกเมือง,สำนักงานคณะกรรมการการศึกษาขั้นพื้นฐาน,สพป.เชียงใหม่ เขต 1,7,28.57,45.18,42.86,31.94,0.00,0.00,44.64,19.88,23.81,15.06,28.57,24.74,35.71,22.59,42.86,38.69,35.71,34.99
2565,บ้านแม่ฮ้อยเงิน,ดอยสะเก็ด,เล็ก,นอกเมือง,สำนักงานคณะกรรมการการศึกษาขั้นพื้นฐาน,สพป.เชียงใหม่ เขต 1,10,10.00,30.00,17.50,22.50,0.00,0.00,32.50,21.79,26.67,20.00,35.00,32.02,35.00,22.91,30.00,23.33,30.00,24.49
2565,บ้านร้องขี้เหล็ก,ดอยสะเก็ด,เล็ก,นอกเมือง,สำนักงานคณะกรรมการการศึกษาขั้นพื้นฐาน,สพป.เชียงใหม่ เขต 1,9,33.33,47.14,13.89,26.64,0.00,0.00,47.22,30.49,37.04,29.16,16.67,23.57,61.11,39.28,29.63,29.16,22.22,24.85
2565,บ้านลวงเหนือ,ดอยสะเก็ด,เล็ก,นอกเมือง,สำนักงานคณะกรรมการการศึกษาขั้นพื้นฐาน,สพป.เชียงใหม่ เขต 1,8,12.50,33.07,40.63,35.22,0.00,0.00,45.31,17.61,25.00,32.27,18.75,24.21,43.75,39.03,58.33,14.43,25.00,25.00
2565,บ้านสันต้นม่วงเหนือ,ดอยสะเก็ด,เล็ก,นอกเมือง,สำนักงานคณะกรรมการการศึกษาขั้นพื้นฐาน,สพป.เชียงใหม่ เขต 1,3,0.00,0.00,50.00,20.41,66.67,47.14,58.33,5.89,11.11,15.71,33.33,23.57,33.33,23.57,33.33,0.00,16.67,23.57
2565,เพื่อชีวิตเชียงใหม่,ดอยสะเก็ด,เล็ก,นอกเมือง,สำนักงานคณะกรรมการส่งเสริมการศึกษาเอกชน,-,19,36.84,48.24,31.58,33.29,26.32,44.03,38.82,26.25,26.32,27.74,36.84,31.80,47.37,30.23,35.09,29.57,23.68,24.97
2565,แม่โป่งประชาสามัคคี,ดอยสะเก็ด,เล็ก,นอกเมือง,สำนักงานคณะกรรมการการศึกษาขั้นพื้นฐาน,สพป.เชียงใหม่ เขต 1,16,31.25,46.35,32.81,24.56,31.25,46.35,51.56,26.47,27.08,24.21,31.25,29.97,43.75,29.97,45.83,33.07,25.00,30.62
2565,ไมตรีจิตคริสเตียนเชียงใหม่,ดอยสะเก็ด,กลาง,นอกเมือง,สำนักงานคณะกรรมการส่งเสริมการศึกษาเอกชน,-,16,25.00,43.30,28.13,27.78,6.25,24.21,42.97,27.23,20.83,23.20,28.13,35.22,53.13,27.78,29.17,23.20,28.13,35.22
2565,กรป.กลางอุปถัมภ์,ดอยหล่อ,เล็ก,นอกเมือง,สำนักงานคณะกรรมการการศึกษาขั้นพื้นฐาน,สพป.เชียงใหม่ เขต 4,14,21.43,41.03,44.64,27.02,50.00,50.00,61.61,25.65,19.05,16.50,50.00,32.73,42.86,17.50,61.90,27.77,21.43,24.74
2565,ดอยหล่อวิทยา,ดอยหล่อ,เล็ก,นอกเมือง,กรมส่งเสริมการปกครองท้องถิ่น,ท้องถิ่นจังหวัดเชียงใหม่,7,28.57,45.18,17.86,22.02,0.00,0.00,55.36,13.12,33.33,25.20,28.57,36.42,35.71,22.59,57.14,29.35,35.71,34.99
2565,เทศบาลตำบลวัดสองแคว,ดอยหล่อ,เล็ก,นอกเมือง,กรมส่งเสริมการปกครองท้องถิ่น,ท้องถิ่นจังหวัดเชียงใหม่,4,75.00,43.30,50.00,30.62,0.00,0.00,31.25,13.98,16.67,16.67,25.00,25.00,0.00,0.00,16.67,16.67,25.00,25.00
2565,บ้านดงป่าหวาย,ดอยหล่อ,เล็ก,นอกเมือง,สำนักงานคณะกรรมการการศึกษาขั้นพื้นฐาน,สพป.เชียงใหม่ เขต 4,15,46.67,49.89,43.33,29.53,20.00,40.00,39.17,18.75,26.67,21.77,46.67,22.11,53.33,28.67,48.89,26.85,36.67,33.99
2565,บ้านแม่ขาน,ดอยหล่อ,เล็ก,นอกเมือง,สำนักงานคณะกรรมการการศึกษาขั้นพื้นฐาน,สพป.เชียงใหม่ เขต 4,7,14.29,34.99,32.14,25.75,57.14,49.49,51.79,7.99,42.86,29.35,14.29,22.59,50.00,26.73,52.38,24.28,21.43,24.74
2565,บ้านสามหลัง,ดอยหล่อ,เล็ก,นอกเมือง,สำนักงานคณะกรรมการการศึกษาขั้นพื้นฐาน,สพป.เชียงใหม่ เขต 4,18,16.67,37.27,40.28,27.81,38.89,48.75,52.08,22.15,31.48,20.70,22.22,24.85,47.22,26.21,50.00,31.91,38.89,26.64
2565,บ้านห้วยน้ำขาว,ดอยหล่อ,เล็ก,นอกเมือง,สำนักงานคณะกรรมการการศึกษาขั้นพื้นฐาน,สพป.เชียงใหม่ เขต 4,6,16.67,37.27,58.33,31.18,33.33,47.14,58.33,24.65,44.44,24.85,75.00,25.00,50.00,28.87,50.00,31.91,41.67,34.36
2565,บ้านเหล่าเป้า,ดอยหล่อ,เล็ก,นอกเมือง,สำนักงานคณะกรรมการการศึกษาขั้นพื้นฐาน,สพป.เชียงใหม่ เขต 4,13,23.08,42.13,48.08,28.52,53.85,49.85,43.27,27.13,30.77,27.62,30.77,31.25,42.31,33.09,41.03,19.19,34.62,36.08
2565,บ้านใหม่หนองหอย,ดอยหล่อ,เล็ก,นอกเมือง,สำนักงานคณะกรรมการการศึกษาขั้นพื้นฐาน,สพป.เชียงใหม่ เขต 4,20,25.00,43.30,38.75,31.10,15.00,35.71,42.50,20.31,26.67,22.61,22.50,37.00,40.00,25.50,36.67,34.80,27.50,33.45
2565,วัดดอนชื่น,ดอยหล่อ,เล็ก,นอกเมือง,สำนักงานคณะกรรมการการศึกษาขั้นพื้นฐาน,สพป.เชียงใหม่ เขต 4,5,60.00,48.99,85.00,20.00,60.00,48.99,60.00,25.50,40.00,32.66,20.00,24.49,60.00,20.00,73.33,24.94,40.00,37.42
2565,วัดวังขามป้อม,ดอยหล่อ,เล็ก,นอกเมือง,สำนักงานคณะกรรมการการศึกษาขั้นพื้นฐาน,สพป.เชียงใหม่ เขต 4,11,18.18,38.57,31.82,26.31,0.00,0.00,37.50,28.70,24.24,24.99,45.45,33.40,40.91,28.75,45.45,35.60,31.82,38.57
2565,วัดศรีดอนชัย,ดอยหล่อ,เล็ก,นอกเมือง,สำนักงานคณะกรรมการการศึกษาขั้นพื้นฐาน,สพป.เชียงใหม่ เขต 4,13,38.46,48.65,36.54,25.22,7.69,26.65,45.19,19.33,20.51,20.83,34.62,30.28,38.46,28.78,33.33,32.03,34.62,30.28
2565,วัดหนองหลั้ว,ดอยหล่อ,เล็ก,นอกเมือง,สำนักงานคณะกรรมการการศึกษาขั้นพื้นฐาน,สพป.เชียงใหม่ เขต 4,4,25.00,43.30,56.25,20.73,50.00,50.00,59.38,27.06,41.67,14.43,12.50,21.65,37.50,21.65,66.67,40.82,37.50,21.65
2565,เจ้าแม่หลวงอุปถัมภ์ 1,ฝาง,กลาง,นอกเมือง,สำนักงานคณะกรรมการการศึกษาขั้นพื้นฐาน,สพป.เชียงใหม่ เขต 3,24,29.17,45.45,28.13,30.03,41.67,49.30,42.71,23.64,22.22,18.43,33.33,27.64,43.75,29.97,30.56,30.30,18.75,28.18
2565,ฉือจี้เชียงใหม่,ฝาง,กลาง,นอกเมือง,สำนักงานคณะกรรมการส่งเสริมการศึกษาเอกชน,-,84,21.43,41.03,37.50,27.41,45.24,49.77,50.60,23.62,37.70,31.61,43.45,35.17,50.00,25.59,56.35,31.28,46.43,37.63
2565,ชุมชนบ้านแม่สูนหลวง,ฝาง,เล็ก,นอกเมือง,สำนักงานคณะกรรมการการศึกษาขั้นพื้นฐาน,สพป.เชียงใหม่ เขต 3,2,0.00,0.00,50.00,0.00,0.00,0.00,43.75,18.75,16.67,16.67,0.00,0.00,25.00,25.00,66.67,0.00,50.00,0.00
2565,เทพศิรินทร์๙โครงการหลวงในพระบรมราชูปถัมภ์,ฝาง,เล็ก,นอกเมือง,สำนักงานคณะกรรมการการศึกษาขั้นพื้นฐาน,สพป.เชียงใหม่ เขต 3,8,25.00,43.30,37.50,17.68,25.00,43.30,62.50,16.54,16.67,23.57,31.25,42.85,43.75,29.97,33.33,37.27,56.25,29.97
2565,เทศบาลเวียงฝาง,ฝาง,กลาง,นอกเมือง,กรมส่งเสริมการปกครองท้องถิ่น,ท้องถิ่นจังหวัดเชียงใหม่,34,38.24,48.60,37.50,36.00,5.88,23.53,38.24,17.92,24.51,23.30,29.41,29.99,42.65,36.65,36.27,30.64,26.47,32.62
2565,บ้านขอบด้ง,ฝาง,กลาง,นอกเมือง,สำนักงานคณะกรรมการการศึกษาขั้นพื้นฐาน,สพป.เชียงใหม่ เขต 3,13,23.08,42.13,34.62,28.65,23.08,42.13,46.15,24.21,15.38,21.14,15.38,23.08,57.69,18.04,30.77,24.33,30.77,24.33
2565,บ้านดงป่าลัน,ฝาง,เล็ก,นอกเมือง,สำนักงานคณะกรรมการการศึกษาขั้นพื้นฐาน,สพป.เชียงใหม่ เขต 3,6,33.33,47.14,37.50,27.95,16.67,37.27,45.83,18.63,22.22,15.71,16.67,23.57,58.33,34.36,66.67,38.49,50.00,40.82
2565,บ้านเด่นใหม่,ฝาง,เล็ก,นอกเมือง,สำนักงานคณะกรรมการการศึกษาขั้นพื้นฐาน,สพป.เชียงใหม่ เขต 3,17,41.18,49.22,42.65,31.81,23.53,42.42,47.79,22.38,33.33,30.25,58.82,30.85,44.12,33.79,45.10,32.22,14.71,22.78
2565,บ้านต้นผึ้ง,ฝาง,เล็ก,นอกเมือง,สำนักงานคณะกรรมการการศึกษาขั้นพื้นฐาน,สพป.เชียงใหม่ เขต 3,10,20.00,40.00,55.00,21.79,60.00,48.99,42.50,24.49,30.00,17.95,35.00,39.05,45.00,15.00,36.67,23.33,20.00,33.17
2565,บ้านต้นส้าน,ฝาง,เล็ก,นอกเมือง,สำนักงานคณะกรรมการการศึกษาขั้นพื้นฐาน,สพป.เชียงใหม่ เขต 3,9,0.00,0.00,27.78,32.16,66.67,47.14,56.94,25.76,40.74,26.19,61.11,31.43,44.44,15.71,62.96,18.89,38.89,20.79
2565,บ้านทุ่งหลุก,ฝาง,เล็ก,นอกเมือง,สำนักงานคณะกรรมการการศึกษาขั้นพื้นฐาน,สพป.เชียงใหม่ เขต 3,8,25.00,43.30,46.88,29.15,37.50,48.41,64.06,22.04,37.50,26.02,25.00,25.00,25.00,25.00,45.83,37.03,37.50,33.07
2565,บ้านปางปอย,ฝาง,กลาง,นอกเมือง,สำนักงานคณะกรรมการการศึกษาขั้นพื้นฐาน,สพป.เชียงใหม่ เขต 3,36,38.89,48.75,36.11,35.08,27.78,44.79,29.86,21.10,19.44,25.31,25.00,32.27,37.50,29.76,37.96,28.49,23.61,30.01
2565,บ้านปางสัก,ฝาง,เล็ก,นอกเมือง,สำนักงานคณะกรรมการการศึกษาขั้นพื้นฐาน,สพป.เชียงใหม่ เขต 3,9,22.22,41.57,47.22,34.25,44.44,49.69,38.89,22.40,18.52,16.56,33.33,23.57,66.67,33.33,55.56,35.14,27.78,34.25
2565,บ้านป่าบง,ฝาง,เล็ก,นอกเมือง,สำนักงานคณะกรรมการการศึกษาขั้นพื้นฐาน,สพป.เชียงใหม่ เขต 3,11,18.18,38.57,54.55,41.04,18.18,38.57,44.32,28.39,24.24,20.55,18.18,32.14,40.91,35.79,39.39,23.86,27.27,32.78
2565,บ้านโป่งถืบ,ฝาง,กลาง,นอกเมือง,สำนักงานคณะกรรมการการศึกษาขั้นพื้นฐาน,สพป.เชียงใหม่ เขต 3,36,33.33,47.14,30.56,26.43,30.56,46.06,41.32,18.59,25.93,26.19,30.56,29.53,45.83,27.32,40.74,24.98,18.06,26.75
2565,บ้านโป่งนก,ฝาง,กลาง,นอกเมือง,สำนักงานคณะกรรมการการศึกษาขั้นพื้นฐาน,สพป.เชียงใหม่ เขต 3,21,14.29,34.99,35.71,28.42,9.52,29.35,45.83,27.91,26.98,26.47,30.95,24.28,38.10,30.49,44.44,25.89,21.43,32.99
2565,บ้านโป่งน้ำร้อน,ฝาง,เล็ก,นอกเมือง,สำนักงานคณะกรรมการการศึกษาขั้นพื้นฐาน,สพป.เชียงใหม่ เขต 3,10,20.00,40.00,35.00,22.91,0.00,0.00,48.75,29.29,20.00,16.33,35.00,22.91,25.00,25.00,46.67,22.11,30.00,24.49
2565,บ้านม่วงชุม,ฝาง,กลาง,นอกเมือง,สำนักงานคณะกรรมการการศึกษาขั้นพื้นฐาน,สพป.เชียงใหม่ เขต 3,24,20.83,40.61,34.38,30.46,25.00,43.30,36.98,29.86,30.56,23.41,10.42,20.31,47.92,30.55,44.44,26.64,35.42,30.55
2565,บ้านม่อนปิ่น,ฝาง,กลาง,นอกเมือง,สำนักงานคณะกรรมการการศึกษาขั้นพื้นฐาน,สพป.เชียงใหม่ เขต 3,18,16.67,37.27,27.78,24.85,27.78,44.79,55.56,27.39,20.37,22.60,27.78,29.92,50.00,23.57,48.15,37.22,38.89,26.64
2565,บ้านแม่ข่า,ฝาง,กลาง,นอกเมือง,สำนักงานคณะกรรมการการศึกษาขั้นพื้นฐาน,สพป.เชียงใหม่ เขต 3,17,29.41,45.56,26.47,37.84,17.65,38.12,42.65,19.20,15.69,20.19,38.24,32.22,41.18,30.85,47.06,36.26,29.41,24.61
2565,บ้านแม่คะ,ฝาง,กลาง,นอกเมือง,สำนักงานคณะกรรมการการศึกษาขั้นพื้นฐาน,สพป.เชียงใหม่ เขต 3,27,33.33,47.14,28.70,29.43,22.22,41.57,45.83,20.41,27.16,24.07,33.33,36.00,40.74,23.72,40.74,31.86,18.52,27.72
2565,บ้านแม่งอนกลาง,ฝาง,เล็ก,นอกเมือง,สำนักงานคณะกรรมการการศึกษาขั้นพื้นฐาน,สพป.เชียงใหม่ เขต 3,10,30.00,45.83,20.00,21.79,60.00,48.99,36.25,22.67,20.00,16.33,35.00,39.05,40.00,30.00,56.67,26.03,20.00,24.49
2565,บ้านแม่งอนขี้เหล็ก,ฝาง,กลาง,นอกเมือง,กรมส่งเสริมการปกครองท้องถิ่น,ท้องถิ่นจังหวัดเชียงใหม่,34,14.71,35.42,43.38,30.50,20.59,40.43,41.54,24.76,22.55,23.87,27.94,34.71,41.18,30.85,37.25,27.73,27.94,30.17
2565,บ้านแม่ใจ,ฝาง,เล็ก,นอกเมือง,สำนักงานคณะกรรมการการศึกษาขั้นพื้นฐาน,สพป.เชียงใหม่ เขต 3,2,100.00,0.00,50.00,0.00,100.00,0.00,43.75,18.75,50.00,16.67,75.00,25.00,0.00,0.00,16.67,16.67,50.00,0.00
2565,บ้านแม่สูนน้อย,ฝาง,เล็ก,นอกเมือง,สำนักงานคณะกรรมการการศึกษาขั้นพื้นฐาน,สพป.เชียงใหม่ เขต 3,9,55.56,49.69,55.56,25.76,0.00,0.00,52.78,18.43,22.22,22.22,44.44,15.71,44.44,28.33,51.85,22.83,16.67,23.57
2565,บ้านยาง,ฝาง,เล็ก,นอกเมือง,สำนักงานคณะกรรมการการศึกษาขั้นพื้นฐาน,สพป.เชียงใหม่ เขต 3,4,0.00,0.00,25.00,25.00,25.00,43.30,50.00,15.31,41.67,14.43,37.50,21.65,62.50,21.65,50.00,16.67,37.50,41.46
2565,บ้านล้องอ้อ,ฝาง,เล็ก,นอกเมือง,กรมส่งเสริมการปกครองท้องถิ่น,ท้องถิ่นจังหวัดเชียงใหม่,21,19.05,39.27,36.90,32.38,9.52,29.35,47.62,24.59,33.33,20.57,28.57,32.99,35.71,34.99,34.92,28.13,23.81,29.35
2565,บ้านลาน,ฝาง,กลาง,นอกเมือง,สำนักงานคณะกรรมการการศึกษาขั้นพื้นฐาน,สพป.เชียงใหม่ เขต 3,11,9.09,28.75,31.82,40.02,36.36,48.10,64.77,14.90,18.18,16.60,31.82,32.14,54.55,33.40,69.70,30.00,31.82,32.14
2565,บ้านเวียงฝาง,ฝาง,ใหญ่,นอกเมือง,สำนักงานคณะกรรมการการศึกษาขั้นพื้นฐาน,สพป.เชียงใหม่ เขต 3,18,22.22,41.57,37.50,34.61,16.67,37.27,37.50,25.00,18.52,25.39,19.44,29.53,38.89,26.64,40.74,32.50,19.44,24.37
2565,บ้านเวียงหวาย,ฝาง,กลาง,นอกเมือง,สำนักงานคณะกรรมการการศึกษาขั้นพื้นฐาน,สพป.เชียงใหม่ เขต 3,12,33.33,47.14,54.17,30.33,25.00,43.30,48.96,23.08,33.33,23.57,37.50,36.08,37.50,29.76,55.56,36.85,33.33,31.18
2565,บ้านศรีดอนชัย,ฝาง,เล็ก,นอกเมือง,สำนักงานคณะกรรมการการศึกษาขั้นพื้นฐาน,สพป.เชียงใหม่ เขต 3,4,0.00,0.00,56.25,10.83,0.00,0.00,37.50,15.31,50.00,28.87,25.00,25.00,37.50,21.65,41.67,27.64,37.50,21.65
2565,บ้านสันต้นดู่,ฝาง,เล็ก,นอกเมือง,สำนักงานคณะกรรมการการศึกษาขั้นพื้นฐาน,สพป.เชียงใหม่ เขต 3,12,8.33,27.64,37.50,33.07,41.67,49.30,48.96,24.18,30.56,31.79,20.83,24.65,45.83,13.82,50.00,31.91,41.67,27.64
2565,บ้านสันต้นเปา,ฝาง,เล็ก,นอกเมือง,สำนักงานคณะกรรมการการศึกษาขั้นพื้นฐาน,สพป.เชียงใหม่ เขต 3,1,0.00,0.00,50.00,0.00,0.00,0.00,0.00,0.00,33.33,0.00,0.00,0.00,0.00,0.00,33.33,0.00,50.00,0.00
2565,บ้านสันทราย,ฝาง,เล็ก,นอกเมือง,สำนักงานคณะกรรมการการศึกษาขั้นพื้นฐาน,สพป.เชียงใหม่ เขต 3,9,11.11,31.43,36.11,29.13,22.22,41.57,40.28,21.87,11.11,15.71,38.89,31.43,50.00,0.00,25.93,26.19,22.22,24.85
2565,บ้านสันทรายคองน้อย,ฝาง,กลาง,นอกเมือง,สำนักงานคณะกรรมการการศึกษาขั้นพื้นฐาน,สพป.เชียงใหม่ เขต 3,18,22.22,41.57,30.56,29.53,38.89,48.75,52.08,24.74,33.33,24.85,38.89,26.64,52.78,26.21,48.15,27.72,19.44,29.53
2565,บ้านสันป่าแดง,ฝาง,เล็ก,นอกเมือง,สำนักงานคณะกรรมการการศึกษาขั้นพื้นฐาน,สพป.เชียงใหม่ เขต 3,13,15.38,36.08,53.85,27.47,61.54,48.65,27.88,21.46,20.51,30.77,38.46,28.78,42.31,33.09,43.59,30.34,23.08,24.93
2565,บ้านสันม่วง,ฝาง,เล็ก,นอกเมือง,สำนักงานคณะกรรมการการศึกษาขั้นพื้นฐาน,สพป.เชียงใหม่ เขต 3,3,0.00,0.00,8.33,11.79,0.00,0.00,16.67,11.79,22.22,15.71,33.33,23.57,50.00,0.00,44.44,15.71,33.33,47.14
2565,บ้านหนองขวาง,ฝาง,เล็ก,นอกเมือง,สำนักงานคณะกรรมการการศึกษาขั้นพื้นฐาน,สพป.เชียงใหม่ เขต 3,2,50.00,50.00,87.50,12.50,0.00,0.00,37.50,12.50,33.33,33.33,25.00,25.00,75.00,25.00,66.67,0.00,0.00,0.00
2565,บ้านหนองยาว,ฝาง,เล็ก,นอกเมือง,สำนักงานคณะกรรมการการศึกษาขั้นพื้นฐาน,สพป.เชียงใหม่ เขต 3,14,28.57,45.18,35.71,38.63,57.14,49.49,62.50,22.66,45.24,34.75,53.57,35.17,21.43,24.74,57.14,29.35,35.71,34.99
2565,บ้านหลวง,ฝาง,กลาง,นอกเมือง,สำนักงานคณะกรรมการการศึกษาขั้นพื้นฐาน,สพป.เชียงใหม่ เขต 3,41,19.51,39.63,35.37,30.23,19.51,39.63,28.96,22.33,26.02,27.06,28.05,29.32,40.24,27.54,39.84,33.91,25.61,31.47
2565,บ้านหล่ายฝาง,ฝาง,เล็ก,นอกเมือง,กรมส่งเสริมการปกครองท้องถิ่น,ท้องถิ่นจังหวัดเชียงใหม่,23,17.39,37.90,39.13,28.39,30.43,46.01,41.85,23.78,28.99,28.33,36.96,36.76,39.13,29.33,55.07,30.47,17.39,23.81
2565,บ้านห้วยไคร้,ฝาง,เล็ก,นอกเมือง,สำนักงานคณะกรรมการการศึกษาขั้นพื้นฐาน,สพป.เชียงใหม่ เขต 3,20,20.00,40.00,30.00,28.06,35.00,47.70,27.50,12.87,18.33,22.30,32.50,32.69,47.50,24.87,31.67,32.45,12.50,21.65
2565,บ้านห้วยงูกลาง,ฝาง,เล็ก,นอกเมือง,สำนักงานคณะกรรมการการศึกษาขั้นพื้นฐาน,สพป.เชียงใหม่ เขต 3,11,27.27,44.54,40.91,32.46,63.64,48.10,71.59,23.89,45.45,29.38,59.09,35.79,50.00,21.32,72.73,31.20,22.73,24.90
2565,บ้านห้วยบอน,ฝาง,เล็ก,นอกเมือง,สำนักงานคณะกรรมการการศึกษาขั้นพื้นฐาน,สพป.เชียงใหม่ เขต 3,3,0.00,0.00,25.00,0.00,0.00,0.00,41.67,5.89,22.22,31.43,0.00,0.00,33.33,23.57,33.33,0.00,16.67,23.57
2565,บ้านห้วยหมากเลี่ยม,ฝาง,กลาง,นอกเมือง,สำนักงานคณะกรรมการการศึกษาขั้นพื้นฐาน,สพป.เชียงใหม่ เขต 3,37,29.73,45.71,34.46,29.84,18.92,39.17,48.65,27.38,29.73,26.60,29.73,33.81,33.78,28.60,43.24,30.87,25.68,29.91
2565,บ้านห้วยห้อม,ฝาง,เล็ก,นอกเมือง,สำนักงานคณะกรรมการการศึกษาขั้นพื้นฐาน,สพป.เชียงใหม่ เขต 3,5,20.00,40.00,30.00,24.49,60.00,48.99,40.00,18.37,20.00,26.67,30.00,40.00,60.00,20.00,60.00,13.33,50.00,31.62
2565,บ้านห้วยเฮี่ยน,ฝาง,เล็ก,นอกเมือง,สำนักงานคณะกรรมการการศึกษาขั้นพื้นฐาน,สพป.เชียงใหม่ เขต 3,8,25.00,43.30,46.88,31.72,37.50,48.41,26.56,21.14,8.33,14.43,31.25,34.80,31.25,24.21,41.67,27.64,12.50,21.65
2565,บ้านหัวนา,ฝาง,เล็ก,นอกเมือง,สำนักงานคณะกรรมการการศึกษาขั้นพื้นฐาน,สพป.เชียงใหม่ เขต 3,20,10.00,30.00,31.25,29.45,15.00,35.71,38.13,22.53,23.33,18.56,47.50,37.00,47.50,33.45,61.67,21.79,40.00,33.91
2565,บ้านหัวฝาย,ฝาง,เล็ก,นอกเมือง,สำนักงานคณะกรรมการการศึกษาขั้นพื้นฐาน,สพป.เชียงใหม่ เขต 3,3,33.33,47.14,50.00,40.82,66.67,47.14,41.67,11.79,22.22,15.71,16.67,23.57,50.00,0.00,44.44,15.71,0.00,0.00
2565,บ้านเหมืองแร่,ฝาง,กลาง,นอกเมือง,สำนักงานคณะกรรมการการศึกษาขั้นพื้นฐาน,สพป.เชียงใหม่ เขต 3,33,30.30,45.96,28.03,21.98,6.06,23.86,41.29,22.92,18.18,20.25,40.91,35.79,45.45,31.05,31.31,24.54,30.30,24.43
2565,รังษีวิทยา,ฝาง,ใหญ่พิเศษ,นอกเมือง,สำนักงานคณะกรรมการส่งเสริมการศึกษาเอกชน,-,194,24.74,43.15,45.75,32.87,42.27,49.40,54.64,27.94,37.29,30.30,39.69,36.92,51.80,29.33,62.37,29.87,47.42,36.52
2565,รัตนาเอื้อวิทยา,ฝาง,ใหญ่,นอกเมือง,สำนักงานคณะกรรมการส่งเสริมการศึกษาเอกชน,-,81,23.46,42.37,32.72,29.57,13.58,34.26,39.20,21.13,26.75,25.35,21.60,27.15,45.68,31.62,51.03,33.16,31.48,33.74
2565,วัดนันทาราม,ฝาง,กลาง,นอกเมือง,สำนักงานคณะกรรมการการศึกษาขั้นพื้นฐาน,สพป.เชียงใหม่ เขต 3,11,18.18,38.57,22.73,32.78,18.18,38.57,40.91,22.03,24.24,24.99,36.36,37.48,54.55,25.71,30.30,26.42,45.45,33.40
2565,วัดศรีบุญเรือง,ฝาง,เล็ก,นอกเมือง,สำนักงานคณะกรรมการการศึกษาขั้นพื้นฐาน,สพป.เชียงใหม่ เขต 3,6,0.00,0.00,45.83,30.33,16.67,37.27,27.08,16.80,22.22,15.71,58.33,34.36,41.67,34.36,27.78,22.91,33.33,37.27
2565,วิรุณเทพ,ฝาง,เล็ก,นอกเมือง,สำนักงานคณะกรรมการการศึกษาขั้นพื้นฐาน,สพป.เชียงใหม่ เขต 3,10,20.00,40.00,42.50,31.72,10.00,30.00,45.00,22.50,16.67,22.36,25.00,33.54,30.00,24.49,36.67,17.95,15.00,32.02
2565,สายอักษร,ฝาง,กลาง,นอกเมือง,สำนักงานคณะกรรมการส่งเสริมการศึกษาเอกชน,-,57,22.81,41.96,28.95,29.91,26.32,44.03,47.59,18.05,38.01,30.23,44.74,35.89,51.75,24.72,63.74,27.42,31.58,33.29
2565,อาโอยาม่า,ฝาง,เล็ก,นอกเมือง,กองบัญชาการตำรวจตระเวนชายแดน,-,11,9.09,28.75,36.36,19.55,18.18,38.57,37.50,22.61,45.45,21.43,27.27,24.90,36.36,30.83,36.36,17.14,9.09,19.28
2565,เจ้าพ่อหลวงอุปถัมภ์ 2,พร้าว,เล็ก,นอกเมือง,กองบัญชาการตำรวจตระเวนชายแดน,-,11,45.45,49.79,25.00,28.20,27.27,44.54,51.14,16.39,30.30,22.27,31.82,24.05,45.45,33.40,63.64,36.11,31.82,32.14
2565,ชุมชนบ้านโป่ง,พร้าว,เล็ก,นอกเมือง,สำนักงานคณะกรรมการการศึกษาขั้นพื้นฐาน,สพป.เชียงใหม่ เขต 2,6,16.67,37.27,33.33,34.36,0.00,0.00,58.33,19.98,16.67,25.46,33.33,37.27,58.33,18.63,83.33,25.46,50.00,28.87
2565,ชุมชนสหกรณ์นิคมวิทยา,พร้าว,เล็ก,นอกเมือง,สำนักงานคณะกรรมการการศึกษาขั้นพื้นฐาน,สพป.เชียงใหม่ เขต 2,23,13.04,33.68,22.83,26.49,17.39,37.90,36.96,25.93,15.94,21.69,32.61,37.90,41.30,28.18,34.78,28.62,28.26,32.39
2565,บ้านขุนแจ๋,พร้าว,เล็ก,นอกเมือง,สำนักงานคณะกรรมการการศึกษาขั้นพื้นฐาน,สพป.เชียงใหม่ เขต 2,6,50.00,50.00,29.17,36.56,16.67,37.27,37.50,33.85,22.22,15.71,41.67,34.36,41.67,34.36,22.22,36.85,25.00,25.00
2565,บ้านแจ่งกู่เรือง,พร้าว,กลาง,นอกเมือง,สำนักงานคณะกรรมการการศึกษาขั้นพื้นฐาน,สพป.เชียงใหม่ เขต 2,95,30.53,46.05,40.00,34.30,25.26,43.45,55.53,23.97,37.54,29.91,42.11,32.70,58.42,23.68,58.95,31.51,35.79,32.98
2565,บ้านต้นรุง,พร้าว,เล็ก,นอกเมือง,สำนักงานคณะกรรมการการศึกษาขั้นพื้นฐาน,สพป.เชียงใหม่ เขต 2,8,25.00,43.30,31.25,29.97,25.00,43.30,45.31,16.46,12.50,16.14,18.75,24.21,43.75,29.97,41.67,22.05,18.75,24.21
2565,บ้านท่ามะเกี๋ยง,พร้าว,เล็ก,นอกเมือง,สำนักงานคณะกรรมการการศึกษาขั้นพื้นฐาน,สพป.เชียงใหม่ เขต 2,2,50.00,50.00,37.50,12.50,50.00,50.00,43.75,6.25,33.33,0.00,0.00,0.00,25.00,25.00,66.67,0.00,25.00,25.00
2565,บ้านนาบุญโหล่งขอด,พร้าว,เล็ก,นอกเมือง,สำนักงานคณะกรรมการการศึกษาขั้นพื้นฐาน,สพป.เชียงใหม่ เขต 2,7,14.29,34.99,39.29,22.59,57.14,49.49,48.21,34.35,42.86,23.33,42.86,41.65,71.43,36.42,76.19,29.35,50.00,26.73
2565,บ้านป่าตุ้ม,พร้าว,กลาง,นอกเมือง,สำนักงานคณะกรรมการการศึกษาขั้นพื้นฐาน,สพป.เชียงใหม่ เขต 2,12,25.00,43.30,20.83,28.57,50.00,50.00,53.13,24.54,27.78,26.64,33.33,37.27,29.17,32.00,61.11,29.92,37.50,36.08
2565,บ้านป่าไหน่,พร้าว,เล็ก,นอกเมือง,สำนักงานคณะกรรมการการศึกษาขั้นพื้นฐาน,สพป.เชียงใหม่ เขต 2,6,50.00,50.00,37.50,23.94,16.67,37.27,37.50,22.82,11.11,15.71,41.67,18.63,50.00,28.87,55.56,24.85,41.67,18.63
2565,บ้านแม่ปั๋ง,พร้าว,เล็ก,นอกเมือง,สำนักงานคณะกรรมการการศึกษาขั้นพื้นฐาน,สพป.เชียงใหม่ เขต 2,6,0.00,0.00,37.50,27.95,33.33,47.14,35.42,11.22,27.78,22.91,41.67,34.36,58.33,18.63,50.00,16.67,8.33,18.63
2565,บ้านแม่ปาคี,พร้าว,เล็ก,นอกเมือง,สำนักงานคณะกรรมการการศึกษาขั้นพื้นฐาน,สพป.เชียงใหม่ เขต 2,12,25.00,43.30,25.00,22.82,33.33,47.14,31.25,25.77,16.67,16.67,20.83,32.00,54.17,32.00,33.33,23.57,25.00,32.27
2565,บ้านแม่เหียะ,พร้าว,เล็ก,นอกเมือง,สำนักงานคณะกรรมการการศึกษาขั้นพื้นฐาน,สพป.เชียงใหม่ เขต 2,21,19.05,39.27,30.95,25.48,52.38,49.94,45.24,20.22,23.81,25.50,26.19,33.16,50.00,21.82,50.79,33.52,19.05,28.77
2565,บ้านสันกลาง,พร้าว,เล็ก,นอกเมือง,สำนักงานคณะกรรมการการศึกษาขั้นพื้นฐาน,สพป.เชียงใหม่ เขต 2,2,50.00,50.00,37.50,12.50,50.00,50.00,50.00,25.00,50.00,16.67,100.00,0.00,25.00,25.00,66.67,0.00,25.00,25.00
2565,บ้านสันปง,พร้าว,เล็ก,นอกเมือง,สำนักงานคณะกรรมการการศึกษาขั้นพื้นฐาน,สพป.เชียงใหม่ เขต 2,4,50.00,50.00,31.25,20.73,25.00,43.30,59.38,22.32,50.00,16.67,37.50,41.46,37.50,21.65,58.33,43.30,37.50,41.46
2565,บ้านหนองปิด,พร้าว,เล็ก,นอกเมือง,สำนักงานคณะกรรมการการศึกษาขั้นพื้นฐาน,สพป.เชียงใหม่ เขต 2,13,23.08,42.13,28.85,21.59,15.38,36.08,41.35,26.12,23.08,27.38,42.31,38.46,50.00,19.61,43.59,27.38,34.62,23.08
2565,บ้านหลวง,พร้าว,เล็ก,นอกเมือง,สำนักงานคณะกรรมการการศึกษาขั้นพื้นฐาน,สพป.เชียงใหม่ เขต 2,5,40.00,48.99,40.00,33.91,20.00,40.00,37.50,17.68,20.00,16.33,30.00,24.49,60.00,48.99,53.33,16.33,40.00,37.42
2565,บ้านห้วยบง,พร้าว,เล็ก,นอกเมือง,สำนักงานคณะกรรมการการศึกษาขั้นพื้นฐาน,สพป.เชียงใหม่ เขต 2,5,0.00,0.00,45.00,10.00,20.00,40.00,42.50,26.93,26.67,24.94,30.00,24.49,30.00,24.49,46.67,26.67,30.00,24.49
2565,ประชาสามัคคีวิทยา,พร้าว,เล็ก,นอกเมือง,สำนักงานคณะกรรมการการศึกษาขั้นพื้นฐาน,สพป.เชียงใหม่ เขต 2,5,20.00,40.00,50.00,31.62,40.00,48.99,35.00,34.82,20.00,16.33,10.00,20.00,70.00,24.49,46.67,26.67,40.00,37.42
2565,ประดู่วิทยา,พร้าว,เล็ก,นอกเมือง,สำนักงานคณะกรรมการการศึกษาขั้นพื้นฐาน,สพป.เชียงใหม่ เขต 2,4,50.00,50.00,50.00,35.36,50.00,50.00,46.88,22.32,33.33,23.57,50.00,35.36,50.00,0.00,66.67,23.57,37.50,21.65
2565,พร้าวบูรพา,พร้าว,เล็ก,นอกเมือง,สำนักงานคณะกรรมการการศึกษาขั้นพื้นฐาน,สพป.เชียงใหม่ เขต 2,15,20.00,40.00,33.33,29.81,13.33,33.99,50.00,24.58,17.78,20.61,30.00,35.59,46.67,22.11,48.89,23.93,36.67,28.67
2565,สหกรณ์ดำริ,พร้าว,เล็ก,นอกเมือง,สำนักงานคณะกรรมการการศึกษาขั้นพื้นฐาน,สพป.เชียงใหม่ เขต 2,5,20.00,40.00,50.00,15.81,0.00,0.00,47.50,18.37,6.67,13.33,60.00,37.42,30.00,24.49,46.67,16.33,20.00,24.49
2565,กสิณธร เซนต์เจมส์ เชียงใหม่,เมืองเชียงใหม่,เล็ก,ในเมือง,สำนักงานคณะกรรมการส่งเสริมการศึกษาเอกชน,-,16,6.25,24.21,35.94,27.91,43.75,49.61,65.63,21.88,37.50,26.02,50.00,35.36,46.88,27.78,75.00,25.00,50.00,35.36
2565,โกวิทธำรงเชียงใหม่,เมืองเชียงใหม่,ใหญ่,ในเมือง,สำนักงานคณะกรรมการส่งเสริมการศึกษาเอกชน,-,123,37.40,48.39,43.70,31.97,56.10,49.63,54.07,25.53,33.33,29.14,52.44,35.98,54.47,27.06,54.74,30.39,53.25,34.77
2565,ขาลสุวรรณอนุสรณ์,เมืองเชียงใหม่,กลาง,ในเมือง,สำนักงานคณะกรรมการส่งเสริมการศึกษาเอกชน,-,36,30.56,46.06,31.25,28.49,16.67,37.27,50.35,23.10,25.00,21.34,37.50,32.00,47.22,28.73,39.81,32.22,33.33,33.33
2565,คำเที่ยงอนุสสรณ์,เมืองเชียงใหม่,กลาง,ในเมือง,สำนักงานคณะกรรมการการศึกษาขั้นพื้นฐาน,สพป.เชียงใหม่ เขต 1,93,41.94,49.35,44.89,31.01,40.86,49.16,47.72,24.73,30.82,30.23,47.85,34.32,47.31,33.89,53.41,31.35,34.95,31.78
2565,จิตราวิทยา,เมืองเชียงใหม่,ใหญ่,ในเมือง,สำนักงานคณะกรรมการส่งเสริมการศึกษาเอกชน,-,114,14.91,35.62,35.53,28.46,19.30,39.46,47.48,25.23,32.46,29.44,46.05,35.13,47.81,29.16,51.46,30.95,39.47,32.09
2565,เจ้าพ่อหลวงอุปถัมภ์ 1,เมืองเชียงใหม่,เล็ก,ในเมือง,สำนักงานคณะกรรมการการศึกษาขั้นพื้นฐาน,สพป.เชียงใหม่ เขต 1,15,40.00,48.99,28.33,33.99,33.33,47.14,44.17,26.95,31.11,25.72,26.67,35.90,40.00,27.08,37.78,31.89,30.00,24.49
2565,ชุมชนเทศบาลวัดศรีดอนไชย,เมืองเชียงใหม่,กลาง,ในเมือง,กรมส่งเสริมการปกครองท้องถิ่น,ท้องถิ่นจังหวัดเชียงใหม่,25,32.00,46.65,44.00,31.84,48.00,49.96,57.00,24.77,53.33,32.66,58.00,36.55,82.00,24.00,49.33,34.15,40.00,28.28
2565,ชุมชนบ้านบวกครกน้อย,เมืองเชียงใหม่,กลาง,ในเมือง,สำนักงานคณะกรรมการการศึกษาขั้นพื้นฐาน,สพป.เชียงใหม่ เขต 1,37,37.84,48.50,45.27,33.81,51.35,49.98,57.09,27.04,22.52,23.32,24.32,27.56,45.95,29.36,45.05,25.95,60.81,42.13
2565,ชุมชนวัดท่าเดื่อ,เมืองเชียงใหม่,เล็ก,ในเมือง,สำนักงานคณะกรรมการการศึกษาขั้นพื้นฐาน,สพป.เชียงใหม่ เขต 1,16,31.25,46.35,21.88,24.80,25.00,43.30,56.25,20.25,18.75,20.31,28.13,30.46,43.75,29.97,43.75,28.18,34.38,34.09
2565,เชียงใหม่คริสเตียน,เมืองเชียงใหม่,ใหญ่,ในเมือง,สำนักงานคณะกรรมการส่งเสริมการศึกษาเอกชน,-,90,24.44,42.98,34.44,29.95,27.78,44.79,48.89,23.25,26.30,24.59,42.78,34.61,48.33,28.33,48.89,33.41,44.44,36.85
2565,ดาราวิทยาลัย,เมืองเชียงใหม่,ใหญ่พิเศษ,ในเมือง,สำนักงานคณะกรรมการส่งเสริมการศึกษาเอกชน,-,247,34.41,47.51,44.33,30.57,51.42,49.98,57.39,25.74,46.15,31.49,46.15,35.93,55.47,28.82,58.16,33.73,50.81,35.70
2565,ท่าศาลา,เมืองเชียงใหม่,เล็ก,ในเมือง,สำนักงานคณะกรรมการการศึกษาขั้นพื้นฐาน,สพป.เชียงใหม่ เขต 1,18,27.78,44.79,33.33,30.05,11.11,31.43,47.92,30.69,24.07,24.36,30.56,33.91,52.78,31.06,38.89,38.89,27.78,24.85
2565,เทพบดินทร์วิทยาเชียงใหม่,เมืองเชียงใหม่,ใหญ่,ในเมือง,สำนักงานคณะกรรมการส่งเสริมการศึกษาเอกชน,-,139,24.46,42.99,32.55,30.09,26.62,44.20,47.30,23.98,31.89,27.95,38.49,35.13,42.09,28.92,52.52,28.55,45.32,37.88
2565,เทศบาลดอกเงิน,เมืองเชียงใหม่,เล็ก,ในเมือง,กรมส่งเสริมการปกครองท้องถิ่น,ท้องถิ่นจังหวัดเชียงใหม่,13,38.46,48.65,67.31,28.39,23.08,42.13,48.08,29.76,30.77,33.23,46.15,30.77,61.54,21.07,51.28,21.14,26.92,24.93
2565,เทศบาลวัดกู่คำ,เมืองเชียงใหม่,เล็ก,ในเมือง,กรมส่งเสริมการปกครองท้องถิ่น,ท้องถิ่นจังหวัดเชียงใหม่,12,8.33,27.64,45.83,19.98,25.00,43.30,52.08,25.94,30.56,28.73,50.00,35.36,33.33,23.57,63.89,28.73,37.50,29.76
2565,เทศบาลวัดเกตการาม,เมืองเชียงใหม่,เล็ก,ในเมือง,กรมส่งเสริมการปกครองท้องถิ่น,ท้องถิ่นจังหวัดเชียงใหม่,15,6.67,24.94,30.00,34.40,26.67,44.22,59.17,25.60,35.56,22.66,53.33,33.99,53.33,28.67,60.00,30.31,50.00,40.82
2565,เทศบาลวัดเชียงยืน,เมืองเชียงใหม่,กลาง,ในเมือง,กรมส่งเสริมการปกครองท้องถิ่น,ท้องถิ่นจังหวัดเชียงใหม่,32,43.75,49.61,51.56,33.03,37.50,48.41,60.16,23.06,36.46,34.72,42.19,35.60,64.06,28.60,52.08,26.27,40.63,36.31
2565,เทศบาลวัดท่าสะต๋อย,เมืองเชียงใหม่,กลาง,ในเมือง,กรมส่งเสริมการปกครองท้องถิ่น,ท้องถิ่นจังหวัดเชียงใหม่,48,37.50,48.41,45.83,36.20,41.67,49.30,52.34,27.79,30.56,28.73,35.42,38.13,51.04,27.93,61.81,31.91,46.88,35.95
2565,เทศบาลวัดป่าแพ่ง,เมืองเชียงใหม่,กลาง,ในเมือง,กรมส่งเสริมการปกครองท้องถิ่น,ท้องถิ่นจังหวัดเชียงใหม่,32,15.63,36.31,32.81,30.90,50.00,50.00,56.64,18.48,36.46,29.30,35.94,37.99,53.13,24.80,51.04,28.85,26.56,24.95
2565,เทศบาลวัดพวกช้าง,เมืองเชียงใหม่,เล็ก,ในเมือง,กรมส่งเสริมการปกครองท้องถิ่น,ท้องถิ่นจังหวัดเชียงใหม่,11,36.36,48.10,34.09,28.75,9.09,28.75,50.00,27.70,45.45,29.38,36.36,37.48,59.09,28.75,57.58,28.75,22.73,24.90
2565,เทศบาลวัดศรีปิงเมือง,เมืองเชียงใหม่,กลาง,ในเมือง,กรมส่งเสริมการปกครองท้องถิ่น,ท้องถิ่นจังหวัดเชียงใหม่,19,36.84,48.24,26.32,24.97,36.84,48.24,49.34,22.39,29.82,28.40,42.11,40.60,42.11,33.49,66.67,26.49,36.84,31.80
2565,เทศบาลวัดศรีสุพรรณ,เมืองเชียงใหม่,กลาง,ในเมือง,กรมส่งเสริมการปกครองท้องถิ่น,ท้องถิ่นจังหวัดเชียงใหม่,14,42.86,49.49,46.43,32.54,21.43,41.03,51.79,23.56,26.19,28.67,28.57,24.74,39.29,27.89,45.24,32.38,21.43,24.74
2565,เทศบาลวัดหมื่นเงินกอง,เมืองเชียงใหม่,เล็ก,ในเมือง,กรมส่งเสริมการปกครองท้องถิ่น,ท้องถิ่นจังหวัดเชียงใหม่,20,25.00,43.30,25.00,25.00,50.00,50.00,58.75,21.32,30.00,23.33,42.50,39.61,42.50,28.61,61.67,28.43,30.00,40.00
2565,บ้านเชิงดอยสุเทพ,เมืองเชียงใหม่,เล็ก,ในเมือง,สำนักงานคณะกรรมการการศึกษาขั้นพื้นฐาน,สพป.เชียงใหม่ เขต 1,16,50.00,50.00,35.94,34.20,25.00,43.30,49.22,19.50,37.50,28.57,68.75,34.80,46.88,21.42,66.67,23.57,62.50,33.07
2565,บ้านดอนปิน,เมืองเชียงใหม่,เล็ก,ในเมือง,สำนักงานคณะกรรมการการศึกษาขั้นพื้นฐาน,สพป.เชียงใหม่ เขต 1,29,24.14,42.79,34.48,27.40,17.24,37.77,37.07,25.95,25.29,29.89,31.03,33.25,41.38,29.56,40.23,25.34,27.59,24.87
2565,บ้านท่าหลุกสันทราย,เมืองเชียงใหม่,กลาง,ในเมือง,สำนักงานคณะกรรมการการศึกษาขั้นพื้นฐาน,สพป.เชียงใหม่ เขต 1,14,42.86,49.49,55.36,21.50,0.00,0.00,57.14,19.88,30.95,29.45,35.71,29.45,53.57,22.87,66.67,30.86,42.86,31.94
2565,บ้านโป่งน้อย,เมืองเชียงใหม่,กลาง,ในเมือง,สำนักงานคณะกรรมการการศึกษาขั้นพื้นฐาน,สพป.เชียงใหม่ เขต 1,57,28.07,44.93,43.86,33.86,19.30,39.46,44.30,20.56,23.39,26.46,43.86,35.13,38.60,33.79,39.18,32.52,28.07,31.09
2565,บ้านแม่เหียะสามัคคี,เมืองเชียงใหม่,เล็ก,ในเมือง,สำนักงานคณะกรรมการการศึกษาขั้นพื้นฐาน,สพป.เชียงใหม่ เขต 1,10,20.00,40.00,32.50,27.50,50.00,50.00,28.75,17.72,26.67,24.94,25.00,33.54,50.00,31.62,43.33,26.03,45.00,35.00
2565,บ้านห้วยทราย,เมืองเชียงใหม่,เล็ก,ในเมือง,สำนักงานคณะกรรมการการศึกษาขั้นพื้นฐาน,สพป.เชียงใหม่ เขต 1,8,37.50,48.41,28.13,38.40,12.50,33.07,37.50,27.24,29.17,26.02,25.00,35.36,50.00,25.00,62.50,11.02,18.75,24.21
2565,ปรินส์รอยแยลส์วิทยาลัย,เมืองเชียงใหม่,ใหญ่พิเศษ,ในเมือง,สำนักงานคณะกรรมการส่งเสริมการศึกษาเอกชน,-,498,37.15,48.32,40.76,29.94,69.48,46.05,63.60,24.44,51.81,31.23,54.22,36.71,63.45,29.55,71.69,28.56,55.72,37.52
2565,พระหฤทัยเชียงใหม่,เมืองเชียงใหม่,ใหญ่,ในเมือง,สำนักงานคณะกรรมการส่งเสริมการศึกษาเอกชน,-,112,32.14,46.70,39.29,33.02,19.64,39.73,55.80,25.60,33.63,29.38,46.88,36.77,57.14,25.75,58.63,30.29,55.80,37.05
2565,พิงครัตน์,เมืองเชียงใหม่,เล็ก,ในเมือง,สำนักงานคณะกรรมการส่งเสริมการศึกษาเอกชน,-,9,11.11,31.43,41.67,16.67,66.67,47.14,58.33,27.00,40.74,20.95,83.33,23.57,55.56,28.33,88.89,15.71,50.00,47.14
2565,พิมานเด็กเชียงใหม่,เมืองเชียงใหม่,กลาง,ในเมือง,สำนักงานคณะกรรมการส่งเสริมการศึกษาเอกชน,-,26,46.15,49.85,42.31,30.04,65.38,47.57,58.17,23.50,34.62,26.92,48.08,37.93,61.54,28.78,60.26,32.05,55.77,34.88
2565,พุทธิโศภน,เมืองเชียงใหม่,ใหญ่,ในเมือง,สำนักงานคณะกรรมการการศึกษาขั้นพื้นฐาน,สพป.เชียงใหม่ เขต 1,180,26.11,43.92,37.22,34.21,29.44,45.58,44.10,23.95,27.59,26.49,34.72,33.79,49.44,27.38,60.19,32.22,37.22,35.40
2565,มงฟอร์ตวิทยาลัย แผนกประถม,เมืองเชียงใหม่,ใหญ่พิเศษ,ในเมือง,สำนักงานคณะกรรมการส่งเสริมการศึกษาเอกชน,-,350,21.71,41.23,42.43,30.23,64.86,47.74,59.86,26.85,50.57,31.34,65.86,35.44,66.00,29.78,70.00,28.48,50.86,36.05
2565,ยุวฑูตศึกษาพัฒนาราชพฤกษ์,เมืองเชียงใหม่,เล็ก,ในเมือง,สำนักงานคณะกรรมการส่งเสริมการศึกษาเอกชน,-,1,0.00,0.00,50.00,0.00,0.00,0.00,62.50,0.00,33.33,0.00,100.00,0.00,50.00,0.00,33.33,0.00,50.00,0.00
2565,เรยีนาเชลีวิทยาลัย,เมืองเชียงใหม่,ใหญ่,ในเมือง,สำนักงานคณะกรรมการส่งเสริมการศึกษาเอกชน,-,151,22.52,41.77,42.22,32.83,51.66,49.97,49.67,24.91,39.74,29.89,42.38,37.62,54.30,23.68,54.30,32.01,49.01,36.61
2565,วชิรวิทย์ เชียงใหม่,เมืองเชียงใหม่,กลาง,ในเมือง,สำนักงานคณะกรรมการส่งเสริมการศึกษาเอกชน,-,68,33.82,47.31,34.93,28.81,29.41,45.56,45.22,23.97,31.86,26.47,44.12,36.91,50.00,28.44,58.82,25.00,41.91,34.95
2565,วัดข่วงสิงห์,เมืองเชียงใหม่,กลาง,ในเมือง,สำนักงานคณะกรรมการการศึกษาขั้นพื้นฐาน,สพป.เชียงใหม่ เขต 1,23,26.09,43.91,22.83,27.50,34.78,47.63,62.50,13.29,31.88,20.80,63.04,33.68,60.87,20.62,62.32,31.55,47.83,34.51
2565,วัดขะจาว,เมืองเชียงใหม่,เล็ก,ในเมือง,สำนักงานคณะกรรมการการศึกษาขั้นพื้นฐาน,สพป.เชียงใหม่ เขต 1,24,33.33,47.14,34.38,24.80,12.50,33.07,50.00,23.94,18.06,21.47,39.58,35.29,52.08,30.55,45.83,30.14,18.75,28.18
2565,วัดเจ็ดยอด,เมืองเชียงใหม่,เล็ก,ในเมือง,สำนักงานคณะกรรมการการศึกษาขั้นพื้นฐาน,สพป.เชียงใหม่ เขต 1,7,0.00,0.00,50.00,26.73,42.86,49.49,51.79,21.58,38.10,32.99,7.14,17.50,64.29,22.59,52.38,24.28,35.71,22.59
2565,วัดช่างเคี่ยน,เมืองเชียงใหม่,กลาง,ในเมือง,สำนักงานคณะกรรมการการศึกษาขั้นพื้นฐาน,สพป.เชียงใหม่ เขต 1,26,19.23,39.41,25.00,30.22,15.38,36.08,46.63,24.89,16.67,19.06,21.15,31.54,36.54,32.69,30.77,27.62,26.92,24.93
2565,วัดดอนจั่น,เมืองเชียงใหม่,กลาง,ในเมือง,สำนักงานคณะกรรมการการศึกษาขั้นพื้นฐาน,สพป.เชียงใหม่ เขต 1,30,26.67,44.22,33.33,31.18,33.33,47.14,36.25,26.29,23.33,24.57,35.00,34.52,40.00,35.12,36.67,31.45,33.33,29.81
2565,วัดป่าข่อยใต้,เมืองเชียงใหม่,เล็ก,ในเมือง,สำนักงานคณะกรรมการการศึกษาขั้นพื้นฐาน,สพป.เชียงใหม่ เขต 1,24,20.83,40.61,34.38,25.83,41.67,49.30,54.69,25.72,26.39,27.18,43.75,39.03,41.67,34.36,50.00,28.87,31.25,31.66
2565,วัดป่าแดด,เมืองเชียงใหม่,เล็ก,ในเมือง,สำนักงานคณะกรรมการการศึกษาขั้นพื้นฐาน,สพป.เชียงใหม่ เขต 1,21,4.76,21.30,55.95,26.62,57.14,49.49,53.57,21.87,19.05,21.99,26.19,24.97,45.24,21.30,42.86,27.49,26.19,24.97
2565,วัดป่าตัน,เมืองเชียงใหม่,เล็ก,ในเมือง,สำนักงานคณะกรรมการการศึกษาขั้นพื้นฐาน,สพป.เชียงใหม่ เขต 1,12,16.67,37.27,37.50,29.76,25.00,43.30,57.29,21.32,19.44,25.31,41.67,44.88,45.83,32.00,36.11,37.16,33.33,31.18
2565,วัดเมืองสาตร,เมืองเชียงใหม่,เล็ก,ในเมือง,สำนักงานคณะกรรมการการศึกษาขั้นพื้นฐาน,สพป.เชียงใหม่ เขต 1,13,23.08,42.13,44.23,38.17,23.08,42.13,53.85,19.85,23.08,27.38,34.62,36.08,46.15,23.71,56.41,24.05,15.38,23.08
2565,วัดร้องอ้อ,เมืองเชียงใหม่,กลาง,ในเมือง,สำนักงานคณะกรรมการการศึกษาขั้นพื้นฐาน,สพป.เชียงใหม่ เขต 1,18,11.11,31.43,41.67,33.33,5.56,22.91,49.31,18.39,35.19,30.37,30.56,24.37,44.44,28.33,38.89,33.79,33.33,33.33
2565,วัดวังสิงห์คำ,เมืองเชียงใหม่,เล็ก,ในเมือง,สำนักงานคณะกรรมการการศึกษาขั้นพื้นฐาน,สพป.เชียงใหม่ เขต 1,26,19.23,39.41,51.92,35.98,42.31,49.40,50.00,24.02,26.92,29.26,30.77,39.41,48.08,32.47,48.72,29.57,19.23,31.25
2565,วัดสวนดอก,เมืองเชียงใหม่,กลาง,ในเมือง,สำนักงานคณะกรรมการการศึกษาขั้นพื้นฐาน,สพป.เชียงใหม่ เขต 1,39,35.90,47.97,31.41,32.87,20.51,40.38,51.60,24.87,39.32,27.08,38.46,34.83,57.69,33.09,63.25,27.00,56.41,36.13
2565,วัดเสาหิน,เมืองเชียงใหม่,เล็ก,ในเมือง,สำนักงานคณะกรรมการการศึกษาขั้นพื้นฐาน,สพป.เชียงใหม่ เขต 1,9,33.33,47.14,44.44,30.68,66.67,47.14,45.83,18.63,29.63,18.89,33.33,33.33,50.00,23.57,44.44,35.14,33.33,33.33
2565,วัดหนองป่าครั่ง,เมืองเชียงใหม่,เล็ก,ในเมือง,สำนักงานคณะกรรมการการศึกษาขั้นพื้นฐาน,สพป.เชียงใหม่ เขต 1,4,25.00,43.30,62.50,41.46,50.00,50.00,65.63,24.00,41.67,27.64,75.00,25.00,50.00,0.00,75.00,27.64,12.50,21.65
2565,วารีเชียงใหม่,เมืองเชียงใหม่,ใหญ่พิเศษ,ในเมือง,สำนักงานคณะกรรมการส่งเสริมการศึกษาเอกชน,-,119,27.73,44.77,38.45,30.37,30.25,45.93,56.62,25.56,36.69,28.14,45.38,33.68,55.88,30.53,57.14,31.80,53.36,34.13
2565,วิชัยวิทยา,เมืองเชียงใหม่,กลาง,ในเมือง,สำนักงานคณะกรรมการส่งเสริมการศึกษาเอกชน,-,10,20.00,40.00,37.50,37.50,50.00,50.00,42.50,19.53,46.67,26.67,70.00,33.17,60.00,30.00,60.00,29.06,40.00,37.42
2565,ศรีเนห์รู,เมืองเชียงใหม่,เล็ก,ในเมือง,สำนักงานคณะกรรมการการศึกษาขั้นพื้นฐาน,สพป.เชียงใหม่ เขต 1,12,25.00,43.30,27.08,37.44,41.67,49.30,32.29,23.64,19.44,16.43,29.17,32.00,33.33,23.57,41.67,30.81,25.00,25.00
2565,ศิริมังคลาจารย์,เมืองเชียงใหม่,เล็ก,ในเมือง,สำนักงานคณะกรรมการการศึกษาขั้นพื้นฐาน,สพป.เชียงใหม่ เขต 1,10,40.00,48.99,35.00,32.02,10.00,30.00,46.25,26.84,23.33,26.03,55.00,35.00,35.00,39.05,43.33,30.00,40.00,37.42
2565,สังวาลย์วิทยา,เมืองเชียงใหม่,เล็ก,ในเมือง,สำนักงานคณะกรรมการการศึกษาขั้นพื้นฐาน,สพป.เชียงใหม่ เขต 1,4,50.00,50.00,12.50,21.65,0.00,0.00,43.75,18.75,25.00,14.43,12.50,21.65,37.50,21.65,41.67,27.64,37.50,21.65
2565,สันติศึกษา,เมืองเชียงใหม่,เล็ก,ในเมือง,สำนักงานคณะกรรมการส่งเสริมการศึกษาเอกชน,-,18,44.44,49.69,26.39,30.59,27.78,44.79,52.08,27.08,42.59,24.36,50.00,33.33,47.22,26.21,57.41,24.36,30.56,33.91
2565,สาธิตมหาวิทยาลัยราชภัฏเชียงใหม่,เมืองเชียงใหม่,กลาง,ในเมือง,สำนักงานปลัดกระทรวงการอุดมศึกษาฯ,-,86,26.74,44.26,33.72,27.96,37.21,48.34,43.90,27.21,28.68,24.99,41.86,34.83,46.51,32.16,46.51,31.45,44.19,39.19
2565,สารสาสน์วิเทศเชียงใหม่,เมืองเชียงใหม่,ใหญ่,ในเมือง,สำนักงานคณะกรรมการส่งเสริมการศึกษาเอกชน,-,76,19.74,39.80,53.29,27.90,51.32,49.98,57.07,24.45,49.56,30.35,52.63,38.81,58.55,27.37,75.00,26.00,47.37,33.34
2565,สารสาสน์วิเทศล้านนา,เมืองเชียงใหม่,ใหญ่,ในเมือง,สำนักงานคณะกรรมการส่งเสริมการศึกษาเอกชน,-,155,30.32,45.97,34.68,28.74,25.81,43.76,60.81,22.94,38.28,27.77,48.39,35.20,57.10,31.85,63.23,30.10,40.00,36.54
2565,โสตศึกษาอนุสารสุนทร,เมืองเชียงใหม่,เล็ก,ในเมือง,สำนักบริหารงานการศึกษาพิเศษ,-,0,-,-,-,-,-,-,-,-,-,-,-,-,-,-,-,-,-,-
2565,อนุบาลเชียงใหม่,เมืองเชียงใหม่,ใหญ่พิเศษ,ในเมือง,สำนักงานคณะกรรมการการศึกษาขั้นพื้นฐาน,สพป.เชียงใหม่ เขต 1,299,31.10,46.29,43.48,31.86,55.52,49.69,60.08,27.07,44.37,30.98,47.83,37.30,56.52,32.19,67.00,30.66,47.16,34.70
2565,อนุบาลบ้านท่อเมืองลัง,เมืองเชียงใหม่,กลาง,ในเมือง,สำนักงานคณะกรรมการการศึกษาขั้นพื้นฐาน,สพป.เชียงใหม่ เขต 1,27,40.74,49.14,38.89,27.50,44.44,49.69,51.39,27.07,23.46,23.68,31.48,30.88,48.15,28.81,51.85,29.16,25.93,31.54
2565,อนุบาลหนองป่าครั่ง,เมืองเชียงใหม่,เล็ก,ในเมือง,กรมส่งเสริมการปกครองท้องถิ่น,ท้องถิ่นจังหวัดเชียงใหม่,11,54.55,49.79,34.09,24.48,36.36,48.10,43.18,24.05,36.36,22.27,50.00,42.64,63.64,30.83,51.52,35.86,18.18,32.14
2565,ชุมชนตำบลท่าผา,แม่แจ่ม,เล็ก,นอกเมือง,สำนักงานคณะกรรมการการศึกษาขั้นพื้นฐาน,สพป.เชียงใหม่ เขต 6,13,7.69,26.65,15.38,28.65,76.92,42.13,53.85,25.18,28.21,28.78,46.15,30.77,53.85,23.71,66.67,36.98,57.69,26.65
2565,ชุมชนบ้านช่างเคิ่ง,แม่แจ่ม,กลาง,นอกเมือง,สำนักงานคณะกรรมการการศึกษาขั้นพื้นฐาน,สพป.เชียงใหม่ เขต 6,24,20.83,40.61,51.04,34.22,37.50,48.41,43.75,18.40,26.39,30.40,22.92,28.79,41.67,27.64,38.89,26.64,27.08,32.21
2565,ชุมชนบ้านพร้าวหนุ่ม,แม่แจ่ม,เล็ก,นอกเมือง,สำนักงานคณะกรรมการการศึกษาขั้นพื้นฐาน,สพป.เชียงใหม่ เขต 6,19,31.58,46.48,51.32,32.92,52.63,49.93,59.21,21.01,26.32,25.54,52.63,37.95,71.05,29.54,70.18,23.93,39.47,34.71
2565,เซนต์โยเซฟแม่แจ่ม,แม่แจ่ม,กลาง,นอกเมือง,สำนักงานคณะกรรมการส่งเสริมการศึกษาเอกชน,-,36,11.11,31.43,43.06,28.02,55.56,49.69,47.22,24.32,35.19,28.27,22.22,27.50,43.06,24.02,46.30,29.69,45.83,36.08
2565,ตำรวจตระเวนชายแดนบางกอก เชฟ แชร์ริตี้ บ้านแม่ขอ,แม่แจ่ม,เล็ก,นอกเมือง,กองบัญชาการตำรวจตระเวนชายแดน,-,6,0.00,0.00,25.00,35.36,50.00,50.00,18.75,22.53,33.33,33.33,33.33,23.57,33.33,23.57,50.00,25.46,8.33,18.63
2565,บ้านกองแขก,แม่แจ่ม,เล็ก,นอกเมือง,สำนักงานคณะกรรมการการศึกษาขั้นพื้นฐาน,สพป.เชียงใหม่ เขต 6,10,20.00,40.00,40.00,32.02,50.00,50.00,31.25,17.00,16.67,22.36,55.00,41.53,40.00,30.00,66.67,33.33,25.00,25.00
2565,บ้านกองแขก สาขาบ้านแม่หลุ,แม่แจ่ม,เล็ก,นอกเมือง,สำนักงานคณะกรรมการการศึกษาขั้นพื้นฐาน,สพป.เชียงใหม่ เขต 6,0,-,-,-,-,-,-,-,-,-,-,-,-,-,-,-,-,-,-
2565,บ้านขุนแม่นาย,แม่แจ่ม,เล็ก,นอกเมือง,สำนักงานคณะกรรมการการศึกษาขั้นพื้นฐาน,สพป.เชียงใหม่ เขต 6,13,7.69,26.65,48.08,22.92,7.69,26.65,33.65,17.25,30.77,20.51,19.23,31.25,46.15,36.49,48.72,24.86,15.38,23.08
2565,บ้านขุนแม่หยอด,แม่แจ่ม,เล็ก,นอกเมือง,สำนักงานคณะกรรมการการศึกษาขั้นพื้นฐาน,สพป.เชียงใหม่ เขต 6,10,10.00,30.00,27.50,23.58,80.00,40.00,41.25,12.56,30.00,27.69,35.00,22.91,45.00,26.93,33.33,21.08,15.00,22.91
2565,บ้านต่อเรือ,แม่แจ่ม,เล็ก,นอกเมือง,สำนักงานคณะกรรมการการศึกษาขั้นพื้นฐาน,สพป.เชียงใหม่ เขต 6,5,0.00,0.00,45.00,33.17,60.00,48.99,62.50,7.91,53.33,16.33,20.00,24.49,40.00,20.00,66.67,36.51,80.00,24.49
2565,บ้านทัพ,แม่แจ่ม,เล็ก,นอกเมือง,สำนักงานคณะกรรมการการศึกษาขั้นพื้นฐาน,สพป.เชียงใหม่ เขต 6,9,22.22,41.57,13.89,20.79,11.11,31.43,61.11,24.61,33.33,22.22,38.89,39.28,61.11,20.79,59.26,30.54,16.67,23.57
2565,บ้านทุ่งแก,แม่แจ่ม,เล็ก,นอกเมือง,สำนักงานคณะกรรมการการศึกษาขั้นพื้นฐาน,สพป.เชียงใหม่ เขต 6,4,50.00,50.00,56.25,10.83,50.00,50.00,46.88,13.62,41.67,14.43,62.50,41.46,37.50,21.65,58.33,27.64,0.00,0.00
2565,บ้านทุ่งแก สาขาแม่แอบ,แม่แจ่ม,เล็ก,นอกเมือง,สำนักงานคณะกรรมการการศึกษาขั้นพื้นฐาน,สพป.เชียงใหม่ เขต 6,19,15.79,36.46,36.84,24.83,26.32,44.03,34.87,20.11,26.32,17.37,36.84,31.80,42.11,29.30,38.60,29.15,36.84,31.80
2565,บ้านทุ่งยาว,แม่แจ่ม,เล็ก,นอกเมือง,สำนักงานคณะกรรมการการศึกษาขั้นพื้นฐาน,สพป.เชียงใหม่ เขต 6,12,25.00,43.30,37.50,31.46,66.67,47.14,47.92,20.94,36.11,31.79,41.67,34.36,54.17,32.00,58.33,24.06,29.17,32.00
2565,บ้านนากลาง,แม่แจ่ม,เล็ก,นอกเมือง,สำนักงานคณะกรรมการการศึกษาขั้นพื้นฐาน,สพป.เชียงใหม่ เขต 6,6,33.33,47.14,62.50,19.09,33.33,47.14,37.50,23.94,27.78,22.91,41.67,18.63,33.33,23.57,33.33,27.22,41.67,34.36
2565,บ้านนากลาง สาขาห้วยผักกูด,แม่แจ่ม,เล็ก,นอกเมือง,สำนักงานคณะกรรมการการศึกษาขั้นพื้นฐาน,สพป.เชียงใหม่ เขต 6,5,0.00,0.00,55.00,29.15,60.00,48.99,57.50,15.00,26.67,13.33,30.00,24.49,40.00,37.42,26.67,24.94,40.00,37.42
2565,บ้านปางเกี๊ยะ,แม่แจ่ม,กลาง,นอกเมือง,สำนักงานคณะกรรมการการศึกษาขั้นพื้นฐาน,สพป.เชียงใหม่ เขต 6,28,10.71,30.93,40.18,32.28,42.86,49.49,34.38,19.66,35.71,23.45,28.57,24.74,50.00,29.88,39.29,29.62,23.21,28.29
2565,บ้านปางหินฝน,แม่แจ่ม,เล็ก,นอกเมือง,สำนักงานคณะกรรมการการศึกษาขั้นพื้นฐาน,สพป.เชียงใหม่ เขต 6,7,14.29,34.99,35.71,22.59,71.43,45.18,51.79,21.58,47.62,24.28,35.71,34.99,64.29,34.99,61.90,21.30,50.00,37.80
2565,บ้านปางอุ๋ง,แม่แจ่ม,กลาง,นอกเมือง,สำนักงานคณะกรรมการการศึกษาขั้นพื้นฐาน,สพป.เชียงใหม่ เขต 6,22,9.09,28.75,32.95,29.57,22.73,41.91,28.41,20.36,25.76,24.48,27.27,29.11,34.09,34.99,34.85,27.48,29.55,28.84
2565,บ้านปางอุ๋ง สาขาแม่สะต๊อป,แม่แจ่ม,เล็ก,นอกเมือง,สำนักงานคณะกรรมการการศึกษาขั้นพื้นฐาน,สพป.เชียงใหม่ เขต 6,10,10.00,30.00,35.00,27.84,50.00,50.00,33.75,17.72,20.00,22.11,20.00,24.49,25.00,25.00,43.33,30.00,30.00,24.49
2565,บ้านแปะสามัคคี,แม่แจ่ม,เล็ก,นอกเมือง,สำนักงานคณะกรรมการการศึกษาขั้นพื้นฐาน,สพป.เชียงใหม่ เขต 6,7,28.57,45.18,25.00,32.73,28.57,45.18,48.21,23.56,23.81,23.33,14.29,22.59,64.29,34.99,33.33,17.82,42.86,31.94
2565,บ้านผานัง,แม่แจ่ม,เล็ก,นอกเมือง,สำนักงานคณะกรรมการการศึกษาขั้นพื้นฐาน,สพป.เชียงใหม่ เขต 6,5,40.00,48.99,40.00,25.50,0.00,0.00,45.00,23.18,20.00,16.33,20.00,40.00,60.00,20.00,26.67,13.33,10.00,20.00
2565,บ้านผาละปิ,แม่แจ่ม,เล็ก,นอกเมือง,สำนักงานคณะกรรมการการศึกษาขั้นพื้นฐาน,สพป.เชียงใหม่ เขต 6,14,35.71,47.92,57.14,30.51,57.14,49.49,46.43,21.35,30.95,19.78,53.57,29.67,42.86,25.75,33.33,28.17,25.00,31.34
2565,บ้านพุย สาขาพุยใต้,แม่แจ่ม,เล็ก,นอกเมือง,สำนักงานคณะกรรมการการศึกษาขั้นพื้นฐาน,สพป.เชียงใหม่ เขต 6,1,0.00,0.00,0.00,0.00,100.00,0.00,37.50,0.00,0.00,0.00,0.00,0.00,0.00,0.00,100.00,0.00,50.00,0.00
2565,บ้านแม่ซา,แม่แจ่ม,เล็ก,นอกเมือง,สำนักงานคณะกรรมการการศึกษาขั้นพื้นฐาน,สพป.เชียงใหม่ เขต 6,7,14.29,34.99,32.14,29.01,0.00,0.00,48.21,18.21,42.86,23.33,28.57,36.42,64.29,34.99,38.10,21.30,28.57,24.74
2565,บ้านแม่ตูม,แม่แจ่ม,เล็ก,นอกเมือง,สำนักงานคณะกรรมการการศึกษาขั้นพื้นฐาน,สพป.เชียงใหม่ เขต 6,3,33.33,47.14,66.67,23.57,33.33,47.14,50.00,20.41,11.11,15.71,0.00,0.00,50.00,40.82,44.44,15.71,16.67,23.57
2565,บ้านแม่นาจร,แม่แจ่ม,กลาง,นอกเมือง,สำนักงานคณะกรรมการการศึกษาขั้นพื้นฐาน,สพป.เชียงใหม่ เขต 6,12,25.00,43.30,22.92,21.55,16.67,37.27,47.92,30.12,27.78,26.64,29.17,24.65,50.00,20.41,50.00,21.52,33.33,37.27
2565,บ้านแม่ปาน,แม่แจ่ม,เล็ก,นอกเมือง,สำนักงานคณะกรรมการการศึกษาขั้นพื้นฐาน,สพป.เชียงใหม่ เขต 6,9,33.33,47.14,30.56,30.68,88.89,31.43,61.11,27.29,51.85,16.56,38.89,39.28,55.56,28.33,66.67,31.43,66.67,40.82
2565,บ้านแม่มะลอ,แม่แจ่ม,เล็ก,นอกเมือง,สำนักงานคณะกรรมการการศึกษาขั้นพื้นฐาน,สพป.เชียงใหม่ เขต 6,11,9.09,28.75,31.82,28.39,54.55,49.79,46.59,20.01,18.18,16.60,22.73,24.90,27.27,24.90,24.24,24.99,22.73,32.78
2565,บ้านแม่มุ,แม่แจ่ม,เล็ก,นอกเมือง,สำนักงานคณะกรรมการการศึกษาขั้นพื้นฐาน,สพป.เชียงใหม่ เขต 6,11,27.27,44.54,11.36,19.55,9.09,28.75,29.55,25.71,18.18,16.60,31.82,32.14,31.82,24.05,27.27,19.17,13.64,22.27
2565,บ้านแม่ลอง,แม่แจ่ม,เล็ก,นอกเมือง,กองบัญชาการตำรวจตระเวนชายแดน,-,11,45.45,49.79,47.73,27.08,54.55,49.79,45.45,22.78,18.18,26.07,40.91,28.75,54.55,25.71,54.55,21.43,45.45,33.40
2565,บ้านแม่วาก,แม่แจ่ม,เล็ก,นอกเมือง,สำนักงานคณะกรรมการการศึกษาขั้นพื้นฐาน,สพป.เชียงใหม่ เขต 6,15,20.00,40.00,26.67,28.09,40.00,48.99,34.17,20.14,31.11,28.46,33.33,29.81,30.00,35.59,22.22,26.29,10.00,20.00
2565,บ้านแม่ศึก (มูลนิธิธรรมมาภิรักษ์อุปถัมภ์ที่ 2),แม่แจ่ม,เล็ก,นอกเมือง,สำนักงานคณะกรรมการการศึกษาขั้นพื้นฐาน,สพป.เชียงใหม่ เขต 6,6,50.00,50.00,45.83,41.87,66.67,47.14,37.50,25.00,33.33,19.25,8.33,18.63,33.33,37.27,33.33,0.00,33.33,23.57
2565,บ้านแม่หงานหลวง,แม่แจ่ม,เล็ก,นอกเมือง,สำนักงานคณะกรรมการการศึกษาขั้นพื้นฐาน,สพป.เชียงใหม่ เขต 6,10,30.00,45.83,37.50,27.95,30.00,45.83,31.25,34.12,30.00,27.69,40.00,43.59,40.00,20.00,40.00,29.06,5.00,15.00
2565,บ้านแม่เอาะ,แม่แจ่ม,เล็ก,นอกเมือง,สำนักงานคณะกรรมการการศึกษาขั้นพื้นฐาน,สพป.เชียงใหม่ เขต 6,8,25.00,43.30,37.50,21.65,0.00,0.00,29.69,18.68,37.50,26.02,31.25,24.21,37.50,41.46,20.83,16.14,12.50,21.65
2565,บ้านแม่แฮใต้,แม่แจ่ม,เล็ก,นอกเมือง,สำนักงานคณะกรรมการการศึกษาขั้นพื้นฐาน,สพป.เชียงใหม่ เขต 6,16,12.50,33.07,37.50,31.87,50.00,50.00,56.25,25.39,41.67,32.27,37.50,37.50,46.88,12.10,52.08,16.54,18.75,24.21
2565,บ้านแม่แฮเหนือ,แม่แจ่ม,กลาง,นอกเมือง,สำนักงานคณะกรรมการการศึกษาขั้นพื้นฐาน,สพป.เชียงใหม่ เขต 6,12,8.33,27.64,35.42,33.01,66.67,47.14,52.08,15.17,16.67,21.52,33.33,31.18,50.00,28.87,41.67,19.84,50.00,35.36
2565,บ้านแม่แฮเหนือ สาขาแม่แจ๊ะ,แม่แจ่ม,เล็ก,นอกเมือง,สำนักงานคณะกรรมการการศึกษาขั้นพื้นฐาน,สพป.เชียงใหม่ เขต 6,4,0.00,0.00,31.25,32.48,75.00,43.30,53.13,18.49,16.67,16.67,50.00,35.36,62.50,21.65,33.33,23.57,37.50,21.65
2565,บ้านโม่งหลวง,แม่แจ่ม,เล็ก,นอกเมือง,สำนักงานคณะกรรมการการศึกษาขั้นพื้นฐาน,สพป.เชียงใหม่ เขต 6,10,30.00,45.83,45.00,26.93,10.00,30.00,38.75,10.38,46.67,30.55,25.00,33.54,35.00,22.91,30.00,17.95,30.00,24.49
2565,บ้านโม่งหลวง สาขาบ้านแม่อมลานใน,แม่แจ่ม,เล็ก,นอกเมือง,สำนักงานคณะกรรมการการศึกษาขั้นพื้นฐาน,สพป.เชียงใหม่ เขต 6,3,66.67,47.14,83.33,23.57,33.33,47.14,50.00,10.21,33.33,27.22,16.67,23.57,16.67,23.57,22.22,15.71,0.00,0.00
2565,บ้านสามสบ,แม่แจ่ม,เล็ก,นอกเมือง,สำนักงานคณะกรรมการการศึกษาขั้นพื้นฐาน,สพป.เชียงใหม่ เขต 6,1,0.00,0.00,100.00,0.00,0.00,0.00,25.00,0.00,33.33,0.00,0.00,0.00,100.00,0.00,0.00,0.00,50.00,0.00
2565,บ้านใหม่พัฒนาสันติ,แม่แจ่ม,เล็ก,นอกเมือง,กองบัญชาการตำรวจตระเวนชายแดน,-,6,16.67,37.27,37.50,40.18,16.67,37.27,47.92,30.97,16.67,16.67,16.67,23.57,33.33,23.57,44.44,24.85,25.00,25.00
2565,บ้านอมขูด,แม่แจ่ม,เล็ก,นอกเมือง,สำนักงานคณะกรรมการการศึกษาขั้นพื้นฐาน,สพป.เชียงใหม่ เขต 6,0,-,-,-,-,-,-,-,-,-,-,-,-,-,-,-,-,-,-
2565,บ้านอมเม็ง,แม่แจ่ม,เล็ก,นอกเมือง,สำนักงานคณะกรรมการการศึกษาขั้นพื้นฐาน,สพป.เชียงใหม่ เขต 6,11,45.45,49.79,27.27,22.50,36.36,48.10,40.91,18.53,21.21,21.43,22.73,32.78,54.55,33.40,57.58,28.75,40.91,35.79
2565,บ้านเฮาะวิทยา,แม่แจ่ม,เล็ก,นอกเมือง,สำนักงานคณะกรรมการการศึกษาขั้นพื้นฐาน,สพป.เชียงใหม่ เขต 6,0,-,-,-,-,-,-,-,-,-,-,-,-,-,-,-,-,-,-
2565,เมืองเด็กวิทยา,แม่แจ่ม,เล็ก,นอกเมือง,สำนักงานคณะกรรมการส่งเสริมการศึกษาเอกชน,-,23,8.70,28.18,34.78,31.05,52.17,49.95,52.72,20.17,33.33,27.80,32.61,31.65,60.87,29.33,73.91,31.02,26.09,29.00
2565,ราชประชานุเคราะห์ 31,แม่แจ่ม,กลาง,นอกเมือง,สำนักบริหารงานการศึกษาพิเศษ,-,23,39.13,48.80,38.04,36.02,39.13,48.80,33.15,21.68,24.64,22.45,23.91,24.98,45.65,25.16,31.88,26.88,19.57,24.40
2565,ศูนย์การเรียนตำรวจตระเวนชายแดนบ้านแม่มุใน บริษัทซีเค พาวเวอร์ จำกัด (มหาชน) อุปถัมภ์,แม่แจ่ม,เล็ก,นอกเมือง,กองบัญชาการตำรวจตระเวนชายแดน,-,3,0.00,0.00,25.00,35.36,0.00,0.00,25.00,20.41,0.00,0.00,16.67,23.57,50.00,0.00,22.22,31.43,0.00,0.00
2565,ออป.13,แม่แจ่ม,เล็ก,นอกเมือง,สำนักงานคณะกรรมการการศึกษาขั้นพื้นฐาน,สพป.เชียงใหม่ เขต 6,23,17.39,37.90,54.35,30.97,60.87,48.80,56.52,25.77,30.43,27.65,30.43,32.10,52.17,23.21,68.12,25.02,30.43,32.10
2565,อินทนนท์วิทยา,แม่แจ่ม,เล็ก,นอกเมือง,สำนักงานคณะกรรมการการศึกษาขั้นพื้นฐาน,สพป.เชียงใหม่ เขต 6,6,16.67,37.27,45.83,30.33,83.33,37.27,37.50,19.09,16.67,25.46,58.33,18.63,58.33,18.63,61.11,35.57,16.67,37.27
2565,ชุมชนวัดช่อแล,แม่แตง,เล็ก,นอกเมือง,สำนักงานคณะกรรมการการศึกษาขั้นพื้นฐาน,สพป.เชียงใหม่ เขต 2,27,22.22,41.57,48.15,33.97,33.33,47.14,40.28,20.51,20.99,24.26,31.48,30.88,40.74,33.44,54.32,32.90,35.19,26.58
2565,เชียงใหม่มัธยม,แม่แตง,ใหญ่,นอกเมือง,สำนักงานคณะกรรมการส่งเสริมการศึกษาเอกชน,-,3,33.33,47.14,25.00,20.41,66.67,47.14,70.83,5.89,44.44,31.43,33.33,23.57,66.67,23.57,77.78,15.71,16.67,23.57
2565,ตชด.ไลออนส์มหาจักร 9,แม่แตง,เล็ก,นอกเมือง,กองบัญชาการตำรวจตระเวนชายแดน,-,8,37.50,48.41,46.88,34.09,25.00,43.30,34.38,12.10,16.67,16.67,31.25,34.80,43.75,29.97,41.67,22.05,18.75,24.21
2565,เทศบาลตำบลสันมหาพน,แม่แตง,เล็ก,นอกเมือง,กรมส่งเสริมการปกครองท้องถิ่น,ท้องถิ่นจังหวัดเชียงใหม่,29,27.59,44.69,35.34,34.44,24.14,42.79,34.48,25.57,24.14,30.19,31.03,24.26,34.48,26.60,26.44,18.32,31.03,27.59
2565,บ้านก๋ายน้อย,แม่แตง,เล็ก,นอกเมือง,สำนักงานคณะกรรมการการศึกษาขั้นพื้นฐาน,สพป.เชียงใหม่ เขต 2,4,0.00,0.00,43.75,10.83,25.00,43.30,37.50,8.84,16.67,16.67,12.50,21.65,37.50,21.65,33.33,23.57,37.50,21.65
2565,บ้านช้างใน,แม่แตง,เล็ก,นอกเมือง,สำนักงานคณะกรรมการการศึกษาขั้นพื้นฐาน,สพป.เชียงใหม่ เขต 2,5,60.00,48.99,35.00,30.00,20.00,40.00,55.00,16.96,40.00,24.94,40.00,37.42,50.00,0.00,66.67,21.08,30.00,24.49
2565,บ้านทับเดื่อ,แม่แตง,เล็ก,นอกเมือง,สำนักงานคณะกรรมการการศึกษาขั้นพื้นฐาน,สพป.เชียงใหม่ เขต 2,4,25.00,43.30,37.50,12.50,0.00,0.00,31.25,10.83,0.00,0.00,0.00,0.00,50.00,35.36,25.00,27.64,12.50,21.65
2565,บ้านบวกหมื้อ,แม่แตง,เล็ก,นอกเมือง,สำนักงานคณะกรรมการการศึกษาขั้นพื้นฐาน,สพป.เชียงใหม่ เขต 2,9,44.44,49.69,44.44,42.13,11.11,31.43,50.00,17.68,22.22,27.22,38.89,31.43,38.89,31.43,37.04,33.13,27.78,24.85
2565,บ้านปง,แม่แตง,เล็ก,นอกเมือง,สำนักงานคณะกรรมการการศึกษาขั้นพื้นฐาน,สพป.เชียงใหม่ เขต 2,16,25.00,43.30,46.88,35.22,6.25,24.21,28.91,20.12,25.00,22.05,31.25,29.97,56.25,34.80,22.92,25.60,21.88,24.80
2565,บ้านปลาดาว,แม่แตง,เล็ก,นอกเมือง,สำนักงานคณะกรรมการส่งเสริมการศึกษาเอกชน,-,24,12.50,33.07,35.42,31.39,37.50,48.41,60.94,21.74,34.72,31.15,68.75,28.18,60.42,20.31,63.89,28.73,33.33,31.18
2565,บ้านปางกว้าง,แม่แตง,เล็ก,นอกเมือง,สำนักงานคณะกรรมการการศึกษาขั้นพื้นฐาน,สพป.เชียงใหม่ เขต 2,4,25.00,43.30,18.75,20.73,50.00,50.00,59.38,27.06,16.67,16.67,25.00,43.30,12.50,21.65,50.00,37.27,25.00,25.00
2565,บ้านปางไม้แดง,แม่แตง,เล็ก,นอกเมือง,สำนักงานคณะกรรมการการศึกษาขั้นพื้นฐาน,สพป.เชียงใหม่ เขต 2,6,16.67,37.27,41.67,37.27,16.67,37.27,41.67,34.36,27.78,22.91,41.67,18.63,41.67,34.36,50.00,25.46,33.33,23.57
2565,บ้านปางห้วยตาด,แม่แตง,เล็ก,นอกเมือง,สำนักงานคณะกรรมการการศึกษาขั้นพื้นฐาน,สพป.เชียงใหม่ เขต 2,6,33.33,47.14,41.67,11.79,0.00,0.00,58.33,24.65,16.67,16.67,33.33,37.27,50.00,28.87,38.89,35.57,16.67,23.57
2565,บ้านปางฮ่าง,แม่แตง,เล็ก,นอกเมือง,สำนักงานคณะกรรมการการศึกษาขั้นพื้นฐาน,สพป.เชียงใหม่ เขต 2,6,83.33,37.27,25.00,20.41,33.33,47.14,60.42,16.80,27.78,22.91,33.33,37.27,58.33,18.63,50.00,31.91,58.33,18.63
2565,บ้านเป้าวิทยาคาร,แม่แตง,เล็ก,นอกเมือง,สำนักงานคณะกรรมการการศึกษาขั้นพื้นฐาน,สพป.เชียงใหม่ เขต 2,12,33.33,47.14,39.58,29.68,41.67,49.30,27.08,24.38,22.22,28.33,41.67,39.97,50.00,28.87,44.44,31.43,20.83,24.65
2565,บ้านผาหมอน,แม่แตง,เล็ก,นอกเมือง,สำนักงานคณะกรรมการการศึกษาขั้นพื้นฐาน,สพป.เชียงใหม่ เขต 2,2,50.00,50.00,12.50,12.50,0.00,0.00,50.00,0.00,16.67,16.67,25.00,25.00,50.00,50.00,16.67,16.67,0.00,0.00
2565,บ้านผึ้ง,แม่แตง,เล็ก,นอกเมือง,สำนักงานคณะกรรมการการศึกษาขั้นพื้นฐาน,สพป.เชียงใหม่ เขต 2,12,16.67,37.27,56.25,35.54,8.33,27.64,41.67,27.16,22.22,20.79,50.00,40.82,45.83,32.00,58.33,27.64,33.33,37.27
2565,บ้านเมืองกื้ด,แม่แตง,เล็ก,นอกเมือง,สำนักงานคณะกรรมการการศึกษาขั้นพื้นฐาน,สพป.เชียงใหม่ เขต 2,21,38.10,48.56,36.90,30.49,38.10,48.56,41.07,23.82,20.63,21.76,38.10,26.30,50.00,21.82,39.68,26.47,16.67,23.57
2565,บ้านแม่ไคร้,แม่แตง,เล็ก,นอกเมือง,สำนักงานคณะกรรมการการศึกษาขั้นพื้นฐาน,สพป.เชียงใหม่ เขต 2,8,37.50,48.41,28.13,34.09,0.00,0.00,39.06,13.17,16.67,16.67,31.25,34.80,31.25,24.21,29.17,35.11,25.00,25.00
2565,บ้านแม่ตะมาน,แม่แตง,เล็ก,นอกเมือง,สำนักงานคณะกรรมการการศึกษาขั้นพื้นฐาน,สพป.เชียงใหม่ เขต 2,11,36.36,48.10,54.55,35.06,18.18,38.57,36.36,20.26,24.24,20.55,40.91,35.79,54.55,25.71,51.52,29.69,18.18,24.05
2565,บ้านแม่แมม,แม่แตง,เล็ก,นอกเมือง,สำนักงานคณะกรรมการการศึกษาขั้นพื้นฐาน,สพป.เชียงใหม่ เขต 2,2,50.00,50.00,0.00,0.00,50.00,50.00,31.25,6.25,50.00,16.67,0.00,0.00,50.00,0.00,66.67,0.00,0.00,0.00
2565,บ้านแม่เลา,แม่แตง,เล็ก,นอกเมือง,สำนักงานคณะกรรมการการศึกษาขั้นพื้นฐาน,สพป.เชียงใหม่ เขต 2,1,100.00,0.00,0.00,0.00,0.00,0.00,37.50,0.00,66.67,0.00,50.00,0.00,0.00,0.00,33.33,0.00,50.00,0.00
2565,บ้านแม่แสะ,แม่แตง,เล็ก,นอกเมือง,สำนักงานคณะกรรมการการศึกษาขั้นพื้นฐาน,สพป.เชียงใหม่ เขต 2,4,0.00,0.00,31.25,20.73,25.00,43.30,28.13,18.49,33.33,0.00,12.50,21.65,37.50,21.65,41.67,14.43,25.00,25.00
2565,ป่าจี้วังแดงวิทยา,แม่แตง,เล็ก,นอกเมือง,สำนักงานคณะกรรมการการศึกษาขั้นพื้นฐาน,สพป.เชียงใหม่ เขต 2,15,13.33,33.99,35.00,38.51,6.67,24.94,45.00,24.49,24.44,22.66,30.00,30.55,46.67,28.67,46.67,31.74,33.33,23.57
2565,ป่าแป๋วิทยา,แม่แตง,เล็ก,นอกเมือง,สำนักงานคณะกรรมการการศึกษาขั้นพื้นฐาน,สพป.เชียงใหม่ เขต 2,17,52.94,49.91,29.41,24.61,29.41,45.56,47.79,22.38,15.69,16.64,32.35,29.41,38.24,32.22,60.78,30.75,29.41,24.61
2565,ภูดินวิทยา,แม่แตง,เล็ก,นอกเมือง,สำนักงานคณะกรรมการการศึกษาขั้นพื้นฐาน,สพป.เชียงใหม่ เขต 2,3,0.00,0.00,83.33,23.57,66.67,47.14,29.17,32.81,33.33,27.22,50.00,40.82,50.00,0.00,22.22,15.71,33.33,23.57
2565,เมฆขจรเชียงใหม่,แม่แตง,เล็ก,นอกเมือง,สำนักงานคณะกรรมการส่งเสริมการศึกษาเอกชน,-,22,40.91,49.17,28.41,28.50,27.27,44.54,58.52,24.54,24.24,22.88,61.36,29.89,50.00,30.15,42.42,30.45,25.00,29.19
2565,ร่ำเปิงวิทยา,แม่แตง,กลาง,นอกเมือง,สำนักงานคณะกรรมการการศึกษาขั้นพื้นฐาน,สพป.เชียงใหม่ เขต 2,11,27.27,44.54,34.09,24.48,27.27,44.54,53.41,26.16,18.18,16.60,36.36,37.48,36.36,22.27,45.45,25.71,27.27,32.78
2565,วัดท่าข้าม,แม่แตง,เล็ก,นอกเมือง,สำนักงานคณะกรรมการการศึกษาขั้นพื้นฐาน,สพป.เชียงใหม่ เขต 2,8,25.00,43.30,34.38,37.37,62.50,48.41,60.94,24.56,29.17,26.02,43.75,39.03,56.25,16.54,54.17,33.07,18.75,24.21
2565,วัดทุ่งหลวง,แม่แตง,เล็ก,นอกเมือง,สำนักงานคณะกรรมการการศึกษาขั้นพื้นฐาน,สพป.เชียงใหม่ เขต 2,6,50.00,50.00,25.00,28.87,0.00,0.00,47.92,18.28,5.56,12.42,25.00,38.19,50.00,28.87,44.44,36.85,50.00,28.87
2565,วัดนาเม็ง,แม่แตง,เล็ก,นอกเมือง,สำนักงานคณะกรรมการการศึกษาขั้นพื้นฐาน,สพป.เชียงใหม่ เขต 2,6,0.00,0.00,29.17,26.68,0.00,0.00,18.75,17.31,16.67,16.67,25.00,25.00,41.67,18.63,50.00,31.91,33.33,37.27
2565,วัดบ้านเหล่า,แม่แตง,เล็ก,นอกเมือง,สำนักงานคณะกรรมการการศึกษาขั้นพื้นฐาน,สพป.เชียงใหม่ เขต 2,8,25.00,43.30,34.38,32.92,37.50,48.41,54.69,8.70,37.50,30.90,18.75,24.21,43.75,16.54,29.17,26.02,12.50,21.65
2565,วัดปางมะกล้วย,แม่แตง,เล็ก,นอกเมือง,สำนักงานคณะกรรมการการศึกษาขั้นพื้นฐาน,สพป.เชียงใหม่ เขต 2,5,20.00,40.00,35.00,20.00,40.00,48.99,37.50,28.50,40.00,13.33,20.00,24.49,60.00,20.00,60.00,24.94,20.00,24.49
2565,วัดแม่กะ,แม่แตง,เล็ก,นอกเมือง,สำนักงานคณะกรรมการการศึกษาขั้นพื้นฐาน,สพป.เชียงใหม่ เขต 2,12,25.00,43.30,43.75,29.09,50.00,50.00,47.92,21.55,41.67,36.32,45.83,37.96,37.50,21.65,50.00,39.67,41.67,27.64
2565,วัดหนองออน,แม่แตง,เล็ก,นอกเมือง,สำนักงานคณะกรรมการการศึกษาขั้นพื้นฐาน,สพป.เชียงใหม่ เขต 2,4,0.00,0.00,68.75,32.48,25.00,43.30,68.75,10.83,25.00,14.43,37.50,41.46,12.50,21.65,66.67,23.57,25.00,25.00
2565,วัดห้วยไร่,แม่แตง,เล็ก,นอกเมือง,สำนักงานคณะกรรมการการศึกษาขั้นพื้นฐาน,สพป.เชียงใหม่ เขต 2,12,25.00,43.30,39.58,42.64,41.67,49.30,61.46,27.22,25.00,27.64,25.00,32.27,45.83,24.65,38.89,29.92,16.67,23.57
2565,สบเปิงวิทยา,แม่แตง,กลาง,นอกเมือง,สำนักงานคณะกรรมการการศึกษาขั้นพื้นฐาน,สพป.เชียงใหม่ เขต 2,13,23.08,42.13,34.62,28.65,69.23,46.15,56.73,19.37,28.21,17.76,42.31,38.46,53.85,23.71,58.97,26.65,23.08,24.93
2565,สันป่ายางวิทยาคาร,แม่แตง,เล็ก,นอกเมือง,สำนักงานคณะกรรมการการศึกษาขั้นพื้นฐาน,สพป.เชียงใหม่ เขต 2,14,14.29,34.99,23.21,25.82,7.14,25.75,46.43,19.15,26.19,25.75,42.86,31.94,25.00,25.00,50.00,27.46,42.86,31.94
2565,สันป่าสักวิทยา,แม่แตง,กลาง,นอกเมือง,สำนักงานคณะกรรมการการศึกษาขั้นพื้นฐาน,สพป.เชียงใหม่ เขต 2,85,30.59,46.08,37.65,32.23,29.41,45.56,46.32,25.06,33.33,28.01,37.06,32.68,45.29,27.25,44.71,31.33,27.65,28.19
2565,สันมหาพนวิทยา,แม่แตง,เล็ก,นอกเมือง,สำนักงานคณะกรรมการการศึกษาขั้นพื้นฐาน,สพป.เชียงใหม่ เขต 2,25,20.00,40.00,41.00,32.31,16.00,36.66,34.00,27.05,21.33,20.83,28.00,31.87,44.00,25.77,44.00,30.87,28.00,34.87
2565,อนุบาลสานสายใยรักเทศบาลเมืองเมืองแกนพัฒนา,แม่แตง,กลาง,นอกเมือง,กรมส่งเสริมการปกครองท้องถิ่น,ท้องถิ่นจังหวัดเชียงใหม่,27,18.52,38.84,35.19,26.58,40.74,49.14,36.57,26.34,22.22,22.22,31.48,30.88,42.59,29.51,30.86,27.10,22.22,28.33
2565,เจ้าพ่อหลวงอุปถัมภ์ 7,แม่ริม,เล็ก,นอกเมือง,สำนักงานคณะกรรมการการศึกษาขั้นพื้นฐาน,สพป.เชียงใหม่ เขต 2,12,41.67,49.30,35.42,21.55,41.67,49.30,44.79,15.69,27.78,26.64,16.67,23.57,37.50,36.08,41.67,27.64,37.50,36.08
2565,เจ้าแม่หลวงอุปถัมภ์ 2,แม่ริม,เล็ก,นอกเมือง,สำนักงานคณะกรรมการการศึกษาขั้นพื้นฐาน,สพป.เชียงใหม่ เขต 2,35,31.43,46.42,28.57,29.97,25.71,43.71,43.93,19.68,26.67,29.60,22.86,27.63,40.00,35.46,43.81,29.57,22.86,30.10
2565,ดอนแก้วเนรมิตปัญญา,แม่ริม,กลาง,นอกเมือง,กรมส่งเสริมการปกครองท้องถิ่น,ท้องถิ่นจังหวัดเชียงใหม่,40,30.00,45.83,43.75,31.99,22.50,41.76,52.50,25.80,22.50,24.02,56.25,37.40,55.00,26.93,59.17,30.27,48.75,34.44
2565,ธีระวัธน์บำเพ็ญ,แม่ริม,กลาง,นอกเมือง,สำนักงานคณะกรรมการส่งเสริมการศึกษาเอกชน,-,58,31.03,46.26,41.81,28.76,53.45,49.88,51.72,26.71,43.68,32.87,43.97,36.05,59.48,32.77,60.92,31.03,51.72,33.43
2565,บ้านกองแหะ,แม่ริม,เล็ก,นอกเมือง,สำนักงานคณะกรรมการการศึกษาขั้นพื้นฐาน,สพป.เชียงใหม่ เขต 2,4,50.00,50.00,18.75,32.48,25.00,43.30,50.00,17.68,41.67,27.64,37.50,21.65,50.00,0.00,66.67,33.33,25.00,25.00
2565,บ้านกาดฮาว,แม่ริม,เล็ก,นอกเมือง,สำนักงานคณะกรรมการการศึกษาขั้นพื้นฐาน,สพป.เชียงใหม่ เขต 2,8,25.00,43.30,59.38,30.46,50.00,50.00,46.88,33.51,29.17,26.02,25.00,25.00,37.50,21.65,54.17,28.57,12.50,21.65
2565,บ้านคุณหมอ,แม่ริม,กลาง,นอกเมือง,สำนักงานคณะกรรมการส่งเสริมการศึกษาเอกชน,-,16,25.00,43.30,43.75,31.25,68.75,46.35,59.38,22.32,41.67,27.64,43.75,34.80,50.00,30.62,56.25,30.55,37.50,27.95
2565,บ้านดอนแก้ว,แม่ริม,กลาง,นอกเมือง,กรมส่งเสริมการปกครองท้องถิ่น,ท้องถิ่นจังหวัดเชียงใหม่,9,44.44,49.69,41.67,37.27,33.33,47.14,52.78,19.34,14.81,16.56,16.67,23.57,44.44,28.33,40.74,26.19,22.22,24.85
2565,บ้านต้นผึ้ง,แม่ริม,เล็ก,นอกเมือง,สำนักงานคณะกรรมการการศึกษาขั้นพื้นฐาน,สพป.เชียงใหม่ เขต 2,10,10.00,30.00,57.50,31.72,10.00,30.00,57.50,24.49,20.00,26.67,45.00,26.93,25.00,25.00,43.33,26.03,40.00,30.00
2565,บ้านทุ่งโป่ง,แม่ริม,กลาง,นอกเมือง,สำนักงานคณะกรรมการการศึกษาขั้นพื้นฐาน,สพป.เชียงใหม่ เขต 2,7,28.57,45.18,28.57,28.12,42.86,49.49,26.79,27.08,28.57,11.66,28.57,36.42,50.00,26.73,61.90,11.66,35.71,34.99
2565,บ้านน้ำริน,แม่ริม,เล็ก,นอกเมือง,สำนักงานคณะกรรมการการศึกษาขั้นพื้นฐาน,สพป.เชียงใหม่ เขต 2,5,80.00,40.00,20.00,24.49,20.00,40.00,65.00,9.35,33.33,21.08,40.00,20.00,60.00,20.00,46.67,33.99,50.00,44.72
2565,บ้านบวกจั่น,แม่ริม,เล็ก,นอกเมือง,สำนักงานคณะกรรมการการศึกษาขั้นพื้นฐาน,สพป.เชียงใหม่ เขต 2,10,10.00,30.00,32.50,25.12,20.00,40.00,58.75,22.40,20.00,16.33,35.00,39.05,45.00,15.00,70.00,27.69,45.00,15.00
2565,บ้านปางไฮ,แม่ริม,กลาง,นอกเมือง,สำนักงานคณะกรรมการการศึกษาขั้นพื้นฐาน,สพป.เชียงใหม่ เขต 2,13,30.77,46.15,44.23,32.75,46.15,49.85,47.12,25.55,28.21,28.78,50.00,33.97,34.62,23.08,53.85,27.85,34.62,23.08
2565,บ้านป่าติ้ว,แม่ริม,เล็ก,นอกเมือง,สำนักงานคณะกรรมการการศึกษาขั้นพื้นฐาน,สพป.เชียงใหม่ เขต 2,8,37.50,48.41,43.75,24.21,25.00,43.30,37.50,16.54,25.00,22.05,18.75,24.21,43.75,29.97,58.33,22.05,18.75,24.21
2565,บ้านโป่งแยงนอก,แม่ริม,เล็ก,นอกเมือง,สำนักงานคณะกรรมการการศึกษาขั้นพื้นฐาน,สพป.เชียงใหม่ เขต 2,13,15.38,36.08,46.15,27.47,15.38,36.08,54.81,18.04,25.64,23.22,26.92,31.72,61.54,21.07,56.41,33.04,15.38,23.08
2565,บ้านโป่งแยงใน,แม่ริม,เล็ก,นอกเมือง,สำนักงานคณะกรรมการการศึกษาขั้นพื้นฐาน,สพป.เชียงใหม่ เขต 2,21,33.33,47.14,42.86,26.88,42.86,49.49,63.69,22.79,31.75,28.13,33.33,32.12,45.24,26.30,65.08,26.18,28.57,24.74
2565,บ้านพระนอน,แม่ริม,เล็ก,นอกเมือง,สำนักงานคณะกรรมการการศึกษาขั้นพื้นฐาน,สพป.เชียงใหม่ เขต 2,25,40.00,48.99,28.00,31.87,8.00,27.13,40.50,22.16,21.33,24.73,38.00,25.61,56.00,29.39,48.00,26.80,28.00,31.87
2565,บ้านเมืองก๊ะ,แม่ริม,เล็ก,นอกเมือง,สำนักงานคณะกรรมการการศึกษาขั้นพื้นฐาน,สพป.เชียงใหม่ เขต 2,2,0.00,0.00,50.00,25.00,50.00,50.00,50.00,25.00,33.33,0.00,50.00,0.00,50.00,0.00,33.33,0.00,50.00,0.00
2565,บ้านแม่สา,แม่ริม,กลาง,นอกเมือง,สำนักงานคณะกรรมการการศึกษาขั้นพื้นฐาน,สพป.เชียงใหม่ เขต 2,16,31.25,46.35,28.13,30.46,43.75,49.61,62.50,25.39,29.17,28.57,37.50,27.95,46.88,41.34,54.17,28.57,56.25,34.80
2565,บ้านริมใต้,แม่ริม,กลาง,นอกเมือง,สำนักงานคณะกรรมการการศึกษาขั้นพื้นฐาน,สพป.เชียงใหม่ เขต 2,95,26.32,44.03,38.95,30.72,29.47,45.59,46.05,24.28,31.23,28.12,36.32,31.99,46.32,30.12,50.88,31.29,55.79,36.89
2565,บ้านศาลา,แม่ริม,กลาง,นอกเมือง,กรมส่งเสริมการปกครองท้องถิ่น,ท้องถิ่นจังหวัดเชียงใหม่,3,33.33,47.14,16.67,11.79,100.00,0.00,58.33,11.79,33.33,27.22,50.00,40.82,66.67,23.57,44.44,15.71,66.67,23.57
2565,บ้านสะลวงนอก,แม่ริม,เล็ก,นอกเมือง,สำนักงานคณะกรรมการการศึกษาขั้นพื้นฐาน,สพป.เชียงใหม่ เขต 2,11,0.00,0.00,40.91,24.48,45.45,49.79,47.73,26.01,45.45,25.71,40.91,35.79,45.45,25.71,45.45,29.38,59.09,35.79
2565,บ้านสันคะยอม,แม่ริม,เล็ก,นอกเมือง,สำนักงานคณะกรรมการการศึกษาขั้นพื้นฐาน,สพป.เชียงใหม่ เขต 2,13,15.38,36.08,40.38,25.07,7.69,26.65,41.35,30.38,15.38,21.14,23.08,37.29,53.85,30.77,41.03,26.65,26.92,31.72
2565,บ้านหนองปลามัน,แม่ริม,เล็ก,นอกเมือง,สำนักงานคณะกรรมการการศึกษาขั้นพื้นฐาน,สพป.เชียงใหม่ เขต 2,16,18.75,39.03,31.25,31.25,31.25,46.35,47.66,20.83,18.75,16.54,37.50,41.46,34.38,34.09,45.83,28.57,50.00,35.36
2565,มูลนิธิมหาราช 5,แม่ริม,เล็ก,นอกเมือง,สำนักงานคณะกรรมการการศึกษาขั้นพื้นฐาน,สพป.เชียงใหม่ เขต 2,13,46.15,49.85,30.77,19.99,15.38,36.08,45.19,18.69,33.33,29.24,42.31,38.46,42.31,26.65,53.85,38.20,38.46,28.78
2565,วัดทรายมูล,แม่ริม,เล็ก,นอกเมือง,สำนักงานคณะกรรมการการศึกษาขั้นพื้นฐาน,สพป.เชียงใหม่ เขต 2,22,18.18,38.57,32.95,27.58,9.09,28.75,53.41,21.38,28.79,27.15,38.64,39.69,50.00,26.11,48.48,34.42,20.45,28.84
2565,ศึกษาสงเคราะห์เชียงใหม่,แม่ริม,กลาง,นอกเมือง,สำนักบริหารงานการศึกษาพิเศษ,-,30,20.00,40.00,37.50,34.00,23.33,42.30,54.58,22.70,33.33,21.08,30.00,35.59,43.33,30.91,48.89,29.48,30.00,30.55
2565,บ้านกาด,แม่วาง,กลาง,นอกเมือง,สำนักงานคณะกรรมการการศึกษาขั้นพื้นฐาน,สพป.เชียงใหม่ เขต 4,41,14.63,35.34,28.66,28.46,17.07,37.63,48.48,31.14,27.64,24.31,31.71,30.75,50.00,29.22,43.09,30.57,35.37,31.71
2565,บ้านทุ่งหลวง,แม่วาง,เล็ก,นอกเมือง,สำนักงานคณะกรรมการการศึกษาขั้นพื้นฐาน,สพป.เชียงใหม่ เขต 4,6,16.67,37.27,25.00,20.41,33.33,47.14,31.25,20.09,16.67,25.46,16.67,23.57,41.67,18.63,38.89,22.91,33.33,23.57
2565,บ้านพันตน,แม่วาง,เล็ก,นอกเมือง,สำนักงานคณะกรรมการการศึกษาขั้นพื้นฐาน,สพป.เชียงใหม่ เขต 4,9,44.44,49.69,33.33,23.57,88.89,31.43,50.00,25.69,37.04,33.13,33.33,40.82,50.00,33.33,48.15,31.86,22.22,34.25
2565,บ้านหนองเต่า,แม่วาง,เล็ก,นอกเมือง,สำนักงานคณะกรรมการการศึกษาขั้นพื้นฐาน,สพป.เชียงใหม่ เขต 4,3,33.33,47.14,33.33,31.18,33.33,47.14,29.17,21.25,11.11,15.71,16.67,23.57,50.00,0.00,55.56,41.57,16.67,23.57
2565,บ้านห้วยตอง,แม่วาง,กลาง,นอกเมือง,สำนักงานคณะกรรมการการศึกษาขั้นพื้นฐาน,สพป.เชียงใหม่ เขต 4,13,23.08,42.13,25.00,25.94,0.00,0.00,44.23,27.13,35.90,30.55,26.92,31.72,57.69,26.65,35.90,27.62,38.46,34.83
2565,บ้านเหล่าป่าฝาง,แม่วาง,เล็ก,นอกเมือง,สำนักงานคณะกรรมการการศึกษาขั้นพื้นฐาน,สพป.เชียงใหม่ เขต 4,5,0.00,0.00,40.00,33.91,20.00,40.00,47.50,28.94,13.33,16.33,50.00,44.72,20.00,24.49,46.67,16.33,40.00,20.00
2565,บ้านใหม่สวรรค์,แม่วาง,เล็ก,นอกเมือง,สำนักงานคณะกรรมการการศึกษาขั้นพื้นฐาน,สพป.เชียงใหม่ เขต 4,11,0.00,0.00,31.82,32.14,18.18,38.57,40.91,13.15,27.27,23.86,40.91,41.66,50.00,21.32,48.48,16.60,31.82,32.14
2565,พัฒนาต้นน้ำที่ 5 ขุนวาง,แม่วาง,เล็ก,นอกเมือง,สำนักงานคณะกรรมการการศึกษาขั้นพื้นฐาน,สพป.เชียงใหม่ เขต 4,16,31.25,46.35,31.25,29.97,12.50,33.07,38.28,21.41,33.33,26.35,21.88,30.46,25.00,30.62,33.33,31.18,31.25,29.97
2565,แม่วินสามัคคี,แม่วาง,กลาง,นอกเมือง,สำนักงานคณะกรรมการการศึกษาขั้นพื้นฐาน,สพป.เชียงใหม่ เขต 4,32,21.88,41.34,32.81,23.75,25.00,43.30,44.14,27.06,25.00,23.57,25.00,30.62,39.06,29.93,38.54,27.78,25.00,30.62
2565,วัดดอนเปา,แม่วาง,เล็ก,นอกเมือง,กรมส่งเสริมการปกครองท้องถิ่น,ท้องถิ่นจังหวัดเชียงใหม่,10,20.00,40.00,32.50,27.50,20.00,40.00,52.50,32.02,33.33,29.81,40.00,37.42,45.00,26.93,43.33,26.03,55.00,26.93
2565,วัดทุ่งศาลา,แม่วาง,เล็ก,นอกเมือง,สำนักงานคณะกรรมการการศึกษาขั้นพื้นฐาน,สพป.เชียงใหม่ เขต 4,7,14.29,34.99,57.14,22.02,14.29,34.99,21.43,20.82,23.81,34.34,28.57,24.74,42.86,17.50,33.33,35.63,21.43,24.74
2565,วัดมะกับตองหลวง,แม่วาง,เล็ก,นอกเมือง,สำนักงานคณะกรรมการการศึกษาขั้นพื้นฐาน,สพป.เชียงใหม่ เขต 4,6,0.00,0.00,41.67,34.36,16.67,37.27,50.00,23.94,16.67,25.46,41.67,34.36,33.33,23.57,33.33,27.22,50.00,28.87
2565,วัดศิริชัยนิมิตร,แม่วาง,เล็ก,นอกเมือง,สำนักงานคณะกรรมการการศึกษาขั้นพื้นฐาน,สพป.เชียงใหม่ เขต 4,9,44.44,49.69,38.89,37.47,44.44,49.69,51.39,24.61,29.63,29.16,50.00,23.57,44.44,36.85,55.56,22.22,27.78,24.85
2565,วัดห้วยแก้ว,แม่วาง,เล็ก,นอกเมือง,สำนักงานคณะกรรมการการศึกษาขั้นพื้นฐาน,สพป.เชียงใหม่ เขต 4,2,100.00,0.00,37.50,37.50,0.00,0.00,75.00,25.00,16.67,16.67,50.00,0.00,75.00,25.00,33.33,0.00,50.00,50.00
2565,สโมสรไลออนรัตนโกสินทร์,แม่วาง,เล็ก,นอกเมือง,สำนักงานคณะกรรมการการศึกษาขั้นพื้นฐาน,สพป.เชียงใหม่ เขต 4,5,20.00,40.00,50.00,22.36,0.00,0.00,50.00,17.68,13.33,16.33,40.00,20.00,30.00,24.49,46.67,26.67,30.00,24.49
2565,สารสาสน์วิเทศอุปถัมภ์,แม่วาง,กลาง,นอกเมือง,สำนักงานคณะกรรมการส่งเสริมการศึกษาเอกชน,-,31,22.58,41.81,29.03,30.52,22.58,41.81,35.48,20.84,24.73,29.29,22.58,24.88,45.16,32.02,43.01,27.03,25.81,33.29
2565,ทาเหนือวิทยา,แม่ออน,เล็ก,นอกเมือง,สำนักงานคณะกรรมการการศึกษาขั้นพื้นฐาน,สพป.เชียงใหม่ เขต 1,22,36.36,48.10,28.41,31.35,22.73,41.91,43.18,30.56,27.27,31.20,36.36,30.83,43.18,34.69,36.36,19.87,25.00,25.00
2565,บ้านออนกลาง,แม่ออน,เล็ก,นอกเมือง,สำนักงานคณะกรรมการการศึกษาขั้นพื้นฐาน,สพป.เชียงใหม่ เขต 1,7,14.29,34.99,67.86,22.02,14.29,34.99,53.57,25.63,33.33,35.63,42.86,41.65,57.14,17.50,57.14,29.35,35.71,34.99
2565,บ้านออนหลวย,แม่ออน,เล็ก,นอกเมือง,สำนักงานคณะกรรมการการศึกษาขั้นพื้นฐาน,สพป.เชียงใหม่ เขต 1,6,16.67,37.27,25.00,25.00,0.00,0.00,29.17,9.32,5.56,12.42,41.67,44.88,66.67,37.27,50.00,16.67,16.67,23.57
2565,แม่ตะไคร้,แม่ออน,เล็ก,นอกเมือง,สำนักงานคณะกรรมการการศึกษาขั้นพื้นฐาน,สพป.เชียงใหม่ เขต 1,4,0.00,0.00,25.00,17.68,0.00,0.00,43.75,10.83,25.00,14.43,62.50,41.46,62.50,41.46,58.33,27.64,75.00,25.00
2565,วัดดอนชัย,แม่ออน,เล็ก,นอกเมือง,สำนักงานคณะกรรมการการศึกษาขั้นพื้นฐาน,สพป.เชียงใหม่ เขต 1,6,16.67,37.27,54.17,36.56,0.00,0.00,41.67,9.32,16.67,16.67,50.00,40.82,33.33,23.57,33.33,38.49,8.33,18.63
2565,วัดเปาสามขา,แม่ออน,เล็ก,นอกเมือง,สำนักงานคณะกรรมการการศึกษาขั้นพื้นฐาน,สพป.เชียงใหม่ เขต 1,11,45.45,49.79,27.27,31.00,9.09,28.75,52.27,25.46,21.21,29.38,22.73,32.78,36.36,30.83,39.39,34.28,22.73,24.90
2565,วัดห้วยแก้ว,แม่ออน,เล็ก,นอกเมือง,สำนักงานคณะกรรมการการศึกษาขั้นพื้นฐาน,สพป.เชียงใหม่ เขต 1,15,26.67,44.22,41.67,33.75,13.33,33.99,46.67,26.01,28.89,23.93,36.67,28.67,36.67,28.67,42.22,35.42,16.67,29.81
2565,วัดห้วยทราย,แม่ออน,เล็ก,นอกเมือง,สำนักงานคณะกรรมการการศึกษาขั้นพื้นฐาน,สพป.เชียงใหม่ เขต 1,8,62.50,48.41,28.13,34.09,12.50,33.07,46.88,13.62,29.17,26.02,43.75,29.97,50.00,0.00,41.67,27.64,25.00,25.00
2565,หมู่บ้านสหกรณ์ 2,แม่ออน,เล็ก,นอกเมือง,สำนักงานคณะกรรมการการศึกษาขั้นพื้นฐาน,สพป.เชียงใหม่ เขต 1,20,25.00,43.30,37.50,34.91,50.00,50.00,37.50,20.92,30.00,17.95,30.00,33.17,52.50,29.47,43.33,28.09,10.00,20.00
2565,กมล -เรียม สุโกศล (บ้านผาใต้),แม่อาย,เล็ก,นอกเมือง,สำนักงานคณะกรรมการการศึกษาขั้นพื้นฐาน,สพป.เชียงใหม่ เขต 3,10,10.00,30.00,27.50,26.10,20.00,40.00,50.00,26.81,30.00,17.95,35.00,45.00,40.00,20.00,46.67,22.11,35.00,32.02
2565,เจ้าพ่อหลวงอุปถัมภ์ 9,แม่อาย,กลาง,นอกเมือง,สำนักงานคณะกรรมการการศึกษาขั้นพื้นฐาน,สพป.เชียงใหม่ เขต 3,27,25.93,43.82,47.22,31.43,14.81,35.52,44.91,18.71,23.46,21.88,24.07,31.54,40.74,30.54,43.21,29.83,29.63,31.21
2565,ชุมชนบ้านคาย,แม่อาย,กลาง,นอกเมือง,สำนักงานคณะกรรมการการศึกษาขั้นพื้นฐาน,สพป.เชียงใหม่ เขต 3,5,40.00,48.99,20.00,24.49,0.00,0.00,35.00,12.25,20.00,16.33,30.00,24.49,50.00,31.62,40.00,24.94,30.00,24.49
2565,ชุมชนบ้านแม่ฮ่าง,แม่อาย,กลาง,นอกเมือง,สำนักงานคณะกรรมการการศึกษาขั้นพื้นฐาน,สพป.เชียงใหม่ เขต 3,37,29.73,45.71,43.24,24.42,24.32,42.90,46.96,25.57,22.52,20.58,29.73,31.75,40.54,30.40,52.25,29.55,25.68,27.56
2565,โชติคุณเกษมบ้านเมืองงาม,แม่อาย,กลาง,นอกเมือง,สำนักงานคณะกรรมการการศึกษาขั้นพื้นฐาน,สพป.เชียงใหม่ เขต 3,37,29.73,45.71,40.54,26.22,13.51,34.19,39.53,23.34,23.42,24.34,32.43,28.98,40.54,30.40,38.74,29.52,29.73,31.75
2565,ต.ช.ด. ไลออนส์มหาจักร 8,แม่อาย,เล็ก,นอกเมือง,สำนักงานคณะกรรมการการศึกษาขั้นพื้นฐาน,สพป.เชียงใหม่ เขต 3,22,31.82,46.58,35.23,28.86,31.82,46.58,36.36,22.58,30.30,24.43,29.55,35.86,59.09,32.46,42.42,26.93,29.55,32.54
2565,ต.ช.ด.ศึกษานารีอนุสรณ์ 3,แม่อาย,เล็ก,นอกเมือง,สำนักงานคณะกรรมการการศึกษาขั้นพื้นฐาน,สพป.เชียงใหม่ เขต 3,13,0.00,0.00,48.08,28.52,15.38,36.08,45.19,29.64,17.95,16.62,34.62,23.08,53.85,13.32,48.72,21.14,34.62,30.28
2565,ทุติยะโพธิ์อนุสรณ์,แม่อาย,เล็ก,นอกเมือง,กองบัญชาการตำรวจตระเวนชายแดน,-,7,28.57,45.18,10.71,18.21,28.57,45.18,26.79,16.94,19.05,16.50,28.57,36.42,50.00,26.73,33.33,25.20,7.14,17.50
2565,ไทยทนุบ้านสันต้นดู่,แม่อาย,เล็ก,นอกเมือง,สำนักงานคณะกรรมการการศึกษาขั้นพื้นฐาน,สพป.เชียงใหม่ เขต 3,14,35.71,47.92,23.21,19.96,14.29,34.99,37.50,15.67,26.19,22.46,28.57,24.74,53.57,29.67,38.10,21.30,21.43,24.74
2565,ไทยรัฐวิทยา 12 (บ้านเอก),แม่อาย,กลาง,นอกเมือง,สำนักงานคณะกรรมการการศึกษาขั้นพื้นฐาน,สพป.เชียงใหม่ เขต 3,27,29.63,45.66,51.85,30.37,33.33,47.14,43.52,25.99,48.15,27.72,37.04,34.94,57.41,35.23,66.67,30.09,46.30,38.31
2565,บ้านดง,แม่อาย,กลาง,นอกเมือง,สำนักงานคณะกรรมการการศึกษาขั้นพื้นฐาน,สพป.เชียงใหม่ เขต 3,9,11.11,31.43,33.33,23.57,22.22,41.57,51.39,16.08,11.11,15.71,27.78,24.85,44.44,28.33,48.15,27.72,33.33,23.57
2565,บ้านดอนชัย,แม่อาย,เล็ก,นอกเมือง,สำนักงานคณะกรรมการการศึกษาขั้นพื้นฐาน,สพป.เชียงใหม่ เขต 3,9,11.11,31.43,33.33,23.57,0.00,0.00,25.00,23.57,25.93,20.95,16.67,23.57,27.78,34.25,40.74,26.19,16.67,23.57
2565,บ้านท่ามะแกง,แม่อาย,เล็ก,นอกเมือง,สำนักงานคณะกรรมการการศึกษาขั้นพื้นฐาน,สพป.เชียงใหม่ เขต 3,5,60.00,48.99,70.00,24.49,0.00,0.00,27.50,25.50,53.33,33.99,70.00,24.49,60.00,37.42,73.33,24.94,30.00,24.49
2565,บ้านป่าก๊อ,แม่อาย,กลาง,นอกเมือง,สำนักงานคณะกรรมการการศึกษาขั้นพื้นฐาน,สพป.เชียงใหม่ เขต 3,10,20.00,40.00,25.00,25.00,30.00,45.83,30.00,18.71,40.00,32.66,35.00,32.02,25.00,25.00,33.33,14.91,30.00,24.49
2565,บ้านปางต้นเดื่อ,แม่อาย,กลาง,นอกเมือง,สำนักงานคณะกรรมการการศึกษาขั้นพื้นฐาน,สพป.เชียงใหม่ เขต 3,15,13.33,33.99,38.33,31.45,6.67,24.94,54.17,25.69,28.89,31.89,33.33,29.81,50.00,25.82,48.89,31.89,16.67,23.57
2565,บ้านป่าแดง,แม่อาย,กลาง,นอกเมือง,สำนักงานคณะกรรมการการศึกษาขั้นพื้นฐาน,สพป.เชียงใหม่ เขต 3,39,12.82,33.43,37.18,29.35,12.82,33.43,31.73,20.77,21.37,20.65,35.90,29.85,51.28,28.84,39.32,28.11,17.95,26.52
2565,บ้านโป่งไฮ,แม่อาย,เล็ก,นอกเมือง,สำนักงานคณะกรรมการการศึกษาขั้นพื้นฐาน,สพป.เชียงใหม่ เขต 3,11,18.18,38.57,20.45,23.40,18.18,38.57,40.91,26.16,21.21,21.43,27.27,24.90,36.36,37.48,18.18,16.60,9.09,19.28
2565,บ้านแม่สาว,แม่อาย,กลาง,นอกเมือง,สำนักงานคณะกรรมการการศึกษาขั้นพื้นฐาน,สพป.เชียงใหม่ เขต 3,43,37.21,48.34,35.47,29.15,30.23,45.93,47.09,22.53,20.93,26.92,47.67,35.69,37.21,28.72,34.88,24.85,31.40,32.39
2565,บ้านโละ,แม่อาย,เล็ก,นอกเมือง,สำนักงานคณะกรรมการการศึกษาขั้นพื้นฐาน,สพป.เชียงใหม่ เขต 3,5,40.00,48.99,65.00,37.42,20.00,40.00,70.00,12.75,20.00,26.67,30.00,24.49,60.00,20.00,40.00,13.33,30.00,24.49
2565,บ้านสันต้นหมื้อ,แม่อาย,กลาง,นอกเมือง,สำนักงานคณะกรรมการการศึกษาขั้นพื้นฐาน,สพป.เชียงใหม่ เขต 3,19,47.37,49.93,31.58,29.07,0.00,0.00,42.11,19.54,29.82,26.26,26.32,33.91,39.47,30.69,33.33,30.59,26.32,37.59
2565,บ้านสันปอธง,แม่อาย,เล็ก,นอกเมือง,สำนักงานคณะกรรมการการศึกษาขั้นพื้นฐาน,สพป.เชียงใหม่ เขต 3,13,38.46,48.65,36.54,23.24,23.08,42.13,52.88,27.37,17.95,24.86,26.92,24.93,34.62,23.08,33.33,29.24,26.92,31.72
2565,บ้านสันป่าข่า,แม่อาย,เล็ก,นอกเมือง,สำนักงานคณะกรรมการการศึกษาขั้นพื้นฐาน,สพป.เชียงใหม่ เขต 3,8,25.00,43.30,43.75,32.48,25.00,43.30,48.44,24.56,20.83,16.14,43.75,29.97,62.50,33.07,50.00,28.87,0.00,0.00
2565,บ้านสันป่าเหียว,แม่อาย,เล็ก,นอกเมือง,สำนักงานคณะกรรมการการศึกษาขั้นพื้นฐาน,สพป.เชียงใหม่ เขต 3,8,0.00,0.00,25.00,27.95,50.00,50.00,53.13,32.33,41.67,27.64,50.00,35.36,68.75,24.21,58.33,36.32,31.25,34.80
2565,บ้านสุขฤทัย,แม่อาย,กลาง,นอกเมือง,สำนักงานคณะกรรมการการศึกษาขั้นพื้นฐาน,สพป.เชียงใหม่ เขต 3,50,24.00,42.71,28.00,30.68,24.00,42.71,36.00,20.10,21.33,21.87,32.00,31.24,43.00,31.64,32.00,27.46,24.00,26.91
2565,บ้านหนองขี้นกยาง,แม่อาย,เล็ก,นอกเมือง,สำนักงานคณะกรรมการการศึกษาขั้นพื้นฐาน,สพป.เชียงใหม่ เขต 3,11,36.36,48.10,34.09,37.34,27.27,44.54,50.00,23.23,18.18,21.85,31.82,32.14,50.00,36.93,39.39,27.77,4.55,14.37
2565,บ้านหลวง,แม่อาย,เล็ก,นอกเมือง,สำนักงานคณะกรรมการการศึกษาขั้นพื้นฐาน,สพป.เชียงใหม่ เขต 3,9,0.00,0.00,25.00,16.67,22.22,41.57,45.83,25.00,25.93,20.95,16.67,23.57,44.44,28.33,37.04,24.57,11.11,20.79
2565,บ้านห้วยคอกหมู,แม่อาย,เล็ก,นอกเมือง,สำนักงานคณะกรรมการการศึกษาขั้นพื้นฐาน,สพป.เชียงใหม่ เขต 3,7,57.14,49.49,35.71,26.24,14.29,34.99,41.07,25.63,33.33,17.82,21.43,24.74,50.00,26.73,38.10,11.66,14.29,22.59
2565,บ้านห้วยป่าซาง,แม่อาย,เล็ก,นอกเมือง,สำนักงานคณะกรรมการการศึกษาขั้นพื้นฐาน,สพป.เชียงใหม่ เขต 3,17,35.29,47.79,50.00,34.30,35.29,47.79,55.15,25.75,33.33,19.80,41.18,35.29,67.65,29.41,52.94,38.02,44.12,33.79
2565,บ้านห้วยปู,แม่อาย,เล็ก,นอกเมือง,สำนักงานคณะกรรมการการศึกษาขั้นพื้นฐาน,สพป.เชียงใหม่ เขต 3,6,16.67,37.27,45.83,36.56,50.00,50.00,47.92,23.29,55.56,31.43,50.00,28.87,58.33,34.36,55.56,15.71,25.00,38.19
2565,บ้านห้วยม่วง,แม่อาย,เล็ก,นอกเมือง,สำนักงานคณะกรรมการการศึกษาขั้นพื้นฐาน,สพป.เชียงใหม่ เขต 3,7,0.00,0.00,35.71,26.24,0.00,0.00,51.79,16.94,38.10,32.99,57.14,41.65,50.00,37.80,47.62,30.12,7.14,17.50
2565,บ้านห้วยศาลา,แม่อาย,เล็ก,นอกเมือง,สำนักงานคณะกรรมการการศึกษาขั้นพื้นฐาน,สพป.เชียงใหม่ เขต 3,18,16.67,37.27,36.11,36.54,33.33,47.14,36.81,24.46,22.22,22.22,44.44,36.85,61.11,20.79,53.70,27.53,22.22,29.92
2565,บ้านฮ่างต่ำ,แม่อาย,เล็ก,นอกเมือง,สำนักงานคณะกรรมการการศึกษาขั้นพื้นฐาน,สพป.เชียงใหม่ เขต 3,9,44.44,49.69,36.11,35.57,55.56,49.69,47.22,24.85,22.22,22.22,55.56,28.33,50.00,23.57,44.44,31.43,33.33,33.33
2565,ประพันธ์ - อารีย์ หงษ์สกุล (บ้านห้วยห,แม่อาย,กลาง,นอกเมือง,สำนักงานคณะกรรมการการศึกษาขั้นพื้นฐาน,สพป.เชียงใหม่ เขต 3,3,0.00,0.00,33.33,31.18,0.00,0.00,45.83,21.25,33.33,0.00,16.67,23.57,33.33,23.57,22.22,15.71,16.67,23.57
2565,เพียงหลวง 1 (บ้านท่าตอน),แม่อาย,กลาง,นอกเมือง,สำนักงานคณะกรรมการการศึกษาขั้นพื้นฐาน,สพป.เชียงใหม่ เขต 3,12,91.67,27.64,64.58,33.01,66.67,47.14,76.04,25.24,77.78,28.33,79.17,32.00,75.00,25.00,80.56,28.73,25.00,25.00
2565,ราชประชานุเคราะห์ 30,แม่อาย,กลาง,นอกเมือง,สำนักบริหารงานการศึกษาพิเศษ,-,27,14.81,35.52,42.59,33.20,18.52,38.84,43.06,21.34,23.46,28.42,27.78,28.33,29.63,24.57,43.21,28.42,16.67,23.57
2565,ศึกษานารีอนุสรณ์ 1 บ้านแม่เมืองน้อย,แม่อาย,เล็ก,นอกเมือง,สำนักงานคณะกรรมการการศึกษาขั้นพื้นฐาน,สพป.เชียงใหม่ เขต 3,20,25.00,43.30,43.75,22.19,40.00,48.99,49.38,29.44,31.67,26.82,45.00,44.44,62.50,38.32,33.33,34.96,30.00,29.15
2565,ศึกษานารีอนุสรณ์ 2,แม่อาย,กลาง,นอกเมือง,สำนักงานคณะกรรมการการศึกษาขั้นพื้นฐาน,สพป.เชียงใหม่ เขต 3,16,25.00,43.30,39.06,30.58,12.50,33.07,32.03,18.73,25.00,18.63,28.13,30.46,28.13,30.46,35.42,32.21,37.50,21.65
2565,เฮียงไทยธำรงค์,แม่อาย,เล็ก,นอกเมือง,กองบัญชาการตำรวจตระเวนชายแดน,-,11,18.18,38.57,29.55,23.40,9.09,28.75,15.91,15.16,21.21,25.71,31.82,38.57,18.18,24.05,18.18,16.60,36.36,30.83
2565,ตชด.เบญจมะ1,เวียงแหง,เล็ก,นอกเมือง,กองบัญชาการตำรวจตระเวนชายแดน,-,9,33.33,47.14,30.56,19.64,33.33,47.14,33.33,19.54,14.81,22.83,27.78,24.85,50.00,40.82,29.63,24.57,33.33,23.57
2565,บ้านกองลม,เวียงแหง,กลาง,นอกเมือง,สำนักงานคณะกรรมการการศึกษาขั้นพื้นฐาน,สพป.เชียงใหม่ เขต 3,32,40.63,49.11,31.25,27.24,12.50,33.07,33.20,26.81,36.46,21.01,32.81,34.48,34.38,23.18,38.54,26.50,43.75,32.48
2565,บ้านจอง,เวียงแหง,กลาง,นอกเมือง,สำนักงานคณะกรรมการการศึกษาขั้นพื้นฐาน,สพป.เชียงใหม่ เขต 3,18,22.22,41.57,33.33,28.87,11.11,31.43,50.69,21.44,18.52,19.95,38.89,31.43,44.44,28.33,46.30,33.59,36.11,27.92
2565,บ้านนามน,เวียงแหง,เล็ก,นอกเมือง,สำนักงานคณะกรรมการการศึกษาขั้นพื้นฐาน,สพป.เชียงใหม่ เขต 3,13,23.08,42.13,30.77,26.23,15.38,36.08,50.96,19.28,25.64,29.68,23.08,37.29,50.00,19.61,46.15,24.59,26.92,24.93
2565,บ้านปางป๋อ,เวียงแหง,เล็ก,นอกเมือง,สำนักงานคณะกรรมการการศึกษาขั้นพื้นฐาน,สพป.เชียงใหม่ เขต 3,18,16.67,37.27,40.28,30.21,11.11,31.43,46.53,21.57,22.22,29.40,27.78,34.25,55.56,28.33,57.41,32.97,33.33,28.87
2565,บ้านเปียงหลวง,เวียงแหง,กลาง,นอกเมือง,สำนักงานคณะกรรมการการศึกษาขั้นพื้นฐาน,สพป.เชียงใหม่ เขต 3,59,27.12,44.46,38.56,31.33,22.03,41.45,47.03,22.12,21.47,25.13,40.68,35.02,40.68,26.80,44.07,28.42,29.66,30.70
2565,บ้านม่วงป๊อก,เวียงแหง,กลาง,นอกเมือง,สำนักงานคณะกรรมการการศึกษาขั้นพื้นฐาน,สพป.เชียงใหม่ เขต 3,48,33.33,47.14,45.31,37.03,16.67,37.27,42.45,20.84,21.53,24.05,31.25,33.27,41.67,35.84,42.36,25.22,28.13,32.12
2565,บ้านเวียงแหง,เวียงแหง,กลาง,นอกเมือง,สำนักงานคณะกรรมการการศึกษาขั้นพื้นฐาน,สพป.เชียงใหม่ เขต 3,38,26.32,44.03,42.76,30.84,7.89,26.97,41.12,24.15,15.79,19.85,44.74,35.89,40.79,27.76,50.88,35.65,30.26,31.50
2565,บ้านห้วยไคร้,เวียงแหง,กลาง,นอกเมือง,สำนักงานคณะกรรมการการศึกษาขั้นพื้นฐาน,สพป.เชียงใหม่ เขต 3,14,35.71,47.92,32.14,31.94,35.71,47.92,46.43,17.31,26.19,22.46,28.57,36.42,42.86,31.94,50.00,35.07,42.86,31.94
2565,รัฐราษฎร์อุปถัมภ์,เวียงแหง,กลาง,นอกเมือง,สำนักงานคณะกรรมการการศึกษาขั้นพื้นฐาน,สพป.เชียงใหม่ เขต 3,40,15.00,35.71,46.25,28.26,50.00,50.00,37.19,23.13,30.83,27.27,30.00,29.15,41.25,31.40,35.83,27.27,22.50,31.52
2565,ชุมชนบ้านดง,สะเมิง,เล็ก,นอกเมือง,สำนักงานคณะกรรมการการศึกษาขั้นพื้นฐาน,สพป.เชียงใหม่ เขต 2,20,30.00,45.83,30.00,33.17,15.00,35.71,29.38,19.48,26.67,32.66,25.00,37.08,37.50,31.12,30.00,31.45,27.50,29.47
2565,ชุมชนบ้านแม่สาบ,สะเมิง,เล็ก,นอกเมือง,สำนักงานคณะกรรมการการศึกษาขั้นพื้นฐาน,สพป.เชียงใหม่ เขต 2,1,0.00,0.00,25.00,0.00,0.00,0.00,50.00,0.00,33.33,0.00,50.00,0.00,0.00,0.00,0.00,0.00,100.00,0.00
2565,ทรายทองราษฎร์อุทิศ,สะเมิง,เล็ก,นอกเมือง,สำนักงานคณะกรรมการการศึกษาขั้นพื้นฐาน,สพป.เชียงใหม่ เขต 2,22,36.36,48.10,52.27,33.63,18.18,38.57,53.41,23.29,34.85,25.58,36.36,34.32,43.18,22.84,53.03,27.81,18.18,24.05
2565,บ้านกิ่วเสือ,สะเมิง,เล็ก,นอกเมือง,สำนักงานคณะกรรมการการศึกษาขั้นพื้นฐาน,สพป.เชียงใหม่ เขต 2,6,33.33,47.14,37.50,23.94,50.00,50.00,41.67,22.44,27.78,22.91,41.67,18.63,25.00,25.00,38.89,35.57,25.00,25.00
2565,บ้านนากู่,สะเมิง,เล็ก,นอกเมือง,สำนักงานคณะกรรมการการศึกษาขั้นพื้นฐาน,สพป.เชียงใหม่ เขต 2,0,-,-,-,-,-,-,-,-,-,-,-,-,-,-,-,-,-,-
2565,บ้านบ่อแก้ว,สะเมิง,กลาง,นอกเมือง,สำนักงานคณะกรรมการการศึกษาขั้นพื้นฐาน,สพป.เชียงใหม่ เขต 2,19,36.84,48.24,28.95,31.69,0.00,0.00,39.47,27.58,22.81,24.31,18.42,24.12,31.58,29.07,40.35,36.80,23.68,29.77
2565,บ้านปางขุม,สะเมิง,เล็ก,นอกเมือง,สำนักงานคณะกรรมการการศึกษาขั้นพื้นฐาน,สพป.เชียงใหม่ เขต 2,5,60.00,48.99,45.00,24.49,20.00,40.00,47.50,32.02,26.67,24.94,0.00,0.00,40.00,37.42,53.33,16.33,40.00,20.00
2565,บ้านป่าลาน,สะเมิง,เล็ก,นอกเมือง,สำนักงานคณะกรรมการการศึกษาขั้นพื้นฐาน,สพป.เชียงใหม่ เขต 2,8,25.00,43.30,34.38,30.46,25.00,43.30,34.38,24.80,37.50,26.02,25.00,35.36,56.25,16.54,33.33,23.57,37.50,33.07
2565,บ้านแม่ขะปู,สะเมิง,เล็ก,นอกเมือง,สำนักงานคณะกรรมการการศึกษาขั้นพื้นฐาน,สพป.เชียงใหม่ เขต 2,7,0.00,0.00,32.14,25.75,28.57,45.18,33.93,17.31,14.29,24.28,14.29,34.99,21.43,24.74,23.81,23.33,28.57,36.42
2565,บ้านแม่โต๋,สะเมิง,เล็ก,นอกเมือง,สำนักงานคณะกรรมการการศึกษาขั้นพื้นฐาน,สพป.เชียงใหม่ เขต 2,20,30.00,45.83,36.25,33.98,30.00,45.83,58.75,25.03,36.67,29.63,40.00,33.91,55.00,35.00,28.33,19.08,12.50,26.81
2565,บ้านแม่ยางห้า,สะเมิง,เล็ก,นอกเมือง,สำนักงานคณะกรรมการการศึกษาขั้นพื้นฐาน,สพป.เชียงใหม่ เขต 2,27,40.74,49.14,30.56,31.43,22.22,41.57,29.63,20.17,28.40,23.49,42.59,35.23,55.56,28.33,49.38,31.91,29.63,31.21
2565,บ้านแม่ลานคำ,สะเมิง,เล็ก,นอกเมือง,สำนักงานคณะกรรมการการศึกษาขั้นพื้นฐาน,สพป.เชียงใหม่ เขต 2,16,37.50,48.41,31.25,24.21,50.00,50.00,49.22,22.74,27.08,24.21,21.88,30.46,50.00,30.62,50.00,26.35,18.75,24.21
2565,บ้านแม่แว,สะเมิง,เล็ก,นอกเมือง,สำนักงานคณะกรรมการการศึกษาขั้นพื้นฐาน,สพป.เชียงใหม่ เขต 2,14,42.86,49.49,25.00,16.37,0.00,0.00,38.39,24.30,26.19,22.46,32.14,35.89,35.71,34.99,38.10,21.30,32.14,30.51
2565,บ้านห้วยน้ำจาง,สะเมิง,เล็ก,นอกเมือง,สำนักงานคณะกรรมการการศึกษาขั้นพื้นฐาน,สพป.เชียงใหม่ เขต 2,7,14.29,34.99,32.14,29.01,42.86,49.49,33.93,21.87,57.14,29.35,50.00,26.73,42.86,31.94,42.86,23.33,14.29,34.99
2565,รัปปาปอร์ต,สะเมิง,เล็ก,นอกเมือง,กองบัญชาการตำรวจตระเวนชายแดน,-,13,30.77,46.15,38.46,27.06,46.15,49.85,34.62,26.01,35.90,27.62,30.77,24.33,46.15,23.71,35.90,30.55,34.62,30.28
2565,วัดงิ้วเฒ่า,สะเมิง,เล็ก,นอกเมือง,สำนักงานคณะกรรมการการศึกษาขั้นพื้นฐาน,สพป.เชียงใหม่ เขต 2,6,0.00,0.00,29.17,22.44,16.67,37.27,58.33,19.98,61.11,35.57,50.00,28.87,33.33,23.57,38.89,29.92,16.67,23.57
2565,วัดบ้านป้อก,สะเมิง,เล็ก,นอกเมือง,สำนักงานคณะกรรมการการศึกษาขั้นพื้นฐาน,สพป.เชียงใหม่ เขต 2,9,33.33,47.14,36.11,31.43,33.33,47.14,37.50,18.63,25.93,30.54,27.78,34.25,55.56,28.33,44.44,31.43,33.33,33.33
2565,วัดปางเติม,สะเมิง,เล็ก,นอกเมือง,สำนักงานคณะกรรมการการศึกษาขั้นพื้นฐาน,สพป.เชียงใหม่ เขต 2,7,71.43,45.18,50.00,26.73,28.57,45.18,46.43,23.82,19.05,16.50,7.14,17.50,42.86,41.65,33.33,30.86,42.86,41.65
2565,วัดแม่เลย,สะเมิง,เล็ก,นอกเมือง,สำนักงานคณะกรรมการการศึกษาขั้นพื้นฐาน,สพป.เชียงใหม่ เขต 2,8,50.00,50.00,50.00,27.95,25.00,43.30,39.06,30.26,12.50,23.20,31.25,24.21,31.25,24.21,41.67,36.32,37.50,41.46
2565,วัดยั้งเมิน,สะเมิง,เล็ก,นอกเมือง,สำนักงานคณะกรรมการการศึกษาขั้นพื้นฐาน,สพป.เชียงใหม่ เขต 2,12,50.00,50.00,54.17,30.33,8.33,27.64,37.50,20.41,13.89,16.43,25.00,25.00,37.50,29.76,30.56,25.31,41.67,34.36
2565,บ้านกอสะเลียม,สันกำแพง,เล็ก,นอกเมือง,สำนักงานคณะกรรมการการศึกษาขั้นพื้นฐาน,สพป.เชียงใหม่ เขต 1,8,25.00,43.30,37.50,25.00,12.50,33.07,51.56,22.04,33.33,28.87,31.25,24.21,50.00,25.00,54.17,28.57,37.50,33.07
2565,บ้านแช่ช้าง (เทพนานุกูล),สันกำแพง,เล็ก,นอกเมือง,สำนักงานคณะกรรมการการศึกษาขั้นพื้นฐาน,สพป.เชียงใหม่ เขต 1,15,20.00,40.00,50.00,28.87,33.33,47.14,50.83,29.04,20.00,23.73,40.00,20.00,60.00,27.08,64.44,33.26,33.33,29.81
2565,บ้านบวกค้าง,สันกำแพง,เล็ก,นอกเมือง,สำนักงานคณะกรรมการการศึกษาขั้นพื้นฐาน,สพป.เชียงใหม่ เขต 1,5,0.00,0.00,50.00,27.39,40.00,48.99,62.50,27.39,40.00,38.87,30.00,40.00,40.00,20.00,53.33,33.99,50.00,31.62
2565,บ้านบ่อสร้างนรากรประสาท,สันกำแพง,กลาง,นอกเมือง,สำนักงานคณะกรรมการการศึกษาขั้นพื้นฐาน,สพป.เชียงใหม่ เขต 1,41,14.63,35.34,49.39,35.13,24.39,42.94,54.88,22.91,34.15,28.02,26.83,33.31,46.34,25.64,54.47,31.88,30.49,24.39
2565,บ้านปงป่าเอื้อง,สันกำแพง,เล็ก,นอกเมือง,สำนักงานคณะกรรมการการศึกษาขั้นพื้นฐาน,สพป.เชียงใหม่ เขต 1,4,0.00,0.00,43.75,36.98,0.00,0.00,43.75,27.24,8.33,14.43,12.50,21.65,12.50,21.65,33.33,33.33,62.50,41.46
2565,บ้านมอญ,สันกำแพง,เล็ก,นอกเมือง,สำนักงานคณะกรรมการการศึกษาขั้นพื้นฐาน,สพป.เชียงใหม่ เขต 1,18,5.56,22.91,31.94,26.09,50.00,50.00,64.58,18.75,31.48,25.99,22.22,24.85,58.33,25.00,42.59,26.77,33.33,28.87
2565,บ้านแม่ปูคา,สันกำแพง,เล็ก,นอกเมือง,สำนักงานคณะกรรมการการศึกษาขั้นพื้นฐาน,สพป.เชียงใหม่ เขต 1,13,30.77,46.15,28.85,25.66,30.77,46.15,47.12,19.09,25.64,26.65,50.00,33.97,30.77,24.33,51.28,28.09,34.62,23.08
2565,บ้านสันกำแพง,สันกำแพง,ใหญ่พิเศษ,นอกเมือง,สำนักงานคณะกรรมการการศึกษาขั้นพื้นฐาน,สพป.เชียงใหม่ เขต 1,285,24.21,42.84,36.75,30.31,36.84,48.24,50.48,26.02,31.93,28.17,40.35,35.09,49.47,32.30,49.94,32.52,36.14,34.93
2565,บ้านหนองโค้ง,สันกำแพง,กลาง,นอกเมือง,สำนักงานคณะกรรมการการศึกษาขั้นพื้นฐาน,สพป.เชียงใหม่ เขต 1,55,25.45,43.56,48.64,31.05,25.45,43.56,39.55,23.45,27.88,26.79,33.64,34.45,49.09,24.29,48.48,29.69,34.55,35.51
2565,วัดทรายมูลรัตนศึกษา,สันกำแพง,เล็ก,นอกเมือง,สำนักงานคณะกรรมการการศึกษาขั้นพื้นฐาน,สพป.เชียงใหม่ เขต 1,5,20.00,40.00,45.00,33.17,40.00,48.99,22.50,33.91,0.00,0.00,60.00,20.00,10.00,20.00,33.33,21.08,20.00,24.49
2565,วัดบ้านน้อย,สันกำแพง,เล็ก,นอกเมือง,สำนักงานคณะกรรมการการศึกษาขั้นพื้นฐาน,สพป.เชียงใหม่ เขต 1,13,7.69,26.65,28.85,30.77,69.23,46.15,53.85,20.44,20.51,24.59,42.31,33.09,53.85,23.71,64.10,27.62,19.23,24.33
2565,วัดบ้านโห้ง,สันกำแพง,เล็ก,นอกเมือง,สำนักงานคณะกรรมการการศึกษาขั้นพื้นฐาน,สพป.เชียงใหม่ เขต 1,8,37.50,48.41,34.38,24.80,25.00,43.30,51.56,14.57,20.83,23.20,6.25,16.54,31.25,24.21,37.50,35.11,25.00,25.00
2565,วัดป่าตาล,สันกำแพง,เล็ก,นอกเมือง,สำนักงานคณะกรรมการการศึกษาขั้นพื้นฐาน,สพป.เชียงใหม่ เขต 1,3,33.33,47.14,25.00,35.36,0.00,0.00,50.00,35.36,66.67,27.22,50.00,40.82,50.00,0.00,55.56,41.57,66.67,23.57
2565,วัดร้องวัวแดงศรีจันทร์วิทยาคาร,สันกำแพง,เล็ก,นอกเมือง,สำนักงานคณะกรรมการการศึกษาขั้นพื้นฐาน,สพป.เชียงใหม่ เขต 1,12,41.67,49.30,43.75,30.83,50.00,50.00,63.54,25.24,33.33,23.57,41.67,34.36,41.67,34.36,61.11,29.92,41.67,34.36
2565,วัดล้านตอง,สันกำแพง,เล็ก,นอกเมือง,สำนักงานคณะกรรมการการศึกษาขั้นพื้นฐาน,สพป.เชียงใหม่ เขต 1,11,36.36,48.10,56.82,32.14,45.45,49.79,59.09,25.61,27.27,19.17,27.27,32.78,27.27,32.78,51.52,29.69,27.27,24.90
2565,วัดสันกลางเหนือ,สันกำแพง,เล็ก,นอกเมือง,สำนักงานคณะกรรมการการศึกษาขั้นพื้นฐาน,สพป.เชียงใหม่ เขต 1,13,46.15,49.85,36.54,27.06,76.92,42.13,57.69,22.22,28.21,25.64,38.46,34.83,61.54,21.07,76.92,33.04,34.62,30.28
2565,วัดสันโค้ง,สันกำแพง,เล็ก,นอกเมือง,สำนักงานคณะกรรมการการศึกษาขั้นพื้นฐาน,สพป.เชียงใหม่ เขต 1,3,66.67,47.14,75.00,20.41,66.67,47.14,29.17,15.59,22.22,15.71,66.67,23.57,50.00,0.00,44.44,15.71,16.67,23.57
2565,วัดสันมะฮกฟ้า,สันกำแพง,เล็ก,นอกเมือง,สำนักงานคณะกรรมการการศึกษาขั้นพื้นฐาน,สพป.เชียงใหม่ เขต 1,9,11.11,31.43,33.33,33.33,11.11,31.43,31.94,17.79,18.52,22.83,50.00,33.33,33.33,23.57,51.85,31.86,22.22,34.25
2565,สวนเด็กสันกำแพง,สันกำแพง,กลาง,นอกเมือง,สำนักงานคณะกรรมการส่งเสริมการศึกษาเอกชน,-,28,17.86,38.30,46.43,36.42,46.43,49.87,41.52,24.10,19.05,24.28,39.29,36.25,53.57,29.67,55.95,29.62,28.57,33.88
2565,สันกำแพงคันธาอนุสรณ์,สันกำแพง,เล็ก,นอกเมือง,สำนักงานคณะกรรมการการศึกษาขั้นพื้นฐาน,สพป.เชียงใหม่ เขต 1,20,15.00,35.71,35.00,37.42,5.00,21.79,49.38,23.54,38.33,28.43,40.00,37.42,55.00,26.93,41.67,29.58,37.50,38.32
2565,ออนใต้วิทยา,สันกำแพง,เล็ก,นอกเมือง,สำนักงานคณะกรรมการการศึกษาขั้นพื้นฐาน,สพป.เชียงใหม่ เขต 1,3,66.67,47.14,33.33,23.57,0.00,0.00,41.67,11.79,22.22,15.71,16.67,23.57,50.00,0.00,22.22,15.71,0.00,0.00
2565,ชลประทานเขื่อนแม่กวงจิราธิวัฒน์อุปถัมภ์,สันทราย,กลาง,นอกเมือง,สำนักงานคณะกรรมการการศึกษาขั้นพื้นฐาน,สพป.เชียงใหม่ เขต 2,28,32.14,46.70,37.50,26.31,7.14,25.75,29.02,22.42,23.81,23.33,35.71,37.46,39.29,36.25,39.29,21.92,21.43,24.74
2565,ต้นกล้า,สันทราย,กลาง,นอกเมือง,สำนักงานคณะกรรมการส่งเสริมการศึกษาเอกชน,-,16,31.25,46.35,54.69,32.14,18.75,39.03,46.88,23.59,37.50,30.90,40.63,36.31,43.75,29.97,64.58,29.97,40.63,31.72
2565,บ้านเจดีย์แม่ครัว,สันทราย,กลาง,นอกเมือง,สำนักงานคณะกรรมการการศึกษาขั้นพื้นฐาน,สพป.เชียงใหม่ เขต 2,61,29.51,45.61,45.90,34.53,54.10,49.83,45.49,30.12,24.59,25.54,29.51,33.11,53.28,29.85,53.55,31.52,25.41,28.08
2565,บ้านท่าเกวียน,สันทราย,เล็ก,นอกเมือง,สำนักงานคณะกรรมการการศึกษาขั้นพื้นฐาน,สพป.เชียงใหม่ เขต 2,23,21.74,41.25,26.09,26.04,26.09,43.91,49.46,23.74,34.78,28.62,50.00,41.70,45.65,29.17,59.42,32.54,43.48,26.80
2565,บ้านบวกเปา,สันทราย,เล็ก,นอกเมือง,สำนักงานคณะกรรมการการศึกษาขั้นพื้นฐาน,สพป.เชียงใหม่ เขต 2,8,12.50,33.07,62.50,41.46,25.00,43.30,46.88,24.80,20.83,28.57,31.25,34.80,43.75,16.54,62.50,26.02,18.75,24.21
2565,บ้านป่าก้าง,สันทราย,เล็ก,นอกเมือง,สำนักงานคณะกรรมการการศึกษาขั้นพื้นฐาน,สพป.เชียงใหม่ เขต 2,9,22.22,41.57,38.89,33.56,22.22,41.57,55.56,27.71,48.15,22.83,33.33,33.33,55.56,36.85,55.56,27.22,33.33,40.82
2565,บ้านป่าบง,สันทราย,เล็ก,นอกเมือง,สำนักงานคณะกรรมการการศึกษาขั้นพื้นฐาน,สพป.เชียงใหม่ เขต 2,19,57.89,49.37,31.58,38.77,73.68,44.03,65.13,23.85,38.60,32.92,52.63,34.31,76.32,24.97,66.67,26.49,44.74,39.39
2565,บ้านป่าเหมือด,สันทราย,เล็ก,นอกเมือง,สำนักงานคณะกรรมการการศึกษาขั้นพื้นฐาน,สพป.เชียงใหม่ เขต 2,12,8.33,27.64,43.75,32.48,66.67,47.14,44.79,17.27,27.78,22.91,41.67,39.97,45.83,24.65,55.56,24.85,45.83,43.10
2565,บ้านโปง,สันทราย,เล็ก,นอกเมือง,สำนักงานคณะกรรมการการศึกษาขั้นพื้นฐาน,สพป.เชียงใหม่ เขต 2,15,13.33,33.99,41.67,34.96,6.67,24.94,53.33,20.65,37.78,26.85,40.00,27.08,60.00,20.00,42.22,28.46,16.67,23.57
2565,บ้านโป่ง,สันทราย,เล็ก,นอกเมือง,สำนักงานคณะกรรมการการศึกษาขั้นพื้นฐาน,สพป.เชียงใหม่ เขต 2,4,50.00,50.00,18.75,20.73,0.00,0.00,28.13,24.00,16.67,16.67,50.00,0.00,37.50,21.65,16.67,16.67,37.50,21.65
2565,บ้านเมืองขอน,สันทราย,เล็ก,นอกเมือง,สำนักงานคณะกรรมการการศึกษาขั้นพื้นฐาน,สพป.เชียงใหม่ เขต 2,10,50.00,50.00,30.00,31.22,30.00,45.83,43.75,16.06,33.33,33.33,10.00,20.00,40.00,37.42,46.67,26.67,20.00,24.49
2565,บ้านแม่โจ้,สันทราย,กลาง,นอกเมือง,สำนักงานคณะกรรมการการศึกษาขั้นพื้นฐาน,สพป.เชียงใหม่ เขต 2,36,13.89,34.58,38.89,31.43,8.33,27.64,52.08,22.15,25.00,24.06,36.11,34.58,54.17,37.96,68.52,24.78,36.11,32.51
2565,บ้านแม่แต,สันทราย,เล็ก,นอกเมือง,สำนักงานคณะกรรมการการศึกษาขั้นพื้นฐาน,สพป.เชียงใหม่ เขต 2,7,28.57,45.18,42.86,34.63,42.86,49.49,51.79,36.25,19.05,24.28,28.57,24.74,21.43,24.74,38.10,21.30,28.57,36.42
2565,บ้านแม่แฝก,สันทราย,เล็ก,นอกเมือง,สำนักงานคณะกรรมการการศึกษาขั้นพื้นฐาน,สพป.เชียงใหม่ เขต 2,11,63.64,48.10,31.82,30.32,36.36,48.10,52.27,22.50,51.52,26.07,40.91,41.66,54.55,25.71,57.58,24.99,40.91,28.75
2565,บ้านแม่ย่อย,สันทราย,เล็ก,นอกเมือง,สำนักงานคณะกรรมการการศึกษาขั้นพื้นฐาน,สพป.เชียงใหม่ เขต 2,11,18.18,38.57,40.91,32.46,27.27,44.54,57.95,22.15,36.36,26.42,40.91,35.79,59.09,35.79,57.58,28.75,31.82,32.14
2565,บ้านร่มหลวง,สันทราย,เล็ก,นอกเมือง,สำนักงานคณะกรรมการการศึกษาขั้นพื้นฐาน,สพป.เชียงใหม่ เขต 2,20,15.00,35.71,38.75,33.05,5.00,21.79,48.75,15.76,31.67,22.30,32.50,32.69,47.50,29.47,46.67,35.59,32.50,36.31
2565,บ้านศรีงาม,สันทราย,เล็ก,นอกเมือง,สำนักงานคณะกรรมการการศึกษาขั้นพื้นฐาน,สพป.เชียงใหม่ เขต 2,4,75.00,43.30,43.75,32.48,25.00,43.30,62.50,15.31,25.00,14.43,50.00,0.00,50.00,0.00,75.00,14.43,50.00,35.36
2565,บ้านศรีบุญเรือง,สันทราย,กลาง,นอกเมือง,สำนักงานคณะกรรมการการศึกษาขั้นพื้นฐาน,สพป.เชียงใหม่ เขต 2,12,41.67,49.30,16.67,23.57,16.67,37.27,40.63,31.92,25.00,24.06,29.17,32.00,45.83,32.00,61.11,26.64,20.83,32.00
2565,บ้านสันพระเนตร,สันทราย,เล็ก,นอกเมือง,สำนักงานคณะกรรมการการศึกษาขั้นพื้นฐาน,สพป.เชียงใหม่ เขต 2,5,60.00,48.99,30.00,29.15,0.00,0.00,60.00,25.50,13.33,16.33,50.00,0.00,50.00,31.62,46.67,26.67,50.00,31.62
2565,บ้านสันศรี,สันทราย,เล็ก,นอกเมือง,สำนักงานคณะกรรมการการศึกษาขั้นพื้นฐาน,สพป.เชียงใหม่ เขต 2,6,33.33,47.14,25.00,20.41,33.33,47.14,50.00,27.95,22.22,36.85,41.67,18.63,50.00,0.00,66.67,19.25,25.00,25.00
2565,บ้านหนองไคร้,สันทราย,กลาง,นอกเมือง,สำนักงานคณะกรรมการการศึกษาขั้นพื้นฐาน,สพป.เชียงใหม่ เขต 2,58,22.41,41.70,45.26,31.64,50.00,50.00,51.08,25.88,29.31,28.42,37.07,37.78,44.83,36.78,54.02,28.92,30.17,33.40
2565,บ้านหนองมะจับ,สันทราย,เล็ก,นอกเมือง,สำนักงานคณะกรรมการการศึกษาขั้นพื้นฐาน,สพป.เชียงใหม่ เขต 2,10,30.00,45.83,42.50,38.81,50.00,50.00,50.00,26.81,16.67,22.36,20.00,33.17,65.00,22.91,50.00,16.67,35.00,45.00
2565,บ้านหนองหาร,สันทราย,เล็ก,นอกเมือง,สำนักงานคณะกรรมการการศึกษาขั้นพื้นฐาน,สพป.เชียงใหม่ เขต 2,7,42.86,49.49,53.57,38.80,14.29,34.99,55.36,28.23,28.57,11.66,42.86,31.94,42.86,31.94,61.90,27.77,28.57,24.74
2565,บ้านหลักปัน,สันทราย,กลาง,นอกเมือง,สำนักงานคณะกรรมการการศึกษาขั้นพื้นฐาน,สพป.เชียงใหม่ เขต 2,6,33.33,47.14,45.83,36.56,0.00,0.00,41.67,27.64,27.78,29.92,41.67,34.36,58.33,34.36,50.00,16.67,16.67,37.27
2565,บ้านห้วยเกี๋ยง,สันทราย,กลาง,นอกเมือง,สำนักงานคณะกรรมการการศึกษาขั้นพื้นฐาน,สพป.เชียงใหม่ เขต 2,28,17.86,38.30,34.82,27.82,14.29,34.99,39.29,25.82,26.19,20.62,21.43,28.12,44.64,30.88,33.33,28.17,37.50,28.74
2565,บ้านหัวฝาย,สันทราย,เล็ก,นอกเมือง,สำนักงานคณะกรรมการการศึกษาขั้นพื้นฐาน,สพป.เชียงใหม่ เขต 2,5,20.00,40.00,20.00,18.71,20.00,40.00,72.50,5.00,26.67,13.33,40.00,20.00,50.00,0.00,60.00,24.94,50.00,0.00
2565,พงษ์พิกุลเชียงใหม่,สันทราย,กลาง,นอกเมือง,สำนักงานคณะกรรมการส่งเสริมการศึกษาเอกชน,-,40,20.00,40.00,41.88,36.40,5.00,21.79,45.63,24.45,26.67,28.09,28.75,31.40,37.50,33.07,38.33,30.32,32.50,28.61
2565,วัดแม่แก้ดน้อย,สันทราย,ใหญ่,นอกเมือง,สำนักงานคณะกรรมการการศึกษาขั้นพื้นฐาน,สพป.เชียงใหม่ เขต 2,29,17.24,37.77,47.41,36.76,27.59,44.69,41.38,21.55,25.29,22.58,48.28,35.92,41.38,29.56,59.77,35.43,31.03,35.75
2565,วัดสันคะยอม,สันทราย,เล็ก,นอกเมือง,สำนักงานคณะกรรมการการศึกษาขั้นพื้นฐาน,สพป.เชียงใหม่ เขต 2,6,16.67,37.27,50.00,32.27,66.67,47.14,37.50,25.00,16.67,25.46,25.00,25.00,33.33,23.57,44.44,36.85,25.00,25.00
2565,วัดสันทรายมูล,สันทราย,เล็ก,นอกเมือง,สำนักงานคณะกรรมการการศึกษาขั้นพื้นฐาน,สพป.เชียงใหม่ เขต 2,16,12.50,33.07,51.56,25.72,31.25,46.35,46.09,19.62,27.08,24.21,43.75,29.97,56.25,29.97,66.67,23.57,53.13,27.78
2565,วีรยาเชียงใหม่,สันทราย,กลาง,นอกเมือง,สำนักงานคณะกรรมการส่งเสริมการศึกษาเอกชน,-,9,22.22,41.57,22.22,27.50,55.56,49.69,55.56,8.56,33.33,22.22,38.89,39.28,38.89,20.79,51.85,38.84,38.89,31.43
2565,สวนองุ่นเชียงใหม่,สันทราย,กลาง,นอกเมือง,สำนักงานคณะกรรมการส่งเสริมการศึกษาเอกชน,-,26,30.77,46.15,34.62,38.65,69.23,46.15,60.10,22.74,44.87,29.15,55.77,37.54,63.46,26.16,69.23,26.02,34.62,33.31
2565,สันทรายหลวง,สันทราย,กลาง,นอกเมือง,สำนักงานคณะกรรมการการศึกษาขั้นพื้นฐาน,สพป.เชียงใหม่ เขต 2,110,27.27,44.54,40.68,28.97,24.55,43.04,45.57,26.79,26.36,24.66,35.45,35.26,43.64,33.78,48.18,28.98,40.00,37.42
2565,กิ่วแลน้อยประสิทธิ์วิทยา,สันป่าตอง,กลาง,นอกเมือง,สำนักงานคณะกรรมการการศึกษาขั้นพื้นฐาน,สพป.เชียงใหม่ เขต 4,9,44.44,49.69,55.56,34.92,22.22,41.57,54.17,22.05,18.52,16.56,44.44,36.85,61.11,39.28,59.26,30.54,33.33,33.33
2565,ชุมชนกิ่วแลหลวงประสิทธิ์วิทยา,สันป่าตอง,เล็ก,นอกเมือง,สำนักงานคณะกรรมการการศึกษาขั้นพื้นฐาน,สพป.เชียงใหม่ เขต 4,4,50.00,50.00,43.75,36.98,50.00,50.00,31.25,18.75,8.33,14.43,25.00,25.00,37.50,21.65,66.67,40.82,25.00,25.00
2565,ทุ่งฟ้าบดราษฎร์บำรุง,สันป่าตอง,กลาง,นอกเมือง,กรมส่งเสริมการปกครองท้องถิ่น,ท้องถิ่นจังหวัดเชียงใหม่,82,24.39,42.94,36.28,33.39,31.71,46.53,58.54,23.17,37.40,28.22,46.95,34.35,48.78,30.22,53.25,32.03,34.76,33.76
2565,บ้านทุ่งเสี้ยว (นวรัฐ),สันป่าตอง,เล็ก,นอกเมือง,สำนักงานคณะกรรมการการศึกษาขั้นพื้นฐาน,สพป.เชียงใหม่ เขต 4,13,38.46,48.65,40.38,30.28,7.69,26.65,46.15,15.80,28.21,22.06,34.62,30.28,46.15,36.49,41.03,34.97,26.92,24.93
2565,บ้านเปียง,สันป่าตอง,เล็ก,นอกเมือง,สำนักงานคณะกรรมการการศึกษาขั้นพื้นฐาน,สพป.เชียงใหม่ เขต 4,11,18.18,38.57,45.45,31.66,54.55,49.79,44.32,21.56,36.36,36.11,31.82,32.14,59.09,28.75,51.52,38.57,27.27,24.90
2565,บ้านม่วงพี่น้อง,สันป่าตอง,เล็ก,นอกเมือง,สำนักงานคณะกรรมการการศึกษาขั้นพื้นฐาน,สพป.เชียงใหม่ เขต 4,7,28.57,45.18,21.43,20.82,28.57,45.18,51.79,27.89,19.05,16.50,28.57,24.74,42.86,17.50,42.86,23.33,21.43,24.74
2565,บ้านแม่กุ้งหลวง,สันป่าตอง,เล็ก,นอกเมือง,สำนักงานคณะกรรมการการศึกษาขั้นพื้นฐาน,สพป.เชียงใหม่ เขต 4,3,0.00,0.00,16.67,23.57,33.33,47.14,25.00,20.41,33.33,27.22,33.33,23.57,50.00,0.00,33.33,27.22,33.33,23.57
2565,บ้านห้วยส้ม,สันป่าตอง,เล็ก,นอกเมือง,สำนักงานคณะกรรมการการศึกษาขั้นพื้นฐาน,สพป.เชียงใหม่ เขต 4,14,14.29,34.99,42.86,25.75,92.86,25.75,72.32,15.80,47.62,24.28,75.00,36.60,71.43,31.13,73.81,18.60,17.86,23.96
2565,บ้านหัวริน,สันป่าตอง,เล็ก,นอกเมือง,สำนักงานคณะกรรมการการศึกษาขั้นพื้นฐาน,สพป.เชียงใหม่ เขต 4,10,20.00,40.00,35.00,35.71,30.00,45.83,52.50,27.27,30.00,27.69,55.00,35.00,85.00,22.91,46.67,26.67,25.00,25.00
2565,พัฒนวิทย์ศึกษา,สันป่าตอง,ใหญ่,นอกเมือง,สำนักงานคณะกรรมการส่งเสริมการศึกษาเอกชน,-,45,28.89,45.32,31.67,30.46,31.11,46.29,40.00,24.09,25.19,23.47,28.89,32.47,43.33,32.66,53.33,31.74,36.67,35.59
2565,วัดกู่คำ,สันป่าตอง,เล็ก,นอกเมือง,สำนักงานคณะกรรมการการศึกษาขั้นพื้นฐาน,สพป.เชียงใหม่ เขต 4,4,50.00,50.00,43.75,36.98,75.00,43.30,37.50,8.84,8.33,14.43,25.00,25.00,75.00,25.00,58.33,14.43,62.50,21.65
2565,วัดท่ากาน,สันป่าตอง,เล็ก,นอกเมือง,สำนักงานคณะกรรมการการศึกษาขั้นพื้นฐาน,สพป.เชียงใหม่ เขต 4,10,20.00,40.00,52.50,34.37,80.00,40.00,45.00,19.53,50.00,34.16,45.00,35.00,40.00,37.42,56.67,30.00,45.00,35.00
2565,วัดน้ำบ่อหลวง,สันป่าตอง,เล็ก,นอกเมือง,สำนักงานคณะกรรมการการศึกษาขั้นพื้นฐาน,สพป.เชียงใหม่ เขต 4,17,35.29,47.79,35.29,32.15,17.65,38.12,47.06,21.23,19.61,28.14,29.41,34.55,35.29,28.52,49.02,28.28,32.35,34.05
2565,วัดโรงวัว,สันป่าตอง,เล็ก,นอกเมือง,สำนักงานคณะกรรมการการศึกษาขั้นพื้นฐาน,สพป.เชียงใหม่ เขต 4,4,25.00,43.30,43.75,27.24,25.00,43.30,56.25,13.98,58.33,27.64,62.50,41.46,62.50,21.65,66.67,23.57,50.00,0.00
2565,วัดสามหลัง,สันป่าตอง,เล็ก,นอกเมือง,สำนักงานคณะกรรมการการศึกษาขั้นพื้นฐาน,สพป.เชียงใหม่ เขต 4,8,25.00,43.30,28.13,26.33,12.50,33.07,59.38,28.47,50.00,16.67,37.50,41.46,50.00,25.00,54.17,28.57,25.00,25.00
2565,วัดอุเม็ง,สันป่าตอง,เล็ก,นอกเมือง,สำนักงานคณะกรรมการการศึกษาขั้นพื้นฐาน,สพป.เชียงใหม่ เขต 4,12,8.33,27.64,45.83,30.33,33.33,47.14,54.17,30.76,30.56,28.73,62.50,36.08,75.00,25.00,63.89,28.73,20.83,24.65
2565,วิมานทิพย์,สันป่าตอง,เล็ก,นอกเมือง,สำนักงานคณะกรรมการส่งเสริมการศึกษาเอกชน,-,12,25.00,43.30,45.83,28.57,58.33,49.30,58.33,17.18,38.89,26.64,66.67,31.18,58.33,27.64,58.33,27.64,25.00,25.00
2565,สันป่าตอง,สันป่าตอง,เล็ก,นอกเมือง,กรมส่งเสริมการปกครองท้องถิ่น,ท้องถิ่นจังหวัดเชียงใหม่,6,16.67,37.27,20.83,17.18,16.67,37.27,54.17,27.64,38.89,22.91,50.00,40.82,58.33,18.63,61.11,12.42,16.67,23.57
2565,สันป่าตอง (สุวรรณราษฎร์วิทยาคาร),สันป่าตอง,ใหญ่,นอกเมือง,สำนักงานคณะกรรมการการศึกษาขั้นพื้นฐาน,สพป.เชียงใหม่ เขต 4,162,24.69,43.12,39.81,31.86,47.53,49.94,52.93,24.44,35.19,28.99,44.75,34.96,52.16,30.10,55.35,32.11,44.44,35.14
2565,อุ่นไอรัก เชียงใหม่,สันป่าตอง,เล็ก,นอกเมือง,สำนักงานคณะกรรมการส่งเสริมการศึกษาเอกชน,-,28,32.14,46.70,35.71,28.68,17.86,38.30,41.52,23.64,22.62,25.28,25.00,34.07,35.71,34.99,40.48,27.25,32.14,33.31
2565,ช่องฟ้าซินเซิงวาณิชบำรุง,สารภี,ใหญ่พิเศษ,นอกเมือง,สำนักงานคณะกรรมการส่งเสริมการศึกษาเอกชน,-,249,28.11,44.95,35.94,34.61,45.38,49.79,59.59,24.55,40.16,30.51,50.80,34.99,54.62,26.30,66.27,29.19,41.16,34.16
2565,ชุมชนวัดปากกอง,สารภี,เล็ก,นอกเมือง,สำนักงานคณะกรรมการการศึกษาขั้นพื้นฐาน,สพป.เชียงใหม่ เขต 4,2,0.00,0.00,0.00,0.00,0.00,0.00,25.00,25.00,16.67,16.67,25.00,25.00,75.00,25.00,16.67,16.67,25.00,25.00
2565,ชุมชนวัดศรีคำชมภู,สารภี,กลาง,นอกเมือง,สำนักงานคณะกรรมการการศึกษาขั้นพื้นฐาน,สพป.เชียงใหม่ เขต 4,10,20.00,40.00,35.00,20.00,70.00,45.83,55.00,21.07,30.00,23.33,55.00,41.53,30.00,24.49,40.00,32.66,30.00,24.49
2565,เทศบาลตำบลยางเนิ้ง,สารภี,กลาง,นอกเมือง,กรมส่งเสริมการปกครองท้องถิ่น,ท้องถิ่นจังหวัดเชียงใหม่,17,23.53,42.42,39.71,29.78,29.41,45.56,33.82,26.35,23.53,24.96,26.47,24.96,44.12,23.53,39.22,23.53,14.71,22.78
2565,บ้านปากเหมือง,สารภี,กลาง,นอกเมือง,สำนักงานคณะกรรมการการศึกษาขั้นพื้นฐาน,สพป.เชียงใหม่ เขต 4,20,40.00,48.99,32.50,32.69,5.00,21.79,46.25,29.07,20.00,24.49,37.50,34.91,45.00,31.22,55.00,28.43,27.50,29.47
2565,บ้านสันทราย,สารภี,เล็ก,นอกเมือง,สำนักงานคณะกรรมการการศึกษาขั้นพื้นฐาน,สพป.เชียงใหม่ เขต 4,9,11.11,31.43,44.44,30.68,33.33,47.14,62.50,17.68,25.93,13.86,44.44,28.33,33.33,33.33,59.26,20.95,33.33,33.33
2565,ยุวฑูตศึกษาพัฒนา,สารภี,ใหญ่,นอกเมือง,สำนักงานคณะกรรมการส่งเสริมการศึกษาเอกชน,-,37,32.43,46.81,41.89,33.42,51.35,49.98,59.46,26.06,48.65,25.23,39.19,35.14,55.41,25.43,60.36,27.77,20.27,27.16
2565,วชิราลัย,สารภี,กลาง,นอกเมือง,สำนักงานคณะกรรมการส่งเสริมการศึกษาเอกชน,-,54,24.07,42.75,33.33,32.98,9.26,28.99,39.35,30.56,28.40,24.35,37.04,32.18,36.11,32.51,50.62,33.79,31.48,29.34
2565,วัดกองทราย,สารภี,เล็ก,นอกเมือง,สำนักงานคณะกรรมการการศึกษาขั้นพื้นฐาน,สพป.เชียงใหม่ เขต 4,10,10.00,30.00,20.00,29.15,20.00,40.00,51.25,16.25,23.33,21.34,30.00,24.49,70.00,24.49,63.33,40.69,40.00,30.00
2565,วัดท่าต้นกวาว,สารภี,เล็ก,นอกเมือง,สำนักงานคณะกรรมการการศึกษาขั้นพื้นฐาน,สพป.เชียงใหม่ เขต 4,15,13.33,33.99,33.33,29.81,20.00,40.00,64.17,24.94,33.33,32.20,36.67,22.11,36.67,33.99,46.67,31.74,30.00,30.55
2565,วัดเทพาราม,สารภี,เล็ก,นอกเมือง,สำนักงานคณะกรรมการการศึกษาขั้นพื้นฐาน,สพป.เชียงใหม่ เขต 4,12,16.67,37.27,35.42,33.01,16.67,37.27,50.00,23.94,19.44,21.34,58.33,49.30,70.83,24.65,55.56,31.43,33.33,31.18
2565,วัดบวกครกเหนือ,สารภี,เล็ก,นอกเมือง,สำนักงานคณะกรรมการการศึกษาขั้นพื้นฐาน,สพป.เชียงใหม่ เขต 4,25,24.00,42.71,40.00,28.28,8.00,27.13,43.00,20.64,18.67,19.04,30.00,31.62,44.00,29.39,36.00,22.94,30.00,31.62
2565,วัดพญาชมภู,สารภี,เล็ก,นอกเมือง,สำนักงานคณะกรรมการการศึกษาขั้นพื้นฐาน,สพป.เชียงใหม่ เขต 4,6,16.67,37.27,16.67,18.63,66.67,47.14,56.25,24.74,27.78,22.91,25.00,25.00,50.00,28.87,44.44,15.71,41.67,34.36
2565,วัดพระนอนหนองผึ้ง,สารภี,เล็ก,นอกเมือง,สำนักงานคณะกรรมการการศึกษาขั้นพื้นฐาน,สพป.เชียงใหม่ เขต 4,17,23.53,42.42,38.24,31.06,0.00,0.00,44.12,19.23,21.57,19.61,38.24,40.33,47.06,26.96,49.02,23.20,38.24,36.50
2565,วัดแม่สะลาบ,สารภี,เล็ก,นอกเมือง,สำนักงานคณะกรรมการการศึกษาขั้นพื้นฐาน,สพป.เชียงใหม่ เขต 4,11,18.18,38.57,38.64,19.55,45.45,49.79,54.55,22.78,27.27,27.77,18.18,24.05,40.91,19.28,42.42,24.99,36.36,22.27
2565,วัดเวฬุวัน,สารภี,ใหญ่,นอกเมือง,สำนักงานคณะกรรมการการศึกษาขั้นพื้นฐาน,สพป.เชียงใหม่ เขต 4,21,23.81,42.59,46.43,34.75,42.86,49.49,61.31,18.05,33.33,23.00,52.38,36.11,54.76,26.30,66.67,29.10,40.48,36.58
2565,วัดศรีดอนชัย,สารภี,เล็ก,นอกเมือง,สำนักงานคณะกรรมการการศึกษาขั้นพื้นฐาน,สพป.เชียงใหม่ เขต 4,4,25.00,43.30,31.25,27.24,0.00,0.00,31.25,27.24,8.33,14.43,37.50,41.46,50.00,35.36,41.67,14.43,37.50,41.46
2565,วัดศรีโพธาราม,สารภี,เล็ก,นอกเมือง,สำนักงานคณะกรรมการการศึกษาขั้นพื้นฐาน,สพป.เชียงใหม่ เขต 4,7,28.57,45.18,25.00,23.15,28.57,45.18,50.00,24.09,42.86,15.06,42.86,31.94,42.86,31.94,80.95,24.28,35.71,22.59
2565,วัดสันดอนมูล,สารภี,เล็ก,นอกเมือง,สำนักงานคณะกรรมการการศึกษาขั้นพื้นฐาน,สพป.เชียงใหม่ เขต 4,6,50.00,50.00,25.00,20.41,0.00,0.00,39.58,15.17,27.78,12.42,33.33,47.14,50.00,28.87,27.78,22.91,50.00,40.82
2565,ศูนย์การเรียนแห่งความหวังและอนาคต,สารภี,เล็ก,นอกเมือง,สำนักงานคณะกรรมการการศึกษาขั้นพื้นฐาน,สพป.เชียงใหม่ เขต 4,4,25.00,43.30,31.25,20.73,25.00,43.30,62.50,8.84,58.33,36.32,37.50,21.65,75.00,25.00,66.67,23.57,25.00,25.00
2565,สืบนทีธรรม,สารภี,กลาง,นอกเมือง,สำนักงานคณะกรรมการส่งเสริมการศึกษาเอกชน,-,14,14.29,34.99,48.21,34.67,21.43,41.03,44.64,25.75,23.81,26.51,53.57,29.67,39.29,27.89,42.86,31.94,46.43,39.93
2565,ต้นแก้วผดุงพิทยาลัย,หางดง,ใหญ่,นอกเมือง,กรมส่งเสริมการปกครองท้องถิ่น,ท้องถิ่นจังหวัดเชียงใหม่,102,23.53,42.42,41.18,30.04,13.73,34.41,49.26,23.34,27.12,28.29,33.82,31.44,49.51,32.46,51.96,33.19,45.10,35.36
2565,เทศบาลหนองตองวิทยา,หางดง,เล็ก,นอกเมือง,กรมส่งเสริมการปกครองท้องถิ่น,ท้องถิ่นจังหวัดเชียงใหม่,11,9.09,28.75,25.00,31.98,18.18,38.57,53.41,25.05,36.36,26.42,27.27,39.10,45.45,33.40,45.45,25.71,36.36,30.83
2565,เทศบาลหางดง (ประชาคมสร้างสรรค์),หางดง,ใหญ่,นอกเมือง,กรมส่งเสริมการปกครองท้องถิ่น,ท้องถิ่นจังหวัดเชียงใหม่,34,35.29,47.79,40.44,36.39,29.41,45.56,54.04,25.13,28.43,25.73,42.65,36.65,50.00,32.08,54.90,26.67,41.18,41.07
2565,นันทชาติ เกรด สคูล,หางดง,เล็ก,นอกเมือง,สำนักงานคณะกรรมการส่งเสริมการศึกษาเอกชน,-,8,37.50,48.41,37.50,25.00,62.50,48.41,68.75,21.65,45.83,23.20,31.25,34.80,62.50,33.07,70.83,35.11,31.25,24.21
2565,บ้านคุณแม่,หางดง,เล็ก,นอกเมือง,สำนักงานคณะกรรมการส่งเสริมการศึกษาเอกชน,-,12,16.67,37.27,27.08,29.68,41.67,49.30,46.88,17.77,11.11,20.79,41.67,39.97,58.33,27.64,41.67,24.06,25.00,25.00
2565,บ้านดง,หางดง,เล็ก,นอกเมือง,สำนักงานคณะกรรมการการศึกษาขั้นพื้นฐาน,สพป.เชียงใหม่ เขต 4,16,31.25,46.35,43.75,32.48,68.75,46.35,60.16,21.75,41.67,30.05,34.38,29.15,59.38,19.52,58.33,22.05,28.13,24.80
2565,บ้านตองกาย,หางดง,เล็ก,นอกเมือง,สำนักงานคณะกรรมการการศึกษาขั้นพื้นฐาน,สพป.เชียงใหม่ เขต 4,12,33.33,47.14,43.75,27.24,41.67,49.30,50.00,17.68,27.78,26.64,41.67,39.97,62.50,36.08,50.00,21.52,41.67,39.97
2565,บ้านทรายมูล,หางดง,กลาง,นอกเมือง,สำนักงานคณะกรรมการการศึกษาขั้นพื้นฐาน,สพป.เชียงใหม่ เขต 4,32,15.63,36.31,35.16,27.14,31.25,46.35,45.70,22.88,28.13,22.22,39.06,34.76,37.50,30.62,50.00,26.35,23.44,27.91
2565,บ้านท้าวบุญเรือง,หางดง,เล็ก,นอกเมือง,สำนักงานคณะกรรมการการศึกษาขั้นพื้นฐาน,สพป.เชียงใหม่ เขต 4,6,16.67,37.27,45.83,22.44,0.00,0.00,45.83,25.69,22.22,24.85,50.00,40.82,58.33,18.63,72.22,22.91,25.00,25.00
2565,บ้านน้ำแพร่,หางดง,เล็ก,นอกเมือง,สำนักงานคณะกรรมการการศึกษาขั้นพื้นฐาน,สพป.เชียงใหม่ เขต 4,13,23.08,42.13,40.38,28.65,30.77,46.15,50.96,26.61,25.64,29.68,23.08,31.72,61.54,21.07,53.85,30.77,57.69,38.46
2565,บ้านปง,หางดง,เล็ก,นอกเมือง,สำนักงานคณะกรรมการการศึกษาขั้นพื้นฐาน,สพป.เชียงใหม่ เขต 4,10,40.00,48.99,42.50,19.53,10.00,30.00,46.25,14.84,16.67,16.67,35.00,32.02,45.00,26.93,53.33,30.55,35.00,32.02
2565,บ้านป่าตาล,หางดง,เล็ก,นอกเมือง,สำนักงานคณะกรรมการการศึกษาขั้นพื้นฐาน,สพป.เชียงใหม่ เขต 4,23,34.78,47.63,55.43,27.54,60.87,48.80,48.91,22.70,27.54,30.54,39.13,29.33,65.22,31.05,52.17,27.50,41.30,28.18
2565,บ้านฟ่อน,หางดง,เล็ก,นอกเมือง,สำนักงานคณะกรรมการการศึกษาขั้นพื้นฐาน,สพป.เชียงใหม่ เขต 4,12,8.33,27.64,43.75,29.09,50.00,50.00,40.63,28.92,16.67,16.67,33.33,31.18,20.83,24.65,44.44,34.25,33.33,23.57
2565,บ้านไร่,หางดง,เล็ก,นอกเมือง,สำนักงานคณะกรรมการการศึกษาขั้นพื้นฐาน,สพป.เชียงใหม่ เขต 4,2,50.00,50.00,50.00,0.00,0.00,0.00,31.25,6.25,16.67,16.67,0.00,0.00,50.00,0.00,66.67,0.00,25.00,25.00
2565,บ้านวังศรี,หางดง,เล็ก,นอกเมือง,สำนักงานคณะกรรมการการศึกษาขั้นพื้นฐาน,สพป.เชียงใหม่ เขต 4,7,42.86,49.49,50.00,29.88,28.57,45.18,57.14,20.98,33.33,25.20,50.00,26.73,50.00,26.73,61.90,21.30,35.71,22.59
2565,บ้านสันทราย,หางดง,เล็ก,นอกเมือง,สำนักงานคณะกรรมการการศึกษาขั้นพื้นฐาน,สพป.เชียงใหม่ เขต 4,10,10.00,30.00,42.50,29.69,10.00,30.00,42.50,17.85,20.00,22.11,20.00,24.49,45.00,35.00,50.00,34.16,30.00,33.17
2565,บ้านสันป่าสัก,หางดง,กลาง,นอกเมือง,สำนักงานคณะกรรมการการศึกษาขั้นพื้นฐาน,สพป.เชียงใหม่ เขต 4,64,17.19,37.73,41.02,31.67,17.19,37.73,48.63,25.21,22.92,28.18,43.75,35.90,51.56,27.91,55.73,29.49,49.22,41.92
2565,บ้านสันผักหวาน,หางดง,เล็ก,นอกเมือง,สำนักงานคณะกรรมการการศึกษาขั้นพื้นฐาน,สพป.เชียงใหม่ เขต 4,12,50.00,50.00,37.50,27.95,16.67,37.27,36.46,19.40,22.22,28.33,50.00,40.82,54.17,24.65,47.22,34.58,37.50,36.08
2565,บ้านแสนตอ,หางดง,เล็ก,นอกเมือง,สำนักงานคณะกรรมการการศึกษาขั้นพื้นฐาน,สพป.เชียงใหม่ เขต 4,8,25.00,43.30,31.25,32.48,0.00,0.00,29.69,15.23,29.17,26.02,12.50,21.65,31.25,34.80,37.50,35.11,25.00,25.00
2565,พันธสัญญา,หางดง,เล็ก,นอกเมือง,สำนักงานคณะกรรมการส่งเสริมการศึกษาเอกชน,-,6,0.00,0.00,33.33,27.64,16.67,37.27,45.83,27.64,22.22,24.85,50.00,28.87,58.33,18.63,61.11,22.91,16.67,23.57
2565,ลักษณ์พงค์วิทยา,หางดง,เล็ก,นอกเมือง,สำนักงานคณะกรรมการส่งเสริมการศึกษาเอกชน,-,13,23.08,42.13,44.23,22.26,23.08,42.13,40.38,19.09,23.08,20.19,38.46,34.83,42.31,26.65,51.28,28.09,19.23,36.89
2565,วัดคีรีเขต,หางดง,เล็ก,นอกเมือง,สำนักงานคณะกรรมการการศึกษาขั้นพื้นฐาน,สพป.เชียงใหม่ เขต 4,1,0.00,0.00,0.00,0.00,0.00,0.00,12.50,0.00,0.00,0.00,0.00,0.00,100.00,0.00,66.67,0.00,0.00,0.00
2565,วัดจอมทอง,หางดง,เล็ก,นอกเมือง,สำนักงานคณะกรรมการการศึกษาขั้นพื้นฐาน,สพป.เชียงใหม่ เขต 4,7,0.00,0.00,21.43,24.74,28.57,45.18,51.79,16.94,33.33,25.20,7.14,17.50,57.14,31.94,52.38,39.27,21.43,24.74
2565,วัดช่างคำ,หางดง,เล็ก,นอกเมือง,สำนักงานคณะกรรมการการศึกษาขั้นพื้นฐาน,สพป.เชียงใหม่ เขต 4,9,33.33,47.14,47.22,21.87,11.11,31.43,45.83,21.25,25.93,20.95,50.00,33.33,50.00,40.82,55.56,27.22,27.78,24.85
2565,วัดประชาเกษม,หางดง,เล็ก,นอกเมือง,สำนักงานคณะกรรมการการศึกษาขั้นพื้นฐาน,สพป.เชียงใหม่ เขต 4,13,15.38,36.08,36.54,38.75,7.69,26.65,31.73,19.99,25.64,26.65,34.62,36.08,53.85,23.71,53.85,20.83,26.92,31.72
2565,วัดพระเจ้าเหลื้อม,หางดง,เล็ก,นอกเมือง,สำนักงานคณะกรรมการการศึกษาขั้นพื้นฐาน,สพป.เชียงใหม่ เขต 4,6,16.67,37.27,29.17,26.68,50.00,50.00,45.83,18.63,38.89,12.42,16.67,23.57,58.33,18.63,61.11,44.79,41.67,34.36
2565,วัดศรีล้อม,หางดง,เล็ก,นอกเมือง,สำนักงานคณะกรรมการการศึกษาขั้นพื้นฐาน,สพป.เชียงใหม่ เขต 4,9,33.33,47.14,55.56,30.68,55.56,49.69,56.94,15.71,25.93,37.77,27.78,34.25,55.56,15.71,59.26,30.54,33.33,33.33
2565,วัดศรีสว่าง,หางดง,เล็ก,นอกเมือง,สำนักงานคณะกรรมการการศึกษาขั้นพื้นฐาน,สพป.เชียงใหม่ เขต 4,5,40.00,48.99,35.00,30.00,20.00,40.00,65.00,28.94,26.67,24.94,50.00,31.62,60.00,20.00,40.00,24.94,30.00,24.49
2565,สาธิตนานาชาติทวิภาษาแห่งมหาวิทยาลัยรังสิต เชียงใหม่,หางดง,กลาง,นอกเมือง,สำนักงานคณะกรรมการส่งเสริมการศึกษาเอกชน,-,5,20.00,40.00,45.00,40.00,40.00,48.99,75.00,22.36,53.33,16.33,40.00,37.42,40.00,20.00,60.00,13.33,40.00,48.99
2565,ชุมชนบ้านใหม่,อมก๋อย,เล็ก,นอกเมือง,สำนักงานคณะกรรมการการศึกษาขั้นพื้นฐาน,สพป.เชียงใหม่ เขต 5,27,14.81,35.52,37.04,25.79,22.22,41.57,49.07,20.11,20.99,22.49,25.93,31.54,37.04,25.79,35.80,31.33,24.07,28.45
2565,ชุมชนบ้านอมก๋อย,อมก๋อย,กลาง,นอกเมือง,สำนักงานคณะกรรมการการศึกษาขั้นพื้นฐาน,สพป.เชียงใหม่ เขต 5,53,30.19,45.91,31.60,26.67,13.21,33.86,43.40,23.74,21.38,22.52,29.25,32.84,37.74,30.57,31.45,25.42,20.75,29.83
2565,ตชด.บางกอกเชฟแชร์ริตี้,อมก๋อย,เล็ก,นอกเมือง,กองบัญชาการตำรวจตระเวนชายแดน,-,13,0.00,0.00,7.69,18.04,61.54,48.65,54.81,24.29,46.15,30.77,50.00,39.22,26.92,31.72,58.97,32.43,34.62,45.51
2565,ตรีมิตรวิทยา,อมก๋อย,กลาง,นอกเมือง,สำนักงานคณะกรรมการการศึกษาขั้นพื้นฐาน,สพป.เชียงใหม่ เขต 5,19,52.63,49.93,31.58,21.22,0.00,0.00,38.16,24.83,22.81,18.90,31.58,33.29,57.89,37.22,35.09,25.30,26.32,24.97
2565,ท่านผู้หญิงประไพ ศิวะโกเศศ,อมก๋อย,เล็ก,นอกเมือง,กองบัญชาการตำรวจตระเวนชายแดน,-,18,22.22,41.57,26.39,24.26,77.78,41.57,48.61,28.83,48.15,29.86,11.11,26.64,55.56,28.33,48.15,29.86,58.33,34.36
2565,บ้านขุนแม่ตื่นน้อย,อมก๋อย,เล็ก,นอกเมือง,สำนักงานคณะกรรมการการศึกษาขั้นพื้นฐาน,สพป.เชียงใหม่ เขต 5,26,30.77,46.15,25.96,24.50,11.54,31.95,28.37,19.48,25.64,21.30,21.15,24.70,32.69,27.53,29.49,23.25,19.23,28.00
2565,บ้านซิแบร,อมก๋อย,เล็ก,นอกเมือง,สำนักงานคณะกรรมการการศึกษาขั้นพื้นฐาน,สพป.เชียงใหม่ เขต 5,42,14.29,34.99,25.00,29.88,23.81,42.59,32.74,25.44,15.87,19.57,23.81,27.25,35.71,34.99,23.81,20.94,21.43,27.04
2565,บ้านตุงลอย,อมก๋อย,กลาง,นอกเมือง,สำนักงานคณะกรรมการการศึกษาขั้นพื้นฐาน,สพป.เชียงใหม่ เขต 5,31,25.81,43.76,24.19,27.30,29.03,45.39,37.90,18.91,19.35,22.04,22.58,24.88,32.26,29.91,36.56,22.96,24.19,28.03
2565,บ้านผีปานเหนือ,อมก๋อย,กลาง,นอกเมือง,สำนักงานคณะกรรมการการศึกษาขั้นพื้นฐาน,สพป.เชียงใหม่ เขต 5,20,20.00,40.00,16.25,25.34,5.00,21.79,21.25,17.72,23.33,26.03,40.00,37.42,22.50,24.87,23.33,23.80,20.00,33.17
2565,บ้านแม่โขง,อมก๋อย,เล็ก,นอกเมือง,สำนักงานคณะกรรมการการศึกษาขั้นพื้นฐาน,สพป.เชียงใหม่ เขต 5,8,25.00,43.30,37.50,21.65,25.00,43.30,42.19,31.83,20.83,23.20,25.00,25.00,37.50,33.07,50.00,23.57,12.50,21.65
2565,บ้านแม่ต๋อม,อมก๋อย,กลาง,นอกเมือง,สำนักงานคณะกรรมการการศึกษาขั้นพื้นฐาน,สพป.เชียงใหม่ เขต 5,40,12.50,33.07,36.88,31.62,37.50,48.41,40.00,22.04,20.00,24.49,30.00,29.15,40.00,30.00,48.33,30.69,16.25,23.42
2565,บ้านแม่สะเต,อมก๋อย,เล็ก,นอกเมือง,สำนักงานคณะกรรมการการศึกษาขั้นพื้นฐาน,สพป.เชียงใหม่ เขต 5,11,18.18,38.57,13.64,24.69,18.18,38.57,26.14,19.55,33.33,24.62,22.73,32.78,36.36,22.27,42.42,35.08,27.27,32.78
2565,บ้านแม่หลองน้อย,อมก๋อย,เล็ก,นอกเมือง,สำนักงานคณะกรรมการการศึกษาขั้นพื้นฐาน,สพป.เชียงใหม่ เขต 5,23,21.74,41.25,35.87,34.44,8.70,28.18,52.72,20.17,26.09,27.73,21.74,28.84,50.00,29.49,33.33,26.01,26.09,35.72
2565,บ้านแม่อ่างขาง,อมก๋อย,เล็ก,นอกเมือง,สำนักงานคณะกรรมการการศึกษาขั้นพื้นฐาน,สพป.เชียงใหม่ เขต 5,13,30.77,46.15,17.31,22.75,23.08,42.13,30.77,16.71,33.33,18.49,23.08,24.93,50.00,27.74,30.77,24.33,26.92,31.72
2565,บ้านยางแก้ว,อมก๋อย,เล็ก,นอกเมือง,สำนักงานคณะกรรมการการศึกษาขั้นพื้นฐาน,สพป.เชียงใหม่ เขต 5,12,25.00,43.30,20.83,32.00,33.33,47.14,31.25,16.54,13.89,16.43,25.00,32.27,37.50,36.08,22.22,28.33,37.50,29.76
2565,บ้านยางครก,อมก๋อย,เล็ก,นอกเมือง,สำนักงานคณะกรรมการการศึกษาขั้นพื้นฐาน,สพป.เชียงใหม่ เขต 5,20,20.00,40.00,26.25,23.01,10.00,30.00,35.00,23.25,23.33,28.09,27.50,33.45,35.00,27.84,40.00,34.32,22.50,33.45
2565,บ้านยางเปา,อมก๋อย,กลาง,นอกเมือง,สำนักงานคณะกรรมการการศึกษาขั้นพื้นฐาน,สพป.เชียงใหม่ เขต 5,25,24.00,42.71,39.00,24.58,20.00,40.00,37.50,17.68,14.67,16.55,14.00,22.45,40.00,28.28,50.67,25.16,12.00,21.35
2565,บ้านยางเปียง,อมก๋อย,เล็ก,นอกเมือง,สำนักงานคณะกรรมการการศึกษาขั้นพื้นฐาน,สพป.เชียงใหม่ เขต 5,11,36.36,48.10,31.82,33.86,27.27,44.54,28.41,20.71,24.24,20.55,31.82,38.57,36.36,22.27,48.48,32.92,40.91,28.75
2565,บ้านสบลาน,อมก๋อย,กลาง,นอกเมือง,สำนักงานคณะกรรมการการศึกษาขั้นพื้นฐาน,สพป.เชียงใหม่ เขต 5,16,31.25,46.35,31.25,24.21,37.50,48.41,31.25,21.19,27.08,24.21,21.88,35.22,37.50,33.07,25.00,25.00,25.00,35.36
2565,บ้านหลวง,อมก๋อย,เล็ก,นอกเมือง,สำนักงานคณะกรรมการการศึกษาขั้นพื้นฐาน,สพป.เชียงใหม่ เขต 5,10,0.00,0.00,37.50,34.00,40.00,48.99,52.50,12.25,30.00,27.69,15.00,22.91,50.00,0.00,53.33,26.67,20.00,24.49
2565,บ้านห้วยโค้ง,อมก๋อย,กลาง,นอกเมือง,สำนักงานคณะกรรมการการศึกษาขั้นพื้นฐาน,สพป.เชียงใหม่ เขต 5,18,16.67,37.27,25.00,30.05,27.78,44.79,18.06,18.27,14.81,19.95,16.67,28.87,38.89,31.43,38.89,27.78,19.44,24.37
2565,บ้านห้วยน้ำขาว,อมก๋อย,กลาง,นอกเมือง,สำนักงานคณะกรรมการการศึกษาขั้นพื้นฐาน,สพป.เชียงใหม่ เขต 5,21,19.05,39.27,28.57,23.51,9.52,29.35,30.95,17.09,15.87,16.65,33.33,32.12,40.48,29.35,33.33,29.10,23.81,29.35
2565,บ้านห้วยหล่อดูก,อมก๋อย,เล็ก,นอกเมือง,สำนักงานคณะกรรมการการศึกษาขั้นพื้นฐาน,สพป.เชียงใหม่ เขต 5,14,21.43,41.03,44.64,27.02,21.43,41.03,41.07,25.19,16.67,20.89,17.86,23.96,46.43,35.17,45.24,27.04,28.57,31.13
2565,บ้านห่างหลวง,อมก๋อย,เล็ก,นอกเมือง,สำนักงานคณะกรรมการการศึกษาขั้นพื้นฐาน,สพป.เชียงใหม่ เขต 5,10,20.00,40.00,30.00,24.49,10.00,30.00,33.75,19.41,16.67,22.36,40.00,30.00,50.00,38.73,26.67,32.66,15.00,22.91
2565,บ้านอูตูม,อมก๋อย,เล็ก,นอกเมือง,สำนักงานคณะกรรมการการศึกษาขั้นพื้นฐาน,สพป.เชียงใหม่ เขต 5,36,33.33,47.14,26.39,26.32,30.56,46.06,32.64,17.75,21.30,17.83,27.78,34.25,38.89,29.13,35.19,29.34,16.67,26.35
2565,รางวัลอินทิราคานธี,อมก๋อย,เล็ก,นอกเมือง,กองบัญชาการตำรวจตระเวนชายแดน,-,9,44.44,49.69,0.00,0.00,88.89,31.43,55.56,10.39,18.52,16.56,27.78,24.85,0.00,0.00,29.63,18.89,50.00,0.00
2565,ชุมชนบ้านท่าข้าม,ฮอด,กลาง,นอกเมือง,สำนักงานคณะกรรมการการศึกษาขั้นพื้นฐาน,สพป.เชียงใหม่ เขต 5,66,19.70,39.77,35.61,31.70,16.67,37.27,38.07,21.70,17.17,22.65,31.06,33.45,46.97,30.00,43.94,30.24,33.33,32.95
2565,ชุมชนบ้านแม่ทัง,ฮอด,เล็ก,นอกเมือง,สำนักงานคณะกรรมการการศึกษาขั้นพื้นฐาน,สพป.เชียงใหม่ เขต 5,7,14.29,34.99,35.71,26.24,0.00,0.00,26.79,15.57,14.29,24.28,14.29,22.59,28.57,36.42,23.81,34.34,28.57,24.74
2565,บ้านกองลอย,ฮอด,กลาง,นอกเมือง,สำนักงานคณะกรรมการการศึกษาขั้นพื้นฐาน,สพป.เชียงใหม่ เขต 5,17,35.29,47.79,36.76,28.59,11.76,32.22,38.24,20.77,27.45,20.56,35.29,33.28,20.59,24.61,39.22,23.53,20.59,34.55
2565,บ้านกองหิน,ฮอด,เล็ก,นอกเมือง,สำนักงานคณะกรรมการการศึกษาขั้นพื้นฐาน,สพป.เชียงใหม่ เขต 5,6,50.00,50.00,29.17,36.56,16.67,37.27,47.92,19.65,27.78,22.91,41.67,34.36,41.67,34.36,77.78,24.85,41.67,18.63
2565,บ้านกิ่วลม,ฮอด,เล็ก,นอกเมือง,สำนักงานคณะกรรมการการศึกษาขั้นพื้นฐาน,สพป.เชียงใหม่ เขต 5,6,33.33,47.14,29.17,26.68,0.00,0.00,39.58,18.28,11.11,15.71,16.67,23.57,33.33,23.57,27.78,29.92,0.00,0.00
2565,บ้านขุน,ฮอด,เล็ก,นอกเมือง,สำนักงานคณะกรรมการการศึกษาขั้นพื้นฐาน,สพป.เชียงใหม่ เขต 5,8,50.00,50.00,65.63,30.46,12.50,33.07,57.81,19.70,33.33,23.57,31.25,24.21,50.00,0.00,54.17,23.20,12.50,21.65
2565,บ้านแควมะกอก,ฮอด,กลาง,นอกเมือง,สำนักงานคณะกรรมการการศึกษาขั้นพื้นฐาน,สพป.เชียงใหม่ เขต 5,19,26.32,44.03,48.68,34.86,26.32,44.03,46.71,17.60,33.33,21.63,34.21,36.46,55.26,22.33,38.60,27.07,28.95,33.70
2565,บ้านโค้งงาม,ฮอด,เล็ก,นอกเมือง,สำนักงานคณะกรรมการการศึกษาขั้นพื้นฐาน,สพป.เชียงใหม่ เขต 5,8,37.50,48.41,34.38,35.22,12.50,33.07,56.25,33.07,25.00,22.05,43.75,39.03,50.00,35.36,58.33,36.32,25.00,25.00
2565,บ้านดงดำ,ฮอด,เล็ก,นอกเมือง,สำนักงานคณะกรรมการการศึกษาขั้นพื้นฐาน,สพป.เชียงใหม่ เขต 5,5,0.00,0.00,25.00,22.36,20.00,40.00,45.00,16.96,26.67,24.94,0.00,0.00,60.00,37.42,60.00,24.94,0.00,0.00
2565,บ้านดอยคำ,ฮอด,เล็ก,นอกเมือง,สำนักงานคณะกรรมการการศึกษาขั้นพื้นฐาน,สพป.เชียงใหม่ เขต 5,10,20.00,40.00,32.50,35.44,20.00,40.00,52.50,18.37,33.33,33.33,20.00,24.49,45.00,26.93,46.67,26.67,20.00,24.49
2565,บ้านเด่นวิทยา,ฮอด,เล็ก,นอกเมือง,สำนักงานคณะกรรมการการศึกษาขั้นพื้นฐาน,สพป.เชียงใหม่ เขต 5,5,20.00,40.00,25.00,22.36,0.00,0.00,40.00,26.69,20.00,16.33,50.00,31.62,40.00,20.00,46.67,26.67,10.00,20.00
2565,บ้านตาลใต้,ฮอด,เล็ก,นอกเมือง,สำนักงานคณะกรรมการการศึกษาขั้นพื้นฐาน,สพป.เชียงใหม่ เขต 5,2,50.00,50.00,12.50,12.50,50.00,50.00,81.25,18.75,33.33,0.00,100.00,0.00,25.00,25.00,50.00,16.67,25.00,25.00
2565,บ้านตาลเหนือ,ฮอด,เล็ก,นอกเมือง,สำนักงานคณะกรรมการการศึกษาขั้นพื้นฐาน,สพป.เชียงใหม่ เขต 5,15,53.33,49.89,50.00,32.91,33.33,47.14,32.50,21.79,26.67,21.77,33.33,29.81,33.33,29.81,42.22,37.45,33.33,23.57
2565,บ้านตีนตก,ฮอด,เล็ก,นอกเมือง,สำนักงานคณะกรรมการการศึกษาขั้นพื้นฐาน,สพป.เชียงใหม่ เขต 5,3,0.00,0.00,33.33,31.18,66.67,47.14,29.17,25.69,33.33,0.00,33.33,23.57,50.00,0.00,33.33,0.00,16.67,23.57
2565,บ้านเตียนอาง,ฮอด,เล็ก,นอกเมือง,สำนักงานคณะกรรมการการศึกษาขั้นพื้นฐาน,สพป.เชียงใหม่ เขต 5,10,50.00,50.00,37.50,23.05,10.00,30.00,48.75,24.01,30.00,23.33,45.00,41.53,30.00,24.49,40.00,32.66,20.00,24.49
2565,บ้านทุ่ง,ฮอด,เล็ก,นอกเมือง,สำนักงานคณะกรรมการการศึกษาขั้นพื้นฐาน,สพป.เชียงใหม่ เขต 5,5,20.00,40.00,35.00,30.00,40.00,48.99,45.00,34.10,33.33,21.08,30.00,40.00,40.00,37.42,73.33,24.94,20.00,24.49
2565,บ้านทุ่งโป่ง,ฮอด,เล็ก,นอกเมือง,สำนักงานคณะกรรมการการศึกษาขั้นพื้นฐาน,สพป.เชียงใหม่ เขต 5,17,17.65,38.12,29.41,28.74,17.65,38.12,42.65,20.59,31.37,31.25,35.29,33.28,41.18,25.64,54.90,34.19,32.35,23.89
2565,บ้านนาคอเรือ,ฮอด,เล็ก,นอกเมือง,สำนักงานคณะกรรมการการศึกษาขั้นพื้นฐาน,สพป.เชียงใหม่ เขต 5,18,38.89,48.75,41.67,28.87,22.22,41.57,34.03,20.75,27.78,29.92,50.00,44.10,44.44,28.33,37.04,26.96,19.44,33.91
2565,บ้านนาฟ่อน,ฮอด,เล็ก,นอกเมือง,สำนักงานคณะกรรมการการศึกษาขั้นพื้นฐาน,สพป.เชียงใหม่ เขต 5,21,23.81,42.59,26.19,29.35,19.05,39.27,42.26,21.98,30.16,27.03,21.43,24.74,33.33,32.12,38.10,27.77,21.43,24.74
2565,บ้านบ่อหลวง,ฮอด,กลาง,นอกเมือง,สำนักงานคณะกรรมการการศึกษาขั้นพื้นฐาน,สพป.เชียงใหม่ เขต 5,16,6.25,24.21,23.44,27.20,12.50,33.07,46.09,17.52,25.00,25.00,43.75,39.03,46.88,37.37,52.08,28.79,15.63,29.15
2565,บ้านผาแตน,ฮอด,เล็ก,นอกเมือง,สำนักงานคณะกรรมการการศึกษาขั้นพื้นฐาน,สพป.เชียงใหม่ เขต 5,3,0.00,0.00,41.67,42.49,0.00,0.00,45.83,21.25,33.33,27.22,16.67,23.57,50.00,0.00,44.44,41.57,50.00,40.82
2565,บ้านพุย,ฮอด,เล็ก,นอกเมือง,สำนักงานคณะกรรมการการศึกษาขั้นพื้นฐาน,สพป.เชียงใหม่ เขต 5,8,25.00,43.30,37.50,17.68,37.50,48.41,25.00,12.50,29.17,26.02,18.75,34.80,37.50,33.07,29.17,26.02,18.75,24.21
2565,บ้านแม่งูด,ฮอด,เล็ก,นอกเมือง,สำนักงานคณะกรรมการการศึกษาขั้นพื้นฐาน,สพป.เชียงใหม่ เขต 5,12,16.67,37.27,43.75,25.26,8.33,27.64,51.04,26.74,22.22,28.33,25.00,25.00,54.17,13.82,41.67,36.32,16.67,23.57
2565,บ้านแม่ลอง,ฮอด,เล็ก,นอกเมือง,สำนักงานคณะกรรมการการศึกษาขั้นพื้นฐาน,สพป.เชียงใหม่ เขต 5,13,0.00,0.00,34.62,31.83,23.08,42.13,45.19,24.78,23.08,20.19,46.15,30.77,38.46,34.83,53.85,30.77,15.38,23.08
2565,บ้านแม่ลาย,ฮอด,เล็ก,นอกเมือง,สำนักงานคณะกรรมการการศึกษาขั้นพื้นฐาน,สพป.เชียงใหม่ เขต 5,20,10.00,30.00,38.75,30.08,15.00,35.71,35.63,19.48,25.00,29.58,30.00,33.17,45.00,31.22,26.67,22.61,25.00,25.00
2565,บ้านแม่ลายเหนือ,ฮอด,เล็ก,นอกเมือง,สำนักงานคณะกรรมการการศึกษาขั้นพื้นฐาน,สพป.เชียงใหม่ เขต 5,19,31.58,46.48,53.95,25.98,15.79,36.46,46.05,25.34,22.81,28.72,23.68,29.77,31.58,40.43,35.09,27.52,26.32,24.97
2565,บ้านแม่สะนาม,ฮอด,เล็ก,นอกเมือง,สำนักงานคณะกรรมการการศึกษาขั้นพื้นฐาน,สพป.เชียงใหม่ เขต 5,6,33.33,47.14,41.67,37.27,50.00,50.00,41.67,22.44,27.78,22.91,16.67,23.57,33.33,23.57,33.33,27.22,8.33,18.63
2565,บ้านแม่อมลอง,ฮอด,เล็ก,นอกเมือง,สำนักงานคณะกรรมการการศึกษาขั้นพื้นฐาน,สพป.เชียงใหม่ เขต 5,3,66.67,47.14,16.67,11.79,0.00,0.00,45.83,21.25,44.44,15.71,50.00,0.00,50.00,0.00,22.22,31.43,0.00,0.00
2565,บ้านวังกอง,ฮอด,เล็ก,นอกเมือง,สำนักงานคณะกรรมการการศึกษาขั้นพื้นฐาน,สพป.เชียงใหม่ เขต 5,4,0.00,0.00,62.50,21.65,0.00,0.00,43.75,27.24,16.67,16.67,37.50,41.46,37.50,21.65,41.67,36.32,37.50,21.65
2565,บ้านวังลุง,ฮอด,เล็ก,นอกเมือง,สำนักงานคณะกรรมการการศึกษาขั้นพื้นฐาน,สพป.เชียงใหม่ เขต 5,7,28.57,45.18,28.57,36.42,14.29,34.99,44.64,16.17,19.05,16.50,21.43,24.74,21.43,24.74,38.10,37.50,28.57,36.42
2565,บ้านหางดง,ฮอด,เล็ก,นอกเมือง,สำนักงานคณะกรรมการการศึกษาขั้นพื้นฐาน,สพป.เชียงใหม่ เขต 5,7,0.00,0.00,35.71,32.34,71.43,45.18,44.64,18.73,23.81,23.33,21.43,24.74,42.86,17.50,85.71,16.50,28.57,36.42
2565,ฟ้าใส,ฮอด,เล็ก,นอกเมือง,สำนักงานคณะกรรมการส่งเสริมการศึกษาเอกชน,-,6,0.00,0.00,33.33,27.64,50.00,50.00,56.25,18.75,50.00,31.91,50.00,40.82,66.67,23.57,61.11,29.92,41.67,34.36
2565,แม่โถวิทยาคม,ฮอด,กลาง,นอกเมือง,สำนักงานคณะกรรมการการศึกษาขั้นพื้นฐาน,สพป.เชียงใหม่ เขต 5,40,40.00,48.99,41.88,35.96,20.00,40.00,31.25,24.37,19.17,23.44,23.75,29.55,36.25,35.33,30.83,28.27,31.25,28.91