ปี,แถว,ชื่อโรงเรียน,อำเภอที่ตั้งรร.,ขนาดโรงเรียน,ที่ตั้งโรงเรียน,สังกัด,เขตพื้นที่ฯ,จำนวนผู้เข้าสอบ,ค 1.1 (Mean),ค 1.1 (S.D.),ค 1.2 (Mean),ค 1.2 (S.D.),ค 2.1 (Mean),ค 2.1 (S.D.),ค 2.2 (Mean),ค 2.2 (S.D.),ค 3.1 (Mean),ค 3.1 (S.D.)
2568,1,บ้านขุนแม่รวม,กัลยาณิวัฒนา,เล็ก,นอกเมือง,สำนักงานคณะกรรมการการศึกษาขั้นพื้นฐาน,สพป.เชียงใหม่ เขต 6,11,28.18,13.87,27.27,44.54,19.62,20.50,36.36,48.10,22.10,32.27
2568,2,บ้านจันทร์,กัลยาณิวัฒนา,เล็ก,นอกเมือง,สำนักงานคณะกรรมการการศึกษาขั้นพื้นฐาน,สพป.เชียงใหม่ เขต 6,10,16.15,14.44,40.00,48.99,19.62,15.20,0.00,0.00,14.31,21.86
2568,3,บ้านจันทร์ สาขาแจ่มน้อย,กัลยาณิวัฒนา,เล็ก,นอกเมือง,สำนักงานคณะกรรมการการศึกษาขั้นพื้นฐาน,สพป.เชียงใหม่ เขต 6,12,19.10,19.89,16.67,37.27,13.08,12.24,41.67,49.30,11.93,20.66
2568,4,บ้านแจ่มหลวง,กัลยาณิวัฒนา,เล็ก,นอกเมือง,สำนักงานคณะกรรมการการศึกษาขั้นพื้นฐาน,สพป.เชียงใหม่ เขต 6,8,20.38,10.62,12.50,33.07,14.72,16.27,0.00,0.00,17.89,23.10
2568,5,บ้านแม่แดดน้อย,กัลยาณิวัฒนา,เล็ก,นอกเมือง,สำนักงานคณะกรรมการการศึกษาขั้นพื้นฐาน,สพป.เชียงใหม่ เขต 6,8,41.34,18.67,37.50,48.41,24.53,27.31,37.50,48.41,17.89,23.10
2568,6,บ้านแม่แดดน้อย สาขาบ้านดงสามหมื่น,กัลยาณิวัฒนา,เล็ก,นอกเมือง,สำนักงานคณะกรรมการการศึกษาขั้นพื้นฐาน,สพป.เชียงใหม่ เขต 6,14,24.45,13.45,28.57,45.18,8.41,12.22,50.00,50.00,3.41,12.29
2568,7,บ้านแม่ตะละ,กัลยาณิวัฒนา,เล็ก,นอกเมือง,สำนักงานคณะกรรมการการศึกษาขั้นพื้นฐาน,สพป.เชียงใหม่ เขต 6,25,26.61,12.13,16.00,36.66,13.34,16.39,28.00,44.90,3.82,12.94
2568,8,บ้านแม่ตะละเหนือ,กัลยาณิวัฒนา,เล็ก,นอกเมือง,สำนักงานคณะกรรมการการศึกษาขั้นพื้นฐาน,สพป.เชียงใหม่ เขต 6,6,27.17,12.50,50.00,50.00,13.08,14.63,16.67,37.27,7.95,17.78
2568,9,บ้านห้วยยา,กัลยาณิวัฒนา,เล็ก,นอกเมือง,สำนักงานคณะกรรมการการศึกษาขั้นพื้นฐาน,สพป.เชียงใหม่ เขต 6,15,21.64,16.50,20.00,40.00,14.39,11.25,20.00,40.00,15.90,22.49
2568,10,บ้านหัวยปู,กัลยาณิวัฒนา,เล็ก,นอกเมือง,สำนักงานคณะกรรมการการศึกษาขั้นพื้นฐาน,สพป.เชียงใหม่ เขต 6,14,23.29,16.07,28.57,45.18,12.61,11.98,14.29,34.99,17.04,22.86
2568,11,สหมิตรวิทยา,กัลยาณิวัฒนา,กลาง,นอกเมือง,สำนักงานคณะกรรมการส่งเสริมการศึกษาเอกชน,-,21,30.33,14.97,19.05,39.27,39.75,9.88,23.81,42.59,54.35,18.51
2568,12,สามัคคีสันม่วง,กัลยาณิวัฒนา,เล็ก,นอกเมือง,สำนักงานคณะกรรมการการศึกษาขั้นพื้นฐาน,สพป.เชียงใหม่ เขต 6,19,20.40,15.58,15.79,36.46,13.43,11.12,36.84,48.24,7.53,17.40
2568,13,ณัทชวิทย์,จอมทอง,เล็ก,นอกเมือง,สำนักงานคณะกรรมการส่งเสริมการศึกษาเอกชน,-,13,40.59,22.02,7.69,26.65,18.11,17.99,15.38,36.08,30.42,31.07
2568,14,เทศบาลจอมทอง ๑ (ชุมชนบ้านข่วงเปาเหนือ),จอมทอง,กลาง,นอกเมือง,กรมส่งเสริมการปกครองท้องถิ่น,ท้องถิ่นจังหวัดเชียงใหม่,26,26.45,21.00,19.23,39.41,13.58,17.01,15.38,36.08,5.50,15.24
2568,15,ไทยรัฐวิทยา 79 (บ้านหนองอาบช้าง),จอมทอง,เล็ก,นอกเมือง,สำนักงานคณะกรรมการการศึกษาขั้นพื้นฐาน,สพป.เชียงใหม่ เขต 6,8,24.61,16.36,50.00,50.00,29.43,24.03,25.00,43.30,24.43,34.96
2568,16,นิยมไพรผาหมอนอินทนนท์,จอมทอง,เล็ก,นอกเมือง,สำนักงานคณะกรรมการการศึกษาขั้นพื้นฐาน,สพป.เชียงใหม่ เขต 6,10,16.30,16.16,10.00,30.00,13.74,12.56,40.00,48.99,9.54,19.08
2568,17,บ้านข่วงเปาใต้,จอมทอง,เล็ก,นอกเมือง,สำนักงานคณะกรรมการการศึกษาขั้นพื้นฐาน,สพป.เชียงใหม่ เขต 6,7,39.88,23.20,14.29,34.99,5.61,8.86,14.29,34.99,20.45,23.61
2568,18,บ้านขุนกลาง,จอมทอง,กลาง,นอกเมือง,สำนักงานคณะกรรมการการศึกษาขั้นพื้นฐาน,สพป.เชียงใหม่ เขต 6,72,26.44,16.91,36.11,48.03,13.35,14.92,12.50,33.07,15.30,23.84
2568,19,บ้านขุนกลาง สาขาแม่ยะน้อย,จอมทอง,เล็ก,นอกเมือง,สำนักงานคณะกรรมการการศึกษาขั้นพื้นฐาน,สพป.เชียงใหม่ เขต 6,11,20.55,13.93,0.00,0.00,8.92,9.77,18.18,38.57,13.01,21.25
2568,20,บ้านขุนแตะ,จอมทอง,เล็ก,นอกเมือง,สำนักงานคณะกรรมการการศึกษาขั้นพื้นฐาน,สพป.เชียงใหม่ เขต 6,14,23.18,11.86,21.43,41.03,11.21,12.22,21.43,41.03,13.63,21.55
2568,21,บ้านขุนแปะ,จอมทอง,เล็ก,นอกเมือง,สำนักงานคณะกรรมการการศึกษาขั้นพื้นฐาน,สพป.เชียงใหม่ เขต 6,19,13.84,14.45,21.05,40.77,7.23,13.06,21.05,40.77,5.02,14.64
2568,22,บ้านขุนแปะ สาขาแม่จร,จอมทอง,เล็ก,นอกเมือง,สำนักงานคณะกรรมการการศึกษาขั้นพื้นฐาน,สพป.เชียงใหม่ เขต 6,7,28.13,16.56,0.00,0.00,11.21,14.29,28.57,45.18,6.82,16.69
2568,23,บ้านขุนยะ,จอมทอง,เล็ก,นอกเมือง,สำนักงานคณะกรรมการการศึกษาขั้นพื้นฐาน,สพป.เชียงใหม่ เขต 6,6,27.43,15.69,33.33,47.14,13.08,9.25,16.67,37.27,7.95,17.78
2568,24,บ้านท่าข้าม,จอมทอง,เล็ก,นอกเมือง,สำนักงานคณะกรรมการการศึกษาขั้นพื้นฐาน,สพป.เชียงใหม่ เขต 6,16,37.73,18.93,18.75,39.03,19.62,15.51,50.00,50.00,15.77,23.42
2568,25,บ้านท่าหลุก,จอมทอง,เล็ก,นอกเมือง,สำนักงานคณะกรรมการการศึกษาขั้นพื้นฐาน,สพป.เชียงใหม่ เขต 6,4,45.19,31.72,75.00,43.30,24.53,8.50,0.00,0.00,48.85,35.37
2568,26,บ้านน้ำตกแม่กลาง,จอมทอง,เล็ก,นอกเมือง,สำนักงานคณะกรรมการการศึกษาขั้นพื้นฐาน,สพป.เชียงใหม่ เขต 6,12,14.80,13.92,25.00,43.30,6.54,12.24,8.33,27.64,3.98,13.19
2568,27,บ้านบนนา,จอมทอง,เล็ก,นอกเมือง,สำนักงานคณะกรรมการการศึกษาขั้นพื้นฐาน,สพป.เชียงใหม่ เขต 6,17,21.17,16.51,17.65,38.12,15.01,15.83,23.53,42.42,14.57,28.36
2568,28,บ้านปากทางท่าลี่,จอมทอง,เล็ก,นอกเมือง,สำนักงานคณะกรรมการการศึกษาขั้นพื้นฐาน,สพป.เชียงใหม่ เขต 6,2,41.15,7.30,0.00,0.00,19.62,0.00,100.00,0.00,50.00,2.29
2568,29,บ้านแปะ,จอมทอง,เล็ก,นอกเมือง,สำนักงานคณะกรรมการการศึกษาขั้นพื้นฐาน,สพป.เชียงใหม่ เขต 6,11,22.16,14.50,36.36,48.10,17.84,19.54,45.45,49.79,13.01,21.25
2568,30,บ้านเมืองกลาง,จอมทอง,เล็ก,นอกเมือง,สำนักงานคณะกรรมการการศึกษาขั้นพื้นฐาน,สพป.เชียงใหม่ เขต 6,7,23.07,14.59,0.00,0.00,16.82,6.87,0.00,0.00,0.00,0.00
2568,31,บ้านเมืองอาง,จอมทอง,เล็ก,นอกเมือง,สำนักงานคณะกรรมการการศึกษาขั้นพื้นฐาน,สพป.เชียงใหม่ เขต 6,4,36.72,13.75,0.00,0.00,14.72,8.50,0.00,0.00,0.00,0.00
2568,32,บ้านแม่ปอน,จอมทอง,เล็ก,นอกเมือง,สำนักงานคณะกรรมการการศึกษาขั้นพื้นฐาน,สพป.เชียงใหม่ เขต 6,31,22.60,14.80,22.58,41.81,13.93,16.68,25.81,43.76,11.07,24.12
2568,33,บ้านแม่สอย,จอมทอง,เล็ก,นอกเมือง,สำนักงานคณะกรรมการการศึกษาขั้นพื้นฐาน,สพป.เชียงใหม่ เขต 6,11,41.95,18.91,9.09,28.75,17.84,17.66,9.09,28.75,17.35,22.95
2568,34,บ้านโรงวัว,จอมทอง,เล็ก,นอกเมือง,สำนักงานคณะกรรมการการศึกษาขั้นพื้นฐาน,สพป.เชียงใหม่ เขต 6,7,23.51,23.26,42.86,49.49,25.23,20.21,42.86,49.49,20.45,23.61
2568,35,บ้านสบแจ่มฝั่งซ้าย,จอมทอง,เล็ก,นอกเมือง,สำนักงานคณะกรรมการการศึกษาขั้นพื้นฐาน,สพป.เชียงใหม่ เขต 6,12,35.38,22.14,8.33,27.64,8.18,9.67,50.00,50.00,19.88,23.52
2568,36,บ้านสบเตี๊ยะ,จอมทอง,กลาง,นอกเมือง,สำนักงานคณะกรรมการการศึกษาขั้นพื้นฐาน,สพป.เชียงใหม่ เขต 6,9,29.05,26.71,11.11,31.43,15.26,15.42,22.22,41.57,10.60,19.83
2568,37,บ้านสบแปะ,จอมทอง,เล็ก,นอกเมือง,สำนักงานคณะกรรมการการศึกษาขั้นพื้นฐาน,สพป.เชียงใหม่ เขต 6,6,33.07,21.26,33.33,47.14,19.62,16.02,16.67,37.27,24.62,24.67
2568,38,บ้านหนองคัน,จอมทอง,เล็ก,นอกเมือง,สำนักงานคณะกรรมการการศึกษาขั้นพื้นฐาน,สพป.เชียงใหม่ เขต 6,5,12.92,6.46,0.00,0.00,15.70,14.68,20.00,40.00,9.54,19.08
2568,39,บ้านห้วยทราย,จอมทอง,เล็ก,นอกเมือง,สำนักงานคณะกรรมการการศึกษาขั้นพื้นฐาน,สพป.เชียงใหม่ เขต 6,12,25.83,17.99,33.33,47.14,14.72,19.83,25.00,43.30,19.88,23.52
2568,40,บ้านห้วยน้ำดิบ,จอมทอง,เล็ก,นอกเมือง,สำนักงานคณะกรรมการการศึกษาขั้นพื้นฐาน,สพป.เชียงใหม่ เขต 6,4,37.11,24.54,0.00,0.00,9.81,9.81,50.00,50.00,0.00,0.00
2568,41,บ้านห้วยม่วง,จอมทอง,เล็ก,นอกเมือง,สำนักงานคณะกรรมการการศึกษาขั้นพื้นฐาน,สพป.เชียงใหม่ เขต 6,5,19.69,18.79,20.00,40.00,3.92,7.85,0.00,0.00,9.54,19.08
2568,42,บ้านห้วยม่วงฝั่งซ้าย,จอมทอง,เล็ก,นอกเมือง,สำนักงานคณะกรรมการการศึกษาขั้นพื้นฐาน,สพป.เชียงใหม่ เขต 6,12,22.88,15.40,25.00,43.30,24.53,16.27,41.67,49.30,11.93,20.66
2568,43,บ้านห้วยส้มป่อย,จอมทอง,เล็ก,นอกเมือง,สำนักงานคณะกรรมการการศึกษาขั้นพื้นฐาน,สพป.เชียงใหม่ เขต 6,10,19.38,14.08,10.00,30.00,13.74,15.33,10.00,30.00,0.00,0.00
2568,44,บ้านห้วยสะแพด,จอมทอง,เล็ก,นอกเมือง,สำนักงานคณะกรรมการการศึกษาขั้นพื้นฐาน,สพป.เชียงใหม่ เขต 6,9,16.15,10.77,22.22,41.57,21.80,11.12,0.00,0.00,5.30,14.99
2568,45,บ้านหาดนาค,จอมทอง,เล็ก,นอกเมือง,สำนักงานคณะกรรมการการศึกษาขั้นพื้นฐาน,สพป.เชียงใหม่ เขต 6,4,20.19,13.39,25.00,43.30,19.62,13.88,25.00,43.30,25.00,43.30
2568,46,บ้านใหม่สารภี,จอมทอง,เล็ก,นอกเมือง,สำนักงานคณะกรรมการการศึกษาขั้นพื้นฐาน,สพป.เชียงใหม่ เขต 6,5,20.00,19.53,40.00,48.99,7.85,9.61,60.00,48.99,9.54,19.08
2568,47,ป่ากล้วยพัฒนา,จอมทอง,เล็ก,นอกเมือง,สำนักงานคณะกรรมการการศึกษาขั้นพื้นฐาน,สพป.เชียงใหม่ เขต 6,16,25.62,17.36,25.00,43.30,13.49,15.07,37.50,48.41,17.89,23.10
2568,48,วัดพระบาท,จอมทอง,เล็ก,นอกเมือง,สำนักงานคณะกรรมการการศึกษาขั้นพื้นฐาน,สพป.เชียงใหม่ เขต 6,1,0.00,0.00,100.00,0.00,39.25,0.00,100.00,0.00,0.00,0.00
2568,49,ศรีจอมทอง,จอมทอง,ใหญ่,นอกเมือง,สำนักงานคณะกรรมการการศึกษาขั้นพื้นฐาน,สพป.เชียงใหม่ เขต 6,232,35.57,23.39,28.45,45.12,27.49,22.98,35.78,47.93,33.59,36.58
2568,50,สุทธิวงศ์ดำรงวิทย์,จอมทอง,เล็ก,นอกเมือง,สำนักงานคณะกรรมการส่งเสริมการศึกษาเอกชน,-,7,23.51,12.13,57.14,49.49,22.43,16.35,28.57,45.18,13.63,21.55
2568,51,แกน้อยศึกษา,เชียงดาว,กลาง,นอกเมือง,สำนักงานคณะกรรมการการศึกษาขั้นพื้นฐาน,สพป.เชียงใหม่ เขต 3,10,29.69,25.30,30.00,45.83,17.66,22.29,20.00,40.00,35.69,39.33
2568,52,โครงการหลวงแกน้อย,เชียงดาว,กลาง,นอกเมือง,สำนักงานคณะกรรมการการศึกษาขั้นพื้นฐาน,สพป.เชียงใหม่ เขต 3,1,32.30,0.00,0.00,0.00,58.87,0.00,0.00,0.00,47.71,0.00
2568,53,เจ้าฟ้าอุบลรัตน์,เชียงดาว,เล็ก,นอกเมือง,สำนักงานคณะกรรมการส่งเสริมการศึกษาเอกชน,-,28,19.37,15.29,10.71,30.93,11.91,15.14,21.43,41.03,8.52,18.27
2568,54,ชุมชนบ้านเมืองงาย,เชียงดาว,กลาง,นอกเมือง,สำนักงานคณะกรรมการการศึกษาขั้นพื้นฐาน,สพป.เชียงใหม่ เขต 3,50,30.73,19.75,16.00,36.66,20.02,19.42,22.00,41.42,14.31,21.86
2568,55,ชุมชนบ้านวังจ๊อม,เชียงดาว,กลาง,นอกเมือง,สำนักงานคณะกรรมการการศึกษาขั้นพื้นฐาน,สพป.เชียงใหม่ เขต 3,15,22.82,21.36,20.00,40.00,15.70,14.68,20.00,40.00,19.08,23.37
2568,56,ดอยสามหมื่น,เชียงดาว,เล็ก,นอกเมือง,สำนักงานคณะกรรมการการศึกษาขั้นพื้นฐาน,สพป.เชียงใหม่ เขต 3,9,25.12,8.02,33.33,47.14,13.08,13.08,11.11,31.43,10.60,19.83
2568,57,ตชด.เฉลิมพระเกียรติฯ บ้านแกน้อย,เชียงดาว,เล็ก,นอกเมือง,กองบัญชาการตำรวจตระเวนชายแดน,-,15,25.07,13.45,26.67,44.22,10.59,12.24,33.33,47.14,3.18,11.90
2568,58,บ้านเชียงดาว,เชียงดาว,กลาง,นอกเมือง,สำนักงานคณะกรรมการการศึกษาขั้นพื้นฐาน,สพป.เชียงใหม่ เขต 3,96,30.48,22.73,34.38,47.50,26.10,22.27,27.08,44.44,28.26,32.25
2568,59,บ้านดอน,เชียงดาว,เล็ก,นอกเมือง,สำนักงานคณะกรรมการการศึกษาขั้นพื้นฐาน,สพป.เชียงใหม่ เขต 3,11,22.44,23.91,9.09,28.75,17.84,15.55,18.18,38.57,9.51,20.17
2568,60,บ้านถ้ำ,เชียงดาว,เล็ก,นอกเมือง,สำนักงานคณะกรรมการการศึกษาขั้นพื้นฐาน,สพป.เชียงใหม่ เขต 3,7,23.07,16.95,28.57,45.18,16.82,12.54,14.29,34.99,6.82,16.69
2568,61,บ้านทุ่งข้าวพวง,เชียงดาว,กลาง,นอกเมือง,สำนักงานคณะกรรมการการศึกษาขั้นพื้นฐาน,สพป.เชียงใหม่ เขต 3,27,25.83,18.97,29.63,45.66,17.44,18.76,11.11,31.43,19.61,27.29
2568,62,บ้านทุ่งละคร,เชียงดาว,เล็ก,นอกเมือง,สำนักงานคณะกรรมการการศึกษาขั้นพื้นฐาน,สพป.เชียงใหม่ เขต 3,4,28.65,17.70,25.00,43.30,29.43,9.81,25.00,43.30,61.93,41.64
2568,63,บ้านทุ่งหลุก,เชียงดาว,เล็ก,นอกเมือง,สำนักงานคณะกรรมการการศึกษาขั้นพื้นฐาน,สพป.เชียงใหม่ เขต 3,16,28.36,15.57,25.00,43.30,23.42,21.38,50.00,50.00,24.14,24.16
2568,64,บ้านนาหวาย,เชียงดาว,กลาง,นอกเมือง,สำนักงานคณะกรรมการการศึกษาขั้นพื้นฐาน,สพป.เชียงใหม่ เขต 3,25,31.32,18.01,12.00,32.50,21.98,15.02,20.00,40.00,13.54,21.73
2568,65,บ้านปางแดง,เชียงดาว,เล็ก,นอกเมือง,สำนักงานคณะกรรมการการศึกษาขั้นพื้นฐาน,สพป.เชียงใหม่ เขต 3,11,32.72,23.34,18.18,38.57,17.84,13.11,27.27,44.54,17.76,31.74
2568,66,บ้านปางเฟือง,เชียงดาว,เล็ก,นอกเมือง,สำนักงานคณะกรรมการการศึกษาขั้นพื้นฐาน,สพป.เชียงใหม่ เขต 3,21,14.61,14.01,4.76,21.30,11.21,11.44,19.05,39.27,2.27,10.16
2568,67,บ้านปางมะเยา,เชียงดาว,กลาง,นอกเมือง,สำนักงานคณะกรรมการการศึกษาขั้นพื้นฐาน,สพป.เชียงใหม่ เขต 3,23,28.15,23.01,39.13,48.80,11.94,13.86,56.52,49.57,18.67,23.28
2568,68,บ้านป่าบง,เชียงดาว,เล็ก,นอกเมือง,สำนักงานคณะกรรมการการศึกษาขั้นพื้นฐาน,สพป.เชียงใหม่ เขต 3,10,20.99,16.23,40.00,48.99,9.81,9.81,10.00,30.00,0.00,0.00
2568,69,บ้านเมืองคอง,เชียงดาว,เล็ก,นอกเมือง,สำนักงานคณะกรรมการการศึกษาขั้นพื้นฐาน,สพป.เชียงใหม่ เขต 3,5,22.61,12.92,40.00,48.99,19.62,12.41,0.00,0.00,9.54,19.08
2568,70,บ้านเมืองนะ,เชียงดาว,กลาง,นอกเมือง,สำนักงานคณะกรรมการการศึกษาขั้นพื้นฐาน,สพป.เชียงใหม่ เขต 3,62,26.97,23.01,35.48,47.85,15.86,17.61,35.48,47.85,24.15,30.10
2568,71,บ้านแม่กอนใน,เชียงดาว,เล็ก,นอกเมือง,สำนักงานคณะกรรมการการศึกษาขั้นพื้นฐาน,สพป.เชียงใหม่ เขต 3,18,21.79,21.80,16.67,37.27,16.35,11.79,27.78,44.79,16.16,22.87
2568,72,บ้านแม่นะ,เชียงดาว,กลาง,นอกเมือง,สำนักงานคณะกรรมการการศึกษาขั้นพื้นฐาน,สพป.เชียงใหม่ เขต 3,16,15.14,12.07,31.25,46.35,14.72,16.27,12.50,33.07,8.94,18.62
2568,73,บ้านแม่ป๋าม,เชียงดาว,เล็ก,นอกเมือง,สำนักงานคณะกรรมการการศึกษาขั้นพื้นฐาน,สพป.เชียงใหม่ เขต 3,9,23.50,15.72,22.22,41.57,10.90,9.75,44.44,49.69,21.20,23.71
2568,74,บ้านแม่แมะ,เชียงดาว,เล็ก,นอกเมือง,สำนักงานคณะกรรมการการศึกษาขั้นพื้นฐาน,สพป.เชียงใหม่ เขต 3,10,25.84,19.38,20.00,40.00,7.85,17.98,40.00,48.99,5.23,15.69
2568,75,บ้านแม่อ้อใน,เชียงดาว,เล็ก,นอกเมือง,สำนักงานคณะกรรมการการศึกษาขั้นพื้นฐาน,สพป.เชียงใหม่ เขต 3,10,25.99,14.88,30.00,45.83,23.92,23.31,20.00,40.00,24.77,40.17
2568,76,บ้านรินหลวง,เชียงดาว,เล็ก,นอกเมือง,สำนักงานคณะกรรมการการศึกษาขั้นพื้นฐาน,สพป.เชียงใหม่ เขต 3,24,15.54,15.17,12.50,33.07,19.62,14.99,29.17,45.45,16.28,30.78
2568,77,บ้านวังมะริว,เชียงดาว,เล็ก,นอกเมือง,สำนักงานคณะกรรมการการศึกษาขั้นพื้นฐาน,สพป.เชียงใหม่ เขต 3,7,35.27,23.78,28.57,45.18,19.62,20.98,0.00,0.00,13.63,21.55
2568,78,บ้านสบคาบ,เชียงดาว,เล็ก,นอกเมือง,สำนักงานคณะกรรมการการศึกษาขั้นพื้นฐาน,สพป.เชียงใหม่ เขต 3,4,12.11,6.99,25.00,43.30,19.62,13.88,25.00,43.30,0.00,0.00
2568,79,บ้านสันป่าเกี๊ยะ,เชียงดาว,เล็ก,นอกเมือง,สำนักงานคณะกรรมการการศึกษาขั้นพื้นฐาน,สพป.เชียงใหม่ เขต 3,20,20.34,16.96,20.00,40.00,12.75,11.23,15.00,35.71,5.00,15.02
2568,80,บ้านหนองเขียว,เชียงดาว,กลาง,นอกเมือง,สำนักงานคณะกรรมการการศึกษาขั้นพื้นฐาน,สพป.เชียงใหม่ เขต 3,57,19.63,18.49,31.58,46.48,13.08,13.92,24.56,43.05,10.12,21.73
2568,81,บ้านหนองแขม,เชียงดาว,เล็ก,นอกเมือง,กองบัญชาการตำรวจตระเวนชายแดน,-,10,47.14,15.77,100.00,0.00,5.89,8.99,40.00,48.99,34.77,31.95
2568,82,บ้านหนองบัว,เชียงดาว,เล็ก,นอกเมือง,สำนักงานคณะกรรมการการศึกษาขั้นพื้นฐาน,สพป.เชียงใหม่ เขต 3,8,12.31,13.69,25.00,43.30,12.26,13.66,12.50,33.07,5.96,15.78
2568,83,บ้านห้วยจะค่าน ตชด.อนุสรณ์,เชียงดาว,กลาง,นอกเมือง,สำนักงานคณะกรรมการการศึกษาขั้นพื้นฐาน,สพป.เชียงใหม่ เขต 3,10,22.61,14.80,30.00,45.83,9.81,13.16,20.00,40.00,14.31,21.86
2568,84,บ้านห้วยทรายขาว,เชียงดาว,เล็ก,นอกเมือง,สำนักงานคณะกรรมการการศึกษาขั้นพื้นฐาน,สพป.เชียงใหม่ เขต 3,4,49.22,20.42,25.00,43.30,19.62,13.88,50.00,50.00,38.07,41.64
2568,85,บ้านห้วยเป้า,เชียงดาว,เล็ก,นอกเมือง,กรมส่งเสริมการปกครองท้องถิ่น,ท้องถิ่นจังหวัดเชียงใหม่,15,42.09,22.79,13.33,33.99,18.31,13.34,26.67,44.22,16.21,29.31
2568,86,บ้านใหม่,เชียงดาว,เล็ก,นอกเมือง,สำนักงานคณะกรรมการการศึกษาขั้นพื้นฐาน,สพป.เชียงใหม่ เขต 3,10,30.99,18.52,20.00,40.00,11.77,9.61,40.00,48.99,33.39,21.86
2568,87,บ้านอรุโณทัย,เชียงดาว,ใหญ่พิเศษ,นอกเมือง,สำนักงานคณะกรรมการการศึกษาขั้นพื้นฐาน,สพป.เชียงใหม่ เขต 3,65,26.65,20.53,20.00,40.00,18.14,18.73,20.00,40.00,18.04,29.40
2568,88,บ้านออน,เชียงดาว,เล็ก,นอกเมือง,สำนักงานคณะกรรมการการศึกษาขั้นพื้นฐาน,สพป.เชียงใหม่ เขต 3,4,37.11,14.10,25.00,43.30,9.81,9.81,25.00,43.30,23.85,23.85
2568,89,เบญจม 2 บ้านน้ำรู,เชียงดาว,เล็ก,นอกเมือง,สำนักงานคณะกรรมการการศึกษาขั้นพื้นฐาน,สพป.เชียงใหม่ เขต 3,24,25.83,21.75,12.50,33.07,17.99,17.84,45.83,49.83,16.09,26.96
2568,90,พัฒนาต้นน้ำขุนคอง,เชียงดาว,เล็ก,นอกเมือง,สำนักงานคณะกรรมการการศึกษาขั้นพื้นฐาน,สพป.เชียงใหม่ เขต 3,15,16.36,11.95,13.33,33.99,9.16,9.79,33.33,47.14,3.18,11.90
2568,91,มิตรมวลชนเชียงใหม่,เชียงดาว,กลาง,นอกเมือง,สำนักงานคณะกรรมการการศึกษาขั้นพื้นฐาน,สพป.เชียงใหม่ เขต 3,44,24.44,16.41,20.45,40.34,14.31,14.79,36.36,48.10,18.64,27.92
2568,92,ราชประชานุเคราะห์ 61 จังหวัดเชียงใหม่,เชียงดาว,กลาง,นอกเมือง,สำนักบริหารงานการศึกษาพิเศษ,-,38,20.52,18.56,18.42,38.77,10.33,13.31,28.95,45.35,6.40,20.05
2568,93,วัดจอมคีรี,เชียงดาว,เล็ก,นอกเมือง,สำนักงานคณะกรรมการการศึกษาขั้นพื้นฐาน,สพป.เชียงใหม่ เขต 3,6,30.12,11.61,50.00,50.00,13.08,9.25,0.00,0.00,23.85,23.85
2568,94,วัดปางมะโอ,เชียงดาว,เล็ก,นอกเมือง,สำนักงานคณะกรรมการการศึกษาขั้นพื้นฐาน,สพป.เชียงใหม่ เขต 3,1,0.00,0.00,0.00,0.00,0.00,0.00,0.00,0.00,0.00,0.00
2568,95,ศีลรวี,เชียงดาว,กลาง,นอกเมือง,สำนักงานคณะกรรมการส่งเสริมการศึกษาเอกชน,-,63,22.85,17.45,25.40,43.53,16.20,16.96,33.33,47.14,13.85,23.65
2568,96,ฉัตรพฤกษ์วิทยา,ไชยปราการ,เล็ก,นอกเมือง,สำนักงานคณะกรรมการส่งเสริมการศึกษาเอกชน,-,20,34.38,21.50,20.00,40.00,14.81,13.87,25.00,43.30,7.16,17.03
2568,97,ชุมชนวัดศรีดงเย็น,ไชยปราการ,กลาง,นอกเมือง,สำนักงานคณะกรรมการการศึกษาขั้นพื้นฐาน,สพป.เชียงใหม่ เขต 3,27,21.76,18.37,18.52,38.84,17.44,15.42,22.22,41.57,5.30,14.99
2568,98,เทศบาล 1 ไชยปราการ,ไชยปราการ,กลาง,นอกเมือง,กรมส่งเสริมการปกครองท้องถิ่น,ท้องถิ่นจังหวัดเชียงใหม่,41,21.38,17.08,14.63,35.34,13.88,13.87,12.20,32.72,13.02,24.19
2568,99,บ้านต้นโชค,ไชยปราการ,เล็ก,นอกเมือง,สำนักงานคณะกรรมการการศึกษาขั้นพื้นฐาน,สพป.เชียงใหม่ เขต 3,28,18.46,14.77,35.71,47.92,15.42,16.88,25.00,43.30,13.79,21.83
2568,100,บ้านถ้ำตับเตา,ไชยปราการ,เล็ก,นอกเมือง,สำนักงานคณะกรรมการการศึกษาขั้นพื้นฐาน,สพป.เชียงใหม่ เขต 3,6,16.15,9.32,33.33,47.14,13.08,14.63,16.67,37.27,7.95,17.78
2568,101,บ้านปง,ไชยปราการ,เล็ก,นอกเมือง,สำนักงานคณะกรรมการการศึกษาขั้นพื้นฐาน,สพป.เชียงใหม่ เขต 3,17,27.64,16.43,29.41,45.56,19.62,15.05,23.53,42.42,16.84,22.80
2568,102,บ้านปงตำ,ไชยปราการ,เล็ก,นอกเมือง,สำนักงานคณะกรรมการการศึกษาขั้นพื้นฐาน,สพป.เชียงใหม่ เขต 3,10,16.46,14.80,10.00,30.00,11.77,13.02,10.00,30.00,14.31,21.86
2568,103,บ้านป่างิ้ว,ไชยปราการ,เล็ก,นอกเมือง,สำนักงานคณะกรรมการการศึกษาขั้นพื้นฐาน,สพป.เชียงใหม่ เขต 3,11,38.45,10.67,27.27,44.54,16.23,23.85,27.27,44.54,13.01,21.25
2568,104,บ้านผาแดง,ไชยปราการ,เล็ก,นอกเมือง,สำนักงานคณะกรรมการการศึกษาขั้นพื้นฐาน,สพป.เชียงใหม่ เขต 3,8,24.81,18.85,12.50,33.07,7.36,9.50,0.00,0.00,11.93,20.66
2568,105,บ้านแม่ขิ,ไชยปราการ,เล็ก,นอกเมือง,สำนักงานคณะกรรมการการศึกษาขั้นพื้นฐาน,สพป.เชียงใหม่ เขต 3,9,23.50,13.55,11.11,31.43,23.98,17.98,33.33,47.14,15.90,22.49
2568,106,บ้านแม่ทะลบ,ไชยปราการ,เล็ก,นอกเมือง,สำนักงานคณะกรรมการการศึกษาขั้นพื้นฐาน,สพป.เชียงใหม่ เขต 3,21,25.60,19.30,4.76,21.30,16.82,16.35,14.29,34.99,18.39,23.46
2568,107,บ้านเวียงผาพัฒนา,ไชยปราการ,เล็ก,นอกเมือง,สำนักงานคณะกรรมการการศึกษาขั้นพื้นฐาน,สพป.เชียงใหม่ เขต 3,2,16.15,16.15,0.00,0.00,19.62,0.00,0.00,0.00,0.00,0.00
2568,108,บ้านสินชัย,ไชยปราการ,กลาง,นอกเมือง,สำนักงานคณะกรรมการการศึกษาขั้นพื้นฐาน,สพป.เชียงใหม่ เขต 3,9,21.70,11.20,11.11,31.43,8.72,13.44,44.44,49.69,5.30,14.99
2568,109,บ้านห้วยต้นตอง,ไชยปราการ,เล็ก,นอกเมือง,สำนักงานคณะกรรมการการศึกษาขั้นพื้นฐาน,สพป.เชียงใหม่ เขต 3,4,20.57,13.29,0.00,0.00,14.72,8.50,50.00,50.00,0.00,0.00
2568,110,บ้านห้วยบง,ไชยปราการ,เล็ก,นอกเมือง,สำนักงานคณะกรรมการการศึกษาขั้นพื้นฐาน,สพป.เชียงใหม่ เขต 3,4,36.34,6.99,25.00,43.30,19.62,13.88,0.00,0.00,11.93,20.66
2568,111,บ้านห้วยไผ่,ไชยปราการ,เล็ก,นอกเมือง,สำนักงานคณะกรรมการการศึกษาขั้นพื้นฐาน,สพป.เชียงใหม่ เขต 3,19,31.61,13.35,21.05,40.77,19.72,19.41,31.58,46.48,22.60,23.82
2568,112,บ้านหัวฝาย,ไชยปราการ,เล็ก,นอกเมือง,สำนักงานคณะกรรมการการศึกษาขั้นพื้นฐาน,สพป.เชียงใหม่ เขต 3,8,16.34,16.16,50.00,50.00,14.72,8.50,37.50,48.41,11.93,20.66
2568,113,บ้านใหม่หนองบัว,ไชยปราการ,กลาง,นอกเมือง,สำนักงานคณะกรรมการการศึกษาขั้นพื้นฐาน,สพป.เชียงใหม่ เขต 3,111,26.22,19.00,27.93,44.86,16.09,17.11,25.23,43.43,13.02,23.41
2568,114,บ้านอ่าย,ไชยปราการ,เล็ก,นอกเมือง,สำนักงานคณะกรรมการการศึกษาขั้นพื้นฐาน,สพป.เชียงใหม่ เขต 3,16,18.17,12.61,25.00,43.30,7.36,9.50,31.25,46.35,8.94,18.62
2568,115,วัดบ้านท่า,ไชยปราการ,เล็ก,นอกเมือง,สำนักงานคณะกรรมการการศึกษาขั้นพื้นฐาน,สพป.เชียงใหม่ เขต 3,20,30.19,19.73,15.00,35.71,29.81,20.58,0.00,0.00,22.16,29.18
2568,116,วัดป่าแดง,ไชยปราการ,เล็ก,นอกเมือง,สำนักงานคณะกรรมการการศึกษาขั้นพื้นฐาน,สพป.เชียงใหม่ เขต 3,12,13.59,16.21,25.00,43.30,13.08,12.24,8.33,27.64,7.95,17.78
2568,117,วัดอรัญญวาสี,ไชยปราการ,เล็ก,นอกเมือง,สำนักงานคณะกรรมการการศึกษาขั้นพื้นฐาน,สพป.เชียงใหม่ เขต 3,7,26.04,14.18,14.29,34.99,8.41,14.29,0.00,0.00,27.92,36.05
2568,118,สันติวนา,ไชยปราการ,เล็ก,นอกเมือง,สำนักงานคณะกรรมการการศึกษาขั้นพื้นฐาน,สพป.เชียงใหม่ เขต 3,7,25.38,19.02,28.57,45.18,19.62,18.17,28.57,45.18,21.76,25.16
2568,119,เอื้อวิทยา,ไชยปราการ,กลาง,นอกเมือง,สำนักงานคณะกรรมการส่งเสริมการศึกษาเอกชน,-,33,33.75,16.28,24.24,42.85,21.46,22.48,33.33,47.14,17.63,26.38
2568,120,ชุมชนบ้านดอยเต่า,ดอยเต่า,เล็ก,นอกเมือง,สำนักงานคณะกรรมการการศึกษาขั้นพื้นฐาน,สพป.เชียงใหม่ เขต 5,9,34.78,16.50,33.33,47.14,10.90,18.76,22.22,41.57,21.20,23.71
2568,121,ชุมชนศูนย์อพยพแปลง 4,ดอยเต่า,เล็ก,นอกเมือง,สำนักงานคณะกรรมการการศึกษาขั้นพื้นฐาน,สพป.เชียงใหม่ เขต 5,14,31.26,20.94,21.43,41.03,16.82,14.57,7.14,25.75,13.63,21.55
2568,122,บ้านเกาะหลวง,ดอยเต่า,เล็ก,นอกเมือง,สำนักงานคณะกรรมการการศึกษาขั้นพื้นฐาน,สพป.เชียงใหม่ เขต 5,13,36.26,18.36,23.08,42.13,16.60,16.94,38.46,48.65,18.70,30.74
2568,123,บ้านงิ้วสูง,ดอยเต่า,เล็ก,นอกเมือง,สำนักงานคณะกรรมการการศึกษาขั้นพื้นฐาน,สพป.เชียงใหม่ เขต 5,7,35.27,22.48,28.57,45.18,14.02,8.86,0.00,0.00,6.82,16.69
2568,124,บ้านฉิมพลี,ดอยเต่า,เล็ก,นอกเมือง,สำนักงานคณะกรรมการการศึกษาขั้นพื้นฐาน,สพป.เชียงใหม่ เขต 5,10,41.30,18.48,20.00,40.00,25.51,27.82,0.00,0.00,29.08,32.63
2568,125,บ้านถิ่นสำราญ,ดอยเต่า,เล็ก,นอกเมือง,สำนักงานคณะกรรมการการศึกษาขั้นพื้นฐาน,สพป.เชียงใหม่ เขต 5,6,27.17,20.42,50.00,50.00,3.27,7.31,0.00,0.00,23.85,23.85
2568,126,บ้านโท้งวิทยา,ดอยเต่า,เล็ก,นอกเมือง,สำนักงานคณะกรรมการการศึกษาขั้นพื้นฐาน,สพป.เชียงใหม่ เขต 5,22,23.84,18.35,22.73,41.91,16.95,18.04,18.18,38.57,8.67,18.40
2568,127,บ้านน้อยห้วยรินวิทยา,ดอยเต่า,เล็ก,นอกเมือง,สำนักงานคณะกรรมการการศึกษาขั้นพื้นฐาน,สพป.เชียงใหม่ เขต 5,15,17.23,15.00,33.33,47.14,17.01,15.81,13.33,33.99,13.03,21.63
2568,128,บ้านบงตัน,ดอยเต่า,เล็ก,นอกเมือง,สำนักงานคณะกรรมการการศึกษาขั้นพื้นฐาน,สพป.เชียงใหม่ เขต 5,18,19.91,11.69,33.33,47.14,19.62,13.08,11.11,31.43,7.95,17.78
2568,129,บ้านโปง,ดอยเต่า,เล็ก,นอกเมือง,สำนักงานคณะกรรมการการศึกษาขั้นพื้นฐาน,สพป.เชียงใหม่ เขต 5,13,27.45,16.17,23.08,42.13,19.62,17.21,15.38,36.08,15.03,29.89
2568,130,บ้านโปงทุ่ง,ดอยเต่า,เล็ก,นอกเมือง,สำนักงานคณะกรรมการการศึกษาขั้นพื้นฐาน,สพป.เชียงใหม่ เขต 5,9,31.02,29.55,22.22,41.57,22.01,17.15,44.44,49.69,32.31,32.84
2568,131,บ้านผาจุก,ดอยเต่า,เล็ก,นอกเมือง,สำนักงานคณะกรรมการการศึกษาขั้นพื้นฐาน,สพป.เชียงใหม่ เขต 5,6,16.15,13.19,16.67,37.27,3.27,7.31,16.67,37.27,0.00,0.00
2568,132,บ้านแม่ตูบ,ดอยเต่า,เล็ก,นอกเมือง,สำนักงานคณะกรรมการการศึกษาขั้นพื้นฐาน,สพป.เชียงใหม่ เขต 5,14,24.56,14.95,50.00,50.00,19.62,14.83,42.86,49.49,20.77,24.01
2568,133,บ้านแม่บวน,ดอยเต่า,เล็ก,นอกเมือง,สำนักงานคณะกรรมการการศึกษาขั้นพื้นฐาน,สพป.เชียงใหม่ เขต 5,11,29.64,18.41,9.09,28.75,19.62,11.83,0.00,0.00,26.02,23.75
2568,134,บ้านไร่,ดอยเต่า,เล็ก,นอกเมือง,สำนักงานคณะกรรมการการศึกษาขั้นพื้นฐาน,สพป.เชียงใหม่ เขต 5,11,47.68,21.87,18.18,38.57,25.32,28.53,36.36,48.10,39.87,35.54
2568,135,บ้านวังหม้อ,ดอยเต่า,เล็ก,นอกเมือง,สำนักงานคณะกรรมการการศึกษาขั้นพื้นฐาน,สพป.เชียงใหม่ เขต 5,5,32.30,10.21,0.00,0.00,15.70,22.88,0.00,0.00,19.08,23.37
2568,136,บ้านวังหลวง,ดอยเต่า,เล็ก,นอกเมือง,สำนักงานคณะกรรมการการศึกษาขั้นพื้นฐาน,สพป.เชียงใหม่ เขต 5,6,26.92,12.04,0.00,0.00,16.35,7.31,33.33,47.14,24.62,24.67
2568,137,บ้านสันติสุข,ดอยเต่า,เล็ก,นอกเมือง,สำนักงานคณะกรรมการการศึกษาขั้นพื้นฐาน,สพป.เชียงใหม่ เขต 5,5,16.46,20.92,20.00,40.00,23.55,7.85,0.00,0.00,28.62,23.37
2568,138,บ้านหนองผักบุ้ง,ดอยเต่า,เล็ก,นอกเมือง,สำนักงานคณะกรรมการการศึกษาขั้นพื้นฐาน,สพป.เชียงใหม่ เขต 5,4,32.69,11.97,50.00,50.00,19.62,13.88,25.00,43.30,23.85,23.85
2568,139,บ้านแอ่นจัดสรร,ดอยเต่า,เล็ก,นอกเมือง,สำนักงานคณะกรรมการการศึกษาขั้นพื้นฐาน,สพป.เชียงใหม่ เขต 5,6,18.84,11.10,33.33,47.14,19.62,22.66,16.67,37.27,0.00,0.00
2568,140,บ้านแอ่นใหม่,ดอยเต่า,เล็ก,นอกเมือง,สำนักงานคณะกรรมการการศึกษาขั้นพื้นฐาน,สพป.เชียงใหม่ เขต 5,1,32.30,0.00,0.00,0.00,19.62,0.00,100.00,0.00,0.00,0.00
2568,141,ศูนย์อพยพแปลง 2,ดอยเต่า,เล็ก,นอกเมือง,สำนักงานคณะกรรมการการศึกษาขั้นพื้นฐาน,สพป.เชียงใหม่ เขต 5,5,35.53,15.82,60.00,48.99,19.62,12.41,20.00,40.00,20.00,40.00
2568,142,ศูนย์อพยพแปลง 5,ดอยเต่า,เล็ก,นอกเมือง,สำนักงานคณะกรรมการการศึกษาขั้นพื้นฐาน,สพป.เชียงใหม่ เขต 5,9,27.26,23.29,0.00,0.00,24.19,22.57,22.22,41.57,21.20,23.71
2568,143,ศูนย์อพยพแปลง 8,ดอยเต่า,เล็ก,นอกเมือง,สำนักงานคณะกรรมการการศึกษาขั้นพื้นฐาน,สพป.เชียงใหม่ เขต 5,7,37.58,25.79,42.86,49.49,19.62,14.83,14.29,34.99,27.92,36.05
2568,144,ชลประทานผาแตก,ดอยสะเก็ด,กลาง,นอกเมือง,สำนักงานคณะกรรมการการศึกษาขั้นพื้นฐาน,สพป.เชียงใหม่ เขต 1,57,20.56,18.06,28.07,44.93,14.87,15.82,24.56,43.05,12.72,25.07
2568,145,เทพเสด็จวิทยา,ดอยสะเก็ด,เล็ก,นอกเมือง,สำนักงานคณะกรรมการการศึกษาขั้นพื้นฐาน,สพป.เชียงใหม่ เขต 1,5,19.38,12.08,40.00,48.99,11.77,15.70,20.00,40.00,9.54,19.08
2568,146,เทศบาลตลาดใหญ่,ดอยสะเก็ด,เล็ก,นอกเมือง,กรมส่งเสริมการปกครองท้องถิ่น,ท้องถิ่นจังหวัดเชียงใหม่,6,29.87,11.54,16.67,37.27,13.08,21.69,0.00,0.00,7.95,17.78
2568,147,บริรักศึกษาเชียงใหม่,ดอยสะเก็ด,เล็ก,นอกเมือง,สำนักงานคณะกรรมการส่งเสริมการศึกษาเอกชน,-,17,28.77,18.28,29.41,45.56,13.96,16.47,58.82,49.22,17.65,29.43
2568,148,บ้านเชิงดอย(ดอยสะเก็ดศึกษา),ดอยสะเก็ด,ใหญ่,นอกเมือง,สำนักงานคณะกรรมการการศึกษาขั้นพื้นฐาน,สพป.เชียงใหม่ เขต 1,115,31.45,22.64,34.78,47.63,18.66,19.51,20.00,40.00,19.24,26.20
2568,149,บ้านตลาดขี้เหล็ก,ดอยสะเก็ด,เล็ก,นอกเมือง,สำนักงานคณะกรรมการการศึกษาขั้นพื้นฐาน,สพป.เชียงใหม่ เขต 1,6,30.12,25.94,16.67,37.27,13.08,9.25,0.00,0.00,7.95,17.78
2568,150,บ้านบ่อหิน,ดอยสะเก็ด,เล็ก,นอกเมือง,สำนักงานคณะกรรมการการศึกษาขั้นพื้นฐาน,สพป.เชียงใหม่ เขต 1,19,24.89,20.16,26.32,44.03,15.49,15.04,10.53,30.69,12.55,21.01
2568,151,บ้านป่าขุย,ดอยสะเก็ด,เล็ก,นอกเมือง,สำนักงานคณะกรรมการการศึกษาขั้นพื้นฐาน,สพป.เชียงใหม่ เขต 1,10,30.99,17.34,10.00,30.00,21.58,18.51,20.00,40.00,9.54,19.08
2568,152,บ้านปางแดง,ดอยสะเก็ด,เล็ก,นอกเมือง,สำนักงานคณะกรรมการการศึกษาขั้นพื้นฐาน,สพป.เชียงใหม่ เขต 1,8,20.38,10.91,12.50,33.07,14.72,12.98,25.00,43.30,11.93,20.66
2568,153,บ้านปางน้ำถุ,ดอยสะเก็ด,เล็ก,นอกเมือง,สำนักงานคณะกรรมการการศึกษาขั้นพื้นฐาน,สพป.เชียงใหม่ เขต 1,5,52.61,19.48,20.00,40.00,35.70,15.30,0.00,0.00,48.62,1.83
2568,154,บ้านป่างิ้ว,ดอยสะเก็ด,เล็ก,นอกเมือง,สำนักงานคณะกรรมการการศึกษาขั้นพื้นฐาน,สพป.เชียงใหม่ เขต 1,5,32.92,15.14,40.00,48.99,11.77,23.55,0.00,0.00,19.08,23.37
2568,155,บ้านป่าป้อง,ดอยสะเก็ด,เล็ก,นอกเมือง,สำนักงานคณะกรรมการการศึกษาขั้นพื้นฐาน,สพป.เชียงใหม่ เขต 1,4,24.22,8.07,25.00,43.30,14.72,16.27,0.00,0.00,0.00,0.00
2568,156,บ้านป่าไม้แดง,ดอยสะเก็ด,กลาง,นอกเมือง,สำนักงานคณะกรรมการการศึกษาขั้นพื้นฐาน,สพป.เชียงใหม่ เขต 1,30,21.10,17.44,23.33,42.30,15.70,15.53,23.33,42.30,4.77,14.31
2568,157,บ้านป่าเสร้า,ดอยสะเก็ด,กลาง,นอกเมือง,สำนักงานคณะกรรมการการศึกษาขั้นพื้นฐาน,สพป.เชียงใหม่ เขต 1,30,18.46,15.03,30.00,45.83,15.70,16.34,26.67,44.22,12.72,21.10
2568,158,บ้านป่าเหมือด,ดอยสะเก็ด,เล็ก,นอกเมือง,สำนักงานคณะกรรมการการศึกษาขั้นพื้นฐาน,สพป.เชียงใหม่ เขต 1,33,24.17,21.78,21.21,40.88,16.05,13.19,21.21,40.88,13.15,24.76
2568,159,บ้านโป่งกุ่ม,ดอยสะเก็ด,เล็ก,นอกเมือง,สำนักงานคณะกรรมการการศึกษาขั้นพื้นฐาน,สพป.เชียงใหม่ เขต 1,6,18.84,6.02,0.00,0.00,9.81,9.81,0.00,0.00,15.90,22.49
2568,160,บ้านแม่ดอกแดง,ดอยสะเก็ด,เล็ก,นอกเมือง,สำนักงานคณะกรรมการการศึกษาขั้นพื้นฐาน,สพป.เชียงใหม่ เขต 1,14,24.33,14.94,21.43,41.03,16.82,12.54,14.29,34.99,13.96,29.06
2568,161,บ้านแม่หวาน,ดอยสะเก็ด,เล็ก,นอกเมือง,สำนักงานคณะกรรมการการศึกษาขั้นพื้นฐาน,สพป.เชียงใหม่ เขต 1,9,14.35,11.90,11.11,31.43,10.90,13.44,33.33,47.14,15.90,22.49
2568,162,บ้านแม่ฮ้อยเงิน,ดอยสะเก็ด,เล็ก,นอกเมือง,สำนักงานคณะกรรมการการศึกษาขั้นพื้นฐาน,สพป.เชียงใหม่ เขต 1,3,16.67,13.21,33.33,47.14,19.62,0.00,0.00,0.00,15.90,22.49
2568,163,บ้านร้องขี้เหล็ก,ดอยสะเก็ด,เล็ก,นอกเมือง,สำนักงานคณะกรรมการการศึกษาขั้นพื้นฐาน,สพป.เชียงใหม่ เขต 1,9,12.73,16.68,33.33,47.14,17.44,14.46,22.22,41.57,10.60,19.83
2568,164,บ้านลวงเหนือ,ดอยสะเก็ด,เล็ก,นอกเมือง,สำนักงานคณะกรรมการการศึกษาขั้นพื้นฐาน,สพป.เชียงใหม่ เขต 1,12,34.03,18.33,16.67,37.27,18.14,12.59,33.33,47.14,11.93,20.66
2568,165,บ้านสันทราย,ดอยสะเก็ด,เล็ก,นอกเมือง,สำนักงานคณะกรรมการการศึกษาขั้นพื้นฐาน,สพป.เชียงใหม่ เขต 1,2,25.00,25.00,0.00,0.00,19.62,19.62,0.00,0.00,23.85,23.85
2568,166,เพื่อชีวิตเชียงใหม่,ดอยสะเก็ด,เล็ก,นอกเมือง,สำนักงานคณะกรรมการส่งเสริมการศึกษาเอกชน,-,17,20.99,17.46,29.41,45.56,15.01,12.64,35.29,47.79,8.42,18.19
2568,167,แม่คือวิทยา,ดอยสะเก็ด,กลาง,นอกเมือง,สำนักงานคณะกรรมการการศึกษาขั้นพื้นฐาน,สพป.เชียงใหม่ เขต 1,41,20.63,17.37,24.39,42.94,12.01,15.69,14.63,35.34,7.09,20.39
2568,168,แม่โป่งประชาสามัคคี,ดอยสะเก็ด,เล็ก,นอกเมือง,สำนักงานคณะกรรมการการศึกษาขั้นพื้นฐาน,สพป.เชียงใหม่ เขต 1,10,19.38,14.08,10.00,30.00,25.70,22.05,20.00,40.00,14.77,22.59
2568,169,ไมตรีจิตคริสเตียนเชียงใหม่,ดอยสะเก็ด,กลาง,นอกเมือง,สำนักงานคณะกรรมการส่งเสริมการศึกษาเอกชน,-,18,11.75,13.00,16.67,37.27,8.72,11.74,11.11,31.43,5.30,14.99
2568,170,กรป.กลางอุปถัมภ์,ดอยหล่อ,เล็ก,นอกเมือง,สำนักงานคณะกรรมการการศึกษาขั้นพื้นฐาน,สพป.เชียงใหม่ เขต 4,18,26.10,14.42,33.33,47.14,15.26,13.96,11.11,31.43,21.46,24.01
2568,171,ดอยหล่อวิทยา,ดอยหล่อ,เล็ก,นอกเมือง,กรมส่งเสริมการปกครองท้องถิ่น,ท้องถิ่นจังหวัดเชียงใหม่,15,21.64,14.12,20.00,40.00,7.85,11.99,13.33,33.99,3.18,11.90
2568,172,เทศบาลตำบลวัดสองแคว,ดอยหล่อ,เล็ก,นอกเมือง,กรมส่งเสริมการปกครองท้องถิ่น,ท้องถิ่นจังหวัดเชียงใหม่,9,36.23,24.34,44.44,49.69,21.80,14.46,33.33,47.14,5.30,14.99
2568,173,บ้านดงป่าหวาย,ดอยหล่อ,เล็ก,นอกเมือง,สำนักงานคณะกรรมการการศึกษาขั้นพื้นฐาน,สพป.เชียงใหม่ เขต 4,3,16.67,23.57,33.33,47.14,6.54,9.25,0.00,0.00,0.00,0.00
2568,174,บ้านสามหลัง,ดอยหล่อ,เล็ก,นอกเมือง,สำนักงานคณะกรรมการการศึกษาขั้นพื้นฐาน,สพป.เชียงใหม่ เขต 4,19,26.59,20.83,21.05,40.77,23.85,23.61,31.58,46.48,17.58,23.01
2568,175,บ้านห้วยน้ำขาว,ดอยหล่อ,เล็ก,นอกเมือง,สำนักงานคณะกรรมการการศึกษาขั้นพื้นฐาน,สพป.เชียงใหม่ เขต 4,8,30.67,19.37,25.00,43.30,7.36,13.66,0.00,0.00,24.43,34.96
2568,176,บ้านหัวข่วง,ดอยหล่อ,เล็ก,นอกเมือง,สำนักงานคณะกรรมการการศึกษาขั้นพื้นฐาน,สพป.เชียงใหม่ เขต 4,7,26.04,17.45,0.00,0.00,11.21,9.71,28.57,45.18,6.82,16.69
2568,177,บ้านเหล่าเป้า,ดอยหล่อ,เล็ก,นอกเมือง,สำนักงานคณะกรรมการการศึกษาขั้นพื้นฐาน,สพป.เชียงใหม่ เขต 4,17,19.09,18.79,11.76,32.22,23.09,21.53,23.53,42.42,8.69,18.79
2568,178,บ้านใหม่หนองหอย,ดอยหล่อ,เล็ก,นอกเมือง,สำนักงานคณะกรรมการการศึกษาขั้นพื้นฐาน,สพป.เชียงใหม่ เขต 4,17,22.80,12.46,17.65,38.12,5.77,8.94,5.88,23.53,8.42,18.19
2568,179,วัดดอนชื่น,ดอยหล่อ,เล็ก,นอกเมือง,สำนักงานคณะกรรมการการศึกษาขั้นพื้นฐาน,สพป.เชียงใหม่ เขต 4,4,41.15,18.75,25.00,43.30,34.34,21.38,50.00,50.00,23.85,23.85
2568,180,วัดวังขามป้อม,ดอยหล่อ,เล็ก,นอกเมือง,สำนักงานคณะกรรมการการศึกษาขั้นพื้นฐาน,สพป.เชียงใหม่ เขต 4,6,26.92,12.04,16.67,37.27,9.81,9.81,16.67,37.27,15.90,22.49
2568,181,วัดศรีดอนชัย,ดอยหล่อ,เล็ก,นอกเมือง,สำนักงานคณะกรรมการการศึกษาขั้นพื้นฐาน,สพป.เชียงใหม่ เขต 4,11,31.25,23.83,18.18,38.57,14.27,14.71,0.00,0.00,26.44,32.21
2568,182,วัดหนองหลั้ว,ดอยหล่อ,เล็ก,นอกเมือง,สำนักงานคณะกรรมการการศึกษาขั้นพื้นฐาน,สพป.เชียงใหม่ เขต 4,7,37.58,11.68,14.29,34.99,11.21,9.71,14.29,34.99,6.82,16.69
2568,183,เจ้าแม่หลวงอุปถัมภ์ 1,ฝาง,กลาง,นอกเมือง,สำนักงานคณะกรรมการการศึกษาขั้นพื้นฐาน,สพป.เชียงใหม่ เขต 3,27,22.19,15.42,37.04,48.29,17.44,12.33,33.33,47.14,15.90,22.49
2568,184,ฉือจี้เชียงใหม่,ฝาง,กลาง,นอกเมือง,สำนักงานคณะกรรมการส่งเสริมการศึกษาเอกชน,-,90,32.55,21.85,25.56,43.62,23.67,21.53,26.67,44.22,19.87,28.07
2568,185,ชุมชนบ้านแม่สูนหลวง,ฝาง,เล็ก,นอกเมือง,สำนักงานคณะกรรมการการศึกษาขั้นพื้นฐาน,สพป.เชียงใหม่ เขต 3,9,22.05,22.18,0.00,0.00,10.90,9.75,11.11,31.43,5.30,14.99
2568,186,เทพศิรินทร์๙โครงการหลวงในพระบรมราชูปถัมภ์,ฝาง,เล็ก,นอกเมือง,สำนักงานคณะกรรมการการศึกษาขั้นพื้นฐาน,สพป.เชียงใหม่ เขต 3,10,40.16,18.75,20.00,40.00,15.70,14.68,30.00,45.83,29.08,32.63
2568,187,เทศบาลเวียงฝาง,ฝาง,กลาง,นอกเมือง,กรมส่งเสริมการปกครองท้องถิ่น,ท้องถิ่นจังหวัดเชียงใหม่,31,29.94,20.98,16.13,36.78,17.09,14.74,29.03,45.39,15.83,26.25
2568,188,บ้านขอบด้ง,ฝาง,กลาง,นอกเมือง,สำนักงานคณะกรรมการการศึกษาขั้นพื้นฐาน,สพป.เชียงใหม่ เขต 3,15,17.54,17.25,20.00,40.00,9.28,14.19,26.67,44.22,9.54,19.08
2568,189,บ้านดงป่าลัน,ฝาง,เล็ก,นอกเมือง,สำนักงานคณะกรรมการการศึกษาขั้นพื้นฐาน,สพป.เชียงใหม่ เขต 3,4,25.00,18.07,0.00,0.00,0.00,0.00,75.00,43.30,23.85,23.85
2568,190,บ้านเด่นใหม่,ฝาง,เล็ก,นอกเมือง,สำนักงานคณะกรรมการการศึกษาขั้นพื้นฐาน,สพป.เชียงใหม่ เขต 3,8,42.78,14.02,0.00,0.00,19.86,14.22,12.50,33.07,17.89,23.10
2568,191,บ้านต้นผึ้ง,ฝาง,เล็ก,นอกเมือง,สำนักงานคณะกรรมการการศึกษาขั้นพื้นฐาน,สพป.เชียงใหม่ เขต 3,19,20.64,14.97,15.79,36.46,14.46,15.39,10.53,30.69,2.51,10.65
2568,192,บ้านต้นส้าน,ฝาง,เล็ก,นอกเมือง,สำนักงานคณะกรรมการการศึกษาขั้นพื้นฐาน,สพป.เชียงใหม่ เขต 3,11,29.50,15.30,9.09,28.75,17.84,13.11,18.18,38.57,13.01,21.25
2568,193,บ้านทุ่งหลุก,ฝาง,เล็ก,นอกเมือง,สำนักงานคณะกรรมการการศึกษาขั้นพื้นฐาน,สพป.เชียงใหม่ เขต 3,5,56.15,13.47,20.00,40.00,7.85,9.61,60.00,48.99,28.62,23.37
2568,194,บ้านปางปอย,ฝาง,กลาง,นอกเมือง,สำนักงานคณะกรรมการการศึกษาขั้นพื้นฐาน,สพป.เชียงใหม่ เขต 3,27,19.25,16.51,29.63,45.66,13.81,15.86,29.63,45.66,12.37,20.91
2568,195,บ้านปางสัก,ฝาง,เล็ก,นอกเมือง,สำนักงานคณะกรรมการการศึกษาขั้นพื้นฐาน,สพป.เชียงใหม่ เขต 3,13,43.91,13.56,38.46,48.65,27.17,14.48,23.08,42.13,72.90,31.88
2568,196,บ้านป่าบง,ฝาง,เล็ก,นอกเมือง,สำนักงานคณะกรรมการการศึกษาขั้นพื้นฐาน,สพป.เชียงใหม่ เขต 3,11,16.29,9.98,36.36,48.10,12.49,12.61,9.09,28.75,13.01,21.25
2568,197,บ้านโป่งถืบ,ฝาง,กลาง,นอกเมือง,สำนักงานคณะกรรมการการศึกษาขั้นพื้นฐาน,สพป.เชียงใหม่ เขต 3,11,23.77,23.52,9.09,28.75,16.05,16.35,0.00,0.00,8.67,18.40
2568,198,บ้านโป่งนก,ฝาง,กลาง,นอกเมือง,สำนักงานคณะกรรมการการศึกษาขั้นพื้นฐาน,สพป.เชียงใหม่ เขต 3,21,29.59,20.06,47.62,49.94,15.88,19.73,9.52,29.35,16.12,27.54
2568,199,บ้านโป่งน้ำร้อน,ฝาง,เล็ก,นอกเมือง,สำนักงานคณะกรรมการการศึกษาขั้นพื้นฐาน,สพป.เชียงใหม่ เขต 3,7,44.50,21.14,28.57,45.18,33.91,29.73,57.14,49.49,41.55,31.67
2568,200,บ้านม่วงชุม,ฝาง,กลาง,นอกเมือง,สำนักงานคณะกรรมการการศึกษาขั้นพื้นฐาน,สพป.เชียงใหม่ เขต 3,37,17.94,15.42,24.32,42.90,16.97,14.54,18.92,39.17,14.43,22.21
2568,201,บ้านม่อนปิ่น,ฝาง,กลาง,นอกเมือง,สำนักงานคณะกรรมการการศึกษาขั้นพื้นฐาน,สพป.เชียงใหม่ เขต 3,22,21.64,20.21,13.64,34.32,15.16,13.14,22.73,41.91,15.39,27.11
2568,202,บ้านแม่ข่า,ฝาง,กลาง,นอกเมือง,สำนักงานคณะกรรมการการศึกษาขั้นพื้นฐาน,สพป.เชียงใหม่ เขต 3,16,18.46,18.35,50.00,50.00,13.61,16.64,18.75,39.03,8.94,18.62
2568,203,บ้านแม่คะ,ฝาง,กลาง,นอกเมือง,สำนักงานคณะกรรมการการศึกษาขั้นพื้นฐาน,สพป.เชียงใหม่ เขต 3,11,19.23,15.39,18.18,38.57,12.49,12.61,9.09,28.75,13.01,21.25
2568,204,บ้านแม่งอนกลาง,ฝาง,เล็ก,นอกเมือง,สำนักงานคณะกรรมการการศึกษาขั้นพื้นฐาน,สพป.เชียงใหม่ เขต 3,6,16.15,13.19,50.00,50.00,26.16,9.25,0.00,0.00,0.00,0.00
2568,205,บ้านแม่งอนขี้เหล็ก,ฝาง,กลาง,นอกเมือง,กรมส่งเสริมการปกครองท้องถิ่น,ท้องถิ่นจังหวัดเชียงใหม่,31,26.72,17.86,48.39,49.97,15.19,14.71,25.81,43.76,4.62,14.10
2568,206,บ้านแม่ใจ,ฝาง,เล็ก,นอกเมือง,สำนักงานคณะกรรมการการศึกษาขั้นพื้นฐาน,สพป.เชียงใหม่ เขต 3,4,24.61,7.71,0.00,0.00,14.72,16.27,25.00,43.30,11.93,20.66
2568,207,บ้านแม่สูนน้อย,ฝาง,เล็ก,นอกเมือง,สำนักงานคณะกรรมการการศึกษาขั้นพื้นฐาน,สพป.เชียงใหม่ เขต 3,17,23.93,18.72,5.88,23.53,17.31,16.32,11.76,32.22,17.11,28.83
2568,208,บ้านยาง,ฝาง,เล็ก,นอกเมือง,สำนักงานคณะกรรมการการศึกษาขั้นพื้นฐาน,สพป.เชียงใหม่ เขต 3,6,40.89,26.44,33.33,47.14,16.35,7.31,16.67,37.27,49.24,28.92
2568,209,บ้านล้องอ้อ,ฝาง,เล็ก,นอกเมือง,กรมส่งเสริมการปกครองท้องถิ่น,ท้องถิ่นจังหวัดเชียงใหม่,28,18.46,14.77,21.43,41.03,11.21,13.30,35.71,47.92,10.39,23.97
2568,210,บ้านลาน,ฝาง,กลาง,นอกเมือง,สำนักงานคณะกรรมการการศึกษาขั้นพื้นฐาน,สพป.เชียงใหม่ เขต 3,15,34.76,17.72,33.33,47.14,18.31,18.22,26.67,44.22,29.54,30.29
2568,211,บ้านเวียงฝาง,ฝาง,ใหญ่,นอกเมือง,สำนักงานคณะกรรมการการศึกษาขั้นพื้นฐาน,สพป.เชียงใหม่ เขต 3,119,24.77,17.23,38.66,48.70,14.21,14.67,31.93,46.62,12.10,21.84
2568,212,บ้านเวียงหวาย,ฝาง,กลาง,นอกเมือง,สำนักงานคณะกรรมการการศึกษาขั้นพื้นฐาน,สพป.เชียงใหม่ เขต 3,13,38.75,15.08,46.15,49.85,27.17,18.11,7.69,26.65,26.39,31.36
2568,213,บ้านศรีดอนชัย,ฝาง,เล็ก,นอกเมือง,สำนักงานคณะกรรมการการศึกษาขั้นพื้นฐาน,สพป.เชียงใหม่ เขต 3,3,22.57,15.96,0.00,0.00,19.62,0.00,0.00,0.00,0.00,0.00
2568,214,บ้านสันต้นดู่,ฝาง,เล็ก,นอกเมือง,สำนักงานคณะกรรมการการศึกษาขั้นพื้นฐาน,สพป.เชียงใหม่ เขต 3,12,36.85,18.08,25.00,43.30,23.05,29.99,41.67,49.30,28.59,31.66
2568,215,บ้านสันต้นเปา,ฝาง,เล็ก,นอกเมือง,สำนักงานคณะกรรมการการศึกษาขั้นพื้นฐาน,สพป.เชียงใหม่ เขต 3,1,33.85,0.00,100.00,0.00,0.00,0.00,0.00,0.00,0.00,0.00
2568,216,บ้านสันทราย,ฝาง,เล็ก,นอกเมือง,สำนักงานคณะกรรมการการศึกษาขั้นพื้นฐาน,สพป.เชียงใหม่ เขต 3,11,28.04,15.73,18.18,38.57,10.70,12.86,18.18,38.57,8.67,18.40
2568,217,บ้านสันทรายคองน้อย,ฝาง,กลาง,นอกเมือง,สำนักงานคณะกรรมการการศึกษาขั้นพื้นฐาน,สพป.เชียงใหม่ เขต 3,4,36.34,17.60,0.00,0.00,29.43,9.81,0.00,0.00,11.93,20.66
2568,218,บ้านสันป่าแดง,ฝาง,เล็ก,นอกเมือง,สำนักงานคณะกรรมการการศึกษาขั้นพื้นฐาน,สพป.เชียงใหม่ เขต 3,6,29.61,6.02,0.00,0.00,26.16,9.25,0.00,0.00,24.62,37.95
2568,219,บ้านสันม่วง,ฝาง,เล็ก,นอกเมือง,สำนักงานคณะกรรมการการศึกษาขั้นพื้นฐาน,สพป.เชียงใหม่ เขต 3,6,44.36,25.08,33.33,47.14,36.60,38.66,0.00,0.00,41.28,44.81
2568,220,บ้านหนองขวาง,ฝาง,เล็ก,นอกเมือง,สำนักงานคณะกรรมการการศึกษาขั้นพื้นฐาน,สพป.เชียงใหม่ เขต 3,3,22.05,20.83,33.33,47.14,13.08,9.25,33.33,47.14,49.24,40.84
2568,221,บ้านหนองยาว,ฝาง,เล็ก,นอกเมือง,สำนักงานคณะกรรมการการศึกษาขั้นพื้นฐาน,สพป.เชียงใหม่ เขต 3,14,22.14,18.24,21.43,41.03,15.42,15.16,21.43,41.03,10.22,19.58
2568,222,บ้านหลวง,ฝาง,กลาง,นอกเมือง,สำนักงานคณะกรรมการการศึกษาขั้นพื้นฐาน,สพป.เชียงใหม่ เขต 3,29,22.38,17.71,31.03,46.26,13.53,18.65,34.48,47.53,10.03,19.65
2568,223,บ้านหล่ายฝาง,ฝาง,เล็ก,นอกเมือง,กรมส่งเสริมการปกครองท้องถิ่น,ท้องถิ่นจังหวัดเชียงใหม่,21,21.68,19.02,28.57,45.18,12.15,12.81,38.10,48.56,6.82,16.69
2568,224,บ้านห้วยไคร้,ฝาง,เล็ก,นอกเมือง,สำนักงานคณะกรรมการการศึกษาขั้นพื้นฐาน,สพป.เชียงใหม่ เขต 3,16,17.26,8.97,25.00,43.30,9.81,12.02,25.00,43.30,8.94,18.62
2568,225,บ้านห้วยงูกลาง,ฝาง,เล็ก,นอกเมือง,สำนักงานคณะกรรมการการศึกษาขั้นพื้นฐาน,สพป.เชียงใหม่ เขต 3,14,22.03,14.66,21.43,41.03,18.22,17.34,0.00,0.00,23.85,23.85
2568,226,บ้านห้วยบอน,ฝาง,เล็ก,นอกเมือง,สำนักงานคณะกรรมการการศึกษาขั้นพื้นฐาน,สพป.เชียงใหม่ เขต 3,7,13.84,10.32,42.86,49.49,16.82,22.07,14.29,34.99,6.82,16.69
2568,227,บ้านห้วยหมากเลี่ยม,ฝาง,กลาง,นอกเมือง,สำนักงานคณะกรรมการการศึกษาขั้นพื้นฐาน,สพป.เชียงใหม่ เขต 3,28,22.19,16.57,21.43,41.03,14.72,16.27,21.43,41.03,13.96,25.81
2568,228,บ้านห้วยห้อม,ฝาง,เล็ก,นอกเมือง,สำนักงานคณะกรรมการการศึกษาขั้นพื้นฐาน,สพป.เชียงใหม่ เขต 3,8,26.44,7.98,25.00,43.30,12.26,13.66,37.50,48.41,5.96,15.78
2568,229,บ้านห้วยเฮี่ยน,ฝาง,เล็ก,นอกเมือง,สำนักงานคณะกรรมการการศึกษาขั้นพื้นฐาน,สพป.เชียงใหม่ เขต 3,12,12.11,11.65,25.00,43.30,16.35,13.48,16.67,37.27,11.93,20.66
2568,230,บ้านหัวนา,ฝาง,เล็ก,นอกเมือง,สำนักงานคณะกรรมการการศึกษาขั้นพื้นฐาน,สพป.เชียงใหม่ เขต 3,17,25.16,17.03,11.76,32.22,16.16,13.85,5.88,23.53,5.61,15.37
2568,231,บ้านหัวฝาย,ฝาง,เล็ก,นอกเมือง,สำนักงานคณะกรรมการการศึกษาขั้นพื้นฐาน,สพป.เชียงใหม่ เขต 3,2,24.22,8.07,50.00,50.00,29.43,9.81,50.00,50.00,23.85,23.85
2568,232,บ้านเหมืองแร่,ฝาง,กลาง,นอกเมือง,สำนักงานคณะกรรมการการศึกษาขั้นพื้นฐาน,สพป.เชียงใหม่ เขต 3,10,21.15,12.95,20.00,40.00,11.77,13.02,10.00,30.00,19.54,32.76
2568,233,รังษีวิทยา,ฝาง,ใหญ่พิเศษ,นอกเมือง,สำนักงานคณะกรรมการส่งเสริมการศึกษาเอกชน,-,176,36.74,20.29,39.77,48.94,29.29,22.75,21.02,40.75,31.60,32.50
2568,234,รัตนาเอื้อวิทยา,ฝาง,ใหญ่,นอกเมือง,สำนักงานคณะกรรมการส่งเสริมการศึกษาเอกชน,-,75,30.30,20.50,32.00,46.65,21.87,20.39,24.00,42.71,28.15,31.48
2568,235,วัดนันทาราม,ฝาง,กลาง,นอกเมือง,สำนักงานคณะกรรมการการศึกษาขั้นพื้นฐาน,สพป.เชียงใหม่ เขต 3,7,28.35,16.84,28.57,45.18,19.62,0.00,28.57,45.18,27.26,23.61
2568,236,วัดศรีบุญเรือง,ฝาง,เล็ก,นอกเมือง,สำนักงานคณะกรรมการการศึกษาขั้นพื้นฐาน,สพป.เชียงใหม่ เขต 3,16,10.19,11.30,25.00,43.30,15.94,14.25,31.25,46.35,8.94,18.62
2568,237,วิรุณเทพ,ฝาง,เล็ก,นอกเมือง,สำนักงานคณะกรรมการการศึกษาขั้นพื้นฐาน,สพป.เชียงใหม่ เขต 3,15,36.05,20.08,20.00,40.00,18.44,16.92,46.67,49.89,22.87,30.54
2568,238,สายอักษร,ฝาง,กลาง,นอกเมือง,สำนักงานคณะกรรมการส่งเสริมการศึกษาเอกชน,-,54,39.92,22.36,35.19,47.75,27.46,24.98,24.07,42.75,24.53,32.65
2568,239,อาโอยาม่า,ฝาง,เล็ก,นอกเมือง,กองบัญชาการตำรวจตระเวนชายแดน,-,8,14.13,9.68,12.50,33.07,9.81,9.81,25.00,43.30,17.89,23.10
2568,240,เจ้าพ่อหลวงอุปถัมภ์ 2,พร้าว,เล็ก,นอกเมือง,กองบัญชาการตำรวจตระเวนชายแดน,-,9,32.82,17.52,66.67,47.14,10.90,9.75,33.33,47.14,21.71,33.84
2568,241,ชุมชนบ้านโป่ง,พร้าว,เล็ก,นอกเมือง,สำนักงานคณะกรรมการการศึกษาขั้นพื้นฐาน,สพป.เชียงใหม่ เขต 2,11,29.50,20.80,18.18,38.57,19.62,14.49,18.18,38.57,26.02,23.75
2568,242,ชุมชนสหกรณ์นิคมวิทยา,พร้าว,เล็ก,นอกเมือง,สำนักงานคณะกรรมการการศึกษาขั้นพื้นฐาน,สพป.เชียงใหม่ เขต 2,22,17.97,18.64,22.73,41.91,10.70,11.42,54.55,49.79,6.51,16.37
2568,243,บ้านขุนแจ๋,พร้าว,เล็ก,นอกเมือง,สำนักงานคณะกรรมการการศึกษาขั้นพื้นฐาน,สพป.เชียงใหม่ เขต 2,3,71.01,8.00,0.00,0.00,20.25,28.64,33.33,47.14,49.24,40.84
2568,244,บ้านแจ่งกู่เรือง,พร้าว,กลาง,นอกเมือง,สำนักงานคณะกรรมการการศึกษาขั้นพื้นฐาน,สพป.เชียงใหม่ เขต 2,141,31.35,22.99,32.62,46.88,24.64,22.89,20.57,40.42,31.26,35.56
2568,245,บ้านต้นรุง,พร้าว,เล็ก,นอกเมือง,สำนักงานคณะกรรมการการศึกษาขั้นพื้นฐาน,สพป.เชียงใหม่ เขต 2,16,16.25,17.31,25.00,43.30,15.94,15.85,25.00,43.30,15.19,22.56
2568,246,บ้านท่ามะเกี๋ยง,พร้าว,เล็ก,นอกเมือง,สำนักงานคณะกรรมการการศึกษาขั้นพื้นฐาน,สพป.เชียงใหม่ เขต 2,6,21.53,15.23,33.33,47.14,26.48,19.06,50.00,50.00,24.62,37.95
2568,247,บ้านนาบุญโหล่งขอด,พร้าว,เล็ก,นอกเมือง,สำนักงานคณะกรรมการการศึกษาขั้นพื้นฐาน,สพป.เชียงใหม่ เขต 2,15,25.18,20.80,33.33,47.14,15.70,14.68,33.33,47.14,9.54,19.08
2568,248,บ้านป่าตุ้ม,พร้าว,กลาง,นอกเมือง,สำนักงานคณะกรรมการการศึกษาขั้นพื้นฐาน,สพป.เชียงใหม่ เขต 2,21,30.51,17.69,19.05,39.27,17.75,11.97,28.57,45.18,16.12,22.82
2568,249,บ้านป่าไหน่,พร้าว,เล็ก,นอกเมือง,สำนักงานคณะกรรมการการศึกษาขั้นพื้นฐาน,สพป.เชียงใหม่ เขต 2,8,36.72,15.75,37.50,48.41,19.62,13.88,25.00,43.30,24.43,24.47
2568,250,บ้านแม่ปั๋ง,พร้าว,เล็ก,นอกเมือง,สำนักงานคณะกรรมการการศึกษาขั้นพื้นฐาน,สพป.เชียงใหม่ เขต 2,17,22.89,18.55,23.53,42.42,17.31,14.87,29.41,45.56,8.42,18.19
2568,251,บ้านแม่ปาคี,พร้าว,เล็ก,นอกเมือง,สำนักงานคณะกรรมการการศึกษาขั้นพื้นฐาน,สพป.เชียงใหม่ เขต 2,10,14.53,13.41,30.00,45.83,19.62,19.62,20.00,40.00,0.00,0.00
2568,252,บ้านแม่เหียะ,พร้าว,เล็ก,นอกเมือง,สำนักงานคณะกรรมการการศึกษาขั้นพื้นฐาน,สพป.เชียงใหม่ เขต 2,14,16.37,12.51,28.57,45.18,14.02,13.73,14.29,34.99,13.96,29.06
2568,253,บ้านสันกลาง,พร้าว,เล็ก,นอกเมือง,สำนักงานคณะกรรมการการศึกษาขั้นพื้นฐาน,สพป.เชียงใหม่ เขต 2,4,41.15,8.11,25.00,43.30,19.62,0.00,50.00,50.00,11.93,20.66
2568,254,บ้านสันปง,พร้าว,เล็ก,นอกเมือง,สำนักงานคณะกรรมการการศึกษาขั้นพื้นฐาน,สพป.เชียงใหม่ เขต 2,6,24.22,18.06,33.33,47.14,13.08,9.25,50.00,50.00,32.57,36.94
2568,255,บ้านหนองปิด,พร้าว,เล็ก,นอกเมือง,สำนักงานคณะกรรมการการศึกษาขั้นพื้นฐาน,สพป.เชียงใหม่ เขต 2,6,30.12,15.17,16.67,37.27,39.25,22.66,33.33,47.14,40.52,34.10
2568,256,บ้านหลวง,พร้าว,เล็ก,นอกเมือง,สำนักงานคณะกรรมการการศึกษาขั้นพื้นฐาน,สพป.เชียงใหม่ เขต 2,8,22.40,13.99,12.50,33.07,9.81,9.81,12.50,33.07,5.96,15.78
2568,257,บ้านห้วยบง,พร้าว,เล็ก,นอกเมือง,สำนักงานคณะกรรมการการศึกษาขั้นพื้นฐาน,สพป.เชียงใหม่ เขต 2,8,27.02,14.20,12.50,33.07,22.08,20.67,12.50,33.07,19.04,35.06
2568,258,ประชาสามัคคีวิทยา,พร้าว,เล็ก,นอกเมือง,สำนักงานคณะกรรมการการศึกษาขั้นพื้นฐาน,สพป.เชียงใหม่ เขต 2,7,32.52,17.68,42.86,49.49,30.84,14.29,14.29,34.99,34.73,34.61
2568,259,ประดู่วิทยา,พร้าว,เล็ก,นอกเมือง,สำนักงานคณะกรรมการการศึกษาขั้นพื้นฐาน,สพป.เชียงใหม่ เขต 2,18,39.10,17.61,38.89,48.75,19.62,14.63,11.11,31.43,15.90,22.49
2568,260,พร้าวบูรพา,พร้าว,เล็ก,นอกเมือง,สำนักงานคณะกรรมการการศึกษาขั้นพื้นฐาน,สพป.เชียงใหม่ เขต 2,13,18.63,12.42,7.69,26.65,9.06,12.45,23.08,42.13,7.69,26.65
2568,261,สหกรณ์ดำริ,พร้าว,เล็ก,นอกเมือง,สำนักงานคณะกรรมการการศึกษาขั้นพื้นฐาน,สพป.เชียงใหม่ เขต 2,10,19.69,14.37,20.00,40.00,13.74,12.56,40.00,48.99,14.31,21.86
2568,262,กสิณธร เซนต์เจมส์ เชียงใหม่,เมืองเชียงใหม่,เล็ก,ในเมือง,สำนักงานคณะกรรมการส่งเสริมการศึกษาเอกชน,-,18,33.45,20.68,11.11,31.43,30.73,26.00,11.11,31.43,41.28,41.61
2568,263,โกวิทธำรงเชียงใหม่,เมืองเชียงใหม่,ใหญ่,ในเมือง,สำนักงานคณะกรรมการส่งเสริมการศึกษาเอกชน,-,98,35.82,20.12,29.59,45.65,22.28,19.68,18.37,38.72,24.23,29.03
2568,264,ขาลสุวรรณอนุสรณ์,เมืองเชียงใหม่,เล็ก,ในเมือง,สำนักงานคณะกรรมการส่งเสริมการศึกษาเอกชน,-,22,25.97,20.15,31.82,46.58,24.08,17.68,27.27,44.54,28.61,28.20
2568,265,คำเที่ยงอนุสสรณ์,เมืองเชียงใหม่,กลาง,ในเมือง,สำนักงานคณะกรรมการการศึกษาขั้นพื้นฐาน,สพป.เชียงใหม่ เขต 1,85,25.35,18.73,31.76,46.56,20.61,19.41,17.65,38.12,15.21,23.57
2568,266,จิตราวิทยา,เมืองเชียงใหม่,ใหญ่,ในเมือง,สำนักงานคณะกรรมการส่งเสริมการศึกษาเอกชน,-,150,29.69,21.77,26.00,43.86,20.18,18.30,13.33,33.99,22.50,32.07
2568,267,เจ้าพ่อหลวงอุปถัมภ์ 1,เมืองเชียงใหม่,เล็ก,ในเมือง,สำนักงานคณะกรรมการการศึกษาขั้นพื้นฐาน,สพป.เชียงใหม่ เขต 1,12,24.48,14.29,16.67,37.27,9.81,12.67,8.33,27.64,7.95,17.78
2568,268,ชุมชนเทศบาลวัดศรีดอนไชย,เมืองเชียงใหม่,กลาง,ในเมือง,กรมส่งเสริมการปกครองท้องถิ่น,ท้องถิ่นจังหวัดเชียงใหม่,24,31.34,21.79,29.17,45.45,18.88,16.69,16.67,37.27,22.06,23.99
2568,269,ชุมชนบ้านบวกครกน้อย,เมืองเชียงใหม่,กลาง,ในเมือง,สำนักงานคณะกรรมการการศึกษาขั้นพื้นฐาน,สพป.เชียงใหม่ เขต 1,42,33.93,24.56,30.95,46.23,32.37,20.59,28.57,45.18,26.78,32.71
2568,270,ชุมชนวัดท่าเดื่อ,เมืองเชียงใหม่,เล็ก,ในเมือง,สำนักงานคณะกรรมการการศึกษาขั้นพื้นฐาน,สพป.เชียงใหม่ เขต 1,17,17.19,14.19,29.41,45.56,9.23,11.88,23.53,42.42,8.42,18.19
2568,271,เชียงใหม่คริสเตียน,เมืองเชียงใหม่,ใหญ่,ในเมือง,สำนักงานคณะกรรมการส่งเสริมการศึกษาเอกชน,-,69,26.44,17.49,23.19,42.20,17.09,16.41,17.39,37.90,13.34,24.77
2568,272,ดาราวิทยาลัย,เมืองเชียงใหม่,ใหญ่พิเศษ,ในเมือง,สำนักงานคณะกรรมการส่งเสริมการศึกษาเอกชน,-,395,35.77,23.14,35.95,47.99,26.59,22.60,20.76,40.56,30.17,34.05
2568,273,ท่าศาลา,เมืองเชียงใหม่,เล็ก,ในเมือง,สำนักงานคณะกรรมการการศึกษาขั้นพื้นฐาน,สพป.เชียงใหม่ เขต 1,20,24.53,16.23,15.00,35.71,12.75,12.83,15.00,35.71,9.54,19.08
2568,274,เทพบดินทร์วิทยาเชียงใหม่,เมืองเชียงใหม่,ใหญ่,ในเมือง,สำนักงานคณะกรรมการส่งเสริมการศึกษาเอกชน,-,116,26.23,18.74,25.86,43.79,15.12,17.10,21.55,41.12,14.96,25.89
2568,275,เทศบาลดอกเงิน,เมืองเชียงใหม่,เล็ก,ในเมือง,กรมส่งเสริมการปกครองท้องถิ่น,ท้องถิ่นจังหวัดเชียงใหม่,23,33.90,18.00,21.74,41.25,20.48,19.60,34.78,47.63,12.64,21.30
2568,276,เทศบาลบ้านทรายคำ,เมืองเชียงใหม่,เล็ก,ในเมือง,กรมส่งเสริมการปกครองท้องถิ่น,ท้องถิ่นจังหวัดเชียงใหม่,9,18.12,19.60,22.22,41.57,15.26,15.42,33.33,47.14,11.11,20.82
2568,277,เทศบาลวัดกู่คำ,เมืองเชียงใหม่,เล็ก,ในเมือง,กรมส่งเสริมการปกครองท้องถิ่น,ท้องถิ่นจังหวัดเชียงใหม่,19,28.29,19.82,42.11,49.37,21.69,20.03,52.63,49.93,28.10,33.19
2568,278,เทศบาลวัดเกตการาม,เมืองเชียงใหม่,เล็ก,ในเมือง,กรมส่งเสริมการปกครองท้องถิ่น,ท้องถิ่นจังหวัดเชียงใหม่,18,20.00,16.05,27.78,44.79,16.35,18.79,16.67,37.27,21.20,23.71
2568,279,เทศบาลวัดเชียงยืน,เมืองเชียงใหม่,กลาง,ในเมือง,กรมส่งเสริมการปกครองท้องถิ่น,ท้องถิ่นจังหวัดเชียงใหม่,35,25.14,20.12,37.14,48.32,19.62,18.17,20.00,40.00,23.56,27.06
2568,280,เทศบาลวัดท่าสะต๋อย,เมืองเชียงใหม่,กลาง,ในเมือง,กรมส่งเสริมการปกครองท้องถิ่น,ท้องถิ่นจังหวัดเชียงใหม่,53,25.77,20.75,39.62,48.91,17.07,13.77,28.30,45.05,21.86,29.34
2568,281,เทศบาลวัดป่าแพ่ง,เมืองเชียงใหม่,กลาง,ในเมือง,กรมส่งเสริมการปกครองท้องถิ่น,ท้องถิ่นจังหวัดเชียงใหม่,41,27.76,17.86,17.07,37.63,11.97,14.29,24.39,42.94,22.56,28.88
2568,282,เทศบาลวัดพวกช้าง,เมืองเชียงใหม่,เล็ก,ในเมือง,กรมส่งเสริมการปกครองท้องถิ่น,ท้องถิ่นจังหวัดเชียงใหม่,12,30.12,17.57,8.33,27.64,22.89,13.48,25.00,43.30,11.93,20.66
2568,283,เทศบาลวัดศรีปิงเมือง,เมืองเชียงใหม่,กลาง,ในเมือง,กรมส่งเสริมการปกครองท้องถิ่น,ท้องถิ่นจังหวัดเชียงใหม่,39,21.28,21.39,20.51,40.38,9.61,14.13,17.95,38.38,13.46,21.47
2568,284,เทศบาลวัดศรีสุพรรณ,เมืองเชียงใหม่,กลาง,ในเมือง,กรมส่งเสริมการปกครองท้องถิ่น,ท้องถิ่นจังหวัดเชียงใหม่,25,30.09,17.32,40.00,48.99,19.62,14.68,28.00,44.90,23.27,28.06
2568,285,เทศบาลวัดหมื่นเงินกอง,เมืองเชียงใหม่,เล็ก,ในเมือง,กรมส่งเสริมการปกครองท้องถิ่น,ท้องถิ่นจังหวัดเชียงใหม่,16,25.72,15.52,25.00,43.30,18.40,14.67,18.75,39.03,15.19,22.56
2568,286,บ้านเชิงดอยสุเทพ,เมืองเชียงใหม่,เล็ก,ในเมือง,สำนักงานคณะกรรมการการศึกษาขั้นพื้นฐาน,สพป.เชียงใหม่ เขต 1,9,53.24,17.22,77.78,41.57,55.35,15.94,88.89,31.43,72.48,41.44
2568,287,บ้านดอนปิน,เมืองเชียงใหม่,กลาง,ในเมือง,สำนักงานคณะกรรมการการศึกษาขั้นพื้นฐาน,สพป.เชียงใหม่ เขต 1,36,24.57,19.66,22.22,41.57,13.08,16.02,19.44,39.58,13.51,24.78
2568,288,บ้านท่าหลุกสันทราย,เมืองเชียงใหม่,กลาง,ในเมือง,สำนักงานคณะกรรมการการศึกษาขั้นพื้นฐาน,สพป.เชียงใหม่ เขต 1,20,35.34,21.69,15.00,35.71,12.75,14.25,15.00,35.71,24.31,29.02
2568,289,บ้านโป่งน้อย,เมืองเชียงใหม่,กลาง,ในเมือง,สำนักงานคณะกรรมการการศึกษาขั้นพื้นฐาน,สพป.เชียงใหม่ เขต 1,16,34.70,15.45,31.25,46.35,20.97,21.67,12.50,33.07,11.93,20.66
2568,290,บ้านแม่เหียะสามัคคี,เมืองเชียงใหม่,เล็ก,ในเมือง,สำนักงานคณะกรรมการการศึกษาขั้นพื้นฐาน,สพป.เชียงใหม่ เขต 1,16,30.38,16.04,18.75,39.03,19.62,15.51,31.25,46.35,21.44,30.08
2568,291,ปรินส์รอยแยลส์วิทยาลัย,เมืองเชียงใหม่,ใหญ่พิเศษ,ในเมือง,สำนักงานคณะกรรมการส่งเสริมการศึกษาเอกชน,-,515,48.10,24.47,48.16,49.97,39.45,26.97,34.56,47.56,46.85,35.42
2568,292,พระหฤทัยเชียงใหม่,เมืองเชียงใหม่,ใหญ่,ในเมือง,สำนักงานคณะกรรมการส่งเสริมการศึกษาเอกชน,-,98,28.13,17.68,24.49,43.00,20.86,18.66,17.35,37.87,19.17,26.64
2568,293,พิงครัตน์,เมืองเชียงใหม่,เล็ก,ในเมือง,สำนักงานคณะกรรมการส่งเสริมการศึกษาเอกชน,-,2,8.07,8.07,0.00,0.00,29.43,9.81,50.00,50.00,23.85,23.85
2568,294,พิมานเด็กเชียงใหม่,เมืองเชียงใหม่,กลาง,ในเมือง,สำนักงานคณะกรรมการส่งเสริมการศึกษาเอกชน,-,55,44.57,26.91,41.82,49.33,35.38,27.38,30.91,46.21,38.55,37.63
2568,295,พุทธิโศภน,เมืองเชียงใหม่,ใหญ่,ในเมือง,สำนักงานคณะกรรมการการศึกษาขั้นพื้นฐาน,สพป.เชียงใหม่ เขต 1,136,34.29,22.78,36.76,48.22,21.40,20.22,21.32,40.96,27.44,35.97
2568,296,มงฟอร์ตวิทยาลัย แผนกประถม,เมืองเชียงใหม่,ใหญ่พิเศษ,ในเมือง,สำนักงานคณะกรรมการส่งเสริมการศึกษาเอกชน,-,371,49.05,25.72,40.16,49.02,37.01,26.11,25.07,43.34,40.46,37.42
2568,297,ยุวฑูตศึกษาพัฒนาราชพฤกษ์,เมืองเชียงใหม่,กลาง,ในเมือง,สำนักงานคณะกรรมการส่งเสริมการศึกษาเอกชน,-,16,34.70,19.05,31.25,46.35,23.54,23.70,12.50,33.07,33.37,28.64
2568,298,เรยีนาเชลีวิทยาลัย,เมืองเชียงใหม่,ใหญ่,ในเมือง,สำนักงานคณะกรรมการส่งเสริมการศึกษาเอกชน,-,163,32.71,22.74,40.49,49.09,23.26,21.81,27.61,44.71,25.20,33.92
2568,299,วชิรวิทย์ เชียงใหม่,เมืองเชียงใหม่,กลาง,ในเมือง,สำนักงานคณะกรรมการส่งเสริมการศึกษาเอกชน,-,64,33.04,20.91,29.69,45.69,23.36,19.42,21.88,41.34,25.10,31.36
2568,300,วัดข่วงสิงห์,เมืองเชียงใหม่,กลาง,ในเมือง,สำนักงานคณะกรรมการการศึกษาขั้นพื้นฐาน,สพป.เชียงใหม่ เขต 1,22,31.92,24.00,31.82,46.58,21.49,17.84,9.09,28.75,28.61,28.20
2568,301,วัดขะจาว,เมืองเชียงใหม่,เล็ก,ในเมือง,สำนักงานคณะกรรมการการศึกษาขั้นพื้นฐาน,สพป.เชียงใหม่ เขต 1,24,32.69,19.16,37.50,48.41,26.48,24.96,37.50,48.41,30.58,34.46
2568,302,วัดเจ็ดยอด,เมืองเชียงใหม่,เล็ก,ในเมือง,สำนักงานคณะกรรมการการศึกษาขั้นพื้นฐาน,สพป.เชียงใหม่ เขต 1,9,41.79,19.18,22.22,41.57,26.16,18.50,33.33,47.14,21.71,24.31
2568,303,วัดช่างเคี่ยน,เมืองเชียงใหม่,กลาง,ในเมือง,สำนักงานคณะกรรมการการศึกษาขั้นพื้นฐาน,สพป.เชียงใหม่ เขต 1,21,24.06,13.99,28.57,45.18,16.82,17.43,28.57,45.18,4.76,14.69
2568,304,วัดดอนจั่น,เมืองเชียงใหม่,กลาง,ในเมือง,สำนักงานคณะกรรมการการศึกษาขั้นพื้นฐาน,สพป.เชียงใหม่ เขต 1,59,20.19,18.17,16.95,37.52,16.33,16.30,28.81,45.29,4.93,17.31
2568,305,วัดป่าข่อยใต้,เมืองเชียงใหม่,เล็ก,ในเมือง,สำนักงานคณะกรรมการการศึกษาขั้นพื้นฐาน,สพป.เชียงใหม่ เขต 1,11,38.74,21.36,27.27,44.54,25.15,16.88,18.18,38.57,35.53,30.49
2568,306,วัดป่าแดด,เมืองเชียงใหม่,เล็ก,ในเมือง,สำนักงานคณะกรรมการการศึกษาขั้นพื้นฐาน,สพป.เชียงใหม่ เขต 1,23,28.92,15.06,34.78,47.63,12.80,13.70,8.70,28.18,8.30,18.08
2568,307,วัดป่าตัน,เมืองเชียงใหม่,เล็ก,ในเมือง,สำนักงานคณะกรรมการการศึกษาขั้นพื้นฐาน,สพป.เชียงใหม่ เขต 1,15,38.20,14.21,33.33,47.14,22.24,21.34,0.00,0.00,6.36,16.22
2568,308,วัดเมืองสาตร,เมืองเชียงใหม่,เล็ก,ในเมือง,สำนักงานคณะกรรมการการศึกษาขั้นพื้นฐาน,สพป.เชียงใหม่ เขต 1,6,41.15,26.68,50.00,50.00,36.29,26.65,16.67,37.27,65.14,24.65
2568,309,วัดร้องอ้อ,เมืองเชียงใหม่,กลาง,ในเมือง,สำนักงานคณะกรรมการการศึกษาขั้นพื้นฐาน,สพป.เชียงใหม่ เขต 1,20,30.03,14.89,40.00,48.99,21.58,16.30,35.00,47.70,9.54,19.08
2568,310,วัดวังสิงห์คำ,เมืองเชียงใหม่,กลาง,ในเมือง,สำนักงานคณะกรรมการการศึกษาขั้นพื้นฐาน,สพป.เชียงใหม่ เขต 1,23,22.81,22.20,30.43,46.01,22.18,19.46,34.78,47.63,21.14,28.27
2568,311,วัดสวนดอก,เมืองเชียงใหม่,กลาง,ในเมือง,สำนักงานคณะกรรมการการศึกษาขั้นพื้นฐาน,สพป.เชียงใหม่ เขต 1,35,32.24,23.16,34.29,47.47,19.73,17.10,17.14,37.69,26.55,31.99
2568,312,วัดเสาหิน,เมืองเชียงใหม่,เล็ก,ในเมือง,สำนักงานคณะกรรมการการศึกษาขั้นพื้นฐาน,สพป.เชียงใหม่ เขต 1,18,30.85,15.36,22.22,41.57,19.62,18.50,22.22,41.57,16.16,28.29
2568,313,วัดหนองป่าครั่ง,เมืองเชียงใหม่,เล็ก,ในเมือง,สำนักงานคณะกรรมการการศึกษาขั้นพื้นฐาน,สพป.เชียงใหม่ เขต 1,5,39.38,22.42,60.00,48.99,27.47,26.62,40.00,48.99,69.54,40.24
2568,314,วารีเชียงใหม่,เมืองเชียงใหม่,ใหญ่พิเศษ,ในเมือง,สำนักงานคณะกรรมการส่งเสริมการศึกษาเอกชน,-,176,37.97,23.59,27.27,44.54,27.40,22.99,25.57,43.62,34.56,34.21
2568,315,วิชัยวิทยา,เมืองเชียงใหม่,กลาง,ในเมือง,สำนักงานคณะกรรมการส่งเสริมการศึกษาเอกชน,-,23,42.87,19.68,30.43,46.01,34.98,20.01,13.04,33.68,25.69,38.41
2568,316,ศรีเนห์รู,เมืองเชียงใหม่,เล็ก,ในเมือง,สำนักงานคณะกรรมการการศึกษาขั้นพื้นฐาน,สพป.เชียงใหม่ เขต 1,10,19.69,20.50,20.00,40.00,13.92,12.95,10.00,30.00,19.54,32.76
2568,317,ศิริมังคลาจารย์,เมืองเชียงใหม่,เล็ก,ในเมือง,สำนักงานคณะกรรมการการศึกษาขั้นพื้นฐาน,สพป.เชียงใหม่ เขต 1,6,16.15,13.19,83.33,37.27,22.89,13.48,16.67,37.27,15.90,22.49
2568,318,สอนคนตาบอดภาคเหนือ,เมืองเชียงใหม่,เล็ก,ในเมือง,สำนักบริหารงานการศึกษาพิเศษ,-,0,-,-,-,-,-,-,-,-,-,-
2568,319,สังวาลย์วิทยา,เมืองเชียงใหม่,เล็ก,ในเมือง,สำนักงานคณะกรรมการการศึกษาขั้นพื้นฐาน,สพป.เชียงใหม่ เขต 1,6,27.69,18.56,33.33,47.14,13.08,14.63,16.67,37.27,32.57,36.94
2568,320,สันติศึกษา,เมืองเชียงใหม่,เล็ก,ในเมือง,สำนักงานคณะกรรมการส่งเสริมการศึกษาเอกชน,-,22,35.87,25.23,13.64,34.32,20.51,19.15,9.09,28.75,22.73,32.80
2568,321,สาธิตมหาวิทยาลัยเชียงใหม่,เมืองเชียงใหม่,ใหญ่,ในเมือง,สำนักงานปลัดกระทรวงการอุดมศึกษาฯ,-,58,47.69,23.97,32.76,46.93,32.09,25.39,22.41,41.70,58.10,30.48
2568,322,สาธิตมหาวิทยาลัยราชภัฏเชียงใหม่,เมืองเชียงใหม่,กลาง,ในเมือง,สำนักงานปลัดกระทรวงการอุดมศึกษาฯ,-,90,37.05,21.17,33.33,47.14,24.48,19.59,16.67,37.27,22.77,31.35
2568,323,สารสาสน์วิเทศเชียงใหม่,เมืองเชียงใหม่,ใหญ่,ในเมือง,สำนักงานคณะกรรมการส่งเสริมการศึกษาเอกชน,-,102,44.38,22.45,36.27,48.08,29.87,24.66,19.61,39.70,38.23,33.01
2568,324,สารสาสน์วิเทศล้านนา,เมืองเชียงใหม่,ใหญ่,ในเมือง,สำนักงานคณะกรรมการส่งเสริมการศึกษาเอกชน,-,137,32.39,24.61,32.12,46.69,25.27,23.91,29.20,45.47,32.49,34.52
2568,325,โสตศึกษาอนุสารสุนทร,เมืองเชียงใหม่,เล็ก,ในเมือง,สำนักบริหารงานการศึกษาพิเศษ,-,0,-,-,-,-,-,-,-,-,-,-
2568,326,อนุบาลเชียงใหม่,เมืองเชียงใหม่,ใหญ่พิเศษ,ในเมือง,สำนักงานคณะกรรมการการศึกษาขั้นพื้นฐาน,สพป.เชียงใหม่ เขต 1,269,47.81,27.39,44.98,49.75,35.15,28.01,36.80,48.23,44.09,40.49
2568,327,อนุบาลบ้านท่อเมืองลัง,เมืองเชียงใหม่,กลาง,ในเมือง,สำนักงานคณะกรรมการการศึกษาขั้นพื้นฐาน,สพป.เชียงใหม่ เขต 1,26,25.65,16.40,15.38,36.08,13.58,14.16,11.54,31.95,5.68,15.75
2568,328,อนุบาลหนองป่าครั่ง,เมืองเชียงใหม่,เล็ก,ในเมือง,กรมส่งเสริมการปกครองท้องถิ่น,ท้องถิ่นจังหวัดเชียงใหม่,14,28.02,16.85,21.43,41.03,12.61,9.40,14.29,34.99,13.96,22.10
2568,329,ชุมชนตำบลท่าผา,แม่แจ่ม,เล็ก,นอกเมือง,สำนักงานคณะกรรมการการศึกษาขั้นพื้นฐาน,สพป.เชียงใหม่ เขต 6,11,32.72,22.20,27.27,44.54,24.97,16.92,27.27,44.54,17.35,22.95
2568,330,ชุมชนบ้านช่างเคิ่ง,แม่แจ่ม,กลาง,นอกเมือง,สำนักงานคณะกรรมการการศึกษาขั้นพื้นฐาน,สพป.เชียงใหม่ เขต 6,14,25.60,17.16,28.57,45.18,26.77,14.21,14.29,34.99,28.24,36.25
2568,331,ชุมชนบ้านพร้าวหนุ่ม,แม่แจ่ม,เล็ก,นอกเมือง,สำนักงานคณะกรรมการการศึกษาขั้นพื้นฐาน,สพป.เชียงใหม่ เขต 6,37,43.09,17.59,40.54,49.10,33.72,21.75,29.73,45.71,45.33,39.17
2568,332,เซนต์โยเซฟแม่แจ่ม,แม่แจ่ม,กลาง,นอกเมือง,สำนักงานคณะกรรมการส่งเสริมการศึกษาเอกชน,-,34,22.08,17.38,11.76,32.22,16.16,14.65,14.71,35.42,11.23,20.24
2568,333,ตำรวจตระเวนชายแดนบางกอก เชฟ แชร์ริตี้ บ้านแม่ขอ,แม่แจ่ม,เล็ก,นอกเมือง,กองบัญชาการตำรวจตระเวนชายแดน,-,7,18.68,10.28,28.57,45.18,11.21,9.71,28.57,45.18,0.00,0.00
2568,334,บ้านกองแขก,แม่แจ่ม,เล็ก,นอกเมือง,สำนักงานคณะกรรมการการศึกษาขั้นพื้นฐาน,สพป.เชียงใหม่ เขต 6,12,22.05,20.63,8.33,27.64,11.45,12.56,8.33,27.64,23.85,23.85
2568,335,บ้านกองแขก สาขาบ้านแม่หลุ,แม่แจ่ม,เล็ก,นอกเมือง,สำนักงานคณะกรรมการการศึกษาขั้นพื้นฐาน,สพป.เชียงใหม่ เขต 6,5,26.46,16.73,0.00,0.00,19.62,17.55,60.00,48.99,9.54,19.08
2568,336,บ้านขุนแม่นาย,แม่แจ่ม,เล็ก,นอกเมือง,สำนักงานคณะกรรมการการศึกษาขั้นพื้นฐาน,สพป.เชียงใหม่ เขต 6,5,32.30,22.84,0.00,0.00,0.00,0.00,20.00,40.00,19.08,23.37
2568,337,บ้านขุนแม่หยอด,แม่แจ่ม,เล็ก,นอกเมือง,สำนักงานคณะกรรมการการศึกษาขั้นพื้นฐาน,สพป.เชียงใหม่ เขต 6,6,32.30,13.19,16.67,37.27,13.08,9.25,16.67,37.27,16.67,23.61
2568,338,บ้านต่อเรือ,แม่แจ่ม,เล็ก,นอกเมือง,สำนักงานคณะกรรมการการศึกษาขั้นพื้นฐาน,สพป.เชียงใหม่ เขต 6,7,51.86,5.87,14.29,34.99,25.23,17.28,14.29,34.99,29.23,36.82
2568,339,บ้านทัพ,แม่แจ่ม,เล็ก,นอกเมือง,สำนักงานคณะกรรมการการศึกษาขั้นพื้นฐาน,สพป.เชียงใหม่ เขต 6,8,26.63,24.63,50.00,50.00,37.03,18.49,12.50,33.07,30.96,34.67
2568,340,บ้านทุ่งแก,แม่แจ่ม,เล็ก,นอกเมือง,สำนักงานคณะกรรมการการศึกษาขั้นพื้นฐาน,สพป.เชียงใหม่ เขต 6,14,17.41,15.52,28.57,45.18,16.82,12.54,28.57,45.18,3.41,12.29
2568,341,บ้านทุ่งแก สาขาแม่แอบ,แม่แจ่ม,เล็ก,นอกเมือง,สำนักงานคณะกรรมการการศึกษาขั้นพื้นฐาน,สพป.เชียงใหม่ เขต 6,12,21.66,19.33,16.67,37.27,24.53,21.38,16.67,37.27,3.98,13.19
2568,342,บ้านทุ่งยาว,แม่แจ่ม,เล็ก,นอกเมือง,สำนักงานคณะกรรมการการศึกษาขั้นพื้นฐาน,สพป.เชียงใหม่ เขต 6,16,24.42,17.32,25.00,43.30,14.72,14.72,25.00,43.30,11.93,20.66
2568,343,บ้านนากลาง,แม่แจ่ม,เล็ก,นอกเมือง,สำนักงานคณะกรรมการการศึกษาขั้นพื้นฐาน,สพป.เชียงใหม่ เขต 6,10,17.76,15.23,10.00,30.00,7.85,13.02,10.00,30.00,4.77,14.31
2568,344,บ้านนากลาง สาขาห้วยผักกูด,แม่แจ่ม,เล็ก,นอกเมือง,สำนักงานคณะกรรมการการศึกษาขั้นพื้นฐาน,สพป.เชียงใหม่ เขต 6,8,22.20,13.84,0.00,0.00,14.72,19.00,37.50,48.41,11.93,20.66
2568,345,บ้านนาฮ่อง,แม่แจ่ม,เล็ก,นอกเมือง,สำนักงานคณะกรรมการการศึกษาขั้นพื้นฐาน,สพป.เชียงใหม่ เขต 6,13,18.63,13.94,7.69,26.65,15.09,17.47,15.38,36.08,14.68,22.02
2568,346,บ้านเนินวิทยา,แม่แจ่ม,เล็ก,นอกเมือง,สำนักงานคณะกรรมการการศึกษาขั้นพื้นฐาน,สพป.เชียงใหม่ เขต 6,16,18.36,17.27,31.25,46.35,13.49,13.38,25.00,43.30,8.94,18.62
2568,347,บ้านปางเกี๊ยะ,แม่แจ่ม,กลาง,นอกเมือง,สำนักงานคณะกรรมการการศึกษาขั้นพื้นฐาน,สพป.เชียงใหม่ เขต 6,39,27.15,17.93,12.82,33.43,17.11,16.73,17.95,38.38,11.01,20.10
2568,348,บ้านปางหินฝน,แม่แจ่ม,เล็ก,นอกเมือง,สำนักงานคณะกรรมการการศึกษาขั้นพื้นฐาน,สพป.เชียงใหม่ เขต 6,11,22.16,12.76,27.27,44.54,16.05,16.35,18.18,38.57,26.44,24.17
2568,349,บ้านปางอุ๋ง,แม่แจ่ม,กลาง,นอกเมือง,สำนักงานคณะกรรมการการศึกษาขั้นพื้นฐาน,สพป.เชียงใหม่ เขต 6,16,14.23,11.26,25.00,43.30,12.26,15.32,18.75,39.03,12.21,27.57
2568,350,บ้านปางอุ๋ง สาขาแม่สะต๊อป,แม่แจ่ม,เล็ก,นอกเมือง,สำนักงานคณะกรรมการการศึกษาขั้นพื้นฐาน,สพป.เชียงใหม่ เขต 6,3,21.53,7.61,33.33,47.14,13.08,9.25,33.33,47.14,0.00,0.00
2568,351,บ้านแปะสามัคคี,แม่แจ่ม,เล็ก,นอกเมือง,สำนักงานคณะกรรมการการศึกษาขั้นพื้นฐาน,สพป.เชียงใหม่ เขต 6,2,16.15,0.00,50.00,50.00,29.43,9.81,0.00,0.00,23.85,23.85
2568,352,บ้านผานัง,แม่แจ่ม,เล็ก,นอกเมือง,สำนักงานคณะกรรมการการศึกษาขั้นพื้นฐาน,สพป.เชียงใหม่ เขต 6,12,18.97,14.62,25.00,43.30,8.18,12.56,8.33,27.64,3.98,13.19
2568,353,บ้านผาละปิ,แม่แจ่ม,เล็ก,นอกเมือง,สำนักงานคณะกรรมการการศึกษาขั้นพื้นฐาน,สพป.เชียงใหม่ เขต 6,6,19.10,6.60,33.33,47.14,9.81,9.81,16.67,37.27,16.67,23.61
2568,354,บ้านพุย สาขาพุยใต้,แม่แจ่ม,เล็ก,นอกเมือง,สำนักงานคณะกรรมการการศึกษาขั้นพื้นฐาน,สพป.เชียงใหม่ เขต 6,3,21.53,7.61,0.00,0.00,32.70,9.25,0.00,0.00,15.90,22.49
2568,355,บ้านแม่ซา,แม่แจ่ม,เล็ก,นอกเมือง,สำนักงานคณะกรรมการการศึกษาขั้นพื้นฐาน,สพป.เชียงใหม่ เขต 6,10,25.99,14.71,0.00,0.00,15.70,7.85,10.00,30.00,14.77,22.59
2568,356,บ้านแม่ตูม,แม่แจ่ม,เล็ก,นอกเมือง,สำนักงานคณะกรรมการการศึกษาขั้นพื้นฐาน,สพป.เชียงใหม่ เขต 6,5,22.61,16.47,20.00,40.00,19.62,21.50,40.00,48.99,9.54,19.08
2568,357,บ้านแม่นาจร,แม่แจ่ม,กลาง,นอกเมือง,สำนักงานคณะกรรมการการศึกษาขั้นพื้นฐาน,สพป.เชียงใหม่ เขต 6,10,39.07,18.43,20.00,40.00,13.74,12.56,30.00,45.83,14.77,22.59
2568,358,บ้านแม่ปาน,แม่แจ่ม,เล็ก,นอกเมือง,สำนักงานคณะกรรมการการศึกษาขั้นพื้นฐาน,สพป.เชียงใหม่ เขต 6,15,26.15,20.69,33.33,47.14,27.47,20.01,26.67,44.22,19.08,23.37
2568,359,บ้านแม่มะลอ,แม่แจ่ม,เล็ก,นอกเมือง,สำนักงานคณะกรรมการการศึกษาขั้นพื้นฐาน,สพป.เชียงใหม่ เขต 6,9,18.29,16.54,11.11,31.43,15.26,15.42,33.33,47.14,10.60,19.83
2568,360,บ้านแม่มุ,แม่แจ่ม,เล็ก,นอกเมือง,สำนักงานคณะกรรมการการศึกษาขั้นพื้นฐาน,สพป.เชียงใหม่ เขต 6,14,23.18,21.20,21.43,41.03,12.88,18.12,28.57,45.18,10.22,19.58
2568,361,บ้านแม่ลอง,แม่แจ่ม,เล็ก,นอกเมือง,กองบัญชาการตำรวจตระเวนชายแดน,-,18,18.03,13.06,33.33,47.14,10.90,13.44,27.78,44.79,10.60,19.83
2568,362,บ้านแม่วาก,แม่แจ่ม,เล็ก,นอกเมือง,สำนักงานคณะกรรมการการศึกษาขั้นพื้นฐาน,สพป.เชียงใหม่ เขต 6,4,37.50,24.48,50.00,50.00,19.62,13.88,25.00,43.30,25.00,25.05
2568,363,บ้านแม่ศึก (มูลนิธิธรรมมาภิรักษ์อุปถัมภ์ที่ 2),แม่แจ่ม,เล็ก,นอกเมือง,สำนักงานคณะกรรมการการศึกษาขั้นพื้นฐาน,สพป.เชียงใหม่ เขต 6,3,26.92,7.61,33.33,47.14,19.62,16.02,0.00,0.00,0.00,0.00
2568,364,บ้านแม่หงานหลวง,แม่แจ่ม,เล็ก,นอกเมือง,สำนักงานคณะกรรมการการศึกษาขั้นพื้นฐาน,สพป.เชียงใหม่ เขต 6,5,25.84,12.92,40.00,48.99,3.92,7.85,20.00,40.00,9.54,19.08
2568,365,บ้านแม่หอย,แม่แจ่ม,เล็ก,นอกเมือง,สำนักงานคณะกรรมการการศึกษาขั้นพื้นฐาน,สพป.เชียงใหม่ เขต 6,4,32.69,11.97,75.00,43.30,34.81,16.43,0.00,0.00,11.93,20.66
2568,366,บ้านแม่เอาะ,แม่แจ่ม,เล็ก,นอกเมือง,สำนักงานคณะกรรมการการศึกษาขั้นพื้นฐาน,สพป.เชียงใหม่ เขต 6,8,20.19,17.60,50.00,50.00,9.81,9.81,25.00,43.30,11.93,20.66
2568,367,บ้านแม่แฮใต้,แม่แจ่ม,เล็ก,นอกเมือง,สำนักงานคณะกรรมการการศึกษาขั้นพื้นฐาน,สพป.เชียงใหม่ เขต 6,20,15.50,12.18,50.00,50.00,13.74,12.56,10.00,30.00,5.00,15.02
2568,368,บ้านแม่แฮเหนือ,แม่แจ่ม,กลาง,นอกเมือง,สำนักงานคณะกรรมการการศึกษาขั้นพื้นฐาน,สพป.เชียงใหม่ เขต 6,54,27.77,17.52,29.63,45.66,18.60,17.68,22.22,41.57,15.99,24.58
2568,369,บ้านแม่แฮเหนือ สาขาแม่แจ๊ะ,แม่แจ่ม,เล็ก,นอกเมือง,สำนักงานคณะกรรมการการศึกษาขั้นพื้นฐาน,สพป.เชียงใหม่ เขต 6,9,40.17,17.58,0.00,0.00,13.29,13.20,0.00,0.00,28.03,25.13
2568,370,บ้านโม่งหลวง,แม่แจ่ม,เล็ก,นอกเมือง,สำนักงานคณะกรรมการการศึกษาขั้นพื้นฐาน,สพป.เชียงใหม่ เขต 6,13,24.44,10.80,15.38,36.08,15.09,13.67,15.38,36.08,0.00,0.00
2568,371,บ้านโม่งหลวง สาขาบ้านแม่อมลานใน,แม่แจ่ม,เล็ก,นอกเมือง,สำนักงานคณะกรรมการการศึกษาขั้นพื้นฐาน,สพป.เชียงใหม่ เขต 6,1,33.85,0.00,0.00,0.00,19.62,0.00,100.00,0.00,0.00,0.00
2568,372,บ้านสบแม่รวม,แม่แจ่ม,เล็ก,นอกเมือง,สำนักงานคณะกรรมการการศึกษาขั้นพื้นฐาน,สพป.เชียงใหม่ เขต 6,8,20.19,13.39,25.00,43.30,17.17,6.49,12.50,33.07,12.50,21.68
2568,373,บ้านสบวาก,แม่แจ่ม,เล็ก,นอกเมือง,สำนักงานคณะกรรมการการศึกษาขั้นพื้นฐาน,สพป.เชียงใหม่ เขต 6,9,28.71,16.64,11.11,31.43,13.08,13.08,11.11,31.43,5.30,14.99
2568,374,บ้านสองธาร,แม่แจ่ม,เล็ก,นอกเมือง,สำนักงานคณะกรรมการการศึกษาขั้นพื้นฐาน,สพป.เชียงใหม่ เขต 6,7,27.91,11.72,14.29,34.99,19.62,14.83,0.00,0.00,0.00,0.00
2568,375,บ้านสามสบ,แม่แจ่ม,เล็ก,นอกเมือง,สำนักงานคณะกรรมการการศึกษาขั้นพื้นฐาน,สพป.เชียงใหม่ เขต 6,5,16.15,10.21,40.00,48.99,11.77,9.61,0.00,0.00,9.54,19.08
2568,376,บ้านห้วยผา,แม่แจ่ม,เล็ก,นอกเมือง,สำนักงานคณะกรรมการการศึกษาขั้นพื้นฐาน,สพป.เชียงใหม่ เขต 6,5,29.69,23.83,0.00,0.00,11.77,9.61,0.00,0.00,9.54,19.08
2568,377,บ้านใหม่พัฒนาสันติ,แม่แจ่ม,เล็ก,นอกเมือง,กองบัญชาการตำรวจตระเวนชายแดน,-,7,20.76,14.22,14.29,34.99,5.61,8.86,28.57,45.18,0.00,0.00
2568,378,บ้านอมขูด,แม่แจ่ม,เล็ก,นอกเมือง,สำนักงานคณะกรรมการการศึกษาขั้นพื้นฐาน,สพป.เชียงใหม่ เขต 6,3,38.20,7.27,0.00,0.00,19.62,0.00,0.00,0.00,33.33,23.64
2568,379,บ้านอมเม็ง,แม่แจ่ม,เล็ก,นอกเมือง,สำนักงานคณะกรรมการการศึกษาขั้นพื้นฐาน,สพป.เชียงใหม่ เขต 6,15,42.71,14.90,13.33,33.99,18.44,17.06,13.33,33.99,25.44,23.80
2568,380,บ้านเฮาะวิทยา,แม่แจ่ม,เล็ก,นอกเมือง,สำนักงานคณะกรรมการการศึกษาขั้นพื้นฐาน,สพป.เชียงใหม่ เขต 6,7,35.05,16.16,57.14,49.49,11.21,9.71,28.57,45.18,6.82,16.69
2568,381,เมืองเด็กวิทยา,แม่แจ่ม,เล็ก,นอกเมือง,สำนักงานคณะกรรมการส่งเสริมการศึกษาเอกชน,-,15,49.90,18.18,26.67,44.22,36.88,24.07,26.67,44.22,32.42,29.33
2568,382,ราชประชานุเคราะห์ 31,แม่แจ่ม,กลาง,นอกเมือง,สำนักบริหารงานการศึกษาพิเศษ,-,22,20.55,14.75,13.64,34.32,16.95,14.84,9.09,28.75,8.67,18.40
2568,383,ศูนย์การเรียนตำรวจตระเวนชายแดนบ้านแม่มุใน บริษัทซีเค พาวเวอร์ จำกัด (มหาชน) อุปถัมภ์,แม่แจ่ม,เล็ก,นอกเมือง,กองบัญชาการตำรวจตระเวนชายแดน,-,7,13.84,13.45,42.86,49.49,25.23,13.73,0.00,0.00,6.82,16.69
2568,384,ศูนย์การเรียนตำรวจตระเวนชายแดนสนั่น-เฉลิมเกตุ นภาศัพท์,แม่แจ่ม,เล็ก,นอกเมือง,กองบัญชาการตำรวจตระเวนชายแดน,-,3,21.53,7.61,0.00,0.00,26.16,24.47,0.00,0.00,0.00,0.00
2568,385,หลวงพัฒนาบ้านพุย,แม่แจ่ม,เล็ก,นอกเมือง,สำนักงานคณะกรรมการการศึกษาขั้นพื้นฐาน,สพป.เชียงใหม่ เขต 6,6,21.79,22.70,33.33,47.14,13.08,21.69,0.00,0.00,24.62,24.67
2568,386,ออป.13,แม่แจ่ม,เล็ก,นอกเมือง,สำนักงานคณะกรรมการการศึกษาขั้นพื้นฐาน,สพป.เชียงใหม่ เขต 6,30,22.76,16.09,16.67,37.27,11.77,14.86,30.00,45.83,12.72,21.10
2568,387,อินทนนท์วิทยา,แม่แจ่ม,เล็ก,นอกเมือง,สำนักงานคณะกรรมการการศึกษาขั้นพื้นฐาน,สพป.เชียงใหม่ เขต 6,11,17.62,12.80,27.27,44.54,12.49,12.61,0.00,0.00,4.34,13.71
2568,388,ชุมชนวัดช่อแล,แม่แตง,เล็ก,นอกเมือง,สำนักงานคณะกรรมการการศึกษาขั้นพื้นฐาน,สพป.เชียงใหม่ เขต 2,28,18.62,14.30,10.71,30.93,15.49,12.17,32.14,46.70,6.82,16.69
2568,389,เชียงใหม่มัธยม,แม่แตง,ใหญ่,นอกเมือง,สำนักงานคณะกรรมการส่งเสริมการศึกษาเอกชน,-,6,21.79,15.69,16.67,37.27,16.35,13.48,33.33,47.14,15.90,22.49
2568,390,ตชด.ไลออนส์มหาจักร 9,แม่แตง,เล็ก,นอกเมือง,กองบัญชาการตำรวจตระเวนชายแดน,-,6,45.76,19.59,66.67,47.14,42.52,28.70,83.33,37.27,39.76,17.78
2568,391,เทศบาลตำบลสันมหาพน,แม่แตง,กลาง,นอกเมือง,กรมส่งเสริมการปกครองท้องถิ่น,ท้องถิ่นจังหวัดเชียงใหม่,21,30.91,21.74,28.57,45.18,16.82,15.18,33.33,47.14,11.36,20.32
2568,392,บ้านก๋ายน้อย,แม่แตง,เล็ก,นอกเมือง,สำนักงานคณะกรรมการการศึกษาขั้นพื้นฐาน,สพป.เชียงใหม่ เขต 2,3,27.43,8.00,33.33,47.14,26.16,9.25,33.33,47.14,0.00,0.00
2568,393,บ้านทับเดื่อ,แม่แตง,เล็ก,นอกเมือง,สำนักงานคณะกรรมการการศึกษาขั้นพื้นฐาน,สพป.เชียงใหม่ เขต 2,6,16.15,9.32,50.00,50.00,9.81,9.81,0.00,0.00,24.62,24.67
2568,394,บ้านบวกหมื้อ,แม่แตง,เล็ก,นอกเมือง,สำนักงานคณะกรรมการการศึกษาขั้นพื้นฐาน,สพป.เชียงใหม่ เขต 2,14,38.51,22.22,42.86,49.49,35.31,25.17,21.43,41.03,23.85,23.85
2568,395,บ้านปง,แม่แตง,เล็ก,นอกเมือง,สำนักงานคณะกรรมการการศึกษาขั้นพื้นฐาน,สพป.เชียงใหม่ เขต 2,10,19.38,17.39,40.00,48.99,15.70,14.68,30.00,45.83,10.00,20.03
2568,396,บ้านปลาดาว,แม่แตง,เล็ก,นอกเมือง,สำนักงานคณะกรรมการส่งเสริมการศึกษาเอกชน,-,15,36.92,17.38,33.33,47.14,22.24,15.81,33.33,47.14,16.21,29.31
2568,397,บ้านปางกว้าง,แม่แตง,เล็ก,นอกเมือง,สำนักงานคณะกรรมการการศึกษาขั้นพื้นฐาน,สพป.เชียงใหม่ เขต 2,6,32.82,27.01,16.67,37.27,9.81,9.81,33.33,47.14,15.90,22.49
2568,398,บ้านปางไม้แดง,แม่แตง,เล็ก,นอกเมือง,สำนักงานคณะกรรมการการศึกษาขั้นพื้นฐาน,สพป.เชียงใหม่ เขต 2,8,37.11,21.88,50.00,50.00,14.72,16.27,37.50,48.41,18.46,34.55
2568,399,บ้านปางห้วยตาด,แม่แตง,เล็ก,นอกเมือง,สำนักงานคณะกรรมการการศึกษาขั้นพื้นฐาน,สพป.เชียงใหม่ เขต 2,13,30.29,15.53,30.77,46.15,15.09,19.09,7.69,26.65,15.03,22.57
2568,400,บ้านปางฮ่าง,แม่แตง,เล็ก,นอกเมือง,สำนักงานคณะกรรมการการศึกษาขั้นพื้นฐาน,สพป.เชียงใหม่ เขต 2,6,18.84,17.23,33.33,47.14,16.67,14.03,33.33,47.14,23.85,23.85
2568,401,บ้านเป้าวิทยาคาร,แม่แตง,เล็ก,นอกเมือง,สำนักงานคณะกรรมการการศึกษาขั้นพื้นฐาน,สพป.เชียงใหม่ เขต 2,11,23.63,26.41,45.45,49.79,16.23,18.77,18.18,38.57,13.43,30.59
2568,402,บ้านผาหมอน,แม่แตง,เล็ก,นอกเมือง,สำนักงานคณะกรรมการการศึกษาขั้นพื้นฐาน,สพป.เชียงใหม่ เขต 2,8,24.42,14.33,0.00,0.00,9.81,9.81,25.00,43.30,5.96,15.78
2568,403,บ้านผึ้ง,แม่แตง,เล็ก,นอกเมือง,สำนักงานคณะกรรมการการศึกษาขั้นพื้นฐาน,สพป.เชียงใหม่ เขต 2,15,30.66,15.86,13.33,33.99,26.16,22.28,13.33,33.99,19.39,29.96
2568,404,บ้านเมืองกื้ด,แม่แตง,เล็ก,นอกเมือง,สำนักงานคณะกรรมการการศึกษาขั้นพื้นฐาน,สพป.เชียงใหม่ เขต 2,16,21.49,16.17,43.75,49.61,13.49,15.07,6.25,24.21,6.25,16.56
2568,405,บ้านแม่ไคร้,แม่แตง,เล็ก,นอกเมือง,สำนักงานคณะกรรมการการศึกษาขั้นพื้นฐาน,สพป.เชียงใหม่ เขต 2,2,24.22,24.22,50.00,50.00,19.62,0.00,0.00,0.00,0.00,0.00
2568,406,บ้านแม่ตะมาน,แม่แตง,เล็ก,นอกเมือง,สำนักงานคณะกรรมการการศึกษาขั้นพื้นฐาน,สพป.เชียงใหม่ เขต 2,21,13.07,13.76,57.14,49.49,17.75,15.91,4.76,21.30,20.45,23.61
2568,407,บ้านแม่แมม,แม่แตง,เล็ก,นอกเมือง,สำนักงานคณะกรรมการการศึกษาขั้นพื้นฐาน,สพป.เชียงใหม่ เขต 2,6,26.92,12.04,0.00,0.00,13.08,14.63,0.00,0.00,15.90,22.49
2568,408,บ้านแม่เลา,แม่แตง,เล็ก,นอกเมือง,สำนักงานคณะกรรมการการศึกษาขั้นพื้นฐาน,สพป.เชียงใหม่ เขต 2,1,32.30,0.00,0.00,0.00,19.62,0.00,0.00,0.00,47.71,0.00
2568,409,บ้านแม่แสะ,แม่แตง,เล็ก,นอกเมือง,สำนักงานคณะกรรมการการศึกษาขั้นพื้นฐาน,สพป.เชียงใหม่ เขต 2,3,32.82,13.82,0.00,0.00,13.71,19.39,0.00,0.00,15.90,22.49
2568,410,ป่าจี้วังแดงวิทยา,แม่แตง,เล็ก,นอกเมือง,สำนักงานคณะกรรมการการศึกษาขั้นพื้นฐาน,สพป.เชียงใหม่ เขต 2,27,22.25,17.23,37.04,48.29,14.54,12.63,25.93,43.82,12.37,20.91
2568,411,ป่าแป๋วิทยา,แม่แตง,เล็ก,นอกเมือง,สำนักงานคณะกรรมการการศึกษาขั้นพื้นฐาน,สพป.เชียงใหม่ เขต 2,9,38.03,21.97,55.56,49.69,35.30,22.88,22.22,41.57,37.10,19.83
2568,412,ภูดินวิทยา,แม่แตง,เล็ก,นอกเมือง,สำนักงานคณะกรรมการการศึกษาขั้นพื้นฐาน,สพป.เชียงใหม่ เขต 2,2,8.07,8.07,50.00,50.00,9.81,9.81,0.00,0.00,23.85,23.85
2568,413,เมฆขจรเชียงใหม่,แม่แตง,เล็ก,นอกเมือง,สำนักงานคณะกรรมการส่งเสริมการศึกษาเอกชน,-,18,33.63,20.24,27.78,44.79,28.45,15.17,11.11,31.43,32.82,37.06
2568,414,ร่ำเปิงวิทยา,แม่แตง,กลาง,นอกเมือง,สำนักงานคณะกรรมการการศึกษาขั้นพื้นฐาน,สพป.เชียงใหม่ เขต 2,33,23.82,19.86,24.24,42.85,18.43,15.98,18.18,38.57,7.23,17.11
2568,415,วัดท่าข้าม,แม่แตง,เล็ก,นอกเมือง,สำนักงานคณะกรรมการการศึกษาขั้นพื้นฐาน,สพป.เชียงใหม่ เขต 2,8,36.92,24.45,25.00,43.30,17.17,15.32,25.00,43.30,24.43,24.47
2568,416,วัดทุ่งหลวง,แม่แตง,เล็ก,นอกเมือง,สำนักงานคณะกรรมการการศึกษาขั้นพื้นฐาน,สพป.เชียงใหม่ เขต 2,10,47.61,25.84,40.00,48.99,27.66,28.37,40.00,48.99,34.31,38.80
2568,417,วัดนาเม็ง,แม่แตง,เล็ก,นอกเมือง,สำนักงานคณะกรรมการการศึกษาขั้นพื้นฐาน,สพป.เชียงใหม่ เขต 2,4,24.22,18.06,25.00,43.30,4.91,8.50,25.00,43.30,23.85,23.85
2568,418,วัดบ้านเหล่า,แม่แตง,เล็ก,นอกเมือง,สำนักงานคณะกรรมการการศึกษาขั้นพื้นฐาน,สพป.เชียงใหม่ เขต 2,13,18.75,16.91,23.08,42.13,9.06,9.78,23.08,42.13,11.36,28.55
2568,419,วัดปางมะกล้วย,แม่แตง,เล็ก,นอกเมือง,สำนักงานคณะกรรมการการศึกษาขั้นพื้นฐาน,สพป.เชียงใหม่ เขต 2,0,-,-,-,-,-,-,-,-,-,-
2568,420,วัดแม่กะ,แม่แตง,เล็ก,นอกเมือง,สำนักงานคณะกรรมการการศึกษาขั้นพื้นฐาน,สพป.เชียงใหม่ เขต 2,20,31.30,25.00,40.00,48.99,24.81,25.20,25.00,43.30,21.70,28.74
2568,421,วัดหนองออน,แม่แตง,เล็ก,นอกเมือง,สำนักงานคณะกรรมการการศึกษาขั้นพื้นฐาน,สพป.เชียงใหม่ เขต 2,4,32.69,11.97,25.00,43.30,24.53,8.50,0.00,0.00,35.78,20.66
2568,422,วัดห้วยไร่,แม่แตง,เล็ก,นอกเมือง,สำนักงานคณะกรรมการการศึกษาขั้นพื้นฐาน,สพป.เชียงใหม่ เขต 2,19,26.59,21.42,15.79,36.46,18.69,18.65,31.58,46.48,27.62,23.55
2568,423,สบเปิงวิทยา,แม่แตง,กลาง,นอกเมือง,สำนักงานคณะกรรมการการศึกษาขั้นพื้นฐาน,สพป.เชียงใหม่ เขต 2,18,24.40,18.37,5.56,22.91,17.65,19.85,11.11,31.43,18.81,28.88
2568,424,สันป่ายางวิทยาคาร,แม่แตง,เล็ก,นอกเมือง,สำนักงานคณะกรรมการการศึกษาขั้นพื้นฐาน,สพป.เชียงใหม่ เขต 2,10,12.92,9.69,50.00,50.00,15.70,17.11,30.00,45.83,4.77,14.31
2568,425,สันป่าสักวิทยา,แม่แตง,กลาง,นอกเมือง,สำนักงานคณะกรรมการการศึกษาขั้นพื้นฐาน,สพป.เชียงใหม่ เขต 2,80,27.20,20.23,22.50,41.76,18.32,18.54,23.75,42.56,18.94,27.50
2568,426,สันมหาพนวิทยา,แม่แตง,เล็ก,นอกเมือง,สำนักงานคณะกรรมการการศึกษาขั้นพื้นฐาน,สพป.เชียงใหม่ เขต 2,18,19.74,14.80,38.89,48.75,9.81,13.48,16.67,37.27,2.65,10.93
2568,427,อนุบาลสานสายใยรักเทศบาลเมืองเมืองแกนพัฒนา,แม่แตง,กลาง,นอกเมือง,กรมส่งเสริมการปกครองท้องถิ่น,ท้องถิ่นจังหวัดเชียงใหม่,28,19.72,17.64,25.00,43.30,16.19,16.65,14.29,34.99,6.82,16.69
2568,428,เจ้าพ่อหลวงอุปถัมภ์ 7,แม่ริม,เล็ก,นอกเมือง,สำนักงานคณะกรรมการการศึกษาขั้นพื้นฐาน,สพป.เชียงใหม่ เขต 2,7,23.29,23.01,0.00,0.00,16.82,12.54,14.29,34.99,27.26,23.61
2568,429,เจ้าแม่หลวงอุปถัมภ์ 2,แม่ริม,เล็ก,นอกเมือง,สำนักงานคณะกรรมการการศึกษาขั้นพื้นฐาน,สพป.เชียงใหม่ เขต 2,30,28.63,16.16,36.67,48.19,16.42,12.62,10.00,30.00,11.28,24.19
2568,430,ดอนแก้วเนรมิตปัญญา,แม่ริม,กลาง,นอกเมือง,กรมส่งเสริมการปกครองท้องถิ่น,ท้องถิ่นจังหวัดเชียงใหม่,80,26.51,19.37,25.00,43.30,19.94,21.35,21.25,40.91,12.10,25.04
2568,431,ธีระวัธน์บำเพ็ญ,แม่ริม,กลาง,นอกเมือง,สำนักงานคณะกรรมการส่งเสริมการศึกษาเอกชน,-,78,30.93,23.00,30.77,46.15,20.68,17.26,26.92,44.36,24.26,29.09
2568,432,บ้านกองแหะ,แม่ริม,เล็ก,นอกเมือง,สำนักงานคณะกรรมการการศึกษาขั้นพื้นฐาน,สพป.เชียงใหม่ เขต 2,9,25.29,19.18,44.44,49.69,23.98,12.33,22.22,41.57,5.30,14.99
2568,433,บ้านกาดฮาว,แม่ริม,เล็ก,นอกเมือง,สำนักงานคณะกรรมการการศึกษาขั้นพื้นฐาน,สพป.เชียงใหม่ เขต 2,16,23.41,23.86,25.00,43.30,16.06,21.42,12.50,33.07,18.18,29.39
2568,434,บ้านคุณหมอ,แม่ริม,กลาง,นอกเมือง,สำนักงานคณะกรรมการส่งเสริมการศึกษาเอกชน,-,26,32.72,19.42,26.92,44.36,22.64,20.86,15.38,36.08,28.23,36.80
2568,435,บ้านดอนแก้ว,แม่ริม,กลาง,นอกเมือง,กรมส่งเสริมการปกครองท้องถิ่น,ท้องถิ่นจังหวัดเชียงใหม่,28,23.35,16.78,28.57,45.18,17.59,16.04,14.29,34.99,20.77,30.55
2568,436,บ้านต้นผึ้ง,แม่ริม,เล็ก,นอกเมือง,สำนักงานคณะกรรมการการศึกษาขั้นพื้นฐาน,สพป.เชียงใหม่ เขต 2,10,37.61,19.46,30.00,45.83,27.47,15.70,20.00,40.00,19.08,23.37
2568,437,บ้านทุ่งโป่ง,แม่ริม,กลาง,นอกเมือง,สำนักงานคณะกรรมการการศึกษาขั้นพื้นฐาน,สพป.เชียงใหม่ เขต 2,28,27.44,19.04,17.86,38.30,16.89,18.11,17.86,38.30,8.68,22.93
2568,438,บ้านน้ำริน,แม่ริม,เล็ก,นอกเมือง,สำนักงานคณะกรรมการการศึกษาขั้นพื้นฐาน,สพป.เชียงใหม่ เขต 2,11,44.61,19.84,54.55,49.79,26.93,19.51,9.09,28.75,21.68,23.75
2568,439,บ้านบวกจั่น,แม่ริม,เล็ก,นอกเมือง,สำนักงานคณะกรรมการการศึกษาขั้นพื้นฐาน,สพป.เชียงใหม่ เขต 2,12,13.46,14.49,25.00,43.30,11.45,14.90,25.00,43.30,3.98,13.19
2568,440,บ้านปางไฮ,แม่ริม,กลาง,นอกเมือง,สำนักงานคณะกรรมการการศึกษาขั้นพื้นฐาน,สพป.เชียงใหม่ เขต 2,11,43.00,17.79,27.27,44.54,28.54,21.11,27.27,44.54,31.61,38.49
2568,441,บ้านป่าติ้ว,แม่ริม,เล็ก,นอกเมือง,สำนักงานคณะกรรมการการศึกษาขั้นพื้นฐาน,สพป.เชียงใหม่ เขต 2,18,30.85,15.27,27.78,44.79,25.18,20.76,5.56,22.91,5.56,22.91
2568,442,บ้านโป่งแยงนอก,แม่ริม,เล็ก,นอกเมือง,สำนักงานคณะกรรมการการศึกษาขั้นพื้นฐาน,สพป.เชียงใหม่ เขต 2,20,23.49,20.25,20.00,40.00,13.83,16.57,10.00,30.00,26.93,33.08
2568,443,บ้านโป่งแยงใน,แม่ริม,เล็ก,นอกเมือง,สำนักงานคณะกรรมการการศึกษาขั้นพื้นฐาน,สพป.เชียงใหม่ เขต 2,28,29.64,15.21,25.00,43.30,19.62,15.73,25.00,43.30,15.33,22.28
2568,444,บ้านพระนอน,แม่ริม,เล็ก,นอกเมือง,สำนักงานคณะกรรมการการศึกษาขั้นพื้นฐาน,สพป.เชียงใหม่ เขต 2,20,24.69,22.48,30.00,45.83,18.74,14.78,20.00,40.00,14.54,27.27
2568,445,บ้านเมืองก๊ะ,แม่ริม,เล็ก,นอกเมือง,สำนักงานคณะกรรมการการศึกษาขั้นพื้นฐาน,สพป.เชียงใหม่ เขต 2,8,26.82,20.18,25.00,43.30,14.95,19.55,25.00,43.30,0.00,0.00
2568,446,บ้านแม่สา,แม่ริม,กลาง,นอกเมือง,สำนักงานคณะกรรมการการศึกษาขั้นพื้นฐาน,สพป.เชียงใหม่ เขต 2,9,34.44,19.45,33.33,47.14,23.98,17.98,33.33,47.14,21.71,33.84
2568,447,บ้านริมใต้,แม่ริม,กลาง,นอกเมือง,สำนักงานคณะกรรมการการศึกษาขั้นพื้นฐาน,สพป.เชียงใหม่ เขต 2,151,30.24,21.83,31.79,46.57,20.70,18.66,19.87,39.90,26.99,31.30
2568,448,บ้านศาลา,แม่ริม,กลาง,นอกเมือง,กรมส่งเสริมการปกครองท้องถิ่น,ท้องถิ่นจังหวัดเชียงใหม่,86,27.60,17.94,20.93,40.68,18.98,18.65,26.74,44.26,12.97,24.04
2568,449,บ้านสะลวงนอก,แม่ริม,เล็ก,นอกเมือง,สำนักงานคณะกรรมการการศึกษาขั้นพื้นฐาน,สพป.เชียงใหม่ เขต 2,5,30.00,24.29,0.00,0.00,15.70,7.85,40.00,48.99,10.46,20.92
2568,450,บ้านสันคะยอม,แม่ริม,เล็ก,นอกเมือง,สำนักงานคณะกรรมการการศึกษาขั้นพื้นฐาน,สพป.เชียงใหม่ เขต 2,16,29.56,17.75,25.00,43.30,19.74,17.14,31.25,46.35,30.68,38.77
2568,451,บ้านหนองปลามัน,แม่ริม,เล็ก,นอกเมือง,สำนักงานคณะกรรมการการศึกษาขั้นพื้นฐาน,สพป.เชียงใหม่ เขต 2,21,21.06,15.31,23.81,42.59,12.15,16.56,28.57,45.18,18.17,23.17
2568,452,มูลนิธิมหาราช 5,แม่ริม,เล็ก,นอกเมือง,สำนักงานคณะกรรมการการศึกษาขั้นพื้นฐาน,สพป.เชียงใหม่ เขต 2,12,23.14,16.91,25.00,43.30,14.72,16.27,25.00,43.30,3.98,13.19
2568,453,ราชประชานุเคราะห์ 60 จังหวัดเชียงใหม่,แม่ริม,กลาง,นอกเมือง,สำนักบริหารงานการศึกษาพิเศษ,-,51,26.24,20.58,41.18,49.22,13.50,15.84,19.61,39.70,8.42,18.19
2568,454,วัดทรายมูล,แม่ริม,เล็ก,นอกเมือง,สำนักงานคณะกรรมการการศึกษาขั้นพื้นฐาน,สพป.เชียงใหม่ เขต 2,28,22.30,21.73,32.14,46.70,19.69,19.12,28.57,45.18,19.56,30.82
2568,455,บ้านกาด(เขมวังส์ฯ),แม่วาง,กลาง,นอกเมือง,สำนักงานคณะกรรมการการศึกษาขั้นพื้นฐาน,สพป.เชียงใหม่ เขต 4,51,23.87,17.18,45.10,49.76,19.27,17.20,25.49,43.58,21.78,26.01
2568,456,บ้านทุ่งหลวง,แม่วาง,เล็ก,นอกเมือง,สำนักงานคณะกรรมการการศึกษาขั้นพื้นฐาน,สพป.เชียงใหม่ เขต 4,9,17.94,11.90,33.33,47.14,19.62,18.50,11.11,31.43,21.71,33.84
2568,457,บ้านพันตน,แม่วาง,เล็ก,นอกเมือง,สำนักงานคณะกรรมการการศึกษาขั้นพื้นฐาน,สพป.เชียงใหม่ เขต 4,4,20.57,13.75,25.00,43.30,4.91,8.50,25.00,43.30,23.85,23.85
2568,458,บ้านหนองเต่า,แม่วาง,เล็ก,นอกเมือง,สำนักงานคณะกรรมการการศึกษาขั้นพื้นฐาน,สพป.เชียงใหม่ เขต 4,9,27.09,10.86,33.33,47.14,8.72,9.75,33.33,47.14,15.90,22.49
2568,459,บ้านห้วยข้าวลีบ,แม่วาง,เล็ก,นอกเมือง,สำนักงานคณะกรรมการการศึกษาขั้นพื้นฐาน,สพป.เชียงใหม่ เขต 4,16,16.25,19.19,6.25,24.21,18.40,14.67,12.50,33.07,15.48,29.00
2568,460,บ้านห้วยตอง,แม่วาง,กลาง,นอกเมือง,สำนักงานคณะกรรมการการศึกษาขั้นพื้นฐาน,สพป.เชียงใหม่ เขต 4,17,14.43,13.69,17.65,38.12,10.39,11.88,35.29,47.79,5.61,15.37
2568,461,บ้านเหล่าป่าฝาง,แม่วาง,เล็ก,นอกเมือง,สำนักงานคณะกรรมการการศึกษาขั้นพื้นฐาน,สพป.เชียงใหม่ เขต 4,7,32.52,19.49,14.29,34.99,19.62,20.98,42.86,49.49,0.00,0.00
2568,462,บ้านใหม่สวรรค์,แม่วาง,เล็ก,นอกเมือง,สำนักงานคณะกรรมการการศึกษาขั้นพื้นฐาน,สพป.เชียงใหม่ เขต 4,15,26.92,14.04,20.00,40.00,13.08,17.06,6.67,24.94,9.54,19.08
2568,463,พัฒนาต้นน้ำที่ 5 ขุนวาง,แม่วาง,เล็ก,นอกเมือง,สำนักงานคณะกรรมการการศึกษาขั้นพื้นฐาน,สพป.เชียงใหม่ เขต 4,21,20.84,18.12,9.52,29.35,14.02,15.01,14.29,34.99,16.12,22.82
2568,464,แม่วินสามัคคี,แม่วาง,กลาง,นอกเมือง,สำนักงานคณะกรรมการการศึกษาขั้นพื้นฐาน,สพป.เชียงใหม่ เขต 4,20,23.57,15.13,25.00,43.30,16.77,13.00,15.00,35.71,14.54,22.23
2568,465,วัดดอนเปา,แม่วาง,เล็ก,นอกเมือง,กรมส่งเสริมการปกครองท้องถิ่น,ท้องถิ่นจังหวัดเชียงใหม่,9,26.92,20.14,44.44,49.69,17.44,14.46,11.11,31.43,10.60,19.83
2568,466,วัดทุ่งศาลา,แม่วาง,เล็ก,นอกเมือง,สำนักงานคณะกรรมการการศึกษาขั้นพื้นฐาน,สพป.เชียงใหม่ เขต 4,5,9.69,7.91,40.00,48.99,11.77,9.61,20.00,40.00,19.08,23.37
2568,467,วัดมะกับตองหลวง,แม่วาง,เล็ก,นอกเมือง,สำนักงานคณะกรรมการการศึกษาขั้นพื้นฐาน,สพป.เชียงใหม่ เขต 4,5,32.61,20.92,0.00,0.00,31.40,9.61,0.00,0.00,9.54,19.08
2568,468,วัดศิริชัยนิมิตร,แม่วาง,เล็ก,นอกเมือง,สำนักงานคณะกรรมการการศึกษาขั้นพื้นฐาน,สพป.เชียงใหม่ เขต 4,11,38.59,10.60,18.18,38.57,28.54,12.86,45.45,49.79,26.86,32.51
2568,469,วัดห้วยแก้ว,แม่วาง,เล็ก,นอกเมือง,สำนักงานคณะกรรมการการศึกษาขั้นพื้นฐาน,สพป.เชียงใหม่ เขต 4,5,22.61,16.47,20.00,40.00,11.77,15.70,20.00,40.00,9.54,19.08
2568,470,สโมสรไลออนรัตนโกสินทร์,แม่วาง,เล็ก,นอกเมือง,สำนักงานคณะกรรมการการศึกษาขั้นพื้นฐาน,สพป.เชียงใหม่ เขต 4,5,16.15,0.00,0.00,0.00,7.85,9.61,0.00,0.00,9.54,19.08
2568,471,สารสาสน์วิเทศอุปถัมภ์,แม่วาง,กลาง,นอกเมือง,สำนักงานคณะกรรมการส่งเสริมการศึกษาเอกชน,-,27,26.24,20.29,25.93,43.82,20.35,14.61,14.81,35.52,19.78,23.88
2568,472,หลวงพัฒนาบ้านขุนวาง,แม่วาง,กลาง,นอกเมือง,สำนักงานคณะกรรมการการศึกษาขั้นพื้นฐาน,สพป.เชียงใหม่ เขต 4,21,24.76,20.00,23.81,42.59,14.95,20.89,4.76,21.30,11.58,25.83
2568,473,ทาเหนือวิทยา,แม่ออน,เล็ก,นอกเมือง,สำนักงานคณะกรรมการการศึกษาขั้นพื้นฐาน,สพป.เชียงใหม่ เขต 1,16,21.49,17.06,25.00,43.30,20.85,20.19,25.00,43.30,18.18,23.49
2568,474,บ้านออนกลาง,แม่ออน,เล็ก,นอกเมือง,สำนักงานคณะกรรมการการศึกษาขั้นพื้นฐาน,สพป.เชียงใหม่ เขต 1,7,35.05,16.38,0.00,0.00,11.48,21.22,14.29,34.99,20.45,23.61
2568,475,บ้านออนหลวย,แม่ออน,เล็ก,นอกเมือง,สำนักงานคณะกรรมการการศึกษาขั้นพื้นฐาน,สพป.เชียงใหม่ เขต 1,4,32.30,0.00,0.00,0.00,9.81,9.81,25.00,43.30,0.00,0.00
2568,476,แม่ตะไคร้,แม่ออน,เล็ก,นอกเมือง,สำนักงานคณะกรรมการการศึกษาขั้นพื้นฐาน,สพป.เชียงใหม่ เขต 1,7,18.46,10.32,28.57,45.18,16.82,19.42,14.29,34.99,34.73,34.61
2568,477,วัดดอนชัย,แม่ออน,เล็ก,นอกเมือง,สำนักงานคณะกรรมการการศึกษาขั้นพื้นฐาน,สพป.เชียงใหม่ เขต 1,1,32.30,0.00,0.00,0.00,19.62,0.00,0.00,0.00,47.71,0.00
2568,478,วัดเปาสามขา,แม่ออน,เล็ก,นอกเมือง,สำนักงานคณะกรรมการการศึกษาขั้นพื้นฐาน,สพป.เชียงใหม่ เขต 1,16,20.38,16.89,18.75,39.03,18.40,14.67,18.75,39.03,8.94,18.62
2568,479,วัดห้วยแก้ว,แม่ออน,เล็ก,นอกเมือง,สำนักงานคณะกรรมการการศึกษาขั้นพื้นฐาน,สพป.เชียงใหม่ เขต 1,28,23.81,16.00,21.43,41.03,11.21,12.22,10.71,30.93,10.39,23.97
2568,480,วัดห้วยทราย,แม่ออน,เล็ก,นอกเมือง,สำนักงานคณะกรรมการการศึกษาขั้นพื้นฐาน,สพป.เชียงใหม่ เขต 1,7,25.60,17.26,0.00,0.00,14.02,17.28,0.00,0.00,6.82,16.69
2568,481,หมู่บ้านสหกรณ์ 2,แม่ออน,เล็ก,นอกเมือง,สำนักงานคณะกรรมการการศึกษาขั้นพื้นฐาน,สพป.เชียงใหม่ เขต 1,19,44.69,17.46,42.11,49.37,19.72,18.23,26.32,44.03,25.35,29.02
2568,482,กมล -เรียม สุโกศล (บ้านผาใต้),แม่อาย,เล็ก,นอกเมือง,สำนักงานคณะกรรมการการศึกษาขั้นพื้นฐาน,สพป.เชียงใหม่ เขต 3,8,30.67,15.24,25.00,43.30,12.26,13.66,50.00,50.00,18.46,23.87
2568,483,เจ้าพ่อหลวงอุปถัมภ์ 9,แม่อาย,กลาง,นอกเมือง,สำนักงานคณะกรรมการการศึกษาขั้นพื้นฐาน,สพป.เชียงใหม่ เขต 3,17,22.98,14.94,23.53,42.42,11.54,16.57,29.41,45.56,16.84,22.80
2568,484,ชุมชนบ้านคาย,แม่อาย,กลาง,นอกเมือง,สำนักงานคณะกรรมการการศึกษาขั้นพื้นฐาน,สพป.เชียงใหม่ เขต 3,36,18.39,16.66,22.22,41.57,11.99,12.48,16.67,37.27,5.30,14.99
2568,485,ชุมชนบ้านแม่ฮ่าง,แม่อาย,กลาง,นอกเมือง,สำนักงานคณะกรรมการการศึกษาขั้นพื้นฐาน,สพป.เชียงใหม่ เขต 3,27,32.64,18.44,18.52,38.84,17.44,16.32,18.52,38.84,16.07,26.50
2568,486,โชติคุณเกษมบ้านเมืองงาม,แม่อาย,กลาง,นอกเมือง,สำนักงานคณะกรรมการการศึกษาขั้นพื้นฐาน,สพป.เชียงใหม่ เขต 3,40,21.11,13.18,20.00,40.00,12.26,12.17,47.50,49.94,10.85,20.15
2568,487,ต.ช.ด. ไลออนส์มหาจักร 8,แม่อาย,เล็ก,นอกเมือง,สำนักงานคณะกรรมการการศึกษาขั้นพื้นฐาน,สพป.เชียงใหม่ เขต 3,19,27.44,16.02,15.79,36.46,11.36,13.23,21.05,40.77,20.33,23.86
2568,488,ต.ช.ด.ศึกษานารีอนุสรณ์ 3,แม่อาย,เล็ก,นอกเมือง,สำนักงานคณะกรรมการการศึกษาขั้นพื้นฐาน,สพป.เชียงใหม่ เขต 3,22,32.79,17.83,22.73,41.91,24.08,17.68,22.73,41.91,6.51,16.37
2568,489,ทุติยะโพธิ์อนุสรณ์,แม่อาย,เล็ก,นอกเมือง,กองบัญชาการตำรวจตระเวนชายแดน,-,14,12.80,12.66,57.14,49.49,12.61,11.98,42.86,49.49,3.41,12.29
2568,490,ไทยทนุบ้านสันต้นดู่,แม่อาย,เล็ก,นอกเมือง,สำนักงานคณะกรรมการการศึกษาขั้นพื้นฐาน,สพป.เชียงใหม่ เขต 3,10,25.84,19.38,50.00,50.00,19.62,17.55,10.00,30.00,9.54,19.08
2568,491,ไทยรัฐวิทยา 12 (บ้านเอก),แม่อาย,กลาง,นอกเมือง,สำนักงานคณะกรรมการการศึกษาขั้นพื้นฐาน,สพป.เชียงใหม่ เขต 3,32,44.99,14.39,18.75,39.03,29.00,22.77,21.88,41.34,35.01,33.25
2568,492,บ้านดง,แม่อาย,กลาง,นอกเมือง,สำนักงานคณะกรรมการการศึกษาขั้นพื้นฐาน,สพป.เชียงใหม่ เขต 3,16,17.16,14.52,31.25,46.35,15.94,14.25,12.50,33.07,11.93,20.66
2568,493,บ้านดอนชัย,แม่อาย,เล็ก,นอกเมือง,สำนักงานคณะกรรมการการศึกษาขั้นพื้นฐาน,สพป.เชียงใหม่ เขต 3,10,22.61,10.71,40.00,48.99,17.66,10.57,10.00,30.00,14.31,21.86
2568,494,บ้านท่ามะแกง,แม่อาย,เล็ก,นอกเมือง,สำนักงานคณะกรรมการการศึกษาขั้นพื้นฐาน,สพป.เชียงใหม่ เขต 3,15,26.05,20.49,33.33,47.14,11.77,20.01,20.00,40.00,12.72,21.10
2568,495,บ้านป่าก๊อ,แม่อาย,กลาง,นอกเมือง,สำนักงานคณะกรรมการการศึกษาขั้นพื้นฐาน,สพป.เชียงใหม่ เขต 3,46,18.39,14.27,19.57,39.67,11.52,11.98,28.26,45.03,4.15,13.44
2568,496,บ้านปางต้นเดื่อ,แม่อาย,กลาง,นอกเมือง,สำนักงานคณะกรรมการการศึกษาขั้นพื้นฐาน,สพป.เชียงใหม่ เขต 3,16,18.26,20.71,18.75,39.03,18.40,14.67,50.00,50.00,12.21,27.57
2568,497,บ้านป่าแดง,แม่อาย,กลาง,นอกเมือง,สำนักงานคณะกรรมการการศึกษาขั้นพื้นฐาน,สพป.เชียงใหม่ เขต 3,8,24.42,18.49,25.00,43.30,17.17,15.32,12.50,33.07,11.93,20.66
2568,498,บ้านโป่งไฮ,แม่อาย,เล็ก,นอกเมือง,สำนักงานคณะกรรมการการศึกษาขั้นพื้นฐาน,สพป.เชียงใหม่ เขต 3,14,25.38,16.95,14.29,34.99,16.82,16.35,14.29,34.99,6.82,16.69
2568,499,บ้านแม่สาว,แม่อาย,กลาง,นอกเมือง,สำนักงานคณะกรรมการการศึกษาขั้นพื้นฐาน,สพป.เชียงใหม่ เขต 3,36,33.58,20.84,30.56,46.06,21.80,16.53,16.67,37.27,17.61,26.24
2568,500,บ้านโละ,แม่อาย,เล็ก,นอกเมือง,สำนักงานคณะกรรมการการศึกษาขั้นพื้นฐาน,สพป.เชียงใหม่ เขต 3,4,29.04,21.73,0.00,0.00,24.53,21.38,0.00,0.00,0.00,0.00
2568,501,บ้านสันต้นหมื้อ,แม่อาย,กลาง,นอกเมือง,สำนักงานคณะกรรมการการศึกษาขั้นพื้นฐาน,สพป.เชียงใหม่ เขต 3,34,21.94,18.46,29.41,45.56,15.58,14.88,14.71,35.42,7.02,16.90
2568,502,บ้านสันปอธง,แม่อาย,เล็ก,นอกเมือง,สำนักงานคณะกรรมการการศึกษาขั้นพื้นฐาน,สพป.เชียงใหม่ เขต 3,11,17.62,10.79,27.27,44.54,17.84,15.55,27.27,44.54,13.01,21.25
2568,503,บ้านสันป่าข่า,แม่อาย,เล็ก,นอกเมือง,สำนักงานคณะกรรมการการศึกษาขั้นพื้นฐาน,สพป.เชียงใหม่ เขต 3,12,21.53,13.72,8.33,27.64,17.99,12.56,8.33,27.64,11.93,20.66
2568,504,บ้านสันป่าเหียว,แม่อาย,เล็ก,นอกเมือง,สำนักงานคณะกรรมการการศึกษาขั้นพื้นฐาน,สพป.เชียงใหม่ เขต 3,10,30.99,13.47,20.00,40.00,15.70,11.77,40.00,48.99,14.77,22.59
2568,505,บ้านสุขฤทัย,แม่อาย,กลาง,นอกเมือง,สำนักงานคณะกรรมการการศึกษาขั้นพื้นฐาน,สพป.เชียงใหม่ เขต 3,49,25.50,16.47,28.57,45.18,18.86,13.19,20.41,40.30,13.91,26.24
2568,506,บ้านหนองขี้นกยาง,แม่อาย,เล็ก,นอกเมือง,สำนักงานคณะกรรมการการศึกษาขั้นพื้นฐาน,สพป.เชียงใหม่ เขต 3,7,18.46,20.11,0.00,0.00,19.62,18.17,0.00,0.00,27.92,36.05
2568,507,บ้านหลวง,แม่อาย,เล็ก,นอกเมือง,สำนักงานคณะกรรมการการศึกษาขั้นพื้นฐาน,สพป.เชียงใหม่ เขต 3,5,22.61,12.92,20.00,40.00,3.92,7.85,20.00,40.00,19.08,23.37
2568,508,บ้านห้วยคอกหมู,แม่อาย,เล็ก,นอกเมือง,สำนักงานคณะกรรมการการศึกษาขั้นพื้นฐาน,สพป.เชียงใหม่ เขต 3,18,18.84,14.49,27.78,44.79,14.17,12.76,16.67,37.27,10.60,19.83
2568,509,บ้านห้วยป่าซาง,แม่อาย,เล็ก,นอกเมือง,สำนักงานคณะกรรมการการศึกษาขั้นพื้นฐาน,สพป.เชียงใหม่ เขต 3,21,24.98,15.81,33.33,47.14,13.08,12.61,4.76,21.30,14.07,27.09
2568,510,บ้านห้วยปู,แม่อาย,เล็ก,นอกเมือง,สำนักงานคณะกรรมการการศึกษาขั้นพื้นฐาน,สพป.เชียงใหม่ เขต 3,14,30.21,17.04,28.57,45.18,19.62,12.85,14.29,34.99,20.45,23.61
2568,511,บ้านห้วยม่วง,แม่อาย,เล็ก,นอกเมือง,สำนักงานคณะกรรมการการศึกษาขั้นพื้นฐาน,สพป.เชียงใหม่ เขต 3,7,32.74,12.80,28.57,45.18,25.23,17.28,14.29,34.99,6.82,16.69
2568,512,บ้านห้วยศาลา,แม่อาย,เล็ก,นอกเมือง,สำนักงานคณะกรรมการการศึกษาขั้นพื้นฐาน,สพป.เชียงใหม่ เขต 3,24,21.73,21.99,25.00,43.30,16.51,21.94,41.67,49.30,24.04,28.05
2568,513,บ้านฮ่างต่ำ,แม่อาย,เล็ก,นอกเมือง,สำนักงานคณะกรรมการการศึกษาขั้นพื้นฐาน,สพป.เชียงใหม่ เขต 3,9,30.68,14.35,33.33,47.14,23.98,17.98,22.22,41.57,27.01,24.20
2568,514,ประพันธ์ - อารีย์ หงษ์สกุล (บ้านห้วยห,แม่อาย,กลาง,นอกเมือง,สำนักงานคณะกรรมการการศึกษาขั้นพื้นฐาน,สพป.เชียงใหม่ เขต 3,5,12.92,18.83,20.00,40.00,3.92,7.85,60.00,48.99,19.08,23.37
2568,515,เพียงหลวง 1 (บ้านท่าตอน),แม่อาย,กลาง,นอกเมือง,สำนักงานคณะกรรมการการศึกษาขั้นพื้นฐาน,สพป.เชียงใหม่ เขต 3,60,29.98,17.76,46.67,49.89,25.54,18.81,20.00,40.00,27.98,26.95
2568,516,ราชประชานุเคราะห์ 30,แม่อาย,กลาง,นอกเมือง,สำนักบริหารงานการศึกษาพิเศษ,-,28,16.32,15.68,25.00,43.30,9.81,12.30,25.00,43.30,6.82,16.69
2568,517,วัดห้วยน้ำเย็น,แม่อาย,เล็ก,นอกเมือง,สำนักงานคณะกรรมการการศึกษาขั้นพื้นฐาน,สพป.เชียงใหม่ เขต 3,12,21.53,13.72,33.33,47.14,21.26,18.72,16.67,37.27,11.93,20.66
2568,518,ศึกษานารีอนุสรณ์ 1 บ้านแม่เมืองน้อย,แม่อาย,เล็ก,นอกเมือง,สำนักงานคณะกรรมการการศึกษาขั้นพื้นฐาน,สพป.เชียงใหม่ เขต 3,13,21.48,16.27,30.77,46.15,18.11,16.26,15.38,36.08,11.01,20.10
2568,519,ศึกษานารีอนุสรณ์ 2,แม่อาย,กลาง,นอกเมือง,สำนักงานคณะกรรมการการศึกษาขั้นพื้นฐาน,สพป.เชียงใหม่ เขต 3,9,10.77,10.77,22.22,41.57,13.08,13.08,22.22,41.57,10.60,19.83
2568,520,ศูนย์การเรียนตำรวจตระเวนชายแดนบ้านนามะอื้น,แม่อาย,เล็ก,นอกเมือง,กองบัญชาการตำรวจตระเวนชายแดน,-,8,20.19,19.36,37.50,48.41,17.17,15.32,12.50,33.07,5.96,15.78
2568,521,เฮียงไทยธำรงค์,แม่อาย,เล็ก,นอกเมือง,กองบัญชาการตำรวจตระเวนชายแดน,-,14,18.46,17.11,21.43,41.03,19.62,16.58,35.71,47.92,10.22,19.58
2568,522,ตชด.เบญจมะ1,เวียงแหง,เล็ก,นอกเมือง,กองบัญชาการตำรวจตระเวนชายแดน,-,10,20.99,14.53,10.00,30.00,17.66,13.74,40.00,48.99,19.08,23.37
2568,523,บ้านกองลม,เวียงแหง,กลาง,นอกเมือง,สำนักงานคณะกรรมการการศึกษาขั้นพื้นฐาน,สพป.เชียงใหม่ เขต 3,30,18.02,16.63,20.00,40.00,17.01,19.45,16.67,37.27,6.51,16.62
2568,524,บ้านจอง,เวียงแหง,กลาง,นอกเมือง,สำนักงานคณะกรรมการการศึกษาขั้นพื้นฐาน,สพป.เชียงใหม่ เขต 3,23,31.16,16.73,30.43,46.01,15.36,14.12,8.70,28.18,27.36,31.80
2568,525,บ้านนามน,เวียงแหง,เล็ก,นอกเมือง,สำนักงานคณะกรรมการการศึกษาขั้นพื้นฐาน,สพป.เชียงใหม่ เขต 3,18,23.33,17.21,22.22,41.57,14.17,12.76,11.11,31.43,21.46,24.01
2568,526,บ้านปางป๋อ,เวียงแหง,เล็ก,นอกเมือง,สำนักงานคณะกรรมการการศึกษาขั้นพื้นฐาน,สพป.เชียงใหม่ เขต 3,17,20.04,21.31,35.29,47.79,19.73,20.52,29.41,45.56,25.80,34.36
2568,527,บ้านเปียงหลวง,เวียงแหง,กลาง,นอกเมือง,สำนักงานคณะกรรมการการศึกษาขั้นพื้นฐาน,สพป.เชียงใหม่ เขต 3,53,24.31,17.02,16.98,37.55,14.85,13.76,22.64,41.85,6.30,16.15
2568,528,บ้านม่วงป๊อก,เวียงแหง,กลาง,นอกเมือง,สำนักงานคณะกรรมการการศึกษาขั้นพื้นฐาน,สพป.เชียงใหม่ เขต 3,36,32.60,19.44,16.67,37.27,19.13,16.47,8.33,27.64,20.13,26.59
2568,529,บ้านเวียงแหง,เวียงแหง,กลาง,นอกเมือง,สำนักงานคณะกรรมการการศึกษาขั้นพื้นฐาน,สพป.เชียงใหม่ เขต 3,42,23.29,17.96,28.57,45.18,12.15,12.81,14.29,34.99,4.76,14.69
2568,530,บ้านห้วยไคร้,เวียงแหง,กลาง,นอกเมือง,สำนักงานคณะกรรมการการศึกษาขั้นพื้นฐาน,สพป.เชียงใหม่ เขต 3,23,15.45,14.66,34.78,47.63,13.65,13.49,21.74,41.25,4.35,20.39
2568,531,รัฐราษฎร์อุปถัมภ์,เวียงแหง,กลาง,นอกเมือง,สำนักงานคณะกรรมการการศึกษาขั้นพื้นฐาน,สพป.เชียงใหม่ เขต 3,25,26.34,19.28,24.00,42.71,11.06,12.68,4.00,19.60,17.17,22.90
2568,532,ชุมชนบ้านดง,สะเมิง,เล็ก,นอกเมือง,สำนักงานคณะกรรมการการศึกษาขั้นพื้นฐาน,สพป.เชียงใหม่ เขต 2,19,17.85,19.53,47.37,49.93,17.56,15.46,15.79,36.46,18.06,28.69
2568,533,ชุมชนบ้านแม่สาบ,สะเมิง,เล็ก,นอกเมือง,สำนักงานคณะกรรมการการศึกษาขั้นพื้นฐาน,สพป.เชียงใหม่ เขต 2,9,27.09,15.11,0.00,0.00,23.98,15.42,11.11,31.43,10.60,19.83
2568,534,ทรายทองราษฎร์อุทิศ,สะเมิง,เล็ก,นอกเมือง,สำนักงานคณะกรรมการการศึกษาขั้นพื้นฐาน,สพป.เชียงใหม่ เขต 2,18,28.97,14.96,16.67,37.27,16.35,14.99,11.11,31.43,13.25,21.37
2568,535,บ้านกิ่วเสือ,สะเมิง,เล็ก,นอกเมือง,สำนักงานคณะกรรมการการศึกษาขั้นพื้นฐาน,สพป.เชียงใหม่ เขต 2,7,27.91,14.55,28.57,45.18,19.62,14.83,14.29,34.99,13.63,21.55
2568,536,บ้านนากู่,สะเมิง,เล็ก,นอกเมือง,สำนักงานคณะกรรมการการศึกษาขั้นพื้นฐาน,สพป.เชียงใหม่ เขต 2,5,29.38,12.18,40.00,48.99,19.62,0.00,0.00,0.00,20.00,40.00
2568,537,บ้านบ่อแก้ว,สะเมิง,กลาง,นอกเมือง,สำนักงานคณะกรรมการการศึกษาขั้นพื้นฐาน,สพป.เชียงใหม่ เขต 2,37,21.12,13.62,29.73,45.71,9.55,13.40,13.51,34.19,7.86,17.88
2568,538,บ้านปางขุม,สะเมิง,เล็ก,นอกเมือง,สำนักงานคณะกรรมการการศึกษาขั้นพื้นฐาน,สพป.เชียงใหม่ เขต 2,9,30.68,21.06,11.11,31.43,17.44,17.17,22.22,41.57,5.30,14.99
2568,539,บ้านป่าลาน,สะเมิง,เล็ก,นอกเมือง,สำนักงานคณะกรรมการการศึกษาขั้นพื้นฐาน,สพป.เชียงใหม่ เขต 2,12,23.40,16.00,16.67,37.27,19.62,17.91,33.33,47.14,15.90,22.49
2568,540,บ้านแม่ขะปู,สะเมิง,เล็ก,นอกเมือง,สำนักงานคณะกรรมการการศึกษาขั้นพื้นฐาน,สพป.เชียงใหม่ เขต 2,15,34.76,20.70,33.33,47.14,11.77,9.61,13.33,33.99,9.54,19.08
2568,541,บ้านแม่โต๋,สะเมิง,เล็ก,นอกเมือง,สำนักงานคณะกรรมการการศึกษาขั้นพื้นฐาน,สพป.เชียงใหม่ เขต 2,14,24.78,23.15,14.29,34.99,18.36,15.86,35.71,47.92,24.18,30.70
2568,542,บ้านแม่ยางห้า,สะเมิง,เล็ก,นอกเมือง,สำนักงานคณะกรรมการการศึกษาขั้นพื้นฐาน,สพป.เชียงใหม่ เขต 2,25,24.27,16.36,32.00,46.65,11.77,12.41,0.00,0.00,7.82,17.93
2568,543,บ้านแม่ลานคำ,สะเมิง,เล็ก,นอกเมือง,สำนักงานคณะกรรมการการศึกษาขั้นพื้นฐาน,สพป.เชียงใหม่ เขต 2,16,26.34,13.89,25.00,43.30,8.58,11.95,6.25,24.21,15.19,22.56
2568,544,บ้านแม่แว,สะเมิง,เล็ก,นอกเมือง,สำนักงานคณะกรรมการการศึกษาขั้นพื้นฐาน,สพป.เชียงใหม่ เขต 2,10,17.76,8.70,40.00,48.99,9.81,13.16,30.00,45.83,4.77,14.31
2568,545,บ้านห้วยน้ำจาง,สะเมิง,เล็ก,นอกเมือง,สำนักงานคณะกรรมการการศึกษาขั้นพื้นฐาน,สพป.เชียงใหม่ เขต 2,17,29.81,18.05,23.53,42.42,13.85,13.06,23.53,42.42,11.23,20.24
2568,546,รัปปาปอร์ต,สะเมิง,เล็ก,นอกเมือง,สำนักงานคณะกรรมการการศึกษาขั้นพื้นฐาน,สพป.เชียงใหม่ เขต 2,18,32.38,18.01,22.22,41.57,10.90,13.44,22.22,41.57,13.25,21.37
2568,547,วัดงิ้วเฒ่า,สะเมิง,เล็ก,นอกเมือง,สำนักงานคณะกรรมการการศึกษาขั้นพื้นฐาน,สพป.เชียงใหม่ เขต 2,9,39.99,15.93,55.56,49.69,23.98,17.98,55.56,49.69,21.20,23.71
2568,548,วัดบ้านป้อก,สะเมิง,เล็ก,นอกเมือง,สำนักงานคณะกรรมการการศึกษาขั้นพื้นฐาน,สพป.เชียงใหม่ เขต 2,6,21.53,24.07,33.33,47.14,13.08,14.63,16.67,37.27,0.00,0.00
2568,549,วัดปางเติม,สะเมิง,เล็ก,นอกเมือง,สำนักงานคณะกรรมการการศึกษาขั้นพื้นฐาน,สพป.เชียงใหม่ เขต 2,9,29.23,25.63,22.22,41.57,17.44,19.50,22.22,41.57,21.20,23.71
2568,550,วัดแม่เลย,สะเมิง,เล็ก,นอกเมือง,สำนักงานคณะกรรมการการศึกษาขั้นพื้นฐาน,สพป.เชียงใหม่ เขต 2,10,19.38,12.08,50.00,50.00,27.47,20.01,20.00,40.00,9.54,19.08
2568,551,วัดยั้งเมิน,สะเมิง,เล็ก,นอกเมือง,สำนักงานคณะกรรมการการศึกษาขั้นพื้นฐาน,สพป.เชียงใหม่ เขต 2,10,27.92,14.88,50.00,50.00,25.70,15.74,30.00,45.83,19.54,32.76
2568,552,บ้านกอสะเลียม,สันกำแพง,เล็ก,นอกเมือง,สำนักงานคณะกรรมการการศึกษาขั้นพื้นฐาน,สพป.เชียงใหม่ เขต 1,6,27.43,22.89,50.00,50.00,19.62,16.02,50.00,50.00,15.90,22.49
2568,553,บ้านแช่ช้าง (เทพนานุกูล),สันกำแพง,เล็ก,นอกเมือง,สำนักงานคณะกรรมการการศึกษาขั้นพื้นฐาน,สพป.เชียงใหม่ เขต 1,21,23.29,15.64,19.05,39.27,15.88,14.35,4.76,21.30,11.58,20.73
2568,554,บ้านบวกค้าง,สันกำแพง,เล็ก,นอกเมือง,สำนักงานคณะกรรมการการศึกษาขั้นพื้นฐาน,สพป.เชียงใหม่ เขต 1,8,34.51,12.83,75.00,43.30,27.22,22.36,50.00,50.00,18.46,34.55
2568,555,บ้านบ่อสร้างนรากรประสาท,สันกำแพง,กลาง,นอกเมือง,สำนักงานคณะกรรมการการศึกษาขั้นพื้นฐาน,สพป.เชียงใหม่ เขต 1,40,27.49,19.29,27.50,44.65,13.34,16.15,15.00,35.71,15.50,22.34
2568,556,บ้านมอญ,สันกำแพง,เล็ก,นอกเมือง,สำนักงานคณะกรรมการการศึกษาขั้นพื้นฐาน,สพป.เชียงใหม่ เขต 1,12,40.89,19.77,33.33,47.14,29.43,21.94,41.67,49.30,53.59,43.17
2568,557,บ้านแม่ปูคา,สันกำแพง,เล็ก,นอกเมือง,สำนักงานคณะกรรมการการศึกษาขั้นพื้นฐาน,สพป.เชียงใหม่ เขต 1,19,28.38,19.78,26.32,44.03,18.69,18.65,5.26,22.33,17.58,23.01
2568,558,บ้านสันกำแพง,สันกำแพง,ใหญ่พิเศษ,นอกเมือง,สำนักงานคณะกรรมการการศึกษาขั้นพื้นฐาน,สพป.เชียงใหม่ เขต 1,348,35.18,22.40,32.47,46.83,23.89,21.24,26.44,44.10,24.18,31.08
2568,559,บ้านหนองโค้ง,สันกำแพง,กลาง,นอกเมือง,สำนักงานคณะกรรมการการศึกษาขั้นพื้นฐาน,สพป.เชียงใหม่ เขต 1,46,32.03,20.29,32.61,46.88,28.24,21.71,36.96,48.27,22.18,31.95
2568,560,วัดทรายมูลรัตนศึกษา,สันกำแพง,เล็ก,นอกเมือง,สำนักงานคณะกรรมการการศึกษาขั้นพื้นฐาน,สพป.เชียงใหม่ เขต 1,3,26.92,7.61,66.67,47.14,19.62,27.75,66.67,47.14,0.00,0.00
2568,561,วัดบ้านน้อย,สันกำแพง,เล็ก,นอกเมือง,สำนักงานคณะกรรมการการศึกษาขั้นพื้นฐาน,สพป.เชียงใหม่ เขต 1,13,42.47,13.90,30.77,46.15,22.64,18.61,15.38,36.08,33.38,29.67
2568,562,วัดป่าตาล,สันกำแพง,เล็ก,นอกเมือง,สำนักงานคณะกรรมการการศึกษาขั้นพื้นฐาน,สพป.เชียงใหม่ เขต 1,4,24.61,27.37,0.00,0.00,24.53,16.27,25.00,43.30,23.85,23.85
2568,563,วัดร้องวัวแดงศรีจันทร์วิทยาคาร,สันกำแพง,เล็ก,นอกเมือง,สำนักงานคณะกรรมการการศึกษาขั้นพื้นฐาน,สพป.เชียงใหม่ เขต 1,17,22.98,13.98,52.94,49.91,18.47,15.74,17.65,38.12,17.11,23.19
2568,564,วัดล้านตอง,สันกำแพง,เล็ก,นอกเมือง,สำนักงานคณะกรรมการการศึกษาขั้นพื้นฐาน,สพป.เชียงใหม่ เขต 1,8,24.81,20.34,37.50,48.41,17.17,15.32,37.50,48.41,29.82,23.10
2568,565,วัดสันกลางเหนือ,สันกำแพง,เล็ก,นอกเมือง,สำนักงานคณะกรรมการการศึกษาขั้นพื้นฐาน,สพป.เชียงใหม่ เขต 1,11,43.28,16.09,9.09,28.75,19.79,11.85,36.36,48.10,35.95,43.00
2568,566,วัดสันโค้ง,สันกำแพง,เล็ก,นอกเมือง,สำนักงานคณะกรรมการการศึกษาขั้นพื้นฐาน,สพป.เชียงใหม่ เขต 1,6,41.15,26.52,50.00,50.00,32.70,18.50,0.00,0.00,40.52,34.10
2568,567,วัดสันมะฮกฟ้า,สันกำแพง,เล็ก,นอกเมือง,สำนักงานคณะกรรมการการศึกษาขั้นพื้นฐาน,สพป.เชียงใหม่ เขต 1,19,24.04,20.04,26.32,44.03,14.46,14.01,10.53,30.69,20.33,23.86
2568,568,สวนเด็กสันกำแพง,สันกำแพง,กลาง,นอกเมือง,สำนักงานคณะกรรมการส่งเสริมการศึกษาเอกชน,-,36,34.93,17.49,22.22,41.57,20.77,15.30,27.78,44.79,16.28,28.44
2568,569,สันกำแพงคันธาอนุสรณ์,สันกำแพง,เล็ก,นอกเมือง,สำนักงานคณะกรรมการการศึกษาขั้นพื้นฐาน,สพป.เชียงใหม่ เขต 1,25,17.63,16.77,20.00,40.00,15.70,17.55,40.00,48.99,11.45,20.37
2568,570,ออนใต้วิทยา,สันกำแพง,เล็ก,นอกเมือง,สำนักงานคณะกรรมการการศึกษาขั้นพื้นฐาน,สพป.เชียงใหม่ เขต 1,14,18.46,14.77,35.71,47.92,15.42,13.22,7.14,25.75,6.82,16.69
2568,571,ชลประทานเขื่อนแม่กวงจิราธิวัฒน์อุปถัมภ์,สันทราย,กลาง,นอกเมือง,สำนักงานคณะกรรมการการศึกษาขั้นพื้นฐาน,สพป.เชียงใหม่ เขต 2,31,16.20,12.97,35.48,47.85,10.13,11.00,25.81,43.76,6.16,15.99
2568,572,ต้นกล้า,สันทราย,กลาง,นอกเมือง,สำนักงานคณะกรรมการส่งเสริมการศึกษาเอกชน,-,23,40.49,23.68,43.48,49.57,33.85,26.73,30.43,46.01,51.38,34.59
2568,573,บ้านเจดีย์แม่ครัว,สันทราย,กลาง,นอกเมือง,สำนักงานคณะกรรมการการศึกษาขั้นพื้นฐาน,สพป.เชียงใหม่ เขต 2,63,23.22,18.87,22.22,41.57,15.91,16.79,17.46,37.96,8.40,20.33
2568,574,บ้านท่าเกวียน,สันทราย,เล็ก,นอกเมือง,สำนักงานคณะกรรมการการศึกษาขั้นพื้นฐาน,สพป.เชียงใหม่ เขต 2,18,33.80,20.16,38.89,48.75,25.18,18.58,22.22,41.57,21.97,29.71
2568,575,บ้านบวกเปา,สันทราย,เล็ก,นอกเมือง,สำนักงานคณะกรรมการการศึกษาขั้นพื้นฐาน,สพป.เชียงใหม่ เขต 2,15,29.48,18.25,33.33,47.14,17.01,14.09,6.67,24.94,22.26,23.80
2568,576,บ้านป่าก้าง,สันทราย,เล็ก,นอกเมือง,สำนักงานคณะกรรมการการศึกษาขั้นพื้นฐาน,สพป.เชียงใหม่ เขต 2,8,24.61,16.36,25.00,43.30,24.53,16.27,0.00,0.00,11.93,20.66
2568,577,บ้านป่าบง,สันทราย,เล็ก,นอกเมือง,สำนักงานคณะกรรมการการศึกษาขั้นพื้นฐาน,สพป.เชียงใหม่ เขต 2,15,37.33,21.16,26.67,44.22,28.91,20.29,6.67,24.94,35.60,33.59
2568,578,บ้านป่าเหมือด,สันทราย,เล็ก,นอกเมือง,สำนักงานคณะกรรมการการศึกษาขั้นพื้นฐาน,สพป.เชียงใหม่ เขต 2,18,25.29,16.43,22.22,41.57,17.55,17.42,27.78,44.79,16.16,22.87
2568,579,บ้านโปง,สันทราย,เล็ก,นอกเมือง,สำนักงานคณะกรรมการการศึกษาขั้นพื้นฐาน,สพป.เชียงใหม่ เขต 2,12,23.14,17.03,25.00,43.30,19.78,11.34,8.33,27.64,19.88,23.52
2568,580,บ้านโป่ง,สันทราย,เล็ก,นอกเมือง,สำนักงานคณะกรรมการการศึกษาขั้นพื้นฐาน,สพป.เชียงใหม่ เขต 2,8,26.44,13.71,37.50,48.41,12.26,9.50,37.50,48.41,17.89,23.10
2568,581,บ้านเมืองขอน,สันทราย,เล็ก,นอกเมือง,สำนักงานคณะกรรมการการศึกษาขั้นพื้นฐาน,สพป.เชียงใหม่ เขต 2,6,21.79,15.42,16.67,37.27,13.08,14.63,33.33,47.14,15.90,22.49
2568,582,บ้านแม่โจ้,สันทราย,กลาง,นอกเมือง,สำนักงานคณะกรรมการการศึกษาขั้นพื้นฐาน,สพป.เชียงใหม่ เขต 2,77,25.98,18.99,29.87,45.77,19.14,17.68,29.87,45.77,12.45,21.03
2568,583,บ้านแม่แต,สันทราย,เล็ก,นอกเมือง,สำนักงานคณะกรรมการการศึกษาขั้นพื้นฐาน,สพป.เชียงใหม่ เขต 2,4,28.26,6.99,0.00,0.00,4.91,8.50,25.00,43.30,11.93,20.66
2568,584,บ้านแม่แฝก,สันทราย,เล็ก,นอกเมือง,สำนักงานคณะกรรมการการศึกษาขั้นพื้นฐาน,สพป.เชียงใหม่ เขต 2,17,33.70,14.49,17.65,38.12,18.58,24.05,23.53,42.42,25.53,29.56
2568,585,บ้านแม่ย่อย,สันทราย,เล็ก,นอกเมือง,สำนักงานคณะกรรมการการศึกษาขั้นพื้นฐาน,สพป.เชียงใหม่ เขต 2,18,26.19,17.37,27.78,44.79,15.26,15.42,22.22,41.57,5.30,14.99
2568,586,บ้านร่มหลวง,สันทราย,เล็ก,นอกเมือง,สำนักงานคณะกรรมการการศึกษาขั้นพื้นฐาน,สพป.เชียงใหม่ เขต 2,15,43.27,18.58,26.67,44.22,19.75,19.22,40.00,48.99,29.24,35.17
2568,587,บ้านศรีงาม,สันทราย,เล็ก,นอกเมือง,สำนักงานคณะกรรมการการศึกษาขั้นพื้นฐาน,สพป.เชียงใหม่ เขต 2,7,30.21,16.02,28.57,45.18,31.37,26.19,0.00,0.00,21.10,36.17
2568,588,บ้านศรีบุญเรือง,สันทราย,กลาง,นอกเมือง,สำนักงานคณะกรรมการการศึกษาขั้นพื้นฐาน,สพป.เชียงใหม่ เขต 2,23,21.90,17.06,30.43,46.01,17.92,14.07,26.09,43.91,10.57,24.90
2568,589,บ้านสันพระเนตร,สันทราย,เล็ก,นอกเมือง,สำนักงานคณะกรรมการการศึกษาขั้นพื้นฐาน,สพป.เชียงใหม่ เขต 2,11,22.16,16.05,27.27,44.54,19.62,14.49,54.55,49.79,30.36,22.95
2568,590,บ้านสันศรี,สันทราย,เล็ก,นอกเมือง,สำนักงานคณะกรรมการการศึกษาขั้นพื้นฐาน,สพป.เชียงใหม่ เขต 2,9,29.05,21.56,22.22,41.57,19.62,20.68,11.11,31.43,11.11,20.82
2568,591,บ้านหนองไคร้,สันทราย,กลาง,นอกเมือง,สำนักงานคณะกรรมการการศึกษาขั้นพื้นฐาน,สพป.เชียงใหม่ เขต 2,66,32.77,22.57,28.79,45.28,19.11,18.63,18.18,38.57,22.31,32.45
2568,592,บ้านหนองมะจับ,สันทราย,เล็ก,นอกเมือง,สำนักงานคณะกรรมการการศึกษาขั้นพื้นฐาน,สพป.เชียงใหม่ เขต 2,4,61.72,6.80,50.00,50.00,24.53,16.27,50.00,50.00,11.93,20.66
2568,593,บ้านหนองหาร,สันทราย,เล็ก,นอกเมือง,สำนักงานคณะกรรมการการศึกษาขั้นพื้นฐาน,สพป.เชียงใหม่ เขต 2,11,35.80,19.42,18.18,38.57,28.71,22.94,27.27,44.54,18.18,24.09
2568,594,บ้านหลักปัน,สันทราย,กลาง,นอกเมือง,สำนักงานคณะกรรมการการศึกษาขั้นพื้นฐาน,สพป.เชียงใหม่ เขต 2,17,34.56,14.90,17.65,38.12,23.09,19.31,23.53,42.42,14.30,22.18
2568,595,บ้านห้วยเกี๋ยง,สันทราย,กลาง,นอกเมือง,สำนักงานคณะกรรมการการศึกษาขั้นพื้นฐาน,สพป.เชียงใหม่ เขต 2,49,21.22,16.85,26.53,44.15,10.81,13.18,18.37,38.72,10.90,24.79
2568,596,บ้านหัวฝาย,สันทราย,เล็ก,นอกเมือง,สำนักงานคณะกรรมการการศึกษาขั้นพื้นฐาน,สพป.เชียงใหม่ เขต 2,7,35.27,20.75,28.57,45.18,30.84,25.38,28.57,45.18,49.67,37.82
2568,597,พงษ์พิกุลเชียงใหม่,สันทราย,กลาง,นอกเมือง,สำนักงานคณะกรรมการส่งเสริมการศึกษาเอกชน,-,32,20.28,16.27,28.13,44.96,14.78,18.44,34.38,47.50,8.94,18.62
2568,598,วัดแม่แก้ดน้อย,สันทราย,ใหญ่,นอกเมือง,สำนักงานคณะกรรมการการศึกษาขั้นพื้นฐาน,สพป.เชียงใหม่ เขต 2,114,23.29,18.40,25.44,43.55,17.06,18.16,28.07,44.93,13.05,22.37
2568,599,วัดสันคะยอม,สันทราย,เล็ก,นอกเมือง,สำนักงานคณะกรรมการการศึกษาขั้นพื้นฐาน,สพป.เชียงใหม่ เขต 2,18,27.00,18.75,22.22,41.57,17.55,14.77,11.11,31.43,38.12,39.08
2568,600,วัดสันทรายมูล,สันทราย,เล็ก,นอกเมือง,สำนักงานคณะกรรมการการศึกษาขั้นพื้นฐาน,สพป.เชียงใหม่ เขต 2,16,28.75,19.72,37.50,48.41,20.85,10.90,6.25,24.21,11.93,20.66
2568,601,วีรยาเชียงใหม่,สันทราย,กลาง,นอกเมือง,สำนักงานคณะกรรมการส่งเสริมการศึกษาเอกชน,-,37,44.92,19.86,45.95,49.84,32.35,23.36,27.03,44.41,41.21,39.32
2568,602,ศรีสังวาลย์เชียงใหม่,สันทราย,กลาง,นอกเมือง,สำนักบริหารงานการศึกษาพิเศษ,-,0,-,-,-,-,-,-,-,-,-,-
2568,603,สวนองุ่นเชียงใหม่,สันทราย,กลาง,นอกเมือง,สำนักงานคณะกรรมการส่งเสริมการศึกษาเอกชน,-,37,40.91,23.99,29.73,45.71,25.51,21.46,21.62,41.17,26.28,33.59
2568,604,สันทรายหลวง,สันทราย,กลาง,นอกเมือง,สำนักงานคณะกรรมการการศึกษาขั้นพื้นฐาน,สพป.เชียงใหม่ เขต 2,55,25.51,18.20,21.82,41.30,19.98,19.97,14.55,35.26,20.98,27.40
2568,605,กิ่วแลน้อยประสิทธิ์วิทยา,สันป่าตอง,กลาง,นอกเมือง,สำนักงานคณะกรรมการการศึกษาขั้นพื้นฐาน,สพป.เชียงใหม่ เขต 4,16,41.05,17.46,31.25,46.35,18.51,19.22,6.25,24.21,21.16,29.81
2568,606,ชุมชนกิ่วแลหลวงประสิทธิ์วิทยา,สันป่าตอง,เล็ก,นอกเมือง,สำนักงานคณะกรรมการการศึกษาขั้นพื้นฐาน,สพป.เชียงใหม่ เขต 4,7,30.43,24.03,0.00,0.00,8.41,9.71,71.43,45.18,20.45,23.61
2568,607,ทุ่งฟ้าบดราษฎร์บำรุง,สันป่าตอง,กลาง,นอกเมือง,กรมส่งเสริมการปกครองท้องถิ่น,ท้องถิ่นจังหวัดเชียงใหม่,93,27.46,21.43,30.11,45.87,20.32,17.79,33.33,47.14,16.20,25.16
2568,608,บ้านทุ่งเสี้ยว (นวรัฐ),สันป่าตอง,เล็ก,นอกเมือง,สำนักงานคณะกรรมการการศึกษาขั้นพื้นฐาน,สพป.เชียงใหม่ เขต 4,18,21.79,17.20,27.78,44.79,15.26,16.75,44.44,49.69,7.95,17.78
2568,609,บ้านเปียง,สันป่าตอง,เล็ก,นอกเมือง,สำนักงานคณะกรรมการการศึกษาขั้นพื้นฐาน,สพป.เชียงใหม่ เขต 4,9,17.94,14.13,22.22,41.57,17.44,14.46,22.22,41.57,10.60,19.83
2568,610,บ้านม่วงพี่น้อง,สันป่าตอง,เล็ก,นอกเมือง,สำนักงานคณะกรรมการการศึกษาขั้นพื้นฐาน,สพป.เชียงใหม่ เขต 4,9,20.08,15.10,11.11,31.43,15.26,12.33,11.11,31.43,10.60,19.83
2568,611,บ้านแม่กุ้งหลวง,สันป่าตอง,เล็ก,นอกเมือง,สำนักงานคณะกรรมการการศึกษาขั้นพื้นฐาน,สพป.เชียงใหม่ เขต 4,5,16.46,25.62,20.00,40.00,16.08,14.80,20.00,40.00,0.00,0.00
2568,612,บ้านร่องน้ำ,สันป่าตอง,เล็ก,นอกเมือง,สำนักงานคณะกรรมการการศึกษาขั้นพื้นฐาน,สพป.เชียงใหม่ เขต 4,2,49.22,0.78,50.00,50.00,19.62,0.00,50.00,50.00,23.85,23.85
2568,613,บ้านห้วยส้ม,สันป่าตอง,เล็ก,นอกเมือง,สำนักงานคณะกรรมการการศึกษาขั้นพื้นฐาน,สพป.เชียงใหม่ เขต 4,19,20.56,21.84,15.79,36.46,21.69,16.72,21.05,40.77,10.04,19.45
2568,614,บ้านหัวริน,สันป่าตอง,เล็ก,นอกเมือง,สำนักงานคณะกรรมการการศึกษาขั้นพื้นฐาน,สพป.เชียงใหม่ เขต 4,20,27.69,19.44,25.00,43.30,19.62,15.20,15.00,35.71,11.93,20.66
2568,615,พัฒนวิทย์ศึกษา,สันป่าตอง,ใหญ่,นอกเมือง,สำนักงานคณะกรรมการส่งเสริมการศึกษาเอกชน,-,69,24.78,17.13,30.43,46.01,14.25,14.60,18.84,39.10,12.15,21.28
2568,616,วัดกู่คำ,สันป่าตอง,เล็ก,นอกเมือง,สำนักงานคณะกรรมการการศึกษาขั้นพื้นฐาน,สพป.เชียงใหม่ เขต 4,22,21.57,18.71,27.27,44.54,12.49,9.44,22.73,41.91,4.34,13.71
2568,617,วัดช่างกระดาษ,สันป่าตอง,เล็ก,นอกเมือง,สำนักงานคณะกรรมการการศึกษาขั้นพื้นฐาน,สพป.เชียงใหม่ เขต 4,4,20.19,17.60,25.00,43.30,9.81,9.81,25.00,43.30,23.85,23.85
2568,618,วัดดงป่างิ้ว,สันป่าตอง,เล็ก,นอกเมือง,สำนักงานคณะกรรมการการศึกษาขั้นพื้นฐาน,สพป.เชียงใหม่ เขต 4,2,24.22,8.07,0.00,0.00,19.62,0.00,0.00,0.00,0.00,0.00
2568,619,วัดท่ากาน,สันป่าตอง,เล็ก,นอกเมือง,สำนักงานคณะกรรมการการศึกษาขั้นพื้นฐาน,สพป.เชียงใหม่ เขต 4,6,38.20,7.83,50.00,50.00,13.08,14.63,33.33,47.14,15.90,22.49
2568,620,วัดน้ำบ่อหลวง,สันป่าตอง,เล็ก,นอกเมือง,สำนักงานคณะกรรมการการศึกษาขั้นพื้นฐาน,สพป.เชียงใหม่ เขต 4,14,18.57,17.20,42.86,49.49,12.61,14.09,28.57,45.18,3.41,12.29
2568,621,วัดโรงวัว,สันป่าตอง,เล็ก,นอกเมือง,สำนักงานคณะกรรมการการศึกษาขั้นพื้นฐาน,สพป.เชียงใหม่ เขต 4,14,23.18,17.98,35.71,47.92,8.41,14.29,42.86,49.49,13.63,21.55
2568,622,วัดสามหลัง,สันป่าตอง,เล็ก,นอกเมือง,สำนักงานคณะกรรมการการศึกษาขั้นพื้นฐาน,สพป.เชียงใหม่ เขต 4,7,37.58,22.88,42.86,49.49,39.78,32.14,14.29,34.99,28.57,36.44
2568,623,วัดอุเม็ง,สันป่าตอง,เล็ก,นอกเมือง,สำนักงานคณะกรรมการการศึกษาขั้นพื้นฐาน,สพป.เชียงใหม่ เขต 4,8,26.44,23.21,37.50,48.41,19.62,9.81,25.00,43.30,18.46,34.55
2568,624,วิมานทิพย์,สันป่าตอง,เล็ก,นอกเมือง,สำนักงานคณะกรรมการส่งเสริมการศึกษาเอกชน,-,23,44.27,25.75,39.13,48.80,31.81,28.07,30.43,46.01,32.51,37.88
2568,625,สันป่าตอง,สันป่าตอง,เล็ก,นอกเมือง,กรมส่งเสริมการปกครองท้องถิ่น,ท้องถิ่นจังหวัดเชียงใหม่,12,24.48,19.55,41.67,49.30,17.99,12.56,8.33,27.64,16.28,30.78
2568,626,สันป่าตอง (สุวรรณราษฎร์วิทยาคาร),สันป่าตอง,ใหญ่,นอกเมือง,สำนักงานคณะกรรมการการศึกษาขั้นพื้นฐาน,สพป.เชียงใหม่ เขต 4,165,32.53,21.77,33.33,47.14,22.45,19.95,24.24,42.85,20.89,29.69
2568,627,อุ่นไอรัก เชียงใหม่,สันป่าตอง,เล็ก,นอกเมือง,สำนักงานคณะกรรมการส่งเสริมการศึกษาเอกชน,-,23,31.37,15.48,26.09,43.91,17.15,17.76,13.04,33.68,14.92,22.58
2568,628,ช่องฟ้าซินเซิงวาณิชบำรุง,สารภี,ใหญ่พิเศษ,นอกเมือง,สำนักงานคณะกรรมการส่งเสริมการศึกษาเอกชน,-,256,38.06,21.65,40.23,49.04,26.45,22.23,21.09,40.80,29.28,32.67
2568,629,ชุมชนวัดปากกอง,สารภี,เล็ก,นอกเมือง,สำนักงานคณะกรรมการการศึกษาขั้นพื้นฐาน,สพป.เชียงใหม่ เขต 4,11,34.05,20.24,27.27,44.54,21.41,22.84,18.18,38.57,17.35,22.95
2568,630,ชุมชนวัดศรีคำชมภู,สารภี,กลาง,นอกเมือง,สำนักงานคณะกรรมการการศึกษาขั้นพื้นฐาน,สพป.เชียงใหม่ เขต 4,24,17.75,17.74,20.83,40.61,17.99,19.55,29.17,45.45,16.09,26.96
2568,631,เทศบาลตำบลยางเนิ้ง,สารภี,กลาง,นอกเมือง,กรมส่งเสริมการปกครองท้องถิ่น,ท้องถิ่นจังหวัดเชียงใหม่,31,19.37,12.63,25.81,43.76,11.39,13.90,16.13,36.78,7.69,17.55
2568,632,บ้านปากเหมือง,สารภี,กลาง,นอกเมือง,สำนักงานคณะกรรมการการศึกษาขั้นพื้นฐาน,สพป.เชียงใหม่ เขต 4,30,28.41,18.95,20.00,40.00,18.97,16.40,30.00,45.83,21.13,32.93
2568,633,บ้านสันทราย,สารภี,เล็ก,นอกเมือง,สำนักงานคณะกรรมการการศึกษาขั้นพื้นฐาน,สพป.เชียงใหม่ เขต 4,13,31.53,23.69,7.69,26.65,18.26,14.54,15.38,36.08,33.73,29.87
2568,634,ยุวฑูตศึกษาพัฒนา,สารภี,ใหญ่,นอกเมือง,สำนักงานคณะกรรมการส่งเสริมการศึกษาเอกชน,-,23,47.65,20.64,34.78,47.63,37.01,25.78,8.70,28.18,44.75,38.68
2568,635,วชิราลัย,สารภี,กลาง,นอกเมือง,สำนักงานคณะกรรมการส่งเสริมการศึกษาเอกชน,-,53,31.43,20.65,52.83,49.92,15.22,15.09,5.66,23.11,12.95,23.71
2568,636,วัดกองทราย,สารภี,เล็ก,นอกเมือง,สำนักงานคณะกรรมการการศึกษาขั้นพื้นฐาน,สพป.เชียงใหม่ เขต 4,12,20.32,17.93,58.33,49.30,16.35,15.68,33.33,47.14,3.98,13.19
2568,637,วัดท่าต้นกวาว,สารภี,เล็ก,นอกเมือง,สำนักงานคณะกรรมการการศึกษาขั้นพื้นฐาน,สพป.เชียงใหม่ เขต 4,18,27.98,20.32,22.22,41.57,17.44,14.46,44.44,49.69,21.46,29.22
2568,638,วัดเทพาราม,สารภี,เล็ก,นอกเมือง,สำนักงานคณะกรรมการการศึกษาขั้นพื้นฐาน,สพป.เชียงใหม่ เขต 4,14,43.46,21.62,42.86,49.49,18.22,21.58,28.57,45.18,27.59,30.47
2568,639,วัดนันทาราม,สารภี,เล็ก,นอกเมือง,สำนักงานคณะกรรมการการศึกษาขั้นพื้นฐาน,สพป.เชียงใหม่ เขต 4,9,31.02,16.47,22.22,41.57,21.80,17.17,11.11,31.43,26.50,23.71
2568,640,วัดบวกครกเหนือ,สารภี,เล็ก,นอกเมือง,สำนักงานคณะกรรมการการศึกษาขั้นพื้นฐาน,สพป.เชียงใหม่ เขต 4,13,16.15,12.67,38.46,48.65,21.13,14.32,15.38,36.08,22.02,23.78
2568,641,วัดพญาชมภู,สารภี,เล็ก,นอกเมือง,สำนักงานคณะกรรมการการศึกษาขั้นพื้นฐาน,สพป.เชียงใหม่ เขต 4,12,35.51,19.96,33.33,47.14,23.05,21.36,16.67,37.27,24.62,24.67
2568,642,วัดพระนอนหนองผึ้ง,สารภี,เล็ก,นอกเมือง,สำนักงานคณะกรรมการการศึกษาขั้นพื้นฐาน,สพป.เชียงใหม่ เขต 4,30,23.56,18.47,16.67,37.27,21.71,17.28,23.33,42.30,19.39,27.04
2568,643,วัดแม่สะลาบ,สารภี,เล็ก,นอกเมือง,สำนักงานคณะกรรมการการศึกษาขั้นพื้นฐาน,สพป.เชียงใหม่ เขต 4,22,25.24,23.60,31.82,46.58,17.84,15.55,18.18,38.57,22.10,32.27
2568,644,วัดเวฬุวัน,สารภี,ใหญ่,นอกเมือง,สำนักงานคณะกรรมการการศึกษาขั้นพื้นฐาน,สพป.เชียงใหม่ เขต 4,171,28.71,18.68,28.07,44.93,20.77,21.16,26.90,44.34,21.61,28.09
2568,645,วัดศรีดอนชัย,สารภี,เล็ก,นอกเมือง,สำนักงานคณะกรรมการการศึกษาขั้นพื้นฐาน,สพป.เชียงใหม่ เขต 4,12,28.52,9.95,41.67,49.30,14.72,16.27,25.00,43.30,12.31,21.35
2568,646,วัดศรีโพธาราม,สารภี,เล็ก,นอกเมือง,สำนักงานคณะกรรมการการศึกษาขั้นพื้นฐาน,สพป.เชียงใหม่ เขต 4,10,17.76,19.71,10.00,30.00,15.70,14.68,30.00,45.83,34.77,31.95
2568,647,วัดสันดอนมูล,สารภี,เล็ก,นอกเมือง,สำนักงานคณะกรรมการการศึกษาขั้นพื้นฐาน,สพป.เชียงใหม่ เขต 4,13,23.84,15.41,23.08,42.13,15.24,13.73,30.77,46.15,29.71,30.61
2568,648,เวียงเศรษฐีวิทยา,สารภี,เล็ก,นอกเมือง,สำนักงานคณะกรรมการการศึกษาขั้นพื้นฐาน,สพป.เชียงใหม่ เขต 4,15,22.82,17.71,20.00,40.00,21.18,20.07,40.00,48.99,9.85,26.86
2568,649,ศูนย์การเรียนแห่งความหวังและอนาคต,สารภี,เล็ก,นอกเมือง,สำนักงานคณะกรรมการการศึกษาขั้นพื้นฐาน,สพป.เชียงใหม่ เขต 4,2,41.93,8.07,50.00,50.00,9.81,9.81,0.00,0.00,0.00,0.00
2568,650,สืบนทีธรรม,สารภี,กลาง,นอกเมือง,สำนักงานคณะกรรมการส่งเสริมการศึกษาเอกชน,-,39,26.03,21.78,20.51,40.38,14.14,13.39,23.08,42.13,13.57,24.44
2568,651,ต้นแก้วผดุงพิทยาลัย,หางดง,ใหญ่,นอกเมือง,กรมส่งเสริมการปกครองท้องถิ่น,ท้องถิ่นจังหวัดเชียงใหม่,134,22.49,17.98,27.61,44.71,17.32,17.40,27.61,44.71,17.14,25.63
2568,652,เทศบาลหนองตองวิทยา,หางดง,เล็ก,นอกเมือง,กรมส่งเสริมการปกครองท้องถิ่น,ท้องถิ่นจังหวัดเชียงใหม่,19,18.94,12.31,42.11,49.37,13.43,14.31,36.84,48.24,10.28,19.94
2568,653,เทศบาลหางดง (ประชาคมสร้างสรรค์),หางดง,ใหญ่,นอกเมือง,กรมส่งเสริมการปกครองท้องถิ่น,ท้องถิ่นจังหวัดเชียงใหม่,65,31.51,21.65,23.08,42.13,25.14,24.39,21.54,41.11,24.33,35.03
2568,654,นันทชาติ เกรด สคูล,หางดง,เล็ก,นอกเมือง,สำนักงานคณะกรรมการส่งเสริมการศึกษาเอกชน,-,2,41.15,8.85,0.00,0.00,59.81,0.94,0.00,0.00,100.00,0.00
2568,655,บ้านคุณแม่,หางดง,เล็ก,นอกเมือง,สำนักงานคณะกรรมการส่งเสริมการศึกษาเอกชน,-,20,35.26,27.19,40.00,48.99,27.06,24.86,25.00,43.30,29.31,36.38
2568,656,บ้านดง,หางดง,เล็ก,นอกเมือง,สำนักงานคณะกรรมการการศึกษาขั้นพื้นฐาน,สพป.เชียงใหม่ เขต 4,18,38.20,23.15,55.56,49.69,23.10,19.19,16.67,37.27,40.27,29.68
2568,657,บ้านตองกาย,หางดง,เล็ก,นอกเมือง,สำนักงานคณะกรรมการการศึกษาขั้นพื้นฐาน,สพป.เชียงใหม่ เขต 4,15,16.25,14.56,13.33,33.99,18.31,20.85,26.67,44.22,9.54,19.08
2568,658,บ้านทรายมูล,หางดง,กลาง,นอกเมือง,สำนักงานคณะกรรมการการศึกษาขั้นพื้นฐาน,สพป.เชียงใหม่ เขต 4,48,25.89,20.23,29.17,45.45,15.94,16.83,14.58,35.29,20.16,25.97
2568,659,บ้านท้าวบุญเรือง,หางดง,เล็ก,นอกเมือง,สำนักงานคณะกรรมการการศึกษาขั้นพื้นฐาน,สพป.เชียงใหม่ เขต 4,16,19.47,16.80,31.25,46.35,14.83,14.92,31.25,46.35,6.54,17.29
2568,660,บ้านน้ำแพร่,หางดง,เล็ก,นอกเมือง,สำนักงานคณะกรรมการการศึกษาขั้นพื้นฐาน,สพป.เชียงใหม่ เขต 4,13,25.20,21.05,38.46,48.65,24.15,15.69,23.08,42.13,11.36,28.55
2568,661,บ้านปง,หางดง,เล็ก,นอกเมือง,สำนักงานคณะกรรมการการศึกษาขั้นพื้นฐาน,สพป.เชียงใหม่ เขต 4,19,23.28,16.28,36.84,48.24,17.56,12.56,15.79,36.46,17.82,23.35
2568,662,บ้านป่าตาล,หางดง,เล็ก,นอกเมือง,สำนักงานคณะกรรมการการศึกษาขั้นพื้นฐาน,สพป.เชียงใหม่ เขต 4,31,19.85,19.66,32.26,46.75,21.01,16.70,22.58,41.81,15.54,25.86
2568,663,บ้านฟ่อน,หางดง,เล็ก,นอกเมือง,สำนักงานคณะกรรมการการศึกษาขั้นพื้นฐาน,สพป.เชียงใหม่ เขต 4,5,29.38,6.64,60.00,48.99,36.08,15.40,0.00,0.00,39.08,37.19
2568,664,บ้านไร่,หางดง,เล็ก,นอกเมือง,สำนักงานคณะกรรมการการศึกษาขั้นพื้นฐาน,สพป.เชียงใหม่ เขต 4,6,27.17,22.64,33.33,47.14,16.35,28.70,16.67,37.27,16.67,37.27
2568,665,บ้านวังศรี,หางดง,เล็ก,นอกเมือง,สำนักงานคณะกรรมการการศึกษาขั้นพื้นฐาน,สพป.เชียงใหม่ เขต 4,7,20.98,16.80,42.86,49.49,16.82,16.35,0.00,0.00,6.82,16.69
2568,666,บ้านสันทราย,หางดง,เล็ก,นอกเมือง,สำนักงานคณะกรรมการการศึกษาขั้นพื้นฐาน,สพป.เชียงใหม่ เขต 4,9,8.97,13.43,22.22,41.57,15.26,12.33,11.11,31.43,11.11,20.82
2568,667,บ้านสันป่าสัก,หางดง,กลาง,นอกเมือง,สำนักงานคณะกรรมการการศึกษาขั้นพื้นฐาน,สพป.เชียงใหม่ เขต 4,49,28.33,19.88,24.49,43.00,24.94,21.89,22.45,41.72,33.25,36.80
2568,668,บ้านสันผักหวาน,หางดง,เล็ก,นอกเมือง,สำนักงานคณะกรรมการการศึกษาขั้นพื้นฐาน,สพป.เชียงใหม่ เขต 4,18,25.29,15.61,16.67,37.27,18.64,19.16,22.22,41.57,13.51,27.43
2568,669,บ้านแสนตอ,หางดง,เล็ก,นอกเมือง,สำนักงานคณะกรรมการการศึกษาขั้นพื้นฐาน,สพป.เชียงใหม่ เขต 4,10,20.99,20.49,10.00,30.00,13.74,15.33,20.00,40.00,4.77,14.31
2568,670,พันธสัญญา,หางดง,เล็ก,นอกเมือง,สำนักงานคณะกรรมการส่งเสริมการศึกษาเอกชน,-,8,36.92,18.01,25.00,43.30,17.17,11.76,12.50,33.07,12.50,21.68
2568,671,ลักษณ์พงค์วิทยา,หางดง,เล็ก,นอกเมือง,สำนักงานคณะกรรมการส่งเสริมการศึกษาเอกชน,-,10,29.53,20.63,10.00,30.00,17.66,20.49,20.00,40.00,14.31,21.86
2568,672,วัดคีรีเขต,หางดง,เล็ก,นอกเมือง,สำนักงานคณะกรรมการการศึกษาขั้นพื้นฐาน,สพป.เชียงใหม่ เขต 4,5,9.69,7.91,40.00,48.99,15.70,22.88,0.00,0.00,9.54,19.08
2568,673,วัดจอมทอง,หางดง,เล็ก,นอกเมือง,สำนักงานคณะกรรมการการศึกษาขั้นพื้นฐาน,สพป.เชียงใหม่ เขต 4,8,26.44,16.30,25.00,43.30,12.26,13.66,37.50,48.41,36.35,32.66
2568,674,วัดช่างคำ,หางดง,เล็ก,นอกเมือง,สำนักงานคณะกรรมการการศึกษาขั้นพื้นฐาน,สพป.เชียงใหม่ เขต 4,4,53.65,13.98,50.00,50.00,24.53,21.38,25.00,43.30,47.71,0.00
2568,675,วัดประชาเกษม,หางดง,เล็ก,นอกเมือง,สำนักงานคณะกรรมการการศึกษาขั้นพื้นฐาน,สพป.เชียงใหม่ เขต 4,24,21.66,17.94,25.00,43.30,14.72,11.68,33.33,47.14,11.93,20.66
2568,676,วัดพระเจ้าเหลื้อม,หางดง,เล็ก,นอกเมือง,สำนักงานคณะกรรมการการศึกษาขั้นพื้นฐาน,สพป.เชียงใหม่ เขต 4,6,35.25,19.57,33.33,47.14,22.89,13.48,50.00,50.00,16.67,23.61
2568,677,วัดศรีล้อม,หางดง,เล็ก,นอกเมือง,สำนักงานคณะกรรมการการศึกษาขั้นพื้นฐาน,สพป.เชียงใหม่ เขต 4,6,22.05,15.60,16.67,37.27,16.35,17.61,16.67,37.27,0.00,0.00
2568,678,วัดศรีสว่าง,หางดง,เล็ก,นอกเมือง,สำนักงานคณะกรรมการการศึกษาขั้นพื้นฐาน,สพป.เชียงใหม่ เขต 4,11,24.96,19.91,9.09,28.75,12.49,12.61,27.27,44.54,13.01,21.25
2568,679,สาธิตนานาชาติทวิภาษาแห่งมหาวิทยาลัยรังสิต เชียงใหม่,หางดง,กลาง,นอกเมือง,สำนักงานคณะกรรมการส่งเสริมการศึกษาเอกชน,-,1,64.60,0.00,0.00,0.00,78.49,0.00,100.00,0.00,0.00,0.00
2568,680,ชุมชนบ้านใหม่,อมก๋อย,เล็ก,นอกเมือง,สำนักงานคณะกรรมการการศึกษาขั้นพื้นฐาน,สพป.เชียงใหม่ เขต 5,18,20.89,17.72,22.22,41.57,13.08,14.63,27.78,44.79,8.21,18.37
2568,681,ชุมชนบ้านอมก๋อย,อมก๋อย,กลาง,นอกเมือง,สำนักงานคณะกรรมการการศึกษาขั้นพื้นฐาน,สพป.เชียงใหม่ เขต 5,38,23.92,18.96,26.32,44.03,17.09,19.35,26.32,44.03,12.92,24.49
2568,682,ตชด.บางกอกเชฟแชร์ริตี้,อมก๋อย,เล็ก,นอกเมือง,กองบัญชาการตำรวจตระเวนชายแดน,-,14,12.69,15.17,21.43,41.03,14.02,13.73,42.86,49.49,13.63,21.55
2568,683,ตรีมิตรวิทยา,อมก๋อย,กลาง,นอกเมือง,สำนักงานคณะกรรมการการศึกษาขั้นพื้นฐาน,สพป.เชียงใหม่ เขต 5,8,24.42,8.28,25.00,43.30,14.72,12.98,37.50,48.41,11.93,20.66
2568,684,ท่านผู้หญิงประไพ ศิวะโกเศศ,อมก๋อย,เล็ก,นอกเมือง,กองบัญชาการตำรวจตระเวนชายแดน,-,9,35.89,12.69,22.22,41.57,40.92,13.41,100.00,0.00,57.59,14.99
2568,685,ทุ่งต้นงิ้ว,อมก๋อย,เล็ก,นอกเมือง,สำนักงานคณะกรรมการการศึกษาขั้นพื้นฐาน,สพป.เชียงใหม่ เขต 5,26,19.25,16.77,26.92,44.36,12.83,17.16,26.92,44.36,11.01,20.10
2568,686,บ้านขุนตื่น,อมก๋อย,เล็ก,นอกเมือง,สำนักงานคณะกรรมการการศึกษาขั้นพื้นฐาน,สพป.เชียงใหม่ เขต 5,8,16.34,14.22,37.50,48.41,22.08,15.32,50.00,50.00,11.93,20.66
2568,687,บ้านขุนแม่ตื่นน้อย,อมก๋อย,เล็ก,นอกเมือง,สำนักงานคณะกรรมการการศึกษาขั้นพื้นฐาน,สพป.เชียงใหม่ เขต 5,5,19.38,12.08,20.00,40.00,11.77,15.70,20.00,40.00,9.54,19.08
2568,688,บ้านซิแบร,อมก๋อย,เล็ก,นอกเมือง,สำนักงานคณะกรรมการการศึกษาขั้นพื้นฐาน,สพป.เชียงใหม่ เขต 5,18,19.82,14.78,16.67,37.27,11.99,14.83,0.00,0.00,10.60,19.83
2568,689,บ้านตุงติง,อมก๋อย,เล็ก,นอกเมือง,สำนักงานคณะกรรมการการศึกษาขั้นพื้นฐาน,สพป.เชียงใหม่ เขต 5,18,22.77,20.55,0.00,0.00,10.90,11.74,27.78,44.79,15.90,22.49
2568,690,บ้านตุงลอย,อมก๋อย,กลาง,นอกเมือง,สำนักงานคณะกรรมการการศึกษาขั้นพื้นฐาน,สพป.เชียงใหม่ เขต 5,34,21.08,17.48,8.82,28.36,16.16,15.40,17.65,38.12,11.23,20.24
2568,691,บ้านทุ่งจำเริง,อมก๋อย,เล็ก,นอกเมือง,สำนักงานคณะกรรมการการศึกษาขั้นพื้นฐาน,สพป.เชียงใหม่ เขต 5,15,19.38,10.55,20.00,40.00,14.39,16.75,13.33,33.99,19.08,23.37
2568,692,บ้านนาเกียน,อมก๋อย,เล็ก,นอกเมือง,สำนักงานคณะกรรมการการศึกษาขั้นพื้นฐาน,สพป.เชียงใหม่ เขต 5,13,25.44,16.70,7.69,26.65,22.64,16.94,7.69,26.65,18.35,23.21
2568,693,บ้านนาไคร้,อมก๋อย,เล็ก,นอกเมือง,สำนักงานคณะกรรมการการศึกษาขั้นพื้นฐาน,สพป.เชียงใหม่ เขต 5,6,16.15,9.32,0.00,0.00,9.81,14.99,50.00,50.00,7.95,17.78
2568,694,บ้านใบหนา,อมก๋อย,เล็ก,นอกเมือง,สำนักงานคณะกรรมการการศึกษาขั้นพื้นฐาน,สพป.เชียงใหม่ เขต 5,11,25.10,20.20,9.09,28.75,14.27,14.71,9.09,28.75,4.34,13.71
2568,695,บ้านผาปูน,อมก๋อย,เล็ก,นอกเมือง,สำนักงานคณะกรรมการการศึกษาขั้นพื้นฐาน,สพป.เชียงใหม่ เขต 5,12,21.53,15.23,0.00,0.00,9.81,14.99,16.67,37.27,16.28,23.06
2568,696,บ้านผีปานเหนือ,อมก๋อย,กลาง,นอกเมือง,สำนักงานคณะกรรมการการศึกษาขั้นพื้นฐาน,สพป.เชียงใหม่ เขต 5,22,19.96,15.61,9.09,28.75,13.38,13.73,31.82,46.58,13.22,21.61
2568,697,บ้านมูเซอ,อมก๋อย,กลาง,นอกเมือง,สำนักงานคณะกรรมการการศึกษาขั้นพื้นฐาน,สพป.เชียงใหม่ เขต 5,26,13.04,16.16,34.62,47.57,12.08,13.42,7.69,26.65,9.17,18.80
2568,698,บ้านแม่โขง,อมก๋อย,เล็ก,นอกเมือง,สำนักงานคณะกรรมการการศึกษาขั้นพื้นฐาน,สพป.เชียงใหม่ เขต 5,7,25.38,16.95,0.00,0.00,11.21,14.29,14.29,34.99,6.82,16.69
2568,699,บ้านแม่ต๋อม,อมก๋อย,กลาง,นอกเมือง,สำนักงานคณะกรรมการการศึกษาขั้นพื้นฐาน,สพป.เชียงใหม่ เขต 5,27,26.92,16.45,22.22,41.57,11.63,13.36,37.04,48.29,8.83,18.53
2568,700,บ้านแม่ตื่น,อมก๋อย,เล็ก,นอกเมือง,สำนักงานคณะกรรมการการศึกษาขั้นพื้นฐาน,สพป.เชียงใหม่ เขต 5,7,20.76,16.64,14.29,34.99,14.02,8.86,14.29,34.99,6.82,16.69
2568,701,บ้านแม่ลานหลวง,อมก๋อย,เล็ก,นอกเมือง,สำนักงานคณะกรรมการการศึกษาขั้นพื้นฐาน,สพป.เชียงใหม่ เขต 5,23,21.13,16.97,21.74,41.25,14.50,14.43,17.39,37.90,20.74,23.65
2568,702,บ้านแม่ลานหลวง สาขาบ้านดอยซาง,อมก๋อย,เล็ก,นอกเมือง,สำนักงานคณะกรรมการการศึกษาขั้นพื้นฐาน,สพป.เชียงใหม่ เขต 5,14,16.15,10.57,14.29,34.99,14.02,15.61,14.29,34.99,0.00,0.00
2568,703,บ้านแม่สะเต,อมก๋อย,เล็ก,นอกเมือง,สำนักงานคณะกรรมการการศึกษาขั้นพื้นฐาน,สพป.เชียงใหม่ เขต 5,11,23.63,12.91,27.27,44.54,10.70,9.77,36.36,48.10,4.34,13.71
2568,704,บ้านแม่หลองน้อย,อมก๋อย,เล็ก,นอกเมือง,สำนักงานคณะกรรมการการศึกษาขั้นพื้นฐาน,สพป.เชียงใหม่ เขต 5,19,22.95,15.11,21.05,40.77,10.33,11.68,26.32,44.03,2.51,10.65
2568,705,บ้านแม่อ่างขาง,อมก๋อย,เล็ก,นอกเมือง,สำนักงานคณะกรรมการการศึกษาขั้นพื้นฐาน,สพป.เชียงใหม่ เขต 5,19,17.93,12.82,21.05,40.77,13.43,11.12,15.79,36.46,5.02,14.64
2568,706,บ้านยางแก้ว,อมก๋อย,เล็ก,นอกเมือง,สำนักงานคณะกรรมการการศึกษาขั้นพื้นฐาน,สพป.เชียงใหม่ เขต 5,20,17.03,12.99,20.00,40.00,10.79,13.13,20.00,40.00,4.77,14.31
2568,707,บ้านยางครก,อมก๋อย,เล็ก,นอกเมือง,สำนักงานคณะกรรมการการศึกษาขั้นพื้นฐาน,สพป.เชียงใหม่ เขต 5,17,28.86,15.30,0.00,0.00,8.08,13.56,17.65,38.12,5.61,15.37
2568,708,บ้านยางเปา,อมก๋อย,กลาง,นอกเมือง,สำนักงานคณะกรรมการการศึกษาขั้นพื้นฐาน,สพป.เชียงใหม่ เขต 5,26,20.56,15.34,19.23,39.41,18.87,12.74,23.08,42.13,5.50,15.24
2568,709,บ้านยางเปียง,อมก๋อย,เล็ก,นอกเมือง,สำนักงานคณะกรรมการการศึกษาขั้นพื้นฐาน,สพป.เชียงใหม่ เขต 5,6,27.17,20.63,16.67,37.27,13.08,9.25,16.67,37.27,31.80,22.49
2568,710,บ้านสบลาน,อมก๋อย,กลาง,นอกเมือง,สำนักงานคณะกรรมการการศึกษาขั้นพื้นฐาน,สพป.เชียงใหม่ เขต 5,18,15.42,15.69,22.22,41.57,9.81,14.99,33.33,47.14,7.95,17.78
2568,711,บ้านหลวง,อมก๋อย,เล็ก,นอกเมือง,สำนักงานคณะกรรมการการศึกษาขั้นพื้นฐาน,สพป.เชียงใหม่ เขต 5,26,38.55,22.46,23.08,42.13,18.87,19.23,15.38,36.08,31.55,30.20
2568,712,บ้านห้วยโค้ง,อมก๋อย,กลาง,นอกเมือง,สำนักงานคณะกรรมการการศึกษาขั้นพื้นฐาน,สพป.เชียงใหม่ เขต 5,19,23.80,13.22,15.79,36.46,13.43,12.82,5.26,22.33,5.02,14.64
2568,713,บ้านห้วยน้ำขาว,อมก๋อย,กลาง,นอกเมือง,สำนักงานคณะกรรมการการศึกษาขั้นพื้นฐาน,สพป.เชียงใหม่ เขต 5,31,15.63,14.49,9.68,29.57,11.39,12.97,22.58,41.81,9.23,18.85
2568,714,บ้านห้วยปูลิง,อมก๋อย,เล็ก,นอกเมือง,สำนักงานคณะกรรมการการศึกษาขั้นพื้นฐาน,สพป.เชียงใหม่ เขต 5,16,19.37,15.51,31.25,46.35,9.81,12.02,12.50,33.07,20.87,23.67
2568,715,บ้านห้วยไม้หก,อมก๋อย,เล็ก,นอกเมือง,สำนักงานคณะกรรมการการศึกษาขั้นพื้นฐาน,สพป.เชียงใหม่ เขต 5,15,17.23,15.00,20.00,40.00,14.39,15.14,53.33,49.89,22.26,23.80
2568,716,บ้านห้วยหล่อดูก,อมก๋อย,เล็ก,นอกเมือง,สำนักงานคณะกรรมการการศึกษาขั้นพื้นฐาน,สพป.เชียงใหม่ เขต 5,25,29.25,16.12,28.00,44.90,14.13,14.17,20.00,40.00,13.91,22.34
2568,717,บ้านห่างหลวง,อมก๋อย,เล็ก,นอกเมือง,สำนักงานคณะกรรมการการศึกษาขั้นพื้นฐาน,สพป.เชียงใหม่ เขต 5,9,25.12,13.43,11.11,31.43,6.54,9.25,44.44,49.69,10.60,19.83
2568,718,บ้านอูตูม,อมก๋อย,กลาง,นอกเมือง,สำนักงานคณะกรรมการการศึกษาขั้นพื้นฐาน,สพป.เชียงใหม่ เขต 5,41,17.88,13.89,17.07,37.63,13.88,11.66,17.07,37.63,8.14,17.95
2568,719,รางวัลอินทิราคานธี,อมก๋อย,เล็ก,นอกเมือง,กองบัญชาการตำรวจตระเวนชายแดน,-,7,27.68,16.64,0.00,0.00,11.21,9.71,14.29,34.99,6.82,16.69
2568,720,ชุมชนบ้านท่าข้าม,ฮอด,กลาง,นอกเมือง,สำนักงานคณะกรรมการการศึกษาขั้นพื้นฐาน,สพป.เชียงใหม่ เขต 5,32,23.31,16.67,28.13,44.96,15.33,15.31,15.63,36.31,22.36,23.81
2568,721,ชุมชนบ้านแม่ทัง,ฮอด,เล็ก,นอกเมือง,สำนักงานคณะกรรมการการศึกษาขั้นพื้นฐาน,สพป.เชียงใหม่ เขต 5,18,30.76,17.05,5.56,22.91,10.90,18.76,38.89,48.75,18.55,23.26
2568,722,บ้านกองลอย,ฮอด,กลาง,นอกเมือง,สำนักงานคณะกรรมการการศึกษาขั้นพื้นฐาน,สพป.เชียงใหม่ เขต 5,14,16.26,15.08,35.71,47.92,21.02,13.80,7.14,25.75,13.96,29.06
2568,723,บ้านกองหิน,ฮอด,เล็ก,นอกเมือง,สำนักงานคณะกรรมการการศึกษาขั้นพื้นฐาน,สพป.เชียงใหม่ เขต 5,4,45.19,18.14,25.00,43.30,24.53,8.50,25.00,43.30,35.78,20.66
2568,724,บ้านกิ่วลม,ฮอด,เล็ก,นอกเมือง,สำนักงานคณะกรรมการการศึกษาขั้นพื้นฐาน,สพป.เชียงใหม่ เขต 5,9,18.12,14.31,22.22,41.57,8.72,9.75,11.11,31.43,5.30,14.99
2568,725,บ้านขุน,ฮอด,เล็ก,นอกเมือง,สำนักงานคณะกรรมการการศึกษาขั้นพื้นฐาน,สพป.เชียงใหม่ เขต 5,13,34.14,19.76,15.38,36.08,21.13,21.02,30.77,46.15,34.09,35.88
2568,726,บ้านแควมะกอก,ฮอด,กลาง,นอกเมือง,สำนักงานคณะกรรมการการศึกษาขั้นพื้นฐาน,สพป.เชียงใหม่ เขต 5,16,27.45,17.11,31.25,46.35,14.83,14.92,25.00,43.30,8.94,18.62
2568,727,บ้านโค้งงาม,ฮอด,เล็ก,นอกเมือง,สำนักงานคณะกรรมการการศึกษาขั้นพื้นฐาน,สพป.เชียงใหม่ เขต 5,7,25.38,14.59,57.14,49.49,16.82,16.35,28.57,45.18,27.26,23.61
2568,728,บ้านดงดำ,ฮอด,เล็ก,นอกเมือง,สำนักงานคณะกรรมการการศึกษาขั้นพื้นฐาน,สพป.เชียงใหม่ เขต 5,6,24.22,15.46,33.33,47.14,22.89,17.61,50.00,50.00,0.00,0.00
2568,729,บ้านดอกแดง,ฮอด,เล็ก,นอกเมือง,สำนักงานคณะกรรมการการศึกษาขั้นพื้นฐาน,สพป.เชียงใหม่ เขต 5,10,29.38,15.90,30.00,45.83,15.70,22.88,10.00,30.00,0.00,0.00
2568,730,บ้านดอยคำ,ฮอด,เล็ก,นอกเมือง,สำนักงานคณะกรรมการการศึกษาขั้นพื้นฐาน,สพป.เชียงใหม่ เขต 5,4,16.15,11.42,25.00,43.30,19.62,13.88,0.00,0.00,0.00,0.00
2568,731,บ้านเด่นวิทยา,ฮอด,เล็ก,นอกเมือง,สำนักงานคณะกรรมการการศึกษาขั้นพื้นฐาน,สพป.เชียงใหม่ เขต 5,5,16.15,10.21,20.00,40.00,15.70,14.68,40.00,48.99,0.00,0.00
2568,732,บ้านตาลใต้,ฮอด,เล็ก,นอกเมือง,สำนักงานคณะกรรมการการศึกษาขั้นพื้นฐาน,สพป.เชียงใหม่ เขต 5,6,21.79,12.28,16.67,37.27,13.08,14.63,50.00,50.00,15.90,22.49
2568,733,บ้านตาลเหนือ,ฮอด,เล็ก,นอกเมือง,สำนักงานคณะกรรมการการศึกษาขั้นพื้นฐาน,สพป.เชียงใหม่ เขต 5,12,28.65,19.00,16.67,37.27,13.24,12.58,16.67,37.27,7.95,17.78
2568,734,บ้านตีนตก,ฮอด,เล็ก,นอกเมือง,สำนักงานคณะกรรมการการศึกษาขั้นพื้นฐาน,สพป.เชียงใหม่ เขต 5,4,36.34,6.99,0.00,0.00,14.72,8.50,0.00,0.00,11.93,20.66
2568,735,บ้านเตียนอาง,ฮอด,เล็ก,นอกเมือง,สำนักงานคณะกรรมการการศึกษาขั้นพื้นฐาน,สพป.เชียงใหม่ เขต 5,6,26.92,15.23,0.00,0.00,13.08,9.25,0.00,0.00,0.00,0.00
2568,736,บ้านทุ่ง,ฮอด,เล็ก,นอกเมือง,สำนักงานคณะกรรมการการศึกษาขั้นพื้นฐาน,สพป.เชียงใหม่ เขต 5,7,25.60,17.05,28.57,45.18,11.21,14.29,0.00,0.00,0.00,0.00
2568,737,บ้านทุ่งโป่ง,ฮอด,เล็ก,นอกเมือง,สำนักงานคณะกรรมการการศึกษาขั้นพื้นฐาน,สพป.เชียงใหม่ เขต 5,10,22.61,17.98,40.00,48.99,15.70,19.23,20.00,40.00,14.31,21.86
2568,738,บ้านนาคอเรือ,ฮอด,เล็ก,นอกเมือง,สำนักงานคณะกรรมการการศึกษาขั้นพื้นฐาน,สพป.เชียงใหม่ เขต 5,18,34.61,25.76,11.11,31.43,21.80,22.55,33.33,47.14,21.46,24.01
2568,739,บ้านนาฟ่อน,ฮอด,เล็ก,นอกเมือง,สำนักงานคณะกรรมการการศึกษาขั้นพื้นฐาน,สพป.เชียงใหม่ เขต 5,16,19.57,16.69,18.75,39.03,11.16,15.54,0.00,0.00,5.96,15.78
2568,740,บ้านบ่อสลี,ฮอด,เล็ก,นอกเมือง,สำนักงานคณะกรรมการการศึกษาขั้นพื้นฐาน,สพป.เชียงใหม่ เขต 5,6,29.61,17.23,50.00,50.00,3.27,7.31,0.00,0.00,7.95,17.78
2568,741,บ้านบ่อหลวง,ฮอด,กลาง,นอกเมือง,สำนักงานคณะกรรมการการศึกษาขั้นพื้นฐาน,สพป.เชียงใหม่ เขต 5,24,29.32,16.49,12.50,33.07,17.25,16.44,25.00,43.30,13.91,21.68
2568,742,บ้านผาแตน,ฮอด,เล็ก,นอกเมือง,สำนักงานคณะกรรมการการศึกษาขั้นพื้นฐาน,สพป.เชียงใหม่ เขต 5,3,16.15,0.00,33.33,47.14,13.08,9.25,33.33,47.14,0.00,0.00
2568,743,บ้านพุย,ฮอด,เล็ก,นอกเมือง,สำนักงานคณะกรรมการการศึกษาขั้นพื้นฐาน,สพป.เชียงใหม่ เขต 5,17,27.64,19.89,29.41,45.56,20.78,15.74,11.76,32.22,14.30,28.02
2568,744,บ้านแม่งูด,ฮอด,เล็ก,นอกเมือง,สำนักงานคณะกรรมการการศึกษาขั้นพื้นฐาน,สพป.เชียงใหม่ เขต 5,8,24.61,18.58,37.50,48.41,9.81,13.88,50.00,50.00,5.96,15.78
2568,745,บ้านแม่ลอง,ฮอด,เล็ก,นอกเมือง,สำนักงานคณะกรรมการการศึกษาขั้นพื้นฐาน,สพป.เชียงใหม่ เขต 5,4,37.11,24.54,0.00,0.00,4.91,8.50,50.00,50.00,23.85,23.85
2568,746,บ้านแม่ลาย,ฮอด,เล็ก,นอกเมือง,สำนักงานคณะกรรมการการศึกษาขั้นพื้นฐาน,สพป.เชียงใหม่ เขต 5,24,32.82,21.36,25.00,43.30,16.35,14.63,8.33,27.64,24.43,31.85
2568,747,บ้านแม่ลายเหนือ,ฮอด,เล็ก,นอกเมือง,สำนักงานคณะกรรมการการศึกษาขั้นพื้นฐาน,สพป.เชียงใหม่ เขต 5,13,19.88,14.38,61.54,48.65,13.73,12.20,30.77,46.15,0.00,0.00
2568,748,บ้านแม่สะนาม,ฮอด,เล็ก,นอกเมือง,สำนักงานคณะกรรมการการศึกษาขั้นพื้นฐาน,สพป.เชียงใหม่ เขต 5,2,41.93,8.07,100.00,0.00,29.43,9.81,0.00,0.00,0.00,0.00
2568,749,บ้านแม่อมลอง,ฮอด,เล็ก,นอกเมือง,สำนักงานคณะกรรมการการศึกษาขั้นพื้นฐาน,สพป.เชียงใหม่ เขต 5,3,26.92,15.23,0.00,0.00,6.54,9.25,33.33,47.14,0.00,0.00
2568,750,บ้านวังกอง,ฮอด,เล็ก,นอกเมือง,สำนักงานคณะกรรมการการศึกษาขั้นพื้นฐาน,สพป.เชียงใหม่ เขต 5,6,19.10,17.68,0.00,0.00,13.08,9.25,16.67,37.27,0.00,0.00
2568,751,บ้านวังลุง,ฮอด,เล็ก,นอกเมือง,สำนักงานคณะกรรมการการศึกษาขั้นพื้นฐาน,สพป.เชียงใหม่ เขต 5,12,27.17,19.22,33.33,47.14,13.08,21.69,58.33,49.30,16.28,30.78
2568,752,บ้านหางดง,ฮอด,เล็ก,นอกเมือง,สำนักงานคณะกรรมการการศึกษาขั้นพื้นฐาน,สพป.เชียงใหม่ เขต 5,11,22.16,18.90,18.18,38.57,17.84,10.09,9.09,28.75,17.35,22.95
2568,753,ฟ้าใส,ฮอด,เล็ก,นอกเมือง,สำนักงานคณะกรรมการส่งเสริมการศึกษาเอกชน,-,10,50.84,18.96,30.00,45.83,35.70,28.07,50.00,50.00,33.85,31.49
2568,754,แม่โถวิทยาคม,ฮอด,กลาง,นอกเมือง,สำนักงานคณะกรรมการการศึกษาขั้นพื้นฐาน,สพป.เชียงใหม่ เขต 5,39,18.71,17.57,17.95,38.38,11.57,13.12,12.82,33.43,8.80,18.83
2567,1,บ้านขุนแม่รวม,กัลยาณิวัฒนา,เล็ก,นอกเมือง,สำนักงานคณะกรรมการการศึกษาขั้นพื้นฐาน,สพป.เชียงใหม่ เขต 6,22,21.36,13.30,31.82,46.58,24.97,19.78,18.18,38.57,8.88,18.86
2567,2,บ้านจันทร์,กัลยาณิวัฒนา,เล็ก,นอกเมือง,สำนักงานคณะกรรมการการศึกษาขั้นพื้นฐาน,สพป.เชียงใหม่ เขต 6,12,28.52,16.64,58.33,49.30,27.80,12.56,41.67,49.30,25.76,25.79
2567,3,บ้านจันทร์ สาขาแจ่มน้อย,กัลยาณิวัฒนา,เล็ก,นอกเมือง,สำนักงานคณะกรรมการการศึกษาขั้นพื้นฐาน,สพป.เชียงใหม่ เขต 6,9,19.74,10.15,33.33,47.14,19.62,16.02,22.22,41.57,11.11,20.82
2567,4,บ้านแจ่มหลวง,กัลยาณิวัฒนา,เล็ก,นอกเมือง,สำนักงานคณะกรรมการการศึกษาขั้นพื้นฐาน,สพป.เชียงใหม่ เขต 6,8,14.32,12.65,75.00,43.30,19.62,13.88,12.50,33.07,6.54,17.29
2567,5,บ้านแม่แดดน้อย,กัลยาณิวัฒนา,เล็ก,นอกเมือง,สำนักงานคณะกรรมการการศึกษาขั้นพื้นฐาน,สพป.เชียงใหม่ เขต 6,3,21.53,20.14,100.00,0.00,13.08,9.25,33.33,47.14,15.90,22.49
2567,6,บ้านแม่แดดน้อย สาขาบ้านดงสามหมื่น,กัลยาณิวัฒนา,เล็ก,นอกเมือง,สำนักงานคณะกรรมการการศึกษาขั้นพื้นฐาน,สพป.เชียงใหม่ เขต 6,10,25.84,10.71,40.00,48.99,11.77,9.61,20.00,40.00,24.31,24.35
2567,7,บ้านแม่ตะละ,กัลยาณิวัฒนา,เล็ก,นอกเมือง,สำนักงานคณะกรรมการการศึกษาขั้นพื้นฐาน,สพป.เชียงใหม่ เขต 6,23,22.47,12.36,60.87,48.80,26.45,16.98,8.70,28.18,6.22,16.07
2567,8,บ้านแม่ตะละเหนือ,กัลยาณิวัฒนา,เล็ก,นอกเมือง,สำนักงานคณะกรรมการการศึกษาขั้นพื้นฐาน,สพป.เชียงใหม่ เขต 6,2,24.22,24.22,100.00,0.00,19.62,0.00,50.00,50.00,23.85,23.85
2567,9,บ้านห้วยยา,กัลยาณิวัฒนา,เล็ก,นอกเมือง,สำนักงานคณะกรรมการการศึกษาขั้นพื้นฐาน,สพป.เชียงใหม่ เขต 6,10,32.76,7.59,30.00,45.83,19.62,19.62,0.00,0.00,25.69,25.72
2567,10,บ้านหัวยปู,กัลยาณิวัฒนา,เล็ก,นอกเมือง,สำนักงานคณะกรรมการการศึกษาขั้นพื้นฐาน,สพป.เชียงใหม่ เขต 6,6,21.53,12.04,66.67,47.14,19.62,11.33,16.67,37.27,16.67,23.61
2567,11,สามัคคีสันม่วง,กัลยาณิวัฒนา,เล็ก,นอกเมือง,สำนักงานคณะกรรมการการศึกษาขั้นพื้นฐาน,สพป.เชียงใหม่ เขต 6,15,12.92,16.89,40.00,48.99,26.16,15.48,13.33,33.99,16.51,29.66
2567,12,ณัทชวิทย์,จอมทอง,เล็ก,นอกเมือง,สำนักงานคณะกรรมการส่งเสริมการศึกษาเอกชน,-,22,32.65,27.62,77.27,41.91,45.03,31.98,31.82,46.58,50.42,36.96
2567,13,เทศบาลจอมทอง ๑ (ชุมชนบ้านข่วงเปาเหนือ),จอมทอง,กลาง,นอกเมือง,กรมส่งเสริมการปกครองท้องถิ่น,ท้องถิ่นจังหวัดเชียงใหม่,32,19.78,16.19,68.75,46.35,24.03,20.75,21.88,41.34,23.51,30.67
2567,14,ไทยรัฐวิทยา 79 (บ้านหนองอาบช้าง),จอมทอง,เล็ก,นอกเมือง,สำนักงานคณะกรรมการการศึกษาขั้นพื้นฐาน,สพป.เชียงใหม่ เขต 6,10,25.99,15.04,20.00,40.00,29.43,23.63,0.00,0.00,10.46,20.92
2567,15,นิยมไพรผาหมอนอินทนนท์,จอมทอง,เล็ก,นอกเมือง,สำนักงานคณะกรรมการการศึกษาขั้นพื้นฐาน,สพป.เชียงใหม่ เขต 6,26,24.84,13.61,50.00,50.00,23.40,20.38,30.77,46.15,11.71,25.50
2567,16,บ้านข่วงเปาใต้,จอมทอง,เล็ก,นอกเมือง,สำนักงานคณะกรรมการการศึกษาขั้นพื้นฐาน,สพป.เชียงใหม่ เขต 6,8,20.19,6.99,50.00,50.00,14.72,12.98,0.00,0.00,0.00,0.00
2567,17,บ้านขุนกลาง,จอมทอง,กลาง,นอกเมือง,สำนักงานคณะกรรมการการศึกษาขั้นพื้นฐาน,สพป.เชียงใหม่ เขต 6,47,23.43,13.29,44.68,49.72,29.23,18.93,25.53,43.60,20.26,32.12
2567,18,บ้านขุนกลาง สาขาแม่ยะน้อย,จอมทอง,เล็ก,นอกเมือง,สำนักงานคณะกรรมการการศึกษาขั้นพื้นฐาน,สพป.เชียงใหม่ เขต 6,12,23.14,14.11,66.67,47.14,21.26,16.91,33.33,47.14,13.07,22.64
2567,19,บ้านขุนแตะ,จอมทอง,เล็ก,นอกเมือง,สำนักงานคณะกรรมการการศึกษาขั้นพื้นฐาน,สพป.เชียงใหม่ เขต 6,8,18.17,12.61,12.50,33.07,14.95,8.65,0.00,0.00,0.00,0.00
2567,20,บ้านขุนแปะ,จอมทอง,เล็ก,นอกเมือง,สำนักงานคณะกรรมการการศึกษาขั้นพื้นฐาน,สพป.เชียงใหม่ เขต 6,36,24.93,17.22,55.56,49.69,15.81,14.49,16.67,37.27,9.66,19.68
2567,21,บ้านขุนแปะ สาขาแม่จร,จอมทอง,เล็ก,นอกเมือง,สำนักงานคณะกรรมการการศึกษาขั้นพื้นฐาน,สพป.เชียงใหม่ เขต 6,10,19.38,15.82,40.00,48.99,25.51,15.33,10.00,30.00,10.00,20.03
2567,22,บ้านขุนยะ,จอมทอง,เล็ก,นอกเมือง,สำนักงานคณะกรรมการการศึกษาขั้นพื้นฐาน,สพป.เชียงใหม่ เขต 6,4,12.50,13.98,50.00,50.00,24.53,16.27,0.00,0.00,25.00,43.30
2567,23,บ้านท่าข้าม,จอมทอง,เล็ก,นอกเมือง,สำนักงานคณะกรรมการการศึกษาขั้นพื้นฐาน,สพป.เชียงใหม่ เขต 6,14,18.57,16.20,78.57,41.03,21.02,17.34,14.29,34.99,17.69,30.36
2567,24,บ้านท่าหลุก,จอมทอง,เล็ก,นอกเมือง,สำนักงานคณะกรรมการการศึกษาขั้นพื้นฐาน,สพป.เชียงใหม่ เขต 6,6,13.46,11.10,50.00,50.00,16.35,13.48,16.67,37.27,0.00,0.00
2567,25,บ้านน้ำตกแม่กลาง,จอมทอง,เล็ก,นอกเมือง,สำนักงานคณะกรรมการการศึกษาขั้นพื้นฐาน,สพป.เชียงใหม่ เขต 6,6,21.79,12.62,50.00,50.00,29.43,9.81,16.67,37.27,16.67,37.27
2567,26,บ้านบนนา,จอมทอง,เล็ก,นอกเมือง,สำนักงานคณะกรรมการการศึกษาขั้นพื้นฐาน,สพป.เชียงใหม่ เขต 6,11,23.49,14.38,72.73,44.54,21.41,10.09,27.27,44.54,4.34,13.71
2567,27,บ้านปากทางท่าลี่,จอมทอง,เล็ก,นอกเมือง,สำนักงานคณะกรรมการการศึกษาขั้นพื้นฐาน,สพป.เชียงใหม่ เขต 6,4,28.26,6.99,50.00,50.00,29.91,10.30,0.00,0.00,0.00,0.00
2567,28,บ้านแปะ,จอมทอง,เล็ก,นอกเมือง,สำนักงานคณะกรรมการการศึกษาขั้นพื้นฐาน,สพป.เชียงใหม่ เขต 6,3,16.67,0.73,66.67,47.14,13.08,9.25,0.00,0.00,50.76,40.84
2567,29,บ้านเมืองกลาง,จอมทอง,เล็ก,นอกเมือง,สำนักงานคณะกรรมการการศึกษาขั้นพื้นฐาน,สพป.เชียงใหม่ เขต 6,4,4.04,6.99,100.00,0.00,29.43,16.99,25.00,43.30,25.00,25.05
2567,30,บ้านเมืองอาง,จอมทอง,เล็ก,นอกเมือง,สำนักงานคณะกรรมการการศึกษาขั้นพื้นฐาน,สพป.เชียงใหม่ เขต 6,5,19.38,12.08,60.00,48.99,23.55,14.68,0.00,0.00,29.54,24.18
2567,31,บ้านแม่ปอน,จอมทอง,เล็ก,นอกเมือง,สำนักงานคณะกรรมการการศึกษาขั้นพื้นฐาน,สพป.เชียงใหม่ เขต 6,19,25.58,16.94,52.63,49.93,27.88,18.36,26.32,44.03,23.56,33.83
2567,32,บ้านแม่สอย,จอมทอง,เล็ก,นอกเมือง,สำนักงานคณะกรรมการการศึกษาขั้นพื้นฐาน,สพป.เชียงใหม่ เขต 6,12,42.37,18.61,91.67,27.64,39.40,28.09,33.33,47.14,53.98,32.08
2567,33,บ้านโรงวัว,จอมทอง,เล็ก,นอกเมือง,สำนักงานคณะกรรมการการศึกษาขั้นพื้นฐาน,สพป.เชียงใหม่ เขต 6,14,19.61,17.46,42.86,49.49,19.62,22.25,28.57,45.18,21.43,31.16
2567,34,บ้านสบแจ่มฝั่งซ้าย,จอมทอง,เล็ก,นอกเมือง,สำนักงานคณะกรรมการการศึกษาขั้นพื้นฐาน,สพป.เชียงใหม่ เขต 6,9,25.29,15.88,44.44,49.69,28.34,18.76,22.22,41.57,22.73,25.45
2567,35,บ้านสบเตี๊ยะ,จอมทอง,กลาง,นอกเมือง,สำนักงานคณะกรรมการการศึกษาขั้นพื้นฐาน,สพป.เชียงใหม่ เขต 6,7,32.74,12.80,71.43,45.18,33.64,29.13,28.57,45.18,7.47,18.30
2567,36,บ้านสบแปะ,จอมทอง,เล็ก,นอกเมือง,สำนักงานคณะกรรมการการศึกษาขั้นพื้นฐาน,สพป.เชียงใหม่ เขต 6,8,20.38,17.91,62.50,48.41,26.98,13.66,12.50,33.07,12.50,21.68
2567,37,บ้านหนองคัน,จอมทอง,เล็ก,นอกเมือง,สำนักงานคณะกรรมการการศึกษาขั้นพื้นฐาน,สพป.เชียงใหม่ เขต 6,7,32.52,26.31,57.14,49.49,33.91,13.86,14.29,34.99,14.94,23.62
2567,38,บ้านห้วยทราย,จอมทอง,เล็ก,นอกเมือง,สำนักงานคณะกรรมการการศึกษาขั้นพื้นฐาน,สพป.เชียงใหม่ เขต 6,18,24.57,20.80,77.78,41.57,28.34,19.86,22.22,41.57,36.75,32.82
2567,39,บ้านห้วยน้ำดิบ,จอมทอง,เล็ก,นอกเมือง,สำนักงานคณะกรรมการการศึกษาขั้นพื้นฐาน,สพป.เชียงใหม่ เขต 6,6,24.22,20.32,83.33,37.27,35.97,17.61,66.67,47.14,34.10,24.17
2567,40,บ้านห้วยม่วง,จอมทอง,เล็ก,นอกเมือง,สำนักงานคณะกรรมการการศึกษาขั้นพื้นฐาน,สพป.เชียงใหม่ เขต 6,5,39.38,23.10,80.00,40.00,27.47,20.01,40.00,48.99,40.00,37.44
2567,41,บ้านห้วยม่วงฝั่งซ้าย,จอมทอง,เล็ก,นอกเมือง,สำนักงานคณะกรรมการการศึกษาขั้นพื้นฐาน,สพป.เชียงใหม่ เขต 6,11,23.49,15.95,54.55,49.79,30.67,21.26,9.09,28.75,8.67,18.40
2567,42,บ้านห้วยส้มป่อย,จอมทอง,เล็ก,นอกเมือง,สำนักงานคณะกรรมการการศึกษาขั้นพื้นฐาน,สพป.เชียงใหม่ เขต 6,12,20.19,13.39,58.33,49.30,24.53,14.16,0.00,0.00,8.33,18.66
2567,43,บ้านห้วยสะแพด,จอมทอง,เล็ก,นอกเมือง,สำนักงานคณะกรรมการการศึกษาขั้นพื้นฐาน,สพป.เชียงใหม่ เขต 6,8,14.13,18.83,25.00,43.30,36.79,20.67,25.00,43.30,5.96,15.78
2567,44,บ้านหาดนาค,จอมทอง,เล็ก,นอกเมือง,สำนักงานคณะกรรมการการศึกษาขั้นพื้นฐาน,สพป.เชียงใหม่ เขต 6,4,28.26,13.39,25.00,43.30,34.34,21.38,25.00,43.30,36.93,21.40
2567,45,บ้านใหม่สารภี,จอมทอง,เล็ก,นอกเมือง,สำนักงานคณะกรรมการการศึกษาขั้นพื้นฐาน,สพป.เชียงใหม่ เขต 6,3,32.30,22.84,100.00,0.00,32.70,9.25,33.33,47.14,49.24,40.84
2567,46,ป่ากล้วยพัฒนา,จอมทอง,เล็ก,นอกเมือง,สำนักงานคณะกรรมการการศึกษาขั้นพื้นฐาน,สพป.เชียงใหม่ เขต 6,6,10.77,12.04,66.67,47.14,22.89,17.61,33.33,47.14,16.67,23.61
2567,47,วัดพระบาท,จอมทอง,เล็ก,นอกเมือง,สำนักงานคณะกรรมการการศึกษาขั้นพื้นฐาน,สพป.เชียงใหม่ เขต 6,1,0.00,0.00,0.00,0.00,39.25,0.00,0.00,0.00,52.29,0.00
2567,48,ศรีจอมทอง,จอมทอง,ใหญ่,นอกเมือง,สำนักงานคณะกรรมการการศึกษาขั้นพื้นฐาน,สพป.เชียงใหม่ เขต 6,233,36.84,23.57,75.11,43.24,34.88,24.76,31.76,46.55,42.53,37.35
2567,49,สุทธิวงศ์ดำรงวิทย์,จอมทอง,เล็ก,นอกเมือง,สำนักงานคณะกรรมการส่งเสริมการศึกษาเอกชน,-,13,22.36,11.92,46.15,49.85,15.09,13.67,7.69,26.65,8.05,18.87
2567,50,แกน้อยศึกษา,เชียงดาว,กลาง,นอกเมือง,สำนักงานคณะกรรมการการศึกษาขั้นพื้นฐาน,สพป.เชียงใหม่ เขต 3,8,18.36,17.18,62.50,48.41,17.17,11.76,37.50,48.41,12.50,21.68
2567,51,โครงการหลวงแกน้อย,เชียงดาว,กลาง,นอกเมือง,สำนักงานคณะกรรมการการศึกษาขั้นพื้นฐาน,สพป.เชียงใหม่ เขต 3,4,28.26,23.88,50.00,50.00,14.72,16.27,0.00,0.00,11.93,20.66
2567,52,เจ้าฟ้าอุบลรัตน์,เชียงดาว,เล็ก,นอกเมือง,สำนักงานคณะกรรมการส่งเสริมการศึกษาเอกชน,-,24,22.20,13.84,45.83,49.83,24.53,18.14,20.83,40.61,10.13,24.47
2567,53,ชุมชนบ้านเมืองงาย,เชียงดาว,กลาง,นอกเมือง,สำนักงานคณะกรรมการการศึกษาขั้นพื้นฐาน,สพป.เชียงใหม่ เขต 3,21,24.28,21.04,47.62,49.94,29.06,16.78,38.10,48.56,23.81,36.59
2567,54,ชุมชนบ้านวังจ๊อม,เชียงดาว,กลาง,นอกเมือง,สำนักงานคณะกรรมการการศึกษาขั้นพื้นฐาน,สพป.เชียงใหม่ เขต 3,15,18.30,16.54,86.67,33.99,22.24,23.62,33.33,47.14,6.67,17.02
2567,55,ดอยสามหมื่น,เชียงดาว,เล็ก,นอกเมือง,สำนักงานคณะกรรมการการศึกษาขั้นพื้นฐาน,สพป.เชียงใหม่ เขต 3,7,11.54,14.22,28.57,45.18,19.62,23.45,14.29,34.99,0.00,0.00
2567,56,ตชด.เฉลิมพระเกียรติฯ บ้านแกน้อย,เชียงดาว,เล็ก,นอกเมือง,กองบัญชาการตำรวจตระเวนชายแดน,-,29,22.83,15.00,20.69,40.51,19.69,18.72,17.24,37.77,15.12,26.10
2567,57,บ้านเชียงดาว,เชียงดาว,กลาง,นอกเมือง,สำนักงานคณะกรรมการการศึกษาขั้นพื้นฐาน,สพป.เชียงใหม่ เขต 3,83,25.21,15.02,72.29,44.76,24.35,19.41,19.28,39.45,20.18,31.30
2567,58,บ้านดอน,เชียงดาว,เล็ก,นอกเมือง,สำนักงานคณะกรรมการการศึกษาขั้นพื้นฐาน,สพป.เชียงใหม่ เขต 3,9,18.12,9.13,77.78,41.57,19.62,13.08,0.00,0.00,16.92,23.96
2567,59,บ้านถ้ำ,เชียงดาว,เล็ก,นอกเมือง,สำนักงานคณะกรรมการการศึกษาขั้นพื้นฐาน,สพป.เชียงใหม่ เขต 3,5,16.15,14.44,60.00,48.99,15.70,14.68,0.00,0.00,9.54,19.08
2567,60,บ้านทุ่งข้าวพวง,เชียงดาว,กลาง,นอกเมือง,สำนักงานคณะกรรมการการศึกษาขั้นพื้นฐาน,สพป.เชียงใหม่ เขต 3,18,30.50,14.13,61.11,48.75,23.00,17.83,33.33,47.14,16.41,23.24
2567,61,บ้านทุ่งละคร,เชียงดาว,เล็ก,นอกเมือง,สำนักงานคณะกรรมการการศึกษาขั้นพื้นฐาน,สพป.เชียงใหม่ เขต 3,2,24.22,8.07,50.00,50.00,9.81,9.81,50.00,50.00,23.85,23.85
2567,62,บ้านทุ่งหลุก,เชียงดาว,เล็ก,นอกเมือง,สำนักงานคณะกรรมการการศึกษาขั้นพื้นฐาน,สพป.เชียงใหม่ เขต 3,11,28.18,12.22,45.45,49.79,30.50,24.27,0.00,0.00,32.03,38.69
2567,63,บ้านนาหวาย,เชียงดาว,กลาง,นอกเมือง,สำนักงานคณะกรรมการการศึกษาขั้นพื้นฐาน,สพป.เชียงใหม่ เขต 3,35,23.62,14.16,74.29,43.71,27.53,17.02,17.14,37.69,20.00,32.09
2567,64,บ้านปางแดง,เชียงดาว,เล็ก,นอกเมือง,สำนักงานคณะกรรมการการศึกษาขั้นพื้นฐาน,สพป.เชียงใหม่ เขต 3,9,23.33,15.44,44.44,49.69,30.52,13.44,33.33,47.14,11.62,21.74
2567,65,บ้านปางเฟือง,เชียงดาว,เล็ก,นอกเมือง,สำนักงานคณะกรรมการการศึกษาขั้นพื้นฐาน,สพป.เชียงใหม่ เขต 3,7,20.76,20.63,0.00,0.00,11.21,9.71,14.29,34.99,0.00,0.00
2567,66,บ้านปางมะเยา,เชียงดาว,กลาง,นอกเมือง,สำนักงานคณะกรรมการการศึกษาขั้นพื้นฐาน,สพป.เชียงใหม่ เขต 3,24,17.49,13.92,29.17,45.45,20.44,17.44,16.67,37.27,6.15,16.30
2567,67,บ้านป่าบง,เชียงดาว,เล็ก,นอกเมือง,สำนักงานคณะกรรมการการศึกษาขั้นพื้นฐาน,สพป.เชียงใหม่ เขต 3,13,16.15,10.97,61.54,48.65,10.57,9.78,7.69,26.65,4.02,13.93
2567,68,บ้านเมืองคอง,เชียงดาว,เล็ก,นอกเมือง,สำนักงานคณะกรรมการการศึกษาขั้นพื้นฐาน,สพป.เชียงใหม่ เขต 3,6,18.84,14.49,33.33,47.14,35.97,7.31,0.00,0.00,7.95,17.78
2567,69,บ้านเมืองนะ,เชียงดาว,กลาง,นอกเมือง,สำนักงานคณะกรรมการการศึกษาขั้นพื้นฐาน,สพป.เชียงใหม่ เขต 3,52,22.70,15.68,40.38,49.07,25.32,19.36,28.85,45.30,19.05,27.83
2567,70,บ้านแม่กอนใน,เชียงดาว,เล็ก,นอกเมือง,สำนักงานคณะกรรมการการศึกษาขั้นพื้นฐาน,สพป.เชียงใหม่ เขต 3,16,23.31,14.13,43.75,49.61,20.97,21.56,6.25,24.21,9.23,19.24
2567,71,บ้านแม่นะ,เชียงดาว,กลาง,นอกเมือง,สำนักงานคณะกรรมการการศึกษาขั้นพื้นฐาน,สพป.เชียงใหม่ เขต 3,22,18.49,16.42,50.00,50.00,30.41,17.53,9.09,28.75,17.97,31.95
2567,72,บ้านแม่ป๋าม,เชียงดาว,เล็ก,นอกเมือง,สำนักงานคณะกรรมการการศึกษาขั้นพื้นฐาน,สพป.เชียงใหม่ เขต 3,7,16.15,14.95,42.86,49.49,25.23,13.73,42.86,49.49,20.45,23.61
2567,73,บ้านแม่แมะ,เชียงดาว,เล็ก,นอกเมือง,สำนักงานคณะกรรมการการศึกษาขั้นพื้นฐาน,สพป.เชียงใหม่ เขต 3,4,20.19,13.39,25.00,43.30,14.72,8.50,0.00,0.00,0.00,0.00
2567,74,บ้านแม่อ้อใน,เชียงดาว,เล็ก,นอกเมือง,สำนักงานคณะกรรมการการศึกษาขั้นพื้นฐาน,สพป.เชียงใหม่ เขต 3,7,37.13,14.66,71.43,45.18,33.64,20.21,14.29,34.99,21.10,36.17
2567,75,บ้านรินหลวง,เชียงดาว,เล็ก,นอกเมือง,สำนักงานคณะกรรมการการศึกษาขั้นพื้นฐาน,สพป.เชียงใหม่ เขต 3,27,24.70,17.42,33.33,47.14,18.17,11.85,22.22,41.57,14.64,26.37
2567,76,บ้านวังมะริว,เชียงดาว,เล็ก,นอกเมือง,สำนักงานคณะกรรมการการศึกษาขั้นพื้นฐาน,สพป.เชียงใหม่ เขต 3,9,28.88,12.75,33.33,47.14,26.16,18.50,33.33,47.14,26.50,23.71
2567,77,บ้านสบคาบ,เชียงดาว,เล็ก,นอกเมือง,สำนักงานคณะกรรมการการศึกษาขั้นพื้นฐาน,สพป.เชียงใหม่ เขต 3,6,21.53,12.04,50.00,50.00,22.89,17.61,0.00,0.00,0.00,0.00
2567,78,บ้านสันป่าเกี๊ยะ,เชียงดาว,เล็ก,นอกเมือง,สำนักงานคณะกรรมการการศึกษาขั้นพื้นฐาน,สพป.เชียงใหม่ เขต 3,7,18.46,13.45,57.14,49.49,28.03,14.29,42.86,49.49,0.00,0.00
2567,79,บ้านหนองเขียว,เชียงดาว,กลาง,นอกเมือง,สำนักงานคณะกรรมการการศึกษาขั้นพื้นฐาน,สพป.เชียงใหม่ เขต 3,21,21.53,16.02,28.57,45.18,29.90,16.72,19.05,39.27,6.82,16.69
2567,80,บ้านหนองแขม,เชียงดาว,เล็ก,นอกเมือง,กองบัญชาการตำรวจตระเวนชายแดน,-,14,42.41,15.14,50.00,50.00,16.82,12.54,35.71,47.92,3.41,12.29
2567,81,บ้านหนองบัว,เชียงดาว,เล็ก,นอกเมือง,สำนักงานคณะกรรมการการศึกษาขั้นพื้นฐาน,สพป.เชียงใหม่ เขต 3,12,16.15,13.19,25.00,43.30,21.26,20.36,25.00,43.30,3.98,13.19
2567,82,บ้านห้วยจะค่าน ตชด.อนุสรณ์,เชียงดาว,กลาง,นอกเมือง,สำนักงานคณะกรรมการการศึกษาขั้นพื้นฐาน,สพป.เชียงใหม่ เขต 3,3,21.53,7.61,66.67,47.14,6.54,9.25,0.00,0.00,0.00,0.00
2567,83,บ้านห้วยทรายขาว,เชียงดาว,เล็ก,นอกเมือง,สำนักงานคณะกรรมการการศึกษาขั้นพื้นฐาน,สพป.เชียงใหม่ เขต 3,11,22.02,12.46,72.73,44.54,26.76,17.30,9.09,28.75,9.09,19.31
2567,84,บ้านห้วยเป้า,เชียงดาว,เล็ก,นอกเมือง,กรมส่งเสริมการปกครองท้องถิ่น,ท้องถิ่นจังหวัดเชียงใหม่,17,21.85,16.56,70.59,45.56,32.32,18.97,23.53,42.42,20.72,34.68
2567,85,บ้านใหม่,เชียงดาว,เล็ก,นอกเมือง,สำนักงานคณะกรรมการการศึกษาขั้นพื้นฐาน,สพป.เชียงใหม่ เขต 3,9,23.33,17.21,88.89,31.43,26.37,13.30,33.33,47.14,22.22,34.26
2567,86,บ้านอรุโณทัย,เชียงดาว,ใหญ่พิเศษ,นอกเมือง,สำนักงานคณะกรรมการการศึกษาขั้นพื้นฐาน,สพป.เชียงใหม่ เขต 3,68,25.05,17.79,55.88,49.65,26.89,20.23,17.65,38.12,17.85,28.39
2567,87,บ้านออน,เชียงดาว,เล็ก,นอกเมือง,สำนักงานคณะกรรมการการศึกษาขั้นพื้นฐาน,สพป.เชียงใหม่ เขต 3,6,29.61,11.10,66.67,47.14,35.97,30.85,16.67,37.27,8.72,19.49
2567,88,เบญจม 2 บ้านน้ำรู,เชียงดาว,เล็ก,นอกเมือง,สำนักงานคณะกรรมการการศึกษาขั้นพื้นฐาน,สพป.เชียงใหม่ เขต 3,18,24.31,15.60,38.89,48.75,23.98,16.75,11.11,31.43,10.86,20.33
2567,89,พัฒนาต้นน้ำขุนคอง,เชียงดาว,เล็ก,นอกเมือง,สำนักงานคณะกรรมการการศึกษาขั้นพื้นฐาน,สพป.เชียงใหม่ เขต 3,16,27.25,15.86,56.25,49.61,26.98,20.67,18.75,39.03,6.25,16.56
2567,90,มิตรมวลชนเชียงใหม่,เชียงดาว,กลาง,นอกเมือง,สำนักงานคณะกรรมการการศึกษาขั้นพื้นฐาน,สพป.เชียงใหม่ เขต 3,29,20.66,14.05,44.83,49.73,25.71,17.17,6.90,25.34,24.61,31.55
2567,91,ราชประชานุเคราะห์ 61 จังหวัดเชียงใหม่,เชียงดาว,กลาง,นอกเมือง,สำนักบริหารงานการศึกษาพิเศษ,-,26,18.75,17.27,26.92,44.36,24.15,14.71,23.08,42.13,13.90,22.92
2567,92,วัดจอมคีรี,เชียงดาว,เล็ก,นอกเมือง,สำนักงานคณะกรรมการการศึกษาขั้นพื้นฐาน,สพป.เชียงใหม่ เขต 3,9,19.74,14.80,66.67,47.14,37.06,14.46,22.22,41.57,16.92,23.96
2567,93,วัดปางมะโอ,เชียงดาว,เล็ก,นอกเมือง,สำนักงานคณะกรรมการการศึกษาขั้นพื้นฐาน,สพป.เชียงใหม่ เขต 3,3,27.43,20.70,100.00,0.00,19.62,0.00,0.00,0.00,0.00,0.00
2567,94,ศีลรวี,เชียงดาว,กลาง,นอกเมือง,สำนักงานคณะกรรมการส่งเสริมการศึกษาเอกชน,-,72,26.84,17.91,65.28,47.61,29.51,20.30,29.17,45.45,23.48,33.23
2567,95,ฉัตรพฤกษ์วิทยา,ไชยปราการ,เล็ก,นอกเมือง,สำนักงานคณะกรรมการส่งเสริมการศึกษาเอกชน,-,28,19.09,17.92,53.57,49.87,25.30,21.12,10.71,30.93,15.99,26.83
2567,96,ชุมชนวัดศรีดงเย็น,ไชยปราการ,กลาง,นอกเมือง,สำนักงานคณะกรรมการการศึกษาขั้นพื้นฐาน,สพป.เชียงใหม่ เขต 3,25,23.90,15.90,56.00,49.64,17.34,12.82,16.00,36.66,9.91,19.84
2567,97,เทศบาล 1 ไชยปราการ,ไชยปราการ,กลาง,นอกเมือง,กรมส่งเสริมการปกครองท้องถิ่น,ท้องถิ่นจังหวัดเชียงใหม่,41,25.04,21.18,63.41,48.17,24.02,24.11,19.51,39.63,27.16,38.62
2567,98,บ้านต้นโชค,ไชยปราการ,เล็ก,นอกเมือง,สำนักงานคณะกรรมการการศึกษาขั้นพื้นฐาน,สพป.เชียงใหม่ เขต 3,33,21.58,15.41,48.48,49.98,23.19,18.99,12.12,32.64,6.06,20.45
2567,99,บ้านถ้ำตับเตา,ไชยปราการ,เล็ก,นอกเมือง,สำนักงานคณะกรรมการการศึกษาขั้นพื้นฐาน,สพป.เชียงใหม่ เขต 3,9,28.71,16.64,44.44,49.69,15.26,12.33,0.00,0.00,11.11,20.82
2567,100,บ้านปง,ไชยปราการ,เล็ก,นอกเมือง,สำนักงานคณะกรรมการการศึกษาขั้นพื้นฐาน,สพป.เชียงใหม่ เขต 3,10,29.38,13.98,90.00,30.00,39.25,19.62,10.00,30.00,35.23,39.16
2567,101,บ้านปงตำ,ไชยปราการ,เล็ก,นอกเมือง,สำนักงานคณะกรรมการการศึกษาขั้นพื้นฐาน,สพป.เชียงใหม่ เขต 3,14,26.64,15.74,78.57,41.03,26.63,14.09,28.57,45.18,17.69,23.78
2567,102,บ้านป่างิ้ว,ไชยปราการ,เล็ก,นอกเมือง,สำนักงานคณะกรรมการการศึกษาขั้นพื้นฐาน,สพป.เชียงใหม่ เขต 3,14,50.04,22.95,78.57,41.03,38.11,25.55,35.71,47.92,38.79,38.52
2567,103,บ้านผาแดง,ไชยปราการ,เล็ก,นอกเมือง,สำนักงานคณะกรรมการการศึกษาขั้นพื้นฐาน,สพป.เชียงใหม่ เขต 3,13,27.81,20.04,69.23,46.15,28.68,18.24,23.08,42.13,8.05,18.87
2567,104,บ้านแม่ขิ,ไชยปราการ,เล็ก,นอกเมือง,สำนักงานคณะกรรมการการศึกษาขั้นพื้นฐาน,สพป.เชียงใหม่ เขต 3,18,29.61,16.37,77.78,41.57,26.16,18.50,11.11,31.43,14.27,23.03
2567,105,บ้านแม่ทะลบ,ไชยปราการ,เล็ก,นอกเมือง,สำนักงานคณะกรรมการการศึกษาขั้นพื้นฐาน,สพป.เชียงใหม่ เขต 3,13,28.57,11.25,69.23,46.15,25.66,20.92,7.69,26.65,31.47,37.27
2567,106,บ้านเวียงผาพัฒนา,ไชยปราการ,เล็ก,นอกเมือง,สำนักงานคณะกรรมการการศึกษาขั้นพื้นฐาน,สพป.เชียงใหม่ เขต 3,6,24.22,12.33,50.00,50.00,29.43,14.99,66.67,47.14,8.72,19.49
2567,107,บ้านสินชัย,ไชยปราการ,กลาง,นอกเมือง,สำนักงานคณะกรรมการการศึกษาขั้นพื้นฐาน,สพป.เชียงใหม่ เขต 3,11,26.43,15.81,36.36,48.10,24.97,20.65,9.09,28.75,13.01,21.25
2567,108,บ้านห้วยต้นตอง,ไชยปราการ,เล็ก,นอกเมือง,สำนักงานคณะกรรมการการศึกษาขั้นพื้นฐาน,สพป.เชียงใหม่ เขต 3,4,16.15,0.00,100.00,0.00,14.72,8.50,0.00,0.00,0.00,0.00
2567,109,บ้านห้วยบง,ไชยปราการ,เล็ก,นอกเมือง,สำนักงานคณะกรรมการการศึกษาขั้นพื้นฐาน,สพป.เชียงใหม่ เขต 3,5,13.23,12.18,40.00,48.99,35.32,22.88,0.00,0.00,0.00,0.00
2567,110,บ้านห้วยไผ่,ไชยปราการ,เล็ก,นอกเมือง,สำนักงานคณะกรรมการการศึกษาขั้นพื้นฐาน,สพป.เชียงใหม่ เขต 3,22,25.76,15.09,59.09,49.17,24.97,18.88,18.18,38.57,25.10,29.32
2567,111,บ้านหัวฝาย,ไชยปราการ,เล็ก,นอกเมือง,สำนักงานคณะกรรมการการศึกษาขั้นพื้นฐาน,สพป.เชียงใหม่ เขต 3,10,22.61,16.47,40.00,48.99,15.70,11.77,20.00,40.00,0.00,0.00
2567,112,บ้านใหม่หนองบัว,ไชยปราการ,กลาง,นอกเมือง,สำนักงานคณะกรรมการการศึกษาขั้นพื้นฐาน,สพป.เชียงใหม่ เขต 3,89,21.15,16.15,46.07,49.85,21.41,21.82,14.61,35.32,9.96,23.67
2567,113,บ้านอ่าย,ไชยปราการ,เล็ก,นอกเมือง,สำนักงานคณะกรรมการการศึกษาขั้นพื้นฐาน,สพป.เชียงใหม่ เขต 3,16,22.20,9.68,43.75,49.61,22.19,11.94,6.25,24.21,12.50,21.68
2567,114,วัดบ้านท่า,ไชยปราการ,เล็ก,นอกเมือง,สำนักงานคณะกรรมการการศึกษาขั้นพื้นฐาน,สพป.เชียงใหม่ เขต 3,16,35.62,20.95,93.75,24.21,38.02,21.35,37.50,48.41,37.50,37.53
2567,115,วัดป่าแดง,ไชยปราการ,เล็ก,นอกเมือง,สำนักงานคณะกรรมการการศึกษาขั้นพื้นฐาน,สพป.เชียงใหม่ เขต 3,20,17.84,15.39,45.00,49.75,19.62,15.20,15.00,35.71,12.39,26.66
2567,116,วัดอรัญญวาสี,ไชยปราการ,เล็ก,นอกเมือง,สำนักงานคณะกรรมการการศึกษาขั้นพื้นฐาน,สพป.เชียงใหม่ เขต 3,6,21.53,12.04,66.67,47.14,19.62,19.62,33.33,47.14,17.43,24.65
2567,117,สันติวนา,ไชยปราการ,เล็ก,นอกเมือง,สำนักงานคณะกรรมการการศึกษาขั้นพื้นฐาน,สพป.เชียงใหม่ เขต 3,9,23.33,20.30,22.22,41.57,13.08,13.08,11.11,31.43,21.20,23.71
2567,118,เอื้อวิทยา,ไชยปราการ,กลาง,นอกเมือง,สำนักงานคณะกรรมการส่งเสริมการศึกษาเอกชน,-,36,31.12,21.29,77.78,41.57,27.36,22.51,25.00,43.30,29.49,34.33
2567,119,ชุมชนบ้านดอยเต่า,ดอยเต่า,เล็ก,นอกเมือง,สำนักงานคณะกรรมการการศึกษาขั้นพื้นฐาน,สพป.เชียงใหม่ เขต 5,7,18.46,10.32,42.86,49.49,30.84,9.71,28.57,45.18,14.29,22.62
2567,120,ชุมชนศูนย์อพยพแปลง 4,ดอยเต่า,เล็ก,นอกเมือง,สำนักงานคณะกรรมการการศึกษาขั้นพื้นฐาน,สพป.เชียงใหม่ เขต 5,13,27.45,11.71,53.85,49.85,31.84,18.34,30.77,46.15,34.79,41.15
2567,121,บ้านเกาะหลวง,ดอยเต่า,เล็ก,นอกเมือง,สำนักงานคณะกรรมการการศึกษาขั้นพื้นฐาน,สพป.เชียงใหม่ เขต 5,13,38.51,14.91,76.92,42.13,30.19,19.80,30.77,46.15,39.52,35.20
2567,122,บ้านงิ้วสูง,ดอยเต่า,เล็ก,นอกเมือง,สำนักงานคณะกรรมการการศึกษาขั้นพื้นฐาน,สพป.เชียงใหม่ เขต 5,5,22.92,24.71,40.00,48.99,19.62,21.50,40.00,48.99,20.00,24.54
2567,123,บ้านฉิมพลี,ดอยเต่า,เล็ก,นอกเมือง,สำนักงานคณะกรรมการการศึกษาขั้นพื้นฐาน,สพป.เชียงใหม่ เขต 5,7,25.38,7.99,71.43,45.18,30.84,17.73,28.57,45.18,21.76,25.16
2567,124,บ้านถิ่นสำราญ,ดอยเต่า,เล็ก,นอกเมือง,สำนักงานคณะกรรมการการศึกษาขั้นพื้นฐาน,สพป.เชียงใหม่ เขต 5,11,28.18,12.22,45.45,49.79,24.97,14.71,18.18,38.57,18.60,32.56
2567,125,บ้านโท้งวิทยา,ดอยเต่า,เล็ก,นอกเมือง,สำนักงานคณะกรรมการการศึกษาขั้นพื้นฐาน,สพป.เชียงใหม่ เขต 5,13,23.84,15.28,38.46,48.65,27.17,19.68,15.38,36.08,26.75,31.62
2567,126,บ้านน้อยห้วยรินวิทยา,ดอยเต่า,เล็ก,นอกเมือง,สำนักงานคณะกรรมการการศึกษาขั้นพื้นฐาน,สพป.เชียงใหม่ เขต 5,9,12.56,14.80,55.56,49.69,19.62,16.02,0.00,0.00,15.90,22.49
2567,127,บ้านบงตัน,ดอยเต่า,เล็ก,นอกเมือง,สำนักงานคณะกรรมการการศึกษาขั้นพื้นฐาน,สพป.เชียงใหม่ เขต 5,21,26.92,13.50,61.90,48.56,17.75,20.00,9.52,29.35,16.99,24.06
2567,128,บ้านโปง,ดอยเต่า,เล็ก,นอกเมือง,สำนักงานคณะกรรมการการศึกษาขั้นพื้นฐาน,สพป.เชียงใหม่ เขต 5,16,26.34,18.95,43.75,49.61,19.62,23.01,18.75,39.03,5.96,15.78
2567,129,บ้านโปงทุ่ง,ดอยเต่า,เล็ก,นอกเมือง,สำนักงานคณะกรรมการการศึกษาขั้นพื้นฐาน,สพป.เชียงใหม่ เขต 5,2,16.15,16.15,100.00,0.00,29.43,9.81,0.00,0.00,0.00,0.00
2567,130,บ้านผาจุก,ดอยเต่า,เล็ก,นอกเมือง,สำนักงานคณะกรรมการการศึกษาขั้นพื้นฐาน,สพป.เชียงใหม่ เขต 5,5,25.84,21.91,60.00,48.99,27.47,20.01,0.00,0.00,19.08,23.37
2567,131,บ้านแม่ตูบ,ดอยเต่า,เล็ก,นอกเมือง,สำนักงานคณะกรรมการการศึกษาขั้นพื้นฐาน,สพป.เชียงใหม่ เขต 5,13,18.75,15.55,53.85,49.85,15.09,15.69,0.00,0.00,7.69,18.06
2567,132,บ้านแม่บวน,ดอยเต่า,เล็ก,นอกเมือง,สำนักงานคณะกรรมการการศึกษาขั้นพื้นฐาน,สพป.เชียงใหม่ เขต 5,13,31.06,11.78,53.85,49.85,22.64,15.09,23.08,42.13,19.05,31.09
2567,133,บ้านไร่,ดอยเต่า,เล็ก,นอกเมือง,สำนักงานคณะกรรมการการศึกษาขั้นพื้นฐาน,สพป.เชียงใหม่ เขต 5,11,34.19,17.99,81.82,38.57,44.60,18.88,0.00,0.00,41.12,41.72
2567,134,บ้านวังหม้อ,ดอยเต่า,เล็ก,นอกเมือง,สำนักงานคณะกรรมการการศึกษาขั้นพื้นฐาน,สพป.เชียงใหม่ เขต 5,6,27.17,15.60,33.33,47.14,26.16,18.50,16.67,37.27,7.95,17.78
2567,135,บ้านวังหลวง,ดอยเต่า,เล็ก,นอกเมือง,สำนักงานคณะกรรมการการศึกษาขั้นพื้นฐาน,สพป.เชียงใหม่ เขต 5,5,39.38,28.91,100.00,0.00,43.55,26.55,40.00,48.99,40.92,37.68
2567,136,บ้านสันติสุข,ดอยเต่า,เล็ก,นอกเมือง,สำนักงานคณะกรรมการการศึกษาขั้นพื้นฐาน,สพป.เชียงใหม่ เขต 5,4,16.54,16.55,25.00,43.30,9.81,9.81,25.00,43.30,13.07,22.64
2567,137,บ้านหนองผักบุ้ง,ดอยเต่า,เล็ก,นอกเมือง,สำนักงานคณะกรรมการการศึกษาขั้นพื้นฐาน,สพป.เชียงใหม่ เขต 5,4,25.00,27.96,75.00,43.30,39.25,13.88,25.00,43.30,13.07,22.64
2567,138,บ้านแอ่นจัดสรร,ดอยเต่า,เล็ก,นอกเมือง,สำนักงานคณะกรรมการการศึกษาขั้นพื้นฐาน,สพป.เชียงใหม่ เขต 5,13,23.60,15.01,53.85,49.85,18.11,14.32,0.00,0.00,3.67,12.71
2567,139,บ้านแอ่นใหม่,ดอยเต่า,เล็ก,นอกเมือง,สำนักงานคณะกรรมการการศึกษาขั้นพื้นฐาน,สพป.เชียงใหม่ เขต 5,7,25.38,11.76,57.14,49.49,42.05,12.54,0.00,0.00,13.63,21.55
2567,140,ศูนย์อพยพแปลง 2,ดอยเต่า,เล็ก,นอกเมือง,สำนักงานคณะกรรมการการศึกษาขั้นพื้นฐาน,สพป.เชียงใหม่ เขต 5,6,35.25,19.57,66.67,47.14,26.16,21.69,50.00,50.00,25.38,38.45
2567,141,ศูนย์อพยพแปลง 5,ดอยเต่า,เล็ก,นอกเมือง,สำนักงานคณะกรรมการการศึกษาขั้นพื้นฐาน,สพป.เชียงใหม่ เขต 5,11,25.10,14.62,63.64,48.10,16.05,20.18,0.00,0.00,13.84,31.08
2567,142,ศูนย์อพยพแปลง 8,ดอยเต่า,เล็ก,นอกเมือง,สำนักงานคณะกรรมการการศึกษาขั้นพื้นฐาน,สพป.เชียงใหม่ เขต 5,6,32.30,13.19,83.33,37.27,39.25,19.62,33.33,47.14,50.76,40.84
2567,143,ชลประทานผาแตก,ดอยสะเก็ด,กลาง,นอกเมือง,สำนักงานคณะกรรมการการศึกษาขั้นพื้นฐาน,สพป.เชียงใหม่ เขต 1,62,22.55,15.89,58.06,49.35,23.13,20.49,27.42,44.61,14.84,24.08
2567,144,เทพเสด็จวิทยา,ดอยสะเก็ด,เล็ก,นอกเมือง,สำนักงานคณะกรรมการการศึกษาขั้นพื้นฐาน,สพป.เชียงใหม่ เขต 1,11,26.43,12.46,63.64,48.10,26.76,20.96,0.00,0.00,18.18,24.09
2567,145,เทศบาลตลาดใหญ่,ดอยสะเก็ด,เล็ก,นอกเมือง,กรมส่งเสริมการปกครองท้องถิ่น,ท้องถิ่นจังหวัดเชียงใหม่,4,24.22,8.07,100.00,0.00,29.43,21.94,25.00,43.30,23.85,23.85
2567,146,บริรักศึกษาเชียงใหม่,ดอยสะเก็ด,เล็ก,นอกเมือง,สำนักงานคณะกรรมการส่งเสริมการศึกษาเอกชน,-,22,21.50,15.08,63.64,48.10,24.97,13.47,13.64,34.32,13.64,26.91
2567,147,บ้านเชิงดอย(ดอยสะเก็ดศึกษา),ดอยสะเก็ด,ใหญ่,นอกเมือง,สำนักงานคณะกรรมการการศึกษาขั้นพื้นฐาน,สพป.เชียงใหม่ เขต 1,99,24.27,18.30,67.68,46.77,28.56,19.81,28.28,45.04,17.22,28.65
2567,148,บ้านตลาดขี้เหล็ก,ดอยสะเก็ด,เล็ก,นอกเมือง,สำนักงานคณะกรรมการการศึกษาขั้นพื้นฐาน,สพป.เชียงใหม่ เขต 1,5,25.84,12.92,40.00,48.99,23.55,28.84,0.00,0.00,20.00,24.54
2567,149,บ้านบ่อหิน,ดอยสะเก็ด,เล็ก,นอกเมือง,สำนักงานคณะกรรมการการศึกษาขั้นพื้นฐาน,สพป.เชียงใหม่ เขต 1,17,23.84,11.32,35.29,47.79,27.70,15.14,35.29,47.79,8.96,19.37
2567,150,บ้านป่าขุย,ดอยสะเก็ด,เล็ก,นอกเมือง,สำนักงานคณะกรรมการการศึกษาขั้นพื้นฐาน,สพป.เชียงใหม่ เขต 1,4,44.80,24.48,75.00,43.30,29.43,9.81,25.00,43.30,51.15,35.37
2567,151,บ้านปางแดง,ดอยสะเก็ด,เล็ก,นอกเมือง,สำนักงานคณะกรรมการการศึกษาขั้นพื้นฐาน,สพป.เชียงใหม่ เขต 1,5,6.46,7.91,40.00,48.99,7.85,9.61,40.00,48.99,20.92,25.62
2567,152,บ้านปางน้ำถุ,ดอยสะเก็ด,เล็ก,นอกเมือง,สำนักงานคณะกรรมการการศึกษาขั้นพื้นฐาน,สพป.เชียงใหม่ เขต 1,2,32.30,0.00,100.00,0.00,9.81,9.81,0.00,0.00,23.85,23.85
2567,153,บ้านป่างิ้ว,ดอยสะเก็ด,เล็ก,นอกเมือง,สำนักงานคณะกรรมการการศึกษาขั้นพื้นฐาน,สพป.เชียงใหม่ เขต 1,10,20.99,12.61,40.00,48.99,27.47,17.98,10.00,30.00,20.46,25.09
2567,154,บ้านป่าป้อง,ดอยสะเก็ด,เล็ก,นอกเมือง,สำนักงานคณะกรรมการการศึกษาขั้นพื้นฐาน,สพป.เชียงใหม่ เขต 1,4,28.26,13.39,75.00,43.30,19.62,13.88,25.00,43.30,13.07,22.64
2567,155,บ้านป่าไม้แดง,ดอยสะเก็ด,กลาง,นอกเมือง,สำนักงานคณะกรรมการการศึกษาขั้นพื้นฐาน,สพป.เชียงใหม่ เขต 1,13,18.87,12.54,46.15,49.85,30.33,18.16,15.38,36.08,7.69,18.06
2567,156,บ้านป่าเสร้า,ดอยสะเก็ด,กลาง,นอกเมือง,สำนักงานคณะกรรมการการศึกษาขั้นพื้นฐาน,สพป.เชียงใหม่ เขต 1,20,24.38,13.12,65.00,47.70,33.36,23.30,15.00,35.71,15.00,32.02
2567,157,บ้านป่าเหมือด,ดอยสะเก็ด,เล็ก,นอกเมือง,สำนักงานคณะกรรมการการศึกษาขั้นพื้นฐาน,สพป.เชียงใหม่ เขต 1,32,26.84,16.14,65.63,47.50,32.56,20.07,21.88,41.34,22.02,33.07
2567,158,บ้านโป่งกุ่ม,ดอยสะเก็ด,เล็ก,นอกเมือง,สำนักงานคณะกรรมการการศึกษาขั้นพื้นฐาน,สพป.เชียงใหม่ เขต 1,3,16.15,13.19,100.00,0.00,19.62,16.02,0.00,0.00,15.90,22.49
2567,159,บ้านแม่ดอกแดง,ดอยสะเก็ด,เล็ก,นอกเมือง,สำนักงานคณะกรรมการการศึกษาขั้นพื้นฐาน,สพป.เชียงใหม่ เขต 1,19,28.90,17.04,73.68,44.03,26.85,19.32,10.53,30.69,13.28,22.25
2567,160,บ้านแม่หวาน,ดอยสะเก็ด,เล็ก,นอกเมือง,สำนักงานคณะกรรมการการศึกษาขั้นพื้นฐาน,สพป.เชียงใหม่ เขต 1,7,20.76,11.30,14.29,34.99,39.25,18.17,28.57,45.18,14.29,22.62
2567,161,บ้านแม่ฮ้อยเงิน,ดอยสะเก็ด,เล็ก,นอกเมือง,สำนักงานคณะกรรมการการศึกษาขั้นพื้นฐาน,สพป.เชียงใหม่ เขต 1,10,18.07,8.95,50.00,50.00,17.66,18.51,10.00,30.00,5.23,15.69
2567,162,บ้านร้องขี้เหล็ก,ดอยสะเก็ด,เล็ก,นอกเมือง,สำนักงานคณะกรรมการการศึกษาขั้นพื้นฐาน,สพป.เชียงใหม่ เขต 1,11,28.04,9.80,27.27,44.54,24.97,20.65,27.27,44.54,13.01,21.25
2567,163,บ้านลวงเหนือ,ดอยสะเก็ด,เล็ก,นอกเมือง,สำนักงานคณะกรรมการการศึกษาขั้นพื้นฐาน,สพป.เชียงใหม่ เขต 1,12,22.88,12.26,58.33,49.30,27.80,23.30,25.00,43.30,20.64,31.85
2567,164,เพื่อชีวิตเชียงใหม่,ดอยสะเก็ด,เล็ก,นอกเมือง,สำนักงานคณะกรรมการส่งเสริมการศึกษาเอกชน,-,17,17.19,13.07,41.18,49.22,23.09,18.10,0.00,0.00,11.76,27.29
2567,165,แม่คือวิทยา,ดอยสะเก็ด,กลาง,นอกเมือง,สำนักงานคณะกรรมการการศึกษาขั้นพื้นฐาน,สพป.เชียงใหม่ เขต 1,25,22.80,17.38,24.00,42.71,24.33,15.97,4.00,19.60,10.09,20.21
2567,166,แม่โป่งประชาสามัคคี,ดอยสะเก็ด,เล็ก,นอกเมือง,สำนักงานคณะกรรมการการศึกษาขั้นพื้นฐาน,สพป.เชียงใหม่ เขต 1,18,20.72,18.70,38.89,48.75,18.53,21.17,0.00,0.00,2.65,10.93
2567,167,ไมตรีจิตคริสเตียนเชียงใหม่,ดอยสะเก็ด,กลาง,นอกเมือง,สำนักงานคณะกรรมการส่งเสริมการศึกษาเอกชน,-,22,19.96,11.92,59.09,49.17,22.30,15.98,0.00,0.00,9.09,19.31
2567,168,กรป.กลางอุปถัมภ์,ดอยหล่อ,เล็ก,นอกเมือง,สำนักงานคณะกรรมการการศึกษาขั้นพื้นฐาน,สพป.เชียงใหม่ เขต 4,11,20.55,7.19,45.45,49.79,24.97,14.71,27.27,44.54,0.00,0.00
2567,169,ดอยหล่อวิทยา,ดอยหล่อ,เล็ก,นอกเมือง,กรมส่งเสริมการปกครองท้องถิ่น,ท้องถิ่นจังหวัดเชียงใหม่,6,40.89,28.64,83.33,37.27,49.37,25.32,66.67,47.14,58.72,34.30
2567,170,เทศบาลตำบลวัดสองแคว,ดอยหล่อ,เล็ก,นอกเมือง,กรมส่งเสริมการปกครองท้องถิ่น,ท้องถิ่นจังหวัดเชียงใหม่,6,13.46,11.10,0.00,0.00,19.62,16.02,33.33,47.14,7.95,17.78
2567,171,บ้านดงป่าหวาย,ดอยหล่อ,เล็ก,นอกเมือง,สำนักงานคณะกรรมการการศึกษาขั้นพื้นฐาน,สพป.เชียงใหม่ เขต 4,9,32.47,13.40,44.44,49.69,26.16,22.66,0.00,0.00,11.62,21.74
2567,172,บ้านสามหลัง,ดอยหล่อ,เล็ก,นอกเมือง,สำนักงานคณะกรรมการการศึกษาขั้นพื้นฐาน,สพป.เชียงใหม่ เขต 4,9,25.12,18.82,66.67,47.14,37.06,14.46,11.11,31.43,21.71,24.31
2567,173,บ้านห้วยน้ำขาว,ดอยหล่อ,เล็ก,นอกเมือง,สำนักงานคณะกรรมการการศึกษาขั้นพื้นฐาน,สพป.เชียงใหม่ เขต 4,12,24.35,17.00,66.67,47.14,17.99,12.56,16.67,37.27,8.72,19.49
2567,174,บ้านหัวข่วง,ดอยหล่อ,เล็ก,นอกเมือง,สำนักงานคณะกรรมการการศึกษาขั้นพื้นฐาน,สพป.เชียงใหม่ เขต 4,4,12.50,21.65,50.00,50.00,39.25,13.88,0.00,0.00,0.00,0.00
2567,175,บ้านเหล่าเป้า,ดอยหล่อ,เล็ก,นอกเมือง,สำนักงานคณะกรรมการการศึกษาขั้นพื้นฐาน,สพป.เชียงใหม่ เขต 4,11,14.68,8.30,63.64,48.10,19.62,18.71,9.09,28.75,18.18,24.09
2567,176,บ้านใหม่หนองหอย,ดอยหล่อ,เล็ก,นอกเมือง,สำนักงานคณะกรรมการการศึกษาขั้นพื้นฐาน,สพป.เชียงใหม่ เขต 4,19,18.70,10.82,57.89,49.37,28.92,23.28,5.26,22.33,16.03,28.65
2567,177,วัดดอนชื่น,ดอยหล่อ,เล็ก,นอกเมือง,สำนักงานคณะกรรมการการศึกษาขั้นพื้นฐาน,สพป.เชียงใหม่ เขต 4,7,32.30,19.30,100.00,0.00,33.64,20.21,57.14,49.49,14.94,23.62
2567,178,วัดวังขามป้อม,ดอยหล่อ,เล็ก,นอกเมือง,สำนักงานคณะกรรมการการศึกษาขั้นพื้นฐาน,สพป.เชียงใหม่ เขต 4,6,16.15,9.32,66.67,47.14,16.35,13.48,16.67,37.27,16.67,37.27
2567,179,วัดศรีดอนชัย,ดอยหล่อ,เล็ก,นอกเมือง,สำนักงานคณะกรรมการการศึกษาขั้นพื้นฐาน,สพป.เชียงใหม่ เขต 4,7,29.99,13.45,85.71,34.99,22.43,19.42,28.57,45.18,14.94,23.62
2567,180,วัดหนองหลั้ว,ดอยหล่อ,เล็ก,นอกเมือง,สำนักงานคณะกรรมการการศึกษาขั้นพื้นฐาน,สพป.เชียงใหม่ เขต 4,6,29.61,11.10,33.33,47.14,16.35,13.48,0.00,0.00,0.00,0.00
2567,181,เจ้าแม่หลวงอุปถัมภ์ 1,ฝาง,กลาง,นอกเมือง,สำนักงานคณะกรรมการการศึกษาขั้นพื้นฐาน,สพป.เชียงใหม่ เขต 3,29,18.43,14.52,20.69,40.51,18.27,18.53,24.14,42.79,6.90,17.26
2567,182,ฉือจี้เชียงใหม่,ฝาง,กลาง,นอกเมือง,สำนักงานคณะกรรมการส่งเสริมการศึกษาเอกชน,-,103,27.96,20.00,61.17,48.74,31.89,23.31,29.13,45.43,22.84,30.24
2567,183,ชุมชนบ้านแม่สูนหลวง,ฝาง,เล็ก,นอกเมือง,สำนักงานคณะกรรมการการศึกษาขั้นพื้นฐาน,สพป.เชียงใหม่ เขต 3,4,16.15,11.42,50.00,50.00,34.34,8.50,0.00,0.00,0.00,0.00
2567,184,เทพศิรินทร์๙โครงการหลวงในพระบรมราชูปถัมภ์,ฝาง,เล็ก,นอกเมือง,สำนักงานคณะกรรมการการศึกษาขั้นพื้นฐาน,สพป.เชียงใหม่ เขต 3,11,20.55,9.96,54.55,49.79,35.09,17.32,18.18,38.57,54.96,44.96
2567,185,เทศบาลเวียงฝาง,ฝาง,กลาง,นอกเมือง,กรมส่งเสริมการปกครองท้องถิ่น,ท้องถิ่นจังหวัดเชียงใหม่,32,14.68,11.82,40.63,49.11,24.03,18.29,9.38,29.15,15.91,29.50
2567,186,บ้านขอบด้ง,ฝาง,กลาง,นอกเมือง,สำนักงานคณะกรรมการการศึกษาขั้นพื้นฐาน,สพป.เชียงใหม่ เขต 3,23,20.36,17.31,39.13,48.80,31.78,16.86,8.70,28.18,33.51,32.17
2567,187,บ้านดงป่าลัน,ฝาง,เล็ก,นอกเมือง,สำนักงานคณะกรรมการการศึกษาขั้นพื้นฐาน,สพป.เชียงใหม่ เขต 3,13,50.60,24.46,38.46,48.65,53.99,22.62,38.46,48.65,38.81,28.98
2567,188,บ้านเด่นใหม่,ฝาง,เล็ก,นอกเมือง,สำนักงานคณะกรรมการการศึกษาขั้นพื้นฐาน,สพป.เชียงใหม่ เขต 3,9,14.53,9.49,77.78,41.57,30.52,16.32,11.11,31.43,16.92,23.96
2567,189,บ้านต้นผึ้ง,ฝาง,เล็ก,นอกเมือง,สำนักงานคณะกรรมการการศึกษาขั้นพื้นฐาน,สพป.เชียงใหม่ เขต 3,10,17.76,13.41,50.00,50.00,15.70,17.11,20.00,40.00,10.00,20.03
2567,190,บ้านต้นส้าน,ฝาง,เล็ก,นอกเมือง,สำนักงานคณะกรรมการการศึกษาขั้นพื้นฐาน,สพป.เชียงใหม่ เขต 3,3,26.92,7.61,66.67,47.14,13.08,9.25,0.00,0.00,17.43,24.65
2567,191,บ้านทุ่งหลุก,ฝาง,เล็ก,นอกเมือง,สำนักงานคณะกรรมการการศึกษาขั้นพื้นฐาน,สพป.เชียงใหม่ เขต 3,5,42.30,13.47,100.00,0.00,47.85,27.51,60.00,48.99,70.46,39.78
2567,192,บ้านปางปอย,ฝาง,กลาง,นอกเมือง,สำนักงานคณะกรรมการการศึกษาขั้นพื้นฐาน,สพป.เชียงใหม่ เขต 3,22,18.35,13.15,31.82,46.58,24.08,19.56,18.18,38.57,13.84,27.19
2567,193,บ้านปางสัก,ฝาง,เล็ก,นอกเมือง,สำนักงานคณะกรรมการการศึกษาขั้นพื้นฐาน,สพป.เชียงใหม่ เขต 3,11,26.43,17.25,63.64,48.10,17.84,10.09,18.18,38.57,9.09,19.31
2567,194,บ้านป่าบง,ฝาง,เล็ก,นอกเมือง,สำนักงานคณะกรรมการการศึกษาขั้นพื้นฐาน,สพป.เชียงใหม่ เขต 3,8,22.20,19.68,37.50,48.41,24.53,19.00,12.50,33.07,19.04,24.61
2567,195,บ้านโป่งถืบ,ฝาง,กลาง,นอกเมือง,สำนักงานคณะกรรมการการศึกษาขั้นพื้นฐาน,สพป.เชียงใหม่ เขต 3,7,16.15,8.63,42.86,49.49,25.23,8.86,42.86,49.49,14.29,34.99
2567,196,บ้านโป่งนก,ฝาง,กลาง,นอกเมือง,สำนักงานคณะกรรมการการศึกษาขั้นพื้นฐาน,สพป.เชียงใหม่ เขต 3,15,26.05,19.45,53.33,49.89,27.47,18.68,13.33,33.99,23.49,31.07
2567,197,บ้านโป่งน้ำร้อน,ฝาง,เล็ก,นอกเมือง,สำนักงานคณะกรรมการการศึกษาขั้นพื้นฐาน,สพป.เชียงใหม่ เขต 3,9,25.12,17.21,66.67,47.14,15.47,22.65,0.00,0.00,11.11,31.43
2567,198,บ้านม่วงชุม,ฝาง,กลาง,นอกเมือง,สำนักงานคณะกรรมการการศึกษาขั้นพื้นฐาน,สพป.เชียงใหม่ เขต 3,37,23.26,16.24,48.65,49.98,23.87,18.33,5.41,22.61,13.51,25.09
2567,199,บ้านม่อนปิ่น,ฝาง,กลาง,นอกเมือง,สำนักงานคณะกรรมการการศึกษาขั้นพื้นฐาน,สพป.เชียงใหม่ เขต 3,19,23.96,16.29,78.95,40.77,20.75,17.52,21.05,40.77,24.05,34.20
2567,200,บ้านแม่ข่า,ฝาง,กลาง,นอกเมือง,สำนักงานคณะกรรมการการศึกษาขั้นพื้นฐาน,สพป.เชียงใหม่ เขต 3,25,44.86,28.13,64.00,48.00,44.41,27.26,20.00,40.00,42.09,41.70
2567,201,บ้านแม่คะ,ฝาง,กลาง,นอกเมือง,สำนักงานคณะกรรมการการศึกษาขั้นพื้นฐาน,สพป.เชียงใหม่ เขต 3,9,19.74,14.80,44.44,49.69,13.08,13.08,22.22,41.57,17.43,24.65
2567,202,บ้านแม่งอนกลาง,ฝาง,เล็ก,นอกเมือง,สำนักงานคณะกรรมการการศึกษาขั้นพื้นฐาน,สพป.เชียงใหม่ เขต 3,5,23.23,17.14,80.00,40.00,35.32,14.68,0.00,0.00,50.46,44.73
2567,203,บ้านแม่งอนขี้เหล็ก,ฝาง,กลาง,นอกเมือง,กรมส่งเสริมการปกครองท้องถิ่น,ท้องถิ่นจังหวัดเชียงใหม่,23,16.15,15.79,34.78,47.63,21.33,19.12,26.09,43.91,10.77,20.46
2567,204,บ้านแม่ใจ,ฝาง,เล็ก,นอกเมือง,สำนักงานคณะกรรมการการศึกษาขั้นพื้นฐาน,สพป.เชียงใหม่ เขต 3,3,37.68,15.23,100.00,0.00,32.70,9.25,33.33,47.14,15.90,22.49
2567,205,บ้านแม่สูนน้อย,ฝาง,เล็ก,นอกเมือง,สำนักงานคณะกรรมการการศึกษาขั้นพื้นฐาน,สพป.เชียงใหม่ เขต 3,11,26.43,15.81,81.82,38.57,26.93,9.68,36.36,48.10,4.75,15.03
2567,206,บ้านยาง,ฝาง,เล็ก,นอกเมือง,สำนักงานคณะกรรมการการศึกษาขั้นพื้นฐาน,สพป.เชียงใหม่ เขต 3,11,26.57,12.53,63.64,48.10,23.19,14.05,18.18,38.57,4.34,13.71
2567,207,บ้านล้องอ้อ,ฝาง,เล็ก,นอกเมือง,กรมส่งเสริมการปกครองท้องถิ่น,ท้องถิ่นจังหวัดเชียงใหม่,25,20.80,12.73,40.00,48.99,18.84,16.16,0.00,0.00,12.18,25.90
2567,208,บ้านลาน,ฝาง,กลาง,นอกเมือง,สำนักงานคณะกรรมการการศึกษาขั้นพื้นฐาน,สพป.เชียงใหม่ เขต 3,9,30.68,21.06,66.67,47.14,24.19,12.60,11.11,31.43,34.35,33.86
2567,209,บ้านเวียงฝาง,ฝาง,ใหญ่,นอกเมือง,สำนักงานคณะกรรมการการศึกษาขั้นพื้นฐาน,สพป.เชียงใหม่ เขต 3,130,21.07,17.42,50.00,50.00,25.27,17.67,21.54,41.11,18.09,29.78
2567,210,บ้านเวียงหวาย,ฝาง,กลาง,นอกเมือง,สำนักงานคณะกรรมการการศึกษาขั้นพื้นฐาน,สพป.เชียงใหม่ เขต 3,11,49.01,19.72,81.82,38.57,37.98,21.79,18.18,38.57,40.28,41.54
2567,211,บ้านศรีดอนชัย,ฝาง,เล็ก,นอกเมือง,สำนักงานคณะกรรมการการศึกษาขั้นพื้นฐาน,สพป.เชียงใหม่ เขต 3,2,16.15,0.00,50.00,50.00,9.81,9.81,0.00,0.00,52.29,0.00
2567,212,บ้านสันต้นดู่,ฝาง,เล็ก,นอกเมือง,สำนักงานคณะกรรมการการศึกษาขั้นพื้นฐาน,สพป.เชียงใหม่ เขต 3,5,53.23,21.42,100.00,0.00,63.55,23.41,60.00,48.99,50.46,31.67
2567,213,บ้านสันต้นเปา,ฝาง,เล็ก,นอกเมือง,สำนักงานคณะกรรมการการศึกษาขั้นพื้นฐาน,สพป.เชียงใหม่ เขต 3,2,59.63,24.22,100.00,0.00,41.13,19.62,0.00,0.00,76.15,23.85
2567,214,บ้านสันทราย,ฝาง,เล็ก,นอกเมือง,สำนักงานคณะกรรมการการศึกษาขั้นพื้นฐาน,สพป.เชียงใหม่ เขต 3,7,29.99,10.32,57.14,49.49,16.82,19.42,14.29,34.99,13.63,21.55
2567,215,บ้านสันทรายคองน้อย,ฝาง,กลาง,นอกเมือง,สำนักงานคณะกรรมการการศึกษาขั้นพื้นฐาน,สพป.เชียงใหม่ เขต 3,7,20.98,20.59,85.71,34.99,30.84,17.73,28.57,45.18,50.33,37.82
2567,216,บ้านสันป่าแดง,ฝาง,เล็ก,นอกเมือง,สำนักงานคณะกรรมการการศึกษาขั้นพื้นฐาน,สพป.เชียงใหม่ เขต 3,6,18.84,11.10,66.67,47.14,19.62,16.02,16.67,37.27,17.43,24.65
2567,217,บ้านสันม่วง,ฝาง,เล็ก,นอกเมือง,สำนักงานคณะกรรมการการศึกษาขั้นพื้นฐาน,สพป.เชียงใหม่ เขต 3,8,52.21,20.82,75.00,43.30,44.86,27.87,25.00,43.30,68.46,24.49
2567,218,บ้านหนองขวาง,ฝาง,เล็ก,นอกเมือง,สำนักงานคณะกรรมการการศึกษาขั้นพื้นฐาน,สพป.เชียงใหม่ เขต 3,5,22.61,19.38,100.00,0.00,19.62,0.00,20.00,40.00,0.00,0.00
2567,219,บ้านหนองยาว,ฝาง,เล็ก,นอกเมือง,สำนักงานคณะกรรมการการศึกษาขั้นพื้นฐาน,สพป.เชียงใหม่ เขต 3,16,23.31,12.80,56.25,49.61,29.43,19.62,12.50,33.07,15.48,29.00
2567,220,บ้านหลวง,ฝาง,กลาง,นอกเมือง,สำนักงานคณะกรรมการการศึกษาขั้นพื้นฐาน,สพป.เชียงใหม่ เขต 3,35,19.38,12.08,42.86,49.49,28.12,16.93,25.71,43.71,24.61,30.48
2567,221,บ้านหล่ายฝาง,ฝาง,เล็ก,นอกเมือง,กรมส่งเสริมการปกครองท้องถิ่น,ท้องถิ่นจังหวัดเชียงใหม่,33,17.62,11.50,42.42,49.42,22.00,19.18,33.33,47.14,9.23,19.60
2567,222,บ้านห้วยไคร้,ฝาง,เล็ก,นอกเมือง,สำนักงานคณะกรรมการการศึกษาขั้นพื้นฐาน,สพป.เชียงใหม่ เขต 3,28,19.67,14.01,28.57,45.18,23.83,16.04,10.71,30.93,10.71,20.54
2567,223,บ้านห้วยงูกลาง,ฝาง,เล็ก,นอกเมือง,สำนักงานคณะกรรมการการศึกษาขั้นพื้นฐาน,สพป.เชียงใหม่ เขต 3,15,22.71,17.65,86.67,33.99,31.40,21.26,33.33,47.14,13.03,21.63
2567,224,บ้านห้วยบอน,ฝาง,เล็ก,นอกเมือง,สำนักงานคณะกรรมการการศึกษาขั้นพื้นฐาน,สพป.เชียงใหม่ เขต 3,8,20.19,17.60,50.00,50.00,24.53,21.38,37.50,48.41,5.96,15.78
2567,225,บ้านห้วยหมากเลี่ยม,ฝาง,กลาง,นอกเมือง,สำนักงานคณะกรรมการการศึกษาขั้นพื้นฐาน,สพป.เชียงใหม่ เขต 3,34,20.47,13.84,47.06,49.91,22.56,20.97,23.53,42.42,14.84,26.02
2567,226,บ้านห้วยห้อม,ฝาง,เล็ก,นอกเมือง,สำนักงานคณะกรรมการการศึกษาขั้นพื้นฐาน,สพป.เชียงใหม่ เขต 3,8,14.13,17.01,37.50,48.41,12.26,9.50,37.50,48.41,12.50,21.68
2567,227,บ้านห้วยเฮี่ยน,ฝาง,เล็ก,นอกเมือง,สำนักงานคณะกรรมการการศึกษาขั้นพื้นฐาน,สพป.เชียงใหม่ เขต 3,18,13.46,9.70,11.11,31.43,18.53,16.64,27.78,44.79,16.16,28.29
2567,228,บ้านหัวนา,ฝาง,เล็ก,นอกเมือง,สำนักงานคณะกรรมการการศึกษาขั้นพื้นฐาน,สพป.เชียงใหม่ เขต 3,15,30.25,19.63,46.67,49.89,31.40,18.68,13.33,33.99,26.97,31.17
2567,229,บ้านหัวฝาย,ฝาง,เล็ก,นอกเมือง,สำนักงานคณะกรรมการการศึกษาขั้นพื้นฐาน,สพป.เชียงใหม่ เขต 3,11,10.28,14.23,45.45,49.79,24.97,14.71,18.18,38.57,13.43,21.96
2567,230,บ้านเหมืองแร่,ฝาง,กลาง,นอกเมือง,สำนักงานคณะกรรมการการศึกษาขั้นพื้นฐาน,สพป.เชียงใหม่ เขต 3,19,21.33,16.75,36.84,48.24,20.66,13.47,10.53,30.69,8.02,18.53
2567,231,รังษีวิทยา,ฝาง,ใหญ่พิเศษ,นอกเมือง,สำนักงานคณะกรรมการส่งเสริมการศึกษาเอกชน,-,170,30.34,21.82,68.24,46.56,36.17,23.37,26.47,44.12,37.58,37.70
2567,232,รัตนาเอื้อวิทยา,ฝาง,ใหญ่,นอกเมือง,สำนักงานคณะกรรมการส่งเสริมการศึกษาเอกชน,-,71,28.83,19.80,74.65,43.50,29.40,23.02,29.58,45.64,39.76,31.46
2567,233,วัดนันทาราม,ฝาง,กลาง,นอกเมือง,สำนักงานคณะกรรมการการศึกษาขั้นพื้นฐาน,สพป.เชียงใหม่ เขต 3,5,35.53,12.08,40.00,48.99,31.40,20.01,20.00,40.00,30.46,40.24
2567,234,วัดศรีบุญเรือง,ฝาง,เล็ก,นอกเมือง,สำนักงานคณะกรรมการการศึกษาขั้นพื้นฐาน,สพป.เชียงใหม่ เขต 3,13,22.36,14.91,53.85,49.85,16.60,15.09,7.69,26.65,18.70,23.68
2567,235,วิรุณเทพ,ฝาง,เล็ก,นอกเมือง,สำนักงานคณะกรรมการการศึกษาขั้นพื้นฐาน,สพป.เชียงใหม่ เขต 3,8,30.67,20.99,87.50,33.07,39.48,28.09,37.50,48.41,36.93,41.30
2567,236,สายอักษร,ฝาง,กลาง,นอกเมือง,สำนักงานคณะกรรมการส่งเสริมการศึกษาเอกชน,-,57,32.29,20.04,57.89,49.37,30.84,26.80,19.30,39.46,32.58,38.11
2567,237,อาโอยาม่า,ฝาง,เล็ก,นอกเมือง,กองบัญชาการตำรวจตระเวนชายแดน,-,12,8.07,8.07,16.67,37.27,26.16,14.63,16.67,37.27,7.95,17.78
2567,238,เจ้าพ่อหลวงอุปถัมภ์ 2,พร้าว,เล็ก,นอกเมือง,กองบัญชาการตำรวจตระเวนชายแดน,-,12,21.53,13.72,91.67,27.64,29.43,23.36,41.67,49.30,8.33,18.66
2567,239,ชุมชนบ้านโป่ง,พร้าว,เล็ก,นอกเมือง,สำนักงานคณะกรรมการการศึกษาขั้นพื้นฐาน,สพป.เชียงใหม่ เขต 2,10,24.22,13.02,30.00,45.83,13.74,12.56,30.00,45.83,0.00,0.00
2567,240,ชุมชนสหกรณ์นิคมวิทยา,พร้าว,เล็ก,นอกเมือง,สำนักงานคณะกรรมการการศึกษาขั้นพื้นฐาน,สพป.เชียงใหม่ เขต 2,17,28.59,11.70,58.82,49.22,23.09,19.31,17.65,38.12,14.30,22.18
2567,241,บ้านขุนแจ๋,พร้าว,เล็ก,นอกเมือง,สำนักงานคณะกรรมการการศึกษาขั้นพื้นฐาน,สพป.เชียงใหม่ เขต 2,5,19.38,12.08,40.00,48.99,39.25,17.55,0.00,0.00,40.00,37.44
2567,242,บ้านแจ่งกู่เรือง,พร้าว,กลาง,นอกเมือง,สำนักงานคณะกรรมการการศึกษาขั้นพื้นฐาน,สพป.เชียงใหม่ เขต 2,123,32.23,22.39,72.36,44.72,34.80,22.23,30.89,46.21,36.77,36.76
2567,243,บ้านต้นรุง,พร้าว,เล็ก,นอกเมือง,สำนักงานคณะกรรมการการศึกษาขั้นพื้นฐาน,สพป.เชียงใหม่ เขต 2,11,19.09,9.29,36.36,48.10,30.33,19.38,0.00,0.00,4.34,13.71
2567,244,บ้านท่ามะเกี๋ยง,พร้าว,เล็ก,นอกเมือง,สำนักงานคณะกรรมการการศึกษาขั้นพื้นฐาน,สพป.เชียงใหม่ เขต 2,2,16.15,0.00,100.00,0.00,9.81,9.81,0.00,0.00,23.85,23.85
2567,245,บ้านนาบุญโหล่งขอด,พร้าว,เล็ก,นอกเมือง,สำนักงานคณะกรรมการการศึกษาขั้นพื้นฐาน,สพป.เชียงใหม่ เขต 2,12,20.57,16.74,50.00,50.00,29.59,21.87,16.67,37.27,34.86,24.65
2567,246,บ้านป่าตุ้ม,พร้าว,กลาง,นอกเมือง,สำนักงานคณะกรรมการการศึกษาขั้นพื้นฐาน,สพป.เชียงใหม่ เขต 2,8,10.09,11.24,37.50,48.41,17.17,18.19,12.50,33.07,12.50,21.68
2567,247,บ้านป่าไหน่,พร้าว,เล็ก,นอกเมือง,สำนักงานคณะกรรมการการศึกษาขั้นพื้นฐาน,สพป.เชียงใหม่ เขต 2,5,16.15,10.21,20.00,40.00,31.40,15.70,20.00,40.00,0.00,0.00
2567,248,บ้านแม่ปั๋ง,พร้าว,เล็ก,นอกเมือง,สำนักงานคณะกรรมการการศึกษาขั้นพื้นฐาน,สพป.เชียงใหม่ เขต 2,29,22.94,15.19,44.83,49.73,31.13,16.71,10.34,30.45,27.43,30.95
2567,249,บ้านแม่ปาคี,พร้าว,เล็ก,นอกเมือง,สำนักงานคณะกรรมการการศึกษาขั้นพื้นฐาน,สพป.เชียงใหม่ เขต 2,15,28.10,18.26,33.33,47.14,15.70,16.34,6.67,24.94,6.67,17.02
2567,250,บ้านแม่เหียะ,พร้าว,เล็ก,นอกเมือง,สำนักงานคณะกรรมการการศึกษาขั้นพื้นฐาน,สพป.เชียงใหม่ เขต 2,12,25.70,18.06,25.00,43.30,24.53,16.27,25.00,43.30,15.90,22.49
2567,251,บ้านสันกลาง,พร้าว,เล็ก,นอกเมือง,สำนักงานคณะกรรมการการศึกษาขั้นพื้นฐาน,สพป.เชียงใหม่ เขต 2,7,23.07,20.89,85.71,34.99,30.84,17.73,14.29,34.99,27.92,24.22
2567,252,บ้านสันปง,พร้าว,เล็ก,นอกเมือง,สำนักงานคณะกรรมการการศึกษาขั้นพื้นฐาน,สพป.เชียงใหม่ เขต 2,11,25.24,22.67,27.27,44.54,26.76,17.30,18.18,38.57,22.52,32.63
2567,253,บ้านหนองปิด,พร้าว,เล็ก,นอกเมือง,สำนักงานคณะกรรมการการศึกษาขั้นพื้นฐาน,สพป.เชียงใหม่ เขต 2,6,21.53,20.14,50.00,50.00,32.70,21.69,0.00,0.00,25.38,38.45
2567,254,บ้านหลวง,พร้าว,เล็ก,นอกเมือง,สำนักงานคณะกรรมการการศึกษาขั้นพื้นฐาน,สพป.เชียงใหม่ เขต 2,6,27.17,18.17,83.33,37.27,39.25,11.33,33.33,47.14,33.33,47.14
2567,255,บ้านห้วยบง,พร้าว,เล็ก,นอกเมือง,สำนักงานคณะกรรมการการศึกษาขั้นพื้นฐาน,สพป.เชียงใหม่ เขต 2,8,38.74,23.20,87.50,33.07,34.34,19.00,50.00,50.00,19.61,25.32
2567,256,ประชาสามัคคีวิทยา,พร้าว,เล็ก,นอกเมือง,สำนักงานคณะกรรมการการศึกษาขั้นพื้นฐาน,สพป.เชียงใหม่ เขต 2,10,31.15,13.67,60.00,48.99,23.55,22.88,20.00,40.00,25.23,33.73
2567,257,ประดู่วิทยา,พร้าว,เล็ก,นอกเมือง,สำนักงานคณะกรรมการการศึกษาขั้นพื้นฐาน,สพป.เชียงใหม่ เขต 2,7,25.60,17.26,85.71,34.99,16.82,19.42,0.00,0.00,36.70,35.41
2567,258,พร้าวบูรพา,พร้าว,เล็ก,นอกเมือง,สำนักงานคณะกรรมการการศึกษาขั้นพื้นฐาน,สพป.เชียงใหม่ เขต 2,15,24.97,10.32,40.00,48.99,22.24,17.35,6.67,24.94,10.15,20.33
2567,259,สหกรณ์ดำริ,พร้าว,เล็ก,นอกเมือง,สำนักงานคณะกรรมการการศึกษาขั้นพื้นฐาน,สพป.เชียงใหม่ เขต 2,8,24.22,21.36,50.00,50.00,22.08,18.19,50.00,50.00,0.00,0.00
2567,260,กสิณธร เซนต์เจมส์ เชียงใหม่,เมืองเชียงใหม่,เล็ก,ในเมือง,สำนักงานคณะกรรมการส่งเสริมการศึกษาเอกชน,-,28,28.48,20.57,78.57,41.03,38.05,24.79,35.71,47.92,25.00,36.61
2567,261,โกวิทธำรงเชียงใหม่,เมืองเชียงใหม่,ใหญ่,ในเมือง,สำนักงานคณะกรรมการส่งเสริมการศึกษาเอกชน,-,73,28.57,17.23,68.49,46.45,35.07,22.84,30.14,45.89,32.47,34.67
2567,262,ขาลสุวรรณอนุสรณ์,เมืองเชียงใหม่,เล็ก,ในเมือง,สำนักงานคณะกรรมการส่งเสริมการศึกษาเอกชน,-,42,21.64,14.60,52.38,49.94,31.30,20.11,19.05,39.27,26.52,33.42
2567,263,คำเที่ยงอนุสสรณ์,เมืองเชียงใหม่,กลาง,ในเมือง,สำนักงานคณะกรรมการการศึกษาขั้นพื้นฐาน,สพป.เชียงใหม่ เขต 1,101,26.79,20.32,67.33,46.90,33.18,25.00,30.69,46.12,31.44,35.93
2567,264,จิตราวิทยา,เมืองเชียงใหม่,ใหญ่,ในเมือง,สำนักงานคณะกรรมการส่งเสริมการศึกษาเอกชน,-,138,24.52,18.38,73.19,44.30,28.35,20.13,23.91,42.66,29.60,34.61
2567,265,เจ้าพ่อหลวงอุปถัมภ์ 1,เมืองเชียงใหม่,เล็ก,ในเมือง,สำนักงานคณะกรรมการการศึกษาขั้นพื้นฐาน,สพป.เชียงใหม่ เขต 1,18,12.56,13.78,33.33,47.14,18.53,13.83,11.11,31.43,11.11,20.82
2567,266,ชุมชนเทศบาลวัดศรีดอนไชย,เมืองเชียงใหม่,กลาง,ในเมือง,กรมส่งเสริมการปกครองท้องถิ่น,ท้องถิ่นจังหวัดเชียงใหม่,29,29.39,27.32,79.31,40.51,38.02,25.00,24.14,42.79,48.59,33.49
2567,267,ชุมชนบ้านบวกครกน้อย,เมืองเชียงใหม่,กลาง,ในเมือง,สำนักงานคณะกรรมการการศึกษาขั้นพื้นฐาน,สพป.เชียงใหม่ เขต 1,43,34.09,19.28,74.42,43.63,32.53,22.98,25.58,43.63,46.62,36.44
2567,268,ชุมชนวัดท่าเดื่อ,เมืองเชียงใหม่,เล็ก,ในเมือง,สำนักงานคณะกรรมการการศึกษาขั้นพื้นฐาน,สพป.เชียงใหม่ เขต 1,22,23.56,15.23,45.45,49.79,26.84,22.84,13.64,34.32,11.05,20.40
2567,269,เชียงใหม่คริสเตียน,เมืองเชียงใหม่,ใหญ่,ในเมือง,สำนักงานคณะกรรมการส่งเสริมการศึกษาเอกชน,-,87,22.59,15.96,42.53,49.44,27.52,18.45,12.64,33.23,25.34,32.12
2567,270,ดาราวิทยาลัย,เมืองเชียงใหม่,ใหญ่พิเศษ,ในเมือง,สำนักงานคณะกรรมการส่งเสริมการศึกษาเอกชน,-,395,29.09,20.96,75.95,42.74,34.85,22.68,33.42,47.17,38.12,36.81
2567,271,ท่าศาลา,เมืองเชียงใหม่,เล็ก,ในเมือง,สำนักงานคณะกรรมการการศึกษาขั้นพื้นฐาน,สพป.เชียงใหม่ เขต 1,13,23.72,15.21,53.85,49.85,30.33,16.45,23.08,42.13,22.72,24.59
2567,272,เทพบดินทร์วิทยาเชียงใหม่,เมืองเชียงใหม่,ใหญ่,ในเมือง,สำนักงานคณะกรรมการส่งเสริมการศึกษาเอกชน,-,118,23.91,16.22,40.68,49.12,28.62,17.83,25.42,43.54,22.71,31.86
2567,273,เทศบาลดอกเงิน,เมืองเชียงใหม่,เล็ก,ในเมือง,กรมส่งเสริมการปกครองท้องถิ่น,ท้องถิ่นจังหวัดเชียงใหม่,8,30.28,12.61,87.50,33.07,24.53,16.27,25.00,43.30,25.57,35.77
2567,274,เทศบาลวัดกู่คำ,เมืองเชียงใหม่,เล็ก,ในเมือง,กรมส่งเสริมการปกครองท้องถิ่น,ท้องถิ่นจังหวัดเชียงใหม่,15,21.74,17.78,66.67,47.14,39.25,20.27,6.67,24.94,36.51,38.56
2567,275,เทศบาลวัดเกตการาม,เมืองเชียงใหม่,เล็ก,ในเมือง,กรมส่งเสริมการปกครองท้องถิ่น,ท้องถิ่นจังหวัดเชียงใหม่,8,34.90,27.84,62.50,48.41,22.08,20.67,25.00,43.30,18.46,23.87
2567,276,เทศบาลวัดเชียงยืน,เมืองเชียงใหม่,กลาง,ในเมือง,กรมส่งเสริมการปกครองท้องถิ่น,ท้องถิ่นจังหวัดเชียงใหม่,38,22.65,15.24,47.37,49.93,25.30,20.09,15.79,36.46,13.28,27.53
2567,277,เทศบาลวัดท่าสะต๋อย,เมืองเชียงใหม่,กลาง,ในเมือง,กรมส่งเสริมการปกครองท้องถิ่น,ท้องถิ่นจังหวัดเชียงใหม่,33,33.95,18.53,69.70,45.96,33.36,21.83,18.18,38.57,22.80,30.47
2567,278,เทศบาลวัดป่าแพ่ง,เมืองเชียงใหม่,กลาง,ในเมือง,กรมส่งเสริมการปกครองท้องถิ่น,ท้องถิ่นจังหวัดเชียงใหม่,28,21.45,18.70,71.43,45.18,29.43,15.29,28.57,45.18,19.56,30.82
2567,279,เทศบาลวัดพวกช้าง,เมืองเชียงใหม่,เล็ก,ในเมือง,กรมส่งเสริมการปกครองท้องถิ่น,ท้องถิ่นจังหวัดเชียงใหม่,16,17.16,14.52,50.00,50.00,18.40,16.22,12.50,33.07,9.23,19.24
2567,280,เทศบาลวัดศรีปิงเมือง,เมืองเชียงใหม่,กลาง,ในเมือง,กรมส่งเสริมการปกครองท้องถิ่น,ท้องถิ่นจังหวัดเชียงใหม่,45,23.14,18.10,60.00,48.99,25.29,16.87,20.00,40.00,20.00,30.57
2567,281,เทศบาลวัดศรีสุพรรณ,เมืองเชียงใหม่,กลาง,ในเมือง,กรมส่งเสริมการปกครองท้องถิ่น,ท้องถิ่นจังหวัดเชียงใหม่,33,25.05,16.57,81.82,38.57,29.14,21.12,24.24,42.85,24.52,33.09
2567,282,เทศบาลวัดหมื่นเงินกอง,เมืองเชียงใหม่,เล็ก,ในเมือง,กรมส่งเสริมการปกครองท้องถิ่น,ท้องถิ่นจังหวัดเชียงใหม่,22,24.51,22.02,81.82,38.57,35.68,16.35,22.73,41.91,36.16,40.35
2567,283,บ้านเชิงดอยสุเทพ,เมืองเชียงใหม่,เล็ก,ในเมือง,สำนักงานคณะกรรมการการศึกษาขั้นพื้นฐาน,สพป.เชียงใหม่ เขต 1,15,41.22,21.75,93.33,24.94,62.24,30.12,33.33,47.14,53.03,34.06
2567,284,บ้านดอนปิน,เมืองเชียงใหม่,กลาง,ในเมือง,สำนักงานคณะกรรมการการศึกษาขั้นพื้นฐาน,สพป.เชียงใหม่ เขต 1,42,28.33,19.88,64.29,47.92,25.32,16.93,21.43,41.03,26.19,33.19
2567,285,บ้านท่าหลุกสันทราย,เมืองเชียงใหม่,กลาง,ในเมือง,สำนักงานคณะกรรมการการศึกษาขั้นพื้นฐาน,สพป.เชียงใหม่ เขต 1,17,25.74,18.46,82.35,38.12,27.81,17.96,41.18,49.22,26.61,38.89
2567,286,บ้านโป่งน้อย,เมืองเชียงใหม่,กลาง,ในเมือง,สำนักงานคณะกรรมการการศึกษาขั้นพื้นฐาน,สพป.เชียงใหม่ เขต 1,23,22.54,19.58,47.83,49.95,29.86,19.08,0.00,0.00,24.21,32.80
2567,287,บ้านแม่เหียะสามัคคี,เมืองเชียงใหม่,เล็ก,ในเมือง,สำนักงานคณะกรรมการการศึกษาขั้นพื้นฐาน,สพป.เชียงใหม่ เขต 1,16,29.37,15.36,81.25,39.03,29.43,19.62,37.50,48.41,27.98,30.39
2567,288,บ้านห้วยทราย,เมืองเชียงใหม่,เล็ก,ในเมือง,กรมส่งเสริมการปกครองท้องถิ่น,ท้องถิ่นจังหวัดเชียงใหม่,14,21.92,20.80,64.29,47.92,36.44,23.29,14.29,34.99,21.43,36.43
2567,289,ปรินส์รอยแยลส์วิทยาลัย,เมืองเชียงใหม่,ใหญ่พิเศษ,ในเมือง,สำนักงานคณะกรรมการส่งเสริมการศึกษาเอกชน,-,512,44.06,24.63,89.26,30.96,48.85,27.79,50.59,50.00,54.51,37.65
2567,290,พระหฤทัยเชียงใหม่,เมืองเชียงใหม่,ใหญ่,ในเมือง,สำนักงานคณะกรรมการส่งเสริมการศึกษาเอกชน,-,115,26.95,20.22,60.00,48.99,32.35,23.80,22.61,41.83,24.29,30.82
2567,291,พิงครัตน์,เมืองเชียงใหม่,เล็ก,ในเมือง,สำนักงานคณะกรรมการส่งเสริมการศึกษาเอกชน,-,8,55.67,27.50,50.00,50.00,57.12,29.37,25.00,43.30,62.50,48.41
2567,292,พิมานเด็กเชียงใหม่,เมืองเชียงใหม่,กลาง,ในเมือง,สำนักงานคณะกรรมการส่งเสริมการศึกษาเอกชน,-,38,40.26,27.66,92.11,26.97,47.54,29.65,34.21,47.44,42.23,38.99
2567,293,พุทธิโศภน,เมืองเชียงใหม่,ใหญ่,ในเมือง,สำนักงานคณะกรรมการการศึกษาขั้นพื้นฐาน,สพป.เชียงใหม่ เขต 1,171,25.55,21.14,70.76,45.49,33.64,22.07,39.18,48.82,34.16,38.61
2567,294,มงฟอร์ตวิทยาลัย แผนกประถม,เมืองเชียงใหม่,ใหญ่พิเศษ,ในเมือง,สำนักงานคณะกรรมการส่งเสริมการศึกษาเอกชน,-,408,43.53,27.84,82.35,38.12,48.14,29.58,52.70,49.93,54.07,39.19
2567,295,ยุวฑูตศึกษาพัฒนาราชพฤกษ์,เมืองเชียงใหม่,กลาง,ในเมือง,สำนักงานคณะกรรมการส่งเสริมการศึกษาเอกชน,-,9,21.53,13.19,44.44,49.69,28.34,22.87,33.33,47.14,11.62,21.74
2567,296,เรยีนาเชลีวิทยาลัย,เมืองเชียงใหม่,ใหญ่,ในเมือง,สำนักงานคณะกรรมการส่งเสริมการศึกษาเอกชน,-,171,30.44,22.81,74.85,43.39,30.19,21.78,31.58,46.48,32.43,35.87
2567,297,วชิรวิทย์ เชียงใหม่,เมืองเชียงใหม่,กลาง,ในเมือง,สำนักงานคณะกรรมการส่งเสริมการศึกษาเอกชน,-,77,29.06,20.94,67.53,46.83,32.54,23.04,23.38,42.32,33.33,35.81
2567,298,วัดข่วงสิงห์,เมืองเชียงใหม่,กลาง,ในเมือง,สำนักงานคณะกรรมการการศึกษาขั้นพื้นฐาน,สพป.เชียงใหม่ เขต 1,10,21.15,16.65,100.00,0.00,19.62,17.55,30.00,45.83,15.69,23.96
2567,299,วัดขะจาว,เมืองเชียงใหม่,เล็ก,ในเมือง,สำนักงานคณะกรรมการการศึกษาขั้นพื้นฐาน,สพป.เชียงใหม่ เขต 1,38,30.93,21.93,71.05,45.35,33.25,23.44,28.95,45.35,32.06,37.29
2567,300,วัดเจ็ดยอด,เมืองเชียงใหม่,เล็ก,ในเมือง,สำนักงานคณะกรรมการการศึกษาขั้นพื้นฐาน,สพป.เชียงใหม่ เขต 1,8,22.20,17.94,62.50,48.41,31.89,21.80,37.50,48.41,30.96,24.05
2567,301,วัดช่างเคี่ยน,เมืองเชียงใหม่,กลาง,ในเมือง,สำนักงานคณะกรรมการการศึกษาขั้นพื้นฐาน,สพป.เชียงใหม่ เขต 1,21,21.61,15.44,61.90,48.56,23.36,14.35,14.29,34.99,16.56,28.06
2567,302,วัดดอนจั่น,เมืองเชียงใหม่,กลาง,ในเมือง,สำนักงานคณะกรรมการการศึกษาขั้นพื้นฐาน,สพป.เชียงใหม่ เขต 1,51,20.99,12.88,41.18,49.22,23.54,16.53,17.65,38.12,5.70,15.63
2567,303,วัดป่าข่อยใต้,เมืองเชียงใหม่,เล็ก,ในเมือง,สำนักงานคณะกรรมการการศึกษาขั้นพื้นฐาน,สพป.เชียงใหม่ เขต 1,7,39.44,12.24,71.43,45.18,25.23,20.21,28.57,45.18,27.92,24.22
2567,304,วัดป่าแดด,เมืองเชียงใหม่,เล็ก,ในเมือง,สำนักงานคณะกรรมการการศึกษาขั้นพื้นฐาน,สพป.เชียงใหม่ เขต 1,22,20.62,17.66,54.55,49.79,27.74,18.35,18.18,38.57,13.43,21.96
2567,305,วัดป่าตัน,เมืองเชียงใหม่,เล็ก,ในเมือง,สำนักงานคณะกรรมการการศึกษาขั้นพื้นฐาน,สพป.เชียงใหม่ เขต 1,19,29.23,15.69,73.68,44.03,35.21,23.56,15.79,36.46,18.30,24.00
2567,306,วัดเมืองสาตร,เมืองเชียงใหม่,เล็ก,ในเมือง,สำนักงานคณะกรรมการการศึกษาขั้นพื้นฐาน,สพป.เชียงใหม่ เขต 1,15,26.25,20.64,40.00,48.99,27.47,21.26,13.33,33.99,13.64,22.64
2567,307,วัดร้องอ้อ,เมืองเชียงใหม่,กลาง,ในเมือง,สำนักงานคณะกรรมการการศึกษาขั้นพื้นฐาน,สพป.เชียงใหม่ เขต 1,18,23.59,17.59,55.56,49.69,25.18,14.45,22.22,41.57,28.54,30.51
2567,308,วัดวังสิงห์คำ,เมืองเชียงใหม่,กลาง,ในเมือง,สำนักงานคณะกรรมการการศึกษาขั้นพื้นฐาน,สพป.เชียงใหม่ เขต 1,20,20.99,14.53,55.00,49.75,28.45,16.97,15.00,35.71,4.77,14.31
2567,309,วัดสวนดอก,เมืองเชียงใหม่,กลาง,ในเมือง,สำนักงานคณะกรรมการการศึกษาขั้นพื้นฐาน,สพป.เชียงใหม่ เขต 1,31,27.71,20.32,74.19,43.76,27.97,22.44,22.58,41.81,31.16,33.15
2567,310,วัดเสาหิน,เมืองเชียงใหม่,เล็ก,ในเมือง,สำนักงานคณะกรรมการการศึกษาขั้นพื้นฐาน,สพป.เชียงใหม่ เขต 1,10,24.69,23.62,50.00,50.00,25.51,23.30,20.00,40.00,40.00,37.44
2567,311,วัดหนองป่าครั่ง,เมืองเชียงใหม่,เล็ก,ในเมือง,สำนักงานคณะกรรมการการศึกษาขั้นพื้นฐาน,สพป.เชียงใหม่ เขต 1,3,38.20,7.27,66.67,47.14,39.87,28.21,33.33,47.14,66.67,23.64
2567,312,วารีเชียงใหม่,เมืองเชียงใหม่,ใหญ่พิเศษ,ในเมือง,สำนักงานคณะกรรมการส่งเสริมการศึกษาเอกชน,-,187,35.20,22.53,73.26,44.26,41.81,26.16,42.25,49.40,47.74,38.48
2567,313,วิชัยวิทยา,เมืองเชียงใหม่,กลาง,ในเมือง,สำนักงานคณะกรรมการส่งเสริมการศึกษาเอกชน,-,27,46.15,28.69,85.19,35.52,58.04,29.91,59.26,49.14,67.01,40.70
2567,314,ศรีเนห์รู,เมืองเชียงใหม่,เล็ก,ในเมือง,สำนักงานคณะกรรมการการศึกษาขั้นพื้นฐาน,สพป.เชียงใหม่ เขต 1,15,19.38,16.89,33.33,47.14,24.86,18.22,26.67,44.22,17.13,30.34
2567,315,ศิริมังคลาจารย์,เมืองเชียงใหม่,เล็ก,ในเมือง,สำนักงานคณะกรรมการการศึกษาขั้นพื้นฐาน,สพป.เชียงใหม่ เขต 1,5,29.38,19.42,100.00,0.00,35.32,7.85,60.00,48.99,40.92,37.68
2567,316,สังวาลย์วิทยา,เมืองเชียงใหม่,เล็ก,ในเมือง,สำนักงานคณะกรรมการการศึกษาขั้นพื้นฐาน,สพป.เชียงใหม่ เขต 1,4,24.22,13.99,50.00,50.00,25.00,9.31,0.00,0.00,13.07,22.64
2567,317,สันติศึกษา,เมืองเชียงใหม่,เล็ก,ในเมือง,สำนักงานคณะกรรมการส่งเสริมการศึกษาเอกชน,-,23,23.37,20.37,86.96,33.68,30.88,21.88,30.43,46.01,31.03,35.67
2567,318,สาธิตมหาวิทยาลัยราชภัฏเชียงใหม่,เมืองเชียงใหม่,กลาง,ในเมือง,สำนักงานปลัดกระทรวงการอุดมศึกษาฯ,-,100,30.38,21.74,72.00,44.90,31.96,21.90,24.00,42.71,33.52,35.43
2567,319,สารสาสน์วิเทศเชียงใหม่,เมืองเชียงใหม่,ใหญ่,ในเมือง,สำนักงานคณะกรรมการส่งเสริมการศึกษาเอกชน,-,107,38.06,25.03,77.57,41.71,43.33,25.31,32.71,46.92,47.39,38.00
2567,320,สารสาสน์วิเทศล้านนา,เมืองเชียงใหม่,ใหญ่,ในเมือง,สำนักงานคณะกรรมการส่งเสริมการศึกษาเอกชน,-,165,28.90,21.65,70.30,45.69,32.90,25.38,29.70,45.69,36.53,36.34
2567,321,โสตศึกษาอนุสารสุนทร,เมืองเชียงใหม่,เล็ก,ในเมือง,สำนักบริหารงานการศึกษาพิเศษ,-,0,-,-,-,-,-,-,-,-,-,-
2567,322,อนุบาลเชียงใหม่,เมืองเชียงใหม่,ใหญ่พิเศษ,ในเมือง,สำนักงานคณะกรรมการการศึกษาขั้นพื้นฐาน,สพป.เชียงใหม่ เขต 1,295,40.78,28.06,82.71,37.81,45.74,29.07,47.12,49.92,47.35,39.32
2567,323,อนุบาลบ้านท่อเมืองลัง,เมืองเชียงใหม่,กลาง,ในเมือง,สำนักงานคณะกรรมการการศึกษาขั้นพื้นฐาน,สพป.เชียงใหม่ เขต 1,32,25.79,19.40,43.75,49.61,28.33,21.47,28.13,44.96,26.49,33.01
2567,324,อนุบาลหนองป่าครั่ง,เมืองเชียงใหม่,เล็ก,ในเมือง,กรมส่งเสริมการปกครองท้องถิ่น,ท้องถิ่นจังหวัดเชียงใหม่,18,17.94,15.12,55.56,49.69,19.62,17.31,5.56,22.91,14.02,22.63
2567,325,ชุมชนตำบลท่าผา,แม่แจ่ม,เล็ก,นอกเมือง,สำนักงานคณะกรรมการการศึกษาขั้นพื้นฐาน,สพป.เชียงใหม่ เขต 6,16,33.60,19.49,68.75,46.35,22.08,13.66,0.00,0.00,34.23,34.06
2567,326,ชุมชนบ้านช่างเคิ่ง,แม่แจ่ม,กลาง,นอกเมือง,สำนักงานคณะกรรมการการศึกษาขั้นพื้นฐาน,สพป.เชียงใหม่ เขต 6,19,35.86,20.25,63.16,48.24,34.08,22.81,10.53,30.69,20.33,23.86
2567,327,ชุมชนบ้านพร้าวหนุ่ม,แม่แจ่ม,เล็ก,นอกเมือง,สำนักงานคณะกรรมการการศึกษาขั้นพื้นฐาน,สพป.เชียงใหม่ เขต 6,23,29.56,15.03,82.61,37.90,23.89,20.01,26.09,43.91,31.03,32.49
2567,328,เซนต์โยเซฟแม่แจ่ม,แม่แจ่ม,กลาง,นอกเมือง,สำนักงานคณะกรรมการส่งเสริมการศึกษาเอกชน,-,30,46.23,15.98,60.00,48.99,32.11,20.71,76.67,42.30,36.73,24.03
2567,329,ตำรวจตระเวนชายแดนบางกอก เชฟ แชร์ริตี้ บ้านแม่ขอ,แม่แจ่ม,เล็ก,นอกเมือง,กองบัญชาการตำรวจตระเวนชายแดน,-,13,13.66,16.57,15.38,36.08,22.64,15.09,0.00,0.00,3.67,12.71
2567,330,บ้านกองแขก,แม่แจ่ม,เล็ก,นอกเมือง,สำนักงานคณะกรรมการการศึกษาขั้นพื้นฐาน,สพป.เชียงใหม่ เขต 6,9,34.09,9.15,77.78,41.57,30.52,20.91,0.00,0.00,22.22,34.26
2567,331,บ้านกองแขก สาขาบ้านแม่หลุ,แม่แจ่ม,เล็ก,นอกเมือง,สำนักงานคณะกรรมการการศึกษาขั้นพื้นฐาน,สพป.เชียงใหม่ เขต 6,6,10.77,7.61,50.00,50.00,13.08,14.63,16.67,37.27,24.62,37.95
2567,332,บ้านขุนแม่นาย,แม่แจ่ม,เล็ก,นอกเมือง,สำนักงานคณะกรรมการการศึกษาขั้นพื้นฐาน,สพป.เชียงใหม่ เขต 6,3,32.30,13.19,66.67,47.14,45.79,9.25,33.33,47.14,0.00,0.00
2567,333,บ้านขุนแม่หยอด,แม่แจ่ม,เล็ก,นอกเมือง,สำนักงานคณะกรรมการการศึกษาขั้นพื้นฐาน,สพป.เชียงใหม่ เขต 6,10,27.45,10.34,20.00,40.00,29.43,15.82,30.00,45.83,0.00,0.00
2567,334,บ้านต่อเรือ,แม่แจ่ม,เล็ก,นอกเมือง,สำนักงานคณะกรรมการการศึกษาขั้นพื้นฐาน,สพป.เชียงใหม่ เขต 6,3,27.43,8.00,33.33,47.14,13.08,9.25,33.33,47.14,0.00,0.00
2567,335,บ้านทัพ,แม่แจ่ม,เล็ก,นอกเมือง,สำนักงานคณะกรรมการการศึกษาขั้นพื้นฐาน,สพป.เชียงใหม่ เขต 6,10,30.84,13.81,50.00,50.00,15.70,14.68,50.00,50.00,25.69,25.72
2567,336,บ้านทุ่งแก,แม่แจ่ม,เล็ก,นอกเมือง,สำนักงานคณะกรรมการการศึกษาขั้นพื้นฐาน,สพป.เชียงใหม่ เขต 6,15,17.23,13.79,53.33,49.89,22.24,23.62,26.67,44.22,13.64,22.64
2567,337,บ้านทุ่งแก สาขาแม่แอบ,แม่แจ่ม,เล็ก,นอกเมือง,สำนักงานคณะกรรมการการศึกษาขั้นพื้นฐาน,สพป.เชียงใหม่ เขต 6,9,27.09,13.05,33.33,47.14,37.06,17.17,22.22,41.57,0.00,0.00
2567,338,บ้านทุ่งยาว,แม่แจ่ม,เล็ก,นอกเมือง,สำนักงานคณะกรรมการการศึกษาขั้นพื้นฐาน,สพป.เชียงใหม่ เขต 6,17,21.08,15.67,58.82,49.22,23.09,13.85,17.65,38.12,12.03,21.72
2567,339,บ้านนากลาง,แม่แจ่ม,เล็ก,นอกเมือง,สำนักงานคณะกรรมการการศึกษาขั้นพื้นฐาน,สพป.เชียงใหม่ เขต 6,9,19.74,14.80,44.44,49.69,15.26,12.33,0.00,0.00,5.30,14.99
2567,340,บ้านนากลาง สาขาห้วยผักกูด,แม่แจ่ม,เล็ก,นอกเมือง,สำนักงานคณะกรรมการการศึกษาขั้นพื้นฐาน,สพป.เชียงใหม่ เขต 6,10,32.30,16.15,30.00,45.83,21.58,22.29,20.00,40.00,10.00,30.00
2567,341,บ้านนาฮ่อง,แม่แจ่ม,เล็ก,นอกเมือง,สำนักงานคณะกรรมการการศึกษาขั้นพื้นฐาน,สพป.เชียงใหม่ เขต 6,24,20.19,13.39,37.50,48.41,31.07,16.91,16.67,37.27,10.32,24.77
2567,342,บ้านเนินวิทยา,แม่แจ่ม,เล็ก,นอกเมือง,สำนักงานคณะกรรมการการศึกษาขั้นพื้นฐาน,สพป.เชียงใหม่ เขต 6,15,32.51,16.89,80.00,40.00,17.01,18.78,0.00,0.00,9.85,19.72
2567,343,บ้านปางเกี๊ยะ,แม่แจ่ม,กลาง,นอกเมือง,สำนักงานคณะกรรมการการศึกษาขั้นพื้นฐาน,สพป.เชียงใหม่ เขต 6,34,19.52,15.55,41.18,49.22,24.82,18.62,14.71,35.42,11.63,24.24
2567,344,บ้านปางหินฝน,แม่แจ่ม,เล็ก,นอกเมือง,สำนักงานคณะกรรมการการศึกษาขั้นพื้นฐาน,สพป.เชียงใหม่ เขต 6,13,28.69,20.40,46.15,49.85,34.72,23.29,23.08,42.13,15.38,23.11
2567,345,บ้านปางอุ๋ง,แม่แจ่ม,กลาง,นอกเมือง,สำนักงานคณะกรรมการการศึกษาขั้นพื้นฐาน,สพป.เชียงใหม่ เขต 6,13,16.15,14.16,23.08,42.13,25.66,22.29,30.77,46.15,11.01,20.10
2567,346,บ้านปางอุ๋ง สาขาแม่สะต๊อป,แม่แจ่ม,เล็ก,นอกเมือง,สำนักงานคณะกรรมการการศึกษาขั้นพื้นฐาน,สพป.เชียงใหม่ เขต 6,6,10.77,7.61,33.33,47.14,9.81,9.81,33.33,47.14,8.72,19.49
2567,347,บ้านแปะสามัคคี,แม่แจ่ม,เล็ก,นอกเมือง,สำนักงานคณะกรรมการการศึกษาขั้นพื้นฐาน,สพป.เชียงใหม่ เขต 6,5,26.15,16.60,60.00,48.99,15.70,22.88,40.00,48.99,50.46,44.73
2567,348,บ้านผานัง,แม่แจ่ม,เล็ก,นอกเมือง,สำนักงานคณะกรรมการการศึกษาขั้นพื้นฐาน,สพป.เชียงใหม่ เขต 6,10,16.15,10.21,20.00,40.00,23.74,12.04,20.00,40.00,0.00,0.00
2567,349,บ้านผาละปิ,แม่แจ่ม,เล็ก,นอกเมือง,สำนักงานคณะกรรมการการศึกษาขั้นพื้นฐาน,สพป.เชียงใหม่ เขต 6,9,25.12,15.44,66.67,47.14,13.08,13.08,0.00,0.00,11.11,20.82
2567,350,บ้านพุย สาขาพุยใต้,แม่แจ่ม,เล็ก,นอกเมือง,สำนักงานคณะกรรมการการศึกษาขั้นพื้นฐาน,สพป.เชียงใหม่ เขต 6,4,12.50,7.24,25.00,43.30,39.25,24.03,25.00,43.30,13.07,22.64
2567,351,บ้านแม่ซา,แม่แจ่ม,เล็ก,นอกเมือง,สำนักงานคณะกรรมการการศึกษาขั้นพื้นฐาน,สพป.เชียงใหม่ เขต 6,7,23.29,17.29,28.57,45.18,16.82,12.54,28.57,45.18,0.00,0.00
2567,352,บ้านแม่ตูม,แม่แจ่ม,เล็ก,นอกเมือง,สำนักงานคณะกรรมการการศึกษาขั้นพื้นฐาน,สพป.เชียงใหม่ เขต 6,8,16.15,16.15,12.50,33.07,24.53,19.00,12.50,33.07,18.46,23.87
2567,353,บ้านแม่นาจร,แม่แจ่ม,กลาง,นอกเมือง,สำนักงานคณะกรรมการการศึกษาขั้นพื้นฐาน,สพป.เชียงใหม่ เขต 6,17,20.90,14.41,23.53,42.42,28.97,13.91,11.76,32.22,14.30,22.18
2567,354,บ้านแม่ปาน,แม่แจ่ม,เล็ก,นอกเมือง,สำนักงานคณะกรรมการการศึกษาขั้นพื้นฐาน,สพป.เชียงใหม่ เขต 6,12,33.77,12.42,75.00,43.30,24.53,19.83,16.67,37.27,25.38,32.59
2567,355,บ้านแม่มะลอ,แม่แจ่ม,เล็ก,นอกเมือง,สำนักงานคณะกรรมการการศึกษาขั้นพื้นฐาน,สพป.เชียงใหม่ เขต 6,6,21.53,17.85,33.33,47.14,16.35,17.61,33.33,47.14,7.95,17.78
2567,356,บ้านแม่มุ,แม่แจ่ม,เล็ก,นอกเมือง,สำนักงานคณะกรรมการการศึกษาขั้นพื้นฐาน,สพป.เชียงใหม่ เขต 6,14,16.15,8.63,35.71,47.92,21.02,17.34,35.71,47.92,7.14,17.52
2567,357,บ้านแม่ลอง,แม่แจ่ม,เล็ก,นอกเมือง,กองบัญชาการตำรวจตระเวนชายแดน,-,15,19.38,16.89,66.67,47.14,23.55,17.84,0.00,0.00,10.46,20.92
2567,358,บ้านแม่วาก,แม่แจ่ม,เล็ก,นอกเมือง,สำนักงานคณะกรรมการการศึกษาขั้นพื้นฐาน,สพป.เชียงใหม่ เขต 6,3,16.15,13.19,0.00,0.00,19.62,16.02,0.00,0.00,0.00,0.00
2567,359,บ้านแม่ศึก (มูลนิธิธรรมมาภิรักษ์อุปถัมภ์ที่ 2),แม่แจ่ม,เล็ก,นอกเมือง,สำนักงานคณะกรรมการการศึกษาขั้นพื้นฐาน,สพป.เชียงใหม่ เขต 6,12,16.28,15.03,58.33,49.30,32.70,21.69,41.67,49.30,12.31,21.35
2567,360,บ้านแม่หงานหลวง,แม่แจ่ม,เล็ก,นอกเมือง,สำนักงานคณะกรรมการการศึกษาขั้นพื้นฐาน,สพป.เชียงใหม่ เขต 6,10,16.15,14.44,0.00,0.00,15.70,14.68,20.00,40.00,9.54,19.08
2567,361,บ้านแม่หอย,แม่แจ่ม,เล็ก,นอกเมือง,สำนักงานคณะกรรมการการศึกษาขั้นพื้นฐาน,สพป.เชียงใหม่ เขต 6,6,18.84,17.23,50.00,50.00,22.89,17.61,0.00,0.00,15.90,22.49
2567,362,บ้านแม่เอาะ,แม่แจ่ม,เล็ก,นอกเมือง,สำนักงานคณะกรรมการการศึกษาขั้นพื้นฐาน,สพป.เชียงใหม่ เขต 6,10,29.22,15.86,30.00,45.83,11.77,9.61,0.00,0.00,9.54,19.08
2567,363,บ้านแม่แฮใต้,แม่แจ่ม,เล็ก,นอกเมือง,สำนักงานคณะกรรมการการศึกษาขั้นพื้นฐาน,สพป.เชียงใหม่ เขต 6,10,17.76,15.23,70.00,45.83,25.51,17.66,20.00,40.00,36.15,23.70
2567,364,บ้านแม่แฮเหนือ,แม่แจ่ม,กลาง,นอกเมือง,สำนักงานคณะกรรมการการศึกษาขั้นพื้นฐาน,สพป.เชียงใหม่ เขต 6,63,18.55,15.65,38.10,48.56,22.74,19.22,20.63,40.47,10.06,19.75
2567,365,บ้านแม่แฮเหนือ สาขาแม่แจ๊ะ,แม่แจ่ม,เล็ก,นอกเมือง,สำนักงานคณะกรรมการการศึกษาขั้นพื้นฐาน,สพป.เชียงใหม่ เขต 6,7,39.66,23.11,85.71,34.99,42.32,19.39,28.57,45.18,42.86,41.67
2567,366,บ้านโม่งหลวง,แม่แจ่ม,เล็ก,นอกเมือง,สำนักงานคณะกรรมการการศึกษาขั้นพื้นฐาน,สพป.เชียงใหม่ เขต 6,14,18.46,13.45,35.71,47.92,26.63,20.46,7.14,25.75,10.55,20.23
2567,367,บ้านโม่งหลวง สาขาบ้านแม่อมลานใน,แม่แจ่ม,เล็ก,นอกเมือง,สำนักงานคณะกรรมการการศึกษาขั้นพื้นฐาน,สพป.เชียงใหม่ เขต 6,2,24.22,8.07,50.00,50.00,29.43,9.81,0.00,0.00,0.00,0.00
2567,368,บ้านสบแม่รวม,แม่แจ่ม,เล็ก,นอกเมือง,สำนักงานคณะกรรมการการศึกษาขั้นพื้นฐาน,สพป.เชียงใหม่ เขต 6,5,25.84,7.91,60.00,48.99,11.77,9.61,0.00,0.00,20.00,24.54
2567,369,บ้านสบวาก,แม่แจ่ม,เล็ก,นอกเมือง,สำนักงานคณะกรรมการการศึกษาขั้นพื้นฐาน,สพป.เชียงใหม่ เขต 6,4,28.26,6.99,50.00,50.00,29.43,21.94,25.00,43.30,0.00,0.00
2567,370,บ้านสองธาร,แม่แจ่ม,เล็ก,นอกเมือง,สำนักงานคณะกรรมการการศึกษาขั้นพื้นฐาน,สพป.เชียงใหม่ เขต 6,7,23.07,11.76,14.29,34.99,14.02,8.86,42.86,49.49,6.82,16.69
2567,371,บ้านสามสบ,แม่แจ่ม,เล็ก,นอกเมือง,สำนักงานคณะกรรมการการศึกษาขั้นพื้นฐาน,สพป.เชียงใหม่ เขต 6,7,13.84,13.45,28.57,45.18,22.70,12.91,28.57,45.18,6.82,16.69
2567,372,บ้านห้วยผา,แม่แจ่ม,เล็ก,นอกเมือง,สำนักงานคณะกรรมการการศึกษาขั้นพื้นฐาน,สพป.เชียงใหม่ เขต 6,11,22.02,14.23,36.36,48.10,26.76,22.56,18.18,38.57,13.01,21.25
2567,373,บ้านใหม่พัฒนาสันติ,แม่แจ่ม,เล็ก,นอกเมือง,กองบัญชาการตำรวจตระเวนชายแดน,-,3,27.43,20.70,33.33,47.14,19.62,16.02,33.33,47.14,0.00,0.00
2567,374,บ้านอมขูด,แม่แจ่ม,เล็ก,นอกเมือง,สำนักงานคณะกรรมการการศึกษาขั้นพื้นฐาน,สพป.เชียงใหม่ เขต 6,4,20.19,6.99,50.00,50.00,9.81,9.81,50.00,50.00,13.07,22.64
2567,375,บ้านอมเม็ง,แม่แจ่ม,เล็ก,นอกเมือง,สำนักงานคณะกรรมการการศึกษาขั้นพื้นฐาน,สพป.เชียงใหม่ เขต 6,11,23.49,18.69,54.55,49.79,23.19,23.40,9.09,28.75,22.10,32.27
2567,376,บ้านเฮาะวิทยา,แม่แจ่ม,เล็ก,นอกเมือง,สำนักงานคณะกรรมการการศึกษาขั้นพื้นฐาน,สพป.เชียงใหม่ เขต 6,9,25.12,15.44,77.78,41.57,23.98,15.42,55.56,49.69,5.81,16.43
2567,377,เมืองเด็กวิทยา,แม่แจ่ม,เล็ก,นอกเมือง,สำนักงานคณะกรรมการส่งเสริมการศึกษาเอกชน,-,17,45.38,20.88,82.35,38.12,71.85,23.01,64.71,47.79,84.89,23.43
2567,378,ราชประชานุเคราะห์ 31,แม่แจ่ม,กลาง,นอกเมือง,สำนักบริหารงานการศึกษาพิเศษ,-,31,18.23,12.13,41.94,49.35,19.68,15.04,12.90,33.52,22.43,30.58
2567,379,ศูนย์การเรียนตำรวจตระเวนชายแดนบ้านแม่มุใน บริษัทซีเค พาวเวอร์ จำกัด (มหาชน) อุปถัมภ์,แม่แจ่ม,เล็ก,นอกเมือง,กองบัญชาการตำรวจตระเวนชายแดน,-,9,27.09,18.85,22.22,41.57,10.90,9.75,11.11,31.43,5.30,14.99
2567,380,ศูนย์การเรียนตำรวจตระเวนชายแดนสนั่น-เฉลิมเกตุ นภาศัพท์,แม่แจ่ม,เล็ก,นอกเมือง,กองบัญชาการตำรวจตระเวนชายแดน,-,8,24.22,13.99,50.00,50.00,22.08,11.76,25.00,43.30,0.00,0.00
2567,381,หลวงพัฒนาบ้านพุย,แม่แจ่ม,เล็ก,นอกเมือง,สำนักงานคณะกรรมการการศึกษาขั้นพื้นฐาน,สพป.เชียงใหม่ เขต 6,4,12.11,6.99,25.00,43.30,29.91,17.81,50.00,50.00,38.07,41.64
2567,382,ออป.13,แม่แจ่ม,เล็ก,นอกเมือง,สำนักงานคณะกรรมการการศึกษาขั้นพื้นฐาน,สพป.เชียงใหม่ เขต 6,22,22.16,17.40,63.64,48.10,29.43,21.13,18.18,38.57,8.88,18.86
2567,383,อินทนนท์วิทยา,แม่แจ่ม,เล็ก,นอกเมือง,สำนักงานคณะกรรมการการศึกษาขั้นพื้นฐาน,สพป.เชียงใหม่ เขต 6,8,22.20,16.02,50.00,50.00,19.62,16.99,12.50,33.07,13.07,22.64
2567,384,ชุมชนวัดช่อแล,แม่แตง,เล็ก,นอกเมือง,สำนักงานคณะกรรมการการศึกษาขั้นพื้นฐาน,สพป.เชียงใหม่ เขต 2,21,25.45,17.13,38.10,48.56,23.36,17.78,14.29,34.99,9.74,20.10
2567,385,เชียงใหม่มัธยม,แม่แตง,ใหญ่,นอกเมือง,สำนักงานคณะกรรมการส่งเสริมการศึกษาเอกชน,-,1,16.15,0.00,100.00,0.00,39.25,0.00,0.00,0.00,0.00,0.00
2567,386,ตชด.ไลออนส์มหาจักร 9,แม่แตง,เล็ก,นอกเมือง,กองบัญชาการตำรวจตระเวนชายแดน,-,12,20.19,14.93,8.33,27.64,29.59,19.04,8.33,27.64,12.69,22.01
2567,387,เทศบาลตำบลสันมหาพน,แม่แตง,กลาง,นอกเมือง,กรมส่งเสริมการปกครองท้องถิ่น,ท้องถิ่นจังหวัดเชียงใหม่,32,19.78,16.24,37.50,48.41,20.24,19.30,25.00,43.30,12.36,27.77
2567,388,บ้านก๋ายน้อย,แม่แตง,เล็ก,นอกเมือง,สำนักงานคณะกรรมการการศึกษาขั้นพื้นฐาน,สพป.เชียงใหม่ เขต 2,2,32.30,0.00,50.00,50.00,9.81,9.81,0.00,0.00,0.00,0.00
2567,389,บ้านช้างใน,แม่แตง,เล็ก,นอกเมือง,สำนักงานคณะกรรมการการศึกษาขั้นพื้นฐาน,สพป.เชียงใหม่ เขต 2,1,16.15,0.00,100.00,0.00,19.62,0.00,100.00,0.00,0.00,0.00
2567,390,บ้านทับเดื่อ,แม่แตง,เล็ก,นอกเมือง,สำนักงานคณะกรรมการการศึกษาขั้นพื้นฐาน,สพป.เชียงใหม่ เขต 2,4,40.76,18.58,100.00,0.00,34.81,38.48,0.00,0.00,61.93,41.64
2567,391,บ้านบวกหมื้อ,แม่แตง,เล็ก,นอกเมือง,สำนักงานคณะกรรมการการศึกษาขั้นพื้นฐาน,สพป.เชียงใหม่ เขต 2,12,27.43,18.38,58.33,49.30,24.53,16.27,8.33,27.64,12.69,22.01
2567,392,บ้านปง,แม่แตง,เล็ก,นอกเมือง,สำนักงานคณะกรรมการการศึกษาขั้นพื้นฐาน,สพป.เชียงใหม่ เขต 2,12,20.19,14.93,50.00,50.00,26.16,18.50,16.67,37.27,8.33,18.66
2567,393,บ้านปลาดาว,แม่แตง,เล็ก,นอกเมือง,สำนักงานคณะกรรมการส่งเสริมการศึกษาเอกชน,-,20,32.61,22.20,90.00,30.00,38.45,23.04,30.00,45.83,35.23,32.16
2567,394,บ้านปางกว้าง,แม่แตง,เล็ก,นอกเมือง,สำนักงานคณะกรรมการการศึกษาขั้นพื้นฐาน,สพป.เชียงใหม่ เขต 2,3,38.20,15.60,66.67,47.14,13.08,18.50,0.00,0.00,33.33,47.14
2567,395,บ้านปางไม้แดง,แม่แตง,เล็ก,นอกเมือง,สำนักงานคณะกรรมการการศึกษาขั้นพื้นฐาน,สพป.เชียงใหม่ เขต 2,5,16.15,17.69,80.00,40.00,35.32,22.88,0.00,0.00,30.46,40.24
2567,396,บ้านปางห้วยตาด,แม่แตง,เล็ก,นอกเมือง,สำนักงานคณะกรรมการการศึกษาขั้นพื้นฐาน,สพป.เชียงใหม่ เขต 2,10,16.15,16.15,50.00,50.00,13.74,12.56,40.00,48.99,9.54,19.08
2567,397,บ้านปางฮ่าง,แม่แตง,เล็ก,นอกเมือง,สำนักงานคณะกรรมการการศึกษาขั้นพื้นฐาน,สพป.เชียงใหม่ เขต 2,12,13.46,14.49,58.33,49.30,18.14,22.31,33.33,47.14,3.98,13.19
2567,398,บ้านเป้าวิทยาคาร,แม่แตง,เล็ก,นอกเมือง,สำนักงานคณะกรรมการการศึกษาขั้นพื้นฐาน,สพป.เชียงใหม่ เขต 2,16,18.17,14.97,68.75,46.35,20.85,17.65,18.75,39.03,21.73,35.12
2567,399,บ้านผาหมอน,แม่แตง,เล็ก,นอกเมือง,สำนักงานคณะกรรมการการศึกษาขั้นพื้นฐาน,สพป.เชียงใหม่ เขต 2,1,16.15,0.00,0.00,0.00,19.62,0.00,100.00,0.00,0.00,0.00
2567,400,บ้านผึ้ง,แม่แตง,เล็ก,นอกเมือง,สำนักงานคณะกรรมการการศึกษาขั้นพื้นฐาน,สพป.เชียงใหม่ เขต 2,16,26.44,22.51,43.75,49.61,26.98,16.82,6.25,24.21,9.23,26.12
2567,401,บ้านเมืองกื้ด,แม่แตง,เล็ก,นอกเมือง,สำนักงานคณะกรรมการการศึกษาขั้นพื้นฐาน,สพป.เชียงใหม่ เขต 2,19,17.00,13.33,47.37,49.93,18.59,17.40,10.53,30.69,5.26,22.33
2567,402,บ้านแม่ไคร้,แม่แตง,เล็ก,นอกเมือง,สำนักงานคณะกรรมการการศึกษาขั้นพื้นฐาน,สพป.เชียงใหม่ เขต 2,10,19.38,12.08,20.00,40.00,25.51,19.72,40.00,48.99,10.00,30.00
2567,403,บ้านแม่ตะมาน,แม่แตง,เล็ก,นอกเมือง,สำนักงานคณะกรรมการการศึกษาขั้นพื้นฐาน,สพป.เชียงใหม่ เขต 2,12,27.17,20.32,58.33,49.30,22.89,17.61,8.33,27.64,25.38,32.59
2567,404,บ้านแม่แมม,แม่แตง,เล็ก,นอกเมือง,สำนักงานคณะกรรมการการศึกษาขั้นพื้นฐาน,สพป.เชียงใหม่ เขต 2,4,12.11,13.39,50.00,50.00,19.62,13.88,0.00,0.00,0.00,0.00
2567,405,บ้านแม่เลา,แม่แตง,เล็ก,นอกเมือง,สำนักงานคณะกรรมการการศึกษาขั้นพื้นฐาน,สพป.เชียงใหม่ เขต 2,3,16.15,13.19,66.67,47.14,45.79,18.50,0.00,0.00,0.00,0.00
2567,406,บ้านแม่แสะ,แม่แตง,เล็ก,นอกเมือง,สำนักงานคณะกรรมการการศึกษาขั้นพื้นฐาน,สพป.เชียงใหม่ เขต 2,7,23.07,16.95,42.86,49.49,28.03,9.71,14.29,34.99,14.29,22.62
2567,407,ป่าจี้วังแดงวิทยา,แม่แตง,เล็ก,นอกเมือง,สำนักงานคณะกรรมการการศึกษาขั้นพื้นฐาน,สพป.เชียงใหม่ เขต 2,23,23.94,15.15,47.83,49.95,28.15,23.74,8.70,28.18,8.70,18.98
2567,408,ป่าแป๋วิทยา,แม่แตง,เล็ก,นอกเมือง,สำนักงานคณะกรรมการการศึกษาขั้นพื้นฐาน,สพป.เชียงใหม่ เขต 2,18,23.33,17.21,77.78,41.57,32.70,24.47,50.00,50.00,27.78,34.27
2567,409,ภูดินวิทยา,แม่แตง,เล็ก,นอกเมือง,สำนักงานคณะกรรมการการศึกษาขั้นพื้นฐาน,สพป.เชียงใหม่ เขต 2,2,16.15,16.15,50.00,50.00,49.06,9.81,0.00,0.00,50.00,50.00
2567,410,เมฆขจรเชียงใหม่,แม่แตง,เล็ก,นอกเมือง,สำนักงานคณะกรรมการส่งเสริมการศึกษาเอกชน,-,13,23.84,12.23,69.23,46.15,28.68,18.24,15.38,36.08,26.75,37.20
2567,411,ร่ำเปิงวิทยา,แม่แตง,กลาง,นอกเมือง,สำนักงานคณะกรรมการการศึกษาขั้นพื้นฐาน,สพป.เชียงใหม่ เขต 2,32,18.22,18.11,34.38,47.50,28.27,23.52,9.38,29.15,12.64,25.23
2567,412,วัดท่าข้าม,แม่แตง,เล็ก,นอกเมือง,สำนักงานคณะกรรมการการศึกษาขั้นพื้นฐาน,สพป.เชียงใหม่ เขต 2,10,25.84,12.92,50.00,50.00,23.55,14.68,20.00,40.00,14.77,22.59
2567,413,วัดทุ่งหลวง,แม่แตง,เล็ก,นอกเมือง,สำนักงานคณะกรรมการการศึกษาขั้นพื้นฐาน,สพป.เชียงใหม่ เขต 2,7,21.21,19.40,57.14,49.49,36.71,31.00,28.57,45.18,36.04,44.14
2567,414,วัดนาเม็ง,แม่แตง,เล็ก,นอกเมือง,สำนักงานคณะกรรมการการศึกษาขั้นพื้นฐาน,สพป.เชียงใหม่ เขต 2,5,19.69,12.43,80.00,40.00,31.40,23.55,20.00,40.00,40.00,37.44
2567,415,วัดบ้านเหล่า,แม่แตง,เล็ก,นอกเมือง,สำนักงานคณะกรรมการการศึกษาขั้นพื้นฐาน,สพป.เชียงใหม่ เขต 2,12,22.88,12.26,58.33,49.30,14.72,24.20,8.33,27.64,16.67,31.19
2567,416,วัดปางมะกล้วย,แม่แตง,เล็ก,นอกเมือง,สำนักงานคณะกรรมการการศึกษาขั้นพื้นฐาน,สพป.เชียงใหม่ เขต 2,7,23.07,14.59,28.57,45.18,31.11,18.16,28.57,45.18,0.00,0.00
2567,417,วัดแม่กะ,แม่แตง,เล็ก,นอกเมือง,สำนักงานคณะกรรมการการศึกษาขั้นพื้นฐาน,สพป.เชียงใหม่ เขต 2,20,24.38,15.98,75.00,43.30,28.45,21.02,25.00,43.30,37.61,41.51
2567,418,วัดหนองออน,แม่แตง,เล็ก,นอกเมือง,สำนักงานคณะกรรมการการศึกษาขั้นพื้นฐาน,สพป.เชียงใหม่ เขต 2,8,30.28,12.61,50.00,50.00,29.43,19.62,12.50,33.07,30.96,42.73
2567,419,วัดห้วยไร่,แม่แตง,เล็ก,นอกเมือง,สำนักงานคณะกรรมการการศึกษาขั้นพื้นฐาน,สพป.เชียงใหม่ เขต 2,16,28.45,14.83,62.50,48.41,28.21,16.95,31.25,46.35,21.73,35.12
2567,420,สบเปิงวิทยา,แม่แตง,กลาง,นอกเมือง,สำนักงานคณะกรรมการการศึกษาขั้นพื้นฐาน,สพป.เชียงใหม่ เขต 2,21,21.53,16.02,57.14,49.49,31.86,24.68,4.76,21.30,18.61,28.32
2567,421,สันป่ายางวิทยาคาร,แม่แตง,เล็ก,นอกเมือง,สำนักงานคณะกรรมการการศึกษาขั้นพื้นฐาน,สพป.เชียงใหม่ เขต 2,12,10.77,15.23,33.33,47.14,24.69,11.62,0.00,0.00,7.95,17.78
2567,422,สันป่าสักวิทยา,แม่แตง,กลาง,นอกเมือง,สำนักงานคณะกรรมการการศึกษาขั้นพื้นฐาน,สพป.เชียงใหม่ เขต 2,84,27.56,21.17,65.48,47.54,32.21,24.54,38.10,48.56,32.01,32.83
2567,423,สันมหาพนวิทยา,แม่แตง,เล็ก,นอกเมือง,สำนักงานคณะกรรมการการศึกษาขั้นพื้นฐาน,สพป.เชียงใหม่ เขต 2,22,23.63,13.63,54.55,49.79,31.22,18.39,27.27,44.54,13.64,26.91
2567,424,อนุบาลสานสายใยรักเทศบาลเมืองเมืองแกนพัฒนา,แม่แตง,กลาง,นอกเมือง,กรมส่งเสริมการปกครองท้องถิ่น,ท้องถิ่นจังหวัดเชียงใหม่,22,28.04,13.98,22.73,41.91,35.76,21.05,27.27,44.54,27.69,29.47
2567,425,เจ้าพ่อหลวงอุปถัมภ์ 7,แม่ริม,เล็ก,นอกเมือง,สำนักงานคณะกรรมการการศึกษาขั้นพื้นฐาน,สพป.เชียงใหม่ เขต 2,2,40.37,8.07,50.00,50.00,29.43,9.81,100.00,0.00,23.85,23.85
2567,426,เจ้าแม่หลวงอุปถัมภ์ 2,แม่ริม,เล็ก,นอกเมือง,สำนักงานคณะกรรมการการศึกษาขั้นพื้นฐาน,สพป.เชียงใหม่ เขต 2,25,35.71,22.11,60.00,48.99,22.05,14.05,44.00,49.64,17.91,31.16
2567,427,ดอนแก้วเนรมิตปัญญา,แม่ริม,กลาง,นอกเมือง,กรมส่งเสริมการปกครองท้องถิ่น,ท้องถิ่นจังหวัดเชียงใหม่,70,30.60,19.93,61.43,48.68,27.53,21.21,27.14,44.47,25.85,35.71
2567,428,ธีระวัธน์บำเพ็ญ,แม่ริม,กลาง,นอกเมือง,สำนักงานคณะกรรมการส่งเสริมการศึกษาเอกชน,-,78,27.53,20.23,69.23,46.15,29.76,22.54,24.36,42.92,21.30,28.51
2567,429,บ้านกองแหะ,แม่ริม,เล็ก,นอกเมือง,สำนักงานคณะกรรมการการศึกษาขั้นพื้นฐาน,สพป.เชียงใหม่ เขต 2,13,29.81,15.32,23.08,42.13,19.62,17.21,69.23,46.15,23.78,32.33
2567,430,บ้านกาดฮาว,แม่ริม,เล็ก,นอกเมือง,สำนักงานคณะกรรมการการศึกษาขั้นพื้นฐาน,สพป.เชียงใหม่ เขต 2,18,18.03,14.32,44.44,49.69,26.16,14.63,27.78,44.79,19.06,29.15
2567,431,บ้านคุณหมอ,แม่ริม,กลาง,นอกเมือง,สำนักงานคณะกรรมการส่งเสริมการศึกษาเอกชน,-,40,25.92,19.93,72.50,44.65,35.46,24.76,22.50,41.76,38.07,36.88
2567,432,บ้านดอนแก้ว,แม่ริม,กลาง,นอกเมือง,กรมส่งเสริมการปกครองท้องถิ่น,ท้องถิ่นจังหวัดเชียงใหม่,21,19.30,15.60,42.86,49.49,20.56,15.41,9.52,29.35,19.48,33.07
2567,433,บ้านต้นผึ้ง,แม่ริม,เล็ก,นอกเมือง,สำนักงานคณะกรรมการการศึกษาขั้นพื้นฐาน,สพป.เชียงใหม่ เขต 2,8,30.67,23.89,87.50,33.07,39.48,17.54,37.50,48.41,30.39,34.35
2567,434,บ้านทุ่งโป่ง,แม่ริม,กลาง,นอกเมือง,สำนักงานคณะกรรมการการศึกษาขั้นพื้นฐาน,สพป.เชียงใหม่ เขต 2,19,15.30,11.08,26.32,44.03,27.98,16.08,5.26,22.33,10.53,20.41
2567,435,บ้านน้ำริน,แม่ริม,เล็ก,นอกเมือง,สำนักงานคณะกรรมการการศึกษาขั้นพื้นฐาน,สพป.เชียงใหม่ เขต 2,6,32.30,9.32,50.00,50.00,22.89,13.48,16.67,37.27,24.62,24.67
2567,436,บ้านบวกจั่น,แม่ริม,เล็ก,นอกเมือง,สำนักงานคณะกรรมการการศึกษาขั้นพื้นฐาน,สพป.เชียงใหม่ เขต 2,13,17.39,7.66,30.77,46.15,12.08,12.26,7.69,26.65,15.03,22.57
2567,437,บ้านปางไฮ,แม่ริม,กลาง,นอกเมือง,สำนักงานคณะกรรมการการศึกษาขั้นพื้นฐาน,สพป.เชียงใหม่ เขต 2,13,28.57,14.38,69.23,46.15,28.82,16.46,30.77,46.15,7.69,18.06
2567,438,บ้านป่าติ้ว,แม่ริม,เล็ก,นอกเมือง,สำนักงานคณะกรรมการการศึกษาขั้นพื้นฐาน,สพป.เชียงใหม่ เขต 2,26,23.66,15.05,42.31,49.40,19.62,18.05,15.38,36.08,11.89,25.77
2567,439,บ้านโป่งแยงนอก,แม่ริม,เล็ก,นอกเมือง,สำนักงานคณะกรรมการการศึกษาขั้นพื้นฐาน,สพป.เชียงใหม่ เขต 2,17,25.06,18.04,58.82,49.22,30.01,17.96,23.53,42.42,35.56,41.29
2567,440,บ้านโป่งแยงใน,แม่ริม,เล็ก,นอกเมือง,สำนักงานคณะกรรมการการศึกษาขั้นพื้นฐาน,สพป.เชียงใหม่ เขต 2,18,24.31,18.25,44.44,49.69,28.34,16.32,38.89,48.75,24.87,29.97
2567,441,บ้านพระนอน,แม่ริม,เล็ก,นอกเมือง,สำนักงานคณะกรรมการการศึกษาขั้นพื้นฐาน,สพป.เชียงใหม่ เขต 2,21,20.14,15.88,52.38,49.94,26.16,17.48,23.81,42.59,19.27,29.03
2567,442,บ้านเมืองก๊ะ,แม่ริม,เล็ก,นอกเมือง,สำนักงานคณะกรรมการการศึกษาขั้นพื้นฐาน,สพป.เชียงใหม่ เขต 2,4,16.15,11.42,75.00,43.30,44.15,16.27,0.00,0.00,51.15,1.99
2567,443,บ้านแม่สา,แม่ริม,กลาง,นอกเมือง,สำนักงานคณะกรรมการการศึกษาขั้นพื้นฐาน,สพป.เชียงใหม่ เขต 2,21,30.91,17.35,66.67,47.14,27.10,22.23,14.29,34.99,38.53,34.36
2567,444,บ้านริมใต้,แม่ริม,กลาง,นอกเมือง,สำนักงานคณะกรรมการการศึกษาขั้นพื้นฐาน,สพป.เชียงใหม่ เขต 2,146,24.87,18.61,58.90,49.20,27.16,18.86,16.44,37.06,23.80,30.70
2567,445,บ้านศาลา,แม่ริม,กลาง,นอกเมือง,กรมส่งเสริมการปกครองท้องถิ่น,ท้องถิ่นจังหวัดเชียงใหม่,62,22.97,15.80,54.84,49.77,25.64,15.60,19.35,39.51,15.51,28.06
2567,446,บ้านสะลวงนอก,แม่ริม,เล็ก,นอกเมือง,สำนักงานคณะกรรมการการศึกษาขั้นพื้นฐาน,สพป.เชียงใหม่ เขต 2,9,23.33,11.06,44.44,49.69,26.16,16.02,11.11,31.43,15.90,22.49
2567,447,บ้านสันคะยอม,แม่ริม,เล็ก,นอกเมือง,สำนักงานคณะกรรมการการศึกษาขั้นพื้นฐาน,สพป.เชียงใหม่ เขต 2,13,31.29,15.09,76.92,42.13,25.66,23.58,30.77,46.15,27.45,32.13
2567,448,บ้านหนองปลามัน,แม่ริม,เล็ก,นอกเมือง,สำนักงานคณะกรรมการการศึกษาขั้นพื้นฐาน,สพป.เชียงใหม่ เขต 2,20,25.19,16.68,70.00,45.83,27.47,19.02,20.00,40.00,37.61,34.99
2567,449,มูลนิธิมหาราช 5,แม่ริม,เล็ก,นอกเมือง,สำนักงานคณะกรรมการการศึกษาขั้นพื้นฐาน,สพป.เชียงใหม่ เขต 2,19,26.51,16.96,63.16,48.24,19.72,21.30,10.53,30.69,23.80,25.14
2567,450,ราชประชานุเคราะห์ 60 จังหวัดเชียงใหม่,แม่ริม,กลาง,นอกเมือง,สำนักบริหารงานการศึกษาพิเศษ,-,28,19.67,12.54,39.29,48.84,21.73,16.03,17.86,38.30,12.91,26.05
2567,451,วัดทรายมูล,แม่ริม,เล็ก,นอกเมือง,สำนักงานคณะกรรมการการศึกษาขั้นพื้นฐาน,สพป.เชียงใหม่ เขต 2,21,31.82,23.42,66.67,47.14,32.97,25.57,52.38,49.94,42.86,41.67
2567,452,บ้านกาด(เขมวังส์ฯ),แม่วาง,กลาง,นอกเมือง,สำนักงานคณะกรรมการการศึกษาขั้นพื้นฐาน,สพป.เชียงใหม่ เขต 4,41,23.71,18.67,46.34,49.87,22.49,14.74,14.63,35.34,9.64,19.61
2567,453,บ้านทุ่งหลวง,แม่วาง,เล็ก,นอกเมือง,สำนักงานคณะกรรมการการศึกษาขั้นพื้นฐาน,สพป.เชียงใหม่ เขต 4,11,20.55,16.99,72.73,44.54,19.62,8.37,0.00,0.00,13.01,21.25
2567,454,บ้านพันตน,แม่วาง,เล็ก,นอกเมือง,สำนักงานคณะกรรมการการศึกษาขั้นพื้นฐาน,สพป.เชียงใหม่ เขต 4,7,29.99,15.98,100.00,0.00,22.43,16.35,14.29,34.99,34.73,34.61
2567,455,บ้านหนองเต่า,แม่วาง,เล็ก,นอกเมือง,สำนักงานคณะกรรมการการศึกษาขั้นพื้นฐาน,สพป.เชียงใหม่ เขต 4,10,22.61,12.92,40.00,48.99,23.74,21.63,20.00,40.00,19.54,32.76
2567,456,บ้านห้วยข้าวลีบ,แม่วาง,เล็ก,นอกเมือง,สำนักงานคณะกรรมการการศึกษาขั้นพื้นฐาน,สพป.เชียงใหม่ เขต 4,10,29.07,9.69,20.00,40.00,23.55,19.23,20.00,40.00,9.54,19.08
2567,457,บ้านห้วยตอง,แม่วาง,กลาง,นอกเมือง,สำนักงานคณะกรรมการการศึกษาขั้นพื้นฐาน,สพป.เชียงใหม่ เขต 4,17,23.84,13.76,41.18,49.22,19.62,15.05,17.65,38.12,14.84,28.70
2567,458,บ้านเหล่าป่าฝาง,แม่วาง,เล็ก,นอกเมือง,สำนักงานคณะกรรมการการศึกษาขั้นพื้นฐาน,สพป.เชียงใหม่ เขต 4,8,14.13,9.68,50.00,50.00,19.62,16.99,0.00,0.00,0.00,0.00
2567,459,บ้านใหม่สวรรค์,แม่วาง,เล็ก,นอกเมือง,สำนักงานคณะกรรมการการศึกษาขั้นพื้นฐาน,สพป.เชียงใหม่ เขต 4,13,32.66,11.34,92.31,26.65,24.15,21.98,15.38,36.08,34.79,41.15
2567,460,พัฒนาต้นน้ำที่ 5 ขุนวาง,แม่วาง,เล็ก,นอกเมือง,สำนักงานคณะกรรมการการศึกษาขั้นพื้นฐาน,สพป.เชียงใหม่ เขต 4,12,25.70,10.23,25.00,43.30,14.72,14.16,8.33,27.64,17.05,24.14
2567,461,แม่วินสามัคคี,แม่วาง,กลาง,นอกเมือง,สำนักงานคณะกรรมการการศึกษาขั้นพื้นฐาน,สพป.เชียงใหม่ เขต 4,20,22.69,15.79,30.00,45.83,20.60,15.79,15.00,35.71,7.61,24.06
2567,462,วัดดอนเปา,แม่วาง,เล็ก,นอกเมือง,กรมส่งเสริมการปกครองท้องถิ่น,ท้องถิ่นจังหวัดเชียงใหม่,12,20.32,16.67,83.33,37.27,24.69,18.27,25.00,43.30,29.36,38.08
2567,463,วัดทุ่งศาลา,แม่วาง,เล็ก,นอกเมือง,สำนักงานคณะกรรมการการศึกษาขั้นพื้นฐาน,สพป.เชียงใหม่ เขต 4,3,37.68,7.61,66.67,47.14,32.70,9.25,0.00,0.00,17.43,24.65
2567,464,วัดมะกับตองหลวง,แม่วาง,เล็ก,นอกเมือง,สำนักงานคณะกรรมการการศึกษาขั้นพื้นฐาน,สพป.เชียงใหม่ เขต 4,4,24.22,8.07,50.00,50.00,20.09,24.05,50.00,50.00,23.85,23.85
2567,465,วัดศิริชัยนิมิตร,แม่วาง,เล็ก,นอกเมือง,สำนักงานคณะกรรมการการศึกษาขั้นพื้นฐาน,สพป.เชียงใหม่ เขต 4,9,34.27,21.03,88.89,31.43,30.52,16.32,33.33,47.14,28.03,41.72
2567,466,วัดห้วยแก้ว,แม่วาง,เล็ก,นอกเมือง,สำนักงานคณะกรรมการการศึกษาขั้นพื้นฐาน,สพป.เชียงใหม่ เขต 4,5,35.84,12.43,60.00,48.99,19.62,17.55,0.00,0.00,0.00,0.00
2567,467,สโมสรไลออนรัตนโกสินทร์,แม่วาง,เล็ก,นอกเมือง,สำนักงานคณะกรรมการการศึกษาขั้นพื้นฐาน,สพป.เชียงใหม่ เขต 4,7,23.07,11.76,28.57,45.18,19.89,15.20,14.29,34.99,21.76,25.16
2567,468,สารสาสน์วิเทศอุปถัมภ์,แม่วาง,กลาง,นอกเมือง,สำนักงานคณะกรรมการส่งเสริมการศึกษาเอกชน,-,28,23.07,17.49,57.14,49.49,28.80,22.08,14.29,34.99,23.13,28.25
2567,469,หลวงพัฒนาบ้านขุนวาง,แม่วาง,กลาง,นอกเมือง,สำนักงานคณะกรรมการการศึกษาขั้นพื้นฐาน,สพป.เชียงใหม่ เขต 4,26,23.72,13.69,61.54,48.65,24.15,19.09,30.77,46.15,19.23,34.20
2567,470,ทาเหนือวิทยา,แม่ออน,เล็ก,นอกเมือง,สำนักงานคณะกรรมการการศึกษาขั้นพื้นฐาน,สพป.เชียงใหม่ เขต 1,16,21.29,13.62,25.00,43.30,26.98,15.32,25.00,43.30,22.31,30.88
2567,471,บ้านออนกลาง,แม่ออน,เล็ก,นอกเมือง,สำนักงานคณะกรรมการการศึกษาขั้นพื้นฐาน,สพป.เชียงใหม่ เขต 1,8,14.32,17.40,50.00,50.00,14.72,16.27,25.00,43.30,31.54,42.98
2567,472,บ้านออนหลวย,แม่ออน,เล็ก,นอกเมือง,สำนักงานคณะกรรมการการศึกษาขั้นพื้นฐาน,สพป.เชียงใหม่ เขต 1,2,25.00,7.30,50.00,50.00,49.06,9.81,0.00,0.00,52.29,0.00
2567,473,แม่ตะไคร้,แม่ออน,เล็ก,นอกเมือง,สำนักงานคณะกรรมการการศึกษาขั้นพื้นฐาน,สพป.เชียงใหม่ เขต 1,5,25.84,7.91,60.00,48.99,39.25,21.50,0.00,0.00,19.08,23.37
2567,474,วัดดอนชัย,แม่ออน,เล็ก,นอกเมือง,สำนักงานคณะกรรมการการศึกษาขั้นพื้นฐาน,สพป.เชียงใหม่ เขต 1,10,27.61,17.67,80.00,40.00,41.21,18.51,10.00,30.00,30.00,33.20
2567,475,วัดเปาสามขา,แม่ออน,เล็ก,นอกเมือง,สำนักงานคณะกรรมการการศึกษาขั้นพื้นฐาน,สพป.เชียงใหม่ เขต 1,20,17.76,15.23,65.00,47.70,22.66,17.94,5.00,21.79,12.61,21.88
2567,476,วัดห้วยแก้ว,แม่ออน,เล็ก,นอกเมือง,สำนักงานคณะกรรมการการศึกษาขั้นพื้นฐาน,สพป.เชียงใหม่ เขต 1,19,29.14,24.19,78.95,40.77,26.95,15.83,31.58,46.48,18.06,28.69
2567,477,วัดห้วยทราย,แม่ออน,เล็ก,นอกเมือง,สำนักงานคณะกรรมการการศึกษาขั้นพื้นฐาน,สพป.เชียงใหม่ เขต 1,23,23.94,14.93,47.83,49.95,28.15,23.02,8.70,28.18,21.94,29.07
2567,478,หมู่บ้านสหกรณ์ 2,แม่ออน,เล็ก,นอกเมือง,สำนักงานคณะกรรมการการศึกษาขั้นพื้นฐาน,สพป.เชียงใหม่ เขต 1,26,26.89,21.26,61.54,48.65,33.21,17.86,26.92,44.36,33.49,34.23
2567,479,กมล -เรียม สุโกศล (บ้านผาใต้),แม่อาย,เล็ก,นอกเมือง,สำนักงานคณะกรรมการการศึกษาขั้นพื้นฐาน,สพป.เชียงใหม่ เขต 3,13,26.21,16.25,15.38,36.08,15.09,15.69,38.46,48.65,18.35,23.21
2567,480,เจ้าพ่อหลวงอุปถัมภ์ 9,แม่อาย,กลาง,นอกเมือง,สำนักงานคณะกรรมการการศึกษาขั้นพื้นฐาน,สพป.เชียงใหม่ เขต 3,39,21.24,17.82,53.85,49.85,25.21,20.99,10.26,30.34,10.02,22.76
2567,481,ชุมชนบ้านคาย,แม่อาย,กลาง,นอกเมือง,สำนักงานคณะกรรมการการศึกษาขั้นพื้นฐาน,สพป.เชียงใหม่ เขต 3,16,21.20,12.40,37.50,48.41,30.66,18.31,18.75,39.03,15.77,23.42
2567,482,ชุมชนบ้านแม่ฮ่าง,แม่อาย,กลาง,นอกเมือง,สำนักงานคณะกรรมการการศึกษาขั้นพื้นฐาน,สพป.เชียงใหม่ เขต 3,46,18.78,17.07,36.96,48.27,18.77,18.73,19.57,39.67,13.78,21.98
2567,483,โชติคุณเกษมบ้านเมืองงาม,แม่อาย,กลาง,นอกเมือง,สำนักงานคณะกรรมการการศึกษาขั้นพื้นฐาน,สพป.เชียงใหม่ เขต 3,40,17.00,14.51,35.00,47.70,22.08,17.65,17.50,38.00,12.16,21.07
2567,484,ต.ช.ด. ไลออนส์มหาจักร 8,แม่อาย,เล็ก,นอกเมือง,สำนักงานคณะกรรมการการศึกษาขั้นพื้นฐาน,สพป.เชียงใหม่ เขต 3,13,21.24,11.77,69.23,46.15,30.19,18.24,23.08,42.13,19.41,37.04
2567,485,ต.ช.ด.ศึกษานารีอนุสรณ์ 3,แม่อาย,เล็ก,นอกเมือง,สำนักงานคณะกรรมการการศึกษาขั้นพื้นฐาน,สพป.เชียงใหม่ เขต 3,11,19.09,13.46,63.64,48.10,28.71,12.76,36.36,48.10,13.84,22.64
2567,486,ทุติยะโพธิ์อนุสรณ์,แม่อาย,เล็ก,นอกเมือง,กองบัญชาการตำรวจตระเวนชายแดน,-,10,25.99,8.05,30.00,45.83,21.58,10.57,10.00,30.00,0.00,0.00
2567,487,ไทยทนุบ้านสันต้นดู่,แม่อาย,เล็ก,นอกเมือง,สำนักงานคณะกรรมการการศึกษาขั้นพื้นฐาน,สพป.เชียงใหม่ เขต 3,13,22.36,13.49,53.85,49.85,28.68,18.24,23.08,42.13,15.74,23.63
2567,488,ไทยรัฐวิทยา 12 (บ้านเอก),แม่อาย,กลาง,นอกเมือง,สำนักงานคณะกรรมการการศึกษาขั้นพื้นฐาน,สพป.เชียงใหม่ เขต 3,18,33.37,24.70,61.11,48.75,42.73,26.74,27.78,44.79,30.68,34.01
2567,489,บ้านดง,แม่อาย,กลาง,นอกเมือง,สำนักงานคณะกรรมการการศึกษาขั้นพื้นฐาน,สพป.เชียงใหม่ เขต 3,14,23.07,20.89,35.71,47.92,19.62,10.49,14.29,34.99,6.82,16.69
2567,490,บ้านดอนชัย,แม่อาย,เล็ก,นอกเมือง,สำนักงานคณะกรรมการการศึกษาขั้นพื้นฐาน,สพป.เชียงใหม่ เขต 3,8,20.19,15.64,50.00,50.00,19.62,19.62,0.00,0.00,6.54,17.29
2567,491,บ้านท่ามะแกง,แม่อาย,เล็ก,นอกเมือง,สำนักงานคณะกรรมการการศึกษาขั้นพื้นฐาน,สพป.เชียงใหม่ เขต 3,16,22.20,12.61,56.25,49.61,33.23,20.53,12.50,33.07,15.48,23.00
2567,492,บ้านป่าก๊อ,แม่อาย,กลาง,นอกเมือง,สำนักงานคณะกรรมการการศึกษาขั้นพื้นฐาน,สพป.เชียงใหม่ เขต 3,23,24.01,20.30,26.09,43.91,29.09,22.35,34.78,47.63,10.57,20.07
2567,493,บ้านปางต้นเดื่อ,แม่อาย,กลาง,นอกเมือง,สำนักงานคณะกรรมการการศึกษาขั้นพื้นฐาน,สพป.เชียงใหม่ เขต 3,21,21.53,12.54,38.10,48.56,28.97,17.78,19.05,39.27,14.29,27.37
2567,494,บ้านป่าแดง,แม่อาย,กลาง,นอกเมือง,สำนักงานคณะกรรมการการศึกษาขั้นพื้นฐาน,สพป.เชียงใหม่ เขต 3,20,20.26,14.40,25.00,43.30,21.58,16.30,5.00,21.79,9.77,19.56
2567,495,บ้านโป่งไฮ,แม่อาย,เล็ก,นอกเมือง,สำนักงานคณะกรรมการการศึกษาขั้นพื้นฐาน,สพป.เชียงใหม่ เขต 3,11,17.76,12.97,36.36,48.10,26.76,17.30,9.09,28.75,9.09,19.31
2567,496,บ้านแม่สาว,แม่อาย,กลาง,นอกเมือง,สำนักงานคณะกรรมการการศึกษาขั้นพื้นฐาน,สพป.เชียงใหม่ เขต 3,56,28.69,18.59,71.43,45.18,22.08,21.00,19.64,39.73,26.95,34.16
2567,497,บ้านโละ,แม่อาย,เล็ก,นอกเมือง,สำนักงานคณะกรรมการการศึกษาขั้นพื้นฐาน,สพป.เชียงใหม่ เขต 3,7,41.53,14.59,71.43,45.18,30.84,17.73,42.86,49.49,28.57,36.44
2567,498,บ้านสันต้นหมื้อ,แม่อาย,กลาง,นอกเมือง,สำนักงานคณะกรรมการการศึกษาขั้นพื้นฐาน,สพป.เชียงใหม่ เขต 3,31,22.45,12.13,38.71,48.71,25.32,15.11,19.35,39.51,14.44,25.93
2567,499,บ้านสันปอธง,แม่อาย,เล็ก,นอกเมือง,สำนักงานคณะกรรมการการศึกษาขั้นพื้นฐาน,สพป.เชียงใหม่ เขต 3,14,19.61,16.35,50.00,50.00,14.02,15.61,7.14,25.75,10.55,20.23
2567,500,บ้านสันป่าข่า,แม่อาย,เล็ก,นอกเมือง,สำนักงานคณะกรรมการการศึกษาขั้นพื้นฐาน,สพป.เชียงใหม่ เขต 3,16,14.32,16.35,18.75,39.03,28.21,19.58,18.75,39.03,12.50,21.68
2567,501,บ้านสันป่าเหียว,แม่อาย,เล็ก,นอกเมือง,สำนักงานคณะกรรมการการศึกษาขั้นพื้นฐาน,สพป.เชียงใหม่ เขต 3,5,22.92,22.50,60.00,48.99,19.62,17.55,0.00,0.00,20.00,24.54
2567,502,บ้านสุขฤทัย,แม่อาย,กลาง,นอกเมือง,สำนักงานคณะกรรมการการศึกษาขั้นพื้นฐาน,สพป.เชียงใหม่ เขต 3,35,18.92,11.89,40.00,48.99,19.06,17.23,22.86,41.99,15.65,26.05
2567,503,บ้านหนองขี้นกยาง,แม่อาย,เล็ก,นอกเมือง,สำนักงานคณะกรรมการการศึกษาขั้นพื้นฐาน,สพป.เชียงใหม่ เขต 3,5,22.61,7.91,80.00,40.00,23.55,7.85,0.00,0.00,9.54,19.08
2567,504,บ้านหลวง,แม่อาย,เล็ก,นอกเมือง,สำนักงานคณะกรรมการการศึกษาขั้นพื้นฐาน,สพป.เชียงใหม่ เขต 3,6,26.92,15.23,0.00,0.00,19.62,16.02,0.00,0.00,0.00,0.00
2567,505,บ้านห้วยคอกหมู,แม่อาย,เล็ก,นอกเมือง,สำนักงานคณะกรรมการการศึกษาขั้นพื้นฐาน,สพป.เชียงใหม่ เขต 3,26,23.04,15.79,11.54,31.95,16.60,16.94,11.54,31.95,1.83,9.17
2567,506,บ้านห้วยป่าซาง,แม่อาย,เล็ก,นอกเมือง,สำนักงานคณะกรรมการการศึกษาขั้นพื้นฐาน,สพป.เชียงใหม่ เขต 3,20,24.22,13.02,70.00,45.83,19.62,16.42,15.00,35.71,17.39,28.51
2567,507,บ้านห้วยปู,แม่อาย,เล็ก,นอกเมือง,สำนักงานคณะกรรมการการศึกษาขั้นพื้นฐาน,สพป.เชียงใหม่ เขต 3,10,19.38,12.08,60.00,48.99,37.47,20.69,30.00,45.83,34.77,38.98
2567,508,บ้านห้วยม่วง,แม่อาย,เล็ก,นอกเมือง,สำนักงานคณะกรรมการการศึกษาขั้นพื้นฐาน,สพป.เชียงใหม่ เขต 3,13,26.21,22.72,61.54,48.65,24.15,19.09,23.08,42.13,19.41,37.04
2567,509,บ้านห้วยศาลา,แม่อาย,เล็ก,นอกเมือง,สำนักงานคณะกรรมการการศึกษาขั้นพื้นฐาน,สพป.เชียงใหม่ เขต 3,20,30.03,18.06,45.00,49.75,25.51,20.67,10.00,30.00,27.84,33.70
2567,510,บ้านฮ่างต่ำ,แม่อาย,เล็ก,นอกเมือง,สำนักงานคณะกรรมการการศึกษาขั้นพื้นฐาน,สพป.เชียงใหม่ เขต 3,13,24.84,16.29,46.15,49.85,25.66,20.92,30.77,46.15,12.07,22.03
2567,511,ประพันธ์ - อารีย์ หงษ์สกุล (บ้านห้วยห,แม่อาย,กลาง,นอกเมือง,สำนักงานคณะกรรมการการศึกษาขั้นพื้นฐาน,สพป.เชียงใหม่ เขต 3,27,20.39,15.01,18.52,38.84,18.97,18.25,22.22,41.57,14.31,22.06
2567,512,เพียงหลวง 1 (บ้านท่าตอน),แม่อาย,กลาง,นอกเมือง,สำนักงานคณะกรรมการการศึกษาขั้นพื้นฐาน,สพป.เชียงใหม่ เขต 3,51,23.93,17.33,62.75,48.35,31.55,21.31,29.41,45.56,20.45,31.48
2567,513,ราชประชานุเคราะห์ 30,แม่อาย,กลาง,นอกเมือง,สำนักบริหารงานการศึกษาพิเศษ,-,39,19.50,18.42,30.77,46.15,16.60,16.35,12.82,33.43,4.89,14.47
2567,514,วัดห้วยน้ำเย็น,แม่อาย,เล็ก,นอกเมือง,สำนักงานคณะกรรมการการศึกษาขั้นพื้นฐาน,สพป.เชียงใหม่ เขต 3,13,11.18,14.70,30.77,46.15,25.66,27.09,30.77,46.15,15.03,29.89
2567,515,ศึกษานารีอนุสรณ์ 1 บ้านแม่เมืองน้อย,แม่อาย,เล็ก,นอกเมือง,สำนักงานคณะกรรมการการศึกษาขั้นพื้นฐาน,สพป.เชียงใหม่ เขต 3,13,23.96,13.99,46.15,49.85,19.62,24.34,0.00,0.00,27.10,31.88
2567,516,ศึกษานารีอนุสรณ์ 2,แม่อาย,กลาง,นอกเมือง,สำนักงานคณะกรรมการการศึกษาขั้นพื้นฐาน,สพป.เชียงใหม่ เขต 3,15,22.71,13.13,26.67,44.22,26.42,17.40,26.67,44.22,6.67,17.02
2567,517,ศูนย์การเรียนตำรวจตระเวนชายแดนบ้านนามะอื้น,แม่อาย,เล็ก,นอกเมือง,กองบัญชาการตำรวจตระเวนชายแดน,-,7,11.54,14.22,14.29,34.99,16.82,16.35,14.29,34.99,6.82,16.69
2567,518,เฮียงไทยธำรงค์,แม่อาย,เล็ก,นอกเมือง,กองบัญชาการตำรวจตระเวนชายแดน,-,13,24.84,17.48,30.77,46.15,24.15,20.59,15.38,36.08,11.01,20.10
2567,519,ตชด.เบญจมะ1,เวียงแหง,เล็ก,นอกเมือง,กองบัญชาการตำรวจตระเวนชายแดน,-,10,14.53,13.41,30.00,45.83,23.55,17.11,10.00,30.00,4.77,14.31
2567,520,บ้านกองลม,เวียงแหง,กลาง,นอกเมือง,สำนักงานคณะกรรมการการศึกษาขั้นพื้นฐาน,สพป.เชียงใหม่ เขต 3,40,20.26,12.97,55.00,49.75,28.94,21.49,10.00,30.00,15.11,28.00
2567,521,บ้านจอง,เวียงแหง,กลาง,นอกเมือง,สำนักงานคณะกรรมการการศึกษาขั้นพื้นฐาน,สพป.เชียงใหม่ เขต 3,18,18.84,12.33,66.67,47.14,23.98,16.75,27.78,44.79,16.41,28.59
2567,522,บ้านนามน,เวียงแหง,เล็ก,นอกเมือง,สำนักงานคณะกรรมการการศึกษาขั้นพื้นฐาน,สพป.เชียงใหม่ เขต 3,22,25.69,13.48,36.36,48.10,16.05,14.05,18.18,38.57,8.88,18.86
2567,523,บ้านปางป๋อ,เวียงแหง,เล็ก,นอกเมือง,สำนักงานคณะกรรมการการศึกษาขั้นพื้นฐาน,สพป.เชียงใหม่ เขต 3,12,18.97,13.05,58.33,49.30,27.80,16.91,16.67,37.27,8.72,19.49
2567,524,บ้านเปียงหลวง,เวียงแหง,กลาง,นอกเมือง,สำนักงานคณะกรรมการการศึกษาขั้นพื้นฐาน,สพป.เชียงใหม่ เขต 3,38,18.31,14.08,36.84,48.24,17.04,17.53,21.05,40.77,18.30,28.96
2567,525,บ้านม่วงป๊อก,เวียงแหง,กลาง,นอกเมือง,สำนักงานคณะกรรมการการศึกษาขั้นพื้นฐาน,สพป.เชียงใหม่ เขต 3,30,34.22,20.08,86.67,33.99,35.38,21.32,26.67,44.22,30.15,33.29
2567,526,บ้านเวียงแหง,เวียงแหง,กลาง,นอกเมือง,สำนักงานคณะกรรมการการศึกษาขั้นพื้นฐาน,สพป.เชียงใหม่ เขต 3,25,26.73,16.16,52.00,49.96,28.33,25.63,28.00,44.90,13.91,22.34
2567,527,บ้านห้วยไคร้,เวียงแหง,กลาง,นอกเมือง,สำนักงานคณะกรรมการการศึกษาขั้นพื้นฐาน,สพป.เชียงใหม่ เขต 3,29,22.44,17.33,51.72,49.97,28.42,17.54,27.59,44.69,22.49,31.13
2567,528,รัฐราษฎร์อุปถัมภ์,เวียงแหง,กลาง,นอกเมือง,สำนักงานคณะกรรมการการศึกษาขั้นพื้นฐาน,สพป.เชียงใหม่ เขต 3,45,17.94,14.13,46.67,49.89,26.64,21.26,8.89,28.46,18.94,28.54
2567,529,ชุมชนบ้านดง,สะเมิง,เล็ก,นอกเมือง,สำนักงานคณะกรรมการการศึกษาขั้นพื้นฐาน,สพป.เชียงใหม่ เขต 2,22,26.64,20.10,59.09,49.17,31.22,23.41,18.18,38.57,22.73,39.11
2567,530,ชุมชนบ้านแม่สาบ,สะเมิง,เล็ก,นอกเมือง,สำนักงานคณะกรรมการการศึกษาขั้นพื้นฐาน,สพป.เชียงใหม่ เขต 2,8,24.42,20.02,37.50,48.41,34.34,19.00,75.00,43.30,0.00,0.00
2567,531,ทรายทองราษฎร์อุทิศ,สะเมิง,เล็ก,นอกเมือง,สำนักงานคณะกรรมการการศึกษาขั้นพื้นฐาน,สพป.เชียงใหม่ เขต 2,12,26.92,13.72,83.33,37.27,31.07,21.88,16.67,37.27,42.43,34.57
2567,532,บ้านกิ่วเสือ,สะเมิง,เล็ก,นอกเมือง,สำนักงานคณะกรรมการการศึกษาขั้นพื้นฐาน,สพป.เชียงใหม่ เขต 2,11,14.68,12.80,54.55,49.79,28.54,21.11,36.36,48.10,41.53,41.81
2567,533,บ้านนากู่,สะเมิง,เล็ก,นอกเมือง,สำนักงานคณะกรรมการการศึกษาขั้นพื้นฐาน,สพป.เชียงใหม่ เขต 2,7,20.76,16.64,42.86,49.49,14.02,8.86,0.00,0.00,6.82,16.69
2567,534,บ้านบ่อแก้ว,สะเมิง,กลาง,นอกเมือง,สำนักงานคณะกรรมการการศึกษาขั้นพื้นฐาน,สพป.เชียงใหม่ เขต 2,37,17.46,13.21,40.54,49.10,17.50,14.27,8.11,27.30,10.93,20.84
2567,535,บ้านปางขุม,สะเมิง,เล็ก,นอกเมือง,สำนักงานคณะกรรมการการศึกษาขั้นพื้นฐาน,สพป.เชียงใหม่ เขต 2,15,22.61,16.47,40.00,48.99,15.70,12.82,33.33,47.14,13.03,21.63
2567,536,บ้านป่าลาน,สะเมิง,เล็ก,นอกเมือง,สำนักงานคณะกรรมการการศึกษาขั้นพื้นฐาน,สพป.เชียงใหม่ เขต 2,11,17.62,12.80,72.73,44.54,30.33,17.48,9.09,28.75,18.60,24.63
2567,537,บ้านแม่ขะปู,สะเมิง,เล็ก,นอกเมือง,สำนักงานคณะกรรมการการศึกษาขั้นพื้นฐาน,สพป.เชียงใหม่ เขต 2,14,16.15,12.21,64.29,47.92,16.95,12.78,14.29,34.99,7.47,18.30
2567,538,บ้านแม่โต๋,สะเมิง,เล็ก,นอกเมือง,สำนักงานคณะกรรมการการศึกษาขั้นพื้นฐาน,สพป.เชียงใหม่ เขต 2,21,23.84,19.06,61.90,48.56,20.56,12.81,19.05,39.27,14.07,22.27
2567,539,บ้านแม่ยางห้า,สะเมิง,เล็ก,นอกเมือง,สำนักงานคณะกรรมการการศึกษาขั้นพื้นฐาน,สพป.เชียงใหม่ เขต 2,20,21.15,17.20,35.00,47.70,23.55,20.20,25.00,43.30,15.46,23.63
2567,540,บ้านแม่ลานคำ,สะเมิง,เล็ก,นอกเมือง,สำนักงานคณะกรรมการการศึกษาขั้นพื้นฐาน,สพป.เชียงใหม่ เขต 2,17,27.73,12.17,23.53,42.42,26.55,13.36,35.29,47.79,11.49,20.75
2567,541,บ้านแม่แว,สะเมิง,เล็ก,นอกเมือง,สำนักงานคณะกรรมการการศึกษาขั้นพื้นฐาน,สพป.เชียงใหม่ เขต 2,8,8.07,11.42,25.00,43.30,22.08,20.67,50.00,50.00,11.93,20.66
2567,542,บ้านห้วยน้ำจาง,สะเมิง,เล็ก,นอกเมือง,สำนักงานคณะกรรมการการศึกษาขั้นพื้นฐาน,สพป.เชียงใหม่ เขต 2,4,24.22,8.07,25.00,43.30,14.72,8.50,25.00,43.30,11.93,20.66
2567,543,รัปปาปอร์ต,สะเมิง,เล็ก,นอกเมือง,สำนักงานคณะกรรมการการศึกษาขั้นพื้นฐาน,สพป.เชียงใหม่ เขต 2,20,21.07,12.69,35.00,47.70,21.58,17.44,25.00,43.30,10.00,20.03
2567,544,วัดงิ้วเฒ่า,สะเมิง,เล็ก,นอกเมือง,สำนักงานคณะกรรมการการศึกษาขั้นพื้นฐาน,สพป.เชียงใหม่ เขต 2,10,27.61,18.09,80.00,40.00,23.55,21.13,40.00,48.99,15.69,23.96
2567,545,วัดบ้านป้อก,สะเมิง,เล็ก,นอกเมือง,สำนักงานคณะกรรมการการศึกษาขั้นพื้นฐาน,สพป.เชียงใหม่ เขต 2,3,32.82,13.21,100.00,0.00,39.25,27.75,33.33,47.14,50.76,40.84
2567,546,วัดปางเติม,สะเมิง,เล็ก,นอกเมือง,สำนักงานคณะกรรมการการศึกษาขั้นพื้นฐาน,สพป.เชียงใหม่ เขต 2,11,20.69,12.25,63.64,48.10,21.41,22.84,27.27,44.54,27.27,24.95
2567,547,วัดแม่เลย,สะเมิง,เล็ก,นอกเมือง,สำนักงานคณะกรรมการการศึกษาขั้นพื้นฐาน,สพป.เชียงใหม่ เขต 2,8,20.19,10.68,50.00,50.00,12.26,13.66,37.50,48.41,12.50,21.68
2567,548,วัดยั้งเมิน,สะเมิง,เล็ก,นอกเมือง,สำนักงานคณะกรรมการการศึกษาขั้นพื้นฐาน,สพป.เชียงใหม่ เขต 2,11,27.89,13.93,72.73,44.54,17.84,15.55,27.27,44.54,36.78,37.66
2567,549,บ้านกอสะเลียม,สันกำแพง,เล็ก,นอกเมือง,สำนักงานคณะกรรมการการศึกษาขั้นพื้นฐาน,สพป.เชียงใหม่ เขต 1,10,20.99,17.76,60.00,48.99,41.21,20.49,30.00,45.83,35.69,32.37
2567,550,บ้านแช่ช้าง (เทพนานุกูล),สันกำแพง,เล็ก,นอกเมือง,สำนักงานคณะกรรมการการศึกษาขั้นพื้นฐาน,สพป.เชียงใหม่ เขต 1,18,18.03,13.06,50.00,50.00,23.98,16.75,5.56,22.91,8.21,18.37
2567,551,บ้านบวกค้าง,สันกำแพง,เล็ก,นอกเมือง,สำนักงานคณะกรรมการการศึกษาขั้นพื้นฐาน,สพป.เชียงใหม่ เขต 1,7,16.37,19.68,57.14,49.49,22.43,22.07,0.00,0.00,14.29,22.62
2567,552,บ้านบ่อสร้างนรากรประสาท,สันกำแพง,กลาง,นอกเมือง,สำนักงานคณะกรรมการการศึกษาขั้นพื้นฐาน,สพป.เชียงใหม่ เขต 1,52,26.86,19.69,80.77,39.41,29.85,18.31,25.00,43.30,24.17,34.77
2567,553,บ้านมอญ,สันกำแพง,เล็ก,นอกเมือง,สำนักงานคณะกรรมการการศึกษาขั้นพื้นฐาน,สพป.เชียงใหม่ เขต 1,3,43.58,15.96,100.00,0.00,39.25,32.04,33.33,47.14,33.33,47.14
2567,554,บ้านแม่ปูคา,สันกำแพง,เล็ก,นอกเมือง,สำนักงานคณะกรรมการการศึกษาขั้นพื้นฐาน,สพป.เชียงใหม่ เขต 1,19,31.61,16.39,52.63,49.93,32.02,21.32,15.79,36.46,26.32,33.93
2567,555,บ้านสันกำแพง,สันกำแพง,ใหญ่พิเศษ,นอกเมือง,สำนักงานคณะกรรมการการศึกษาขั้นพื้นฐาน,สพป.เชียงใหม่ เขต 1,301,27.87,22.19,72.43,44.69,33.75,21.88,25.25,43.44,31.67,36.77
2567,556,บ้านหนองโค้ง,สันกำแพง,กลาง,นอกเมือง,สำนักงานคณะกรรมการการศึกษาขั้นพื้นฐาน,สพป.เชียงใหม่ เขต 1,84,30.83,20.64,67.86,46.70,35.64,23.76,38.10,48.56,31.63,36.07
2567,557,วัดทรายมูลรัตนศึกษา,สันกำแพง,เล็ก,นอกเมือง,สำนักงานคณะกรรมการการศึกษาขั้นพื้นฐาน,สพป.เชียงใหม่ เขต 1,5,12.92,12.08,60.00,48.99,27.85,20.61,40.00,48.99,20.00,24.54
2567,558,วัดบ้านน้อย,สันกำแพง,เล็ก,นอกเมือง,สำนักงานคณะกรรมการการศึกษาขั้นพื้นฐาน,สพป.เชียงใหม่ เขต 1,18,22.60,16.64,66.67,47.14,27.25,14.83,44.44,49.69,22.48,38.28
2567,559,วัดป่าตาล,สันกำแพง,เล็ก,นอกเมือง,สำนักงานคณะกรรมการการศึกษาขั้นพื้นฐาน,สพป.เชียงใหม่ เขต 1,2,0.00,0.00,100.00,0.00,49.06,9.81,50.00,50.00,0.00,0.00
2567,560,วัดร้องวัวแดงศรีจันทร์วิทยาคาร,สันกำแพง,เล็ก,นอกเมือง,สำนักงานคณะกรรมการการศึกษาขั้นพื้นฐาน,สพป.เชียงใหม่ เขต 1,10,19.53,18.94,70.00,45.83,23.55,14.68,40.00,48.99,15.23,23.29
2567,561,วัดล้านตอง,สันกำแพง,เล็ก,นอกเมือง,สำนักงานคณะกรรมการการศึกษาขั้นพื้นฐาน,สพป.เชียงใหม่ เขต 1,19,22.95,18.39,52.63,49.93,30.98,21.42,31.58,46.48,18.06,28.69
2567,562,วัดสันกลางเหนือ,สันกำแพง,เล็ก,นอกเมือง,สำนักงานคณะกรรมการการศึกษาขั้นพื้นฐาน,สพป.เชียงใหม่ เขต 1,20,42.30,26.11,95.00,21.79,37.57,26.77,45.00,49.75,45.23,44.48
2567,563,วัดสันโค้ง,สันกำแพง,เล็ก,นอกเมือง,สำนักงานคณะกรรมการการศึกษาขั้นพื้นฐาน,สพป.เชียงใหม่ เขต 1,9,34.27,19.60,55.56,49.69,32.70,16.02,11.11,31.43,22.22,24.89
2567,564,วัดสันมะฮกฟ้า,สันกำแพง,เล็ก,นอกเมือง,สำนักงานคณะกรรมการการศึกษาขั้นพื้นฐาน,สพป.เชียงใหม่ เขต 1,19,32.63,25.88,73.68,44.03,36.25,22.40,42.11,49.37,33.61,32.40
2567,565,สวนเด็กสันกำแพง,สันกำแพง,กลาง,นอกเมือง,สำนักงานคณะกรรมการส่งเสริมการศึกษาเอกชน,-,33,26.57,17.43,66.67,47.14,28.00,23.85,30.30,45.96,31.75,34.41
2567,566,สันกำแพงคันธาอนุสรณ์,สันกำแพง,เล็ก,นอกเมือง,สำนักงานคณะกรรมการการศึกษาขั้นพื้นฐาน,สพป.เชียงใหม่ เขต 1,19,16.15,10.48,52.63,49.93,25.82,15.66,10.53,30.69,16.03,23.63
2567,567,ออนใต้วิทยา,สันกำแพง,เล็ก,นอกเมือง,สำนักงานคณะกรรมการการศึกษาขั้นพื้นฐาน,สพป.เชียงใหม่ เขต 1,19,20.40,16.44,47.37,49.93,21.69,16.72,15.79,36.46,25.83,33.59
2567,568,ชลประทานเขื่อนแม่กวงจิราธิวัฒน์อุปถัมภ์,สันทราย,กลาง,นอกเมือง,สำนักงานคณะกรรมการการศึกษาขั้นพื้นฐาน,สพป.เชียงใหม่ เขต 2,14,22.03,16.91,35.71,47.92,23.96,10.91,21.43,41.03,7.47,18.30
2567,569,ต้นกล้า,สันทราย,กลาง,นอกเมือง,สำนักงานคณะกรรมการส่งเสริมการศึกษาเอกชน,-,21,31.06,15.23,76.19,42.59,42.23,26.29,42.86,49.49,41.02,36.75
2567,570,บ้านเจดีย์แม่ครัว,สันทราย,กลาง,นอกเมือง,สำนักงานคณะกรรมการการศึกษาขั้นพื้นฐาน,สพป.เชียงใหม่ เขต 2,77,19.82,17.15,55.84,49.66,25.28,18.42,23.38,42.32,16.62,25.31
2567,571,บ้านท่าเกวียน,สันทราย,เล็ก,นอกเมือง,สำนักงานคณะกรรมการการศึกษาขั้นพื้นฐาน,สพป.เชียงใหม่ เขต 2,12,42.49,31.54,66.67,47.14,32.70,23.13,16.67,37.27,37.69,36.18
2567,572,บ้านบวกเปา,สันทราย,เล็ก,นอกเมือง,สำนักงานคณะกรรมการการศึกษาขั้นพื้นฐาน,สพป.เชียงใหม่ เขต 2,5,29.07,12.08,100.00,0.00,39.25,17.55,40.00,48.99,30.46,40.24
2567,573,บ้านป่าก้าง,สันทราย,เล็ก,นอกเมือง,สำนักงานคณะกรรมการการศึกษาขั้นพื้นฐาน,สพป.เชียงใหม่ เขต 2,14,20.87,18.91,28.57,45.18,21.02,17.34,7.14,25.75,11.21,21.46
2567,574,บ้านป่าบง,สันทราย,เล็ก,นอกเมือง,สำนักงานคณะกรรมการการศึกษาขั้นพื้นฐาน,สพป.เชียงใหม่ เขต 2,14,37.02,21.75,92.86,25.75,37.98,19.15,50.00,50.00,42.86,41.67
2567,575,บ้านป่าเหมือด,สันทราย,เล็ก,นอกเมือง,สำนักงานคณะกรรมการการศึกษาขั้นพื้นฐาน,สพป.เชียงใหม่ เขต 2,25,28.80,21.62,72.00,44.90,30.69,23.82,12.00,32.50,32.37,28.14
2567,576,บ้านโปง,สันทราย,เล็ก,นอกเมือง,สำนักงานคณะกรรมการการศึกษาขั้นพื้นฐาน,สพป.เชียงใหม่ เขต 2,19,16.15,11.72,68.42,46.48,18.59,17.40,21.05,40.77,16.27,28.94
2567,577,บ้านโป่ง,สันทราย,เล็ก,นอกเมือง,สำนักงานคณะกรรมการการศึกษาขั้นพื้นฐาน,สพป.เชียงใหม่ เขต 2,4,20.19,13.39,50.00,50.00,14.72,16.27,50.00,50.00,13.07,22.64
2567,578,บ้านเมืองขอน,สันทราย,เล็ก,นอกเมือง,สำนักงานคณะกรรมการการศึกษาขั้นพื้นฐาน,สพป.เชียงใหม่ เขต 2,6,26.92,7.61,0.00,0.00,26.16,9.25,0.00,0.00,0.00,0.00
2567,579,บ้านแม่โจ้,สันทราย,กลาง,นอกเมือง,สำนักงานคณะกรรมการการศึกษาขั้นพื้นฐาน,สพป.เชียงใหม่ เขต 2,57,24.78,17.88,49.12,49.99,23.82,17.66,31.58,46.48,21.97,28.20
2567,580,บ้านแม่แต,สันทราย,เล็ก,นอกเมือง,สำนักงานคณะกรรมการการศึกษาขั้นพื้นฐาน,สพป.เชียงใหม่ เขต 2,3,32.82,13.82,100.00,0.00,13.08,18.50,33.33,47.14,17.43,24.65
2567,581,บ้านแม่แฝก,สันทราย,เล็ก,นอกเมือง,สำนักงานคณะกรรมการการศึกษาขั้นพื้นฐาน,สพป.เชียงใหม่ เขต 2,18,25.29,19.92,77.78,41.57,31.82,26.34,16.67,37.27,22.73,30.41
2567,582,บ้านแม่ย่อย,สันทราย,เล็ก,นอกเมือง,สำนักงานคณะกรรมการการศึกษาขั้นพื้นฐาน,สพป.เชียงใหม่ เขต 2,19,22.34,15.19,78.95,40.77,21.79,20.31,26.32,44.03,23.80,34.02
2567,583,บ้านร่มหลวง,สันทราย,เล็ก,นอกเมือง,สำนักงานคณะกรรมการการศึกษาขั้นพื้นฐาน,สพป.เชียงใหม่ เขต 2,17,21.08,10.95,94.12,23.53,31.17,20.26,5.88,23.53,29.14,24.44
2567,584,บ้านศรีงาม,สันทราย,เล็ก,นอกเมือง,สำนักงานคณะกรรมการการศึกษาขั้นพื้นฐาน,สพป.เชียงใหม่ เขต 2,5,46.15,28.98,80.00,40.00,31.40,23.55,40.00,48.99,29.54,39.78
2567,585,บ้านศรีบุญเรือง,สันทราย,กลาง,นอกเมือง,สำนักงานคณะกรรมการการศึกษาขั้นพื้นฐาน,สพป.เชียงใหม่ เขต 2,33,22.75,14.96,45.45,49.79,27.47,18.05,15.15,35.86,7.65,18.11
2567,586,บ้านสันพระเนตร,สันทราย,เล็ก,นอกเมือง,สำนักงานคณะกรรมการการศึกษาขั้นพื้นฐาน,สพป.เชียงใหม่ เขต 2,5,19.38,15.82,60.00,48.99,19.62,12.41,40.00,48.99,10.46,20.92
2567,587,บ้านสันศรี,สันทราย,เล็ก,นอกเมือง,สำนักงานคณะกรรมการการศึกษาขั้นพื้นฐาน,สพป.เชียงใหม่ เขต 2,6,30.12,6.29,83.33,37.27,26.16,14.63,66.67,47.14,51.53,28.89
2567,588,บ้านหนองไคร้,สันทราย,กลาง,นอกเมือง,สำนักงานคณะกรรมการการศึกษาขั้นพื้นฐาน,สพป.เชียงใหม่ เขต 2,65,22.73,17.78,67.69,46.77,29.97,22.19,21.54,41.11,32.83,34.19
2567,589,บ้านหนองมะจับ,สันทราย,เล็ก,นอกเมือง,สำนักงานคณะกรรมการการศึกษาขั้นพื้นฐาน,สพป.เชียงใหม่ เขต 2,5,32.30,10.21,60.00,48.99,23.55,7.85,0.00,0.00,0.00,0.00
2567,590,บ้านหนองหาร,สันทราย,เล็ก,นอกเมือง,สำนักงานคณะกรรมการการศึกษาขั้นพื้นฐาน,สพป.เชียงใหม่ เขต 2,23,21.13,12.15,56.52,49.57,29.01,19.94,8.70,28.18,17.99,24.65
2567,591,บ้านหลักปัน,สันทราย,กลาง,นอกเมือง,สำนักงานคณะกรรมการการศึกษาขั้นพื้นฐาน,สพป.เชียงใหม่ เขต 2,12,35.25,21.15,91.67,27.64,31.07,23.30,25.00,43.30,24.62,32.00
2567,592,บ้านห้วยเกี๋ยง,สันทราย,กลาง,นอกเมือง,สำนักงานคณะกรรมการการศึกษาขั้นพื้นฐาน,สพป.เชียงใหม่ เขต 2,45,25.62,18.23,53.33,49.89,27.04,18.63,24.44,42.98,16.62,27.85
2567,593,บ้านหัวฝาย,สันทราย,เล็ก,นอกเมือง,สำนักงานคณะกรรมการการศึกษาขั้นพื้นฐาน,สพป.เชียงใหม่ เขต 2,5,46.15,19.27,80.00,40.00,51.02,15.70,40.00,48.99,60.00,37.44
2567,594,พงษ์พิกุลเชียงใหม่,สันทราย,กลาง,นอกเมือง,สำนักงานคณะกรรมการส่งเสริมการศึกษาเอกชน,-,20,23.49,14.10,45.00,49.75,27.57,21.18,10.00,30.00,15.23,28.14
2567,595,วัดแม่แก้ดน้อย,สันทราย,ใหญ่,นอกเมือง,สำนักงานคณะกรรมการการศึกษาขั้นพื้นฐาน,สพป.เชียงใหม่ เขต 2,111,24.00,16.95,45.05,49.75,24.48,20.63,20.72,40.53,22.44,34.00
2567,596,วัดสันคะยอม,สันทราย,เล็ก,นอกเมือง,สำนักงานคณะกรรมการการศึกษาขั้นพื้นฐาน,สพป.เชียงใหม่ เขต 2,22,27.16,17.14,72.73,44.54,33.89,19.78,18.18,38.57,29.65,32.64
2567,597,วัดสันทรายมูล,สันทราย,เล็ก,นอกเมือง,สำนักงานคณะกรรมการการศึกษาขั้นพื้นฐาน,สพป.เชียงใหม่ เขต 2,19,21.33,18.24,52.63,49.93,26.95,22.22,21.05,40.77,27.04,34.42
2567,598,วีรยาเชียงใหม่,สันทราย,กลาง,นอกเมือง,สำนักงานคณะกรรมการส่งเสริมการศึกษาเอกชน,-,36,36.32,24.98,75.00,43.30,41.25,24.21,38.89,48.75,40.47,40.58
2567,599,สวนองุ่นเชียงใหม่,สันทราย,กลาง,นอกเมือง,สำนักงานคณะกรรมการส่งเสริมการศึกษาเอกชน,-,39,47.88,25.10,92.31,26.65,49.14,28.18,64.10,47.97,66.15,32.00
2567,600,สันทรายหลวง,สันทราย,กลาง,นอกเมือง,สำนักงานคณะกรรมการการศึกษาขั้นพื้นฐาน,สพป.เชียงใหม่ เขต 2,62,26.77,17.37,61.29,48.71,28.89,19.68,17.74,38.20,23.72,31.05
2567,601,กิ่วแลน้อยประสิทธิ์วิทยา,สันป่าตอง,กลาง,นอกเมือง,สำนักงานคณะกรรมการการศึกษาขั้นพื้นฐาน,สพป.เชียงใหม่ เขต 4,27,30.14,22.65,81.48,38.84,30.66,29.74,37.04,48.29,24.50,31.91
2567,602,ชุมชนกิ่วแลหลวงประสิทธิ์วิทยา,สันป่าตอง,เล็ก,นอกเมือง,สำนักงานคณะกรรมการการศึกษาขั้นพื้นฐาน,สพป.เชียงใหม่ เขต 4,3,16.15,0.00,33.33,47.14,39.25,0.00,0.00,0.00,17.43,24.65
2567,603,ทุ่งฟ้าบดราษฎร์บำรุง,สันป่าตอง,กลาง,นอกเมือง,กรมส่งเสริมการปกครองท้องถิ่น,ท้องถิ่นจังหวัดเชียงใหม่,111,22.08,17.20,64.86,47.74,32.29,21.19,23.42,42.35,20.41,31.90
2567,604,บ้านทุ่งเสี้ยว (นวรัฐ),สันป่าตอง,เล็ก,นอกเมือง,สำนักงานคณะกรรมการการศึกษาขั้นพื้นฐาน,สพป.เชียงใหม่ เขต 4,15,18.41,11.73,53.33,49.89,27.72,20.17,13.33,33.99,6.67,17.02
2567,605,บ้านเปียง,สันป่าตอง,เล็ก,นอกเมือง,สำนักงานคณะกรรมการการศึกษาขั้นพื้นฐาน,สพป.เชียงใหม่ เขต 4,11,22.16,14.34,81.82,38.57,26.76,20.96,0.00,0.00,9.09,19.31
2567,606,บ้านม่วงพี่น้อง,สันป่าตอง,เล็ก,นอกเมือง,สำนักงานคณะกรรมการการศึกษาขั้นพื้นฐาน,สพป.เชียงใหม่ เขต 4,10,19.38,17.39,30.00,45.83,13.74,12.56,10.00,30.00,10.46,20.92
2567,607,บ้านแม่กุ้งหลวง,สันป่าตอง,เล็ก,นอกเมือง,สำนักงานคณะกรรมการการศึกษาขั้นพื้นฐาน,สพป.เชียงใหม่ เขต 4,8,22.20,17.94,25.00,43.30,17.17,15.32,25.00,43.30,5.96,15.78
2567,608,บ้านร่องน้ำ,สันป่าตอง,เล็ก,นอกเมือง,สำนักงานคณะกรรมการการศึกษาขั้นพื้นฐาน,สพป.เชียงใหม่ เขต 4,9,17.94,11.90,55.56,49.69,17.44,11.12,11.11,31.43,17.43,24.65
2567,609,บ้านห้วยส้ม,สันป่าตอง,เล็ก,นอกเมือง,สำนักงานคณะกรรมการการศึกษาขั้นพื้นฐาน,สพป.เชียงใหม่ เขต 4,15,24.87,14.34,53.33,49.89,19.87,17.98,13.33,33.99,13.33,22.14
2567,610,บ้านหัวริน,สันป่าตอง,เล็ก,นอกเมือง,สำนักงานคณะกรรมการการศึกษาขั้นพื้นฐาน,สพป.เชียงใหม่ เขต 4,11,19.23,15.09,27.27,44.54,19.62,14.49,9.09,28.75,13.43,21.96
2567,611,พัฒนวิทย์ศึกษา,สันป่าตอง,ใหญ่,นอกเมือง,สำนักงานคณะกรรมการส่งเสริมการศึกษาเอกชน,-,74,21.27,16.03,43.24,49.54,24.69,20.69,18.92,39.17,13.05,25.09
2567,612,วัดกู่คำ,สันป่าตอง,เล็ก,นอกเมือง,สำนักงานคณะกรรมการการศึกษาขั้นพื้นฐาน,สพป.เชียงใหม่ เขต 4,21,19.23,15.46,66.67,47.14,28.03,12.95,19.05,39.27,19.27,24.60
2567,613,วัดช่างกระดาษ,สันป่าตอง,เล็ก,นอกเมือง,สำนักงานคณะกรรมการการศึกษาขั้นพื้นฐาน,สพป.เชียงใหม่ เขต 4,4,49.61,29.10,75.00,43.30,39.25,19.62,25.00,43.30,36.93,41.30
2567,614,วัดดงป่างิ้ว,สันป่าตอง,เล็ก,นอกเมือง,สำนักงานคณะกรรมการการศึกษาขั้นพื้นฐาน,สพป.เชียงใหม่ เขต 4,2,74.22,8.07,100.00,0.00,79.43,0.94,100.00,0.00,73.85,26.15
2567,615,วัดท่ากาน,สันป่าตอง,เล็ก,นอกเมือง,สำนักงานคณะกรรมการการศึกษาขั้นพื้นฐาน,สพป.เชียงใหม่ เขต 4,5,19.69,19.05,60.00,48.99,27.47,9.61,80.00,40.00,20.92,25.62
2567,616,วัดน้ำบ่อหลวง,สันป่าตอง,เล็ก,นอกเมือง,สำนักงานคณะกรรมการการศึกษาขั้นพื้นฐาน,สพป.เชียงใหม่ เขต 4,14,20.76,12.84,64.29,47.92,19.62,22.25,14.29,34.99,6.82,16.69
2567,617,วัดโรงวัว,สันป่าตอง,เล็ก,นอกเมือง,สำนักงานคณะกรรมการการศึกษาขั้นพื้นฐาน,สพป.เชียงใหม่ เขต 4,18,30.50,14.13,61.11,48.75,30.52,19.86,5.56,22.91,20.08,25.19
2567,618,วัดสามหลัง,สันป่าตอง,เล็ก,นอกเมือง,สำนักงานคณะกรรมการการศึกษาขั้นพื้นฐาน,สพป.เชียงใหม่ เขต 4,7,32.30,19.30,71.43,45.18,22.43,12.54,42.86,49.49,28.57,36.44
2567,619,วัดอุเม็ง,สันป่าตอง,เล็ก,นอกเมือง,สำนักงานคณะกรรมการการศึกษาขั้นพื้นฐาน,สพป.เชียงใหม่ เขต 4,10,29.22,19.13,50.00,50.00,23.55,19.23,30.00,45.83,14.77,31.77
2567,620,วิมานทิพย์,สันป่าตอง,เล็ก,นอกเมือง,สำนักงานคณะกรรมการส่งเสริมการศึกษาเอกชน,-,27,40.82,30.13,81.48,38.84,59.50,29.39,37.04,48.29,43.93,39.23
2567,621,สันป่าตอง,สันป่าตอง,เล็ก,นอกเมือง,กรมส่งเสริมการปกครองท้องถิ่น,ท้องถิ่นจังหวัดเชียงใหม่,12,26.92,12.04,75.00,43.30,35.97,23.81,50.00,50.00,34.10,37.62
2567,622,สันป่าตอง (สุวรรณราษฎร์วิทยาคาร),สันป่าตอง,ใหญ่,นอกเมือง,สำนักงานคณะกรรมการการศึกษาขั้นพื้นฐาน,สพป.เชียงใหม่ เขต 4,176,32.89,21.31,84.66,36.04,32.44,21.65,34.66,47.59,32.87,34.64
2567,623,อุ่นไอรัก เชียงใหม่,สันป่าตอง,เล็ก,นอกเมือง,สำนักงานคณะกรรมการส่งเสริมการศึกษาเอกชน,-,30,26.53,17.68,43.33,49.55,22.30,19.57,23.33,42.30,23.18,27.98
2567,624,ช่องฟ้าซินเซิงวาณิชบำรุง,สารภี,ใหญ่พิเศษ,นอกเมือง,สำนักงานคณะกรรมการส่งเสริมการศึกษาเอกชน,-,229,31.25,21.21,71.62,45.09,35.40,23.25,27.95,44.87,35.27,36.24
2567,625,ชุมชนวัดปากกอง,สารภี,เล็ก,นอกเมือง,สำนักงานคณะกรรมการการศึกษาขั้นพื้นฐาน,สพป.เชียงใหม่ เขต 4,7,23.29,21.17,71.43,45.18,19.62,14.83,28.57,45.18,42.86,41.67
2567,626,ชุมชนวัดศรีคำชมภู,สารภี,กลาง,นอกเมือง,สำนักงานคณะกรรมการการศึกษาขั้นพื้นฐาน,สพป.เชียงใหม่ เขต 4,26,18.13,15.84,61.54,48.65,22.71,19.45,7.69,26.65,17.04,27.24
2567,627,เทศบาลตำบลยางเนิ้ง,สารภี,กลาง,นอกเมือง,กรมส่งเสริมการปกครองท้องถิ่น,ท้องถิ่นจังหวัดเชียงใหม่,29,17.87,16.11,55.17,49.73,28.55,18.36,37.93,48.52,19.20,33.49
2567,628,บ้านปากเหมือง,สารภี,กลาง,นอกเมือง,สำนักงานคณะกรรมการการศึกษาขั้นพื้นฐาน,สพป.เชียงใหม่ เขต 4,12,25.70,21.37,58.33,49.30,26.16,20.16,25.00,43.30,28.98,31.91
2567,629,บ้านสันทราย,สารภี,เล็ก,นอกเมือง,สำนักงานคณะกรรมการการศึกษาขั้นพื้นฐาน,สพป.เชียงใหม่ เขต 4,16,26.44,13.93,68.75,46.35,33.23,25.91,25.00,43.30,44.61,34.98
2567,630,ยุวฑูตศึกษาพัฒนา,สารภี,ใหญ่,นอกเมือง,สำนักงานคณะกรรมการส่งเสริมการศึกษาเอกชน,-,19,37.89,22.08,78.95,40.77,45.84,27.54,36.84,48.24,48.09,30.34
2567,631,วชิราลัย,สารภี,กลาง,นอกเมือง,สำนักงานคณะกรรมการส่งเสริมการศึกษาเอกชน,-,60,25.78,20.13,51.67,49.97,30.81,21.15,21.67,41.20,18.49,31.75
2567,632,วัดกองทราย,สารภี,เล็ก,นอกเมือง,สำนักงานคณะกรรมการการศึกษาขั้นพื้นฐาน,สพป.เชียงใหม่ เขต 4,9,25.47,17.70,22.22,41.57,15.26,8.16,33.33,47.14,16.92,23.96
2567,633,วัดท่าต้นกวาว,สารภี,เล็ก,นอกเมือง,สำนักงานคณะกรรมการการศึกษาขั้นพื้นฐาน,สพป.เชียงใหม่ เขต 4,24,18.91,14.56,50.00,50.00,25.42,19.99,12.50,33.07,21.22,25.14
2567,634,วัดเทพาราม,สารภี,เล็ก,นอกเมือง,สำนักงานคณะกรรมการการศึกษาขั้นพื้นฐาน,สพป.เชียงใหม่ เขต 4,17,36.19,16.43,70.59,45.56,42.71,16.81,58.82,49.22,34.48,32.94
2567,635,วัดนันทาราม,สารภี,เล็ก,นอกเมือง,สำนักงานคณะกรรมการการศึกษาขั้นพื้นฐาน,สพป.เชียงใหม่ เขต 4,9,39.82,23.48,77.78,41.57,48.39,26.99,33.33,47.14,50.76,33.37
2567,636,วัดบวกครกเหนือ,สารภี,เล็ก,นอกเมือง,สำนักงานคณะกรรมการการศึกษาขั้นพื้นฐาน,สพป.เชียงใหม่ เขต 4,26,20.56,15.28,42.31,49.40,20.38,17.62,19.23,39.41,15.21,26.72
2567,637,วัดพญาชมภู,สารภี,เล็ก,นอกเมือง,สำนักงานคณะกรรมการการศึกษาขั้นพื้นฐาน,สพป.เชียงใหม่ เขต 4,7,20.98,16.58,42.86,49.49,30.84,17.73,42.86,49.49,13.63,21.55
2567,638,วัดพระนอนหนองผึ้ง,สารภี,เล็ก,นอกเมือง,สำนักงานคณะกรรมการการศึกษาขั้นพื้นฐาน,สพป.เชียงใหม่ เขต 4,32,21.75,16.49,62.50,48.41,29.55,25.68,9.38,29.15,15.91,26.73
2567,639,วัดแม่สะลาบ,สารภี,เล็ก,นอกเมือง,สำนักงานคณะกรรมการการศึกษาขั้นพื้นฐาน,สพป.เชียงใหม่ เขต 4,12,27.04,20.28,58.33,49.30,19.62,19.62,0.00,0.00,13.07,22.64
2567,640,วัดเวฬุวัน,สารภี,ใหญ่,นอกเมือง,สำนักงานคณะกรรมการการศึกษาขั้นพื้นฐาน,สพป.เชียงใหม่ เขต 4,195,28.70,21.38,74.87,43.38,30.57,22.72,24.10,42.77,23.23,32.47
2567,641,วัดศรีดอนชัย,สารภี,เล็ก,นอกเมือง,สำนักงานคณะกรรมการการศึกษาขั้นพื้นฐาน,สพป.เชียงใหม่ เขต 4,4,16.15,11.42,75.00,43.30,19.62,13.88,0.00,0.00,51.15,35.37
2567,642,วัดศรีโพธาราม,สารภี,เล็ก,นอกเมือง,สำนักงานคณะกรรมการการศึกษาขั้นพื้นฐาน,สพป.เชียงใหม่ เขต 4,14,24.45,21.18,42.86,49.49,39.25,19.62,28.57,45.18,17.69,30.36
2567,643,วัดสันดอนมูล,สารภี,เล็ก,นอกเมือง,สำนักงานคณะกรรมการการศึกษาขั้นพื้นฐาน,สพป.เชียงใหม่ เขต 4,3,26.92,7.61,66.67,47.14,32.70,24.47,66.67,47.14,17.43,24.65
2567,644,เวียงเศรษฐีวิทยา,สารภี,เล็ก,นอกเมือง,สำนักงานคณะกรรมการการศึกษาขั้นพื้นฐาน,สพป.เชียงใหม่ เขต 4,12,29.61,15.92,75.00,43.30,22.89,17.61,8.33,27.64,41.28,39.91
2567,645,ศูนย์การเรียนแห่งความหวังและอนาคต,สารภี,เล็ก,นอกเมือง,สำนักงานคณะกรรมการการศึกษาขั้นพื้นฐาน,สพป.เชียงใหม่ เขต 4,4,12.11,6.99,75.00,43.30,14.72,8.50,0.00,0.00,38.07,41.64
2567,646,สืบนทีธรรม,สารภี,กลาง,นอกเมือง,สำนักงานคณะกรรมการส่งเสริมการศึกษาเอกชน,-,42,23.95,15.20,59.52,49.08,21.49,18.57,7.14,25.75,11.80,26.15
2567,647,ต้นแก้วผดุงพิทยาลัย,หางดง,ใหญ่,นอกเมือง,กรมส่งเสริมการปกครองท้องถิ่น,ท้องถิ่นจังหวัดเชียงใหม่,95,20.48,17.18,53.68,49.86,28.98,17.83,10.53,30.69,25.00,33.37
2567,648,เทศบาลหนองตองวิทยา,หางดง,เล็ก,นอกเมือง,กรมส่งเสริมการปกครองท้องถิ่น,ท้องถิ่นจังหวัดเชียงใหม่,19,22.10,17.54,63.16,48.24,21.69,17.89,15.79,36.46,18.30,28.96
2567,649,เทศบาลหางดง (ประชาคมสร้างสรรค์),หางดง,ใหญ่,นอกเมือง,กรมส่งเสริมการปกครองท้องถิ่น,ท้องถิ่นจังหวัดเชียงใหม่,66,29.33,19.47,74.24,43.73,30.71,21.24,18.18,38.57,25.31,30.75
2567,650,นันทชาติ เกรด สคูล,หางดง,เล็ก,นอกเมือง,สำนักงานคณะกรรมการส่งเสริมการศึกษาเอกชน,-,5,9.69,12.92,60.00,48.99,35.32,14.68,40.00,48.99,40.92,20.54
2567,651,บ้านคุณแม่,หางดง,เล็ก,นอกเมือง,สำนักงานคณะกรรมการส่งเสริมการศึกษาเอกชน,-,11,40.06,14.81,90.91,28.75,57.77,18.49,54.55,49.79,41.12,28.87
2567,652,บ้านดง,หางดง,เล็ก,นอกเมือง,สำนักงานคณะกรรมการการศึกษาขั้นพื้นฐาน,สพป.เชียงใหม่ เขต 4,19,18.78,13.30,57.89,49.37,22.72,15.93,21.05,40.77,8.02,18.53
2567,653,บ้านตองกาย,หางดง,เล็ก,นอกเมือง,สำนักงานคณะกรรมการการศึกษาขั้นพื้นฐาน,สพป.เชียงใหม่ เขต 4,8,16.15,11.42,12.50,33.07,31.89,19.47,37.50,48.41,13.07,22.64
2567,654,บ้านทรายมูล,หางดง,กลาง,นอกเมือง,สำนักงานคณะกรรมการการศึกษาขั้นพื้นฐาน,สพป.เชียงใหม่ เขต 4,30,24.48,17.44,56.67,49.55,29.50,17.33,13.33,33.99,16.67,29.83
2567,655,บ้านท้าวบุญเรือง,หางดง,เล็ก,นอกเมือง,สำนักงานคณะกรรมการการศึกษาขั้นพื้นฐาน,สพป.เชียงใหม่ เขต 4,6,24.22,20.32,83.33,37.27,29.43,14.99,16.67,37.27,24.62,24.67
2567,656,บ้านน้ำแพร่,หางดง,เล็ก,นอกเมือง,สำนักงานคณะกรรมการการศึกษาขั้นพื้นฐาน,สพป.เชียงใหม่ เขต 4,19,28.05,17.25,36.84,48.24,22.72,13.15,10.53,30.69,8.02,18.53
2567,657,บ้านปง,หางดง,เล็ก,นอกเมือง,สำนักงานคณะกรรมการการศึกษาขั้นพื้นฐาน,สพป.เชียงใหม่ เขต 4,21,21.53,16.02,66.67,47.14,23.36,28.16,14.29,34.99,9.52,19.66
2567,658,บ้านป่าตาล,หางดง,เล็ก,นอกเมือง,สำนักงานคณะกรรมการการศึกษาขั้นพื้นฐาน,สพป.เชียงใหม่ เขต 4,21,20.84,15.21,33.33,47.14,16.82,16.35,28.57,45.18,14.72,23.30
2567,659,บ้านฟ่อน,หางดง,เล็ก,นอกเมือง,สำนักงานคณะกรรมการการศึกษาขั้นพื้นฐาน,สพป.เชียงใหม่ เขต 4,12,21.53,13.72,58.33,49.30,26.16,21.69,8.33,27.64,21.02,32.20
2567,660,บ้านไร่,หางดง,เล็ก,นอกเมือง,สำนักงานคณะกรรมการการศึกษาขั้นพื้นฐาน,สพป.เชียงใหม่ เขต 4,8,16.15,11.42,37.50,48.41,39.25,24.03,12.50,33.07,30.96,34.67
2567,661,บ้านวังศรี,หางดง,เล็ก,นอกเมือง,สำนักงานคณะกรรมการการศึกษาขั้นพื้นฐาน,สพป.เชียงใหม่ เขต 4,8,36.53,22.86,87.50,33.07,44.15,21.38,12.50,33.07,44.04,39.10
2567,662,บ้านสันทราย,หางดง,เล็ก,นอกเมือง,สำนักงานคณะกรรมการการศึกษาขั้นพื้นฐาน,สพป.เชียงใหม่ เขต 4,8,16.15,11.42,25.00,43.30,24.53,12.98,12.50,33.07,18.46,23.87
2567,663,บ้านสันป่าสัก,หางดง,กลาง,นอกเมือง,สำนักงานคณะกรรมการการศึกษาขั้นพื้นฐาน,สพป.เชียงใหม่ เขต 4,49,31.50,17.09,69.39,46.09,30.03,20.25,24.49,43.00,30.52,34.70
2567,664,บ้านสันผักหวาน,หางดง,เล็ก,นอกเมือง,สำนักงานคณะกรรมการการศึกษาขั้นพื้นฐาน,สพป.เชียงใหม่ เขต 4,17,33.34,16.21,64.71,47.79,21.93,18.90,0.00,0.00,14.57,22.61
2567,665,บ้านแสนตอ,หางดง,เล็ก,นอกเมือง,สำนักงานคณะกรรมการการศึกษาขั้นพื้นฐาน,สพป.เชียงใหม่ เขต 4,10,25.99,15.21,70.00,45.83,23.55,19.23,20.00,40.00,14.31,21.86
2567,666,พันธสัญญา,หางดง,เล็ก,นอกเมือง,สำนักงานคณะกรรมการส่งเสริมการศึกษาเอกชน,-,19,20.40,14.67,31.58,46.48,25.92,18.25,31.58,46.48,29.31,33.95
2567,667,ลักษณ์พงค์วิทยา,หางดง,เล็ก,นอกเมือง,สำนักงานคณะกรรมการส่งเสริมการศึกษาเอกชน,-,15,30.35,18.73,66.67,47.14,22.24,20.10,20.00,40.00,17.13,24.24
2567,668,วัดคีรีเขต,หางดง,เล็ก,นอกเมือง,สำนักงานคณะกรรมการการศึกษาขั้นพื้นฐาน,สพป.เชียงใหม่ เขต 4,6,29.61,17.23,33.33,47.14,16.35,7.31,16.67,37.27,0.00,0.00
2567,669,วัดจอมทอง,หางดง,เล็ก,นอกเมือง,สำนักงานคณะกรรมการการศึกษาขั้นพื้นฐาน,สพป.เชียงใหม่ เขต 4,8,26.24,17.94,75.00,43.30,19.62,16.99,12.50,33.07,17.89,23.10
2567,670,วัดช่างคำ,หางดง,เล็ก,นอกเมือง,สำนักงานคณะกรรมการการศึกษาขั้นพื้นฐาน,สพป.เชียงใหม่ เขต 4,7,27.68,11.30,85.71,34.99,39.25,14.83,42.86,49.49,21.10,24.41
2567,671,วัดประชาเกษม,หางดง,เล็ก,นอกเมือง,สำนักงานคณะกรรมการการศึกษาขั้นพื้นฐาน,สพป.เชียงใหม่ เขต 4,26,26.83,16.16,26.92,44.36,21.89,17.49,15.38,36.08,13.20,25.80
2567,672,วัดพระเจ้าเหลื้อม,หางดง,เล็ก,นอกเมือง,สำนักงานคณะกรรมการการศึกษาขั้นพื้นฐาน,สพป.เชียงใหม่ เขต 4,13,24.96,16.59,30.77,46.15,22.79,18.59,38.46,48.65,23.43,25.35
2567,673,วัดศรีล้อม,หางดง,เล็ก,นอกเมือง,สำนักงานคณะกรรมการการศึกษาขั้นพื้นฐาน,สพป.เชียงใหม่ เขต 4,4,40.37,13.99,75.00,43.30,39.25,13.88,50.00,50.00,38.07,41.64
2567,674,วัดศรีสว่าง,หางดง,เล็ก,นอกเมือง,สำนักงานคณะกรรมการการศึกษาขั้นพื้นฐาน,สพป.เชียงใหม่ เขต 4,11,25.10,14.77,54.55,49.79,10.70,12.86,27.27,44.54,13.84,22.64
2567,675,ชุมชนบ้านใหม่,อมก๋อย,เล็ก,นอกเมือง,สำนักงานคณะกรรมการการศึกษาขั้นพื้นฐาน,สพป.เชียงใหม่ เขต 5,19,21.33,20.57,52.63,49.93,21.79,14.21,15.79,36.46,10.53,20.41
2567,676,ชุมชนบ้านอมก๋อย,อมก๋อย,กลาง,นอกเมือง,สำนักงานคณะกรรมการการศึกษาขั้นพื้นฐาน,สพป.เชียงใหม่ เขต 5,36,23.82,15.99,41.67,49.30,21.31,15.73,19.44,39.58,16.41,30.92
2567,677,ตชด.บางกอกเชฟแชร์ริตี้,อมก๋อย,เล็ก,นอกเมือง,กองบัญชาการตำรวจตระเวนชายแดน,-,14,20.76,12.84,21.43,41.03,21.02,21.58,14.29,34.99,7.14,17.52
2567,678,ตรีมิตรวิทยา,อมก๋อย,กลาง,นอกเมือง,สำนักงานคณะกรรมการการศึกษาขั้นพื้นฐาน,สพป.เชียงใหม่ เขต 5,7,27.68,14.22,42.86,49.49,8.41,9.71,14.29,34.99,6.82,16.69
2567,679,ท่านผู้หญิงประไพ ศิวะโกเศศ,อมก๋อย,เล็ก,นอกเมือง,กองบัญชาการตำรวจตระเวนชายแดน,-,13,18.63,13.94,46.15,49.85,25.66,16.12,30.77,46.15,11.01,20.10
2567,680,ทุ่งต้นงิ้ว,อมก๋อย,เล็ก,นอกเมือง,สำนักงานคณะกรรมการการศึกษาขั้นพื้นฐาน,สพป.เชียงใหม่ เขต 5,24,16.82,13.57,33.33,47.14,19.62,16.02,20.83,40.61,10.13,19.76
2567,681,บ้านขุนตื่น,อมก๋อย,เล็ก,นอกเมือง,สำนักงานคณะกรรมการการศึกษาขั้นพื้นฐาน,สพป.เชียงใหม่ เขต 5,6,26.92,24.07,16.67,37.27,26.16,21.69,0.00,0.00,7.95,17.78
2567,682,บ้านขุนแม่ตื่นน้อย,อมก๋อย,เล็ก,นอกเมือง,สำนักงานคณะกรรมการการศึกษาขั้นพื้นฐาน,สพป.เชียงใหม่ เขต 5,9,28.88,12.96,0.00,0.00,32.70,13.08,22.22,41.57,0.00,0.00
2567,683,บ้านซิแบร,อมก๋อย,เล็ก,นอกเมือง,สำนักงานคณะกรรมการการศึกษาขั้นพื้นฐาน,สพป.เชียงใหม่ เขต 5,40,22.65,18.78,17.50,38.00,23.55,18.72,20.00,40.00,7.16,17.03
2567,684,บ้านตุงติง,อมก๋อย,เล็ก,นอกเมือง,สำนักงานคณะกรรมการการศึกษาขั้นพื้นฐาน,สพป.เชียงใหม่ เขต 5,17,21.85,12.31,76.47,42.42,32.32,18.97,17.65,38.12,8.42,18.19
2567,685,บ้านตุงลอย,อมก๋อย,กลาง,นอกเมือง,สำนักงานคณะกรรมการการศึกษาขั้นพื้นฐาน,สพป.เชียงใหม่ เขต 5,33,21.09,15.22,33.33,47.14,24.38,19.34,15.15,35.86,10.40,20.06
2567,686,บ้านทุ่งจำเริง,อมก๋อย,เล็ก,นอกเมือง,สำนักงานคณะกรรมการการศึกษาขั้นพื้นฐาน,สพป.เชียงใหม่ เขต 5,9,26.92,13.19,44.44,49.69,13.08,13.08,33.33,47.14,21.20,23.71
2567,687,บ้านนาเกียน,อมก๋อย,เล็ก,นอกเมือง,สำนักงานคณะกรรมการการศึกษาขั้นพื้นฐาน,สำนักงานเขตพื้นที่การศึกษามัธยมศึกษาเชียงใหม่,20,19.38,14.98,25.00,43.30,16.68,12.83,40.00,48.99,2.39,10.40
2567,688,บ้านนาไคร้,อมก๋อย,เล็ก,นอกเมือง,สำนักงานคณะกรรมการการศึกษาขั้นพื้นฐาน,สพป.เชียงใหม่ เขต 5,13,11.18,9.78,23.08,42.13,12.08,9.55,15.38,36.08,4.02,13.93
2567,689,บ้านใบหนา,อมก๋อย,เล็ก,นอกเมือง,สำนักงานคณะกรรมการการศึกษาขั้นพื้นฐาน,สพป.เชียงใหม่ เขต 5,15,17.23,13.79,33.33,47.14,17.01,15.81,6.67,24.94,0.00,0.00
2567,690,บ้านผาปูน,อมก๋อย,เล็ก,นอกเมือง,สำนักงานคณะกรรมการการศึกษาขั้นพื้นฐาน,สพป.เชียงใหม่ เขต 5,26,19.88,15.06,38.46,48.65,14.41,16.85,7.69,26.65,1.83,9.17
2567,691,บ้านผีปานเหนือ,อมก๋อย,กลาง,นอกเมือง,สำนักงานคณะกรรมการการศึกษาขั้นพื้นฐาน,สพป.เชียงใหม่ เขต 5,36,21.08,13.09,33.33,47.14,21.26,17.54,16.67,37.27,14.58,21.98
2567,692,บ้านมูเซอ,อมก๋อย,กลาง,นอกเมือง,สำนักงานคณะกรรมการการศึกษาขั้นพื้นฐาน,สพป.เชียงใหม่ เขต 5,22,17.62,14.53,22.73,41.91,20.51,17.23,13.64,34.32,0.00,0.00
2567,693,บ้านแม่โขง,อมก๋อย,เล็ก,นอกเมือง,สำนักงานคณะกรรมการการศึกษาขั้นพื้นฐาน,สพป.เชียงใหม่ เขต 5,6,24.22,20.32,16.67,37.27,13.08,9.25,33.33,47.14,7.95,17.78
2567,694,บ้านแม่ต๋อม,อมก๋อย,กลาง,นอกเมือง,สำนักงานคณะกรรมการการศึกษาขั้นพื้นฐาน,สพป.เชียงใหม่ เขต 5,38,22.10,13.57,34.21,47.44,18.17,15.92,10.53,30.69,14.05,24.84
2567,695,บ้านแม่ตื่น,อมก๋อย,เล็ก,นอกเมือง,สำนักงานคณะกรรมการการศึกษาขั้นพื้นฐาน,สพป.เชียงใหม่ เขต 5,5,12.92,15.82,0.00,0.00,27.47,9.61,20.00,40.00,0.00,0.00
2567,696,บ้านแม่ลานหลวง,อมก๋อย,เล็ก,นอกเมือง,สำนักงานคณะกรรมการการศึกษาขั้นพื้นฐาน,สพป.เชียงใหม่ เขต 5,17,22.80,13.63,41.18,49.22,20.78,17.12,0.00,0.00,5.61,15.37
2567,697,บ้านแม่ลานหลวง สาขาบ้านดอยซาง,อมก๋อย,เล็ก,นอกเมือง,สำนักงานคณะกรรมการการศึกษาขั้นพื้นฐาน,สพป.เชียงใหม่ เขต 5,12,25.70,17.94,25.00,43.30,16.35,15.68,16.67,37.27,20.26,24.00
2567,698,บ้านแม่สะเต,อมก๋อย,เล็ก,นอกเมือง,สำนักงานคณะกรรมการการศึกษาขั้นพื้นฐาน,สพป.เชียงใหม่ เขต 5,14,15.00,14.27,42.86,49.49,22.43,10.11,14.29,34.99,0.00,0.00
2567,699,บ้านแม่หลองน้อย,อมก๋อย,เล็ก,นอกเมือง,สำนักงานคณะกรรมการการศึกษาขั้นพื้นฐาน,สพป.เชียงใหม่ เขต 5,12,24.35,16.75,50.00,50.00,9.81,12.67,25.00,43.30,16.67,31.19
2567,700,บ้านแม่อ่างขาง,อมก๋อย,เล็ก,นอกเมือง,สำนักงานคณะกรรมการการศึกษาขั้นพื้นฐาน,สพป.เชียงใหม่ เขต 5,21,23.07,16.20,66.67,47.14,16.91,15.32,23.81,42.59,11.80,26.15
2567,701,บ้านยางแก้ว,อมก๋อย,เล็ก,นอกเมือง,สำนักงานคณะกรรมการการศึกษาขั้นพื้นฐาน,สพป.เชียงใหม่ เขต 5,19,17.00,15.25,10.53,30.69,17.56,14.09,10.53,30.69,7.77,17.97
2567,702,บ้านยางครก,อมก๋อย,เล็ก,นอกเมือง,สำนักงานคณะกรรมการการศึกษาขั้นพื้นฐาน,สพป.เชียงใหม่ เขต 5,26,20.56,13.23,11.54,31.95,21.13,17.99,7.69,26.65,3.67,12.71
2567,703,บ้านยางเปา,อมก๋อย,กลาง,นอกเมือง,สำนักงานคณะกรรมการการศึกษาขั้นพื้นฐาน,สพป.เชียงใหม่ เขต 5,36,18.44,14.32,27.78,44.79,22.35,19.16,13.89,34.58,7.95,17.78
2567,704,บ้านยางเปียง,อมก๋อย,เล็ก,นอกเมือง,สำนักงานคณะกรรมการการศึกษาขั้นพื้นฐาน,สพป.เชียงใหม่ เขต 5,19,15.46,12.39,31.58,46.48,26.85,22.25,21.05,40.77,15.79,28.36
2567,705,บ้านสบลาน,อมก๋อย,กลาง,นอกเมือง,สำนักงานคณะกรรมการการศึกษาขั้นพื้นฐาน,สพป.เชียงใหม่ เขต 5,22,16.88,16.50,22.73,41.91,18.73,21.72,22.73,41.91,4.34,13.71
2567,706,บ้านหลวง,อมก๋อย,เล็ก,นอกเมือง,สำนักงานคณะกรรมการการศึกษาขั้นพื้นฐาน,สพป.เชียงใหม่ เขต 5,22,31.78,15.09,72.73,44.54,36.57,22.37,36.36,48.10,29.23,32.38
2567,707,บ้านห้วยโค้ง,อมก๋อย,กลาง,นอกเมือง,สำนักงานคณะกรรมการการศึกษาขั้นพื้นฐาน,สพป.เชียงใหม่ เขต 5,41,18.91,14.22,24.39,42.94,20.63,14.98,12.20,32.72,10.70,20.19
2567,708,บ้านห้วยน้ำขาว,อมก๋อย,กลาง,นอกเมือง,สำนักงานคณะกรรมการการศึกษาขั้นพื้นฐาน,สพป.เชียงใหม่ เขต 5,32,22.30,14.49,43.75,49.61,24.53,17.69,15.63,36.31,3.12,12.12
2567,709,บ้านห้วยไม้หก,อมก๋อย,เล็ก,นอกเมือง,สำนักงานคณะกรรมการการศึกษาขั้นพื้นฐาน,สพป.เชียงใหม่ เขต 5,13,27.45,11.55,61.54,48.65,15.09,13.67,23.08,42.13,3.67,12.71
2567,710,บ้านห้วยหล่อดูก,อมก๋อย,เล็ก,นอกเมือง,สำนักงานคณะกรรมการการศึกษาขั้นพื้นฐาน,สพป.เชียงใหม่ เขต 5,15,22.71,13.00,33.33,47.14,20.93,22.05,13.33,33.99,13.33,22.14
2567,711,บ้านห่างหลวง,อมก๋อย,เล็ก,นอกเมือง,สำนักงานคณะกรรมการการศึกษาขั้นพื้นฐาน,สพป.เชียงใหม่ เขต 5,13,19.88,12.91,23.08,42.13,12.08,14.48,15.38,36.08,3.67,12.71
2567,712,บ้านอูตูม,อมก๋อย,กลาง,นอกเมือง,สำนักงานคณะกรรมการการศึกษาขั้นพื้นฐาน,สพป.เชียงใหม่ เขต 5,39,14.12,14.30,25.64,43.67,22.19,20.10,20.51,40.38,8.56,18.31
2567,713,รางวัลอินทิราคานธี,อมก๋อย,เล็ก,นอกเมือง,กองบัญชาการตำรวจตระเวนชายแดน,-,10,13.23,12.39,40.00,48.99,17.66,20.49,0.00,0.00,14.77,22.59
2567,714,ชุมชนบ้านท่าข้าม,ฮอด,กลาง,นอกเมือง,สำนักงานคณะกรรมการการศึกษาขั้นพื้นฐาน,สพป.เชียงใหม่ เขต 5,48,22.94,17.18,77.08,42.03,26.20,20.30,10.42,30.55,29.07,30.31
2567,715,ชุมชนบ้านแม่ทัง,ฮอด,เล็ก,นอกเมือง,สำนักงานคณะกรรมการการศึกษาขั้นพื้นฐาน,สพป.เชียงใหม่ เขต 5,5,22.61,7.91,20.00,40.00,19.62,12.41,0.00,0.00,9.54,19.08
2567,716,บ้านกองลอย,ฮอด,กลาง,นอกเมือง,สำนักงานคณะกรรมการการศึกษาขั้นพื้นฐาน,สพป.เชียงใหม่ เขต 5,29,18.99,13.51,17.24,37.77,18.27,12.55,10.34,30.45,3.45,12.68
2567,717,บ้านกองหิน,ฮอด,เล็ก,นอกเมือง,สำนักงานคณะกรรมการการศึกษาขั้นพื้นฐาน,สพป.เชียงใหม่ เขต 5,5,29.07,23.73,80.00,40.00,19.62,12.41,20.00,40.00,30.46,24.93
2567,718,บ้านกิ่วลม,ฮอด,เล็ก,นอกเมือง,สำนักงานคณะกรรมการการศึกษาขั้นพื้นฐาน,สพป.เชียงใหม่ เขต 5,9,26.92,15.23,33.33,47.14,13.08,16.02,11.11,31.43,5.30,14.99
2567,719,บ้านขุน,ฮอด,เล็ก,นอกเมือง,สำนักงานคณะกรรมการการศึกษาขั้นพื้นฐาน,สพป.เชียงใหม่ เขต 5,6,24.22,20.32,33.33,47.14,16.35,13.48,16.67,37.27,7.95,17.78
2567,720,บ้านแควมะกอก,ฮอด,กลาง,นอกเมือง,สำนักงานคณะกรรมการการศึกษาขั้นพื้นฐาน,สพป.เชียงใหม่ เขต 5,17,12.53,15.54,58.82,49.22,30.01,17.96,5.88,23.53,8.69,18.79
2567,721,บ้านโค้งงาม,ฮอด,เล็ก,นอกเมือง,สำนักงานคณะกรรมการการศึกษาขั้นพื้นฐาน,สพป.เชียงใหม่ เขต 5,4,28.65,13.98,75.00,43.30,24.53,21.38,0.00,0.00,0.00,0.00
2567,722,บ้านดงดำ,ฮอด,เล็ก,นอกเมือง,สำนักงานคณะกรรมการการศึกษาขั้นพื้นฐาน,สพป.เชียงใหม่ เขต 5,6,27.17,15.33,83.33,37.27,22.89,13.48,0.00,0.00,26.15,26.15
2567,723,บ้านดอกแดง,ฮอด,เล็ก,นอกเมือง,สำนักงานคณะกรรมการการศึกษาขั้นพื้นฐาน,สพป.เชียงใหม่ เขต 5,9,19.74,10.15,33.33,47.14,10.90,13.44,33.33,47.14,5.30,14.99
2567,724,บ้านดอยคำ,ฮอด,เล็ก,นอกเมือง,สำนักงานคณะกรรมการการศึกษาขั้นพื้นฐาน,สพป.เชียงใหม่ เขต 5,9,23.33,11.06,55.56,49.69,28.34,13.44,11.11,31.43,0.00,0.00
2567,725,บ้านเด่นวิทยา,ฮอด,เล็ก,นอกเมือง,สำนักงานคณะกรรมการการศึกษาขั้นพื้นฐาน,สพป.เชียงใหม่ เขต 5,6,21.53,25.82,100.00,0.00,19.62,11.33,33.33,47.14,33.33,23.64
2567,726,บ้านตาลใต้,ฮอด,เล็ก,นอกเมือง,สำนักงานคณะกรรมการการศึกษาขั้นพื้นฐาน,สพป.เชียงใหม่ เขต 5,6,26.92,15.23,66.67,47.14,26.48,14.50,33.33,47.14,25.38,38.45
2567,727,บ้านตาลเหนือ,ฮอด,เล็ก,นอกเมือง,สำนักงานคณะกรรมการการศึกษาขั้นพื้นฐาน,สพป.เชียงใหม่ เขต 5,14,23.18,16.11,28.57,45.18,16.95,21.19,14.29,34.99,17.69,30.36
2567,728,บ้านตีนตก,ฮอด,เล็ก,นอกเมือง,สำนักงานคณะกรรมการการศึกษาขั้นพื้นฐาน,สพป.เชียงใหม่ เขต 5,4,12.11,13.39,25.00,43.30,19.62,13.88,0.00,0.00,0.00,0.00
2567,729,บ้านเตียนอาง,ฮอด,เล็ก,นอกเมือง,สำนักงานคณะกรรมการการศึกษาขั้นพื้นฐาน,สพป.เชียงใหม่ เขต 5,9,18.12,21.16,44.44,49.69,13.08,9.25,0.00,0.00,15.90,22.49
2567,730,บ้านทุ่ง,ฮอด,เล็ก,นอกเมือง,สำนักงานคณะกรรมการการศึกษาขั้นพื้นฐาน,สพป.เชียงใหม่ เขต 5,3,26.92,7.61,100.00,0.00,6.54,9.25,33.33,47.14,33.33,23.64
2567,731,บ้านทุ่งโป่ง,ฮอด,เล็ก,นอกเมือง,สำนักงานคณะกรรมการการศึกษาขั้นพื้นฐาน,สพป.เชียงใหม่ เขต 5,12,20.32,17.69,25.00,43.30,17.99,14.90,8.33,27.64,7.95,17.78
2567,732,บ้านนาคอเรือ,ฮอด,เล็ก,นอกเมือง,สำนักงานคณะกรรมการการศึกษาขั้นพื้นฐาน,สพป.เชียงใหม่ เขต 5,20,35.99,20.09,75.00,43.30,34.34,19.50,30.00,45.83,40.23,37.51
2567,733,บ้านนาฟ่อน,ฮอด,เล็ก,นอกเมือง,สำนักงานคณะกรรมการการศึกษาขั้นพื้นฐาน,สพป.เชียงใหม่ เขต 5,13,26.09,18.51,84.62,36.08,34.72,17.47,7.69,26.65,19.41,31.44
2567,734,บ้านบ่อสลี,ฮอด,เล็ก,นอกเมือง,สำนักงานคณะกรรมการการศึกษาขั้นพื้นฐาน,สพป.เชียงใหม่ เขต 5,3,26.92,7.61,33.33,47.14,39.25,16.02,0.00,0.00,15.90,22.49
2567,735,บ้านบ่อหลวง,ฮอด,กลาง,นอกเมือง,สำนักงานคณะกรรมการการศึกษาขั้นพื้นฐาน,สพป.เชียงใหม่ เขต 5,21,20.84,19.56,52.38,49.94,26.16,19.47,23.81,42.59,24.25,29.77
2567,736,บ้านผาแตน,ฮอด,เล็ก,นอกเมือง,สำนักงานคณะกรรมการการศึกษาขั้นพื้นฐาน,สพป.เชียงใหม่ เขต 5,11,19.09,13.46,27.27,44.54,21.41,19.54,18.18,38.57,4.75,15.03
2567,737,บ้านพุย,ฮอด,เล็ก,นอกเมือง,สำนักงานคณะกรรมการการศึกษาขั้นพื้นฐาน,สพป.เชียงใหม่ เขต 5,25,20.09,14.04,40.00,48.99,17.27,20.26,20.00,40.00,11.82,25.35
2567,738,บ้านแม่งูด,ฮอด,เล็ก,นอกเมือง,สำนักงานคณะกรรมการการศึกษาขั้นพื้นฐาน,สพป.เชียงใหม่ เขต 5,8,32.69,16.73,87.50,33.07,22.08,20.67,25.00,43.30,17.89,23.10
2567,739,บ้านแม่ลอง,ฮอด,เล็ก,นอกเมือง,สำนักงานคณะกรรมการการศึกษาขั้นพื้นฐาน,สพป.เชียงใหม่ เขต 5,6,41.15,24.83,100.00,0.00,36.29,21.58,33.33,47.14,25.38,38.45
2567,740,บ้านแม่ลาย,ฮอด,เล็ก,นอกเมือง,สำนักงานคณะกรรมการการศึกษาขั้นพื้นฐาน,สพป.เชียงใหม่ เขต 5,14,25.49,23.68,50.00,50.00,16.82,20.79,28.57,45.18,7.14,17.52
2567,741,บ้านแม่ลายเหนือ,ฮอด,เล็ก,นอกเมือง,สำนักงานคณะกรรมการการศึกษาขั้นพื้นฐาน,สพป.เชียงใหม่ เขต 5,15,24.76,15.45,40.00,48.99,24.86,13.34,40.00,48.99,23.49,31.07
2567,742,บ้านแม่สะนาม,ฮอด,เล็ก,นอกเมือง,สำนักงานคณะกรรมการการศึกษาขั้นพื้นฐาน,สพป.เชียงใหม่ เขต 5,4,20.19,6.99,75.00,43.30,49.06,21.94,25.00,43.30,38.07,22.06
2567,743,บ้านแม่อมลอง,ฮอด,เล็ก,นอกเมือง,สำนักงานคณะกรรมการการศึกษาขั้นพื้นฐาน,สพป.เชียงใหม่ เขต 5,9,23.33,13.43,33.33,47.14,15.26,20.22,0.00,0.00,0.00,0.00
2567,744,บ้านวังกอง,ฮอด,เล็ก,นอกเมือง,สำนักงานคณะกรรมการการศึกษาขั้นพื้นฐาน,สพป.เชียงใหม่ เขต 5,8,24.22,11.42,62.50,48.41,24.53,23.53,25.00,43.30,12.50,21.68
2567,745,บ้านวังลุง,ฮอด,เล็ก,นอกเมือง,สำนักงานคณะกรรมการการศึกษาขั้นพื้นฐาน,สพป.เชียงใหม่ เขต 5,12,24.22,12.33,41.67,49.30,19.62,16.02,16.67,37.27,8.72,19.49
2567,746,บ้านหางดง,ฮอด,เล็ก,นอกเมือง,สำนักงานคณะกรรมการการศึกษาขั้นพื้นฐาน,สพป.เชียงใหม่ เขต 5,6,32.30,16.15,0.00,0.00,19.62,16.02,16.67,37.27,0.00,0.00
2567,747,ฟ้าใส,ฮอด,เล็ก,นอกเมือง,สำนักงานคณะกรรมการส่งเสริมการศึกษาเอกชน,-,12,40.76,23.54,75.00,43.30,37.61,24.64,33.33,47.14,50.00,28.93
2567,748,แม่โถวิทยาคม,ฮอด,กลาง,นอกเมือง,สำนักงานคณะกรรมการการศึกษาขั้นพื้นฐาน,สพป.เชียงใหม่ เขต 5,51,19.98,15.56,27.45,44.63,21.58,17.57,7.84,26.88,2.90,11.60
2566,1,บ้านขุนแม่รวม,กัลยาณิวัฒนา,เล็ก,นอกเมือง,สำนักงานคณะกรรมการการศึกษาขั้นพื้นฐาน,สพป.เชียงใหม่ เขต 6,21,30.21,19.19,38.10,48.56,36.44,19.42,14.29,34.99,13.85,21.92
2566,2,บ้านจันทร์,กัลยาณิวัฒนา,เล็ก,นอกเมือง,สำนักงานคณะกรรมการการศึกษาขั้นพื้นฐาน,สพป.เชียงใหม่ เขต 6,12,20.19,11.65,33.33,47.14,35.97,22.42,33.33,47.14,8.33,18.66
2566,3,บ้านจันทร์ สาขาแจ่มน้อย,กัลยาณิวัฒนา,เล็ก,นอกเมือง,สำนักงานคณะกรรมการการศึกษาขั้นพื้นฐาน,สพป.เชียงใหม่ เขต 6,11,32.44,15.26,27.27,44.54,21.41,17.66,45.45,49.79,26.86,32.51
2566,4,บ้านแจ่มหลวง,กัลยาณิวัฒนา,เล็ก,นอกเมือง,สำนักงานคณะกรรมการการศึกษาขั้นพื้นฐาน,สพป.เชียงใหม่ เขต 6,13,27.45,16.17,38.46,48.65,28.68,21.24,7.69,26.65,26.39,24.48
2566,5,บ้านแม่แดดน้อย,กัลยาณิวัฒนา,เล็ก,นอกเมือง,สำนักงานคณะกรรมการการศึกษาขั้นพื้นฐาน,สพป.เชียงใหม่ เขต 6,6,29.87,27.39,33.33,47.14,35.97,13.48,16.67,37.27,32.57,36.94
2566,6,บ้านแม่แดดน้อย สาขาบ้านดงสามหมื่น,กัลยาณิวัฒนา,เล็ก,นอกเมือง,สำนักงานคณะกรรมการการศึกษาขั้นพื้นฐาน,สพป.เชียงใหม่ เขต 6,14,20.87,13.09,57.14,49.49,29.43,16.16,21.43,41.03,23.85,23.85
2566,7,บ้านแม่ตะละ,กัลยาณิวัฒนา,เล็ก,นอกเมือง,สำนักงานคณะกรรมการการศึกษาขั้นพื้นฐาน,สพป.เชียงใหม่ เขต 6,18,24.22,13.46,22.22,41.57,23.98,17.98,11.11,31.43,18.81,28.88
2566,8,บ้านแม่ตะละเหนือ,กัลยาณิวัฒนา,เล็ก,นอกเมือง,สำนักงานคณะกรรมการการศึกษาขั้นพื้นฐาน,สพป.เชียงใหม่ เขต 6,6,32.30,20.85,16.67,37.27,22.89,20.94,33.33,47.14,24.62,24.67
2566,9,บ้านห้วยยา,กัลยาณิวัฒนา,เล็ก,นอกเมือง,สำนักงานคณะกรรมการการศึกษาขั้นพื้นฐาน,สพป.เชียงใหม่ เขต 6,16,20.19,12.11,18.75,39.03,23.30,21.06,18.75,39.03,21.16,29.81
2566,10,บ้านหัวยปู,กัลยาณิวัฒนา,เล็ก,นอกเมือง,สำนักงานคณะกรรมการการศึกษาขั้นพื้นฐาน,สพป.เชียงใหม่ เขต 6,16,35.42,14.44,37.50,48.41,26.98,15.32,18.75,39.03,27.12,29.75
2566,11,สามัคคีสันม่วง,กัลยาณิวัฒนา,เล็ก,นอกเมือง,สำนักงานคณะกรรมการการศึกษาขั้นพื้นฐาน,สพป.เชียงใหม่ เขต 6,22,24.22,14.40,40.91,49.17,18.73,17.23,22.73,41.91,21.68,23.75
2566,12,ณัทชวิทย์,จอมทอง,เล็ก,นอกเมือง,สำนักงานคณะกรรมการส่งเสริมการศึกษาเอกชน,-,9,47.00,18.12,11.11,31.43,43.82,26.09,22.22,41.57,33.33,40.84
2566,13,เทศบาลจอมทอง ๑ (ชุมชนบ้านข่วงเปาเหนือ),จอมทอง,กลาง,นอกเมือง,กรมส่งเสริมการปกครองท้องถิ่น,ท้องถิ่นจังหวัดเชียงใหม่,34,29.54,19.54,41.18,49.22,27.18,19.08,17.65,38.12,16.97,22.99
2566,14,ไทยรัฐวิทยา 79 (บ้านหนองอาบช้าง),จอมทอง,เล็ก,นอกเมือง,สำนักงานคณะกรรมการการศึกษาขั้นพื้นฐาน,สพป.เชียงใหม่ เขต 6,11,32.30,18.22,27.27,44.54,32.28,15.00,45.45,49.79,8.67,18.40
2566,15,นิยมไพรผาหมอนอินทนนท์,จอมทอง,เล็ก,นอกเมือง,สำนักงานคณะกรรมการการศึกษาขั้นพื้นฐาน,สพป.เชียงใหม่ เขต 6,14,29.99,20.11,21.43,41.03,22.43,16.35,35.71,47.92,10.55,27.67
2566,16,บ้านข่วงเปาใต้,จอมทอง,เล็ก,นอกเมือง,สำนักงานคณะกรรมการการศึกษาขั้นพื้นฐาน,สพป.เชียงใหม่ เขต 6,5,25.84,7.91,40.00,48.99,15.70,7.85,0.00,0.00,20.00,40.00
2566,17,บ้านขุนกลาง,จอมทอง,กลาง,นอกเมือง,สำนักงานคณะกรรมการการศึกษาขั้นพื้นฐาน,สพป.เชียงใหม่ เขต 6,42,27.03,16.96,30.95,46.23,25.70,17.91,14.29,34.99,17.15,25.47
2566,18,บ้านขุนกลาง สาขาแม่ยะน้อย,จอมทอง,เล็ก,นอกเมือง,สำนักงานคณะกรรมการการศึกษาขั้นพื้นฐาน,สพป.เชียงใหม่ เขต 6,9,26.92,15.23,22.22,41.57,23.98,15.42,22.22,41.57,5.30,14.99
2566,19,บ้านขุนแตะ,จอมทอง,เล็ก,นอกเมือง,สำนักงานคณะกรรมการการศึกษาขั้นพื้นฐาน,สพป.เชียงใหม่ เขต 6,13,20.00,18.17,30.77,46.15,16.60,15.09,46.15,49.85,33.38,22.29
2566,20,บ้านขุนแปะ,จอมทอง,เล็ก,นอกเมือง,สำนักงานคณะกรรมการการศึกษาขั้นพื้นฐาน,สพป.เชียงใหม่ เขต 6,24,31.69,17.18,20.83,40.61,21.26,19.55,25.00,43.30,18.08,23.36
2566,21,บ้านขุนแปะ สาขาแม่จร,จอมทอง,เล็ก,นอกเมือง,สำนักงานคณะกรรมการการศึกษาขั้นพื้นฐาน,สพป.เชียงใหม่ เขต 6,4,20.19,13.39,0.00,0.00,14.72,16.27,0.00,0.00,11.93,20.66
2566,22,บ้านขุนยะ,จอมทอง,เล็ก,นอกเมือง,สำนักงานคณะกรรมการการศึกษาขั้นพื้นฐาน,สพป.เชียงใหม่ เขต 6,7,13.84,10.32,0.00,0.00,11.21,9.71,14.29,34.99,20.45,23.61
2566,23,บ้านท่าข้าม,จอมทอง,เล็ก,นอกเมือง,สำนักงานคณะกรรมการการศึกษาขั้นพื้นฐาน,สพป.เชียงใหม่ เขต 6,5,41.99,19.38,20.00,40.00,23.92,14.60,0.00,0.00,19.08,23.37
2566,24,บ้านท่าหลุก,จอมทอง,เล็ก,นอกเมือง,สำนักงานคณะกรรมการการศึกษาขั้นพื้นฐาน,สพป.เชียงใหม่ เขต 6,4,24.22,18.06,0.00,0.00,24.53,8.50,0.00,0.00,23.85,23.85
2566,25,บ้านน้ำตกแม่กลาง,จอมทอง,เล็ก,นอกเมือง,สำนักงานคณะกรรมการการศึกษาขั้นพื้นฐาน,สพป.เชียงใหม่ เขต 6,8,22.20,16.02,25.00,43.30,7.36,13.66,12.50,33.07,29.82,23.10
2566,26,บ้านบนนา,จอมทอง,เล็ก,นอกเมือง,สำนักงานคณะกรรมการการศึกษาขั้นพื้นฐาน,สพป.เชียงใหม่ เขต 6,9,26.92,18.65,44.44,49.69,17.44,11.12,22.22,41.57,11.11,20.82
2566,27,บ้านปากทางท่าลี่,จอมทอง,เล็ก,นอกเมือง,สำนักงานคณะกรรมการการศึกษาขั้นพื้นฐาน,สพป.เชียงใหม่ เขต 6,4,28.26,13.39,25.00,43.30,29.43,16.99,0.00,0.00,11.93,20.66
2566,28,บ้านแปะ,จอมทอง,เล็ก,นอกเมือง,สำนักงานคณะกรรมการการศึกษาขั้นพื้นฐาน,สพป.เชียงใหม่ เขต 6,11,50.06,12.79,18.18,38.57,41.20,24.73,45.45,49.79,54.55,39.65
2566,29,บ้านเมืองกลาง,จอมทอง,เล็ก,นอกเมือง,สำนักงานคณะกรรมการการศึกษาขั้นพื้นฐาน,สพป.เชียงใหม่ เขต 6,7,30.21,28.15,0.00,0.00,14.02,20.21,14.29,34.99,6.82,16.69
2566,30,บ้านเมืองอาง,จอมทอง,เล็ก,นอกเมือง,สำนักงานคณะกรรมการการศึกษาขั้นพื้นฐาน,สพป.เชียงใหม่ เขต 6,9,23.33,15.44,22.22,41.57,26.16,18.50,33.33,47.14,31.80,22.49
2566,31,บ้านแม่ปอน,จอมทอง,เล็ก,นอกเมือง,สำนักงานคณะกรรมการการศึกษาขั้นพื้นฐาน,สพป.เชียงใหม่ เขต 6,19,24.65,10.95,26.32,44.03,19.62,14.24,21.05,40.77,20.09,23.55
2566,32,บ้านแม่สอย,จอมทอง,เล็ก,นอกเมือง,สำนักงานคณะกรรมการการศึกษาขั้นพื้นฐาน,สพป.เชียงใหม่ เขต 6,9,37.68,13.19,11.11,31.43,39.45,20.89,11.11,31.43,27.01,24.20
2566,33,บ้านโรงวัว,จอมทอง,เล็ก,นอกเมือง,สำนักงานคณะกรรมการการศึกษาขั้นพื้นฐาน,สพป.เชียงใหม่ เขต 6,12,42.24,29.71,16.67,37.27,29.43,25.96,25.00,43.30,41.28,27.58
2566,34,บ้านสบแจ่มฝั่งซ้าย,จอมทอง,เล็ก,นอกเมือง,สำนักงานคณะกรรมการการศึกษาขั้นพื้นฐาน,สพป.เชียงใหม่ เขต 6,20,21.80,17.15,25.00,43.30,26.49,16.74,40.00,48.99,16.93,23.09
2566,35,บ้านสบเตี๊ยะ,จอมทอง,กลาง,นอกเมือง,สำนักงานคณะกรรมการการศึกษาขั้นพื้นฐาน,สพป.เชียงใหม่ เขต 6,9,32.47,13.19,33.33,47.14,21.80,21.58,22.22,41.57,21.71,33.84
2566,36,บ้านสบแปะ,จอมทอง,เล็ก,นอกเมือง,สำนักงานคณะกรรมการการศึกษาขั้นพื้นฐาน,สพป.เชียงใหม่ เขต 6,7,27.68,11.30,0.00,0.00,22.43,12.54,0.00,0.00,20.45,23.61
2566,37,บ้านหนองคัน,จอมทอง,เล็ก,นอกเมือง,สำนักงานคณะกรรมการการศึกษาขั้นพื้นฐาน,สพป.เชียงใหม่ เขต 6,4,44.80,13.98,25.00,43.30,49.06,21.94,0.00,0.00,48.85,35.37
2566,38,บ้านห้วยทราย,จอมทอง,เล็ก,นอกเมือง,สำนักงานคณะกรรมการการศึกษาขั้นพื้นฐาน,สพป.เชียงใหม่ เขต 6,10,29.22,24.07,10.00,30.00,33.36,17.66,40.00,48.99,14.77,22.59
2566,39,บ้านห้วยน้ำดิบ,จอมทอง,เล็ก,นอกเมือง,สำนักงานคณะกรรมการการศึกษาขั้นพื้นฐาน,สพป.เชียงใหม่ เขต 6,6,40.63,15.34,66.67,47.14,45.79,14.63,16.67,37.27,8.72,19.49
2566,40,บ้านห้วยม่วง,จอมทอง,เล็ก,นอกเมือง,สำนักงานคณะกรรมการการศึกษาขั้นพื้นฐาน,สพป.เชียงใหม่ เขต 6,4,24.22,24.22,0.00,0.00,24.53,25.49,0.00,0.00,25.00,25.05
2566,41,บ้านห้วยม่วงฝั่งซ้าย,จอมทอง,เล็ก,นอกเมือง,สำนักงานคณะกรรมการการศึกษาขั้นพื้นฐาน,สพป.เชียงใหม่ เขต 6,20,24.22,14.89,25.00,43.30,17.75,16.43,20.00,40.00,23.85,23.85
2566,42,บ้านห้วยส้มป่อย,จอมทอง,เล็ก,นอกเมือง,สำนักงานคณะกรรมการการศึกษาขั้นพื้นฐาน,สพป.เชียงใหม่ เขต 6,13,19.88,18.09,30.77,46.15,27.17,19.68,15.38,36.08,22.37,31.13
2566,43,บ้านห้วยสะแพด,จอมทอง,เล็ก,นอกเมือง,สำนักงานคณะกรรมการการศึกษาขั้นพื้นฐาน,สพป.เชียงใหม่ เขต 6,15,31.33,18.34,33.33,47.14,28.91,17.44,0.00,0.00,19.39,23.77
2566,44,บ้านหาดนาค,จอมทอง,เล็ก,นอกเมือง,สำนักงานคณะกรรมการการศึกษาขั้นพื้นฐาน,สพป.เชียงใหม่ เขต 6,6,24.22,15.46,33.33,47.14,22.89,13.48,0.00,0.00,16.67,23.61
2566,45,บ้านใหม่สารภี,จอมทอง,เล็ก,นอกเมือง,สำนักงานคณะกรรมการการศึกษาขั้นพื้นฐาน,สพป.เชียงใหม่ เขต 6,2,40.37,8.07,100.00,0.00,29.43,29.43,0.00,0.00,23.85,23.85
2566,46,ป่ากล้วยพัฒนา,จอมทอง,เล็ก,นอกเมือง,สำนักงานคณะกรรมการการศึกษาขั้นพื้นฐาน,สพป.เชียงใหม่ เขต 6,13,35.02,23.02,7.69,26.65,24.15,20.59,23.08,42.13,14.68,22.02
2566,47,วัดพระบาท,จอมทอง,เล็ก,นอกเมือง,สำนักงานคณะกรรมการการศึกษาขั้นพื้นฐาน,สพป.เชียงใหม่ เขต 6,4,16.15,11.42,0.00,0.00,14.72,16.27,25.00,43.30,23.85,23.85
2566,48,ศรีจอมทอง,จอมทอง,ใหญ่,นอกเมือง,สำนักงานคณะกรรมการการศึกษาขั้นพื้นฐาน,สพป.เชียงใหม่ เขต 6,114,56.52,28.37,33.33,47.14,44.12,30.59,35.96,47.99,47.91,36.55
2566,49,สุทธิวงศ์ดำรงวิทย์,จอมทอง,เล็ก,นอกเมือง,สำนักงานคณะกรรมการส่งเสริมการศึกษาเอกชน,-,9,17.94,11.90,55.56,49.69,13.08,16.02,11.11,31.43,16.41,33.09
2566,50,แกน้อยศึกษา,เชียงดาว,กลาง,นอกเมือง,สำนักงานคณะกรรมการการศึกษาขั้นพื้นฐาน,สพป.เชียงใหม่ เขต 3,12,26.92,15.23,58.33,49.30,29.59,17.27,41.67,49.30,36.16,29.21
2566,51,โครงการหลวงแกน้อย,เชียงดาว,กลาง,นอกเมือง,สำนักงานคณะกรรมการการศึกษาขั้นพื้นฐาน,สพป.เชียงใหม่ เขต 3,7,44.28,21.26,14.29,34.99,28.03,17.73,14.29,34.99,21.76,25.16
2566,52,เจ้าฟ้าอุบลรัตน์,เชียงดาว,เล็ก,นอกเมือง,สำนักงานคณะกรรมการส่งเสริมการศึกษาเอกชน,-,33,23.00,15.41,42.42,49.42,22.60,21.12,21.21,40.88,21.82,23.92
2566,53,ชุมชนบ้านเมืองงาย,เชียงดาว,กลาง,นอกเมือง,สำนักงานคณะกรรมการการศึกษาขั้นพื้นฐาน,สพป.เชียงใหม่ เขต 3,29,38.58,22.56,27.59,44.69,33.96,22.01,17.24,37.77,30.88,33.20
2566,54,ชุมชนบ้านวังจ๊อม,เชียงดาว,กลาง,นอกเมือง,สำนักงานคณะกรรมการการศึกษาขั้นพื้นฐาน,สพป.เชียงใหม่ เขต 3,11,23.49,15.95,27.27,44.54,26.93,15.29,18.18,38.57,8.67,18.40
2566,55,ดอยสามหมื่น,เชียงดาว,เล็ก,นอกเมือง,สำนักงานคณะกรรมการการศึกษาขั้นพื้นฐาน,สพป.เชียงใหม่ เขต 3,3,26.92,7.61,100.00,0.00,26.16,9.25,33.33,47.14,15.90,22.49
2566,56,ตชด.เฉลิมพระเกียรติฯ บ้านแกน้อย,เชียงดาว,เล็ก,นอกเมือง,กองบัญชาการตำรวจตระเวนชายแดน,-,22,25.03,11.70,27.27,44.54,14.27,16.92,45.45,49.79,26.44,32.21
2566,57,บ้านเชียงดาว,เชียงดาว,กลาง,นอกเมือง,สำนักงานคณะกรรมการการศึกษาขั้นพื้นฐาน,สพป.เชียงใหม่ เขต 3,94,36.29,23.72,30.85,46.19,28.22,21.45,18.09,38.49,25.41,27.46
2566,58,บ้านดอน,เชียงดาว,เล็ก,นอกเมือง,สำนักงานคณะกรรมการการศึกษาขั้นพื้นฐาน,สพป.เชียงใหม่ เขต 3,7,25.38,14.59,57.14,49.49,19.62,14.83,14.29,34.99,6.82,16.69
2566,59,บ้านถ้ำ,เชียงดาว,เล็ก,นอกเมือง,สำนักงานคณะกรรมการการศึกษาขั้นพื้นฐาน,สพป.เชียงใหม่ เขต 3,14,21.92,17.91,35.71,47.92,22.43,20.79,35.71,47.92,17.04,22.86
2566,60,บ้านทุ่งข้าวพวง,เชียงดาว,กลาง,นอกเมือง,สำนักงานคณะกรรมการการศึกษาขั้นพื้นฐาน,สพป.เชียงใหม่ เขต 3,17,25.83,18.65,17.65,38.12,18.47,14.23,11.76,32.22,25.53,29.56
2566,61,บ้านทุ่งละคร,เชียงดาว,เล็ก,นอกเมือง,สำนักงานคณะกรรมการการศึกษาขั้นพื้นฐาน,สพป.เชียงใหม่ เขต 3,3,37.68,7.61,66.67,47.14,19.62,16.02,33.33,47.14,0.00,0.00
2566,62,บ้านทุ่งหลุก,เชียงดาว,เล็ก,นอกเมือง,สำนักงานคณะกรรมการการศึกษาขั้นพื้นฐาน,สพป.เชียงใหม่ เขต 3,6,26.92,12.04,0.00,0.00,16.35,17.61,16.67,37.27,15.90,22.49
2566,63,บ้านนาหวาย,เชียงดาว,กลาง,นอกเมือง,สำนักงานคณะกรรมการการศึกษาขั้นพื้นฐาน,สพป.เชียงใหม่ เขต 3,30,29.17,19.31,16.67,37.27,32.70,21.09,13.33,33.99,20.83,23.83
2566,64,บ้านปางแดง,เชียงดาว,เล็ก,นอกเมือง,สำนักงานคณะกรรมการการศึกษาขั้นพื้นฐาน,สพป.เชียงใหม่ เขต 3,14,19.61,9.01,35.71,47.92,21.02,13.80,35.71,47.92,17.04,22.86
2566,65,บ้านปางเฟือง,เชียงดาว,เล็ก,นอกเมือง,สำนักงานคณะกรรมการการศึกษาขั้นพื้นฐาน,สพป.เชียงใหม่ เขต 3,10,37.30,20.70,30.00,45.83,27.47,20.01,20.00,40.00,19.08,23.37
2566,66,บ้านปางมะเยา,เชียงดาว,กลาง,นอกเมือง,สำนักงานคณะกรรมการการศึกษาขั้นพื้นฐาน,สพป.เชียงใหม่ เขต 3,16,24.22,18.06,25.00,43.30,34.46,20.37,6.25,24.21,15.19,22.56
2566,67,บ้านป่าบง,เชียงดาว,เล็ก,นอกเมือง,สำนักงานคณะกรรมการการศึกษาขั้นพื้นฐาน,สพป.เชียงใหม่ เขต 3,21,20.76,13.32,42.86,49.49,21.49,17.03,4.76,21.30,24.99,23.83
2566,68,บ้านเมืองคอง,เชียงดาว,เล็ก,นอกเมือง,สำนักงานคณะกรรมการการศึกษาขั้นพื้นฐาน,สพป.เชียงใหม่ เขต 3,9,19.91,22.90,22.22,41.57,23.98,17.98,0.00,0.00,5.30,14.99
2566,69,บ้านเมืองนะ,เชียงดาว,กลาง,นอกเมือง,สำนักงานคณะกรรมการการศึกษาขั้นพื้นฐาน,สพป.เชียงใหม่ เขต 3,29,26.73,19.10,44.83,49.73,26.39,18.78,13.79,34.48,18.25,26.79
2566,70,บ้านแม่กอนใน,เชียงดาว,เล็ก,นอกเมือง,สำนักงานคณะกรรมการการศึกษาขั้นพื้นฐาน,สพป.เชียงใหม่ เขต 3,14,20.76,12.84,7.14,25.75,25.23,18.80,21.43,41.03,10.22,19.58
2566,71,บ้านแม่นะ,เชียงดาว,กลาง,นอกเมือง,สำนักงานคณะกรรมการการศึกษาขั้นพื้นฐาน,สพป.เชียงใหม่ เขต 3,17,29.45,14.90,23.53,42.42,26.55,17.73,23.53,42.42,14.57,28.36
2566,72,บ้านแม่ป๋าม,เชียงดาว,เล็ก,นอกเมือง,สำนักงานคณะกรรมการการศึกษาขั้นพื้นฐาน,สพป.เชียงใหม่ เขต 3,14,24.22,13.30,21.43,41.03,18.22,13.80,7.14,25.75,13.63,21.55
2566,73,บ้านแม่แมะ,เชียงดาว,เล็ก,นอกเมือง,สำนักงานคณะกรรมการการศึกษาขั้นพื้นฐาน,สพป.เชียงใหม่ เขต 3,4,36.34,13.39,50.00,50.00,29.43,9.81,0.00,0.00,23.85,23.85
2566,74,บ้านแม่อ้อใน,เชียงดาว,เล็ก,นอกเมือง,สำนักงานคณะกรรมการการศึกษาขั้นพื้นฐาน,สพป.เชียงใหม่ เขต 3,21,19.99,17.90,28.57,45.18,26.25,14.07,28.57,45.18,31.80,22.49
2566,75,บ้านรินหลวง,เชียงดาว,เล็ก,นอกเมือง,สำนักงานคณะกรรมการการศึกษาขั้นพื้นฐาน,สพป.เชียงใหม่ เขต 3,24,40.83,26.26,16.67,37.27,23.87,24.44,16.67,37.27,30.77,31.41
2566,76,บ้านวังมะริว,เชียงดาว,เล็ก,นอกเมือง,สำนักงานคณะกรรมการการศึกษาขั้นพื้นฐาน,สพป.เชียงใหม่ เขต 3,10,20.99,14.53,20.00,40.00,17.66,16.30,10.00,30.00,14.31,21.86
2566,77,บ้านสบคาบ,เชียงดาว,เล็ก,นอกเมือง,สำนักงานคณะกรรมการการศึกษาขั้นพื้นฐาน,สพป.เชียงใหม่ เขต 3,8,24.22,11.42,50.00,50.00,12.26,13.66,12.50,33.07,29.82,23.10
2566,78,บ้านสันป่าเกี๊ยะ,เชียงดาว,เล็ก,นอกเมือง,สำนักงานคณะกรรมการการศึกษาขั้นพื้นฐาน,สพป.เชียงใหม่ เขต 3,5,22.61,16.47,0.00,0.00,31.40,15.70,20.00,40.00,19.08,23.37
2566,79,บ้านหนองเขียว,เชียงดาว,กลาง,นอกเมือง,สำนักงานคณะกรรมการการศึกษาขั้นพื้นฐาน,สพป.เชียงใหม่ เขต 3,24,18.17,15.68,25.00,43.30,27.80,19.55,45.83,49.83,15.90,22.49
2566,80,บ้านหนองแขม,เชียงดาว,เล็ก,นอกเมือง,กองบัญชาการตำรวจตระเวนชายแดน,-,10,25.84,12.92,40.00,48.99,27.47,15.70,0.00,0.00,9.54,19.08
2566,81,บ้านหนองบัว,เชียงดาว,เล็ก,นอกเมือง,สำนักงานคณะกรรมการการศึกษาขั้นพื้นฐาน,สพป.เชียงใหม่ เขต 3,13,19.88,16.94,53.85,49.85,19.62,17.21,15.38,36.08,11.01,20.10
2566,82,บ้านห้วยจะค่าน ตชด.อนุสรณ์,เชียงดาว,กลาง,นอกเมือง,สำนักงานคณะกรรมการการศึกษาขั้นพื้นฐาน,สพป.เชียงใหม่ เขต 3,19,14.45,12.72,31.58,46.48,23.75,19.70,42.11,49.37,10.04,19.45
2566,83,บ้านห้วยทรายขาว,เชียงดาว,เล็ก,นอกเมือง,สำนักงานคณะกรรมการการศึกษาขั้นพื้นฐาน,สพป.เชียงใหม่ เขต 3,6,32.30,9.32,16.67,37.27,19.62,16.02,0.00,0.00,0.00,0.00
2566,84,บ้านห้วยเป้า,เชียงดาว,เล็ก,นอกเมือง,กรมส่งเสริมการปกครองท้องถิ่น,ท้องถิ่นจังหวัดเชียงใหม่,19,33.15,21.90,15.79,36.46,25.82,14.31,5.26,22.33,28.10,33.19
2566,85,บ้านใหม่,เชียงดาว,เล็ก,นอกเมือง,สำนักงานคณะกรรมการการศึกษาขั้นพื้นฐาน,สพป.เชียงใหม่ เขต 3,6,21.53,12.04,16.67,37.27,16.35,13.48,50.00,50.00,23.85,23.85
2566,86,บ้านอรุโณทัย,เชียงดาว,ใหญ่พิเศษ,นอกเมือง,สำนักงานคณะกรรมการการศึกษาขั้นพื้นฐาน,สพป.เชียงใหม่ เขต 3,79,29.76,20.00,27.85,44.83,25.58,21.93,18.99,39.22,21.48,27.77
2566,87,บ้านออน,เชียงดาว,เล็ก,นอกเมือง,สำนักงานคณะกรรมการการศึกษาขั้นพื้นฐาน,สพป.เชียงใหม่ เขต 3,8,24.22,8.07,12.50,33.07,17.17,11.76,0.00,0.00,11.93,20.66
2566,88,เบญจม 2 บ้านน้ำรู,เชียงดาว,เล็ก,นอกเมือง,สำนักงานคณะกรรมการการศึกษาขั้นพื้นฐาน,สพป.เชียงใหม่ เขต 3,14,31.14,16.68,50.00,50.00,30.84,17.73,35.71,47.92,17.04,22.86
2566,89,พัฒนาต้นน้ำขุนคอง,เชียงดาว,เล็ก,นอกเมือง,สำนักงานคณะกรรมการการศึกษาขั้นพื้นฐาน,สพป.เชียงใหม่ เขต 3,26,17.39,14.80,34.62,47.57,19.01,19.31,23.08,42.13,16.69,22.95
2566,90,มิตรมวลชนเชียงใหม่,เชียงดาว,กลาง,นอกเมือง,สำนักงานคณะกรรมการการศึกษาขั้นพื้นฐาน,สพป.เชียงใหม่ เขต 3,9,39.99,17.65,55.56,49.69,37.06,11.12,0.00,0.00,22.22,34.26
2566,91,ราชประชานุเคราะห์ 61 จังหวัดเชียงใหม่,เชียงดาว,กลาง,นอกเมือง,สำนักบริหารงานการศึกษาพิเศษ,-,18,32.47,23.03,22.22,41.57,22.01,14.86,11.11,31.43,18.81,23.60
2566,92,วัดจอมคีรี,เชียงดาว,เล็ก,นอกเมือง,สำนักงานคณะกรรมการการศึกษาขั้นพื้นฐาน,สพป.เชียงใหม่ เขต 3,4,49.22,20.42,50.00,50.00,9.81,9.81,25.00,43.30,36.93,41.30
2566,93,วัดปางมะโอ,เชียงดาว,เล็ก,นอกเมือง,สำนักงานคณะกรรมการการศึกษาขั้นพื้นฐาน,สพป.เชียงใหม่ เขต 3,1,48.45,0.00,0.00,0.00,39.25,0.00,0.00,0.00,0.00,0.00
2566,94,ศีลรวี,เชียงดาว,กลาง,นอกเมือง,สำนักงานคณะกรรมการส่งเสริมการศึกษาเอกชน,-,54,31.79,20.28,38.89,48.75,23.69,20.31,11.11,31.43,20.74,25.96
2566,95,ฉัตรพฤกษ์วิทยา,ไชยปราการ,เล็ก,นอกเมือง,สำนักงานคณะกรรมการส่งเสริมการศึกษาเอกชน,-,17,24.79,19.40,35.29,47.79,11.54,19.11,23.53,42.42,19.91,29.34
2566,96,ชุมชนวัดศรีดงเย็น,ไชยปราการ,กลาง,นอกเมือง,สำนักงานคณะกรรมการการศึกษาขั้นพื้นฐาน,สพป.เชียงใหม่ เขต 3,36,28.97,22.33,33.33,47.14,25.13,18.43,25.00,43.30,31.37,35.38
2566,97,เทศบาล 1 ไชยปราการ,ไชยปราการ,กลาง,นอกเมือง,กรมส่งเสริมการปกครองท้องถิ่น,ท้องถิ่นจังหวัดเชียงใหม่,52,27.63,23.55,21.15,40.84,31.39,18.99,17.31,37.83,20.98,26.42
2566,98,บ้านต้นโชค,ไชยปราการ,เล็ก,นอกเมือง,สำนักงานคณะกรรมการการศึกษาขั้นพื้นฐาน,สพป.เชียงใหม่ เขต 3,25,26.55,18.22,44.00,49.64,25.90,20.56,24.00,42.71,23.27,28.06
2566,99,บ้านถ้ำตับเตา,ไชยปราการ,เล็ก,นอกเมือง,สำนักงานคณะกรรมการการศึกษาขั้นพื้นฐาน,สพป.เชียงใหม่ เขต 3,1,16.15,0.00,0.00,0.00,0.00,0.00,0.00,0.00,47.71,0.00
2566,100,บ้านปง,ไชยปราการ,เล็ก,นอกเมือง,สำนักงานคณะกรรมการการศึกษาขั้นพื้นฐาน,สพป.เชียงใหม่ เขต 3,15,27.99,12.46,33.33,47.14,24.86,13.34,6.67,24.94,15.90,22.49
2566,101,บ้านปงตำ,ไชยปราการ,เล็ก,นอกเมือง,สำนักงานคณะกรรมการการศึกษาขั้นพื้นฐาน,สพป.เชียงใหม่ เขต 3,4,28.26,13.39,25.00,43.30,9.81,9.81,0.00,0.00,48.85,35.37
2566,102,บ้านป่างิ้ว,ไชยปราการ,เล็ก,นอกเมือง,สำนักงานคณะกรรมการการศึกษาขั้นพื้นฐาน,สพป.เชียงใหม่ เขต 3,19,34.08,17.44,21.05,40.77,26.85,20.34,42.11,49.37,20.33,28.84
2566,103,บ้านผาแดง,ไชยปราการ,เล็ก,นอกเมือง,สำนักงานคณะกรรมการการศึกษาขั้นพื้นฐาน,สพป.เชียงใหม่ เขต 3,5,35.53,21.42,40.00,48.99,31.40,31.88,0.00,0.00,38.17,19.08
2566,104,บ้านแม่ขิ,ไชยปราการ,เล็ก,นอกเมือง,สำนักงานคณะกรรมการการศึกษาขั้นพื้นฐาน,สพป.เชียงใหม่ เขต 3,11,23.49,14.38,9.09,28.75,30.33,19.38,54.55,49.79,17.76,23.53
2566,105,บ้านแม่ทะลบ,ไชยปราการ,เล็ก,นอกเมือง,สำนักงานคณะกรรมการการศึกษาขั้นพื้นฐาน,สพป.เชียงใหม่ เขต 3,12,44.54,20.15,25.00,43.30,24.53,21.38,0.00,0.00,40.52,34.10
2566,106,บ้านเวียงผาพัฒนา,ไชยปราการ,เล็ก,นอกเมือง,สำนักงานคณะกรรมการการศึกษาขั้นพื้นฐาน,สพป.เชียงใหม่ เขต 3,8,20.19,17.60,50.00,50.00,17.17,11.76,0.00,0.00,17.89,23.10
2566,107,บ้านสินชัย,ไชยปราการ,กลาง,นอกเมือง,สำนักงานคณะกรรมการการศึกษาขั้นพื้นฐาน,สพป.เชียงใหม่ เขต 3,10,22.61,10.71,30.00,45.83,23.55,11.77,0.00,0.00,19.08,23.37
2566,108,บ้านห้วยต้นตอง,ไชยปราการ,เล็ก,นอกเมือง,สำนักงานคณะกรรมการการศึกษาขั้นพื้นฐาน,สพป.เชียงใหม่ เขต 3,4,28.26,13.39,0.00,0.00,44.15,8.50,25.00,43.30,47.71,0.00
2566,109,บ้านห้วยบง,ไชยปราการ,เล็ก,นอกเมือง,สำนักงานคณะกรรมการการศึกษาขั้นพื้นฐาน,สพป.เชียงใหม่ เขต 3,10,35.68,19.08,20.00,40.00,19.62,19.62,40.00,48.99,24.31,24.35
2566,110,บ้านห้วยไผ่,ไชยปราการ,เล็ก,นอกเมือง,สำนักงานคณะกรรมการการศึกษาขั้นพื้นฐาน,สพป.เชียงใหม่ เขต 3,21,33.91,22.94,38.10,48.56,33.64,21.95,28.57,45.18,22.94,24.07
2566,111,บ้านหัวฝาย,ไชยปราการ,เล็ก,นอกเมือง,สำนักงานคณะกรรมการการศึกษาขั้นพื้นฐาน,สพป.เชียงใหม่ เขต 3,10,30.68,15.23,30.00,45.83,19.62,8.78,30.00,45.83,23.85,23.85
2566,112,บ้านใหม่หนองบัว,ไชยปราการ,กลาง,นอกเมือง,สำนักงานคณะกรรมการการศึกษาขั้นพื้นฐาน,สพป.เชียงใหม่ เขต 3,92,25.54,19.81,36.96,48.27,21.33,19.12,14.13,34.83,14.10,21.89
2566,113,บ้านอ่าย,ไชยปราการ,เล็ก,นอกเมือง,สำนักงานคณะกรรมการการศึกษาขั้นพื้นฐาน,สพป.เชียงใหม่ เขต 3,22,25.76,16.07,31.82,46.58,27.74,21.18,9.09,28.75,15.18,22.22
2566,114,วัดบ้านท่า,ไชยปราการ,เล็ก,นอกเมือง,สำนักงานคณะกรรมการการศึกษาขั้นพื้นฐาน,สพป.เชียงใหม่ เขต 3,19,52.26,20.60,15.79,36.46,42.54,22.54,15.79,36.46,37.08,22.25
2566,115,วัดป่าแดง,ไชยปราการ,เล็ก,นอกเมือง,สำนักงานคณะกรรมการการศึกษาขั้นพื้นฐาน,สพป.เชียงใหม่ เขต 3,11,22.02,18.57,36.36,48.10,21.41,13.11,18.18,38.57,26.44,24.17
2566,116,วัดอรัญญวาสี,ไชยปราการ,เล็ก,นอกเมือง,สำนักงานคณะกรรมการการศึกษาขั้นพื้นฐาน,สพป.เชียงใหม่ เขต 3,8,32.30,19.78,12.50,33.07,26.98,19.47,37.50,48.41,5.96,15.78
2566,117,สันติวนา,ไชยปราการ,เล็ก,นอกเมือง,สำนักงานคณะกรรมการการศึกษาขั้นพื้นฐาน,สพป.เชียงใหม่ เขต 3,7,21.21,16.96,28.57,45.18,22.43,22.07,14.29,34.99,0.00,0.00
2566,118,เอื้อวิทยา,ไชยปราการ,กลาง,นอกเมือง,สำนักงานคณะกรรมการส่งเสริมการศึกษาเอกชน,-,27,40.36,22.93,11.11,31.43,29.21,27.06,18.52,38.84,21.71,24.31
2566,119,ชุมชนบ้านดอยเต่า,ดอยเต่า,เล็ก,นอกเมือง,สำนักงานคณะกรรมการการศึกษาขั้นพื้นฐาน,สพป.เชียงใหม่ เขต 5,7,13.84,15.98,42.86,49.49,16.82,19.42,0.00,0.00,20.45,23.61
2566,120,ชุมชนศูนย์อพยพแปลง 4,ดอยเต่า,เล็ก,นอกเมือง,สำนักงานคณะกรรมการการศึกษาขั้นพื้นฐาน,สพป.เชียงใหม่ เขต 5,22,40.58,19.59,36.36,48.10,40.31,21.14,13.64,34.32,24.48,35.80
2566,121,บ้านเกาะหลวง,ดอยเต่า,เล็ก,นอกเมือง,สำนักงานคณะกรรมการการศึกษาขั้นพื้นฐาน,สพป.เชียงใหม่ เขต 5,17,46.91,20.97,41.18,49.22,30.23,21.81,17.65,38.12,29.14,29.85
2566,122,บ้านงิ้วสูง,ดอยเต่า,เล็ก,นอกเมือง,สำนักงานคณะกรรมการการศึกษาขั้นพื้นฐาน,สพป.เชียงใหม่ เขต 5,4,24.22,8.07,25.00,43.30,24.53,8.50,25.00,43.30,35.78,20.66
2566,123,บ้านฉิมพลี,ดอยเต่า,เล็ก,นอกเมือง,สำนักงานคณะกรรมการการศึกษาขั้นพื้นฐาน,สพป.เชียงใหม่ เขต 5,8,48.45,13.99,37.50,48.41,31.89,16.82,37.50,48.41,37.50,33.11
2566,124,บ้านถิ่นสำราญ,ดอยเต่า,เล็ก,นอกเมือง,สำนักงานคณะกรรมการการศึกษาขั้นพื้นฐาน,สพป.เชียงใหม่ เขต 5,3,21.53,7.61,0.00,0.00,13.08,18.50,0.00,0.00,49.24,2.16
2566,125,บ้านโท้งวิทยา,ดอยเต่า,เล็ก,นอกเมือง,สำนักงานคณะกรรมการการศึกษาขั้นพื้นฐาน,สพป.เชียงใหม่ เขต 5,12,25.57,16.75,58.33,49.30,13.08,14.63,16.67,37.27,21.02,32.20
2566,126,บ้านน้อยห้วยรินวิทยา,ดอยเต่า,เล็ก,นอกเมือง,สำนักงานคณะกรรมการการศึกษาขั้นพื้นฐาน,สพป.เชียงใหม่ เขต 5,11,22.02,19.81,36.36,48.10,30.33,19.38,18.18,38.57,17.35,22.95
2566,127,บ้านบงตัน,ดอยเต่า,เล็ก,นอกเมือง,สำนักงานคณะกรรมการการศึกษาขั้นพื้นฐาน,สพป.เชียงใหม่ เขต 5,15,15.07,9.26,20.00,40.00,23.55,17.84,20.00,40.00,13.03,28.29
2566,128,บ้านโปง,ดอยเต่า,เล็ก,นอกเมือง,สำนักงานคณะกรรมการการศึกษาขั้นพื้นฐาน,สพป.เชียงใหม่ เขต 5,9,27.09,13.47,44.44,49.69,17.44,14.46,0.00,0.00,21.20,23.71
2566,129,บ้านโปงทุ่ง,ดอยเต่า,เล็ก,นอกเมือง,สำนักงานคณะกรรมการการศึกษาขั้นพื้นฐาน,สพป.เชียงใหม่ เขต 5,9,19.74,14.80,22.22,41.57,15.26,15.42,11.11,31.43,21.71,33.84
2566,130,บ้านผาจุก,ดอยเต่า,เล็ก,นอกเมือง,สำนักงานคณะกรรมการการศึกษาขั้นพื้นฐาน,สพป.เชียงใหม่ เขต 5,2,32.30,16.15,50.00,50.00,49.06,9.81,0.00,0.00,23.85,23.85
2566,131,บ้านแม่ตูบ,ดอยเต่า,เล็ก,นอกเมือง,สำนักงานคณะกรรมการการศึกษาขั้นพื้นฐาน,สพป.เชียงใหม่ เขต 5,11,20.55,15.54,45.45,49.79,19.62,16.73,27.27,44.54,17.35,22.95
2566,132,บ้านแม่บวน,ดอยเต่า,เล็ก,นอกเมือง,สำนักงานคณะกรรมการการศึกษาขั้นพื้นฐาน,สพป.เชียงใหม่ เขต 5,11,34.05,26.87,27.27,44.54,28.54,9.77,18.18,38.57,17.76,23.53
2566,133,บ้านไร่,ดอยเต่า,เล็ก,นอกเมือง,สำนักงานคณะกรรมการการศึกษาขั้นพื้นฐาน,สพป.เชียงใหม่ เขต 5,10,45.68,24.33,30.00,45.83,43.17,21.13,40.00,48.99,33.85,31.49
2566,134,บ้านวังหม้อ,ดอยเต่า,เล็ก,นอกเมือง,สำนักงานคณะกรรมการการศึกษาขั้นพื้นฐาน,สพป.เชียงใหม่ เขต 5,5,19.38,18.83,40.00,48.99,39.25,27.75,20.00,40.00,9.54,19.08
2566,135,บ้านวังหลวง,ดอยเต่า,เล็ก,นอกเมือง,สำนักงานคณะกรรมการการศึกษาขั้นพื้นฐาน,สพป.เชียงใหม่ เขต 5,4,36.34,20.98,0.00,0.00,34.34,8.50,25.00,43.30,25.00,25.05
2566,136,บ้านสันติสุข,ดอยเต่า,เล็ก,นอกเมือง,สำนักงานคณะกรรมการการศึกษาขั้นพื้นฐาน,สพป.เชียงใหม่ เขต 5,3,16.15,13.19,0.00,0.00,39.25,27.75,0.00,0.00,31.80,22.49
2566,137,บ้านหนองผักบุ้ง,ดอยเต่า,เล็ก,นอกเมือง,สำนักงานคณะกรรมการการศึกษาขั้นพื้นฐาน,สพป.เชียงใหม่ เขต 5,6,32.30,16.15,33.33,47.14,33.02,22.36,16.67,37.27,41.28,44.81
2566,138,บ้านแอ่นจัดสรร,ดอยเต่า,เล็ก,นอกเมือง,สำนักงานคณะกรรมการการศึกษาขั้นพื้นฐาน,สพป.เชียงใหม่ เขต 5,9,17.94,11.90,55.56,49.69,28.55,19.10,11.11,31.43,37.61,20.16
2566,139,บ้านแอ่นใหม่,ดอยเต่า,เล็ก,นอกเมือง,สำนักงานคณะกรรมการการศึกษาขั้นพื้นฐาน,สพป.เชียงใหม่ เขต 5,3,10.77,7.61,0.00,0.00,32.70,9.25,66.67,47.14,31.80,22.49
2566,140,ศูนย์อพยพแปลง 2,ดอยเต่า,เล็ก,นอกเมือง,สำนักงานคณะกรรมการการศึกษาขั้นพื้นฐาน,สพป.เชียงใหม่ เขต 5,10,22.76,20.88,20.00,40.00,31.58,9.78,10.00,30.00,29.54,24.18
2566,141,ศูนย์อพยพแปลง 5,ดอยเต่า,เล็ก,นอกเมือง,สำนักงานคณะกรรมการการศึกษาขั้นพื้นฐาน,สพป.เชียงใหม่ เขต 5,12,28.39,17.98,41.67,49.30,34.34,24.20,25.00,43.30,12.31,21.35
2566,142,ศูนย์อพยพแปลง 8,ดอยเต่า,เล็ก,นอกเมือง,สำนักงานคณะกรรมการการศึกษาขั้นพื้นฐาน,สพป.เชียงใหม่ เขต 5,7,68.23,23.06,57.14,49.49,50.73,27.94,42.86,49.49,70.77,36.82
2566,143,ชลประทานผาแตก,ดอยสะเก็ด,กลาง,นอกเมือง,สำนักงานคณะกรรมการการศึกษาขั้นพื้นฐาน,สพป.เชียงใหม่ เขต 1,46,30.39,24.18,32.61,46.88,28.20,22.41,17.39,37.90,25.49,28.54
2566,144,เทพเสด็จวิทยา,ดอยสะเก็ด,เล็ก,นอกเมือง,สำนักงานคณะกรรมการการศึกษาขั้นพื้นฐาน,สพป.เชียงใหม่ เขต 1,5,22.61,21.91,40.00,48.99,39.25,24.82,0.00,0.00,20.00,24.54
2566,145,เทศบาลตลาดใหญ่,ดอยสะเก็ด,เล็ก,นอกเมือง,กรมส่งเสริมการปกครองท้องถิ่น,ท้องถิ่นจังหวัดเชียงใหม่,5,25.84,12.92,40.00,48.99,39.25,17.55,20.00,40.00,9.54,19.08
2566,146,บริรักศึกษาเชียงใหม่,ดอยสะเก็ด,เล็ก,นอกเมือง,สำนักงานคณะกรรมการส่งเสริมการศึกษาเอกชน,-,26,29.19,15.53,34.62,47.57,20.38,19.98,19.23,39.41,20.54,27.72
2566,147,บ้านเชิงดอย(ดอยสะเก็ดศึกษา),ดอยสะเก็ด,ใหญ่,นอกเมือง,สำนักงานคณะกรรมการการศึกษาขั้นพื้นฐาน,สพป.เชียงใหม่ เขต 1,112,32.61,21.92,30.36,45.98,28.93,22.44,26.79,44.28,22.80,30.23
2566,148,บ้านตลาดขี้เหล็ก,ดอยสะเก็ด,เล็ก,นอกเมือง,สำนักงานคณะกรรมการการศึกษาขั้นพื้นฐาน,สพป.เชียงใหม่ เขต 1,5,41.99,16.47,0.00,0.00,31.40,15.70,60.00,48.99,60.00,37.44
2566,149,บ้านบ่อหิน,ดอยสะเก็ด,เล็ก,นอกเมือง,สำนักงานคณะกรรมการการศึกษาขั้นพื้นฐาน,สพป.เชียงใหม่ เขต 1,26,29.25,16.78,19.23,39.41,24.15,18.30,3.85,19.23,33.38,29.67
2566,150,บ้านป่าขุย,ดอยสะเก็ด,เล็ก,นอกเมือง,สำนักงานคณะกรรมการการศึกษาขั้นพื้นฐาน,สพป.เชียงใหม่ เขต 1,7,63.18,27.68,0.00,0.00,53.53,27.63,28.57,45.18,27.92,24.22
2566,151,บ้านปางแดง,ดอยสะเก็ด,เล็ก,นอกเมือง,สำนักงานคณะกรรมการการศึกษาขั้นพื้นฐาน,สพป.เชียงใหม่ เขต 1,13,33.66,21.71,38.46,48.65,39.25,17.21,7.69,26.65,26.39,24.48
2566,152,บ้านปางน้ำถุ,ดอยสะเก็ด,เล็ก,นอกเมือง,สำนักงานคณะกรรมการการศึกษาขั้นพื้นฐาน,สพป.เชียงใหม่ เขต 1,2,32.30,16.15,100.00,0.00,39.25,19.62,0.00,0.00,23.85,23.85
2566,153,บ้านป่างิ้ว,ดอยสะเก็ด,เล็ก,นอกเมือง,สำนักงานคณะกรรมการการศึกษาขั้นพื้นฐาน,สพป.เชียงใหม่ เขต 1,9,38.03,26.06,22.22,41.57,32.91,28.25,55.56,49.69,22.22,24.89
2566,154,บ้านป่าป้อง,ดอยสะเก็ด,เล็ก,นอกเมือง,สำนักงานคณะกรรมการการศึกษาขั้นพื้นฐาน,สพป.เชียงใหม่ เขต 1,3,54.35,20.83,33.33,47.14,13.08,9.25,0.00,0.00,15.90,22.49
2566,155,บ้านป่าไม้แดง,ดอยสะเก็ด,กลาง,นอกเมือง,สำนักงานคณะกรรมการการศึกษาขั้นพื้นฐาน,สพป.เชียงใหม่ เขต 1,9,19.91,25.41,33.33,47.14,19.62,18.50,33.33,47.14,21.20,23.71
2566,156,บ้านป่าเสร้า,ดอยสะเก็ด,กลาง,นอกเมือง,สำนักงานคณะกรรมการการศึกษาขั้นพื้นฐาน,สพป.เชียงใหม่ เขต 1,29,25.06,16.20,37.93,48.52,26.39,21.42,24.14,42.79,25.15,30.60
2566,157,บ้านป่าเหมือด,ดอยสะเก็ด,เล็ก,นอกเมือง,สำนักงานคณะกรรมการการศึกษาขั้นพื้นฐาน,สพป.เชียงใหม่ เขต 1,16,34.41,16.31,18.75,39.03,25.75,13.38,25.00,43.30,24.43,24.47
2566,158,บ้านโป่งกุ่ม,ดอยสะเก็ด,เล็ก,นอกเมือง,สำนักงานคณะกรรมการการศึกษาขั้นพื้นฐาน,สพป.เชียงใหม่ เขต 1,4,24.22,18.06,75.00,43.30,29.43,9.81,25.00,43.30,0.00,0.00
2566,159,บ้านแม่ดอกแดง,ดอยสะเก็ด,เล็ก,นอกเมือง,สำนักงานคณะกรรมการการศึกษาขั้นพื้นฐาน,สพป.เชียงใหม่ เขต 1,17,31.44,14.21,17.65,38.12,28.86,20.32,29.41,45.56,31.14,28.70
2566,160,บ้านแม่หวาน,ดอยสะเก็ด,เล็ก,นอกเมือง,สำนักงานคณะกรรมการการศึกษาขั้นพื้นฐาน,สพป.เชียงใหม่ เขต 1,5,29.07,12.08,20.00,40.00,19.62,12.41,20.00,40.00,19.08,23.37
2566,161,บ้านแม่ฮ้อยเงิน,ดอยสะเก็ด,เล็ก,นอกเมือง,สำนักงานคณะกรรมการการศึกษาขั้นพื้นฐาน,สพป.เชียงใหม่ เขต 1,4,28.26,13.39,25.00,43.30,34.34,16.27,25.00,43.30,23.85,23.85
2566,162,บ้านร้องขี้เหล็ก,ดอยสะเก็ด,เล็ก,นอกเมือง,สำนักงานคณะกรรมการการศึกษาขั้นพื้นฐาน,สพป.เชียงใหม่ เขต 1,12,28.39,22.30,41.67,49.30,14.87,18.35,33.33,47.14,36.54,29.39
2566,163,บ้านลวงเหนือ,ดอยสะเก็ด,เล็ก,นอกเมือง,สำนักงานคณะกรรมการการศึกษาขั้นพื้นฐาน,สพป.เชียงใหม่ เขต 1,14,31.14,22.40,21.43,41.03,23.96,23.87,35.71,47.92,27.92,30.71
2566,164,บ้านสันทราย,ดอยสะเก็ด,เล็ก,นอกเมือง,สำนักงานคณะกรรมการการศึกษาขั้นพื้นฐาน,สพป.เชียงใหม่ เขต 1,3,37.68,7.61,0.00,0.00,26.16,9.25,66.67,47.14,47.71,0.00
2566,165,เพื่อชีวิตเชียงใหม่,ดอยสะเก็ด,เล็ก,นอกเมือง,สำนักงานคณะกรรมการส่งเสริมการศึกษาเอกชน,-,17,26.60,14.59,41.18,49.22,26.55,17.73,23.53,42.42,11.49,20.75
2566,166,แม่โป่งประชาสามัคคี,ดอยสะเก็ด,เล็ก,นอกเมือง,สำนักงานคณะกรรมการการศึกษาขั้นพื้นฐาน,สพป.เชียงใหม่ เขต 1,14,34.94,25.68,28.57,45.18,29.43,16.16,21.43,41.03,10.22,19.58
2566,167,ไมตรีจิตคริสเตียนเชียงใหม่,ดอยสะเก็ด,กลาง,นอกเมือง,สำนักงานคณะกรรมการส่งเสริมการศึกษาเอกชน,-,20,18.57,12.79,40.00,48.99,22.57,12.83,30.00,45.83,11.93,20.66
2566,168,กรป.กลางอุปถัมภ์,ดอยหล่อ,เล็ก,นอกเมือง,สำนักงานคณะกรรมการการศึกษาขั้นพื้นฐาน,สพป.เชียงใหม่ เขต 4,13,31.29,20.79,30.77,46.15,39.39,26.99,15.38,36.08,19.05,31.09
2566,169,ดอยหล่อวิทยา,ดอยหล่อ,เล็ก,นอกเมือง,กรมส่งเสริมการปกครองท้องถิ่น,ท้องถิ่นจังหวัดเชียงใหม่,6,26.92,17.85,33.33,47.14,19.62,11.33,0.00,0.00,7.95,17.78
2566,170,เทศบาลตำบลวัดสองแคว,ดอยหล่อ,เล็ก,นอกเมือง,กรมส่งเสริมการปกครองท้องถิ่น,ท้องถิ่นจังหวัดเชียงใหม่,5,22.61,12.92,60.00,48.99,27.47,15.70,20.00,40.00,19.08,23.37
2566,171,บ้านดงป่าหวาย,ดอยหล่อ,เล็ก,นอกเมือง,สำนักงานคณะกรรมการการศึกษาขั้นพื้นฐาน,สพป.เชียงใหม่ เขต 4,12,27.04,16.89,25.00,43.30,24.53,18.14,16.67,37.27,16.28,23.06
2566,172,บ้านสามหลัง,ดอยหล่อ,เล็ก,นอกเมือง,สำนักงานคณะกรรมการการศึกษาขั้นพื้นฐาน,สพป.เชียงใหม่ เขต 4,16,31.29,21.72,37.50,48.41,29.43,23.01,25.00,43.30,20.87,23.67
2566,173,บ้านห้วยน้ำขาว,ดอยหล่อ,เล็ก,นอกเมือง,สำนักงานคณะกรรมการการศึกษาขั้นพื้นฐาน,สพป.เชียงใหม่ เขต 4,8,26.82,22.18,50.00,50.00,26.98,9.50,25.00,43.30,17.89,23.10
2566,174,บ้านหัวข่วง,ดอยหล่อ,เล็ก,นอกเมือง,สำนักงานคณะกรรมการการศึกษาขั้นพื้นฐาน,สพป.เชียงใหม่ เขต 4,3,48.45,13.19,66.67,47.14,26.79,18.96,33.33,47.14,50.76,2.16
2566,175,บ้านเหล่าเป้า,ดอยหล่อ,เล็ก,นอกเมือง,สำนักงานคณะกรรมการการศึกษาขั้นพื้นฐาน,สพป.เชียงใหม่ เขต 4,9,32.47,18.95,22.22,41.57,32.70,13.08,11.11,31.43,5.81,16.43
2566,176,บ้านใหม่หนองหอย,ดอยหล่อ,เล็ก,นอกเมือง,สำนักงานคณะกรรมการการศึกษาขั้นพื้นฐาน,สพป.เชียงใหม่ เขต 4,19,23.80,13.22,47.37,49.93,27.88,19.43,10.53,30.69,7.53,17.40
2566,177,วัดดอนชื่น,ดอยหล่อ,เล็ก,นอกเมือง,สำนักงานคณะกรรมการการศึกษาขั้นพื้นฐาน,สพป.เชียงใหม่ เขต 4,7,56.03,21.88,28.57,45.18,25.23,20.21,42.86,49.49,63.96,44.14
2566,178,วัดวังขามป้อม,ดอยหล่อ,เล็ก,นอกเมือง,สำนักงานคณะกรรมการการศึกษาขั้นพื้นฐาน,สพป.เชียงใหม่ เขต 4,6,40.37,24.22,0.00,0.00,29.43,29.43,16.67,37.27,33.33,23.64
2566,179,วัดศรีดอนชัย,ดอยหล่อ,เล็ก,นอกเมือง,สำนักงานคณะกรรมการการศึกษาขั้นพื้นฐาน,สพป.เชียงใหม่ เขต 4,8,44.80,13.52,50.00,50.00,22.08,20.67,12.50,33.07,42.89,38.91
2566,180,วัดหนองหลั้ว,ดอยหล่อ,เล็ก,นอกเมือง,สำนักงานคณะกรรมการการศึกษาขั้นพื้นฐาน,สพป.เชียงใหม่ เขต 4,6,38.46,24.95,33.33,47.14,36.29,14.03,16.67,37.27,15.90,22.49
2566,181,เจ้าแม่หลวงอุปถัมภ์ 1,ฝาง,กลาง,นอกเมือง,สำนักงานคณะกรรมการการศึกษาขั้นพื้นฐาน,สพป.เชียงใหม่ เขต 3,29,22.83,16.71,24.14,42.79,22.33,16.88,20.69,40.51,16.45,22.68
2566,182,ฉือจี้เชียงใหม่,ฝาง,กลาง,นอกเมือง,สำนักงานคณะกรรมการส่งเสริมการศึกษาเอกชน,-,105,34.48,22.50,24.76,43.16,32.27,21.30,13.33,33.99,28.59,31.94
2566,183,ชุมชนบ้านแม่สูนหลวง,ฝาง,เล็ก,นอกเมือง,สำนักงานคณะกรรมการการศึกษาขั้นพื้นฐาน,สพป.เชียงใหม่ เขต 3,2,48.45,16.15,0.00,0.00,49.06,9.81,50.00,50.00,0.00,0.00
2566,184,เทพศิรินทร์๙โครงการหลวงในพระบรมราชูปถัมภ์,ฝาง,เล็ก,นอกเมือง,สำนักงานคณะกรรมการการศึกษาขั้นพื้นฐาน,สพป.เชียงใหม่ เขต 3,17,16.15,11.08,41.18,49.22,18.47,18.40,5.88,23.53,14.30,22.18
2566,185,เทศบาลเวียงฝาง,ฝาง,กลาง,นอกเมือง,กรมส่งเสริมการปกครองท้องถิ่น,ท้องถิ่นจังหวัดเชียงใหม่,26,18.63,13.21,23.08,42.13,18.87,12.74,19.23,39.41,9.17,18.80
2566,186,บ้านขอบด้ง,ฝาง,กลาง,นอกเมือง,สำนักงานคณะกรรมการการศึกษาขั้นพื้นฐาน,สพป.เชียงใหม่ เขต 3,27,23.38,14.23,29.63,45.66,23.98,17.98,7.41,26.19,19.78,27.48
2566,187,บ้านดงป่าลัน,ฝาง,เล็ก,นอกเมือง,สำนักงานคณะกรรมการการศึกษาขั้นพื้นฐาน,สพป.เชียงใหม่ เขต 3,7,23.07,11.76,14.29,34.99,14.02,13.73,14.29,34.99,21.10,24.41
2566,188,บ้านเด่นใหม่,ฝาง,เล็ก,นอกเมือง,สำนักงานคณะกรรมการการศึกษาขั้นพื้นฐาน,สพป.เชียงใหม่ เขต 3,10,29.38,17.75,20.00,40.00,17.66,13.74,0.00,0.00,14.77,31.77
2566,189,บ้านต้นผึ้ง,ฝาง,เล็ก,นอกเมือง,สำนักงานคณะกรรมการการศึกษาขั้นพื้นฐาน,สพป.เชียงใหม่ เขต 3,8,36.53,10.62,37.50,48.41,36.79,20.67,37.50,48.41,19.04,24.61
2566,190,บ้านต้นส้าน,ฝาง,เล็ก,นอกเมือง,สำนักงานคณะกรรมการการศึกษาขั้นพื้นฐาน,สพป.เชียงใหม่ เขต 3,12,31.21,20.71,33.33,47.14,29.59,19.04,33.33,47.14,16.67,23.61
2566,191,บ้านทุ่งหลุก,ฝาง,เล็ก,นอกเมือง,สำนักงานคณะกรรมการการศึกษาขั้นพื้นฐาน,สพป.เชียงใหม่ เขต 3,6,58.07,27.41,16.67,37.27,52.96,22.18,50.00,50.00,32.57,36.94
2566,192,บ้านปางปอย,ฝาง,กลาง,นอกเมือง,สำนักงานคณะกรรมการการศึกษาขั้นพื้นฐาน,สพป.เชียงใหม่ เขต 3,26,27.51,24.34,46.15,49.85,34.03,20.13,30.77,46.15,13.02,25.55
2566,193,บ้านปางสัก,ฝาง,เล็ก,นอกเมือง,สำนักงานคณะกรรมการการศึกษาขั้นพื้นฐาน,สพป.เชียงใหม่ เขต 3,20,30.76,17.63,25.00,43.30,26.49,18.90,20.00,40.00,14.54,22.23
2566,194,บ้านป่าบง,ฝาง,เล็ก,นอกเมือง,สำนักงานคณะกรรมการการศึกษาขั้นพื้นฐาน,สพป.เชียงใหม่ เขต 3,12,13.46,11.10,25.00,43.30,17.99,12.56,33.33,47.14,15.90,22.49
2566,195,บ้านโป่งถืบ,ฝาง,กลาง,นอกเมือง,สำนักงานคณะกรรมการการศึกษาขั้นพื้นฐาน,สพป.เชียงใหม่ เขต 3,17,29.54,18.74,17.65,38.12,27.70,15.14,5.88,23.53,25.80,29.78
2566,196,บ้านโป่งนก,ฝาง,กลาง,นอกเมือง,สำนักงานคณะกรรมการการศึกษาขั้นพื้นฐาน,สพป.เชียงใหม่ เขต 3,25,28.61,18.07,24.00,42.71,28.33,18.44,12.00,32.50,15.45,26.60
2566,197,บ้านโป่งน้ำร้อน,ฝาง,เล็ก,นอกเมือง,สำนักงานคณะกรรมการการศึกษาขั้นพื้นฐาน,สพป.เชียงใหม่ เขต 3,5,25.84,12.92,20.00,40.00,15.70,14.68,40.00,48.99,9.54,19.08
2566,198,บ้านม่วงชุม,ฝาง,กลาง,นอกเมือง,สำนักงานคณะกรรมการการศึกษาขั้นพื้นฐาน,สพป.เชียงใหม่ เขต 3,40,24.63,15.32,32.50,46.84,14.23,18.61,42.50,49.43,14.43,22.05
2566,199,บ้านม่อนปิ่น,ฝาง,กลาง,นอกเมือง,สำนักงานคณะกรรมการการศึกษาขั้นพื้นฐาน,สพป.เชียงใหม่ เขต 3,23,37.98,16.95,21.74,41.25,33.27,18.69,13.04,33.68,27.56,35.18
2566,200,บ้านแม่ข่า,ฝาง,กลาง,นอกเมือง,สำนักงานคณะกรรมการการศึกษาขั้นพื้นฐาน,สพป.เชียงใหม่ เขต 3,28,30.10,20.31,46.43,49.87,30.84,23.70,21.43,41.03,19.07,23.73
2566,201,บ้านแม่คะ,ฝาง,กลาง,นอกเมือง,สำนักงานคณะกรรมการการศึกษาขั้นพื้นฐาน,สพป.เชียงใหม่ เขต 3,15,22.61,14.20,20.00,40.00,21.06,19.70,6.67,24.94,22.57,24.15
2566,202,บ้านแม่งอนกลาง,ฝาง,เล็ก,นอกเมือง,สำนักงานคณะกรรมการการศึกษาขั้นพื้นฐาน,สพป.เชียงใหม่ เขต 3,4,40.76,24.62,25.00,43.30,24.53,16.27,0.00,0.00,0.00,0.00
2566,203,บ้านแม่งอนขี้เหล็ก,ฝาง,กลาง,นอกเมือง,กรมส่งเสริมการปกครองท้องถิ่น,ท้องถิ่นจังหวัดเชียงใหม่,36,17.94,15.59,27.78,44.79,19.62,17.91,41.67,49.30,20.01,23.68
2566,204,บ้านแม่ใจ,ฝาง,เล็ก,นอกเมือง,สำนักงานคณะกรรมการการศึกษาขั้นพื้นฐาน,สพป.เชียงใหม่ เขต 3,5,41.99,12.92,20.00,40.00,19.62,12.41,0.00,0.00,0.00,0.00
2566,205,บ้านแม่สูนน้อย,ฝาง,เล็ก,นอกเมือง,สำนักงานคณะกรรมการการศึกษาขั้นพื้นฐาน,สพป.เชียงใหม่ เขต 3,14,28.84,19.47,35.71,47.92,26.90,17.92,14.29,34.99,20.45,23.61
2566,206,บ้านยาง,ฝาง,เล็ก,นอกเมือง,สำนักงานคณะกรรมการการศึกษาขั้นพื้นฐาน,สพป.เชียงใหม่ เขต 3,10,29.22,21.57,40.00,48.99,41.58,21.00,50.00,50.00,14.31,21.86
2566,207,บ้านล้องอ้อ,ฝาง,เล็ก,นอกเมือง,กรมส่งเสริมการปกครองท้องถิ่น,ท้องถิ่นจังหวัดเชียงใหม่,25,20.67,15.50,16.00,36.66,21.19,17.48,32.00,46.65,11.45,20.37
2566,208,บ้านลาน,ฝาง,กลาง,นอกเมือง,สำนักงานคณะกรรมการการศึกษาขั้นพื้นฐาน,สพป.เชียงใหม่ เขต 3,12,26.92,15.23,33.33,47.14,21.26,14.90,50.00,50.00,19.88,23.52
2566,209,บ้านเวียงฝาง,ฝาง,ใหญ่,นอกเมือง,สำนักงานคณะกรรมการการศึกษาขั้นพื้นฐาน,สพป.เชียงใหม่ เขต 3,29,31.29,18.60,34.48,47.53,27.07,22.11,20.69,40.51,31.89,29.69
2566,210,บ้านเวียงหวาย,ฝาง,กลาง,นอกเมือง,สำนักงานคณะกรรมการการศึกษาขั้นพื้นฐาน,สพป.เชียงใหม่ เขต 3,12,32.56,23.30,41.67,49.30,37.61,20.36,33.33,47.14,40.90,34.20
2566,211,บ้านศรีดอนชัย,ฝาง,เล็ก,นอกเมือง,สำนักงานคณะกรรมการการศึกษาขั้นพื้นฐาน,สพป.เชียงใหม่ เขต 3,3,48.96,13.21,33.33,47.14,19.62,16.02,100.00,0.00,50.76,2.16
2566,212,บ้านสันต้นดู่,ฝาง,เล็ก,นอกเมือง,สำนักงานคณะกรรมการการศึกษาขั้นพื้นฐาน,สพป.เชียงใหม่ เขต 3,15,54.76,21.95,13.33,33.99,38.06,26.30,26.67,44.22,40.31,41.72
2566,213,บ้านสันต้นเปา,ฝาง,เล็ก,นอกเมือง,สำนักงานคณะกรรมการการศึกษาขั้นพื้นฐาน,สพป.เชียงใหม่ เขต 3,1,16.15,0.00,0.00,0.00,19.62,0.00,0.00,0.00,0.00,0.00
2566,214,บ้านสันทราย,ฝาง,เล็ก,นอกเมือง,สำนักงานคณะกรรมการการศึกษาขั้นพื้นฐาน,สพป.เชียงใหม่ เขต 3,6,35.25,14.74,33.33,47.14,45.79,9.25,16.67,37.27,15.90,22.49
2566,215,บ้านสันทรายคองน้อย,ฝาง,กลาง,นอกเมือง,สำนักงานคณะกรรมการการศึกษาขั้นพื้นฐาน,สพป.เชียงใหม่ เขต 3,16,24.51,23.71,18.75,39.03,24.53,19.00,25.00,43.30,18.18,23.49
2566,216,บ้านสันป่าแดง,ฝาง,เล็ก,นอกเมือง,สำนักงานคณะกรรมการการศึกษาขั้นพื้นฐาน,สพป.เชียงใหม่ เขต 3,13,21.12,16.01,53.85,49.85,16.60,15.09,23.08,42.13,18.35,23.21
2566,217,บ้านสันม่วง,ฝาง,เล็ก,นอกเมือง,สำนักงานคณะกรรมการการศึกษาขั้นพื้นฐาน,สพป.เชียงใหม่ เขต 3,5,29.38,26.27,60.00,48.99,43.17,22.88,20.00,40.00,20.00,40.00
2566,218,บ้านหนองขวาง,ฝาง,เล็ก,นอกเมือง,สำนักงานคณะกรรมการการศึกษาขั้นพื้นฐาน,สพป.เชียงใหม่ เขต 3,5,35.84,24.33,20.00,40.00,23.55,22.88,60.00,48.99,40.00,48.99
2566,219,บ้านหนองยาว,ฝาง,เล็ก,นอกเมือง,สำนักงานคณะกรรมการการศึกษาขั้นพื้นฐาน,สพป.เชียงใหม่ เขต 3,13,29.93,19.06,15.38,36.08,30.19,26.23,0.00,0.00,33.38,29.67
2566,220,บ้านหลวง,ฝาง,กลาง,นอกเมือง,สำนักงานคณะกรรมการการศึกษาขั้นพื้นฐาน,สพป.เชียงใหม่ เขต 3,40,17.80,13.93,37.50,48.41,23.10,16.46,32.50,46.84,10.73,19.92
2566,221,บ้านหล่ายฝาง,ฝาง,เล็ก,นอกเมือง,กรมส่งเสริมการปกครองท้องถิ่น,ท้องถิ่นจังหวัดเชียงใหม่,25,25.90,17.88,40.00,48.99,30.84,20.47,12.00,32.50,15.63,22.82
2566,222,บ้านห้วยไคร้,ฝาง,เล็ก,นอกเมือง,สำนักงานคณะกรรมการการศึกษาขั้นพื้นฐาน,สพป.เชียงใหม่ เขต 3,20,18.57,14.69,35.00,47.70,21.58,18.51,30.00,45.83,11.93,20.66
2566,223,บ้านห้วยงูกลาง,ฝาง,เล็ก,นอกเมือง,สำนักงานคณะกรรมการการศึกษาขั้นพื้นฐาน,สพป.เชียงใหม่ เขต 3,14,35.87,20.65,42.86,49.49,29.57,20.84,14.29,34.99,27.92,36.05
2566,224,บ้านห้วยบอน,ฝาง,เล็ก,นอกเมือง,สำนักงานคณะกรรมการการศึกษาขั้นพื้นฐาน,สพป.เชียงใหม่ เขต 3,7,18.46,15.98,57.14,49.49,28.03,17.73,28.57,45.18,6.82,16.69
2566,225,บ้านห้วยหมากเลี่ยม,ฝาง,กลาง,นอกเมือง,สำนักงานคณะกรรมการการศึกษาขั้นพื้นฐาน,สพป.เชียงใหม่ เขต 3,48,17.83,14.08,33.33,47.14,26.98,17.74,14.58,35.29,16.09,24.95
2566,226,บ้านห้วยห้อม,ฝาง,เล็ก,นอกเมือง,สำนักงานคณะกรรมการการศึกษาขั้นพื้นฐาน,สพป.เชียงใหม่ เขต 3,10,29.07,15.82,50.00,50.00,17.66,13.74,10.00,30.00,9.54,19.08
2566,227,บ้านห้วยเฮี่ยน,ฝาง,เล็ก,นอกเมือง,สำนักงานคณะกรรมการการศึกษาขั้นพื้นฐาน,สพป.เชียงใหม่ เขต 3,11,27.89,15.54,45.45,49.79,24.97,20.65,36.36,48.10,17.35,22.95
2566,228,บ้านหัวนา,ฝาง,เล็ก,นอกเมือง,สำนักงานคณะกรรมการการศึกษาขั้นพื้นฐาน,สพป.เชียงใหม่ เขต 3,37,28.85,17.67,29.73,45.71,21.21,20.08,18.92,39.17,20.63,23.63
2566,229,บ้านหัวฝาย,ฝาง,เล็ก,นอกเมือง,สำนักงานคณะกรรมการการศึกษาขั้นพื้นฐาน,สพป.เชียงใหม่ เขต 3,5,29.07,15.82,20.00,40.00,15.70,14.68,0.00,0.00,28.62,23.37
2566,230,บ้านเหมืองแร่,ฝาง,กลาง,นอกเมือง,สำนักงานคณะกรรมการการศึกษาขั้นพื้นฐาน,สพป.เชียงใหม่ เขต 3,15,17.23,13.79,33.33,47.14,31.52,17.46,13.33,33.99,19.69,24.16
2566,231,รังษีวิทยา,ฝาง,ใหญ่พิเศษ,นอกเมือง,สำนักงานคณะกรรมการส่งเสริมการศึกษาเอกชน,-,179,41.65,24.13,31.84,46.59,33.01,24.46,14.53,35.24,30.77,33.57
2566,232,รัตนาเอื้อวิทยา,ฝาง,ใหญ่,นอกเมือง,สำนักงานคณะกรรมการส่งเสริมการศึกษาเอกชน,-,56,41.28,20.20,30.36,45.98,31.57,22.13,25.00,43.30,23.74,29.58
2566,233,วัดนันทาราม,ฝาง,กลาง,นอกเมือง,สำนักงานคณะกรรมการการศึกษาขั้นพื้นฐาน,สพป.เชียงใหม่ เขต 3,7,39.88,29.42,28.57,45.18,22.43,16.35,14.29,34.99,36.04,35.16
2566,234,วัดศรีบุญเรือง,ฝาง,เล็ก,นอกเมือง,สำนักงานคณะกรรมการการศึกษาขั้นพื้นฐาน,สพป.เชียงใหม่ เขต 3,9,37.85,13.54,33.33,47.14,21.80,14.46,0.00,0.00,21.20,23.71
2566,235,วิรุณเทพ,ฝาง,เล็ก,นอกเมือง,สำนักงานคณะกรรมการการศึกษาขั้นพื้นฐาน,สพป.เชียงใหม่ เขต 3,13,33.90,20.85,46.15,49.85,33.35,19.79,38.46,48.65,33.73,29.87
2566,236,สายอักษร,ฝาง,กลาง,นอกเมือง,สำนักงานคณะกรรมการส่งเสริมการศึกษาเอกชน,-,62,36.45,27.42,22.58,41.81,35.60,26.14,32.26,46.75,26.06,28.99
2566,237,อาโอยาม่า,ฝาง,เล็ก,นอกเมือง,กองบัญชาการตำรวจตระเวนชายแดน,-,3,5.38,7.61,33.33,47.14,6.54,9.25,66.67,47.14,31.80,22.49
2566,238,เจ้าพ่อหลวงอุปถัมภ์ 2,พร้าว,เล็ก,นอกเมือง,กองบัญชาการตำรวจตระเวนชายแดน,-,7,25.38,7.99,0.00,0.00,36.44,6.87,14.29,34.99,21.10,36.17
2566,239,ชุมชนบ้านโป่ง,พร้าว,เล็ก,นอกเมือง,สำนักงานคณะกรรมการการศึกษาขั้นพื้นฐาน,สพป.เชียงใหม่ เขต 2,8,16.15,13.99,25.00,43.30,17.17,15.32,12.50,33.07,23.85,23.85
2566,240,ชุมชนสหกรณ์นิคมวิทยา,พร้าว,เล็ก,นอกเมือง,สำนักงานคณะกรรมการการศึกษาขั้นพื้นฐาน,สพป.เชียงใหม่ เขต 2,12,32.56,13.51,41.67,49.30,44.31,11.62,41.67,49.30,28.98,31.91
2566,241,บ้านขุนแจ๋,พร้าว,เล็ก,นอกเมือง,สำนักงานคณะกรรมการการศึกษาขั้นพื้นฐาน,สพป.เชียงใหม่ เขต 2,2,24.22,8.07,50.00,50.00,29.43,9.81,0.00,0.00,0.00,0.00
2566,242,บ้านแจ่งกู่เรือง,พร้าว,กลาง,นอกเมือง,สำนักงานคณะกรรมการการศึกษาขั้นพื้นฐาน,สพป.เชียงใหม่ เขต 2,129,35.13,25.11,25.58,43.63,33.93,25.71,24.81,43.19,33.12,31.88
2566,243,บ้านต้นรุง,พร้าว,เล็ก,นอกเมือง,สำนักงานคณะกรรมการการศึกษาขั้นพื้นฐาน,สพป.เชียงใหม่ เขต 2,13,21.12,14.70,30.77,46.15,30.19,14.63,15.38,36.08,14.68,22.02
2566,244,บ้านท่ามะเกี๋ยง,พร้าว,เล็ก,นอกเมือง,สำนักงานคณะกรรมการการศึกษาขั้นพื้นฐาน,สพป.เชียงใหม่ เขต 2,3,16.15,13.19,33.33,47.14,13.08,18.50,0.00,0.00,33.33,47.14
2566,245,บ้านนาบุญโหล่งขอด,พร้าว,เล็ก,นอกเมือง,สำนักงานคณะกรรมการการศึกษาขั้นพื้นฐาน,สพป.เชียงใหม่ เขต 2,17,25.74,16.80,23.53,42.42,28.86,17.96,17.65,38.12,28.60,29.46
2566,246,บ้านป่าตุ้ม,พร้าว,กลาง,นอกเมือง,สำนักงานคณะกรรมการการศึกษาขั้นพื้นฐาน,สพป.เชียงใหม่ เขต 2,11,30.97,13.00,36.36,48.10,28.54,24.20,9.09,28.75,17.76,23.53
2566,247,บ้านป่าไหน่,พร้าว,เล็ก,นอกเมือง,สำนักงานคณะกรรมการการศึกษาขั้นพื้นฐาน,สพป.เชียงใหม่ เขต 2,2,48.45,16.15,50.00,50.00,19.62,19.62,50.00,50.00,23.85,23.85
2566,248,บ้านแม่ปั๋ง,พร้าว,เล็ก,นอกเมือง,สำนักงานคณะกรรมการการศึกษาขั้นพื้นฐาน,สพป.เชียงใหม่ เขต 2,7,27.68,14.22,0.00,0.00,11.21,9.71,0.00,0.00,42.20,31.84
2566,249,บ้านแม่ปาคี,พร้าว,เล็ก,นอกเมือง,สำนักงานคณะกรรมการการศึกษาขั้นพื้นฐาน,สพป.เชียงใหม่ เขต 2,9,25.12,20.30,44.44,49.69,26.16,13.08,22.22,41.57,37.10,19.83
2566,250,บ้านแม่เหียะ,พร้าว,เล็ก,นอกเมือง,สำนักงานคณะกรรมการการศึกษาขั้นพื้นฐาน,สพป.เชียงใหม่ เขต 2,17,19.95,17.10,35.29,47.79,25.50,20.12,11.76,32.22,14.03,21.74
2566,251,บ้านสันกลาง,พร้าว,เล็ก,นอกเมือง,สำนักงานคณะกรรมการการศึกษาขั้นพื้นฐาน,สพป.เชียงใหม่ เขต 2,5,45.53,21.94,40.00,48.99,47.09,9.61,60.00,48.99,38.17,19.08
2566,252,บ้านสันปง,พร้าว,เล็ก,นอกเมือง,สำนักงานคณะกรรมการการศึกษาขั้นพื้นฐาน,สพป.เชียงใหม่ เขต 2,2,40.37,8.07,50.00,50.00,29.43,9.81,0.00,0.00,0.00,0.00
2566,253,บ้านหนองปิด,พร้าว,เล็ก,นอกเมือง,สำนักงานคณะกรรมการการศึกษาขั้นพื้นฐาน,สพป.เชียงใหม่ เขต 2,7,37.13,19.07,14.29,34.99,25.23,13.73,14.29,34.99,27.26,23.61
2566,254,บ้านหลวง,พร้าว,เล็ก,นอกเมือง,สำนักงานคณะกรรมการการศึกษาขั้นพื้นฐาน,สพป.เชียงใหม่ เขต 2,3,53.83,7.61,0.00,0.00,32.70,33.35,0.00,0.00,31.80,22.49
2566,255,บ้านห้วยบง,พร้าว,เล็ก,นอกเมือง,สำนักงานคณะกรรมการการศึกษาขั้นพื้นฐาน,สพป.เชียงใหม่ เขต 2,7,39.44,22.86,42.86,49.49,50.73,23.45,42.86,49.49,42.86,31.99
2566,256,ประชาสามัคคีวิทยา,พร้าว,เล็ก,นอกเมือง,สำนักงานคณะกรรมการการศึกษาขั้นพื้นฐาน,สพป.เชียงใหม่ เขต 2,6,35.25,25.86,33.33,47.14,32.70,14.63,33.33,47.14,24.62,24.67
2566,257,ประดู่วิทยา,พร้าว,เล็ก,นอกเมือง,สำนักงานคณะกรรมการการศึกษาขั้นพื้นฐาน,สพป.เชียงใหม่ เขต 2,5,45.53,23.99,0.00,0.00,39.25,12.41,40.00,48.99,40.00,37.44
2566,258,พร้าวบูรพา,พร้าว,เล็ก,นอกเมือง,สำนักงานคณะกรรมการการศึกษาขั้นพื้นฐาน,สพป.เชียงใหม่ เขต 2,11,32.30,16.87,27.27,44.54,21.41,15.55,0.00,0.00,18.18,24.09
2566,259,สหกรณ์ดำริ,พร้าว,เล็ก,นอกเมือง,สำนักงานคณะกรรมการการศึกษาขั้นพื้นฐาน,สพป.เชียงใหม่ เขต 2,7,32.30,24.42,14.29,34.99,33.64,17.28,0.00,0.00,34.08,21.55
2566,260,กสิณธร เซนต์เจมส์ เชียงใหม่,เมืองเชียงใหม่,เล็ก,ในเมือง,สำนักงานคณะกรรมการส่งเสริมการศึกษาเอกชน,-,10,24.22,18.06,0.00,0.00,29.43,20.11,20.00,40.00,39.08,19.62
2566,261,โกวิทธำรงเชียงใหม่,เมืองเชียงใหม่,ใหญ่,ในเมือง,สำนักงานคณะกรรมการส่งเสริมการศึกษาเอกชน,-,104,40.97,22.26,28.85,45.30,33.33,20.49,16.35,36.98,27.95,32.10
2566,262,ขาลสุวรรณอนุสรณ์,เมืองเชียงใหม่,เล็ก,ในเมือง,สำนักงานคณะกรรมการส่งเสริมการศึกษาเอกชน,-,34,28.02,14.82,32.35,46.78,21.35,15.32,17.65,38.12,21.72,32.25
2566,263,คำเที่ยงอนุสสรณ์,เมืองเชียงใหม่,กลาง,ในเมือง,สำนักงานคณะกรรมการการศึกษาขั้นพื้นฐาน,สพป.เชียงใหม่ เขต 1,85,33.96,20.96,32.94,47.00,26.82,23.03,22.35,41.66,26.57,30.88
2566,264,จิตราวิทยา,เมืองเชียงใหม่,ใหญ่,ในเมือง,สำนักงานคณะกรรมการส่งเสริมการศึกษาเอกชน,-,128,33.83,21.14,35.16,47.75,26.57,19.33,7.03,25.57,24.78,30.47
2566,265,เจ้าพ่อหลวงอุปถัมภ์ 1,เมืองเชียงใหม่,เล็ก,ในเมือง,สำนักงานคณะกรรมการการศึกษาขั้นพื้นฐาน,สพป.เชียงใหม่ เขต 1,17,28.50,17.10,35.29,47.79,23.20,18.33,5.88,23.53,14.30,28.02
2566,266,ชุมชนเทศบาลวัดศรีดอนไชย,เมืองเชียงใหม่,กลาง,ในเมือง,กรมส่งเสริมการปกครองท้องถิ่น,ท้องถิ่นจังหวัดเชียงใหม่,28,43.92,29.24,32.14,46.70,33.77,25.27,32.14,46.70,42.69,41.64
2566,267,ชุมชนบ้านบวกครกน้อย,เมืองเชียงใหม่,กลาง,ในเมือง,สำนักงานคณะกรรมการการศึกษาขั้นพื้นฐาน,สพป.เชียงใหม่ เขต 1,41,36.03,21.57,17.07,37.63,34.46,14.23,24.39,42.94,33.59,35.45
2566,268,ชุมชนวัดท่าเดื่อ,เมืองเชียงใหม่,เล็ก,ในเมือง,สำนักงานคณะกรรมการการศึกษาขั้นพื้นฐาน,สพป.เชียงใหม่ เขต 1,21,39.37,22.33,33.33,47.14,22.43,22.07,14.29,34.99,27.48,23.82
2566,269,เชียงใหม่คริสเตียน,เมืองเชียงใหม่,ใหญ่,ในเมือง,สำนักงานคณะกรรมการส่งเสริมการศึกษาเอกชน,-,90,28.06,17.77,30.00,45.83,25.73,18.65,18.89,39.14,20.45,28.20
2566,270,ดาราวิทยาลัย,เมืองเชียงใหม่,ใหญ่พิเศษ,ในเมือง,สำนักงานคณะกรรมการส่งเสริมการศึกษาเอกชน,-,340,44.34,25.78,31.18,46.32,35.67,25.35,24.41,42.96,33.07,34.01
2566,271,ท่าศาลา,เมืองเชียงใหม่,เล็ก,ในเมือง,สำนักงานคณะกรรมการการศึกษาขั้นพื้นฐาน,สพป.เชียงใหม่ เขต 1,18,22.52,13.41,33.33,47.14,28.34,14.95,5.56,22.91,32.57,32.98
2566,272,เทพบดินทร์วิทยาเชียงใหม่,เมืองเชียงใหม่,ใหญ่,ในเมือง,สำนักงานคณะกรรมการส่งเสริมการศึกษาเอกชน,-,131,34.88,20.50,25.95,43.84,29.07,20.93,18.32,38.68,19.88,26.05
2566,273,เทศบาลดอกเงิน,เมืองเชียงใหม่,เล็ก,ในเมือง,กรมส่งเสริมการปกครองท้องถิ่น,ท้องถิ่นจังหวัดเชียงใหม่,20,32.61,21.66,55.00,49.75,31.58,27.59,20.00,40.00,33.85,31.49
2566,274,เทศบาลวัดกู่คำ,เมืองเชียงใหม่,เล็ก,ในเมือง,กรมส่งเสริมการปกครองท้องถิ่น,ท้องถิ่นจังหวัดเชียงใหม่,12,25.70,18.29,41.67,49.30,22.89,15.68,8.33,27.64,32.57,30.80
2566,275,เทศบาลวัดเกตการาม,เมืองเชียงใหม่,เล็ก,ในเมือง,กรมส่งเสริมการปกครองท้องถิ่น,ท้องถิ่นจังหวัดเชียงใหม่,13,38.87,25.35,23.08,42.13,48.30,14.63,23.08,42.13,33.73,29.87
2566,276,เทศบาลวัดเชียงยืน,เมืองเชียงใหม่,กลาง,ในเมือง,กรมส่งเสริมการปกครองท้องถิ่น,ท้องถิ่นจังหวัดเชียงใหม่,46,24.96,17.12,30.43,46.01,25.59,21.60,6.52,24.69,22.08,24.11
2566,277,เทศบาลวัดท่าสะต๋อย,เมืองเชียงใหม่,กลาง,ในเมือง,กรมส่งเสริมการปกครองท้องถิ่น,ท้องถิ่นจังหวัดเชียงใหม่,45,31.75,23.72,31.11,46.29,29.30,22.32,17.78,38.23,30.50,31.80
2566,278,เทศบาลวัดป่าแพ่ง,เมืองเชียงใหม่,กลาง,ในเมือง,กรมส่งเสริมการปกครองท้องถิ่น,ท้องถิ่นจังหวัดเชียงใหม่,26,36.38,22.64,26.92,44.36,35.62,25.21,38.46,48.65,44.32,37.58
2566,279,เทศบาลวัดพวกช้าง,เมืองเชียงใหม่,เล็ก,ในเมือง,กรมส่งเสริมการปกครองท้องถิ่น,ท้องถิ่นจังหวัดเชียงใหม่,10,30.84,23.58,30.00,45.83,19.81,12.42,0.00,0.00,29.08,32.63
2566,280,เทศบาลวัดศรีปิงเมือง,เมืองเชียงใหม่,กลาง,ในเมือง,กรมส่งเสริมการปกครองท้องถิ่น,ท้องถิ่นจังหวัดเชียงใหม่,35,31.18,23.80,28.57,45.18,21.97,18.31,17.14,37.69,18.11,23.59
2566,281,เทศบาลวัดศรีสุพรรณ,เมืองเชียงใหม่,กลาง,ในเมือง,กรมส่งเสริมการปกครองท้องถิ่น,ท้องถิ่นจังหวัดเชียงใหม่,21,36.14,20.49,28.57,45.18,16.82,17.43,19.05,39.27,25.43,24.28
2566,282,เทศบาลวัดหมื่นเงินกอง,เมืองเชียงใหม่,เล็ก,ในเมือง,กรมส่งเสริมการปกครองท้องถิ่น,ท้องถิ่นจังหวัดเชียงใหม่,21,31.13,23.29,38.10,48.56,28.97,21.51,9.52,29.35,20.66,23.88
2566,283,บ้านเชิงดอยสุเทพ,เมืองเชียงใหม่,เล็ก,ในเมือง,สำนักงานคณะกรรมการการศึกษาขั้นพื้นฐาน,สพป.เชียงใหม่ เขต 1,10,64.22,25.35,40.00,48.99,56.91,16.30,50.00,50.00,45.23,41.58
2566,284,บ้านดอนปิน,เมืองเชียงใหม่,กลาง,ในเมือง,สำนักงานคณะกรรมการการศึกษาขั้นพื้นฐาน,สพป.เชียงใหม่ เขต 1,27,33.61,17.14,33.33,47.14,34.16,21.75,11.11,31.43,21.88,31.15
2566,285,บ้านท่าหลุกสันทราย,เมืองเชียงใหม่,กลาง,ในเมือง,สำนักงานคณะกรรมการการศึกษาขั้นพื้นฐาน,สพป.เชียงใหม่ เขต 1,26,33.78,19.41,38.46,48.65,18.11,15.32,7.69,26.65,28.05,27.77
2566,286,บ้านโป่งน้อย,เมืองเชียงใหม่,กลาง,ในเมือง,สำนักงานคณะกรรมการการศึกษาขั้นพื้นฐาน,สพป.เชียงใหม่ เขต 1,17,37.23,19.19,41.18,49.22,27.81,15.23,29.41,45.56,31.68,33.72
2566,287,บ้านแม่เหียะสามัคคี,เมืองเชียงใหม่,เล็ก,ในเมือง,สำนักงานคณะกรรมการการศึกษาขั้นพื้นฐาน,สพป.เชียงใหม่ เขต 1,18,31.49,16.74,38.89,48.75,30.63,24.08,33.33,47.14,18.81,23.60
2566,288,บ้านห้วยทราย,เมืองเชียงใหม่,เล็ก,ในเมือง,กรมส่งเสริมการปกครองท้องถิ่น,ท้องถิ่นจังหวัดเชียงใหม่,9,23.50,15.72,33.33,47.14,34.88,20.22,0.00,0.00,21.71,24.31
2566,289,ปรินส์รอยแยลส์วิทยาลัย,เมืองเชียงใหม่,ใหญ่พิเศษ,ในเมือง,สำนักงานคณะกรรมการส่งเสริมการศึกษาเอกชน,-,517,60.08,27.17,34.43,47.51,50.19,29.03,40.04,49.00,51.08,37.66
2566,290,พระหฤทัยเชียงใหม่,เมืองเชียงใหม่,ใหญ่,ในเมือง,สำนักงานคณะกรรมการส่งเสริมการศึกษาเอกชน,-,118,32.61,23.02,35.59,47.88,29.02,22.21,21.19,40.86,30.25,31.46
2566,291,พิงครัตน์,เมืองเชียงใหม่,เล็ก,ในเมือง,สำนักงานคณะกรรมการส่งเสริมการศึกษาเอกชน,-,7,58.56,29.42,57.14,49.49,39.51,30.03,57.14,49.49,63.30,35.41
2566,292,พิมานเด็กเชียงใหม่,เมืองเชียงใหม่,กลาง,ในเมือง,สำนักงานคณะกรรมการส่งเสริมการศึกษาเอกชน,-,50,46.36,25.87,26.00,43.86,35.98,29.78,24.00,42.71,47.27,34.57
2566,293,พุทธิโศภน,เมืองเชียงใหม่,ใหญ่,ในเมือง,สำนักงานคณะกรรมการการศึกษาขั้นพื้นฐาน,สพป.เชียงใหม่ เขต 1,172,37.56,24.79,30.81,46.17,29.42,23.04,22.09,41.49,24.32,30.45
2566,294,มงฟอร์ตวิทยาลัย แผนกประถม,เมืองเชียงใหม่,ใหญ่พิเศษ,ในเมือง,สำนักงานคณะกรรมการส่งเสริมการศึกษาเอกชน,-,366,59.10,26.69,40.16,49.02,39.96,28.61,24.04,42.73,53.22,37.22
2566,295,ยุวฑูตศึกษาพัฒนาราชพฤกษ์,เมืองเชียงใหม่,กลาง,ในเมือง,สำนักงานคณะกรรมการส่งเสริมการศึกษาเอกชน,-,11,44.33,18.66,27.27,44.54,27.10,27.48,27.27,44.54,40.28,35.66
2566,296,เรยีนาเชลีวิทยาลัย,เมืองเชียงใหม่,ใหญ่,ในเมือง,สำนักงานคณะกรรมการส่งเสริมการศึกษาเอกชน,-,157,37.74,23.79,27.39,44.60,32.33,22.32,26.11,43.93,32.38,34.01
2566,297,วชิรวิทย์ เชียงใหม่,เมืองเชียงใหม่,กลาง,ในเมือง,สำนักงานคณะกรรมการส่งเสริมการศึกษาเอกชน,-,56,34.46,19.33,33.93,47.35,25.23,19.52,23.21,42.22,24.51,30.97
2566,298,วัดข่วงสิงห์,เมืองเชียงใหม่,กลาง,ในเมือง,สำนักงานคณะกรรมการการศึกษาขั้นพื้นฐาน,สพป.เชียงใหม่ เขต 1,28,31.83,20.69,46.43,49.87,29.50,17.83,14.29,34.99,26.05,27.71
2566,299,วัดขะจาว,เมืองเชียงใหม่,เล็ก,ในเมือง,สำนักงานคณะกรรมการการศึกษาขั้นพื้นฐาน,สพป.เชียงใหม่ เขต 1,22,42.48,24.45,27.27,44.54,45.66,23.53,27.27,44.54,38.74,39.74
2566,300,วัดเจ็ดยอด,เมืองเชียงใหม่,เล็ก,ในเมือง,สำนักงานคณะกรรมการการศึกษาขั้นพื้นฐาน,สพป.เชียงใหม่ เขต 1,9,60.08,21.07,22.22,41.57,61.47,27.31,22.22,41.57,44.95,28.48
2566,301,วัดช่างเคี่ยน,เมืองเชียงใหม่,กลาง,ในเมือง,สำนักงานคณะกรรมการการศึกษาขั้นพื้นฐาน,สพป.เชียงใหม่ เขต 1,31,22.40,14.60,22.58,41.81,23.42,20.20,16.13,36.78,18.61,23.44
2566,302,วัดดอนจั่น,เมืองเชียงใหม่,กลาง,ในเมือง,สำนักงานคณะกรรมการการศึกษาขั้นพื้นฐาน,สพป.เชียงใหม่ เขต 1,25,13.57,11.81,44.00,49.64,19.62,15.70,28.00,44.90,17.17,22.90
2566,303,วัดป่าข่อยใต้,เมืองเชียงใหม่,เล็ก,ในเมือง,สำนักงานคณะกรรมการการศึกษาขั้นพื้นฐาน,สพป.เชียงใหม่ เขต 1,9,43.41,20.80,0.00,0.00,37.06,17.17,22.22,41.57,21.71,33.84
2566,304,วัดป่าแดด,เมืองเชียงใหม่,เล็ก,ในเมือง,สำนักงานคณะกรรมการการศึกษาขั้นพื้นฐาน,สพป.เชียงใหม่ เขต 1,14,33.78,25.27,28.57,45.18,26.63,17.56,0.00,0.00,17.04,22.86
2566,305,วัดป่าตัน,เมืองเชียงใหม่,เล็ก,ในเมือง,สำนักงานคณะกรรมการการศึกษาขั้นพื้นฐาน,สพป.เชียงใหม่ เขต 1,24,33.71,12.34,16.67,37.27,24.53,19.83,25.00,43.30,22.25,28.18
2566,306,วัดเมืองสาตร,เมืองเชียงใหม่,เล็ก,ในเมือง,สำนักงานคณะกรรมการการศึกษาขั้นพื้นฐาน,สพป.เชียงใหม่ เขต 1,8,32.49,23.25,12.50,33.07,31.89,19.47,12.50,33.07,19.04,24.61
2566,307,วัดร้องอ้อ,เมืองเชียงใหม่,กลาง,ในเมือง,สำนักงานคณะกรรมการการศึกษาขั้นพื้นฐาน,สพป.เชียงใหม่ เขต 1,17,39.04,14.78,17.65,38.12,27.70,13.56,5.88,23.53,26.61,30.42
2566,308,วัดวังสิงห์คำ,เมืองเชียงใหม่,กลาง,ในเมือง,สำนักงานคณะกรรมการการศึกษาขั้นพื้นฐาน,สพป.เชียงใหม่ เขต 1,22,28.11,24.42,31.82,46.58,35.85,23.64,22.73,41.91,24.27,28.59
2566,309,วัดสวนดอก,เมืองเชียงใหม่,กลาง,ในเมือง,สำนักงานคณะกรรมการการศึกษาขั้นพื้นฐาน,สพป.เชียงใหม่ เขต 1,24,39.89,22.22,33.33,47.14,31.15,19.59,50.00,50.00,14.49,22.61
2566,310,วัดเสาหิน,เมืองเชียงใหม่,เล็ก,ในเมือง,สำนักงานคณะกรรมการการศึกษาขั้นพื้นฐาน,สพป.เชียงใหม่ เขต 1,10,22.61,19.38,30.00,45.83,21.58,13.74,30.00,45.83,9.54,19.08
2566,311,วัดหนองป่าครั่ง,เมืองเชียงใหม่,เล็ก,ในเมือง,สำนักงานคณะกรรมการการศึกษาขั้นพื้นฐาน,สพป.เชียงใหม่ เขต 1,3,65.11,13.82,66.67,47.14,72.58,8.36,33.33,47.14,15.90,22.49
2566,312,วารีเชียงใหม่,เมืองเชียงใหม่,ใหญ่พิเศษ,ในเมือง,สำนักงานคณะกรรมการส่งเสริมการศึกษาเอกชน,-,196,51.21,27.10,33.67,47.26,39.28,27.01,20.41,40.30,33.59,34.64
2566,313,วิชัยวิทยา,เมืองเชียงใหม่,กลาง,ในเมือง,สำนักงานคณะกรรมการส่งเสริมการศึกษาเอกชน,-,27,39.57,32.15,44.44,49.69,37.27,25.59,29.63,45.66,27.69,36.82
2566,314,ศรีเนห์รู,เมืองเชียงใหม่,เล็ก,ในเมือง,สำนักงานคณะกรรมการการศึกษาขั้นพื้นฐาน,สพป.เชียงใหม่ เขต 1,13,27.33,16.01,23.08,42.13,31.70,22.49,30.77,46.15,18.35,23.21
2566,315,ศิริมังคลาจารย์,เมืองเชียงใหม่,เล็ก,ในเมือง,สำนักงานคณะกรรมการการศึกษาขั้นพื้นฐาน,สพป.เชียงใหม่ เขต 1,6,57.30,21.04,50.00,50.00,39.56,23.21,33.33,47.14,41.28,34.30
2566,316,สังวาลย์วิทยา,เมืองเชียงใหม่,เล็ก,ในเมือง,สำนักงานคณะกรรมการการศึกษาขั้นพื้นฐาน,สพป.เชียงใหม่ เขต 1,0,-,-,-,-,-,-,-,-,-,-
2566,317,สันติศึกษา,เมืองเชียงใหม่,เล็ก,ในเมือง,สำนักงานคณะกรรมการส่งเสริมการศึกษาเอกชน,-,22,39.47,22.38,9.09,28.75,35.04,26.06,31.82,46.58,31.19,31.82
2566,318,สาธิตมหาวิทยาลัยราชภัฏเชียงใหม่,เมืองเชียงใหม่,กลาง,ในเมือง,สำนักงานปลัดกระทรวงการอุดมศึกษาฯ,-,82,41.95,27.22,24.39,42.94,27.20,25.01,31.71,46.53,28.71,32.76
2566,319,สารสาสน์วิเทศเชียงใหม่,เมืองเชียงใหม่,ใหญ่,ในเมือง,สำนักงานคณะกรรมการส่งเสริมการศึกษาเอกชน,-,121,48.65,25.23,32.23,46.74,37.62,25.65,46.28,49.86,39.48,34.55
2566,320,สารสาสน์วิเทศล้านนา,เมืองเชียงใหม่,ใหญ่,ในเมือง,สำนักงานคณะกรรมการส่งเสริมการศึกษาเอกชน,-,127,43.89,25.71,29.92,45.79,32.72,26.64,25.20,43.41,41.07,35.51
2566,321,โสตศึกษาอนุสารสุนทร,เมืองเชียงใหม่,เล็ก,ในเมือง,สำนักบริหารงานการศึกษาพิเศษ,-,0,-,-,-,-,-,-,-,-,-,-
2566,322,อนุบาลเชียงใหม่,เมืองเชียงใหม่,ใหญ่พิเศษ,ในเมือง,สำนักงานคณะกรรมการการศึกษาขั้นพื้นฐาน,สพป.เชียงใหม่ เขต 1,288,52.66,27.68,38.19,48.59,42.82,28.93,35.76,47.93,40.40,38.14
2566,323,อนุบาลบ้านท่อเมืองลัง,เมืองเชียงใหม่,กลาง,ในเมือง,สำนักงานคณะกรรมการการศึกษาขั้นพื้นฐาน,สพป.เชียงใหม่ เขต 1,26,30.17,22.82,38.46,48.65,29.43,20.54,19.23,39.41,18.88,30.91
2566,324,อนุบาลหนองป่าครั่ง,เมืองเชียงใหม่,เล็ก,ในเมือง,กรมส่งเสริมการปกครองท้องถิ่น,ท้องถิ่นจังหวัดเชียงใหม่,15,34.55,21.30,26.67,44.22,35.45,27.20,20.00,40.00,19.08,23.37
2566,325,ชุมชนตำบลท่าผา,แม่แจ่ม,เล็ก,นอกเมือง,สำนักงานคณะกรรมการการศึกษาขั้นพื้นฐาน,สพป.เชียงใหม่ เขต 6,16,37.73,28.53,18.75,39.03,39.48,25.48,25.00,43.30,33.94,28.96
2566,326,ชุมชนบ้านช่างเคิ่ง,แม่แจ่ม,กลาง,นอกเมือง,สำนักงานคณะกรรมการการศึกษาขั้นพื้นฐาน,สพป.เชียงใหม่ เขต 6,19,28.21,24.95,21.05,40.77,25.82,20.19,10.53,30.69,28.10,28.96
2566,327,ชุมชนบ้านพร้าวหนุ่ม,แม่แจ่ม,เล็ก,นอกเมือง,สำนักงานคณะกรรมการการศึกษาขั้นพื้นฐาน,สพป.เชียงใหม่ เขต 6,32,55.09,23.60,21.88,41.34,35.68,21.87,28.13,44.96,35.72,33.57
2566,328,เซนต์โยเซฟแม่แจ่ม,แม่แจ่ม,กลาง,นอกเมือง,สำนักงานคณะกรรมการส่งเสริมการศึกษาเอกชน,-,54,22.76,16.93,37.04,48.29,27.29,20.19,18.52,38.84,75.18,23.93
2566,329,ตำรวจตระเวนชายแดนบางกอก เชฟ แชร์ริตี้ บ้านแม่ขอ,แม่แจ่ม,เล็ก,นอกเมือง,กองบัญชาการตำรวจตระเวนชายแดน,-,12,12.11,9.61,16.67,37.27,19.62,19.62,25.00,43.30,23.85,23.85
2566,330,บ้านกองแขก,แม่แจ่ม,เล็ก,นอกเมือง,สำนักงานคณะกรรมการการศึกษาขั้นพื้นฐาน,สพป.เชียงใหม่ เขต 6,15,27.99,12.46,13.33,33.99,20.93,15.14,13.33,33.99,19.08,23.37
2566,331,บ้านกองแขก สาขาบ้านแม่หลุ,แม่แจ่ม,เล็ก,นอกเมือง,สำนักงานคณะกรรมการการศึกษาขั้นพื้นฐาน,สพป.เชียงใหม่ เขต 6,7,18.68,18.54,42.86,49.49,39.25,20.98,42.86,49.49,13.63,21.55
2566,332,บ้านขุนแม่นาย,แม่แจ่ม,เล็ก,นอกเมือง,สำนักงานคณะกรรมการการศึกษาขั้นพื้นฐาน,สพป.เชียงใหม่ เขต 6,8,26.24,7.82,37.50,48.41,31.89,9.50,37.50,48.41,29.82,23.10
2566,333,บ้านขุนแม่หยอด,แม่แจ่ม,เล็ก,นอกเมือง,สำนักงานคณะกรรมการการศึกษาขั้นพื้นฐาน,สพป.เชียงใหม่ เขต 6,5,22.61,16.47,0.00,0.00,31.40,9.61,20.00,40.00,9.54,19.08
2566,334,บ้านต่อเรือ,แม่แจ่ม,เล็ก,นอกเมือง,สำนักงานคณะกรรมการการศึกษาขั้นพื้นฐาน,สพป.เชียงใหม่ เขต 6,1,17.70,0.00,100.00,0.00,39.25,0.00,100.00,0.00,47.71,0.00
2566,335,บ้านทัพ,แม่แจ่ม,เล็ก,นอกเมือง,สำนักงานคณะกรรมการการศึกษาขั้นพื้นฐาน,สพป.เชียงใหม่ เขต 6,9,17.94,14.13,44.44,49.69,21.80,23.48,22.22,41.57,16.41,23.24
2566,336,บ้านทุ่งแก,แม่แจ่ม,เล็ก,นอกเมือง,สำนักงานคณะกรรมการการศึกษาขั้นพื้นฐาน,สพป.เชียงใหม่ เขต 6,7,18.46,10.32,28.57,45.18,19.62,10.49,28.57,45.18,20.45,23.61
2566,337,บ้านทุ่งแก สาขาแม่แอบ,แม่แจ่ม,เล็ก,นอกเมือง,สำนักงานคณะกรรมการการศึกษาขั้นพื้นฐาน,สพป.เชียงใหม่ เขต 6,14,20.76,12.84,21.43,41.03,19.62,16.58,14.29,34.99,24.18,30.70
2566,338,บ้านทุ่งยาว,แม่แจ่ม,เล็ก,นอกเมือง,สำนักงานคณะกรรมการการศึกษาขั้นพื้นฐาน,สพป.เชียงใหม่ เขต 6,18,27.09,18.14,22.22,41.57,28.34,18.76,22.22,41.57,27.01,29.37
2566,339,บ้านนากลาง,แม่แจ่ม,เล็ก,นอกเมือง,สำนักงานคณะกรรมการการศึกษาขั้นพื้นฐาน,สพป.เชียงใหม่ เขต 6,11,23.49,14.38,45.45,49.79,21.41,15.55,27.27,44.54,8.67,18.40
2566,340,บ้านนากลาง สาขาห้วยผักกูด,แม่แจ่ม,เล็ก,นอกเมือง,สำนักงานคณะกรรมการการศึกษาขั้นพื้นฐาน,สพป.เชียงใหม่ เขต 6,12,32.56,18.99,33.33,47.14,24.53,18.14,8.33,27.64,28.59,24.22
2566,341,บ้านนาฮ่อง,แม่แจ่ม,เล็ก,นอกเมือง,สำนักงานคณะกรรมการการศึกษาขั้นพื้นฐาน,สพป.เชียงใหม่ เขต 6,22,23.49,19.31,27.27,44.54,25.87,14.95,13.64,34.32,20.35,28.76
2566,342,บ้านเนินวิทยา,แม่แจ่ม,เล็ก,นอกเมือง,สำนักงานคณะกรรมการการศึกษาขั้นพื้นฐาน,สพป.เชียงใหม่ เขต 6,16,22.20,13.84,43.75,49.61,26.98,13.66,6.25,24.21,15.19,22.56
2566,343,บ้านปางเกี๊ยะ,แม่แจ่ม,กลาง,นอกเมือง,สำนักงานคณะกรรมการการศึกษาขั้นพื้นฐาน,สพป.เชียงใหม่ เขต 6,25,29.13,16.61,28.00,44.90,23.55,15.70,8.00,27.13,19.45,27.72
2566,344,บ้านปางหินฝน,แม่แจ่ม,เล็ก,นอกเมือง,สำนักงานคณะกรรมการการศึกษาขั้นพื้นฐาน,สพป.เชียงใหม่ เขต 6,12,34.99,14.49,33.33,47.14,26.16,12.24,33.33,47.14,36.93,29.56
2566,345,บ้านปางอุ๋ง,แม่แจ่ม,กลาง,นอกเมือง,สำนักงานคณะกรรมการการศึกษาขั้นพื้นฐาน,สพป.เชียงใหม่ เขต 6,18,26.92,14.24,38.89,48.75,23.98,15.42,5.56,22.91,5.30,14.99
2566,346,บ้านปางอุ๋ง สาขาแม่สะต๊อป,แม่แจ่ม,เล็ก,นอกเมือง,สำนักงานคณะกรรมการการศึกษาขั้นพื้นฐาน,สพป.เชียงใหม่ เขต 6,18,23.41,19.01,50.00,50.00,21.91,19.81,33.33,47.14,7.95,17.78
2566,347,บ้านแปะสามัคคี,แม่แจ่ม,เล็ก,นอกเมือง,สำนักงานคณะกรรมการการศึกษาขั้นพื้นฐาน,สพป.เชียงใหม่ เขต 6,7,32.30,8.63,0.00,0.00,33.64,17.28,28.57,45.18,63.30,23.26
2566,348,บ้านผานัง,แม่แจ่ม,เล็ก,นอกเมือง,สำนักงานคณะกรรมการการศึกษาขั้นพื้นฐาน,สพป.เชียงใหม่ เขต 6,4,12.11,6.99,25.00,43.30,10.28,17.81,0.00,0.00,23.85,23.85
2566,349,บ้านผาละปิ,แม่แจ่ม,เล็ก,นอกเมือง,สำนักงานคณะกรรมการการศึกษาขั้นพื้นฐาน,สพป.เชียงใหม่ เขต 6,13,22.36,11.92,46.15,49.85,21.13,23.67,15.38,36.08,18.70,23.68
2566,350,บ้านพุย สาขาพุยใต้,แม่แจ่ม,เล็ก,นอกเมือง,สำนักงานคณะกรรมการการศึกษาขั้นพื้นฐาน,สพป.เชียงใหม่ เขต 6,2,8.07,8.07,0.00,0.00,50.00,10.75,50.00,50.00,50.00,50.00
2566,351,บ้านแม่ซา,แม่แจ่ม,เล็ก,นอกเมือง,สำนักงานคณะกรรมการการศึกษาขั้นพื้นฐาน,สพป.เชียงใหม่ เขต 6,13,21.12,11.65,38.46,48.65,21.13,14.32,15.38,36.08,14.68,22.02
2566,352,บ้านแม่ตูม,แม่แจ่ม,เล็ก,นอกเมือง,สำนักงานคณะกรรมการการศึกษาขั้นพื้นฐาน,สพป.เชียงใหม่ เขต 6,6,16.15,13.19,50.00,50.00,26.16,14.63,50.00,50.00,23.85,23.85
2566,353,บ้านแม่นาจร,แม่แจ่ม,กลาง,นอกเมือง,สำนักงานคณะกรรมการการศึกษาขั้นพื้นฐาน,สพป.เชียงใหม่ เขต 6,14,31.14,14.27,50.00,50.00,25.23,18.80,21.43,41.03,17.04,22.86
2566,354,บ้านแม่ปาน,แม่แจ่ม,เล็ก,นอกเมือง,สำนักงานคณะกรรมการการศึกษาขั้นพื้นฐาน,สพป.เชียงใหม่ เขต 6,21,30.07,19.68,47.62,49.94,33.91,21.35,4.76,21.30,29.97,28.14
2566,355,บ้านแม่มะลอ,แม่แจ่ม,เล็ก,นอกเมือง,สำนักงานคณะกรรมการการศึกษาขั้นพื้นฐาน,สพป.เชียงใหม่ เขต 6,11,24.96,17.37,45.45,49.79,14.27,8.74,36.36,48.10,17.35,22.95
2566,356,บ้านแม่มุ,แม่แจ่ม,เล็ก,นอกเมือง,สำนักงานคณะกรรมการการศึกษาขั้นพื้นฐาน,สพป.เชียงใหม่ เขต 6,12,18.84,15.92,25.00,43.30,27.80,20.36,16.67,37.27,52.45,24.96
2566,357,บ้านแม่ลอง,แม่แจ่ม,เล็ก,นอกเมือง,กองบัญชาการตำรวจตระเวนชายแดน,-,16,25.23,12.73,31.25,46.35,20.85,16.22,6.25,24.21,2.98,11.55
2566,358,บ้านแม่วาก,แม่แจ่ม,เล็ก,นอกเมือง,สำนักงานคณะกรรมการการศึกษาขั้นพื้นฐาน,สพป.เชียงใหม่ เขต 6,6,18.84,14.49,33.33,47.14,9.81,14.99,16.67,37.27,0.00,0.00
2566,359,บ้านแม่ศึก (มูลนิธิธรรมมาภิรักษ์อุปถัมภ์ที่ 2),แม่แจ่ม,เล็ก,นอกเมือง,สำนักงานคณะกรรมการการศึกษาขั้นพื้นฐาน,สพป.เชียงใหม่ เขต 6,3,16.15,13.19,0.00,0.00,32.70,9.25,0.00,0.00,15.90,22.49
2566,360,บ้านแม่หงานหลวง,แม่แจ่ม,เล็ก,นอกเมือง,สำนักงานคณะกรรมการการศึกษาขั้นพื้นฐาน,สพป.เชียงใหม่ เขต 6,13,17.39,14.80,38.46,48.65,22.64,20.14,30.77,46.15,25.69,23.78
2566,361,บ้านแม่หอย,แม่แจ่ม,เล็ก,นอกเมือง,สำนักงานคณะกรรมการการศึกษาขั้นพื้นฐาน,สพป.เชียงใหม่ เขต 6,6,29.61,19.59,50.00,50.00,19.62,16.02,50.00,50.00,7.95,17.78
2566,362,บ้านแม่เอาะ,แม่แจ่ม,เล็ก,นอกเมือง,สำนักงานคณะกรรมการการศึกษาขั้นพื้นฐาน,สพป.เชียงใหม่ เขต 6,17,18.05,13.43,29.41,45.56,19.84,19.27,35.29,47.79,16.84,22.80
2566,363,บ้านแม่แฮใต้,แม่แจ่ม,เล็ก,นอกเมือง,สำนักงานคณะกรรมการการศึกษาขั้นพื้นฐาน,สพป.เชียงใหม่ เขต 6,11,32.30,15.40,27.27,44.54,19.62,14.49,45.45,49.79,30.36,22.95
2566,364,บ้านแม่แฮเหนือ,แม่แจ่ม,กลาง,นอกเมือง,สำนักงานคณะกรรมการการศึกษาขั้นพื้นฐาน,สพป.เชียงใหม่ เขต 6,49,28.50,19.67,32.65,46.89,24.47,21.93,12.24,32.78,28.20,33.29
2566,365,บ้านแม่แฮเหนือ สาขาแม่แจ๊ะ,แม่แจ่ม,เล็ก,นอกเมือง,สำนักงานคณะกรรมการการศึกษาขั้นพื้นฐาน,สพป.เชียงใหม่ เขต 6,12,61.72,25.82,16.67,37.27,67.83,19.21,16.67,37.27,45.64,24.70
2566,366,บ้านโม่งหลวง,แม่แจ่ม,เล็ก,นอกเมือง,สำนักงานคณะกรรมการการศึกษาขั้นพื้นฐาน,สพป.เชียงใหม่ เขต 6,12,17.49,12.26,25.00,43.30,26.16,20.16,25.00,43.30,3.98,13.19
2566,367,บ้านโม่งหลวง สาขาบ้านแม่อมลานใน,แม่แจ่ม,เล็ก,นอกเมือง,สำนักงานคณะกรรมการการศึกษาขั้นพื้นฐาน,สพป.เชียงใหม่ เขต 6,3,10.77,15.23,33.33,47.14,19.62,0.00,0.00,0.00,0.00,0.00
2566,368,บ้านสบแม่รวม,แม่แจ่ม,เล็ก,นอกเมือง,สำนักงานคณะกรรมการการศึกษาขั้นพื้นฐาน,สพป.เชียงใหม่ เขต 6,8,28.45,15.89,37.50,48.41,29.43,16.99,25.00,43.30,17.89,23.10
2566,369,บ้านสบวาก,แม่แจ่ม,เล็ก,นอกเมือง,สำนักงานคณะกรรมการการศึกษาขั้นพื้นฐาน,สพป.เชียงใหม่ เขต 6,6,29.61,14.49,66.67,47.14,32.70,9.25,33.33,47.14,15.90,22.49
2566,370,บ้านสองธาร,แม่แจ่ม,เล็ก,นอกเมือง,สำนักงานคณะกรรมการการศึกษาขั้นพื้นฐาน,สพป.เชียงใหม่ เขต 6,7,18.46,13.45,28.57,45.18,28.03,17.73,14.29,34.99,34.08,21.55
2566,371,บ้านสามสบ,แม่แจ่ม,เล็ก,นอกเมือง,สำนักงานคณะกรรมการการศึกษาขั้นพื้นฐาน,สพป.เชียงใหม่ เขต 6,3,16.15,0.00,0.00,0.00,32.70,9.25,33.33,47.14,31.80,22.49
2566,372,บ้านห้วยผา,แม่แจ่ม,เล็ก,นอกเมือง,สำนักงานคณะกรรมการการศึกษาขั้นพื้นฐาน,สพป.เชียงใหม่ เขต 6,3,21.53,15.23,0.00,0.00,26.16,9.25,33.33,47.14,15.90,22.49
2566,373,บ้านใหม่พัฒนาสันติ,แม่แจ่ม,เล็ก,นอกเมือง,กองบัญชาการตำรวจตระเวนชายแดน,-,3,10.77,7.61,33.33,47.14,19.62,16.02,0.00,0.00,0.00,0.00
2566,374,บ้านอมเม็ง,แม่แจ่ม,เล็ก,นอกเมือง,สำนักงานคณะกรรมการการศึกษาขั้นพื้นฐาน,สพป.เชียงใหม่ เขต 6,7,23.07,14.59,14.29,34.99,19.62,10.49,28.57,45.18,20.45,23.61
2566,375,บ้านเฮาะวิทยา,แม่แจ่ม,เล็ก,นอกเมือง,สำนักงานคณะกรรมการการศึกษาขั้นพื้นฐาน,สพป.เชียงใหม่ เขต 6,7,34.83,25.47,28.57,45.18,25.23,20.21,28.57,45.18,20.45,23.61
2566,376,เมืองเด็กวิทยา,แม่แจ่ม,เล็ก,นอกเมือง,สำนักงานคณะกรรมการส่งเสริมการศึกษาเอกชน,-,15,48.10,27.47,33.33,47.14,45.91,23.69,33.33,47.14,29.85,39.94
2566,377,ราชประชานุเคราะห์ 31,แม่แจ่ม,กลาง,นอกเมือง,สำนักบริหารงานการศึกษาพิเศษ,-,33,24.56,16.64,27.27,44.54,28.54,22.19,15.15,35.86,14.46,21.92
2566,378,ศูนย์การเรียนตำรวจตระเวนชายแดนบ้านแม่มุใน บริษัทซีเค พาวเวอร์ จำกัด (มหาชน) อุปถัมภ์,แม่แจ่ม,เล็ก,นอกเมือง,กองบัญชาการตำรวจตระเวนชายแดน,-,5,22.61,7.91,20.00,40.00,27.47,15.70,0.00,0.00,20.00,40.00
2566,379,ศูนย์การเรียนตำรวจตระเวนชายแดนสนั่น-เฉลิมเกตุ นภาศัพท์,แม่แจ่ม,เล็ก,นอกเมือง,กองบัญชาการตำรวจตระเวนชายแดน,-,14,19.61,12.48,42.86,49.49,25.23,18.80,7.14,25.75,17.04,22.86
2566,380,หลวงพัฒนาบ้านพุย,แม่แจ่ม,เล็ก,นอกเมือง,สำนักงานคณะกรรมการการศึกษาขั้นพื้นฐาน,สพป.เชียงใหม่ เขต 6,13,22.36,17.39,30.77,46.15,18.26,18.32,15.38,36.08,11.36,28.55
2566,381,ออป.13,แม่แจ่ม,เล็ก,นอกเมือง,สำนักงานคณะกรรมการการศึกษาขั้นพื้นฐาน,สพป.เชียงใหม่ เขต 6,15,33.37,13.79,26.67,44.22,32.70,15.48,33.33,47.14,15.90,22.49
2566,382,อินทนนท์วิทยา,แม่แจ่ม,เล็ก,นอกเมือง,สำนักงานคณะกรรมการการศึกษาขั้นพื้นฐาน,สพป.เชียงใหม่ เขต 6,6,24.22,12.33,33.33,47.14,22.89,17.61,33.33,47.14,23.85,23.85
2566,383,ชุมชนวัดช่อแล,แม่แตง,เล็ก,นอกเมือง,สำนักงานคณะกรรมการการศึกษาขั้นพื้นฐาน,สพป.เชียงใหม่ เขต 2,21,30.07,16.68,42.86,49.49,29.90,19.73,38.10,48.56,18.17,23.17
2566,384,เชียงใหม่มัธยม,แม่แตง,ใหญ่,นอกเมือง,สำนักงานคณะกรรมการส่งเสริมการศึกษาเอกชน,-,1,32.30,0.00,100.00,0.00,19.62,0.00,0.00,0.00,47.71,0.00
2566,385,ตชด.ไลออนส์มหาจักร 9,แม่แตง,เล็ก,นอกเมือง,กองบัญชาการตำรวจตระเวนชายแดน,-,10,16.30,10.47,20.00,40.00,13.74,15.33,30.00,45.83,10.00,20.03
2566,386,เทศบาลตำบลสันมหาพน,แม่แตง,กลาง,นอกเมือง,กรมส่งเสริมการปกครองท้องถิ่น,ท้องถิ่นจังหวัดเชียงใหม่,32,18.72,12.89,34.38,47.50,29.55,18.49,9.38,29.15,23.85,23.85
2566,387,บ้านก๋ายน้อย,แม่แตง,เล็ก,นอกเมือง,สำนักงานคณะกรรมการการศึกษาขั้นพื้นฐาน,สพป.เชียงใหม่ เขต 2,3,26.92,7.61,33.33,47.14,13.08,9.25,0.00,0.00,0.00,0.00
2566,388,บ้านทับเดื่อ,แม่แตง,เล็ก,นอกเมือง,สำนักงานคณะกรรมการการศึกษาขั้นพื้นฐาน,สพป.เชียงใหม่ เขต 2,10,12.92,14.08,60.00,48.99,19.62,17.55,10.00,30.00,14.77,22.59
2566,389,บ้านบวกหมื้อ,แม่แตง,เล็ก,นอกเมือง,สำนักงานคณะกรรมการการศึกษาขั้นพื้นฐาน,สพป.เชียงใหม่ เขต 2,10,27.45,19.18,50.00,50.00,11.77,17.98,50.00,50.00,4.77,14.31
2566,390,บ้านปง,แม่แตง,เล็ก,นอกเมือง,สำนักงานคณะกรรมการการศึกษาขั้นพื้นฐาน,สพป.เชียงใหม่ เขต 2,11,29.50,18.26,36.36,48.10,34.07,17.18,0.00,0.00,31.19,38.29
2566,391,บ้านปลาดาว,แม่แตง,เล็ก,นอกเมือง,สำนักงานคณะกรรมการส่งเสริมการศึกษาเอกชน,-,7,36.91,16.64,28.57,45.18,33.64,20.21,0.00,0.00,36.04,35.16
2566,392,บ้านปางกว้าง,แม่แตง,เล็ก,นอกเมือง,สำนักงานคณะกรรมการการศึกษาขั้นพื้นฐาน,สพป.เชียงใหม่ เขต 2,6,40.37,18.06,50.00,50.00,29.43,18.79,16.67,37.27,32.57,23.09
2566,393,บ้านปางไม้แดง,แม่แตง,เล็ก,นอกเมือง,สำนักงานคณะกรรมการการศึกษาขั้นพื้นฐาน,สพป.เชียงใหม่ เขต 2,9,32.47,21.79,44.44,49.69,30.52,22.87,0.00,0.00,21.71,33.84
2566,394,บ้านปางห้วยตาด,แม่แตง,เล็ก,นอกเมือง,สำนักงานคณะกรรมการการศึกษาขั้นพื้นฐาน,สพป.เชียงใหม่ เขต 2,13,26.09,13.49,38.46,48.65,19.62,13.33,7.69,26.65,18.35,23.21
2566,395,บ้านปางฮ่าง,แม่แตง,เล็ก,นอกเมือง,สำนักงานคณะกรรมการการศึกษาขั้นพื้นฐาน,สพป.เชียงใหม่ เขต 2,4,48.45,19.78,25.00,43.30,24.53,8.50,0.00,0.00,0.00,0.00
2566,396,บ้านเป้าวิทยาคาร,แม่แตง,เล็ก,นอกเมือง,สำนักงานคณะกรรมการการศึกษาขั้นพื้นฐาน,สพป.เชียงใหม่ เขต 2,12,28.26,16.32,33.33,47.14,21.26,16.91,58.33,49.30,19.88,23.52
2566,397,บ้านผาหมอน,แม่แตง,เล็ก,นอกเมือง,สำนักงานคณะกรรมการการศึกษาขั้นพื้นฐาน,สพป.เชียงใหม่ เขต 2,4,24.22,18.06,25.00,43.30,14.72,8.50,25.00,43.30,11.93,20.66
2566,398,บ้านผึ้ง,แม่แตง,เล็ก,นอกเมือง,สำนักงานคณะกรรมการการศึกษาขั้นพื้นฐาน,สพป.เชียงใหม่ เขต 2,12,34.99,15.92,25.00,43.30,31.23,25.96,25.00,43.30,20.26,31.49
2566,399,บ้านเมืองกื้ด,แม่แตง,เล็ก,นอกเมือง,สำนักงานคณะกรรมการการศึกษาขั้นพื้นฐาน,สพป.เชียงใหม่ เขต 2,29,22.94,19.95,34.48,47.53,22.33,19.09,6.90,25.34,10.19,19.97
2566,400,บ้านแม่ไคร้,แม่แตง,เล็ก,นอกเมือง,สำนักงานคณะกรรมการการศึกษาขั้นพื้นฐาน,สพป.เชียงใหม่ เขต 2,8,28.26,15.64,50.00,50.00,19.62,16.99,25.00,43.30,23.85,23.85
2566,401,บ้านแม่ตะมาน,แม่แตง,เล็ก,นอกเมือง,สำนักงานคณะกรรมการการศึกษาขั้นพื้นฐาน,สพป.เชียงใหม่ เขต 2,17,31.35,17.92,23.53,42.42,27.70,19.11,17.65,38.12,28.87,29.66
2566,402,บ้านแม่แมม,แม่แตง,เล็ก,นอกเมือง,สำนักงานคณะกรรมการการศึกษาขั้นพื้นฐาน,สพป.เชียงใหม่ เขต 2,3,10.77,7.61,33.33,47.14,19.62,16.02,0.00,0.00,15.90,22.49
2566,403,บ้านแม่เลา,แม่แตง,เล็ก,นอกเมือง,สำนักงานคณะกรรมการการศึกษาขั้นพื้นฐาน,สพป.เชียงใหม่ เขต 2,1,32.30,0.00,0.00,0.00,0.00,0.00,0.00,0.00,0.00,0.00
2566,404,บ้านแม่แสะ,แม่แตง,เล็ก,นอกเมือง,สำนักงานคณะกรรมการการศึกษาขั้นพื้นฐาน,สพป.เชียงใหม่ เขต 2,6,29.61,17.23,16.67,37.27,26.79,25.07,33.33,47.14,40.52,34.10
2566,405,ป่าจี้วังแดงวิทยา,แม่แตง,เล็ก,นอกเมือง,สำนักงานคณะกรรมการการศึกษาขั้นพื้นฐาน,สพป.เชียงใหม่ เขต 2,21,23.84,16.24,23.81,42.59,44.10,22.12,19.05,39.27,26.08,29.30
2566,406,ป่าแป๋วิทยา,แม่แตง,เล็ก,นอกเมือง,สำนักงานคณะกรรมการการศึกษาขั้นพื้นฐาน,สพป.เชียงใหม่ เขต 2,11,41.53,27.70,27.27,44.54,39.42,17.14,27.27,44.54,27.27,39.11
2566,407,ภูดินวิทยา,แม่แตง,เล็ก,นอกเมือง,สำนักงานคณะกรรมการการศึกษาขั้นพื้นฐาน,สพป.เชียงใหม่ เขต 2,1,16.15,0.00,100.00,0.00,0.00,0.00,0.00,0.00,100.00,0.00
2566,408,เมฆขจรเชียงใหม่,แม่แตง,เล็ก,นอกเมือง,สำนักงานคณะกรรมการส่งเสริมการศึกษาเอกชน,-,24,31.08,18.84,16.67,37.27,23.71,20.41,8.33,27.64,26.41,28.29
2566,409,ร่ำเปิงวิทยา,แม่แตง,กลาง,นอกเมือง,สำนักงานคณะกรรมการการศึกษาขั้นพื้นฐาน,สพป.เชียงใหม่ เขต 2,34,25.31,15.97,29.41,45.56,31.74,19.05,32.35,46.78,22.99,27.26
2566,410,วัดท่าข้าม,แม่แตง,เล็ก,นอกเมือง,สำนักงานคณะกรรมการการศึกษาขั้นพื้นฐาน,สพป.เชียงใหม่ เขต 2,10,34.22,25.04,50.00,50.00,37.28,13.74,30.00,45.83,38.62,19.36
2566,411,วัดทุ่งหลวง,แม่แตง,เล็ก,นอกเมือง,สำนักงานคณะกรรมการการศึกษาขั้นพื้นฐาน,สพป.เชียงใหม่ เขต 2,15,55.84,21.29,26.67,44.22,33.21,29.00,26.67,44.22,45.75,38.52
2566,412,วัดนาเม็ง,แม่แตง,เล็ก,นอกเมือง,สำนักงานคณะกรรมการการศึกษาขั้นพื้นฐาน,สพป.เชียงใหม่ เขต 2,8,24.22,22.84,25.00,43.30,34.34,12.98,12.50,33.07,11.93,20.66
2566,413,วัดบ้านเหล่า,แม่แตง,เล็ก,นอกเมือง,สำนักงานคณะกรรมการการศึกษาขั้นพื้นฐาน,สพป.เชียงใหม่ เขต 2,16,19.18,18.25,37.50,48.41,24.53,12.98,12.50,33.07,14.91,22.11
2566,414,วัดปางมะกล้วย,แม่แตง,เล็ก,นอกเมือง,สำนักงานคณะกรรมการการศึกษาขั้นพื้นฐาน,สพป.เชียงใหม่ เขต 2,4,28.26,13.39,0.00,0.00,39.25,13.88,0.00,0.00,11.93,20.66
2566,415,วัดแม่กะ,แม่แตง,เล็ก,นอกเมือง,สำนักงานคณะกรรมการการศึกษาขั้นพื้นฐาน,สพป.เชียงใหม่ เขต 2,10,55.68,20.04,40.00,48.99,35.32,24.51,20.00,40.00,40.00,43.60
2566,416,วัดหนองออน,แม่แตง,เล็ก,นอกเมือง,สำนักงานคณะกรรมการการศึกษาขั้นพื้นฐาน,สพป.เชียงใหม่ เขต 2,5,25.84,16.47,40.00,48.99,27.47,9.61,20.00,40.00,9.54,19.08
2566,417,วัดห้วยไร่,แม่แตง,เล็ก,นอกเมือง,สำนักงานคณะกรรมการการศึกษาขั้นพื้นฐาน,สพป.เชียงใหม่ เขต 2,11,32.58,16.00,18.18,38.57,19.62,18.71,18.18,38.57,26.02,23.75
2566,418,สบเปิงวิทยา,แม่แตง,กลาง,นอกเมือง,สำนักงานคณะกรรมการการศึกษาขั้นพื้นฐาน,สพป.เชียงใหม่ เขต 2,13,35.26,29.55,30.77,46.15,36.52,33.87,38.46,48.65,30.06,30.84
2566,419,สันป่ายางวิทยาคาร,แม่แตง,เล็ก,นอกเมือง,สำนักงานคณะกรรมการการศึกษาขั้นพื้นฐาน,สพป.เชียงใหม่ เขต 2,14,23.07,10.06,21.43,41.03,30.84,21.89,28.57,45.18,13.63,21.55
2566,420,สันป่าสักวิทยา,แม่แตง,กลาง,นอกเมือง,สำนักงานคณะกรรมการการศึกษาขั้นพื้นฐาน,สพป.เชียงใหม่ เขต 2,86,33.96,20.68,20.93,40.68,27.47,18.55,11.63,32.06,26.00,29.66
2566,421,สันมหาพนวิทยา,แม่แตง,เล็ก,นอกเมือง,สำนักงานคณะกรรมการการศึกษาขั้นพื้นฐาน,สพป.เชียงใหม่ เขต 2,26,21.74,12.62,38.46,48.65,18.11,17.99,26.92,44.36,22.19,23.99
2566,422,อนุบาลสานสายใยรักเทศบาลเมืองเมืองแกนพัฒนา,แม่แตง,กลาง,นอกเมือง,กรมส่งเสริมการปกครองท้องถิ่น,ท้องถิ่นจังหวัดเชียงใหม่,22,27.89,18.97,22.73,41.91,33.98,23.22,18.18,38.57,18.18,32.16
2566,423,เจ้าพ่อหลวงอุปถัมภ์ 7,แม่ริม,เล็ก,นอกเมือง,สำนักงานคณะกรรมการการศึกษาขั้นพื้นฐาน,สพป.เชียงใหม่ เขต 2,11,41.81,26.91,45.45,49.79,42.81,23.40,63.64,48.10,22.52,24.71
2566,424,เจ้าแม่หลวงอุปถัมภ์ 2,แม่ริม,เล็ก,นอกเมือง,สำนักงานคณะกรรมการการศึกษาขั้นพื้นฐาน,สพป.เชียงใหม่ เขต 2,17,33.34,11.84,17.65,38.12,30.01,15.23,47.06,49.91,16.84,22.80
2566,425,ดอนแก้วเนรมิตปัญญา,แม่ริม,กลาง,นอกเมือง,กรมส่งเสริมการปกครองท้องถิ่น,ท้องถิ่นจังหวัดเชียงใหม่,47,33.15,21.80,27.66,44.73,30.48,23.54,10.64,30.83,21.80,30.15
2566,426,ธีระวัธน์บำเพ็ญ,แม่ริม,กลาง,นอกเมือง,สำนักงานคณะกรรมการส่งเสริมการศึกษาเอกชน,-,72,41.46,27.35,25.00,43.30,34.72,25.77,18.06,38.46,31.69,35.55
2566,427,บ้านกองแหะ,แม่ริม,เล็ก,นอกเมือง,สำนักงานคณะกรรมการการศึกษาขั้นพื้นฐาน,สพป.เชียงใหม่ เขต 2,3,21.53,20.14,33.33,47.14,39.25,32.04,0.00,0.00,0.00,0.00
2566,428,บ้านกาดฮาว,แม่ริม,เล็ก,นอกเมือง,สำนักงานคณะกรรมการการศึกษาขั้นพื้นฐาน,สพป.เชียงใหม่ เขต 2,8,22.20,16.02,50.00,50.00,22.08,15.32,12.50,33.07,23.85,23.85
2566,429,บ้านคุณหมอ,แม่ริม,กลาง,นอกเมือง,สำนักงานคณะกรรมการส่งเสริมการศึกษาเอกชน,-,23,32.37,23.47,43.48,49.57,35.91,21.62,8.70,28.18,29.84,35.01
2566,430,บ้านดอนแก้ว,แม่ริม,กลาง,นอกเมือง,กรมส่งเสริมการปกครองท้องถิ่น,ท้องถิ่นจังหวัดเชียงใหม่,14,45.32,23.59,28.57,45.18,30.84,23.12,28.57,45.18,14.29,34.99
2566,431,บ้านต้นผึ้ง,แม่ริม,เล็ก,นอกเมือง,สำนักงานคณะกรรมการการศึกษาขั้นพื้นฐาน,สพป.เชียงใหม่ เขต 2,18,30.68,25.07,33.33,47.14,32.70,19.62,0.00,0.00,13.25,21.37
2566,432,บ้านทุ่งโป่ง,แม่ริม,กลาง,นอกเมือง,สำนักงานคณะกรรมการการศึกษาขั้นพื้นฐาน,สพป.เชียงใหม่ เขต 2,14,25.49,22.88,42.86,49.49,22.43,19.42,28.57,45.18,24.18,24.21
2566,433,บ้านน้ำริน,แม่ริม,เล็ก,นอกเมือง,สำนักงานคณะกรรมการการศึกษาขั้นพื้นฐาน,สพป.เชียงใหม่ เขต 2,6,37.94,12.62,33.33,47.14,55.60,23.81,16.67,37.27,32.57,36.94
2566,434,บ้านบวกจั่น,แม่ริม,เล็ก,นอกเมือง,สำนักงานคณะกรรมการการศึกษาขั้นพื้นฐาน,สพป.เชียงใหม่ เขต 2,7,25.60,14.71,28.57,45.18,28.03,14.29,0.00,0.00,42.86,41.67
2566,435,บ้านปางไฮ,แม่ริม,กลาง,นอกเมือง,สำนักงานคณะกรรมการการศึกษาขั้นพื้นฐาน,สพป.เชียงใหม่ เขต 2,10,48.76,16.16,30.00,45.83,35.70,21.39,20.00,40.00,29.08,32.63
2566,436,บ้านป่าติ้ว,แม่ริม,เล็ก,นอกเมือง,สำนักงานคณะกรรมการการศึกษาขั้นพื้นฐาน,สพป.เชียงใหม่ เขต 2,21,28.53,20.01,23.81,42.59,28.03,17.73,19.05,39.27,24.99,23.83
2566,437,บ้านโป่งแยงนอก,แม่ริม,เล็ก,นอกเมือง,สำนักงานคณะกรรมการการศึกษาขั้นพื้นฐาน,สพป.เชียงใหม่ เขต 2,13,38.87,29.24,38.46,48.65,33.21,19.45,15.38,36.08,27.10,31.88
2566,438,บ้านโป่งแยงใน,แม่ริม,เล็ก,นอกเมือง,สำนักงานคณะกรรมการการศึกษาขั้นพื้นฐาน,สพป.เชียงใหม่ เขต 2,20,28.42,16.17,20.00,40.00,24.53,18.49,30.00,45.83,19.54,23.97
2566,439,บ้านพระนอน,แม่ริม,เล็ก,นอกเมือง,สำนักงานคณะกรรมการการศึกษาขั้นพื้นฐาน,สพป.เชียงใหม่ เขต 2,18,24.22,18.84,22.22,41.57,32.70,17.31,16.67,37.27,21.46,24.01
2566,440,บ้านเมืองก๊ะ,แม่ริม,เล็ก,นอกเมือง,สำนักงานคณะกรรมการการศึกษาขั้นพื้นฐาน,สพป.เชียงใหม่ เขต 2,9,27.09,18.85,22.22,41.57,28.34,13.44,0.00,0.00,5.30,14.99
2566,441,บ้านแม่สา,แม่ริม,กลาง,นอกเมือง,สำนักงานคณะกรรมการการศึกษาขั้นพื้นฐาน,สพป.เชียงใหม่ เขต 2,15,31.22,17.16,20.00,40.00,42.24,14.21,60.00,48.99,20.00,24.54
2566,442,บ้านริมใต้,แม่ริม,กลาง,นอกเมือง,สำนักงานคณะกรรมการการศึกษาขั้นพื้นฐาน,สพป.เชียงใหม่ เขต 2,95,41.33,20.49,32.63,46.89,27.72,21.85,36.84,48.24,28.08,30.28
2566,443,บ้านศาลา,แม่ริม,กลาง,นอกเมือง,กรมส่งเสริมการปกครองท้องถิ่น,ท้องถิ่นจังหวัดเชียงใหม่,12,25.70,20.43,16.67,37.27,21.26,21.88,58.33,49.30,8.33,18.66
2566,444,บ้านสะลวงนอก,แม่ริม,เล็ก,นอกเมือง,สำนักงานคณะกรรมการการศึกษาขั้นพื้นฐาน,สพป.เชียงใหม่ เขต 2,11,26.43,17.25,18.18,38.57,32.28,17.57,27.27,44.54,17.76,23.53
2566,445,บ้านสันคะยอม,แม่ริม,เล็ก,นอกเมือง,สำนักงานคณะกรรมการการศึกษาขั้นพื้นฐาน,สพป.เชียงใหม่ เขต 2,8,28.26,13.39,0.00,0.00,24.53,21.38,0.00,0.00,11.93,20.66
2566,446,บ้านหนองปลามัน,แม่ริม,เล็ก,นอกเมือง,สำนักงานคณะกรรมการการศึกษาขั้นพื้นฐาน,สพป.เชียงใหม่ เขต 2,23,28.99,19.29,43.48,49.57,27.30,11.19,17.39,37.90,36.06,33.35
2566,447,มูลนิธิมหาราช 5,แม่ริม,เล็ก,นอกเมือง,สำนักงานคณะกรรมการการศึกษาขั้นพื้นฐาน,สพป.เชียงใหม่ เขต 2,9,19.74,10.15,55.56,49.69,26.16,13.08,22.22,41.57,27.01,24.20
2566,448,ราชประชานุเคราะห์ 60 จังหวัดเชียงใหม่,แม่ริม,กลาง,นอกเมือง,สำนักบริหารงานการศึกษาพิเศษ,-,20,29.15,18.28,45.00,49.75,25.51,18.72,0.00,0.00,19.31,28.46
2566,449,วัดทรายมูล,แม่ริม,เล็ก,นอกเมือง,สำนักงานคณะกรรมการการศึกษาขั้นพื้นฐาน,สพป.เชียงใหม่ เขต 2,24,33.36,16.32,20.83,40.61,30.33,21.29,33.33,47.14,26.61,28.45
2566,450,บ้านกาด(เขมวังส์ฯ),แม่วาง,กลาง,นอกเมือง,สำนักงานคณะกรรมการการศึกษาขั้นพื้นฐาน,สพป.เชียงใหม่ เขต 4,43,27.49,19.73,34.88,47.66,35.18,17.28,23.26,42.25,18.50,26.37
2566,451,บ้านทุ่งหลวง,แม่วาง,เล็ก,นอกเมือง,สำนักงานคณะกรรมการการศึกษาขั้นพื้นฐาน,สพป.เชียงใหม่ เขต 4,9,21.53,15.23,22.22,41.57,21.80,19.50,22.22,41.57,10.60,19.83
2566,452,บ้านพันตน,แม่วาง,เล็ก,นอกเมือง,สำนักงานคณะกรรมการการศึกษาขั้นพื้นฐาน,สพป.เชียงใหม่ เขต 4,8,28.26,15.64,25.00,43.30,26.98,16.82,25.00,43.30,36.93,32.89
2566,453,บ้านหนองเต่า,แม่วาง,เล็ก,นอกเมือง,สำนักงานคณะกรรมการการศึกษาขั้นพื้นฐาน,สพป.เชียงใหม่ เขต 4,5,32.30,10.21,40.00,48.99,27.47,9.61,0.00,0.00,19.08,23.37
2566,454,บ้านห้วยข้าวลีบ,แม่วาง,เล็ก,นอกเมือง,สำนักงานคณะกรรมการการศึกษาขั้นพื้นฐาน,สพป.เชียงใหม่ เขต 4,14,18.46,13.45,21.43,41.03,26.63,14.09,35.71,47.92,20.45,23.61
2566,455,บ้านห้วยตอง,แม่วาง,กลาง,นอกเมือง,สำนักงานคณะกรรมการการศึกษาขั้นพื้นฐาน,สพป.เชียงใหม่ เขต 4,20,24.30,16.59,15.00,35.71,27.47,20.01,15.00,35.71,12.39,21.48
2566,456,บ้านเหล่าป่าฝาง,แม่วาง,เล็ก,นอกเมือง,สำนักงานคณะกรรมการการศึกษาขั้นพื้นฐาน,สพป.เชียงใหม่ เขต 4,4,48.84,20.10,25.00,43.30,44.15,25.49,25.00,43.30,35.78,20.66
2566,457,บ้านใหม่สวรรค์,แม่วาง,เล็ก,นอกเมือง,สำนักงานคณะกรรมการการศึกษาขั้นพื้นฐาน,สพป.เชียงใหม่ เขต 4,13,41.23,23.95,7.69,26.65,33.35,27.44,23.08,42.13,27.45,32.13
2566,458,พัฒนาต้นน้ำที่ 5 ขุนวาง,แม่วาง,เล็ก,นอกเมือง,สำนักงานคณะกรรมการการศึกษาขั้นพื้นฐาน,สพป.เชียงใหม่ เขต 4,20,30.11,27.17,25.00,43.30,30.42,15.79,10.00,30.00,19.77,28.94
2566,459,แม่วินสามัคคี,แม่วาง,กลาง,นอกเมือง,สำนักงานคณะกรรมการการศึกษาขั้นพื้นฐาน,สพป.เชียงใหม่ เขต 4,28,21.40,15.64,28.57,45.18,23.83,16.04,17.86,38.30,17.20,26.67
2566,460,วัดดอนเปา,แม่วาง,เล็ก,นอกเมือง,กรมส่งเสริมการปกครองท้องถิ่น,ท้องถิ่นจังหวัดเชียงใหม่,14,31.37,20.04,21.43,41.03,32.24,24.16,14.29,34.99,6.82,16.69
2566,461,วัดทุ่งศาลา,แม่วาง,เล็ก,นอกเมือง,สำนักงานคณะกรรมการการศึกษาขั้นพื้นฐาน,สพป.เชียงใหม่ เขต 4,10,17.76,11.30,50.00,50.00,27.47,21.85,10.00,30.00,23.85,23.85
2566,462,วัดมะกับตองหลวง,แม่วาง,เล็ก,นอกเมือง,สำนักงานคณะกรรมการการศึกษาขั้นพื้นฐาน,สพป.เชียงใหม่ เขต 4,2,24.22,8.07,50.00,50.00,19.62,0.00,0.00,0.00,23.85,23.85
2566,463,วัดศิริชัยนิมิตร,แม่วาง,เล็ก,นอกเมือง,สำนักงานคณะกรรมการการศึกษาขั้นพื้นฐาน,สพป.เชียงใหม่ เขต 4,10,47.14,21.50,40.00,48.99,25.70,17.82,10.00,30.00,20.00,33.18
2566,464,วัดห้วยแก้ว,แม่วาง,เล็ก,นอกเมือง,สำนักงานคณะกรรมการการศึกษาขั้นพื้นฐาน,สพป.เชียงใหม่ เขต 4,5,29.07,15.82,20.00,40.00,19.62,21.50,0.00,0.00,9.54,19.08
2566,465,สโมสรไลออนรัตนโกสินทร์,แม่วาง,เล็ก,นอกเมือง,สำนักงานคณะกรรมการการศึกษาขั้นพื้นฐาน,สพป.เชียงใหม่ เขต 4,4,16.15,0.00,50.00,50.00,9.81,16.99,25.00,43.30,35.78,20.66
2566,466,สารสาสน์วิเทศอุปถัมภ์,แม่วาง,กลาง,นอกเมือง,สำนักงานคณะกรรมการส่งเสริมการศึกษาเอกชน,-,26,29.37,21.28,42.31,49.40,24.91,19.29,15.38,36.08,31.90,36.18
2566,467,หลวงพัฒนาบ้านขุนวาง,แม่วาง,กลาง,นอกเมือง,สำนักงานคณะกรรมการการศึกษาขั้นพื้นฐาน,สพป.เชียงใหม่ เขต 4,25,22.67,17.30,24.00,42.71,32.33,25.52,32.00,46.65,21.36,24.12
2566,468,ทาเหนือวิทยา,แม่ออน,เล็ก,นอกเมือง,สำนักงานคณะกรรมการการศึกษาขั้นพื้นฐาน,สพป.เชียงใหม่ เขต 1,22,20.62,14.07,18.18,38.57,19.79,15.98,18.18,38.57,13.01,21.25
2566,469,บ้านออนกลาง,แม่ออน,เล็ก,นอกเมือง,สำนักงานคณะกรรมการการศึกษาขั้นพื้นฐาน,สพป.เชียงใหม่ เขต 1,7,41.97,17.15,0.00,0.00,30.84,23.12,42.86,49.49,21.76,25.16
2566,470,บ้านออนหลวย,แม่ออน,เล็ก,นอกเมือง,สำนักงานคณะกรรมการการศึกษาขั้นพื้นฐาน,สพป.เชียงใหม่ เขต 1,6,24.22,15.46,33.33,47.14,13.08,14.63,0.00,0.00,31.80,22.49
2566,471,แม่ตะไคร้,แม่ออน,เล็ก,นอกเมือง,สำนักงานคณะกรรมการการศึกษาขั้นพื้นฐาน,สพป.เชียงใหม่ เขต 1,5,32.61,20.68,0.00,0.00,15.70,7.85,0.00,0.00,9.54,19.08
2566,472,วัดดอนชัย,แม่ออน,เล็ก,นอกเมือง,สำนักงานคณะกรรมการการศึกษาขั้นพื้นฐาน,สพป.เชียงใหม่ เขต 1,4,36.34,13.39,50.00,50.00,44.15,21.38,25.00,43.30,0.00,0.00
2566,473,วัดเปาสามขา,แม่ออน,เล็ก,นอกเมือง,สำนักงานคณะกรรมการการศึกษาขั้นพื้นฐาน,สพป.เชียงใหม่ เขต 1,9,19.74,6.71,11.11,31.43,17.44,14.46,11.11,31.43,21.20,23.71
2566,474,วัดห้วยแก้ว,แม่ออน,เล็ก,นอกเมือง,สำนักงานคณะกรรมการการศึกษาขั้นพื้นฐาน,สพป.เชียงใหม่ เขต 1,16,25.23,12.73,37.50,48.41,33.11,17.98,12.50,33.07,20.87,23.67
2566,475,วัดห้วยทราย,แม่ออน,เล็ก,นอกเมือง,สำนักงานคณะกรรมการการศึกษาขั้นพื้นฐาน,สพป.เชียงใหม่ เขต 1,16,28.55,19.25,12.50,33.07,28.21,19.58,31.25,46.35,20.87,23.67
2566,476,หมู่บ้านสหกรณ์ 2,แม่ออน,เล็ก,นอกเมือง,สำนักงานคณะกรรมการการศึกษาขั้นพื้นฐาน,สพป.เชียงใหม่ เขต 1,22,45.20,21.03,22.73,41.91,30.41,17.43,18.18,38.57,11.26,25.67
2566,477,กมล -เรียม สุโกศล (บ้านผาใต้),แม่อาย,เล็ก,นอกเมือง,สำนักงานคณะกรรมการการศึกษาขั้นพื้นฐาน,สพป.เชียงใหม่ เขต 3,13,14.91,14.80,61.54,48.65,27.17,21.13,30.77,46.15,15.03,22.57
2566,478,เจ้าพ่อหลวงอุปถัมภ์ 9,แม่อาย,กลาง,นอกเมือง,สำนักงานคณะกรรมการการศึกษาขั้นพื้นฐาน,สพป.เชียงใหม่ เขต 3,27,26.49,16.77,22.22,41.57,26.23,15.17,40.74,49.14,16.07,22.74
2566,479,ชุมชนบ้านคาย,แม่อาย,กลาง,นอกเมือง,สำนักงานคณะกรรมการการศึกษาขั้นพื้นฐาน,สพป.เชียงใหม่ เขต 3,28,24.28,19.13,35.71,47.92,23.89,14.30,14.29,34.99,31.16,26.82
2566,480,ชุมชนบ้านแม่ฮ่าง,แม่อาย,กลาง,นอกเมือง,สำนักงานคณะกรรมการการศึกษาขั้นพื้นฐาน,สพป.เชียงใหม่ เขต 3,39,30.35,22.75,17.95,38.38,23.19,16.60,20.51,40.38,23.59,29.04
2566,481,โชติคุณเกษมบ้านเมืองงาม,แม่อาย,กลาง,นอกเมือง,สำนักงานคณะกรรมการการศึกษาขั้นพื้นฐาน,สพป.เชียงใหม่ เขต 3,38,20.06,15.13,26.32,44.03,21.17,16.47,23.68,42.51,15.07,22.18
2566,482,ต.ช.ด. ไลออนส์มหาจักร 8,แม่อาย,เล็ก,นอกเมือง,สำนักงานคณะกรรมการการศึกษาขั้นพื้นฐาน,สพป.เชียงใหม่ เขต 3,27,27.51,16.34,29.63,45.66,24.71,17.38,29.63,45.66,23.14,27.61
2566,483,ต.ช.ด.ศึกษานารีอนุสรณ์ 3,แม่อาย,เล็ก,นอกเมือง,สำนักงานคณะกรรมการการศึกษาขั้นพื้นฐาน,สพป.เชียงใหม่ เขต 3,18,29.69,20.47,27.78,44.79,18.53,17.88,22.22,41.57,21.46,24.01
2566,484,ทุติยะโพธิ์อนุสรณ์,แม่อาย,เล็ก,นอกเมือง,กองบัญชาการตำรวจตระเวนชายแดน,-,6,24.22,15.46,16.67,37.27,16.35,13.48,16.67,37.27,23.85,23.85
2566,485,ไทยทนุบ้านสันต้นดู่,แม่อาย,เล็ก,นอกเมือง,สำนักงานคณะกรรมการการศึกษาขั้นพื้นฐาน,สพป.เชียงใหม่ เขต 3,19,20.56,15.88,31.58,46.48,24.79,16.65,21.05,40.77,17.58,23.01
2566,486,ไทยรัฐวิทยา 12 (บ้านเอก),แม่อาย,กลาง,นอกเมือง,สำนักงานคณะกรรมการการศึกษาขั้นพื้นฐาน,สพป.เชียงใหม่ เขต 3,18,59.18,25.20,27.78,44.79,37.17,18.50,33.33,47.14,35.98,32.50
2566,487,บ้านดง,แม่อาย,กลาง,นอกเมือง,สำนักงานคณะกรรมการการศึกษาขั้นพื้นฐาน,สพป.เชียงใหม่ เขต 3,11,32.30,13.77,27.27,44.54,33.89,20.65,9.09,28.75,26.44,24.17
2566,488,บ้านดอนชัย,แม่อาย,เล็ก,นอกเมือง,สำนักงานคณะกรรมการการศึกษาขั้นพื้นฐาน,สพป.เชียงใหม่ เขต 3,10,25.84,16.47,10.00,30.00,21.58,18.51,10.00,30.00,23.85,23.85
2566,489,บ้านท่ามะแกง,แม่อาย,เล็ก,นอกเมือง,สำนักงานคณะกรรมการการศึกษาขั้นพื้นฐาน,สพป.เชียงใหม่ เขต 3,11,36.84,14.21,18.18,38.57,21.41,19.54,18.18,38.57,26.02,23.75
2566,490,บ้านป่าก๊อ,แม่อาย,กลาง,นอกเมือง,สำนักงานคณะกรรมการการศึกษาขั้นพื้นฐาน,สพป.เชียงใหม่ เขต 3,13,24.84,17.48,23.08,42.13,19.77,15.40,15.38,36.08,11.01,20.10
2566,491,บ้านปางต้นเดื่อ,แม่อาย,กลาง,นอกเมือง,สำนักงานคณะกรรมการการศึกษาขั้นพื้นฐาน,สพป.เชียงใหม่ เขต 3,17,43.11,25.84,23.53,42.42,32.32,20.13,35.29,47.79,11.23,20.24
2566,492,บ้านป่าแดง,แม่อาย,กลาง,นอกเมือง,สำนักงานคณะกรรมการการศึกษาขั้นพื้นฐาน,สพป.เชียงใหม่ เขต 3,16,16.15,15.11,31.25,46.35,24.53,19.00,25.00,43.30,8.94,18.62
2566,493,บ้านโป่งไฮ,แม่อาย,เล็ก,นอกเมือง,สำนักงานคณะกรรมการการศึกษาขั้นพื้นฐาน,สพป.เชียงใหม่ เขต 3,7,16.15,8.63,0.00,0.00,28.03,20.60,28.57,45.18,13.63,21.55
2566,494,บ้านแม่สาว,แม่อาย,กลาง,นอกเมือง,สำนักงานคณะกรรมการการศึกษาขั้นพื้นฐาน,สพป.เชียงใหม่ เขต 3,42,33.53,16.33,21.43,41.03,24.34,18.61,14.29,34.99,31.32,30.06
2566,495,บ้านโละ,แม่อาย,เล็ก,นอกเมือง,สำนักงานคณะกรรมการการศึกษาขั้นพื้นฐาน,สพป.เชียงใหม่ เขต 3,8,34.32,20.49,62.50,48.41,9.81,13.88,12.50,33.07,17.89,23.10
2566,496,บ้านสันต้นหมื้อ,แม่อาย,กลาง,นอกเมือง,สำนักงานคณะกรรมการการศึกษาขั้นพื้นฐาน,สพป.เชียงใหม่ เขต 3,46,22.47,17.33,19.57,39.67,22.61,19.18,23.91,42.66,13.78,26.46
2566,497,บ้านสันปอธง,แม่อาย,เล็ก,นอกเมือง,สำนักงานคณะกรรมการการศึกษาขั้นพื้นฐาน,สพป.เชียงใหม่ เขต 3,15,24.76,14.28,46.67,49.89,40.55,18.22,26.67,44.22,19.08,23.37
2566,498,บ้านสันป่าข่า,แม่อาย,เล็ก,นอกเมือง,สำนักงานคณะกรรมการการศึกษาขั้นพื้นฐาน,สพป.เชียงใหม่ เขต 3,6,24.22,18.06,0.00,0.00,19.62,11.33,16.67,37.27,32.57,36.94
2566,499,บ้านสันป่าเหียว,แม่อาย,เล็ก,นอกเมือง,สำนักงานคณะกรรมการการศึกษาขั้นพื้นฐาน,สพป.เชียงใหม่ เขต 3,10,34.07,27.72,10.00,30.00,31.40,17.98,10.00,30.00,24.31,33.04
2566,500,บ้านสุขฤทัย,แม่อาย,กลาง,นอกเมือง,สำนักงานคณะกรรมการการศึกษาขั้นพื้นฐาน,สพป.เชียงใหม่ เขต 3,40,27.49,16.68,35.00,47.70,25.51,19.23,25.00,43.30,10.73,19.92
2566,501,บ้านหนองขี้นกยาง,แม่อาย,เล็ก,นอกเมือง,สำนักงานคณะกรรมการการศึกษาขั้นพื้นฐาน,สพป.เชียงใหม่ เขต 3,11,16.15,13.77,27.27,44.54,19.62,11.83,9.09,28.75,34.70,21.25
2566,502,บ้านหลวง,แม่อาย,เล็ก,นอกเมือง,สำนักงานคณะกรรมการการศึกษาขั้นพื้นฐาน,สพป.เชียงใหม่ เขต 3,6,29.61,17.23,33.33,47.14,22.89,17.61,0.00,0.00,15.90,22.49
2566,503,บ้านห้วยคอกหมู,แม่อาย,เล็ก,นอกเมือง,สำนักงานคณะกรรมการการศึกษาขั้นพื้นฐาน,สพป.เชียงใหม่ เขต 3,20,23.42,13.96,20.00,40.00,24.53,17.41,45.00,49.75,16.70,22.75
2566,504,บ้านห้วยป่าซาง,แม่อาย,เล็ก,นอกเมือง,สำนักงานคณะกรรมการการศึกษาขั้นพื้นฐาน,สพป.เชียงใหม่ เขต 3,17,32.57,20.35,11.76,32.22,18.47,10.58,11.76,32.22,22.72,24.12
2566,505,บ้านห้วยปู,แม่อาย,เล็ก,นอกเมือง,สำนักงานคณะกรรมการการศึกษาขั้นพื้นฐาน,สพป.เชียงใหม่ เขต 3,15,20.46,16.11,13.33,33.99,32.70,17.06,0.00,0.00,19.39,23.77
2566,506,บ้านห้วยม่วง,แม่อาย,เล็ก,นอกเมือง,สำนักงานคณะกรรมการการศึกษาขั้นพื้นฐาน,สพป.เชียงใหม่ เขต 3,6,29.61,17.23,16.67,37.27,29.43,9.81,0.00,0.00,7.95,17.78
2566,507,บ้านห้วยศาลา,แม่อาย,เล็ก,นอกเมือง,สำนักงานคณะกรรมการการศึกษาขั้นพื้นฐาน,สพป.เชียงใหม่ เขต 3,17,42.25,24.12,17.65,38.12,25.50,24.29,23.53,42.42,17.65,23.93
2566,508,บ้านฮ่างต่ำ,แม่อาย,เล็ก,นอกเมือง,สำนักงานคณะกรรมการการศึกษาขั้นพื้นฐาน,สพป.เชียงใหม่ เขต 3,16,37.44,22.10,18.75,39.03,34.34,21.38,12.50,33.07,21.73,35.12
2566,509,ประพันธ์ - อารีย์ หงษ์สกุล (บ้านห้วยห,แม่อาย,กลาง,นอกเมือง,สำนักงานคณะกรรมการการศึกษาขั้นพื้นฐาน,สพป.เชียงใหม่ เขต 3,10,27.45,16.23,60.00,48.99,25.51,15.33,10.00,30.00,14.31,21.86
2566,510,เพียงหลวง 1 (บ้านท่าตอน),แม่อาย,กลาง,นอกเมือง,สำนักงานคณะกรรมการการศึกษาขั้นพื้นฐาน,สพป.เชียงใหม่ เขต 3,23,42.47,20.44,56.52,49.57,32.42,18.85,21.74,41.25,36.86,39.60
2566,511,ราชประชานุเคราะห์ 30,แม่อาย,กลาง,นอกเมือง,สำนักบริหารงานการศึกษาพิเศษ,-,30,24.76,18.99,36.67,48.19,27.47,18.68,20.00,40.00,17.80,26.73
2566,512,วัดห้วยน้ำเย็น,แม่อาย,เล็ก,นอกเมือง,สำนักงานคณะกรรมการการศึกษาขั้นพื้นฐาน,สพป.เชียงใหม่ เขต 3,10,29.07,15.82,0.00,0.00,17.66,13.74,10.00,30.00,23.85,23.85
2566,513,ศึกษานารีอนุสรณ์ 1 บ้านแม่เมืองน้อย,แม่อาย,เล็ก,นอกเมือง,สำนักงานคณะกรรมการการศึกษาขั้นพื้นฐาน,สพป.เชียงใหม่ เขต 3,14,22.03,9.80,14.29,34.99,26.63,19.06,7.14,25.75,20.45,23.61
2566,514,ศึกษานารีอนุสรณ์ 2,แม่อาย,กลาง,นอกเมือง,สำนักงานคณะกรรมการการศึกษาขั้นพื้นฐาน,สพป.เชียงใหม่ เขต 3,16,22.20,13.84,50.00,50.00,23.30,19.89,43.75,49.61,14.91,22.11
2566,515,เฮียงไทยธำรงค์,แม่อาย,เล็ก,นอกเมือง,กองบัญชาการตำรวจตระเวนชายแดน,-,9,7.18,8.02,22.22,41.57,22.01,19.90,44.44,49.69,5.30,14.99
2566,516,ตชด.เบญจมะ1,เวียงแหง,เล็ก,นอกเมือง,กองบัญชาการตำรวจตระเวนชายแดน,-,9,16.32,13.40,11.11,31.43,10.90,13.44,33.33,47.14,31.80,22.49
2566,517,บ้านกองลม,เวียงแหง,กลาง,นอกเมือง,สำนักงานคณะกรรมการการศึกษาขั้นพื้นฐาน,สพป.เชียงใหม่ เขต 3,38,26.43,18.78,23.68,42.51,24.84,21.90,10.53,30.69,13.04,21.85
2566,518,บ้านจอง,เวียงแหง,กลาง,นอกเมือง,สำนักงานคณะกรรมการการศึกษาขั้นพื้นฐาน,สพป.เชียงใหม่ เขต 3,16,23.21,18.91,18.75,39.03,33.23,22.85,18.75,39.03,30.68,34.51
2566,519,บ้านนามน,เวียงแหง,เล็ก,นอกเมือง,สำนักงานคณะกรรมการการศึกษาขั้นพื้นฐาน,สพป.เชียงใหม่ เขต 3,16,34.32,12.61,31.25,46.35,23.30,19.89,18.75,39.03,17.89,23.10
2566,520,บ้านปางป๋อ,เวียงแหง,เล็ก,นอกเมือง,สำนักงานคณะกรรมการการศึกษาขั้นพื้นฐาน,สพป.เชียงใหม่ เขต 3,26,31.74,17.16,38.46,48.65,19.70,17.30,30.77,46.15,13.20,25.80
2566,521,บ้านเปียงหลวง,เวียงแหง,กลาง,นอกเมือง,สำนักงานคณะกรรมการการศึกษาขั้นพื้นฐาน,สพป.เชียงใหม่ เขต 3,68,23.89,18.28,27.94,44.87,21.64,19.08,27.94,44.87,11.36,22.21
2566,522,บ้านม่วงป๊อก,เวียงแหง,กลาง,นอกเมือง,สำนักงานคณะกรรมการการศึกษาขั้นพื้นฐาน,สพป.เชียงใหม่ เขต 3,35,31.00,21.55,34.29,47.47,26.91,21.02,14.29,34.99,23.43,24.14
2566,523,บ้านเวียงแหง,เวียงแหง,กลาง,นอกเมือง,สำนักงานคณะกรรมการการศึกษาขั้นพื้นฐาน,สพป.เชียงใหม่ เขต 3,19,30.08,22.42,21.05,40.77,34.38,21.32,21.05,40.77,22.84,24.10
2566,524,บ้านห้วยไคร้,เวียงแหง,กลาง,นอกเมือง,สำนักงานคณะกรรมการการศึกษาขั้นพื้นฐาน,สพป.เชียงใหม่ เขต 3,12,39.29,22.62,33.33,47.14,37.92,23.59,25.00,43.30,36.93,29.56
2566,525,รัฐราษฎร์อุปถัมภ์,เวียงแหง,กลาง,นอกเมือง,สำนักงานคณะกรรมการการศึกษาขั้นพื้นฐาน,สพป.เชียงใหม่ เขต 3,40,28.42,16.29,60.00,48.99,23.34,19.86,22.50,41.76,14.43,22.05
2566,526,ชุมชนบ้านดง,สะเมิง,เล็ก,นอกเมือง,สำนักงานคณะกรรมการการศึกษาขั้นพื้นฐาน,สพป.เชียงใหม่ เขต 2,15,29.17,21.68,53.33,49.89,24.86,19.58,13.33,33.99,13.03,21.63
2566,527,ชุมชนบ้านแม่สาบ,สะเมิง,เล็ก,นอกเมือง,สำนักงานคณะกรรมการการศึกษาขั้นพื้นฐาน,สพป.เชียงใหม่ เขต 2,7,27.91,24.47,28.57,45.18,28.03,9.71,0.00,0.00,27.26,23.61
2566,528,ทรายทองราษฎร์อุทิศ,สะเมิง,เล็ก,นอกเมือง,สำนักงานคณะกรรมการการศึกษาขั้นพื้นฐาน,สพป.เชียงใหม่ เขต 2,7,60.87,21.36,28.57,45.18,31.11,9.96,0.00,0.00,27.92,24.22
2566,529,บ้านกิ่วเสือ,สะเมิง,เล็ก,นอกเมือง,สำนักงานคณะกรรมการการศึกษาขั้นพื้นฐาน,สพป.เชียงใหม่ เขต 2,5,38.76,12.92,40.00,48.99,19.62,17.55,0.00,0.00,10.46,20.92
2566,530,บ้านนากู่,สะเมิง,เล็ก,นอกเมือง,สำนักงานคณะกรรมการการศึกษาขั้นพื้นฐาน,สพป.เชียงใหม่ เขต 2,5,25.84,12.92,20.00,40.00,27.47,23.55,40.00,48.99,9.54,19.08
2566,531,บ้านบ่อแก้ว,สะเมิง,กลาง,นอกเมือง,สำนักงานคณะกรรมการการศึกษาขั้นพื้นฐาน,สพป.เชียงใหม่ เขต 2,26,28.57,15.71,30.77,46.15,26.42,20.32,34.62,47.57,13.20,21.77
2566,532,บ้านปางขุม,สะเมิง,เล็ก,นอกเมือง,สำนักงานคณะกรรมการการศึกษาขั้นพื้นฐาน,สพป.เชียงใหม่ เขต 2,10,29.07,18.83,70.00,45.83,27.66,18.12,30.00,45.83,14.77,31.77
2566,533,บ้านป่าลาน,สะเมิง,เล็ก,นอกเมือง,สำนักงานคณะกรรมการการศึกษาขั้นพื้นฐาน,สพป.เชียงใหม่ เขต 2,11,30.97,14.71,45.45,49.79,35.68,16.35,0.00,0.00,26.02,23.75
2566,534,บ้านแม่ขะปู,สะเมิง,เล็ก,นอกเมือง,สำนักงานคณะกรรมการการศึกษาขั้นพื้นฐาน,สพป.เชียงใหม่ เขต 2,18,23.33,16.35,27.78,44.79,28.34,17.58,27.78,44.79,5.30,14.99
2566,535,บ้านแม่โต๋,สะเมิง,เล็ก,นอกเมือง,สำนักงานคณะกรรมการการศึกษาขั้นพื้นฐาน,สพป.เชียงใหม่ เขต 2,20,32.45,21.18,25.00,43.30,32.47,19.03,15.00,35.71,26.93,29.07
2566,536,บ้านแม่ยางห้า,สะเมิง,เล็ก,นอกเมือง,สำนักงานคณะกรรมการการศึกษาขั้นพื้นฐาน,สพป.เชียงใหม่ เขต 2,20,35.03,23.41,35.00,47.70,33.36,19.72,5.00,21.79,21.93,24.27
2566,537,บ้านแม่ลานคำ,สะเมิง,เล็ก,นอกเมือง,สำนักงานคณะกรรมการการศึกษาขั้นพื้นฐาน,สพป.เชียงใหม่ เขต 2,11,26.57,18.62,45.45,49.79,21.41,21.26,27.27,44.54,31.19,31.82
2566,538,บ้านแม่แว,สะเมิง,เล็ก,นอกเมือง,สำนักงานคณะกรรมการการศึกษาขั้นพื้นฐาน,สพป.เชียงใหม่ เขต 2,6,16.15,9.32,16.67,37.27,33.02,22.08,0.00,0.00,7.95,17.78
2566,539,บ้านห้วยน้ำจาง,สะเมิง,เล็ก,นอกเมือง,สำนักงานคณะกรรมการการศึกษาขั้นพื้นฐาน,สพป.เชียงใหม่ เขต 2,4,28.26,20.98,0.00,0.00,19.62,13.88,50.00,50.00,0.00,0.00
2566,540,รัปปาปอร์ต,สะเมิง,เล็ก,นอกเมือง,กองบัญชาการตำรวจตระเวนชายแดน,-,15,29.07,18.83,40.00,48.99,35.32,19.23,20.00,40.00,15.90,22.49
2566,541,วัดงิ้วเฒ่า,สะเมิง,เล็ก,นอกเมือง,สำนักงานคณะกรรมการการศึกษาขั้นพื้นฐาน,สพป.เชียงใหม่ เขต 2,3,66.15,23.94,33.33,47.14,45.79,9.25,33.33,47.14,50.76,2.16
2566,542,วัดบ้านป้อก,สะเมิง,เล็ก,นอกเมือง,สำนักงานคณะกรรมการการศึกษาขั้นพื้นฐาน,สพป.เชียงใหม่ เขต 2,5,35.53,12.08,20.00,40.00,23.55,19.23,20.00,40.00,28.62,23.37
2566,543,วัดปางเติม,สะเมิง,เล็ก,นอกเมือง,สำนักงานคณะกรรมการการศึกษาขั้นพื้นฐาน,สพป.เชียงใหม่ เขต 2,9,28.88,20.00,44.44,49.69,34.88,17.98,44.44,49.69,22.22,34.26
2566,544,วัดแม่เลย,สะเมิง,เล็ก,นอกเมือง,สำนักงานคณะกรรมการการศึกษาขั้นพื้นฐาน,สพป.เชียงใหม่ เขต 2,8,22.20,13.84,62.50,48.41,26.98,27.64,37.50,48.41,23.85,23.85
2566,545,วัดยั้งเมิน,สะเมิง,เล็ก,นอกเมือง,สำนักงานคณะกรรมการการศึกษาขั้นพื้นฐาน,สพป.เชียงใหม่ เขต 2,12,28.26,9.61,16.67,37.27,13.08,9.25,0.00,0.00,15.90,22.49
2566,546,บ้านกอสะเลียม,สันกำแพง,เล็ก,นอกเมือง,สำนักงานคณะกรรมการการศึกษาขั้นพื้นฐาน,สพป.เชียงใหม่ เขต 1,13,29.93,17.98,23.08,42.13,15.09,13.67,7.69,26.65,33.73,29.87
2566,547,บ้านแช่ช้าง (เทพนานุกูล),สันกำแพง,เล็ก,นอกเมือง,สำนักงานคณะกรรมการการศึกษาขั้นพื้นฐาน,สพป.เชียงใหม่ เขต 1,17,21.85,14.59,58.82,49.22,22.04,15.01,5.88,23.53,25.80,29.78
2566,548,บ้านบวกค้าง,สันกำแพง,เล็ก,นอกเมือง,สำนักงานคณะกรรมการการศึกษาขั้นพื้นฐาน,สพป.เชียงใหม่ เขต 1,15,42.30,18.85,40.00,48.99,30.21,22.78,13.33,33.99,28.62,23.37
2566,549,บ้านบ่อสร้างนรากรประสาท,สันกำแพง,กลาง,นอกเมือง,สำนักงานคณะกรรมการการศึกษาขั้นพื้นฐาน,สพป.เชียงใหม่ เขต 1,39,30.80,19.87,28.21,45.00,28.22,18.19,20.51,40.38,23.95,33.43
2566,550,บ้านมอญ,สันกำแพง,เล็ก,นอกเมือง,สำนักงานคณะกรรมการการศึกษาขั้นพื้นฐาน,สพป.เชียงใหม่ เขต 1,4,49.22,26.53,25.00,43.30,29.43,21.94,25.00,43.30,23.85,23.85
2566,551,บ้านแม่ปูคา,สันกำแพง,เล็ก,นอกเมือง,สำนักงานคณะกรรมการการศึกษาขั้นพื้นฐาน,สพป.เชียงใหม่ เขต 1,15,37.78,18.49,13.33,33.99,34.01,20.85,0.00,0.00,22.87,35.57
2566,552,บ้านสันกำแพง,สันกำแพง,ใหญ่พิเศษ,นอกเมือง,สำนักงานคณะกรรมการการศึกษาขั้นพื้นฐาน,สพป.เชียงใหม่ เขต 1,288,36.04,23.85,28.82,45.29,25.78,22.93,21.88,41.34,26.24,32.96
2566,553,บ้านหนองโค้ง,สันกำแพง,กลาง,นอกเมือง,สำนักงานคณะกรรมการการศึกษาขั้นพื้นฐาน,สพป.เชียงใหม่ เขต 1,48,36.59,23.17,14.58,35.29,31.11,20.09,35.42,47.83,27.60,28.33
2566,554,วัดทรายมูลรัตนศึกษา,สันกำแพง,เล็ก,นอกเมือง,สำนักงานคณะกรรมการการศึกษาขั้นพื้นฐาน,สพป.เชียงใหม่ เขต 1,2,73.45,8.85,0.00,0.00,29.43,9.81,50.00,50.00,23.85,23.85
2566,555,วัดบ้านน้อย,สันกำแพง,เล็ก,นอกเมือง,สำนักงานคณะกรรมการการศึกษาขั้นพื้นฐาน,สพป.เชียงใหม่ เขต 1,11,45.93,28.11,54.55,49.79,37.80,19.93,54.55,49.79,40.70,41.63
2566,556,วัดบ้านโห้ง,สันกำแพง,เล็ก,นอกเมือง,สำนักงานคณะกรรมการการศึกษาขั้นพื้นฐาน,สพป.เชียงใหม่ เขต 1,7,18.46,13.45,71.43,45.18,14.02,13.73,57.14,49.49,0.00,0.00
2566,557,วัดป่าตาล,สันกำแพง,เล็ก,นอกเมือง,สำนักงานคณะกรรมการการศึกษาขั้นพื้นฐาน,สพป.เชียงใหม่ เขต 1,6,37.94,22.70,0.00,0.00,32.70,21.69,33.33,47.14,24.62,37.95
2566,558,วัดร้องวัวแดงศรีจันทร์วิทยาคาร,สันกำแพง,เล็ก,นอกเมือง,สำนักงานคณะกรรมการการศึกษาขั้นพื้นฐาน,สพป.เชียงใหม่ เขต 1,10,22.61,10.71,30.00,45.83,35.32,17.11,10.00,30.00,23.85,23.85
2566,559,วัดล้านตอง,สันกำแพง,เล็ก,นอกเมือง,สำนักงานคณะกรรมการการศึกษาขั้นพื้นฐาน,สพป.เชียงใหม่ เขต 1,13,33.54,21.44,23.08,42.13,42.41,20.26,38.46,48.65,22.72,31.44
2566,560,วัดสันกลางเหนือ,สันกำแพง,เล็ก,นอกเมือง,สำนักงานคณะกรรมการการศึกษาขั้นพื้นฐาน,สพป.เชียงใหม่ เขต 1,7,48.67,19.68,28.57,45.18,36.71,24.91,42.86,49.49,27.92,36.05
2566,561,วัดสันโค้ง,สันกำแพง,เล็ก,นอกเมือง,สำนักงานคณะกรรมการการศึกษาขั้นพื้นฐาน,สพป.เชียงใหม่ เขต 1,1,32.30,0.00,0.00,0.00,19.62,0.00,100.00,0.00,0.00,0.00
2566,562,วัดสันมะฮกฟ้า,สันกำแพง,เล็ก,นอกเมือง,สำนักงานคณะกรรมการการศึกษาขั้นพื้นฐาน,สพป.เชียงใหม่ เขต 1,9,30.50,17.76,44.44,49.69,28.34,18.76,44.44,49.69,27.01,24.20
2566,563,สวนเด็กสันกำแพง,สันกำแพง,กลาง,นอกเมือง,สำนักงานคณะกรรมการส่งเสริมการศึกษาเอกชน,-,28,36.09,25.53,32.14,46.70,29.43,21.94,14.29,34.99,26.05,24.29
2566,564,สันกำแพงคันธาอนุสรณ์,สันกำแพง,เล็ก,นอกเมือง,สำนักงานคณะกรรมการการศึกษาขั้นพื้นฐาน,สพป.เชียงใหม่ เขต 1,19,22.95,16.83,47.37,49.93,27.88,17.22,15.79,36.46,20.33,23.86
2566,565,ออนใต้วิทยา,สันกำแพง,เล็ก,นอกเมือง,สำนักงานคณะกรรมการการศึกษาขั้นพื้นฐาน,สพป.เชียงใหม่ เขต 1,11,29.36,19.25,45.45,49.79,23.19,16.35,27.27,44.54,22.10,24.24
2566,566,ชลประทานเขื่อนแม่กวงจิราธิวัฒน์อุปถัมภ์,สันทราย,กลาง,นอกเมือง,สำนักงานคณะกรรมการการศึกษาขั้นพื้นฐาน,สพป.เชียงใหม่ เขต 2,31,23.44,12.87,22.58,41.81,22.15,18.48,19.35,39.51,4.62,14.10
2566,567,ต้นกล้า,สันทราย,กลาง,นอกเมือง,สำนักงานคณะกรรมการส่งเสริมการศึกษาเอกชน,-,20,52.61,28.08,20.00,40.00,41.58,33.95,15.00,35.71,37.39,41.44
2566,568,บ้านเจดีย์แม่ครัว,สันทราย,กลาง,นอกเมือง,สำนักงานคณะกรรมการการศึกษาขั้นพื้นฐาน,สพป.เชียงใหม่ เขต 2,52,30.27,22.00,50.00,50.00,36.64,20.38,23.08,42.13,22.55,31.29
2566,569,บ้านท่าเกวียน,สันทราย,เล็ก,นอกเมือง,สำนักงานคณะกรรมการการศึกษาขั้นพื้นฐาน,สพป.เชียงใหม่ เขต 2,13,38.99,29.55,7.69,26.65,42.26,16.94,30.77,46.15,58.22,26.56
2566,570,บ้านบวกเปา,สันทราย,เล็ก,นอกเมือง,สำนักงานคณะกรรมการการศึกษาขั้นพื้นฐาน,สพป.เชียงใหม่ เขต 2,5,48.76,17.98,0.00,0.00,27.47,15.70,40.00,48.99,28.62,23.37
2566,571,บ้านป่าก้าง,สันทราย,เล็ก,นอกเมือง,สำนักงานคณะกรรมการการศึกษาขั้นพื้นฐาน,สพป.เชียงใหม่ เขต 2,7,34.61,15.98,28.57,45.18,28.03,9.71,0.00,0.00,27.26,23.61
2566,572,บ้านป่าบง,สันทราย,เล็ก,นอกเมือง,สำนักงานคณะกรรมการการศึกษาขั้นพื้นฐาน,สพป.เชียงใหม่ เขต 2,14,44.39,27.19,35.71,47.92,42.32,24.74,14.29,34.99,24.18,30.70
2566,573,บ้านป่าเหมือด,สันทราย,เล็ก,นอกเมือง,สำนักงานคณะกรรมการการศึกษาขั้นพื้นฐาน,สพป.เชียงใหม่ เขต 2,21,32.45,22.56,33.33,47.14,28.97,17.78,33.33,47.14,25.21,28.57
2566,574,บ้านโปง,สันทราย,เล็ก,นอกเมือง,สำนักงานคณะกรรมการการศึกษาขั้นพื้นฐาน,สพป.เชียงใหม่ เขต 2,19,31.45,18.50,42.11,49.37,27.88,22.34,5.26,22.33,20.57,24.15
2566,575,บ้านโป่ง,สันทราย,เล็ก,นอกเมือง,สำนักงานคณะกรรมการการศึกษาขั้นพื้นฐาน,สพป.เชียงใหม่ เขต 2,9,17.94,11.90,33.33,47.14,28.34,18.76,11.11,31.43,16.41,33.09
2566,576,บ้านเมืองขอน,สันทราย,เล็ก,นอกเมือง,สำนักงานคณะกรรมการการศึกษาขั้นพื้นฐาน,สพป.เชียงใหม่ เขต 2,2,40.37,8.07,0.00,0.00,19.62,0.00,0.00,0.00,0.00,0.00
2566,577,บ้านแม่โจ้,สันทราย,กลาง,นอกเมือง,สำนักงานคณะกรรมการการศึกษาขั้นพื้นฐาน,สพป.เชียงใหม่ เขต 2,53,29.37,18.27,41.51,49.27,26.69,22.37,13.21,33.86,11.70,20.53
2566,578,บ้านแม่แต,สันทราย,เล็ก,นอกเมือง,สำนักงานคณะกรรมการการศึกษาขั้นพื้นฐาน,สพป.เชียงใหม่ เขต 2,9,25.12,20.30,44.44,49.69,23.98,17.98,22.22,41.57,31.80,22.49
2566,579,บ้านแม่แฝก,สันทราย,เล็ก,นอกเมือง,สำนักงานคณะกรรมการการศึกษาขั้นพื้นฐาน,สพป.เชียงใหม่ เขต 2,12,39.16,19.46,25.00,43.30,29.59,26.26,8.33,27.64,28.21,31.40
2566,580,บ้านแม่ย่อย,สันทราย,เล็ก,นอกเมือง,สำนักงานคณะกรรมการการศึกษาขั้นพื้นฐาน,สพป.เชียงใหม่ เขต 2,13,26.09,16.20,23.08,42.13,39.25,25.53,46.15,49.85,42.13,38.45
2566,581,บ้านร่มหลวง,สันทราย,เล็ก,นอกเมือง,สำนักงานคณะกรรมการการศึกษาขั้นพื้นฐาน,สพป.เชียงใหม่ เขต 2,16,18.26,16.21,31.25,46.35,26.98,15.32,25.00,43.30,26.83,23.67
2566,582,บ้านศรีงาม,สันทราย,เล็ก,นอกเมือง,สำนักงานคณะกรรมการการศึกษาขั้นพื้นฐาน,สพป.เชียงใหม่ เขต 2,5,58.14,7.91,0.00,0.00,35.32,19.23,40.00,48.99,29.54,39.78
2566,583,บ้านศรีบุญเรือง,สันทราย,กลาง,นอกเมือง,สำนักงานคณะกรรมการการศึกษาขั้นพื้นฐาน,สพป.เชียงใหม่ เขต 2,21,20.84,15.21,28.57,45.18,24.29,20.00,19.05,39.27,20.66,23.88
2566,584,บ้านสันพระเนตร,สันทราย,เล็ก,นอกเมือง,สำนักงานคณะกรรมการการศึกษาขั้นพื้นฐาน,สพป.เชียงใหม่ เขต 2,4,69.80,25.01,25.00,43.30,39.25,24.03,25.00,43.30,51.15,35.37
2566,585,บ้านสันศรี,สันทราย,เล็ก,นอกเมือง,สำนักงานคณะกรรมการการศึกษาขั้นพื้นฐาน,สพป.เชียงใหม่ เขต 2,6,46.01,17.52,33.33,47.14,26.16,14.63,33.33,47.14,15.90,22.49
2566,586,บ้านหนองไคร้,สันทราย,กลาง,นอกเมือง,สำนักงานคณะกรรมการการศึกษาขั้นพื้นฐาน,สพป.เชียงใหม่ เขต 2,59,37.76,23.04,18.64,38.95,29.63,18.61,32.20,46.73,18.99,28.62
2566,587,บ้านหนองมะจับ,สันทราย,เล็ก,นอกเมือง,สำนักงานคณะกรรมการการศึกษาขั้นพื้นฐาน,สพป.เชียงใหม่ เขต 2,7,16.15,8.63,14.29,34.99,25.23,25.07,0.00,0.00,34.08,21.55
2566,588,บ้านหนองหาร,สันทราย,เล็ก,นอกเมือง,สำนักงานคณะกรรมการการศึกษาขั้นพื้นฐาน,สพป.เชียงใหม่ เขต 2,7,32.30,12.21,14.29,34.99,22.43,12.54,0.00,0.00,34.08,21.55
2566,589,บ้านหลักปัน,สันทราย,กลาง,นอกเมือง,สำนักงานคณะกรรมการการศึกษาขั้นพื้นฐาน,สพป.เชียงใหม่ เขต 2,15,38.20,23.35,13.33,33.99,28.78,23.62,13.33,33.99,32.72,34.69
2566,590,บ้านห้วยเกี๋ยง,สันทราย,กลาง,นอกเมือง,สำนักงานคณะกรรมการการศึกษาขั้นพื้นฐาน,สพป.เชียงใหม่ เขต 2,32,21.75,18.44,25.00,43.30,23.92,18.83,9.38,29.15,14.91,22.11
2566,591,บ้านหัวฝาย,สันทราย,เล็ก,นอกเมือง,สำนักงานคณะกรรมการการศึกษาขั้นพื้นฐาน,สพป.เชียงใหม่ เขต 2,5,49.07,20.93,20.00,40.00,35.32,14.68,20.00,40.00,29.54,24.18
2566,592,พงษ์พิกุลเชียงใหม่,สันทราย,กลาง,นอกเมือง,สำนักงานคณะกรรมการส่งเสริมการศึกษาเอกชน,-,40,21.40,15.06,30.00,45.83,28.06,17.61,17.50,38.00,25.28,28.78
2566,593,วัดแม่แก้ดน้อย,สันทราย,ใหญ่,นอกเมือง,สำนักงานคณะกรรมการการศึกษาขั้นพื้นฐาน,สพป.เชียงใหม่ เขต 2,37,22.26,14.71,24.32,42.90,23.39,20.91,24.32,42.90,16.89,22.95
2566,594,วัดสันคะยอม,สันทราย,เล็ก,นอกเมือง,สำนักงานคณะกรรมการการศึกษาขั้นพื้นฐาน,สพป.เชียงใหม่ เขต 2,10,45.22,21.42,20.00,40.00,23.55,17.11,30.00,45.83,4.77,14.31
2566,595,วัดสันทรายมูล,สันทราย,เล็ก,นอกเมือง,สำนักงานคณะกรรมการการศึกษาขั้นพื้นฐาน,สพป.เชียงใหม่ เขต 2,13,33.78,26.90,15.38,36.08,39.54,24.58,15.38,36.08,38.11,39.89
2566,596,วีรยาเชียงใหม่,สันทราย,กลาง,นอกเมือง,สำนักงานคณะกรรมการส่งเสริมการศึกษาเอกชน,-,38,43.96,28.03,39.47,48.88,34.85,27.94,34.21,47.44,37.61,33.15
2566,597,สวนองุ่นเชียงใหม่,สันทราย,กลาง,นอกเมือง,สำนักงานคณะกรรมการส่งเสริมการศึกษาเอกชน,-,30,59.40,23.36,16.67,37.27,40.74,23.98,16.67,37.27,36.82,31.56
2566,598,สันทรายหลวง,สันทราย,กลาง,นอกเมือง,สำนักงานคณะกรรมการการศึกษาขั้นพื้นฐาน,สพป.เชียงใหม่ เขต 2,104,31.83,18.82,28.85,45.30,23.83,17.81,20.19,40.14,23.75,26.14
2566,599,กิ่วแลน้อยประสิทธิ์วิทยา,สันป่าตอง,กลาง,นอกเมือง,สำนักงานคณะกรรมการการศึกษาขั้นพื้นฐาน,สพป.เชียงใหม่ เขต 4,7,37.13,11.54,42.86,49.49,30.84,17.73,57.14,49.49,27.92,24.22
2566,600,ชุมชนกิ่วแลหลวงประสิทธิ์วิทยา,สันป่าตอง,เล็ก,นอกเมือง,สำนักงานคณะกรรมการการศึกษาขั้นพื้นฐาน,สพป.เชียงใหม่ เขต 4,6,43.58,32.73,33.33,47.14,33.02,27.51,33.33,47.14,40.52,18.20
2566,601,ทุ่งฟ้าบดราษฎร์บำรุง,สันป่าตอง,กลาง,นอกเมือง,กรมส่งเสริมการปกครองท้องถิ่น,ท้องถิ่นจังหวัดเชียงใหม่,86,27.32,20.82,30.23,45.93,31.03,20.83,27.91,44.85,21.06,29.65
2566,602,บ้านทุ่งเสี้ยว (นวรัฐ),สันป่าตอง,เล็ก,นอกเมือง,สำนักงานคณะกรรมการการศึกษาขั้นพื้นฐาน,สพป.เชียงใหม่ เขต 4,18,32.38,17.27,33.33,47.14,25.07,19.41,11.11,31.43,13.25,21.37
2566,603,บ้านเปียง,สันป่าตอง,เล็ก,นอกเมือง,สำนักงานคณะกรรมการการศึกษาขั้นพื้นฐาน,สพป.เชียงใหม่ เขต 4,5,58.76,20.62,20.00,40.00,19.62,12.41,20.00,40.00,9.54,19.08
2566,604,บ้านม่วงพี่น้อง,สันป่าตอง,เล็ก,นอกเมือง,สำนักงานคณะกรรมการการศึกษาขั้นพื้นฐาน,สพป.เชียงใหม่ เขต 4,8,34.32,18.83,12.50,33.07,26.98,19.47,0.00,0.00,23.85,23.85
2566,605,บ้านแม่กุ้งหลวง,สันป่าตอง,เล็ก,นอกเมือง,สำนักงานคณะกรรมการการศึกษาขั้นพื้นฐาน,สพป.เชียงใหม่ เขต 4,3,26.92,7.61,33.33,47.14,26.16,9.25,0.00,0.00,15.90,22.49
2566,606,บ้านร่องน้ำ,สันป่าตอง,เล็ก,นอกเมือง,สำนักงานคณะกรรมการการศึกษาขั้นพื้นฐาน,สพป.เชียงใหม่ เขต 4,9,34.09,14.13,33.33,47.14,30.52,13.44,22.22,41.57,21.20,23.71
2566,607,บ้านห้วยส้ม,สันป่าตอง,เล็ก,นอกเมือง,สำนักงานคณะกรรมการการศึกษาขั้นพื้นฐาน,สพป.เชียงใหม่ เขต 4,15,24.76,11.60,13.33,33.99,34.01,19.58,13.33,33.99,22.87,30.54
2566,608,บ้านหัวริน,สันป่าตอง,เล็ก,นอกเมือง,สำนักงานคณะกรรมการการศึกษาขั้นพื้นฐาน,สพป.เชียงใหม่ เขต 4,11,35.52,16.98,27.27,44.54,19.62,16.73,18.18,38.57,22.10,24.24
2566,609,พัฒนวิทย์ศึกษา,สันป่าตอง,ใหญ่,นอกเมือง,สำนักงานคณะกรรมการส่งเสริมการศึกษาเอกชน,-,17,33.34,20.47,17.65,38.12,20.78,18.40,5.88,23.53,31.41,33.57
2566,610,วัดช่างกระดาษ,สันป่าตอง,เล็ก,นอกเมือง,สำนักงานคณะกรรมการการศึกษาขั้นพื้นฐาน,สพป.เชียงใหม่ เขต 4,3,21.53,7.61,33.33,47.14,13.08,9.25,0.00,0.00,31.80,22.49
2566,611,วัดดงป่างิ้ว,สันป่าตอง,เล็ก,นอกเมือง,สำนักงานคณะกรรมการการศึกษาขั้นพื้นฐาน,สพป.เชียงใหม่ เขต 4,5,32.30,10.21,40.00,48.99,27.47,9.61,20.00,40.00,28.62,23.37
2566,612,วัดท่ากาน,สันป่าตอง,เล็ก,นอกเมือง,สำนักงานคณะกรรมการการศึกษาขั้นพื้นฐาน,สพป.เชียงใหม่ เขต 4,12,26.92,19.03,16.67,37.27,14.72,14.16,16.67,37.27,19.88,23.52
2566,613,วัดน้ำบ่อหลวง,สันป่าตอง,เล็ก,นอกเมือง,สำนักงานคณะกรรมการการศึกษาขั้นพื้นฐาน,สพป.เชียงใหม่ เขต 4,25,22.73,19.60,8.00,27.13,25.90,19.79,28.00,44.90,21.54,34.51
2566,614,วัดโรงวัว,สันป่าตอง,เล็ก,นอกเมือง,สำนักงานคณะกรรมการการศึกษาขั้นพื้นฐาน,สพป.เชียงใหม่ เขต 4,11,33.91,20.36,18.18,38.57,30.33,15.35,27.27,44.54,13.01,21.25
2566,615,วัดสามหลัง,สันป่าตอง,เล็ก,นอกเมือง,สำนักงานคณะกรรมการการศึกษาขั้นพื้นฐาน,สพป.เชียงใหม่ เขต 4,6,57.30,21.04,0.00,0.00,35.97,20.94,50.00,50.00,15.90,22.49
2566,616,วัดอุเม็ง,สันป่าตอง,เล็ก,นอกเมือง,สำนักงานคณะกรรมการการศึกษาขั้นพื้นฐาน,สพป.เชียงใหม่ เขต 4,7,44.28,14.38,28.57,45.18,25.50,8.72,28.57,45.18,13.63,21.55
2566,617,วิมานทิพย์,สันป่าตอง,เล็ก,นอกเมือง,สำนักงานคณะกรรมการส่งเสริมการศึกษาเอกชน,-,19,45.62,27.78,42.11,49.37,33.35,30.42,26.32,44.03,41.86,29.29
2566,618,สันป่าตอง,สันป่าตอง,เล็ก,นอกเมือง,กรมส่งเสริมการปกครองท้องถิ่น,ท้องถิ่นจังหวัดเชียงใหม่,3,37.68,15.23,100.00,0.00,32.70,9.25,66.67,47.14,31.80,22.49
2566,619,สันป่าตอง (สุวรรณราษฎร์วิทยาคาร),สันป่าตอง,ใหญ่,นอกเมือง,สำนักงานคณะกรรมการการศึกษาขั้นพื้นฐาน,สพป.เชียงใหม่ เขต 4,157,39.01,23.90,29.94,45.80,30.84,20.26,22.93,42.04,27.74,29.61
2566,620,ช่องฟ้าซินเซิงวาณิชบำรุง,สารภี,ใหญ่พิเศษ,นอกเมือง,สำนักงานคณะกรรมการส่งเสริมการศึกษาเอกชน,-,211,40.40,23.46,34.12,47.41,32.54,23.26,12.32,32.87,27.85,31.88
2566,621,ชุมชนวัดปากกอง,สารภี,เล็ก,นอกเมือง,สำนักงานคณะกรรมการการศึกษาขั้นพื้นฐาน,สพป.เชียงใหม่ เขต 4,2,32.30,16.15,0.00,0.00,9.81,9.81,0.00,0.00,47.71,0.00
2566,622,ชุมชนวัดศรีคำชมภู,สารภี,กลาง,นอกเมือง,สำนักงานคณะกรรมการการศึกษาขั้นพื้นฐาน,สพป.เชียงใหม่ เขต 4,30,25.51,26.08,16.67,37.27,20.93,13.34,20.00,40.00,19.24,23.57
2566,623,เทศบาลตำบลยางเนิ้ง,สารภี,กลาง,นอกเมือง,กรมส่งเสริมการปกครองท้องถิ่น,ท้องถิ่นจังหวัดเชียงใหม่,21,16.15,15.76,23.81,42.59,19.62,16.02,19.05,39.27,23.15,24.32
2566,624,บ้านปากเหมือง,สารภี,กลาง,นอกเมือง,สำนักงานคณะกรรมการการศึกษาขั้นพื้นฐาน,สพป.เชียงใหม่ เขต 4,15,24.97,19.78,26.67,44.22,30.09,14.09,26.67,44.22,32.42,29.33
2566,625,บ้านสันทราย,สารภี,เล็ก,นอกเมือง,สำนักงานคณะกรรมการการศึกษาขั้นพื้นฐาน,สพป.เชียงใหม่ เขต 4,12,41.02,29.73,33.33,47.14,39.40,21.63,33.33,47.14,24.62,24.67
2566,626,ยุวฑูตศึกษาพัฒนา,สารภี,ใหญ่,นอกเมือง,สำนักงานคณะกรรมการส่งเสริมการศึกษาเอกชน,-,36,46.19,23.88,50.00,50.00,30.03,23.50,19.44,39.58,44.06,34.89
2566,627,วชิราลัย,สารภี,กลาง,นอกเมือง,สำนักงานคณะกรรมการส่งเสริมการศึกษาเอกชน,-,59,26.98,20.77,35.59,47.88,26.27,20.31,13.56,34.24,20.45,25.58
2566,628,วัดกองทราย,สารภี,เล็ก,นอกเมือง,สำนักงานคณะกรรมการการศึกษาขั้นพื้นฐาน,สพป.เชียงใหม่ เขต 4,23,21.77,16.23,39.13,48.80,23.89,18.26,21.74,41.25,24.89,23.83
2566,629,วัดท่าต้นกวาว,สารภี,เล็ก,นอกเมือง,สำนักงานคณะกรรมการการศึกษาขั้นพื้นฐาน,สพป.เชียงใหม่ เขต 4,19,28.98,18.60,31.58,46.48,24.79,16.65,26.32,44.03,38.15,30.25
2566,630,วัดเทพาราม,สารภี,เล็ก,นอกเมือง,สำนักงานคณะกรรมการการศึกษาขั้นพื้นฐาน,สพป.เชียงใหม่ เขต 4,10,55.84,26.38,20.00,40.00,29.62,22.20,40.00,48.99,24.77,24.82
2566,631,วัดนันทาราม,สารภี,เล็ก,นอกเมือง,สำนักงานคณะกรรมการการศึกษาขั้นพื้นฐาน,สพป.เชียงใหม่ เขต 4,19,34.24,21.51,21.05,40.77,27.88,14.68,15.79,36.46,30.85,28.64
2566,632,วัดบวกครกเหนือ,สารภี,เล็ก,นอกเมือง,สำนักงานคณะกรรมการการศึกษาขั้นพื้นฐาน,สพป.เชียงใหม่ เขต 4,21,23.07,15.42,38.10,48.56,25.23,19.29,9.52,29.35,23.59,29.19
2566,633,วัดพญาชมภู,สารภี,เล็ก,นอกเมือง,สำนักงานคณะกรรมการการศึกษาขั้นพื้นฐาน,สพป.เชียงใหม่ เขต 4,12,26.92,13.72,41.67,49.30,35.97,22.42,25.00,43.30,28.21,23.87
2566,634,วัดพระนอนหนองผึ้ง,สารภี,เล็ก,นอกเมือง,สำนักงานคณะกรรมการการศึกษาขั้นพื้นฐาน,สพป.เชียงใหม่ เขต 4,33,31.41,19.69,30.30,45.96,34.49,17.44,27.27,44.54,23.69,27.37
2566,635,วัดแม่สะลาบ,สารภี,เล็ก,นอกเมือง,สำนักงานคณะกรรมการการศึกษาขั้นพื้นฐาน,สพป.เชียงใหม่ เขต 4,8,32.30,16.15,25.00,43.30,31.89,19.47,25.00,43.30,36.35,21.04
2566,636,วัดเวฬุวัน,สารภี,ใหญ่,นอกเมือง,สำนักงานคณะกรรมการการศึกษาขั้นพื้นฐาน,สพป.เชียงใหม่ เขต 4,98,39.91,25.71,30.61,46.09,35.01,23.44,25.51,43.59,31.37,30.93
2566,637,วัดศรีดอนชัย,สารภี,เล็ก,นอกเมือง,สำนักงานคณะกรรมการการศึกษาขั้นพื้นฐาน,สพป.เชียงใหม่ เขต 4,9,21.53,17.02,22.22,41.57,15.26,15.42,22.22,41.57,26.50,23.71
2566,638,วัดศรีโพธาราม,สารภี,เล็ก,นอกเมือง,สำนักงานคณะกรรมการการศึกษาขั้นพื้นฐาน,สพป.เชียงใหม่ เขต 4,9,35.89,18.30,22.22,41.57,41.43,19.50,33.33,47.14,11.62,21.74
2566,639,วัดสันดอนมูล,สารภี,เล็ก,นอกเมือง,สำนักงานคณะกรรมการการศึกษาขั้นพื้นฐาน,สพป.เชียงใหม่ เขต 4,8,22.40,14.21,37.50,48.41,19.86,14.22,0.00,0.00,11.93,20.66
2566,640,เวียงเศรษฐีวิทยา,สารภี,เล็ก,นอกเมือง,สำนักงานคณะกรรมการการศึกษาขั้นพื้นฐาน,สพป.เชียงใหม่ เขต 4,3,43.58,20.70,33.33,47.14,26.16,9.25,33.33,47.14,33.33,23.64
2566,641,ศูนย์การเรียนแห่งความหวังและอนาคต,สารภี,เล็ก,นอกเมือง,สำนักงานคณะกรรมการการศึกษาขั้นพื้นฐาน,สพป.เชียงใหม่ เขต 4,6,34.99,11.10,16.67,37.27,19.62,11.33,16.67,37.27,32.57,36.94
2566,642,สืบนทีธรรม,สารภี,กลาง,นอกเมือง,สำนักงานคณะกรรมการส่งเสริมการศึกษาเอกชน,-,7,20.76,11.30,14.29,34.99,28.03,14.29,0.00,0.00,6.82,16.69
2566,643,ต้นแก้วผดุงพิทยาลัย,หางดง,ใหญ่,นอกเมือง,กรมส่งเสริมการปกครองท้องถิ่น,ท้องถิ่นจังหวัดเชียงใหม่,118,30.65,19.67,30.51,46.04,30.98,20.54,18.64,38.95,19.87,27.33
2566,644,เทศบาลหนองตองวิทยา,หางดง,เล็ก,นอกเมือง,กรมส่งเสริมการปกครองท้องถิ่น,ท้องถิ่นจังหวัดเชียงใหม่,13,37.27,11.65,23.08,42.13,27.17,19.68,7.69,26.65,15.03,22.57
2566,645,เทศบาลหางดง (ประชาคมสร้างสรรค์),หางดง,ใหญ่,นอกเมือง,กรมส่งเสริมการปกครองท้องถิ่น,ท้องถิ่นจังหวัดเชียงใหม่,24,39.96,22.78,20.83,40.61,36.79,21.43,8.33,27.64,24.62,35.10
2566,646,นันทชาติ เกรด สคูล,หางดง,เล็ก,นอกเมือง,สำนักงานคณะกรรมการส่งเสริมการศึกษาเอกชน,-,2,73.45,8.85,50.00,50.00,58.87,0.00,50.00,50.00,50.00,2.29
2566,647,บ้านคุณแม่,หางดง,เล็ก,นอกเมือง,สำนักงานคณะกรรมการส่งเสริมการศึกษาเอกชน,-,13,55.38,26.72,46.15,49.85,48.74,33.86,46.15,49.85,49.47,43.86
2566,648,บ้านดง,หางดง,เล็ก,นอกเมือง,สำนักงานคณะกรรมการการศึกษาขั้นพื้นฐาน,สพป.เชียงใหม่ เขต 4,12,50.05,15.66,16.67,37.27,37.61,18.72,16.67,37.27,20.26,24.00
2566,649,บ้านตองกาย,หางดง,เล็ก,นอกเมือง,สำนักงานคณะกรรมการการศึกษาขั้นพื้นฐาน,สพป.เชียงใหม่ เขต 4,11,20.69,12.06,36.36,48.10,19.62,14.49,0.00,0.00,13.01,21.25
2566,650,บ้านทรายมูล,หางดง,กลาง,นอกเมือง,สำนักงานคณะกรรมการการศึกษาขั้นพื้นฐาน,สพป.เชียงใหม่ เขต 4,26,26.27,22.87,46.15,49.85,33.21,18.67,23.08,42.13,22.37,31.13
2566,651,บ้านท้าวบุญเรือง,หางดง,เล็ก,นอกเมือง,สำนักงานคณะกรรมการการศึกษาขั้นพื้นฐาน,สพป.เชียงใหม่ เขต 4,9,25.12,20.30,22.22,41.57,26.16,18.50,11.11,31.43,26.50,23.71
2566,652,บ้านน้ำแพร่,หางดง,เล็ก,นอกเมือง,สำนักงานคณะกรรมการการศึกษาขั้นพื้นฐาน,สพป.เชียงใหม่ เขต 4,17,37.23,20.73,17.65,38.12,18.47,19.59,11.76,32.22,31.41,33.57
2566,653,บ้านปง,หางดง,เล็ก,นอกเมือง,สำนักงานคณะกรรมการการศึกษาขั้นพื้นฐาน,สพป.เชียงใหม่ เขต 4,10,40.99,25.58,10.00,30.00,37.28,18.51,0.00,0.00,35.69,32.37
2566,654,บ้านป่าตาล,หางดง,เล็ก,นอกเมือง,สำนักงานคณะกรรมการการศึกษาขั้นพื้นฐาน,สพป.เชียงใหม่ เขต 4,17,30.58,22.63,29.41,45.56,23.09,16.81,17.65,38.12,22.45,23.81
2566,655,บ้านฟ่อน,หางดง,เล็ก,นอกเมือง,สำนักงานคณะกรรมการการศึกษาขั้นพื้นฐาน,สพป.เชียงใหม่ เขต 4,5,32.30,20.43,20.00,40.00,7.85,9.61,0.00,0.00,19.08,23.37
2566,656,บ้านไร่,หางดง,เล็ก,นอกเมือง,สำนักงานคณะกรรมการการศึกษาขั้นพื้นฐาน,สพป.เชียงใหม่ เขต 4,6,38.20,18.41,33.33,47.14,33.02,21.51,16.67,37.27,24.62,24.67
2566,657,บ้านวังศรี,หางดง,เล็ก,นอกเมือง,สำนักงานคณะกรรมการการศึกษาขั้นพื้นฐาน,สพป.เชียงใหม่ เขต 4,3,32.30,13.19,33.33,47.14,45.79,9.25,0.00,0.00,0.00,0.00
2566,658,บ้านสันทราย,หางดง,เล็ก,นอกเมือง,สำนักงานคณะกรรมการการศึกษาขั้นพื้นฐาน,สพป.เชียงใหม่ เขต 4,10,29.07,9.69,40.00,48.99,17.66,22.29,10.00,30.00,19.08,23.37
2566,659,บ้านสันป่าสัก,หางดง,กลาง,นอกเมือง,สำนักงานคณะกรรมการการศึกษาขั้นพื้นฐาน,สพป.เชียงใหม่ เขต 4,53,27.57,20.53,39.62,48.91,22.58,19.95,11.32,31.68,19.16,27.36
2566,660,บ้านสันผักหวาน,หางดง,เล็ก,นอกเมือง,สำนักงานคณะกรรมการการศึกษาขั้นพื้นฐาน,สพป.เชียงใหม่ เขต 4,14,29.99,13.45,35.71,47.92,18.22,15.67,14.29,34.99,27.59,30.47
2566,661,บ้านแสนตอ,หางดง,เล็ก,นอกเมือง,สำนักงานคณะกรรมการการศึกษาขั้นพื้นฐาน,สพป.เชียงใหม่ เขต 4,7,23.29,21.33,14.29,34.99,28.03,17.73,14.29,34.99,28.57,36.44
2566,662,พันธสัญญา,หางดง,เล็ก,นอกเมือง,สำนักงานคณะกรรมการส่งเสริมการศึกษาเอกชน,-,15,32.40,19.65,33.33,47.14,23.55,14.68,6.67,24.94,19.08,23.37
2566,663,ลักษณ์พงค์วิทยา,หางดง,เล็ก,นอกเมือง,สำนักงานคณะกรรมการส่งเสริมการศึกษาเอกชน,-,8,47.20,18.03,37.50,48.41,34.34,25.49,0.00,0.00,11.93,20.66
2566,664,วัดคีรีเขต,หางดง,เล็ก,นอกเมือง,สำนักงานคณะกรรมการการศึกษาขั้นพื้นฐาน,สพป.เชียงใหม่ เขต 4,5,32.30,10.21,20.00,40.00,39.25,12.41,0.00,0.00,28.62,23.37
2566,665,วัดจอมทอง,หางดง,เล็ก,นอกเมือง,สำนักงานคณะกรรมการการศึกษาขั้นพื้นฐาน,สพป.เชียงใหม่ เขต 4,13,34.78,13.94,30.77,46.15,24.15,17.47,46.15,49.85,33.73,35.72
2566,666,วัดช่างคำ,หางดง,เล็ก,นอกเมือง,สำนักงานคณะกรรมการการศึกษาขั้นพื้นฐาน,สพป.เชียงใหม่ เขต 4,9,36.23,25.39,0.00,0.00,46.00,21.02,11.11,31.43,27.01,33.76
2566,667,วัดประชาเกษม,หางดง,เล็ก,นอกเมือง,สำนักงานคณะกรรมการการศึกษาขั้นพื้นฐาน,สพป.เชียงใหม่ เขต 4,13,23.60,18.59,15.38,36.08,27.31,21.35,7.69,26.65,18.70,23.68
2566,668,วัดพระเจ้าเหลื้อม,หางดง,เล็ก,นอกเมือง,สำนักงานคณะกรรมการการศึกษาขั้นพื้นฐาน,สพป.เชียงใหม่ เขต 4,6,32.30,18.65,33.33,47.14,32.70,18.50,16.67,37.27,31.80,22.49
2566,669,วัดศรีล้อม,หางดง,เล็ก,นอกเมือง,สำนักงานคณะกรรมการการศึกษาขั้นพื้นฐาน,สพป.เชียงใหม่ เขต 4,4,65.37,20.42,25.00,43.30,49.06,9.81,0.00,0.00,0.00,0.00
2566,670,วัดศรีสว่าง,หางดง,เล็ก,นอกเมือง,สำนักงานคณะกรรมการการศึกษาขั้นพื้นฐาน,สพป.เชียงใหม่ เขต 4,4,24.22,18.06,50.00,50.00,19.62,0.00,25.00,43.30,23.85,23.85
2566,671,สาธิตนานาชาติทวิภาษาแห่งมหาวิทยาลัยรังสิต เชียงใหม่,หางดง,กลาง,นอกเมือง,สำนักงานคณะกรรมการส่งเสริมการศึกษาเอกชน,-,7,47.03,32.61,42.86,49.49,42.59,29.28,28.57,45.18,27.26,23.61
2566,672,ชุมชนบ้านใหม่,อมก๋อย,เล็ก,นอกเมือง,สำนักงานคณะกรรมการการศึกษาขั้นพื้นฐาน,สพป.เชียงใหม่ เขต 5,18,37.22,24.64,38.89,48.75,26.16,24.47,16.67,37.27,27.01,29.37
2566,673,ชุมชนบ้านอมก๋อย,อมก๋อย,กลาง,นอกเมือง,สำนักงานคณะกรรมการการศึกษาขั้นพื้นฐาน,สพป.เชียงใหม่ เขต 5,58,24.78,16.48,31.03,46.26,20.64,15.64,15.52,36.21,17.35,24.84
2566,674,ตชด.บางกอกเชฟแชร์ริตี้,อมก๋อย,เล็ก,นอกเมือง,กองบัญชาการตำรวจตระเวนชายแดน,-,12,22.88,13.92,25.00,43.30,22.89,20.94,50.00,50.00,23.85,23.85
2566,675,ตรีมิตรวิทยา,อมก๋อย,กลาง,นอกเมือง,สำนักงานคณะกรรมการการศึกษาขั้นพื้นฐาน,สพป.เชียงใหม่ เขต 5,8,49.22,23.80,25.00,43.30,36.79,22.88,0.00,0.00,25.00,35.37
2566,676,ท่านผู้หญิงประไพ ศิวะโกเศศ,อมก๋อย,เล็ก,นอกเมือง,กองบัญชาการตำรวจตระเวนชายแดน,-,12,45.06,26.57,58.33,49.30,31.07,14.90,25.00,43.30,28.98,37.87
2566,677,ทุ่งต้นงิ้ว,อมก๋อย,เล็ก,นอกเมือง,สำนักงานคณะกรรมการการศึกษาขั้นพื้นฐาน,สพป.เชียงใหม่ เขต 5,33,19.09,16.13,39.39,48.86,14.27,13.03,12.12,32.64,24.72,26.96
2566,678,บ้านขุนตื่น,อมก๋อย,เล็ก,นอกเมือง,สำนักงานคณะกรรมการการศึกษาขั้นพื้นฐาน,สพป.เชียงใหม่ เขต 5,12,16.15,11.42,33.33,47.14,22.89,15.68,33.33,47.14,11.93,20.66
2566,679,บ้านขุนแม่ตื่นน้อย,อมก๋อย,เล็ก,นอกเมือง,สำนักงานคณะกรรมการการศึกษาขั้นพื้นฐาน,สพป.เชียงใหม่ เขต 5,25,16.80,14.06,28.00,44.90,19.62,16.65,24.00,42.71,15.63,22.82
2566,680,บ้านซิแบร,อมก๋อย,เล็ก,นอกเมือง,สำนักงานคณะกรรมการการศึกษาขั้นพื้นฐาน,สพป.เชียงใหม่ เขต 5,28,21.97,15.73,35.71,47.92,18.22,18.11,25.00,43.30,8.52,18.27
2566,681,บ้านตุงติง,อมก๋อย,เล็ก,นอกเมือง,สำนักงานคณะกรรมการการศึกษาขั้นพื้นฐาน,สพป.เชียงใหม่ เขต 5,19,29.75,16.79,26.32,44.03,15.49,13.62,10.53,30.69,10.04,19.45
2566,682,บ้านตุงลอย,อมก๋อย,กลาง,นอกเมือง,สำนักงานคณะกรรมการการศึกษาขั้นพื้นฐาน,สพป.เชียงใหม่ เขต 5,25,24.67,16.67,32.00,46.65,21.19,19.95,12.00,32.50,34.53,21.55
2566,683,บ้านทุ่งจำเริง,อมก๋อย,เล็ก,นอกเมือง,สำนักงานคณะกรรมการการศึกษาขั้นพื้นฐาน,สพป.เชียงใหม่ เขต 5,3,10.77,7.61,33.33,47.14,26.16,9.25,0.00,0.00,15.90,22.49
2566,684,บ้านนาไคร้,อมก๋อย,เล็ก,นอกเมือง,สำนักงานคณะกรรมการการศึกษาขั้นพื้นฐาน,สพป.เชียงใหม่ เขต 5,15,19.38,14.68,40.00,48.99,26.16,19.84,13.33,33.99,12.72,21.10
2566,685,บ้านใบหนา,อมก๋อย,เล็ก,นอกเมือง,สำนักงานคณะกรรมการการศึกษาขั้นพื้นฐาน,สพป.เชียงใหม่ เขต 5,12,17.49,12.26,33.33,47.14,24.53,21.38,33.33,47.14,11.93,20.66
2566,686,บ้านผาปูน,อมก๋อย,เล็ก,นอกเมือง,สำนักงานคณะกรรมการการศึกษาขั้นพื้นฐาน,สพป.เชียงใหม่ เขต 5,30,18.30,14.88,20.00,40.00,26.82,15.60,10.00,30.00,14.46,25.60
2566,687,บ้านผีปานเหนือ,อมก๋อย,กลาง,นอกเมือง,สำนักงานคณะกรรมการการศึกษาขั้นพื้นฐาน,สพป.เชียงใหม่ เขต 5,14,21.92,13.10,14.29,34.99,15.42,10.95,14.29,34.99,17.37,30.01
2566,688,บ้านมูเซอ,อมก๋อย,กลาง,นอกเมือง,สำนักงานคณะกรรมการการศึกษาขั้นพื้นฐาน,สพป.เชียงใหม่ เขต 5,31,16.67,13.90,48.39,49.97,17.09,13.87,29.03,45.39,10.77,19.95
2566,689,บ้านแม่โขง,อมก๋อย,เล็ก,นอกเมือง,สำนักงานคณะกรรมการการศึกษาขั้นพื้นฐาน,สพป.เชียงใหม่ เขต 5,12,28.26,18.79,33.33,47.14,21.26,18.72,8.33,27.64,24.24,24.27
2566,690,บ้านแม่ต๋อม,อมก๋อย,กลาง,นอกเมือง,สำนักงานคณะกรรมการการศึกษาขั้นพื้นฐาน,สพป.เชียงใหม่ เขต 5,45,23.40,18.79,42.22,49.39,20.49,18.94,20.00,40.00,18.23,25.67
2566,691,บ้านแม่ตื่น,อมก๋อย,เล็ก,นอกเมือง,สำนักงานคณะกรรมการการศึกษาขั้นพื้นฐาน,สพป.เชียงใหม่ เขต 5,6,29.87,17.28,0.00,0.00,29.43,35.38,16.67,37.27,7.95,17.78
2566,692,บ้านแม่ลานหลวง,อมก๋อย,เล็ก,นอกเมือง,สำนักงานคณะกรรมการการศึกษาขั้นพื้นฐาน,สพป.เชียงใหม่ เขต 5,17,22.80,13.63,35.29,47.79,19.62,16.49,35.29,47.79,19.64,23.48
2566,693,บ้านแม่ลานหลวง สาขาบ้านดอยซาง,อมก๋อย,เล็ก,นอกเมือง,สำนักงานคณะกรรมการการศึกษาขั้นพื้นฐาน,สพป.เชียงใหม่ เขต 5,19,24.65,13.22,36.84,48.24,15.49,15.04,31.58,46.48,17.82,23.35
2566,694,บ้านแม่สะเต,อมก๋อย,เล็ก,นอกเมือง,สำนักงานคณะกรรมการการศึกษาขั้นพื้นฐาน,สพป.เชียงใหม่ เขต 5,11,33.77,18.80,27.27,44.54,10.70,12.86,9.09,28.75,17.35,22.95
2566,695,บ้านแม่หลองน้อย,อมก๋อย,เล็ก,นอกเมือง,สำนักงานคณะกรรมการการศึกษาขั้นพื้นฐาน,สพป.เชียงใหม่ เขต 5,23,21.06,16.79,30.43,46.01,24.74,16.59,26.09,43.91,12.64,25.90
2566,696,บ้านแม่อ่างขาง,อมก๋อย,เล็ก,นอกเมือง,สำนักงานคณะกรรมการการศึกษาขั้นพื้นฐาน,สพป.เชียงใหม่ เขต 5,27,19.74,14.80,29.63,45.66,26.23,16.08,11.11,31.43,18.01,27.15
2566,697,บ้านยางแก้ว,อมก๋อย,เล็ก,นอกเมือง,สำนักงานคณะกรรมการการศึกษาขั้นพื้นฐาน,สพป.เชียงใหม่ เขต 5,19,21.25,11.78,21.05,40.77,20.66,14.89,31.58,46.48,22.60,23.82
2566,698,บ้านยางครก,อมก๋อย,เล็ก,นอกเมือง,สำนักงานคณะกรรมการการศึกษาขั้นพื้นฐาน,สพป.เชียงใหม่ เขต 5,11,22.02,15.81,45.45,49.79,14.27,16.92,9.09,28.75,13.01,21.25
2566,699,บ้านยางเปา,อมก๋อย,กลาง,นอกเมือง,สำนักงานคณะกรรมการการศึกษาขั้นพื้นฐาน,สพป.เชียงใหม่ เขต 5,20,21.15,18.85,20.00,40.00,17.66,19.52,45.00,49.75,19.08,23.37
2566,700,บ้านยางเปียง,อมก๋อย,เล็ก,นอกเมือง,สำนักงานคณะกรรมการการศึกษาขั้นพื้นฐาน,สพป.เชียงใหม่ เขต 5,9,21.53,17.02,22.22,41.57,23.98,15.42,11.11,31.43,10.60,19.83
2566,701,บ้านสบลาน,อมก๋อย,กลาง,นอกเมือง,สำนักงานคณะกรรมการการศึกษาขั้นพื้นฐาน,สพป.เชียงใหม่ เขต 5,17,21.85,12.31,47.06,49.91,27.70,20.26,23.53,42.42,2.81,11.23
2566,702,บ้านหลวง,อมก๋อย,เล็ก,นอกเมือง,สำนักงานคณะกรรมการการศึกษาขั้นพื้นฐาน,สพป.เชียงใหม่ เขต 5,17,32.66,27.29,47.06,49.91,33.47,22.08,29.41,45.56,29.14,34.42
2566,703,บ้านห้วยโค้ง,อมก๋อย,กลาง,นอกเมือง,สำนักงานคณะกรรมการการศึกษาขั้นพื้นฐาน,สพป.เชียงใหม่ เขต 5,27,15.55,13.53,37.04,48.29,15.99,15.14,29.63,45.66,14.14,21.78
2566,704,บ้านห้วยน้ำขาว,อมก๋อย,กลาง,นอกเมือง,สำนักงานคณะกรรมการการศึกษาขั้นพื้นฐาน,สพป.เชียงใหม่ เขต 5,11,14.68,10.79,36.36,48.10,21.41,21.26,9.09,28.75,21.68,23.75
2566,705,บ้านห้วยไม้หก,อมก๋อย,เล็ก,นอกเมือง,สำนักงานคณะกรรมการการศึกษาขั้นพื้นฐาน,สพป.เชียงใหม่ เขต 5,12,20.32,11.80,33.33,47.14,17.99,16.91,16.67,37.27,23.85,23.85
2566,706,บ้านห้วยหล่อดูก,อมก๋อย,เล็ก,นอกเมือง,สำนักงานคณะกรรมการการศึกษาขั้นพื้นฐาน,สพป.เชียงใหม่ เขต 5,14,39.33,13.20,0.00,0.00,21.02,17.34,28.57,45.18,17.04,22.86
2566,707,บ้านห่างหลวง,อมก๋อย,เล็ก,นอกเมือง,สำนักงานคณะกรรมการการศึกษาขั้นพื้นฐาน,สพป.เชียงใหม่ เขต 5,8,22.20,16.02,37.50,48.41,14.72,12.98,25.00,43.30,11.93,20.66
2566,708,บ้านอูตูม,อมก๋อย,กลาง,นอกเมือง,สำนักงานคณะกรรมการการศึกษาขั้นพื้นฐาน,สพป.เชียงใหม่ เขต 5,35,17.53,15.14,37.14,48.32,21.30,18.39,42.86,49.49,15.26,22.56
2566,709,รางวัลอินทิราคานธี,อมก๋อย,เล็ก,นอกเมือง,กองบัญชาการตำรวจตระเวนชายแดน,-,5,19.38,15.82,0.00,0.00,23.55,14.68,20.00,40.00,0.00,0.00
2566,710,ชุมชนบ้านท่าข้าม,ฮอด,กลาง,นอกเมือง,สำนักงานคณะกรรมการการศึกษาขั้นพื้นฐาน,สพป.เชียงใหม่ เขต 5,76,25.60,19.54,25.00,43.30,23.52,18.31,13.16,33.80,18.32,24.71
2566,711,ชุมชนบ้านแม่ทัง,ฮอด,เล็ก,นอกเมือง,สำนักงานคณะกรรมการการศึกษาขั้นพื้นฐาน,สพป.เชียงใหม่ เขต 5,7,25.38,14.59,42.86,49.49,28.03,17.73,14.29,34.99,7.47,18.30
2566,712,บ้านกองลอย,ฮอด,กลาง,นอกเมือง,สำนักงานคณะกรรมการการศึกษาขั้นพื้นฐาน,สพป.เชียงใหม่ เขต 5,23,28.09,15.95,26.09,43.91,24.74,17.57,26.09,43.91,18.67,23.28
2566,713,บ้านกองหิน,ฮอด,เล็ก,นอกเมือง,สำนักงานคณะกรรมการการศึกษาขั้นพื้นฐาน,สพป.เชียงใหม่ เขต 5,3,48.96,13.82,66.67,47.14,32.70,24.47,0.00,0.00,49.24,2.16
2566,714,บ้านกิ่วลม,ฮอด,เล็ก,นอกเมือง,สำนักงานคณะกรรมการการศึกษาขั้นพื้นฐาน,สพป.เชียงใหม่ เขต 5,4,40.76,18.58,25.00,43.30,44.15,21.38,0.00,0.00,0.00,0.00
2566,715,บ้านขุน,ฮอด,เล็ก,นอกเมือง,สำนักงานคณะกรรมการการศึกษาขั้นพื้นฐาน,สพป.เชียงใหม่ เขต 5,13,18.63,16.57,38.46,48.65,34.72,19.09,7.69,26.65,11.36,20.77
2566,716,บ้านแควมะกอก,ฮอด,กลาง,นอกเมือง,สำนักงานคณะกรรมการการศึกษาขั้นพื้นฐาน,สพป.เชียงใหม่ เขต 5,9,19.74,16.64,44.44,49.69,13.08,9.25,33.33,47.14,10.60,19.83
2566,717,บ้านโค้งงาม,ฮอด,เล็ก,นอกเมือง,สำนักงานคณะกรรมการการศึกษาขั้นพื้นฐาน,สพป.เชียงใหม่ เขต 5,1,0.00,0.00,0.00,0.00,39.25,0.00,0.00,0.00,47.71,0.00
2566,718,บ้านดงดำ,ฮอด,เล็ก,นอกเมือง,สำนักงานคณะกรรมการการศึกษาขั้นพื้นฐาน,สพป.เชียงใหม่ เขต 5,4,44.41,6.99,25.00,43.30,24.53,16.27,0.00,0.00,36.93,21.40
2566,719,บ้านดอกแดง,ฮอด,เล็ก,นอกเมือง,สำนักงานคณะกรรมการการศึกษาขั้นพื้นฐาน,สพป.เชียงใหม่ เขต 5,2,40.37,8.07,50.00,50.00,39.25,0.00,0.00,0.00,47.71,0.00
2566,720,บ้านดอยคำ,ฮอด,เล็ก,นอกเมือง,สำนักงานคณะกรรมการการศึกษาขั้นพื้นฐาน,สพป.เชียงใหม่ เขต 5,11,19.09,17.98,72.73,44.54,32.11,9.44,0.00,0.00,17.35,22.95
2566,721,บ้านเด่นวิทยา,ฮอด,เล็ก,นอกเมือง,สำนักงานคณะกรรมการการศึกษาขั้นพื้นฐาน,สพป.เชียงใหม่ เขต 5,8,24.22,16.15,50.00,50.00,32.12,27.88,25.00,43.30,29.82,23.10
2566,722,บ้านตาลใต้,ฮอด,เล็ก,นอกเมือง,สำนักงานคณะกรรมการการศึกษาขั้นพื้นฐาน,สพป.เชียงใหม่ เขต 5,1,0.00,0.00,100.00,0.00,19.62,0.00,0.00,0.00,47.71,0.00
2566,723,บ้านตาลเหนือ,ฮอด,เล็ก,นอกเมือง,สำนักงานคณะกรรมการการศึกษาขั้นพื้นฐาน,สพป.เชียงใหม่ เขต 5,21,29.22,19.06,42.86,49.49,24.29,23.38,9.52,29.35,13.63,21.55
2566,724,บ้านตีนตก,ฮอด,เล็ก,นอกเมือง,สำนักงานคณะกรรมการการศึกษาขั้นพื้นฐาน,สพป.เชียงใหม่ เขต 5,4,16.15,11.42,25.00,43.30,29.43,9.81,50.00,50.00,0.00,0.00
2566,725,บ้านเตียนอาง,ฮอด,เล็ก,นอกเมือง,สำนักงานคณะกรรมการการศึกษาขั้นพื้นฐาน,สพป.เชียงใหม่ เขต 5,11,17.62,10.79,27.27,44.54,14.27,12.10,0.00,0.00,8.67,18.40
2566,726,บ้านทุ่ง,ฮอด,เล็ก,นอกเมือง,สำนักงานคณะกรรมการการศึกษาขั้นพื้นฐาน,สพป.เชียงใหม่ เขต 5,5,38.76,7.91,0.00,0.00,15.70,14.68,0.00,0.00,28.62,23.37
2566,727,บ้านทุ่งโป่ง,ฮอด,เล็ก,นอกเมือง,สำนักงานคณะกรรมการการศึกษาขั้นพื้นฐาน,สพป.เชียงใหม่ เขต 5,7,20.98,22.80,0.00,0.00,28.03,20.60,71.43,45.18,13.63,21.55
2566,728,บ้านนาคอเรือ,ฮอด,เล็ก,นอกเมือง,สำนักงานคณะกรรมการการศึกษาขั้นพื้นฐาน,สพป.เชียงใหม่ เขต 5,11,38.31,16.05,9.09,28.75,21.58,13.35,27.27,44.54,22.10,32.27
2566,729,บ้านนาฟ่อน,ฮอด,เล็ก,นอกเมือง,สำนักงานคณะกรรมการการศึกษาขั้นพื้นฐาน,สพป.เชียงใหม่ เขต 5,21,18.46,15.98,23.81,42.59,19.62,21.83,19.05,39.27,16.12,22.82
2566,730,บ้านบ่อสลี,ฮอด,เล็ก,นอกเมือง,สำนักงานคณะกรรมการการศึกษาขั้นพื้นฐาน,สพป.เชียงใหม่ เขต 5,12,21.53,17.85,58.33,49.30,29.43,23.36,25.00,43.30,36.54,35.77
2566,731,บ้านบ่อหลวง,ฮอด,กลาง,นอกเมือง,สำนักงานคณะกรรมการการศึกษาขั้นพื้นฐาน,สพป.เชียงใหม่ เขต 5,26,23.60,15.01,26.92,44.36,18.11,15.32,15.38,36.08,24.38,28.08
2566,732,บ้านผาแตน,ฮอด,เล็ก,นอกเมือง,สำนักงานคณะกรรมการการศึกษาขั้นพื้นฐาน,สพป.เชียงใหม่ เขต 5,5,32.30,10.21,40.00,48.99,31.40,15.70,60.00,48.99,20.00,24.54
2566,733,บ้านพุย,ฮอด,เล็ก,นอกเมือง,สำนักงานคณะกรรมการการศึกษาขั้นพื้นฐาน,สพป.เชียงใหม่ เขต 5,15,24.76,14.28,33.33,47.14,20.93,19.58,20.00,40.00,12.72,21.10
2566,734,บ้านแม่งูด,ฮอด,เล็ก,นอกเมือง,สำนักงานคณะกรรมการการศึกษาขั้นพื้นฐาน,สพป.เชียงใหม่ เขต 5,7,23.07,14.59,28.57,45.18,8.41,9.71,14.29,34.99,6.82,16.69
2566,735,บ้านแม่ลอง,ฮอด,เล็ก,นอกเมือง,สำนักงานคณะกรรมการการศึกษาขั้นพื้นฐาน,สพป.เชียงใหม่ เขต 5,15,53.48,26.80,20.00,40.00,34.26,19.66,20.00,40.00,29.85,35.53
2566,736,บ้านแม่ลาย,ฮอด,เล็ก,นอกเมือง,สำนักงานคณะกรรมการการศึกษาขั้นพื้นฐาน,สพป.เชียงใหม่ เขต 5,11,30.83,18.80,0.00,0.00,26.76,20.96,18.18,38.57,17.76,23.53
2566,737,บ้านแม่ลายเหนือ,ฮอด,เล็ก,นอกเมือง,สำนักงานคณะกรรมการการศึกษาขั้นพื้นฐาน,สพป.เชียงใหม่ เขต 5,17,27.82,22.53,29.41,45.56,25.39,21.03,17.65,38.12,14.57,22.61
2566,738,บ้านแม่สะนาม,ฮอด,เล็ก,นอกเมือง,สำนักงานคณะกรรมการการศึกษาขั้นพื้นฐาน,สพป.เชียงใหม่ เขต 5,6,26.92,12.04,0.00,0.00,32.70,9.25,0.00,0.00,23.85,23.85
2566,739,บ้านแม่อมลอง,ฮอด,เล็ก,นอกเมือง,สำนักงานคณะกรรมการการศึกษาขั้นพื้นฐาน,สพป.เชียงใหม่ เขต 5,7,29.99,18.17,0.00,0.00,25.23,13.73,42.86,49.49,0.00,0.00
2566,740,บ้านวังกอง,ฮอด,เล็ก,นอกเมือง,สำนักงานคณะกรรมการการศึกษาขั้นพื้นฐาน,สพป.เชียงใหม่ เขต 5,11,23.49,19.91,27.27,44.54,21.41,17.66,9.09,28.75,13.01,21.25
2566,741,บ้านวังลุง,ฮอด,เล็ก,นอกเมือง,สำนักงานคณะกรรมการการศึกษาขั้นพื้นฐาน,สพป.เชียงใหม่ เขต 5,13,22.36,11.92,15.38,36.08,25.66,14.16,7.69,26.65,22.72,31.44
2566,742,บ้านหางดง,ฮอด,เล็ก,นอกเมือง,สำนักงานคณะกรรมการการศึกษาขั้นพื้นฐาน,สพป.เชียงใหม่ เขต 5,6,18.84,17.23,50.00,50.00,39.25,11.33,0.00,0.00,47.71,0.00
2566,743,ฟ้าใส,ฮอด,เล็ก,นอกเมือง,สำนักงานคณะกรรมการส่งเสริมการศึกษาเอกชน,-,5,72.92,27.70,20.00,40.00,55.32,26.66,60.00,48.99,50.46,44.73
2566,744,แม่โถวิทยาคม,ฮอด,กลาง,นอกเมือง,สำนักงานคณะกรรมการการศึกษาขั้นพื้นฐาน,สพป.เชียงใหม่ เขต 5,47,22.68,14.39,38.30,48.61,27.56,19.69,23.40,42.34,21.51,23.95
2565,1,บ้านขุนแม่รวม,กัลยาณิวัฒนา,เล็ก,นอกเมือง,สำนักงานคณะกรรมการการศึกษาขั้นพื้นฐาน,สพป.เชียงใหม่ เขต 6,15,23.69,21.15,53.33,49.89,24.86,13.34,26.67,44.22,12.72,21.10
2565,2,บ้านจันทร์,กัลยาณิวัฒนา,เล็ก,นอกเมือง,สำนักงานคณะกรรมการการศึกษาขั้นพื้นฐาน,สพป.เชียงใหม่ เขต 6,12,18.84,17.23,25.00,43.30,19.62,17.91,8.33,27.64,23.85,23.85
2565,3,บ้านจันทร์ สาขาแจ่มน้อย,กัลยาณิวัฒนา,เล็ก,นอกเมือง,สำนักงานคณะกรรมการการศึกษาขั้นพื้นฐาน,สพป.เชียงใหม่ เขต 6,5,22.61,12.92,60.00,48.99,27.47,15.70,40.00,48.99,9.54,19.08
2565,4,บ้านแม่แดดน้อย,กัลยาณิวัฒนา,เล็ก,นอกเมือง,สำนักงานคณะกรรมการการศึกษาขั้นพื้นฐาน,สพป.เชียงใหม่ เขต 6,3,10.77,7.61,66.67,47.14,52.33,9.25,0.00,0.00,0.00,0.00
2565,5,บ้านแม่แดดน้อย สาขาบ้านดงสามหมื่น,กัลยาณิวัฒนา,เล็ก,นอกเมือง,สำนักงานคณะกรรมการการศึกษาขั้นพื้นฐาน,สพป.เชียงใหม่ เขต 6,5,19.38,12.08,40.00,48.99,35.32,19.23,20.00,40.00,9.54,19.08
2565,6,บ้านแม่ตะละ,กัลยาณิวัฒนา,เล็ก,นอกเมือง,สำนักงานคณะกรรมการการศึกษาขั้นพื้นฐาน,สพป.เชียงใหม่ เขต 6,4,28.26,6.99,25.00,43.30,9.81,9.81,25.00,43.30,13.07,22.64
2565,7,บ้านแม่ตะละเหนือ,กัลยาณิวัฒนา,เล็ก,นอกเมือง,สำนักงานคณะกรรมการการศึกษาขั้นพื้นฐาน,สพป.เชียงใหม่ เขต 6,3,16.15,13.19,33.33,47.14,19.62,0.00,0.00,0.00,0.00,0.00
2565,8,บ้านห้วยยา,กัลยาณิวัฒนา,เล็ก,นอกเมือง,สำนักงานคณะกรรมการการศึกษาขั้นพื้นฐาน,สพป.เชียงใหม่ เขต 6,9,17.94,14.13,11.11,31.43,21.80,19.50,44.44,49.69,15.90,22.49
2565,9,สามัคคีสันม่วง,กัลยาณิวัฒนา,เล็ก,นอกเมือง,สำนักงานคณะกรรมการการศึกษาขั้นพื้นฐาน,สพป.เชียงใหม่ เขต 6,22,13.21,12.54,22.73,41.91,24.08,15.58,36.36,48.10,11.05,25.35
2565,10,ณัทชวิทย์,จอมทอง,เล็ก,นอกเมือง,สำนักงานคณะกรรมการส่งเสริมการศึกษาเอกชน,-,25,39.19,27.02,64.00,48.00,30.76,17.95,60.00,48.99,23.82,40.19
2565,11,เทศบาลจอมทอง ๑ (ชุมชนบ้านข่วงเปาเหนือ),จอมทอง,เล็ก,นอกเมือง,กรมส่งเสริมการปกครองท้องถิ่น,ท้องถิ่นจังหวัดเชียงใหม่,26,24.90,19.25,42.31,49.40,21.89,21.31,34.62,47.57,7.52,17.64
2565,12,ไทยรัฐวิทยา 79 (บ้านหนองอาบช้าง),จอมทอง,เล็ก,นอกเมือง,สำนักงานคณะกรรมการการศึกษาขั้นพื้นฐาน,สพป.เชียงใหม่ เขต 6,12,27.04,19.18,58.33,49.30,16.35,17.61,58.33,49.30,3.98,13.19
2565,13,นิยมไพรผาหมอนอินทนนท์,จอมทอง,เล็ก,นอกเมือง,สำนักงานคณะกรรมการการศึกษาขั้นพื้นฐาน,สพป.เชียงใหม่ เขต 6,19,22.95,19.12,47.37,49.93,20.66,19.60,21.05,40.77,7.77,17.97
2565,14,บ้านข่วงเปาใต้,จอมทอง,เล็ก,นอกเมือง,สำนักงานคณะกรรมการการศึกษาขั้นพื้นฐาน,สพป.เชียงใหม่ เขต 6,5,29.38,21.94,40.00,48.99,23.55,19.23,20.00,40.00,0.00,0.00
2565,15,บ้านขุนกลาง,จอมทอง,กลาง,นอกเมือง,สำนักงานคณะกรรมการการศึกษาขั้นพื้นฐาน,สพป.เชียงใหม่ เขต 6,32,16.15,12.11,25.00,43.30,22.69,17.07,37.50,48.41,7.60,17.67
2565,16,บ้านขุนกลาง สาขาแม่ยะน้อย,จอมทอง,เล็ก,นอกเมือง,สำนักงานคณะกรรมการการศึกษาขั้นพื้นฐาน,สพป.เชียงใหม่ เขต 6,4,20.19,13.39,0.00,0.00,19.62,0.00,50.00,50.00,0.00,0.00
2565,17,บ้านขุนแตะ,จอมทอง,เล็ก,นอกเมือง,สำนักงานคณะกรรมการการศึกษาขั้นพื้นฐาน,สพป.เชียงใหม่ เขต 6,15,18.30,11.60,33.33,47.14,20.93,23.18,20.00,40.00,13.03,21.63
2565,18,บ้านขุนยะ,จอมทอง,เล็ก,นอกเมือง,สำนักงานคณะกรรมการการศึกษาขั้นพื้นฐาน,สพป.เชียงใหม่ เขต 6,7,9.23,11.76,42.86,49.49,22.43,19.42,42.86,49.49,0.00,0.00
2565,19,บ้านท่าข้าม,จอมทอง,เล็ก,นอกเมือง,สำนักงานคณะกรรมการการศึกษาขั้นพื้นฐาน,สพป.เชียงใหม่ เขต 6,7,30.21,18.59,71.43,45.18,19.62,14.83,28.57,45.18,7.47,18.30
2565,20,บ้านท่าหลุก,จอมทอง,เล็ก,นอกเมือง,สำนักงานคณะกรรมการการศึกษาขั้นพื้นฐาน,สพป.เชียงใหม่ เขต 6,3,26.92,7.61,66.67,47.14,13.08,9.25,66.67,47.14,34.86,24.65
2565,21,บ้านน้ำตกแม่กลาง,จอมทอง,เล็ก,นอกเมือง,สำนักงานคณะกรรมการการศึกษาขั้นพื้นฐาน,สพป.เชียงใหม่ เขต 6,9,17.94,19.33,33.33,47.14,26.37,24.92,33.33,47.14,22.73,25.45
2565,22,บ้านบนนา,จอมทอง,เล็ก,นอกเมือง,สำนักงานคณะกรรมการการศึกษาขั้นพื้นฐาน,สพป.เชียงใหม่ เขต 6,15,22.71,15.55,53.33,49.89,13.08,15.48,26.67,44.22,12.72,21.10
2565,23,บ้านปากทางท่าลี่,จอมทอง,เล็ก,นอกเมือง,สำนักงานคณะกรรมการการศึกษาขั้นพื้นฐาน,สพป.เชียงใหม่ เขต 6,7,16.15,17.26,28.57,45.18,14.02,8.86,28.57,45.18,0.00,0.00
2565,24,บ้านเมืองกลาง,จอมทอง,เล็ก,นอกเมือง,สำนักงานคณะกรรมการการศึกษาขั้นพื้นฐาน,สพป.เชียงใหม่ เขต 6,6,37.68,24.07,66.67,47.14,32.70,24.47,66.67,47.14,33.33,47.14
2565,25,บ้านเมืองอาง,จอมทอง,เล็ก,นอกเมือง,สำนักงานคณะกรรมการการศึกษาขั้นพื้นฐาน,สพป.เชียงใหม่ เขต 6,4,4.04,6.99,0.00,0.00,29.43,21.94,25.00,43.30,0.00,0.00
2565,26,บ้านแม่ปอน,จอมทอง,เล็ก,นอกเมือง,สำนักงานคณะกรรมการการศึกษาขั้นพื้นฐาน,สพป.เชียงใหม่ เขต 6,10,29.07,17.39,40.00,48.99,17.66,13.74,30.00,45.83,14.31,21.86
2565,27,บ้านแม่สอย,จอมทอง,เล็ก,นอกเมือง,สำนักงานคณะกรรมการการศึกษาขั้นพื้นฐาน,สพป.เชียงใหม่ เขต 6,12,47.49,15.72,58.33,49.30,14.72,11.68,41.67,49.30,25.00,32.30
2565,28,บ้านโรงวัว,จอมทอง,เล็ก,นอกเมือง,สำนักงานคณะกรรมการการศึกษาขั้นพื้นฐาน,สพป.เชียงใหม่ เขต 6,11,22.02,12.46,36.36,48.10,28.54,12.86,45.45,49.79,8.67,18.40
2565,29,บ้านสบเตี๊ยะ,จอมทอง,กลาง,นอกเมือง,สำนักงานคณะกรรมการการศึกษาขั้นพื้นฐาน,สพป.เชียงใหม่ เขต 6,7,23.07,11.76,28.57,45.18,25.23,8.86,57.14,49.49,21.10,36.17
2565,30,บ้านสบแปะ,จอมทอง,เล็ก,นอกเมือง,สำนักงานคณะกรรมการการศึกษาขั้นพื้นฐาน,สพป.เชียงใหม่ เขต 6,9,23.50,15.72,66.67,47.14,26.16,13.08,33.33,47.14,10.60,19.83
2565,31,บ้านหนองคัน,จอมทอง,เล็ก,นอกเมือง,สำนักงานคณะกรรมการการศึกษาขั้นพื้นฐาน,สพป.เชียงใหม่ เขต 6,4,49.22,16.93,75.00,43.30,24.53,8.50,75.00,43.30,13.07,22.64
2565,32,บ้านห้วยทราย,จอมทอง,เล็ก,นอกเมือง,สำนักงานคณะกรรมการการศึกษาขั้นพื้นฐาน,สพป.เชียงใหม่ เขต 6,3,21.53,7.61,100.00,0.00,26.16,24.47,0.00,0.00,15.90,22.49
2565,33,บ้านห้วยน้ำดิบ,จอมทอง,เล็ก,นอกเมือง,สำนักงานคณะกรรมการการศึกษาขั้นพื้นฐาน,สพป.เชียงใหม่ เขต 6,6,26.92,15.23,16.67,37.27,16.35,13.48,50.00,50.00,8.72,19.49
2565,34,บ้านห้วยม่วง,จอมทอง,เล็ก,นอกเมือง,สำนักงานคณะกรรมการการศึกษาขั้นพื้นฐาน,สพป.เชียงใหม่ เขต 6,7,27.68,11.30,57.14,49.49,28.03,14.29,14.29,34.99,14.29,22.62
2565,35,บ้านห้วยม่วงฝั่งซ้าย,จอมทอง,เล็ก,นอกเมือง,สำนักงานคณะกรรมการการศึกษาขั้นพื้นฐาน,สพป.เชียงใหม่ เขต 6,0,-,-,-,-,-,-,-,-,-,-
2565,36,บ้านห้วยส้มป่อย,จอมทอง,เล็ก,นอกเมือง,สำนักงานคณะกรรมการการศึกษาขั้นพื้นฐาน,สพป.เชียงใหม่ เขต 6,7,18.46,10.32,71.43,45.18,19.62,10.49,14.29,34.99,0.00,0.00
2565,37,บ้านห้วยสะแพด,จอมทอง,เล็ก,นอกเมือง,สำนักงานคณะกรรมการการศึกษาขั้นพื้นฐาน,สพป.เชียงใหม่ เขต 6,10,29.07,15.82,60.00,48.99,19.62,15.20,50.00,50.00,9.54,19.08
2565,38,บ้านหาดนาค,จอมทอง,เล็ก,นอกเมือง,สำนักงานคณะกรรมการการศึกษาขั้นพื้นฐาน,สพป.เชียงใหม่ เขต 6,2,8.07,8.07,50.00,50.00,39.25,0.00,50.00,50.00,0.00,0.00
2565,39,บ้านใหม่สารภี,จอมทอง,เล็ก,นอกเมือง,สำนักงานคณะกรรมการการศึกษาขั้นพื้นฐาน,สพป.เชียงใหม่ เขต 6,11,28.04,14.14,63.64,48.10,19.62,18.71,36.36,48.10,13.01,21.25
2565,40,ป่ากล้วยพัฒนา,จอมทอง,เล็ก,นอกเมือง,สำนักงานคณะกรรมการการศึกษาขั้นพื้นฐาน,สพป.เชียงใหม่ เขต 6,10,16.15,16.15,40.00,48.99,13.74,17.66,30.00,45.83,10.00,20.03
2565,41,วัดพระบาท,จอมทอง,เล็ก,นอกเมือง,สำนักงานคณะกรรมการการศึกษาขั้นพื้นฐาน,สพป.เชียงใหม่ เขต 6,1,66.15,0.00,100.00,0.00,58.87,0.00,100.00,0.00,52.29,0.00
2565,42,ศรีจอมทอง,จอมทอง,ใหญ่,นอกเมือง,สำนักงานคณะกรรมการการศึกษาขั้นพื้นฐาน,สพป.เชียงใหม่ เขต 6,123,53.48,26.11,82.11,38.32,39.51,24.28,71.54,45.12,28.99,31.36
2565,43,สุทธิวงศ์ดำรงวิทย์,จอมทอง,เล็ก,นอกเมือง,สำนักงานคณะกรรมการส่งเสริมการศึกษาเอกชน,-,13,17.39,13.38,23.08,42.13,21.13,12.08,46.15,49.85,7.34,17.21
2565,44,แกน้อยศึกษา,เชียงดาว,กลาง,นอกเมือง,สำนักงานคณะกรรมการการศึกษาขั้นพื้นฐาน,สพป.เชียงใหม่ เขต 3,10,20.99,17.76,20.00,40.00,13.74,15.33,20.00,40.00,4.77,14.31
2565,45,โครงการหลวงแกน้อย,เชียงดาว,เล็ก,นอกเมือง,สำนักงานคณะกรรมการการศึกษาขั้นพื้นฐาน,สพป.เชียงใหม่ เขต 3,7,20.76,11.30,14.29,34.99,19.62,14.83,14.29,34.99,6.82,16.69
2565,46,เจ้าฟ้าอุบลรัตน์,เชียงดาว,กลาง,นอกเมือง,สำนักงานคณะกรรมการส่งเสริมการศึกษาเอกชน,-,19,19.63,20.13,21.05,40.77,14.46,15.39,42.11,49.37,15.79,28.36
2565,47,ชุมชนบ้านเมืองงาย,เชียงดาว,กลาง,นอกเมือง,สำนักงานคณะกรรมการการศึกษาขั้นพื้นฐาน,สพป.เชียงใหม่ เขต 3,23,29.69,19.75,60.87,48.80,24.74,13.22,34.78,47.63,8.70,24.02
2565,48,ชุมชนบ้านวังจ๊อม,เชียงดาว,กลาง,นอกเมือง,สำนักงานคณะกรรมการการศึกษาขั้นพื้นฐาน,สพป.เชียงใหม่ เขต 3,10,22.76,19.72,60.00,48.99,31.40,21.85,20.00,40.00,10.00,20.03
2565,49,ตชด.เฉลิมพระเกียรติฯ บ้านแกน้อย,เชียงดาว,เล็ก,นอกเมือง,กองบัญชาการตำรวจตระเวนชายแดน,-,22,21.50,21.71,50.00,50.00,24.08,15.58,27.27,44.54,4.34,13.71
2565,50,บ้านเชียงดาว,เชียงดาว,กลาง,นอกเมือง,สำนักงานคณะกรรมการการศึกษาขั้นพื้นฐาน,สพป.เชียงใหม่ เขต 3,92,29.68,21.31,45.65,49.81,25.17,19.26,29.35,45.54,12.69,22.62
2565,51,บ้านดอน,เชียงดาว,เล็ก,นอกเมือง,สำนักงานคณะกรรมการการศึกษาขั้นพื้นฐาน,สพป.เชียงใหม่ เขต 3,4,29.04,21.73,75.00,43.30,29.43,9.81,0.00,0.00,13.07,22.64
2565,52,บ้านถ้ำ,เชียงดาว,เล็ก,นอกเมือง,สำนักงานคณะกรรมการการศึกษาขั้นพื้นฐาน,สพป.เชียงใหม่ เขต 3,8,24.42,16.45,50.00,50.00,26.98,19.47,37.50,48.41,5.96,15.78
2565,53,บ้านทุ่งข้าวพวง,เชียงดาว,กลาง,นอกเมือง,สำนักงานคณะกรรมการการศึกษาขั้นพื้นฐาน,สพป.เชียงใหม่ เขต 3,28,19.67,13.33,35.71,47.92,23.13,20.35,39.29,48.84,7.31,17.91
2565,54,บ้านทุ่งละคร,เชียงดาว,เล็ก,นอกเมือง,สำนักงานคณะกรรมการการศึกษาขั้นพื้นฐาน,สพป.เชียงใหม่ เขต 3,6,16.15,16.15,50.00,50.00,19.62,11.33,16.67,37.27,8.72,19.49
2565,55,บ้านทุ่งหลุก,เชียงดาว,เล็ก,นอกเมือง,สำนักงานคณะกรรมการการศึกษาขั้นพื้นฐาน,สพป.เชียงใหม่ เขต 3,6,43.32,22.64,100.00,0.00,39.25,19.62,33.33,47.14,7.95,17.78
2565,56,บ้านนาหวาย,เชียงดาว,กลาง,นอกเมือง,สำนักงานคณะกรรมการการศึกษาขั้นพื้นฐาน,สพป.เชียงใหม่ เขต 3,34,23.03,15.52,47.06,49.91,21.35,16.74,47.06,49.91,11.90,21.48
2565,57,บ้านปางแดง,เชียงดาว,เล็ก,นอกเมือง,สำนักงานคณะกรรมการการศึกษาขั้นพื้นฐาน,สพป.เชียงใหม่ เขต 3,7,25.38,7.99,42.86,49.49,30.84,17.73,42.86,49.49,0.00,0.00
2565,58,บ้านปางเฟือง,เชียงดาว,เล็ก,นอกเมือง,สำนักงานคณะกรรมการการศึกษาขั้นพื้นฐาน,สพป.เชียงใหม่ เขต 3,9,34.27,14.31,55.56,49.69,21.80,21.58,22.22,41.57,5.30,14.99
2565,59,บ้านปางมะเยา,เชียงดาว,กลาง,นอกเมือง,สำนักงานคณะกรรมการการศึกษาขั้นพื้นฐาน,สพป.เชียงใหม่ เขต 3,20,17.03,14.14,25.00,43.30,18.64,19.10,40.00,48.99,7.39,17.60
2565,60,บ้านป่าบง,เชียงดาว,เล็ก,นอกเมือง,สำนักงานคณะกรรมการการศึกษาขั้นพื้นฐาน,สพป.เชียงใหม่ เขต 3,4,20.19,13.39,0.00,0.00,29.43,16.99,0.00,0.00,36.93,21.40
2565,61,บ้านเมืองคอง,เชียงดาว,เล็ก,นอกเมือง,สำนักงานคณะกรรมการการศึกษาขั้นพื้นฐาน,สพป.เชียงใหม่ เขต 3,15,20.46,17.16,46.67,49.89,22.36,14.25,40.00,48.99,0.00,0.00
2565,62,บ้านเมืองนะ,เชียงดาว,กลาง,นอกเมือง,สำนักงานคณะกรรมการการศึกษาขั้นพื้นฐาน,สพป.เชียงใหม่ เขต 3,58,17.87,15.89,41.38,49.25,23.01,19.67,22.41,41.70,15.20,26.21
2565,63,บ้านแม่กอนใน,เชียงดาว,เล็ก,นอกเมือง,สำนักงานคณะกรรมการการศึกษาขั้นพื้นฐาน,สพป.เชียงใหม่ เขต 3,17,19.00,13.83,29.41,45.56,9.23,13.66,35.29,47.79,11.49,20.75
2565,64,บ้านแม่นะ,เชียงดาว,กลาง,นอกเมือง,สำนักงานคณะกรรมการการศึกษาขั้นพื้นฐาน,สพป.เชียงใหม่ เขต 3,21,16.92,12.68,38.10,48.56,25.23,18.31,47.62,49.94,9.52,19.66
2565,65,บ้านแม่ป๋าม,เชียงดาว,เล็ก,นอกเมือง,สำนักงานคณะกรรมการการศึกษาขั้นพื้นฐาน,สพป.เชียงใหม่ เขต 3,8,22.20,11.24,75.00,43.30,34.34,12.98,37.50,48.41,23.85,23.85
2565,66,บ้านแม่แมะ,เชียงดาว,เล็ก,นอกเมือง,สำนักงานคณะกรรมการการศึกษาขั้นพื้นฐาน,สพป.เชียงใหม่ เขต 3,7,27.91,25.95,42.86,49.49,28.03,23.12,14.29,34.99,0.00,0.00
2565,67,บ้านแม่อ้อใน,เชียงดาว,เล็ก,นอกเมือง,สำนักงานคณะกรรมการการศึกษาขั้นพื้นฐาน,สพป.เชียงใหม่ เขต 3,16,32.59,21.81,68.75,46.35,25.75,15.07,25.00,43.30,6.25,16.56
2565,68,บ้านรินหลวง,เชียงดาว,เล็ก,นอกเมือง,สำนักงานคณะกรรมการการศึกษาขั้นพื้นฐาน,สพป.เชียงใหม่ เขต 3,24,26.37,19.38,45.83,49.83,17.17,19.88,45.83,49.83,14.11,22.00
2565,69,บ้านสบคาบ,เชียงดาว,เล็ก,นอกเมือง,สำนักงานคณะกรรมการการศึกษาขั้นพื้นฐาน,สพป.เชียงใหม่ เขต 3,4,4.04,6.99,0.00,0.00,9.81,9.81,0.00,0.00,13.07,22.64
2565,70,บ้านสันป่าเกี๊ยะ,เชียงดาว,เล็ก,นอกเมือง,สำนักงานคณะกรรมการการศึกษาขั้นพื้นฐาน,สพป.เชียงใหม่ เขต 3,4,28.26,13.39,25.00,43.30,39.25,13.88,50.00,50.00,0.00,0.00
2565,71,บ้านหนองเขียว,เชียงดาว,กลาง,นอกเมือง,สำนักงานคณะกรรมการการศึกษาขั้นพื้นฐาน,สพป.เชียงใหม่ เขต 3,40,12.52,12.24,22.50,41.76,18.64,18.59,40.00,48.99,10.73,19.92
2565,72,บ้านหนองแขม,เชียงดาว,เล็ก,นอกเมือง,กองบัญชาการตำรวจตระเวนชายแดน,-,12,38.20,19.44,83.33,37.27,39.25,11.33,33.33,47.14,3.98,13.19
2565,73,บ้านหนองบัว,เชียงดาว,เล็ก,นอกเมือง,สำนักงานคณะกรรมการการศึกษาขั้นพื้นฐาน,สพป.เชียงใหม่ เขต 3,14,12.69,6.63,42.86,49.49,15.42,10.95,71.43,45.18,6.82,16.69
2565,74,บ้านห้วยจะค่าน ตชด.อนุสรณ์,เชียงดาว,กลาง,นอกเมือง,สำนักงานคณะกรรมการการศึกษาขั้นพื้นฐาน,สพป.เชียงใหม่ เขต 3,19,18.70,14.12,26.32,44.03,32.02,15.87,15.79,36.46,20.09,23.55
2565,75,บ้านห้วยทรายขาว,เชียงดาว,เล็ก,นอกเมือง,สำนักงานคณะกรรมการการศึกษาขั้นพื้นฐาน,สพป.เชียงใหม่ เขต 3,6,13.46,11.10,50.00,50.00,19.62,16.02,33.33,47.14,0.00,0.00
2565,76,บ้านห้วยเป้า,เชียงดาว,เล็ก,นอกเมือง,กรมส่งเสริมการปกครองท้องถิ่น,ท้องถิ่นจังหวัดเชียงใหม่,14,23.07,13.25,57.14,49.49,22.43,17.95,35.71,47.92,13.96,22.10
2565,77,บ้านใหม่,เชียงดาว,เล็ก,นอกเมือง,สำนักงานคณะกรรมการการศึกษาขั้นพื้นฐาน,สพป.เชียงใหม่ เขต 3,6,18.84,11.10,33.33,47.14,39.25,11.33,33.33,47.14,15.90,22.49
2565,78,บ้านอรุโณทัย,เชียงดาว,ใหญ่พิเศษ,นอกเมือง,สำนักงานคณะกรรมการการศึกษาขั้นพื้นฐาน,สพป.เชียงใหม่ เขต 3,71,26.62,22.82,43.66,49.60,23.49,21.75,43.66,49.60,8.93,20.66
2565,79,บ้านออน,เชียงดาว,เล็ก,นอกเมือง,สำนักงานคณะกรรมการการศึกษาขั้นพื้นฐาน,สพป.เชียงใหม่ เขต 3,7,20.76,11.30,71.43,45.18,16.82,16.35,57.14,49.49,14.29,22.62
2565,80,เบญจม 2 บ้านน้ำรู,เชียงดาว,เล็ก,นอกเมือง,สำนักงานคณะกรรมการการศึกษาขั้นพื้นฐาน,สพป.เชียงใหม่ เขต 3,20,20.99,12.61,35.00,47.70,23.55,17.11,30.00,45.83,4.77,14.31
2565,81,พัฒนาต้นน้ำขุนคอง,เชียงดาว,เล็ก,นอกเมือง,สำนักงานคณะกรรมการการศึกษาขั้นพื้นฐาน,สพป.เชียงใหม่ เขต 3,17,22.89,12.65,47.06,49.91,19.62,15.05,41.18,49.22,3.08,12.30
2565,82,มิตรมวลชนเชียงใหม่,เชียงดาว,กลาง,นอกเมือง,สำนักงานคณะกรรมการการศึกษาขั้นพื้นฐาน,สพป.เชียงใหม่ เขต 3,17,15.29,13.08,35.29,47.79,18.47,14.23,29.41,45.56,5.88,16.13
2565,83,วัดจอมคีรี,เชียงดาว,เล็ก,นอกเมือง,สำนักงานคณะกรรมการการศึกษาขั้นพื้นฐาน,สพป.เชียงใหม่ เขต 3,12,41.02,21.72,66.67,47.14,24.69,23.21,66.67,47.14,12.69,22.01
2565,84,วัดปางมะโอ,เชียงดาว,เล็ก,นอกเมือง,สำนักงานคณะกรรมการการศึกษาขั้นพื้นฐาน,สพป.เชียงใหม่ เขต 3,1,32.30,0.00,100.00,0.00,39.25,0.00,100.00,0.00,0.00,0.00
2565,85,ศีลรวี,เชียงดาว,กลาง,นอกเมือง,สำนักงานคณะกรรมการส่งเสริมการศึกษาเอกชน,-,71,32.79,20.93,53.52,49.88,26.59,19.93,40.85,49.15,14.63,25.52
2565,86,ศึกษาสงเคราะห์เชียงดาว,เชียงดาว,กลาง,นอกเมือง,สำนักบริหารงานการศึกษาพิเศษ,-,59,15.90,15.39,32.20,46.73,16.66,16.53,20.34,40.25,10.01,21.87
2565,87,ฉัตรพฤกษ์วิทยา,ไชยปราการ,เล็ก,นอกเมือง,สำนักงานคณะกรรมการส่งเสริมการศึกษาเอกชน,-,17,26.78,23.76,35.29,47.79,27.70,17.88,58.82,49.22,11.49,20.75
2565,88,ชุมชนวัดศรีดงเย็น,ไชยปราการ,กลาง,นอกเมือง,สำนักงานคณะกรรมการการศึกษาขั้นพื้นฐาน,สพป.เชียงใหม่ เขต 3,34,28.16,22.18,50.00,50.00,24.24,15.83,29.41,45.56,9.96,19.57
2565,89,เทศบาล 1 ไชยปราการ,ไชยปราการ,กลาง,นอกเมือง,กรมส่งเสริมการปกครองท้องถิ่น,ท้องถิ่นจังหวัดเชียงใหม่,47,22.16,17.79,42.55,49.44,22.13,21.65,34.04,47.39,12.47,25.83
2565,90,บ้านต้นโชค,ไชยปราการ,เล็ก,นอกเมือง,สำนักงานคณะกรรมการการศึกษาขั้นพื้นฐาน,สพป.เชียงใหม่ เขต 3,18,20.00,17.76,55.56,49.69,20.71,17.88,22.22,41.57,13.76,27.77
2565,91,บ้านถ้ำตับเตา,ไชยปราการ,เล็ก,นอกเมือง,สำนักงานคณะกรรมการการศึกษาขั้นพื้นฐาน,สพป.เชียงใหม่ เขต 3,3,43.58,8.00,66.67,47.14,32.70,9.25,33.33,47.14,33.33,23.64
2565,92,บ้านปง,ไชยปราการ,เล็ก,นอกเมือง,สำนักงานคณะกรรมการการศึกษาขั้นพื้นฐาน,สพป.เชียงใหม่ เขต 3,19,26.35,19.75,42.11,49.37,30.98,21.42,31.58,46.48,10.53,20.41
2565,93,บ้านปงตำ,ไชยปราการ,เล็ก,นอกเมือง,สำนักงานคณะกรรมการการศึกษาขั้นพื้นฐาน,สพป.เชียงใหม่ เขต 3,13,18.63,18.84,30.77,46.15,22.64,12.98,7.69,26.65,4.02,13.93
2565,94,บ้านป่างิ้ว,ไชยปราการ,เล็ก,นอกเมือง,สำนักงานคณะกรรมการการศึกษาขั้นพื้นฐาน,สพป.เชียงใหม่ เขต 3,13,26.33,17.70,76.92,42.13,16.75,10.51,38.46,48.65,3.67,12.71
2565,95,บ้านผาแดง,ไชยปราการ,เล็ก,นอกเมือง,สำนักงานคณะกรรมการการศึกษาขั้นพื้นฐาน,สพป.เชียงใหม่ เขต 3,8,16.15,21.36,50.00,50.00,14.72,19.00,25.00,43.30,6.54,17.29
2565,96,บ้านแม่ขิ,ไชยปราการ,เล็ก,นอกเมือง,สำนักงานคณะกรรมการการศึกษาขั้นพื้นฐาน,สพป.เชียงใหม่ เขต 3,15,22.82,15.73,40.00,48.99,31.52,17.32,20.00,40.00,10.46,20.92
2565,97,บ้านแม่ทะลบ,ไชยปราการ,เล็ก,นอกเมือง,สำนักงานคณะกรรมการการศึกษาขั้นพื้นฐาน,สพป.เชียงใหม่ เขต 3,13,21.24,19.67,30.77,46.15,7.55,12.26,30.77,46.15,3.67,12.71
2565,98,บ้านเวียงผาพัฒนา,ไชยปราการ,เล็ก,นอกเมือง,สำนักงานคณะกรรมการการศึกษาขั้นพื้นฐาน,สพป.เชียงใหม่ เขต 3,7,16.15,12.21,14.29,34.99,11.21,9.71,28.57,45.18,0.00,0.00
2565,99,บ้านห้วยต้นตอง,ไชยปราการ,เล็ก,นอกเมือง,สำนักงานคณะกรรมการการศึกษาขั้นพื้นฐาน,สพป.เชียงใหม่ เขต 3,4,24.22,18.06,25.00,43.30,24.53,16.27,25.00,43.30,0.00,0.00
2565,100,บ้านห้วยบง,ไชยปราการ,เล็ก,นอกเมือง,สำนักงานคณะกรรมการการศึกษาขั้นพื้นฐาน,สพป.เชียงใหม่ เขต 3,6,18.84,11.10,33.33,47.14,26.16,9.25,50.00,50.00,16.67,37.27
2565,101,บ้านห้วยไผ่,ไชยปราการ,เล็ก,นอกเมือง,สำนักงานคณะกรรมการการศึกษาขั้นพื้นฐาน,สพป.เชียงใหม่ เขต 3,14,29.06,12.69,42.86,49.49,33.64,18.80,28.57,45.18,17.69,23.78
2565,102,บ้านหัวฝาย,ไชยปราการ,เล็ก,นอกเมือง,สำนักงานคณะกรรมการการศึกษาขั้นพื้นฐาน,สพป.เชียงใหม่ เขต 3,6,16.15,13.19,33.33,47.14,29.43,21.94,66.67,47.14,7.95,17.78
2565,103,บ้านใหม่หนองบัว,ไชยปราการ,กลาง,นอกเมือง,สำนักงานคณะกรรมการการศึกษาขั้นพื้นฐาน,สพป.เชียงใหม่ เขต 3,76,19.86,15.74,35.53,47.86,17.82,16.29,30.26,45.94,10.35,21.63
2565,104,บ้านอ่าย,ไชยปราการ,เล็ก,นอกเมือง,สำนักงานคณะกรรมการการศึกษาขั้นพื้นฐาน,สพป.เชียงใหม่ เขต 3,25,18.09,15.37,40.00,48.99,22.05,16.09,28.00,44.90,3.82,12.94
2565,105,วัดบ้านท่า,ไชยปราการ,เล็ก,นอกเมือง,สำนักงานคณะกรรมการการศึกษาขั้นพื้นฐาน,สพป.เชียงใหม่ เขต 3,17,37.50,25.74,76.47,42.42,32.32,18.97,58.82,49.22,8.96,19.37
2565,106,วัดป่าแดง,ไชยปราการ,เล็ก,นอกเมือง,สำนักงานคณะกรรมการการศึกษาขั้นพื้นฐาน,สพป.เชียงใหม่ เขต 3,13,16.15,16.76,30.77,46.15,16.60,10.46,15.38,36.08,7.69,18.06
2565,107,วัดอรัญญวาสี,ไชยปราการ,เล็ก,นอกเมือง,สำนักงานคณะกรรมการการศึกษาขั้นพื้นฐาน,สพป.เชียงใหม่ เขต 3,7,39.44,16.87,57.14,49.49,25.23,17.28,14.29,34.99,6.82,16.69
2565,108,เอื้อวิทยา,ไชยปราการ,กลาง,นอกเมือง,สำนักงานคณะกรรมการส่งเสริมการศึกษาเอกชน,-,32,29.56,22.42,43.75,49.61,24.65,17.03,46.88,49.90,21.87,27.81
2565,109,ชุมชนบ้านดอยเต่า,ดอยเต่า,เล็ก,นอกเมือง,สำนักงานคณะกรรมการการศึกษาขั้นพื้นฐาน,สพป.เชียงใหม่ เขต 5,8,22.20,13.84,25.00,43.30,22.08,20.67,12.50,33.07,0.00,0.00
2565,110,ชุมชนศูนย์อพยพแปลง 4,ดอยเต่า,เล็ก,นอกเมือง,สำนักงานคณะกรรมการการศึกษาขั้นพื้นฐาน,สพป.เชียงใหม่ เขต 5,10,25.99,15.21,40.00,48.99,21.58,13.74,20.00,40.00,14.77,22.59
2565,111,บ้านเกาะหลวง,ดอยเต่า,เล็ก,นอกเมือง,สำนักงานคณะกรรมการการศึกษาขั้นพื้นฐาน,สพป.เชียงใหม่ เขต 5,13,38.75,21.99,69.23,46.15,30.19,19.80,69.23,46.15,15.03,22.57
2565,112,บ้านฉิมพลี,ดอยเต่า,เล็ก,นอกเมือง,สำนักงานคณะกรรมการการศึกษาขั้นพื้นฐาน,สพป.เชียงใหม่ เขต 5,5,42.61,22.33,60.00,48.99,39.25,21.50,0.00,0.00,20.00,24.54
2565,113,บ้านถิ่นสำราญ,ดอยเต่า,เล็ก,นอกเมือง,สำนักงานคณะกรรมการการศึกษาขั้นพื้นฐาน,สพป.เชียงใหม่ เขต 5,9,28.71,14.80,33.33,47.14,15.26,15.42,33.33,47.14,11.62,21.74
2565,114,บ้านโท้งวิทยา,ดอยเต่า,เล็ก,นอกเมือง,สำนักงานคณะกรรมการการศึกษาขั้นพื้นฐาน,สพป.เชียงใหม่ เขต 5,7,23.07,22.60,85.71,34.99,36.44,16.35,14.29,34.99,0.00,0.00
2565,115,บ้านน้อยห้วยรินวิทยา,ดอยเต่า,เล็ก,นอกเมือง,สำนักงานคณะกรรมการการศึกษาขั้นพื้นฐาน,สพป.เชียงใหม่ เขต 5,8,24.42,20.18,62.50,48.41,29.43,19.62,62.50,48.41,11.93,20.66
2565,116,บ้านบงตัน,ดอยเต่า,เล็ก,นอกเมือง,สำนักงานคณะกรรมการการศึกษาขั้นพื้นฐาน,สพป.เชียงใหม่ เขต 5,25,16.80,13.30,28.00,44.90,26.76,15.74,20.00,40.00,9.54,19.08
2565,117,บ้านโปง,ดอยเต่า,เล็ก,นอกเมือง,สำนักงานคณะกรรมการการศึกษาขั้นพื้นฐาน,สพป.เชียงใหม่ เขต 5,9,30.50,11.90,55.56,49.69,28.34,20.91,22.22,41.57,5.81,16.43
2565,118,บ้านโปงทุ่ง,ดอยเต่า,เล็ก,นอกเมือง,สำนักงานคณะกรรมการการศึกษาขั้นพื้นฐาน,สพป.เชียงใหม่ เขต 5,1,48.45,0.00,100.00,0.00,19.62,0.00,100.00,0.00,0.00,0.00
2565,119,บ้านผาจุก,ดอยเต่า,เล็ก,นอกเมือง,สำนักงานคณะกรรมการการศึกษาขั้นพื้นฐาน,สพป.เชียงใหม่ เขต 5,3,32.30,13.19,0.00,0.00,13.08,9.25,0.00,0.00,17.43,24.65
2565,120,บ้านแม่บวน,ดอยเต่า,เล็ก,นอกเมือง,สำนักงานคณะกรรมการการศึกษาขั้นพื้นฐาน,สพป.เชียงใหม่ เขต 5,7,34.83,13.69,85.71,34.99,30.84,9.71,42.86,49.49,13.63,21.55
2565,121,บ้านไร่,ดอยเต่า,เล็ก,นอกเมือง,สำนักงานคณะกรรมการการศึกษาขั้นพื้นฐาน,สพป.เชียงใหม่ เขต 5,10,45.37,16.02,40.00,48.99,11.77,13.02,40.00,48.99,5.23,15.69
2565,122,บ้านวังหลวง,ดอยเต่า,เล็ก,นอกเมือง,สำนักงานคณะกรรมการการศึกษาขั้นพื้นฐาน,สพป.เชียงใหม่ เขต 5,8,26.44,21.62,62.50,48.41,14.72,19.00,50.00,50.00,12.50,21.68
2565,123,บ้านสันติสุข,ดอยเต่า,เล็ก,นอกเมือง,สำนักงานคณะกรรมการการศึกษาขั้นพื้นฐาน,สพป.เชียงใหม่ เขต 5,4,28.26,17.60,75.00,43.30,19.62,0.00,50.00,50.00,13.07,22.64
2565,124,บ้านแอ่นจัดสรร,ดอยเต่า,เล็ก,นอกเมือง,สำนักงานคณะกรรมการการศึกษาขั้นพื้นฐาน,สพป.เชียงใหม่ เขต 5,8,22.20,7.82,37.50,48.41,27.22,13.88,37.50,48.41,11.93,20.66
2565,125,ศูนย์อพยพแปลง 2,ดอยเต่า,เล็ก,นอกเมือง,สำนักงานคณะกรรมการการศึกษาขั้นพื้นฐาน,สพป.เชียงใหม่ เขต 5,5,49.38,31.79,60.00,48.99,23.55,31.40,60.00,48.99,30.46,40.24
2565,126,ศูนย์อพยพแปลง 5,ดอยเต่า,เล็ก,นอกเมือง,สำนักงานคณะกรรมการการศึกษาขั้นพื้นฐาน,สพป.เชียงใหม่ เขต 5,14,39.44,19.42,64.29,47.92,23.96,19.85,57.14,49.49,18.35,24.64
2565,127,ศูนย์อพยพแปลง 8,ดอยเต่า,เล็ก,นอกเมือง,สำนักงานคณะกรรมการการศึกษาขั้นพื้นฐาน,สพป.เชียงใหม่ เขต 5,9,43.58,24.66,44.44,49.69,26.16,22.66,55.56,49.69,16.92,33.59
2565,128,ชลประทานผาแตก,ดอยสะเก็ด,กลาง,นอกเมือง,สำนักงานคณะกรรมการการศึกษาขั้นพื้นฐาน,สพป.เชียงใหม่ เขต 1,49,28.86,19.10,55.10,49.74,27.23,21.28,46.94,49.91,6.03,16.16
2565,129,เทพเสด็จวิทยา,ดอยสะเก็ด,เล็ก,นอกเมือง,สำนักงานคณะกรรมการการศึกษาขั้นพื้นฐาน,สพป.เชียงใหม่ เขต 1,9,14.35,11.90,44.44,49.69,8.72,13.44,33.33,47.14,10.60,19.83
2565,130,เทศบาลตลาดใหญ่,ดอยสะเก็ด,เล็ก,นอกเมือง,กรมส่งเสริมการปกครองท้องถิ่น,ท้องถิ่นจังหวัดเชียงใหม่,7,20.76,11.30,28.57,45.18,14.02,17.28,14.29,34.99,13.63,21.55
2565,131,บริรักศึกษาเชียงใหม่,ดอยสะเก็ด,เล็ก,นอกเมือง,สำนักงานคณะกรรมการส่งเสริมการศึกษาเอกชน,-,21,37.90,19.13,33.33,47.14,23.45,19.72,38.10,48.56,4.76,14.69
2565,132,บ้านเชิงดอย(ดอยสะเก็ดศึกษา),ดอยสะเก็ด,กลาง,นอกเมือง,สำนักงานคณะกรรมการการศึกษาขั้นพื้นฐาน,สพป.เชียงใหม่ เขต 1,98,30.48,21.50,59.18,49.15,27.27,19.04,41.84,49.33,10.06,21.14
2565,133,บ้านตลาดขี้เหล็ก,ดอยสะเก็ด,เล็ก,นอกเมือง,สำนักงานคณะกรรมการการศึกษาขั้นพื้นฐาน,สพป.เชียงใหม่ เขต 1,8,32.69,16.55,62.50,48.41,22.08,18.19,37.50,48.41,13.07,22.64
2565,134,บ้านบ่อหิน,ดอยสะเก็ด,เล็ก,นอกเมือง,สำนักงานคณะกรรมการการศึกษาขั้นพื้นฐาน,สพป.เชียงใหม่ เขต 1,20,23.49,20.19,65.00,47.70,22.57,15.54,40.00,48.99,9.54,19.08
2565,135,บ้านป่าขุย,ดอยสะเก็ด,เล็ก,นอกเมือง,สำนักงานคณะกรรมการการศึกษาขั้นพื้นฐาน,สพป.เชียงใหม่ เขต 1,7,37.58,32.66,28.57,45.18,28.03,17.73,57.14,49.49,0.00,0.00
2565,136,บ้านปางแดง,ดอยสะเก็ด,เล็ก,นอกเมือง,สำนักงานคณะกรรมการการศึกษาขั้นพื้นฐาน,สพป.เชียงใหม่ เขต 1,5,25.84,12.92,0.00,0.00,19.62,12.41,40.00,48.99,0.00,0.00
2565,137,บ้านปางน้ำถุ,ดอยสะเก็ด,เล็ก,นอกเมือง,สำนักงานคณะกรรมการการศึกษาขั้นพื้นฐาน,สพป.เชียงใหม่ เขต 1,3,26.92,7.61,66.67,47.14,26.16,9.25,100.00,0.00,31.80,22.49
2565,138,บ้านป่างิ้ว,ดอยสะเก็ด,เล็ก,นอกเมือง,สำนักงานคณะกรรมการการศึกษาขั้นพื้นฐาน,สพป.เชียงใหม่ เขต 1,8,28.45,19.57,37.50,48.41,14.72,12.98,37.50,48.41,12.50,21.68
2565,139,บ้านป่าป้อง,ดอยสะเก็ด,เล็ก,นอกเมือง,สำนักงานคณะกรรมการการศึกษาขั้นพื้นฐาน,สพป.เชียงใหม่ เขต 1,1,16.15,0.00,100.00,0.00,19.62,0.00,100.00,0.00,0.00,0.00
2565,140,บ้านป่าไม้แดง,ดอยสะเก็ด,กลาง,นอกเมือง,สำนักงานคณะกรรมการการศึกษาขั้นพื้นฐาน,สพป.เชียงใหม่ เขต 1,20,16.30,12.72,30.00,45.83,22.57,20.84,35.00,47.70,12.16,21.07
2565,141,บ้านป่าเสร้า,ดอยสะเก็ด,กลาง,นอกเมือง,สำนักงานคณะกรรมการการศึกษาขั้นพื้นฐาน,สพป.เชียงใหม่ เขต 1,31,20.52,17.62,48.39,49.97,24.05,13.84,32.26,46.75,9.53,19.48
2565,142,บ้านป่าเหมือด,ดอยสะเก็ด,เล็ก,นอกเมือง,สำนักงานคณะกรรมการการศึกษาขั้นพื้นฐาน,สพป.เชียงใหม่ เขต 1,32,30.43,19.85,56.25,49.61,19.62,16.99,25.00,43.30,10.72,20.29
2565,143,บ้านโป่งกุ่ม,ดอยสะเก็ด,เล็ก,นอกเมือง,สำนักงานคณะกรรมการการศึกษาขั้นพื้นฐาน,สพป.เชียงใหม่ เขต 1,5,38.76,7.91,20.00,40.00,23.55,19.23,40.00,48.99,0.00,0.00
2565,144,บ้านแม่ดอกแดง,ดอยสะเก็ด,เล็ก,นอกเมือง,สำนักงานคณะกรรมการการศึกษาขั้นพื้นฐาน,สพป.เชียงใหม่ เขต 1,14,39.55,23.93,57.14,49.49,25.23,18.80,42.86,49.49,3.74,13.47
2565,145,บ้านแม่หวาน,ดอยสะเก็ด,เล็ก,นอกเมือง,สำนักงานคณะกรรมการการศึกษาขั้นพื้นฐาน,สพป.เชียงใหม่ เขต 1,7,23.07,16.95,71.43,45.18,14.02,13.73,57.14,49.49,7.47,18.30
2565,146,บ้านแม่ฮ้อยเงิน,ดอยสะเก็ด,เล็ก,นอกเมือง,สำนักงานคณะกรรมการการศึกษาขั้นพื้นฐาน,สพป.เชียงใหม่ เขต 1,10,21.15,19.53,40.00,48.99,25.70,15.74,40.00,48.99,10.00,30.00
2565,147,บ้านร้องขี้เหล็ก,ดอยสะเก็ด,เล็ก,นอกเมือง,สำนักงานคณะกรรมการการศึกษาขั้นพื้นฐาน,สพป.เชียงใหม่ เขต 1,9,21.53,10.77,33.33,47.14,19.62,9.25,33.33,47.14,11.11,31.43
2565,148,บ้านลวงเหนือ,ดอยสะเก็ด,เล็ก,นอกเมือง,สำนักงานคณะกรรมการการศึกษาขั้นพื้นฐาน,สพป.เชียงใหม่ เขต 1,8,30.67,19.21,62.50,48.41,19.62,9.81,37.50,48.41,5.96,15.78
2565,149,บ้านสันต้นม่วงเหนือ,ดอยสะเก็ด,เล็ก,นอกเมือง,สำนักงานคณะกรรมการการศึกษาขั้นพื้นฐาน,สพป.เชียงใหม่ เขต 1,3,16.15,13.19,33.33,47.14,19.62,0.00,33.33,47.14,0.00,0.00
2565,150,เพื่อชีวิตเชียงใหม่,ดอยสะเก็ด,เล็ก,นอกเมือง,สำนักงานคณะกรรมการส่งเสริมการศึกษาเอกชน,-,19,17.85,15.63,26.32,44.03,19.62,15.59,21.05,40.77,5.02,14.64
2565,151,แม่โป่งประชาสามัคคี,ดอยสะเก็ด,เล็ก,นอกเมือง,สำนักงานคณะกรรมการการศึกษาขั้นพื้นฐาน,สพป.เชียงใหม่ เขต 1,16,23.21,15.07,43.75,49.61,14.72,14.72,18.75,39.03,5.96,15.78
2565,152,ไมตรีจิตคริสเตียนเชียงใหม่,ดอยสะเก็ด,กลาง,นอกเมือง,สำนักงานคณะกรรมการส่งเสริมการศึกษาเอกชน,-,16,16.15,12.77,31.25,46.35,24.53,17.69,37.50,48.41,12.50,21.68
2565,153,กรป.กลางอุปถัมภ์,ดอยหล่อ,เล็ก,นอกเมือง,สำนักงานคณะกรรมการการศึกษาขั้นพื้นฐาน,สพป.เชียงใหม่ เขต 4,14,31.59,20.14,57.14,49.49,29.43,17.78,57.14,49.49,7.47,18.30
2565,154,ดอยหล่อวิทยา,ดอยหล่อ,เล็ก,นอกเมือง,กรมส่งเสริมการปกครองท้องถิ่น,ท้องถิ่นจังหวัดเชียงใหม่,7,11.54,11.30,28.57,45.18,28.03,20.60,42.86,49.49,20.45,23.61
2565,155,เทศบาลตำบลวัดสองแคว,ดอยหล่อ,เล็ก,นอกเมือง,กรมส่งเสริมการปกครองท้องถิ่น,ท้องถิ่นจังหวัดเชียงใหม่,4,20.19,13.39,25.00,43.30,19.62,0.00,50.00,50.00,11.93,20.66
2565,156,บ้านดงป่าหวาย,ดอยหล่อ,เล็ก,นอกเมือง,สำนักงานคณะกรรมการการศึกษาขั้นพื้นฐาน,สพป.เชียงใหม่ เขต 4,15,29.07,16.89,66.67,47.14,26.16,13.72,53.33,49.89,6.36,16.22
2565,157,บ้านแม่ขาน,ดอยหล่อ,เล็ก,นอกเมือง,สำนักงานคณะกรรมการการศึกษาขั้นพื้นฐาน,สพป.เชียงใหม่ เขต 4,7,32.52,15.43,42.86,49.49,19.62,14.83,28.57,45.18,14.29,22.62
2565,158,บ้านสามหลัง,ดอยหล่อ,เล็ก,นอกเมือง,สำนักงานคณะกรรมการการศึกษาขั้นพื้นฐาน,สพป.เชียงใหม่ เขต 4,18,21.62,19.60,50.00,50.00,25.07,17.06,22.22,41.57,7.95,17.78
2565,159,บ้านห้วยน้ำขาว,ดอยหล่อ,เล็ก,นอกเมือง,สำนักงานคณะกรรมการการศึกษาขั้นพื้นฐาน,สพป.เชียงใหม่ เขต 4,6,40.63,24.66,33.33,47.14,16.35,23.81,33.33,47.14,17.43,24.65
2565,160,บ้านเหล่าเป้า,ดอยหล่อ,เล็ก,นอกเมือง,สำนักงานคณะกรรมการการศึกษาขั้นพื้นฐาน,สพป.เชียงใหม่ เขต 4,13,30.17,23.18,53.85,49.85,24.15,15.69,46.15,49.85,11.01,20.10
2565,161,บ้านใหม่หนองหอย,ดอยหล่อ,เล็ก,นอกเมือง,สำนักงานคณะกรรมการการศึกษาขั้นพื้นฐาน,สพป.เชียงใหม่ เขต 4,20,21.07,17.22,45.00,49.75,26.68,18.30,50.00,50.00,12.16,26.34
2565,162,วัดดอนชื่น,ดอยหล่อ,เล็ก,นอกเมือง,สำนักงานคณะกรรมการการศึกษาขั้นพื้นฐาน,สพป.เชียงใหม่ เขต 4,5,69.38,28.69,40.00,48.99,47.09,26.62,100.00,0.00,50.46,31.67
2565,163,วัดวังขามป้อม,ดอยหล่อ,เล็ก,นอกเมือง,สำนักงานคณะกรรมการการศึกษาขั้นพื้นฐาน,สพป.เชียงใหม่ เขต 4,11,22.02,10.38,63.64,48.10,33.89,16.92,9.09,28.75,9.09,19.31
2565,164,วัดศรีดอนชัย,ดอยหล่อ,เล็ก,นอกเมือง,สำนักงานคณะกรรมการการศึกษาขั้นพื้นฐาน,สพป.เชียงใหม่ เขต 4,13,34.90,22.95,53.85,49.85,28.68,19.80,69.23,46.15,7.69,18.06
2565,165,วัดหนองหลั้ว,ดอยหล่อ,เล็ก,นอกเมือง,สำนักงานคณะกรรมการการศึกษาขั้นพื้นฐาน,สพป.เชียงใหม่ เขต 4,4,40.37,18.06,50.00,50.00,49.06,9.81,0.00,0.00,0.00,0.00
2565,166,เจ้าแม่หลวงอุปถัมภ์ 1,ฝาง,กลาง,นอกเมือง,สำนักงานคณะกรรมการการศึกษาขั้นพื้นฐาน,สพป.เชียงใหม่ เขต 3,24,20.19,18.79,20.83,40.61,22.89,21.69,16.67,37.27,10.32,20.15
2565,167,ฉือจี้เชียงใหม่,ฝาง,กลาง,นอกเมือง,สำนักงานคณะกรรมการส่งเสริมการศึกษาเอกชน,-,84,29.23,17.21,52.38,49.94,23.59,17.60,35.71,47.92,9.52,22.48
2565,168,ชุมชนบ้านแม่สูนหลวง,ฝาง,เล็ก,นอกเมือง,สำนักงานคณะกรรมการการศึกษาขั้นพื้นฐาน,สพป.เชียงใหม่ เขต 3,2,24.22,8.07,0.00,0.00,9.81,9.81,50.00,50.00,0.00,0.00
2565,169,เทพศิรินทร์๙โครงการหลวงในพระบรมราชูปถัมภ์,ฝาง,เล็ก,นอกเมือง,สำนักงานคณะกรรมการการศึกษาขั้นพื้นฐาน,สพป.เชียงใหม่ เขต 3,8,20.19,17.60,50.00,50.00,31.89,19.47,75.00,43.30,11.93,20.66
2565,170,เทศบาลเวียงฝาง,ฝาง,กลาง,นอกเมือง,กรมส่งเสริมการปกครองท้องถิ่น,ท้องถิ่นจังหวัดเชียงใหม่,34,14.25,14.53,47.06,49.91,21.93,22.20,17.65,38.12,14.57,22.61
2565,171,บ้านขอบด้ง,ฝาง,กลาง,นอกเมือง,สำนักงานคณะกรรมการการศึกษาขั้นพื้นฐาน,สพป.เชียงใหม่ เขต 3,13,21.12,13.26,30.77,46.15,16.60,21.56,15.38,36.08,3.67,12.71
2565,172,บ้านดงป่าลัน,ฝาง,เล็ก,นอกเมือง,สำนักงานคณะกรรมการการศึกษาขั้นพื้นฐาน,สพป.เชียงใหม่ เขต 3,6,32.82,23.39,66.67,47.14,32.70,26.97,33.33,47.14,34.10,37.62
2565,173,บ้านเด่นใหม่,ฝาง,เล็ก,นอกเมือง,สำนักงานคณะกรรมการการศึกษาขั้นพื้นฐาน,สพป.เชียงใหม่ เขต 3,17,34.65,17.88,35.29,47.79,23.20,19.30,41.18,49.22,12.30,22.18
2565,174,บ้านต้นผึ้ง,ฝาง,เล็ก,นอกเมือง,สำนักงานคณะกรรมการการศึกษาขั้นพื้นฐาน,สพป.เชียงใหม่ เขต 3,10,17.76,13.41,70.00,45.83,17.66,13.74,20.00,40.00,0.00,0.00
2565,175,บ้านต้นส้าน,ฝาง,เล็ก,นอกเมือง,สำนักงานคณะกรรมการการศึกษาขั้นพื้นฐาน,สพป.เชียงใหม่ เขต 3,9,21.70,20.38,44.44,49.69,28.34,22.87,22.22,41.57,11.11,20.82
2565,176,บ้านทุ่งหลุก,ฝาง,เล็ก,นอกเมือง,สำนักงานคณะกรรมการการศึกษาขั้นพื้นฐาน,สพป.เชียงใหม่ เขต 3,8,36.92,24.45,75.00,43.30,26.98,21.80,37.50,48.41,11.93,20.66
2565,177,บ้านปางปอย,ฝาง,กลาง,นอกเมือง,สำนักงานคณะกรรมการการศึกษาขั้นพื้นฐาน,สพป.เชียงใหม่ เขต 3,36,16.60,15.92,22.22,41.57,22.95,18.26,25.00,43.30,9.53,22.71
2565,178,บ้านปางสัก,ฝาง,เล็ก,นอกเมือง,สำนักงานคณะกรรมการการศึกษาขั้นพื้นฐาน,สพป.เชียงใหม่ เขต 3,9,23.67,25.94,44.44,49.69,34.88,17.98,33.33,47.14,0.00,0.00
2565,179,บ้านป่าบง,ฝาง,เล็ก,นอกเมือง,สำนักงานคณะกรรมการการศึกษาขั้นพื้นฐาน,สพป.เชียงใหม่ เขต 3,11,23.49,14.38,18.18,38.57,17.84,15.55,63.64,48.10,0.00,0.00
2565,180,บ้านโป่งถืบ,ฝาง,กลาง,นอกเมือง,สำนักงานคณะกรรมการการศึกษาขั้นพื้นฐาน,สพป.เชียงใหม่ เขต 3,36,17.99,16.18,38.89,48.75,25.07,18.27,36.11,48.03,7.14,17.78
2565,181,บ้านโป่งนก,ฝาง,กลาง,นอกเมือง,สำนักงานคณะกรรมการการศึกษาขั้นพื้นฐาน,สพป.เชียงใหม่ เขต 3,21,21.61,19.04,42.86,49.49,14.11,16.33,23.81,42.59,14.50,22.96
2565,182,บ้านโป่งน้ำร้อน,ฝาง,เล็ก,นอกเมือง,สำนักงานคณะกรรมการการศึกษาขั้นพื้นฐาน,สพป.เชียงใหม่ เขต 3,10,25.99,19.69,60.00,48.99,21.58,22.29,30.00,45.83,15.23,32.27
2565,183,บ้านม่วงชุม,ฝาง,กลาง,นอกเมือง,สำนักงานคณะกรรมการการศึกษาขั้นพื้นฐาน,สพป.เชียงใหม่ เขต 3,24,17.49,13.12,37.50,48.41,21.26,14.90,41.67,49.30,10.13,19.76
2565,184,บ้านม่อนปิ่น,ฝาง,กลาง,นอกเมือง,สำนักงานคณะกรรมการการศึกษาขั้นพื้นฐาน,สพป.เชียงใหม่ เขต 3,18,32.64,23.51,50.00,50.00,27.25,19.77,16.67,37.27,10.86,20.33
2565,185,บ้านแม่ข่า,ฝาง,กลาง,นอกเมือง,สำนักงานคณะกรรมการการศึกษาขั้นพื้นฐาน,สพป.เชียงใหม่ เขต 3,17,16.24,12.51,47.06,49.91,18.58,17.13,47.06,49.91,12.03,21.72
2565,186,บ้านแม่คะ,ฝาง,กลาง,นอกเมือง,สำนักงานคณะกรรมการการศึกษาขั้นพื้นฐาน,สพป.เชียงใหม่ เขต 3,27,21.53,13.19,33.33,47.14,23.26,16.05,25.93,43.82,3.53,12.49
2565,187,บ้านแม่งอนกลาง,ฝาง,เล็ก,นอกเมือง,สำนักงานคณะกรรมการการศึกษาขั้นพื้นฐาน,สพป.เชียงใหม่ เขต 3,10,19.38,17.39,20.00,40.00,17.66,18.51,30.00,45.83,14.77,22.59
2565,188,บ้านแม่งอนขี้เหล็ก,ฝาง,กลาง,นอกเมือง,กรมส่งเสริมการปกครองท้องถิ่น,ท้องถิ่นจังหวัดเชียงใหม่,34,16.62,14.91,41.18,49.22,20.20,19.32,41.18,49.22,15.84,22.93
2565,189,บ้านแม่ใจ,ฝาง,เล็ก,นอกเมือง,สำนักงานคณะกรรมการการศึกษาขั้นพื้นฐาน,สพป.เชียงใหม่ เขต 3,2,40.37,24.22,50.00,50.00,29.43,9.81,50.00,50.00,0.00,0.00
2565,190,บ้านแม่สูนน้อย,ฝาง,เล็ก,นอกเมือง,สำนักงานคณะกรรมการการศึกษาขั้นพื้นฐาน,สพป.เชียงใหม่ เขต 3,9,32.47,13.40,77.78,41.57,21.80,17.17,66.67,47.14,0.00,0.00
2565,191,บ้านยาง,ฝาง,เล็ก,นอกเมือง,สำนักงานคณะกรรมการการศึกษาขั้นพื้นฐาน,สพป.เชียงใหม่ เขต 3,4,36.34,13.39,25.00,43.30,14.72,16.27,50.00,50.00,13.07,22.64
2565,192,บ้านล้องอ้อ,ฝาง,เล็ก,นอกเมือง,กรมส่งเสริมการปกครองท้องถิ่น,ท้องถิ่นจังหวัดเชียงใหม่,21,20.84,16.83,33.33,47.14,22.52,22.14,28.57,45.18,20.88,28.65
2565,193,บ้านลาน,ฝาง,กลาง,นอกเมือง,สำนักงานคณะกรรมการการศึกษาขั้นพื้นฐาน,สพป.เชียงใหม่ เขต 3,11,33.91,17.88,36.36,48.10,33.89,26.58,72.73,44.54,8.67,18.40
2565,194,บ้านเวียงฝาง,ฝาง,ใหญ่,นอกเมือง,สำนักงานคณะกรรมการการศึกษาขั้นพื้นฐาน,สพป.เชียงใหม่ เขต 3,18,18.03,16.30,50.00,50.00,20.82,13.98,44.44,49.69,11.11,26.65
2565,195,บ้านเวียงหวาย,ฝาง,กลาง,นอกเมือง,สำนักงานคณะกรรมการการศึกษาขั้นพื้นฐาน,สพป.เชียงใหม่ เขต 3,12,23.01,20.54,58.33,49.30,29.43,20.42,33.33,47.14,15.90,22.49
2565,196,บ้านศรีดอนชัย,ฝาง,เล็ก,นอกเมือง,สำนักงานคณะกรรมการการศึกษาขั้นพื้นฐาน,สพป.เชียงใหม่ เขต 3,4,24.22,8.07,50.00,50.00,19.62,13.88,50.00,50.00,11.93,20.66
2565,197,บ้านสันต้นดู่,ฝาง,เล็ก,นอกเมือง,สำนักงานคณะกรรมการการศึกษาขั้นพื้นฐาน,สพป.เชียงใหม่ เขต 3,12,41.41,34.99,75.00,43.30,40.88,25.91,41.67,49.30,33.33,37.29
2565,198,บ้านสันต้นเปา,ฝาง,เล็ก,นอกเมือง,สำนักงานคณะกรรมการการศึกษาขั้นพื้นฐาน,สพป.เชียงใหม่ เขต 3,1,50.00,0.00,0.00,0.00,39.25,0.00,100.00,0.00,52.29,0.00
2565,199,บ้านสันทราย,ฝาง,เล็ก,นอกเมือง,สำนักงานคณะกรรมการการศึกษาขั้นพื้นฐาน,สพป.เชียงใหม่ เขต 3,9,12.56,12.69,77.78,41.57,19.62,16.02,11.11,31.43,11.11,20.82
2565,200,บ้านสันทรายคองน้อย,ฝาง,กลาง,นอกเมือง,สำนักงานคณะกรรมการการศึกษาขั้นพื้นฐาน,สพป.เชียงใหม่ เขต 3,18,21.53,12.04,61.11,48.75,15.26,12.33,22.22,41.57,5.30,14.99
2565,201,บ้านสันป่าแดง,ฝาง,เล็ก,นอกเมือง,สำนักงานคณะกรรมการการศึกษาขั้นพื้นฐาน,สพป.เชียงใหม่ เขต 3,13,22.36,11.92,30.77,46.15,27.17,19.68,23.08,42.13,11.36,20.77
2565,202,บ้านสันม่วง,ฝาง,เล็ก,นอกเมือง,สำนักงานคณะกรรมการการศึกษาขั้นพื้นฐาน,สพป.เชียงใหม่ เขต 3,3,39.23,7.61,66.67,47.14,39.87,32.82,0.00,0.00,52.29,0.00
2565,203,บ้านหนองขวาง,ฝาง,เล็ก,นอกเมือง,สำนักงานคณะกรรมการการศึกษาขั้นพื้นฐาน,สพป.เชียงใหม่ เขต 3,2,32.30,0.00,50.00,50.00,29.43,9.81,50.00,50.00,23.85,23.85
2565,204,บ้านหนองยาว,ฝาง,เล็ก,นอกเมือง,สำนักงานคณะกรรมการการศึกษาขั้นพื้นฐาน,สพป.เชียงใหม่ เขต 3,14,28.95,19.77,57.14,49.49,23.83,16.88,21.43,41.03,7.47,18.30
2565,205,บ้านหลวง,ฝาง,กลาง,นอกเมือง,สำนักงานคณะกรรมการการศึกษาขั้นพื้นฐาน,สพป.เชียงใหม่ เขต 3,41,12.21,13.71,29.27,45.50,15.32,14.70,26.83,44.31,10.81,23.20
2565,206,บ้านหล่ายฝาง,ฝาง,เล็ก,นอกเมือง,กรมส่งเสริมการปกครองท้องถิ่น,ท้องถิ่นจังหวัดเชียงใหม่,23,20.36,13.65,52.17,49.95,20.56,18.90,34.78,47.63,14.92,22.58
2565,207,บ้านห้วยไคร้,ฝาง,เล็ก,นอกเมือง,สำนักงานคณะกรรมการการศึกษาขั้นพื้นฐาน,สพป.เชียงใหม่ เขต 3,20,16.15,14.44,30.00,45.83,19.62,18.62,25.00,43.30,0.00,0.00
2565,208,บ้านห้วยงูกลาง,ฝาง,เล็ก,นอกเมือง,สำนักงานคณะกรรมการการศึกษาขั้นพื้นฐาน,สพป.เชียงใหม่ เขต 3,11,40.06,25.87,72.73,44.54,26.76,15.14,45.45,49.79,17.76,31.74
2565,209,บ้านห้วยบอน,ฝาง,เล็ก,นอกเมือง,สำนักงานคณะกรรมการการศึกษาขั้นพื้นฐาน,สพป.เชียงใหม่ เขต 3,3,10.77,7.61,0.00,0.00,13.08,9.25,33.33,47.14,0.00,0.00
2565,210,บ้านห้วยหมากเลี่ยม,ฝาง,กลาง,นอกเมือง,สำนักงานคณะกรรมการการศึกษาขั้นพื้นฐาน,สพป.เชียงใหม่ เขต 3,37,17.94,14.43,32.43,46.81,24.40,23.00,48.65,49.98,6.82,17.27
2565,211,บ้านห้วยห้อม,ฝาง,เล็ก,นอกเมือง,สำนักงานคณะกรรมการการศึกษาขั้นพื้นฐาน,สพป.เชียงใหม่ เขต 3,5,22.61,16.47,60.00,48.99,43.17,14.68,0.00,0.00,9.54,19.08
2565,212,บ้านห้วยเฮี่ยน,ฝาง,เล็ก,นอกเมือง,สำนักงานคณะกรรมการการศึกษาขั้นพื้นฐาน,สพป.เชียงใหม่ เขต 3,8,8.07,8.07,37.50,48.41,22.08,15.32,12.50,33.07,11.93,20.66
2565,213,บ้านหัวนา,ฝาง,เล็ก,นอกเมือง,สำนักงานคณะกรรมการการศึกษาขั้นพื้นฐาน,สพป.เชียงใหม่ เขต 3,20,34.95,18.93,75.00,43.30,24.53,16.27,25.00,43.30,12.61,21.88
2565,214,บ้านหัวฝาย,ฝาง,เล็ก,นอกเมือง,สำนักงานคณะกรรมการการศึกษาขั้นพื้นฐาน,สพป.เชียงใหม่ เขต 3,3,21.53,7.61,0.00,0.00,19.62,0.00,0.00,0.00,0.00,0.00
2565,215,บ้านเหมืองแร่,ฝาง,กลาง,นอกเมือง,สำนักงานคณะกรรมการการศึกษาขั้นพื้นฐาน,สพป.เชียงใหม่ เขต 3,33,13.70,12.65,24.24,42.85,17.84,14.78,36.36,48.10,7.23,17.11
2565,216,รังษีวิทยา,ฝาง,ใหญ่พิเศษ,นอกเมือง,สำนักงานคณะกรรมการส่งเสริมการศึกษาเอกชน,-,194,36.85,26.44,59.79,49.03,31.71,23.17,51.55,49.98,19.35,30.29
2565,217,รัตนาเอื้อวิทยา,ฝาง,ใหญ่,นอกเมือง,สำนักงานคณะกรรมการส่งเสริมการศึกษาเอกชน,-,81,25.81,19.33,41.98,49.35,20.11,17.71,30.86,46.19,8.47,21.62
2565,218,วัดนันทาราม,ฝาง,กลาง,นอกเมือง,สำนักงานคณะกรรมการการศึกษาขั้นพื้นฐาน,สพป.เชียงใหม่ เขต 3,11,17.62,10.79,36.36,48.10,23.19,20.18,9.09,28.75,13.01,21.25
2565,219,วัดศรีบุญเรือง,ฝาง,เล็ก,นอกเมือง,สำนักงานคณะกรรมการการศึกษาขั้นพื้นฐาน,สพป.เชียงใหม่ เขต 3,6,10.77,7.61,33.33,47.14,26.48,18.40,50.00,50.00,7.95,17.78
2565,220,วิรุณเทพ,ฝาง,เล็ก,นอกเมือง,สำนักงานคณะกรรมการการศึกษาขั้นพื้นฐาน,สพป.เชียงใหม่ เขต 3,10,16.15,12.51,50.00,50.00,13.74,17.66,20.00,40.00,0.00,0.00
2565,221,สายอักษร,ฝาง,กลาง,นอกเมือง,สำนักงานคณะกรรมการส่งเสริมการศึกษาเอกชน,-,57,33.36,22.81,57.89,49.37,27.23,21.44,56.14,49.62,15.55,26.46
2565,222,อาโอยาม่า,ฝาง,เล็ก,นอกเมือง,กองบัญชาการตำรวจตระเวนชายแดน,-,11,16.15,11.93,45.45,49.79,21.41,21.26,27.27,44.54,0.00,0.00
2565,223,เจ้าพ่อหลวงอุปถัมภ์ 2,พร้าว,เล็ก,นอกเมือง,กองบัญชาการตำรวจตระเวนชายแดน,-,11,41.53,19.22,63.64,48.10,24.97,22.28,27.27,44.54,8.67,18.40
2565,224,ชุมชนบ้านโป่ง,พร้าว,เล็ก,นอกเมือง,สำนักงานคณะกรรมการการศึกษาขั้นพื้นฐาน,สพป.เชียงใหม่ เขต 2,6,29.61,21.70,83.33,37.27,29.43,18.79,66.67,47.14,24.62,24.67
2565,225,ชุมชนสหกรณ์นิคมวิทยา,พร้าว,เล็ก,นอกเมือง,สำนักงานคณะกรรมการการศึกษาขั้นพื้นฐาน,สพป.เชียงใหม่ เขต 2,23,27.52,16.97,34.78,47.63,22.18,14.53,34.78,47.63,2.07,9.73
2565,226,บ้านขุนแจ๋,พร้าว,เล็ก,นอกเมือง,สำนักงานคณะกรรมการการศึกษาขั้นพื้นฐาน,สพป.เชียงใหม่ เขต 2,6,24.74,24.91,50.00,50.00,19.62,16.02,33.33,47.14,0.00,0.00
2565,227,บ้านแจ่งกู่เรือง,พร้าว,กลาง,นอกเมือง,สำนักงานคณะกรรมการการศึกษาขั้นพื้นฐาน,สพป.เชียงใหม่ เขต 2,96,39.83,26.81,69.79,45.92,29.04,22.16,56.25,49.61,21.38,32.91
2565,228,บ้านต้นรุง,พร้าว,เล็ก,นอกเมือง,สำนักงานคณะกรรมการการศึกษาขั้นพื้นฐาน,สพป.เชียงใหม่ เขต 2,8,22.20,13.84,0.00,0.00,29.43,19.62,37.50,48.41,12.50,21.68
2565,229,บ้านท่ามะเกี๋ยง,พร้าว,เล็ก,นอกเมือง,สำนักงานคณะกรรมการการศึกษาขั้นพื้นฐาน,สพป.เชียงใหม่ เขต 2,2,32.30,16.15,50.00,50.00,19.62,19.62,0.00,0.00,23.85,23.85
2565,230,บ้านนาบุญโหล่งขอด,พร้าว,เล็ก,นอกเมือง,สำนักงานคณะกรรมการการศึกษาขั้นพื้นฐาน,สพป.เชียงใหม่ เขต 2,7,49.33,27.00,85.71,34.99,30.84,23.12,28.57,45.18,6.82,16.69
2565,231,บ้านป่าตุ้ม,พร้าว,กลาง,นอกเมือง,สำนักงานคณะกรรมการการศึกษาขั้นพื้นฐาน,สพป.เชียงใหม่ เขต 2,12,34.99,11.10,83.33,37.27,31.07,20.36,41.67,49.30,16.28,23.06
2565,232,บ้านป่าไหน่,พร้าว,เล็ก,นอกเมือง,สำนักงานคณะกรรมการการศึกษาขั้นพื้นฐาน,สพป.เชียงใหม่ เขต 2,6,21.53,7.61,50.00,50.00,26.16,9.25,33.33,47.14,16.67,23.61
2565,233,บ้านแม่ปั๋ง,พร้าว,เล็ก,นอกเมือง,สำนักงานคณะกรรมการการศึกษาขั้นพื้นฐาน,สพป.เชียงใหม่ เขต 2,6,37.94,18.25,50.00,50.00,39.25,25.33,66.67,47.14,32.57,36.94
2565,234,บ้านแม่ปาคี,พร้าว,เล็ก,นอกเมือง,สำนักงานคณะกรรมการการศึกษาขั้นพื้นฐาน,สพป.เชียงใหม่ เขต 2,12,10.77,10.07,33.33,47.14,21.26,9.67,16.67,37.27,3.98,13.19
2565,235,บ้านแม่เหียะ,พร้าว,เล็ก,นอกเมือง,สำนักงานคณะกรรมการการศึกษาขั้นพื้นฐาน,สพป.เชียงใหม่ เขต 2,21,24.61,16.99,66.67,47.14,23.45,15.56,28.57,45.18,11.36,20.32
2565,236,บ้านสันกลาง,พร้าว,เล็ก,นอกเมือง,สำนักงานคณะกรรมการการศึกษาขั้นพื้นฐาน,สพป.เชียงใหม่ เขต 2,2,16.15,0.00,100.00,0.00,19.62,19.62,50.00,50.00,23.85,23.85
2565,237,บ้านสันปง,พร้าว,เล็ก,นอกเมือง,สำนักงานคณะกรรมการการศึกษาขั้นพื้นฐาน,สพป.เชียงใหม่ เขต 2,4,32.69,11.97,75.00,43.30,39.25,31.03,25.00,43.30,26.15,26.15
2565,238,บ้านหนองปิด,พร้าว,เล็ก,นอกเมือง,สำนักงานคณะกรรมการการศึกษาขั้นพื้นฐาน,สพป.เชียงใหม่ เขต 2,13,23.72,17.54,46.15,49.85,22.64,15.09,38.46,48.65,0.00,0.00
2565,239,บ้านหลวง,พร้าว,เล็ก,นอกเมือง,สำนักงานคณะกรรมการการศึกษาขั้นพื้นฐาน,สพป.เชียงใหม่ เขต 2,5,16.15,17.69,80.00,40.00,19.62,17.55,40.00,48.99,10.46,20.92
2565,240,บ้านห้วยบง,พร้าว,เล็ก,นอกเมือง,สำนักงานคณะกรรมการการศึกษาขั้นพื้นฐาน,สพป.เชียงใหม่ เขต 2,5,9.69,12.92,100.00,0.00,39.62,35.53,20.00,40.00,10.46,20.92
2565,241,ประชาสามัคคีวิทยา,พร้าว,เล็ก,นอกเมือง,สำนักงานคณะกรรมการการศึกษาขั้นพื้นฐาน,สพป.เชียงใหม่ เขต 2,5,19.38,15.82,60.00,48.99,27.47,15.70,40.00,48.99,19.08,23.37
2565,242,ประดู่วิทยา,พร้าว,เล็ก,นอกเมือง,สำนักงานคณะกรรมการการศึกษาขั้นพื้นฐาน,สพป.เชียงใหม่ เขต 2,4,37.11,24.54,50.00,50.00,39.25,31.03,50.00,50.00,11.93,20.66
2565,243,พร้าวบูรพา,พร้าว,เล็ก,นอกเมือง,สำนักงานคณะกรรมการการศึกษาขั้นพื้นฐาน,สพป.เชียงใหม่ เขต 2,15,21.64,12.83,26.67,44.22,18.31,16.75,33.33,47.14,9.85,19.72
2565,244,สหกรณ์ดำริ,พร้าว,เล็ก,นอกเมือง,สำนักงานคณะกรรมการการศึกษาขั้นพื้นฐาน,สพป.เชียงใหม่ เขต 2,5,29.07,12.08,60.00,48.99,19.62,12.41,40.00,48.99,9.54,19.08
2565,245,กสิณธร เซนต์เจมส์ เชียงใหม่,เมืองเชียงใหม่,เล็ก,ในเมือง,สำนักงานคณะกรรมการส่งเสริมการศึกษาเอกชน,-,16,48.31,24.23,62.50,48.41,49.29,28.09,62.50,48.41,21.44,34.88
2565,246,โกวิทธำรงเชียงใหม่,เมืองเชียงใหม่,ใหญ่,ในเมือง,สำนักงานคณะกรรมการส่งเสริมการศึกษาเอกชน,-,123,30.25,23.25,58.54,49.27,30.17,21.47,42.28,49.40,10.92,23.38
2565,247,ขาลสุวรรณอนุสรณ์,เมืองเชียงใหม่,กลาง,ในเมือง,สำนักงานคณะกรรมการส่งเสริมการศึกษาเอกชน,-,36,18.93,15.59,41.67,49.30,23.49,17.18,52.78,49.92,8.46,18.94
2565,248,คำเที่ยงอนุสสรณ์,เมืองเชียงใหม่,กลาง,ในเมือง,สำนักงานคณะกรรมการการศึกษาขั้นพื้นฐาน,สพป.เชียงใหม่ เขต 1,93,26.78,23.38,49.46,50.00,26.05,21.03,47.31,49.93,10.19,23.80
2565,249,จิตราวิทยา,เมืองเชียงใหม่,ใหญ่,ในเมือง,สำนักงานคณะกรรมการส่งเสริมการศึกษาเอกชน,-,114,28.64,20.13,59.65,49.06,26.52,18.59,53.51,49.88,12.54,25.24
2565,250,เจ้าพ่อหลวงอุปถัมภ์ 1,เมืองเชียงใหม่,เล็ก,ในเมือง,สำนักงานคณะกรรมการการศึกษาขั้นพื้นฐาน,สพป.เชียงใหม่ เขต 1,15,15.18,14.04,60.00,48.99,14.39,15.14,60.00,48.99,6.97,17.78
2565,251,ชุมชนเทศบาลวัดศรีดอนไชย,เมืองเชียงใหม่,กลาง,ในเมือง,กรมส่งเสริมการปกครองท้องถิ่น,ท้องถิ่นจังหวัดเชียงใหม่,25,42.30,19.26,84.00,36.66,26.69,22.12,36.00,48.00,8.00,18.35
2565,252,ชุมชนบ้านบวกครกน้อย,เมืองเชียงใหม่,กลาง,ในเมือง,สำนักงานคณะกรรมการการศึกษาขั้นพื้นฐาน,สพป.เชียงใหม่ เขต 1,37,23.22,16.81,54.05,49.84,22.27,18.34,37.84,48.50,15.17,26.08
2565,253,ชุมชนวัดท่าเดื่อ,เมืองเชียงใหม่,เล็ก,ในเมือง,สำนักงานคณะกรรมการการศึกษาขั้นพื้นฐาน,สพป.เชียงใหม่ เขต 1,16,20.19,15.64,56.25,49.61,24.53,19.00,50.00,50.00,15.48,23.00
2565,254,เชียงใหม่คริสเตียน,เมืองเชียงใหม่,ใหญ่,ในเมือง,สำนักงานคณะกรรมการส่งเสริมการศึกษาเอกชน,-,91,18.70,17.71,46.15,49.85,26.74,20.05,35.16,47.75,12.56,22.86
2565,255,ดาราวิทยาลัย,เมืองเชียงใหม่,ใหญ่พิเศษ,ในเมือง,สำนักงานคณะกรรมการส่งเสริมการศึกษาเอกชน,-,247,41.92,26.43,65.59,47.51,32.39,22.04,51.01,49.99,22.88,32.68
2565,256,ท่าศาลา,เมืองเชียงใหม่,เล็ก,ในเมือง,สำนักงานคณะกรรมการการศึกษาขั้นพื้นฐาน,สพป.เชียงใหม่ เขต 1,18,24.57,29.83,66.67,47.14,31.72,24.01,38.89,48.75,18.81,28.88
2565,257,เทพบดินทร์วิทยาเชียงใหม่,เมืองเชียงใหม่,ใหญ่,ในเมือง,สำนักงานคณะกรรมการส่งเสริมการศึกษาเอกชน,-,139,28.04,22.70,48.20,49.97,26.28,19.97,43.88,49.62,13.68,24.26
2565,258,เทศบาลดอกเงิน,เมืองเชียงใหม่,เล็ก,ในเมือง,กรมส่งเสริมการปกครองท้องถิ่น,ท้องถิ่นจังหวัดเชียงใหม่,13,24.96,18.85,30.77,46.15,19.62,17.21,69.23,46.15,11.71,21.41
2565,259,เทศบาลวัดกู่คำ,เมืองเชียงใหม่,เล็ก,ในเมือง,กรมส่งเสริมการปกครองท้องถิ่น,ท้องถิ่นจังหวัดเชียงใหม่,12,35.51,26.09,50.00,50.00,19.62,13.88,33.33,47.14,15.90,22.49
2565,260,เทศบาลวัดเกตการาม,เมืองเชียงใหม่,เล็ก,ในเมือง,กรมส่งเสริมการปกครองท้องถิ่น,ท้องถิ่นจังหวัดเชียงใหม่,15,33.89,29.25,66.67,47.14,39.25,18.96,46.67,49.89,3.49,13.04
2565,261,เทศบาลวัดเชียงยืน,เมืองเชียงใหม่,กลาง,ในเมือง,กรมส่งเสริมการปกครองท้องถิ่น,ท้องถิ่นจังหวัดเชียงใหม่,32,20.33,19.28,65.63,47.50,25.75,15.07,37.50,48.41,7.45,17.32
2565,262,เทศบาลวัดท่าสะต๋อย,เมืองเชียงใหม่,กลาง,ในเมือง,กรมส่งเสริมการปกครองท้องถิ่น,ท้องถิ่นจังหวัดเชียงใหม่,48,33.23,23.84,56.25,49.61,28.25,20.87,43.75,49.61,11.31,23.15
2565,263,เทศบาลวัดป่าแพ่ง,เมืองเชียงใหม่,กลาง,ในเมือง,กรมส่งเสริมการปกครองท้องถิ่น,ท้องถิ่นจังหวัดเชียงใหม่,32,23.36,19.32,40.63,49.11,32.50,21.72,37.50,48.41,13.85,22.17
2565,264,เทศบาลวัดพวกช้าง,เมืองเชียงใหม่,เล็ก,ในเมือง,กรมส่งเสริมการปกครองท้องถิ่น,ท้องถิ่นจังหวัดเชียงใหม่,11,30.83,16.08,36.36,48.10,23.19,16.35,45.45,49.79,4.34,13.71
2565,265,เทศบาลวัดศรีปิงเมือง,เมืองเชียงใหม่,กลาง,ในเมือง,กรมส่งเสริมการปกครองท้องถิ่น,ท้องถิ่นจังหวัดเชียงใหม่,19,28.21,26.40,63.16,48.24,33.05,20.19,36.84,48.24,8.02,24.62
2565,266,เทศบาลวัดศรีสุพรรณ,เมืองเชียงใหม่,กลาง,ในเมือง,กรมส่งเสริมการปกครองท้องถิ่น,ท้องถิ่นจังหวัดเชียงใหม่,14,21.92,15.69,42.86,49.49,15.42,13.22,35.71,47.92,6.82,16.69
2565,267,เทศบาลวัดหมื่นเงินกอง,เมืองเชียงใหม่,เล็ก,ในเมือง,กรมส่งเสริมการปกครองท้องถิ่น,ท้องถิ่นจังหวัดเชียงใหม่,20,27.61,18.02,60.00,48.99,26.49,14.25,55.00,49.75,17.39,28.51
2565,268,บ้านเชิงดอยสุเทพ,เมืองเชียงใหม่,เล็ก,ในเมือง,สำนักงานคณะกรรมการการศึกษาขั้นพื้นฐาน,สพป.เชียงใหม่ เขต 1,16,54.37,21.08,75.00,43.30,44.15,29.84,75.00,43.30,28.27,35.33
2565,269,บ้านดอนปิน,เมืองเชียงใหม่,เล็ก,ในเมือง,สำนักงานคณะกรรมการการศึกษาขั้นพื้นฐาน,สพป.เชียงใหม่ เขต 1,29,17.87,15.01,41.38,49.25,20.98,21.82,27.59,44.69,12.15,25.24
2565,270,บ้านท่าหลุกสันทราย,เมืองเชียงใหม่,กลาง,ในเมือง,สำนักงานคณะกรรมการการศึกษาขั้นพื้นฐาน,สพป.เชียงใหม่ เขต 1,14,37.36,19.12,57.14,49.49,26.63,17.56,57.14,49.49,7.14,17.52
2565,271,บ้านโป่งน้อย,เมืองเชียงใหม่,กลาง,ในเมือง,สำนักงานคณะกรรมการการศึกษาขั้นพื้นฐาน,สพป.เชียงใหม่ เขต 1,57,20.45,16.81,50.88,49.99,22.72,19.02,31.58,46.48,12.88,21.57
2565,272,บ้านแม่เหียะสามัคคี,เมืองเชียงใหม่,เล็ก,ในเมือง,สำนักงานคณะกรรมการการศึกษาขั้นพื้นฐาน,สพป.เชียงใหม่ เขต 1,10,30.84,21.37,40.00,48.99,35.32,24.51,40.00,48.99,15.23,23.29
2565,273,บ้านห้วยทราย,เมืองเชียงใหม่,เล็ก,ในเมือง,สำนักงานคณะกรรมการการศึกษาขั้นพื้นฐาน,สพป.เชียงใหม่ เขต 1,8,14.13,17.01,12.50,33.07,22.08,20.67,37.50,48.41,6.54,17.29
2565,274,ปรินส์รอยแยลส์วิทยาลัย,เมืองเชียงใหม่,ใหญ่พิเศษ,ในเมือง,สำนักงานคณะกรรมการส่งเสริมการศึกษาเอกชน,-,498,53.23,26.00,76.51,42.40,39.39,25.21,59.44,49.10,28.46,34.48
2565,275,พระหฤทัยเชียงใหม่,เมืองเชียงใหม่,ใหญ่,ในเมือง,สำนักงานคณะกรรมการส่งเสริมการศึกษาเอกชน,-,112,31.64,24.74,53.57,49.87,28.78,20.91,55.36,49.71,20.66,29.69
2565,276,พิงครัตน์,เมืองเชียงใหม่,เล็ก,ในเมือง,สำนักงานคณะกรรมการส่งเสริมการศึกษาเอกชน,-,9,50.93,26.25,77.78,41.57,32.70,22.66,88.89,31.43,28.03,25.13
2565,277,พิมานเด็กเชียงใหม่,เมืองเชียงใหม่,กลาง,ในเมือง,สำนักงานคณะกรรมการส่งเสริมการศึกษาเอกชน,-,26,43.28,24.68,73.08,44.36,34.79,18.40,69.23,46.15,11.71,21.41
2565,278,พุทธิโศภน,เมืองเชียงใหม่,ใหญ่,ในเมือง,สำนักงานคณะกรรมการการศึกษาขั้นพื้นฐาน,สพป.เชียงใหม่ เขต 1,180,28.19,21.10,47.22,49.92,27.21,18.74,49.44,50.00,16.62,29.31
2565,279,มงฟอร์ตวิทยาลัย แผนกประถม,เมืองเชียงใหม่,ใหญ่พิเศษ,ในเมือง,สำนักงานคณะกรรมการส่งเสริมการศึกษาเอกชน,-,352,54.88,29.35,71.59,45.10,40.29,26.95,49.15,49.99,36.52,38.13
2565,280,ยุวฑูตศึกษาพัฒนาราชพฤกษ์,เมืองเชียงใหม่,เล็ก,ในเมือง,สำนักงานคณะกรรมการส่งเสริมการศึกษาเอกชน,-,1,32.30,0.00,100.00,0.00,19.62,0.00,0.00,0.00,0.00,0.00
2565,281,เรยีนาเชลีวิทยาลัย,เมืองเชียงใหม่,ใหญ่,ในเมือง,สำนักงานคณะกรรมการส่งเสริมการศึกษาเอกชน,-,152,32.83,23.12,58.55,49.26,29.86,20.69,46.05,49.84,13.62,27.68
2565,282,วชิรวิทย์ เชียงใหม่,เมืองเชียงใหม่,กลาง,ในเมือง,สำนักงานคณะกรรมการส่งเสริมการศึกษาเอกชน,-,68,35.80,24.31,58.82,49.22,24.01,20.25,41.18,49.22,12.40,26.13
2565,283,วัดข่วงสิงห์,เมืองเชียงใหม่,กลาง,ในเมือง,สำนักงานคณะกรรมการการศึกษาขั้นพื้นฐาน,สพป.เชียงใหม่ เขต 1,23,25.55,21.13,43.48,49.57,34.29,28.20,39.13,48.80,14.92,26.96
2565,284,วัดขะจาว,เมืองเชียงใหม่,เล็ก,ในเมือง,สำนักงานคณะกรรมการการศึกษาขั้นพื้นฐาน,สพป.เชียงใหม่ เขต 1,24,38.20,18.29,45.83,49.83,23.71,16.00,45.83,49.83,16.48,23.34
2565,285,วัดเจ็ดยอด,เมืองเชียงใหม่,เล็ก,ในเมือง,สำนักงานคณะกรรมการการศึกษาขั้นพื้นฐาน,สพป.เชียงใหม่ เขต 1,7,35.27,28.85,71.43,45.18,25.50,25.65,0.00,0.00,14.29,34.99
2565,286,วัดช่างเคี่ยน,เมืองเชียงใหม่,กลาง,ในเมือง,สำนักงานคณะกรรมการการศึกษาขั้นพื้นฐาน,สพป.เชียงใหม่ เขต 1,26,16.83,15.95,50.00,50.00,15.09,13.67,23.08,42.13,3.67,12.71
2565,287,วัดดอนจั่น,เมืองเชียงใหม่,กลาง,ในเมือง,สำนักงานคณะกรรมการการศึกษาขั้นพื้นฐาน,สพป.เชียงใหม่ เขต 1,30,11.84,10.98,16.67,37.27,20.99,17.57,36.67,48.19,10.00,20.03
2565,288,วัดป่าข่อยใต้,เมืองเชียงใหม่,เล็ก,ในเมือง,สำนักงานคณะกรรมการการศึกษาขั้นพื้นฐาน,สพป.เชียงใหม่ เขต 1,24,27.37,23.21,54.17,49.83,25.35,14.42,45.83,49.83,3.98,13.19
2565,289,วัดป่าแดด,เมืองเชียงใหม่,เล็ก,ในเมือง,สำนักงานคณะกรรมการการศึกษาขั้นพื้นฐาน,สพป.เชียงใหม่ เขต 1,21,28.67,15.18,52.38,49.94,38.40,18.65,38.10,48.56,14.07,27.09
2565,290,วัดป่าตัน,เมืองเชียงใหม่,เล็ก,ในเมือง,สำนักงานคณะกรรมการการศึกษาขั้นพื้นฐาน,สพป.เชียงใหม่ เขต 1,12,44.93,25.21,66.67,47.14,29.43,16.99,50.00,50.00,12.31,21.35
2565,291,วัดเมืองสาตร,เมืองเชียงใหม่,เล็ก,ในเมือง,สำนักงานคณะกรรมการการศึกษาขั้นพื้นฐาน,สพป.เชียงใหม่ เขต 1,13,36.62,29.99,69.23,46.15,33.21,24.80,76.92,42.13,23.08,31.74
2565,292,วัดร้องอ้อ,เมืองเชียงใหม่,กลาง,ในเมือง,สำนักงานคณะกรรมการการศึกษาขั้นพื้นฐาน,สพป.เชียงใหม่ เขต 1,18,31.66,22.95,61.11,48.75,27.25,19.77,50.00,50.00,19.83,29.94
2565,293,วัดวังสิงห์คำ,เมืองเชียงใหม่,เล็ก,ในเมือง,สำนักงานคณะกรรมการการศึกษาขั้นพื้นฐาน,สพป.เชียงใหม่ เขต 1,26,22.54,17.45,26.92,44.36,23.47,17.30,38.46,48.65,9.53,19.55
2565,294,วัดสวนดอก,เมืองเชียงใหม่,กลาง,ในเมือง,สำนักงานคณะกรรมการการศึกษาขั้นพื้นฐาน,สพป.เชียงใหม่ เขต 1,39,41.89,23.92,74.36,43.67,35.27,19.93,66.67,47.14,12.82,24.62
2565,295,วัดเสาหิน,เมืองเชียงใหม่,เล็ก,ในเมือง,สำนักงานคณะกรรมการการศึกษาขั้นพื้นฐาน,สพป.เชียงใหม่ เขต 1,9,36.23,18.39,88.89,31.43,30.52,13.44,11.11,31.43,5.30,14.99
2565,296,วัดหนองป่าครั่ง,เมืองเชียงใหม่,เล็ก,ในเมือง,สำนักงานคณะกรรมการการศึกษาขั้นพื้นฐาน,สพป.เชียงใหม่ เขต 1,4,40.76,18.58,75.00,43.30,39.25,24.03,25.00,43.30,11.93,20.66
2565,297,วารีเชียงใหม่,เมืองเชียงใหม่,ใหญ่พิเศษ,ในเมือง,สำนักงานคณะกรรมการส่งเสริมการศึกษาเอกชน,-,119,44.36,25.66,72.27,44.77,30.72,21.19,48.74,49.98,21.77,33.41
2565,298,วิชัยวิทยา,เมืองเชียงใหม่,กลาง,ในเมือง,สำนักงานคณะกรรมการส่งเสริมการศึกษาเอกชน,-,10,49.38,35.80,70.00,45.83,43.36,27.85,40.00,48.99,30.46,33.47
2565,299,ศรีเนห์รู,เมืองเชียงใหม่,เล็ก,ในเมือง,สำนักงานคณะกรรมการการศึกษาขั้นพื้นฐาน,สพป.เชียงใหม่ เขต 1,12,18.97,14.76,41.67,49.30,24.53,14.16,41.67,49.30,16.67,23.61
2565,300,ศิริมังคลาจารย์,เมืองเชียงใหม่,เล็ก,ในเมือง,สำนักงานคณะกรรมการการศึกษาขั้นพื้นฐาน,สพป.เชียงใหม่ เขต 1,10,27.76,30.55,60.00,48.99,21.58,18.51,20.00,40.00,10.46,20.92
2565,301,สังวาลย์วิทยา,เมืองเชียงใหม่,เล็ก,ในเมือง,สำนักงานคณะกรรมการการศึกษาขั้นพื้นฐาน,สพป.เชียงใหม่ เขต 1,4,20.19,13.39,25.00,43.30,24.53,25.49,50.00,50.00,0.00,0.00
2565,302,สันติศึกษา,เมืองเชียงใหม่,เล็ก,ในเมือง,สำนักงานคณะกรรมการส่งเสริมการศึกษาเอกชน,-,18,36.49,27.54,61.11,48.75,28.34,18.76,50.00,50.00,28.03,30.14
2565,303,สาธิตมหาวิทยาลัยราชภัฏเชียงใหม่,เมืองเชียงใหม่,กลาง,ในเมือง,สำนักงานปลัดกระทรวงการอุดมศึกษาฯ,-,85,36.51,21.94,52.94,49.91,31.02,24.99,42.35,49.41,15.91,25.74
2565,304,สารสาสน์วิเทศเชียงใหม่,เมืองเชียงใหม่,ใหญ่,ในเมือง,สำนักงานคณะกรรมการส่งเสริมการศึกษาเอกชน,-,75,42.41,27.77,68.00,46.65,32.75,21.42,57.33,49.46,22.85,33.13
2565,305,สารสาสน์วิเทศล้านนา,เมืองเชียงใหม่,ใหญ่,ในเมือง,สำนักงานคณะกรรมการส่งเสริมการศึกษาเอกชน,-,155,35.65,26.02,66.45,47.22,25.86,19.19,31.61,46.50,13.18,26.03
2565,306,โสตศึกษาอนุสารสุนทร,เมืองเชียงใหม่,เล็ก,ในเมือง,สำนักบริหารงานการศึกษาพิเศษ,-,0,-,-,-,-,-,-,-,-,-,-
2565,307,อนุบาลเชียงใหม่,เมืองเชียงใหม่,ใหญ่พิเศษ,ในเมือง,สำนักงานคณะกรรมการการศึกษาขั้นพื้นฐาน,สพป.เชียงใหม่ เขต 1,299,45.36,28.80,67.89,46.69,35.39,24.40,53.18,49.90,28.24,35.83
2565,308,อนุบาลบ้านท่อเมืองลัง,เมืองเชียงใหม่,กลาง,ในเมือง,สำนักงานคณะกรรมการการศึกษาขั้นพื้นฐาน,สพป.เชียงใหม่ เขต 1,27,20.39,15.70,33.33,47.14,29.94,23.80,37.04,48.29,9.17,19.27
2565,309,อนุบาลหนองป่าครั่ง,เมืองเชียงใหม่,เล็ก,ในเมือง,กรมส่งเสริมการปกครองท้องถิ่น,ท้องถิ่นจังหวัดเชียงใหม่,11,29.50,11.60,63.64,48.10,21.41,17.66,45.45,49.79,17.76,31.74
2565,310,ชุมชนตำบลท่าผา,แม่แจ่ม,เล็ก,นอกเมือง,สำนักงานคณะกรรมการการศึกษาขั้นพื้นฐาน,สพป.เชียงใหม่ เขต 6,13,40.23,24.63,76.92,42.13,25.66,19.45,30.77,46.15,31.12,37.09
2565,311,ชุมชนบ้านช่างเคิ่ง,แม่แจ่ม,กลาง,นอกเมือง,สำนักงานคณะกรรมการการศึกษาขั้นพื้นฐาน,สพป.เชียงใหม่ เขต 6,24,25.76,20.55,54.17,49.83,22.89,16.68,41.67,49.30,14.11,22.00
2565,312,ชุมชนบ้านพร้าวหนุ่ม,แม่แจ่ม,เล็ก,นอกเมือง,สำนักงานคณะกรรมการการศึกษาขั้นพื้นฐาน,สพป.เชียงใหม่ เขต 6,19,41.29,27.59,73.68,44.03,31.08,21.55,47.37,49.93,20.57,29.09
2565,313,เซนต์โยเซฟแม่แจ่ม,แม่แจ่ม,กลาง,นอกเมือง,สำนักงานคณะกรรมการส่งเสริมการศึกษาเอกชน,-,36,15.70,14.49,36.11,48.03,19.62,17.31,27.78,44.79,9.53,19.42
2565,314,ตำรวจตระเวนชายแดนบางกอก เชฟ แชร์ริตี้ บ้านแม่ขอ,แม่แจ่ม,เล็ก,นอกเมือง,กองบัญชาการตำรวจตระเวนชายแดน,-,6,16.15,18.65,16.67,37.27,26.16,18.50,33.33,47.14,7.95,17.78
2565,315,บ้านกองแขก,แม่แจ่ม,เล็ก,นอกเมือง,สำนักงานคณะกรรมการการศึกษาขั้นพื้นฐาน,สพป.เชียงใหม่ เขต 6,10,22.61,24.17,60.00,48.99,21.58,16.30,60.00,48.99,20.00,24.54
2565,316,บ้านกองแขก สาขาบ้านแม่หลุ,แม่แจ่ม,เล็ก,นอกเมือง,สำนักงานคณะกรรมการการศึกษาขั้นพื้นฐาน,สพป.เชียงใหม่ เขต 6,0,-,-,-,-,-,-,-,-,-,-
2565,317,บ้านขุนแม่นาย,แม่แจ่ม,เล็ก,นอกเมือง,สำนักงานคณะกรรมการการศึกษาขั้นพื้นฐาน,สพป.เชียงใหม่ เขต 6,13,17.51,13.66,23.08,42.13,12.08,16.40,30.77,46.15,15.03,22.57
2565,318,บ้านขุนแม่หยอด,แม่แจ่ม,เล็ก,นอกเมือง,สำนักงานคณะกรรมการการศึกษาขั้นพื้นฐาน,สพป.เชียงใหม่ เขต 6,10,16.15,16.15,20.00,40.00,21.58,13.74,50.00,50.00,9.54,19.08
2565,319,บ้านต่อเรือ,แม่แจ่ม,เล็ก,นอกเมือง,สำนักงานคณะกรรมการการศึกษาขั้นพื้นฐาน,สพป.เชียงใหม่ เขต 6,5,35.84,28.29,60.00,48.99,27.47,15.70,40.00,48.99,10.46,20.92
2565,320,บ้านทัพ,แม่แจ่ม,เล็ก,นอกเมือง,สำนักงานคณะกรรมการการศึกษาขั้นพื้นฐาน,สพป.เชียงใหม่ เขต 6,9,30.68,11.94,66.67,47.14,21.80,19.50,66.67,47.14,21.20,23.71
2565,321,บ้านทุ่งแก,แม่แจ่ม,เล็ก,นอกเมือง,สำนักงานคณะกรรมการการศึกษาขั้นพื้นฐาน,สพป.เชียงใหม่ เขต 6,4,32.69,19.79,100.00,0.00,39.25,13.88,50.00,50.00,11.93,20.66
2565,322,บ้านทุ่งแก สาขาแม่แอบ,แม่แจ่ม,เล็ก,นอกเมือง,สำนักงานคณะกรรมการการศึกษาขั้นพื้นฐาน,สพป.เชียงใหม่ เขต 6,19,12.83,16.48,15.79,36.46,29.95,24.13,47.37,49.93,10.04,19.45
2565,323,บ้านทุ่งยาว,แม่แจ่ม,เล็ก,นอกเมือง,สำนักงานคณะกรรมการการศึกษาขั้นพื้นฐาน,สพป.เชียงใหม่ เขต 6,12,24.22,15.46,66.67,47.14,26.16,18.50,41.67,49.30,12.31,29.52
2565,324,บ้านนากลาง,แม่แจ่ม,เล็ก,นอกเมือง,สำนักงานคณะกรรมการการศึกษาขั้นพื้นฐาน,สพป.เชียงใหม่ เขต 6,6,29.61,17.23,33.33,47.14,13.08,14.63,0.00,0.00,0.00,0.00
2565,325,บ้านนากลาง สาขาห้วยผักกูด,แม่แจ่ม,เล็ก,นอกเมือง,สำนักงานคณะกรรมการการศึกษาขั้นพื้นฐาน,สพป.เชียงใหม่ เขต 6,5,32.61,23.07,80.00,40.00,15.70,14.68,20.00,40.00,19.08,23.37
2565,326,บ้านปางเกี๊ยะ,แม่แจ่ม,กลาง,นอกเมือง,สำนักงานคณะกรรมการการศึกษาขั้นพื้นฐาน,สพป.เชียงใหม่ เขต 6,28,26.59,21.81,50.00,50.00,18.92,16.98,39.29,48.84,1.70,8.85
2565,327,บ้านปางหินฝน,แม่แจ่ม,เล็ก,นอกเมือง,สำนักงานคณะกรรมการการศึกษาขั้นพื้นฐาน,สพป.เชียงใหม่ เขต 6,7,23.07,14.59,42.86,49.49,25.23,17.28,28.57,45.18,0.00,0.00
2565,328,บ้านปางอุ๋ง,แม่แจ่ม,กลาง,นอกเมือง,สำนักงานคณะกรรมการการศึกษาขั้นพื้นฐาน,สพป.เชียงใหม่ เขต 6,22,19.09,13.46,18.18,38.57,13.38,12.39,27.27,44.54,8.88,18.86
2565,329,บ้านปางอุ๋ง สาขาแม่สะต๊อป,แม่แจ่ม,เล็ก,นอกเมือง,สำนักงานคณะกรรมการการศึกษาขั้นพื้นฐาน,สพป.เชียงใหม่ เขต 6,10,29.07,9.69,10.00,30.00,17.66,10.57,20.00,40.00,14.77,22.59
2565,330,บ้านแปะสามัคคี,แม่แจ่ม,เล็ก,นอกเมือง,สำนักงานคณะกรรมการการศึกษาขั้นพื้นฐาน,สพป.เชียงใหม่ เขต 6,7,27.68,20.63,57.14,49.49,25.23,17.28,42.86,49.49,13.63,21.55
2565,331,บ้านผานัง,แม่แจ่ม,เล็ก,นอกเมือง,สำนักงานคณะกรรมการการศึกษาขั้นพื้นฐาน,สพป.เชียงใหม่ เขต 6,5,16.15,14.44,20.00,40.00,15.70,14.68,40.00,48.99,9.54,19.08
2565,332,บ้านผาละปิ,แม่แจ่ม,เล็ก,นอกเมือง,สำนักงานคณะกรรมการการศึกษาขั้นพื้นฐาน,สพป.เชียงใหม่ เขต 6,14,23.07,14.59,50.00,50.00,12.61,14.09,28.57,45.18,0.00,0.00
2565,333,บ้านพุย สาขาพุยใต้,แม่แจ่ม,เล็ก,นอกเมือง,สำนักงานคณะกรรมการการศึกษาขั้นพื้นฐาน,สพป.เชียงใหม่ เขต 6,1,16.15,0.00,0.00,0.00,19.62,0.00,100.00,0.00,0.00,0.00
2565,334,บ้านแม่ซา,แม่แจ่ม,เล็ก,นอกเมือง,สำนักงานคณะกรรมการการศึกษาขั้นพื้นฐาน,สพป.เชียงใหม่ เขต 6,7,16.15,12.21,28.57,45.18,14.02,13.73,28.57,45.18,0.00,0.00
2565,335,บ้านแม่ตูม,แม่แจ่ม,เล็ก,นอกเมือง,สำนักงานคณะกรรมการการศึกษาขั้นพื้นฐาน,สพป.เชียงใหม่ เขต 6,3,21.53,7.61,0.00,0.00,32.70,24.47,33.33,47.14,0.00,0.00
2565,336,บ้านแม่นาจร,แม่แจ่ม,กลาง,นอกเมือง,สำนักงานคณะกรรมการการศึกษาขั้นพื้นฐาน,สพป.เชียงใหม่ เขต 6,12,12.11,11.65,33.33,47.14,26.16,18.50,25.00,43.30,12.69,22.01
2565,337,บ้านแม่ปาน,แม่แจ่ม,เล็ก,นอกเมือง,สำนักงานคณะกรรมการการศึกษาขั้นพื้นฐาน,สพป.เชียงใหม่ เขต 6,9,43.93,27.29,44.44,49.69,28.55,21.42,66.67,47.14,16.41,23.24
2565,338,บ้านแม่มะลอ,แม่แจ่ม,เล็ก,นอกเมือง,สำนักงานคณะกรรมการการศึกษาขั้นพื้นฐาน,สพป.เชียงใหม่ เขต 6,11,14.68,12.80,36.36,48.10,24.97,18.88,27.27,44.54,4.75,15.03
2565,339,บ้านแม่มุ,แม่แจ่ม,เล็ก,นอกเมือง,สำนักงานคณะกรรมการการศึกษาขั้นพื้นฐาน,สพป.เชียงใหม่ เขต 6,11,20.98,18.74,36.36,48.10,19.62,18.71,27.27,44.54,4.34,13.71
2565,340,บ้านแม่ลอง,แม่แจ่ม,เล็ก,นอกเมือง,กองบัญชาการตำรวจตระเวนชายแดน,-,11,23.49,18.69,45.45,49.79,28.71,22.94,45.45,49.79,9.09,19.31
2565,341,บ้านแม่วาก,แม่แจ่ม,เล็ก,นอกเมือง,สำนักงานคณะกรรมการการศึกษาขั้นพื้นฐาน,สพป.เชียงใหม่ เขต 6,15,20.46,17.16,33.33,47.14,17.01,18.78,40.00,48.99,6.36,16.22
2565,342,บ้านแม่ศึก (มูลนิธิธรรมมาภิรักษ์อุปถัมภ์ที่ 2),แม่แจ่ม,เล็ก,นอกเมือง,สำนักงานคณะกรรมการการศึกษาขั้นพื้นฐาน,สพป.เชียงใหม่ เขต 6,6,21.53,7.61,16.67,37.27,22.89,13.48,33.33,47.14,7.95,17.78
2565,343,บ้านแม่หงานหลวง,แม่แจ่ม,เล็ก,นอกเมือง,สำนักงานคณะกรรมการการศึกษาขั้นพื้นฐาน,สพป.เชียงใหม่ เขต 6,10,22.61,17.98,20.00,40.00,21.58,18.51,30.00,45.83,4.77,14.31
2565,344,บ้านแม่เอาะ,แม่แจ่ม,เล็ก,นอกเมือง,สำนักงานคณะกรรมการการศึกษาขั้นพื้นฐาน,สพป.เชียงใหม่ เขต 6,8,22.20,16.02,12.50,33.07,14.72,16.27,37.50,48.41,5.96,15.78
2565,345,บ้านแม่แฮใต้,แม่แจ่ม,เล็ก,นอกเมือง,สำนักงานคณะกรรมการการศึกษาขั้นพื้นฐาน,สพป.เชียงใหม่ เขต 6,16,17.16,10.63,43.75,49.61,14.72,14.72,37.50,48.41,15.19,22.56
2565,346,บ้านแม่แฮเหนือ,แม่แจ่ม,กลาง,นอกเมือง,สำนักงานคณะกรรมการการศึกษาขั้นพื้นฐาน,สพป.เชียงใหม่ เขต 6,12,31.08,18.25,58.33,49.30,27.80,23.30,66.67,47.14,8.33,27.64
2565,347,บ้านแม่แฮเหนือ สาขาแม่แจ๊ะ,แม่แจ่ม,เล็ก,นอกเมือง,สำนักงานคณะกรรมการการศึกษาขั้นพื้นฐาน,สพป.เชียงใหม่ เขต 6,4,74.61,24.62,75.00,43.30,44.15,16.27,100.00,0.00,39.22,22.64
2565,348,บ้านโม่งหลวง,แม่แจ่ม,เล็ก,นอกเมือง,สำนักงานคณะกรรมการการศึกษาขั้นพื้นฐาน,สพป.เชียงใหม่ เขต 6,10,17.76,18.34,30.00,45.83,15.70,7.85,10.00,30.00,14.31,21.86
2565,349,บ้านโม่งหลวง สาขาบ้านแม่อมลานใน,แม่แจ่ม,เล็ก,นอกเมือง,สำนักงานคณะกรรมการการศึกษาขั้นพื้นฐาน,สพป.เชียงใหม่ เขต 6,3,5.38,7.61,33.33,47.14,19.62,16.02,33.33,47.14,31.80,22.49
2565,350,บ้านสามสบ,แม่แจ่ม,เล็ก,นอกเมือง,สำนักงานคณะกรรมการการศึกษาขั้นพื้นฐาน,สพป.เชียงใหม่ เขต 6,1,16.15,0.00,100.00,0.00,19.62,0.00,100.00,0.00,0.00,0.00
2565,351,บ้านใหม่พัฒนาสันติ,แม่แจ่ม,เล็ก,นอกเมือง,กองบัญชาการตำรวจตระเวนชายแดน,-,6,21.53,7.61,0.00,0.00,22.89,7.31,0.00,0.00,17.43,24.65
2565,352,บ้านอมขูด,แม่แจ่ม,เล็ก,นอกเมือง,สำนักงานคณะกรรมการการศึกษาขั้นพื้นฐาน,สพป.เชียงใหม่ เขต 6,0,-,-,-,-,-,-,-,-,-,-
2565,353,บ้านอมเม็ง,แม่แจ่ม,เล็ก,นอกเมือง,สำนักงานคณะกรรมการการศึกษาขั้นพื้นฐาน,สพป.เชียงใหม่ เขต 6,11,24.96,21.07,45.45,49.79,7.14,9.44,54.55,49.79,8.67,18.40
2565,354,บ้านเฮาะวิทยา,แม่แจ่ม,เล็ก,นอกเมือง,สำนักงานคณะกรรมการการศึกษาขั้นพื้นฐาน,สพป.เชียงใหม่ เขต 6,0,-,-,-,-,-,-,-,-,-,-
2565,355,เมืองเด็กวิทยา,แม่แจ่ม,เล็ก,นอกเมือง,สำนักงานคณะกรรมการส่งเสริมการศึกษาเอกชน,-,23,45.75,26.47,69.57,46.01,34.13,18.50,47.83,49.95,17.19,27.80
2565,356,ราชประชานุเคราะห์ 31,แม่แจ่ม,กลาง,นอกเมือง,สำนักบริหารงานการศึกษาพิเศษ,-,23,12.71,13.62,34.78,47.63,20.48,20.44,26.09,43.91,8.30,18.08
2565,357,ศูนย์การเรียนตำรวจตระเวนชายแดนบ้านแม่มุใน บริษัทซีเค พาวเวอร์ จำกัด (มหาชน) อุปถัมภ์,แม่แจ่ม,เล็ก,นอกเมือง,กองบัญชาการตำรวจตระเวนชายแดน,-,3,26.92,7.61,33.33,47.14,19.62,16.02,33.33,47.14,15.90,22.49
2565,358,ออป.13,แม่แจ่ม,เล็ก,นอกเมือง,สำนักงานคณะกรรมการการศึกษาขั้นพื้นฐาน,สพป.เชียงใหม่ เขต 6,23,40.70,20.36,60.87,48.80,22.18,18.57,56.52,49.57,13.04,21.99
2565,359,อินทนนท์วิทยา,แม่แจ่ม,เล็ก,นอกเมือง,สำนักงานคณะกรรมการการศึกษาขั้นพื้นฐาน,สพป.เชียงใหม่ เขต 6,6,21.53,12.04,33.33,47.14,19.62,11.33,50.00,50.00,0.00,0.00
2565,360,ชุมชนวัดช่อแล,แม่แตง,เล็ก,นอกเมือง,สำนักงานคณะกรรมการการศึกษาขั้นพื้นฐาน,สพป.เชียงใหม่ เขต 2,27,25.24,17.37,55.56,49.69,26.16,17.71,40.74,49.14,9.00,18.90
2565,361,เชียงใหม่มัธยม,แม่แตง,ใหญ่,นอกเมือง,สำนักงานคณะกรรมการส่งเสริมการศึกษาเอกชน,-,3,21.53,20.14,100.00,0.00,13.08,9.25,66.67,47.14,17.43,24.65
2565,362,ตชด.ไลออนส์มหาจักร 9,แม่แตง,เล็ก,นอกเมือง,กองบัญชาการตำรวจตระเวนชายแดน,-,8,12.11,10.68,50.00,50.00,17.17,18.19,37.50,48.41,0.00,0.00
2565,363,เทศบาลตำบลสันมหาพน,แม่แตง,เล็ก,นอกเมือง,กรมส่งเสริมการปกครองท้องถิ่น,ท้องถิ่นจังหวัดเชียงใหม่,29,18.93,12.77,20.69,40.51,25.71,21.93,24.14,42.79,15.12,22.57
2565,364,บ้านก๋ายน้อย,แม่แตง,เล็ก,นอกเมือง,สำนักงานคณะกรรมการการศึกษาขั้นพื้นฐาน,สพป.เชียงใหม่ เขต 2,4,28.26,13.39,50.00,50.00,19.62,13.88,25.00,43.30,0.00,0.00
2565,365,บ้านช้างใน,แม่แตง,เล็ก,นอกเมือง,สำนักงานคณะกรรมการการศึกษาขั้นพื้นฐาน,สพป.เชียงใหม่ เขต 2,5,45.22,18.83,80.00,40.00,19.62,12.41,40.00,48.99,20.00,24.54
2565,366,บ้านทับเดื่อ,แม่แตง,เล็ก,นอกเมือง,สำนักงานคณะกรรมการการศึกษาขั้นพื้นฐาน,สพป.เชียงใหม่ เขต 2,4,16.15,0.00,50.00,50.00,4.91,8.50,0.00,0.00,0.00,0.00
2565,367,บ้านบวกหมื้อ,แม่แตง,เล็ก,นอกเมือง,สำนักงานคณะกรรมการการศึกษาขั้นพื้นฐาน,สพป.เชียงใหม่ เขต 2,9,29.23,25.52,66.67,47.14,21.80,14.46,33.33,47.14,16.41,23.24
2565,368,บ้านปง,แม่แตง,เล็ก,นอกเมือง,สำนักงานคณะกรรมการการศึกษาขั้นพื้นฐาน,สพป.เชียงใหม่ เขต 2,16,15.24,15.91,31.25,46.35,24.53,19.00,6.25,24.21,6.54,17.29
2565,369,บ้านปลาดาว,แม่แตง,เล็ก,นอกเมือง,สำนักงานคณะกรรมการส่งเสริมการศึกษาเอกชน,-,24,47.88,24.04,66.67,47.14,41.78,22.30,37.50,48.41,23.01,32.31
2565,370,บ้านปางกว้าง,แม่แตง,เล็ก,นอกเมือง,สำนักงานคณะกรรมการการศึกษาขั้นพื้นฐาน,สพป.เชียงใหม่ เขต 2,4,32.30,25.53,100.00,0.00,39.72,20.11,50.00,50.00,11.93,20.66
2565,371,บ้านปางไม้แดง,แม่แตง,เล็ก,นอกเมือง,สำนักงานคณะกรรมการการศึกษาขั้นพื้นฐาน,สพป.เชียงใหม่ เขต 2,6,24.48,20.84,50.00,50.00,22.89,13.48,33.33,47.14,32.57,23.09
2565,372,บ้านปางห้วยตาด,แม่แตง,เล็ก,นอกเมือง,สำนักงานคณะกรรมการการศึกษาขั้นพื้นฐาน,สพป.เชียงใหม่ เขต 2,6,8.07,8.07,16.67,37.27,13.08,18.50,33.33,47.14,16.67,23.61
2565,373,บ้านปางฮ่าง,แม่แตง,เล็ก,นอกเมือง,สำนักงานคณะกรรมการการศึกษาขั้นพื้นฐาน,สพป.เชียงใหม่ เขต 2,6,29.61,14.49,16.67,37.27,19.62,11.33,66.67,47.14,16.67,23.61
2565,374,บ้านเป้าวิทยาคาร,แม่แตง,เล็ก,นอกเมือง,สำนักงานคณะกรรมการการศึกษาขั้นพื้นฐาน,สพป.เชียงใหม่ เขต 2,12,20.19,16.32,41.67,49.30,21.26,20.36,41.67,49.30,3.98,13.19
2565,375,บ้านผาหมอน,แม่แตง,เล็ก,นอกเมือง,สำนักงานคณะกรรมการการศึกษาขั้นพื้นฐาน,สพป.เชียงใหม่ เขต 2,2,32.30,16.15,50.00,50.00,39.25,0.00,0.00,0.00,0.00,0.00
2565,376,บ้านผึ้ง,แม่แตง,เล็ก,นอกเมือง,สำนักงานคณะกรรมการการศึกษาขั้นพื้นฐาน,สพป.เชียงใหม่ เขต 2,12,31.34,17.17,66.67,47.14,29.43,16.99,41.67,49.30,11.93,20.66
2565,377,บ้านเมืองกื้ด,แม่แตง,เล็ก,นอกเมือง,สำนักงานคณะกรรมการการศึกษาขั้นพื้นฐาน,สพป.เชียงใหม่ เขต 2,21,16.15,15.76,38.10,48.56,32.79,19.41,38.10,48.56,9.31,19.20
2565,378,บ้านแม่ไคร้,แม่แตง,เล็ก,นอกเมือง,สำนักงานคณะกรรมการการศึกษาขั้นพื้นฐาน,สพป.เชียงใหม่ เขต 2,8,38.74,22.05,25.00,43.30,14.72,16.27,37.50,48.41,0.00,0.00
2565,379,บ้านแม่ตะมาน,แม่แตง,เล็ก,นอกเมือง,สำนักงานคณะกรรมการการศึกษาขั้นพื้นฐาน,สพป.เชียงใหม่ เขต 2,11,22.02,15.81,54.55,49.79,24.97,14.71,36.36,48.10,13.43,21.96
2565,380,บ้านแม่แมม,แม่แตง,เล็ก,นอกเมือง,สำนักงานคณะกรรมการการศึกษาขั้นพื้นฐาน,สพป.เชียงใหม่ เขต 2,2,25.00,8.85,50.00,50.00,29.43,9.81,0.00,0.00,26.15,26.15
2565,381,บ้านแม่เลา,แม่แตง,เล็ก,นอกเมือง,สำนักงานคณะกรรมการการศึกษาขั้นพื้นฐาน,สพป.เชียงใหม่ เขต 2,1,48.45,0.00,0.00,0.00,39.25,0.00,100.00,0.00,0.00,0.00
2565,382,บ้านแม่แสะ,แม่แตง,เล็ก,นอกเมือง,สำนักงานคณะกรรมการการศึกษาขั้นพื้นฐาน,สพป.เชียงใหม่ เขต 2,4,20.19,13.39,0.00,0.00,34.34,16.27,25.00,43.30,0.00,0.00
2565,383,ป่าจี้วังแดงวิทยา,แม่แตง,เล็ก,นอกเมือง,สำนักงานคณะกรรมการการศึกษาขั้นพื้นฐาน,สพป.เชียงใหม่ เขต 2,15,23.89,22.05,60.00,48.99,23.80,12.95,26.67,44.22,13.03,28.29
2565,384,ป่าแป๋วิทยา,แม่แตง,เล็ก,นอกเมือง,สำนักงานคณะกรรมการการศึกษาขั้นพื้นฐาน,สพป.เชียงใหม่ เขต 2,17,29.81,19.82,41.18,49.22,19.73,16.62,58.82,49.22,8.96,19.37
2565,385,ภูดินวิทยา,แม่แตง,เล็ก,นอกเมือง,สำนักงานคณะกรรมการการศึกษาขั้นพื้นฐาน,สพป.เชียงใหม่ เขต 2,3,16.15,13.19,66.67,47.14,19.62,0.00,100.00,0.00,0.00,0.00
2565,386,เมฆขจรเชียงใหม่,แม่แตง,เล็ก,นอกเมือง,สำนักงานคณะกรรมการส่งเสริมการศึกษาเอกชน,-,22,20.03,20.45,22.73,41.91,24.08,16.66,36.36,48.10,15.60,27.38
2565,387,ร่ำเปิงวิทยา,แม่แตง,กลาง,นอกเมือง,สำนักงานคณะกรรมการการศึกษาขั้นพื้นฐาน,สพป.เชียงใหม่ เขต 2,11,25.10,14.62,54.55,49.79,28.54,15.35,54.55,49.79,8.67,18.40
2565,388,วัดท่าข้าม,แม่แตง,เล็ก,นอกเมือง,สำนักงานคณะกรรมการการศึกษาขั้นพื้นฐาน,สพป.เชียงใหม่ เขต 2,8,26.44,24.45,62.50,48.41,22.08,15.32,37.50,48.41,0.00,0.00
2565,389,วัดทุ่งหลวง,แม่แตง,เล็ก,นอกเมือง,สำนักงานคณะกรรมการการศึกษาขั้นพื้นฐาน,สพป.เชียงใหม่ เขต 2,6,32.30,9.32,66.67,47.14,6.54,14.63,66.67,47.14,0.00,0.00
2565,390,วัดนาเม็ง,แม่แตง,เล็ก,นอกเมือง,สำนักงานคณะกรรมการการศึกษาขั้นพื้นฐาน,สพป.เชียงใหม่ เขต 2,6,29.61,17.23,50.00,50.00,26.16,14.63,33.33,47.14,7.95,17.78
2565,391,วัดบ้านเหล่า,แม่แตง,เล็ก,นอกเมือง,สำนักงานคณะกรรมการการศึกษาขั้นพื้นฐาน,สพป.เชียงใหม่ เขต 2,8,20.19,13.39,50.00,50.00,9.81,13.88,25.00,43.30,19.04,24.61
2565,392,วัดปางมะกล้วย,แม่แตง,เล็ก,นอกเมือง,สำนักงานคณะกรรมการการศึกษาขั้นพื้นฐาน,สพป.เชียงใหม่ เขต 2,5,35.84,19.05,60.00,48.99,31.40,15.70,40.00,48.99,9.54,19.08
2565,393,วัดแม่กะ,แม่แตง,เล็ก,นอกเมือง,สำนักงานคณะกรรมการการศึกษาขั้นพื้นฐาน,สพป.เชียงใหม่ เขต 2,12,38.07,20.66,41.67,49.30,27.96,17.03,41.67,49.30,12.31,21.35
2565,394,วัดหนองออน,แม่แตง,เล็ก,นอกเมือง,สำนักงานคณะกรรมการการศึกษาขั้นพื้นฐาน,สพป.เชียงใหม่ เขต 2,4,44.80,24.48,25.00,43.30,29.43,16.99,50.00,50.00,0.00,0.00
2565,395,วัดห้วยไร่,แม่แตง,เล็ก,นอกเมือง,สำนักงานคณะกรรมการการศึกษาขั้นพื้นฐาน,สพป.เชียงใหม่ เขต 2,12,32.69,17.93,50.00,50.00,27.96,18.98,41.67,49.30,12.31,29.52
2565,396,สบเปิงวิทยา,แม่แตง,กลาง,นอกเมือง,สำนักงานคณะกรรมการการศึกษาขั้นพื้นฐาน,สพป.เชียงใหม่ เขต 2,13,31.41,21.83,46.15,49.85,13.58,11.89,30.77,46.15,0.00,0.00
2565,397,สันป่ายางวิทยาคาร,แม่แตง,เล็ก,นอกเมือง,สำนักงานคณะกรรมการการศึกษาขั้นพื้นฐาน,สพป.เชียงใหม่ เขต 2,14,27.68,12.84,42.86,49.49,32.24,14.09,42.86,49.49,3.41,12.29
2565,398,สันป่าสักวิทยา,แม่แตง,กลาง,นอกเมือง,สำนักงานคณะกรรมการการศึกษาขั้นพื้นฐาน,สพป.เชียงใหม่ เขต 2,85,30.10,21.64,51.76,49.97,27.70,20.70,35.29,47.79,13.34,25.63
2565,399,สันมหาพนวิทยา,แม่แตง,เล็ก,นอกเมือง,สำนักงานคณะกรรมการการศึกษาขั้นพื้นฐาน,สพป.เชียงใหม่ เขต 2,25,18.21,16.27,52.00,49.96,19.62,24.19,28.00,44.90,8.00,18.35
2565,400,อนุบาลสานสายใยรักเทศบาลเมืองเมืองแกนพัฒนา,แม่แตง,กลาง,นอกเมือง,กรมส่งเสริมการปกครองท้องถิ่น,ท้องถิ่นจังหวัดเชียงใหม่,27,19.31,14.23,51.85,49.97,24.85,16.75,51.85,49.97,9.00,18.90
2565,401,เจ้าพ่อหลวงอุปถัมภ์ 7,แม่ริม,เล็ก,นอกเมือง,สำนักงานคณะกรรมการการศึกษาขั้นพื้นฐาน,สพป.เชียงใหม่ เขต 2,12,28.52,26.01,33.33,47.14,26.16,18.50,41.67,49.30,7.95,17.78
2565,402,เจ้าแม่หลวงอุปถัมภ์ 2,แม่ริม,เล็ก,นอกเมือง,สำนักงานคณะกรรมการการศึกษาขั้นพื้นฐาน,สพป.เชียงใหม่ เขต 2,35,20.30,17.83,45.71,49.82,25.23,16.63,34.29,47.47,10.07,20.16
2565,403,ดอนแก้วเนรมิตปัญญา,แม่ริม,กลาง,นอกเมือง,กรมส่งเสริมการปกครองท้องถิ่น,ท้องถิ่นจังหวัดเชียงใหม่,40,41.84,28.15,65.00,47.70,29.43,20.11,62.50,48.41,26.54,31.84
2565,404,ธีระวัธน์บำเพ็ญ,แม่ริม,กลาง,นอกเมือง,สำนักงานคณะกรรมการส่งเสริมการศึกษาเอกชน,-,58,31.56,23.00,60.34,48.92,27.10,19.28,41.38,49.25,14.54,24.44
2565,405,บ้านกองแหะ,แม่ริม,เล็ก,นอกเมือง,สำนักงานคณะกรรมการการศึกษาขั้นพื้นฐาน,สพป.เชียงใหม่ เขต 2,4,16.15,11.42,25.00,43.30,14.72,16.27,50.00,50.00,25.00,25.05
2565,406,บ้านกาดฮาว,แม่ริม,เล็ก,นอกเมือง,สำนักงานคณะกรรมการการศึกษาขั้นพื้นฐาน,สพป.เชียงใหม่ เขต 2,8,22.20,17.94,62.50,48.41,19.62,13.88,25.00,43.30,11.93,20.66
2565,407,บ้านคุณหมอ,แม่ริม,กลาง,นอกเมือง,สำนักงานคณะกรรมการส่งเสริมการศึกษาเอกชน,-,16,37.73,26.08,37.50,48.41,24.53,20.23,56.25,49.61,18.75,30.00
2565,408,บ้านดอนแก้ว,แม่ริม,กลาง,นอกเมือง,กรมส่งเสริมการปกครองท้องถิ่น,ท้องถิ่นจังหวัดเชียงใหม่,9,23.33,18.82,22.22,41.57,19.62,18.50,33.33,47.14,0.00,0.00
2565,409,บ้านต้นผึ้ง,แม่ริม,เล็ก,นอกเมือง,สำนักงานคณะกรรมการการศึกษาขั้นพื้นฐาน,สพป.เชียงใหม่ เขต 2,10,21.15,19.40,40.00,48.99,21.58,22.29,0.00,0.00,4.77,14.31
2565,410,บ้านทุ่งโป่ง,แม่ริม,กลาง,นอกเมือง,สำนักงานคณะกรรมการการศึกษาขั้นพื้นฐาน,สพป.เชียงใหม่ เขต 2,7,29.99,10.32,85.71,34.99,44.85,20.21,57.14,49.49,0.00,0.00
2565,411,บ้านน้ำริน,แม่ริม,เล็ก,นอกเมือง,สำนักงานคณะกรรมการการศึกษาขั้นพื้นฐาน,สพป.เชียงใหม่ เขต 2,5,36.15,34.10,80.00,40.00,11.77,9.61,40.00,48.99,10.46,20.92
2565,412,บ้านบวกจั่น,แม่ริม,เล็ก,นอกเมือง,สำนักงานคณะกรรมการการศึกษาขั้นพื้นฐาน,สพป.เชียงใหม่ เขต 2,10,22.76,13.23,50.00,50.00,21.58,18.51,30.00,45.83,0.00,0.00
2565,413,บ้านปางไฮ,แม่ริม,กลาง,นอกเมือง,สำนักงานคณะกรรมการการศึกษาขั้นพื้นฐาน,สพป.เชียงใหม่ เขต 2,13,21.24,16.09,61.54,48.65,19.77,13.34,76.92,42.13,15.38,23.11
2565,414,บ้านป่าติ้ว,แม่ริม,เล็ก,นอกเมือง,สำนักงานคณะกรรมการการศึกษาขั้นพื้นฐาน,สพป.เชียงใหม่ เขต 2,8,24.42,24.68,75.00,43.30,41.70,18.19,37.50,48.41,12.50,21.68
2565,415,บ้านโป่งแยงนอก,แม่ริม,เล็ก,นอกเมือง,สำนักงานคณะกรรมการการศึกษาขั้นพื้นฐาน,สพป.เชียงใหม่ เขต 2,13,37.74,27.86,30.77,46.15,27.17,21.13,53.85,49.85,26.75,37.20
2565,416,บ้านโป่งแยงใน,แม่ริม,เล็ก,นอกเมือง,สำนักงานคณะกรรมการการศึกษาขั้นพื้นฐาน,สพป.เชียงใหม่ เขต 2,21,28.67,19.60,66.67,47.14,31.02,21.71,38.10,48.56,16.56,32.02
2565,417,บ้านพระนอน,แม่ริม,เล็ก,นอกเมือง,สำนักงานคณะกรรมการการศึกษาขั้นพื้นฐาน,สพป.เชียงใหม่ เขต 2,25,18.09,11.48,36.00,48.00,25.12,18.00,24.00,42.71,4.00,13.58
2565,418,บ้านเมืองก๊ะ,แม่ริม,เล็ก,นอกเมือง,สำนักงานคณะกรรมการการศึกษาขั้นพื้นฐาน,สพป.เชียงใหม่ เขต 2,2,16.15,0.00,50.00,50.00,9.81,9.81,50.00,50.00,26.15,26.15
2565,419,บ้านแม่สา,แม่ริม,กลาง,นอกเมือง,สำนักงานคณะกรรมการการศึกษาขั้นพื้นฐาน,สพป.เชียงใหม่ เขต 2,16,28.55,19.76,56.25,49.61,30.78,22.17,50.00,50.00,0.00,0.00
2565,420,บ้านริมใต้,แม่ริม,กลาง,นอกเมือง,สำนักงานคณะกรรมการการศึกษาขั้นพื้นฐาน,สพป.เชียงใหม่ เขต 2,95,35.30,21.49,68.42,46.48,29.18,19.58,38.95,48.76,16.55,25.42
2565,421,บ้านศาลา,แม่ริม,กลาง,นอกเมือง,กรมส่งเสริมการปกครองท้องถิ่น,ท้องถิ่นจังหวัดเชียงใหม่,3,32.82,27.01,66.67,47.14,39.25,16.02,33.33,47.14,0.00,0.00
2565,422,บ้านสะลวงนอก,แม่ริม,เล็ก,นอกเมือง,สำนักงานคณะกรรมการการศึกษาขั้นพื้นฐาน,สพป.เชียงใหม่ เขต 2,11,29.50,23.89,36.36,48.10,26.76,19.21,45.45,49.79,13.84,22.64
2565,423,บ้านสันคะยอม,แม่ริม,เล็ก,นอกเมือง,สำนักงานคณะกรรมการการศึกษาขั้นพื้นฐาน,สพป.เชียงใหม่ เขต 2,13,18.75,18.93,53.85,49.85,25.66,17.86,38.46,48.65,11.36,20.77
2565,424,บ้านหนองปลามัน,แม่ริม,เล็ก,นอกเมือง,สำนักงานคณะกรรมการการศึกษาขั้นพื้นฐาน,สพป.เชียงใหม่ เขต 2,16,24.22,16.15,56.25,49.61,22.08,21.80,18.75,39.03,21.73,24.69
2565,425,มูลนิธิมหาราช 5,แม่ริม,เล็ก,นอกเมือง,สำนักงานคณะกรรมการการศึกษาขั้นพื้นฐาน,สพป.เชียงใหม่ เขต 2,13,29.93,15.34,38.46,48.65,25.66,23.58,30.77,46.15,7.34,17.21
2565,426,วัดทรายมูล,แม่ริม,เล็ก,นอกเมือง,สำนักงานคณะกรรมการการศึกษาขั้นพื้นฐาน,สพป.เชียงใหม่ เขต 2,22,29.64,25.11,54.55,49.79,20.51,15.06,50.00,50.00,9.09,19.31
2565,427,ศึกษาสงเคราะห์เชียงใหม่,แม่ริม,กลาง,นอกเมือง,สำนักบริหารงานการศึกษาพิเศษ,-,30,17.28,17.25,36.67,48.19,22.24,17.35,53.33,49.89,11.28,20.47
2565,428,บ้านกาด,แม่วาง,กลาง,นอกเมือง,สำนักงานคณะกรรมการการศึกษาขั้นพื้นฐาน,สพป.เชียงใหม่ เขต 4,41,16.94,14.25,41.46,49.27,27.28,15.55,24.39,42.94,9.87,22.90
2565,429,บ้านทุ่งหลวง,แม่วาง,เล็ก,นอกเมือง,สำนักงานคณะกรรมการการศึกษาขั้นพื้นฐาน,สพป.เชียงใหม่ เขต 4,6,18.84,17.23,50.00,50.00,13.08,9.25,33.33,47.14,15.90,22.49
2565,430,บ้านพันตน,แม่วาง,เล็ก,นอกเมือง,สำนักงานคณะกรรมการการศึกษาขั้นพื้นฐาน,สพป.เชียงใหม่ เขต 4,9,27.26,17.47,44.44,49.69,15.26,15.42,66.67,47.14,5.30,14.99
2565,431,บ้านหนองเต่า,แม่วาง,เล็ก,นอกเมือง,สำนักงานคณะกรรมการการศึกษาขั้นพื้นฐาน,สพป.เชียงใหม่ เขต 4,3,5.38,7.61,33.33,47.14,19.62,16.02,33.33,47.14,0.00,0.00
2565,432,บ้านห้วยตอง,แม่วาง,กลาง,นอกเมือง,สำนักงานคณะกรรมการการศึกษาขั้นพื้นฐาน,สพป.เชียงใหม่ เขต 4,13,24.84,17.48,46.15,49.85,18.11,12.08,38.46,48.65,11.36,28.55
2565,433,บ้านเหล่าป่าฝาง,แม่วาง,เล็ก,นอกเมือง,สำนักงานคณะกรรมการการศึกษาขั้นพื้นฐาน,สพป.เชียงใหม่ เขต 4,5,16.15,10.21,40.00,48.99,19.62,12.41,20.00,40.00,0.00,0.00
2565,434,บ้านใหม่สวรรค์,แม่วาง,เล็ก,นอกเมือง,สำนักงานคณะกรรมการการศึกษาขั้นพื้นฐาน,สพป.เชียงใหม่ เขต 4,11,20.55,16.99,81.82,38.57,23.19,16.35,27.27,44.54,9.09,19.31
2565,435,พัฒนาต้นน้ำที่ 5 ขุนวาง,แม่วาง,เล็ก,นอกเมือง,สำนักงานคณะกรรมการการศึกษาขั้นพื้นฐาน,สพป.เชียงใหม่ เขต 4,16,12.11,13.39,18.75,39.03,20.85,14.67,37.50,48.41,5.96,15.78
2565,436,แม่วินสามัคคี,แม่วาง,กลาง,นอกเมือง,สำนักงานคณะกรรมการการศึกษาขั้นพื้นฐาน,สพป.เชียงใหม่ เขต 4,32,22.20,15.51,18.75,39.03,19.07,15.11,15.63,36.31,12.36,21.43
2565,437,วัดดอนเปา,แม่วาง,เล็ก,นอกเมือง,กรมส่งเสริมการปกครองท้องถิ่น,ท้องถิ่นจังหวัดเชียงใหม่,10,27.61,25.30,50.00,50.00,23.55,19.23,40.00,48.99,4.77,14.31
2565,438,วัดทุ่งศาลา,แม่วาง,เล็ก,นอกเมือง,สำนักงานคณะกรรมการการศึกษาขั้นพื้นฐาน,สพป.เชียงใหม่ เขต 4,7,20.76,14.22,42.86,49.49,22.43,16.35,57.14,49.49,0.00,0.00
2565,439,วัดมะกับตองหลวง,แม่วาง,เล็ก,นอกเมือง,สำนักงานคณะกรรมการการศึกษาขั้นพื้นฐาน,สพป.เชียงใหม่ เขต 4,6,35.51,30.61,50.00,50.00,13.08,14.63,16.67,37.27,7.95,17.78
2565,440,วัดศิริชัยนิมิตร,แม่วาง,เล็ก,นอกเมือง,สำนักงานคณะกรรมการการศึกษาขั้นพื้นฐาน,สพป.เชียงใหม่ เขต 4,9,28.88,20.00,88.89,31.43,28.34,22.87,44.44,49.69,16.41,23.24
2565,441,วัดห้วยแก้ว,แม่วาง,เล็ก,นอกเมือง,สำนักงานคณะกรรมการการศึกษาขั้นพื้นฐาน,สพป.เชียงใหม่ เขต 4,2,8.07,8.07,100.00,0.00,30.38,8.87,100.00,0.00,73.85,26.15
2565,442,สโมสรไลออนรัตนโกสินทร์,แม่วาง,เล็ก,นอกเมือง,สำนักงานคณะกรรมการการศึกษาขั้นพื้นฐาน,สพป.เชียงใหม่ เขต 4,5,19.38,12.08,40.00,48.99,19.62,17.55,20.00,40.00,0.00,0.00
2565,443,สารสาสน์วิเทศอุปถัมภ์,แม่วาง,กลาง,นอกเมือง,สำนักงานคณะกรรมการส่งเสริมการศึกษาเอกชน,-,31,23.12,18.07,48.39,49.97,20.89,19.26,48.39,49.97,6.45,16.78
2565,444,ทาเหนือวิทยา,แม่ออน,เล็ก,นอกเมือง,สำนักงานคณะกรรมการการศึกษาขั้นพื้นฐาน,สพป.เชียงใหม่ เขต 1,22,24.29,18.92,36.36,48.10,27.65,18.39,22.73,41.91,8.67,18.40
2565,445,บ้านออนกลาง,แม่ออน,เล็ก,นอกเมือง,สำนักงานคณะกรรมการการศึกษาขั้นพื้นฐาน,สพป.เชียงใหม่ เขต 1,7,47.03,25.72,42.86,49.49,33.64,20.21,14.29,34.99,6.82,16.69
2565,446,บ้านออนหลวย,แม่ออน,เล็ก,นอกเมือง,สำนักงานคณะกรรมการการศึกษาขั้นพื้นฐาน,สพป.เชียงใหม่ เขต 1,6,21.53,17.85,66.67,47.14,26.16,9.25,16.67,37.27,0.00,0.00
2565,447,แม่ตะไคร้,แม่ออน,เล็ก,นอกเมือง,สำนักงานคณะกรรมการการศึกษาขั้นพื้นฐาน,สพป.เชียงใหม่ เขต 1,4,12.11,6.99,25.00,43.30,14.72,16.27,25.00,43.30,0.00,0.00
2565,448,วัดดอนชัย,แม่ออน,เล็ก,นอกเมือง,สำนักงานคณะกรรมการการศึกษาขั้นพื้นฐาน,สพป.เชียงใหม่ เขต 1,6,29.61,19.59,50.00,50.00,19.62,19.62,16.67,37.27,33.33,37.29
2565,449,วัดเปาสามขา,แม่ออน,เล็ก,นอกเมือง,สำนักงานคณะกรรมการการศึกษาขั้นพื้นฐาน,สพป.เชียงใหม่ เขต 1,11,27.89,22.93,45.45,49.79,28.54,24.20,45.45,49.79,13.84,22.64
2565,450,วัดห้วยแก้ว,แม่ออน,เล็ก,นอกเมือง,สำนักงานคณะกรรมการการศึกษาขั้นพื้นฐาน,สพป.เชียงใหม่ เขต 1,15,23.69,15.45,60.00,48.99,24.98,22.13,33.33,47.14,3.49,13.04
2565,451,วัดห้วยทราย,แม่ออน,เล็ก,นอกเมือง,สำนักงานคณะกรรมการการศึกษาขั้นพื้นฐาน,สพป.เชียงใหม่ เขต 1,8,18.17,12.61,25.00,43.30,17.17,11.76,25.00,43.30,11.93,20.66
2565,452,หมู่บ้านสหกรณ์ 2,แม่ออน,เล็ก,นอกเมือง,สำนักงานคณะกรรมการการศึกษาขั้นพื้นฐาน,สพป.เชียงใหม่ เขต 1,20,27.53,20.63,45.00,49.75,18.64,16.97,55.00,49.75,9.77,19.56
2565,453,กมล -เรียม สุโกศล (บ้านผาใต้),แม่อาย,เล็ก,นอกเมือง,สำนักงานคณะกรรมการการศึกษาขั้นพื้นฐาน,สพป.เชียงใหม่ เขต 3,10,16.15,14.44,40.00,48.99,17.66,16.30,20.00,40.00,9.54,19.08
2565,454,เจ้าพ่อหลวงอุปถัมภ์ 9,แม่อาย,กลาง,นอกเมือง,สำนักงานคณะกรรมการการศึกษาขั้นพื้นฐาน,สพป.เชียงใหม่ เขต 3,27,19.74,19.33,14.81,35.52,21.80,15.42,29.63,45.66,10.94,24.59
2565,455,ชุมชนบ้านคาย,แม่อาย,กลาง,นอกเมือง,สำนักงานคณะกรรมการการศึกษาขั้นพื้นฐาน,สพป.เชียงใหม่ เขต 3,5,16.15,17.69,0.00,0.00,19.62,12.41,20.00,40.00,0.00,0.00
2565,456,ชุมชนบ้านแม่ฮ่าง,แม่อาย,กลาง,นอกเมือง,สำนักงานคณะกรรมการการศึกษาขั้นพื้นฐาน,สพป.เชียงใหม่ เขต 3,37,23.17,17.57,54.05,49.84,19.09,20.65,29.73,45.71,15.72,22.71
2565,457,โชติคุณเกษมบ้านเมืองงาม,แม่อาย,กลาง,นอกเมือง,สำนักงานคณะกรรมการการศึกษาขั้นพื้นฐาน,สพป.เชียงใหม่ เขต 3,37,19.64,14.12,27.03,44.41,19.62,18.25,27.03,44.41,10.69,20.37
2565,458,ต.ช.ด. ไลออนส์มหาจักร 8,แม่อาย,เล็ก,นอกเมือง,สำนักงานคณะกรรมการการศึกษาขั้นพื้นฐาน,สพป.เชียงใหม่ เขต 3,22,19.82,16.82,50.00,50.00,38.35,16.18,40.91,49.17,8.67,18.40
2565,459,ต.ช.ด.ศึกษานารีอนุสรณ์ 3,แม่อาย,เล็ก,นอกเมือง,สำนักงานคณะกรรมการการศึกษาขั้นพื้นฐาน,สพป.เชียงใหม่ เขต 3,13,20.00,19.25,53.85,49.85,24.15,19.09,46.15,49.85,18.70,23.68
2565,460,ทุติยะโพธิ์อนุสรณ์,แม่อาย,เล็ก,นอกเมือง,กองบัญชาการตำรวจตระเวนชายแดน,-,7,13.84,10.32,28.57,45.18,14.02,13.73,0.00,0.00,6.82,16.69
2565,461,ไทยทนุบ้านสันต้นดู่,แม่อาย,เล็ก,นอกเมือง,สำนักงานคณะกรรมการการศึกษาขั้นพื้นฐาน,สพป.เชียงใหม่ เขต 3,14,13.84,18.17,35.71,47.92,22.43,14.57,28.57,45.18,10.55,20.23
2565,462,ไทยรัฐวิทยา 12 (บ้านเอก),แม่อาย,กลาง,นอกเมือง,สำนักงานคณะกรรมการการศึกษาขั้นพื้นฐาน,สพป.เชียงใหม่ เขต 3,27,38.85,19.79,74.07,43.82,29.80,17.20,59.26,49.14,7.07,16.95
2565,463,บ้านดง,แม่อาย,กลาง,นอกเมือง,สำนักงานคณะกรรมการการศึกษาขั้นพื้นฐาน,สพป.เชียงใหม่ เขต 3,9,17.94,11.90,33.33,47.14,21.80,25.24,44.44,49.69,21.71,33.84
2565,464,บ้านดอนชัย,แม่อาย,เล็ก,นอกเมือง,สำนักงานคณะกรรมการการศึกษาขั้นพื้นฐาน,สพป.เชียงใหม่ เขต 3,9,12.56,12.69,22.22,41.57,23.98,17.98,55.56,49.69,10.60,19.83
2565,465,บ้านท่ามะแกง,แม่อาย,เล็ก,นอกเมือง,สำนักงานคณะกรรมการการศึกษาขั้นพื้นฐาน,สพป.เชียงใหม่ เขต 3,5,32.61,14.80,40.00,48.99,15.70,14.68,20.00,40.00,29.54,39.78
2565,466,บ้านป่าก๊อ,แม่อาย,กลาง,นอกเมือง,สำนักงานคณะกรรมการการศึกษาขั้นพื้นฐาน,สพป.เชียงใหม่ เขต 3,10,19.38,17.39,30.00,45.83,25.51,21.58,10.00,30.00,14.31,21.86
2565,467,บ้านปางต้นเดื่อ,แม่อาย,กลาง,นอกเมือง,สำนักงานคณะกรรมการการศึกษาขั้นพื้นฐาน,สพป.เชียงใหม่ เขต 3,15,22.61,17.49,46.67,49.89,26.16,19.84,0.00,0.00,19.69,24.16
2565,468,บ้านป่าแดง,แม่อาย,กลาง,นอกเมือง,สำนักงานคณะกรรมการการศึกษาขั้นพื้นฐาน,สพป.เชียงใหม่ เขต 3,39,11.59,12.10,30.77,46.15,21.64,13.91,28.21,45.00,7.34,17.21
2565,469,บ้านโป่งไฮ,แม่อาย,เล็ก,นอกเมือง,สำนักงานคณะกรรมการการศึกษาขั้นพื้นฐาน,สพป.เชียงใหม่ เขต 3,11,19.09,13.46,27.27,44.54,24.97,20.65,27.27,44.54,9.09,19.31
2565,470,บ้านแม่สาว,แม่อาย,กลาง,นอกเมือง,สำนักงานคณะกรรมการการศึกษาขั้นพื้นฐาน,สพป.เชียงใหม่ เขต 3,43,30.67,18.75,55.81,49.66,21.45,17.86,48.84,49.99,11.73,26.22
2565,471,บ้านโละ,แม่อาย,เล็ก,นอกเมือง,สำนักงานคณะกรรมการการศึกษาขั้นพื้นฐาน,สพป.เชียงใหม่ เขต 3,5,25.84,7.91,20.00,40.00,23.55,14.68,20.00,40.00,9.54,19.08
2565,472,บ้านสันต้นหมื้อ,แม่อาย,กลาง,นอกเมือง,สำนักงานคณะกรรมการการศึกษาขั้นพื้นฐาน,สพป.เชียงใหม่ เขต 3,19,20.40,14.67,31.58,46.48,10.33,11.68,47.37,49.93,7.53,17.40
2565,473,บ้านสันปอธง,แม่อาย,เล็ก,นอกเมือง,สำนักงานคณะกรรมการการศึกษาขั้นพื้นฐาน,สพป.เชียงใหม่ เขต 3,13,16.15,16.76,38.46,48.65,18.11,14.32,15.38,36.08,11.36,20.77
2565,474,บ้านสันป่าข่า,แม่อาย,เล็ก,นอกเมือง,สำนักงานคณะกรรมการการศึกษาขั้นพื้นฐาน,สพป.เชียงใหม่ เขต 3,8,22.20,17.94,62.50,48.41,17.17,15.32,37.50,48.41,5.96,15.78
2565,475,บ้านสันป่าเหียว,แม่อาย,เล็ก,นอกเมือง,สำนักงานคณะกรรมการการศึกษาขั้นพื้นฐาน,สพป.เชียงใหม่ เขต 3,8,34.51,20.78,62.50,48.41,31.89,19.47,12.50,33.07,0.00,0.00
2565,476,บ้านสุขฤทัย,แม่อาย,กลาง,นอกเมือง,สำนักงานคณะกรรมการการศึกษาขั้นพื้นฐาน,สพป.เชียงใหม่ เขต 3,50,22.35,17.10,48.00,49.96,20.80,17.73,24.00,42.71,7.91,18.14
2565,477,บ้านหนองขี้นกยาง,แม่อาย,เล็ก,นอกเมือง,สำนักงานคณะกรรมการการศึกษาขั้นพื้นฐาน,สพป.เชียงใหม่ เขต 3,11,16.15,11.93,9.09,28.75,14.27,16.92,36.36,48.10,9.51,20.17
2565,478,บ้านหลวง,แม่อาย,เล็ก,นอกเมือง,สำนักงานคณะกรรมการการศึกษาขั้นพื้นฐาน,สพป.เชียงใหม่ เขต 3,9,12.56,10.15,33.33,47.14,17.44,14.46,11.11,31.43,0.00,0.00
2565,479,บ้านห้วยคอกหมู,แม่อาย,เล็ก,นอกเมือง,สำนักงานคณะกรรมการการศึกษาขั้นพื้นฐาน,สพป.เชียงใหม่ เขต 3,7,20.76,11.30,14.29,34.99,22.43,12.54,0.00,0.00,7.47,18.30
2565,480,บ้านห้วยป่าซาง,แม่อาย,เล็ก,นอกเมือง,สำนักงานคณะกรรมการการศึกษาขั้นพื้นฐาน,สพป.เชียงใหม่ เขต 3,17,36.46,21.54,47.06,49.91,27.81,20.33,52.94,49.91,12.03,21.72
2565,481,บ้านห้วยปู,แม่อาย,เล็ก,นอกเมือง,สำนักงานคณะกรรมการการศึกษาขั้นพื้นฐาน,สพป.เชียงใหม่ เขต 3,6,24.22,15.46,33.33,47.14,13.08,14.63,50.00,50.00,15.90,22.49
2565,482,บ้านห้วยม่วง,แม่อาย,เล็ก,นอกเมือง,สำนักงานคณะกรรมการการศึกษาขั้นพื้นฐาน,สพป.เชียงใหม่ เขต 3,7,29.99,10.32,57.14,49.49,22.43,12.54,42.86,49.49,21.10,36.17
2565,483,บ้านห้วยศาลา,แม่อาย,เล็ก,นอกเมือง,สำนักงานคณะกรรมการการศึกษาขั้นพื้นฐาน,สพป.เชียงใหม่ เขต 3,18,48.33,22.01,66.67,47.14,31.61,17.48,27.78,44.79,5.30,14.99
2565,484,บ้านฮ่างต่ำ,แม่อาย,เล็ก,นอกเมือง,สำนักงานคณะกรรมการการศึกษาขั้นพื้นฐาน,สพป.เชียงใหม่ เขต 3,9,25.29,13.73,55.56,49.69,21.80,11.12,44.44,49.69,5.30,14.99
2565,485,ประพันธ์ - อารีย์ หงษ์สกุล (บ้านห้วยห,แม่อาย,กลาง,นอกเมือง,สำนักงานคณะกรรมการการศึกษาขั้นพื้นฐาน,สพป.เชียงใหม่ เขต 3,3,21.53,7.61,33.33,47.14,6.54,9.25,0.00,0.00,0.00,0.00
2565,486,เพียงหลวง 1 (บ้านท่าตอน),แม่อาย,กลาง,นอกเมือง,สำนักงานคณะกรรมการการศึกษาขั้นพื้นฐาน,สพป.เชียงใหม่ เขต 3,12,39.29,14.25,75.00,43.30,32.70,18.50,41.67,49.30,15.90,22.49
2565,487,ราชประชานุเคราะห์ 30,แม่อาย,กลาง,นอกเมือง,สำนักบริหารงานการศึกษาพิเศษ,-,27,23.38,16.78,37.04,48.29,21.08,15.04,25.93,43.82,12.71,21.51
2565,488,ศึกษานารีอนุสรณ์ 1 บ้านแม่เมืองน้อย,แม่อาย,เล็ก,นอกเมือง,สำนักงานคณะกรรมการการศึกษาขั้นพื้นฐาน,สพป.เชียงใหม่ เขต 3,20,18.65,18.09,50.00,50.00,22.57,19.89,30.00,45.83,10.00,20.03
2565,489,ศึกษานารีอนุสรณ์ 2,แม่อาย,กลาง,นอกเมือง,สำนักงานคณะกรรมการการศึกษาขั้นพื้นฐาน,สพป.เชียงใหม่ เขต 3,16,12.11,10.68,31.25,46.35,19.62,16.99,50.00,50.00,15.19,22.56
2565,490,เฮียงไทยธำรงค์,แม่อาย,เล็ก,นอกเมือง,กองบัญชาการตำรวจตระเวนชายแดน,-,11,16.15,9.74,18.18,38.57,19.62,14.49,0.00,0.00,17.35,22.95
2565,491,ตชด.เบญจมะ1,เวียงแหง,เล็ก,นอกเมือง,กองบัญชาการตำรวจตระเวนชายแดน,-,9,10.77,10.77,11.11,31.43,17.44,11.12,11.11,31.43,27.01,24.20
2565,492,บ้านกองลม,เวียงแหง,กลาง,นอกเมือง,สำนักงานคณะกรรมการการศึกษาขั้นพื้นฐาน,สพป.เชียงใหม่ เขต 3,32,13.72,16.86,18.75,39.03,21.52,19.28,37.50,48.41,8.94,18.62
2565,493,บ้านจอง,เวียงแหง,กลาง,นอกเมือง,สำนักงานคณะกรรมการการศึกษาขั้นพื้นฐาน,สพป.เชียงใหม่ เขต 3,18,23.41,19.01,33.33,47.14,14.28,12.81,50.00,50.00,11.11,20.82
2565,494,บ้านนามน,เวียงแหง,เล็ก,นอกเมือง,สำนักงานคณะกรรมการการศึกษาขั้นพื้นฐาน,สพป.เชียงใหม่ เขต 3,13,24.84,16.29,38.46,48.65,21.13,17.99,7.69,26.65,7.69,18.06
2565,495,บ้านปางป๋อ,เวียงแหง,เล็ก,นอกเมือง,สำนักงานคณะกรรมการการศึกษาขั้นพื้นฐาน,สพป.เชียงใหม่ เขต 3,18,24.40,18.45,38.89,48.75,25.07,14.34,33.33,47.14,13.76,22.22
2565,496,บ้านเปียงหลวง,เวียงแหง,กลาง,นอกเมือง,สำนักงานคณะกรรมการการศึกษาขั้นพื้นฐาน,สพป.เชียงใหม่ เขต 3,60,21.34,16.96,38.33,48.62,17.33,14.81,31.67,46.52,9.20,19.45
2565,497,บ้านม่วงป๊อก,เวียงแหง,กลาง,นอกเมือง,สำนักงานคณะกรรมการการศึกษาขั้นพื้นฐาน,สพป.เชียงใหม่ เขต 3,48,28.73,19.62,52.08,49.96,26.57,21.38,41.67,49.30,8.24,18.44
2565,498,บ้านเวียงแหง,เวียงแหง,กลาง,นอกเมือง,สำนักงานคณะกรรมการการศึกษาขั้นพื้นฐาน,สพป.เชียงใหม่ เขต 3,38,21.92,21.27,52.63,49.93,23.75,19.18,28.95,45.35,5.14,15.01
2565,499,บ้านห้วยไคร้,เวียงแหง,กลาง,นอกเมือง,สำนักงานคณะกรรมการการศึกษาขั้นพื้นฐาน,สพป.เชียงใหม่ เขต 3,14,17.41,13.17,42.86,49.49,29.43,16.16,42.86,49.49,3.41,12.29
2565,500,รัฐราษฎร์อุปถัมภ์,เวียงแหง,กลาง,นอกเมือง,สำนักงานคณะกรรมการการศึกษาขั้นพื้นฐาน,สพป.เชียงใหม่ เขต 3,40,23.05,14.46,52.50,49.94,23.59,16.53,45.00,49.75,3.81,13.38
2565,501,ชุมชนบ้านดง,สะเมิง,เล็ก,นอกเมือง,สำนักงานคณะกรรมการการศึกษาขั้นพื้นฐาน,สพป.เชียงใหม่ เขต 2,20,22.03,17.44,40.00,48.99,21.68,19.71,40.00,48.99,17.16,23.41
2565,502,ชุมชนบ้านแม่สาบ,สะเมิง,เล็ก,นอกเมือง,สำนักงานคณะกรรมการการศึกษาขั้นพื้นฐาน,สพป.เชียงใหม่ เขต 2,1,32.30,0.00,0.00,0.00,19.62,0.00,0.00,0.00,0.00,0.00
2565,503,ทรายทองราษฎร์อุทิศ,สะเมิง,เล็ก,นอกเมือง,สำนักงานคณะกรรมการการศึกษาขั้นพื้นฐาน,สพป.เชียงใหม่ เขต 2,22,25.03,15.30,45.45,49.79,23.28,16.44,45.45,49.79,6.71,16.92
2565,504,บ้านกิ่วเสือ,สะเมิง,เล็ก,นอกเมือง,สำนักงานคณะกรรมการการศึกษาขั้นพื้นฐาน,สพป.เชียงใหม่ เขต 2,6,24.22,15.46,50.00,50.00,6.54,9.25,16.67,37.27,16.67,23.61
2565,505,บ้านนากู่,สะเมิง,เล็ก,นอกเมือง,สำนักงานคณะกรรมการการศึกษาขั้นพื้นฐาน,สพป.เชียงใหม่ เขต 2,0,-,-,-,-,-,-,-,-,-,-
2565,506,บ้านบ่อแก้ว,สะเมิง,กลาง,นอกเมือง,สำนักงานคณะกรรมการการศึกษาขั้นพื้นฐาน,สพป.เชียงใหม่ เขต 2,19,20.40,14.67,47.37,49.93,16.52,18.30,26.32,44.03,5.26,15.36
2565,507,บ้านปางขุม,สะเมิง,เล็ก,นอกเมือง,สำนักงานคณะกรรมการการศึกษาขั้นพื้นฐาน,สพป.เชียงใหม่ เขต 2,5,22.61,7.91,60.00,48.99,23.55,14.68,0.00,0.00,0.00,0.00
2565,508,บ้านป่าลาน,สะเมิง,เล็ก,นอกเมือง,สำนักงานคณะกรรมการการศึกษาขั้นพื้นฐาน,สพป.เชียงใหม่ เขต 2,8,16.15,16.15,50.00,50.00,31.89,16.82,37.50,48.41,11.93,20.66
2565,509,บ้านแม่ขะปู,สะเมิง,เล็ก,นอกเมือง,สำนักงานคณะกรรมการการศึกษาขั้นพื้นฐาน,สพป.เชียงใหม่ เขต 2,7,23.07,11.76,0.00,0.00,11.21,14.29,57.14,49.49,0.00,0.00
2565,510,บ้านแม่โต๋,สะเมิง,เล็ก,นอกเมือง,สำนักงานคณะกรรมการการศึกษาขั้นพื้นฐาน,สพป.เชียงใหม่ เขต 2,20,12.11,13.39,40.00,48.99,15.70,13.31,25.00,43.30,12.39,21.48
2565,511,บ้านแม่ยางห้า,สะเมิง,เล็ก,นอกเมือง,สำนักงานคณะกรรมการการศึกษาขั้นพื้นฐาน,สพป.เชียงใหม่ เขต 2,27,23.44,17.39,29.63,45.66,16.72,15.76,14.81,35.52,12.54,25.19
2565,512,บ้านแม่ลานคำ,สะเมิง,เล็ก,นอกเมือง,สำนักงานคณะกรรมการการศึกษาขั้นพื้นฐาน,สพป.เชียงใหม่ เขต 2,16,20.19,15.64,43.75,49.61,22.08,18.19,25.00,43.30,6.25,16.56
2565,513,บ้านแม่แว,สะเมิง,เล็ก,นอกเมือง,สำนักงานคณะกรรมการการศึกษาขั้นพื้นฐาน,สพป.เชียงใหม่ เขต 2,14,24.22,16.99,42.86,49.49,23.83,13.22,21.43,41.03,6.82,16.69
2565,514,บ้านห้วยน้ำจาง,สะเมิง,เล็ก,นอกเมือง,สำนักงานคณะกรรมการการศึกษาขั้นพื้นฐาน,สพป.เชียงใหม่ เขต 2,7,18.46,18.17,14.29,34.99,28.03,17.73,28.57,45.18,14.29,22.62
2565,515,รัปปาปอร์ต,สะเมิง,เล็ก,นอกเมือง,กองบัญชาการตำรวจตระเวนชายแดน,-,13,21.12,13.26,46.15,49.85,18.11,17.99,38.46,48.65,0.00,0.00
2565,516,วัดงิ้วเฒ่า,สะเมิง,เล็ก,นอกเมือง,สำนักงานคณะกรรมการการศึกษาขั้นพื้นฐาน,สพป.เชียงใหม่ เขต 2,6,46.01,21.74,50.00,50.00,22.89,26.37,33.33,47.14,41.28,44.81
2565,517,วัดบ้านป้อก,สะเมิง,เล็ก,นอกเมือง,สำนักงานคณะกรรมการการศึกษาขั้นพื้นฐาน,สพป.เชียงใหม่ เขต 2,9,30.50,11.90,66.67,47.14,24.19,15.63,22.22,41.57,5.30,14.99
2565,518,วัดปางเติม,สะเมิง,เล็ก,นอกเมือง,สำนักงานคณะกรรมการการศึกษาขั้นพื้นฐาน,สพป.เชียงใหม่ เขต 2,7,25.38,14.59,28.57,45.18,25.23,17.28,28.57,45.18,0.00,0.00
2565,519,วัดแม่เลย,สะเมิง,เล็ก,นอกเมือง,สำนักงานคณะกรรมการการศึกษาขั้นพื้นฐาน,สพป.เชียงใหม่ เขต 2,8,20.19,15.64,25.00,43.30,24.76,23.88,37.50,48.41,11.93,20.66
2565,520,วัดยั้งเมิน,สะเมิง,เล็ก,นอกเมือง,สำนักงานคณะกรรมการการศึกษาขั้นพื้นฐาน,สพป.เชียงใหม่ เขต 2,12,20.45,24.28,41.67,49.30,22.89,20.94,50.00,50.00,8.33,18.66
2565,521,บ้านกอสะเลียม,สันกำแพง,เล็ก,นอกเมือง,สำนักงานคณะกรรมการการศึกษาขั้นพื้นฐาน,สพป.เชียงใหม่ เขต 1,8,26.63,16.57,50.00,50.00,22.08,20.67,12.50,33.07,17.89,23.10
2565,522,บ้านแช่ช้าง (เทพนานุกูล),สันกำแพง,เล็ก,นอกเมือง,สำนักงานคณะกรรมการการศึกษาขั้นพื้นฐาน,สพป.เชียงใหม่ เขต 1,15,25.94,12.98,33.33,47.14,28.78,15.81,33.33,47.14,13.03,21.63
2565,523,บ้านบวกค้าง,สันกำแพง,เล็ก,นอกเมือง,สำนักงานคณะกรรมการการศึกษาขั้นพื้นฐาน,สพป.เชียงใหม่ เขต 1,5,32.92,28.14,40.00,48.99,31.40,9.61,60.00,48.99,20.92,25.62
2565,524,บ้านบ่อสร้างนรากรประสาท,สันกำแพง,กลาง,นอกเมือง,สำนักงานคณะกรรมการการศึกษาขั้นพื้นฐาน,สพป.เชียงใหม่ เขต 1,41,26.90,16.31,51.22,49.99,25.37,18.51,26.83,44.31,2.44,10.78
2565,525,บ้านปงป่าเอื้อง,สันกำแพง,เล็ก,นอกเมือง,สำนักงานคณะกรรมการการศึกษาขั้นพื้นฐาน,สพป.เชียงใหม่ เขต 1,4,24.22,13.99,75.00,43.30,14.72,25.49,50.00,50.00,11.93,20.66
2565,526,บ้านมอญ,สันกำแพง,เล็ก,นอกเมือง,สำนักงานคณะกรรมการการศึกษาขั้นพื้นฐาน,สพป.เชียงใหม่ เขต 1,18,31.49,22.04,55.56,49.69,22.89,14.99,50.00,50.00,8.21,18.37
2565,527,บ้านแม่ปูคา,สันกำแพง,เล็ก,นอกเมือง,สำนักงานคณะกรรมการการศึกษาขั้นพื้นฐาน,สพป.เชียงใหม่ เขต 1,13,33.90,18.83,53.85,49.85,18.11,19.56,38.46,48.65,19.05,24.14
2565,528,บ้านสันกำแพง,สันกำแพง,ใหญ่พิเศษ,นอกเมือง,สำนักงานคณะกรรมการการศึกษาขั้นพื้นฐาน,สพป.เชียงใหม่ เขต 1,285,32.11,21.66,52.98,49.91,27.10,19.43,43.16,49.53,14.82,26.99
2565,529,บ้านหนองโค้ง,สันกำแพง,กลาง,นอกเมือง,สำนักงานคณะกรรมการการศึกษาขั้นพื้นฐาน,สพป.เชียงใหม่ เขต 1,55,31.46,24.73,63.64,48.10,22.83,18.62,47.27,49.93,9.01,21.37
2565,530,วัดทรายมูลรัตนศึกษา,สันกำแพง,เล็ก,นอกเมือง,สำนักงานคณะกรรมการการศึกษาขั้นพื้นฐาน,สพป.เชียงใหม่ เขต 1,5,29.38,21.94,40.00,48.99,11.77,9.61,40.00,48.99,9.54,19.08
2565,531,วัดบ้านน้อย,สันกำแพง,เล็ก,นอกเมือง,สำนักงานคณะกรรมการการศึกษาขั้นพื้นฐาน,สพป.เชียงใหม่ เขต 1,13,35.14,23.09,38.46,48.65,28.68,21.24,53.85,49.85,7.34,17.21
2565,532,วัดบ้านโห้ง,สันกำแพง,เล็ก,นอกเมือง,สำนักงานคณะกรรมการการศึกษาขั้นพื้นฐาน,สพป.เชียงใหม่ เขต 1,8,32.30,13.99,25.00,43.30,17.17,18.19,0.00,0.00,5.96,15.78
2565,533,วัดป่าตาล,สันกำแพง,เล็ก,นอกเมือง,สำนักงานคณะกรรมการการศึกษาขั้นพื้นฐาน,สพป.เชียงใหม่ เขต 1,3,43.06,7.61,33.33,47.14,6.54,9.25,33.33,47.14,49.24,40.84
2565,534,วัดร้องวัวแดงศรีจันทร์วิทยาคาร,สันกำแพง,เล็ก,นอกเมือง,สำนักงานคณะกรรมการการศึกษาขั้นพื้นฐาน,สพป.เชียงใหม่ เขต 1,12,27.04,18.13,75.00,43.30,24.53,18.14,25.00,43.30,16.67,23.61
2565,535,วัดล้านตอง,สันกำแพง,เล็ก,นอกเมือง,สำนักงานคณะกรรมการการศึกษาขั้นพื้นฐาน,สพป.เชียงใหม่ เขต 1,11,37.13,19.97,63.64,48.10,28.71,19.48,36.36,48.10,18.18,24.09
2565,536,วัดสันกลางเหนือ,สันกำแพง,เล็ก,นอกเมือง,สำนักงานคณะกรรมการการศึกษาขั้นพื้นฐาน,สพป.เชียงใหม่ เขต 1,13,34.02,24.87,76.92,42.13,33.21,20.92,69.23,46.15,7.69,18.06
2565,537,วัดสันโค้ง,สันกำแพง,เล็ก,นอกเมือง,สำนักงานคณะกรรมการการศึกษาขั้นพื้นฐาน,สพป.เชียงใหม่ เขต 1,3,10.77,7.61,66.67,47.14,26.16,18.50,33.33,47.14,0.00,0.00
2565,538,วัดสันมะฮกฟ้า,สันกำแพง,เล็ก,นอกเมือง,สำนักงานคณะกรรมการการศึกษาขั้นพื้นฐาน,สพป.เชียงใหม่ เขต 1,9,32.47,21.67,66.67,47.14,41.43,19.50,44.44,49.69,5.30,14.99
2565,539,สวนเด็กสันกำแพง,สันกำแพง,กลาง,นอกเมือง,สำนักงานคณะกรรมการส่งเสริมการศึกษาเอกชน,-,28,24.97,20.34,46.43,49.87,30.13,20.64,35.71,47.92,14.45,26.49
2565,540,สันกำแพงคันธาอนุสรณ์,สันกำแพง,เล็ก,นอกเมือง,สำนักงานคณะกรรมการการศึกษาขั้นพื้นฐาน,สพป.เชียงใหม่ เขต 1,20,29.22,15.18,45.00,49.75,24.53,16.27,40.00,48.99,9.54,19.08
2565,541,ออนใต้วิทยา,สันกำแพง,เล็ก,นอกเมือง,สำนักงานคณะกรรมการการศึกษาขั้นพื้นฐาน,สพป.เชียงใหม่ เขต 1,3,26.92,7.61,0.00,0.00,26.16,9.25,66.67,47.14,15.90,22.49
2565,542,ชลประทานเขื่อนแม่กวงจิราธิวัฒน์อุปถัมภ์,สันทราย,กลาง,นอกเมือง,สำนักงานคณะกรรมการการศึกษาขั้นพื้นฐาน,สพป.เชียงใหม่ เขต 2,28,10.96,12.25,35.71,47.92,25.93,17.44,25.00,43.30,8.68,18.64
2565,543,ต้นกล้า,สันทราย,กลาง,นอกเมือง,สำนักงานคณะกรรมการส่งเสริมการศึกษาเอกชน,-,16,37.64,18.16,43.75,49.61,22.08,11.76,43.75,49.61,12.21,27.57
2565,544,บ้านเจดีย์แม่ครัว,สันทราย,กลาง,นอกเมือง,สำนักงานคณะกรรมการการศึกษาขั้นพื้นฐาน,สพป.เชียงใหม่ เขต 2,61,24.06,20.29,57.38,49.45,24.48,17.67,31.15,46.31,6.41,16.51
2565,545,บ้านท่าเกวียน,สันทราย,เล็ก,นอกเมือง,สำนักงานคณะกรรมการการศึกษาขั้นพื้นฐาน,สพป.เชียงใหม่ เขต 2,23,29.69,19.69,65.22,47.63,23.04,18.89,26.09,43.91,12.64,21.30
2565,546,บ้านบวกเปา,สันทราย,เล็ก,นอกเมือง,สำนักงานคณะกรรมการการศึกษาขั้นพื้นฐาน,สพป.เชียงใหม่ เขต 2,8,28.65,25.77,50.00,50.00,22.08,11.76,87.50,33.07,0.00,0.00
2565,547,บ้านป่าก้าง,สันทราย,เล็ก,นอกเมือง,สำนักงานคณะกรรมการการศึกษาขั้นพื้นฐาน,สพป.เชียงใหม่ เขต 2,9,27.09,21.96,44.44,49.69,23.98,15.42,33.33,47.14,15.90,22.49
2565,548,บ้านป่าบง,สันทราย,เล็ก,นอกเมือง,สำนักงานคณะกรรมการการศึกษาขั้นพื้นฐาน,สพป.เชียงใหม่ เขต 2,19,36.11,20.41,68.42,46.48,33.05,22.10,52.63,49.93,12.80,26.87
2565,549,บ้านป่าเหมือด,สันทราย,เล็ก,นอกเมือง,สำนักงานคณะกรรมการการศึกษาขั้นพื้นฐาน,สพป.เชียงใหม่ เขต 2,12,23.01,16.96,41.67,49.30,32.70,23.13,41.67,49.30,3.98,13.19
2565,550,บ้านโปง,สันทราย,เล็ก,นอกเมือง,สำนักงานคณะกรรมการการศึกษาขั้นพื้นฐาน,สพป.เชียงใหม่ เขต 2,15,27.33,23.87,60.00,48.99,22.24,21.34,20.00,40.00,9.85,19.72
2565,551,บ้านโป่ง,สันทราย,เล็ก,นอกเมือง,สำนักงานคณะกรรมการการศึกษาขั้นพื้นฐาน,สพป.เชียงใหม่ เขต 2,4,20.19,13.39,75.00,43.30,29.43,9.81,50.00,50.00,0.00,0.00
2565,552,บ้านเมืองขอน,สันทราย,เล็ก,นอกเมือง,สำนักงานคณะกรรมการการศึกษาขั้นพื้นฐาน,สพป.เชียงใหม่ เขต 2,10,21.30,19.50,70.00,45.83,27.47,28.03,40.00,48.99,4.77,14.31
2565,553,บ้านแม่โจ้,สันทราย,กลาง,นอกเมือง,สำนักงานคณะกรรมการการศึกษาขั้นพื้นฐาน,สพป.เชียงใหม่ เขต 2,36,35.83,24.20,58.33,49.30,29.98,18.20,36.11,48.03,14.83,25.29
2565,554,บ้านแม่แต,สันทราย,เล็ก,นอกเมือง,สำนักงานคณะกรรมการการศึกษาขั้นพื้นฐาน,สพป.เชียงใหม่ เขต 2,7,11.54,14.22,42.86,49.49,19.62,14.83,28.57,45.18,13.63,21.55
2565,555,บ้านแม่แฝก,สันทราย,เล็ก,นอกเมือง,สำนักงานคณะกรรมการการศึกษาขั้นพื้นฐาน,สพป.เชียงใหม่ เขต 2,11,40.06,22.65,63.64,48.10,26.76,15.14,18.18,38.57,9.09,19.31
2565,556,บ้านแม่ย่อย,สันทราย,เล็ก,นอกเมือง,สำนักงานคณะกรรมการการศึกษาขั้นพื้นฐาน,สพป.เชียงใหม่ เขต 2,11,29.50,19.40,63.64,48.10,23.19,14.05,36.36,48.10,9.09,19.31
2565,557,บ้านร่มหลวง,สันทราย,เล็ก,นอกเมือง,สำนักงานคณะกรรมการการศึกษาขั้นพื้นฐาน,สพป.เชียงใหม่ เขต 2,20,32.38,19.18,65.00,47.70,33.45,18.95,45.00,49.75,17.16,28.24
2565,558,บ้านศรีงาม,สันทราย,เล็ก,นอกเมือง,สำนักงานคณะกรรมการการศึกษาขั้นพื้นฐาน,สพป.เชียงใหม่ เขต 2,4,56.91,14.22,75.00,43.30,14.72,16.27,25.00,43.30,0.00,0.00
2565,559,บ้านศรีบุญเรือง,สันทราย,กลาง,นอกเมือง,สำนักงานคณะกรรมการการศึกษาขั้นพื้นฐาน,สพป.เชียงใหม่ เขต 2,12,24.48,20.74,58.33,49.30,14.72,18.14,16.67,37.27,3.98,13.19
2565,560,บ้านสันพระเนตร,สันทราย,เล็ก,นอกเมือง,สำนักงานคณะกรรมการการศึกษาขั้นพื้นฐาน,สพป.เชียงใหม่ เขต 2,5,39.07,12.78,60.00,48.99,27.47,20.01,60.00,48.99,9.54,19.08
2565,561,บ้านสันศรี,สันทราย,เล็ก,นอกเมือง,สำนักงานคณะกรรมการการศึกษาขั้นพื้นฐาน,สพป.เชียงใหม่ เขต 2,6,18.84,17.23,33.33,47.14,22.89,17.61,33.33,47.14,15.90,22.49
2565,562,บ้านหนองไคร้,สันทราย,กลาง,นอกเมือง,สำนักงานคณะกรรมการการศึกษาขั้นพื้นฐาน,สพป.เชียงใหม่ เขต 2,58,28.87,21.49,53.45,49.88,23.04,17.25,36.21,48.06,17.67,26.90
2565,563,บ้านหนองมะจับ,สันทราย,เล็ก,นอกเมือง,สำนักงานคณะกรรมการการศึกษาขั้นพื้นฐาน,สพป.เชียงใหม่ เขต 2,10,27.76,29.34,40.00,48.99,27.47,13.02,20.00,40.00,5.23,15.69
2565,564,บ้านหนองหาร,สันทราย,เล็ก,นอกเมือง,สำนักงานคณะกรรมการการศึกษาขั้นพื้นฐาน,สพป.เชียงใหม่ เขต 2,7,44.28,17.20,71.43,45.18,33.91,27.44,71.43,45.18,7.47,18.30
2565,565,บ้านหลักปัน,สันทราย,กลาง,นอกเมือง,สำนักงานคณะกรรมการการศึกษาขั้นพื้นฐาน,สพป.เชียงใหม่ เขต 2,6,13.46,14.49,16.67,37.27,19.94,19.64,33.33,47.14,7.95,17.78
2565,566,บ้านห้วยเกี๋ยง,สันทราย,กลาง,นอกเมือง,สำนักงานคณะกรรมการการศึกษาขั้นพื้นฐาน,สพป.เชียงใหม่ เขต 2,28,19.03,14.35,28.57,45.18,22.43,17.95,32.14,46.70,12.25,25.10
2565,567,บ้านหัวฝาย,สันทราย,เล็ก,นอกเมือง,สำนักงานคณะกรรมการการศึกษาขั้นพื้นฐาน,สพป.เชียงใหม่ เขต 2,5,22.61,7.91,40.00,48.99,39.25,24.82,60.00,48.99,0.00,0.00
2565,568,พงษ์พิกุลเชียงใหม่,สันทราย,กลาง,นอกเมือง,สำนักงานคณะกรรมการส่งเสริมการศึกษาเอกชน,-,40,18.28,22.12,30.00,45.83,26.00,19.81,50.00,50.00,10.00,22.93
2565,569,วัดแม่แก้ดน้อย,สันทราย,ใหญ่,นอกเมือง,สำนักงานคณะกรรมการการศึกษาขั้นพื้นฐาน,สพป.เชียงใหม่ เขต 2,29,21.32,20.21,48.28,49.97,25.78,22.14,44.83,49.73,17.24,27.18
2565,570,วัดสันคะยอม,สันทราย,เล็ก,นอกเมือง,สำนักงานคณะกรรมการการศึกษาขั้นพื้นฐาน,สพป.เชียงใหม่ เขต 2,6,27.17,20.63,50.00,50.00,22.89,13.48,16.67,37.27,7.95,17.78
2565,571,วัดสันทรายมูล,สันทราย,เล็ก,นอกเมือง,สำนักงานคณะกรรมการการศึกษาขั้นพื้นฐาน,สพป.เชียงใหม่ เขต 2,16,38.55,16.15,68.75,46.35,38.02,16.22,50.00,50.00,9.81,20.41
2565,572,วีรยาเชียงใหม่,สันทราย,กลาง,นอกเมือง,สำนักงานคณะกรรมการส่งเสริมการศึกษาเอกชน,-,9,49.14,30.43,66.67,47.14,28.34,26.34,11.11,31.43,16.92,23.96
2565,573,สวนองุ่นเชียงใหม่,สันทราย,กลาง,นอกเมือง,สำนักงานคณะกรรมการส่งเสริมการศึกษาเอกชน,-,26,54.19,23.85,76.92,42.13,26.42,23.69,46.15,49.85,23.08,28.56
2565,574,สันทรายหลวง,สันทราย,กลาง,นอกเมือง,สำนักงานคณะกรรมการการศึกษาขั้นพื้นฐาน,สพป.เชียงใหม่ เขต 2,110,24.72,16.07,36.36,48.10,23.92,19.90,30.00,45.83,10.58,21.14
2565,575,กิ่วแลน้อยประสิทธิ์วิทยา,สันป่าตอง,กลาง,นอกเมือง,สำนักงานคณะกรรมการการศึกษาขั้นพื้นฐาน,สพป.เชียงใหม่ เขต 4,9,45.20,24.33,100.00,0.00,21.80,14.46,66.67,47.14,5.30,14.99
2565,576,ชุมชนกิ่วแลหลวงประสิทธิ์วิทยา,สันป่าตอง,เล็ก,นอกเมือง,สำนักงานคณะกรรมการการศึกษาขั้นพื้นฐาน,สพป.เชียงใหม่ เขต 4,4,24.22,13.99,25.00,43.30,14.72,25.49,50.00,50.00,23.85,23.85
2565,577,ทุ่งฟ้าบดราษฎร์บำรุง,สันป่าตอง,กลาง,นอกเมือง,กรมส่งเสริมการปกครองท้องถิ่น,ท้องถิ่นจังหวัดเชียงใหม่,82,29.84,23.57,58.54,49.27,26.13,22.66,35.37,47.81,12.03,22.59
2565,578,บ้านทุ่งเสี้ยว (นวรัฐ),สันป่าตอง,เล็ก,นอกเมือง,สำนักงานคณะกรรมการการศึกษาขั้นพื้นฐาน,สพป.เชียงใหม่ เขต 4,13,21.36,20.83,53.85,49.85,18.11,16.26,46.15,49.85,15.38,23.11
2565,579,บ้านเปียง,สันป่าตอง,เล็ก,นอกเมือง,สำนักงานคณะกรรมการการศึกษาขั้นพื้นฐาน,สพป.เชียงใหม่ เขต 4,11,28.04,24.26,72.73,44.54,30.33,17.48,36.36,48.10,13.01,21.25
2565,580,บ้านม่วงพี่น้อง,สันป่าตอง,เล็ก,นอกเมือง,สำนักงานคณะกรรมการการศึกษาขั้นพื้นฐาน,สพป.เชียงใหม่ เขต 4,7,39.44,21.17,71.43,45.18,22.43,16.35,14.29,34.99,0.00,0.00
2565,581,บ้านแม่กุ้งหลวง,สันป่าตอง,เล็ก,นอกเมือง,สำนักงานคณะกรรมการการศึกษาขั้นพื้นฐาน,สพป.เชียงใหม่ เขต 4,3,21.53,7.61,0.00,0.00,19.62,16.02,33.33,47.14,0.00,0.00
2565,582,บ้านห้วยส้ม,สันป่าตอง,เล็ก,นอกเมือง,สำนักงานคณะกรรมการการศึกษาขั้นพื้นฐาน,สพป.เชียงใหม่ เขต 4,14,35.76,17.46,78.57,41.03,32.24,15.92,50.00,50.00,10.55,20.23
2565,583,บ้านหัวริน,สันป่าตอง,เล็ก,นอกเมือง,สำนักงานคณะกรรมการการศึกษาขั้นพื้นฐาน,สพป.เชียงใหม่ เขต 4,10,30.68,15.23,70.00,45.83,21.58,10.57,30.00,45.83,4.77,14.31
2565,584,พัฒนวิทย์ศึกษา,สันป่าตอง,ใหญ่,นอกเมือง,สำนักงานคณะกรรมการส่งเสริมการศึกษาเอกชน,-,45,24.93,19.71,53.33,49.89,24.86,16.75,40.00,48.99,10.91,20.43
2565,585,วัดกู่คำ,สันป่าตอง,เล็ก,นอกเมือง,สำนักงานคณะกรรมการการศึกษาขั้นพื้นฐาน,สพป.เชียงใหม่ เขต 4,4,28.65,18.05,25.00,43.30,29.43,9.81,75.00,43.30,25.00,25.05
2565,586,วัดท่ากาน,สันป่าตอง,เล็ก,นอกเมือง,สำนักงานคณะกรรมการการศึกษาขั้นพื้นฐาน,สพป.เชียงใหม่ เขต 4,10,32.61,29.33,40.00,48.99,27.47,15.70,50.00,50.00,19.54,32.76
2565,587,วัดน้ำบ่อหลวง,สันป่าตอง,เล็ก,นอกเมือง,สำนักงานคณะกรรมการการศึกษาขั้นพื้นฐาน,สพป.เชียงใหม่ เขต 4,17,25.74,14.76,47.06,49.91,23.09,13.85,29.41,45.56,11.76,27.29
2565,588,วัดโรงวัว,สันป่าตอง,เล็ก,นอกเมือง,สำนักงานคณะกรรมการการศึกษาขั้นพื้นฐาน,สพป.เชียงใหม่ เขต 4,4,53.26,21.73,50.00,50.00,39.25,31.03,25.00,43.30,63.07,21.40
2565,589,วัดสามหลัง,สันป่าตอง,เล็ก,นอกเมือง,สำนักงานคณะกรรมการการศึกษาขั้นพื้นฐาน,สพป.เชียงใหม่ เขต 4,8,40.76,30.73,75.00,43.30,22.31,20.87,50.00,50.00,25.00,35.37
2565,590,วัดอุเม็ง,สันป่าตอง,เล็ก,นอกเมือง,สำนักงานคณะกรรมการการศึกษาขั้นพื้นฐาน,สพป.เชียงใหม่ เขต 4,12,39.67,20.89,66.67,47.14,26.16,20.16,33.33,47.14,20.64,31.85
2565,591,วิมานทิพย์,สันป่าตอง,เล็ก,นอกเมือง,สำนักงานคณะกรรมการส่งเสริมการศึกษาเอกชน,-,12,30.12,29.25,50.00,50.00,29.43,23.36,58.33,49.30,20.64,31.85
2565,592,สันป่าตอง,สันป่าตอง,เล็ก,นอกเมือง,กรมส่งเสริมการปกครองท้องถิ่น,ท้องถิ่นจังหวัดเชียงใหม่,6,26.92,15.23,33.33,47.14,35.97,20.94,33.33,47.14,0.00,0.00
2565,593,สันป่าตอง (สุวรรณราษฎร์วิทยาคาร),สันป่าตอง,ใหญ่,นอกเมือง,สำนักงานคณะกรรมการการศึกษาขั้นพื้นฐาน,สพป.เชียงใหม่ เขต 4,162,35.99,24.22,53.70,49.86,28.14,21.41,43.83,49.62,15.43,29.04
2565,594,อุ่นไอรัก เชียงใหม่,สันป่าตอง,เล็ก,นอกเมือง,สำนักงานคณะกรรมการส่งเสริมการศึกษาเอกชน,-,28,18.51,17.84,39.29,48.84,21.73,16.03,32.14,46.70,10.55,20.23
2565,595,ช่องฟ้าซินเซิงวาณิชบำรุง,สารภี,ใหญ่พิเศษ,นอกเมือง,สำนักงานคณะกรรมการส่งเสริมการศึกษาเอกชน,-,249,37.23,23.17,63.86,48.04,30.91,21.00,50.60,50.00,17.64,28.31
2565,596,ชุมชนวัดปากกอง,สารภี,เล็ก,นอกเมือง,สำนักงานคณะกรรมการการศึกษาขั้นพื้นฐาน,สพป.เชียงใหม่ เขต 4,2,16.15,16.15,50.00,50.00,58.87,19.62,0.00,0.00,0.00,0.00
2565,597,ชุมชนวัดศรีคำชมภู,สารภี,กลาง,นอกเมือง,สำนักงานคณะกรรมการการศึกษาขั้นพื้นฐาน,สพป.เชียงใหม่ เขต 4,10,25.99,18.32,50.00,50.00,19.62,12.41,30.00,45.83,29.54,24.18
2565,598,เทศบาลตำบลยางเนิ้ง,สารภี,กลาง,นอกเมือง,กรมส่งเสริมการปกครองท้องถิ่น,ท้องถิ่นจังหวัดเชียงใหม่,17,15.20,11.71,23.53,42.42,30.01,23.43,29.41,45.56,23.26,24.72
2565,599,บ้านปากเหมือง,สารภี,กลาง,นอกเมือง,สำนักงานคณะกรรมการการศึกษาขั้นพื้นฐาน,สพป.เชียงใหม่ เขต 4,20,17.84,18.61,25.00,43.30,22.57,16.74,40.00,48.99,7.61,18.15
2565,600,บ้านสันทราย,สารภี,เล็ก,นอกเมือง,สำนักงานคณะกรรมการการศึกษาขั้นพื้นฐาน,สพป.เชียงใหม่ เขต 4,9,43.58,27.96,55.56,49.69,37.27,23.86,44.44,49.69,5.81,16.43
2565,601,ยุวฑูตศึกษาพัฒนา,สารภี,ใหญ่,นอกเมือง,สำนักงานคณะกรรมการส่งเสริมการศึกษาเอกชน,-,37,49.29,27.86,62.16,48.50,40.94,22.79,48.65,49.98,23.03,32.11
2565,602,วชิราลัย,สารภี,กลาง,นอกเมือง,สำนักงานคณะกรรมการส่งเสริมการศึกษาเอกชน,-,54,26.25,25.07,35.19,47.75,21.94,19.74,50.00,50.00,14.73,26.49
2565,603,วัดกองทราย,สารภี,เล็ก,นอกเมือง,สำนักงานคณะกรรมการการศึกษาขั้นพื้นฐาน,สพป.เชียงใหม่ เขต 4,10,17.76,13.41,40.00,48.99,29.43,18.09,50.00,50.00,19.54,32.76
2565,604,วัดท่าต้นกวาว,สารภี,เล็ก,นอกเมือง,สำนักงานคณะกรรมการการศึกษาขั้นพื้นฐาน,สพป.เชียงใหม่ เขต 4,15,32.40,21.42,53.33,49.89,19.62,21.50,33.33,47.14,10.15,20.33
2565,605,วัดเทพาราม,สารภี,เล็ก,นอกเมือง,สำนักงานคณะกรรมการการศึกษาขั้นพื้นฐาน,สพป.เชียงใหม่ เขต 4,12,43.32,24.40,50.00,50.00,27.80,24.64,66.67,47.14,7.95,17.78
2565,606,วัดบวกครกเหนือ,สารภี,เล็ก,นอกเมือง,สำนักงานคณะกรรมการการศึกษาขั้นพื้นฐาน,สพป.เชียงใหม่ เขต 4,25,15.50,13.30,44.00,49.64,24.33,16.91,36.00,48.00,13.72,26.18
2565,607,วัดพญาชมภู,สารภี,เล็ก,นอกเมือง,สำนักงานคณะกรรมการการศึกษาขั้นพื้นฐาน,สพป.เชียงใหม่ เขต 4,6,43.32,12.50,50.00,50.00,26.16,18.50,33.33,47.14,16.67,23.61
2565,608,วัดพระนอนหนองผึ้ง,สารภี,เล็ก,นอกเมือง,สำนักงานคณะกรรมการการศึกษาขั้นพื้นฐาน,สพป.เชียงใหม่ เขต 4,17,25.83,19.76,52.94,49.91,30.01,21.41,23.53,42.42,14.84,28.70
2565,609,วัดแม่สะลาบ,สารภี,เล็ก,นอกเมือง,สำนักงานคณะกรรมการการศึกษาขั้นพื้นฐาน,สพป.เชียงใหม่ เขต 4,11,17.62,12.80,18.18,38.57,24.97,20.65,54.55,49.79,13.01,21.25
2565,610,วัดเวฬุวัน,สารภี,ใหญ่,นอกเมือง,สำนักงานคณะกรรมการการศึกษาขั้นพื้นฐาน,สพป.เชียงใหม่ เขต 4,21,50.43,22.25,80.95,39.27,39.42,27.88,47.62,49.94,9.52,19.66
2565,611,วัดศรีดอนชัย,สารภี,เล็ก,นอกเมือง,สำนักงานคณะกรรมการการศึกษาขั้นพื้นฐาน,สพป.เชียงใหม่ เขต 4,4,24.22,18.06,25.00,43.30,14.72,16.27,50.00,50.00,11.93,20.66
2565,612,วัดศรีโพธาราม,สารภี,เล็ก,นอกเมือง,สำนักงานคณะกรรมการการศึกษาขั้นพื้นฐาน,สพป.เชียงใหม่ เขต 4,7,35.05,24.10,57.14,49.49,25.23,13.73,57.14,49.49,7.47,18.30
2565,613,วัดสันดอนมูล,สารภี,เล็ก,นอกเมือง,สำนักงานคณะกรรมการการศึกษาขั้นพื้นฐาน,สพป.เชียงใหม่ เขต 4,6,13.46,14.49,66.67,47.14,29.43,18.79,33.33,47.14,7.95,17.78
2565,614,ศูนย์การเรียนแห่งความหวังและอนาคต,สารภี,เล็ก,นอกเมือง,สำนักงานคณะกรรมการการศึกษาขั้นพื้นฐาน,สพป.เชียงใหม่ เขต 4,4,24.61,24.87,25.00,43.30,19.62,13.88,50.00,50.00,11.93,20.66
2565,615,สืบนทีธรรม,สารภี,กลาง,นอกเมือง,สำนักงานคณะกรรมการส่งเสริมการศึกษาเอกชน,-,14,30.32,22.34,64.29,47.92,22.43,16.35,28.57,45.18,13.96,22.10
2565,616,ต้นแก้วผดุงพิทยาลัย,หางดง,ใหญ่,นอกเมือง,กรมส่งเสริมการปกครองท้องถิ่น,ท้องถิ่นจังหวัดเชียงใหม่,102,23.95,17.86,44.12,49.65,26.01,22.08,31.37,46.40,14.10,26.42
2565,617,เทศบาลหนองตองวิทยา,หางดง,เล็ก,นอกเมือง,กรมส่งเสริมการปกครองท้องถิ่น,ท้องถิ่นจังหวัดเชียงใหม่,11,17.62,12.80,45.45,49.79,32.11,17.30,45.45,49.79,4.34,13.71
2565,618,เทศบาลหางดง (ประชาคมสร้างสรรค์),หางดง,ใหญ่,นอกเมือง,กรมส่งเสริมการปกครองท้องถิ่น,ท้องถิ่นจังหวัดเชียงใหม่,34,28.77,19.18,52.94,49.91,32.90,18.87,67.65,46.78,11.76,21.24
2565,619,นันทชาติ เกรด สคูล,หางดง,เล็ก,นอกเมือง,สำนักงานคณะกรรมการส่งเสริมการศึกษาเอกชน,-,8,53.45,27.64,50.00,50.00,31.89,13.66,75.00,43.30,56.54,46.32
2565,620,บ้านคุณแม่,หางดง,เล็ก,นอกเมือง,สำนักงานคณะกรรมการส่งเสริมการศึกษาเอกชน,-,12,22.88,16.75,25.00,43.30,31.07,16.91,33.33,47.14,15.90,22.49
2565,621,บ้านดง,หางดง,เล็ก,นอกเมือง,สำนักงานคณะกรรมการการศึกษาขั้นพื้นฐาน,สพป.เชียงใหม่ เขต 4,16,43.89,20.08,68.75,46.35,31.89,20.67,43.75,49.61,22.02,30.62
2565,622,บ้านตองกาย,หางดง,เล็ก,นอกเมือง,สำนักงานคณะกรรมการการศึกษาขั้นพื้นฐาน,สพป.เชียงใหม่ เขต 4,12,17.62,17.00,16.67,37.27,26.16,21.69,33.33,47.14,16.28,30.78
2565,623,บ้านทรายมูล,หางดง,กลาง,นอกเมือง,สำนักงานคณะกรรมการการศึกษาขั้นพื้นฐาน,สพป.เชียงใหม่ เขต 4,32,31.03,23.81,62.50,48.41,22.69,20.88,37.50,48.41,18.32,26.77
2565,624,บ้านท้าวบุญเรือง,หางดง,เล็ก,นอกเมือง,สำนักงานคณะกรรมการการศึกษาขั้นพื้นฐาน,สพป.เชียงใหม่ เขต 4,6,37.94,22.51,50.00,50.00,26.16,14.63,50.00,50.00,0.00,0.00
2565,625,บ้านน้ำแพร่,หางดง,เล็ก,นอกเมือง,สำนักงานคณะกรรมการการศึกษาขั้นพื้นฐาน,สพป.เชียงใหม่ เขต 4,13,42.83,20.35,61.54,48.65,25.81,21.02,23.08,42.13,19.05,31.09
2565,626,บ้านปง,หางดง,เล็ก,นอกเมือง,สำนักงานคณะกรรมการการศึกษาขั้นพื้นฐาน,สพป.เชียงใหม่ เขต 4,10,34.07,19.71,80.00,40.00,47.09,23.55,80.00,40.00,14.77,31.77
2565,627,บ้านป่าตาล,หางดง,เล็ก,นอกเมือง,สำนักงานคณะกรรมการการศึกษาขั้นพื้นฐาน,สพป.เชียงใหม่ เขต 4,23,18.96,14.01,60.87,48.80,30.71,15.12,30.43,46.01,10.37,19.68
2565,628,บ้านฟ่อน,หางดง,เล็ก,นอกเมือง,สำนักงานคณะกรรมการการศึกษาขั้นพื้นฐาน,สพป.เชียงใหม่ เขต 4,12,31.34,14.42,66.67,47.14,26.16,18.50,33.33,47.14,0.00,0.00
2565,629,บ้านไร่,หางดง,เล็ก,นอกเมือง,สำนักงานคณะกรรมการการศึกษาขั้นพื้นฐาน,สพป.เชียงใหม่ เขต 4,2,40.37,8.07,50.00,50.00,29.43,9.81,50.00,50.00,23.85,23.85
2565,630,บ้านวังศรี,หางดง,เล็ก,นอกเมือง,สำนักงานคณะกรรมการการศึกษาขั้นพื้นฐาน,สพป.เชียงใหม่ เขต 4,7,27.68,11.30,57.14,49.49,25.23,20.21,28.57,45.18,29.23,36.82
2565,631,บ้านสันทราย,หางดง,เล็ก,นอกเมือง,สำนักงานคณะกรรมการการศึกษาขั้นพื้นฐาน,สพป.เชียงใหม่ เขต 4,10,25.84,10.71,60.00,48.99,33.36,17.66,20.00,40.00,20.00,33.18
2565,632,บ้านสันป่าสัก,หางดง,กลาง,นอกเมือง,สำนักงานคณะกรรมการการศึกษาขั้นพื้นฐาน,สพป.เชียงใหม่ เขต 4,64,27.19,19.94,53.13,49.90,27.32,18.58,46.88,49.90,11.61,22.79
2565,633,บ้านสันผักหวาน,หางดง,เล็ก,นอกเมือง,สำนักงานคณะกรรมการการศึกษาขั้นพื้นฐาน,สพป.เชียงใหม่ เขต 4,12,29.87,18.61,41.67,49.30,32.70,20.16,41.67,49.30,3.98,13.19
2565,634,บ้านแสนตอ,หางดง,เล็ก,นอกเมือง,สำนักงานคณะกรรมการการศึกษาขั้นพื้นฐาน,สพป.เชียงใหม่ เขต 4,8,28.26,20.98,50.00,50.00,19.62,13.88,37.50,48.41,0.00,0.00
2565,635,พันธสัญญา,หางดง,เล็ก,นอกเมือง,สำนักงานคณะกรรมการส่งเสริมการศึกษาเอกชน,-,6,43.84,32.90,66.67,47.14,49.37,18.64,16.67,37.27,8.72,19.49
2565,636,ลักษณ์พงค์วิทยา,หางดง,เล็ก,นอกเมือง,สำนักงานคณะกรรมการส่งเสริมการศึกษาเอกชน,-,13,27.33,17.21,53.85,49.85,30.33,16.79,38.46,48.65,23.43,32.04
2565,637,วัดคีรีเขต,หางดง,เล็ก,นอกเมือง,สำนักงานคณะกรรมการการศึกษาขั้นพื้นฐาน,สพป.เชียงใหม่ เขต 4,1,0.00,0.00,0.00,0.00,19.62,0.00,0.00,0.00,0.00,0.00
2565,638,วัดจอมทอง,หางดง,เล็ก,นอกเมือง,สำนักงานคณะกรรมการการศึกษาขั้นพื้นฐาน,สพป.เชียงใหม่ เขต 4,7,37.13,16.80,71.43,45.18,22.43,16.35,71.43,45.18,6.82,16.69
2565,639,วัดช่างคำ,หางดง,เล็ก,นอกเมือง,สำนักงานคณะกรรมการการศึกษาขั้นพื้นฐาน,สพป.เชียงใหม่ เขต 4,9,23.33,18.82,66.67,47.14,30.52,9.75,33.33,47.14,10.60,19.83
2565,640,วัดประชาเกษม,หางดง,เล็ก,นอกเมือง,สำนักงานคณะกรรมการการศึกษาขั้นพื้นฐาน,สพป.เชียงใหม่ เขต 4,13,13.66,10.69,30.77,46.15,18.11,17.99,23.08,42.13,0.00,0.00
2565,641,วัดพระเจ้าเหลื้อม,หางดง,เล็ก,นอกเมือง,สำนักงานคณะกรรมการการศึกษาขั้นพื้นฐาน,สพป.เชียงใหม่ เขต 4,6,54.35,15.87,83.33,37.27,29.43,18.79,66.67,47.14,8.72,19.49
2565,642,วัดศรีล้อม,หางดง,เล็ก,นอกเมือง,สำนักงานคณะกรรมการการศึกษาขั้นพื้นฐาน,สพป.เชียงใหม่ เขต 4,9,30.85,22.53,66.67,47.14,19.62,20.68,66.67,47.14,16.41,23.24
2565,643,วัดศรีสว่าง,หางดง,เล็ก,นอกเมือง,สำนักงานคณะกรรมการการศึกษาขั้นพื้นฐาน,สพป.เชียงใหม่ เขต 4,5,29.07,15.82,80.00,40.00,31.40,23.55,20.00,40.00,31.38,25.62
2565,644,สาธิตนานาชาติทวิภาษาแห่งมหาวิทยาลัยรังสิต เชียงใหม่,หางดง,กลาง,นอกเมือง,สำนักงานคณะกรรมการส่งเสริมการศึกษาเอกชน,-,5,42.61,22.55,80.00,40.00,23.55,7.85,40.00,48.99,9.54,19.08
2565,645,ชุมชนบ้านใหม่,อมก๋อย,เล็ก,นอกเมือง,สำนักงานคณะกรรมการการศึกษาขั้นพื้นฐาน,สพป.เชียงใหม่ เขต 5,27,22.19,17.80,33.33,47.14,22.53,16.64,48.15,49.97,7.24,17.37
2565,646,ชุมชนบ้านอมก๋อย,อมก๋อย,กลาง,นอกเมือง,สำนักงานคณะกรรมการการศึกษาขั้นพื้นฐาน,สพป.เชียงใหม่ เขต 5,53,15.93,14.71,33.96,47.36,19.62,19.44,30.19,45.91,16.63,23.23
2565,647,ตชด.บางกอกเชฟแชร์ริตี้,อมก๋อย,เล็ก,นอกเมือง,กองบัญชาการตำรวจตระเวนชายแดน,-,13,24.84,18.59,76.92,42.13,46.79,16.40,38.46,48.65,14.68,22.02
2565,648,ตรีมิตรวิทยา,อมก๋อย,กลาง,นอกเมือง,สำนักงานคณะกรรมการการศึกษาขั้นพื้นฐาน,สพป.เชียงใหม่ เขต 5,19,23.96,17.97,21.05,40.77,27.88,24.09,26.32,44.03,7.53,17.40
2565,649,ท่านผู้หญิงประไพ ศิวะโกเศศ,อมก๋อย,เล็ก,นอกเมือง,กองบัญชาการตำรวจตระเวนชายแดน,-,18,43.98,26.72,33.33,47.14,26.16,13.08,22.22,41.57,48.88,11.94
2565,650,บ้านขุนแม่ตื่นน้อย,อมก๋อย,เล็ก,นอกเมือง,สำนักงานคณะกรรมการการศึกษาขั้นพื้นฐาน,สพป.เชียงใหม่ เขต 5,26,15.53,13.04,26.92,44.36,20.38,12.74,19.23,39.41,7.34,17.21
2565,651,บ้านซิแบร,อมก๋อย,เล็ก,นอกเมือง,สำนักงานคณะกรรมการการศึกษาขั้นพื้นฐาน,สพป.เชียงใหม่ เขต 5,42,21.41,13.64,26.19,43.97,21.96,17.76,26.19,43.97,6.82,16.69
2565,652,บ้านตุงลอย,อมก๋อย,กลาง,นอกเมือง,สำนักงานคณะกรรมการการศึกษาขั้นพื้นฐาน,สพป.เชียงใหม่ เขต 5,31,26.57,15.65,38.71,48.71,15.89,16.11,32.26,46.75,12.61,21.40
2565,653,บ้านผีปานเหนือ,อมก๋อย,กลาง,นอกเมือง,สำนักงานคณะกรรมการการศึกษาขั้นพื้นฐาน,สพป.เชียงใหม่ เขต 5,20,19.46,17.53,25.00,43.30,19.62,16.42,15.00,35.71,19.54,28.70
2565,654,บ้านแม่โขง,อมก๋อย,เล็ก,นอกเมือง,สำนักงานคณะกรรมการการศึกษาขั้นพื้นฐาน,สพป.เชียงใหม่ เขต 5,8,37.11,10.71,50.00,50.00,24.76,23.88,25.00,43.30,32.68,25.32
2565,655,บ้านแม่ต๋อม,อมก๋อย,กลาง,นอกเมือง,สำนักงานคณะกรรมการการศึกษาขั้นพื้นฐาน,สพป.เชียงใหม่ เขต 5,40,18.57,13.29,22.50,41.76,18.15,14.81,35.00,47.70,11.93,20.66
2565,656,บ้านแม่สะเต,อมก๋อย,เล็ก,นอกเมือง,สำนักงานคณะกรรมการการศึกษาขั้นพื้นฐาน,สพป.เชียงใหม่ เขต 5,11,79.50,11.80,90.91,28.75,46.38,12.61,63.64,48.10,4.34,13.71
2565,657,บ้านแม่หลองน้อย,อมก๋อย,เล็ก,นอกเมือง,สำนักงานคณะกรรมการการศึกษาขั้นพื้นฐาน,สพป.เชียงใหม่ เขต 5,23,14.04,12.87,30.43,46.01,17.15,15.86,13.04,33.68,4.35,14.10
2565,658,บ้านแม่อ่างขาง,อมก๋อย,เล็ก,นอกเมือง,สำนักงานคณะกรรมการการศึกษาขั้นพื้นฐาน,สพป.เชียงใหม่ เขต 5,13,21.24,17.52,46.15,49.85,24.15,20.59,30.77,46.15,11.01,20.10
2565,659,บ้านยางแก้ว,อมก๋อย,เล็ก,นอกเมือง,สำนักงานคณะกรรมการการศึกษาขั้นพื้นฐาน,สพป.เชียงใหม่ เขต 5,12,13.46,11.10,41.67,49.30,19.62,17.91,16.67,37.27,7.95,17.78
2565,660,บ้านยางครก,อมก๋อย,เล็ก,นอกเมือง,สำนักงานคณะกรรมการการศึกษาขั้นพื้นฐาน,สพป.เชียงใหม่ เขต 5,20,14.53,11.30,30.00,45.83,14.81,15.08,20.00,40.00,11.93,20.66
2565,661,บ้านยางเปา,อมก๋อย,กลาง,นอกเมือง,สำนักงานคณะกรรมการการศึกษาขั้นพื้นฐาน,สพป.เชียงใหม่ เขต 5,25,12.92,11.19,28.00,44.90,18.13,14.61,24.00,42.71,7.63,17.49
2565,662,บ้านยางเปียง,อมก๋อย,เล็ก,นอกเมือง,สำนักงานคณะกรรมการการศึกษาขั้นพื้นฐาน,สพป.เชียงใหม่ เขต 5,11,23.77,19.32,45.45,49.79,21.41,13.11,45.45,49.79,0.00,0.00
2565,663,บ้านสบลาน,อมก๋อย,กลาง,นอกเมือง,สำนักงานคณะกรรมการการศึกษาขั้นพื้นฐาน,สพป.เชียงใหม่ เขต 5,16,18.17,12.61,43.75,49.61,12.26,9.50,25.00,43.30,5.96,15.78
2565,664,บ้านหลวง,อมก๋อย,เล็ก,นอกเมือง,สำนักงานคณะกรรมการการศึกษาขั้นพื้นฐาน,สพป.เชียงใหม่ เขต 5,10,30.84,18.63,50.00,50.00,27.47,17.98,30.00,45.83,9.54,19.08
2565,665,บ้านห้วยโค้ง,อมก๋อย,กลาง,นอกเมือง,สำนักงานคณะกรรมการการศึกษาขั้นพื้นฐาน,สพป.เชียงใหม่ เขต 5,18,9.87,13.34,27.78,44.79,23.98,20.22,16.67,37.27,2.65,10.93
2565,666,บ้านห้วยน้ำขาว,อมก๋อย,กลาง,นอกเมือง,สำนักงานคณะกรรมการการศึกษาขั้นพื้นฐาน,สพป.เชียงใหม่ เขต 5,21,14.61,20.49,42.86,49.49,16.82,13.92,28.57,45.18,7.03,17.25
2565,667,บ้านห้วยหล่อดูก,อมก๋อย,เล็ก,นอกเมือง,สำนักงานคณะกรรมการการศึกษาขั้นพื้นฐาน,สพป.เชียงใหม่ เขต 5,14,33.45,16.68,50.00,50.00,18.22,20.26,50.00,50.00,13.63,21.55
2565,668,บ้านห่างหลวง,อมก๋อย,เล็ก,นอกเมือง,สำนักงานคณะกรรมการการศึกษาขั้นพื้นฐาน,สพป.เชียงใหม่ เขต 5,10,9.69,12.92,10.00,30.00,11.77,13.02,20.00,40.00,14.31,21.86
2565,669,บ้านอูตูม,อมก๋อย,เล็ก,นอกเมือง,สำนักงานคณะกรรมการการศึกษาขั้นพื้นฐาน,สพป.เชียงใหม่ เขต 5,36,14.80,14.43,38.89,48.75,18.53,17.88,16.67,37.27,6.75,20.54
2565,670,รางวัลอินทิราคานธี,อมก๋อย,เล็ก,นอกเมือง,กองบัญชาการตำรวจตระเวนชายแดน,-,9,64.11,10.15,77.78,41.57,34.88,15.42,66.67,47.14,52.29,0.00
2565,671,ชุมชนบ้านท่าข้าม,ฮอด,กลาง,นอกเมือง,สำนักงานคณะกรรมการการศึกษาขั้นพื้นฐาน,สพป.เชียงใหม่ เขต 5,66,27.40,21.58,43.94,49.63,22.65,16.60,39.39,48.86,12.50,24.54
2565,672,ชุมชนบ้านแม่ทัง,ฮอด,เล็ก,นอกเมือง,สำนักงานคณะกรรมการการศึกษาขั้นพื้นฐาน,สพป.เชียงใหม่ เขต 5,7,25.60,11.91,28.57,45.18,22.43,16.35,0.00,0.00,20.45,23.61
2565,673,บ้านกองลอย,ฮอด,กลาง,นอกเมือง,สำนักงานคณะกรรมการการศึกษาขั้นพื้นฐาน,สพป.เชียงใหม่ เขต 5,17,15.20,14.09,47.06,49.91,23.09,19.31,41.18,49.22,8.96,19.37
2565,674,บ้านกองหิน,ฮอด,เล็ก,นอกเมือง,สำนักงานคณะกรรมการการศึกษาขั้นพื้นฐาน,สพป.เชียงใหม่ เขต 5,6,37.68,7.61,83.33,37.27,26.16,26.97,50.00,50.00,7.95,17.78
2565,675,บ้านกิ่วลม,ฮอด,เล็ก,นอกเมือง,สำนักงานคณะกรรมการการศึกษาขั้นพื้นฐาน,สพป.เชียงใหม่ เขต 5,6,21.53,7.61,33.33,47.14,19.62,16.02,50.00,50.00,0.00,0.00
2565,676,บ้านขุน,ฮอด,เล็ก,นอกเมือง,สำนักงานคณะกรรมการการศึกษาขั้นพื้นฐาน,สพป.เชียงใหม่ เขต 5,8,20.38,19.81,37.50,48.41,19.62,19.62,25.00,43.30,6.54,17.29
2565,677,บ้านแควมะกอก,ฮอด,กลาง,นอกเมือง,สำนักงานคณะกรรมการการศึกษาขั้นพื้นฐาน,สพป.เชียงใหม่ เขต 5,19,20.40,12.66,31.58,46.48,21.69,15.46,31.58,46.48,2.51,10.65
2565,678,บ้านโค้งงาม,ฮอด,เล็ก,นอกเมือง,สำนักงานคณะกรรมการการศึกษาขั้นพื้นฐาน,สพป.เชียงใหม่ เขต 5,8,22.40,20.10,62.50,48.41,24.53,16.27,25.00,43.30,0.00,0.00
2565,679,บ้านดงดำ,ฮอด,เล็ก,นอกเมือง,สำนักงานคณะกรรมการการศึกษาขั้นพื้นฐาน,สพป.เชียงใหม่ เขต 5,5,19.38,12.08,60.00,48.99,35.32,26.03,40.00,48.99,9.54,19.08
2565,680,บ้านดอยคำ,ฮอด,เล็ก,นอกเมือง,สำนักงานคณะกรรมการการศึกษาขั้นพื้นฐาน,สพป.เชียงใหม่ เขต 5,10,19.38,12.08,50.00,50.00,11.77,15.70,20.00,40.00,5.23,15.69
2565,681,บ้านเด่นวิทยา,ฮอด,เล็ก,นอกเมือง,สำนักงานคณะกรรมการการศึกษาขั้นพื้นฐาน,สพป.เชียงใหม่ เขต 5,5,29.07,12.08,20.00,40.00,23.55,19.23,20.00,40.00,0.00,0.00
2565,682,บ้านตาลใต้,ฮอด,เล็ก,นอกเมือง,สำนักงานคณะกรรมการการศึกษาขั้นพื้นฐาน,สพป.เชียงใหม่ เขต 5,2,24.22,8.07,50.00,50.00,0.00,0.00,50.00,50.00,23.85,23.85
2565,683,บ้านตาลเหนือ,ฮอด,เล็ก,นอกเมือง,สำนักงานคณะกรรมการการศึกษาขั้นพื้นฐาน,สพป.เชียงใหม่ เขต 5,15,17.33,16.32,33.33,47.14,20.93,15.14,13.33,33.99,13.33,22.14
2565,684,บ้านตีนตก,ฮอด,เล็ก,นอกเมือง,สำนักงานคณะกรรมการการศึกษาขั้นพื้นฐาน,สพป.เชียงใหม่ เขต 5,3,32.30,22.84,33.33,47.14,26.16,9.25,0.00,0.00,0.00,0.00
2565,685,บ้านเตียนอาง,ฮอด,เล็ก,นอกเมือง,สำนักงานคณะกรรมการการศึกษาขั้นพื้นฐาน,สพป.เชียงใหม่ เขต 5,10,19.38,14.08,50.00,50.00,19.62,21.50,40.00,48.99,9.54,19.08
2565,686,บ้านทุ่ง,ฮอด,เล็ก,นอกเมือง,สำนักงานคณะกรรมการการศึกษาขั้นพื้นฐาน,สพป.เชียงใหม่ เขต 5,5,39.38,24.84,60.00,48.99,23.55,7.85,60.00,48.99,19.08,23.37
2565,687,บ้านทุ่งโป่ง,ฮอด,เล็ก,นอกเมือง,สำนักงานคณะกรรมการการศึกษาขั้นพื้นฐาน,สพป.เชียงใหม่ เขต 5,17,29.63,15.14,64.71,47.79,17.31,17.66,52.94,49.91,0.00,0.00
2565,688,บ้านนาคอเรือ,ฮอด,เล็ก,นอกเมือง,สำนักงานคณะกรรมการการศึกษาขั้นพื้นฐาน,สพป.เชียงใหม่ เขต 5,18,33.45,19.30,27.78,44.79,29.43,21.94,33.33,47.14,10.86,26.28
2565,689,บ้านนาฟ่อน,ฮอด,เล็ก,นอกเมือง,สำนักงานคณะกรรมการการศึกษาขั้นพื้นฐาน,สพป.เชียงใหม่ เขต 5,21,22.30,15.34,38.10,48.56,27.10,20.51,23.81,42.59,12.01,26.47
2565,690,บ้านบ่อหลวง,ฮอด,กลาง,นอกเมือง,สำนักงานคณะกรรมการการศึกษาขั้นพื้นฐาน,สพป.เชียงใหม่ เขต 5,16,21.39,23.29,37.50,48.41,18.40,14.67,18.75,39.03,0.00,0.00
2565,691,บ้านผาแตน,ฮอด,เล็ก,นอกเมือง,สำนักงานคณะกรรมการการศึกษาขั้นพื้นฐาน,สพป.เชียงใหม่ เขต 5,3,21.53,7.61,100.00,0.00,26.16,18.50,66.67,47.14,0.00,0.00
2565,692,บ้านพุย,ฮอด,เล็ก,นอกเมือง,สำนักงานคณะกรรมการการศึกษาขั้นพื้นฐาน,สพป.เชียงใหม่ เขต 5,8,16.15,18.06,25.00,43.30,7.36,9.50,25.00,43.30,0.00,0.00
2565,693,บ้านแม่งูด,ฮอด,เล็ก,นอกเมือง,สำนักงานคณะกรรมการการศึกษาขั้นพื้นฐาน,สพป.เชียงใหม่ เขต 5,12,25.70,20.53,50.00,50.00,26.16,14.63,50.00,50.00,11.93,20.66
2565,694,บ้านแม่ลอง,ฮอด,เล็ก,นอกเมือง,สำนักงานคณะกรรมการการศึกษาขั้นพื้นฐาน,สพป.เชียงใหม่ เขต 5,13,38.87,19.95,53.85,49.85,27.17,22.49,61.54,48.65,26.39,31.36
2565,695,บ้านแม่ลาย,ฮอด,เล็ก,นอกเมือง,สำนักงานคณะกรรมการการศึกษาขั้นพื้นฐาน,สพป.เชียงใหม่ เขต 5,20,14.53,11.30,45.00,49.75,14.72,15.04,25.00,43.30,14.54,22.23
2565,696,บ้านแม่ลายเหนือ,ฮอด,เล็ก,นอกเมือง,สำนักงานคณะกรรมการการศึกษาขั้นพื้นฐาน,สพป.เชียงใหม่ เขต 5,19,22.26,21.94,31.58,46.48,25.82,14.31,57.89,49.37,5.02,14.64
2565,697,บ้านแม่สะนาม,ฮอด,เล็ก,นอกเมือง,สำนักงานคณะกรรมการการศึกษาขั้นพื้นฐาน,สพป.เชียงใหม่ เขต 5,6,40.37,15.46,83.33,37.27,22.89,20.94,66.67,47.14,7.95,17.78
2565,698,บ้านแม่อมลอง,ฮอด,เล็ก,นอกเมือง,สำนักงานคณะกรรมการการศึกษาขั้นพื้นฐาน,สพป.เชียงใหม่ เขต 5,3,5.38,7.61,0.00,0.00,26.16,9.25,33.33,47.14,31.80,22.49
2565,699,บ้านวังกอง,ฮอด,เล็ก,นอกเมือง,สำนักงานคณะกรรมการการศึกษาขั้นพื้นฐาน,สพป.เชียงใหม่ เขต 5,4,8.07,13.99,50.00,50.00,19.62,13.88,75.00,43.30,26.15,26.15
2565,700,บ้านวังลุง,ฮอด,เล็ก,นอกเมือง,สำนักงานคณะกรรมการการศึกษาขั้นพื้นฐาน,สพป.เชียงใหม่ เขต 5,7,13.84,10.32,57.14,49.49,16.82,12.54,28.57,45.18,13.63,21.55
2565,701,บ้านหางดง,ฮอด,เล็ก,นอกเมือง,สำนักงานคณะกรรมการการศึกษาขั้นพื้นฐาน,สพป.เชียงใหม่ เขต 5,7,25.60,21.31,71.43,45.18,22.43,16.35,71.43,45.18,0.00,0.00
2565,702,ฟ้าใส,ฮอด,เล็ก,นอกเมือง,สำนักงานคณะกรรมการส่งเสริมการศึกษาเอกชน,-,6,35.25,17.68,50.00,50.00,35.97,17.61,33.33,47.14,24.62,24.67
2565,703,แม่โถวิทยาคม,ฮอด,กลาง,นอกเมือง,สำนักงานคณะกรรมการการศึกษาขั้นพื้นฐาน,สพป.เชียงใหม่ เขต 5,40,13.73,12.27,17.50,38.00,21.58,17.44,30.00,45.83,9.89,19.80